# zs 0.5
# kappathr 3.7940370054e-05
# NhfNFW 1.0002088057e+02
# Nz 100 NM 100
# columns: W zl M dNh rmax_kpc
W 1.0722780476e-02 1.2618568831e+07 4.2078131741e-05 6.4501573980e-01
W 1.0722780476e-02 1.5922827933e+07 4.4565730709e-05 7.3818303930e-01
W 1.0722780476e-02 2.0092330026e+07 4.5953128548e-05 8.3348624582e-01
W 1.0722780476e-02 2.5353644940e+07 4.7393427226e-05 9.4109358382e-01
W 1.0722780476e-02 3.1992671378e+07 4.8888968227e-05 1.0625935796e+00
W 1.0722780476e-02 4.0370172586e+07 5.1821840557e-05 1.2160766160e+00
W 1.0722780476e-02 5.0941380148e+07 5.3479484435e-05 1.3730783280e+00
W 1.0722780476e-02 6.4280731173e+07 5.5201822100e-05 1.5503497641e+00
W 1.0722780476e-02 8.1113083079e+07 5.6991761322e-05 1.7505078494e+00
W 1.0722780476e-02 1.0235310219e+08 6.0462005730e-05 2.0033545305e+00
W 1.0722780476e-02 1.2915496650e+08 6.2449343570e-05 2.2619978484e+00
W 1.0722780476e-02 1.6297508346e+08 6.4515985090e-05 2.5540333419e+00
W 1.0722780476e-02 2.0565123083e+08 6.6665533881e-05 2.8837721114e+00
W 1.0722780476e-02 2.5950242114e+08 7.0786285258e-05 3.3003096366e+00
W 1.0722780476e-02 3.2745491629e+08 7.3176804516e-05 3.7263964933e+00
W 1.0722780476e-02 4.1320124001e+08 7.5664698463e-05 4.2074933428e+00
W 1.0722780476e-02 5.2140082880e+08 7.8254420145e-05 4.7507022567e+00
W 1.0722780476e-02 6.5793322466e+08 8.3164680634e-05 5.4369027208e+00
W 1.0722780476e-02 8.3021756813e+08 8.6049005767e-05 6.1388346743e+00
W 1.0722780476e-02 1.0476157528e+09 8.9052923196e-05 6.9313896337e+00
W 1.0722780476e-02 1.3219411485e+09 9.2181859870e-05 7.8262674927e+00
W 1.0722780476e-02 1.6681005372e+09 9.8051868880e-05 8.9567084455e+00
W 1.0722780476e-02 2.1049041445e+09 1.0154091386e-04 1.0113065324e+01
W 1.0722780476e-02 2.6560877829e+09 1.0517650534e-04 1.1418713790e+01
W 1.0722780476e-02 3.3516026509e+09 1.0896513299e-04 1.2892928152e+01
W 1.0722780476e-02 4.2292428744e+09 1.1600176963e-04 1.4755207201e+01
W 1.0722780476e-02 5.3366992312e+09 1.2022934199e-04 1.6660179931e+01
W 1.0722780476e-02 6.7341506578e+09 1.2463542783e-04 1.8811094384e+01
W 1.0722780476e-02 8.4975343591e+09 1.2922750937e-04 2.1239702897e+01
W 1.0722780476e-02 1.0722672220e+10 1.3401322162e-04 2.3981857192e+01
W 1.0722780476e-02 1.3530477746e+10 1.4280207667e-04 2.7445842229e+01
W 1.0722780476e-02 1.7073526475e+10 1.4814049992e-04 3.0989240860e+01
W 1.0722780476e-02 2.1544346900e+10 1.5370191793e-04 3.4990110379e+01
W 1.0722780476e-02 2.7185882427e+10 1.5949435356e-04 3.9507512620e+01
W 1.0722780476e-02 3.4304692863e+10 1.7005295032e-04 4.5214052838e+01
W 1.0722780476e-02 4.3287612811e+10 1.7650258222e-04 5.1051418350e+01
W 1.0722780476e-02 5.4622772177e+10 1.8321304373e-04 5.7642417611e+01
W 1.0722780476e-02 6.8926121044e+10 1.9019135196e-04 6.5084348593e+01
W 1.0722780476e-02 8.6974900262e+10 2.0284407023e-04 7.4485255616e+01
W 1.0722780476e-02 1.0974987655e+11 2.1058212009e-04 8.4101683142e+01
W 1.0722780476e-02 1.3848863714e+11 2.1861177256e-04 9.4959640655e+01
W 1.0722780476e-02 1.7475284000e+11 2.2693587773e-04 1.0721941603e+02
W 1.0722780476e-02 2.2051307399e+11 2.4199805842e-04 1.2270639228e+02
W 1.0722780476e-02 2.7825594022e+11 2.5115555420e-04 1.3854841522e+02
W 1.0722780476e-02 3.5111917342e+11 2.6061099351e-04 1.5643572437e+02
W 1.0722780476e-02 4.4306214576e+11 2.7035662981e-04 1.7663237663e+02
W 1.0722780476e-02 5.5908101825e+11 2.8038049023e-04 1.9943652001e+02
W 1.0722780476e-02 7.0548023107e+11 2.9861546931e-04 2.2824351004e+02
W 1.0722780476e-02 8.9021508545e+11 3.0942647319e-04 2.5771091476e+02
W 1.0722780476e-02 1.1233240330e+12 3.2045109265e-04 2.9098271217e+02
W 1.0722780476e-02 1.4174741629e+12 3.3164963669e-04 3.2855006882e+02
W 1.0722780476e-02 1.7886495291e+12 3.5235280316e-04 3.7600646527e+02
W 1.0722780476e-02 2.2570197196e+12 3.6404914274e-04 4.2455082339e+02
W 1.0722780476e-02 2.8480358684e+12 3.7573195004e-04 4.7936250646e+02
W 1.0722780476e-02 3.5938136638e+12 3.9790045724e-04 5.4860253806e+02
W 1.0722780476e-02 4.5348785081e+12 4.0956629055e-04 6.1942993208e+02
W 1.0722780476e-02 5.7223676594e+12 4.2086842714e-04 6.9940150499e+02
W 1.0722780476e-02 7.2208090184e+12 4.3164470488e-04 7.8969781705e+02
W 1.0722780476e-02 9.1116275612e+12 4.5378664213e-04 9.0376327080e+02
W 1.0722780476e-02 1.1497569954e+13 4.6316253206e-04 1.0204437322e+03
W 1.0722780476e-02 1.4508287785e+13 4.7131995552e-04 1.1521882381e+03
W 1.0722780476e-02 1.8307382803e+13 4.7796635495e-04 1.3009416336e+03
W 1.0722780476e-02 2.3101297001e+13 4.9597894640e-04 1.4888521160e+03
W 1.0722780476e-02 2.9150530628e+13 4.9866084241e-04 1.6810705404e+03
W 1.0722780476e-02 3.6783797718e+13 4.9868619341e-04 1.8981053466e+03
W 1.0722780476e-02 4.6415888336e+13 5.0919195827e-04 2.1722712908e+03
W 1.0722780476e-02 5.8570208181e+13 5.0246099953e-04 2.4527226266e+03
W 1.0722780476e-02 7.3907220335e+13 4.9170885602e-04 2.7693816645e+03
W 1.0722780476e-02 9.3260334688e+13 4.8958797550e-04 3.1693964161e+03
W 1.0722780476e-02 1.1768119524e+14 4.6918509167e-04 3.5785817064e+03
W 1.0722780476e-02 1.4849682623e+14 4.4376865900e-04 4.0405949108e+03
W 1.0722780476e-02 1.8738174229e+14 4.2464995078e-04 4.6242261201e+03
W 1.0722780476e-02 2.3644894126e+14 3.8850830635e-04 5.2212373672e+03
W 1.0722780476e-02 2.9836472403e+14 3.4805213958e-04 5.8953258204e+03
W 1.0722780476e-02 3.7649358068e+14 3.1253366480e-04 6.7468578877e+03
W 1.0722780476e-02 4.7508101621e+14 2.6535870737e-04 7.6179117543e+03
W 1.0722780476e-02 5.9948425032e+14 2.1771928866e-04 8.6014231310e+03
W 1.0722780476e-02 7.5646332755e+14 1.7623443396e-04 9.8438290376e+03
W 1.0722780476e-02 9.5454845666e+14 1.3237708624e-04 1.1114717722e+04
W 1.0722780476e-02 1.2045035403e+15 9.3970610639e-05 1.2549684637e+04
W 1.0722780476e-02 1.5199110830e+15 6.4051344414e-05 1.4362384940e+04
W 1.0722780476e-02 1.9179102617e+15 3.9165230422e-05 1.6216642306e+04
W 1.0722780476e-02 2.4201282648e+15 2.1713073179e-05 1.8310293784e+04
W 1.0722780476e-02 3.0538555088e+15 1.1011467472e-05 2.0955067422e+04
W 1.0722780476e-02 3.8535285937e+15 4.7388702217e-06 2.3660473821e+04
W 1.0722780476e-02 4.8626015801e+15 1.7767415685e-06 2.7078037634e+04
W 1.0722780476e-02 6.1359072734e+15 5.2908051404e-07 3.0573950809e+04
W 1.0722780476e-02 7.7426368268e+15 1.2205599663e-07 3.4521204259e+04
W 1.0722780476e-02 9.7700995730e+15 2.1000818002e-08 3.9507512620e+04
W 1.0722780476e-02 1.2328467394e+16 2.3660251809e-09 4.4608134598e+04
W 1.0722780476e-02 1.5556761439e+16 1.6904897267e-10 5.1051418350e+04
W 1.0722780476e-02 1.9630406500e+16 6.5899637315e-12 5.7642417611e+04
W 1.0722780476e-02 2.4770763560e+16 1.2885853385e-13 6.5084348593e+04
W 1.0722780476e-02 3.1257158497e+16 1.1361123805e-15 7.4485255616e+04
W 1.0722780476e-02 3.9442060594e+16 3.6190362770e-18 8.4101683142e+04
W 1.0722780476e-02 4.9770235643e+16 3.5404826312e-21 9.6249490116e+04
W 1.0722780476e-02 6.2802914418e+16 7.5911846868e-25 1.0867579165e+05
W 1.0722780476e-02 7.9248289835e+16 2.5946823744e-29 1.2437312957e+05
W 1.0722780476e-02 1.0000000000e+17 8.2190830244e-35 1.4043033682e+05
W 1.1497802114e-02 1.2618568831e+07 4.8990964843e-05 6.7165837980e-01
W 1.1497802114e-02 1.5922827933e+07 5.1887232017e-05 7.6867399286e-01
W 1.1497802114e-02 2.0092330026e+07 5.3502549098e-05 8.6791373747e-01
W 1.1497802114e-02 2.5353644940e+07 5.5179455935e-05 9.7996584076e-01
W 1.1497802114e-02 3.1992671378e+07 5.6920678432e-05 1.1064844438e+00
W 1.1497802114e-02 4.0370172586e+07 6.0335360989e-05 1.2663071600e+00
W 1.1497802114e-02 5.0941380148e+07 6.2265311747e-05 1.4297938922e+00
W 1.1497802114e-02 6.4280731173e+07 6.4270581326e-05 1.6143875977e+00
W 1.1497802114e-02 8.1113083079e+07 6.6354554790e-05 1.8228132949e+00
W 1.1497802114e-02 1.0235310219e+08 7.0394874826e-05 2.0861039120e+00
W 1.1497802114e-02 1.2915496650e+08 7.2708666980e-05 2.3554305985e+00
W 1.1497802114e-02 1.6297508346e+08 7.5114785935e-05 2.6595287378e+00
W 1.1497802114e-02 2.0565123083e+08 7.7617426634e-05 3.0028875026e+00
W 1.1497802114e-02 2.5950242114e+08 8.2415093820e-05 3.4366302814e+00
W 1.1497802114e-02 3.2745491629e+08 8.5198276920e-05 3.8803168307e+00
W 1.1497802114e-02 4.1320124001e+08 8.8094823198e-05 4.3812855831e+00
W 1.1497802114e-02 5.2140082880e+08 9.1109916178e-05 4.9469319642e+00
W 1.1497802114e-02 6.5793322466e+08 9.4248967926e-05 5.5856061867e+00
W 1.1497802114e-02 8.3021756813e+08 1.0018481866e-04 6.3924017614e+00
W 1.1497802114e-02 1.0476157528e+09 1.0368211290e-04 7.2176935289e+00
W 1.1497802114e-02 1.3219411485e+09 1.0732494902e-04 8.1495346853e+00
W 1.1497802114e-02 1.6681005372e+09 1.1111990967e-04 9.2016813019e+00
W 1.1497802114e-02 2.1049041445e+09 1.1822118596e-04 1.0530789640e+01
W 1.1497802114e-02 2.6560877829e+09 1.2245384560e-04 1.1890368452e+01
W 1.1497802114e-02 3.3516026509e+09 1.2686465635e-04 1.3425475844e+01
W 1.1497802114e-02 4.2292428744e+09 1.3146141777e-04 1.5158773453e+01
W 1.1497802114e-02 5.3366992312e+09 1.3997878421e-04 1.7348335504e+01
W 1.1497802114e-02 6.7341506578e+09 1.4510838138e-04 1.9588094363e+01
W 1.1497802114e-02 8.4975343591e+09 1.5045448653e-04 2.2117017547e+01
W 1.1497802114e-02 1.0722672220e+10 1.5602598336e-04 2.4972437651e+01
W 1.1497802114e-02 1.3530477746e+10 1.6183188505e-04 2.8196507098e+01
W 1.1497802114e-02 1.7073526475e+10 1.7247298711e-04 3.2269264179e+01
W 1.1497802114e-02 2.1544346900e+10 1.7894741911e-04 3.6435391257e+01
W 1.1497802114e-02 2.7185882427e+10 1.8569073892e-04 4.1139386652e+01
W 1.1497802114e-02 3.4304692863e+10 1.9271212049e-04 4.6450691916e+01
W 1.1497802114e-02 4.3287612811e+10 2.0549120500e-04 5.3160118149e+01
W 1.1497802114e-02 5.4622772177e+10 2.1330302301e-04 6.0023361341e+01
W 1.1497802114e-02 6.8926121044e+10 2.2142655322e-04 6.7772684338e+01
W 1.1497802114e-02 8.6974900262e+10 2.2986913944e-04 7.6522484575e+01
W 1.1497802114e-02 1.0974987655e+11 2.3863704319e-04 8.6401928782e+01
W 1.1497802114e-02 1.3848863714e+11 2.5451096700e-04 9.8881987607e+01
W 1.1497802114e-02 1.7475284000e+11 2.6420058110e-04 1.1164815803e+02
W 1.1497802114e-02 2.2051307399e+11 2.7423392729e-04 1.2606250637e+02
W 1.1497802114e-02 2.7825594022e+11 2.8460944381e-04 1.4233782081e+02
W 1.1497802114e-02 3.5111917342e+11 3.0339957682e-04 1.6289736620e+02
W 1.1497802114e-02 4.4306214576e+11 3.1474291161e-04 1.8392824948e+02
W 1.1497802114e-02 5.5908101825e+11 3.2640974666e-04 2.0767432736e+02
W 1.1497802114e-02 7.0548023107e+11 3.3838019833e-04 2.3448614538e+02
W 1.1497802114e-02 8.9021508545e+11 3.6021728617e-04 2.6835576992e+02
W 1.1497802114e-02 1.1233240330e+12 3.7304749457e-04 3.0300187259e+02
W 1.1497802114e-02 1.4174741629e+12 3.8607949419e-04 3.4212096433e+02
W 1.1497802114e-02 1.7886495291e+12 3.9925515428e-04 3.8629053094e+02
W 1.1497802114e-02 2.2570197196e+12 4.2378477615e-04 4.4208706948e+02
W 1.1497802114e-02 2.8480358684e+12 4.3737770173e-04 4.9916277164e+02
W 1.1497802114e-02 3.5938136638e+12 4.5084440907e-04 5.6360723890e+02
W 1.1497802114e-02 4.5348785081e+12 4.6405363566e-04 6.3637181656e+02
W 1.1497802114e-02 5.7223676594e+12 4.8989154361e-04 7.2829057136e+02
W 1.1497802114e-02 7.2208090184e+12 5.0242348227e-04 8.2231660967e+02
W 1.1497802114e-02 9.1116275612e+12 5.1412096428e-04 9.2848189051e+02
W 1.1497802114e-02 1.1497569954e+13 5.3908024306e-04 1.0625935796e+03
W 1.1497802114e-02 1.4508287785e+13 5.4855743890e-04 1.1997798464e+03
W 1.1497802114e-02 1.8307382803e+13 5.5627348982e-04 1.3546775620e+03
W 1.1497802114e-02 2.3101297001e+13 5.6184763296e-04 1.5295733651e+03
W 1.1497802114e-02 2.9150530628e+13 5.8031046069e-04 1.7505078494e+03
W 1.1497802114e-02 3.6783797718e+13 5.8031169503e-04 1.9765073674e+03
W 1.1497802114e-02 4.6415888336e+13 5.7673071314e-04 2.2316845792e+03
W 1.1497802114e-02 5.8570208181e+13 5.8463670840e-04 2.5540333419e+03
W 1.1497802114e-02 7.3907220335e+13 5.7208673946e-04 2.8837721114e+03
W 1.1497802114e-02 9.3260334688e+13 5.5441144712e-04 3.2560818428e+03
W 1.1497802114e-02 1.1768119524e+14 5.3126064708e-04 3.6764586650e+03
W 1.1497802114e-02 1.4849682623e+14 5.1617362237e-04 4.2074933428e+03
W 1.1497802114e-02 1.8738174229e+14 4.8073164166e-04 4.7507022567e+03
W 1.1497802114e-02 2.3644894126e+14 4.3976071960e-04 5.3640422201e+03
W 1.1497802114e-02 2.9836472403e+14 4.0468386860e-04 6.1388346743e+03
W 1.1497802114e-02 3.7649358068e+14 3.5365294467e-04 6.9313896337e+03
W 1.1497802114e-02 4.7508101621e+14 3.0021394369e-04 7.8262674927e+03
W 1.1497802114e-02 5.9948425032e+14 2.5299841593e-04 8.9567084455e+03
W 1.1497802114e-02 7.5646332755e+14 1.9928883252e-04 1.0113065324e+04
W 1.1497802114e-02 9.5454845666e+14 1.4965040166e-04 1.1418713790e+04
W 1.1497802114e-02 1.2045035403e+15 1.0910091835e-04 1.3068054514e+04
W 1.1497802114e-02 1.5199110830e+15 7.2355941221e-05 1.4755207201e+04
W 1.1497802114e-02 1.9179102617e+15 4.5432319138e-05 1.6886477376e+04
W 1.1497802114e-02 2.4201282648e+15 2.5173919083e-05 1.9066607988e+04
W 1.1497802114e-02 3.0538555088e+15 1.2418831768e-05 2.1528204613e+04
W 1.1497802114e-02 3.8535285937e+15 5.4866267174e-06 2.4637779409e+04
W 1.1497802114e-02 4.8626015801e+15 2.0005692510e-06 2.7818642764e+04
W 1.1497802114e-02 6.1359072734e+15 5.9510822988e-07 3.1410171850e+04
W 1.1497802114e-02 7.7426368268e+15 1.4086612278e-07 3.5947116777e+04
W 1.1497802114e-02 9.7700995730e+15 2.3556311143e-08 4.0588073439e+04
W 1.1497802114e-02 1.2328467394e+16 2.7215349855e-09 4.6450691916e+04
W 1.1497802114e-02 1.5556761439e+16 1.8885403514e-10 5.2447713859e+04
W 1.1497802114e-02 1.9630406500e+16 7.5431601261e-12 6.0023361341e+04
W 1.1497802114e-02 2.4770763560e+16 1.4702201506e-13 6.7772684338e+04
W 1.1497802114e-02 3.1257158497e+16 1.2568535877e-15 7.6522484575e+04
W 1.1497802114e-02 3.9442060594e+16 4.0939559652e-18 8.7575537700e+04
W 1.1497802114e-02 4.9770235643e+16 3.8765129440e-21 9.8881987607e+04
W 1.1497802114e-02 6.2802914418e+16 8.4807551948e-25 1.1316468985e+05
W 1.1497802114e-02 7.9248289835e+16 2.7981324944e-29 1.2777483020e+05
W 1.1497802114e-02 1.0000000000e+17 9.0133139927e-35 1.4623086955e+05
W 1.2328840803e-02 1.2618568831e+07 5.7045043896e-05 6.9940150499e-01
W 1.2328840803e-02 1.5922827933e+07 6.0417444517e-05 8.0042438779e-01
W 1.2328840803e-02 2.0092330026e+07 6.2298305645e-05 9.0376327080e-01
W 1.2328840803e-02 2.5353644940e+07 6.4250879422e-05 1.0204437322e+00
W 1.2328840803e-02 3.1992671378e+07 6.6278339574e-05 1.1521882381e+00
W 1.2328840803e-02 4.0370172586e+07 7.0254370179e-05 1.3186124973e+00
W 1.2328840803e-02 5.0941380148e+07 7.2501578137e-05 1.4888521160e+00
W 1.2328840803e-02 6.4280731173e+07 7.4836483241e-05 1.6810705404e+00
W 1.2328840803e-02 8.1113083079e+07 7.7263026542e-05 1.8981053466e+00
W 1.2328840803e-02 1.0235310219e+08 7.9785337296e-05 2.1431604565e+00
W 1.2328840803e-02 1.2915496650e+08 8.4661659460e-05 2.4527226266e+00
W 1.2328840803e-02 1.6297508346e+08 8.7463289949e-05 2.7693816645e+00
W 1.2328840803e-02 2.0565123083e+08 9.0377302781e-05 3.1269230040e+00
W 1.2328840803e-02 2.5950242114e+08 9.3408819317e-05 3.5306247595e+00
W 1.2328840803e-02 3.2745491629e+08 9.9204278403e-05 4.0405949108e+00
W 1.2328840803e-02 4.1320124001e+08 1.0257692355e-04 4.5622563833e+00
W 1.2328840803e-02 5.2140082880e+08 1.0608759206e-04 5.1512670205e+00
W 1.2328840803e-02 6.5793322466e+08 1.0974258419e-04 5.8163219439e+00
W 1.2328840803e-02 8.3021756813e+08 1.1665412466e-04 6.6564425412e+00
W 1.2328840803e-02 1.0476157528e+09 1.2072621680e-04 7.5158233240e+00
W 1.2328840803e-02 1.3219411485e+09 1.2496775754e-04 8.4861545621e+00
W 1.2328840803e-02 1.6681005372e+09 1.2938640915e-04 9.5817605267e+00
W 1.2328840803e-02 2.1049041445e+09 1.3399012572e-04 1.0818814826e+01
W 1.2328840803e-02 2.6560877829e+09 1.4258310513e-04 1.2381505004e+01
W 1.2328840803e-02 3.3516026509e+09 1.4771875730e-04 1.3980020637e+01
W 1.2328840803e-02 4.2292428744e+09 1.5307089269e-04 1.5784912815e+01
W 1.2328840803e-02 5.3366992312e+09 1.5864888290e-04 1.7822825807e+01
W 1.2328840803e-02 6.7341506578e+09 1.6896051915e-04 2.0397188644e+01
W 1.2328840803e-02 8.4975343591e+09 1.7518503311e-04 2.3030570039e+01
W 1.2328840803e-02 1.0722672220e+10 1.8167193079e-04 2.6003934443e+01
W 1.2328840803e-02 1.3530477746e+10 1.8843169918e-04 2.9361175402e+01
W 1.2328840803e-02 1.7073526475e+10 1.9547494037e-04 3.3151853343e+01
W 1.2328840803e-02 2.1544346900e+10 2.0835934497e-04 3.7940370054e+01
W 1.2328840803e-02 2.7185882427e+10 2.1621034919e-04 4.2838665911e+01
W 1.2328840803e-02 3.4304692863e+10 2.2438501169e-04 4.8369356820e+01
W 1.2328840803e-02 4.3287612811e+10 2.3289371218e-04 5.4614088217e+01
W 1.2328840803e-02 5.4622772177e+10 2.4835826417e-04 6.2502650930e+01
W 1.2328840803e-02 6.8926121044e+10 2.5781577932e-04 7.0572062895e+01
W 1.2328840803e-02 8.6974900262e+10 2.6764460844e-04 7.9683277224e+01
W 1.2328840803e-02 1.0974987655e+11 2.7785201726e-04 8.9970795930e+01
W 1.2328840803e-02 1.3848863714e+11 2.8844374585e-04 1.0158648593e+02
W 1.2328840803e-02 1.7475284000e+11 3.0761295588e-04 1.1625983105e+02
W 1.2328840803e-02 2.2051307399e+11 3.1929292429e-04 1.3126956996e+02
W 1.2328840803e-02 2.7825594022e+11 3.3137094882e-04 1.4821714295e+02
W 1.2328840803e-02 3.5111917342e+11 3.4384134073e-04 1.6735273430e+02
W 1.2328840803e-02 4.4306214576e+11 3.6644962456e-04 1.9152548135e+02
W 1.2328840803e-02 5.5908101825e+11 3.8002972712e-04 2.1625240073e+02
W 1.2328840803e-02 7.0548023107e+11 3.9396275289e-04 2.4417169190e+02
W 1.2328840803e-02 8.9021508545e+11 4.0821729465e-04 2.7569550638e+02
W 1.2328840803e-02 1.1233240330e+12 4.3431484062e-04 3.1551748936e+02
W 1.2328840803e-02 1.4174741629e+12 4.4948141260e-04 3.5625241125e+02
W 1.2328840803e-02 1.7886495291e+12 4.6481427561e-04 4.0224641994e+02
W 1.2328840803e-02 2.2570197196e+12 4.8022952678e-04 4.5417849044e+02
W 1.2328840803e-02 2.8480358684e+12 5.0918027041e-04 5.1978089490e+02
W 1.2328840803e-02 3.5938136638e+12 5.2484800892e-04 5.8688726735e+02
W 1.2328840803e-02 4.5348785081e+12 5.4021440635e-04 6.6265741577e+02
W 1.2328840803e-02 5.7223676594e+12 5.5509763285e-04 7.4820987794e+02
W 1.2328840803e-02 7.2208090184e+12 5.8485376025e-04 8.5628273491e+02
W 1.2328840803e-02 9.1116275612e+12 5.9845389127e-04 9.6683321627e+02
W 1.2328840803e-02 1.1497569954e+13 6.1078277312e-04 1.0916563303e+03
W 1.2328840803e-02 1.4508287785e+13 6.2149945194e-04 1.2325947469e+03
W 1.2328840803e-02 1.8307382803e+13 6.4745470389e-04 1.4106330750e+03
W 1.2328840803e-02 2.3101297001e+13 6.5391509550e-04 1.5927530210e+03
W 1.2328840803e-02 2.9150530628e+13 6.5739157691e-04 1.7983855837e+03
W 1.2328840803e-02 3.6783797718e+13 6.7533786528e-04 2.0581478158e+03
W 1.2328840803e-02 4.6415888336e+13 6.7113120640e-04 2.3238652272e+03
W 1.2328840803e-02 5.8570208181e+13 6.6217558076e-04 2.6238881157e+03
W 1.2328840803e-02 7.3907220335e+13 6.4791330188e-04 2.9626454939e+03
W 1.2328840803e-02 9.3260334688e+13 6.4501501860e-04 3.3905756404e+03
W 1.2328840803e-02 1.1768119524e+14 6.1802279118e-04 3.8283162999e+03
W 1.2328840803e-02 1.4849682623e+14 5.8442357963e-04 4.3225715179e+03
W 1.2328840803e-02 1.8738174229e+14 5.5911481113e-04 4.9469319642e+03
W 1.2328840803e-02 2.3644894126e+14 5.1139342884e-04 5.5856061867e+03
W 1.2328840803e-02 2.9836472403e+14 4.5800256778e-04 6.3067365184e+03
W 1.2328840803e-02 3.7649358068e+14 4.1112167440e-04 7.2176935289e+03
W 1.2328840803e-02 4.7508101621e+14 3.4892726410e-04 8.1495346853e+03
W 1.2328840803e-02 5.9948425032e+14 2.8615459428e-04 9.2016813019e+03
W 1.2328840803e-02 7.5646332755e+14 2.3150832347e-04 1.0530789640e+04
W 1.2328840803e-02 9.5454845666e+14 1.7379011602e-04 1.1890368452e+04
W 1.2328840803e-02 1.2045035403e+15 1.2328168240e-04 1.3425475844e+04
W 1.2328840803e-02 1.5199110830e+15 8.3961237102e-05 1.5364677094e+04
W 1.2328840803e-02 1.9179102617e+15 5.1290341457e-05 1.7348335504e+04
W 1.2328840803e-02 2.4201282648e+15 2.9180205696e-05 1.9854162060e+04
W 1.2328840803e-02 3.0538555088e+15 1.4385428695e-05 2.2417435945e+04
W 1.2328840803e-02 3.8535285937e+15 6.1813205513e-06 2.5311641602e+04
W 1.2328840803e-02 4.8626015801e+15 2.3133299553e-06 2.8967703227e+04
W 1.2328840803e-02 6.1359072734e+15 6.8737129680e-07 3.2707581897e+04
W 1.2328840803e-02 7.7426368268e+15 1.5816037821e-07 3.6930298034e+04
W 1.2328840803e-02 9.7700995730e+15 2.7127592980e-08 4.2264580479e+04
W 1.2328840803e-02 1.2328467394e+16 3.0447069358e-09 4.7721154022e+04
W 1.2328840803e-02 1.5556761439e+16 2.1654286422e-10 5.4614088217e+04
W 1.2328840803e-02 1.9630406500e+16 8.3946901837e-12 6.1665046383e+04
W 1.2328840803e-02 2.4770763560e+16 1.6751298314e-13 7.0572062895e+04
W 1.2328840803e-02 3.1257158497e+16 1.4260668453e-15 7.9683277224e+04
W 1.2328840803e-02 3.9442060594e+16 4.4988188176e-18 8.9970795930e+04
W 1.2328840803e-02 4.9770235643e+16 4.3499325827e-21 1.0296634871e+05
W 1.2328840803e-02 6.2802914418e+16 9.1953075056e-25 1.1625983105e+05
W 1.2328840803e-02 7.9248289835e+16 3.0890906759e-29 1.3305262203e+05
W 1.2328840803e-02 1.0000000000e+17 9.5798854489e-35 1.5023039616e+05
W 1.3219945346e-02 1.2618568831e+07 6.6430143192e-05 7.2829057136e-01
W 1.3219945346e-02 1.5922827933e+07 6.8484263332e-05 8.2231660967e-01
W 1.3219945346e-02 2.0092330026e+07 7.2547646377e-05 9.4109358382e-01
W 1.3219945346e-02 2.5353644940e+07 7.4821440063e-05 1.0625935796e+00
W 1.3219945346e-02 3.1992671378e+07 7.7182437074e-05 1.1997798464e+00
W 1.3219945346e-02 4.0370172586e+07 7.9634513358e-05 1.3546775620e+00
W 1.3219945346e-02 5.0941380148e+07 8.4429467323e-05 1.5503497641e+00
W 1.3219945346e-02 6.4280731173e+07 8.7148476280e-05 1.7505078494e+00
W 1.3219945346e-02 8.1113083079e+07 8.9974194139e-05 1.9765073674e+00
W 1.3219945346e-02 1.0235310219e+08 9.2911428785e-05 2.2316845792e+00
W 1.3219945346e-02 1.2915496650e+08 9.8589942939e-05 2.5540333419e+00
W 1.3219945346e-02 1.6297508346e+08 1.0185243415e-04 2.8837721114e+00
W 1.3219945346e-02 2.0565123083e+08 1.0524578755e-04 3.2560818428e+00
W 1.3219945346e-02 2.5950242114e+08 1.0877596591e-04 3.6764586650e+00
W 1.3219945346e-02 3.2745491629e+08 1.1244921105e-04 4.1511082855e+00
W 1.3219945346e-02 4.1320124001e+08 1.1945218482e-04 4.7507022567e+00
W 1.3219945346e-02 5.2140082880e+08 1.2354030193e-04 5.3640422201e+00
W 1.3219945346e-02 6.5793322466e+08 1.2779646955e-04 6.0565675103e+00
W 1.3219945346e-02 8.3021756813e+08 1.3222835551e-04 6.8385013580e+00
W 1.3219945346e-02 1.0476157528e+09 1.4058674529e-04 7.8262674927e+00
W 1.3219945346e-02 1.3219411485e+09 1.4552588902e-04 8.8366786611e+00
W 1.3219945346e-02 1.6681005372e+09 1.5067125353e-04 9.9775390799e+00
W 1.3219945346e-02 2.1049041445e+09 1.5603209795e-04 1.1265690415e+01
W 1.3219945346e-02 2.6560877829e+09 1.6161803974e-04 1.2720148677e+01
W 1.3219945346e-02 3.3516026509e+09 1.7201862528e-04 1.4557471130e+01
W 1.3219945346e-02 4.2292428744e+09 1.7825088549e-04 1.6436915121e+01
W 1.3219945346e-02 5.3366992312e+09 1.8474610541e-04 1.8559004946e+01
W 1.3219945346e-02 6.7341506578e+09 1.9151548066e-04 2.0955067422e+01
W 1.3219945346e-02 8.4975343591e+09 1.9857048807e-04 2.3660473821e+01
W 1.3219945346e-02 1.0722672220e+10 2.1155498427e-04 2.7078037634e+01
W 1.3219945346e-02 1.3530477746e+10 2.1942610104e-04 3.0573950809e+01
W 1.3219945346e-02 1.7073526475e+10 2.2762722895e-04 3.4521204259e+01
W 1.3219945346e-02 2.1544346900e+10 2.3617072154e-04 3.8978068320e+01
W 1.3219945346e-02 2.7185882427e+10 2.5177168933e-04 4.4608134598e+01
W 1.3219945346e-02 3.4304692863e+10 2.6128996747e-04 5.0367272966e+01
W 1.3219945346e-02 4.3287612811e+10 2.7119707523e-04 5.6869945558e+01
W 1.3219945346e-02 5.4622772177e+10 2.8150448064e-04 6.4212146446e+01
W 1.3219945346e-02 6.8926121044e+10 2.9222289982e-04 7.2502263027e+01
W 1.3219945346e-02 8.6974900262e+10 3.1165915634e-04 8.2974627711e+01
W 1.3219945346e-02 1.0974987655e+11 3.2354348128e-04 9.3687076602e+01
W 1.3219945346e-02 1.3848863714e+11 3.3587504438e-04 1.0578255744e+02
W 1.3219945346e-02 1.7475284000e+11 3.4865811329e-04 1.1943962674e+02
W 1.3219945346e-02 2.2051307399e+11 3.7179218095e-04 1.3669171345e+02
W 1.3219945346e-02 2.7825594022e+11 3.8585326757e-04 1.5433931290e+02
W 1.3219945346e-02 3.5111917342e+11 4.0037075704e-04 1.7426530772e+02
W 1.3219945346e-02 4.4306214576e+11 4.1533256064e-04 1.9676385039e+02
W 1.3219945346e-02 5.5908101825e+11 4.3072007292e-04 2.2216707001e+02
W 1.3219945346e-02 7.0548023107e+11 4.5871919720e-04 2.5425730390e+02
W 1.3219945346e-02 8.9021508545e+11 4.7531135480e-04 2.8708322248e+02
W 1.3219945346e-02 1.1233240330e+12 4.9222909207e-04 3.2414713507e+02
W 1.3219945346e-02 1.4174741629e+12 5.0941109227e-04 3.6599618837e+02
W 1.3219945346e-02 1.7886495291e+12 5.4118823396e-04 4.1886137350e+02
W 1.3219945346e-02 2.2570197196e+12 5.5912715855e-04 4.7293851949e+02
W 1.3219945346e-02 2.8480358684e+12 5.7704100870e-04 5.3399730166e+02
W 1.3219945346e-02 3.5938136638e+12 5.9478500097e-04 6.0293908495e+02
W 1.3219945346e-02 4.5348785081e+12 6.2892930159e-04 6.9002875244e+02
W 1.3219945346e-02 5.7223676594e+12 6.4624102088e-04 7.7911499420e+02
W 1.3219945346e-02 7.2208090184e+12 6.6273828785e-04 8.7970272549e+02
W 1.3219945346e-02 9.1116275612e+12 6.7812946306e-04 9.9327684744e+02
W 1.3219945346e-02 1.1497569954e+13 7.1100589967e-04 1.1367476433e+03
W 1.3219945346e-02 1.4508287785e+13 7.2345474475e-04 1.2835075790e+03
W 1.3219945346e-02 1.8307382803e+13 7.3357359776e-04 1.4492149732e+03
W 1.3219945346e-02 2.3101297001e+13 7.6112301656e-04 1.6585423386e+03
W 1.3219945346e-02 2.9150530628e+13 7.6513102341e-04 1.8726686388e+03
W 1.3219945346e-02 3.6783797718e+13 7.6504969933e-04 2.1144397396e+03
W 1.3219945346e-02 4.6415888336e+13 7.6023644836e-04 2.3874247263e+03
W 1.3219945346e-02 5.8570208181e+13 7.7055305249e-04 2.7322688918e+03
W 1.3219945346e-02 7.3907220335e+13 7.5389672554e-04 3.0850187826e+03
W 1.3219945346e-02 9.3260334688e+13 7.3047819156e-04 3.4833104887e+03
W 1.3219945346e-02 1.1768119524e+14 7.1898010881e-04 3.9864464768e+03
W 1.3219945346e-02 1.4849682623e+14 6.7981469501e-04 4.5011171095e+03
W 1.3219945346e-02 1.8738174229e+14 6.3297831207e-04 5.0822343536e+03
W 1.3219945346e-02 2.3644894126e+14 5.9469976343e-04 5.8163219439e+03
W 1.3219945346e-02 2.9836472403e+14 5.3252205816e-04 6.5672388601e+03
W 1.3219945346e-02 3.7649358068e+14 4.6519809443e-04 7.4151029914e+03
W 1.3219945346e-02 4.7508101621e+14 4.0553245158e-04 8.4861545621e+03
W 1.3219945346e-02 5.9948425032e+14 3.3249225260e-04 9.5817605267e+03
W 1.3219945346e-02 7.5646332755e+14 2.6175920730e-04 1.0818814826e+04
W 1.3219945346e-02 9.5454845666e+14 2.0180535575e-04 1.2381505004e+04
W 1.3219945346e-02 1.2045035403e+15 1.4309888209e-04 1.3980020637e+04
W 1.3219945346e-02 1.5199110830e+15 9.4820001424e-05 1.5784912815e+04
W 1.3219945346e-02 1.9179102617e+15 5.9476369661e-05 1.8064915626e+04
W 1.3219945346e-02 2.4201282648e+15 3.2916073668e-05 2.0397188644e+04
W 1.3219945346e-02 3.0538555088e+15 1.6215312197e-05 2.3030570039e+04
W 1.3219945346e-02 3.8535285937e+15 7.1520331315e-06 2.6357149352e+04
W 1.3219945346e-02 4.8626015801e+15 2.6027130566e-06 2.9759992163e+04
W 1.3219945346e-02 6.1359072734e+15 7.9355016118e-07 3.4058581998e+04
W 1.3219945346e-02 7.7426368268e+15 1.8232746376e-07 3.8455719160e+04
W 1.3219945346e-02 9.7700995730e+15 3.0387090061e-08 4.3420549222e+04
W 1.3219945346e-02 1.2328467394e+16 3.4964369096e-09 4.9692295885e+04
W 1.3219945346e-02 1.5556761439e+16 2.4143303778e-10 5.6107825483e+04
W 1.3219945346e-02 1.9630406500e+16 9.5859913366e-12 6.4212146446e+04
W 1.3219945346e-02 2.4770763560e+16 1.8550154729e-13 7.2502263027e+04
W 1.3219945346e-02 3.1257158497e+16 1.5721534266e-15 8.1862676067e+04
W 1.3219945346e-02 3.9442060594e+16 5.0679330055e-18 9.3687076602e+04
W 1.3219945346e-02 4.9770235643e+16 4.7388156592e-21 1.0578255744e+05
W 1.3219945346e-02 6.2802914418e+16 1.0210498532e-24 1.2106199111e+05
W 1.3219945346e-02 7.9248289835e+16 3.3068820291e-29 1.3669171345e+05
W 1.3219945346e-02 1.0000000000e+17 1.0412351861e-34 1.5643572437e+05
W 1.4175457186e-02 1.2618568831e+07 7.7367927469e-05 7.5837291248e-01
W 1.4175457186e-02 1.5922827933e+07 7.9760243914e-05 8.5628273491e-01
W 1.4175457186e-02 2.0092330026e+07 8.4492646007e-05 9.7996584076e-01
W 1.4175457186e-02 2.5353644940e+07 8.7140797870e-05 1.1064844438e+00
W 1.4175457186e-02 3.1992671378e+07 8.9890506887e-05 1.2493372457e+00
W 1.4175457186e-02 4.0370172586e+07 9.2746286630e-05 1.4106330750e+00
W 1.4175457186e-02 5.0941380148e+07 9.8330691158e-05 1.6143875977e+00
W 1.4175457186e-02 6.4280731173e+07 1.0149734146e-04 1.8228132949e+00
W 1.4175457186e-02 8.1113083079e+07 1.0478826326e-04 2.0581478158e+00
W 1.4175457186e-02 1.0235310219e+08 1.0820905517e-04 2.3238652272e+00
W 1.4175457186e-02 1.2915496650e+08 1.1176558628e-04 2.6238881157e+00
W 1.4175457186e-02 1.6297508346e+08 1.1862204180e-04 3.0028875026e+00
W 1.4175457186e-02 2.0565123083e+08 1.2257401971e-04 3.3905756404e+00
W 1.4175457186e-02 2.5950242114e+08 1.2668533772e-04 3.8283162999e+00
W 1.4175457186e-02 3.2745491629e+08 1.3096326372e-04 4.3225715179e+00
W 1.4175457186e-02 4.1320124001e+08 1.3911911848e-04 4.9469319642e+00
W 1.4175457186e-02 5.2140082880e+08 1.4388018569e-04 5.5856061867e+00
W 1.4175457186e-02 6.5793322466e+08 1.4883695138e-04 6.3067365184e+00
W 1.4175457186e-02 8.3021756813e+08 1.5399834318e-04 7.1209684648e+00
W 1.4175457186e-02 1.0476157528e+09 1.5937367306e-04 8.0403219206e+00
W 1.4175457186e-02 1.3219411485e+09 1.6948476985e-04 9.2016813019e+00
W 1.4175457186e-02 1.6681005372e+09 1.7547701380e-04 1.0389665429e+01
W 1.4175457186e-02 2.1049041445e+09 1.8172017647e-04 1.1731024384e+01
W 1.4175457186e-02 2.6560877829e+09 1.8822545383e-04 1.3245559641e+01
W 1.4175457186e-02 3.3516026509e+09 1.9500444018e-04 1.4955629148e+01
W 1.4175457186e-02 4.2292428744e+09 2.0759585229e-04 1.7115848650e+01
W 1.4175457186e-02 5.3366992312e+09 2.1515993320e-04 1.9325592266e+01
W 1.4175457186e-02 6.7341506578e+09 2.2304323481e-04 2.1820625087e+01
W 1.4175457186e-02 8.4975343591e+09 2.3125911417e-04 2.4637779409e+01
W 1.4175457186e-02 1.0722672220e+10 2.3982119734e-04 2.7818642764e+01
W 1.4175457186e-02 1.3530477746e+10 2.5554662598e-04 3.1836820402e+01
W 1.4175457186e-02 1.7073526475e+10 2.6509698480e-04 3.5947116777e+01
W 1.4175457186e-02 2.1544346900e+10 2.7504593953e-04 4.0588073439e+01
W 1.4175457186e-02 2.7185882427e+10 2.8540778440e-04 4.5828201346e+01
W 1.4175457186e-02 3.4304692863e+10 2.9619656496e-04 5.1744856573e+01
W 1.4175457186e-02 4.3287612811e+10 3.1583427553e-04 5.9218982013e+01
W 1.4175457186e-02 5.4622772177e+10 3.2783675725e-04 6.6864455523e+01
W 1.4175457186e-02 6.8926121044e+10 3.4031766426e-04 7.5496998774e+01
W 1.4175457186e-02 8.6974900262e+10 3.5328819061e-04 8.5244047518e+01
W 1.4175457186e-02 1.0974987655e+11 3.7678896334e-04 9.7556859773e+01
W 1.4175457186e-02 1.3848863714e+11 3.9114752110e-04 1.1015194942e+02
W 1.4175457186e-02 1.7475284000e+11 4.0603148759e-04 1.2437312957e+02
W 1.4175457186e-02 2.2051307399e+11 4.2144245008e-04 1.4043033682e+02
W 1.4175457186e-02 2.7825594022e+11 4.3737782997e-04 1.5856061167e+02
W 1.4175457186e-02 3.5111917342e+11 4.6624257783e-04 1.8146340781e+02
W 1.4175457186e-02 4.4306214576e+11 4.8366144803e-04 2.0489126203e+02
W 1.4175457186e-02 5.5908101825e+11 5.0157529907e-04 2.3134377207e+02
W 1.4175457186e-02 7.0548023107e+11 5.1995327748e-04 2.6121143648e+02
W 1.4175457186e-02 8.9021508545e+11 5.5348902680e-04 2.9894131287e+02
W 1.4175457186e-02 1.1233240330e+12 5.7318164317e-04 3.3753616559e+02
W 1.4175457186e-02 1.4174741629e+12 5.9318069129e-04 3.8111381122e+02
W 1.4175457186e-02 1.7886495291e+12 6.1339637015e-04 4.3031755383e+02
W 1.4175457186e-02 2.2570197196e+12 6.5105024500e-04 4.9247343925e+02
W 1.4175457186e-02 2.8480358684e+12 6.7189614567e-04 5.5605427949e+02
W 1.4175457186e-02 3.5938136638e+12 6.9254210871e-04 6.2784373144e+02
W 1.4175457186e-02 4.5348785081e+12 7.1278576221e-04 7.0890156889e+02
W 1.4175457186e-02 5.7223676594e+12 7.5241797774e-04 8.1129665897e+02
W 1.4175457186e-02 7.2208090184e+12 7.7160356541e-04 9.1603920781e+02
W 1.4175457186e-02 9.1116275612e+12 7.8949789232e-04 1.0343045555e+03
W 1.4175457186e-02 1.1497569954e+13 8.0570771610e-04 1.1678385646e+03
W 1.4175457186e-02 1.4508287785e+13 8.4220432667e-04 1.3365233867e+03
W 1.4175457186e-02 1.8307382803e+13 8.5394702495e-04 1.5090753928e+03
W 1.4175457186e-02 2.3101297001e+13 8.6238728244e-04 1.7039047457e+03
W 1.4175457186e-02 2.9150530628e+13 8.6688178425e-04 1.9238875646e+03
W 1.4175457186e-02 3.6783797718e+13 8.9044334326e-04 2.2017775413e+03
W 1.4175457186e-02 4.6415888336e+13 8.8478148648e-04 2.4860382850e+03
W 1.4175457186e-02 5.8570208181e+13 8.7284727475e-04 2.8069985449e+03
W 1.4175457186e-02 7.3907220335e+13 8.7726209487e-04 3.2124467502e+03
W 1.4175457186e-02 9.3260334688e+13 8.4992993197e-04 3.6271900589e+03
W 1.4175457186e-02 1.1768119524e+14 8.1419227547e-04 4.0954788502e+03
W 1.4175457186e-02 1.4849682623e+14 7.9079913511e-04 4.6870376000e+03
W 1.4175457186e-02 1.8738174229e+14 7.3621403549e-04 5.2921581306e+03
W 1.4175457186e-02 2.3644894126e+14 6.7317132827e-04 5.9754028171e+03
W 1.4175457186e-02 2.9836472403e+14 6.0268050639e-04 6.7468578877e+03
W 1.4175457186e-02 3.7649358068e+14 5.4077511313e-04 7.7213868654e+03
W 1.4175457186e-02 4.7508101621e+14 4.5875731369e-04 8.7182574082e+03
W 1.4175457186e-02 5.9948425032e+14 3.7602864404e-04 9.8438290376e+03
W 1.4175457186e-02 7.5646332755e+14 3.0403535550e-04 1.1265690415e+04
W 1.4175457186e-02 9.5454845666e+14 2.2807557934e-04 1.2720148677e+04
W 1.4175457186e-02 1.2045035403e+15 1.6165900719e-04 1.4362384940e+04
W 1.4175457186e-02 1.5199110830e+15 1.0999425572e-04 1.6436915121e+04
W 1.4175457186e-02 1.9179102617e+15 6.7119348282e-05 1.8559004946e+04
W 1.4175457186e-02 2.4201282648e+15 3.8136401954e-05 2.1239702897e+04
W 1.4175457186e-02 3.0538555088e+15 1.8772257045e-05 2.3981857192e+04
W 1.4175457186e-02 3.8535285937e+15 8.0519577923e-06 2.7078037634e+04
W 1.4175457186e-02 4.8626015801e+15 3.0070716766e-06 3.0989240860e+04
W 1.4175457186e-02 6.1359072734e+15 8.9127157855e-07 3.4990110379e+04
W 1.4175457186e-02 7.7426368268e+15 2.0446214289e-07 3.9507512620e+04
W 1.4175457186e-02 9.7700995730e+15 3.4942592037e-08 4.5214052838e+04
W 1.4175457186e-02 1.2328467394e+16 3.9047128976e-09 5.1051418350e+04
W 1.4175457186e-02 1.5556761439e+16 2.7624132243e-10 5.8425382255e+04
W 1.4175457186e-02 1.9630406500e+16 1.0640755365e-11 6.5968397978e+04
W 1.4175457186e-02 2.4770763560e+16 2.1070184965e-13 7.5496998774e+04
W 1.4175457186e-02 3.1257158497e+16 1.7771686866e-15 8.5244047518e+04
W 1.4175457186e-02 3.9442060594e+16 5.5441133077e-18 9.6249490116e+04
W 1.4175457186e-02 4.9770235643e+16 5.2887797071e-21 1.1015194942e+05
W 1.4175457186e-02 6.2802914418e+16 1.0998575277e-24 1.2437312957e+05
W 1.4175457186e-02 7.9248289835e+16 3.6219785607e-29 1.4233782081e+05
W 1.4175457186e-02 1.0000000000e+17 1.0961306398e-34 1.6071436160e+05
W 1.5200031555e-02 1.2618568831e+07 9.0117391921e-05 7.8969781705e-01
W 1.5200031555e-02 1.5922827933e+07 9.2903917658e-05 8.9165184490e-01
W 1.5200031555e-02 2.0092330026e+07 9.8416146552e-05 1.0204437322e+00
W 1.5200031555e-02 2.5353644940e+07 1.0150065735e-04 1.1521882381e+00
W 1.5200031555e-02 3.1992671378e+07 1.0470345555e-04 1.3009416336e+00
W 1.5200031555e-02 4.0370172586e+07 1.0802979783e-04 1.4688998534e+00
W 1.5200031555e-02 5.0941380148e+07 1.1148519697e-04 1.6585423386e+00
W 1.5200031555e-02 6.4280731173e+07 1.1822282790e-04 1.8981053466e+00
W 1.5200031555e-02 8.1113083079e+07 1.2205599435e-04 2.1431604565e+00
W 1.5200031555e-02 1.0235310219e+08 1.2604042217e-04 2.4198534347e+00
W 1.5200031555e-02 1.2915496650e+08 1.3018294637e-04 2.7322688918e+00
W 1.5200031555e-02 1.6297508346e+08 1.3449073570e-04 3.0850187826e+00
W 1.5200031555e-02 2.0565123083e+08 1.4277226716e-04 3.5306247595e+00
W 1.5200031555e-02 2.5950242114e+08 1.4756095491e-04 3.9864464768e+00
W 1.5200031555e-02 3.2745491629e+08 1.5254368741e-04 4.5011171095e+00
W 1.5200031555e-02 4.1320124001e+08 1.5772932110e-04 5.0822343536e+00
W 1.5200031555e-02 5.2140082880e+08 1.6312712769e-04 5.7383768066e+00
W 1.5200031555e-02 6.5793322466e+08 1.7336214116e-04 6.5672388601e+00
W 1.5200031555e-02 8.3021756813e+08 1.7937381829e-04 7.4151029914e+00
W 1.5200031555e-02 1.0476157528e+09 1.8563465402e-04 8.3724307193e+00
W 1.5200031555e-02 1.3219411485e+09 1.9215594296e-04 9.4533543540e+00
W 1.5200031555e-02 1.6681005372e+09 1.9894945391e-04 1.0673830759e+01
W 1.5200031555e-02 2.1049041445e+09 2.1166241041e-04 1.2215579163e+01
W 1.5200031555e-02 2.6560877829e+09 2.1923919858e-04 1.3792672921e+01
W 1.5200031555e-02 3.3516026509e+09 2.2713473666e-04 1.5573377552e+01
W 1.5200031555e-02 4.2292428744e+09 2.3536296090e-04 1.7583980259e+01
W 1.5200031555e-02 5.3366992312e+09 2.4393825674e-04 1.9854162060e+01
W 1.5200031555e-02 6.7341506578e+09 2.5979172403e-04 2.2721934967e+01
W 1.5200031555e-02 8.4975343591e+09 2.6936057076e-04 2.5655453004e+01
W 1.5200031555e-02 1.0722672220e+10 2.7933255381e-04 2.8967703227e+01
W 1.5200031555e-02 1.3530477746e+10 2.8972375689e-04 3.2707581897e+01
W 1.5200031555e-02 1.7073526475e+10 3.0055043522e-04 3.6930298034e+01
W 1.5200031555e-02 2.1544346900e+10 3.2035762296e-04 4.2264580479e+01
W 1.5200031555e-02 2.7185882427e+10 3.3242525900e-04 4.7721154022e+01
W 1.5200031555e-02 3.4304692863e+10 3.4498996351e-04 5.3882199122e+01
W 1.5200031555e-02 4.3287612811e+10 3.5806761746e-04 6.0838666662e+01
W 1.5200031555e-02 5.4622772177e+10 3.8183885187e-04 6.9626319316e+01
W 1.5200031555e-02 6.8926121044e+10 3.9637359893e-04 7.8615433311e+01
W 1.5200031555e-02 8.6974900262e+10 4.1147827936e-04 8.8765087906e+01
W 1.5200031555e-02 1.0974987655e+11 4.2716393184e-04 1.0022511483e+02
W 1.5200031555e-02 1.3848863714e+11 4.4343923170e-04 1.1316468985e+02
W 1.5200031555e-02 1.7475284000e+11 4.7289952035e-04 1.2951041276e+02
W 1.5200031555e-02 2.2051307399e+11 4.9084462689e-04 1.4623086955e+02
W 1.5200031555e-02 2.7825594022e+11 5.0939987199e-04 1.6511002285e+02
W 1.5200031555e-02 3.5111917342e+11 5.2855625807e-04 1.8642657141e+02
W 1.5200031555e-02 4.4306214576e+11 5.4829762890e-04 2.1049519544e+02
W 1.5200031555e-02 5.5908101825e+11 5.8415082479e-04 2.4089952158e+02
W 1.5200031555e-02 7.0548023107e+11 6.0554711480e-04 2.7200088213e+02
W 1.5200031555e-02 8.9021508545e+11 6.2743416378e-04 3.0711758742e+02
W 1.5200031555e-02 1.1233240330e+12 6.4974831092e-04 3.4676803901e+02
W 1.5200031555e-02 1.4174741629e+12 6.9079913321e-04 3.9685587370e+02
W 1.5200031555e-02 1.7886495291e+12 7.1432929376e-04 4.4809199709e+02
W 1.5200031555e-02 2.2570197196e+12 7.3798028763e-04 5.0594296612e+02
W 1.5200031555e-02 2.8480358684e+12 7.6159368431e-04 5.7126279118e+02
W 1.5200031555e-02 3.5938136638e+12 8.0644757246e-04 6.5377707459e+02
W 1.5200031555e-02 4.5348785081e+12 8.2999977627e-04 7.3818303930e+02
W 1.5200031555e-02 5.7223676594e+12 8.5280010335e-04 8.3348624582e+02
W 1.5200031555e-02 7.2208090184e+12 8.7451831354e-04 9.4109358382e+02
W 1.5200031555e-02 9.1116275612e+12 9.1924142367e-04 1.0770269299e+03
W 1.5200031555e-02 1.1497569954e+13 9.3807964873e-04 1.2160766160e+03
W 1.5200031555e-02 1.4508287785e+13 9.5442693871e-04 1.3730783280e+03
W 1.5200031555e-02 1.8307382803e+13 9.6768920999e-04 1.5503497641e+03
W 1.5200031555e-02 2.3101297001e+13 1.0039301894e-03 1.7742852309e+03
W 1.5200031555e-02 2.9150530628e+13 1.0091039333e-03 2.0033545305e+03
W 1.5200031555e-02 3.6783797718e+13 1.0088705874e-03 2.2619978484e+03
W 1.5200031555e-02 4.6415888336e+13 1.0297990393e-03 2.5887251173e+03
W 1.5200031555e-02 5.8570208181e+13 1.0158262196e-03 2.9229427725e+03
W 1.5200031555e-02 7.3907220335e+13 9.9369268053e-04 3.3003096366e+03
W 1.5200031555e-02 9.3260334688e+13 9.6263388094e-04 3.7263964933e+03
W 1.5200031555e-02 1.1768119524e+14 9.4726886730e-04 4.2646442859e+03
W 1.5200031555e-02 1.4849682623e+14 8.9544019431e-04 4.8152316789e+03
W 1.5200031555e-02 1.8738174229e+14 8.3350779863e-04 5.4369027208e+03
W 1.5200031555e-02 2.3644894126e+14 7.8284576361e-04 6.2222192842e+03
W 1.5200031555e-02 2.9836472403e+14 7.0073476985e-04 7.0255396233e+03
W 1.5200031555e-02 3.7649358068e+14 6.1188294614e-04 7.9325727276e+03
W 1.5200031555e-02 4.7508101621e+14 5.3314238169e-04 9.0783686106e+03
W 1.5200031555e-02 5.9948425032e+14 4.3687224118e-04 1.0250432438e+04
W 1.5200031555e-02 7.5646332755e+14 3.4371050945e-04 1.1573815702e+04
W 1.5200031555e-02 9.5454845666e+14 2.6478744848e-04 1.3245559641e+04
W 1.5200031555e-02 1.2045035403e+15 1.8759559610e-04 1.4955629148e+04
W 1.5200031555e-02 1.5199110830e+15 1.2417837401e-04 1.6886477376e+04
W 1.5200031555e-02 1.9179102617e+15 7.7799382276e-05 1.9325592266e+04
W 1.5200031555e-02 2.4201282648e+15 4.2996950117e-05 2.1820625087e+04
W 1.5200031555e-02 3.0538555088e+15 2.1147002750e-05 2.4637779409e+04
W 1.5200031555e-02 3.8535285937e+15 9.3094195786e-06 2.8196507098e+04
W 1.5200031555e-02 4.8626015801e+15 3.3801660902e-06 3.1836820402e+04
W 1.5200031555e-02 6.1359072734e+15 1.0278234248e-06 3.6435391257e+04
W 1.5200031555e-02 7.7426368268e+15 2.3539475259e-07 4.1139386652e+04
W 1.5200031555e-02 9.7700995730e+15 3.9079295458e-08 4.6450691916e+04
W 1.5200031555e-02 1.2328467394e+16 4.4755161078e-09 5.3160118149e+04
W 1.5200031555e-02 1.5556761439e+16 3.0728827831e-10 6.0023361341e+04
W 1.5200031555e-02 1.9630406500e+16 1.2117271693e-11 6.8693249746e+04
W 1.5200031555e-02 2.4770763560e+16 2.3255243730e-13 7.7561899686e+04
W 1.5200031555e-02 3.1257158497e+16 1.9513731523e-15 8.7575537700e+04
W 1.5200031555e-02 3.9442060594e+16 6.2153208142e-18 1.0022511483e+05
W 1.5200031555e-02 4.9770235643e+16 5.7280958371e-21 1.1316468985e+05
W 1.5200031555e-02 6.2802914418e+16 1.2127228981e-24 1.2951041276e+05
W 1.5200031555e-02 7.9248289835e+16 3.8445102377e-29 1.4623086955e+05
W 1.5200031555e-02 1.0000000000e+17 1.1791698769e-34 1.6735273430e+05
W 1.6298660160e-02 1.2618568831e+07 1.0498124970e-04 8.2231660967e-01
W 1.6298660160e-02 1.5922827933e+07 1.0822735585e-04 9.2848189051e-01
W 1.6298660160e-02 2.0092330026e+07 1.1159648326e-04 1.0483536522e+00
W 1.6298660160e-02 2.5353644940e+07 1.1824196143e-04 1.1997798464e+00
W 1.6298660160e-02 3.1992671378e+07 1.2197298095e-04 1.3546775620e+00
W 1.6298660160e-02 4.0370172586e+07 1.2584791419e-04 1.5295733651e+00
W 1.6298660160e-02 5.0941380148e+07 1.2987318223e-04 1.7270491110e+00
W 1.6298660160e-02 6.4280731173e+07 1.3405550989e-04 1.9500199859e+00
W 1.6298660160e-02 8.1113083079e+07 1.4218735220e-04 2.2316845792e+00
W 1.6298660160e-02 1.0235310219e+08 1.4682887103e-04 2.5198064745e+00
W 1.6298660160e-02 1.2915496650e+08 1.5165454831e-04 2.8451263804e+00
W 1.6298660160e-02 1.6297508346e+08 1.5667273346e-04 3.2124467502e+00
W 1.6298660160e-02 2.0565123083e+08 1.6189216769e-04 3.6271900589e+00
W 1.6298660160e-02 2.5950242114e+08 1.7189840269e-04 4.1511082855e+00
W 1.6298660160e-02 3.2745491629e+08 1.7770278953e-04 4.6870376000e+00
W 1.6298660160e-02 4.1320124001e+08 1.8374351768e-04 5.2921581306e+00
W 1.6298660160e-02 5.2140082880e+08 1.9003138484e-04 5.9754028171e+00
W 1.6298660160e-02 6.5793322466e+08 1.9657766368e-04 6.7468578877e+00
W 1.6298660160e-02 8.3021756813e+08 2.0895712361e-04 7.7213868654e+00
W 1.6298660160e-02 1.0476157528e+09 2.1625024497e-04 8.7182574082e+00
W 1.6298660160e-02 1.3219411485e+09 2.2384673005e-04 9.8438290376e+00
W 1.6298660160e-02 1.6681005372e+09 2.3176028275e-04 1.1114717722e+01
W 1.6298660160e-02 2.1049041445e+09 2.4000512694e-04 1.2549684637e+01
W 1.6298660160e-02 2.6560877829e+09 2.5539532781e-04 1.4362384940e+01
W 1.6298660160e-02 3.3516026509e+09 2.6459244865e-04 1.6216642306e+01
W 1.6298660160e-02 4.2292428744e+09 2.7417703891e-04 1.8310293784e+01
W 1.6298660160e-02 5.3366992312e+09 2.8416584551e-04 2.0674246377e+01
W 1.6298660160e-02 6.7341506578e+09 2.9457605451e-04 2.3343397343e+01
W 1.6298660160e-02 8.4975343591e+09 3.1377889597e-04 2.6715162026e+01
W 1.6298660160e-02 1.0722672220e+10 3.2539433703e-04 3.0164226104e+01
W 1.6298660160e-02 1.3530477746e+10 3.3749797677e-04 3.4058581998e+01
W 1.6298660160e-02 1.7073526475e+10 3.5010873022e-04 3.8455719160e+01
W 1.6298660160e-02 2.1544346900e+10 3.6324553293e-04 4.3420549222e+01
W 1.6298660160e-02 2.7185882427e+10 3.8723646076e-04 4.9692295885e+01
W 1.6298660160e-02 3.4304692863e+10 4.0187112088e-04 5.6107825483e+01
W 1.6298660160e-02 4.3287612811e+10 4.1710302231e-04 6.3351632771e+01
W 1.6298660160e-02 5.4622772177e+10 4.3294969282e-04 7.1530652635e+01
W 1.6298660160e-02 6.8926121044e+10 4.4942748885e-04 8.0765625803e+01
W 1.6298660160e-02 8.6974900262e+10 4.7931162660e-04 9.2431566313e+01
W 1.6298660160e-02 1.0974987655e+11 4.9757985113e-04 1.0436495435e+02
W 1.6298660160e-02 1.3848863714e+11 5.1653438823e-04 1.1783900384e+02
W 1.6298660160e-02 1.7475284000e+11 5.3618158939e-04 1.3305262203e+02
W 1.6298660160e-02 2.2051307399e+11 5.5652338524e-04 1.5023039616e+02
W 1.6298660160e-02 2.7825594022e+11 5.9335278855e-04 1.7192996014e+02
W 1.6298660160e-02 3.5111917342e+11 6.1566015809e-04 1.9412699750e+02
W 1.6298660160e-02 4.4306214576e+11 6.3864788967e-04 2.1918978593e+02
W 1.6298660160e-02 5.5908101825e+11 6.6228697041e-04 2.4748830855e+02
W 1.6298660160e-02 7.0548023107e+11 7.0531364325e-04 2.8323599026e+02
W 1.6298660160e-02 8.9021508545e+11 7.3079633874e-04 3.1980320549e+02
W 1.6298660160e-02 1.1233240330e+12 7.5677475456e-04 3.6109143526e+02
W 1.6298660160e-02 1.4174741629e+12 7.8315395591e-04 4.0771018670e+02
W 1.6298660160e-02 1.7886495291e+12 8.0981487042e-04 4.6034765743e+02
W 1.6298660160e-02 2.2570197196e+12 8.5949218985e-04 5.2684114810e+02
W 1.6298660160e-02 2.8480358684e+12 8.8697374856e-04 5.9485903535e+02
W 1.6298660160e-02 3.5938136638e+12 9.1418502719e-04 6.7165837980e+02
W 1.6298660160e-02 4.5348785081e+12 9.4085811140e-04 7.5837291248e+02
W 1.6298660160e-02 5.7223676594e+12 9.9311405452e-04 8.6791373747e+02
W 1.6298660160e-02 7.2208090184e+12 1.0183718949e-03 9.7996584076e+02
W 1.6298660160e-02 9.1116275612e+12 1.0419153051e-03 1.1064844438e+03
W 1.6298660160e-02 1.1497569954e+13 1.0632243451e-03 1.2493372457e+03
W 1.6298660160e-02 1.4508287785e+13 1.1112891410e-03 1.4297938922e+03
W 1.6298660160e-02 1.8307382803e+13 1.1266746769e-03 1.6143875977e+03
W 1.6298660160e-02 2.3101297001e+13 1.1376880235e-03 1.8228132949e+03
W 1.6298660160e-02 2.9150530628e+13 1.1747550355e-03 2.0861039120e+03
W 1.6298660160e-02 3.6783797718e+13 1.1744017777e-03 2.3554305985e+03
W 1.6298660160e-02 4.6415888336e+13 1.1667590690e-03 2.6595287378e+03
W 1.6298660160e-02 5.8570208181e+13 1.1508274651e-03 3.0028875026e+03
W 1.6298660160e-02 7.3907220335e+13 1.1564291485e-03 3.4366302814e+03
W 1.6298660160e-02 9.3260334688e+13 1.1201600376e-03 3.8803168307e+03
W 1.6298660160e-02 1.1768119524e+14 1.0728011669e-03 4.3812855831e+03
W 1.6298660160e-02 1.4849682623e+14 1.0416934993e-03 5.0141268007e+03
W 1.6298660160e-02 1.8738174229e+14 9.6949020975e-04 5.6614762203e+03
W 1.6298660160e-02 2.3644894126e+14 8.8615980093e-04 6.3924017614e+03
W 1.6298660160e-02 2.9836472403e+14 8.1473801293e-04 7.3157324225e+03
W 1.6298660160e-02 3.7649358068e+14 7.1126173871e-04 8.2602309016e+03
W 1.6298660160e-02 4.7508101621e+14 6.0306931027e-04 9.3266689659e+03
W 1.6298660160e-02 5.9948425032e+14 5.0752937931e-04 1.0673830759e+04
W 1.6298660160e-02 7.5646332755e+14 3.9915605402e-04 1.2051876912e+04
W 1.6298660160e-02 9.5454845666e+14 2.9919010683e-04 1.3607835872e+04
W 1.6298660160e-02 1.2045035403e+15 2.1766113647e-04 1.5573377552e+04
W 1.6298660160e-02 1.5199110830e+15 1.4399896765e-04 1.7583980259e+04
W 1.6298660160e-02 1.9179102617e+15 8.7757625259e-05 1.9854162060e+04
W 1.6298660160e-02 2.4201282648e+15 4.9788653261e-05 2.2721934967e+04
W 1.6298660160e-02 3.0538555088e+15 2.4465211073e-05 2.5655453004e+04
W 1.6298660160e-02 3.8535285937e+15 1.0472305638e-05 2.8967703227e+04
W 1.6298660160e-02 4.8626015801e+15 3.9014935978e-06 3.3151853343e+04
W 1.6298660160e-02 6.1359072734e+15 1.1530375579e-06 3.7431927196e+04
W 1.6298660160e-02 7.7426368268e+15 2.7080858035e-07 4.2838665911e+04
W 1.6298660160e-02 9.7700995730e+15 4.4861563323e-08 4.8369356820e+04
W 1.6298660160e-02 1.2328467394e+16 4.9879003608e-09 5.4614088217e+04
W 1.6298660160e-02 1.5556761439e+16 3.5072536734e-10 6.2502650930e+04
W 1.6298660160e-02 1.9630406500e+16 1.3410644922e-11 7.0572062895e+04
W 1.6298660160e-02 2.4770763560e+16 2.6320010156e-13 8.0765625803e+04
W 1.6298660160e-02 3.1257158497e+16 2.1963384493e-15 9.1192881248e+04
W 1.6298660160e-02 3.9442060594e+16 6.7640315559e-18 1.0296634871e+05
W 1.6298660160e-02 4.9770235643e+16 6.3529115735e-21 1.1783900384e+05
W 1.6298660160e-02 6.2802914418e+16 1.2964794233e-24 1.3305262203e+05
W 1.6298660160e-02 7.9248289835e+16 4.1725118139e-29 1.5227099567e+05
W 1.6298660160e-02 1.0000000000e+17 1.2276625929e-34 1.7192996014e+05
W 1.7476695496e-02 1.2618568831e+07 1.2231343659e-04 8.5628273491e-01
W 1.7476695496e-02 1.5922827933e+07 1.2609543564e-04 9.6683321627e-01
W 1.7476695496e-02 2.0092330026e+07 1.3002076011e-04 1.0916563303e+00
W 1.7476695496e-02 2.5353644940e+07 1.3409572260e-04 1.2325947469e+00
W 1.7476695496e-02 3.1992671378e+07 1.4211029095e-04 1.4106330750e+00
W 1.7476695496e-02 4.0370172586e+07 1.4662490236e-04 1.5927530210e+00
W 1.7476695496e-02 5.0941380148e+07 1.5131465783e-04 1.7983855837e+00
W 1.7476695496e-02 6.4280731173e+07 1.5618739108e-04 2.0305663622e+00
W 1.7476695496e-02 8.1113083079e+07 1.6125132069e-04 2.2927228668e+00
W 1.7476695496e-02 1.0235310219e+08 1.7106937200e-04 2.6238881157e+00
W 1.7476695496e-02 1.2915496650e+08 1.7669162074e-04 2.9626454939e+00
W 1.7476695496e-02 1.6297508346e+08 1.8253814005e-04 3.3451381824e+00
W 1.7476695496e-02 2.0565123083e+08 1.8861911185e-04 3.7770126337e+00
W 1.7476695496e-02 2.5950242114e+08 1.9494521258e-04 4.2646442859e+00
W 1.7476695496e-02 3.2745491629e+08 2.0703955279e-04 4.8806376128e+00
W 1.7476695496e-02 4.1320124001e+08 2.1407731968e-04 5.5107528953e+00
W 1.7476695496e-02 5.2140082880e+08 2.2140299089e-04 6.2222192842e+00
W 1.7476695496e-02 6.5793322466e+08 2.2902969558e-04 7.0255396233e+00
W 1.7476695496e-02 8.3021756813e+08 2.3697115755e-04 7.9325727276e+00
W 1.7476695496e-02 1.0476157528e+09 2.5194923885e-04 9.0783686106e+00
W 1.7476695496e-02 1.3219411485e+09 2.6079936488e-04 1.0250432438e+01
W 1.7476695496e-02 1.6681005372e+09 2.7001883768e-04 1.1573815702e+01
W 1.7476695496e-02 2.1049041445e+09 2.7962422092e-04 1.3068054514e+01
W 1.7476695496e-02 2.6560877829e+09 2.8963271664e-04 1.4755207201e+01
W 1.7476695496e-02 3.3516026509e+09 3.0006213642e-04 1.6660179931e+01
W 1.7476695496e-02 4.2292428744e+09 3.1943506647e-04 1.9066607988e+01
W 1.7476695496e-02 5.3366992312e+09 3.3107189193e-04 2.1528204613e+01
W 1.7476695496e-02 6.7341506578e+09 3.4319955028e-04 2.4307605956e+01
W 1.7476695496e-02 8.4975343591e+09 3.5583854558e-04 2.7445842229e+01
W 1.7476695496e-02 1.0722672220e+10 3.6900978935e-04 3.0989240860e+01
W 1.7476695496e-02 1.3530477746e+10 3.9320256822e-04 3.5465385714e+01
W 1.7476695496e-02 1.7073526475e+10 4.0789324737e-04 4.0044148431e+01
W 1.7476695496e-02 2.1544346900e+10 4.2319655965e-04 4.5214052838e+01
W 1.7476695496e-02 2.7185882427e+10 4.3913440644e-04 5.1051418350e+01
W 1.7476695496e-02 3.4304692863e+10 4.5572829399e-04 5.7642417611e+01
W 1.7476695496e-02 4.3287612811e+10 4.8593600849e-04 6.5968397978e+01
W 1.7476695496e-02 5.4622772177e+10 5.0439502760e-04 7.4485255616e+01
W 1.7476695496e-02 6.8926121044e+10 5.2358887005e-04 8.4101683142e+01
W 1.7476695496e-02 8.6974900262e+10 5.4353458123e-04 9.4959640655e+01
W 1.7476695496e-02 1.0974987655e+11 5.6424660403e-04 1.0721941603e+02
W 1.7476695496e-02 1.3848863714e+11 6.0175657711e-04 1.2270639228e+02
W 1.7476695496e-02 1.7475284000e+11 6.2464015946e-04 1.3854841522e+02
W 1.7476695496e-02 2.2051307399e+11 6.4833207113e-04 1.5643572437e+02
W 1.7476695496e-02 2.7825594022e+11 6.7282800560e-04 1.7663237663e+02
W 1.7476695496e-02 3.5111917342e+11 6.9811581335e-04 1.9943652001e+02
W 1.7476695496e-02 4.4306214576e+11 7.4398056647e-04 2.2824351004e+02
W 1.7476695496e-02 5.5908101825e+11 7.7150863817e-04 2.5771091476e+02
W 1.7476695496e-02 7.0548023107e+11 7.9974600491e-04 2.9098271217e+02
W 1.7476695496e-02 8.9021508545e+11 8.2862791074e-04 3.2855006882e+02
W 1.7476695496e-02 1.1233240330e+12 8.8153865178e-04 3.7600646527e+02
W 1.7476695496e-02 1.4174741629e+12 9.1225018352e-04 4.2455082339e+02
W 1.7476695496e-02 1.7886495291e+12 9.4328708441e-04 4.7936250646e+02
W 1.7476695496e-02 2.2570197196e+12 9.7447747686e-04 5.4125065821e+02
W 1.7476695496e-02 2.8480358684e+12 1.0331156156e-03 6.1942993208e+02
W 1.7476695496e-02 3.5938136638e+12 1.0647821286e-03 6.9940150499e+02
W 1.7476695496e-02 4.5348785081e+12 1.0958171735e-03 7.8969781705e+02
W 1.7476695496e-02 5.7223676594e+12 1.1258495516e-03 8.9165184490e+02
W 1.7476695496e-02 7.2208090184e+12 1.1544421764e-03 1.0067686593e+03
W 1.7476695496e-02 9.1116275612e+12 1.2133884445e-03 1.1521882381e+03
W 1.7476695496e-02 1.1497569954e+13 1.2381504289e-03 1.3009416336e+03
W 1.7476695496e-02 1.4508287785e+13 1.2596091528e-03 1.4688998534e+03
W 1.7476695496e-02 1.8307382803e+13 1.3119058392e-03 1.6810705404e+03
W 1.7476695496e-02 2.3101297001e+13 1.3246505226e-03 1.8981053466e+03
W 1.7476695496e-02 2.9150530628e+13 1.3313053943e-03 2.1431604565e+03
W 1.7476695496e-02 3.6783797718e+13 1.3308057487e-03 2.4198534347e+03
W 1.7476695496e-02 4.6415888336e+13 1.3581934118e-03 2.7693816645e+03
W 1.7476695496e-02 5.8570208181e+13 1.3395222970e-03 3.1269230040e+03
W 1.7476695496e-02 7.3907220335e+13 1.3100692354e-03 3.5306247595e+03
W 1.7476695496e-02 9.3260334688e+13 1.2688308733e-03 3.9864464768e+03
W 1.7476695496e-02 1.1768119524e+14 1.2482553442e-03 4.5622563833e+03
W 1.7476695496e-02 1.4849682623e+14 1.1796128960e-03 5.1512670205e+03
W 1.7476695496e-02 1.8738174229e+14 1.0976609947e-03 5.8163219439e+03
W 1.7476695496e-02 2.3644894126e+14 1.0305535816e-03 6.6564425412e+03
W 1.7476695496e-02 2.9836472403e+14 9.2206345988e-04 7.5158233240e+03
W 1.7476695496e-02 3.7649358068e+14 8.0475083714e-04 8.4861545621e+03
W 1.7476695496e-02 4.7508101621e+14 7.0079484027e-04 9.7119108575e+03
W 1.7476695496e-02 5.9948425032e+14 5.7387858371e-04 1.0965768230e+04
W 1.7476695496e-02 7.5646332755e+14 4.5116264462e-04 1.2381505004e+04
W 1.7476695496e-02 9.5454845666e+14 3.4726552211e-04 1.4169913121e+04
W 1.7476695496e-02 1.2045035403e+15 2.4578235814e-04 1.5999321391e+04
W 1.7476695496e-02 1.5199110830e+15 1.6250482320e-04 1.8064915626e+04
W 1.7476695496e-02 1.9179102617e+15 1.0167247910e-04 2.0674246377e+04
W 1.7476695496e-02 2.4201282648e+15 5.6101013634e-05 2.3343397343e+04
W 1.7476695496e-02 3.0538555088e+15 2.7540238881e-05 2.6357149352e+04
W 1.7476695496e-02 3.8535285937e+15 1.2097175663e-05 3.0164226104e+04
W 1.7476695496e-02 4.8626015801e+15 4.3809461424e-06 3.4058581998e+04
W 1.7476695496e-02 6.1359072734e+15 1.3280122604e-06 3.8978068320e+04
W 1.7476695496e-02 7.7426368268e+15 3.0301683601e-07 4.4010336332e+04
W 1.7476695496e-02 9.7700995730e+15 5.0080824283e-08 4.9692295885e+04
W 1.7476695496e-02 1.2328467394e+16 5.7044724274e-09 5.6869945558e+04
W 1.7476695496e-02 1.5556761439e+16 3.8911013122e-10 6.4212146446e+04
W 1.7476695496e-02 1.9630406500e+16 1.5222769523e-11 7.3487070933e+04
W 1.7476695496e-02 2.4770763560e+16 2.8937781526e-13 8.2974627711e+04
W 1.7476695496e-02 3.1257158497e+16 2.4004597470e-15 9.3687076602e+04
W 1.7476695496e-02 3.9442060594e+16 7.5406238569e-18 1.0721941603e+05
W 1.7476695496e-02 4.9770235643e+16 6.8343769657e-21 1.2106199111e+05
W 1.7476695496e-02 6.2802914418e+16 1.4179387905e-24 1.3854841522e+05
W 1.7476695496e-02 7.9248289835e+16 4.3855361206e-29 1.5643572437e+05
W 1.7476695496e-02 1.0000000000e+17 1.3050273747e-34 1.7903159775e+05
W 1.8739876925e-02 1.2618568831e+07 1.4252793399e-04 8.9165184490e-01
W 1.8739876925e-02 1.5922827933e+07 1.4693493567e-04 1.0067686593e+00
W 1.8739876925e-02 2.0092330026e+07 1.5150894186e-04 1.1367476433e+00
W 1.8739876925e-02 2.5353644940e+07 1.5625730738e-04 1.2835075790e+00
W 1.8739876925e-02 3.1992671378e+07 1.6118774476e-04 1.4492149732e+00
W 1.8739876925e-02 4.0370172586e+07 1.7085700375e-04 1.6585423386e+00
W 1.8739876925e-02 5.0941380148e+07 1.7632173046e-04 1.8726686388e+00
W 1.8739876925e-02 6.4280731173e+07 1.8199966020e-04 2.1144397396e+00
W 1.8739876925e-02 8.1113083079e+07 1.8790036792e-04 2.3874247263e+00
W 1.8739876925e-02 1.0235310219e+08 1.9403388510e-04 2.6956534713e+00
W 1.8739876925e-02 1.2915496650e+08 2.0589211467e-04 3.0850187826e+00
W 1.8739876925e-02 1.6297508346e+08 2.1270467878e-04 3.4833104887e+00
W 1.8739876925e-02 2.0565123083e+08 2.1979041478e-04 3.9330236916e+00
W 1.8739876925e-02 2.5950242114e+08 2.2716176011e-04 4.4407971694e+00
W 1.8739876925e-02 3.2745491629e+08 2.3483173315e-04 5.0141268007e+00
W 1.8739876925e-02 4.1320124001e+08 2.4281395580e-04 5.6614762203e+00
W 1.8739876925e-02 5.2140082880e+08 2.5799108615e-04 6.4792306068e+00
W 1.8739876925e-02 6.5793322466e+08 2.6687780109e-04 7.3157324225e+00
W 1.8739876925e-02 8.3021756813e+08 2.7613123430e-04 8.2602309016e+00
W 1.8739876925e-02 1.0476157528e+09 2.8576805749e-04 9.3266689659e+00
W 1.8739876925e-02 1.3219411485e+09 2.9580563561e-04 1.0530789640e+01
W 1.8739876925e-02 1.6681005372e+09 3.1463856331e-04 1.2051876912e+01
W 1.8739876925e-02 2.1049041445e+09 3.2583057287e-04 1.3607835872e+01
W 1.8739876925e-02 2.6560877829e+09 3.3749220863e-04 1.5364677094e+01
W 1.8739876925e-02 3.3516026509e+09 3.4964421234e-04 1.7348335504e+01
W 1.8739876925e-02 4.2292428744e+09 3.6230799582e-04 1.9588094363e+01
W 1.8739876925e-02 5.3366992312e+09 3.7550565699e-04 2.2117017547e+01
W 1.8739876925e-02 6.7341506578e+09 3.9990642635e-04 2.5311641602e+01
W 1.8739876925e-02 8.4975343591e+09 4.1463247161e-04 2.8579504013e+01
W 1.8739876925e-02 1.0722672220e+10 4.2997850303e-04 3.2269264179e+01
W 1.8739876925e-02 1.3530477746e+10 4.4596920072e-04 3.6435391257e+01
W 1.8739876925e-02 1.7073526475e+10 4.6262949838e-04 4.1139386652e+01
W 1.8739876925e-02 2.1544346900e+10 4.9311228929e-04 4.7081637858e+01
W 1.8739876925e-02 2.7185882427e+10 5.1168083555e-04 5.3160118149e+01
W 1.8739876925e-02 3.4304692863e+10 5.3101342177e-04 6.0023361341e+01
W 1.8739876925e-02 4.3287612811e+10 5.5113434407e-04 6.7772684338e+01
W 1.8739876925e-02 5.4622772177e+10 5.7206664675e-04 7.6522484575e+01
W 1.8739876925e-02 6.8926121044e+10 6.1007356696e-04 8.7575537700e+01
W 1.8739876925e-02 8.6974900262e+10 6.3330944744e-04 9.8881987607e+01
W 1.8739876925e-02 1.0974987655e+11 6.5743748918e-04 1.1164815803e+02
W 1.8739876925e-02 1.3848863714e+11 6.8247075978e-04 1.2606250637e+02
W 1.8739876925e-02 1.7475284000e+11 7.0841742874e-04 1.4233782081e+02
W 1.8739876925e-02 2.2051307399e+11 7.5539026205e-04 1.6289736620e+02
W 1.8739876925e-02 2.7825594022e+11 7.8392290718e-04 1.8392824948e+02
W 1.8739876925e-02 3.5111917342e+11 8.1337679756e-04 2.0767432736e+02
W 1.8739876925e-02 4.4306214576e+11 8.4372652703e-04 2.3448614538e+02
W 1.8739876925e-02 5.5908101825e+11 8.7493334232e-04 2.6475950625e+02
W 1.8739876925e-02 7.0548023107e+11 9.3174810503e-04 3.0300187259e+02
W 1.8739876925e-02 8.9021508545e+11 9.6538135602e-04 3.4212096433e+02
W 1.8739876925e-02 1.1233240330e+12 9.9966434337e-04 3.8629053094e+02
W 1.8739876925e-02 1.4174741629e+12 1.0344709657e-03 4.3616261454e+02
W 1.8739876925e-02 1.7886495291e+12 1.0988987239e-03 4.9916277164e+02
W 1.8739876925e-02 2.2570197196e+12 1.1352077868e-03 5.6360723890e+02
W 1.8739876925e-02 2.8480358684e+12 1.1714465965e-03 6.3637181656e+02
W 1.8739876925e-02 3.5938136638e+12 1.2073187877e-03 7.1853067342e+02
W 1.8739876925e-02 4.5348785081e+12 1.2764518530e-03 8.2231660967e+02
W 1.8739876925e-02 5.7223676594e+12 1.3113894056e-03 9.2848189051e+02
W 1.8739876925e-02 7.2208090184e+12 1.3446427062e-03 1.0483536522e+03
W 1.8739876925e-02 9.1116275612e+12 1.3756167691e-03 1.1837014715e+03
W 1.8739876925e-02 1.1497569954e+13 1.4420138429e-03 1.3546775620e+03
W 1.8739876925e-02 1.4508287785e+13 1.4669295438e-03 1.5295733651e+03
W 1.8739876925e-02 1.8307382803e+13 1.4870729632e-03 1.7270491110e+03
W 1.8739876925e-02 2.3101297001e+13 1.5014227743e-03 1.9500199859e+03
W 1.8739876925e-02 2.9150530628e+13 1.5501259103e-03 2.2316845792e+03
W 1.8739876925e-02 3.6783797718e+13 1.5494199518e-03 2.5198064745e+03
W 1.8739876925e-02 4.6415888336e+13 1.5390700063e-03 2.8451263804e+03
W 1.8739876925e-02 5.8570208181e+13 1.5177595812e-03 3.2124467502e+03
W 1.8739876925e-02 7.3907220335e+13 1.5248140517e-03 3.6764586650e+03
W 1.8739876925e-02 9.3260334688e+13 1.4766276691e-03 4.1511082855e+03
W 1.8739876925e-02 1.1768119524e+14 1.4138047069e-03 4.6870376000e+03
W 1.8739876925e-02 1.4849682623e+14 1.3723771677e-03 5.3640422201e+03
W 1.8739876925e-02 1.8738174229e+14 1.2767971853e-03 6.0565675103e+03
W 1.8739876925e-02 2.3644894126e+14 1.1665791113e-03 6.8385013580e+03
W 1.8739876925e-02 2.9836472403e+14 1.0720599073e-03 7.8262674927e+03
W 1.8739876925e-02 3.7649358068e+14 9.3540703739e-04 8.8366786611e+03
W 1.8739876925e-02 4.7508101621e+14 7.9263795244e-04 9.9775390799e+03
W 1.8739876925e-02 5.9948425032e+14 6.6660080739e-04 1.1418713790e+04
W 1.8739876925e-02 7.5646332755e+14 5.2383928895e-04 1.2892928152e+04
W 1.8739876925e-02 9.5454845666e+14 3.9228230095e-04 1.4557471130e+04
W 1.8739876925e-02 1.2045035403e+15 2.8507813713e-04 1.6660179931e+04
W 1.8739876925e-02 1.5199110830e+15 1.8836363512e-04 1.8811094384e+04
W 1.8739876925e-02 1.9179102617e+15 1.1462666769e-04 2.1239702897e+04
W 1.8739876925e-02 2.4201282648e+15 6.4921065052e-05 2.4307605956e+04
W 1.8739876925e-02 3.0538555088e+15 3.1836831270e-05 2.7445842229e+04
W 1.8739876925e-02 3.8535285937e+15 1.3595490103e-05 3.0989240860e+04
W 1.8739876925e-02 4.8626015801e+15 5.0508941816e-06 3.5465385714e+04
W 1.8739876925e-02 6.1359072734e+15 1.4877671390e-06 4.0044148431e+04
W 1.8739876925e-02 7.7426368268e+15 3.3876790501e-07 4.5214052838e+04
W 1.8739876925e-02 9.7700995730e+15 5.7377800801e-08 5.1744856573e+04
W 1.8739876925e-02 1.2328467394e+16 6.3425064783e-09 5.8425382255e+04
W 1.8739876925e-02 1.5556761439e+16 4.4284736076e-10 6.6864455523e+04
W 1.8739876925e-02 1.9630406500e+16 1.6789764506e-11 7.5496998774e+04
W 1.8739876925e-02 2.4770763560e+16 3.1747626829e-13 8.5244047518e+04
W 1.8739876925e-02 3.1257158497e+16 2.6883385638e-15 9.7556859773e+04
W 1.8739876925e-02 3.9442060594e+16 8.1570941996e-18 1.1015194942e+05
W 1.8739876925e-02 4.9770235643e+16 7.5250791905e-21 1.2606250637e+05
W 1.8739876925e-02 6.2802914418e+16 1.5026606668e-24 1.4233782081e+05
W 1.8739876925e-02 7.9248289835e+16 4.7096248109e-29 1.6289736620e+05
W 1.8739876925e-02 1.0000000000e+17 1.3413982835e-34 1.8392824948e+05
W 2.0094358642e-02 1.2618568831e+07 1.6168688828e-04 9.1603920781e-01
W 2.0094358642e-02 1.5922827933e+07 1.7124523675e-04 1.0483536522e+00
W 2.0094358642e-02 2.0092330026e+07 1.7657594995e-04 1.1837014715e+00
W 2.0094358642e-02 2.5353644940e+07 1.8210985883e-04 1.3365233867e+00
W 2.0094358642e-02 3.1992671378e+07 1.8785595047e-04 1.5090753928e+00
W 2.0094358642e-02 4.0370172586e+07 1.9382365034e-04 1.7039047457e+00
W 2.0094358642e-02 5.0941380148e+07 2.0549362105e-04 1.9500199859e+00
W 2.0094358642e-02 6.4280731173e+07 2.1211082452e-04 2.2017775413e+00
W 2.0094358642e-02 8.1113083079e+07 2.1898764319e-04 2.4860382850e+00
W 2.0094358642e-02 1.0235310219e+08 2.2613576556e-04 2.8069985449e+00
W 2.0094358642e-02 1.2915496650e+08 2.3356744399e-04 3.1693964161e+00
W 2.0094358642e-02 1.6297508346e+08 2.4129552831e-04 3.5785817064e+00
W 2.0094358642e-02 2.0565123083e+08 2.5615293267e-04 4.0954788502e+00
W 2.0094358642e-02 2.5950242114e+08 2.6474354273e-04 4.6242261201e+00
W 2.0094358642e-02 3.2745491629e+08 2.7368214388e-04 5.2212373672e+00
W 2.0094358642e-02 4.1320124001e+08 2.8298460625e-04 5.8953258204e+00
W 2.0094358642e-02 5.2140082880e+08 2.9266754254e-04 6.6564425412e+00
W 2.0094358642e-02 6.5793322466e+08 3.1102869318e-04 7.6179117543e+00
W 2.0094358642e-02 8.3021756813e+08 3.2181248039e-04 8.6014231310e+00
W 2.0094358642e-02 1.0476157528e+09 3.3304300723e-04 9.7119108575e+00
W 2.0094358642e-02 1.3219411485e+09 3.4474050143e-04 1.0965768230e+01
W 2.0094358642e-02 1.6681005372e+09 3.5692603682e-04 1.2381505004e+01
W 2.0094358642e-02 2.1049041445e+09 3.6962148400e-04 1.3980020637e+01
W 2.0094358642e-02 2.6560877829e+09 3.9332078360e-04 1.5999321391e+01
W 2.0094358642e-02 3.3516026509e+09 4.0748199886e-04 1.8064915626e+01
W 2.0094358642e-02 4.2292428744e+09 4.2223949662e-04 2.0397188644e+01
W 2.0094358642e-02 5.3366992312e+09 4.3761900936e-04 2.3030570039e+01
W 2.0094358642e-02 6.7341506578e+09 4.5364693822e-04 2.6003934443e+01
W 2.0094358642e-02 8.4975343591e+09 4.7035033467e-04 2.9361175402e+01
W 2.0094358642e-02 1.0722672220e+10 5.0109730463e-04 3.3602159387e+01
W 2.0094358642e-02 1.3530477746e+10 5.1973083890e-04 3.7940370054e+01
W 2.0094358642e-02 1.7073526475e+10 5.3914439881e-04 4.2838665911e+01
W 2.0094358642e-02 2.1544346900e+10 5.5936701947e-04 4.8369356820e+01
W 2.0094358642e-02 2.7185882427e+10 5.8042755226e-04 5.4614088217e+01
W 2.0094358642e-02 3.4304692863e+10 6.1882916640e-04 6.2502650930e+01
W 2.0094358642e-02 4.3287612811e+10 6.4227380908e-04 7.0572062895e+01
W 2.0094358642e-02 5.4622772177e+10 6.6666339977e-04 7.9683277224e+01
W 2.0094358642e-02 6.8926121044e+10 6.9202288645e-04 8.9970795930e+01
W 2.0094358642e-02 8.6974900262e+10 7.1837461175e-04 1.0158648593e+02
W 2.0094358642e-02 1.0974987655e+11 7.6613394572e-04 1.1625983105e+02
W 2.0094358642e-02 1.3848863714e+11 7.9529905442e-04 1.3126956996e+02
W 2.0094358642e-02 1.7475284000e+11 8.2552741130e-04 1.4821714295e+02
W 2.0094358642e-02 2.2051307399e+11 8.5682153184e-04 1.6735273430e+02
W 2.0094358642e-02 2.7825594022e+11 8.8917536753e-04 1.8895882839e+02
W 2.0094358642e-02 3.5111917342e+11 9.4780552343e-04 2.1625240073e+02
W 2.0094358642e-02 4.4306214576e+11 9.8315799032e-04 2.4417169190e+02
W 2.0094358642e-02 5.5908101825e+11 1.0195069654e-03 2.7569550638e+02
W 2.0094358642e-02 7.0548023107e+11 1.0567883848e-03 3.1128920656e+02
W 2.0094358642e-02 8.9021508545e+11 1.0949160058e-03 3.5147823552e+02
W 2.0094358642e-02 1.1233240330e+12 1.1647870023e-03 4.0224641994e+02
W 2.0094358642e-02 1.4174741629e+12 1.2053175853e-03 4.5417849044e+02
W 2.0094358642e-02 1.7886495291e+12 1.2462698789e-03 5.1281525689e+02
W 2.0094358642e-02 2.2570197196e+12 1.2874157166e-03 5.7902232984e+02
W 2.0094358642e-02 2.8480358684e+12 1.3648113300e-03 6.6265741577e+02
W 2.0094358642e-02 3.5938136638e+12 1.4065617471e-03 7.4820987794e+02
W 2.0094358642e-02 4.5348785081e+12 1.4474644309e-03 8.4480760063e+02
W 2.0094358642e-02 5.7223676594e+12 1.4870274788e-03 9.5387658345e+02
W 2.0094358642e-02 7.2208090184e+12 1.5663728465e-03 1.0916563303e+03
W 2.0094358642e-02 9.1116275612e+12 1.6023817338e-03 1.2325947469e+03
W 2.0094358642e-02 1.1497569954e+13 1.6349231939e-03 1.3917290340e+03
W 2.0094358642e-02 1.4508287785e+13 1.6630792189e-03 1.5714083716e+03
W 2.0094358642e-02 1.8307382803e+13 1.7319197441e-03 1.7983855837e+03
W 2.0094358642e-02 2.3101297001e+13 1.7485114649e-03 2.0305663622e+03
W 2.0094358642e-02 2.9150530628e+13 1.7570343412e-03 2.2927228668e+03
W 2.0094358642e-02 3.6783797718e+13 1.7560829590e-03 2.5887251173e+03
W 2.0094358642e-02 4.6415888336e+13 1.7918891840e-03 2.9626454939e+03
W 2.0094358642e-02 5.8570208181e+13 1.7668870796e-03 3.3451381824e+03
W 2.0094358642e-02 7.3907220335e+13 1.7276316577e-03 3.7770126337e+03
W 2.0094358642e-02 9.3260334688e+13 1.7185593737e-03 4.3225715179e+03
W 2.0094358642e-02 1.1768119524e+14 1.6451890113e-03 4.8806376128e+03
W 2.0094358642e-02 1.4849682623e+14 1.5541935295e-03 5.5107528953e+03
W 2.0094358642e-02 1.8738174229e+14 1.4456637399e-03 6.2222192842e+03
W 2.0094358642e-02 2.3644894126e+14 1.3566887708e-03 7.1209684648e+03
W 2.0094358642e-02 2.9836472403e+14 1.2132617135e-03 8.0403219206e+03
W 2.0094358642e-02 3.7649358068e+14 1.0582985417e-03 9.0783686106e+03
W 2.0094358642e-02 4.7508101621e+14 9.2098929164e-04 1.0389665429e+04
W 2.0094358642e-02 5.9948425032e+14 7.5363016017e-04 1.1731024384e+04
W 2.0094358642e-02 7.5646332755e+14 5.9196524571e-04 1.3245559641e+04
W 2.0094358642e-02 9.5454845666e+14 4.5518816688e-04 1.5158773453e+04
W 2.0094358642e-02 1.2045035403e+15 3.2179318001e-04 1.7115848650e+04
W 2.0094358642e-02 1.5199110830e+15 2.1247442031e-04 1.9325592266e+04
W 2.0094358642e-02 1.9179102617e+15 1.3272714548e-04 2.2117017547e+04
W 2.0094358642e-02 2.4201282648e+15 7.3101497907e-05 2.4972437651e+04
W 2.0094358642e-02 3.0538555088e+15 3.5808333901e-05 2.8196507098e+04
W 2.0094358642e-02 3.8535285937e+15 1.5689023742e-05 3.2269264179e+04
W 2.0094358642e-02 4.8626015801e+15 5.6646704435e-06 3.6435391257e+04
W 2.0094358642e-02 6.1359072734e+15 1.7110230483e-06 4.1698188426e+04
W 2.0094358642e-02 7.7426368268e+15 3.8874002310e-07 4.7081637858e+04
W 2.0094358642e-02 9.7700995730e+15 6.3917551990e-08 5.3160118149e+04
W 2.0094358642e-02 1.2328467394e+16 7.2352023338e-09 6.0838666662e+04
W 2.0094358642e-02 1.5556761439e+16 4.8980711653e-10 6.8693249746e+04
W 2.0094358642e-02 1.9630406500e+16 1.8988070063e-11 7.8615433311e+04
W 2.0094358642e-02 2.4770763560e+16 3.5700289063e-13 8.8765087906e+04
W 2.0094358642e-02 3.1257158497e+16 2.9224339721e-15 1.0022511483e+05
W 2.0094358642e-02 3.9442060594e+16 9.0349262922e-18 1.1470182092e+05
W 2.0094358642e-02 4.9770235643e+16 8.0324414624e-21 1.2951041276e+05
W 2.0094358642e-02 6.2802914418e+16 1.6280349628e-24 1.4821714295e+05
W 2.0094358642e-02 7.9248289835e+16 4.8940693090e-29 1.6735273430e+05
W 2.0094358642e-02 1.0000000000e+17 1.4064099645e-34 1.9152548135e+05
W 2.1546739653e-02 1.2618568831e+07 1.8846935280e-04 9.5387658345e-01
W 2.1546739653e-02 1.5922827933e+07 1.9429675453e-04 1.0770269299e+00
W 2.1546739653e-02 2.0092330026e+07 2.0582455693e-04 1.2325947469e+00
W 2.1546739653e-02 2.5353644940e+07 2.1227503341e-04 1.3917290340e+00
W 2.1546739653e-02 3.1992671378e+07 2.1897282337e-04 1.5714083716e+00
W 2.1546739653e-02 4.0370172586e+07 2.2592891143e-04 1.7742852309e+00
W 2.1546739653e-02 5.0941380148e+07 2.3315481679e-04 2.0033545305e+00
W 2.1546739653e-02 6.4280731173e+07 2.4066260287e-04 2.2619978484e+00
W 2.1546739653e-02 8.1113083079e+07 2.5526063188e-04 2.5887251173e+00
W 2.1546739653e-02 1.0235310219e+08 2.6359256725e-04 2.9229427725e+00
W 2.1546739653e-02 1.2915496650e+08 2.7225499411e-04 3.3003096366e+00
W 2.1546739653e-02 1.6297508346e+08 2.8126288658e-04 3.7263964933e+00
W 2.1546739653e-02 2.0565123083e+08 2.9063192034e-04 4.2074933428e+00
W 2.1546739653e-02 2.5950242114e+08 3.0037853150e-04 4.7507022567e+00
W 2.1546739653e-02 3.2745491629e+08 3.1901288153e-04 5.4369027208e+00
W 2.1546739653e-02 4.1320124001e+08 3.2985571792e-04 6.1388346743e+00
W 2.1546739653e-02 5.2140082880e+08 3.4114198097e-04 6.9313896337e+00
W 2.1546739653e-02 6.5793322466e+08 3.5289187653e-04 7.8262674927e+00
W 2.1546739653e-02 8.3021756813e+08 3.6512652369e-04 8.8366786611e+00
W 2.1546739653e-02 1.0476157528e+09 3.8820292520e-04 1.0113065324e+01
W 2.1546739653e-02 1.3219411485e+09 4.0183703778e-04 1.1418713790e+01
W 2.1546739653e-02 1.6681005372e+09 4.1603990248e-04 1.2892928152e+01
W 2.1546739653e-02 2.1049041445e+09 4.3083699639e-04 1.4557471130e+01
W 2.1546739653e-02 2.6560877829e+09 4.4625477439e-04 1.6436915121e+01
W 2.1546739653e-02 3.3516026509e+09 4.6232062411e-04 1.8559004946e+01
W 2.1546739653e-02 4.2292428744e+09 4.9216555015e-04 2.1239702897e+01
W 2.1546739653e-02 5.3366992312e+09 5.1009045867e-04 2.3981857192e+01
W 2.1546739653e-02 6.7341506578e+09 5.2877091778e-04 2.7078037634e+01
W 2.1546739653e-02 8.4975343591e+09 5.4823842551e-04 3.0573950809e+01
W 2.1546739653e-02 1.0722672220e+10 5.6852509528e-04 3.4521204259e+01
W 2.1546739653e-02 1.3530477746e+10 5.8966347780e-04 3.8978068320e+01
W 2.1546739653e-02 1.7073526475e+10 6.2841654233e-04 4.4608134598e+01
W 2.1546739653e-02 2.1544346900e+10 6.5198442688e-04 5.0367272966e+01
W 2.1546739653e-02 2.7185882427e+10 6.7652844597e-04 5.6869945558e+01
W 2.1546739653e-02 3.4304692863e+10 7.0208153261e-04 6.4212146446e+01
W 2.1546739653e-02 4.3287612811e+10 7.2867565412e-04 7.2502263027e+01
W 2.1546739653e-02 5.4622772177e+10 7.7702761176e-04 8.2974627711e+01
W 2.1546739653e-02 6.8926121044e+10 8.0657932970e-04 9.3687076602e+01
W 2.1546739653e-02 8.6974900262e+10 8.3728656734e-04 1.0578255744e+02
W 2.1546739653e-02 1.0974987655e+11 8.6917119062e-04 1.1943962674e+02
W 2.1546739653e-02 1.3848863714e+11 9.0225017642e-04 1.3485989354e+02
W 2.1546739653e-02 1.7475284000e+11 9.6214890990e-04 1.5433931290e+02
W 2.1546739653e-02 2.2051307399e+11 9.9861091196e-04 1.7426530772e+02
W 2.1546739653e-02 2.7825594022e+11 1.0363061371e-03 1.9676385039e+02
W 2.1546739653e-02 3.5111917342e+11 1.0752151394e-03 2.2216707001e+02
W 2.1546739653e-02 4.4306214576e+11 1.1153037619e-03 2.5084997524e+02
W 2.1546739653e-02 5.5908101825e+11 1.1881518455e-03 2.8708322248e+02
W 2.1546739653e-02 7.0548023107e+11 1.2315790573e-03 3.2414713507e+02
W 2.1546739653e-02 8.9021508545e+11 1.2759888684e-03 3.6599618837e+02
W 2.1546739653e-02 1.1233240330e+12 1.3212496757e-03 4.1324816853e+02
W 2.1546739653e-02 1.4174741629e+12 1.3671937506e-03 4.6660062104e+02
W 2.1546739653e-02 1.7886495291e+12 1.4522743556e-03 5.3399730166e+02
W 2.1546739653e-02 2.2570197196e+12 1.5001807038e-03 6.0293908495e+02
W 2.1546739653e-02 2.8480358684e+12 1.5479811530e-03 6.8078160513e+02
W 2.1546739653e-02 3.5938136638e+12 1.5952824337e-03 7.6867399286e+02
W 2.1546739653e-02 4.5348785081e+12 1.6865130751e-03 8.7970272549e+02
W 2.1546739653e-02 5.7223676594e+12 1.7325407843e-03 9.9327684744e+02
W 2.1546739653e-02 7.2208090184e+12 1.7763220861e-03 1.1215139695e+03
W 2.1546739653e-02 9.1116275612e+12 1.8170687863e-03 1.2663071600e+03
W 2.1546739653e-02 1.1497569954e+13 1.9045747163e-03 1.4492149732e+03
W 2.1546739653e-02 1.4508287785e+13 1.9372583903e-03 1.6363160397e+03
W 2.1546739653e-02 1.8307382803e+13 1.9636074823e-03 1.8475728109e+03
W 2.1546739653e-02 2.3101297001e+13 1.9822716478e-03 2.0861039120e+03
W 2.1546739653e-02 2.9150530628e+13 2.0462455011e-03 2.3874247263e+03
W 2.1546739653e-02 3.6783797718e+13 2.0449483725e-03 2.6956534713e+03
W 2.1546739653e-02 4.6415888336e+13 2.0308822605e-03 3.0436761240e+03
W 2.1546739653e-02 5.8570208181e+13 2.0023128862e-03 3.4366302814e+03
W 2.1546739653e-02 7.3907220335e+13 2.0111123594e-03 3.9330236916e+03
W 2.1546739653e-02 9.3260334688e+13 1.9470050343e-03 4.4407971694e+03
W 2.1546739653e-02 1.1768119524e+14 1.8635720237e-03 5.0141268007e+03
W 2.1546739653e-02 1.4849682623e+14 1.8083086824e-03 5.7383768066e+03
W 2.1546739653e-02 1.8738174229e+14 1.6816751712e-03 6.4792306068e+03
W 2.1546739653e-02 2.3644894126e+14 1.5357868040e-03 7.3157324225e+03
W 2.1546739653e-02 2.9836472403e+14 1.3730458510e-03 8.2602309016e+03
W 2.1546739653e-02 3.7649358068e+14 1.2300425179e-03 9.4533543540e+03
W 2.1546739653e-02 4.7508101621e+14 1.0415743381e-03 1.0673830759e+04
W 2.1546739653e-02 5.9948425032e+14 8.5194765488e-04 1.2051876912e+04
W 2.1546739653e-02 7.5646332755e+14 6.8716475772e-04 1.3792672921e+04
W 2.1546739653e-02 9.5454845666e+14 5.1403839112e-04 1.5573377552e+04
W 2.1546739653e-02 1.2045035403e+15 3.6316292008e-04 1.7583980259e+04
W 2.1546739653e-02 1.5199110830e+15 2.4616381088e-04 2.0123843791e+04
W 2.1546739653e-02 1.9179102617e+15 1.4954710042e-04 2.2721934967e+04
W 2.1546739653e-02 2.4201282648e+15 8.4531344236e-05 2.6003934443e+04
W 2.1546739653e-02 3.0538555088e+15 4.1357391053e-05 2.9361175402e+04
W 2.1546739653e-02 3.8535285937e+15 1.7612935230e-05 3.3151853343e+04
W 2.1546739653e-02 4.8626015801e+15 6.5223349666e-06 3.7940370054e+04
W 2.1546739653e-02 6.1359072734e+15 1.9138222843e-06 4.2838665911e+04
W 2.1546739653e-02 7.7426368268e+15 4.3378000099e-07 4.8369356820e+04
W 2.1546739653e-02 9.7700995730e+15 7.3063563590e-08 5.5355918659e+04
W 2.1546739653e-02 1.2328467394e+16 8.0223771486e-09 6.2502650930e+04
W 2.1546739653e-02 1.5556761439e+16 5.5560995368e-10 7.1530652635e+04
W 2.1546739653e-02 1.9630406500e+16 2.0859358641e-11 8.0765625803e+04
W 2.1546739653e-02 2.4770763560e+16 3.8979140703e-13 9.1192881248e+04
W 2.1546739653e-02 3.1257158497e+16 3.2540307950e-15 1.0436495435e+05
W 2.1546739653e-02 3.9442060594e+16 9.7056772936e-18 1.1783900384e+05
W 2.1546739653e-02 4.9770235643e+16 8.7702473373e-21 1.3485989354e+05
W 2.1546739653e-02 6.2802914418e+16 1.7079171002e-24 1.5227099567e+05
W 2.1546739653e-02 7.9248289835e+16 5.1917815663e-29 1.7426530772e+05
W 2.1546739653e-02 1.0000000000e+17 1.4243224695e-34 1.9676385039e+05
W 2.3104095928e-02 1.2618568831e+07 2.1972727823e-04 9.9327684744e-01
W 2.3104095928e-02 1.5922827933e+07 2.2652108447e-04 1.1215139695e+00
W 2.3104095928e-02 2.0092330026e+07 2.3357230919e-04 1.2663071600e+00
W 2.3104095928e-02 2.5353644940e+07 2.4089228526e-04 1.4297938922e+00
W 2.3104095928e-02 3.1992671378e+07 2.5528936794e-04 1.6363160397e+00
W 2.3104095928e-02 4.0370172586e+07 2.6339897601e-04 1.8475728109e+00
W 2.3104095928e-02 5.0941380148e+07 2.7182312525e-04 2.0861039120e+00
W 2.3104095928e-02 6.4280731173e+07 2.8057587657e-04 2.3554305985e+00
W 2.3104095928e-02 8.1113083079e+07 2.8967198089e-04 2.6595287378e+00
W 2.3104095928e-02 1.0235310219e+08 2.9912689168e-04 3.0028875026e+00
W 2.3104095928e-02 1.2915496650e+08 3.1740701331e-04 3.4366302814e+00
W 2.3104095928e-02 1.6297508346e+08 3.2790849842e-04 3.8803168307e+00
W 2.3104095928e-02 2.0565123083e+08 3.3883096684e-04 4.3812855831e+00
W 2.3104095928e-02 2.5950242114e+08 3.5019357392e-04 4.9469319642e+00
W 2.3104095928e-02 3.2745491629e+08 3.6201636832e-04 5.5856061867e+00
W 2.3104095928e-02 4.1320124001e+08 3.7432032652e-04 6.3067365184e+00
W 2.3104095928e-02 5.2140082880e+08 3.9771563719e-04 7.2176935289e+00
W 2.3104095928e-02 6.5793322466e+08 4.1141342671e-04 8.1495346853e+00
W 2.3104095928e-02 8.3021756813e+08 4.2567625293e-04 9.2016813019e+00
W 2.3104095928e-02 1.0476157528e+09 4.4052977885e-04 1.0389665429e+01
W 2.3104095928e-02 1.3219411485e+09 4.5600073132e-04 1.1731024384e+01
W 2.3104095928e-02 1.6681005372e+09 4.7211695257e-04 1.3245559641e+01
W 2.3104095928e-02 2.1049041445e+09 5.0227932570e-04 1.5158773453e+01
W 2.3104095928e-02 2.6560877829e+09 5.2025235654e-04 1.7115848650e+01
W 2.3104095928e-02 3.3516026509e+09 5.3898071048e-04 1.9325592266e+01
W 2.3104095928e-02 4.2292428744e+09 5.5849731535e-04 2.1820625087e+01
W 2.3104095928e-02 5.3366992312e+09 5.7883614628e-04 2.4637779409e+01
W 2.3104095928e-02 6.7341506578e+09 6.0003205473e-04 2.7818642764e+01
W 2.3104095928e-02 8.4975343591e+09 6.3913622340e-04 3.1836820402e+01
W 2.3104095928e-02 1.0722672220e+10 6.6278364354e-04 3.5947116777e+01
W 2.3104095928e-02 1.3530477746e+10 6.8742354719e-04 4.0588073439e+01
W 2.3104095928e-02 1.7073526475e+10 7.1309419972e-04 4.5828201346e+01
W 2.3104095928e-02 2.1544346900e+10 7.3983387320e-04 5.1744856573e+01
W 2.3104095928e-02 2.7185882427e+10 7.8867723250e-04 5.9218982013e+01
W 2.3104095928e-02 3.4304692863e+10 8.1846118055e-04 6.6864455523e+01
W 2.3104095928e-02 4.3287612811e+10 8.4945790732e-04 7.5496998774e+01
W 2.3104095928e-02 5.4622772177e+10 8.8170261033e-04 8.5244047518e+01
W 2.3104095928e-02 6.8926121044e+10 9.1522803421e-04 9.6249490116e+01
W 2.3104095928e-02 8.6974900262e+10 9.5006344399e-04 1.0867579165e+02
W 2.3104095928e-02 1.0974987655e+11 1.0132077275e-03 1.2437312957e+02
W 2.3104095928e-02 1.3848863714e+11 1.0517577757e-03 1.4043033682e+02
W 2.3104095928e-02 1.7475284000e+11 1.0917105283e-03 1.5856061167e+02
W 2.3104095928e-02 2.2051307399e+11 1.1330688310e-03 1.7903159775e+02
W 2.3104095928e-02 2.7825594022e+11 1.1758241405e-03 2.0214549285e+02
W 2.3104095928e-02 3.5111917342e+11 1.2533207545e-03 2.3134377207e+02
W 2.3104095928e-02 4.4306214576e+11 1.3000297100e-03 2.6121143648e+02
W 2.3104095928e-02 5.5908101825e+11 1.3480498167e-03 2.9493516915e+02
W 2.3104095928e-02 7.0548023107e+11 1.3972954535e-03 3.3301280821e+02
W 2.3104095928e-02 8.9021508545e+11 1.4476515624e-03 3.7600646527e+02
W 2.3104095928e-02 1.1233240330e+12 1.5399661708e-03 4.3031755383e+02
W 2.3104095928e-02 1.4174741629e+12 1.5934770542e-03 4.8587375130e+02
W 2.3104095928e-02 1.7886495291e+12 1.6475329720e-03 5.4860253806e+02
W 2.3104095928e-02 2.2570197196e+12 1.7018306462e-03 6.1942993208e+02
W 2.3104095928e-02 2.8480358684e+12 1.8040278947e-03 7.0890156889e+02
W 2.3104095928e-02 3.5938136638e+12 1.8590875002e-03 8.0042438779e+02
W 2.3104095928e-02 4.5348785081e+12 1.9130059478e-03 9.0376327080e+02
W 2.3104095928e-02 5.7223676594e+12 1.9651307145e-03 1.0204437322e+03
W 2.3104095928e-02 7.2208090184e+12 2.0697975222e-03 1.1678385646e+03
W 2.3104095928e-02 9.1116275612e+12 2.1171652142e-03 1.3186124973e+03
W 2.3104095928e-02 1.1497569954e+13 2.1599188033e-03 1.4888521160e+03
W 2.3104095928e-02 1.4508287785e+13 2.1968427715e-03 1.6810705404e+03
W 2.3104095928e-02 1.8307382803e+13 2.2874612668e-03 1.9238875646e+03
W 2.3104095928e-02 2.3101297001e+13 2.3090195512e-03 2.1722712908e+03
W 2.3104095928e-02 2.9150530628e+13 2.3198761746e-03 2.4527226266e+03
W 2.3104095928e-02 3.6783797718e+13 2.3181752064e-03 2.7693816645e+03
W 2.3104095928e-02 4.6415888336e+13 2.3649343277e-03 3.1693964161e+03
W 2.3104095928e-02 5.8570208181e+13 2.3313746785e-03 3.5785817064e+03
W 2.3104095928e-02 7.3907220335e+13 2.2789604072e-03 4.0405949108e+03
W 2.3104095928e-02 9.3260334688e+13 2.2059662600e-03 4.5622563833e+03
W 2.3104095928e-02 1.1768119524e+14 2.1687984878e-03 5.2212373672e+03
W 2.3104095928e-02 1.4849682623e+14 2.0480431309e-03 5.8953258204e+03
W 2.3104095928e-02 1.8738174229e+14 1.9041848305e-03 6.6564425412e+03
W 2.3104095928e-02 2.3644894126e+14 1.7860904818e-03 7.6179117543e+03
W 2.3104095928e-02 2.9836472403e+14 1.5963512956e-03 8.6014231310e+03
W 2.3104095928e-02 3.7649358068e+14 1.3915448516e-03 9.7119108575e+03
W 2.3104095928e-02 4.7508101621e+14 1.2100878561e-03 1.1114717722e+04
W 2.3104095928e-02 5.9948425032e+14 9.8933875429e-04 1.2549684637e+04
W 2.3104095928e-02 7.5646332755e+14 7.7633646119e-04 1.4169913121e+04
W 2.3104095928e-02 9.5454845666e+14 5.9627160610e-04 1.6216642306e+04
W 2.3104095928e-02 1.2045035403e+15 4.2096822548e-04 1.8310293784e+04
W 2.3104095928e-02 1.5199110830e+15 2.7752567541e-04 2.0674246377e+04
W 2.3104095928e-02 1.9179102617e+15 1.7304809898e-04 2.3660473821e+04
W 2.3104095928e-02 2.4201282648e+15 9.5106285985e-05 2.6715162026e+04
W 2.3104095928e-02 3.0538555088e+15 4.6471129598e-05 3.0164226104e+04
W 2.3104095928e-02 3.8535285937e+15 2.0301139513e-05 3.4521204259e+04
W 2.3104095928e-02 4.8626015801e+15 7.3045402555e-06 3.8978068320e+04
W 2.3104095928e-02 6.1359072734e+15 2.1387654775e-06 4.4010336332e+04
W 2.3104095928e-02 7.7426368268e+15 4.9674936236e-07 5.0367272966e+04
W 2.3104095928e-02 9.7700995730e+15 8.1191155316e-08 5.6869945558e+04
W 2.3104095928e-02 1.2328467394e+16 9.1244735333e-09 6.5084348593e+04
W 2.3104095928e-02 1.5556761439e+16 6.1234182793e-10 7.3487070933e+04
W 2.3104095928e-02 1.9630406500e+16 2.2864130353e-11 8.2974627711e+04
W 2.3104095928e-02 2.4770763560e+16 4.3606104094e-13 9.4959640655e+04
W 2.3104095928e-02 3.1257158497e+16 3.5154212114e-15 1.0721941603e+05
W 2.3104095928e-02 3.9442060594e+16 1.0669802969e-17 1.2270639228e+05
W 2.3104095928e-02 4.9770235643e+16 9.2772993569e-21 1.3854841522e+05
W 2.3104095928e-02 6.2802914418e+16 1.8303453162e-24 1.5856061167e+05
W 2.3104095928e-02 7.9248289835e+16 5.3244762195e-29 1.7903159775e+05
W 2.3104095928e-02 1.0000000000e+17 1.4305742887e-34 2.0214549285e+05
W 2.4774014875e-02 1.2618568831e+07 2.5621806879e-04 1.0343045555e+00
W 2.4774014875e-02 1.5922827933e+07 2.6414004432e-04 1.1678385646e+00
W 2.4774014875e-02 2.0092330026e+07 2.7236216932e-04 1.3186124973e+00
W 2.4774014875e-02 2.5353644940e+07 2.8089765620e-04 1.4888521160e+00
W 2.4774014875e-02 3.1992671378e+07 2.8976035934e-04 1.6810705404e+00
W 2.4774014875e-02 4.0370172586e+07 2.9896480832e-04 1.8981053466e+00
W 2.4774014875e-02 5.0941380148e+07 3.1696466894e-04 2.1722712908e+00
W 2.4774014875e-02 6.4280731173e+07 3.2717075008e-04 2.4527226266e+00
W 2.4774014875e-02 8.1113083079e+07 3.3777716493e-04 2.7693816645e+00
W 2.4774014875e-02 1.0235310219e+08 3.4880192823e-04 3.1269230040e+00
W 2.4774014875e-02 1.2915496650e+08 3.6026392265e-04 3.5306247595e+00
W 2.4774014875e-02 1.6297508346e+08 3.7218295054e-04 3.9864464768e+00
W 2.4774014875e-02 2.0565123083e+08 3.9509829240e-04 4.5622563833e+00
W 2.4774014875e-02 2.5950242114e+08 4.0834730264e-04 5.1512670205e+00
W 2.4774014875e-02 3.2745491629e+08 4.2213283959e-04 5.8163219439e+00
W 2.4774014875e-02 4.1320124001e+08 4.3647935278e-04 6.5672388601e+00
W 2.4774014875e-02 5.2140082880e+08 4.5141243345e-04 7.4151029914e+00
W 2.4774014875e-02 6.5793322466e+08 4.6695879368e-04 8.3724307193e+00
W 2.4774014875e-02 8.3021756813e+08 4.9636077458e-04 9.5817605267e+00
W 2.4774014875e-02 1.0476157528e+09 5.1367971537e-04 1.0818814826e+01
W 2.4774014875e-02 1.3219411485e+09 5.3171844363e-04 1.2215579163e+01
W 2.4774014875e-02 1.6681005372e+09 5.5050940337e-04 1.3792672921e+01
W 2.4774014875e-02 2.1049041445e+09 5.7008625986e-04 1.5573377552e+01
W 2.4774014875e-02 2.6560877829e+09 5.9048396616e-04 1.7583980259e+01
W 2.4774014875e-02 3.3516026509e+09 6.2847022619e-04 2.0123843791e+01
W 2.4774014875e-02 4.2292428744e+09 6.5122512661e-04 2.2721934967e+01
W 2.4774014875e-02 5.3366992312e+09 6.7493843371e-04 2.5655453004e+01
W 2.4774014875e-02 6.7341506578e+09 6.9965074037e-04 2.8967703227e+01
W 2.4774014875e-02 8.4975343591e+09 7.2540362577e-04 3.2707581897e+01
W 2.4774014875e-02 1.0722672220e+10 7.5223947037e-04 3.6930298034e+01
W 2.4774014875e-02 1.3530477746e+10 8.0154032114e-04 4.2264580479e+01
W 2.4774014875e-02 1.7073526475e+10 8.3146808489e-04 4.7721154022e+01
W 2.4774014875e-02 2.1544346900e+10 8.6264162922e-04 5.3882199122e+01
W 2.4774014875e-02 2.7185882427e+10 8.9510517891e-04 6.0838666662e+01
W 2.4774014875e-02 3.4304692863e+10 9.2890209691e-04 6.8693249746e+01
W 2.4774014875e-02 4.3287612811e+10 9.6407444009e-04 7.7561899686e+01
W 2.4774014875e-02 5.4622772177e+10 1.0280308903e-03 8.8765087906e+01
W 2.4774014875e-02 6.8926121044e+10 1.0671111202e-03 1.0022511483e+02
W 2.4774014875e-02 8.6974900262e+10 1.1077172437e-03 1.1316468985e+02
W 2.4774014875e-02 1.0974987655e+11 1.1498777860e-03 1.2777483020e+02
W 2.4774014875e-02 1.3848863714e+11 1.1936147499e-03 1.4427121441e+02
W 2.4774014875e-02 1.7475284000e+11 1.2728274578e-03 1.6511002285e+02
W 2.4774014875e-02 2.2051307399e+11 1.3210301153e-03 1.8642657141e+02
W 2.4774014875e-02 2.7825594022e+11 1.3708586887e-03 2.1049519544e+02
W 2.4774014875e-02 3.5111917342e+11 1.4222866825e-03 2.3767120195e+02
W 2.4774014875e-02 4.4306214576e+11 1.4752680416e-03 2.6835576992e+02
W 2.4774014875e-02 5.5908101825e+11 1.5715725420e-03 3.0711758742e+02
W 2.4774014875e-02 7.0548023107e+11 1.6289512649e-03 3.4676803901e+02
W 2.4774014875e-02 8.9021508545e+11 1.6876191255e-03 3.9153756672e+02
W 2.4774014875e-02 1.1233240330e+12 1.7474006216e-03 4.4208706948e+02
W 2.4774014875e-02 1.4174741629e+12 1.8080723083e-03 4.9916277164e+02
W 2.4774014875e-02 1.7886495291e+12 1.9204828320e-03 5.7126279118e+02
W 2.4774014875e-02 2.2570197196e+12 1.9837138523e-03 6.4501573980e+02
W 2.4774014875e-02 2.8480358684e+12 2.0467849194e-03 7.2829057136e+02
W 2.4774014875e-02 3.5938136638e+12 2.1091735379e-03 8.2231660967e+02
W 2.4774014875e-02 4.5348785081e+12 2.2296125608e-03 9.4109358382e+02
W 2.4774014875e-02 5.7223676594e+12 2.2902585009e-03 1.0625935796e+03
W 2.4774014875e-02 7.2208090184e+12 2.3479024926e-03 1.1997798464e+03
W 2.4774014875e-02 9.1116275612e+12 2.4014993829e-03 1.3546775620e+03
W 2.4774014875e-02 1.1497569954e+13 2.4498418625e-03 1.5295733651e+03
W 2.4774014875e-02 1.4508287785e+13 2.5596953395e-03 1.7505078494e+03
W 2.4774014875e-02 1.8307382803e+13 2.5941248619e-03 1.9765073674e+03
W 2.4774014875e-02 2.3101297001e+13 2.6183489423e-03 2.2316845792e+03
W 2.4774014875e-02 2.9150530628e+13 2.7023522770e-03 2.5540333419e+03
W 2.4774014875e-02 3.6783797718e+13 2.7000825144e-03 2.8837721114e+03
W 2.4774014875e-02 4.6415888336e+13 2.6808912129e-03 3.2560818428e+03
W 2.4774014875e-02 5.8570208181e+13 2.6424935240e-03 3.6764586650e+03
W 2.4774014875e-02 7.3907220335e+13 2.6533338877e-03 4.2074933428e+03
W 2.4774014875e-02 9.3260334688e+13 2.5679124620e-03 4.7507022567e+03
W 2.4774014875e-02 1.1768119524e+14 2.4569623300e-03 5.3640422201e+03
W 2.4774014875e-02 1.4849682623e+14 2.3196588204e-03 6.0565675103e+03
W 2.4774014875e-02 1.8738174229e+14 2.2151640790e-03 6.9313896337e+03
W 2.4774014875e-02 2.3644894126e+14 2.0219008206e-03 7.8262674927e+03
W 2.4774014875e-02 2.9836472403e+14 1.8065340006e-03 8.8366786611e+03
W 2.4774014875e-02 3.7649358068e+14 1.6172420717e-03 1.0113065324e+04
W 2.4774014875e-02 4.7508101621e+14 1.3683404147e-03 1.1418713790e+04
W 2.4774014875e-02 5.9948425032e+14 1.1181839351e-03 1.2892928152e+04
W 2.4774014875e-02 7.5646332755e+14 9.0094024349e-04 1.4755207201e+04
W 2.4774014875e-02 9.5454845666e+14 6.7312042523e-04 1.6660179931e+04
W 2.4774014875e-02 1.2045035403e+15 4.7487004799e-04 1.8811094384e+04
W 2.4774014875e-02 1.5199110830e+15 3.2134472292e-04 2.1528204613e+04
W 2.4774014875e-02 1.9179102617e+15 1.9483937546e-04 2.4307605956e+04
W 2.4774014875e-02 2.4201282648e+15 1.0695591243e-04 2.7445842229e+04
W 2.4774014875e-02 3.0538555088e+15 5.3615992965e-05 3.1410171850e+04
W 2.4774014875e-02 3.8535285937e+15 2.2761632580e-05 3.5465385714e+04
W 2.4774014875e-02 4.8626015801e+15 8.1740555057e-06 4.0044148431e+04
W 2.4774014875e-02 6.1359072734e+15 2.4531786995e-06 4.5828201346e+04
W 2.4774014875e-02 7.7426368268e+15 5.5308150912e-07 5.1744856573e+04
W 2.4774014875e-02 9.7700995730e+15 9.2563153434e-08 5.9218982013e+04
W 2.4774014875e-02 1.2328467394e+16 1.0084995372e-08 6.6864455523e+04
W 2.4774014875e-02 1.5556761439e+16 6.7352461080e-10 7.5496998774e+04
W 2.4774014875e-02 1.9630406500e+16 2.5685387725e-11 8.6401928782e+04
W 2.4774014875e-02 2.4770763560e+16 4.7346677641e-13 9.7556859773e+04
W 2.4774014875e-02 3.1257158497e+16 3.8881347086e-15 1.1164815803e+05
W 2.4774014875e-02 3.9442060594e+16 1.1369693975e-17 1.2606250637e+05
W 2.4774014875e-02 4.9770235643e+16 9.7642525188e-21 1.4233782081e+05
W 2.4774014875e-02 6.2802914418e+16 1.8977383468e-24 1.6289736620e+05
W 2.4774014875e-02 7.9248289835e+16 5.4205396733e-29 1.8392824948e+05
W 2.4774014875e-02 1.0000000000e+17 1.4630567544e-34 2.1049519544e+05
W 2.6564632302e-02 1.2618568831e+07 2.9087399057e-04 1.0625935796e+00
W 2.6564632302e-02 1.5922827933e+07 2.9986736682e-04 1.1997798464e+00
W 2.6564632302e-02 2.0092330026e+07 3.1765836466e-04 1.3730783280e+00
W 2.6564632302e-02 2.5353644940e+07 3.2761320925e-04 1.5503497641e+00
W 2.6564632302e-02 3.1992671378e+07 3.3794965837e-04 1.7505078494e+00
W 2.6564632302e-02 4.0370172586e+07 3.4868465400e-04 1.9765073674e+00
W 2.6564632302e-02 5.0941380148e+07 3.5983596178e-04 2.2316845792e+00
W 2.6564632302e-02 6.4280731173e+07 3.7142218580e-04 2.5198064745e+00
W 2.6564632302e-02 8.1113083079e+07 3.9395084573e-04 2.8837721114e+00
W 2.6564632302e-02 1.0235310219e+08 4.0680868951e-04 3.2560818428e+00
W 2.6564632302e-02 1.2915496650e+08 4.2017641504e-04 3.6764586650e+00
W 2.6564632302e-02 1.6297508346e+08 4.3407710984e-04 4.1511082855e+00
W 2.6564632302e-02 2.0565123083e+08 4.4853494140e-04 4.6870376000e+00
W 2.6564632302e-02 2.5950242114e+08 4.6357524772e-04 5.2921581306e+00
W 2.6564632302e-02 3.2745491629e+08 4.9233170636e-04 6.0565675103e+00
W 2.6564632302e-02 4.1320124001e+08 5.0906317753e-04 6.8385013580e+00
W 2.6564632302e-02 5.2140082880e+08 5.2647863277e-04 7.7213868654e+00
W 2.6564632302e-02 6.5793322466e+08 5.4460920980e-04 8.7182574082e+00
W 2.6564632302e-02 8.3021756813e+08 5.6348744994e-04 9.8438290376e+00
W 2.6564632302e-02 1.0476157528e+09 5.8314728478e-04 1.1114717722e+01
W 2.6564632302e-02 1.3219411485e+09 6.0362404902e-04 1.2549684637e+01
W 2.6564632302e-02 1.6681005372e+09 6.4204753512e-04 1.4362384940e+01
W 2.6564632302e-02 2.1049041445e+09 6.6487775793e-04 1.6216642306e+01
W 2.6564632302e-02 2.6560877829e+09 6.8866502990e-04 1.8310293784e+01
W 2.6564632302e-02 3.3516026509e+09 7.1345150913e-04 2.0674246377e+01
W 2.6564632302e-02 4.2292428744e+09 7.3928069926e-04 2.3343397343e+01
W 2.6564632302e-02 5.3366992312e+09 7.6619747928e-04 2.6357149352e+01
W 2.6564632302e-02 6.7341506578e+09 8.1597116540e-04 3.0164226104e+01
W 2.6564632302e-02 8.4975343591e+09 8.4600181213e-04 3.4058581998e+01
W 2.6564632302e-02 1.0722672220e+10 8.7729486354e-04 3.8455719160e+01
W 2.6564632302e-02 1.3530477746e+10 9.0990032208e-04 4.3420549222e+01
W 2.6564632302e-02 1.7073526475e+10 9.4386866025e-04 4.9026364243e+01
W 2.6564632302e-02 2.1544346900e+10 9.7925033567e-04 5.5355918659e+01
W 2.6564632302e-02 2.7185882427e+10 1.0438864246e-03 6.3351632771e+01
W 2.6564632302e-02 3.4304692863e+10 1.0832931472e-03 7.1530652635e+01
W 2.6564632302e-02 4.3287612811e+10 1.1243026450e-03 8.0765625803e+01
W 2.6564632302e-02 5.4622772177e+10 1.1669611659e-03 9.1192881248e+01
W 2.6564632302e-02 6.8926121044e+10 1.2113116655e-03 1.0296634871e+02
W 2.6564632302e-02 8.6974900262e+10 1.2573924423e-03 1.1625983105e+02
W 2.6564632302e-02 1.0974987655e+11 1.3409348183e-03 1.3305262203e+02
W 2.6564632302e-02 1.3848863714e+11 1.3919225125e-03 1.5023039616e+02
W 2.6564632302e-02 1.7475284000e+11 1.4447613735e-03 1.6962590881e+02
W 2.6564632302e-02 2.2051307399e+11 1.4994544324e-03 1.9152548135e+02
W 2.6564632302e-02 2.7825594022e+11 1.5559895516e-03 2.1625240073e+02
W 2.6564632302e-02 3.5111917342e+11 1.6584895042e-03 2.4748830855e+02
W 2.6564632302e-02 4.4306214576e+11 1.7202387226e-03 2.7944031520e+02
W 2.6564632302e-02 5.5908101825e+11 1.7837129184e-03 3.1551748936e+02
W 2.6564632302e-02 7.0548023107e+11 1.8487974073e-03 3.5625241125e+02
W 2.6564632302e-02 8.9021508545e+11 1.9153383861e-03 4.0224641994e+02
W 2.6564632302e-02 1.1233240330e+12 2.0373760459e-03 4.6034765743e+02
W 2.6564632302e-02 1.4174741629e+12 2.1080569140e-03 5.1978089490e+02
W 2.6564632302e-02 1.7886495291e+12 2.1794397639e-03 5.8688726735e+02
W 2.6564632302e-02 2.2570197196e+12 2.2511208922e-03 6.6265741577e+02
W 2.6564632302e-02 2.8480358684e+12 2.3861330387e-03 7.5837291248e+02
W 2.6564632302e-02 3.5938136638e+12 2.4587651539e-03 8.5628273491e+02
W 2.6564632302e-02 4.5348785081e+12 2.5298564485e-03 9.6683321627e+02
W 2.6564632302e-02 5.7223676594e+12 2.5985403222e-03 1.0916563303e+03
W 2.6564632302e-02 7.2208090184e+12 2.6637977194e-03 1.2325947469e+03
W 2.6564632302e-02 9.1116275612e+12 2.7989563179e-03 1.4106330750e+03
W 2.6564632302e-02 1.1497569954e+13 2.8551081404e-03 1.5927530210e+03
W 2.6564632302e-02 1.4508287785e+13 2.9034992303e-03 1.7983855837e+03
W 2.6564632302e-02 1.8307382803e+13 2.9423097348e-03 2.0305663622e+03
W 2.6564632302e-02 2.3101297001e+13 3.0507301218e-03 2.3238652272e+03
W 2.6564632302e-02 2.9150530628e+13 3.0644664468e-03 2.6238881157e+03
W 2.6564632302e-02 3.6783797718e+13 3.0615411318e-03 2.9626454939e+03
W 2.6564632302e-02 4.6415888336e+13 3.0393901236e-03 3.3451381824e+03
W 2.6564632302e-02 5.8570208181e+13 3.0773531268e-03 3.8283162999e+03
W 2.6564632302e-02 7.3907220335e+13 3.0072267718e-03 4.3225715179e+03
W 2.6564632302e-02 9.3260334688e+13 2.9098808180e-03 4.8806376128e+03
W 2.6564632302e-02 1.1768119524e+14 2.8597146856e-03 5.5856061867e+03
W 2.6564632302e-02 1.4849682623e+14 2.6992741295e-03 6.3067365184e+03
W 2.6564632302e-02 1.8738174229e+14 2.5083900595e-03 7.1209684648e+03
W 2.6564632302e-02 2.3644894126e+14 2.2888549492e-03 8.0403219206e+03
W 2.6564632302e-02 2.9836472403e+14 2.1002656264e-03 9.2016813019e+03
W 2.6564632302e-02 3.7649358068e+14 1.8294220768e-03 1.0389665429e+04
W 2.6564632302e-02 4.7508101621e+14 1.5471685662e-03 1.1731024384e+04
W 2.6564632302e-02 5.9948425032e+14 1.2982275903e-03 1.3425475844e+04
W 2.6564632302e-02 7.5646332755e+14 1.0175502002e-03 1.5158773453e+04
W 2.6564632302e-02 9.5454845666e+14 7.5971936573e-04 1.7115848650e+04
W 2.6564632302e-02 1.2045035403e+15 5.5018232107e-04 1.9588094363e+04
W 2.6564632302e-02 1.5199110830e+15 3.6205951226e-04 2.2117017547e+04
W 2.6564632302e-02 1.9179102617e+15 2.1928722719e-04 2.4972437651e+04
W 2.6564632302e-02 2.4201282648e+15 1.2351150356e-04 2.8579504013e+04
W 2.6564632302e-02 3.0538555088e+15 6.0176919355e-05 3.2269264179e+04
W 2.6564632302e-02 3.8535285937e+15 2.5502140227e-05 3.6435391257e+04
W 2.6564632302e-02 4.8626015801e+15 9.3892008719e-06 4.1698188426e+04
W 2.6564632302e-02 6.1359072734e+15 2.7360847448e-06 4.7081637858e+04
W 2.6564632302e-02 7.7426368268e+15 6.3186382883e-07 5.3882199122e+04
W 2.6564632302e-02 9.7700995730e+15 1.0256635877e-07 6.0838666662e+04
W 2.6564632302e-02 1.2328467394e+16 1.1126780613e-08 6.8693249746e+04
W 2.6564632302e-02 1.5556761439e+16 7.5945176993e-10 7.8615433311e+04
W 2.6564632302e-02 1.9630406500e+16 2.8014120617e-11 8.8765087906e+04
W 2.6564632302e-02 2.4770763560e+16 5.2650111147e-13 1.0158648593e+05
W 2.6564632302e-02 3.1257158497e+16 4.1702215003e-15 1.1470182092e+05
W 2.6564632302e-02 3.9442060594e+16 1.2060939969e-17 1.2951041276e+05
W 2.6564632302e-02 4.9770235643e+16 1.0500589341e-20 1.4821714295e+05
W 2.6564632302e-02 6.2802914418e+16 1.9547513064e-24 1.6735273430e+05
W 2.6564632302e-02 7.9248289835e+16 5.6245248513e-29 1.9152548135e+05
W 2.6564632302e-02 1.0000000000e+17 1.4425304814e-34 2.1625240073e+05
W 2.8484672061e-02 1.2618568831e+07 3.3932260797e-04 1.1064844438e+00
W 2.8484672061e-02 1.5922827933e+07 3.4981378783e-04 1.2493372457e+00
W 2.8484672061e-02 2.0092330026e+07 3.6070241373e-04 1.4106330750e+00
W 2.8484672061e-02 2.5353644940e+07 3.7200597603e-04 1.5927530210e+00
W 2.8484672061e-02 3.1992671378e+07 3.9423847519e-04 1.8228132949e+00
W 2.8484672061e-02 4.0370172586e+07 4.0676121054e-04 2.0581478158e+00
W 2.8484672061e-02 5.0941380148e+07 4.1976955039e-04 2.3238652272e+00
W 2.8484672061e-02 6.4280731173e+07 4.3328519130e-04 2.6238881157e+00
W 2.8484672061e-02 8.1113083079e+07 4.4733089326e-04 2.9626454939e+00
W 2.8484672061e-02 1.0235310219e+08 4.6193049884e-04 3.3451381824e+00
W 2.8484672061e-02 1.2915496650e+08 4.9015829582e-04 3.8283162999e+00
W 2.8484672061e-02 1.6297508346e+08 5.0637358862e-04 4.3225715179e+00
W 2.8484672061e-02 2.0565123083e+08 5.2323871264e-04 4.8806376128e+00
W 2.8484672061e-02 2.5950242114e+08 5.4078321336e-04 5.5107528953e+00
W 2.8484672061e-02 3.2745491629e+08 5.5903801131e-04 6.2222192842e+00
W 2.8484672061e-02 4.1320124001e+08 5.7803545490e-04 7.0255396233e+00
W 2.8484672061e-02 5.2140082880e+08 5.9780940072e-04 7.9325727276e+00
W 2.8484672061e-02 6.5793322466e+08 6.3530876868e-04 9.0783686106e+00
W 2.8484672061e-02 8.3021756813e+08 6.5732957130e-04 1.0250432438e+01
W 2.8484672061e-02 1.0476157528e+09 6.8026191154e-04 1.1573815702e+01
W 2.8484672061e-02 1.3219411485e+09 7.0414697957e-04 1.3068054514e+01
W 2.8484672061e-02 1.6681005372e+09 7.2902767749e-04 1.4755207201e+01
W 2.8484672061e-02 2.1049041445e+09 7.5494851653e-04 1.6660179931e+01
W 2.8484672061e-02 2.6560877829e+09 7.8195570409e-04 1.8811094384e+01
W 2.8484672061e-02 3.3516026509e+09 8.3225383962e-04 2.1528204613e+01
W 2.8484672061e-02 4.2292428744e+09 8.6238077119e-04 2.4307605956e+01
W 2.8484672061e-02 5.3366992312e+09 8.9377587903e-04 2.7445842229e+01
W 2.8484672061e-02 6.7341506578e+09 9.2649278496e-04 3.0989240860e+01
W 2.8484672061e-02 8.4975343591e+09 9.6058639932e-04 3.4990110379e+01
W 2.8484672061e-02 1.0722672220e+10 9.9611267365e-04 3.9507512620e+01
W 2.8484672061e-02 1.3530477746e+10 1.0613851357e-03 4.5214052838e+01
W 2.8484672061e-02 1.7073526475e+10 1.1010019815e-03 5.1051418350e+01
W 2.8484672061e-02 2.1544346900e+10 1.1422663855e-03 5.7642417611e+01
W 2.8484672061e-02 2.7185882427e+10 1.1852366238e-03 6.5084348593e+01
W 2.8484672061e-02 3.4304692863e+10 1.2299697931e-03 7.3487070933e+01
W 2.8484672061e-02 4.3287612811e+10 1.2765212175e-03 8.2974627711e+01
W 2.8484672061e-02 5.4622772177e+10 1.3611814067e-03 9.4959640655e+01
W 2.8484672061e-02 6.8926121044e+10 1.4128993279e-03 1.0721941603e+02
W 2.8484672061e-02 8.6974900262e+10 1.4666332077e-03 1.2106199111e+02
W 2.8484672061e-02 1.0974987655e+11 1.5224201976e-03 1.3669171345e+02
W 2.8484672061e-02 1.3848863714e+11 1.5802887308e-03 1.5433931290e+02
W 2.8484672061e-02 1.7475284000e+11 1.6851179056e-03 1.7663237663e+02
W 2.8484672061e-02 2.2051307399e+11 1.7488838105e-03 1.9943652001e+02
W 2.8484672061e-02 2.7825594022e+11 1.8147938597e-03 2.2518479495e+02
W 2.8484672061e-02 3.5111917342e+11 1.8828117980e-03 2.5425730390e+02
W 2.8484672061e-02 4.4306214576e+11 1.9528753249e-03 2.8708322248e+02
W 2.8484672061e-02 5.5908101825e+11 2.0248908009e-03 3.2414713507e+02
W 2.8484672061e-02 7.0548023107e+11 2.1561289559e-03 3.7096756339e+02
W 2.8484672061e-02 8.9021508545e+11 2.2336750864e-03 4.1886137350e+02
W 2.8484672061e-02 1.1233240330e+12 2.3126770180e-03 4.7293851949e+02
W 2.8484672061e-02 1.4174741629e+12 2.3928365533e-03 5.3399730166e+02
W 2.8484672061e-02 1.7886495291e+12 2.5414406679e-03 6.1112888693e+02
W 2.8484672061e-02 2.2570197196e+12 2.6249327149e-03 6.9002875244e+02
W 2.8484672061e-02 2.8480358684e+12 2.7081826806e-03 7.7911499420e+02
W 2.8484672061e-02 3.5938136638e+12 2.7904954154e-03 8.7970272549e+02
W 2.8484672061e-02 4.5348785081e+12 2.8710395148e-03 9.9327684744e+02
W 2.8484672061e-02 5.7223676594e+12 3.0294819381e-03 1.1367476433e+03
W 2.8484672061e-02 7.2208090184e+12 3.1053788941e-03 1.2835075790e+03
W 2.8484672061e-02 9.1116275612e+12 3.1758681124e-03 1.4492149732e+03
W 2.8484672061e-02 1.1497569954e+13 3.2393478472e-03 1.6363160397e+03
W 2.8484672061e-02 1.4508287785e+13 3.3840809450e-03 1.8726686388e+03
W 2.8484672061e-02 1.8307382803e+13 3.4290103688e-03 2.1144397396e+03
W 2.8484672061e-02 2.3101297001e+13 3.4603693447e-03 2.3874247263e+03
W 2.8484672061e-02 2.9150530628e+13 3.4755663571e-03 2.6956534713e+03
W 2.8484672061e-02 3.6783797718e+13 3.5667771994e-03 3.0850187826e+03
W 2.8484672061e-02 4.6415888336e+13 3.5404816197e-03 3.4833104887e+03
W 2.8484672061e-02 5.8570208181e+13 3.4887286055e-03 3.9330236916e+03
W 2.8484672061e-02 7.3907220335e+13 3.4086340700e-03 4.4407971694e+03
W 2.8484672061e-02 9.3260334688e+13 3.3878402600e-03 5.0822343536e+03
W 2.8484672061e-02 1.1768119524e+14 3.2400778331e-03 5.7383768066e+03
W 2.8484672061e-02 1.4849682623e+14 3.0575305943e-03 6.4792306068e+03
W 2.8484672061e-02 1.8738174229e+14 2.9181933972e-03 7.4151029914e+03
W 2.8484672061e-02 2.3644894126e+14 2.6619306051e-03 8.3724307193e+03
W 2.8484672061e-02 2.9836472403e+14 2.3766962393e-03 9.4533543540e+03
W 2.8484672061e-02 3.7649358068e+14 2.0693319088e-03 1.0673830759e+04
W 2.8484672061e-02 4.7508101621e+14 1.7970600190e-03 1.2215579163e+04
W 2.8484672061e-02 5.9948425032e+14 1.4669508647e-03 1.3792672921e+04
W 2.8484672061e-02 7.5646332755e+14 1.1490586708e-03 1.5573377552e+04
W 2.8484672061e-02 9.5454845666e+14 8.8071715368e-04 1.7822825807e+04
W 2.8484672061e-02 1.2045035403e+15 6.2029432284e-04 2.0123843791e+04
W 2.8484672061e-02 1.5199110830e+15 4.0778997798e-04 2.2721934967e+04
W 2.8484672061e-02 1.9179102617e+15 2.5344348585e-04 2.6003934443e+04
W 2.8484672061e-02 2.4201282648e+15 1.3875937074e-04 2.9361175402e+04
W 2.8484672061e-02 3.0538555088e+15 6.9343667997e-05 3.3602159387e+04
W 2.8484672061e-02 3.8535285937e+15 2.9331483478e-05 3.7940370054e+04
W 2.8484672061e-02 4.8626015801e+15 1.0488150255e-05 4.2838665911e+04
W 2.8484672061e-02 6.1359072734e+15 3.1316005901e-06 4.9026364243e+04
W 2.8484672061e-02 7.7426368268e+15 7.0171477196e-07 5.5355918659e+04
W 2.8484672061e-02 9.7700995730e+15 1.1346901620e-07 6.2502650930e+04
W 2.8484672061e-02 1.2328467394e+16 1.2587730019e-08 7.1530652635e+04
W 2.8484672061e-02 1.5556761439e+16 8.3161794754e-10 8.0765625803e+04
W 2.8484672061e-02 1.9630406500e+16 3.1302379940e-11 9.2431566313e+04
W 2.8484672061e-02 2.4770763560e+16 5.6798126478e-13 1.0436495435e+05
W 2.8484672061e-02 3.1257158497e+16 4.4547481154e-15 1.1783900384e+05
W 2.8484672061e-02 3.9442060594e+16 1.3080375458e-17 1.3485989354e+05
W 2.8484672061e-02 4.9770235643e+16 1.0927606245e-20 1.5227099567e+05
W 2.8484672061e-02 6.2802914418e+16 2.0539824996e-24 1.7426530772e+05
W 2.8484672061e-02 7.9248289835e+16 5.6325235692e-29 1.9676385039e+05
W 2.8484672061e-02 1.0000000000e+17 1.4461621813e-34 2.2518479495e+05
W 3.0543488545e-02 1.2618568831e+07 3.9593236079e-04 1.1521882381e+00
W 3.0543488545e-02 1.5922827933e+07 4.0817360857e-04 1.3009416336e+00
W 3.0543488545e-02 2.0092330026e+07 4.2087857169e-04 1.4688998534e+00
W 3.0543488545e-02 2.5353644940e+07 4.3406765363e-04 1.6585423386e+00
W 3.0543488545e-02 3.1992671378e+07 4.4776224824e-04 1.8726686388e+00
W 3.0543488545e-02 4.0370172586e+07 4.6198479091e-04 2.1144397396e+00
W 3.0543488545e-02 5.0941380148e+07 4.7675880684e-04 2.3874247263e+00
W 3.0543488545e-02 6.4280731173e+07 5.0556848790e-04 2.7322688918e+00
W 3.0543488545e-02 8.1113083079e+07 5.2195686242e-04 3.0850187826e+00
W 3.0543488545e-02 1.0235310219e+08 5.3899146034e-04 3.4833104887e+00
W 3.0543488545e-02 1.2915496650e+08 5.5670142986e-04 3.9330236916e+00
W 3.0543488545e-02 1.6297508346e+08 5.7511733655e-04 4.4407971694e+00
W 3.0543488545e-02 2.0565123083e+08 5.9427117397e-04 5.0141268007e+00
W 3.0543488545e-02 2.5950242114e+08 6.3099522880e-04 5.7383768066e+00
W 3.0543488545e-02 3.2745491629e+08 6.5229414355e-04 6.4792306068e+00
W 3.0543488545e-02 4.1320124001e+08 6.7445941611e-04 7.3157324225e+00
W 3.0543488545e-02 5.2140082880e+08 6.9753052852e-04 8.2602309016e+00
W 3.0543488545e-02 6.5793322466e+08 7.2154868687e-04 9.3266689659e+00
W 3.0543488545e-02 8.3021756813e+08 7.4655695071e-04 1.0530789640e+01
W 3.0543488545e-02 1.0476157528e+09 7.7260021464e-04 1.1890368452e+01
W 3.0543488545e-02 1.3219411485e+09 8.2159832370e-04 1.3607835872e+01
W 3.0543488545e-02 1.6681005372e+09 8.5062657305e-04 1.5364677094e+01
W 3.0543488545e-02 2.1049041445e+09 8.8086806143e-04 1.7348335504e+01
W 3.0543488545e-02 2.6560877829e+09 9.1237665138e-04 1.9588094363e+01
W 3.0543488545e-02 3.3516026509e+09 9.4520808307e-04 2.2117017547e+01
W 3.0543488545e-02 4.2292428744e+09 9.7941986457e-04 2.4972437651e+01
W 3.0543488545e-02 5.3366992312e+09 1.0150713093e-03 2.8196507098e+01
W 3.0543488545e-02 6.7341506578e+09 1.0810023459e-03 3.2269264179e+01
W 3.0543488545e-02 8.4975343591e+09 1.1207758903e-03 3.6435391257e+01
W 3.0543488545e-02 1.0722672220e+10 1.1622200947e-03 4.1139386652e+01
W 3.0543488545e-02 1.3530477746e+10 1.2054009617e-03 4.6450691916e+01
W 3.0543488545e-02 1.7073526475e+10 1.2503850841e-03 5.2447713859e+01
W 3.0543488545e-02 2.1544346900e+10 1.2972389991e-03 5.9218982013e+01
W 3.0543488545e-02 2.7185882427e+10 1.3828436289e-03 6.7772684338e+01
W 3.0543488545e-02 3.4304692863e+10 1.4350229237e-03 7.6522484575e+01
W 3.0543488545e-02 4.3287612811e+10 1.4893216774e-03 8.6401928782e+01
W 3.0543488545e-02 5.4622772177e+10 1.5458006356e-03 9.7556859773e+01
W 3.0543488545e-02 6.8926121044e+10 1.6045161133e-03 1.1015194942e+02
W 3.0543488545e-02 8.6974900262e+10 1.6655181774e-03 1.2437312957e+02
W 3.0543488545e-02 1.0974987655e+11 1.7761339659e-03 1.4233782081e+02
W 3.0543488545e-02 1.3848863714e+11 1.8436213404e-03 1.6071436160e+02
W 3.0543488545e-02 1.7475284000e+11 1.9135526422e-03 1.8146340781e+02
W 3.0543488545e-02 2.2051307399e+11 1.9859307626e-03 2.0489126203e+02
W 3.0543488545e-02 2.7825594022e+11 2.0607383546e-03 2.3134377207e+02
W 3.0543488545e-02 3.5111917342e+11 2.1964076278e-03 2.6475950625e+02
W 3.0543488545e-02 4.4306214576e+11 2.2780934406e-03 2.9894131287e+02
W 3.0543488545e-02 5.5908101825e+11 2.3620483594e-03 3.3753616559e+02
W 3.0543488545e-02 7.0548023107e+11 2.4481183883e-03 3.8111381122e+02
W 3.0543488545e-02 8.9021508545e+11 2.5360974716e-03 4.3031755383e+02
W 3.0543488545e-02 1.1233240330e+12 2.6975333789e-03 4.9247343925e+02
W 3.0543488545e-02 1.4174741629e+12 2.7909419641e-03 5.5605427949e+02
W 3.0543488545e-02 1.7886495291e+12 2.8852507940e-03 6.2784373144e+02
W 3.0543488545e-02 2.2570197196e+12 2.9799215919e-03 7.0890156889e+02
W 3.0543488545e-02 2.8480358684e+12 3.0742983460e-03 8.0042438779e+02
W 3.0543488545e-02 3.5938136638e+12 3.2542255310e-03 9.1603920781e+02
W 3.0543488545e-02 4.5348785081e+12 3.3479807695e-03 1.0343045555e+03
W 3.0543488545e-02 5.7223676594e+12 3.4384960463e-03 1.1678385646e+03
W 3.0543488545e-02 7.2208090184e+12 3.5244169778e-03 1.3186124973e+03
W 3.0543488545e-02 9.1116275612e+12 3.7027424545e-03 1.5090753928e+03
W 3.0543488545e-02 1.1497569954e+13 3.7764606579e-03 1.7039047457e+03
W 3.0543488545e-02 1.4508287785e+13 3.8398301465e-03 1.9238875646e+03
W 3.0543488545e-02 1.8307382803e+13 3.8904384641e-03 2.1722712908e+03
W 3.0543488545e-02 2.3101297001e+13 4.0329676073e-03 2.4860382850e+03
W 3.0543488545e-02 2.9150530628e+13 4.0501984984e-03 2.8069985449e+03
W 3.0543488545e-02 3.6783797718e+13 4.0452964137e-03 3.1693964161e+03
W 3.0543488545e-02 4.6415888336e+13 4.0148767612e-03 3.5785817064e+03
W 3.0543488545e-02 5.8570208181e+13 4.0637170600e-03 4.0954788502e+03
W 3.0543488545e-02 7.3907220335e+13 3.9696784045e-03 4.6242261201e+03
W 3.0543488545e-02 9.3260334688e+13 3.8396133228e-03 5.2212373672e+03
W 3.0543488545e-02 1.1768119524e+14 3.6712718617e-03 5.8953258204e+03
W 3.0543488545e-02 1.4849682623e+14 3.5582263151e-03 6.7468578877e+03
W 3.0543488545e-02 1.8738174229e+14 3.3046481655e-03 7.6179117543e+03
W 3.0543488545e-02 2.3644894126e+14 3.0134000721e-03 8.6014231310e+03
W 3.0543488545e-02 2.9836472403e+14 2.7629956949e-03 9.8438290376e+03
W 3.0543488545e-02 3.7649358068e+14 2.4045826734e-03 1.1114717722e+04
W 3.0543488545e-02 4.7508101621e+14 2.0315503141e-03 1.2549684637e+04
W 3.0543488545e-02 5.9948425032e+14 1.6573757315e-03 1.4169913121e+04
W 3.0543488545e-02 7.5646332755e+14 1.3328064717e-03 1.6216642306e+04
W 3.0543488545e-02 9.5454845666e+14 9.9356568055e-04 1.8310293784e+04
W 3.0543488545e-02 1.2045035403e+15 6.9912780782e-04 2.0674246377e+04
W 3.0543488545e-02 1.5199110830e+15 4.7167934466e-04 2.3660473821e+04
W 3.0543488545e-02 1.9179102617e+15 2.8498831841e-04 2.6715162026e+04
W 3.0543488545e-02 2.4201282648e+15 1.6006201082e-04 3.0573950809e+04
W 3.0543488545e-02 3.0538555088e+15 7.7725746778e-05 3.4521204259e+04
W 3.0543488545e-02 3.8535285937e+15 3.2810372135e-05 3.8978068320e+04
W 3.0543488545e-02 4.8626015801e+15 1.2024131510e-05 4.4608134598e+04
W 3.0543488545e-02 6.1359072734e+15 3.4846868605e-06 5.0367272966e+04
W 3.0543488545e-02 7.7426368268e+15 7.7816809174e-07 5.6869945558e+04
W 3.0543488545e-02 9.7700995730e+15 1.2874166498e-07 6.5084348593e+04
W 3.0543488545e-02 1.2328467394e+16 1.3832675835e-08 7.3487070933e+04
W 3.0543488545e-02 1.5556761439e+16 9.3321800020e-10 8.4101683142e+04
W 3.0543488545e-02 1.9630406500e+16 3.3943374726e-11 9.4959640655e+04
W 3.0543488545e-02 2.4770763560e+16 6.1051814796e-13 1.0721941603e+05
W 3.0543488545e-02 3.1257158497e+16 4.8676042992e-15 1.2270639228e+05
W 3.0543488545e-02 3.9442060594e+16 1.3736111631e-17 1.3854841522e+05
W 3.0543488545e-02 4.9770235643e+16 1.1609472015e-20 1.5856061167e+05
W 3.0543488545e-02 6.2802914418e+16 2.0848547078e-24 1.7903159775e+05
W 3.0543488545e-02 7.9248289835e+16 5.5888779275e-29 2.0214549285e+05
W 3.0543488545e-02 1.0000000000e+17 1.3955674499e-34 2.3134377207e+05
W 3.2751112265e-02 1.2618568831e+07 4.4979787782e-04 1.1837014715e+00
W 3.2751112265e-02 1.5922827933e+07 4.6370427694e-04 1.3365233867e+00
W 3.2751112265e-02 2.0092330026e+07 4.7813743300e-04 1.5090753928e+00
W 3.2751112265e-02 2.5353644940e+07 5.0660774436e-04 1.7270491110e+00
W 3.2751112265e-02 3.1992671378e+07 5.2259056326e-04 1.9500199859e+00
W 3.2751112265e-02 4.0370172586e+07 5.3918949286e-04 2.2017775413e+00
W 3.2751112265e-02 5.0941380148e+07 5.5643198129e-04 2.4860382850e+00
W 3.2751112265e-02 6.4280731173e+07 5.7434677037e-04 2.8069985449e+00
W 3.2751112265e-02 8.1113083079e+07 5.9296400933e-04 3.1693964161e+00
W 3.2751112265e-02 1.0235310219e+08 6.1231527988e-04 3.5785817064e+00
W 3.2751112265e-02 1.2915496650e+08 6.4973122920e-04 4.0954788502e+00
W 3.2751112265e-02 1.6297508346e+08 6.7122365661e-04 4.6242261201e+00
W 3.2751112265e-02 2.0565123083e+08 6.9357717805e-04 5.2212373672e+00
W 3.2751112265e-02 2.5950242114e+08 7.1683092020e-04 5.8953258204e+00
W 3.2751112265e-02 3.2745491629e+08 7.4102582778e-04 6.6564425412e+00
W 3.2751112265e-02 4.1320124001e+08 7.6620473300e-04 7.5158233240e+00
W 3.2751112265e-02 5.2140082880e+08 7.9241246135e-04 8.4861545621e+00
W 3.2751112265e-02 6.5793322466e+08 8.4211510305e-04 9.7119108575e+00
W 3.2751112265e-02 8.3021756813e+08 8.7129989683e-04 1.0965768230e+01
W 3.2751112265e-02 1.0476157528e+09 9.0169228869e-04 1.2381505004e+01
W 3.2751112265e-02 1.3219411485e+09 9.3334679057e-04 1.3980020637e+01
W 3.2751112265e-02 1.6681005372e+09 9.6632017256e-04 1.5784912815e+01
W 3.2751112265e-02 2.1049041445e+09 1.0006713251e-03 1.7822825807e+01
W 3.2751112265e-02 2.6560877829e+09 1.0364613730e-03 2.0123843791e+01
W 3.2751112265e-02 3.3516026509e+09 1.1031215505e-03 2.3030570039e+01
W 3.2751112265e-02 4.2292428744e+09 1.1430439759e-03 2.6003934443e+01
W 3.2751112265e-02 5.3366992312e+09 1.1846457929e-03 2.9361175402e+01
W 3.2751112265e-02 6.7341506578e+09 1.2279978709e-03 3.3151853343e+01
W 3.2751112265e-02 8.4975343591e+09 1.2731727601e-03 3.7431927196e+01
W 3.2751112265e-02 1.0722672220e+10 1.3202443602e-03 4.2264580479e+01
W 3.2751112265e-02 1.3530477746e+10 1.4067385611e-03 4.8369356820e+01
W 3.2751112265e-02 1.7073526475e+10 1.4592260634e-03 5.4614088217e+01
W 3.2751112265e-02 2.1544346900e+10 1.5138940154e-03 6.1665046383e+01
W 3.2751112265e-02 2.7185882427e+10 1.5708192179e-03 6.9626319316e+01
W 3.2751112265e-02 3.4304692863e+10 1.6300768501e-03 7.8615433311e+01
W 3.2751112265e-02 4.3287612811e+10 1.6917396750e-03 8.8765087906e+01
W 3.2751112265e-02 5.4622772177e+10 1.8039009349e-03 1.0158648593e+02
W 3.2751112265e-02 6.8926121044e+10 1.8723986816e-03 1.1470182092e+02
W 3.2751112265e-02 8.6974900262e+10 1.9435612896e-03 1.2951041276e+02
W 3.2751112265e-02 1.0974987655e+11 2.0174370479e-03 1.4623086955e+02
W 3.2751112265e-02 1.3848863714e+11 2.0940625661e-03 1.6511002285e+02
W 3.2751112265e-02 1.7475284000e+11 2.1734589565e-03 1.8642657141e+02
W 3.2751112265e-02 2.2051307399e+11 2.3173219732e-03 2.1335437975e+02
W 3.2751112265e-02 2.7825594022e+11 2.4045674516e-03 2.4089952158e+02
W 3.2751112265e-02 3.5111917342e+11 2.4945913222e-03 2.7200088213e+02
W 3.2751112265e-02 4.4306214576e+11 2.5873090020e-03 3.0711758742e+02
W 3.2751112265e-02 5.5908101825e+11 2.6825941286e-03 3.4676803901e+02
W 3.2751112265e-02 7.0548023107e+11 2.8563129962e-03 3.9685587370e+02
W 3.2751112265e-02 8.9021508545e+11 2.9588754960e-03 4.4809199709e+02
W 3.2751112265e-02 1.1233240330e+12 3.0633386433e-03 5.0594296612e+02
W 3.2751112265e-02 1.4174741629e+12 3.1693036780e-03 5.7126279118e+02
W 3.2751112265e-02 1.7886495291e+12 3.2762725780e-03 6.4501573980e+02
W 3.2751112265e-02 2.2570197196e+12 3.4761766234e-03 7.3818303930e+02
W 3.2751112265e-02 2.8480358684e+12 3.5861049830e-03 8.3348624582e+02
W 3.2751112265e-02 3.5938136638e+12 3.6947399105e-03 9.4109358382e+02
W 3.2751112265e-02 4.5348785081e+12 3.8009742606e-03 1.0625935796e+03
W 3.2751112265e-02 5.7223676594e+12 3.9034961455e-03 1.1997798464e+03
W 3.2751112265e-02 7.2208090184e+12 4.1101882673e-03 1.3730783280e+03
W 3.2751112265e-02 9.1116275612e+12 4.2028753024e-03 1.5503497641e+03
W 3.2751112265e-02 1.1497569954e+13 4.2861933565e-03 1.7505078494e+03
W 3.2751112265e-02 1.4508287785e+13 4.3577131169e-03 1.9765073674e+03
W 3.2751112265e-02 1.8307382803e+13 4.5354384209e-03 2.2619978484e+03
W 3.2751112265e-02 2.3101297001e+13 4.5759050242e-03 2.5540333419e+03
W 3.2751112265e-02 2.9150530628e+13 4.5948690500e-03 2.8837721114e+03
W 3.2751112265e-02 3.6783797718e+13 4.5886531938e-03 3.2560818428e+03
W 3.2751112265e-02 4.6415888336e+13 4.6779600102e-03 3.7263964933e+03
W 3.2751112265e-02 5.8570208181e+13 4.6079865322e-03 4.2074933428e+03
W 3.2751112265e-02 7.3907220335e+13 4.5004465446e-03 4.7507022567e+03
W 3.2751112265e-02 9.3260334688e+13 4.3520035888e-03 5.3640422201e+03
W 3.2751112265e-02 1.1768119524e+14 4.2739141923e-03 6.1388346743e+03
W 3.2751112265e-02 1.4849682623e+14 4.0308641135e-03 6.9313896337e+03
W 3.2751112265e-02 1.8738174229e+14 3.7423721306e-03 7.8262674927e+03
W 3.2751112265e-02 2.3644894126e+14 3.5045706487e-03 8.9567084455e+03
W 3.2751112265e-02 2.9836472403e+14 3.1264697382e-03 1.0113065324e+04
W 3.2751112265e-02 3.7649358068e+14 2.7195806247e-03 1.1418713790e+04
W 3.2751112265e-02 4.7508101621e+14 2.3592054014e-03 1.3068054514e+04
W 3.2751112265e-02 5.9948425032e+14 1.9234460790e-03 1.4755207201e+04
W 3.2751112265e-02 7.5646332755e+14 1.5044771333e-03 1.6660179931e+04
W 3.2751112265e-02 9.5454845666e+14 1.1205804158e-03 1.8811094384e+04
W 3.2751112265e-02 1.2045035403e+15 8.0926398250e-04 2.1528204613e+04
W 3.2751112265e-02 1.5199110830e+15 5.3083478569e-04 2.4307605956e+04
W 3.2751112265e-02 1.9179102617e+15 3.2905737576e-04 2.7818642764e+04
W 3.2751112265e-02 2.4201282648e+15 1.7960866968e-04 3.1410171850e+04
W 3.2751112265e-02 3.0538555088e+15 8.7055949700e-05 3.5465385714e+04
W 3.2751112265e-02 3.8535285937e+15 3.7671785452e-05 4.0588073439e+04
W 3.2751112265e-02 4.8626015801e+15 1.3403574056e-05 4.5828201346e+04
W 3.2751112265e-02 6.1359072734e+15 3.8725655478e-06 5.1744856573e+04
W 3.2751112265e-02 7.7426368268e+15 8.8517856422e-07 5.9218982013e+04
W 3.2751112265e-02 9.7700995730e+15 1.4191668456e-07 6.6864455523e+04
W 3.2751112265e-02 1.2328467394e+16 1.5166779826e-08 7.5496998774e+04
W 3.2751112265e-02 1.5556761439e+16 1.0166114708e-09 8.6401928782e+04
W 3.2751112265e-02 1.9630406500e+16 3.6688173631e-11 9.7556859773e+04
W 3.2751112265e-02 2.4770763560e+16 6.7156554041e-13 1.1164815803e+05
W 3.2751112265e-02 3.1257158497e+16 5.1528759235e-15 1.2606250637e+05
W 3.2751112265e-02 3.9442060594e+16 1.4343409576e-17 1.4233782081e+05
W 3.2751112265e-02 4.9770235643e+16 1.1924053217e-20 1.6289736620e+05
W 3.2751112265e-02 6.2802914418e+16 2.0988863891e-24 1.8392824948e+05
W 3.2751112265e-02 7.9248289835e+16 5.6410165583e-29 2.1049519544e+05
W 3.2751112265e-02 1.0000000000e+17 1.3306614038e-34 2.3767120195e+05
W 3.5118298717e-02 1.2618568831e+07 5.2510548280e-04 1.2325947469e+00
W 3.5118298717e-02 1.5922827933e+07 5.4133986759e-04 1.3917290340e+00
W 3.5118298717e-02 2.0092330026e+07 5.5818914442e-04 1.5714083716e+00
W 3.5118298717e-02 2.5353644940e+07 5.7568035898e-04 1.7742852309e+00
W 3.5118298717e-02 3.1992671378e+07 5.9384186870e-04 2.0033545305e+00
W 3.5118298717e-02 4.0370172586e+07 6.1270341036e-04 2.2619978484e+00
W 3.5118298717e-02 5.0941380148e+07 6.4958994981e-04 2.5887251173e+00
W 3.5118298717e-02 6.4280731173e+07 6.7050333330e-04 2.9229427725e+00
W 3.5118298717e-02 8.1113083079e+07 6.9223665316e-04 3.3003096366e+00
W 3.5118298717e-02 1.0235310219e+08 7.1482676345e-04 3.7263964933e+00
W 3.5118298717e-02 1.2915496650e+08 7.3831228901e-04 4.2074933428e+00
W 3.5118298717e-02 1.6297508346e+08 7.6273373045e-04 4.7507022567e+00
W 3.5118298717e-02 2.0565123083e+08 7.8813347773e-04 5.3640422201e+00
W 3.5118298717e-02 2.5950242114e+08 8.3683469954e-04 6.1388346743e+00
W 3.5118298717e-02 3.2745491629e+08 8.6507835326e-04 6.9313896337e+00
W 3.5118298717e-02 4.1320124001e+08 8.9447046705e-04 7.8262674927e+00
W 3.5118298717e-02 5.2140082880e+08 9.2506333617e-04 8.8366786611e+00
W 3.5118298717e-02 6.5793322466e+08 9.5691153397e-04 9.9775390799e+00
W 3.5118298717e-02 8.3021756813e+08 9.9007208249e-04 1.1265690415e+01
W 3.5118298717e-02 1.0476157528e+09 1.0246044268e-03 1.2720148677e+01
W 3.5118298717e-02 1.3219411485e+09 1.0605704550e-03 1.4362384940e+01
W 3.5118298717e-02 1.6681005372e+09 1.1280667046e-03 1.6436915121e+01
W 3.5118298717e-02 2.1049041445e+09 1.1681633206e-03 1.8559004946e+01
W 3.5118298717e-02 2.6560877829e+09 1.2099389959e-03 2.0955067422e+01
W 3.5118298717e-02 3.3516026509e+09 1.2534674764e-03 2.3660473821e+01
W 3.5118298717e-02 4.2292428744e+09 1.2988248300e-03 2.6715162026e+01
W 3.5118298717e-02 5.3366992312e+09 1.3460894931e-03 3.0164226104e+01
W 3.5118298717e-02 6.7341506578e+09 1.4335055362e-03 3.4521204259e+01
W 3.5118298717e-02 8.4975343591e+09 1.4862316136e-03 3.8978068320e+01
W 3.5118298717e-02 1.0722672220e+10 1.5411704047e-03 4.4010336332e+01
W 3.5118298717e-02 1.3530477746e+10 1.5984090651e-03 4.9692295885e+01
W 3.5118298717e-02 1.7073526475e+10 1.6580354844e-03 5.6107825483e+01
W 3.5118298717e-02 2.1544346900e+10 1.7201374222e-03 6.3351632771e+01
W 3.5118298717e-02 2.7185882427e+10 1.7848018667e-03 7.1530652635e+01
W 3.5118298717e-02 3.4304692863e+10 1.9027706651e-03 8.1862676067e+01
W 3.5118298717e-02 4.3287612811e+10 1.9747283640e-03 9.2431566313e+01
W 3.5118298717e-02 5.4622772177e+10 2.0495704171e-03 1.0436495435e+02
W 3.5118298717e-02 6.8926121044e+10 2.1273705944e-03 1.1783900384e+02
W 3.5118298717e-02 8.6974900262e+10 2.2081942609e-03 1.3305262203e+02
W 3.5118298717e-02 1.0974987655e+11 2.2920956838e-03 1.5023039616e+02
W 3.5118298717e-02 1.3848863714e+11 2.4441864244e-03 1.7192996014e+02
W 3.5118298717e-02 1.7475284000e+11 2.5368144143e-03 1.9412699750e+02
W 3.5118298717e-02 2.2051307399e+11 2.6326723438e-03 2.1918978593e+02
W 3.5118298717e-02 2.7825594022e+11 2.7317352691e-03 2.4748830855e+02
W 3.5118298717e-02 3.5111917342e+11 2.8339454258e-03 2.7944031520e+02
W 3.5118298717e-02 4.4306214576e+11 3.0195949614e-03 3.1980320549e+02
W 3.5118298717e-02 5.5908101825e+11 3.1307182101e-03 3.6109143526e+02
W 3.5118298717e-02 7.0548023107e+11 3.2446183911e-03 4.0771018670e+02
W 3.5118298717e-02 8.9021508545e+11 3.3610187457e-03 4.6034765743e+02
W 3.5118298717e-02 1.1233240330e+12 3.4795604742e-03 5.1978089490e+02
W 3.5118298717e-02 1.4174741629e+12 3.6982452266e-03 5.9485903535e+02
W 3.5118298717e-02 1.7886495291e+12 3.8229096211e-03 6.7165837980e+02
W 3.5118298717e-02 2.2570197196e+12 3.9480032454e-03 7.5837291248e+02
W 3.5118298717e-02 2.8480358684e+12 4.0726505021e-03 8.5628273491e+02
W 3.5118298717e-02 3.5938136638e+12 4.1957957222e-03 9.6683321627e+02
W 3.5118298717e-02 4.5348785081e+12 4.4342283987e-03 1.1064844438e+03
W 3.5118298717e-02 5.7223676594e+12 4.5535290822e-03 1.2493372457e+03
W 3.5118298717e-02 7.2208090184e+12 4.6666534036e-03 1.4106330750e+03
W 3.5118298717e-02 9.1116275612e+12 4.7715028213e-03 1.5927530210e+03
W 3.5118298717e-02 1.1497569954e+13 4.8656570810e-03 1.7983855837e+03
W 3.5118298717e-02 1.4508287785e+13 5.0816402575e-03 2.0581478158e+03
W 3.5118298717e-02 1.8307382803e+13 5.1475169497e-03 2.3238652272e+03
W 3.5118298717e-02 2.3101297001e+13 5.1928054399e-03 2.6238881157e+03
W 3.5118298717e-02 2.9150530628e+13 5.2136102664e-03 2.9626454939e+03
W 3.5118298717e-02 3.6783797718e+13 5.3481402351e-03 3.3905756404e+03
W 3.5118298717e-02 4.6415888336e+13 5.3061646112e-03 3.8283162999e+03
W 3.5118298717e-02 5.8570208181e+13 5.2257874699e-03 4.3225715179e+03
W 3.5118298717e-02 7.3907220335e+13 5.2422875612e-03 4.9469319642e+03
W 3.5118298717e-02 9.3260334688e+13 5.0681389163e-03 5.5856061867e+03
W 3.5118298717e-02 1.1768119524e+14 4.8433590199e-03 6.3067365184e+03
W 3.5118298717e-02 1.4849682623e+14 4.5665014959e-03 7.1209684648e+03
W 3.5118298717e-02 1.8738174229e+14 4.3540913362e-03 8.1495346853e+03
W 3.5118298717e-02 2.3644894126e+14 3.9672713306e-03 9.2016813019e+03
W 3.5118298717e-02 2.9836472403e+14 3.5376273047e-03 1.0389665429e+04
W 3.5118298717e-02 3.7649358068e+14 3.1597356839e-03 1.1890368452e+04
W 3.5118298717e-02 4.7508101621e+14 2.6664576569e-03 1.3425475844e+04
W 3.5118298717e-02 5.9948425032e+14 2.1724448367e-03 1.5158773453e+04
W 3.5118298717e-02 7.5646332755e+14 1.6978849391e-03 1.7115848650e+04
W 3.5118298717e-02 9.5454845666e+14 1.2980287578e-03 1.9588094363e+04
W 3.5118298717e-02 1.2045035403e+15 9.1148310072e-04 2.2117017547e+04
W 3.5118298717e-02 1.5199110830e+15 5.9714184540e-04 2.4972437651e+04
W 3.5118298717e-02 1.9179102617e+15 3.6962283676e-04 2.8579504013e+04
W 3.5118298717e-02 2.4201282648e+15 2.0140759613e-04 3.2269264179e+04
W 3.5118298717e-02 3.0538555088e+15 1.0009203236e-04 3.6930298034e+04
W 3.5118298717e-02 3.8535285937e+15 4.2061017479e-05 4.1698188426e+04
W 3.5118298717e-02 4.8626015801e+15 1.4923831281e-05 4.7081637858e+04
W 3.5118298717e-02 6.1359072734e+15 4.4151439446e-06 5.3882199122e+04
W 3.5118298717e-02 7.7426368268e+15 9.7845641997e-07 6.0838666662e+04
W 3.5118298717e-02 9.7700995730e+15 1.5612572854e-07 6.8693249746e+04
W 3.5118298717e-02 1.2328467394e+16 1.7043171760e-08 7.8615433311e+04
W 3.5118298717e-02 1.5556761439e+16 1.1042454106e-09 8.8765087906e+04
W 3.5118298717e-02 1.9630406500e+16 4.0597382359e-11 1.0158648593e+05
W 3.5118298717e-02 2.4770763560e+16 7.1603171915e-13 1.1470182092e+05
W 3.5118298717e-02 3.1257158497e+16 5.4273075567e-15 1.2951041276e+05
W 3.5118298717e-02 3.9442060594e+16 1.5293661579e-17 1.4821714295e+05
W 3.5118298717e-02 4.9770235643e+16 1.2157536782e-20 1.6735273430e+05
W 3.5118298717e-02 6.2802914418e+16 2.1516658003e-24 1.9152548135e+05
W 3.5118298717e-02 7.9248289835e+16 5.4830943039e-29 2.1625240073e+05
W 3.5118298717e-02 1.0000000000e+17 1.2866984951e-34 2.4748830855e+05
W 3.7656580785e-02 1.2618568831e+07 5.9686816126e-04 1.2663071600e+00
W 3.7656580785e-02 1.5922827933e+07 6.1532082352e-04 1.4297938922e+00
W 3.7656580785e-02 2.0092330026e+07 6.5182564659e-04 1.6363160397e+00
W 3.7656580785e-02 2.5353644940e+07 6.7225051480e-04 1.8475728109e+00
W 3.7656580785e-02 3.1992671378e+07 6.9345802924e-04 2.0861039120e+00
W 3.7656580785e-02 4.0370172586e+07 7.1548290332e-04 2.3554305985e+00
W 3.7656580785e-02 5.0941380148e+07 7.3836153429e-04 2.6595287378e+00
W 3.7656580785e-02 6.4280731173e+07 7.6213203307e-04 3.0028875026e+00
W 3.7656580785e-02 8.1113083079e+07 7.8683437467e-04 3.3905756404e+00
W 3.7656580785e-02 1.0235310219e+08 8.1251043109e-04 3.8283162999e+00
W 3.7656580785e-02 1.2915496650e+08 8.6215696124e-04 4.3812855831e+00
W 3.7656580785e-02 1.6297508346e+08 8.9067340692e-04 4.9469319642e+00
W 3.7656580785e-02 2.0565123083e+08 9.2033202647e-04 5.5856061867e+00
W 3.7656580785e-02 2.5950242114e+08 9.5118468121e-04 6.3067365184e+00
W 3.7656580785e-02 3.2745491629e+08 9.8328563781e-04 7.1209684648e+00
W 3.7656580785e-02 4.1320124001e+08 1.0166916595e-03 8.0403219206e+00
W 3.7656580785e-02 5.2140082880e+08 1.0514621452e-03 9.0783686106e+00
W 3.7656580785e-02 6.5793322466e+08 1.1174073897e-03 1.0389665429e+01
W 3.7656580785e-02 8.3021756813e+08 1.1561263302e-03 1.1731024384e+01
W 3.7656580785e-02 1.0476157528e+09 1.1964466186e-03 1.3245559641e+01
W 3.7656580785e-02 1.3219411485e+09 1.2384404541e-03 1.4955629148e+01
W 3.7656580785e-02 1.6681005372e+09 1.2821830155e-03 1.6886477376e+01
W 3.7656580785e-02 2.1049041445e+09 1.3277522760e-03 1.9066607988e+01
W 3.7656580785e-02 2.6560877829e+09 1.3752291514e-03 2.1528204613e+01
W 3.7656580785e-02 3.3516026509e+09 1.4246973526e-03 2.4307605956e+01
W 3.7656580785e-02 4.2292428744e+09 1.5166196008e-03 2.7818642764e+01
W 3.7656580785e-02 5.3366992312e+09 1.5718012145e-03 3.1410171850e+01
W 3.7656580785e-02 6.7341506578e+09 1.6293024788e-03 3.5465385714e+01
W 3.7656580785e-02 8.4975343591e+09 1.6892193010e-03 4.0044148431e+01
W 3.7656580785e-02 1.0722672220e+10 1.7516493320e-03 4.5214052838e+01
W 3.7656580785e-02 1.3530477746e+10 1.8166913974e-03 5.1051418350e+01
W 3.7656580785e-02 1.7073526475e+10 1.9359861478e-03 5.8425382255e+01
W 3.7656580785e-02 2.1544346900e+10 2.0084809878e-03 6.5968397978e+01
W 3.7656580785e-02 2.7185882427e+10 2.0839650469e-03 7.4485255616e+01
W 3.7656580785e-02 3.4304692863e+10 2.1625373074e-03 8.4101683142e+01
W 3.7656580785e-02 4.3287612811e+10 2.2442934452e-03 9.4959640655e+01
W 3.7656580785e-02 5.4622772177e+10 2.3293235968e-03 1.0721941603e+02
W 3.7656580785e-02 6.8926121044e+10 2.4177110325e-03 1.2106199111e+02
W 3.7656580785e-02 8.6974900262e+10 2.5781669512e-03 1.3854841522e+02
W 3.7656580785e-02 1.0974987655e+11 2.6760839904e-03 1.5643572437e+02
W 3.7656580785e-02 1.3848863714e+11 2.7776353268e-03 1.7663237663e+02
W 3.7656580785e-02 1.7475284000e+11 2.8828471084e-03 1.9943652001e+02
W 3.7656580785e-02 2.2051307399e+11 2.9917206470e-03 2.2518479495e+02
W 3.7656580785e-02 2.7825594022e+11 3.1891293400e-03 2.5771091476e+02
W 3.7656580785e-02 3.5111917342e+11 3.3083748284e-03 2.9098271217e+02
W 3.7656580785e-02 4.4306214576e+11 3.4311676701e-03 3.2855006882e+02
W 3.7656580785e-02 5.5908101825e+11 3.5573367631e-03 3.7096756339e+02
W 3.7656580785e-02 7.0548023107e+11 3.6866444257e-03 4.1886137350e+02
W 3.7656580785e-02 8.9021508545e+11 3.8187738790e-03 4.7293851949e+02
W 3.7656580785e-02 1.1233240330e+12 4.0614410551e-03 5.4125065821e+02
W 3.7656580785e-02 1.4174741629e+12 4.2016048575e-03 6.1112888693e+02
W 3.7656580785e-02 1.7886495291e+12 4.3430450122e-03 6.9002875244e+02
W 3.7656580785e-02 2.2570197196e+12 4.4849409208e-03 7.7911499420e+02
W 3.7656580785e-02 2.8480358684e+12 4.6262938177e-03 8.7970272549e+02
W 3.7656580785e-02 3.5938136638e+12 4.8962510735e-03 1.0067686593e+03
W 3.7656580785e-02 4.5348785081e+12 5.0364043578e-03 1.1367476433e+03
W 3.7656580785e-02 5.7223676594e+12 5.1715376920e-03 1.2835075790e+03
W 3.7656580785e-02 7.2208090184e+12 5.2995981350e-03 1.4492149732e+03
W 3.7656580785e-02 9.1116275612e+12 5.5663884566e-03 1.6585423386e+03
W 3.7656580785e-02 1.1497569954e+13 5.6756803812e-03 1.8726686388e+03
W 3.7656580785e-02 1.4508287785e+13 5.7691936617e-03 2.1144397396e+03
W 3.7656580785e-02 1.8307382803e+13 5.8432884649e-03 2.3874247263e+03
W 3.7656580785e-02 2.3101297001e+13 6.0551210599e-03 2.7322688918e+03
W 3.7656580785e-02 2.9150530628e+13 6.0784829161e-03 3.0850187826e+03
W 3.7656580785e-02 3.6783797718e+13 6.0683273985e-03 3.4833104887e+03
W 3.7656580785e-02 4.6415888336e+13 6.0195870525e-03 3.9330236916e+03
W 3.7656580785e-02 5.8570208181e+13 6.0892872990e-03 4.5011171095e+03
W 3.7656580785e-02 7.3907220335e+13 5.9445040764e-03 5.0822343536e+03
W 3.7656580785e-02 9.3260334688e+13 5.7455195678e-03 5.7383768066e+03
W 3.7656580785e-02 1.1768119524e+14 5.4890697544e-03 6.4792306068e+03
W 3.7656580785e-02 1.4849682623e+14 5.3150673323e-03 7.4151029914e+03
W 3.7656580785e-02 1.8738174229e+14 4.9310418504e-03 8.3724307193e+03
W 3.7656580785e-02 2.3644894126e+14 4.4910211405e-03 9.4533543540e+03
W 3.7656580785e-02 2.9836472403e+14 4.1121571588e-03 1.0818814826e+04
W 3.7656580785e-02 3.7649358068e+14 3.5730953710e-03 1.2215579163e+04
W 3.7656580785e-02 4.7508101621e+14 3.0133366306e-03 1.3792672921e+04
W 3.7656580785e-02 5.9948425032e+14 2.4532330082e-03 1.5573377552e+04
W 3.7656580785e-02 7.5646332755e+14 1.9680892002e-03 1.7822825807e+04
W 3.7656580785e-02 9.5454845666e+14 1.4630921333e-03 2.0123843791e+04
W 3.7656580785e-02 1.2045035403e+15 1.0262111511e-03 2.2721934967e+04
W 3.7656580785e-02 1.5199110830e+15 6.8976824910e-04 2.6003934443e+04
W 3.7656580785e-02 1.9179102617e+15 4.1494164532e-04 2.9361175402e+04
W 3.7656580785e-02 2.4201282648e+15 2.2568856984e-04 3.3151853343e+04
W 3.7656580785e-02 3.0538555088e+15 1.1191838243e-04 3.7940370054e+04
W 3.7656580785e-02 3.8535285937e+15 4.6912207838e-05 4.2838665911e+04
W 3.7656580785e-02 4.8626015801e+15 1.7049444160e-05 4.9026364243e+04
W 3.7656580785e-02 6.1359072734e+15 4.8923244682e-06 5.5355918659e+04
W 3.7656580785e-02 7.7426368268e+15 1.0796058491e-06 6.2502650930e+04
W 3.7656580785e-02 9.7700995730e+15 1.7607220083e-07 7.1530652635e+04
W 3.7656580785e-02 1.2328467394e+16 1.8593274441e-08 8.0765625803e+04
W 3.7656580785e-02 1.5556761439e+16 1.1956781067e-09 9.1192881248e+04
W 3.7656580785e-02 1.9630406500e+16 4.3562476286e-11 1.0436495435e+05
W 3.7656580785e-02 2.4770763560e+16 7.5998290813e-13 1.1783900384e+05
W 3.7656580785e-02 3.1257158497e+16 5.8406868931e-15 1.3485989354e+05
W 3.7656580785e-02 3.9442060594e+16 1.5768630149e-17 1.5227099567e+05
W 3.7656580785e-02 4.9770235643e+16 1.2297743230e-20 1.7192996014e+05
W 3.7656580785e-02 6.2802914418e+16 2.1266317553e-24 1.9676385039e+05
W 3.7656580785e-02 7.9248289835e+16 5.2684386176e-29 2.2216707001e+05
W 3.7656580785e-02 1.0000000000e+17 1.1942562737e-34 2.5425730390e+05
W 4.0378324924e-02 1.2618568831e+07 6.9720159417e-04 1.3186124973e+00
W 4.0378324924e-02 1.5922827933e+07 7.1875568019e-04 1.4888521160e+00
W 4.0378324924e-02 2.0092330026e+07 7.4112600983e-04 1.6810705404e+00
W 4.0378324924e-02 2.5353644940e+07 7.6434847039e-04 1.8981053466e+00
W 4.0378324924e-02 3.1992671378e+07 7.8846068811e-04 2.1431604565e+00
W 4.0378324924e-02 4.0370172586e+07 8.1350211773e-04 2.4198534347e+00
W 4.0378324924e-02 5.0941380148e+07 8.6247548304e-04 2.7693816645e+00
W 4.0378324924e-02 6.4280731173e+07 8.9024056471e-04 3.1269230040e+00
W 4.0378324924e-02 8.1113083079e+07 9.1909394443e-04 3.5306247595e+00
W 4.0378324924e-02 1.0235310219e+08 9.4908450942e-04 3.9864464768e+00
W 4.0378324924e-02 1.2915496650e+08 9.8026349252e-04 4.5011171095e+00
W 4.0378324924e-02 1.6297508346e+08 1.0126846109e-03 5.0822343536e+00
W 4.0378324924e-02 2.0565123083e+08 1.0464040835e-03 5.7383768066e+00
W 4.0378324924e-02 2.5950242114e+08 1.0814808393e-03 6.4792306068e+00
W 4.0378324924e-02 3.2745491629e+08 1.1485540552e-03 7.4151029914e+00
W 4.0378324924e-02 4.1320124001e+08 1.1875719485e-03 8.3724307193e+00
W 4.0378324924e-02 5.2140082880e+08 1.2281831807e-03 9.4533543540e+00
W 4.0378324924e-02 6.5793322466e+08 1.2704600937e-03 1.0673830759e+01
W 4.0378324924e-02 8.3021756813e+08 1.3144782658e-03 1.2051876912e+01
W 4.0378324924e-02 1.0476157528e+09 1.3603164762e-03 1.3607835872e+01
W 4.0378324924e-02 1.3219411485e+09 1.4080567292e-03 1.5364677094e+01
W 4.0378324924e-02 1.6681005372e+09 1.4577844057e-03 1.7348335504e+01
W 4.0378324924e-02 2.1049041445e+09 1.5508764447e-03 1.9854162060e+01
W 4.0378324924e-02 2.6560877829e+09 1.6063241004e-03 2.2417435945e+01
W 4.0378324924e-02 3.3516026509e+09 1.6640965357e-03 2.5311641602e+01
W 4.0378324924e-02 4.2292428744e+09 1.7242944378e-03 2.8579504013e+01
W 4.0378324924e-02 5.3366992312e+09 1.7870215990e-03 3.2269264179e+01
W 4.0378324924e-02 6.7341506578e+09 1.8523843722e-03 3.6435391257e+01
W 4.0378324924e-02 8.4975343591e+09 1.9204915727e-03 4.1139386652e+01
W 4.0378324924e-02 1.0722672220e+10 2.0459217647e-03 4.7081637858e+01
W 4.0378324924e-02 1.3530477746e+10 2.1218734597e-03 5.3160118149e+01
W 4.0378324924e-02 1.7073526475e+10 2.2009896120e-03 6.0023361341e+01
W 4.0378324924e-02 2.1544346900e+10 2.2833859980e-03 6.7772684338e+01
W 4.0378324924e-02 2.7185882427e+10 2.3691772733e-03 7.6522484575e+01
W 4.0378324924e-02 3.4304692863e+10 2.4584754883e-03 8.6401928782e+01
W 4.0378324924e-02 4.3287612811e+10 2.5513888699e-03 9.7556859773e+01
W 4.0378324924e-02 5.4622772177e+10 2.7204446355e-03 1.1164815803e+02
W 4.0378324924e-02 6.8926121044e+10 2.8236331802e-03 1.2606250637e+02
W 4.0378324924e-02 8.6974900262e+10 2.9308221467e-03 1.4233782081e+02
W 4.0378324924e-02 1.0974987655e+11 3.0420817923e-03 1.6071436160e+02
W 4.0378324924e-02 1.3848863714e+11 3.1574644190e-03 1.8146340781e+02
W 4.0378324924e-02 1.7475284000e+11 3.2769985747e-03 2.0489126203e+02
W 4.0378324924e-02 2.2051307399e+11 3.4936957505e-03 2.3448614538e+02
W 4.0378324924e-02 2.7825594022e+11 3.6249936500e-03 2.6475950625e+02
W 4.0378324924e-02 3.5111917342e+11 3.7604406701e-03 2.9894131287e+02
W 4.0378324924e-02 4.4306214576e+11 3.8999037786e-03 3.3753616559e+02
W 4.0378324924e-02 5.5908101825e+11 4.0431862666e-03 3.8111381122e+02
W 4.0378324924e-02 7.0548023107e+11 4.3046156171e-03 4.3616261454e+02
W 4.0378324924e-02 8.9021508545e+11 4.4587316580e-03 4.9247343925e+02
W 4.0378324924e-02 1.1233240330e+12 4.6156363581e-03 5.5605427949e+02
W 4.0378324924e-02 1.4174741629e+12 4.7747186831e-03 6.2784373144e+02
W 4.0378324924e-02 1.7886495291e+12 4.9352169543e-03 7.0890156889e+02
W 4.0378324924e-02 2.2570197196e+12 5.2355789940e-03 8.1129665897e+02
W 4.0378324924e-02 2.8480358684e+12 5.4002800535e-03 9.1603920781e+02
W 4.0378324924e-02 3.5938136638e+12 5.5628914655e-03 1.0343045555e+03
W 4.0378324924e-02 4.5348785081e+12 5.7217292174e-03 1.1678385646e+03
W 4.0378324924e-02 5.7223676594e+12 5.8748001473e-03 1.3186124973e+03
W 4.0378324924e-02 7.2208090184e+12 6.1844104193e-03 1.5090753928e+03
W 4.0378324924e-02 9.1116275612e+12 6.3222175113e-03 1.7039047457e+03
W 4.0378324924e-02 1.1497569954e+13 6.4456805068e-03 1.9238875646e+03
W 4.0378324924e-02 1.4508287785e+13 6.5511259001e-03 2.1722712908e+03
W 4.0378324924e-02 1.8307382803e+13 6.8158703103e-03 2.4860382850e+03
W 4.0378324924e-02 2.3101297001e+13 6.8739471507e-03 2.8069985449e+03
W 4.0378324924e-02 2.9150530628e+13 6.8993716863e-03 3.1693964161e+03
W 4.0378324924e-02 3.6783797718e+13 6.8866217426e-03 3.5785817064e+03
W 4.0378324924e-02 4.6415888336e+13 7.0167554688e-03 4.0954788502e+03
W 4.0378324924e-02 5.8570208181e+13 6.9074939042e-03 4.6242261201e+03
W 4.0378324924e-02 7.3907220335e+13 6.7415662279e-03 5.2212373672e+03
W 4.0378324924e-02 9.3260334688e+13 6.5140611951e-03 5.8953258204e+03
W 4.0378324924e-02 1.1768119524e+14 6.3914815392e-03 6.7468578877e+03
W 4.0378324924e-02 1.4849682623e+14 6.0219351699e-03 7.6179117543e+03
W 4.0378324924e-02 1.8738174229e+14 5.5845499541e-03 8.6014231310e+03
W 4.0378324924e-02 2.3644894126e+14 5.2228927757e-03 9.8438290376e+03
W 4.0378324924e-02 2.9836472403e+14 4.6524998969e-03 1.1114717722e+04
W 4.0378324924e-02 3.7649358068e+14 4.0401514763e-03 1.2549684637e+04
W 4.0378324924e-02 4.7508101621e+14 3.4048538102e-03 1.4169913121e+04
W 4.0378324924e-02 5.9948425032e+14 2.8455153602e-03 1.6216642306e+04
W 4.0378324924e-02 7.5646332755e+14 2.2199726849e-03 1.8310293784e+04
W 4.0378324924e-02 9.5454845666e+14 1.6485853694e-03 2.0674246377e+04
W 4.0378324924e-02 1.2045035403e+15 1.1864736378e-03 2.3660473821e+04
W 4.0378324924e-02 1.5199110830e+15 7.7514068245e-04 2.6715162026e+04
W 4.0378324924e-02 1.9179102617e+15 4.6551547323e-04 3.0164226104e+04
W 4.0378324924e-02 2.4201282648e+15 2.5960950629e-04 3.4521204259e+04
W 4.0378324924e-02 3.0538555088e+15 1.2502336132e-04 3.8978068320e+04
W 4.0378324924e-02 3.8535285937e+15 5.2263275327e-05 4.4010336332e+04
W 4.0378324924e-02 4.8626015801e+15 1.8933361661e-05 5.0367272966e+04
W 4.0378324924e-02 6.1359072734e+15 5.4122151596e-06 5.6869945558e+04
W 4.0378324924e-02 7.7426368268e+15 1.2213973535e-06 6.5084348593e+04
W 4.0378324924e-02 9.7700995730e+15 1.9282735566e-07 7.3487070933e+04
W 4.0378324924e-02 1.2328467394e+16 2.0227271258e-08 8.2974627711e+04
W 4.0378324924e-02 1.5556761439e+16 1.3255938409e-09 9.4959640655e+04
W 4.0378324924e-02 1.9630406500e+16 4.6554028657e-11 1.0721941603e+05
W 4.0378324924e-02 2.4770763560e+16 8.0268582795e-13 1.2106199111e+05
W 4.0378324924e-02 3.1257158497e+16 6.0822104209e-15 1.3854841522e+05
W 4.0378324924e-02 3.9442060594e+16 1.6143258356e-17 1.5643572437e+05
W 4.0378324924e-02 4.9770235643e+16 1.2670933137e-20 1.7903159775e+05
W 4.0378324924e-02 6.2802914418e+16 2.0803225694e-24 2.0214549285e+05
W 4.0378324924e-02 7.9248289835e+16 5.1362625457e-29 2.3134377207e+05
W 4.0378324924e-02 1.0000000000e+17 1.0918613092e-34 2.6121143648e+05
W 4.3296791417e-02 1.2618568831e+07 7.9297092152e-04 1.3546775620e+00
W 4.3296791417e-02 1.5922827933e+07 8.1748515621e-04 1.5295733651e+00
W 4.3296791417e-02 2.0092330026e+07 8.4292764694e-04 1.7270491110e+00
W 4.3296791417e-02 2.5353644940e+07 8.9311629122e-04 1.9765073674e+00
W 4.3296791417e-02 3.1992671378e+07 9.2128972898e-04 2.2316845792e+00
W 4.3296791417e-02 4.0370172586e+07 9.5054876230e-04 2.5198064745e+00
W 4.3296791417e-02 5.0941380148e+07 9.8094170750e-04 2.8451263804e+00
W 4.3296791417e-02 6.4280731173e+07 1.0125191528e-03 3.2124467502e+00
W 4.3296791417e-02 8.1113083079e+07 1.0453341576e-03 3.6271900589e+00
W 4.3296791417e-02 1.0235310219e+08 1.0794422957e-03 4.0954788502e+00
W 4.3296791417e-02 1.2915496650e+08 1.1149018051e-03 4.6242261201e+00
W 4.3296791417e-02 1.6297508346e+08 1.1832756423e-03 5.2921581306e+00
W 4.3296791417e-02 2.0565123083e+08 1.2226727691e-03 5.9754028171e+00
W 4.3296791417e-02 2.5950242114e+08 1.2636554167e-03 6.7468578877e+00
W 4.3296791417e-02 3.2745491629e+08 1.3062955798e-03 7.6179117543e+00
W 4.3296791417e-02 4.1320124001e+08 1.3506685577e-03 8.6014231310e+00
W 4.3296791417e-02 5.2140082880e+08 1.3968531374e-03 9.7119108575e+00
W 4.3296791417e-02 6.5793322466e+08 1.4449315232e-03 1.0965768230e+01
W 4.3296791417e-02 8.3021756813e+08 1.4949895915e-03 1.2381505004e+01
W 4.3296791417e-02 1.0476157528e+09 1.5894316828e-03 1.4169913121e+01
W 4.3296791417e-02 1.3219411485e+09 1.6452061537e-03 1.5999321391e+01
W 4.3296791417e-02 1.6681005372e+09 1.7033017607e-03 1.8064915626e+01
W 4.3296791417e-02 2.1049041445e+09 1.7638218293e-03 2.0397188644e+01
W 4.3296791417e-02 2.6560877829e+09 1.8268735611e-03 2.3030570039e+01
W 4.3296791417e-02 3.3516026509e+09 1.8925678325e-03 2.6003934443e+01
W 4.3296791417e-02 4.2292428744e+09 1.9610189644e-03 2.9361175402e+01
W 4.3296791417e-02 5.3366992312e+09 2.0323447836e-03 3.3151853343e+01
W 4.3296791417e-02 6.7341506578e+09 2.1642849345e-03 3.7940370054e+01
W 4.3296791417e-02 8.4975343591e+09 2.2438430757e-03 4.2838665911e+01
W 4.3296791417e-02 1.0722672220e+10 2.3267344995e-03 4.8369356820e+01
W 4.3296791417e-02 1.3530477746e+10 2.4130897861e-03 5.4614088217e+01
W 4.3296791417e-02 1.7073526475e+10 2.5030404900e-03 6.1665046383e+01
W 4.3296791417e-02 2.1544346900e+10 2.5967178185e-03 6.9626319316e+01
W 4.3296791417e-02 2.7185882427e+10 2.7679414948e-03 7.9683277224e+01
W 4.3296791417e-02 3.4304692863e+10 2.8722352258e-03 8.9970795930e+01
W 4.3296791417e-02 4.3287612811e+10 2.9807469986e-03 1.0158648593e+02
W 4.3296791417e-02 5.4622772177e+10 3.0935950384e-03 1.1470182092e+02
W 4.3296791417e-02 6.8926121044e+10 3.2108882517e-03 1.2951041276e+02
W 4.3296791417e-02 8.6974900262e+10 3.3327225302e-03 1.4623086955e+02
W 4.3296791417e-02 1.0974987655e+11 3.4591766447e-03 1.6511002285e+02
W 4.3296791417e-02 1.3848863714e+11 3.6885065019e-03 1.8895882839e+02
W 4.3296791417e-02 1.7475284000e+11 3.8280630794e-03 2.1335437975e+02
W 4.3296791417e-02 2.2051307399e+11 3.9724560301e-03 2.4089952158e+02
W 4.3296791417e-02 2.7825594022e+11 4.1216424268e-03 2.7200088213e+02
W 4.3296791417e-02 3.5111917342e+11 4.2755291333e-03 3.0711758742e+02
W 4.3296791417e-02 4.4306214576e+11 4.5552347569e-03 3.5147823552e+02
W 4.3296791417e-02 5.5908101825e+11 4.7224397989e-03 3.9685587370e+02
W 4.3296791417e-02 7.0548023107e+11 4.8937616415e-03 4.4809199709e+02
W 4.3296791417e-02 8.9021508545e+11 5.0687729260e-03 5.0594296612e+02
W 4.3296791417e-02 1.1233240330e+12 5.2469213998e-03 5.7126279118e+02
W 4.3296791417e-02 1.4174741629e+12 5.4275079981e-03 6.4501573980e+02
W 4.3296791417e-02 1.7886495291e+12 5.7630905007e-03 7.3818303930e+02
W 4.3296791417e-02 2.2570197196e+12 5.9507368506e-03 8.3348624582e+02
W 4.3296791417e-02 2.8480358684e+12 6.1375563024e-03 9.4109358382e+02
W 4.3296791417e-02 3.5938136638e+12 6.3219387782e-03 1.0625935796e+03
W 4.3296791417e-02 4.5348785081e+12 6.5019630507e-03 1.1997798464e+03
W 4.3296791417e-02 5.7223676594e+12 6.8579323052e-03 1.3730783280e+03
W 4.3296791417e-02 7.2208090184e+12 7.0265162354e-03 1.5503497641e+03
W 4.3296791417e-02 9.1116275612e+12 7.1823636002e-03 1.7505078494e+03
W 4.3296791417e-02 1.1497569954e+13 7.3218058934e-03 1.9765073674e+03
W 4.3296791417e-02 1.4508287785e+13 7.6441693590e-03 2.2619978484e+03
W 4.3296791417e-02 1.8307382803e+13 7.7402875811e-03 2.5540333419e+03
W 4.3296791417e-02 2.3101297001e+13 7.8050441609e-03 2.8837721114e+03
W 4.3296791417e-02 2.9150530628e+13 7.8325727713e-03 3.2560818428e+03
W 4.3296791417e-02 3.6783797718e+13 8.0303944874e-03 3.7263964933e+03
W 4.3296791417e-02 4.6415888336e+13 7.9626078529e-03 4.2074933428e+03
W 4.3296791417e-02 5.8570208181e+13 7.8367369080e-03 4.7507022567e+03
W 4.3296791417e-02 7.3907220335e+13 7.6464243283e-03 5.3640422201e+03
W 4.3296791417e-02 9.3260334688e+13 7.5881547020e-03 6.1388346743e+03
W 4.3296791417e-02 1.1768119524e+14 7.2446613743e-03 6.9313896337e+03
W 4.3296791417e-02 1.4849682623e+14 6.8231347883e-03 7.8262674927e+03
W 4.3296791417e-02 1.8738174229e+14 6.4977566640e-03 8.9567084455e+03
W 4.3296791417e-02 2.3644894126e+14 5.9122118095e-03 1.0113065324e+04
W 4.3296791417e-02 2.9836472403e+14 5.2635298091e-03 1.1418713790e+04
W 4.3296791417e-02 3.7649358068e+14 4.5677744620e-03 1.2892928152e+04
W 4.3296791417e-02 4.7508101621e+14 3.9518366165e-03 1.4755207201e+04
W 4.3296791417e-02 5.9948425032e+14 3.2119501528e-03 1.6660179931e+04
W 4.3296791417e-02 7.5646332755e+14 2.5033665991e-03 1.8811094384e+04
W 4.3296791417e-02 9.5454845666e+14 1.9076937483e-03 2.1528204613e+04
W 4.3296791417e-02 1.2045035403e+15 1.3346226626e-03 2.4307605956e+04
W 4.3296791417e-02 1.5199110830e+15 8.7057868513e-04 2.7445842229e+04
W 4.3296791417e-02 1.9179102617e+15 5.3616013762e-04 3.1410171850e+04
W 4.3296791417e-02 2.4201282648e+15 2.9043056764e-04 3.5465385714e+04
W 4.3296791417e-02 3.0538555088e+15 1.3951921589e-04 4.0044148431e+04
W 4.3296791417e-02 3.8535285937e+15 5.9743333443e-05 4.5828201346e+04
W 4.3296791417e-02 4.8626015801e+15 2.0994351657e-05 5.1744856573e+04
W 4.3296791417e-02 6.1359072734e+15 5.9767604854e-06 5.8425382255e+04
W 4.3296791417e-02 7.7426368268e+15 1.3421766438e-06 6.6864455523e+04
W 4.3296791417e-02 9.7700995730e+15 2.1064144330e-07 7.5496998774e+04
W 4.3296791417e-02 1.2328467394e+16 2.2537941046e-08 8.6401928782e+04
W 4.3296791417e-02 1.5556761439e+16 1.4252724398e-09 9.7556859773e+04
W 4.3296791417e-02 1.9630406500e+16 4.9532430428e-11 1.1015194942e+05
W 4.3296791417e-02 2.4770763560e+16 8.6637360637e-13 1.2606250637e+05
W 4.3296791417e-02 3.1257158497e+16 6.2934705917e-15 1.4233782081e+05
W 4.3296791417e-02 3.9442060594e+16 1.6849031572e-17 1.6289736620e+05
W 4.3296791417e-02 4.9770235643e+16 1.2591011528e-20 1.8392824948e+05
W 4.3296791417e-02 6.2802914418e+16 2.0124835263e-24 2.0767432736e+05
W 4.3296791417e-02 7.9248289835e+16 4.8089754402e-29 2.3767120195e+05
W 4.3296791417e-02 1.0000000000e+17 9.8211986988e-35 2.6835576992e+05
W 4.6426198969e-02 1.2618568831e+07 9.2687544419e-04 1.4106330750e+00
W 4.6426198969e-02 1.5922827933e+07 9.5552853233e-04 1.5927530210e+00
W 4.6426198969e-02 2.0092330026e+07 9.8526648852e-04 1.7983855837e+00
W 4.6426198969e-02 2.5353644940e+07 1.0161369878e-03 2.0305663622e+00
W 4.6426198969e-02 3.1992671378e+07 1.0481900128e-03 2.2927228668e+00
W 4.6426198969e-02 4.0370172586e+07 1.0814779724e-03 2.5887251173e+00
W 4.6426198969e-02 5.0941380148e+07 1.1160558134e-03 2.9229427725e+00
W 4.6426198969e-02 6.4280731173e+07 1.1519810642e-03 3.3003096366e+00
W 4.6426198969e-02 8.1113083079e+07 1.2218427146e-03 3.7770126337e+00
W 4.6426198969e-02 1.0235310219e+08 1.2617079693e-03 4.2646442859e+00
W 4.6426198969e-02 1.2915496650e+08 1.3031524272e-03 4.8152316789e+00
W 4.6426198969e-02 1.6297508346e+08 1.3462474132e-03 5.4369027208e+00
W 4.6426198969e-02 2.0565123083e+08 1.3910675673e-03 6.1388346743e+00
W 4.6426198969e-02 2.5950242114e+08 1.4376911209e-03 6.9313896337e+00
W 4.6426198969e-02 3.2745491629e+08 1.4861999213e-03 7.8262674927e+00
W 4.6426198969e-02 4.1320124001e+08 1.5366795677e-03 8.8366786611e+00
W 4.6426198969e-02 5.2140082880e+08 1.6326859958e-03 1.0113065324e+01
W 4.6426198969e-02 6.5793322466e+08 1.6888758073e-03 1.1418713790e+01
W 4.6426198969e-02 8.3021756813e+08 1.7473786412e-03 1.2892928152e+01
W 4.6426198969e-02 1.0476157528e+09 1.8082989995e-03 1.4557471130e+01
W 4.6426198969e-02 1.3219411485e+09 1.8717456437e-03 1.6436915121e+01
W 4.6426198969e-02 1.6681005372e+09 1.9378317917e-03 1.8559004946e+01
W 4.6426198969e-02 2.1049041445e+09 2.0066748327e-03 2.0955067422e+01
W 4.6426198969e-02 2.6560877829e+09 2.0783965447e-03 2.3660473821e+01
W 4.6426198969e-02 3.3516026509e+09 2.2120124268e-03 2.7078037634e+01
W 4.6426198969e-02 4.2292428744e+09 2.2920027282e-03 3.0573950809e+01
W 4.6426198969e-02 5.3366992312e+09 2.3753506347e-03 3.4521204259e+01
W 4.6426198969e-02 6.7341506578e+09 2.4621969254e-03 3.8978068320e+01
W 4.6426198969e-02 8.4975343591e+09 2.5526855746e-03 4.4010336332e+01
W 4.6426198969e-02 1.0722672220e+10 2.6469630648e-03 4.9692295885e+01
W 4.6426198969e-02 1.3530477746e+10 2.7451775092e-03 5.6107825483e+01
W 4.6426198969e-02 1.7073526475e+10 2.9253587838e-03 6.4212146446e+01
W 4.6426198969e-02 2.1544346900e+10 3.0348079896e-03 7.2502263027e+01
W 4.6426198969e-02 2.7185882427e+10 3.1487589705e-03 8.1862676067e+01
W 4.6426198969e-02 3.4304692863e+10 3.2673592253e-03 9.2431566313e+01
W 4.6426198969e-02 4.3287612811e+10 3.3907509799e-03 1.0436495435e+02
W 4.6426198969e-02 5.4622772177e+10 3.5190677773e-03 1.1783900384e+02
W 4.6426198969e-02 6.8926121044e+10 3.6524324322e-03 1.3305262203e+02
W 4.6426198969e-02 8.6974900262e+10 3.8946382830e-03 1.5227099567e+02
W 4.6426198969e-02 1.0974987655e+11 4.0423346805e-03 1.7192996014e+02
W 4.6426198969e-02 1.3848863714e+11 4.1954848761e-03 1.9412699750e+02
W 4.6426198969e-02 1.7475284000e+11 4.3541233142e-03 2.1918978593e+02
W 4.6426198969e-02 2.2051307399e+11 4.5182462584e-03 2.4748830855e+02
W 4.6426198969e-02 2.7825594022e+11 4.6878025679e-03 2.7944031520e+02
W 4.6426198969e-02 3.5111917342e+11 4.9956818294e-03 3.1980320549e+02
W 4.6426198969e-02 4.4306214576e+11 5.1806339498e-03 3.6109143526e+02
W 4.6426198969e-02 5.5908101825e+11 5.3706060056e-03 4.0771018670e+02
W 4.6426198969e-02 7.0548023107e+11 5.5652283667e-03 4.6034765743e+02
W 4.6426198969e-02 8.9021508545e+11 5.7640106938e-03 5.1978089490e+02
W 4.6426198969e-02 1.1233240330e+12 6.1295035533e-03 5.9485903535e+02
W 4.6426198969e-02 1.4174741629e+12 6.3401476030e-03 6.7165837980e+02
W 4.6426198969e-02 1.7886495291e+12 6.5525695187e-03 7.5837291248e+02
W 4.6426198969e-02 2.2570197196e+12 6.7655118651e-03 8.5628273491e+02
W 4.6426198969e-02 2.8480358684e+12 6.9774466544e-03 9.6683321627e+02
W 4.6426198969e-02 3.5938136638e+12 7.3830923772e-03 1.1064844438e+03
W 4.6426198969e-02 4.5348785081e+12 7.5927223748e-03 1.2493372457e+03
W 4.6426198969e-02 5.7223676594e+12 7.7945109410e-03 1.4106330750e+03
W 4.6426198969e-02 7.2208090184e+12 7.9853343022e-03 1.5927530210e+03
W 4.6426198969e-02 9.1116275612e+12 8.1615620003e-03 1.7983855837e+03
W 4.6426198969e-02 1.1497569954e+13 8.5465458296e-03 2.0581478158e+03
W 4.6426198969e-02 1.4508287785e+13 8.6841239232e-03 2.3238652272e+03
W 4.6426198969e-02 1.8307382803e+13 8.7920146478e-03 2.6238881157e+03
W 4.6426198969e-02 2.3101297001e+13 8.8641066158e-03 2.9626454939e+03
W 4.6426198969e-02 2.9150530628e+13 9.1369833071e-03 3.3905756404e+03
W 4.6426198969e-02 3.6783797718e+13 9.1164798687e-03 3.8283162999e+03
W 4.6426198969e-02 4.6415888336e+13 9.0374436393e-03 4.3225715179e+03
W 4.6426198969e-02 5.8570208181e+13 8.8922842874e-03 4.8806376128e+03
W 4.6426198969e-02 7.3907220335e+13 8.9110542536e-03 5.5856061867e+03
W 4.6426198969e-02 9.3260334688e+13 8.6049039459e-03 6.3067365184e+03
W 4.6426198969e-02 1.1768119524e+14 8.2123510044e-03 7.1209684648e+03
W 4.6426198969e-02 1.4849682623e+14 7.7312868729e-03 8.0403219206e+03
W 4.6426198969e-02 1.8738174229e+14 7.3591098838e-03 9.2016813019e+03
W 4.6426198969e-02 2.3644894126e+14 6.6923331278e-03 1.0389665429e+04
W 4.6426198969e-02 2.9836472403e+14 5.9543933591e-03 1.1731024384e+04
W 4.6426198969e-02 3.7649358068e+14 5.3049151006e-03 1.3425475844e+04
W 4.6426198969e-02 4.7508101621e+14 4.4637916185e-03 1.5158773453e+04
W 4.6426198969e-02 5.9948425032e+14 3.6246931759e-03 1.7115848650e+04
W 4.6426198969e-02 7.5646332755e+14 2.8992233351e-03 1.9588094363e+04
W 4.6426198969e-02 9.5454845666e+14 2.1478832838e-03 2.2117017547e+04
W 4.6426198969e-02 1.2045035403e+15 1.5005078589e-03 2.4972437651e+04
W 4.6426198969e-02 1.5199110830e+15 1.0038809899e-03 2.8579504013e+04
W 4.6426198969e-02 1.9179102617e+15 6.0062591819e-04 3.2269264179e+04
W 4.6426198969e-02 2.4201282648e+15 3.2460981921e-04 3.6435391257e+04
W 4.6426198969e-02 3.0538555088e+15 1.5977572054e-04 4.1698188426e+04
W 4.6426198969e-02 3.8535285937e+15 6.6386798639e-05 4.7081637858e+04
W 4.6426198969e-02 4.8626015801e+15 2.3242392526e-05 5.3160118149e+04
W 4.6426198969e-02 6.1359072734e+15 6.7677251524e-06 6.0838666662e+04
W 4.6426198969e-02 7.7426368268e+15 1.4715205003e-06 6.8693249746e+04
W 4.6426198969e-02 9.7700995730e+15 2.2947003707e-07 7.7561899686e+04
W 4.6426198969e-02 1.2328467394e+16 2.4363588125e-08 8.8765087906e+04
W 4.6426198969e-02 1.5556761439e+16 1.5263917058e-09 1.0022511483e+05
W 4.6426198969e-02 1.9630406500e+16 5.3885685941e-11 1.1470182092e+05
W 4.6426198969e-02 2.4770763560e+16 9.0502202529e-13 1.2951041276e+05
W 4.6426198969e-02 3.1257158497e+16 6.4673569312e-15 1.4623086955e+05
W 4.6426198969e-02 3.9442060594e+16 1.6976154285e-17 1.6735273430e+05
W 4.6426198969e-02 4.9770235643e+16 1.2387324811e-20 1.8895882839e+05
W 4.6426198969e-02 6.2802914418e+16 1.9761843755e-24 2.1625240073e+05
W 4.6426198969e-02 7.9248289835e+16 4.4375979043e-29 2.4417169190e+05
W 4.6426198969e-02 1.0000000000e+17 8.6800348868e-35 2.7569550638e+05
W 4.9781793990e-02 1.2618568831e+07 1.0549271750e-03 1.4492149732e+00
W 4.9781793990e-02 1.5922827933e+07 1.0875379098e-03 1.6363160397e+00
W 4.9781793990e-02 2.0092330026e+07 1.1213832229e-03 1.8475728109e+00
W 4.9781793990e-02 2.5353644940e+07 1.1565173538e-03 2.0861039120e+00
W 4.9781793990e-02 3.1992671378e+07 1.1929971662e-03 2.3554305985e+00
W 4.9781793990e-02 4.0370172586e+07 1.2645478580e-03 2.6956534713e+00
W 4.9781793990e-02 5.0941380148e+07 1.3049771169e-03 3.0436761240e+00
W 4.9781793990e-02 6.4280731173e+07 1.3469815637e-03 3.4366302814e+00
W 4.9781793990e-02 8.1113083079e+07 1.3906317093e-03 3.8803168307e+00
W 4.9781793990e-02 1.0235310219e+08 1.4360014006e-03 4.3812855831e+00
W 4.9781793990e-02 1.2915496650e+08 1.4831680183e-03 4.9469319642e+00
W 4.9781793990e-02 1.6297508346e+08 1.5322126853e-03 5.5856061867e+00
W 4.9781793990e-02 2.0565123083e+08 1.5832202909e-03 6.3067365184e+00
W 4.9781793990e-02 2.5950242114e+08 1.6362798038e-03 7.1209684648e+00
W 4.9781793990e-02 3.2745491629e+08 1.7377476953e-03 8.1495346853e+00
W 4.9781793990e-02 4.1320124001e+08 1.7967657260e-03 9.2016813019e+00
W 4.9781793990e-02 5.2140082880e+08 1.8581920226e-03 1.0389665429e+01
W 4.9781793990e-02 6.5793322466e+08 1.9221357236e-03 1.1731024384e+01
W 4.9781793990e-02 8.3021756813e+08 1.9887108253e-03 1.3245559641e+01
W 4.9781793990e-02 1.0476157528e+09 2.0580361219e-03 1.4955629148e+01
W 4.9781793990e-02 1.3219411485e+09 2.1302352370e-03 1.6886477376e+01
W 4.9781793990e-02 1.6681005372e+09 2.2054368461e-03 1.9066607988e+01
W 4.9781793990e-02 2.1049041445e+09 2.3462373321e-03 2.1820625087e+01
W 4.9781793990e-02 2.6560877829e+09 2.4300812425e-03 2.4637779409e+01
W 4.9781793990e-02 3.3516026509e+09 2.5174359529e-03 2.7818642764e+01
W 4.9781793990e-02 4.2292428744e+09 2.6084529629e-03 3.1410171850e+01
W 4.9781793990e-02 5.3366992312e+09 2.7032883615e-03 3.5465385714e+01
W 4.9781793990e-02 6.7341506578e+09 2.8021019899e-03 4.0044148431e+01
W 4.9781793990e-02 8.4975343591e+09 2.9050572768e-03 4.5214052838e+01
W 4.9781793990e-02 1.0722672220e+10 3.0123204491e-03 5.1051418350e+01
W 4.9781793990e-02 1.3530477746e+10 3.2095049543e-03 5.8425382255e+01
W 4.9781793990e-02 1.7073526475e+10 3.3290722747e-03 6.5968397978e+01
W 4.9781793990e-02 2.1544346900e+10 3.4535848347e-03 7.4485255616e+01
W 4.9781793990e-02 2.7185882427e+10 3.5832138210e-03 8.4101683142e+01
W 4.9781793990e-02 3.4304692863e+10 3.7181261809e-03 9.4959640655e+01
W 4.9781793990e-02 4.3287612811e+10 3.8584827399e-03 1.0721941603e+02
W 4.9781793990e-02 5.4622772177e+10 4.1139586593e-03 1.2270639228e+02
W 4.9781793990e-02 6.8926121044e+10 4.2697923759e-03 1.3854841522e+02
W 4.9781793990e-02 8.6974900262e+10 4.4316409315e-03 1.5643572437e+02
W 4.9781793990e-02 1.0974987655e+11 4.5996057396e-03 1.7663237663e+02
W 4.9781793990e-02 1.3848863714e+11 4.7737604200e-03 1.9943652001e+02
W 4.9781793990e-02 1.7475284000e+11 4.9541419510e-03 2.2518479495e+02
W 4.9781793990e-02 2.2051307399e+11 5.1407435755e-03 2.5425730390e+02
W 4.9781793990e-02 2.7825594022e+11 5.4793797113e-03 2.9098271217e+02
W 4.9781793990e-02 3.5111917342e+11 5.6836099194e-03 3.2855006882e+02
W 4.9781793990e-02 4.4306214576e+11 5.8938260275e-03 3.7096756339e+02
W 4.9781793990e-02 5.5908101825e+11 6.1097190318e-03 4.1886137350e+02
W 4.9781793990e-02 7.0548023107e+11 6.3308637075e-03 4.7293851949e+02
W 4.9781793990e-02 8.9021508545e+11 6.7360276425e-03 5.4125065821e+02
W 4.9781793990e-02 1.1233240330e+12 6.9721086708e-03 6.1112888693e+02
W 4.9781793990e-02 1.4174741629e+12 7.2113186487e-03 6.9002875244e+02
W 4.9781793990e-02 1.7886495291e+12 7.4524858793e-03 7.7911499420e+02
W 4.9781793990e-02 2.2570197196e+12 7.6941717786e-03 8.7970272549e+02
W 4.9781793990e-02 2.8480358684e+12 8.1516475053e-03 1.0067686593e+03
W 4.9781793990e-02 3.5938136638e+12 8.3952610610e-03 1.1367476433e+03
W 4.9781793990e-02 4.5348785081e+12 8.6328806824e-03 1.2835075790e+03
W 4.9781793990e-02 5.7223676594e+12 8.8614649647e-03 1.4492149732e+03
W 4.9781793990e-02 7.2208090184e+12 9.0774496695e-03 1.6363160397e+03
W 4.9781793990e-02 9.1116275612e+12 9.5304192369e-03 1.8726686388e+03
W 4.9781793990e-02 1.1497569954e+13 9.7130214981e-03 2.1144397396e+03
W 4.9781793990e-02 1.4508287785e+13 9.8679588590e-03 2.3874247263e+03
W 4.9781793990e-02 1.8307382803e+13 9.9889621345e-03 2.6956534713e+03
W 4.9781793990e-02 2.3101297001e+13 1.0344475536e-02 3.0850187826e+03
W 4.9781793990e-02 2.9150530628e+13 1.0376991998e-02 3.4833104887e+03
W 4.9781793990e-02 3.6783797718e+13 1.0351412610e-02 3.9330236916e+03
W 4.9781793990e-02 4.6415888336e+13 1.0259125459e-02 4.4407971694e+03
W 4.9781793990e-02 5.8570208181e+13 1.0367546938e-02 5.0822343536e+03
W 4.9781793990e-02 7.3907220335e+13 1.0109675070e-02 5.7383768066e+03
W 4.9781793990e-02 9.3260334688e+13 9.7589060332e-03 6.4792306068e+03
W 4.9781793990e-02 1.1768119524e+14 9.3100038433e-03 7.3157324225e+03
W 4.9781793990e-02 1.4849682623e+14 9.0003082638e-03 8.3724307193e+03
W 4.9781793990e-02 1.8738174229e+14 8.3347069030e-03 9.4533543540e+03
W 4.9781793990e-02 2.3644894126e+14 7.5751343438e-03 1.0673830759e+04
W 4.9781793990e-02 2.9836472403e+14 6.7353889641e-03 1.2051876912e+04
W 4.9781793990e-02 3.7649358068e+14 5.9961814422e-03 1.3792672921e+04
W 4.9781793990e-02 4.7508101621e+14 5.0410763525e-03 1.5573377552e+04
W 4.9781793990e-02 5.9948425032e+14 4.0893780148e-03 1.7583980259e+04
W 4.9781793990e-02 7.5646332755e+14 3.2671426692e-03 2.0123843791e+04
W 4.9781793990e-02 9.5454845666e+14 2.4172385316e-03 2.2721934967e+04
W 4.9781793990e-02 1.2045035403e+15 1.6860759425e-03 2.5655453004e+04
W 4.9781793990e-02 1.5199110830e+15 1.1260072828e-03 2.9361175402e+04
W 4.9781793990e-02 1.9179102617e+15 6.7228319011e-04 3.3151853343e+04
W 4.9781793990e-02 2.4201282648e+15 3.6244629847e-04 3.7431927196e+04
W 4.9781793990e-02 3.0538555088e+15 1.7788626194e-04 4.2838665911e+04
W 4.9781793990e-02 3.8535285937e+15 7.3661892435e-05 4.8369356820e+04
W 4.9781793990e-02 4.8626015801e+15 2.5686461927e-05 5.4614088217e+04
W 4.9781793990e-02 6.1359072734e+15 7.4438677266e-06 6.2502650930e+04
W 4.9781793990e-02 7.7426368268e+15 1.6093269228e-06 7.0572062895e+04
W 4.9781793990e-02 9.7700995730e+15 2.5605628749e-07 8.0765625803e+04
W 4.9781793990e-02 1.2328467394e+16 2.6243363712e-08 9.1192881248e+04
W 4.9781793990e-02 1.5556761439e+16 1.6276989240e-09 1.0296634871e+05
W 4.9781793990e-02 1.9630406500e+16 5.6767844599e-11 1.1783900384e+05
W 4.9781793990e-02 2.4770763560e+16 9.3955831557e-13 1.3305262203e+05
W 4.9781793990e-02 3.1257158497e+16 6.5967238828e-15 1.5023039616e+05
W 4.9781793990e-02 3.9442060594e+16 1.6951618178e-17 1.7192996014e+05
W 4.9781793990e-02 4.9770235643e+16 1.2056143335e-20 1.9412699750e+05
W 4.9781793990e-02 6.2802914418e+16 1.8644731478e-24 2.2216707001e+05
W 4.9781793990e-02 7.9248289835e+16 4.0311021330e-29 2.5084997524e+05
W 4.9781793990e-02 1.0000000000e+17 7.7328698234e-35 2.8708322248e+05
W 5.3379924867e-02 1.2618568831e+07 1.2011273925e-03 1.4888521160e+00
W 5.3379924867e-02 1.5922827933e+07 1.2382564731e-03 1.6810705404e+00
W 5.3379924867e-02 2.0092330026e+07 1.3117122372e-03 1.9238875646e+00
W 5.3379924867e-02 2.5353644940e+07 1.3528080625e-03 2.1722712908e+00
W 5.3379924867e-02 3.1992671378e+07 1.3954776987e-03 2.4527226266e+00
W 5.3379924867e-02 4.0370172586e+07 1.4397908527e-03 2.7693816645e+00
W 5.3379924867e-02 5.0941380148e+07 1.4858206020e-03 3.1269230040e+00
W 5.3379924867e-02 6.4280731173e+07 1.5336434523e-03 3.5306247595e+00
W 5.3379924867e-02 8.1113083079e+07 1.5833396380e-03 3.9864464768e+00
W 5.3379924867e-02 1.0235310219e+08 1.6349931855e-03 4.5011171095e+00
W 5.3379924867e-02 1.2915496650e+08 1.6886921384e-03 5.0822343536e+00
W 5.3379924867e-02 1.6297508346e+08 1.7922429963e-03 5.8163219439e+00
W 5.3379924867e-02 2.0565123083e+08 1.8519022155e-03 6.5672388601e+00
W 5.3379924867e-02 2.5950242114e+08 1.9139608039e-03 7.4151029914e+00
W 5.3379924867e-02 3.2745491629e+08 1.9785275359e-03 8.3724307193e+00
W 5.3379924867e-02 4.1320124001e+08 2.0457161565e-03 9.4533543540e+00
W 5.3379924867e-02 5.2140082880e+08 2.1156456558e-03 1.0673830759e+01
W 5.3379924867e-02 6.5793322466e+08 2.1884401567e-03 1.2051876912e+01
W 5.3379924867e-02 8.3021756813e+08 2.2642292952e-03 1.3607835872e+01
W 5.3379924867e-02 1.0476157528e+09 2.3431481507e-03 1.5364677094e+01
W 5.3379924867e-02 1.3219411485e+09 2.4916721166e-03 1.7583980259e+01
W 5.3379924867e-02 1.6681005372e+09 2.5796191814e-03 1.9854162060e+01
W 5.3379924867e-02 2.1049041445e+09 2.6712320279e-03 2.2417435945e+01
W 5.3379924867e-02 2.6560877829e+09 2.7666722159e-03 2.5311641602e+01
W 5.3379924867e-02 3.3516026509e+09 2.8661067680e-03 2.8579504013e+01
W 5.3379924867e-02 4.2292428744e+09 2.9697078066e-03 3.2269264179e+01
W 5.3379924867e-02 5.3366992312e+09 3.0776526320e-03 3.6435391257e+01
W 5.3379924867e-02 6.7341506578e+09 3.1901227628e-03 4.1139386652e+01
W 5.3379924867e-02 8.4975343591e+09 3.3977610396e-03 4.7081637858e+01
W 5.3379924867e-02 1.0722672220e+10 3.5231805213e-03 5.3160118149e+01
W 5.3379924867e-02 1.3530477746e+10 3.6538293529e-03 6.0023361341e+01
W 5.3379924867e-02 1.7073526475e+10 3.7899045949e-03 6.7772684338e+01
W 5.3379924867e-02 2.1544346900e+10 3.9316024963e-03 7.6522484575e+01
W 5.3379924867e-02 2.7185882427e+10 4.0791169597e-03 8.6401928782e+01
W 5.3379924867e-02 3.4304692863e+10 4.2326369301e-03 9.7556859773e+01
W 5.3379924867e-02 4.3287612811e+10 4.5124782239e-03 1.1164815803e+02
W 5.3379924867e-02 5.4622772177e+10 4.6830851201e-03 1.2606250637e+02
W 5.3379924867e-02 6.8926121044e+10 4.8603837471e-03 1.4233782081e+02
W 5.3379924867e-02 8.6974900262e+10 5.0445140423e-03 1.6071436160e+02
W 5.3379924867e-02 1.0974987655e+11 5.2355893286e-03 1.8146340781e+02
W 5.3379924867e-02 1.3848863714e+11 5.4336910096e-03 2.0489126203e+02
W 5.3379924867e-02 1.7475284000e+11 5.7930855739e-03 2.3448614538e+02
W 5.3379924867e-02 2.2051307399e+11 6.0111124873e-03 2.6475950625e+02
W 5.3379924867e-02 2.7825594022e+11 6.2363124533e-03 2.9894131287e+02
W 5.3379924867e-02 3.5111917342e+11 6.4685332883e-03 3.3753616559e+02
W 5.3379924867e-02 4.4306214576e+11 6.7075297775e-03 3.8111381122e+02
W 5.3379924867e-02 5.5908101825e+11 6.9529451198e-03 4.3031755383e+02
W 5.3379924867e-02 7.0548023107e+11 7.4013324742e-03 4.9247343925e+02
W 5.3379924867e-02 8.9021508545e+11 7.6649777576e-03 5.5605427949e+02
W 5.3379924867e-02 1.1233240330e+12 7.9331933124e-03 6.2784373144e+02
W 5.3379924867e-02 1.4174741629e+12 8.2048987665e-03 7.0890156889e+02
W 5.3379924867e-02 1.7886495291e+12 8.4787516613e-03 8.0042438779e+02
W 5.3379924867e-02 2.2570197196e+12 8.9925091166e-03 9.1603920781e+02
W 5.3379924867e-02 2.8480358684e+12 9.2728267494e-03 1.0343045555e+03
W 5.3379924867e-02 3.5938136638e+12 9.5491365335e-03 1.1678385646e+03
W 5.3379924867e-02 4.5348785081e+12 9.8184976362e-03 1.3186124973e+03
W 5.3379924867e-02 5.7223676594e+12 1.0077436084e-02 1.4888521160e+03
W 5.3379924867e-02 7.2208090184e+12 1.0604194298e-02 1.7039047457e+03
W 5.3379924867e-02 9.1116275612e+12 1.0835585597e-02 1.9238875646e+03
W 5.3379924867e-02 1.1497569954e+13 1.1041654258e-02 2.1722712908e+03
W 5.3379924867e-02 1.4508287785e+13 1.1216049135e-02 2.4527226266e+03
W 5.3379924867e-02 1.8307382803e+13 1.1351630225e-02 2.7693816645e+03
W 5.3379924867e-02 2.3101297001e+13 1.1753390965e-02 3.1693964161e+03
W 5.3379924867e-02 2.9150530628e+13 1.1787818549e-02 3.5785817064e+03
W 5.3379924867e-02 3.6783797718e+13 1.1755956071e-02 4.0405949108e+03
W 5.3379924867e-02 4.6415888336e+13 1.1648035031e-02 4.5622563833e+03
W 5.3379924867e-02 5.8570208181e+13 1.1767608383e-02 5.2212373672e+03
W 5.3379924867e-02 7.3907220335e+13 1.1471048456e-02 5.8953258204e+03
W 5.3379924867e-02 9.3260334688e+13 1.1068843877e-02 6.6564425412e+03
W 5.3379924867e-02 1.1768119524e+14 1.0843854238e-02 7.6179117543e+03
W 5.3379924867e-02 1.4849682623e+14 1.0199100475e-02 8.6014231310e+03
W 5.3379924867e-02 1.8738174229e+14 9.4396507700e-03 9.7119108575e+03
W 5.3379924867e-02 2.3644894126e+14 8.5740151266e-03 1.0965768230e+04
W 5.3379924867e-02 2.9836472403e+14 7.8264632648e-03 1.2549684637e+04
W 5.3379924867e-02 3.7649358068e+14 6.7764888158e-03 1.4169913121e+04
W 5.3379924867e-02 4.7508101621e+14 5.6917686003e-03 1.5999321391e+04
W 5.3379924867e-02 5.9948425032e+14 4.7384165515e-03 1.8310293784e+04
W 5.3379924867e-02 7.5646332755e+14 3.6803343447e-03 2.0674246377e+04
W 5.3379924867e-02 9.5454845666e+14 2.7190463135e-03 2.3343397343e+04
W 5.3379924867e-02 1.2045035403e+15 1.8934448636e-03 2.6357149352e+04
W 5.3379924867e-02 1.5199110830e+15 1.2620506612e-03 3.0164226104e+04
W 5.3379924867e-02 1.9179102617e+15 7.5180796857e-04 3.4058581998e+04
W 5.3379924867e-02 2.4201282648e+15 4.0425004896e-04 3.8455719160e+04
W 5.3379924867e-02 3.0538555088e+15 1.9778900911e-04 4.4010336332e+04
W 5.3379924867e-02 3.8535285937e+15 8.1605404425e-05 4.9692295885e+04
W 5.3379924867e-02 4.8626015801e+15 2.9109021741e-05 5.6869945558e+04
W 5.3379924867e-02 6.1359072734e+15 8.1691433524e-06 6.4212146446e+04
W 5.3379924867e-02 7.7426368268e+15 1.7553082532e-06 7.2502263027e+04
W 5.3379924867e-02 9.7700995730e+15 2.7722176775e-07 8.2974627711e+04
W 5.3379924867e-02 1.2328467394e+16 2.8159232458e-08 9.3687076602e+04
W 5.3379924867e-02 1.5556761439e+16 1.7277017605e-09 1.0578255744e+05
W 5.3379924867e-02 1.9630406500e+16 5.9471871053e-11 1.2106199111e+05
W 5.3379924867e-02 2.4770763560e+16 9.6889915934e-13 1.3669171345e+05
W 5.3379924867e-02 3.1257158497e+16 6.8572319543e-15 1.5643572437e+05
W 5.3379924867e-02 3.9442060594e+16 1.6763812179e-17 1.7663237663e+05
W 5.3379924867e-02 4.9770235643e+16 1.1597687089e-20 1.9943652001e+05
W 5.3379924867e-02 6.2802914418e+16 1.7345126485e-24 2.2824351004e+05
W 5.3379924867e-02 7.9248289835e+16 3.6001926279e-29 2.5771091476e+05
W 5.3379924867e-02 1.0000000000e+17 6.5692245636e-35 2.9493516915e+05
W 5.7238121619e-02 1.2618568831e+07 1.4055624454e-03 1.5503497641e+00
W 5.7238121619e-02 1.5922827933e+07 1.4490095825e-03 1.7505078494e+00
W 5.7238121619e-02 2.0092330026e+07 1.4941011393e-03 1.9765073674e+00
W 5.7238121619e-02 2.5353644940e+07 1.5409093181e-03 2.2316845792e+00
W 5.7238121619e-02 3.1992671378e+07 1.5895098095e-03 2.5198064745e+00
W 5.7238121619e-02 4.0370172586e+07 1.6399819704e-03 2.8451263804e+00
W 5.7238121619e-02 5.0941380148e+07 1.6924089920e-03 3.2124467502e+00
W 5.7238121619e-02 6.4280731173e+07 1.7468779646e-03 3.6271900589e+00
W 5.7238121619e-02 8.1113083079e+07 1.8034802191e-03 4.0954788502e+00
W 5.7238121619e-02 1.0235310219e+08 1.9132470460e-03 4.6870376000e+00
W 5.7238121619e-02 1.2915496650e+08 1.9760801430e-03 5.2921581306e+00
W 5.7238121619e-02 1.6297508346e+08 2.0414139991e-03 5.9754028171e+00
W 5.7238121619e-02 2.0565123083e+08 2.1093615315e-03 6.7468578877e+00
W 5.7238121619e-02 2.5950242114e+08 2.1800410705e-03 7.6179117543e+00
W 5.7238121619e-02 3.2745491629e+08 2.2535763928e-03 8.6014231310e+00
W 5.7238121619e-02 4.1320124001e+08 2.3300969225e-03 9.7119108575e+00
W 5.7238121619e-02 5.2140082880e+08 2.4097380406e-03 1.0965768230e+01
W 5.7238121619e-02 6.5793322466e+08 2.4926409560e-03 1.2381505004e+01
W 5.7238121619e-02 8.3021756813e+08 2.6494894849e-03 1.4169913121e+01
W 5.7238121619e-02 1.0476157528e+09 2.7418227243e-03 1.5999321391e+01
W 5.7238121619e-02 1.3219411485e+09 2.8379805448e-03 1.8064915626e+01
W 5.7238121619e-02 1.6681005372e+09 2.9381338421e-03 2.0397188644e+01
W 5.7238121619e-02 2.1049041445e+09 3.0424597374e-03 2.3030570039e+01
W 5.7238121619e-02 2.6560877829e+09 3.1511418944e-03 2.6003934443e+01
W 5.7238121619e-02 3.3516026509e+09 3.2643701536e-03 2.9361175402e+01
W 5.7238121619e-02 4.2292428744e+09 3.3823401123e-03 3.3151853343e+01
W 5.7238121619e-02 5.3366992312e+09 3.6011245757e-03 3.7940370054e+01
W 5.7238121619e-02 6.7341506578e+09 3.7326895894e-03 4.2838665911e+01
W 5.7238121619e-02 8.4975343591e+09 3.8697612011e-03 4.8369356820e+01
W 5.7238121619e-02 1.0722672220e+10 4.0125594192e-03 5.4614088217e+01
W 5.7238121619e-02 1.3530477746e+10 4.1613064519e-03 6.1665046383e+01
W 5.7238121619e-02 1.7073526475e+10 4.3162257902e-03 6.9626319316e+01
W 5.7238121619e-02 2.1544346900e+10 4.4775398757e-03 7.8615433311e+01
W 5.7238121619e-02 2.7185882427e+10 4.6454683356e-03 8.8765087906e+01
W 5.7238121619e-02 3.4304692863e+10 4.9520618465e-03 1.0158648593e+02
W 5.7238121619e-02 4.3287612811e+10 5.1388243353e-03 1.1470182092e+02
W 5.7238121619e-02 5.4622772177e+10 5.3330103311e-03 1.2951041276e+02
W 5.7238121619e-02 6.8926121044e+10 5.5348003085e-03 1.4623086955e+02
W 5.7238121619e-02 8.6974900262e+10 5.7443513313e-03 1.6511002285e+02
W 5.7238121619e-02 1.0974987655e+11 5.9617898497e-03 1.8642657141e+02
W 5.7238121619e-02 1.3848863714e+11 6.3564304477e-03 2.1335437975e+02
W 5.7238121619e-02 1.7475284000e+11 6.5962496001e-03 2.4089952158e+02
W 5.7238121619e-02 2.2051307399e+11 6.8442903860e-03 2.7200088213e+02
W 5.7238121619e-02 2.7825594022e+11 7.1004631297e-03 3.0711758742e+02
W 5.7238121619e-02 3.5111917342e+11 7.3645896187e-03 3.4676803901e+02
W 5.7238121619e-02 4.4306214576e+11 7.6363850908e-03 3.9153756672e+02
W 5.7238121619e-02 5.5908101825e+11 8.1319303265e-03 4.4809199709e+02
W 5.7238121619e-02 7.0548023107e+11 8.4254895038e-03 5.0594296612e+02
W 5.7238121619e-02 8.9021508545e+11 8.7251584172e-03 5.7126279118e+02
W 5.7238121619e-02 1.1233240330e+12 9.0299534458e-03 6.4501573980e+02
W 5.7238121619e-02 1.4174741629e+12 9.3386346097e-03 7.2829057136e+02
W 5.7238121619e-02 1.7886495291e+12 9.6496625432e-03 8.2231660967e+02
W 5.7238121619e-02 2.2570197196e+12 1.0233595234e-02 9.4109358382e+02
W 5.7238121619e-02 2.8480358684e+12 1.0551723182e-02 1.0625935796e+03
W 5.7238121619e-02 3.5938136638e+12 1.0865147588e-02 1.1997798464e+03
W 5.7238121619e-02 4.5348785081e+12 1.1170505380e-02 1.3546775620e+03
W 5.7238121619e-02 5.7223676594e+12 1.1463826072e-02 1.5295733651e+03
W 5.7238121619e-02 7.2208090184e+12 1.2061572399e-02 1.7505078494e+03
W 5.7238121619e-02 9.1116275612e+12 1.2323092369e-02 1.9765073674e+03
W 5.7238121619e-02 1.1497569954e+13 1.2555562597e-02 2.2316845792e+03
W 5.7238121619e-02 1.4508287785e+13 1.2751741697e-02 2.5198064745e+03
W 5.7238121619e-02 1.8307382803e+13 1.3256415202e-02 2.8837721114e+03
W 5.7238121619e-02 2.3101297001e+13 1.3357423353e-02 3.2560818428e+03
W 5.7238121619e-02 2.9150530628e+13 1.3393467312e-02 3.6764586650e+03
W 5.7238121619e-02 3.6783797718e+13 1.3353831289e-02 4.1511082855e+03
W 5.7238121619e-02 4.6415888336e+13 1.3589214703e-02 4.7507022567e+03
W 5.7238121619e-02 5.8570208181e+13 1.3358907587e-02 5.3640422201e+03
W 5.7238121619e-02 7.3907220335e+13 1.3017519932e-02 6.0565675103e+03
W 5.7238121619e-02 9.3260334688e+13 1.2555958008e-02 6.8385013580e+03
W 5.7238121619e-02 1.1768119524e+14 1.2295064220e-02 7.8262674927e+03
W 5.7238121619e-02 1.4849682623e+14 1.1557985162e-02 8.8366786611e+03
W 5.7238121619e-02 1.8738174229e+14 1.0691012015e-02 9.9775390799e+03
W 5.7238121619e-02 2.3644894126e+14 9.7040813566e-03 1.1265690415e+04
W 5.7238121619e-02 2.9836472403e+14 8.8511965799e-03 1.2892928152e+04
W 5.7238121619e-02 3.7649358068e+14 7.6570169400e-03 1.4557471130e+04
W 5.7238121619e-02 4.7508101621e+14 6.4248755137e-03 1.6436915121e+04
W 5.7238121619e-02 5.9948425032e+14 5.3425413490e-03 1.8811094384e+04
W 5.7238121619e-02 7.5646332755e+14 4.1440240528e-03 2.1239702897e+04
W 5.7238121619e-02 9.5454845666e+14 3.0569012942e-03 2.3981857192e+04
W 5.7238121619e-02 1.2045035403e+15 2.1830257807e-03 2.7445842229e+04
W 5.7238121619e-02 1.5199110830e+15 1.4133813394e-03 3.0989240860e+04
W 5.7238121619e-02 1.9179102617e+15 8.3990995727e-04 3.4990110379e+04
W 5.7238121619e-02 2.4201282648e+15 4.6265536085e-04 4.0044148431e+04
W 5.7238121619e-02 3.0538555088e+15 2.1960394685e-04 4.5214052838e+04
W 5.7238121619e-02 3.8535285937e+15 9.0250740766e-05 5.1051418350e+04
W 5.7238121619e-02 4.8626015801e+15 3.2043747842e-05 5.8425382255e+04
W 5.7238121619e-02 6.1359072734e+15 8.9432087909e-06 6.5968397978e+04
W 5.7238121619e-02 7.7426368268e+15 1.9089527832e-06 7.4485255616e+04
W 5.7238121619e-02 9.7700995730e+15 2.9909088655e-07 8.5244047518e+04
W 5.7238121619e-02 1.2328467394e+16 3.0088832742e-08 9.6249490116e+04
W 5.7238121619e-02 1.5556761439e+16 1.8246638029e-09 1.0867579165e+05
W 5.7238121619e-02 1.9630406500e+16 6.1929943398e-11 1.2437312957e+05
W 5.7238121619e-02 2.4770763560e+16 9.9193554713e-13 1.4043033682e+05
W 5.7238121619e-02 3.1257158497e+16 6.8780083339e-15 1.6071436160e+05
W 5.7238121619e-02 3.9442060594e+16 1.6405070947e-17 1.8146340781e+05
W 5.7238121619e-02 4.9770235643e+16 1.1317990797e-20 2.0767432736e+05
W 5.7238121619e-02 6.2802914418e+16 1.5892454237e-24 2.3448614538e+05
W 5.7238121619e-02 7.9248289835e+16 3.1568223876e-29 2.6475950625e+05
W 5.7238121619e-02 1.0000000000e+17 5.4579607402e-35 3.0300187259e+05
W 6.1375181300e-02 1.2618568831e+07 1.6016917800e-03 1.5927530210e+00
W 6.1375181300e-02 1.5922827933e+07 1.6511996939e-03 1.7983855837e+00
W 6.1375181300e-02 2.0092330026e+07 1.7025811623e-03 2.0305663622e+00
W 6.1375181300e-02 2.5353644940e+07 1.7559184209e-03 2.2927228668e+00
W 6.1375181300e-02 3.1992671378e+07 1.8112976750e-03 2.5887251173e+00
W 6.1375181300e-02 4.0370172586e+07 1.8688093026e-03 2.9229427725e+00
W 6.1375181300e-02 5.0941380148e+07 1.9285480443e-03 3.3003096366e+00
W 6.1375181300e-02 6.4280731173e+07 2.0450578742e-03 3.7770126337e+00
W 6.1375181300e-02 8.1113083079e+07 2.1113171966e-03 4.2646442859e+00
W 6.1375181300e-02 1.0235310219e+08 2.1801851673e-03 4.8152316789e+00
W 6.1375181300e-02 1.2915496650e+08 2.2517790084e-03 5.4369027208e+00
W 6.1375181300e-02 1.6297508346e+08 2.3262215920e-03 6.1388346743e+00
W 6.1375181300e-02 2.0565123083e+08 2.4036414720e-03 6.9313896337e+00
W 6.1375181300e-02 2.5950242114e+08 2.4841733562e-03 7.8262674927e+00
W 6.1375181300e-02 3.2745491629e+08 2.5679581426e-03 8.8366786611e+00
W 6.1375181300e-02 4.1320124001e+08 2.6551431459e-03 9.9775390799e+00
W 6.1375181300e-02 5.2140082880e+08 2.8209844426e-03 1.1418713790e+01
W 6.1375181300e-02 6.5793322466e+08 2.9180221417e-03 1.2892928152e+01
W 6.1375181300e-02 8.3021756813e+08 3.0190488422e-03 1.4557471130e+01
W 6.1375181300e-02 1.0476157528e+09 3.1242441382e-03 1.6436915121e+01
W 6.1375181300e-02 1.3219411485e+09 3.2337948601e-03 1.8559004946e+01
W 6.1375181300e-02 1.6681005372e+09 3.3478954000e-03 2.0955067422e+01
W 6.1375181300e-02 2.1049041445e+09 3.4667472006e-03 2.3660473821e+01
W 6.1375181300e-02 2.6560877829e+09 3.5905591102e-03 2.6715162026e+01
W 6.1375181300e-02 3.3516026509e+09 3.7195469596e-03 3.0164226104e+01
W 6.1375181300e-02 4.2292428744e+09 3.9593411067e-03 3.4521204259e+01
W 6.1375181300e-02 5.3366992312e+09 4.1031838734e-03 3.8978068320e+01
W 6.1375181300e-02 6.7341506578e+09 4.2530483628e-03 4.4010336332e+01
W 6.1375181300e-02 8.4975343591e+09 4.4091803958e-03 4.9692295885e+01
W 6.1375181300e-02 1.0722672220e+10 4.5718297450e-03 5.6107825483e+01
W 6.1375181300e-02 1.3530477746e+10 4.7412485698e-03 6.3351632771e+01
W 6.1375181300e-02 1.7073526475e+10 4.9176903548e-03 7.1530652635e+01
W 6.1375181300e-02 2.1544346900e+10 5.1014072355e-03 8.0765625803e+01
W 6.1375181300e-02 2.7185882427e+10 5.4374059544e-03 9.2431566313e+01
W 6.1375181300e-02 3.4304692863e+10 5.6418554588e-03 1.0436495435e+02
W 6.1375181300e-02 4.3287612811e+10 5.8545217842e-03 1.1783900384e+02
W 6.1375181300e-02 5.4622772177e+10 6.0756276316e-03 1.3305262203e+02
W 6.1375181300e-02 6.8926121044e+10 6.3053761229e-03 1.5023039616e+02
W 6.1375181300e-02 8.6974900262e+10 6.5439433778e-03 1.6962590881e+02
W 6.1375181300e-02 1.0974987655e+11 6.9772221934e-03 1.9412699750e+02
W 6.1375181300e-02 1.3848863714e+11 7.2408251586e-03 2.1918978593e+02
W 6.1375181300e-02 1.7475284000e+11 7.5137785448e-03 2.4748830855e+02
W 6.1375181300e-02 2.2051307399e+11 7.7960588694e-03 2.7944031520e+02
W 6.1375181300e-02 2.7825594022e+11 8.0875586248e-03 3.1551748936e+02
W 6.1375181300e-02 3.5111917342e+11 8.3880687649e-03 3.5625241125e+02
W 6.1375181300e-02 4.4306214576e+11 8.6972581131e-03 4.0224641994e+02
W 6.1375181300e-02 5.5908101825e+11 9.2612067270e-03 4.6034765743e+02
W 6.1375181300e-02 7.0548023107e+11 9.5950351834e-03 5.1978089490e+02
W 6.1375181300e-02 8.9021508545e+11 9.9357387299e-03 5.8688726735e+02
W 6.1375181300e-02 1.1233240330e+12 1.0282186041e-02 6.6265741577e+02
W 6.1375181300e-02 1.4174741629e+12 1.0632952634e-02 7.4820987794e+02
W 6.1375181300e-02 1.7886495291e+12 1.1286754799e-02 8.5628273491e+02
W 6.1375181300e-02 2.2570197196e+12 1.1650136785e-02 9.6683321627e+02
W 6.1375181300e-02 2.8480358684e+12 1.2011223771e-02 1.0916563303e+03
W 6.1375181300e-02 3.5938136638e+12 1.2366781469e-02 1.2325947469e+03
W 6.1375181300e-02 4.5348785081e+12 1.2712961297e-02 1.3917290340e+03
W 6.1375181300e-02 5.7223676594e+12 1.3402019219e-02 1.5927530210e+03
W 6.1375181300e-02 7.2208090184e+12 1.3723610748e-02 1.7983855837e+03
W 6.1375181300e-02 9.1116275612e+12 1.4019116453e-02 2.0305663622e+03
W 6.1375181300e-02 1.1497569954e+13 1.4281267433e-02 2.2927228668e+03
W 6.1375181300e-02 1.4508287785e+13 1.4501803436e-02 2.5887251173e+03
W 6.1375181300e-02 1.8307382803e+13 1.5072727601e-02 2.9626454939e+03
W 6.1375181300e-02 2.3101297001e+13 1.5184198327e-02 3.3451381824e+03
W 6.1375181300e-02 2.9150530628e+13 1.5221396454e-02 3.7770126337e+03
W 6.1375181300e-02 3.6783797718e+13 1.5172146509e-02 4.2646442859e+03
W 6.1375181300e-02 4.6415888336e+13 1.5434792500e-02 4.8806376128e+03
W 6.1375181300e-02 5.8570208181e+13 1.5167928609e-02 5.5107528953e+03
W 6.1375181300e-02 7.3907220335e+13 1.4774531836e-02 6.2222192842e+03
W 6.1375181300e-02 9.3260334688e+13 1.4244394285e-02 7.0255396233e+03
W 6.1375181300e-02 1.1768119524e+14 1.3941480346e-02 8.0403219206e+03
W 6.1375181300e-02 1.4849682623e+14 1.3098323834e-02 9.0783686106e+03
W 6.1375181300e-02 1.8738174229e+14 1.2108073182e-02 1.0250432438e+04
W 6.1375181300e-02 2.3644894126e+14 1.1282723601e-02 1.1731024384e+04
W 6.1375181300e-02 2.9836472403e+14 1.0008824609e-02 1.3245559641e+04
W 6.1375181300e-02 3.7649358068e+14 8.6502668770e-03 1.4955629148e+04
W 6.1375181300e-02 4.7508101621e+14 7.2504212334e-03 1.6886477376e+04
W 6.1375181300e-02 5.9948425032e+14 6.0214977809e-03 1.9325592266e+04
W 6.1375181300e-02 7.5646332755e+14 4.6639536044e-03 2.1820625087e+04
W 6.1375181300e-02 9.5454845666e+14 3.4347184108e-03 2.4637779409e+04
W 6.1375181300e-02 1.2045035403e+15 2.4481095990e-03 2.8196507098e+04
W 6.1375181300e-02 1.5199110830e+15 1.5814526267e-03 3.1836820402e+04
W 6.1375181300e-02 1.9179102617e+15 9.3732616988e-04 3.5947116777e+04
W 6.1375181300e-02 2.4201282648e+15 5.1473359676e-04 4.1139386652e+04
W 6.1375181300e-02 3.0538555088e+15 2.4344542939e-04 4.6450691916e+04
W 6.1375181300e-02 3.8535285937e+15 9.9626219519e-05 5.2447713859e+04
W 6.1375181300e-02 4.8626015801e+15 3.5196013677e-05 6.0023361341e+04
W 6.1375181300e-02 6.1359072734e+15 9.7646896908e-06 6.7772684338e+04
W 6.1375181300e-02 7.7426368268e+15 2.0694835445e-06 7.6522484575e+04
W 6.1375181300e-02 9.7700995730e+15 3.2146591716e-07 8.7575537700e+04
W 6.1375181300e-02 1.2328467394e+16 3.2005186314e-08 9.8881987607e+04
W 6.1375181300e-02 1.5556761439e+16 1.9690308502e-09 1.1316468985e+05
W 6.1375181300e-02 1.9630406500e+16 6.4069460836e-11 1.2777483020e+05
W 6.1375181300e-02 2.4770763560e+16 1.0075726045e-12 1.4427121441e+05
W 6.1375181300e-02 3.1257158497e+16 6.8339896328e-15 1.6511002285e+05
W 6.1375181300e-02 3.9442060594e+16 1.5872664620e-17 1.8642657141e+05
W 6.1375181300e-02 4.9770235643e+16 1.0605018200e-20 2.1335437975e+05
W 6.1375181300e-02 6.2802914418e+16 1.4323565920e-24 2.4089952158e+05
W 6.1375181300e-02 7.9248289835e+16 2.7135590338e-29 2.7200088213e+05
W 6.1375181300e-02 1.0000000000e+17 4.4268433965e-35 3.1128920656e+05
W 6.5811259578e-02 1.2618568831e+07 1.8260197936e-03 1.6363160397e+00
W 6.5811259578e-02 1.5922827933e+07 1.8824594633e-03 1.8475728109e+00
W 6.5811259578e-02 2.0092330026e+07 1.9410346919e-03 2.0861039120e+00
W 6.5811259578e-02 2.5353644940e+07 2.0018391811e-03 2.3554305985e+00
W 6.5811259578e-02 3.1992671378e+07 2.0649711524e-03 2.6595287378e+00
W 6.5811259578e-02 4.0370172586e+07 2.1888053072e-03 3.0436761240e+00
W 6.5811259578e-02 5.0941380148e+07 2.2587687327e-03 3.4366302814e+00
W 6.5811259578e-02 6.4280731173e+07 2.3314560532e-03 3.8803168307e+00
W 6.5811259578e-02 8.1113083079e+07 2.4069889860e-03 4.3812855831e+00
W 6.5811259578e-02 1.0235310219e+08 2.4854949821e-03 4.9469319642e+00
W 6.5811259578e-02 1.2915496650e+08 2.5671075647e-03 5.5856061867e+00
W 6.5811259578e-02 1.6297508346e+08 2.6519666836e-03 6.3067365184e+00
W 6.5811259578e-02 2.0565123083e+08 2.7402187508e-03 7.1209684648e+00
W 6.5811259578e-02 2.5950242114e+08 2.8320171757e-03 8.0403219206e+00
W 6.5811259578e-02 3.2745491629e+08 2.9275224051e-03 9.0783686106e+00
W 6.5811259578e-02 4.1320124001e+08 3.1096902782e-03 1.0389665429e+01
W 6.5811259578e-02 5.2140082880e+08 3.2159489076e-03 1.1731024384e+01
W 6.5811259578e-02 6.5793322466e+08 3.3265562285e-03 1.3245559641e+01
W 6.5811259578e-02 8.3021756813e+08 3.4417084779e-03 1.4955629148e+01
W 6.5811259578e-02 1.0476157528e+09 3.5616100629e-03 1.6886477376e+01
W 6.5811259578e-02 1.3219411485e+09 3.6864735985e-03 1.9066607988e+01
W 6.5811259578e-02 1.6681005372e+09 3.8165202724e-03 2.1528204613e+01
W 6.5811259578e-02 2.1049041445e+09 3.9519792564e-03 2.4307605956e+01
W 6.5811259578e-02 2.6560877829e+09 4.0930881041e-03 2.7445842229e+01
W 6.5811259578e-02 3.3516026509e+09 4.3560620413e-03 3.1410171850e+01
W 6.5811259578e-02 4.2292428744e+09 4.5134031127e-03 3.5465385714e+01
W 6.5811259578e-02 5.3366992312e+09 4.6773277301e-03 4.0044148431e+01
W 6.5811259578e-02 6.7341506578e+09 4.8481093294e-03 4.5214052838e+01
W 6.5811259578e-02 8.4975343591e+09 5.0260271416e-03 5.1051418350e+01
W 6.5811259578e-02 1.0722672220e+10 5.2113647720e-03 5.7642417611e+01
W 6.5811259578e-02 1.3530477746e+10 5.4044083994e-03 6.5084348593e+01
W 6.5811259578e-02 1.7073526475e+10 5.6054455467e-03 7.3487070933e+01
W 6.5811259578e-02 2.1544346900e+10 5.9738002178e-03 8.4101683142e+01
W 6.5811259578e-02 2.7185882427e+10 6.1976368428e-03 9.4959640655e+01
W 6.5811259578e-02 3.4304692863e+10 6.4305498704e-03 1.0721941603e+02
W 6.5811259578e-02 4.3287612811e+10 6.6728089073e-03 1.2106199111e+02
W 6.5811259578e-02 5.4622772177e+10 6.9246650868e-03 1.3669171345e+02
W 6.5811259578e-02 6.8926121044e+10 7.1863468665e-03 1.5433931290e+02
W 6.5811259578e-02 8.6974900262e+10 7.4580515205e-03 1.7426530772e+02
W 6.5811259578e-02 1.0974987655e+11 7.9516288727e-03 1.9943652001e+02
W 6.5811259578e-02 1.3848863714e+11 8.2517916669e-03 2.2518479495e+02
W 6.5811259578e-02 1.7475284000e+11 8.5625687884e-03 2.5425730390e+02
W 6.5811259578e-02 2.2051307399e+11 8.8839276578e-03 2.8708322248e+02
W 6.5811259578e-02 2.7825594022e+11 9.2157391858e-03 3.2414713507e+02
W 6.5811259578e-02 3.5111917342e+11 9.5577577311e-03 3.6599618837e+02
W 6.5811259578e-02 4.4306214576e+11 1.0180632650e-02 4.1886137350e+02
W 6.5811259578e-02 5.5908101825e+11 1.0551616755e-02 4.7293851949e+02
W 6.5811259578e-02 7.0548023107e+11 1.0931348369e-02 5.3399730166e+02
W 6.5811259578e-02 8.9021508545e+11 1.1318811003e-02 6.0293908495e+02
W 6.5811259578e-02 1.1233240330e+12 1.1712702084e-02 6.8078160513e+02
W 6.5811259578e-02 1.4174741629e+12 1.2111383574e-02 7.6867399286e+02
W 6.5811259578e-02 1.7886495291e+12 1.2855061445e-02 8.7970272549e+02
W 6.5811259578e-02 2.2570197196e+12 1.3267768627e-02 9.9327684744e+02
W 6.5811259578e-02 2.8480358684e+12 1.3677671006e-02 1.1215139695e+03
W 6.5811259578e-02 3.5938136638e+12 1.4081062177e-02 1.2663071600e+03
W 6.5811259578e-02 4.5348785081e+12 1.4473534763e-02 1.4297938922e+03
W 6.5811259578e-02 5.7223676594e+12 1.5256047933e-02 1.6363160397e+03
W 6.5811259578e-02 7.2208090184e+12 1.5619900756e-02 1.8475728109e+03
W 6.5811259578e-02 9.1116275612e+12 1.5953722305e-02 2.0861039120e+03
W 6.5811259578e-02 1.1497569954e+13 1.6249210611e-02 2.3554305985e+03
W 6.5811259578e-02 1.4508287785e+13 1.6948142549e-02 2.6956534713e+03
W 6.5811259578e-02 1.8307382803e+13 1.7142717043e-02 3.0436761240e+03
W 6.5811259578e-02 2.3101297001e+13 1.7265356453e-02 3.4366302814e+03
W 6.5811259578e-02 2.9150530628e+13 1.7303026012e-02 3.8803168307e+03
W 6.5811259578e-02 3.6783797718e+13 1.7241889405e-02 4.3812855831e+03
W 6.5811259578e-02 4.6415888336e+13 1.7534500170e-02 5.0141268007e+03
W 6.5811259578e-02 5.8570208181e+13 1.7224870402e-02 5.6614762203e+03
W 6.5811259578e-02 7.3907220335e+13 1.6771051615e-02 6.3924017614e+03
W 6.5811259578e-02 9.3260334688e+13 1.6161596740e-02 7.2176935289e+03
W 6.5811259578e-02 1.1768119524e+14 1.5809431697e-02 8.2602309016e+03
W 6.5811259578e-02 1.4849682623e+14 1.4844292513e-02 9.3266689659e+03
W 6.5811259578e-02 1.8738174229e+14 1.3712599533e-02 1.0530789640e+04
W 6.5811259578e-02 2.3644894126e+14 1.2767875292e-02 1.2051876912e+04
W 6.5811259578e-02 2.9836472403e+14 1.1316184278e-02 1.3607835872e+04
W 6.5811259578e-02 3.7649358068e+14 9.7701932348e-03 1.5364677094e+04
W 6.5811259578e-02 4.7508101621e+14 8.1795370348e-03 1.7348335504e+04
W 6.5811259578e-02 5.9948425032e+14 6.7840001255e-03 1.9854162060e+04
W 6.5811259578e-02 7.5646332755e+14 5.2464085969e-03 2.2417435945e+04
W 6.5811259578e-02 9.5454845666e+14 3.8567407336e-03 2.5311641602e+04
W 6.5811259578e-02 1.2045035403e+15 2.7431974893e-03 2.8967703227e+04
W 6.5811259578e-02 1.5199110830e+15 1.7677920201e-03 3.2707581897e+04
W 6.5811259578e-02 1.9179102617e+15 1.0448117837e-03 3.6930298034e+04
W 6.5811259578e-02 2.4201282648e+15 5.7186398472e-04 4.2264580479e+04
W 6.5811259578e-02 3.0538555088e+15 2.6941791158e-04 4.7721154022e+04
W 6.5811259578e-02 3.8535285937e+15 1.0975301608e-04 5.3882199122e+04
W 6.5811259578e-02 4.8626015801e+15 3.8565069058e-05 6.1665046383e+04
W 6.5811259578e-02 6.1359072734e+15 1.0630956705e-05 6.9626319316e+04
W 6.5811259578e-02 7.7426368268e+15 2.2358153547e-06 7.8615433311e+04
W 6.5811259578e-02 9.7700995730e+15 3.4409830578e-07 8.9970795930e+04
W 6.5811259578e-02 1.2328467394e+16 3.3876531668e-08 1.0158648593e+05
W 6.5811259578e-02 1.5556761439e+16 2.0560838699e-09 1.1625983105e+05
W 6.5811259578e-02 1.9630406500e+16 6.5814873288e-11 1.3126956996e+05
W 6.5811259578e-02 2.4770763560e+16 1.0147784035e-12 1.4821714295e+05
W 6.5811259578e-02 3.1257158497e+16 6.7211043698e-15 1.6962590881e+05
W 6.5811259578e-02 3.9442060594e+16 1.5169674448e-17 1.9152548135e+05
W 6.5811259578e-02 4.9770235643e+16 9.7908817922e-21 2.1918978593e+05
W 6.5811259578e-02 6.2802914418e+16 1.2681277644e-24 2.4748830855e+05
W 6.5811259578e-02 7.9248289835e+16 2.2828413842e-29 2.7944031520e+05
W 6.5811259578e-02 1.0000000000e+17 3.4981459054e-35 3.1980320549e+05
W 7.0567968933e-02 1.2618568831e+07 2.0827709427e-03 1.6810705404e+00
W 7.0567968933e-02 1.5922827933e+07 2.1471437280e-03 1.8981053466e+00
W 7.0567968933e-02 2.0092330026e+07 2.2139518526e-03 2.1431604565e+00
W 7.0567968933e-02 2.5353644940e+07 2.2833021298e-03 2.4198534347e+00
W 7.0567968933e-02 3.1992671378e+07 2.4197259633e-03 2.7693816645e+00
W 7.0567968933e-02 4.0370172586e+07 2.4965470160e-03 3.1269230040e+00
W 7.0567968933e-02 5.0941380148e+07 2.5763417451e-03 3.5306247595e+00
W 7.0567968933e-02 6.4280731173e+07 2.6592424463e-03 3.9864464768e+00
W 7.0567968933e-02 8.1113083079e+07 2.7453878365e-03 4.5011171095e+00
W 7.0567968933e-02 1.0235310219e+08 2.8349231587e-03 5.0822343536e+00
W 7.0567968933e-02 1.2915496650e+08 2.9280005662e-03 5.7383768066e+00
W 7.0567968933e-02 1.6297508346e+08 3.0247795254e-03 6.4792306068e+00
W 7.0567968933e-02 2.0565123083e+08 3.1254268535e-03 7.3157324225e+00
W 7.0567968933e-02 2.5950242114e+08 3.2301173274e-03 8.2602309016e+00
W 7.0567968933e-02 3.2745491629e+08 3.4303588631e-03 9.4533543540e+00
W 7.0567968933e-02 4.1320124001e+08 3.5467920101e-03 1.0673830759e+01
W 7.0567968933e-02 5.2140082880e+08 3.6679682321e-03 1.2051876912e+01
W 7.0567968933e-02 6.5793322466e+08 3.7941015729e-03 1.3607835872e+01
W 7.0567968933e-02 8.3021756813e+08 3.9254154892e-03 1.5364677094e+01
W 7.0567968933e-02 1.0476157528e+09 4.0621427107e-03 1.7348335504e+01
W 7.0567968933e-02 1.3219411485e+09 4.2045252765e-03 1.9588094363e+01
W 7.0567968933e-02 1.6681005372e+09 4.3528149453e-03 2.2117017547e+01
W 7.0567968933e-02 2.1049041445e+09 4.5072725158e-03 2.4972437651e+01
W 7.0567968933e-02 2.6560877829e+09 4.7958462606e-03 2.8579504013e+01
W 7.0567968933e-02 3.3516026509e+09 4.9680437520e-03 3.2269264179e+01
W 7.0567968933e-02 4.2292428744e+09 5.1474376831e-03 3.6435391257e+01
W 7.0567968933e-02 5.3366992312e+09 5.3343319610e-03 4.1139386652e+01
W 7.0567968933e-02 6.7341506578e+09 5.5290373572e-03 4.6450691916e+01
W 7.0567968933e-02 8.4975343591e+09 5.7318711110e-03 5.2447713859e+01
W 7.0567968933e-02 1.0722672220e+10 5.9431552907e-03 5.9218982013e+01
W 7.0567968933e-02 1.3530477746e+10 6.1632147184e-03 6.6864455523e+01
W 7.0567968933e-02 1.7073526475e+10 6.3923755441e-03 7.5496998774e+01
W 7.0567968933e-02 2.1544346900e+10 6.8123236134e-03 8.6401928782e+01
W 7.0567968933e-02 2.7185882427e+10 7.0674462120e-03 9.7556859773e+01
W 7.0567968933e-02 3.4304692863e+10 7.3328978070e-03 1.1015194942e+02
W 7.0567968933e-02 4.3287612811e+10 7.6089829106e-03 1.2437312957e+02
W 7.0567968933e-02 5.4622772177e+10 7.8959845769e-03 1.4043033682e+02
W 7.0567968933e-02 6.8926121044e+10 8.1941595607e-03 1.5856061167e+02
W 7.0567968933e-02 8.6974900262e+10 8.5037285585e-03 1.7903159775e+02
W 7.0567968933e-02 1.0974987655e+11 9.0662322131e-03 2.0489126203e+02
W 7.0567968933e-02 1.3848863714e+11 9.4081574769e-03 2.3134377207e+02
W 7.0567968933e-02 1.7475284000e+11 9.7621333547e-03 2.6121143648e+02
W 7.0567968933e-02 2.2051307399e+11 1.0128115555e-02 2.9493516915e+02
W 7.0567968933e-02 2.7825594022e+11 1.0505948829e-02 3.3301280821e+02
W 7.0567968933e-02 3.5111917342e+11 1.0895344018e-02 3.7600646527e+02
W 7.0567968933e-02 4.4306214576e+11 1.1604801290e-02 4.3031755383e+02
W 7.0567968933e-02 5.5908101825e+11 1.2027018167e-02 4.8587375130e+02
W 7.0567968933e-02 7.0548023107e+11 1.2459095376e-02 5.4860253806e+02
W 7.0567968933e-02 8.9021508545e+11 1.2899859297e-02 6.1942993208e+02
W 7.0567968933e-02 1.1233240330e+12 1.3347808528e-02 6.9940150499e+02
W 7.0567968933e-02 1.4174741629e+12 1.3801057514e-02 7.8969781705e+02
W 7.0567968933e-02 1.7886495291e+12 1.4647220094e-02 9.0376327080e+02
W 7.0567968933e-02 2.2570197196e+12 1.5116029426e-02 1.0204437322e+03
W 7.0567968933e-02 2.8480358684e+12 1.5581408647e-02 1.1521882381e+03
W 7.0567968933e-02 3.5938136638e+12 1.6039106853e-02 1.3009416336e+03
W 7.0567968933e-02 4.5348785081e+12 1.6484072864e-02 1.4688998534e+03
W 7.0567968933e-02 5.7223676594e+12 1.7372866171e-02 1.6810705404e+03
W 7.0567968933e-02 7.2208090184e+12 1.7784468864e-02 1.8981053466e+03
W 7.0567968933e-02 9.1116275612e+12 1.8161460814e-02 2.1431604565e+03
W 7.0567968933e-02 1.1497569954e+13 1.8494354760e-02 2.4198534347e+03
W 7.0567968933e-02 1.4508287785e+13 1.9285825691e-02 2.7693816645e+03
W 7.0567968933e-02 1.8307382803e+13 1.9502707099e-02 3.1269230040e+03
W 7.0567968933e-02 2.3101297001e+13 1.9637151285e-02 3.5306247595e+03
W 7.0567968933e-02 2.9150530628e+13 1.9674321271e-02 3.9864464768e+03
W 7.0567968933e-02 3.6783797718e+13 1.9598490815e-02 4.5011171095e+03
W 7.0567968933e-02 4.6415888336e+13 1.9923908131e-02 5.1512670205e+03
W 7.0567968933e-02 5.8570208181e+13 1.9564169026e-02 5.8163219439e+03
W 7.0567968933e-02 7.3907220335e+13 1.9040057089e-02 6.5672388601e+03
W 7.0567968933e-02 9.3260334688e+13 1.8338750424e-02 7.4151029914e+03
W 7.0567968933e-02 1.1768119524e+14 1.7928772015e-02 8.4861545621e+03
W 7.0567968933e-02 1.4849682623e+14 1.6823235400e-02 9.5817605267e+03
W 7.0567968933e-02 1.8738174229e+14 1.5529137254e-02 1.0818814826e+04
W 7.0567968933e-02 2.3644894126e+14 1.4447058106e-02 1.2381505004e+04
W 7.0567968933e-02 2.9836472403e+14 1.2792123256e-02 1.3980020637e+04
W 7.0567968933e-02 3.7649358068e+14 1.1032342272e-02 1.5784912815e+04
W 7.0567968933e-02 4.7508101621e+14 9.2245520286e-03 1.7822825807e+04
W 7.0567968933e-02 5.9948425032e+14 7.6396319222e-03 2.0397188644e+04
W 7.0567968933e-02 7.5646332755e+14 5.8982403959e-03 2.3030570039e+04
W 7.0567968933e-02 9.5454845666e+14 4.3275408595e-03 2.6003934443e+04
W 7.0567968933e-02 1.2045035403e+15 3.0711704266e-03 2.9759992163e+04
W 7.0567968933e-02 1.5199110830e+15 1.9739873484e-03 3.3602159387e+04
W 7.0567968933e-02 1.9179102617e+15 1.1631275896e-03 3.7940370054e+04
W 7.0567968933e-02 2.4201282648e+15 6.3435490495e-04 4.3420549222e+04
W 7.0567968933e-02 3.0538555088e+15 2.9761068685e-04 4.9026364243e+04
W 7.0567968933e-02 3.8535285937e+15 1.2064272489e-04 5.5355918659e+04
W 7.0567968933e-02 4.8626015801e+15 4.2145676571e-05 6.3351632771e+04
W 7.0567968933e-02 6.1359072734e+15 1.1537882580e-05 7.1530652635e+04
W 7.0567968933e-02 7.7426368268e+15 2.4065117215e-06 8.0765625803e+04
W 7.0567968933e-02 9.7700995730e+15 3.6668459058e-07 9.2431566313e+04
W 7.0567968933e-02 1.2328467394e+16 3.5666331744e-08 1.0436495435e+05
W 7.0567968933e-02 1.5556761439e+16 2.1332827510e-09 1.1943962674e+05
W 7.0567968933e-02 1.9630406500e+16 6.7090137730e-11 1.3485989354e+05
W 7.0567968933e-02 2.4770763560e+16 1.0126409017e-12 1.5227099567e+05
W 7.0567968933e-02 3.1257158497e+16 6.5371267071e-15 1.7426530772e+05
W 7.0567968933e-02 3.9442060594e+16 1.4305654010e-17 1.9676385039e+05
W 7.0567968933e-02 4.9770235643e+16 8.8952968797e-21 2.2518479495e+05
W 7.0567968933e-02 6.2802914418e+16 1.1012272169e-24 2.5425730390e+05
W 7.0567968933e-02 7.9248289835e+16 1.8761883170e-29 2.8708322248e+05
W 7.0567968933e-02 1.0000000000e+17 2.6872921425e-35 3.2855006882e+05
W 7.5668483953e-02 1.2618568831e+07 2.3768364759e-03 1.7270491110e+00
W 7.5668483953e-02 1.5922827933e+07 2.4502946714e-03 1.9500199859e+00
W 7.5668483953e-02 2.0092330026e+07 2.5265314394e-03 2.2017775413e+00
W 7.5668483953e-02 2.5353644940e+07 2.6769356336e-03 2.5198064745e+00
W 7.5668483953e-02 3.1992671378e+07 2.7613481418e-03 2.8451263804e+00
W 7.5668483953e-02 4.0370172586e+07 2.8490090441e-03 3.2124467502e+00
W 7.5668483953e-02 5.0941380148e+07 2.9400624629e-03 3.6271900589e+00
W 7.5668483953e-02 6.4280731173e+07 3.0346592461e-03 4.0954788502e+00
W 7.5668483953e-02 8.1113083079e+07 3.1329575544e-03 4.6242261201e+00
W 7.5668483953e-02 1.0235310219e+08 3.2351229790e-03 5.2212373672e+00
W 7.5668483953e-02 1.2915496650e+08 3.3413289780e-03 5.8953258204e+00
W 7.5668483953e-02 1.6297508346e+08 3.4517573335e-03 6.6564425412e+00
W 7.5668483953e-02 2.0565123083e+08 3.5665981923e-03 7.5158233240e+00
W 7.5668483953e-02 2.5950242114e+08 3.6860507576e-03 8.4861545621e+00
W 7.5668483953e-02 3.2745491629e+08 3.9145386035e-03 9.7119108575e+00
W 7.5668483953e-02 4.1320124001e+08 4.0473856567e-03 1.0965768230e+01
W 7.5668483953e-02 5.2140082880e+08 4.1856421290e-03 1.2381505004e+01
W 7.5668483953e-02 6.5793322466e+08 4.3295518765e-03 1.3980020637e+01
W 7.5668483953e-02 8.3021756813e+08 4.4793694467e-03 1.5784912815e+01
W 7.5668483953e-02 1.0476157528e+09 4.6353599121e-03 1.7822825807e+01
W 7.5668483953e-02 1.3219411485e+09 4.7977989053e-03 2.0123843791e+01
W 7.5668483953e-02 1.6681005372e+09 4.9669730778e-03 2.2721934967e+01
W 7.5668483953e-02 2.1049041445e+09 5.1431793162e-03 2.5655453004e+01
W 7.5668483953e-02 2.6560877829e+09 5.4724152667e-03 2.9361175402e+01
W 7.5668483953e-02 3.3516026509e+09 5.6688481218e-03 3.3151853343e+01
W 7.5668483953e-02 4.2292428744e+09 5.8734837338e-03 3.7431927196e+01
W 7.5668483953e-02 5.3366992312e+09 6.0866677043e-03 4.2264580479e+01
W 7.5668483953e-02 6.7341506578e+09 6.3087533139e-03 4.7721154022e+01
W 7.5668483953e-02 8.4975343591e+09 6.5401010494e-03 5.3882199122e+01
W 7.5668483953e-02 1.0722672220e+10 6.7810767110e-03 6.0838666662e+01
W 7.5668483953e-02 1.3530477746e+10 7.0320490186e-03 6.8693249746e+01
W 7.5668483953e-02 1.7073526475e+10 7.2933879549e-03 7.7561899686e+01
W 7.5668483953e-02 2.1544346900e+10 7.7723818678e-03 8.8765087906e+01
W 7.5668483953e-02 2.7185882427e+10 8.0632945617e-03 1.0022511483e+02
W 7.5668483953e-02 3.4304692863e+10 8.3659655221e-03 1.1316468985e+02
W 7.5668483953e-02 4.3287612811e+10 8.6807385599e-03 1.2777483020e+02
W 7.5668483953e-02 5.4622772177e+10 9.0079325237e-03 1.4427121441e+02
W 7.5668483953e-02 6.8926121044e+10 9.3478357142e-03 1.6289736620e+02
W 7.5668483953e-02 8.6974900262e+10 9.7006946816e-03 1.8392824948e+02
W 7.5668483953e-02 1.0974987655e+11 1.0342033805e-02 2.1049519544e+02
W 7.5668483953e-02 1.3848863714e+11 1.0731690285e-02 2.3767120195e+02
W 7.5668483953e-02 1.7475284000e+11 1.1135029701e-02 2.6835576992e+02
W 7.5668483953e-02 2.2051307399e+11 1.1551992746e-02 3.0300187259e+02
W 7.5668483953e-02 2.7825594022e+11 1.1982392414e-02 3.4212096433e+02
W 7.5668483953e-02 3.5111917342e+11 1.2425887693e-02 3.8629053094e+02
W 7.5668483953e-02 4.4306214576e+11 1.3234283973e-02 4.4208706948e+02
W 7.5668483953e-02 5.5908101825e+11 1.3714968660e-02 4.9916277164e+02
W 7.5668483953e-02 7.0548023107e+11 1.4206761895e-02 5.6360723890e+02
W 7.5668483953e-02 8.9021508545e+11 1.4708306929e-02 6.3637181656e+02
W 7.5668483953e-02 1.1233240330e+12 1.5217871166e-02 7.1853067342e+02
W 7.5668483953e-02 1.4174741629e+12 1.5733281759e-02 8.1129665897e+02
W 7.5668483953e-02 1.7886495291e+12 1.6696353438e-02 9.2848189051e+02
W 7.5668483953e-02 2.2570197196e+12 1.7228984298e-02 1.0483536522e+03
W 7.5668483953e-02 2.8480358684e+12 1.7757417460e-02 1.1837014715e+03
W 7.5668483953e-02 3.5938136638e+12 1.8276773339e-02 1.3365233867e+03
W 7.5668483953e-02 4.5348785081e+12 1.8781258212e-02 1.5090753928e+03
W 7.5668483953e-02 5.7223676594e+12 1.9790937185e-02 1.7270491110e+03
W 7.5668483953e-02 7.2208090184e+12 2.0256467113e-02 1.9500199859e+03
W 7.5668483953e-02 9.1116275612e+12 2.0682063252e-02 2.2017775413e+03
W 7.5668483953e-02 1.1497569954e+13 2.1056877349e-02 2.4860382850e+03
W 7.5668483953e-02 1.4508287785e+13 2.1368611853e-02 2.8069985449e+03
W 7.5668483953e-02 1.8307382803e+13 2.2194372212e-02 3.2124467502e+03
W 7.5668483953e-02 2.3101297001e+13 2.2341137380e-02 3.6271900589e+03
W 7.5668483953e-02 2.9150530628e+13 2.2376462259e-02 4.0954788502e+03
W 7.5668483953e-02 3.6783797718e+13 2.2282469824e-02 4.6242261201e+03
W 7.5668483953e-02 4.6415888336e+13 2.2643639438e-02 5.2921581306e+03
W 7.5668483953e-02 5.8570208181e+13 2.2225090889e-02 5.9754028171e+03
W 7.5668483953e-02 7.3907220335e+13 2.1619085114e-02 6.7468578877e+03
W 7.5668483953e-02 9.3260334688e+13 2.0811279332e-02 7.6179117543e+03
W 7.5668483953e-02 1.1768119524e+14 2.0333333450e-02 8.7182574082e+03
W 7.5668483953e-02 1.4849682623e+14 1.9066056405e-02 9.8438290376e+03
W 7.5668483953e-02 1.8738174229e+14 1.7585339954e-02 1.1114717722e+04
W 7.5668483953e-02 2.3644894126e+14 1.6345085430e-02 1.2720148677e+04
W 7.5668483953e-02 2.9836472403e+14 1.4457702390e-02 1.4362384940e+04
W 7.5668483953e-02 3.7649358068e+14 1.2453993579e-02 1.6216642306e+04
W 7.5668483953e-02 4.7508101621e+14 1.0399081621e-02 1.8310293784e+04
W 7.5668483953e-02 5.9948425032e+14 8.5988923181e-03 2.0955067422e+04
W 7.5668483953e-02 7.5646332755e+14 6.6268796110e-03 2.3660473821e+04
W 7.5668483953e-02 9.5454845666e+14 4.8520134452e-03 2.6715162026e+04
W 7.5668483953e-02 1.2045035403e+15 3.4350582235e-03 3.0573950809e+04
W 7.5668483953e-02 1.5199110830e+15 2.2016667119e-03 3.4521204259e+04
W 7.5668483953e-02 1.9179102617e+15 1.2930233112e-03 3.8978068320e+04
W 7.5668483953e-02 2.4201282648e+15 7.0248888570e-04 4.4608134598e+04
W 7.5668483953e-02 3.0538555088e+15 3.2809150393e-04 5.0367272966e+04
W 7.5668483953e-02 3.8535285937e+15 1.3229451147e-04 5.6869945558e+04
W 7.5668483953e-02 4.8626015801e+15 4.5927095409e-05 6.5084348593e+04
W 7.5668483953e-02 6.1359072734e+15 1.2479585799e-05 7.3487070933e+04
W 7.5668483953e-02 7.7426368268e+15 2.5797438559e-06 8.2974627711e+04
W 7.5668483953e-02 9.7700995730e+15 3.8886361325e-07 9.4959640655e+04
W 7.5668483953e-02 1.2328467394e+16 3.7333513141e-08 1.0721941603e+05
W 7.5668483953e-02 1.5556761439e+16 2.1395272448e-09 1.2106199111e+05
W 7.5668483953e-02 1.9630406500e+16 6.7821823070e-11 1.3854841522e+05
W 7.5668483953e-02 2.4770763560e+16 1.0004311301e-12 1.5643572437e+05
W 7.5668483953e-02 3.1257158497e+16 6.2820778013e-15 1.7903159775e+05
W 7.5668483953e-02 3.9442060594e+16 1.3296968597e-17 2.0214549285e+05
W 7.5668483953e-02 4.9770235643e+16 7.7306910584e-21 2.2824351004e+05
W 7.5668483953e-02 6.2802914418e+16 9.3644664063e-25 2.6121143648e+05
W 7.5668483953e-02 7.9248289835e+16 1.5034385920e-29 2.9493516915e+05
W 7.5668483953e-02 1.0000000000e+17 2.0021225568e-35 3.3753616559e+05
W 8.1137654240e-02 1.2618568831e+07 2.7138861850e-03 1.7742852309e+00
W 8.1137654240e-02 1.5922827933e+07 2.7977570120e-03 2.0033545305e+00
W 8.1137654240e-02 2.0092330026e+07 2.8847996728e-03 2.2619978484e+00
W 8.1137654240e-02 2.5353644940e+07 3.0565258852e-03 2.5887251173e+00
W 8.1137654240e-02 3.1992671378e+07 3.1529016547e-03 2.9229427725e+00
W 8.1137654240e-02 4.0370172586e+07 3.2529853473e-03 3.3003096366e+00
W 8.1137654240e-02 5.0941380148e+07 3.3569413833e-03 3.7263964933e+00
W 8.1137654240e-02 6.4280731173e+07 3.4649418455e-03 4.2074933428e+00
W 8.1137654240e-02 8.1113083079e+07 3.5771671482e-03 4.7507022567e+00
W 8.1137654240e-02 1.0235310219e+08 3.6938061684e-03 5.3640422201e+00
W 8.1137654240e-02 1.2915496650e+08 3.8150567424e-03 6.0565675103e+00
W 8.1137654240e-02 1.6297508346e+08 3.9411261842e-03 6.8385013580e+00
W 8.1137654240e-02 2.0565123083e+08 4.0722313288e-03 7.7213868654e+00
W 8.1137654240e-02 2.5950242114e+08 4.2085993184e-03 8.7182574082e+00
W 8.1137654240e-02 3.2745491629e+08 4.4694562812e-03 9.9775390799e+00
W 8.1137654240e-02 4.1320124001e+08 4.6211106050e-03 1.1265690415e+01
W 8.1137654240e-02 5.2140082880e+08 4.7789373247e-03 1.2720148677e+01
W 8.1137654240e-02 6.5793322466e+08 4.9432143726e-03 1.4362384940e+01
W 8.1137654240e-02 8.3021756813e+08 5.1142318261e-03 1.6216642306e+01
W 8.1137654240e-02 1.0476157528e+09 5.2922917103e-03 1.8310293784e+01
W 8.1137654240e-02 1.3219411485e+09 5.4777080284e-03 2.0674246377e+01
W 8.1137654240e-02 1.6681005372e+09 5.6708072762e-03 2.3343397343e+01
W 8.1137654240e-02 2.1049041445e+09 5.8719275350e-03 2.6357149352e+01
W 8.1137654240e-02 2.6560877829e+09 6.0814190267e-03 2.9759992163e+01
W 8.1137654240e-02 3.3516026509e+09 6.4719434285e-03 3.4058581998e+01
W 8.1137654240e-02 4.2292428744e+09 6.7054902814e-03 3.8455719160e+01
W 8.1137654240e-02 5.3366992312e+09 6.9487841809e-03 4.3420549222e+01
W 8.1137654240e-02 6.7341506578e+09 7.2022268180e-03 4.9026364243e+01
W 8.1137654240e-02 8.4975343591e+09 7.4662278968e-03 5.5355918659e+01
W 8.1137654240e-02 1.0722672220e+10 7.7412029452e-03 6.2502650930e+01
W 8.1137654240e-02 1.3530477746e+10 8.0275705501e-03 7.0572062895e+01
W 8.1137654240e-02 1.7073526475e+10 8.3257504298e-03 7.9683277224e+01
W 8.1137654240e-02 2.1544346900e+10 8.8723643348e-03 9.1192881248e+01
W 8.1137654240e-02 2.7185882427e+10 9.2042456874e-03 1.0296634871e+02
W 8.1137654240e-02 3.4304692863e+10 9.5495168591e-03 1.1625983105e+02
W 8.1137654240e-02 4.3287612811e+10 9.9085658656e-03 1.3126956996e+02
W 8.1137654240e-02 5.4622772177e+10 1.0281751637e-02 1.4821714295e+02
W 8.1137654240e-02 6.8926121044e+10 1.0669397565e-02 1.6735273430e+02
W 8.1137654240e-02 8.6974900262e+10 1.1071778631e-02 1.8895882839e+02
W 8.1137654240e-02 1.0974987655e+11 1.1803343009e-02 2.1625240073e+02
W 8.1137654240e-02 1.3848863714e+11 1.2247583104e-02 2.4417169190e+02
W 8.1137654240e-02 1.7475284000e+11 1.2707361366e-02 2.7569550638e+02
W 8.1137654240e-02 2.2051307399e+11 1.3182599304e-02 3.1128920656e+02
W 8.1137654240e-02 2.7825594022e+11 1.3673071302e-02 3.5147823552e+02
W 8.1137654240e-02 3.5111917342e+11 1.4178374436e-02 3.9685587370e+02
W 8.1137654240e-02 4.4306214576e+11 1.4697893066e-02 4.4809199709e+02
W 8.1137654240e-02 5.5908101825e+11 1.5647330185e-02 5.1281525689e+02
W 8.1137654240e-02 7.0548023107e+11 1.6207275376e-02 5.7902232984e+02
W 8.1137654240e-02 8.9021508545e+11 1.6778156782e-02 6.5377707459e+02
W 8.1137654240e-02 1.1233240330e+12 1.7357972549e-02 7.3818303930e+02
W 8.1137654240e-02 1.4174741629e+12 1.7944215884e-02 8.3348624582e+02
W 8.1137654240e-02 1.7886495291e+12 1.9040705332e-02 9.5387658345e+02
W 8.1137654240e-02 2.2570197196e+12 1.9645951116e-02 1.0770269299e+03
W 8.1137654240e-02 2.8480358684e+12 2.0246056207e-02 1.2160766160e+03
W 8.1137654240e-02 3.5938136638e+12 2.0835414272e-02 1.3730783280e+03
W 8.1137654240e-02 4.5348785081e+12 2.1407374214e-02 1.5503497641e+03
W 8.1137654240e-02 5.7223676594e+12 2.2554573230e-02 1.7742852309e+03
W 8.1137654240e-02 7.2208090184e+12 2.3080974572e-02 2.0033545305e+03
W 8.1137654240e-02 9.1116275612e+12 2.3561245490e-02 2.2619978484e+03
W 8.1137654240e-02 1.1497569954e+13 2.3982973742e-02 2.5540333419e+03
W 8.1137654240e-02 1.4508287785e+13 2.4332102200e-02 2.8837721114e+03
W 8.1137654240e-02 1.8307382803e+13 2.5265545757e-02 3.3003096366e+03
W 8.1137654240e-02 2.3101297001e+13 2.5424961383e-02 3.7263964933e+03
W 8.1137654240e-02 2.9150530628e+13 2.5456611419e-02 4.2074933428e+03
W 8.1137654240e-02 3.6783797718e+13 2.5340171107e-02 4.7507022567e+03
W 8.1137654240e-02 4.6415888336e+13 2.5740088664e-02 5.4369027208e+03
W 8.1137654240e-02 5.8570208181e+13 2.5252405350e-02 6.1388346743e+03
W 8.1137654240e-02 7.3907220335e+13 2.4550850412e-02 6.9313896337e+03
W 8.1137654240e-02 9.3260334688e+13 2.3619404407e-02 7.8262674927e+03
W 8.1137654240e-02 1.1768119524e+14 2.3061431112e-02 8.9567084455e+03
W 8.1137654240e-02 1.4849682623e+14 2.1607650192e-02 1.0113065324e+04
W 8.1137654240e-02 1.8738174229e+14 1.9912323517e-02 1.1418713790e+04
W 8.1137654240e-02 2.3644894126e+14 1.7997516709e-02 1.2892928152e+04
W 8.1137654240e-02 2.9836472403e+14 1.6336406523e-02 1.4755207201e+04
W 8.1137654240e-02 3.7649358068e+14 1.4054301886e-02 1.6660179931e+04
W 8.1137654240e-02 4.7508101621e+14 1.1718109874e-02 1.8811094384e+04
W 8.1137654240e-02 5.9948425032e+14 9.6732320622e-03 2.1528204613e+04
W 8.1137654240e-02 7.5646332755e+14 7.4403374589e-03 2.4307605956e+04
W 8.1137654240e-02 9.5454845666e+14 5.4353559133e-03 2.7445842229e+04
W 8.1137654240e-02 1.2045035403e+15 3.7358331631e-03 3.0989240860e+04
W 8.1137654240e-02 1.5199110830e+15 2.4524707452e-03 3.5465385714e+04
W 8.1137654240e-02 1.9179102617e+15 1.4352159740e-03 4.0044148431e+04
W 8.1137654240e-02 2.4201282648e+15 7.5583558778e-04 4.5214052838e+04
W 8.1137654240e-02 3.0538555088e+15 3.6089894398e-04 5.1744856573e+04
W 8.1137654240e-02 3.8535285937e+15 1.4469184172e-04 5.8425382255e+04
W 8.1137654240e-02 4.8626015801e+15 4.8563714116e-05 6.5968397978e+04
W 8.1137654240e-02 6.1359072734e+15 1.3448169448e-05 7.5496998774e+04
W 8.1137654240e-02 7.7426368268e+15 2.7532547946e-06 8.5244047518e+04
W 8.1137654240e-02 9.7700995730e+15 4.1021562562e-07 9.7556859773e+04
W 8.1137654240e-02 1.2328467394e+16 3.8832998193e-08 1.1015194942e+05
W 8.1137654240e-02 1.5556761439e+16 2.1878872705e-09 1.2437312957e+05
W 8.1137654240e-02 1.9630406500e+16 6.7942836657e-11 1.4233782081e+05
W 8.1137654240e-02 2.4770763560e+16 9.7766953276e-13 1.6071436160e+05
W 8.1137654240e-02 3.1257158497e+16 5.7999277169e-15 1.8146340781e+05
W 8.1137654240e-02 3.9442060594e+16 1.2166709507e-17 2.0767432736e+05
W 8.1137654240e-02 4.9770235643e+16 6.7730946958e-21 2.3448614538e+05
W 8.1137654240e-02 6.2802914418e+16 7.7840354515e-25 2.6835576992e+05
W 8.1137654240e-02 7.9248289835e+16 1.1721082783e-29 3.0300187259e+05
W 8.1137654240e-02 1.0000000000e+17 1.4428929286e-35 3.4676803901e+05
W 8.7002125478e-02 1.2618568831e+07 3.1005000651e-03 1.8228132949e+00
W 8.7002125478e-02 1.5922827933e+07 3.1963137126e-03 2.0581478158e+00
W 8.7002125478e-02 2.0092330026e+07 3.2957501071e-03 2.3238652272e+00
W 8.7002125478e-02 2.5353644940e+07 3.3989679230e-03 2.6238881157e+00
W 8.7002125478e-02 3.1992671378e+07 3.6020289020e-03 3.0028875026e+00
W 8.7002125478e-02 4.0370172586e+07 3.7163602633e-03 3.3905756404e+00
W 8.7002125478e-02 5.0941380148e+07 3.8351140616e-03 3.8283162999e+00
W 8.7002125478e-02 6.4280731173e+07 3.9584867013e-03 4.3225715179e+00
W 8.7002125478e-02 8.1113083079e+07 4.0866840818e-03 4.8806376128e+00
W 8.7002125478e-02 1.0235310219e+08 4.2199217452e-03 5.5107528953e+00
W 8.7002125478e-02 1.2915496650e+08 4.3584254399e-03 6.2222192842e+00
W 8.7002125478e-02 1.6297508346e+08 4.5024317093e-03 7.0255396233e+00
W 8.7002125478e-02 2.0565123083e+08 4.6521879379e-03 7.9325727276e+00
W 8.7002125478e-02 2.5950242114e+08 4.8079532440e-03 8.9567084455e+00
W 8.7002125478e-02 3.2745491629e+08 4.9699985282e-03 1.0113065324e+01
W 8.7002125478e-02 4.1320124001e+08 5.2791517328e-03 1.1573815702e+01
W 8.7002125478e-02 5.2140082880e+08 5.4594182765e-03 1.3068054514e+01
W 8.7002125478e-02 6.5793322466e+08 5.6470483403e-03 1.4755207201e+01
W 8.7002125478e-02 8.3021756813e+08 5.8423726259e-03 1.6660179931e+01
W 8.7002125478e-02 1.0476157528e+09 6.0457353984e-03 1.8811094384e+01
W 8.7002125478e-02 1.3219411485e+09 6.2574945097e-03 2.1239702897e+01
W 8.7002125478e-02 1.6681005372e+09 6.4780219738e-03 2.3981857192e+01
W 8.7002125478e-02 2.1049041445e+09 6.7077029167e-03 2.7078037634e+01
W 8.7002125478e-02 2.6560877829e+09 6.9469361937e-03 3.0573950809e+01
W 8.7002125478e-02 3.3516026509e+09 7.1961334926e-03 3.4521204259e+01
W 8.7002125478e-02 4.2292428744e+09 7.6596379287e-03 3.9507512620e+01
W 8.7002125478e-02 5.3366992312e+09 7.9374414752e-03 4.4608134598e+01
W 8.7002125478e-02 6.7341506578e+09 8.2268207452e-03 5.0367272966e+01
W 8.7002125478e-02 8.4975343591e+09 8.5282414621e-03 5.6869945558e+01
W 8.7002125478e-02 1.0722672220e+10 8.8421757029e-03 6.4212146446e+01
W 8.7002125478e-02 1.3530477746e+10 9.1690987018e-03 7.2502263027e+01
W 8.7002125478e-02 1.7073526475e+10 9.5094866021e-03 8.1862676067e+01
W 8.7002125478e-02 2.1544346900e+10 9.8638110670e-03 9.2431566313e+01
W 8.7002125478e-02 2.7185882427e+10 1.0512402798e-02 1.0578255744e+02
W 8.7002125478e-02 3.4304692863e+10 1.0906464799e-02 1.1943962674e+02
W 8.7002125478e-02 4.3287612811e+10 1.1316217565e-02 1.3485989354e+02
W 8.7002125478e-02 5.4622772177e+10 1.1742064833e-02 1.5227099567e+02
W 8.7002125478e-02 6.8926121044e+10 1.2184368928e-02 1.7192996014e+02
W 8.7002125478e-02 8.6974900262e+10 1.2643435963e-02 1.9412699750e+02
W 8.7002125478e-02 1.0974987655e+11 1.3119499380e-02 2.1918978593e+02
W 8.7002125478e-02 1.3848863714e+11 1.3985023885e-02 2.5084997524e+02
W 8.7002125478e-02 1.7475284000e+11 1.4509366823e-02 2.8323599026e+02
W 8.7002125478e-02 2.2051307399e+11 1.5051253647e-02 3.1980320549e+02
W 8.7002125478e-02 2.7825594022e+11 1.5610411721e-02 3.6109143526e+02
W 8.7002125478e-02 3.5111917342e+11 1.6186364057e-02 4.0771018670e+02
W 8.7002125478e-02 4.4306214576e+11 1.6778388681e-02 4.6034765743e+02
W 8.7002125478e-02 5.5908101825e+11 1.7385470975e-02 5.1978089490e+02
W 8.7002125478e-02 7.0548023107e+11 1.8498733871e-02 5.9485903535e+02
W 8.7002125478e-02 8.9021508545e+11 1.9148740723e-02 6.7165837980e+02
W 8.7002125478e-02 1.1233240330e+12 1.9808681565e-02 7.5837291248e+02
W 8.7002125478e-02 1.4174741629e+12 2.0475660825e-02 8.5628273491e+02
W 8.7002125478e-02 1.7886495291e+12 2.1146108288e-02 9.6683321627e+02
W 8.7002125478e-02 2.2570197196e+12 2.2412348243e-02 1.1064844438e+03
W 8.7002125478e-02 2.8480358684e+12 2.3093925738e-02 1.2493372457e+03
W 8.7002125478e-02 3.5938136638e+12 2.3762755600e-02 1.4106330750e+03
W 8.7002125478e-02 4.5348785081e+12 2.4411195610e-02 1.5927530210e+03
W 8.7002125478e-02 5.7223676594e+12 2.5030262945e-02 1.7983855837e+03
W 8.7002125478e-02 7.2208090184e+12 2.6309927544e-02 2.0581478158e+03
W 8.7002125478e-02 9.1116275612e+12 2.6851639973e-02 2.3238652272e+03
W 8.7002125478e-02 1.1497569954e+13 2.7325786190e-02 2.6238881157e+03
W 8.7002125478e-02 1.4508287785e+13 2.7716288447e-02 2.9626454939e+03
W 8.7002125478e-02 1.8307382803e+13 2.8005187452e-02 3.3451381824e+03
W 8.7002125478e-02 2.3101297001e+13 2.8943270887e-02 3.8283162999e+03
W 8.7002125478e-02 2.9150530628e+13 2.8968792902e-02 4.3225715179e+03
W 8.7002125478e-02 3.6783797718e+13 2.8824606513e-02 4.8806376128e+03
W 8.7002125478e-02 4.6415888336e+13 2.8487095072e-02 5.5107528953e+03
W 8.7002125478e-02 5.8570208181e+13 2.8697145475e-02 6.3067365184e+03
W 8.7002125478e-02 7.3907220335e+13 2.7883941354e-02 7.1209684648e+03
W 8.7002125478e-02 9.3260334688e+13 2.6808766422e-02 8.0403219206e+03
W 8.7002125478e-02 1.1768119524e+14 2.5460068735e-02 9.0783686106e+03
W 8.7002125478e-02 1.4849682623e+14 2.4487373485e-02 1.0389665429e+04
W 8.7002125478e-02 1.8738174229e+14 2.2545048162e-02 1.1731024384e+04
W 8.7002125478e-02 2.3644894126e+14 2.0355451318e-02 1.3245559641e+04
W 8.7002125478e-02 2.9836472403e+14 1.7963056213e-02 1.4955629148e+04
W 8.7002125478e-02 3.7649358068e+14 1.5854434134e-02 1.7115848650e+04
W 8.7002125478e-02 4.7508101621e+14 1.3198060568e-02 1.9325592266e+04
W 8.7002125478e-02 5.9948425032e+14 1.0585551028e-02 2.1820625087e+04
W 8.7002125478e-02 7.5646332755e+14 8.3471904545e-03 2.4972437651e+04
W 8.7002125478e-02 9.5454845666e+14 6.0830336766e-03 2.8196507098e+04
W 8.7002125478e-02 1.2045035403e+15 4.1692265119e-03 3.1836820402e+04
W 8.7002125478e-02 1.5199110830e+15 2.7280155108e-03 3.6435391257e+04
W 8.7002125478e-02 1.9179102617e+15 1.5903624297e-03 4.1139386652e+04
W 8.7002125478e-02 2.4201282648e+15 8.3379286019e-04 4.6450691916e+04
W 8.7002125478e-02 3.0538555088e+15 3.9603346204e-04 5.3160118149e+04
W 8.7002125478e-02 3.8535285937e+15 1.5779879599e-04 6.0023361341e+04
W 8.7002125478e-02 4.8626015801e+15 5.2577114855e-05 6.7772684338e+04
W 8.7002125478e-02 6.1359072734e+15 1.4433467858e-05 7.7561899686e+04
W 8.7002125478e-02 7.7426368268e+15 2.9243324811e-06 8.7575537700e+04
W 8.7002125478e-02 9.7700995730e+15 4.1880923537e-07 9.8881987607e+04
W 8.7002125478e-02 1.2328467394e+16 4.0116591513e-08 1.1316468985e+05
W 8.7002125478e-02 1.5556761439e+16 2.2190348789e-09 1.2777483020e+05
W 8.7002125478e-02 1.9630406500e+16 6.5602403648e-11 1.4427121441e+05
W 8.7002125478e-02 2.4770763560e+16 9.4419103484e-13 1.6511002285e+05
W 8.7002125478e-02 3.1257158497e+16 5.4236392572e-15 1.8642657141e+05
W 8.7002125478e-02 3.9442060594e+16 1.0944099235e-17 2.1335437975e+05
W 8.7002125478e-02 4.9770235643e+16 5.8135444442e-21 2.4089952158e+05
W 8.7002125478e-02 6.2802914418e+16 6.1443124140e-25 2.7200088213e+05
W 8.7002125478e-02 7.9248289835e+16 8.8694782999e-30 3.1128920656e+05
W 8.7002125478e-02 1.0000000000e+17 9.7631128803e-36 3.5147823552e+05
W 9.3290469248e-02 1.2618568831e+07 3.5443236278e-03 1.8726686388e+00
W 9.3290469248e-02 1.5922827933e+07 3.6538460668e-03 2.1144397396e+00
W 9.3290469248e-02 2.0092330026e+07 3.7675086682e-03 2.3874247263e+00
W 9.3290469248e-02 2.5353644940e+07 3.8854926718e-03 2.6956534713e+00
W 9.3290469248e-02 3.1992671378e+07 4.0079880146e-03 3.0436761240e+00
W 9.3290469248e-02 4.0370172586e+07 4.1351937681e-03 3.4366302814e+00
W 9.3290469248e-02 5.0941380148e+07 4.3840329886e-03 3.9330236916e+00
W 9.3290469248e-02 6.4280731173e+07 4.5250493289e-03 4.4407971694e+00
W 9.3290469248e-02 8.1113083079e+07 4.6715786206e-03 5.0141268007e+00
W 9.3290469248e-02 1.0235310219e+08 4.8238669601e-03 5.6614762203e+00
W 9.3290469248e-02 1.2915496650e+08 4.9821720753e-03 6.3924017614e+00
W 9.3290469248e-02 1.6297508346e+08 5.1467639939e-03 7.2176935289e+00
W 9.3290469248e-02 2.0565123083e+08 5.3179250910e-03 8.1495346853e+00
W 9.3290469248e-02 2.5950242114e+08 5.4959511041e-03 9.2016813019e+00
W 9.3290469248e-02 3.2745491629e+08 5.6811511824e-03 1.0389665429e+01
W 9.3290469248e-02 4.1320124001e+08 5.8738483518e-03 1.1731024384e+01
W 9.3290469248e-02 5.2140082880e+08 6.0743802506e-03 1.3245559641e+01
W 9.3290469248e-02 6.5793322466e+08 6.4549463293e-03 1.5158773453e+01
W 9.3290469248e-02 8.3021756813e+08 6.6781611302e-03 1.7115848650e+01
W 9.3290469248e-02 1.0476157528e+09 6.9105561929e-03 1.9325592266e+01
W 9.3290469248e-02 1.3219411485e+09 7.1525395026e-03 2.1820625087e+01
W 9.3290469248e-02 1.6681005372e+09 7.4045350973e-03 2.4637779409e+01
W 9.3290469248e-02 2.1049041445e+09 7.6669818511e-03 2.7818642764e+01
W 9.3290469248e-02 2.6560877829e+09 7.9403341592e-03 3.1410171850e+01
W 9.3290469248e-02 3.3516026509e+09 8.2250608910e-03 3.5465385714e+01
W 9.3290469248e-02 4.2292428744e+09 8.5216441893e-03 4.0044148431e+01
W 9.3290469248e-02 5.3366992312e+09 9.0721026483e-03 4.5828201346e+01
W 9.3290469248e-02 6.7341506578e+09 9.4026971156e-03 5.1744856573e+01
W 9.3290469248e-02 8.4975343591e+09 9.7470305985e-03 5.8425382255e+01
W 9.3290469248e-02 1.0722672220e+10 1.0105639483e-02 6.5968397978e+01
W 9.3290469248e-02 1.3530477746e+10 1.0479063348e-02 7.4485255616e+01
W 9.3290469248e-02 1.7073526475e+10 1.0867842337e-02 8.4101683142e+01
W 9.3290469248e-02 2.1544346900e+10 1.1272510944e-02 9.4959640655e+01
W 9.3290469248e-02 2.7185882427e+10 1.1693593162e-02 1.0721941603e+02
W 9.3290469248e-02 3.4304692863e+10 1.2131594505e-02 1.2106199111e+02
W 9.3290469248e-02 4.3287612811e+10 1.2931259245e-02 1.3854841522e+02
W 9.3290469248e-02 5.4622772177e+10 1.3417444580e-02 1.5643572437e+02
W 9.3290469248e-02 6.8926121044e+10 1.3922364333e-02 1.7663237663e+02
W 9.3290469248e-02 8.6974900262e+10 1.4446358515e-02 1.9943652001e+02
W 9.3290469248e-02 1.0974987655e+11 1.4989682815e-02 2.2518479495e+02
W 9.3290469248e-02 1.3848863714e+11 1.5552492400e-02 2.5425730390e+02
W 9.3290469248e-02 1.7475284000e+11 1.6134811863e-02 2.8708322248e+02
W 9.3290469248e-02 2.2051307399e+11 1.7194267201e-02 3.2855006882e+02
W 9.3290469248e-02 2.7825594022e+11 1.7832002550e-02 3.7096756339e+02
W 9.3290469248e-02 3.5111917342e+11 1.8488751627e-02 4.1886137350e+02
W 9.3290469248e-02 4.4306214576e+11 1.9163666188e-02 4.7293851949e+02
W 9.3290469248e-02 5.5908101825e+11 1.9855560831e-02 5.3399730166e+02
W 9.3290469248e-02 7.0548023107e+11 2.0562850429e-02 6.0293908495e+02
W 9.3290469248e-02 8.9021508545e+11 2.1865597360e-02 6.9002875244e+02
W 9.3290469248e-02 1.1233240330e+12 2.2616954220e-02 7.7911499420e+02
W 9.3290469248e-02 1.4174741629e+12 2.3375981850e-02 8.7970272549e+02
W 9.3290469248e-02 1.7886495291e+12 2.4138556774e-02 9.9327684744e+02
W 9.3290469248e-02 2.2570197196e+12 2.4899659622e-02 1.1215139695e+03
W 9.3290469248e-02 2.8480358684e+12 2.6354877033e-02 1.2835075790e+03
W 9.3290469248e-02 3.5938136638e+12 2.7113920332e-02 1.4492149732e+03
W 9.3290469248e-02 4.5348785081e+12 2.7849025006e-02 1.6363160397e+03
W 9.3290469248e-02 5.7223676594e+12 2.8549869470e-02 1.8475728109e+03
W 9.3290469248e-02 7.2208090184e+12 2.9204435413e-02 2.0861039120e+03
W 9.3290469248e-02 9.1116275612e+12 3.0613875546e-02 2.3874247263e+03
W 9.3290469248e-02 1.1497569954e+13 3.1146478114e-02 2.6956534713e+03
W 9.3290469248e-02 1.4508287785e+13 3.1582607073e-02 3.0436761240e+03
W 9.3290469248e-02 1.8307382803e+13 3.1901734651e-02 3.4366302814e+03
W 9.3290469248e-02 2.3101297001e+13 3.2081309004e-02 3.8803168307e+03
W 9.3290469248e-02 2.9150530628e+13 3.2974898276e-02 4.4407971694e+03
W 9.3290469248e-02 3.6783797718e+13 3.2796413841e-02 5.0141268007e+03
W 9.3290469248e-02 4.6415888336e+13 3.2396519179e-02 5.6614762203e+03
W 9.3290469248e-02 5.8570208181e+13 3.1749103573e-02 6.3924017614e+03
W 9.3290469248e-02 7.3907220335e+13 3.1673599318e-02 7.3157324225e+03
W 9.3290469248e-02 9.3260334688e+13 3.0431117877e-02 8.2602309016e+03
W 9.3290469248e-02 1.1768119524e+14 2.8877492727e-02 9.3266689659e+03
W 9.3290469248e-02 1.4849682623e+14 2.7010790183e-02 1.0530789640e+04
W 9.3290469248e-02 1.8738174229e+14 2.5522724968e-02 1.2051876912e+04
W 9.3290469248e-02 2.3644894126e+14 2.3017521077e-02 1.3607835872e+04
W 9.3290469248e-02 2.9836472403e+14 2.0285708395e-02 1.5364677094e+04
W 9.3290469248e-02 3.7649358068e+14 1.7877695027e-02 1.7583980259e+04
W 9.3290469248e-02 4.7508101621e+14 1.4856850063e-02 1.9854162060e+04
W 9.3290469248e-02 5.9948425032e+14 1.1892541158e-02 2.2417435945e+04
W 9.3290469248e-02 7.5646332755e+14 9.1074470668e-03 2.5311641602e+04
W 9.3290469248e-02 9.5454845666e+14 6.8007254523e-03 2.8967703227e+04
W 9.3290469248e-02 1.2045035403e+15 4.6469518319e-03 3.2707581897e+04
W 9.3290469248e-02 1.5199110830e+15 2.9491817211e-03 3.6930298034e+04
W 9.3290469248e-02 1.9179102617e+15 1.7590250800e-03 4.2264580479e+04
W 9.3290469248e-02 2.4201282648e+15 9.1776178375e-04 4.7721154022e+04
W 9.3290469248e-02 3.0538555088e+15 4.2190754157e-04 5.3882199122e+04
W 9.3290469248e-02 3.8535285937e+15 1.7155600442e-04 6.1665046383e+04
W 9.3290469248e-02 4.8626015801e+15 5.6711326886e-05 6.9626319316e+04
W 9.3290469248e-02 6.1359072734e+15 1.5012222351e-05 7.8615433311e+04
W 9.3290469248e-02 7.7426368268e+15 3.0897965428e-06 8.9970795930e+04
W 9.3290469248e-02 9.7700995730e+15 4.3654052399e-07 1.0158648593e+05
W 9.3290469248e-02 1.2328467394e+16 4.0039174672e-08 1.1470182092e+05
W 9.3290469248e-02 1.5556761439e+16 2.2305932347e-09 1.3126956996e+05
W 9.3290469248e-02 1.9630406500e+16 6.4381182653e-11 1.4821714295e+05
W 9.3290469248e-02 2.4770763560e+16 9.0020309910e-13 1.6962590881e+05
W 9.3290469248e-02 3.1257158497e+16 4.9940196848e-15 1.9152548135e+05
W 9.3290469248e-02 3.9442060594e+16 9.4060770848e-18 2.1625240073e+05
W 9.3290469248e-02 4.9770235643e+16 4.8798293396e-21 2.4748830855e+05
W 9.3290469248e-02 6.2802914418e+16 4.8505853462e-25 2.7944031520e+05
W 9.3290469248e-02 7.9248289835e+16 6.4976161926e-30 3.1980320549e+05
W 9.3290469248e-02 1.0000000000e+17 6.5258052551e-36 3.6109143526e+05
W 1.0003332223e-01 1.2618568831e+07 4.0542513464e-03 1.9238875646e+00
W 1.0003332223e-01 1.5922827933e+07 4.1795227802e-03 2.1722712908e+00
W 1.0003332223e-01 2.0092330026e+07 4.3095285788e-03 2.4527226266e+00
W 1.0003332223e-01 2.5353644940e+07 4.4444758735e-03 2.7693816645e+00
W 1.0003332223e-01 3.1992671378e+07 4.5845817221e-03 3.1269230040e+00
W 1.0003332223e-01 4.0370172586e+07 4.7300736069e-03 3.5306247595e+00
W 1.0003332223e-01 5.0941380148e+07 4.8811899000e-03 3.9864464768e+00
W 1.0003332223e-01 6.4280731173e+07 5.0381800310e-03 4.5011171095e+00
W 1.0003332223e-01 8.1113083079e+07 5.3435651476e-03 5.1512670205e+00
W 1.0003332223e-01 1.0235310219e+08 5.5177363926e-03 5.8163219439e+00
W 1.0003332223e-01 1.2915496650e+08 5.6987862519e-03 6.5672388601e+00
W 1.0003332223e-01 1.6297508346e+08 5.8870231369e-03 7.4151029914e+00
W 1.0003332223e-01 2.0565123083e+08 6.0827695265e-03 8.3724307193e+00
W 1.0003332223e-01 2.5950242114e+08 6.2863631214e-03 9.4533543540e+00
W 1.0003332223e-01 3.2745491629e+08 6.4981568922e-03 1.0673830759e+01
W 1.0003332223e-01 4.1320124001e+08 6.7185196033e-03 1.2051876912e+01
W 1.0003332223e-01 5.2140082880e+08 6.9478366433e-03 1.3607835872e+01
W 1.0003332223e-01 6.5793322466e+08 7.1865095824e-03 1.5364677094e+01
W 1.0003332223e-01 8.3021756813e+08 7.4349573338e-03 1.7348335504e+01
W 1.0003332223e-01 1.0476157528e+09 7.9040421290e-03 1.9854162060e+01
W 1.0003332223e-01 1.3219411485e+09 8.1807304736e-03 2.2417435945e+01
W 1.0003332223e-01 1.6681005372e+09 8.4688576879e-03 2.5311641602e+01
W 1.0003332223e-01 2.1049041445e+09 8.7689240786e-03 2.8579504013e+01
W 1.0003332223e-01 2.6560877829e+09 9.0814474929e-03 3.2269264179e+01
W 1.0003332223e-01 3.3516026509e+09 9.4069620926e-03 3.6435391257e+01
W 1.0003332223e-01 4.2292428744e+09 9.7460169503e-03 4.1139386652e+01
W 1.0003332223e-01 5.3366992312e+09 1.0099176064e-02 4.6450691916e+01
W 1.0003332223e-01 6.7341506578e+09 1.0467014939e-02 5.2447713859e+01
W 1.0003332223e-01 8.4975343591e+09 1.0850119636e-02 5.9218982013e+01
W 1.0003332223e-01 1.0722672220e+10 1.1556754519e-02 6.7772684338e+01
W 1.0003332223e-01 1.3530477746e+10 1.1983535824e-02 7.6522484575e+01
W 1.0003332223e-01 1.7073526475e+10 1.2427835378e-02 8.6401928782e+01
W 1.0003332223e-01 2.1544346900e+10 1.2890258781e-02 9.7556859773e+01
W 1.0003332223e-01 2.7185882427e+10 1.3371398879e-02 1.1015194942e+02
W 1.0003332223e-01 3.4304692863e+10 1.3871826546e-02 1.2437312957e+02
W 1.0003332223e-01 4.3287612811e+10 1.4392082851e-02 1.4043033682e+02
W 1.0003332223e-01 5.4622772177e+10 1.4932663607e-02 1.5856061167e+02
W 1.0003332223e-01 6.8926121044e+10 1.5917782682e-02 1.8146340781e+02
W 1.0003332223e-01 8.6974900262e+10 1.6516191828e-02 2.0489126203e+02
W 1.0003332223e-01 1.0974987655e+11 1.7136589554e-02 2.3134377207e+02
W 1.0003332223e-01 1.3848863714e+11 1.7779137836e-02 2.6121143648e+02
W 1.0003332223e-01 1.7475284000e+11 1.8443847358e-02 2.9493516915e+02
W 1.0003332223e-01 2.2051307399e+11 1.9130549333e-02 3.3301280821e+02
W 1.0003332223e-01 2.7825594022e+11 1.9838854378e-02 3.7600646527e+02
W 1.0003332223e-01 3.5111917342e+11 2.1130661494e-02 4.3031755383e+02
W 1.0003332223e-01 4.4306214576e+11 2.1900383670e-02 4.8587375130e+02
W 1.0003332223e-01 5.5908101825e+11 2.2689241427e-02 5.4860253806e+02
W 1.0003332223e-01 7.0548023107e+11 2.3495386673e-02 6.1942993208e+02
W 1.0003332223e-01 8.9021508545e+11 2.4316427763e-02 6.9940150499e+02
W 1.0003332223e-01 1.1233240330e+12 2.5149334957e-02 7.8969781705e+02
W 1.0003332223e-01 1.4174741629e+12 2.6701188652e-02 9.0376327080e+02
W 1.0003332223e-01 1.7886495291e+12 2.7568732449e-02 1.0204437322e+03
W 1.0003332223e-01 2.2570197196e+12 2.8434022839e-02 1.1521882381e+03
W 1.0003332223e-01 2.8480358684e+12 2.9290081251e-02 1.3009416336e+03
W 1.0003332223e-01 3.5938136638e+12 3.0128581887e-02 1.4688998534e+03
W 1.0003332223e-01 4.5348785081e+12 3.1785899369e-02 1.6810705404e+03
W 1.0003332223e-01 5.7223676594e+12 3.2579149504e-02 1.8981053466e+03
W 1.0003332223e-01 7.2208090184e+12 3.3318563739e-02 2.1431604565e+03
W 1.0003332223e-01 9.1116275612e+12 3.3988224004e-02 2.4198534347e+03
W 1.0003332223e-01 1.1497569954e+13 3.4569960662e-02 2.7322688918e+03
W 1.0003332223e-01 1.4508287785e+13 3.6001724716e-02 3.1269230040e+03
W 1.0003332223e-01 1.8307382803e+13 3.6353099631e-02 3.5306247595e+03
W 1.0003332223e-01 2.3101297001e+13 3.6543849500e-02 3.9864464768e+03
W 1.0003332223e-01 2.9150530628e+13 3.6546266246e-02 4.5011171095e+03
W 1.0003332223e-01 3.6783797718e+13 3.7324946645e-02 5.1512670205e+03
W 1.0003332223e-01 4.6415888336e+13 3.6850315102e-02 5.8163219439e+03
W 1.0003332223e-01 5.8570208181e+13 3.6092450702e-02 6.5672388601e+03
W 1.0003332223e-01 7.3907220335e+13 3.5024636871e-02 7.4151029914e+03
W 1.0003332223e-01 9.3260334688e+13 3.4545086963e-02 8.4861545621e+03
W 1.0003332223e-01 1.1768119524e+14 3.2753608443e-02 9.5817605267e+03
W 1.0003332223e-01 1.4849682623e+14 3.0606925765e-02 1.0818814826e+04
W 1.0003332223e-01 1.8738174229e+14 2.8120134588e-02 1.2215579163e+04
W 1.0003332223e-01 2.3644894126e+14 2.6021324167e-02 1.3980020637e+04
W 1.0003332223e-01 2.9836472403e+14 2.2900624616e-02 1.5784912815e+04
W 1.0003332223e-01 3.7649358068e+14 1.9613195985e-02 1.7822825807e+04
W 1.0003332223e-01 4.7508101621e+14 1.6268944809e-02 2.0123843791e+04
W 1.0003332223e-01 5.9948425032e+14 1.3350625499e-02 2.3030570039e+04
W 1.0003332223e-01 7.5646332755e+14 1.0199008317e-02 2.6003934443e+04
W 1.0003332223e-01 9.5454845666e+14 7.3920647029e-03 2.9361175402e+04
W 1.0003332223e-01 1.2045035403e+15 5.1721181700e-03 3.3602159387e+04
W 1.0003332223e-01 1.5199110830e+15 3.2699297847e-03 3.7940370054e+04
W 1.0003332223e-01 1.9179102617e+15 1.8899385590e-03 4.2838665911e+04
W 1.0003332223e-01 2.4201282648e+15 1.0077447961e-03 4.9026364243e+04
W 1.0003332223e-01 3.0538555088e+15 4.6043810112e-04 5.5355918659e+04
W 1.0003332223e-01 3.8535285937e+15 1.8092776700e-04 6.2502650930e+04
W 1.0003332223e-01 4.8626015801e+15 6.0923125733e-05 7.1530652635e+04
W 1.0003332223e-01 6.1359072734e+15 1.5964244814e-05 8.0765625803e+04
W 1.0003332223e-01 7.7426368268e+15 3.1595872383e-06 9.1192881248e+04
W 1.0003332223e-01 9.7700995730e+15 4.5193262644e-07 1.0436495435e+05
W 1.0003332223e-01 1.2328467394e+16 4.0722183204e-08 1.1783900384e+05
W 1.0003332223e-01 1.5556761439e+16 2.1613680825e-09 1.3305262203e+05
W 1.0003332223e-01 1.9630406500e+16 6.2449530407e-11 1.5227099567e+05
W 1.0003332223e-01 2.4770763560e+16 8.2379842484e-13 1.7192996014e+05
W 1.0003332223e-01 3.1257158497e+16 4.5217780377e-15 1.9676385039e+05
W 1.0003332223e-01 3.9442060594e+16 8.1393011674e-18 2.2216707001e+05
W 1.0003332223e-01 4.9770235643e+16 3.8914244685e-21 2.5084997524e+05
W 1.0003332223e-01 6.2802914418e+16 3.7190007663e-25 2.8708322248e+05
W 1.0003332223e-01 7.9248289835e+16 4.4728607089e-30 3.2414713507e+05
W 1.0003332223e-01 1.0000000000e+17 4.1798885668e-36 3.7096756339e+05
W 1.0726353546e-01 1.2618568831e+07 4.6406435906e-03 1.9765073674e+00
W 1.0726353546e-01 1.5922827933e+07 4.7840235644e-03 2.2316845792e+00
W 1.0726353546e-01 2.0092330026e+07 4.9328208591e-03 2.5198064745e+00
W 1.0726353546e-01 2.5353644940e+07 5.0872723362e-03 2.8451263804e+00
W 1.0726353546e-01 3.1992671378e+07 5.2476261929e-03 3.2124467502e+00
W 1.0726353546e-01 4.0370172586e+07 5.4141425277e-03 3.6271900589e+00
W 1.0726353546e-01 5.0941380148e+07 5.5870938705e-03 4.0954788502e+00
W 1.0726353546e-01 6.4280731173e+07 5.7667653697e-03 4.6242261201e+00
W 1.0726353546e-01 8.1113083079e+07 5.9534558881e-03 5.2212373672e+00
W 1.0726353546e-01 1.0235310219e+08 6.1474782039e-03 5.8953258204e+00
W 1.0726353546e-01 1.2915496650e+08 6.3491598157e-03 6.6564425412e+00
W 1.0726353546e-01 1.6297508346e+08 6.5588437818e-03 7.5158233240e+00
W 1.0726353546e-01 2.0565123083e+08 6.9622418799e-03 8.6014231310e+00
W 1.0726353546e-01 2.5950242114e+08 7.1952260798e-03 9.7119108575e+00
W 1.0726353546e-01 3.2745491629e+08 7.4375890067e-03 1.0965768230e+01
W 1.0726353546e-01 4.1320124001e+08 7.6897518492e-03 1.2381505004e+01
W 1.0726353546e-01 5.2140082880e+08 7.9521547130e-03 1.3980020637e+01
W 1.0726353546e-01 6.5793322466e+08 8.2252561007e-03 1.5784912815e+01
W 1.0726353546e-01 8.3021756813e+08 8.5095342245e-03 1.7822825807e+01
W 1.0726353546e-01 1.0476157528e+09 8.8054866144e-03 2.0123843791e+01
W 1.0726353546e-01 1.3219411485e+09 9.1136300959e-03 2.2721934967e+01
W 1.0726353546e-01 1.6681005372e+09 9.4345015636e-03 2.5655453004e+01
W 1.0726353546e-01 2.1049041445e+09 9.7686563806e-03 2.8967703227e+01
W 1.0726353546e-01 2.6560877829e+09 1.0393367869e-02 3.3151853343e+01
W 1.0726353546e-01 3.3516026509e+09 1.0765744867e-02 3.7431927196e+01
W 1.0726353546e-01 4.2292428744e+09 1.1153593102e-02 4.2264580479e+01
W 1.0726353546e-01 5.3366992312e+09 1.1557554747e-02 4.7721154022e+01
W 1.0726353546e-01 6.7341506578e+09 1.1978284719e-02 5.3882199122e+01
W 1.0726353546e-01 8.4975343591e+09 1.2416449528e-02 6.0838666662e+01
W 1.0726353546e-01 1.0722672220e+10 1.2872723415e-02 6.8693249746e+01
W 1.0726353546e-01 1.3530477746e+10 1.3347783496e-02 7.7561899686e+01
W 1.0726353546e-01 1.7073526475e+10 1.3842306259e-02 8.7575537700e+01
W 1.0726353546e-01 2.1544346900e+10 1.4749633338e-02 1.0022511483e+02
W 1.0726353546e-01 2.7185882427e+10 1.5299714250e-02 1.1316468985e+02
W 1.0726353546e-01 3.4304692863e+10 1.5871791034e-02 1.2777483020e+02
W 1.0726353546e-01 4.3287612811e+10 1.6466472741e-02 1.4427121441e+02
W 1.0726353546e-01 5.4622772177e+10 1.7084315310e-02 1.6289736620e+02
W 1.0726353546e-01 6.8926121044e+10 1.7725810239e-02 1.8392824948e+02
W 1.0726353546e-01 8.6974900262e+10 1.8391362507e-02 2.0767432736e+02
W 1.0726353546e-01 1.0974987655e+11 1.9603153331e-02 2.3767120195e+02
W 1.0726353546e-01 1.3848863714e+11 2.0337109808e-02 2.6835576992e+02
W 1.0726353546e-01 1.7475284000e+11 2.1096240527e-02 3.0300187259e+02
W 1.0726353546e-01 2.2051307399e+11 2.1880328111e-02 3.4212096433e+02
W 1.0726353546e-01 2.7825594022e+11 2.2688899753e-02 3.8629053094e+02
W 1.0726353546e-01 3.5111917342e+11 2.3521175901e-02 4.3616261454e+02
W 1.0726353546e-01 4.4306214576e+11 2.4376010193e-02 4.9247343925e+02
W 1.0726353546e-01 5.5908101825e+11 2.5942475807e-02 5.6360723890e+02
W 1.0726353546e-01 7.0548023107e+11 2.6861628794e-02 6.3637181656e+02
W 1.0726353546e-01 8.9021508545e+11 2.7797386709e-02 7.1853067342e+02
W 1.0726353546e-01 1.1233240330e+12 2.8746229396e-02 8.1129665897e+02
W 1.0726353546e-01 1.4174741629e+12 2.9703778617e-02 9.1603920781e+02
W 1.0726353546e-01 1.7886495291e+12 3.0664659674e-02 1.0343045555e+03
W 1.0726353546e-01 2.2570197196e+12 3.2487242739e-02 1.1837014715e+03
W 1.0726353546e-01 2.8480358684e+12 3.3459782791e-02 1.3365233867e+03
W 1.0726353546e-01 3.5938136638e+12 3.4411376475e-02 1.5090753928e+03
W 1.0726353546e-01 4.5348785081e+12 3.5330673125e-02 1.7039047457e+03
W 1.0726353546e-01 5.7223676594e+12 3.6204370717e-02 1.9238875646e+03
W 1.0726353546e-01 7.2208090184e+12 3.8029456426e-02 2.2017775413e+03
W 1.0726353546e-01 9.1116275612e+12 3.8783314280e-02 2.4860382850e+03
W 1.0726353546e-01 1.1497569954e+13 3.9435315015e-02 2.8069985449e+03
W 1.0726353546e-01 1.4508287785e+13 3.9961958117e-02 3.1693964161e+03
W 1.0726353546e-01 1.8307382803e+13 4.0337097931e-02 3.5785817064e+03
W 1.0726353546e-01 2.3101297001e+13 4.1640686570e-02 4.0954788502e+03
W 1.0726353546e-01 2.9150530628e+13 4.1624374154e-02 4.6242261201e+03
W 1.0726353546e-01 3.6783797718e+13 4.1358327341e-02 5.2212373672e+03
W 1.0726353546e-01 4.6415888336e+13 4.0809031030e-02 5.8953258204e+03
W 1.0726353546e-01 5.8570208181e+13 4.1036590066e-02 6.7468578877e+03
W 1.0726353546e-01 7.3907220335e+13 3.9793764521e-02 7.6179117543e+03
W 1.0726353546e-01 9.3260334688e+13 3.8172955150e-02 8.6014231310e+03
W 1.0726353546e-01 1.1768119524e+14 3.6160127842e-02 9.7119108575e+03
W 1.0726353546e-01 1.4849682623e+14 3.4678324245e-02 1.1114717722e+04
W 1.0726353546e-01 1.8738174229e+14 3.1823211711e-02 1.2549684637e+04
W 1.0726353546e-01 2.3644894126e+14 2.8625643677e-02 1.4169913121e+04
W 1.0726353546e-01 2.9836472403e+14 2.5154149955e-02 1.5999321391e+04
W 1.0726353546e-01 3.7649358068e+14 2.2093824134e-02 1.8310293784e+04
W 1.0726353546e-01 4.7508101621e+14 1.8289944829e-02 2.0674246377e+04
W 1.0726353546e-01 5.9948425032e+14 1.4575932656e-02 2.3343397343e+04
W 1.0726353546e-01 7.5646332755e+14 1.1409306315e-02 2.6715162026e+04
W 1.0726353546e-01 9.5454845666e+14 8.2439432862e-03 3.0164226104e+04
W 1.0726353546e-01 1.2045035403e+15 5.5946626737e-03 3.4058581998e+04
W 1.0726353546e-01 1.5199110830e+15 3.6187970830e-03 3.8978068320e+04
W 1.0726353546e-01 1.9179102617e+15 2.0814851314e-03 4.4010336332e+04
W 1.0726353546e-01 2.4201282648e+15 1.0742344096e-03 4.9692295885e+04
W 1.0726353546e-01 3.0538555088e+15 5.0090506441e-04 5.6869945558e+04
W 1.0726353546e-01 3.8535285937e+15 1.9529851845e-04 6.4212146446e+04
W 1.0726353546e-01 4.8626015801e+15 6.3423573887e-05 7.2502263027e+04
W 1.0726353546e-01 6.1359072734e+15 1.6887635890e-05 8.2974627711e+04
W 1.0726353546e-01 7.7426368268e+15 3.2986619535e-06 9.3687076602e+04
W 1.0726353546e-01 9.7700995730e+15 4.5203843116e-07 1.0578255744e+05
W 1.0726353546e-01 1.2328467394e+16 4.1050943448e-08 1.2106199111e+05
W 1.0726353546e-01 1.5556761439e+16 2.1288534334e-09 1.3669171345e+05
W 1.0726353546e-01 1.9630406500e+16 5.8217974997e-11 1.5433931290e+05
W 1.0726353546e-01 2.4770763560e+16 7.6277305720e-13 1.7663237663e+05
W 1.0726353546e-01 3.1257158497e+16 3.9128996483e-15 1.9943652001e+05
W 1.0726353546e-01 3.9442060594e+16 6.8899798221e-18 2.2824351004e+05
W 1.0726353546e-01 4.9770235643e+16 3.1049592274e-21 2.5771091476e+05
W 1.0726353546e-01 6.2802914418e+16 2.6886112450e-25 2.9098271217e+05
W 1.0726353546e-01 7.9248289835e+16 3.0442276094e-30 3.3301280821e+05
W 1.0726353546e-01 1.0000000000e+17 2.4878687804e-36 3.7600646527e+05
W 1.1501633438e-01 1.2618568831e+07 5.1740687123e-03 2.0033545305e+00
W 1.1501633438e-01 1.5922827933e+07 5.3339171260e-03 2.2619978484e+00
W 1.1501633438e-01 2.0092330026e+07 5.4998033699e-03 2.5540333419e+00
W 1.1501633438e-01 2.5353644940e+07 5.6719912554e-03 2.8837721114e+00
W 1.1501633438e-01 3.1992671378e+07 5.8507572000e-03 3.2560818428e+00
W 1.1501633438e-01 4.0370172586e+07 6.2014907808e-03 3.7263964933e+00
W 1.1501633438e-01 5.0941380148e+07 6.3995689738e-03 4.2074933428e+00
W 1.1501633438e-01 6.4280731173e+07 6.6053406589e-03 4.7507022567e+00
W 1.1501633438e-01 8.1113083079e+07 6.8191476682e-03 5.3640422201e+00
W 1.1501633438e-01 1.0235310219e+08 7.0413477140e-03 6.0565675103e+00
W 1.1501633438e-01 1.2915496650e+08 7.2723153030e-03 6.8385013580e+00
W 1.1501633438e-01 1.6297508346e+08 7.5124426897e-03 7.7213868654e+00
W 1.1501633438e-01 2.0565123083e+08 7.7621399205e-03 8.7182574082e+00
W 1.1501633438e-01 2.5950242114e+08 8.0218362855e-03 9.8438290376e+00
W 1.1501633438e-01 3.2745491629e+08 8.2919803588e-03 1.1114717722e+01
W 1.1501633438e-01 4.1320124001e+08 8.5730406401e-03 1.2549684637e+01
W 1.1501633438e-01 5.2140082880e+08 8.8655065866e-03 1.4169913121e+01
W 1.1501633438e-01 6.5793322466e+08 9.4206914969e-03 1.6216642306e+01
W 1.1501633438e-01 8.3021756813e+08 9.7461855342e-03 1.8310293784e+01
W 1.1501633438e-01 1.0476157528e+09 1.0085035206e-02 2.0674246377e+01
W 1.1501633438e-01 1.3219411485e+09 1.0437830484e-02 2.3343397343e+01
W 1.1501633438e-01 1.6681005372e+09 1.0805184077e-02 2.6357149352e+01
W 1.1501633438e-01 2.1049041445e+09 1.1187729565e-02 2.9759992163e+01
W 1.1501633438e-01 2.6560877829e+09 1.1586122301e-02 3.3602159387e+01
W 1.1501633438e-01 3.3516026509e+09 1.2001037763e-02 3.7940370054e+01
W 1.1501633438e-01 4.2292428744e+09 1.2433169676e-02 4.2838665911e+01
W 1.1501633438e-01 5.3366992312e+09 1.2883229932e-02 4.8369356820e+01
W 1.1501633438e-01 6.7341506578e+09 1.3717130034e-02 5.5355918659e+01
W 1.1501633438e-01 8.4975343591e+09 1.4218586122e-02 6.2502650930e+01
W 1.1501633438e-01 1.0722672220e+10 1.4740730709e-02 7.0572062895e+01
W 1.1501633438e-01 1.3530477746e+10 1.5284332600e-02 7.9683277224e+01
W 1.1501633438e-01 1.7073526475e+10 1.5850159013e-02 8.9970795930e+01
W 1.1501633438e-01 2.1544346900e+10 1.6438966198e-02 1.0158648593e+02
W 1.1501633438e-01 2.7185882427e+10 1.7051492007e-02 1.1470182092e+02
W 1.1501633438e-01 3.4304692863e+10 1.7688443852e-02 1.2951041276e+02
W 1.1501633438e-01 4.3287612811e+10 1.8852388368e-02 1.4821714295e+02
W 1.1501633438e-01 5.4622772177e+10 1.9558941838e-02 1.6735273430e+02
W 1.1501633438e-01 6.8926121044e+10 2.0292443615e-02 1.8895882839e+02
W 1.1501633438e-01 8.6974900262e+10 2.1053339379e-02 2.1335437975e+02
W 1.1501633438e-01 1.0974987655e+11 2.1841945328e-02 2.4089952158e+02
W 1.1501633438e-01 1.3848863714e+11 2.2658423773e-02 2.7200088213e+02
W 1.1501633438e-01 1.7475284000e+11 2.3502738445e-02 3.0711758742e+02
W 1.1501633438e-01 2.2051307399e+11 2.5041282437e-02 3.5147823552e+02
W 1.1501633438e-01 2.7825594022e+11 2.5964752160e-02 3.9685587370e+02
W 1.1501633438e-01 3.5111917342e+11 2.6915035208e-02 4.4809199709e+02
W 1.1501633438e-01 4.4306214576e+11 2.7890776723e-02 5.0594296612e+02
W 1.1501633438e-01 5.5908101825e+11 2.8890116456e-02 5.7126279118e+02
W 1.1501633438e-01 7.0548023107e+11 2.9910596410e-02 6.4501573980e+02
W 1.1501633438e-01 8.9021508545e+11 3.0949054497e-02 7.2829057136e+02
W 1.1501633438e-01 1.1233240330e+12 3.2876769121e-02 8.3348624582e+02
W 1.1501633438e-01 1.4174741629e+12 3.3967291716e-02 9.4109358382e+02
W 1.1501633438e-01 1.7886495291e+12 3.5060870397e-02 1.0625935796e+03
W 1.1501633438e-01 2.2570197196e+12 3.6149949434e-02 1.1997798464e+03
W 1.1501633438e-01 2.8480358684e+12 3.7225456053e-02 1.3546775620e+03
W 1.1501633438e-01 3.5938136638e+12 3.9323485391e-02 1.5503497641e+03
W 1.1501633438e-01 4.5348785081e+12 4.0365236759e-02 1.7505078494e+03
W 1.1501633438e-01 5.7223676594e+12 4.1353526102e-02 1.9765073674e+03
W 1.1501633438e-01 7.2208090184e+12 4.2270562282e-02 2.2316845792e+03
W 1.1501633438e-01 9.1116275612e+12 4.3095883438e-02 2.5198064745e+03
W 1.1501633438e-01 1.1497569954e+13 4.5004323869e-02 2.8837721114e+03
W 1.1501633438e-01 1.4508287785e+13 4.5588953937e-02 3.2560818428e+03
W 1.1501633438e-01 1.8307382803e+13 4.5998547766e-02 3.6764586650e+03
W 1.1501633438e-01 2.3101297001e+13 4.6200386794e-02 4.1511082855e+03
W 1.1501633438e-01 2.9150530628e+13 4.6159410920e-02 4.6870376000e+03
W 1.1501633438e-01 3.6783797718e+13 4.7092729882e-02 5.3640422201e+03
W 1.1501633438e-01 4.6415888336e+13 4.6438492587e-02 6.0565675103e+03
W 1.1501633438e-01 5.8570208181e+13 4.5422660255e-02 6.8385013580e+03
W 1.1501633438e-01 7.3907220335e+13 4.4012611870e-02 7.7213868654e+03
W 1.1501633438e-01 9.3260334688e+13 4.3336575731e-02 8.8366786611e+03
W 1.1501633438e-01 1.1768119524e+14 4.1010724745e-02 9.9775390799e+03
W 1.1501633438e-01 1.4849682623e+14 3.8240076645e-02 1.1265690415e+04
W 1.1501633438e-01 1.8738174229e+14 3.5047012315e-02 1.2720148677e+04
W 1.1501633438e-01 2.3644894126e+14 3.2340847215e-02 1.4557471130e+04
W 1.1501633438e-01 2.9836472403e+14 2.8371869021e-02 1.6436915121e+04
W 1.1501633438e-01 3.7649358068e+14 2.4210839975e-02 1.8559004946e+04
W 1.1501633438e-01 4.7508101621e+14 2.0546104086e-02 2.1239702897e+04
W 1.1501633438e-01 5.9948425032e+14 1.6333234135e-02 2.3981857192e+04
W 1.1501633438e-01 7.5646332755e+14 1.2408803881e-02 2.7078037634e+04
W 1.1501633438e-01 9.5454845666e+14 8.9364434751e-03 3.0573950809e+04
W 1.1501633438e-01 1.2045035403e+15 6.2065613120e-03 3.4990110379e+04
W 1.1501633438e-01 1.5199110830e+15 3.8902472457e-03 3.9507512620e+04
W 1.1501633438e-01 1.9179102617e+15 2.2259450760e-03 4.4608134598e+04
W 1.1501633438e-01 2.4201282648e+15 1.1730043653e-03 5.1051418350e+04
W 1.1501633438e-01 3.0538555088e+15 5.2858950492e-04 5.7642417611e+04
W 1.1501633438e-01 3.8535285937e+15 2.0435936190e-04 6.5084348593e+04
W 1.1501633438e-01 4.8626015801e+15 6.7504262808e-05 7.4485255616e+04
W 1.1501633438e-01 6.1359072734e+15 1.7289174496e-05 8.4101683142e+04
W 1.1501633438e-01 7.7426368268e+15 3.3293799318e-06 9.4959640655e+04
W 1.1501633438e-01 9.7700995730e+15 4.6075478247e-07 1.0867579165e+05
W 1.1501633438e-01 1.2328467394e+16 3.9892389648e-08 1.2270639228e+05
W 1.1501633438e-01 1.5556761439e+16 2.0726842365e-09 1.4043033682e+05
W 1.1501633438e-01 1.9630406500e+16 5.4989493051e-11 1.5856061167e+05
W 1.1501633438e-01 2.4770763560e+16 6.7612676516e-13 1.7903159775e+05
W 1.1501633438e-01 3.1257158497e+16 3.4098923863e-15 2.0489126203e+05
W 1.1501633438e-01 3.9442060594e+16 5.5427506170e-18 2.3134377207e+05
W 1.1501633438e-01 4.9770235643e+16 2.3430488394e-21 2.6121143648e+05
W 1.1501633438e-01 6.2802914418e+16 1.9288669558e-25 2.9894131287e+05
W 1.1501633438e-01 7.9248289835e+16 1.9342163490e-30 3.3753616559e+05
W 1.1501633438e-01 1.0000000000e+17 1.4463186375e-36 3.8629053094e+05
W 1.2332949048e-01 1.2618568831e+07 5.9309647975e-03 2.0581478158e+00
W 1.2332949048e-01 1.5922827933e+07 6.1141810308e-03 2.3238652272e+00
W 1.2332949048e-01 2.0092330026e+07 6.3043156078e-03 2.6238881157e+00
W 1.2332949048e-01 2.5353644940e+07 6.5016705880e-03 2.9626454939e+00
W 1.2332949048e-01 3.1992671378e+07 6.7065624398e-03 3.3451381824e+00
W 1.2332949048e-01 4.0370172586e+07 6.9193227551e-03 3.7770126337e+00
W 1.2332949048e-01 5.0941380148e+07 7.1402989153e-03 4.2646442859e+00
W 1.2332949048e-01 6.4280731173e+07 7.3698543190e-03 4.8152316789e+00
W 1.2332949048e-01 8.1113083079e+07 7.6083697696e-03 5.4369027208e+00
W 1.2332949048e-01 1.0235310219e+08 7.8562437168e-03 6.1388346743e+00
W 1.2332949048e-01 1.2915496650e+08 8.1138932687e-03 6.9313896337e+00
W 1.2332949048e-01 1.6297508346e+08 8.6110026901e-03 7.9325727276e+00
W 1.2332949048e-01 2.0565123083e+08 8.8971516975e-03 8.9567084455e+00
W 1.2332949048e-01 2.5950242114e+08 9.1947525038e-03 1.0113065324e+01
W 1.2332949048e-01 3.2745491629e+08 9.5043180810e-03 1.1418713790e+01
W 1.2332949048e-01 4.1320124001e+08 9.8263840933e-03 1.2892928152e+01
W 1.2332949048e-01 5.2140082880e+08 1.0161510061e-02 1.4557471130e+01
W 1.2332949048e-01 6.5793322466e+08 1.0510278656e-02 1.6436915121e+01
W 1.2332949048e-01 8.3021756813e+08 1.0873297331e-02 1.8559004946e+01
W 1.2332949048e-01 1.0476157528e+09 1.1251197770e-02 2.0955067422e+01
W 1.2332949048e-01 1.3219411485e+09 1.1644635803e-02 2.3660473821e+01
W 1.2332949048e-01 1.6681005372e+09 1.2054292324e-02 2.6715162026e+01
W 1.2332949048e-01 2.1049041445e+09 1.2822232587e-02 3.0573950809e+01
W 1.2332949048e-01 2.6560877829e+09 1.3278611515e-02 3.4521204259e+01
W 1.2332949048e-01 3.3516026509e+09 1.3753893539e-02 3.8978068320e+01
W 1.2332949048e-01 4.2292428744e+09 1.4248869349e-02 4.4010336332e+01
W 1.2332949048e-01 5.3366992312e+09 1.4764349885e-02 4.9692295885e+01
W 1.2332949048e-01 6.7341506578e+09 1.5301161136e-02 5.6107825483e+01
W 1.2332949048e-01 8.4975343591e+09 1.5860142515e-02 6.3351632771e+01
W 1.2332949048e-01 1.0722672220e+10 1.6442141735e-02 7.1530652635e+01
W 1.2332949048e-01 1.3530477746e+10 1.7048008407e-02 8.0765625803e+01
W 1.2332949048e-01 1.7073526475e+10 1.8162112325e-02 9.2431566313e+01
W 1.2332949048e-01 2.1544346900e+10 1.8836186493e-02 1.0436495435e+02
W 1.2332949048e-01 2.7185882427e+10 1.9537340758e-02 1.1783900384e+02
W 1.2332949048e-01 3.4304692863e+10 2.0266372412e-02 1.3305262203e+02
W 1.2332949048e-01 4.3287612811e+10 2.1024030324e-02 1.5023039616e+02
W 1.2332949048e-01 5.4622772177e+10 2.1810991732e-02 1.6962590881e+02
W 1.2332949048e-01 6.8926121044e+10 2.2627847292e-02 1.9152548135e+02
W 1.2332949048e-01 8.6974900262e+10 2.3475072351e-02 2.1625240073e+02
W 1.2332949048e-01 1.0974987655e+11 2.5019068158e-02 2.4748830855e+02
W 1.2332949048e-01 1.3848863714e+11 2.5952697472e-02 2.7944031520e+02
W 1.2332949048e-01 1.7475284000e+11 2.6917947955e-02 3.1551748936e+02
W 1.2332949048e-01 2.2051307399e+11 2.7914472536e-02 3.5625241125e+02
W 1.2332949048e-01 2.7825594022e+11 2.8941589360e-02 4.0224641994e+02
W 1.2332949048e-01 3.5111917342e+11 2.9998215365e-02 4.5417849044e+02
W 1.2332949048e-01 4.4306214576e+11 3.1082788655e-02 5.1281525689e+02
W 1.2332949048e-01 5.5908101825e+11 3.3073685949e-02 5.8688726735e+02
W 1.2332949048e-01 7.0548023107e+11 3.4238085930e-02 6.6265741577e+02
W 1.2332949048e-01 8.9021508545e+11 3.5422431974e-02 7.4820987794e+02
W 1.2332949048e-01 1.1233240330e+12 3.6622076544e-02 8.4480760063e+02
W 1.2332949048e-01 1.4174741629e+12 3.7831261921e-02 9.5387658345e+02
W 1.2332949048e-01 1.7886495291e+12 3.9042943556e-02 1.0770269299e+03
W 1.2332949048e-01 2.2570197196e+12 4.1349423823e-02 1.2325947469e+03
W 1.2332949048e-01 2.8480358684e+12 4.2571347902e-02 1.3917290340e+03
W 1.2332949048e-01 3.5938136638e+12 4.3764082077e-02 1.5714083716e+03
W 1.2332949048e-01 4.5348785081e+12 4.4912904270e-02 1.7742852309e+03
W 1.2332949048e-01 5.7223676594e+12 4.6000602173e-02 2.0033545305e+03
W 1.2332949048e-01 7.2208090184e+12 4.8292907140e-02 2.2927228668e+03
W 1.2332949048e-01 9.1116275612e+12 4.9220221543e-02 2.5887251173e+03
W 1.2332949048e-01 1.1497569954e+13 5.0013925324e-02 2.9229427725e+03
W 1.2332949048e-01 1.4508287785e+13 5.0643926066e-02 3.3003096366e+03
W 1.2332949048e-01 1.8307382803e+13 5.1076853444e-02 3.7263964933e+03
W 1.2332949048e-01 2.3101297001e+13 5.2678747680e-02 4.2646442859e+03
W 1.2332949048e-01 2.9150530628e+13 5.2603801301e-02 4.8152316789e+03
W 1.2332949048e-01 3.6783797718e+13 5.2207362157e-02 5.4369027208e+03
W 1.2332949048e-01 4.6415888336e+13 5.1447552767e-02 6.1388346743e+03
W 1.2332949048e-01 5.8570208181e+13 5.1659624079e-02 7.0255396233e+03
W 1.2332949048e-01 7.3907220335e+13 5.0013661928e-02 7.9325727276e+03
W 1.2332949048e-01 9.3260334688e+13 4.7888781738e-02 8.9567084455e+03
W 1.2332949048e-01 1.1768119524e+14 4.5269922681e-02 1.0113065324e+04
W 1.2332949048e-01 1.4849682623e+14 4.3313321512e-02 1.1573815702e+04
W 1.2332949048e-01 1.8738174229e+14 3.9641898339e-02 1.3068054514e+04
W 1.2332949048e-01 2.3644894126e+14 3.5551226398e-02 1.4755207201e+04
W 1.2332949048e-01 2.9836472403e+14 3.1132511849e-02 1.6660179931e+04
W 1.2332949048e-01 3.7649358068e+14 2.7237461683e-02 1.9066607988e+04
W 1.2332949048e-01 4.7508101621e+14 2.2446539611e-02 2.1528204613e+04
W 1.2332949048e-01 5.9948425032e+14 1.7795975186e-02 2.4307605956e+04
W 1.2332949048e-01 7.5646332755e+14 1.3846793699e-02 2.7818642764e+04
W 1.2332949048e-01 9.5454845666e+14 9.9362930254e-03 3.1410171850e+04
W 1.2332949048e-01 1.2045035403e+15 6.6893364056e-03 3.5465385714e+04
W 1.2332949048e-01 1.5199110830e+15 4.1725696628e-03 4.0044148431e+04
W 1.2332949048e-01 1.9179102617e+15 2.4389377192e-03 4.5828201346e+04
W 1.2332949048e-01 2.4201282648e+15 1.2427647092e-03 5.1744856573e+04
W 1.2332949048e-01 3.0538555088e+15 5.5568975635e-04 5.8425382255e+04
W 1.2332949048e-01 3.8535285937e+15 2.1870450759e-04 6.6864455523e+04
W 1.2332949048e-01 4.8626015801e+15 6.9564085197e-05 7.5496998774e+04
W 1.2332949048e-01 6.1359072734e+15 1.7589253302e-05 8.5244047518e+04
W 1.2332949048e-01 7.7426368268e+15 3.4266265732e-06 9.7556859773e+04
W 1.2332949048e-01 9.7700995730e+15 4.5309742959e-07 1.1015194942e+05
W 1.2332949048e-01 1.2328467394e+16 3.9407629069e-08 1.2606250637e+05
W 1.2332949048e-01 1.5556761439e+16 1.9395879864e-09 1.4233782081e+05
W 1.2332949048e-01 1.9630406500e+16 4.9797542256e-11 1.6071436160e+05
W 1.2332949048e-01 2.4770763560e+16 6.0464143364e-13 1.8392824948e+05
W 1.2332949048e-01 3.1257158497e+16 2.8301507326e-15 2.0767432736e+05
W 1.2332949048e-01 3.9442060594e+16 4.3439459765e-18 2.3448614538e+05
W 1.2332949048e-01 4.9770235643e+16 1.7603176362e-21 2.6835576992e+05
W 1.2332949048e-01 6.2802914418e+16 1.2970377513e-25 3.0300187259e+05
W 1.2332949048e-01 7.9248289835e+16 1.2063420004e-30 3.4676803901e+05
W 1.2332949048e-01 1.0000000000e+17 7.7456973292e-37 3.9153756672e+05
W 1.3224350527e-01 1.2618568831e+07 6.6227089876e-03 2.0861039120e+00
W 1.3224350527e-01 1.5922827933e+07 6.8272747536e-03 2.3554305985e+00
W 1.3224350527e-01 2.0092330026e+07 7.0395624309e-03 2.6595287378e+00
W 1.3224350527e-01 2.5353644940e+07 7.2599088910e-03 3.0028875026e+00
W 1.3224350527e-01 3.1992671378e+07 7.4886670457e-03 3.3905756404e+00
W 1.3224350527e-01 4.0370172586e+07 7.7262066386e-03 3.8283162999e+00
W 1.3224350527e-01 5.0941380148e+07 8.1909803325e-03 4.3812855831e+00
W 1.3224350527e-01 6.4280731173e+07 8.4542720737e-03 4.9469319642e+00
W 1.3224350527e-01 8.1113083079e+07 8.7278356450e-03 5.5856061867e+00
W 1.3224350527e-01 1.0235310219e+08 9.0121272972e-03 6.3067365184e+00
W 1.3224350527e-01 1.2915496650e+08 9.3076245848e-03 7.1209684648e+00
W 1.3224350527e-01 1.6297508346e+08 9.6148275630e-03 8.0403219206e+00
W 1.3224350527e-01 2.0565123083e+08 9.9342588168e-03 9.0783686106e+00
W 1.3224350527e-01 2.5950242114e+08 1.0266465290e-02 1.0250432438e+01
W 1.3224350527e-01 3.2745491629e+08 1.0612018303e-02 1.1573815702e+01
W 1.3224350527e-01 4.1320124001e+08 1.0971514334e-02 1.3068054514e+01
W 1.3224350527e-01 5.2140082880e+08 1.1345576299e-02 1.4755207201e+01
W 1.3224350527e-01 6.5793322466e+08 1.1734852739e-02 1.6660179931e+01
W 1.3224350527e-01 8.3021756813e+08 1.2472058470e-02 1.9066607988e+01
W 1.3224350527e-01 1.0476157528e+09 1.2905353955e-02 2.1528204613e+01
W 1.3224350527e-01 1.3219411485e+09 1.3356445739e-02 2.4307605956e+01
W 1.3224350527e-01 1.6681005372e+09 1.3826111509e-02 2.7445842229e+01
W 1.3224350527e-01 2.1049041445e+09 1.4315154853e-02 3.0989240860e+01
W 1.3224350527e-01 2.6560877829e+09 1.4824406304e-02 3.4990110379e+01
W 1.3224350527e-01 3.3516026509e+09 1.5354721119e-02 3.9507512620e+01
W 1.3224350527e-01 4.2292428744e+09 1.5906976740e-02 4.4608134598e+01
W 1.3224350527e-01 5.3366992312e+09 1.6482072536e-02 5.0367272966e+01
W 1.3224350527e-01 6.7341506578e+09 1.7080923900e-02 5.6869945558e+01
W 1.3224350527e-01 8.4975343591e+09 1.8188690933e-02 6.5084348593e+01
W 1.3224350527e-01 1.0722672220e+10 1.8855605248e-02 7.3487070933e+01
W 1.3224350527e-01 1.3530477746e+10 1.9549807704e-02 8.2974627711e+01
W 1.3224350527e-01 1.7073526475e+10 2.0272258248e-02 9.3687076602e+01
W 1.3224350527e-01 2.1544346900e+10 2.1023899978e-02 1.0578255744e+02
W 1.3224350527e-01 2.7185882427e+10 2.1805649278e-02 1.1943962674e+02
W 1.3224350527e-01 3.4304692863e+10 2.2618379994e-02 1.3485989354e+02
W 1.3224350527e-01 4.3287612811e+10 2.3462909825e-02 1.5227099567e+02
W 1.3224350527e-01 5.4622772177e+10 2.4339974129e-02 1.7192996014e+02
W 1.3224350527e-01 6.8926121044e+10 2.5940821565e-02 1.9676385039e+02
W 1.3224350527e-01 8.6974900262e+10 2.6910547897e-02 2.2216707001e+02
W 1.3224350527e-01 1.0974987655e+11 2.7915215955e-02 2.5084997524e+02
W 1.3224350527e-01 1.3848863714e+11 2.8954967280e-02 2.8323599026e+02
W 1.3224350527e-01 1.7475284000e+11 3.0029681091e-02 3.1980320549e+02
W 1.3224350527e-01 2.2051307399e+11 3.1138926552e-02 3.6109143526e+02
W 1.3224350527e-01 2.7825594022e+11 3.2281893816e-02 4.0771018670e+02
W 1.3224350527e-01 3.5111917342e+11 3.4372402733e-02 4.6660062104e+02
W 1.3224350527e-01 4.4306214576e+11 3.5611469302e-02 5.2684114810e+02
W 1.3224350527e-01 5.5908101825e+11 3.6879514080e-02 5.9485903535e+02
W 1.3224350527e-01 7.0548023107e+11 3.8173243602e-02 6.7165837980e+02
W 1.3224350527e-01 8.9021508545e+11 3.9488448022e-02 7.5837291248e+02
W 1.3224350527e-01 1.1233240330e+12 4.0819845481e-02 8.5628273491e+02
W 1.3224350527e-01 1.4174741629e+12 4.3314039406e-02 9.7996584076e+02
W 1.3224350527e-01 1.7886495291e+12 4.4693513961e-02 1.1064844438e+03
W 1.3224350527e-01 2.2570197196e+12 4.6064821498e-02 1.2493372457e+03
W 1.3224350527e-01 2.8480358684e+12 4.7416105714e-02 1.4106330750e+03
W 1.3224350527e-01 3.5938136638e+12 4.8733291785e-02 1.5927530210e+03
W 1.3224350527e-01 4.5348785081e+12 5.1367342289e-02 1.8228132949e+03
W 1.3224350527e-01 5.7223676594e+12 5.2596567913e-02 2.0581478158e+03
W 1.3224350527e-01 7.2208090184e+12 5.3730850760e-02 2.3238652272e+03
W 1.3224350527e-01 9.1116275612e+12 5.4743796675e-02 2.6238881157e+03
W 1.3224350527e-01 1.1497569954e+13 5.5605438454e-02 2.9626454939e+03
W 1.3224350527e-01 1.4508287785e+13 5.7821507114e-02 3.3905756404e+03
W 1.3224350527e-01 1.8307382803e+13 5.8288491844e-02 3.8283162999e+03
W 1.3224350527e-01 2.3101297001e+13 5.8485613328e-02 4.3225715179e+03
W 1.3224350527e-01 2.9150530628e+13 5.8368480698e-02 4.8806376128e+03
W 1.3224350527e-01 3.6783797718e+13 5.7891009690e-02 5.5107528953e+03
W 1.3224350527e-01 4.6415888336e+13 5.8566240094e-02 6.3067365184e+03
W 1.3224350527e-01 5.8570208181e+13 5.7195422223e-02 7.1209684648e+03
W 1.3224350527e-01 7.3907220335e+13 5.5322398366e-02 8.0403219206e+03
W 1.3224350527e-01 9.3260334688e+13 5.2917363779e-02 9.0783686106e+03
W 1.3224350527e-01 1.1768119524e+14 5.1331887633e-02 1.0389665429e+04
W 1.3224350527e-01 1.4849682623e+14 4.7742813847e-02 1.1731024384e+04
W 1.3224350527e-01 1.8738174229e+14 4.3630671923e-02 1.3245559641e+04
W 1.3224350527e-01 2.3644894126e+14 3.9061953432e-02 1.4955629148e+04
W 1.3224350527e-01 2.9836472403e+14 3.5074444198e-02 1.7115848650e+04
W 1.3224350527e-01 3.7649358068e+14 2.9803179512e-02 1.9325592266e+04
W 1.3224350527e-01 4.7508101621e+14 2.4498683891e-02 2.1820625087e+04
W 1.3224350527e-01 5.9948425032e+14 1.9896031667e-02 2.4972437651e+04
W 1.3224350527e-01 7.5646332755e+14 1.5018070856e-02 2.8196507098e+04
W 1.3224350527e-01 9.5454845666e+14 1.0734956610e-02 3.1836820402e+04
W 1.3224350527e-01 1.2045035403e+15 7.1944885653e-03 3.5947116777e+04
W 1.3224350527e-01 1.5199110830e+15 4.5862631756e-03 4.1139386652e+04
W 1.3224350527e-01 1.9179102617e+15 2.5934298289e-03 4.6450691916e+04
W 1.3224350527e-01 2.4201282648e+15 1.3120359777e-03 5.2447713859e+04
W 1.3224350527e-01 3.0538555088e+15 5.9765780591e-04 6.0023361341e+04
W 1.3224350527e-01 3.8535285937e+15 2.2670473310e-04 6.7772684338e+04
W 1.3224350527e-01 4.8626015801e+15 7.1270266585e-05 7.6522484575e+04
W 1.3224350527e-01 6.1359072734e+15 1.8257694774e-05 8.7575537700e+04
W 1.3224350527e-01 7.7426368268e+15 3.4048930326e-06 9.8881987607e+04
W 1.3224350527e-01 9.7700995730e+15 4.4126227366e-07 1.1164815803e+05
W 1.3224350527e-01 1.2328467394e+16 3.7456466622e-08 1.2777483020e+05
W 1.3224350527e-01 1.5556761439e+16 1.7901228294e-09 1.4427121441e+05
W 1.3224350527e-01 1.9630406500e+16 4.5569105333e-11 1.6511002285e+05
W 1.3224350527e-01 2.4770763560e+16 5.1598894730e-13 1.8642657141e+05
W 1.3224350527e-01 3.1257158497e+16 2.2937980069e-15 2.1049519544e+05
W 1.3224350527e-01 3.9442060594e+16 3.3991764117e-18 2.4089952158e+05
W 1.3224350527e-01 4.9770235643e+16 1.2439432208e-21 2.7200088213e+05
W 1.3224350527e-01 6.2802914418e+16 8.5984284422e-26 3.1128920656e+05
W 1.3224350527e-01 7.9248289835e+16 6.9684004047e-31 3.5147823552e+05
W 1.3224350527e-01 1.0000000000e+17 3.9062389061e-37 3.9685587370e+05
W 1.4180180764e-01 1.2618568831e+07 7.4011223386e-03 2.1144397396e+00
W 1.4180180764e-01 1.5922827933e+07 7.6297081763e-03 2.3874247263e+00
W 1.4180180764e-01 2.0092330026e+07 8.0820857526e-03 2.7322688918e+00
W 1.4180180764e-01 2.5353644940e+07 8.3350325509e-03 3.0850187826e+00
W 1.4180180764e-01 3.1992671378e+07 8.5976315456e-03 3.4833104887e+00
W 1.4180180764e-01 4.0370172586e+07 8.8703065882e-03 3.9330236916e+00
W 1.4180180764e-01 5.0941380148e+07 9.1535016242e-03 4.4407971694e+00
W 1.4180180764e-01 6.4280731173e+07 9.4476809678e-03 5.0141268007e+00
W 1.4180180764e-01 8.1113083079e+07 9.7533310603e-03 5.6614762203e+00
W 1.4180180764e-01 1.0235310219e+08 1.0070960758e-02 6.3924017614e+00
W 1.4180180764e-01 1.2915496650e+08 1.0401102602e-02 7.2176935289e+00
W 1.4180180764e-01 1.6297508346e+08 1.0744314144e-02 8.1495346853e+00
W 1.4180180764e-01 2.0565123083e+08 1.1101177961e-02 9.2016813019e+00
W 1.4180180764e-01 2.5950242114e+08 1.1472303677e-02 1.0389665429e+01
W 1.4180180764e-01 3.2745491629e+08 1.1858327964e-02 1.1731024384e+01
W 1.4180180764e-01 4.1320124001e+08 1.2595233500e-02 1.3425475844e+01
W 1.4180180764e-01 5.2140082880e+08 1.3024506314e-02 1.5158773453e+01
W 1.4180180764e-01 6.5793322466e+08 1.3471222769e-02 1.7115848650e+01
W 1.4180180764e-01 8.3021756813e+08 1.3936156008e-02 1.9325592266e+01
W 1.4180180764e-01 1.0476157528e+09 1.4420109549e-02 2.1820625087e+01
W 1.4180180764e-01 1.3219411485e+09 1.4923917086e-02 2.4637779409e+01
W 1.4180180764e-01 1.6681005372e+09 1.5448443570e-02 2.7818642764e+01
W 1.4180180764e-01 2.1049041445e+09 1.5994582385e-02 3.1410171850e+01
W 1.4180180764e-01 2.6560877829e+09 1.6563256448e-02 3.5465385714e+01
W 1.4180180764e-01 3.3516026509e+09 1.7155415651e-02 4.0044148431e+01
W 1.4180180764e-01 4.2292428744e+09 1.7772033946e-02 4.5214052838e+01
W 1.4180180764e-01 5.3366992312e+09 1.8917748977e-02 5.1744856573e+01
W 1.4180180764e-01 6.7341506578e+09 1.9604580543e-02 5.8425382255e+01
W 1.4180180764e-01 8.4975343591e+09 2.0319664884e-02 6.5968397978e+01
W 1.4180180764e-01 1.0722672220e+10 2.1064067739e-02 7.4485255616e+01
W 1.4180180764e-01 1.3530477746e+10 2.1838854616e-02 8.4101683142e+01
W 1.4180180764e-01 1.7073526475e+10 2.2645084402e-02 9.4959640655e+01
W 1.4180180764e-01 2.1544346900e+10 2.3483795398e-02 1.0721941603e+02
W 1.4180180764e-01 2.7185882427e+10 2.4355994062e-02 1.2106199111e+02
W 1.4180180764e-01 3.4304692863e+10 2.5262637082e-02 1.3669171345e+02
W 1.4180180764e-01 4.3287612811e+10 2.6921332250e-02 1.5643572437e+02
W 1.4180180764e-01 5.4622772177e+10 2.7926195485e-02 1.7663237663e+02
W 1.4180180764e-01 6.8926121044e+10 2.8968880396e-02 1.9943652001e+02
W 1.4180180764e-01 8.6974900262e+10 3.0049933178e-02 2.2518479495e+02
W 1.4180180764e-01 1.0974987655e+11 3.1169703405e-02 2.5425730390e+02
W 1.4180180764e-01 1.3848863714e+11 3.2328307764e-02 2.8708322248e+02
W 1.4180180764e-01 1.7475284000e+11 3.3525564714e-02 3.2414713507e+02
W 1.4180180764e-01 2.2051307399e+11 3.5711679009e-02 3.7096756339e+02
W 1.4180180764e-01 2.7825594022e+11 3.7019015057e-02 4.1886137350e+02
W 1.4180180764e-01 3.5111917342e+11 3.8363005121e-02 4.7293851949e+02
W 1.4180180764e-01 4.4306214576e+11 3.9741502874e-02 5.3399730166e+02
W 1.4180180764e-01 5.5908101825e+11 4.1151615869e-02 6.0293908495e+02
W 1.4180180764e-01 7.0548023107e+11 4.2589571790e-02 6.8078160513e+02
W 1.4180180764e-01 8.9021508545e+11 4.5255381707e-02 7.7911499420e+02
W 1.4180180764e-01 1.1233240330e+12 4.6773823573e-02 8.7970272549e+02
W 1.4180180764e-01 1.4174741629e+12 4.8302134360e-02 9.9327684744e+02
W 1.4180180764e-01 1.7886495291e+12 4.9831024853e-02 1.1215139695e+03
W 1.4180180764e-01 2.2570197196e+12 5.1349287107e-02 1.2663071600e+03
W 1.4180180764e-01 2.8480358684e+12 5.2843521540e-02 1.4297938922e+03
W 1.4180180764e-01 3.5938136638e+12 5.5782932164e-02 1.6363160397e+03
W 1.4180180764e-01 4.5348785081e+12 5.7216844038e-02 1.8475728109e+03
W 1.4180180764e-01 5.7223676594e+12 5.8568199142e-02 2.0861039120e+03
W 1.4180180764e-01 7.2208090184e+12 5.9811139363e-02 2.3554305985e+03
W 1.4180180764e-01 9.1116275612e+12 6.0916049201e-02 2.6595287378e+03
W 1.4180180764e-01 1.1497569954e+13 6.3540985694e-02 3.0436761240e+03
W 1.4180180764e-01 1.4508287785e+13 6.4284893130e-02 3.4366302814e+03
W 1.4180180764e-01 1.8307382803e+13 6.4771194727e-02 3.8803168307e+03
W 1.4180180764e-01 2.3101297001e+13 6.4953538911e-02 4.3812855831e+03
W 1.4180180764e-01 2.9150530628e+13 6.4782640147e-02 4.9469319642e+03
W 1.4180180764e-01 3.6783797718e+13 6.5963638486e-02 5.6614762203e+03
W 1.4180180764e-01 4.6415888336e+13 6.4905293919e-02 6.3924017614e+03
W 1.4180180764e-01 5.8570208181e+13 6.3330154690e-02 7.2176935289e+03
W 1.4180180764e-01 7.3907220335e+13 6.1195469947e-02 8.1495346853e+03
W 1.4180180764e-01 9.3260334688e+13 6.0068912567e-02 9.3266689659e+03
W 1.4180180764e-01 1.1768119524e+14 5.6646362439e-02 1.0530789640e+04
W 1.4180180764e-01 1.4849682623e+14 5.2610530930e-02 1.1890368452e+04
W 1.4180180764e-01 1.8738174229e+14 4.8001319571e-02 1.3425475844e+04
W 1.4180180764e-01 2.3644894126e+14 4.4069094062e-02 1.5364677094e+04
W 1.4180180764e-01 2.9836472403e+14 3.8436188297e-02 1.7348335504e+04
W 1.4180180764e-01 3.7649358068e+14 3.2581397908e-02 1.9588094363e+04
W 1.4180180764e-01 4.7508101621e+14 2.6708839606e-02 2.2117017547e+04
W 1.4180180764e-01 5.9948425032e+14 2.1622469104e-02 2.5311641602e+04
W 1.4180180764e-01 7.5646332755e+14 1.6261843961e-02 2.8579504013e+04
W 1.4180180764e-01 9.5454845666e+14 1.1575124424e-02 3.2269264179e+04
W 1.4180180764e-01 1.2045035403e+15 7.9308773906e-03 3.6930298034e+04
W 1.4180180764e-01 1.5199110830e+15 4.8931735806e-03 4.1698188426e+04
W 1.4180180764e-01 1.9179102617e+15 2.7486579783e-03 4.7081637858e+04
W 1.4180180764e-01 2.4201282648e+15 1.4175329958e-03 5.3882199122e+04
W 1.4180180764e-01 3.0538555088e+15 6.2281685031e-04 6.0838666662e+04
W 1.4180180764e-01 3.8535285937e+15 2.3372784234e-04 6.8693249746e+04
W 1.4180180764e-01 4.8626015801e+15 7.4537170337e-05 7.8615433311e+04
W 1.4180180764e-01 6.1359072734e+15 1.8308092749e-05 8.8765087906e+04
W 1.4180180764e-01 7.7426368268e+15 3.3531440943e-06 1.0022511483e+05
W 1.4180180764e-01 9.7700995730e+15 4.3682060080e-07 1.1470182092e+05
W 1.4180180764e-01 1.2328467394e+16 3.5153883755e-08 1.2951041276e+05
W 1.4180180764e-01 1.5556761439e+16 1.6273793366e-09 1.4623086955e+05
W 1.4180180764e-01 1.9630406500e+16 3.9861866728e-11 1.6735273430e+05
W 1.4180180764e-01 2.4770763560e+16 4.3089537142e-13 1.8895882839e+05
W 1.4180180764e-01 3.1257158497e+16 1.8114161213e-15 2.1335437975e+05
W 1.4180180764e-01 3.9442060594e+16 2.5096184099e-18 2.4417169190e+05
W 1.4180180764e-01 4.9770235643e+16 8.4674529701e-22 2.7569550638e+05
W 1.4180180764e-01 6.2802914418e+16 5.3041060496e-26 3.1551748936e+05
W 1.4180180764e-01 7.9248289835e+16 3.8126183059e-31 3.5625241125e+05
W 1.4180180764e-01 1.0000000000e+17 1.8952939965e-37 4.0771018670e+05
W 1.5205096545e-01 1.2618568831e+07 8.2780267771e-03 2.1431604565e+00
W 1.5205096545e-01 1.5922827933e+07 8.7670688009e-03 2.4527226266e+00
W 1.5205096545e-01 2.0092330026e+07 9.0396065934e-03 2.7693816645e+00
W 1.5205096545e-01 2.5353644940e+07 9.3224819134e-03 3.1269230040e+00
W 1.5205096545e-01 3.1992671378e+07 9.6161465822e-03 3.5306247595e+00
W 1.5205096545e-01 4.0370172586e+07 9.9210738754e-03 3.9864464768e+00
W 1.5205096545e-01 5.0941380148e+07 1.0237759450e-02 4.5011171095e+00
W 1.5205096545e-01 6.4280731173e+07 1.0566721641e-02 5.0822343536e+00
W 1.5205096545e-01 8.1113083079e+07 1.0908503412e-02 5.7383768066e+00
W 1.5205096545e-01 1.0235310219e+08 1.1263672669e-02 6.4792306068e+00
W 1.5205096545e-01 1.2915496650e+08 1.1632823661e-02 7.3157324225e+00
W 1.5205096545e-01 1.6297508346e+08 1.2016578442e-02 8.2602309016e+00
W 1.5205096545e-01 2.0565123083e+08 1.2415586872e-02 9.3266689659e+00
W 1.5205096545e-01 2.5950242114e+08 1.2830528854e-02 1.0530789640e+01
W 1.5205096545e-01 3.2745491629e+08 1.3624843325e-02 1.2051876912e+01
W 1.5205096545e-01 4.1320124001e+08 1.4086092787e-02 1.3607835872e+01
W 1.5205096545e-01 5.2140082880e+08 1.4565996547e-02 1.5364677094e+01
W 1.5205096545e-01 6.5793322466e+08 1.5065381336e-02 1.7348335504e+01
W 1.5205096545e-01 8.3021756813e+08 1.5585108348e-02 1.9588094363e+01
W 1.5205096545e-01 1.0476157528e+09 1.6126072318e-02 2.2117017547e+01
W 1.5205096545e-01 1.3219411485e+09 1.6689201239e-02 2.4972437651e+01
W 1.5205096545e-01 1.6681005372e+09 1.7275457515e-02 2.8196507098e+01
W 1.5205096545e-01 2.1049041445e+09 1.7885834729e-02 3.1836820402e+01
W 1.5205096545e-01 2.6560877829e+09 1.8521358792e-02 3.5947116777e+01
W 1.5205096545e-01 3.3516026509e+09 1.9183084999e-02 4.0588073439e+01
W 1.5205096545e-01 4.2292428744e+09 2.0415611712e-02 4.6450691916e+01
W 1.5205096545e-01 5.3366992312e+09 2.1152633037e-02 5.2447713859e+01
W 1.5205096545e-01 6.7341506578e+09 2.1919976468e-02 5.9218982013e+01
W 1.5205096545e-01 8.4975343591e+09 2.2718812979e-02 6.6864455523e+01
W 1.5205096545e-01 1.0722672220e+10 2.3550321320e-02 7.5496998774e+01
W 1.5205096545e-01 1.3530477746e+10 2.4415678303e-02 8.5244047518e+01
W 1.5205096545e-01 1.7073526475e+10 2.5316051450e-02 9.6249490116e+01
W 1.5205096545e-01 2.1544346900e+10 2.6252583124e-02 1.0867579165e+02
W 1.5205096545e-01 2.7185882427e+10 2.7226377673e-02 1.2270639228e+02
W 1.5205096545e-01 3.4304692863e+10 2.9010825227e-02 1.4043033682e+02
W 1.5205096545e-01 4.3287612811e+10 3.0090963532e-02 1.5856061167e+02
W 1.5205096545e-01 5.4622772177e+10 3.1212338909e-02 1.7903159775e+02
W 1.5205096545e-01 6.8926121044e+10 3.2375700214e-02 2.0214549285e+02
W 1.5205096545e-01 8.6974900262e+10 3.3581618656e-02 2.2824351004e+02
W 1.5205096545e-01 1.0974987655e+11 3.4830440600e-02 2.5771091476e+02
W 1.5205096545e-01 1.3848863714e+11 3.6122246428e-02 2.9098271217e+02
W 1.5205096545e-01 1.7475284000e+11 3.8481248468e-02 3.3301280821e+02
W 1.5205096545e-01 2.2051307399e+11 3.9895494495e-02 3.7600646527e+02
W 1.5205096545e-01 2.7825594022e+11 4.1351776220e-02 4.2455082339e+02
W 1.5205096545e-01 3.5111917342e+11 4.2848315326e-02 4.7936250646e+02
W 1.5205096545e-01 4.4306214576e+11 4.4382621218e-02 5.4125065821e+02
W 1.5205096545e-01 5.5908101825e+11 4.5951358907e-02 6.1112888693e+02
W 1.5205096545e-01 7.0548023107e+11 4.7550198743e-02 6.9002875244e+02
W 1.5205096545e-01 8.9021508545e+11 5.0518581094e-02 7.8969781705e+02
W 1.5205096545e-01 1.1233240330e+12 5.2204661203e-02 8.9165184490e+02
W 1.5205096545e-01 1.4174741629e+12 5.3900301779e-02 1.0067686593e+03
W 1.5205096545e-01 1.7886495291e+12 5.5594953287e-02 1.1367476433e+03
W 1.5205096545e-01 2.2570197196e+12 5.7275909783e-02 1.2835075790e+03
W 1.5205096545e-01 2.8480358684e+12 5.8928005621e-02 1.4492149732e+03
W 1.5205096545e-01 3.5938136638e+12 6.2188923445e-02 1.6585423386e+03
W 1.5205096545e-01 4.5348785081e+12 6.3768377805e-02 1.8726686388e+03
W 1.5205096545e-01 5.7223676594e+12 6.5252893055e-02 2.1144397396e+03
W 1.5205096545e-01 7.2208090184e+12 6.6613381176e-02 2.3874247263e+03
W 1.5205096545e-01 9.1116275612e+12 6.7816581416e-02 2.6956534713e+03
W 1.5205096545e-01 1.1497569954e+13 7.0707269814e-02 3.0850187826e+03
W 1.5205096545e-01 1.4508287785e+13 7.1499636508e-02 3.4833104887e+03
W 1.5205096545e-01 1.8307382803e+13 7.2000866832e-02 3.9330236916e+03
W 1.5205096545e-01 2.3101297001e+13 7.2159340546e-02 4.4407971694e+03
W 1.5205096545e-01 2.9150530628e+13 7.3887416005e-02 5.0822343536e+03
W 1.5205096545e-01 3.6783797718e+13 7.3175605873e-02 5.7383768066e+03
W 1.5205096545e-01 4.6415888336e+13 7.1940091766e-02 6.4792306068e+03
W 1.5205096545e-01 5.8570208181e+13 7.0127039983e-02 7.3157324225e+03
W 1.5205096545e-01 7.3907220335e+13 6.7690358955e-02 8.2602309016e+03
W 1.5205096545e-01 9.3260334688e+13 6.6363740414e-02 9.4533543540e+03
W 1.5205096545e-01 1.1768119524e+14 6.2496948106e-02 1.0673830759e+04
W 1.5205096545e-01 1.4849682623e+14 5.7954478042e-02 1.2051876912e+04
W 1.5205096545e-01 1.8738174229e+14 5.2784294961e-02 1.3607835872e+04
W 1.5205096545e-01 2.3644894126e+14 4.8363565972e-02 1.5573377552e+04
W 1.5205096545e-01 2.9836472403e+14 4.2085807855e-02 1.7583980259e+04
W 1.5205096545e-01 3.7649358068e+14 3.5582359122e-02 1.9854162060e+04
W 1.5205096545e-01 4.7508101621e+14 2.9877425334e-02 2.2721934967e+04
W 1.5205096545e-01 5.9948425032e+14 2.3463101425e-02 2.5655453004e+04
W 1.5205096545e-01 7.5646332755e+14 1.7576534399e-02 2.8967703227e+04
W 1.5205096545e-01 9.5454845666e+14 1.2453876443e-02 3.2707581897e+04
W 1.5205096545e-01 1.2045035403e+15 8.4878627994e-03 3.7431927196e+04
W 1.5205096545e-01 1.5199110830e+15 5.2046142833e-03 4.2264580479e+04
W 1.5205096545e-01 1.9179102617e+15 2.9026186506e-03 4.7721154022e+04
W 1.5205096545e-01 2.4201282648e+15 1.4843635604e-03 5.4614088217e+04
W 1.5205096545e-01 3.0538555088e+15 6.4576237712e-04 6.1665046383e+04
W 1.5205096545e-01 3.8535285937e+15 2.3953690307e-04 6.9626319316e+04
W 1.5205096545e-01 4.8626015801e+15 7.5347178896e-05 7.9683277224e+04
W 1.5205096545e-01 6.1359072734e+15 1.8206933798e-05 8.9970795930e+04
W 1.5205096545e-01 7.7426368268e+15 3.2699132912e-06 1.0158648593e+05
W 1.5205096545e-01 9.7700995730e+15 4.1603400026e-07 1.1625983105e+05
W 1.5205096545e-01 1.2328467394e+16 3.2538240317e-08 1.3126956996e+05
W 1.5205096545e-01 1.5556761439e+16 1.4551339718e-09 1.4821714295e+05
W 1.5205096545e-01 1.9630406500e+16 3.4185701530e-11 1.6962590881e+05
W 1.5205096545e-01 2.4770763560e+16 3.5140262617e-13 1.9152548135e+05
W 1.5205096545e-01 3.1257158497e+16 1.4284247235e-15 2.1918978593e+05
W 1.5205096545e-01 3.9442060594e+16 1.7907572332e-18 2.4748830855e+05
W 1.5205096545e-01 4.9770235643e+16 5.5325828617e-22 2.7944031520e+05
W 1.5205096545e-01 6.2802914418e+16 3.1147716880e-26 3.1980320549e+05
W 1.5205096545e-01 7.9248289835e+16 1.9658274248e-31 3.6109143526e+05
W 1.5205096545e-01 1.0000000000e+17 8.3315419154e-38 4.1324816853e+05
W 1.6304091237e-01 1.2618568831e+07 9.2669993119e-03 2.1722712908e+00
W 1.6304091237e-01 1.5922827933e+07 9.8144293619e-03 2.4860382850e+00
W 1.6304091237e-01 2.0092330026e+07 1.0119483236e-02 2.8069985449e+00
W 1.6304091237e-01 2.5353644940e+07 1.0436102609e-02 3.1693964161e+00
W 1.6304091237e-01 3.1992671378e+07 1.0764792415e-02 3.5785817064e+00
W 1.6304091237e-01 4.0370172586e+07 1.1106081500e-02 4.0405949108e+00
W 1.6304091237e-01 5.0941380148e+07 1.1460523656e-02 4.5622563833e+00
W 1.6304091237e-01 6.4280731173e+07 1.1828697930e-02 5.1512670205e+00
W 1.6304091237e-01 8.1113083079e+07 1.2211210801e-02 5.8163219439e+00
W 1.6304091237e-01 1.0235310219e+08 1.2608696506e-02 6.5672388601e+00
W 1.6304091237e-01 1.2915496650e+08 1.3021818595e-02 7.4151029914e+00
W 1.6304091237e-01 1.6297508346e+08 1.3451271544e-02 8.3724307193e+00
W 1.6304091237e-01 2.0565123083e+08 1.3897780728e-02 9.4533543540e+00
W 1.6304091237e-01 2.5950242114e+08 1.4362104903e-02 1.0673830759e+01
W 1.6304091237e-01 3.2745491629e+08 1.5251059284e-02 1.2215579163e+01
W 1.6304091237e-01 4.1320124001e+08 1.5767164036e-02 1.3792672921e+01
W 1.6304091237e-01 5.2140082880e+08 1.6304119729e-02 1.5573377552e+01
W 1.6304091237e-01 6.5793322466e+08 1.6862848011e-02 1.7583980259e+01
W 1.6304091237e-01 8.3021756813e+08 1.7444308641e-02 1.9854162060e+01
W 1.6304091237e-01 1.0476157528e+09 1.8049498393e-02 2.2417435945e+01
W 1.6304091237e-01 1.3219411485e+09 1.8679450684e-02 2.5311641602e+01
W 1.6304091237e-01 1.6681005372e+09 1.9335236778e-02 2.8579504013e+01
W 1.6304091237e-01 2.1049041445e+09 2.0017962087e-02 3.2269264179e+01
W 1.6304091237e-01 2.6560877829e+09 2.0728767365e-02 3.6435391257e+01
W 1.6304091237e-01 3.3516026509e+09 2.1468825297e-02 4.1139386652e+01
W 1.6304091237e-01 4.2292428744e+09 2.2847599547e-02 4.7081637858e+01
W 1.6304091237e-01 5.3366992312e+09 2.3671732833e-02 5.3160118149e+01
W 1.6304091237e-01 6.7341506578e+09 2.4529694733e-02 6.0023361341e+01
W 1.6304091237e-01 8.4975343591e+09 2.5422781815e-02 6.7772684338e+01
W 1.6304091237e-01 1.0722672220e+10 2.6352297550e-02 7.6522484575e+01
W 1.6304091237e-01 1.3530477746e+10 2.7319541215e-02 8.6401928782e+01
W 1.6304091237e-01 1.7073526475e+10 2.8325799391e-02 9.7556859773e+01
W 1.6304091237e-01 2.1544346900e+10 2.9372327923e-02 1.1015194942e+02
W 1.6304091237e-01 2.7185882427e+10 3.0460337190e-02 1.2437312957e+02
W 1.6304091237e-01 3.4304692863e+10 3.2455006229e-02 1.4233782081e+02
W 1.6304091237e-01 4.3287612811e+10 3.3661431675e-02 1.6071436160e+02
W 1.6304091237e-01 5.4622772177e+10 3.4913678745e-02 1.8146340781e+02
W 1.6304091237e-01 6.8926121044e+10 3.6212543017e-02 2.0489126203e+02
W 1.6304091237e-01 8.6974900262e+10 3.7558615874e-02 2.3134377207e+02
W 1.6304091237e-01 1.0974987655e+11 3.8952231044e-02 2.6121143648e+02
W 1.6304091237e-01 1.3848863714e+11 4.0393417865e-02 2.9493516915e+02
W 1.6304091237e-01 1.7475284000e+11 4.1881818060e-02 3.3301280821e+02
W 1.6304091237e-01 2.2051307399e+11 4.4604094536e-02 3.8111381122e+02
W 1.6304091237e-01 2.7825594022e+11 4.6227130768e-02 4.3031755383e+02
W 1.6304091237e-01 3.5111917342e+11 4.7894338338e-02 4.8587375130e+02
W 1.6304091237e-01 4.4306214576e+11 4.9602820589e-02 5.4860253806e+02
W 1.6304091237e-01 5.5908101825e+11 5.1348723780e-02 6.1942993208e+02
W 1.6304091237e-01 7.0548023107e+11 5.3127068102e-02 6.9940150499e+02
W 1.6304091237e-01 8.9021508545e+11 5.6433974428e-02 8.0042438779e+02
W 1.6304091237e-01 1.1233240330e+12 5.8306619269e-02 9.0376327080e+02
W 1.6304091237e-01 1.4174741629e+12 6.0188183077e-02 1.0204437322e+03
W 1.6304091237e-01 1.7886495291e+12 6.2066664735e-02 1.1521882381e+03
W 1.6304091237e-01 2.2570197196e+12 6.3927637149e-02 1.3009416336e+03
W 1.6304091237e-01 2.8480358684e+12 6.5753910200e-02 1.4688998534e+03
W 1.6304091237e-01 3.5938136638e+12 6.9372037299e-02 1.6810705404e+03
W 1.6304091237e-01 4.5348785081e+12 7.1110771879e-02 1.8981053466e+03
W 1.6304091237e-01 5.7223676594e+12 7.2740106789e-02 2.1431604565e+03
W 1.6304091237e-01 7.2208090184e+12 7.4227285906e-02 2.4198534347e+03
W 1.6304091237e-01 9.1116275612e+12 7.5534919718e-02 2.7322688918e+03
W 1.6304091237e-01 1.1497569954e+13 7.8716416764e-02 3.1269230040e+03
W 1.6304091237e-01 1.4508287785e+13 7.9555733068e-02 3.5306247595e+03
W 1.6304091237e-01 1.8307382803e+13 8.0065581946e-02 3.9864464768e+03
W 1.6304091237e-01 2.3101297001e+13 8.0188465429e-02 4.5011171095e+03
W 1.6304091237e-01 2.9150530628e+13 7.9863641852e-02 5.0822343536e+03
W 1.6304091237e-01 3.6783797718e+13 8.1190288287e-02 5.8163219439e+03
W 1.6304091237e-01 4.6415888336e+13 7.9745514529e-02 6.5672388601e+03
W 1.6304091237e-01 5.8570208181e+13 7.7655000359e-02 7.4151029914e+03
W 1.6304091237e-01 7.3907220335e+13 7.4869251055e-02 8.3724307193e+03
W 1.6304091237e-01 9.3260334688e+13 7.3305442913e-02 9.5817605267e+03
W 1.6304091237e-01 1.1768119524e+14 6.8931742792e-02 1.0818814826e+04
W 1.6304091237e-01 1.4849682623e+14 6.3814257477e-02 1.2215579163e+04
W 1.6304091237e-01 1.8738174229e+14 5.8010652347e-02 1.3792672921e+04
W 1.6304091237e-01 2.3644894126e+14 5.3037148082e-02 1.5784912815e+04
W 1.6304091237e-01 2.9836472403e+14 4.6038857426e-02 1.7822825807e+04
W 1.6304091237e-01 3.7649358068e+14 3.8814778377e-02 2.0123843791e+04
W 1.6304091237e-01 4.7508101621e+14 3.1621389986e-02 2.2721934967e+04
W 1.6304091237e-01 5.9948425032e+14 2.5417101547e-02 2.6003934443e+04
W 1.6304091237e-01 7.5646332755e+14 1.8958815309e-02 2.9361175402e+04
W 1.6304091237e-01 9.5454845666e+14 1.3366853234e-02 3.3151853343e+04
W 1.6304091237e-01 1.2045035403e+15 9.0578581061e-03 3.7940370054e+04
W 1.6304091237e-01 1.5199110830e+15 5.5170734194e-03 4.2838665911e+04
W 1.6304091237e-01 1.9179102617e+15 3.0529212532e-03 4.8369356820e+04
W 1.6304091237e-01 2.4201282648e+15 1.5470076584e-03 5.5355918659e+04
W 1.6304091237e-01 3.0538555088e+15 6.6583280258e-04 6.2502650930e+04
W 1.6304091237e-01 3.8535285937e+15 2.4388509964e-04 7.0572062895e+04
W 1.6304091237e-01 4.8626015801e+15 7.5579636469e-05 8.0765625803e+04
W 1.6304091237e-01 6.1359072734e+15 1.7942000780e-05 9.1192881248e+04
W 1.6304091237e-01 7.7426368268e+15 3.1545507782e-06 1.0296634871e+05
W 1.6304091237e-01 9.7700995730e+15 3.9120119389e-07 1.1783900384e+05
W 1.6304091237e-01 1.2328467394e+16 2.9662411262e-08 1.3305262203e+05
W 1.6304091237e-01 1.5556761439e+16 1.2777144250e-09 1.5023039616e+05
W 1.6304091237e-01 1.9630406500e+16 2.8688502617e-11 1.7192996014e+05
W 1.6304091237e-01 2.4770763560e+16 2.7922739572e-13 1.9412699750e+05
W 1.6304091237e-01 3.1257158497e+16 1.0345306535e-15 2.1918978593e+05
W 1.6304091237e-01 3.9442060594e+16 1.2309990759e-18 2.5084997524e+05
W 1.6304091237e-01 4.9770235643e+16 3.4565685736e-22 2.8323599026e+05
W 1.6304091237e-01 6.2802914418e+16 1.7331803925e-26 3.2414713507e+05
W 1.6304091237e-01 7.9248289835e+16 9.4988662125e-32 3.6599618837e+05
W 1.6304091237e-01 1.0000000000e+17 3.2959055841e-38 4.1324816853e+05
W 1.7482519120e-01 1.2618568831e+07 1.0383651078e-02 2.2017775413e+00
W 1.7482519120e-01 1.5922827933e+07 1.0704229594e-02 2.4860382850e+00
W 1.7482519120e-01 2.0092330026e+07 1.1036888884e-02 2.8069985449e+00
W 1.7482519120e-01 2.5353644940e+07 1.1693464516e-02 3.2124467502e+00
W 1.7482519120e-01 3.1992671378e+07 1.2061687939e-02 3.6271900589e+00
W 1.7482519120e-01 4.0370172586e+07 1.2444017928e-02 4.0954788502e+00
W 1.7482519120e-01 5.0941380148e+07 1.2841073682e-02 4.6242261201e+00
W 1.7482519120e-01 6.4280731173e+07 1.3253502541e-02 5.2212373672e+00
W 1.7482519120e-01 8.1113083079e+07 1.3681982411e-02 5.8953258204e+00
W 1.7482519120e-01 1.0235310219e+08 1.4127222103e-02 6.6564425412e+00
W 1.7482519120e-01 1.2915496650e+08 1.4589963055e-02 7.5158233240e+00
W 1.7482519120e-01 1.6297508346e+08 1.5070981111e-02 8.4861545621e+00
W 1.7482519120e-01 2.0565123083e+08 1.5571086464e-02 9.5817605267e+00
W 1.7482519120e-01 2.5950242114e+08 1.6091126395e-02 1.0818814826e+01
W 1.7482519120e-01 3.2745491629e+08 1.6631985176e-02 1.2215579163e+01
W 1.7482519120e-01 4.1320124001e+08 1.7194585134e-02 1.3792672921e+01
W 1.7482519120e-01 5.2140082880e+08 1.8266182095e-02 1.5784912815e+01
W 1.7482519120e-01 6.5793322466e+08 1.8891846302e-02 1.7822825807e+01
W 1.7482519120e-01 8.3021756813e+08 1.9542933005e-02 2.0123843791e+01
W 1.7482519120e-01 1.0476157528e+09 2.0220553176e-02 2.2721934967e+01
W 1.7482519120e-01 1.3219411485e+09 2.0925858121e-02 2.5655453004e+01
W 1.7482519120e-01 1.6681005372e+09 2.1660040735e-02 2.8967703227e+01
W 1.7482519120e-01 2.1049041445e+09 2.2424331263e-02 3.2707581897e+01
W 1.7482519120e-01 2.6560877829e+09 2.3219998508e-02 3.6930298034e+01
W 1.7482519120e-01 3.3516026509e+09 2.4048345889e-02 4.1698188426e+01
W 1.7482519120e-01 4.2292428744e+09 2.4910706927e-02 4.7081637858e+01
W 1.7482519120e-01 5.3366992312e+09 2.5808444232e-02 5.3160118149e+01
W 1.7482519120e-01 6.7341506578e+09 2.7474379534e-02 6.0838666662e+01
W 1.7482519120e-01 8.4975343591e+09 2.8473632885e-02 6.8693249746e+01
W 1.7482519120e-01 1.0722672220e+10 2.9513526016e-02 7.7561899686e+01
W 1.7482519120e-01 1.3530477746e+10 3.0595492723e-02 8.7575537700e+01
W 1.7482519120e-01 1.7073526475e+10 3.1720949799e-02 9.8881987607e+01
W 1.7482519120e-01 2.1544346900e+10 3.2891276471e-02 1.1164815803e+02
W 1.7482519120e-01 2.7185882427e+10 3.4107797502e-02 1.2606250637e+02
W 1.7482519120e-01 3.4304692863e+10 3.5371756819e-02 1.4233782081e+02
W 1.7482519120e-01 4.3287612811e+10 3.6684294397e-02 1.6071436160e+02
W 1.7482519120e-01 5.4622772177e+10 3.9087001600e-02 1.8392824948e+02
W 1.7482519120e-01 6.8926121044e+10 4.0538131851e-02 2.0767432736e+02
W 1.7482519120e-01 8.6974900262e+10 4.2041633144e-02 2.3448614538e+02
W 1.7482519120e-01 1.0974987655e+11 4.3597813965e-02 2.6475950625e+02
W 1.7482519120e-01 1.3848863714e+11 4.5206633722e-02 2.9894131287e+02
W 1.7482519120e-01 1.7475284000e+11 4.6867608638e-02 3.3753616559e+02
W 1.7482519120e-01 2.2051307399e+11 4.8579733462e-02 3.8111381122e+02
W 1.7482519120e-01 2.7825594022e+11 5.1718244915e-02 4.3616261454e+02
W 1.7482519120e-01 3.5111917342e+11 5.3576471199e-02 4.9247343925e+02
W 1.7482519120e-01 4.4306214576e+11 5.5479728642e-02 5.5605427949e+02
W 1.7482519120e-01 5.5908101825e+11 5.7423554001e-02 6.2784373144e+02
W 1.7482519120e-01 7.0548023107e+11 5.9402207272e-02 7.0890156889e+02
W 1.7482519120e-01 8.9021508545e+11 6.1408454247e-02 8.0042438779e+02
W 1.7482519120e-01 1.1233240330e+12 6.3433320839e-02 9.0376327080e+02
W 1.7482519120e-01 1.4174741629e+12 6.7256357663e-02 1.0343045555e+03
W 1.7482519120e-01 1.7886495291e+12 6.9338606704e-02 1.1678385646e+03
W 1.7482519120e-01 2.2570197196e+12 7.1398609731e-02 1.3186124973e+03
W 1.7482519120e-01 2.8480358684e+12 7.3416851944e-02 1.4888521160e+03
W 1.7482519120e-01 3.5938136638e+12 7.5370315044e-02 1.6810705404e+03
W 1.7482519120e-01 4.5348785081e+12 7.9344424379e-02 1.9238875646e+03
W 1.7482519120e-01 5.7223676594e+12 8.1130775589e-02 2.1722712908e+03
W 1.7482519120e-01 7.2208090184e+12 8.2753878319e-02 2.4527226266e+03
W 1.7482519120e-01 9.1116275612e+12 8.4171662643e-02 2.7693816645e+03
W 1.7482519120e-01 1.1497569954e+13 8.5336711175e-02 3.1269230040e+03
W 1.7482519120e-01 1.4508287785e+13 8.8553774449e-02 3.5785817064e+03
W 1.7482519120e-01 1.8307382803e+13 8.9063465208e-02 4.0405949108e+03
W 1.7482519120e-01 2.3101297001e+13 8.9135757150e-02 4.5622563833e+03
W 1.7482519120e-01 2.9150530628e+13 8.8703239267e-02 5.1512670205e+03
W 1.7482519120e-01 3.6783797718e+13 8.7697078470e-02 5.8163219439e+03
W 1.7482519120e-01 4.6415888336e+13 8.8403396219e-02 6.6564425412e+03
W 1.7482519120e-01 5.8570208181e+13 8.5988808817e-02 7.5158233240e+03
W 1.7482519120e-01 7.3907220335e+13 8.2799008626e-02 8.4861545621e+03
W 1.7482519120e-01 9.3260334688e+13 7.8798637759e-02 9.5817605267e+03
W 1.7482519120e-01 1.1768119524e+14 7.6001149659e-02 1.0965768230e+04
W 1.7482519120e-01 1.4849682623e+14 7.0230572313e-02 1.2381505004e+04
W 1.7482519120e-01 1.8738174229e+14 6.3711444431e-02 1.3980020637e+04
W 1.7482519120e-01 2.3644894126e+14 5.6565173374e-02 1.5784912815e+04
W 1.7482519120e-01 2.9836472403e+14 5.0309169946e-02 1.8064915626e+04
W 1.7482519120e-01 3.7649358068e+14 4.2285157637e-02 2.0397188644e+04
W 1.7482519120e-01 4.7508101621e+14 3.4327748213e-02 2.3030570039e+04
W 1.7482519120e-01 5.9948425032e+14 2.7481206583e-02 2.6357149352e+04
W 1.7482519120e-01 7.5646332755e+14 2.0403210285e-02 2.9759992163e+04
W 1.7482519120e-01 9.5454845666e+14 1.4307984191e-02 3.3602159387e+04
W 1.7482519120e-01 1.2045035403e+15 9.3787369837e-03 3.7940370054e+04
W 1.7482519120e-01 1.5199110830e+15 5.8262631957e-03 4.3420549222e+04
W 1.7482519120e-01 1.9179102617e+15 3.1967688974e-03 4.9026364243e+04
W 1.7482519120e-01 2.4201282648e+15 1.5611879738e-03 5.5355918659e+04
W 1.7482519120e-01 3.0538555088e+15 6.8231891075e-04 6.3351632771e+04
W 1.7482519120e-01 3.8535285937e+15 2.4652336127e-04 7.1530652635e+04
W 1.7482519120e-01 4.8626015801e+15 7.3169269602e-05 8.0765625803e+04
W 1.7482519120e-01 6.1359072734e+15 1.7504487033e-05 9.2431566313e+04
W 1.7482519120e-01 7.7426368268e+15 3.0074043061e-06 1.0436495435e+05
W 1.7482519120e-01 9.7700995730e+15 3.5306261773e-07 1.1783900384e+05
W 1.7482519120e-01 1.2328467394e+16 2.6592806363e-08 1.3485989354e+05
W 1.7482519120e-01 1.5556761439e+16 1.0998017538e-09 1.5227099567e+05
W 1.7482519120e-01 1.9630406500e+16 2.2883191911e-11 1.7192996014e+05
W 1.7482519120e-01 2.4770763560e+16 2.1564676866e-13 1.9676385039e+05
W 1.7482519120e-01 3.1257158497e+16 7.4393199765e-16 2.2216707001e+05
W 1.7482519120e-01 3.9442060594e+16 8.1230098293e-19 2.5425730390e+05
W 1.7482519120e-01 4.9770235643e+16 2.0560970231e-22 2.8708322248e+05
W 1.7482519120e-01 6.2802914418e+16 8.8493806213e-27 3.2414713507e+05
W 1.7482519120e-01 7.9248289835e+16 4.2747983237e-32 3.7096756339e+05
W 1.7482519120e-01 1.0000000000e+17 1.2291903313e-38 4.1886137350e+05
W 1.8746121470e-01 1.2618568831e+07 1.1645952579e-02 2.2316845792e+00
W 1.8746121470e-01 1.5922827933e+07 1.2005446130e-02 2.5198064745e+00
W 1.8746121470e-01 2.0092330026e+07 1.2378479846e-02 2.8451263804e+00
W 1.8746121470e-01 2.5353644940e+07 1.2765641321e-02 3.2124467502e+00
W 1.8746121470e-01 3.1992671378e+07 1.3167545793e-02 3.6271900589e+00
W 1.8746121470e-01 4.0370172586e+07 1.3584837473e-02 4.0954788502e+00
W 1.8746121470e-01 5.0941380148e+07 1.4018190763e-02 4.6242261201e+00
W 1.8746121470e-01 6.4280731173e+07 1.4468310609e-02 5.2212373672e+00
W 1.8746121470e-01 8.1113083079e+07 1.5344444412e-02 5.9754028171e+00
W 1.8746121470e-01 1.0235310219e+08 1.5843634948e-02 6.7468578877e+00
W 1.8746121470e-01 1.2915496650e+08 1.6362430666e-02 7.6179117543e+00
W 1.8746121470e-01 1.6297508346e+08 1.6901698899e-02 8.6014231310e+00
W 1.8746121470e-01 2.0565123083e+08 1.7462345162e-02 9.7119108575e+00
W 1.8746121470e-01 2.5950242114e+08 1.8045316197e-02 1.0965768230e+01
W 1.8746121470e-01 3.2745491629e+08 1.8651599800e-02 1.2381505004e+01
W 1.8746121470e-01 4.1320124001e+08 1.9282225980e-02 1.3980020637e+01
W 1.8746121470e-01 5.2140082880e+08 1.9938268944e-02 1.5784912815e+01
W 1.8746121470e-01 6.5793322466e+08 2.0620845393e-02 1.7822825807e+01
W 1.8746121470e-01 8.3021756813e+08 2.1331117341e-02 2.0123843791e+01
W 1.8746121470e-01 1.0476157528e+09 2.2070290621e-02 2.2721934967e+01
W 1.8746121470e-01 1.3219411485e+09 2.2839614236e-02 2.5655453004e+01
W 1.8746121470e-01 1.6681005372e+09 2.4286964227e-02 2.9361175402e+01
W 1.8746121470e-01 2.1049041445e+09 2.5143306601e-02 3.3151853343e+01
W 1.8746121470e-01 2.6560877829e+09 2.6034733929e-02 3.7431927196e+01
W 1.8746121470e-01 3.3516026509e+09 2.6962695187e-02 4.2264580479e+01
W 1.8746121470e-01 4.2292428744e+09 2.7928671515e-02 4.7721154022e+01
W 1.8746121470e-01 5.3366992312e+09 2.8934174870e-02 5.3882199122e+01
W 1.8746121470e-01 6.7341506578e+09 2.9980736688e-02 6.0838666662e+01
W 1.8746121470e-01 8.4975343591e+09 3.1069903387e-02 6.8693249746e+01
W 1.8746121470e-01 1.0722672220e+10 3.2203224856e-02 7.7561899686e+01
W 1.8746121470e-01 1.3530477746e+10 3.3382240261e-02 8.7575537700e+01
W 1.8746121470e-01 1.7073526475e+10 3.5555035074e-02 1.0022511483e+02
W 1.8746121470e-01 2.1544346900e+10 3.6864815382e-02 1.1316468985e+02
W 1.8746121470e-01 2.7185882427e+10 3.8226058636e-02 1.2777483020e+02
W 1.8746121470e-01 3.4304692863e+10 3.9640116908e-02 1.4427121441e+02
W 1.8746121470e-01 4.3287612811e+10 4.1108220289e-02 1.6289736620e+02
W 1.8746121470e-01 5.4622772177e+10 4.2631427988e-02 1.8392824948e+02
W 1.8746121470e-01 6.8926121044e+10 4.4210595308e-02 2.0767432736e+02
W 1.8746121470e-01 8.6974900262e+10 4.5846313164e-02 2.3448614538e+02
W 1.8746121470e-01 1.0974987655e+11 4.8839064838e-02 2.6835576992e+02
W 1.8746121470e-01 1.3848863714e+11 5.0636113804e-02 3.0300187259e+02
W 1.8746121470e-01 1.7475284000e+11 5.2490749566e-02 3.4212096433e+02
W 1.8746121470e-01 2.2051307399e+11 5.4401733057e-02 3.8629053094e+02
W 1.8746121470e-01 2.7825594022e+11 5.6367102097e-02 4.3616261454e+02
W 1.8746121470e-01 3.5111917342e+11 5.8384034719e-02 4.9247343925e+02
W 1.8746121470e-01 4.4306214576e+11 6.0448690458e-02 5.5605427949e+02
W 1.8746121470e-01 5.5908101825e+11 6.4266981579e-02 6.3637181656e+02
W 1.8746121470e-01 7.0548023107e+11 6.6469171021e-02 7.1853067342e+02
W 1.8746121470e-01 8.9021508545e+11 6.8700251514e-02 8.1129665897e+02
W 1.8746121470e-01 1.1233240330e+12 7.0949927304e-02 9.1603920781e+02
W 1.8746121470e-01 1.4174741629e+12 7.3205623192e-02 1.0343045555e+03
W 1.8746121470e-01 1.7886495291e+12 7.5452141688e-02 1.1678385646e+03
W 1.8746121470e-01 2.2570197196e+12 7.9795656831e-02 1.3365233867e+03
W 1.8746121470e-01 2.8480358684e+12 8.2025187782e-02 1.5090753928e+03
W 1.8746121470e-01 3.5938136638e+12 8.4178285156e-02 1.7039047457e+03
W 1.8746121470e-01 4.5348785081e+12 8.6224441212e-02 1.9238875646e+03
W 1.8746121470e-01 5.7223676594e+12 8.8128322697e-02 2.1722712908e+03
W 1.8746121470e-01 7.2208090184e+12 9.2306815948e-02 2.4860382850e+03
W 1.8746121470e-01 9.1116275612e+12 9.3839713933e-02 2.8069985449e+03
W 1.8746121470e-01 1.1497569954e+13 9.5084110719e-02 3.1693964161e+03
W 1.8746121470e-01 1.4508287785e+13 9.5980841212e-02 3.5785817064e+03
W 1.8746121470e-01 1.8307382803e+13 9.6465200880e-02 4.0405949108e+03
W 1.8746121470e-01 2.3101297001e+13 9.9106206356e-02 4.6242261201e+03
W 1.8746121470e-01 2.9150530628e+13 9.8539033315e-02 5.2212373672e+03
W 1.8746121470e-01 3.6783797718e+13 9.7326125806e-02 5.8953258204e+03
W 1.8746121470e-01 4.6415888336e+13 9.5393645466e-02 6.6564425412e+03
W 1.8746121470e-01 5.8570208181e+13 9.2674382119e-02 7.5158233240e+03
W 1.8746121470e-01 7.3907220335e+13 9.1550978861e-02 8.6014231310e+03
W 1.8746121470e-01 9.3260334688e+13 8.6992604387e-02 9.7119108575e+03
W 1.8746121470e-01 1.1768119524e+14 8.1527469671e-02 1.0965768230e+04
W 1.8746121470e-01 1.4849682623e+14 7.5188061689e-02 1.2381505004e+04
W 1.8746121470e-01 1.8738174229e+14 6.9916904200e-02 1.4169913121e+04
W 1.8746121470e-01 2.3644894126e+14 6.1916058574e-02 1.5999321391e+04
W 1.8746121470e-01 2.9836472403e+14 5.3446164111e-02 1.8064915626e+04
W 1.8746121470e-01 3.7649358068e+14 4.5996941620e-02 2.0674246377e+04
W 1.8746121470e-01 4.7508101621e+14 3.7198688327e-02 2.3343397343e+04
W 1.8746121470e-01 5.9948425032e+14 2.8859767697e-02 2.6357149352e+04
W 1.8746121470e-01 7.5646332755e+14 2.1318564946e-02 2.9759992163e+04
W 1.8746121470e-01 9.5454845666e+14 1.5269197750e-02 3.4058581998e+04
W 1.8746121470e-01 1.2045035403e+15 9.9411293226e-03 3.8455719160e+04
W 1.8746121470e-01 1.5199110830e+15 5.9639402473e-03 4.3420549222e+04
W 1.8746121470e-01 1.9179102617e+15 3.3309530518e-03 4.9692295885e+04
W 1.8746121470e-01 2.4201282648e+15 1.6092554608e-03 5.6107825483e+04
W 1.8746121470e-01 3.0538555088e+15 6.7599179932e-04 6.3351632771e+04
W 1.8746121470e-01 3.8535285937e+15 2.4721037549e-04 7.2502263027e+04
W 1.8746121470e-01 4.8626015801e+15 7.2093975752e-05 8.1862676067e+04
W 1.8746121470e-01 6.1359072734e+15 1.6440429257e-05 9.2431566313e+04
W 1.8746121470e-01 7.7426368268e+15 2.8299772867e-06 1.0578255744e+05
W 1.8746121470e-01 9.7700995730e+15 3.2233954872e-07 1.1943962674e+05
W 1.8746121470e-01 1.2328467394e+16 2.2784038189e-08 1.3485989354e+05
W 1.8746121470e-01 1.5556761439e+16 9.2617609146e-10 1.5433931290e+05
W 1.8746121470e-01 1.9630406500e+16 1.8268197458e-11 1.7426530772e+05
W 1.8746121470e-01 2.4770763560e+16 1.5712099628e-13 1.9676385039e+05
W 1.8746121470e-01 3.1257158497e+16 5.1530863773e-16 2.2518479495e+05
W 1.8746121470e-01 3.9442060594e+16 4.9885357804e-19 2.5425730390e+05
W 1.8746121470e-01 4.9770235643e+16 1.1280845943e-22 2.8708322248e+05
W 1.8746121470e-01 6.2802914418e+16 4.3510693855e-27 3.2855006882e+05
W 1.8746121470e-01 7.9248289835e+16 1.7321315436e-32 3.7096756339e+05
W 1.8746121470e-01 1.0000000000e+17 4.1720206914e-39 4.2455082339e+05
W 2.0101054530e-01 1.2618568831e+07 1.2726532383e-02 2.2316845792e+00
W 2.0101054530e-01 1.5922827933e+07 1.3119313306e-02 2.5198064745e+00
W 2.0101054530e-01 2.0092330026e+07 1.3526879656e-02 2.8451263804e+00
W 2.0101054530e-01 2.5353644940e+07 1.4331411914e-02 3.2560818428e+00
W 2.0101054530e-01 3.1992671378e+07 1.4782510890e-02 3.6764586650e+00
W 2.0101054530e-01 4.0370172586e+07 1.5250868637e-02 4.1511082855e+00
W 2.0101054530e-01 5.0941380148e+07 1.5737240355e-02 4.6870376000e+00
W 2.0101054530e-01 6.4280731173e+07 1.6242415305e-02 5.2921581306e+00
W 2.0101054530e-01 8.1113083079e+07 1.6767219722e-02 5.9754028171e+00
W 2.0101054530e-01 1.0235310219e+08 1.7312517176e-02 6.7468578877e+00
W 2.0101054530e-01 1.2915496650e+08 1.7879210613e-02 7.6179117543e+00
W 2.0101054530e-01 1.6297508346e+08 1.8468244465e-02 8.6014231310e+00
W 2.0101054530e-01 2.0565123083e+08 1.9080604493e-02 9.7119108575e+00
W 2.0101054530e-01 2.5950242114e+08 1.9717321057e-02 1.0965768230e+01
W 2.0101054530e-01 3.2745491629e+08 2.0379468876e-02 1.2381505004e+01
W 2.0101054530e-01 4.1320124001e+08 2.1068168234e-02 1.3980020637e+01
W 2.0101054530e-01 5.2140082880e+08 2.2380412264e-02 1.5999321391e+01
W 2.0101054530e-01 6.5793322466e+08 2.3146150198e-02 1.8064915626e+01
W 2.0101054530e-01 8.3021756813e+08 2.3942909527e-02 2.0397188644e+01
W 2.0101054530e-01 1.0476157528e+09 2.4772035413e-02 2.3030570039e+01
W 2.0101054530e-01 1.3219411485e+09 2.5634920443e-02 2.6003934443e+01
W 2.0101054530e-01 1.6681005372e+09 2.6533005913e-02 2.9361175402e+01
W 2.0101054530e-01 2.1049041445e+09 2.7467776341e-02 3.3151853343e+01
W 2.0101054530e-01 2.6560877829e+09 2.8440760634e-02 3.7431927196e+01
W 2.0101054530e-01 3.3516026509e+09 2.9453526882e-02 4.2264580479e+01
W 2.0101054530e-01 4.2292428744e+09 3.0507676426e-02 4.7721154022e+01
W 2.0101054530e-01 5.3366992312e+09 3.1604842141e-02 5.3882199122e+01
W 2.0101054530e-01 6.7341506578e+09 3.3642322516e-02 6.1665046383e+01
W 2.0101054530e-01 8.4975343591e+09 3.4862986759e-02 6.9626319316e+01
W 2.0101054530e-01 1.0722672220e+10 3.6132963287e-02 7.8615433311e+01
W 2.0101054530e-01 1.3530477746e+10 3.7453948226e-02 8.8765087906e+01
W 2.0101054530e-01 1.7073526475e+10 3.8827609179e-02 1.0022511483e+02
W 2.0101054530e-01 2.1544346900e+10 4.0255559081e-02 1.1316468985e+02
W 2.0101054530e-01 2.7185882427e+10 4.1739334393e-02 1.2777483020e+02
W 2.0101054530e-01 3.4304692863e+10 4.3280361579e-02 1.4427121441e+02
W 2.0101054530e-01 4.3287612811e+10 4.4879927434e-02 1.6289736620e+02
W 2.0101054530e-01 5.4622772177e+10 4.7812005695e-02 1.8642657141e+02
W 2.0101054530e-01 6.8926121044e+10 4.9578731700e-02 2.1049519544e+02
W 2.0101054530e-01 8.6974900262e+10 5.1408185625e-02 2.3767120195e+02
W 2.0101054530e-01 1.0974987655e+11 5.3300564822e-02 2.6835576992e+02
W 2.0101054530e-01 1.3848863714e+11 5.5255616868e-02 3.0300187259e+02
W 2.0101054530e-01 1.7475284000e+11 5.7272521908e-02 3.4212096433e+02
W 2.0101054530e-01 2.2051307399e+11 5.9349794156e-02 3.8629053094e+02
W 2.0101054530e-01 2.7825594022e+11 6.3166808291e-02 4.4208706948e+02
W 2.0101054530e-01 3.5111917342e+11 6.5416888253e-02 4.9916277164e+02
W 2.0101054530e-01 4.4306214576e+11 6.7718798518e-02 5.6360723890e+02
W 2.0101054530e-01 5.5908101825e+11 7.0066671255e-02 6.3637181656e+02
W 2.0101054530e-01 7.0548023107e+11 7.2453033474e-02 7.1853067342e+02
W 2.0101054530e-01 8.9021508545e+11 7.4868538940e-02 8.1129665897e+02
W 2.0101054530e-01 1.1233240330e+12 7.7301666420e-02 9.1603920781e+02
W 2.0101054530e-01 1.4174741629e+12 8.1919288410e-02 1.0483536522e+03
W 2.0101054530e-01 1.7886495291e+12 8.4408955401e-02 1.1837014715e+03
W 2.0101054530e-01 2.2570197196e+12 8.6864162759e-02 1.3365233867e+03
W 2.0101054530e-01 2.8480358684e+12 8.9260313577e-02 1.5090753928e+03
W 2.0101054530e-01 3.5938136638e+12 9.1568506858e-02 1.7039047457e+03
W 2.0101054530e-01 4.5348785081e+12 9.6319330398e-02 1.9500199859e+03
W 2.0101054530e-01 5.7223676594e+12 9.8400715244e-02 2.2017775413e+03
W 2.0101054530e-01 7.2208090184e+12 1.0027130544e-01 2.4860382850e+03
W 2.0101054530e-01 9.1116275612e+12 1.0187911524e-01 2.8069985449e+03
W 2.0101054530e-01 1.1497569954e+13 1.0316582309e-01 3.1693964161e+03
W 2.0101054530e-01 1.4508287785e+13 1.0691315321e-01 3.6271900589e+03
W 2.0101054530e-01 1.8307382803e+13 1.0737024842e-01 4.0954788502e+03
W 2.0101054530e-01 2.3101297001e+13 1.0728142052e-01 4.6242261201e+03
W 2.0101054530e-01 2.9150530628e+13 1.0656596745e-01 5.2212373672e+03
W 2.0101054530e-01 3.6783797718e+13 1.0514241030e-01 5.8953258204e+03
W 2.0101054530e-01 4.6415888336e+13 1.0574746647e-01 6.7468578877e+03
W 2.0101054530e-01 5.8570208181e+13 1.0259608871e-01 7.6179117543e+03
W 2.0101054530e-01 7.3907220335e+13 9.8506351850e-02 8.6014231310e+03
W 2.0101054530e-01 9.3260334688e+13 9.3443757108e-02 9.7119108575e+03
W 2.0101054530e-01 1.1768119524e+14 8.9797234711e-02 1.1114717722e+04
W 2.0101054530e-01 1.4849682623e+14 8.2636400456e-02 1.2549684637e+04
W 2.0101054530e-01 1.8738174229e+14 7.4614593873e-02 1.4169913121e+04
W 2.0101054530e-01 2.3644894126e+14 6.5892679860e-02 1.5999321391e+04
W 2.0101054530e-01 2.9836472403e+14 5.8249523659e-02 1.8310293784e+04
W 2.0101054530e-01 3.7649358068e+14 4.8619708652e-02 2.0674246377e+04
W 2.0101054530e-01 4.7508101621e+14 3.9156809919e-02 2.3343397343e+04
W 2.0101054530e-01 5.9948425032e+14 3.0234257864e-02 2.6357149352e+04
W 2.0101054530e-01 7.5646332755e+14 2.2818839005e-02 3.0164226104e+04
W 2.0101054530e-01 9.5454845666e+14 1.5807769143e-02 3.4058581998e+04
W 2.0101054530e-01 1.2045035403e+15 1.0216125602e-02 3.8455719160e+04
W 2.0101054530e-01 1.5199110830e+15 6.2427143592e-03 4.4010336332e+04
W 2.0101054530e-01 1.9179102617e+15 3.3599701456e-03 4.9692295885e+04
W 2.0101054530e-01 2.4201282648e+15 1.6043345963e-03 5.6107825483e+04
W 2.0101054530e-01 3.0538555088e+15 6.8289346756e-04 6.4212146446e+04
W 2.0101054530e-01 3.8535285937e+15 2.3918323410e-04 7.2502263027e+04
W 2.0101054530e-01 4.8626015801e+15 6.8431736504e-05 8.1862676067e+04
W 2.0101054530e-01 6.1359072734e+15 1.5671447469e-05 9.3687076602e+04
W 2.0101054530e-01 7.7426368268e+15 2.5551575230e-06 1.0578255744e+05
W 2.0101054530e-01 9.7700995730e+15 2.8162588839e-07 1.1943962674e+05
W 2.0101054530e-01 1.2328467394e+16 1.9653754898e-08 1.3669171345e+05
W 2.0101054530e-01 1.5556761439e+16 7.4115072798e-10 1.5433931290e+05
W 2.0101054530e-01 1.9630406500e+16 1.3793768762e-11 1.7426530772e+05
W 2.0101054530e-01 2.4770763560e+16 1.1363945443e-13 1.9943652001e+05
W 2.0101054530e-01 3.1257158497e+16 3.3344756226e-16 2.2518479495e+05
W 2.0101054530e-01 3.9442060594e+16 2.9163037706e-19 2.5425730390e+05
W 2.0101054530e-01 4.9770235643e+16 5.9935990786e-23 2.9098271217e+05
W 2.0101054530e-01 6.2802914418e+16 1.9395878414e-27 3.2855006882e+05
W 2.0101054530e-01 7.9248289835e+16 6.6191447907e-33 3.7600646527e+05
W 2.0101054530e-01 1.0000000000e+17 1.2429451907e-39 4.2455082339e+05
W 2.1553919507e-01 1.2618568831e+07 1.3921575425e-02 2.2316845792e+00
W 2.1553919507e-01 1.5922827933e+07 1.4743670885e-02 2.5540333419e+00
W 2.1553919507e-01 2.0092330026e+07 1.5201603044e-02 2.8837721114e+00
W 2.1553919507e-01 2.5353644940e+07 1.5676856120e-02 3.2560818428e+00
W 2.1553919507e-01 3.1992671378e+07 1.6170182128e-02 3.6764586650e+00
W 2.1553919507e-01 4.0370172586e+07 1.6682368250e-02 4.1511082855e+00
W 2.1553919507e-01 5.0941380148e+07 1.7214238281e-02 4.6870376000e+00
W 2.1553919507e-01 6.4280731173e+07 1.7766653012e-02 5.2921581306e+00
W 2.1553919507e-01 8.1113083079e+07 1.8340513373e-02 5.9754028171e+00
W 2.1553919507e-01 1.0235310219e+08 1.8936760796e-02 6.7468578877e+00
W 2.1553919507e-01 1.2915496650e+08 1.9556379409e-02 7.6179117543e+00
W 2.1553919507e-01 1.6297508346e+08 2.0200398295e-02 8.6014231310e+00
W 2.1553919507e-01 2.0565123083e+08 2.0869891269e-02 9.7119108575e+00
W 2.1553919507e-01 2.5950242114e+08 2.1565980395e-02 1.0965768230e+01
W 2.1553919507e-01 3.2745491629e+08 2.2899479794e-02 1.2549684637e+01
W 2.1553919507e-01 4.1320124001e+08 2.3672911129e-02 1.4169913121e+01
W 2.1553919507e-01 5.2140082880e+08 2.4477425817e-02 1.5999321391e+01
W 2.1553919507e-01 6.5793322466e+08 2.5314379643e-02 1.8064915626e+01
W 2.1553919507e-01 8.3021756813e+08 2.6185182156e-02 2.0397188644e+01
W 2.1553919507e-01 1.0476157528e+09 2.7091294587e-02 2.3030570039e+01
W 2.1553919507e-01 1.3219411485e+09 2.8034228794e-02 2.6003934443e+01
W 2.1553919507e-01 1.6681005372e+09 2.9015548514e-02 2.9361175402e+01
W 2.1553919507e-01 2.1049041445e+09 3.0036863191e-02 3.3151853343e+01
W 2.1553919507e-01 2.6560877829e+09 3.1099829040e-02 3.7431927196e+01
W 2.1553919507e-01 3.3516026509e+09 3.2206143138e-02 4.2264580479e+01
W 2.1553919507e-01 4.2292428744e+09 3.4269890931e-02 4.8369356820e+01
W 2.1553919507e-01 5.3366992312e+09 3.5500899739e-02 5.4614088217e+01
W 2.1553919507e-01 6.7341506578e+09 3.6781861957e-02 6.1665046383e+01
W 2.1553919507e-01 8.4975343591e+09 3.8114619258e-02 6.9626319316e+01
W 2.1553919507e-01 1.0722672220e+10 3.9501010403e-02 7.8615433311e+01
W 2.1553919507e-01 1.3530477746e+10 4.0942852910e-02 8.8765087906e+01
W 2.1553919507e-01 1.7073526475e+10 4.2441928364e-02 1.0022511483e+02
W 2.1553919507e-01 2.1544346900e+10 4.3999953232e-02 1.1316468985e+02
W 2.1553919507e-01 2.7185882427e+10 4.5618554348e-02 1.2777483020e+02
W 2.1553919507e-01 3.4304692863e+10 4.7299231503e-02 1.4427121441e+02
W 2.1553919507e-01 4.3287612811e+10 5.0384696763e-02 1.6511002285e+02
W 2.1553919507e-01 5.4622772177e+10 5.2242791246e-02 1.8642657141e+02
W 2.1553919507e-01 6.8926121044e+10 5.4168065728e-02 2.1049519544e+02
W 2.1553919507e-01 8.6974900262e+10 5.6161055121e-02 2.3767120195e+02
W 2.1553919507e-01 1.0974987655e+11 5.8221864060e-02 2.6835576992e+02
W 2.1553919507e-01 1.3848863714e+11 6.0350091790e-02 3.0300187259e+02
W 2.1553919507e-01 1.7475284000e+11 6.2544702058e-02 3.4212096433e+02
W 2.1553919507e-01 2.2051307399e+11 6.6576350687e-02 3.9153756672e+02
W 2.1553919507e-01 2.7825594022e+11 6.8960968945e-02 4.4208706948e+02
W 2.1553919507e-01 3.5111917342e+11 7.1405354882e-02 4.9916277164e+02
W 2.1553919507e-01 4.4306214576e+11 7.3904368495e-02 5.6360723890e+02
W 2.1553919507e-01 5.5908101825e+11 7.6451348407e-02 6.3637181656e+02
W 2.1553919507e-01 7.0548023107e+11 7.9037853278e-02 7.1853067342e+02
W 2.1553919507e-01 8.9021508545e+11 8.1653367764e-02 8.1129665897e+02
W 2.1553919507e-01 1.1233240330e+12 8.6590231017e-02 9.2848189051e+02
W 2.1553919507e-01 1.4174741629e+12 8.9294220823e-02 1.0483536522e+03
W 2.1553919507e-01 1.7886495291e+12 9.1979232774e-02 1.1837014715e+03
W 2.1553919507e-01 2.2570197196e+12 9.4622160687e-02 1.3365233867e+03
W 2.1553919507e-01 2.8480358684e+12 9.7195693728e-02 1.5090753928e+03
W 2.1553919507e-01 3.5938136638e+12 9.9667810039e-02 1.7039047457e+03
W 2.1553919507e-01 4.5348785081e+12 1.0479107870e-01 1.9500199859e+03
W 2.1553919507e-01 5.7223676594e+12 1.0700177197e-01 2.2017775413e+03
W 2.1553919507e-01 7.2208090184e+12 1.0897543693e-01 2.4860382850e+03
W 2.1553919507e-01 9.1116275612e+12 1.1065498527e-01 2.8069985449e+03
W 2.1553919507e-01 1.1497569954e+13 1.1197653979e-01 3.1693964161e+03
W 2.1553919507e-01 1.4508287785e+13 1.1595664387e-01 3.6271900589e+03
W 2.1553919507e-01 1.8307382803e+13 1.1635514325e-01 4.0954788502e+03
W 2.1553919507e-01 2.3101297001e+13 1.1615084802e-01 4.6242261201e+03
W 2.1553919507e-01 2.9150530628e+13 1.1525673985e-01 5.2212373672e+03
W 2.1553919507e-01 3.6783797718e+13 1.1669220066e-01 5.9754028171e+03
W 2.1553919507e-01 4.6415888336e+13 1.1409133169e-01 6.7468578877e+03
W 2.1553919507e-01 5.8570208181e+13 1.1053066262e-01 7.6179117543e+03
W 2.1553919507e-01 7.3907220335e+13 1.0595159020e-01 8.6014231310e+03
W 2.1553919507e-01 9.3260334688e+13 1.0032181700e-01 9.7119108575e+03
W 2.1553919507e-01 1.1768119524e+14 9.6207107995e-02 1.1114717722e+04
W 2.1553919507e-01 1.4849682623e+14 8.8327574716e-02 1.2549684637e+04
W 2.1553919507e-01 1.8738174229e+14 7.9541295740e-02 1.4169913121e+04
W 2.1553919507e-01 2.3644894126e+14 7.0031209347e-02 1.5999321391e+04
W 2.1553919507e-01 2.9836472403e+14 6.1694782667e-02 1.8310293784e+04
W 2.1553919507e-01 3.7649358068e+14 5.1292721618e-02 2.0674246377e+04
W 2.1553919507e-01 4.7508101621e+14 4.1123276908e-02 2.3343397343e+04
W 2.1553919507e-01 5.9948425032e+14 3.2452059101e-02 2.6715162026e+04
W 2.1553919507e-01 7.5646332755e+14 2.3698298302e-02 3.0164226104e+04
W 2.1553919507e-01 9.5454845666e+14 1.6303766521e-02 3.4058581998e+04
W 2.1553919507e-01 1.2045035403e+15 1.0452423845e-02 3.8455719160e+04
W 2.1553919507e-01 1.5199110830e+15 6.3277042013e-03 4.4010336332e+04
W 2.1553919507e-01 1.9179102617e+15 3.3687551509e-03 4.9692295885e+04
W 2.1553919507e-01 2.4201282648e+15 1.5881167305e-03 5.6107825483e+04
W 2.1553919507e-01 3.0538555088e+15 6.6594145194e-04 6.4212146446e+04
W 2.1553919507e-01 3.8535285937e+15 2.2917391003e-04 7.2502263027e+04
W 2.1553919507e-01 4.8626015801e+15 6.4217602409e-05 8.1862676067e+04
W 2.1553919507e-01 6.1359072734e+15 1.4346728330e-05 9.3687076602e+04
W 2.1553919507e-01 7.7426368268e+15 2.2707780753e-06 1.0578255744e+05
W 2.1553919507e-01 9.7700995730e+15 2.4148772625e-07 1.1943962674e+05
W 2.1553919507e-01 1.2328467394e+16 1.6139237700e-08 1.3669171345e+05
W 2.1553919507e-01 1.5556761439e+16 5.7758999465e-10 1.5433931290e+05
W 2.1553919507e-01 1.9630406500e+16 1.0091280239e-11 1.7426530772e+05
W 2.1553919507e-01 2.4770763560e+16 7.7037151192e-14 1.9943652001e+05
W 2.1553919507e-01 3.1257158497e+16 2.0623122372e-16 2.2518479495e+05
W 2.1553919507e-01 3.9442060594e+16 1.6149952082e-19 2.5425730390e+05
W 2.1553919507e-01 4.9770235643e+16 2.9046969100e-23 2.9098271217e+05
W 2.1553919507e-01 6.2802914418e+16 7.9968935554e-28 3.2855006882e+05
W 2.1553919507e-01 7.9248289835e+16 2.2411575212e-33 3.7600646527e+05
W 2.1553919507e-01 1.0000000000e+17 3.3054280169e-40 4.2455082339e+05
W 2.3111794728e-01 1.2618568831e+07 1.5244862262e-02 2.2316845792e+00
W 2.3111794728e-01 1.5922827933e+07 1.5715173745e-02 2.5198064745e+00
W 2.3111794728e-01 2.0092330026e+07 1.6203165739e-02 2.8451263804e+00
W 2.3111794728e-01 2.5353644940e+07 1.7166622533e-02 3.2560818428e+00
W 2.3111794728e-01 3.1992671378e+07 1.7706680377e-02 3.6764586650e+00
W 2.3111794728e-01 4.0370172586e+07 1.8267367819e-02 4.1511082855e+00
W 2.3111794728e-01 5.0941380148e+07 1.8849584182e-02 4.6870376000e+00
W 2.3111794728e-01 6.4280731173e+07 1.9454268977e-02 5.2921581306e+00
W 2.3111794728e-01 8.1113083079e+07 2.0082405308e-02 5.9754028171e+00
W 2.3111794728e-01 1.0235310219e+08 2.0735020226e-02 6.7468578877e+00
W 2.3111794728e-01 1.2915496650e+08 2.1413187084e-02 7.6179117543e+00
W 2.3111794728e-01 1.6297508346e+08 2.2118027951e-02 8.6014231310e+00
W 2.3111794728e-01 2.0565123083e+08 2.2850713312e-02 9.7119108575e+00
W 2.3111794728e-01 2.5950242114e+08 2.3612465849e-02 1.0965768230e+01
W 2.3111794728e-01 3.2745491629e+08 2.4404560005e-02 1.2381505004e+01
W 2.3111794728e-01 4.1320124001e+08 2.5228323255e-02 1.3980020637e+01
W 2.3111794728e-01 5.2140082880e+08 2.6798587004e-02 1.5999321391e+01
W 2.3111794728e-01 6.5793322466e+08 2.7714267564e-02 1.8064915626e+01
W 2.3111794728e-01 8.3021756813e+08 2.8666911565e-02 2.0397188644e+01
W 2.3111794728e-01 1.0476157528e+09 2.9658106885e-02 2.3030570039e+01
W 2.3111794728e-01 1.3219411485e+09 3.0689495362e-02 2.6003934443e+01
W 2.3111794728e-01 1.6681005372e+09 3.1762773965e-02 2.9361175402e+01
W 2.3111794728e-01 2.1049041445e+09 3.2879687836e-02 3.3151853343e+01
W 2.3111794728e-01 2.6560877829e+09 3.4042031214e-02 3.7431927196e+01
W 2.3111794728e-01 3.3516026509e+09 3.5251640699e-02 4.2264580479e+01
W 2.3111794728e-01 4.2292428744e+09 3.6510387568e-02 4.7721154022e+01
W 2.3111794728e-01 5.3366992312e+09 3.7820175054e-02 5.3882199122e+01
W 2.3111794728e-01 6.7341506578e+09 4.0254605502e-02 6.1665046383e+01
W 2.3111794728e-01 8.4975343591e+09 4.1711014573e-02 6.9626319316e+01
W 2.3111794728e-01 1.0722672220e+10 4.3225786526e-02 7.8615433311e+01
W 2.3111794728e-01 1.3530477746e+10 4.4800866530e-02 8.8765087906e+01
W 2.3111794728e-01 1.7073526475e+10 4.6438154786e-02 1.0022511483e+02
W 2.3111794728e-01 2.1544346900e+10 4.8139473884e-02 1.1316468985e+02
W 2.3111794728e-01 2.7185882427e+10 4.9906541166e-02 1.2777483020e+02
W 2.3111794728e-01 3.4304692863e+10 5.1740926904e-02 1.4427121441e+02
W 2.3111794728e-01 4.3287612811e+10 5.3644016893e-02 1.6289736620e+02
W 2.3111794728e-01 5.4622772177e+10 5.7138111655e-02 1.8642657141e+02
W 2.3111794728e-01 6.8926121044e+10 5.9237609289e-02 2.1049519544e+02
W 2.3111794728e-01 8.6974900262e+10 6.1410182907e-02 2.3767120195e+02
W 2.3111794728e-01 1.0974987655e+11 6.3655815174e-02 2.6835576992e+02
W 2.3111794728e-01 1.3848863714e+11 6.5973919550e-02 3.0300187259e+02
W 2.3111794728e-01 1.7475284000e+11 6.8363196208e-02 3.4212096433e+02
W 2.3111794728e-01 2.2051307399e+11 7.0821510645e-02 3.8629053094e+02
W 2.3111794728e-01 2.7825594022e+11 7.5351785032e-02 4.4208706948e+02
W 2.3111794728e-01 3.5111917342e+11 7.8008289803e-02 4.9916277164e+02
W 2.3111794728e-01 4.4306214576e+11 8.0722160039e-02 5.6360723890e+02
W 2.3111794728e-01 5.5908101825e+11 8.3485815486e-02 6.3637181656e+02
W 2.3111794728e-01 7.0548023107e+11 8.6289698845e-02 7.1853067342e+02
W 2.3111794728e-01 8.9021508545e+11 8.9121953036e-02 8.1129665897e+02
W 2.3111794728e-01 1.1233240330e+12 9.1968059597e-02 9.1603920781e+02
W 2.3111794728e-01 1.4174741629e+12 9.7403574921e-02 1.0483536522e+03
W 2.3111794728e-01 1.7886495291e+12 1.0029819758e-01 1.1837014715e+03
W 2.3111794728e-01 2.2570197196e+12 1.0314156728e-01 1.3365233867e+03
W 2.3111794728e-01 2.8480358684e+12 1.0590331002e-01 1.5090753928e+03
W 2.3111794728e-01 3.5938136638e+12 1.0854789278e-01 1.7039047457e+03
W 2.3111794728e-01 4.5348785081e+12 1.1407094852e-01 1.9500199859e+03
W 2.3111794728e-01 5.7223676594e+12 1.1641366268e-01 2.2017775413e+03
W 2.3111794728e-01 7.2208090184e+12 1.1848931880e-01 2.4860382850e+03
W 2.3111794728e-01 9.1116275612e+12 1.2023517506e-01 2.8069985449e+03
W 2.3111794728e-01 1.1497569954e+13 1.2158123032e-01 3.1693964161e+03
W 2.3111794728e-01 1.4508287785e+13 1.2579956224e-01 3.6271900589e+03
W 2.3111794728e-01 1.8307382803e+13 1.2611701403e-01 4.0954788502e+03
W 2.3111794728e-01 2.3101297001e+13 1.2576811431e-01 4.6242261201e+03
W 2.3111794728e-01 2.9150530628e+13 1.2465913919e-01 5.2212373672e+03
W 2.3111794728e-01 3.6783797718e+13 1.2269680029e-01 5.8953258204e+03
W 2.3111794728e-01 4.6415888336e+13 1.2306938000e-01 6.7468578877e+03
W 2.3111794728e-01 5.8570208181e+13 1.1904002969e-01 7.6179117543e+03
W 2.3111794728e-01 7.3907220335e+13 1.1390575138e-01 8.6014231310e+03
W 2.3111794728e-01 9.3260334688e+13 1.0763762221e-01 9.7119108575e+03
W 2.3111794728e-01 1.1768119524e+14 1.0298986495e-01 1.1114717722e+04
W 2.3111794728e-01 1.4849682623e+14 9.4313384140e-02 1.2549684637e+04
W 2.3111794728e-01 1.8738174229e+14 8.4685771060e-02 1.4169913121e+04
W 2.3111794728e-01 2.3644894126e+14 7.4315203091e-02 1.5999321391e+04
W 2.3111794728e-01 2.9836472403e+14 6.5223242359e-02 1.8310293784e+04
W 2.3111794728e-01 3.7649358068e+14 5.3993842224e-02 2.0674246377e+04
W 2.3111794728e-01 4.7508101621e+14 4.3076275111e-02 2.3343397343e+04
W 2.3111794728e-01 5.9948425032e+14 3.2901562460e-02 2.6357149352e+04
W 2.3111794728e-01 7.5646332755e+14 2.4523233440e-02 3.0164226104e+04
W 2.3111794728e-01 9.5454845666e+14 1.6744580382e-02 3.4058581998e+04
W 2.3111794728e-01 1.2045035403e+15 1.0641576971e-02 3.8455719160e+04
W 2.3111794728e-01 1.5199110830e+15 6.3769851031e-03 4.4010336332e+04
W 2.3111794728e-01 1.9179102617e+15 3.3548857371e-03 4.9692295885e+04
W 2.3111794728e-01 2.4201282648e+15 1.5597318565e-03 5.6107825483e+04
W 2.3111794728e-01 3.0538555088e+15 6.2632671746e-04 6.3351632771e+04
W 2.3111794728e-01 3.8535285937e+15 2.1722948471e-04 7.2502263027e+04
W 2.3111794728e-01 4.8626015801e+15 5.9506536196e-05 8.1862676067e+04
W 2.3111794728e-01 6.1359072734e+15 1.2596043410e-05 9.2431566313e+04
W 2.3111794728e-01 7.7426368268e+15 1.9830796118e-06 1.0578255744e+05
W 2.3111794728e-01 9.7700995730e+15 2.0283477212e-07 1.1943962674e+05
W 2.3111794728e-01 1.2328467394e+16 1.2587908862e-08 1.3485989354e+05
W 2.3111794728e-01 1.5556761439e+16 4.3718055232e-10 1.5433931290e+05
W 2.3111794728e-01 1.9630406500e+16 7.1300584961e-12 1.7426530772e+05
W 2.3111794728e-01 2.4770763560e+16 5.0096550886e-14 1.9943652001e+05
W 2.3111794728e-01 3.1257158497e+16 1.2135834992e-16 2.2518479495e+05
W 2.3111794728e-01 3.9442060594e+16 8.4260640193e-20 2.5425730390e+05
W 2.3111794728e-01 4.9770235643e+16 1.3106021018e-23 2.9098271217e+05
W 2.3111794728e-01 6.2802914418e+16 3.0257906760e-28 3.2855006882e+05
W 2.3111794728e-01 7.9248289835e+16 6.6605904286e-34 3.7096756339e+05
W 2.3111794728e-01 1.0000000000e+17 7.7580336106e-41 4.2455082339e+05
W 2.4782270128e-01 1.2618568831e+07 1.6711987791e-02 2.2316845792e+00
W 2.4782270128e-01 1.5922827933e+07 1.7227436408e-02 2.5198064745e+00
W 2.4782270128e-01 2.0092330026e+07 1.7762247636e-02 2.8451263804e+00
W 2.4782270128e-01 2.5353644940e+07 1.8317256477e-02 3.2124467502e+00
W 2.4782270128e-01 3.1992671378e+07 1.8893336658e-02 3.6271900589e+00
W 2.4782270128e-01 4.0370172586e+07 1.9491402418e-02 4.0954788502e+00
W 2.4782270128e-01 5.0941380148e+07 2.0112410135e-02 4.6242261201e+00
W 2.4782270128e-01 6.4280731173e+07 2.0757358690e-02 5.2212373672e+00
W 2.4782270128e-01 8.1113083079e+07 2.1427293060e-02 5.8953258204e+00
W 2.4782270128e-01 1.0235310219e+08 2.2123304646e-02 6.6564425412e+00
W 2.4782270128e-01 1.2915496650e+08 2.3471403969e-02 7.6179117543e+00
W 2.4782270128e-01 1.6297508346e+08 2.4243600085e-02 8.6014231310e+00
W 2.4782270128e-01 2.0565123083e+08 2.5046259022e-02 9.7119108575e+00
W 2.4782270128e-01 2.5950242114e+08 2.5880713886e-02 1.0965768230e+01
W 2.4782270128e-01 3.2745491629e+08 2.6748353669e-02 1.2381505004e+01
W 2.4782270128e-01 4.1320124001e+08 2.7650624530e-02 1.3980020637e+01
W 2.4782270128e-01 5.2140082880e+08 2.8589032232e-02 1.5784912815e+01
W 2.4782270128e-01 6.5793322466e+08 2.9565139217e-02 1.7822825807e+01
W 2.4782270128e-01 8.3021756813e+08 3.0580568126e-02 2.0123843791e+01
W 2.4782270128e-01 1.0476157528e+09 3.1636999040e-02 2.2721934967e+01
W 2.4782270128e-01 1.3219411485e+09 3.2736167890e-02 2.5655453004e+01
W 2.4782270128e-01 1.6681005372e+09 3.4806507892e-02 2.9361175402e+01
W 2.4782270128e-01 2.1049041445e+09 3.6029129668e-02 3.3151853343e+01
W 2.4782270128e-01 2.6560877829e+09 3.7301336265e-02 3.7431927196e+01
W 2.4782270128e-01 3.3516026509e+09 3.8625114981e-02 4.2264580479e+01
W 2.4782270128e-01 4.2292428744e+09 4.0002487931e-02 4.7721154022e+01
W 2.4782270128e-01 5.3366992312e+09 4.1435508656e-02 5.3882199122e+01
W 2.4782270128e-01 6.7341506578e+09 4.2926244269e-02 6.0838666662e+01
W 2.4782270128e-01 8.4975343591e+09 4.4476767168e-02 6.8693249746e+01
W 2.4782270128e-01 1.0722672220e+10 4.6089136477e-02 7.7561899686e+01
W 2.4782270128e-01 1.3530477746e+10 4.7765375414e-02 8.7575537700e+01
W 2.4782270128e-01 1.7073526475e+10 5.0861519567e-02 1.0022511483e+02
W 2.4782270128e-01 2.1544346900e+10 5.2720813099e-02 1.1316468985e+02
W 2.4782270128e-01 2.7185882427e+10 5.4651481931e-02 1.2777483020e+02
W 2.4782270128e-01 3.4304692863e+10 5.6655161608e-02 1.4427121441e+02
W 2.4782270128e-01 4.3287612811e+10 5.8733274876e-02 1.6289736620e+02
W 2.4782270128e-01 5.4622772177e+10 6.0886957000e-02 1.8392824948e+02
W 2.4782270128e-01 6.8926121044e+10 6.3117003366e-02 2.0767432736e+02
W 2.4782270128e-01 8.6974900262e+10 6.5423777250e-02 2.3448614538e+02
W 2.4782270128e-01 1.0974987655e+11 6.9661684168e-02 2.6835576992e+02
W 2.4782270128e-01 1.3848863714e+11 7.2188032732e-02 3.0300187259e+02
W 2.4782270128e-01 1.7475284000e+11 7.4790592887e-02 3.4212096433e+02
W 2.4782270128e-01 2.2051307399e+11 7.7466806527e-02 3.8629053094e+02
W 2.4782270128e-01 2.7825594022e+11 8.0212989103e-02 4.3616261454e+02
W 2.4782270128e-01 3.5111917342e+11 8.3024125859e-02 4.9247343925e+02
W 2.4782270128e-01 4.4306214576e+11 8.5893636715e-02 5.5605427949e+02
W 2.4782270128e-01 5.5908101825e+11 9.1242212023e-02 6.3637181656e+02
W 2.4782270128e-01 7.0548023107e+11 9.4282008495e-02 7.1853067342e+02
W 2.4782270128e-01 8.9021508545e+11 9.7348882976e-02 8.1129665897e+02
W 2.4782270128e-01 1.1233240330e+12 1.0042648525e-01 9.1603920781e+02
W 2.4782270128e-01 1.4174741629e+12 1.0349507595e-01 1.0343045555e+03
W 2.4782270128e-01 1.7886495291e+12 1.0653104570e-01 1.1678385646e+03
W 2.4782270128e-01 2.2570197196e+12 1.1250148045e-01 1.3365233867e+03
W 2.4782270128e-01 2.8480358684e+12 1.1546209612e-01 1.5090753928e+03
W 2.4782270128e-01 3.5938136638e+12 1.1828711064e-01 1.7039047457e+03
W 2.4782270128e-01 4.5348785081e+12 1.2093081072e-01 1.9238875646e+03
W 2.4782270128e-01 5.7223676594e+12 1.2334072457e-01 2.1722712908e+03
W 2.4782270128e-01 7.2208090184e+12 1.2545717703e-01 2.4527226266e+03
W 2.4782270128e-01 9.1116275612e+12 1.3069237361e-01 2.8069985449e+03
W 2.4782270128e-01 1.1497569954e+13 1.3204898061e-01 3.1693964161e+03
W 2.4782270128e-01 1.4508287785e+13 1.3287419023e-01 3.5785817064e+03
W 2.4782270128e-01 1.8307382803e+13 1.3307729429e-01 4.0405949108e+03
W 2.4782270128e-01 2.3101297001e+13 1.3256261708e-01 4.5622563833e+03
W 2.4782270128e-01 2.9150530628e+13 1.3482134197e-01 5.2212373672e+03
W 2.4782270128e-01 3.6783797718e+13 1.3251669318e-01 5.8953258204e+03
W 2.4782270128e-01 4.6415888336e+13 1.2918152878e-01 6.6564425412e+03
W 2.4782270128e-01 5.8570208181e+13 1.2473669395e-01 7.5158233240e+03
W 2.4782270128e-01 7.3907220335e+13 1.2238375735e-01 8.6014231310e+03
W 2.4782270128e-01 9.3260334688e+13 1.1539692712e-01 9.7119108575e+03
W 2.4782270128e-01 1.1768119524e+14 1.0721015492e-01 1.0965768230e+04
W 2.4782270128e-01 1.4849682623e+14 9.7904863154e-02 1.2381505004e+04
W 2.4782270128e-01 1.8738174229e+14 9.0030009654e-02 1.4169913121e+04
W 2.4782270128e-01 2.3644894126e+14 7.8721553154e-02 1.5999321391e+04
W 2.4782270128e-01 2.9836472403e+14 6.6976178957e-02 1.8064915626e+04
W 2.4782270128e-01 3.7649358068e+14 5.5185960155e-02 2.0397188644e+04
W 2.4782270128e-01 4.7508101621e+14 4.4989432195e-02 2.3343397343e+04
W 2.4782270128e-01 5.9948425032e+14 3.4151521270e-02 2.6357149352e+04
W 2.4782270128e-01 7.5646332755e+14 2.4601687527e-02 2.9759992163e+04
W 2.4782270128e-01 9.5454845666e+14 1.6660662246e-02 3.3602159387e+04
W 2.4782270128e-01 1.2045035403e+15 1.0774655618e-02 3.8455719160e+04
W 2.4782270128e-01 1.5199110830e+15 6.2155035942e-03 4.3420549222e+04
W 2.4782270128e-01 1.9179102617e+15 3.2278476260e-03 4.9026364243e+04
W 2.4782270128e-01 2.4201282648e+15 1.5185160257e-03 5.6107825483e+04
W 2.4782270128e-01 3.0538555088e+15 5.9903031975e-04 6.3351632771e+04
W 2.4782270128e-01 3.8535285937e+15 1.9804689756e-04 7.1530652635e+04
W 2.4782270128e-01 4.8626015801e+15 5.4375561800e-05 8.1862676067e+04
W 2.4782270128e-01 6.1359072734e+15 1.1176574895e-05 9.2431566313e+04
W 2.4782270128e-01 7.7426368268e+15 1.6534778813e-06 1.0436495435e+05
W 2.4782270128e-01 9.7700995730e+15 1.6652476779e-07 1.1943962674e+05
W 2.4782270128e-01 1.2328467394e+16 9.8172775689e-09 1.3485989354e+05
W 2.4782270128e-01 1.5556761439e+16 3.1189221055e-10 1.5227099567e+05
W 2.4782270128e-01 1.9630406500e+16 4.8480972833e-12 1.7426530772e+05
W 2.4782270128e-01 2.4770763560e+16 3.0289033187e-14 1.9676385039e+05
W 2.4782270128e-01 3.1257158497e+16 6.5803754867e-17 2.2216707001e+05
W 2.4782270128e-01 3.9442060594e+16 4.1168084513e-20 2.5425730390e+05
W 2.4782270128e-01 4.9770235643e+16 5.3202107470e-24 2.8708322248e+05
W 2.4782270128e-01 6.2802914418e+16 1.0138318925e-28 3.2414713507e+05
W 2.4782270128e-01 7.9248289835e+16 1.8147579021e-34 3.7096756339e+05
W 2.4782270128e-01 1.0000000000e+17 1.5446361357e-41 4.1886137350e+05
W 2.6573484229e-01 1.2618568831e+07 1.7852333158e-02 2.2017775413e+00
W 2.6573484229e-01 1.5922827933e+07 1.8402804996e-02 2.4860382850e+00
W 2.6573484229e-01 2.0092330026e+07 1.8973937735e-02 2.8069985449e+00
W 2.6573484229e-01 2.5353644940e+07 1.9566620611e-02 3.1693964161e+00
W 2.6573484229e-01 3.1992671378e+07 2.0181783907e-02 3.5785817064e+00
W 2.6573484229e-01 4.0370172586e+07 2.0820400832e-02 4.0405949108e+00
W 2.6573484229e-01 5.0941380148e+07 2.1483489214e-02 4.5622563833e+00
W 2.6573484229e-01 6.4280731173e+07 2.2172111847e-02 5.1512670205e+00
W 2.6573484229e-01 8.1113083079e+07 2.2887380269e-02 5.8163219439e+00
W 2.6573484229e-01 1.0235310219e+08 2.4276766159e-02 6.6564425412e+00
W 2.6573484229e-01 1.2915496650e+08 2.5069976837e-02 7.5158233240e+00
W 2.6573484229e-01 1.6297508346e+08 2.5894300751e-02 8.4861545621e+00
W 2.6573484229e-01 2.0565123083e+08 2.6751094084e-02 9.5817605267e+00
W 2.6573484229e-01 2.5950242114e+08 2.7641772436e-02 1.0818814826e+01
W 2.6573484229e-01 3.2745491629e+08 2.8567810099e-02 1.2215579163e+01
W 2.6573484229e-01 4.1320124001e+08 2.9530741314e-02 1.3792672921e+01
W 2.6573484229e-01 5.2140082880e+08 3.0532162724e-02 1.5573377552e+01
W 2.6573484229e-01 6.5793322466e+08 3.1573730109e-02 1.7583980259e+01
W 2.6573484229e-01 8.3021756813e+08 3.2657161954e-02 1.9854162060e+01
W 2.6573484229e-01 1.0476157528e+09 3.3784236321e-02 2.2417435945e+01
W 2.6573484229e-01 1.3219411485e+09 3.5912883945e-02 2.5655453004e+01
W 2.6573484229e-01 1.6681005372e+09 3.7166174863e-02 2.8967703227e+01
W 2.6573484229e-01 2.1049041445e+09 3.8470131311e-02 3.2707581897e+01
W 2.6573484229e-01 2.6560877829e+09 3.9826802562e-02 3.6930298034e+01
W 2.6573484229e-01 3.3516026509e+09 4.1238281147e-02 4.1698188426e+01
W 2.6573484229e-01 4.2292428744e+09 4.2706693068e-02 4.7081637858e+01
W 2.6573484229e-01 5.3366992312e+09 4.4234193709e-02 5.3160118149e+01
W 2.6573484229e-01 6.7341506578e+09 4.5822948247e-02 6.0023361341e+01
W 2.6573484229e-01 8.4975343591e+09 4.7475122202e-02 6.7772684338e+01
W 2.6573484229e-01 1.0722672220e+10 4.9192860959e-02 7.6522484575e+01
W 2.6573484229e-01 1.3530477746e+10 5.2372559555e-02 8.7575537700e+01
W 2.6573484229e-01 1.7073526475e+10 5.4278401681e-02 9.8881987607e+01
W 2.6573484229e-01 2.1544346900e+10 5.6257832558e-02 1.1164815803e+02
W 2.6573484229e-01 2.7185882427e+10 5.8312692886e-02 1.2606250637e+02
W 2.6573484229e-01 3.4304692863e+10 6.0444630143e-02 1.4233782081e+02
W 2.6573484229e-01 4.3287612811e+10 6.2655052272e-02 1.6071436160e+02
W 2.6573484229e-01 5.4622772177e+10 6.4945046478e-02 1.8146340781e+02
W 2.6573484229e-01 6.8926121044e+10 6.7315321669e-02 2.0489126203e+02
W 2.6573484229e-01 8.6974900262e+10 6.9766108229e-02 2.3134377207e+02
W 2.6573484229e-01 1.0974987655e+11 7.4274426846e-02 2.6475950625e+02
W 2.6573484229e-01 1.3848863714e+11 7.6955856636e-02 2.9894131287e+02
W 2.6573484229e-01 1.7475284000e+11 7.9716596958e-02 3.3753616559e+02
W 2.6573484229e-01 2.2051307399e+11 8.2553663340e-02 3.8111381122e+02
W 2.6573484229e-01 2.7825594022e+11 8.5462840032e-02 4.3031755383e+02
W 2.6573484229e-01 3.5111917342e+11 8.8438460117e-02 4.8587375130e+02
W 2.6573484229e-01 4.4306214576e+11 9.1473152281e-02 5.4860253806e+02
W 2.6573484229e-01 5.5908101825e+11 9.7143771283e-02 6.2784373144e+02
W 2.6573484229e-01 7.0548023107e+11 1.0035158502e-01 7.0890156889e+02
W 2.6573484229e-01 8.9021508545e+11 1.0358368047e-01 8.0042438779e+02
W 2.6573484229e-01 1.1233240330e+12 1.0682209616e-01 9.0376327080e+02
W 2.6573484229e-01 1.4174741629e+12 1.1004521658e-01 1.0204437322e+03
W 2.6573484229e-01 1.7886495291e+12 1.1322726321e-01 1.1521882381e+03
W 2.6573484229e-01 2.2570197196e+12 1.1951967515e-01 1.3186124973e+03
W 2.6573484229e-01 2.8480358684e+12 1.2260496676e-01 1.4888521160e+03
W 2.6573484229e-01 3.5938136638e+12 1.2553721322e-01 1.6810705404e+03
W 2.6573484229e-01 4.5348785081e+12 1.2826702162e-01 1.8981053466e+03
W 2.6573484229e-01 5.7223676594e+12 1.3073784874e-01 2.1431604565e+03
W 2.6573484229e-01 7.2208090184e+12 1.3652009472e-01 2.4527226266e+03
W 2.6573484229e-01 9.1116275612e+12 1.3832070141e-01 2.7693816645e+03
W 2.6573484229e-01 1.1497569954e+13 1.3963352148e-01 3.1269230040e+03
W 2.6573484229e-01 1.4508287785e+13 1.4036906898e-01 3.5306247595e+03
W 2.6573484229e-01 1.8307382803e+13 1.4043133987e-01 3.9864464768e+03
W 2.6573484229e-01 2.3101297001e+13 1.4354108382e-01 4.5622563833e+03
W 2.6573484229e-01 2.9150530628e+13 1.4190947069e-01 5.1512670205e+03
W 2.6573484229e-01 3.6783797718e+13 1.3927448256e-01 5.8163219439e+03
W 2.6573484229e-01 4.6415888336e+13 1.3554144819e-01 6.5672388601e+03
W 2.6573484229e-01 5.8570208181e+13 1.3063161245e-01 7.4151029914e+03
W 2.6573484229e-01 7.3907220335e+13 1.2789664439e-01 8.4861545621e+03
W 2.6573484229e-01 9.3260334688e+13 1.2030816555e-01 9.5817605267e+03
W 2.6573484229e-01 1.1768119524e+14 1.1147287315e-01 1.0818814826e+04
W 2.6573484229e-01 1.4849682623e+14 1.0148845171e-01 1.2215579163e+04
W 2.6573484229e-01 1.8738174229e+14 9.3004003785e-02 1.3980020637e+04
W 2.6573484229e-01 2.3644894126e+14 8.1003699687e-02 1.5784912815e+04
W 2.6573484229e-01 2.9836472403e+14 6.8610434469e-02 1.7822825807e+04
W 2.6573484229e-01 3.7649358068e+14 5.6244428977e-02 2.0123843791e+04
W 2.6573484229e-01 4.7508101621e+14 4.5584622865e-02 2.3030570039e+04
W 2.6573484229e-01 5.9948425032e+14 3.4371232652e-02 2.6003934443e+04
W 2.6573484229e-01 7.5646332755e+14 2.4568644689e-02 2.9361175402e+04
W 2.6573484229e-01 9.5454845666e+14 1.6940772449e-02 3.3602159387e+04
W 2.6573484229e-01 1.2045035403e+15 1.0553815223e-02 3.7940370054e+04
W 2.6573484229e-01 1.5199110830e+15 6.0148694596e-03 4.2838665911e+04
W 2.6573484229e-01 1.9179102617e+15 3.0798201321e-03 4.8369356820e+04
W 2.6573484229e-01 2.4201282648e+15 1.4251086481e-03 5.5355918659e+04
W 2.6573484229e-01 3.0538555088e+15 5.5138293530e-04 6.2502650930e+04
W 2.6573484229e-01 3.8535285937e+15 1.7818317895e-04 7.0572062895e+04
W 2.6573484229e-01 4.8626015801e+15 4.7620891792e-05 8.0765625803e+04
W 2.6573484229e-01 6.1359072734e+15 9.4793150253e-06 9.1192881248e+04
W 2.6573484229e-01 7.7426368268e+15 1.3495148118e-06 1.0296634871e+05
W 2.6573484229e-01 9.7700995730e+15 1.2975987040e-07 1.1783900384e+05
W 2.6573484229e-01 1.2328467394e+16 7.2331210160e-09 1.3305262203e+05
W 2.6573484229e-01 1.5556761439e+16 2.1473905185e-10 1.5023039616e+05
W 2.6573484229e-01 1.9630406500e+16 3.0756045560e-12 1.7192996014e+05
W 2.6573484229e-01 2.4770763560e+16 1.7409672177e-14 1.9412699750e+05
W 2.6573484229e-01 3.1257158497e+16 3.3586015833e-17 2.1918978593e+05
W 2.6573484229e-01 3.9442060594e+16 1.8210624991e-20 2.5084997524e+05
W 2.6573484229e-01 4.9770235643e+16 1.9800749479e-24 2.8323599026e+05
W 2.6573484229e-01 6.2802914418e+16 3.1443398172e-29 3.2414713507e+05
W 2.6573484229e-01 7.9248289835e+16 4.2451292261e-35 3.6599618837e+05
W 2.6573484229e-01 1.0000000000e+17 2.6427998765e-42 4.1324816853e+05
W 2.8494163788e-01 1.2618568831e+07 1.8583791554e-02 2.1431604565e+00
W 2.8494163788e-01 1.5922827933e+07 1.9156644691e-02 2.4198534347e+00
W 2.8494163788e-01 2.0092330026e+07 2.0291183321e-02 2.7693816645e+00
W 2.8494163788e-01 2.5353644940e+07 2.0924789335e-02 3.1269230040e+00
W 2.8494163788e-01 3.1992671378e+07 2.1582402966e-02 3.5306247595e+00
W 2.8494163788e-01 4.0370172586e+07 2.2265060995e-02 3.9864464768e+00
W 2.8494163788e-01 5.0941380148e+07 2.2973847459e-02 4.5011171095e+00
W 2.8494163788e-01 6.4280731173e+07 2.3709893965e-02 5.0822343536e+00
W 2.8494163788e-01 8.1113083079e+07 2.4474383677e-02 5.7383768066e+00
W 2.8494163788e-01 1.0235310219e+08 2.5268551556e-02 6.4792306068e+00
W 2.8494163788e-01 1.2915496650e+08 2.6093687019e-02 7.3157324225e+00
W 2.8494163788e-01 1.6297508346e+08 2.6951136639e-02 8.2602309016e+00
W 2.8494163788e-01 2.0565123083e+08 2.7842303519e-02 9.3266689659e+00
W 2.8494163788e-01 2.5950242114e+08 2.8768651587e-02 1.0530789640e+01
W 2.8494163788e-01 3.2745491629e+08 3.0544889697e-02 1.2051876912e+01
W 2.8494163788e-01 4.1320124001e+08 3.1573620444e-02 1.3607835872e+01
W 2.8494163788e-01 5.2140082880e+08 3.2643382175e-02 1.5364677094e+01
W 2.8494163788e-01 6.5793322466e+08 3.3755930102e-02 1.7348335504e+01
W 2.8494163788e-01 8.3021756813e+08 3.4913084643e-02 1.9588094363e+01
W 2.8494163788e-01 1.0476157528e+09 3.6116727836e-02 2.2117017547e+01
W 2.8494163788e-01 1.3219411485e+09 3.7368801022e-02 2.4972437651e+01
W 2.8494163788e-01 1.6681005372e+09 3.8671305467e-02 2.8196507098e+01
W 2.8494163788e-01 2.1049041445e+09 4.0026292985e-02 3.1836820402e+01
W 2.8494163788e-01 2.6560877829e+09 4.1435866028e-02 3.5947116777e+01
W 2.8494163788e-01 3.3516026509e+09 4.4075575588e-02 4.1139386652e+01
W 2.8494163788e-01 4.2292428744e+09 4.5642497064e-02 4.6450691916e+01
W 2.8494163788e-01 5.3366992312e+09 4.7272193596e-02 5.2447713859e+01
W 2.8494163788e-01 6.7341506578e+09 4.8966930565e-02 5.9218982013e+01
W 2.8494163788e-01 8.4975343591e+09 5.0728967551e-02 6.6864455523e+01
W 2.8494163788e-01 1.0722672220e+10 5.2560535682e-02 7.5496998774e+01
W 2.8494163788e-01 1.3530477746e+10 5.4463810135e-02 8.5244047518e+01
W 2.8494163788e-01 1.7073526475e+10 5.6440887037e-02 9.6249490116e+01
W 2.8494163788e-01 2.1544346900e+10 5.8493740769e-02 1.0867579165e+02
W 2.8494163788e-01 2.7185882427e+10 6.0624186924e-02 1.2270639228e+02
W 2.8494163788e-01 3.4304692863e+10 6.4552381115e-02 1.4043033682e+02
W 2.8494163788e-01 4.3287612811e+10 6.6905193526e-02 1.5856061167e+02
W 2.8494163788e-01 5.4622772177e+10 6.9341759151e-02 1.7903159775e+02
W 2.8494163788e-01 6.8926121044e+10 7.1862672771e-02 2.0214549285e+02
W 2.8494163788e-01 8.6974900262e+10 7.4467997899e-02 2.2824351004e+02
W 2.8494163788e-01 1.0974987655e+11 7.7157146042e-02 2.5771091476e+02
W 2.8494163788e-01 1.3848863714e+11 7.9928768058e-02 2.9098271217e+02
W 2.8494163788e-01 1.7475284000e+11 8.5044684160e-02 3.3301280821e+02
W 2.8494163788e-01 2.2051307399e+11 8.8053379299e-02 3.7600646527e+02
W 2.8494163788e-01 2.7825594022e+11 9.1136135333e-02 4.2455082339e+02
W 2.8494163788e-01 3.5111917342e+11 9.4286534630e-02 4.7936250646e+02
W 2.8494163788e-01 4.4306214576e+11 9.7496300232e-02 5.4125065821e+02
W 2.8494163788e-01 5.5908101825e+11 1.0075498267e-01 6.1112888693e+02
W 2.8494163788e-01 7.0548023107e+11 1.0404960925e-01 6.9002875244e+02
W 2.8494163788e-01 8.9021508545e+11 1.1030078495e-01 7.8969781705e+02
W 2.8494163788e-01 1.1233240330e+12 1.1370695187e-01 8.9165184490e+02
W 2.8494163788e-01 1.4174741629e+12 1.1709022883e-01 1.0067686593e+03
W 2.8494163788e-01 1.7886495291e+12 1.2042241561e-01 1.1367476433e+03
W 2.8494163788e-01 2.2570197196e+12 1.2367025552e-01 1.2835075790e+03
W 2.8494163788e-01 2.8480358684e+12 1.2679483679e-01 1.4492149732e+03
W 2.8494163788e-01 3.5938136638e+12 1.3329977753e-01 1.6585423386e+03
W 2.8494163788e-01 4.5348785081e+12 1.3611031160e-01 1.8726686388e+03
W 2.8494163788e-01 5.7223676594e+12 1.3863338322e-01 2.1144397396e+03
W 2.8494163788e-01 7.2208090184e+12 1.4080003896e-01 2.3874247263e+03
W 2.8494163788e-01 9.1116275612e+12 1.4253316928e-01 2.6956534713e+03
W 2.8494163788e-01 1.1497569954e+13 1.4767924023e-01 3.0850187826e+03
W 2.8494163788e-01 1.4508287785e+13 1.4829894127e-01 3.4833104887e+03
W 2.8494163788e-01 1.8307382803e+13 1.4818913626e-01 3.9330236916e+03
W 2.8494163788e-01 2.3101297001e+13 1.4724401610e-01 4.4407971694e+03
W 2.8494163788e-01 2.9150530628e+13 1.4535673399e-01 5.0141268007e+03
W 2.8494163788e-01 3.6783797718e+13 1.4631944709e-01 5.7383768066e+03
W 2.8494163788e-01 4.6415888336e+13 1.4213661531e-01 6.4792306068e+03
W 2.8494163788e-01 5.8570208181e+13 1.3670643956e-01 7.3157324225e+03
W 2.8494163788e-01 7.3907220335e+13 1.2998031310e-01 8.2602309016e+03
W 2.8494163788e-01 9.3260334688e+13 1.2528593180e-01 9.4533543540e+03
W 2.8494163788e-01 1.1768119524e+14 1.1574469603e-01 1.0673830759e+04
W 2.8494163788e-01 1.4849682623e+14 1.0502817307e-01 1.2051876912e+04
W 2.8494163788e-01 1.8738174229e+14 9.3333159502e-02 1.3607835872e+04
W 2.8494163788e-01 2.3644894126e+14 8.0942957529e-02 1.5364677094e+04
W 2.8494163788e-01 2.9836472403e+14 7.0091098463e-02 1.7583980259e+04
W 2.8494163788e-01 3.7649358068e+14 5.7138512767e-02 1.9854162060e+04
W 2.8494163788e-01 4.7508101621e+14 4.4789044173e-02 2.2417435945e+04
W 2.8494163788e-01 5.9948425032e+14 3.4440970863e-02 2.5655453004e+04
W 2.8494163788e-01 7.5646332755e+14 2.4410834579e-02 2.8967703227e+04
W 2.8494163788e-01 9.5454845666e+14 1.6224203717e-02 3.2707581897e+04
W 2.8494163788e-01 1.2045035403e+15 9.9932783473e-03 3.6930298034e+04
W 2.8494163788e-01 1.5199110830e+15 5.7743571714e-03 4.2264580479e+04
W 2.8494163788e-01 1.9179102617e+15 2.9113915078e-03 4.7721154022e+04
W 2.8494163788e-01 2.4201282648e+15 1.2878342198e-03 5.3882199122e+04
W 2.8494163788e-01 3.0538555088e+15 5.0117012561e-04 6.1665046383e+04
W 2.8494163788e-01 3.8535285937e+15 1.5797257460e-04 6.9626319316e+04
W 2.8494163788e-01 4.8626015801e+15 3.9903639529e-05 7.8615433311e+04
W 2.8494163788e-01 6.1359072734e+15 7.8796089422e-06 8.9970795930e+04
W 2.8494163788e-01 7.7426368268e+15 1.0756770867e-06 1.0158648593e+05
W 2.8494163788e-01 9.7700995730e+15 9.5710276202e-08 1.1470182092e+05
W 2.8494163788e-01 1.2328467394e+16 5.1558372987e-09 1.3126956996e+05
W 2.8494163788e-01 1.5556761439e+16 1.4215132968e-10 1.4821714295e+05
W 2.8494163788e-01 1.9630406500e+16 1.8123265378e-12 1.6735273430e+05
W 2.8494163788e-01 2.4770763560e+16 9.4628481590e-15 1.9152548135e+05
W 2.8494163788e-01 3.1257158497e+16 1.6034274827e-17 2.1625240073e+05
W 2.8494163788e-01 3.9442060594e+16 7.2383719936e-21 2.4417169190e+05
W 2.8494163788e-01 4.9770235643e+16 6.6959143627e-25 2.7944031520e+05
W 2.8494163788e-01 6.2802914418e+16 8.2352107019e-30 3.1551748936e+05
W 2.8494163788e-01 7.9248289835e+16 8.4155308553e-36 3.5625241125e+05
W 2.8494163788e-01 1.0000000000e+17 3.8251978959e-43 4.0771018670e+05
W 3.0553666316e-01 1.2618568831e+07 1.9367499169e-02 2.0861039120e+00
W 3.0553666316e-01 1.5922827933e+07 1.9964308283e-02 2.3554305985e+00
W 3.0553666316e-01 2.0092330026e+07 2.0583473882e-02 2.6595287378e+00
W 3.0553666316e-01 2.5353644940e+07 2.1806499931e-02 3.0436761240e+00
W 3.0553666316e-01 3.1992671378e+07 2.2491533095e-02 3.4366302814e+00
W 3.0553666316e-01 4.0370172586e+07 2.3202623097e-02 3.8803168307e+00
W 3.0553666316e-01 5.0941380148e+07 2.3940894560e-02 4.3812855831e+00
W 3.0553666316e-01 6.4280731173e+07 2.4707521098e-02 4.9469319642e+00
W 3.0553666316e-01 8.1113083079e+07 2.5503729392e-02 5.5856061867e+00
W 3.0553666316e-01 1.0235310219e+08 2.6330799370e-02 6.3067365184e+00
W 3.0553666316e-01 1.2915496650e+08 2.7190066885e-02 7.1209684648e+00
W 3.0553666316e-01 1.6297508346e+08 2.8082926437e-02 8.0403219206e+00
W 3.0553666316e-01 2.0565123083e+08 2.9010830401e-02 9.0783686106e+00
W 3.0553666316e-01 2.5950242114e+08 2.9975293383e-02 1.0250432438e+01
W 3.0553666316e-01 3.2745491629e+08 3.1825160302e-02 1.1731024384e+01
W 3.0553666316e-01 4.1320124001e+08 3.2896040598e-02 1.3245559641e+01
W 3.0553666316e-01 5.2140082880e+08 3.4009530747e-02 1.4955629148e+01
W 3.0553666316e-01 6.5793322466e+08 3.5167442224e-02 1.6886477376e+01
W 3.0553666316e-01 8.3021756813e+08 3.6371652337e-02 1.9066607988e+01
W 3.0553666316e-01 1.0476157528e+09 3.7624100240e-02 2.1528204613e+01
W 3.0553666316e-01 1.3219411485e+09 3.8926784220e-02 2.4307605956e+01
W 3.0553666316e-01 1.6681005372e+09 4.0281762015e-02 2.7445842229e+01
W 3.0553666316e-01 2.1049041445e+09 4.1691140671e-02 3.0989240860e+01
W 3.0553666316e-01 2.6560877829e+09 4.3157076220e-02 3.4990110379e+01
W 3.0553666316e-01 3.3516026509e+09 4.4681763456e-02 3.9507512620e+01
W 3.0553666316e-01 4.2292428744e+09 4.7532873907e-02 4.5214052838e+01
W 3.0553666316e-01 5.3366992312e+09 4.9226849930e-02 5.1051418350e+01
W 3.0553666316e-01 6.7341506578e+09 5.0988075921e-02 5.7642417611e+01
W 3.0553666316e-01 8.4975343591e+09 5.2818842694e-02 6.5084348593e+01
W 3.0553666316e-01 1.0722672220e+10 5.4721403570e-02 7.3487070933e+01
W 3.0553666316e-01 1.3530477746e+10 5.6697944768e-02 8.2974627711e+01
W 3.0553666316e-01 1.7073526475e+10 5.8750560235e-02 9.3687076602e+01
W 3.0553666316e-01 2.1544346900e+10 6.0881205981e-02 1.0578255744e+02
W 3.0553666316e-01 2.7185882427e+10 6.3091660128e-02 1.1943962674e+02
W 3.0553666316e-01 3.4304692863e+10 6.7171752472e-02 1.3669171345e+02
W 3.0553666316e-01 4.3287612811e+10 6.9611101039e-02 1.5433931290e+02
W 3.0553666316e-01 5.4622772177e+10 7.2136205934e-02 1.7426530772e+02
W 3.0553666316e-01 6.8926121044e+10 7.4747502219e-02 1.9676385039e+02
W 3.0553666316e-01 8.6974900262e+10 7.7444849377e-02 2.2216707001e+02
W 3.0553666316e-01 1.0974987655e+11 8.0227403189e-02 2.5084997524e+02
W 3.0553666316e-01 1.3848863714e+11 8.3093499997e-02 2.8323599026e+02
W 3.0553666316e-01 1.7475284000e+11 8.8393737077e-02 3.2414713507e+02
W 3.0553666316e-01 2.2051307399e+11 9.1500425395e-02 3.6599618837e+02
W 3.0553666316e-01 2.7825594022e+11 9.4680838029e-02 4.1324816853e+02
W 3.0553666316e-01 3.5111917342e+11 9.7927885819e-02 4.6660062104e+02
W 3.0553666316e-01 4.4306214576e+11 1.0123250160e-01 5.2684114810e+02
W 3.0553666316e-01 5.5908101825e+11 1.0458331202e-01 5.9485903535e+02
W 3.0553666316e-01 7.0548023107e+11 1.0796627106e-01 6.7165837980e+02
W 3.0553666316e-01 8.9021508545e+11 1.1441014643e-01 7.6867399286e+02
W 3.0553666316e-01 1.1233240330e+12 1.1789525625e-01 8.6791373747e+02
W 3.0553666316e-01 1.4174741629e+12 1.2134917837e-01 9.7996584076e+02
W 3.0553666316e-01 1.7886495291e+12 1.2474182887e-01 1.1064844438e+03
W 3.0553666316e-01 2.2570197196e+12 1.2803783621e-01 1.2493372457e+03
W 3.0553666316e-01 2.8480358684e+12 1.3119593530e-01 1.4106330750e+03
W 3.0553666316e-01 3.5938136638e+12 1.3783797108e-01 1.6143875977e+03
W 3.0553666316e-01 4.5348785081e+12 1.4064461716e-01 1.8228132949e+03
W 3.0553666316e-01 5.7223676594e+12 1.4314008654e-01 2.0581478158e+03
W 3.0553666316e-01 7.2208090184e+12 1.4525215984e-01 2.3238652272e+03
W 3.0553666316e-01 9.1116275612e+12 1.4690037402e-01 2.6238881157e+03
W 3.0553666316e-01 1.1497569954e+13 1.5204406542e-01 3.0028875026e+03
W 3.0553666316e-01 1.4508287785e+13 1.5250410615e-01 3.3905756404e+03
W 3.0553666316e-01 1.8307382803e+13 1.5219394503e-01 3.8283162999e+03
W 3.0553666316e-01 2.3101297001e+13 1.5100556737e-01 4.3225715179e+03
W 3.0553666316e-01 2.9150530628e+13 1.4883091363e-01 4.8806376128e+03
W 3.0553666316e-01 3.6783797718e+13 1.4954828510e-01 5.5856061867e+03
W 3.0553666316e-01 4.6415888336e+13 1.4498205606e-01 6.3067365184e+03
W 3.0553666316e-01 5.8570208181e+13 1.3912996135e-01 7.1209684648e+03
W 3.0553666316e-01 7.3907220335e+13 1.3195081281e-01 8.0403219206e+03
W 3.0553666316e-01 9.3260334688e+13 1.2682397589e-01 9.2016813019e+03
W 3.0553666316e-01 1.1768119524e+14 1.1679006027e-01 1.0389665429e+04
W 3.0553666316e-01 1.4849682623e+14 1.0559256302e-01 1.1731024384e+04
W 3.0553666316e-01 1.8738174229e+14 9.3449041060e-02 1.3245559641e+04
W 3.0553666316e-01 2.3644894126e+14 8.0664878865e-02 1.4955629148e+04
W 3.0553666316e-01 2.9836472403e+14 6.9478506110e-02 1.7115848650e+04
W 3.0553666316e-01 3.7649358068e+14 5.6294704677e-02 1.9325592266e+04
W 3.0553666316e-01 4.7508101621e+14 4.3820218860e-02 2.1820625087e+04
W 3.0553666316e-01 5.9948425032e+14 3.3426358106e-02 2.4972437651e+04
W 3.0553666316e-01 7.5646332755e+14 2.3473346865e-02 2.8196507098e+04
W 3.0553666316e-01 9.5454845666e+14 1.5435031550e-02 3.1836820402e+04
W 3.0553666316e-01 1.2045035403e+15 9.3899123109e-03 3.5947116777e+04
W 3.0553666316e-01 1.5199110830e+15 5.3479011918e-03 4.1139386652e+04
W 3.0553666316e-01 1.9179102617e+15 2.6512745343e-03 4.6450691916e+04
W 3.0553666316e-01 2.4201282648e+15 1.1498465589e-03 5.2447713859e+04
W 3.0553666316e-01 3.0538555088e+15 4.3723075673e-04 6.0023361341e+04
W 3.0553666316e-01 3.8535285937e+15 1.3411719643e-04 6.7772684338e+04
W 3.0553666316e-01 4.8626015801e+15 3.2805415686e-05 7.6522484575e+04
W 3.0553666316e-01 6.1359072734e+15 6.2347326606e-06 8.7575537700e+04
W 3.0553666316e-01 7.7426368268e+15 8.1297531618e-07 9.8881987607e+04
W 3.0553666316e-01 9.7700995730e+15 6.8445423992e-08 1.1164815803e+05
W 3.0553666316e-01 1.2328467394e+16 3.4486744288e-09 1.2777483020e+05
W 3.0553666316e-01 1.5556761439e+16 8.7696698270e-11 1.4427121441e+05
W 3.0553666316e-01 1.9630406500e+16 1.0140176017e-12 1.6289736620e+05
W 3.0553666316e-01 2.4770763560e+16 4.7063901032e-15 1.8642657141e+05
W 3.0553666316e-01 3.1257158497e+16 6.9205096767e-18 2.1049519544e+05
W 3.0553666316e-01 3.9442060594e+16 2.6337013633e-21 2.3767120195e+05
W 3.0553666316e-01 4.9770235643e+16 1.9825130922e-25 2.7200088213e+05
W 3.0553666316e-01 6.2802914418e+16 1.8992865531e-30 3.0711758742e+05
W 3.0553666316e-01 7.9248289835e+16 1.4315306725e-36 3.4676803901e+05
W 3.0553666316e-01 1.0000000000e+17 4.4798972245e-44 3.9685587370e+05
W 3.2762025665e-01 1.2618568831e+07 1.9669838848e-02 2.0033545305e+00
W 3.2762025665e-01 1.5922827933e+07 2.0275734054e-02 2.2619978484e+00
W 3.2762025665e-01 2.0092330026e+07 2.1476049119e-02 2.5887251173e+00
W 3.2762025665e-01 2.5353644940e+07 2.2146093773e-02 2.9229427725e+00
W 3.2762025665e-01 3.1992671378e+07 2.2841465323e-02 3.3003096366e+00
W 3.2762025665e-01 4.0370172586e+07 2.3563251318e-02 3.7263964933e+00
W 3.2762025665e-01 5.0941380148e+07 2.4312588204e-02 4.2074933428e+00
W 3.2762025665e-01 6.4280731173e+07 2.5090661521e-02 4.7507022567e+00
W 3.2762025665e-01 8.1113083079e+07 2.5898709972e-02 5.3640422201e+00
W 3.2762025665e-01 1.0235310219e+08 2.6738025519e-02 6.0565675103e+00
W 3.2762025665e-01 1.2915496650e+08 2.7609956002e-02 6.8385013580e+00
W 3.2762025665e-01 1.6297508346e+08 2.8515907794e-02 7.7213868654e+00
W 3.2762025665e-01 2.0565123083e+08 2.9457344898e-02 8.7182574082e+00
W 3.2762025665e-01 2.5950242114e+08 3.1268235551e-02 9.9775390799e+00
W 3.2762025665e-01 3.2745491629e+08 3.2313098715e-02 1.1265690415e+01
W 3.2762025665e-01 4.1320124001e+08 3.3399308692e-02 1.2720148677e+01
W 3.2762025665e-01 5.2140082880e+08 3.4528624270e-02 1.4362384940e+01
W 3.2762025665e-01 6.5793322466e+08 3.5702865419e-02 1.6216642306e+01
W 3.2762025665e-01 8.3021756813e+08 3.6923916617e-02 1.8310293784e+01
W 3.2762025665e-01 1.0476157528e+09 3.8193722513e-02 2.0674246377e+01
W 3.2762025665e-01 1.3219411485e+09 3.9514284853e-02 2.3343397343e+01
W 3.2762025665e-01 1.6681005372e+09 4.0887662430e-02 2.6357149352e+01
W 3.2762025665e-01 2.1049041445e+09 4.2315960387e-02 2.9759992163e+01
W 3.2762025665e-01 2.6560877829e+09 4.4999329416e-02 3.4058581998e+01
W 3.2762025665e-01 3.3516026509e+09 4.6586201537e-02 3.8455719160e+01
W 3.2762025665e-01 4.2292428744e+09 4.8236218762e-02 4.3420549222e+01
W 3.2762025665e-01 5.3366992312e+09 4.9951665430e-02 4.9026364243e+01
W 3.2762025665e-01 6.7341506578e+09 5.1734818018e-02 5.5355918659e+01
W 3.2762025665e-01 8.4975343591e+09 5.3587932056e-02 6.2502650930e+01
W 3.2762025665e-01 1.0722672220e+10 5.5513216339e-02 7.0572062895e+01
W 3.2762025665e-01 1.3530477746e+10 5.7512801813e-02 7.9683277224e+01
W 3.2762025665e-01 1.7073526475e+10 5.9588714817e-02 8.9970795930e+01
W 3.2762025665e-01 2.1544346900e+10 6.3431543231e-02 1.0296634871e+02
W 3.2762025665e-01 2.7185882427e+10 6.5726640687e-02 1.1625983105e+02
W 3.2762025665e-01 3.4304692863e+10 6.8105267790e-02 1.3126956996e+02
W 3.2762025665e-01 4.3287612811e+10 7.0568568303e-02 1.4821714295e+02
W 3.2762025665e-01 5.4622772177e+10 7.3117268773e-02 1.6735273430e+02
W 3.2762025665e-01 6.8926121044e+10 7.5751607279e-02 1.8895882839e+02
W 3.2762025665e-01 8.6974900262e+10 7.8471213396e-02 2.1335437975e+02
W 3.2762025665e-01 1.0974987655e+11 8.1274975604e-02 2.4089952158e+02
W 3.2762025665e-01 1.3848863714e+11 8.6462786907e-02 2.7569550638e+02
W 3.2762025665e-01 1.7475284000e+11 8.9508981056e-02 3.1128920656e+02
W 3.2762025665e-01 2.2051307399e+11 9.2632113262e-02 3.5147823552e+02
W 3.2762025665e-01 2.7825594022e+11 9.5826303963e-02 3.9685587370e+02
W 3.2762025665e-01 3.5111917342e+11 9.9083915160e-02 4.4809199709e+02
W 3.2762025665e-01 4.4306214576e+11 1.0239525686e-01 5.0594296612e+02
W 3.2762025665e-01 5.5908101825e+11 1.0574825220e-01 5.7126279118e+02
W 3.2762025665e-01 7.0548023107e+11 1.1211280090e-01 6.5377707459e+02
W 3.2762025665e-01 8.9021508545e+11 1.1559409792e-01 7.3818303930e+02
W 3.2762025665e-01 1.1233240330e+12 1.1906219725e-01 8.3348624582e+02
W 3.2762025665e-01 1.4174741629e+12 1.2249060648e-01 9.4109358382e+02
W 3.2762025665e-01 1.7886495291e+12 1.2584803033e-01 1.0625935796e+03
W 3.2762025665e-01 2.2570197196e+12 1.2909778954e-01 1.1997798464e+03
W 3.2762025665e-01 2.8480358684e+12 1.3581292224e-01 1.3730783280e+03
W 3.2762025665e-01 3.5938136638e+12 1.3879213131e-01 1.5503497641e+03
W 3.2762025665e-01 4.5348785081e+12 1.4150847832e-01 1.7505078494e+03
W 3.2762025665e-01 5.7223676594e+12 1.4389634815e-01 1.9765073674e+03
W 3.2762025665e-01 7.2208090184e+12 1.4588208200e-01 2.2316845792e+03
W 3.2762025665e-01 9.1116275612e+12 1.5141501044e-01 2.5540333419e+03
W 3.2762025665e-01 1.1497569954e+13 1.5236894315e-01 2.8837721114e+03
W 3.2762025665e-01 1.4508287785e+13 1.5263493558e-01 3.2560818428e+03
W 3.2762025665e-01 1.8307382803e+13 1.5210868257e-01 3.6764586650e+03
W 3.2762025665e-01 2.3101297001e+13 1.5068313000e-01 4.1511082855e+03
W 3.2762025665e-01 2.9150530628e+13 1.5230713975e-01 4.7507022567e+03
W 3.2762025665e-01 3.6783797718e+13 1.4867486393e-01 5.3640422201e+03
W 3.2762025665e-01 4.6415888336e+13 1.4381921530e-01 6.0565675103e+03
W 3.2762025665e-01 5.8570208181e+13 1.3767480006e-01 6.8385013580e+03
W 3.2762025665e-01 7.3907220335e+13 1.3021020838e-01 7.7213868654e+03
W 3.2762025665e-01 9.3260334688e+13 1.2476198178e-01 8.8366786611e+03
W 3.2762025665e-01 1.1768119524e+14 1.1448825601e-01 9.9775390799e+03
W 3.2762025665e-01 1.4849682623e+14 1.0310087315e-01 1.1265690415e+04
W 3.2762025665e-01 1.8738174229e+14 9.0833606962e-02 1.2720148677e+04
W 3.2762025665e-01 2.3644894126e+14 8.0140084663e-02 1.4557471130e+04
W 3.2762025665e-01 2.9836472403e+14 6.6797590412e-02 1.6436915121e+04
W 3.2762025665e-01 3.7649358068e+14 5.3762482112e-02 1.8559004946e+04
W 3.2762025665e-01 4.7508101621e+14 4.1530245757e-02 2.0955067422e+04
W 3.2762025665e-01 5.9948425032e+14 3.1402295465e-02 2.3981857192e+04
W 3.2762025665e-01 7.5646332755e+14 2.1829685165e-02 2.7078037634e+04
W 3.2762025665e-01 9.5454845666e+14 1.4187118134e-02 3.0573950809e+04
W 3.2762025665e-01 1.2045035403e+15 8.7471998908e-03 3.4990110379e+04
W 3.2762025665e-01 1.5199110830e+15 4.7731816779e-03 3.9507512620e+04
W 3.2762025665e-01 1.9179102617e+15 2.3230813517e-03 4.4608134598e+04
W 3.2762025665e-01 2.4201282648e+15 9.8598169329e-04 5.0367272966e+04
W 3.2762025665e-01 3.0538555088e+15 3.6554388695e-04 5.7642417611e+04
W 3.2762025665e-01 3.8535285937e+15 1.0883750085e-04 6.5084348593e+04
W 3.2762025665e-01 4.8626015801e+15 2.5701361124e-05 7.3487070933e+04
W 3.2762025665e-01 6.1359072734e+15 4.6843103035e-06 8.4101683142e+04
W 3.2762025665e-01 7.7426368268e+15 5.8091763387e-07 9.4959640655e+04
W 3.2762025665e-01 9.7700995730e+15 4.6037793961e-08 1.0721941603e+05
W 3.2762025665e-01 1.2328467394e+16 2.1560544896e-09 1.2270639228e+05
W 3.2762025665e-01 1.5556761439e+16 5.0184334663e-11 1.3854841522e+05
W 3.2762025665e-01 1.9630406500e+16 5.2145736176e-13 1.5643572437e+05
W 3.2762025665e-01 2.4770763560e+16 2.1276994312e-15 1.7903159775e+05
W 3.2762025665e-01 3.1257158497e+16 2.6791338174e-18 2.0214549285e+05
W 3.2762025665e-01 3.9442060594e+16 8.4583953979e-22 2.2824351004e+05
W 3.2762025665e-01 4.9770235643e+16 5.0816282754e-26 2.6121143648e+05
W 3.2762025665e-01 6.2802914418e+16 3.7041500769e-31 2.9493516915e+05
W 3.2762025665e-01 7.9248289835e+16 2.0558632013e-37 3.3753616559e+05
W 3.2762025665e-01 1.0000000000e+17 4.1629381344e-45 3.8111381122e+05
W 3.5130000917e-01 1.2618568831e+07 1.9467986862e-02 1.8981053466e+00
W 3.5130000917e-01 1.5922827933e+07 2.0067407826e-02 2.1431604565e+00
W 3.5130000917e-01 2.0092330026e+07 2.0689229616e-02 2.4198534347e+00
W 3.5130000917e-01 2.5353644940e+07 2.1334406616e-02 2.7322688918e+00
W 3.5130000917e-01 3.1992671378e+07 2.2605760788e-02 3.1269230040e+00
W 3.5130000917e-01 4.0370172586e+07 2.3319691994e-02 3.5306247595e+00
W 3.5130000917e-01 5.0941380148e+07 2.4060831169e-02 3.9864464768e+00
W 3.5130000917e-01 6.4280731173e+07 2.4830344714e-02 4.5011171095e+00
W 3.5130000917e-01 8.1113083079e+07 2.5629450848e-02 5.0822343536e+00
W 3.5130000917e-01 1.0235310219e+08 2.6459419614e-02 5.7383768066e+00
W 3.5130000917e-01 1.2915496650e+08 2.7321575359e-02 6.4792306068e+00
W 3.5130000917e-01 1.6297508346e+08 2.8217299245e-02 7.3157324225e+00
W 3.5130000917e-01 2.0565123083e+08 2.9148028225e-02 8.2602309016e+00
W 3.5130000917e-01 2.5950242114e+08 3.0115259127e-02 9.3266689659e+00
W 3.5130000917e-01 3.2745491629e+08 3.1971718165e-02 1.0673830759e+01
W 3.5130000917e-01 4.1320124001e+08 3.3045258594e-02 1.2051876912e+01
W 3.5130000917e-01 5.2140082880e+08 3.4161277390e-02 1.3607835872e+01
W 3.5130000917e-01 6.5793322466e+08 3.5321554345e-02 1.5364677094e+01
W 3.5130000917e-01 8.3021756813e+08 3.6527930550e-02 1.7348335504e+01
W 3.5130000917e-01 1.0476157528e+09 3.7782303794e-02 1.9588094363e+01
W 3.5130000917e-01 1.3219411485e+09 3.9086625173e-02 2.2117017547e+01
W 3.5130000917e-01 1.6681005372e+09 4.0442898646e-02 2.4972437651e+01
W 3.5130000917e-01 2.1049041445e+09 4.1853170006e-02 2.8196507098e+01
W 3.5130000917e-01 2.6560877829e+09 4.4504347893e-02 3.2269264179e+01
W 3.5130000917e-01 3.3516026509e+09 4.6070601001e-02 3.6435391257e+01
W 3.5130000917e-01 4.2292428744e+09 4.7698835862e-02 4.1139386652e+01
W 3.5130000917e-01 5.3366992312e+09 4.9391252232e-02 4.6450691916e+01
W 3.5130000917e-01 6.7341506578e+09 5.1150034699e-02 5.2447713859e+01
W 3.5130000917e-01 8.4975343591e+09 5.2977338807e-02 5.9218982013e+01
W 3.5130000917e-01 1.0722672220e+10 5.4875264532e-02 6.6864455523e+01
W 3.5130000917e-01 1.3530477746e+10 5.6845824373e-02 7.5496998774e+01
W 3.5130000917e-01 1.7073526475e+10 5.8890915582e-02 8.5244047518e+01
W 3.5130000917e-01 2.1544346900e+10 6.2681004137e-02 9.7556859773e+01
W 3.5130000917e-01 2.7185882427e+10 6.4940299940e-02 1.1015194942e+02
W 3.5130000917e-01 3.4304692863e+10 6.7280806756e-02 1.2437312957e+02
W 3.5130000917e-01 4.3287612811e+10 6.9703481447e-02 1.4043033682e+02
W 3.5130000917e-01 5.4622772177e+10 7.2208847170e-02 1.5856061167e+02
W 3.5130000917e-01 6.8926121044e+10 7.4796920579e-02 1.7903159775e+02
W 3.5130000917e-01 8.6974900262e+10 7.7467090580e-02 2.0214549285e+02
W 3.5130000917e-01 1.0974987655e+11 8.0217984541e-02 2.2824351004e+02
W 3.5130000917e-01 1.3848863714e+11 8.5318755255e-02 2.6121143648e+02
W 3.5130000917e-01 1.7475284000e+11 8.8302687362e-02 2.9493516915e+02
W 3.5130000917e-01 2.2051307399e+11 9.1359087977e-02 3.3301280821e+02
W 3.5130000917e-01 2.7825594022e+11 9.4481714227e-02 3.7600646527e+02
W 3.5130000917e-01 3.5111917342e+11 9.7662540149e-02 4.2455082339e+02
W 3.5130000917e-01 4.4306214576e+11 1.0089146408e-01 4.7936250646e+02
W 3.5130000917e-01 5.5908101825e+11 1.0700472180e-01 5.4860253806e+02
W 3.5130000917e-01 7.0548023107e+11 1.1037937554e-01 6.1942993208e+02
W 3.5130000917e-01 8.9021508545e+11 1.1375590177e-01 6.9940150499e+02
W 3.5130000917e-01 1.1233240330e+12 1.1711157797e-01 7.8969781705e+02
W 3.5130000917e-01 1.4174741629e+12 1.2041943914e-01 8.9165184490e+02
W 3.5130000917e-01 1.7886495291e+12 1.2364774209e-01 1.0067686593e+03
W 3.5130000917e-01 2.2570197196e+12 1.3022637426e-01 1.1521882381e+03
W 3.5130000917e-01 2.8480358684e+12 1.3325916142e-01 1.3009416336e+03
W 3.5130000917e-01 3.5938136638e+12 1.3607718598e-01 1.4688998534e+03
W 3.5130000917e-01 4.5348785081e+12 1.3862254546e-01 1.6585423386e+03
W 3.5130000917e-01 5.7223676594e+12 1.4082982169e-01 1.8726686388e+03
W 3.5130000917e-01 7.2208090184e+12 1.4262587209e-01 2.1144397396e+03
W 3.5130000917e-01 9.1116275612e+12 1.4786649213e-01 2.4198534347e+03
W 3.5130000917e-01 1.1497569954e+13 1.4861031517e-01 2.7322688918e+03
W 3.5130000917e-01 1.4508287785e+13 1.4866155234e-01 3.0850187826e+03
W 3.5130000917e-01 1.8307382803e+13 1.4791897759e-01 3.4833104887e+03
W 3.5130000917e-01 2.3101297001e+13 1.4627965746e-01 3.9330236916e+03
W 3.5130000917e-01 2.9150530628e+13 1.4757172756e-01 4.5011171095e+03
W 3.5130000917e-01 3.6783797718e+13 1.4374297661e-01 5.0822343536e+03
W 3.5130000917e-01 4.6415888336e+13 1.3871433689e-01 5.7383768066e+03
W 3.5130000917e-01 5.8570208181e+13 1.3243044421e-01 6.4792306068e+03
W 3.5130000917e-01 7.3907220335e+13 1.2828668918e-01 7.4151029914e+03
W 3.5130000917e-01 9.3260334688e+13 1.1923915210e-01 8.3724307193e+03
W 3.5130000917e-01 1.1768119524e+14 1.0899988496e-01 9.4533543540e+03
W 3.5130000917e-01 1.4849682623e+14 9.7731975493e-02 1.0673830759e+04
W 3.5130000917e-01 1.8738174229e+14 8.8022889698e-02 1.2215579163e+04
W 3.5130000917e-01 2.3644894126e+14 7.5169689411e-02 1.3792672921e+04
W 3.5130000917e-01 2.9836472403e+14 6.2255213083e-02 1.5573377552e+04
W 3.5130000917e-01 3.7649358068e+14 4.9741562202e-02 1.7583980259e+04
W 3.5130000917e-01 4.7508101621e+14 3.9145787782e-02 2.0123843791e+04
W 3.5130000917e-01 5.9948425032e+14 2.8535263261e-02 2.2721934967e+04
W 3.5130000917e-01 7.5646332755e+14 1.9617742647e-02 2.5655453004e+04
W 3.5130000917e-01 9.5454845666e+14 1.2587099706e-02 2.8967703227e+04
W 3.5130000917e-01 1.2045035403e+15 7.6461203179e-03 3.3151853343e+04
W 3.5130000917e-01 1.5199110830e+15 4.1007421839e-03 3.7431927196e+04
W 3.5130000917e-01 1.9179102617e+15 1.9558755654e-03 4.2264580479e+04
W 3.5130000917e-01 2.4201282648e+15 8.3289630768e-04 4.8369356820e+04
W 3.5130000917e-01 3.0538555088e+15 2.9234523729e-04 5.4614088217e+04
W 3.5130000917e-01 3.8535285937e+15 8.4249955147e-05 6.1665046383e+04
W 3.5130000917e-01 4.8626015801e+15 1.9142988184e-05 6.9626319316e+04
W 3.5130000917e-01 6.1359072734e+15 3.3326279305e-06 7.9683277224e+04
W 3.5130000917e-01 7.7426368268e+15 3.9119417192e-07 8.9970795930e+04
W 3.5130000917e-01 9.7700995730e+15 2.9015283389e-08 1.0158648593e+05
W 3.5130000917e-01 1.2328467394e+16 1.2542628673e-09 1.1625983105e+05
W 3.5130000917e-01 1.5556761439e+16 2.6498433390e-11 1.3126956996e+05
W 3.5130000917e-01 1.9630406500e+16 2.4493192202e-13 1.4821714295e+05
W 3.5130000917e-01 2.4770763560e+16 8.6789074657e-16 1.6962590881e+05
W 3.5130000917e-01 3.1257158497e+16 9.2209767049e-19 1.9152548135e+05
W 3.5130000917e-01 3.9442060594e+16 2.3725764451e-22 2.1625240073e+05
W 3.5130000917e-01 4.9770235643e+16 1.1134935625e-26 2.4748830855e+05
W 3.5130000917e-01 6.2802914418e+16 6.0172559436e-32 2.7944031520e+05
W 3.5130000917e-01 7.9248289835e+16 2.3191494904e-38 3.1980320549e+05
W 3.5130000917e-01 1.0000000000e+17 3.0028136721e-46 3.6109143526e+05
W 3.7669128796e-01 1.2618568831e+07 1.8277564520e-02 1.7505078494e+00
W 3.7669128796e-01 1.5922827933e+07 1.8840061020e-02 1.9765073674e+00
W 3.7669128796e-01 2.0092330026e+07 1.9954798206e-02 2.2619978484e+00
W 3.7669128796e-01 2.5353644940e+07 2.0576726912e-02 2.5540333419e+00
W 3.7669128796e-01 3.1992671378e+07 2.1222094071e-02 2.8837721114e+00
W 3.7669128796e-01 4.0370172586e+07 2.1891899151e-02 3.2560818428e+00
W 3.7669128796e-01 5.0941380148e+07 2.2587185794e-02 3.6764586650e+00
W 3.7669128796e-01 6.4280731173e+07 2.3309041856e-02 4.1511082855e+00
W 3.7669128796e-01 8.1113083079e+07 2.4058603017e-02 4.6870376000e+00
W 3.7669128796e-01 1.0235310219e+08 2.4837052692e-02 5.2921581306e+00
W 3.7669128796e-01 1.2915496650e+08 2.5645624251e-02 5.9754028171e+00
W 3.7669128796e-01 1.6297508346e+08 2.7210004848e-02 6.8385013580e+00
W 3.7669128796e-01 2.0565123083e+08 2.8106597593e-02 7.7213868654e+00
W 3.7669128796e-01 2.5950242114e+08 2.9038259488e-02 8.7182574082e+00
W 3.7669128796e-01 3.2745491629e+08 3.0006474791e-02 9.8438290376e+00
W 3.7669128796e-01 4.1320124001e+08 3.1012783010e-02 1.1114717722e+01
W 3.7669128796e-01 5.2140082880e+08 3.2058780528e-02 1.2549684637e+01
W 3.7669128796e-01 6.5793322466e+08 3.3146116120e-02 1.4169913121e+01
W 3.7669128796e-01 8.3021756813e+08 3.4276493491e-02 1.5999321391e+01
W 3.7669128796e-01 1.0476157528e+09 3.5451666647e-02 1.8064915626e+01
W 3.7669128796e-01 1.3219411485e+09 3.7676483007e-02 2.0674246377e+01
W 3.7669128796e-01 1.6681005372e+09 3.8981437252e-02 2.3343397343e+01
W 3.7669128796e-01 2.1049041445e+09 4.0338093005e-02 2.6357149352e+01
W 3.7669128796e-01 2.6560877829e+09 4.1748417893e-02 2.9759992163e+01
W 3.7669128796e-01 3.3516026509e+09 4.3214402353e-02 3.3602159387e+01
W 3.7669128796e-01 4.2292428744e+09 4.4738046566e-02 3.7940370054e+01
W 3.7669128796e-01 5.3366992312e+09 4.6321352947e-02 4.2838665911e+01
W 3.7669128796e-01 6.7341506578e+09 4.7966302112e-02 4.8369356820e+01
W 3.7669128796e-01 8.4975343591e+09 5.1033483927e-02 5.5355918659e+01
W 3.7669128796e-01 1.0722672220e+10 5.2856012034e-02 6.2502650930e+01
W 3.7669128796e-01 1.3530477746e+10 5.4747641028e-02 7.0572062895e+01
W 3.7669128796e-01 1.7073526475e+10 5.6710086881e-02 7.9683277224e+01
W 3.7669128796e-01 2.1544346900e+10 5.8744893932e-02 8.9970795930e+01
W 3.7669128796e-01 2.7185882427e+10 6.0853391626e-02 1.0158648593e+02
W 3.7669128796e-01 3.4304692863e+10 6.3036632981e-02 1.1470182092e+02
W 3.7669128796e-01 4.3287612811e+10 6.5295337442e-02 1.2951041276e+02
W 3.7669128796e-01 5.4622772177e+10 6.9479523116e-02 1.4821714295e+02
W 3.7669128796e-01 6.8926121044e+10 7.1955444153e-02 1.6735273430e+02
W 3.7669128796e-01 8.6974900262e+10 7.4508133034e-02 1.8895882839e+02
W 3.7669128796e-01 1.0974987655e+11 7.7135981075e-02 2.1335437975e+02
W 3.7669128796e-01 1.3848863714e+11 7.9836495847e-02 2.4089952158e+02
W 3.7669128796e-01 1.7475284000e+11 8.2606106744e-02 2.7200088213e+02
W 3.7669128796e-01 2.2051307399e+11 8.5439997494e-02 3.0711758742e+02
W 3.7669128796e-01 2.7825594022e+11 9.0747823554e-02 3.5147823552e+02
W 3.7669128796e-01 3.5111917342e+11 9.3770152261e-02 3.9685587370e+02
W 3.7669128796e-01 4.4306214576e+11 9.6833561533e-02 4.4809199709e+02
W 3.7669128796e-01 5.5908101825e+11 9.9925410576e-02 5.0594296612e+02
W 3.7669128796e-01 7.0548023107e+11 1.0303033352e-01 5.7126279118e+02
W 3.7669128796e-01 8.9021508545e+11 1.0612984476e-01 6.4501573980e+02
W 3.7669128796e-01 1.1233240330e+12 1.1218866436e-01 7.3818303930e+02
W 3.7669128796e-01 1.4174741629e+12 1.1528979010e-01 8.3348624582e+02
W 3.7669128796e-01 1.7886495291e+12 1.1830456418e-01 9.4109358382e+02
W 3.7669128796e-01 2.2570197196e+12 1.2119644837e-01 1.0625935796e+03
W 3.7669128796e-01 2.8480358684e+12 1.2392323910e-01 1.1997798464e+03
W 3.7669128796e-01 3.5938136638e+12 1.2643657833e-01 1.3546775620e+03
W 3.7669128796e-01 4.5348785081e+12 1.3220106985e-01 1.5503497641e+03
W 3.7669128796e-01 5.7223676594e+12 1.3416819075e-01 1.7505078494e+03
W 3.7669128796e-01 7.2208090184e+12 1.3572538692e-01 1.9765073674e+03
W 3.7669128796e-01 9.1116275612e+12 1.3679495403e-01 2.2316845792e+03
W 3.7669128796e-01 1.1497569954e+13 1.3729275930e-01 2.5198064745e+03
W 3.7669128796e-01 1.4508287785e+13 1.4087998172e-01 2.8837721114e+03
W 3.7669128796e-01 1.8307382803e+13 1.3993753281e-01 3.2560818428e+03
W 3.7669128796e-01 2.3101297001e+13 1.3812455048e-01 3.6764586650e+03
W 3.7669128796e-01 2.9150530628e+13 1.3534864098e-01 4.1511082855e+03
W 3.7669128796e-01 3.6783797718e+13 1.3152645677e-01 4.6870376000e+03
W 3.7669128796e-01 4.6415888336e+13 1.3005313507e-01 5.3640422201e+03
W 3.7669128796e-01 5.8570208181e+13 1.2379496220e-01 6.0565675103e+03
W 3.7669128796e-01 7.3907220335e+13 1.1634164821e-01 6.8385013580e+03
W 3.7669128796e-01 9.3260334688e+13 1.0773284913e-01 7.7213868654e+03
W 3.7669128796e-01 1.1768119524e+14 1.0074907516e-01 8.8366786611e+03
W 3.7669128796e-01 1.4849682623e+14 8.9903864623e-02 9.9775390799e+03
W 3.7669128796e-01 1.8738174229e+14 7.8391247396e-02 1.1265690415e+04
W 3.7669128796e-01 2.3644894126e+14 6.6533775021e-02 1.2720148677e+04
W 3.7669128796e-01 2.9836472403e+14 5.6214437940e-02 1.4557471130e+04
W 3.7669128796e-01 3.7649358068e+14 4.4556450524e-02 1.6436915121e+04
W 3.7669128796e-01 4.7508101621e+14 3.3819591710e-02 1.8559004946e+04
W 3.7669128796e-01 5.9948425032e+14 2.4393880359e-02 2.0955067422e+04
W 3.7669128796e-01 7.5646332755e+14 1.7020937928e-02 2.3981857192e+04
W 3.7669128796e-01 9.5454845666e+14 1.0768455192e-02 2.7078037634e+04
W 3.7669128796e-01 1.2045035403e+15 6.2642413551e-03 3.0573950809e+04
W 3.7669128796e-01 1.5199110830e+15 3.2964630865e-03 3.4521204259e+04
W 3.7669128796e-01 1.9179102617e+15 1.5798751129e-03 3.9507512620e+04
W 3.7669128796e-01 2.4201282648e+15 6.3810343740e-04 4.4608134598e+04
W 3.7669128796e-01 3.0538555088e+15 2.1726489012e-04 5.0367272966e+04
W 3.7669128796e-01 3.8535285937e+15 6.2065888799e-05 5.7642417611e+04
W 3.7669128796e-01 4.8626015801e+15 1.3518997097e-05 6.5084348593e+04
W 3.7669128796e-01 6.1359072734e+15 2.1785819477e-06 7.3487070933e+04
W 3.7669128796e-01 7.7426368268e+15 2.4736500311e-07 8.4101683142e+04
W 3.7669128796e-01 9.7700995730e+15 1.7062356263e-08 9.4959640655e+04
W 3.7669128796e-01 1.2328467394e+16 6.5758423803e-10 1.0721941603e+05
W 3.7669128796e-01 1.5556761439e+16 1.2834419070e-11 1.2270639228e+05
W 3.7669128796e-01 1.9630406500e+16 1.0434834965e-13 1.3854841522e+05
W 3.7669128796e-01 2.4770763560e+16 3.0833254866e-16 1.5643572437e+05
W 3.7669128796e-01 3.1257158497e+16 2.7937006230e-19 1.7903159775e+05
W 3.7669128796e-01 3.9442060594e+16 5.7441331956e-23 2.0214549285e+05
W 3.7669128796e-01 4.9770235643e+16 2.0017399983e-27 2.2824351004e+05
W 3.7669128796e-01 6.2802914418e+16 8.0049335374e-33 2.6121143648e+05
W 3.7669128796e-01 7.9248289835e+16 2.0135256846e-39 2.9493516915e+05
W 3.7669128796e-01 1.0000000000e+17 1.5968609315e-47 3.3301280821e+05
W 4.0391779882e-01 1.2618568831e+07 1.6277703010e-02 1.5714083716e+00
W 4.0391779882e-01 1.5922827933e+07 1.6778380806e-02 1.7742852309e+00
W 4.0391779882e-01 2.0092330026e+07 1.7297714407e-02 2.0033545305e+00
W 4.0391779882e-01 2.5353644940e+07 1.7836493210e-02 2.2619978484e+00
W 4.0391779882e-01 3.1992671378e+07 1.8395541614e-02 2.5540333419e+00
W 4.0391779882e-01 4.0370172586e+07 1.9494720979e-02 2.9229427725e+00
W 4.0391779882e-01 5.0941380148e+07 2.0113399578e-02 3.3003096366e+00
W 4.0391779882e-01 6.4280731173e+07 2.0755671326e-02 3.7263964933e+00
W 4.0391779882e-01 8.1113083079e+07 2.1422539728e-02 4.2074933428e+00
W 4.0391779882e-01 1.0235310219e+08 2.2115049897e-02 4.7507022567e+00
W 4.0391779882e-01 1.2915496650e+08 2.2834290430e-02 5.3640422201e+00
W 4.0391779882e-01 1.6297508346e+08 2.3581395276e-02 6.0565675103e+00
W 4.0391779882e-01 2.0565123083e+08 2.4357542626e-02 6.8385013580e+00
W 4.0391779882e-01 2.5950242114e+08 2.5852211623e-02 7.8262674927e+00
W 4.0391779882e-01 3.2745491629e+08 2.6713085279e-02 8.8366786611e+00
W 4.0391779882e-01 4.1320124001e+08 2.7607714728e-02 9.9775390799e+00
W 4.0391779882e-01 5.2140082880e+08 2.8537502221e-02 1.1265690415e+01
W 4.0391779882e-01 6.5793322466e+08 2.9503894391e-02 1.2720148677e+01
W 4.0391779882e-01 8.3021756813e+08 3.0508384239e-02 1.4362384940e+01
W 4.0391779882e-01 1.0476157528e+09 3.1552506699e-02 1.6216642306e+01
W 4.0391779882e-01 1.3219411485e+09 3.2637835140e-02 1.8310293784e+01
W 4.0391779882e-01 1.6681005372e+09 3.4689505734e-02 2.0955067422e+01
W 4.0391779882e-01 2.1049041445e+09 3.5894176930e-02 2.3660473821e+01
W 4.0391779882e-01 2.6560877829e+09 3.7146227247e-02 2.6715162026e+01
W 4.0391779882e-01 3.3516026509e+09 3.8447380445e-02 3.0164226104e+01
W 4.0391779882e-01 4.2292428744e+09 3.9799363121e-02 3.4058581998e+01
W 4.0391779882e-01 5.3366992312e+09 4.1203897303e-02 3.8455719160e+01
W 4.0391779882e-01 6.7341506578e+09 4.2662678276e-02 4.3420549222e+01
W 4.0391779882e-01 8.4975343591e+09 4.4177361250e-02 4.9026364243e+01
W 4.0391779882e-01 1.0722672220e+10 4.7000822283e-02 5.6107825483e+01
W 4.0391779882e-01 1.3530477746e+10 4.8676603243e-02 6.3351632771e+01
W 4.0391779882e-01 1.7073526475e+10 5.0414406281e-02 7.1530652635e+01
W 4.0391779882e-01 2.1544346900e+10 5.2215482740e-02 8.0765625803e+01
W 4.0391779882e-01 2.7185882427e+10 5.4080877849e-02 9.1192881248e+01
W 4.0391779882e-01 3.4304692863e+10 5.6011374262e-02 1.0296634871e+02
W 4.0391779882e-01 4.3287612811e+10 5.8007439351e-02 1.1625983105e+02
W 4.0391779882e-01 5.4622772177e+10 6.1712076048e-02 1.3305262203e+02
W 4.0391779882e-01 6.8926121044e+10 6.3897182710e-02 1.5023039616e+02
W 4.0391779882e-01 8.6974900262e+10 6.6148307720e-02 1.6962590881e+02
W 4.0391779882e-01 1.0974987655e+11 6.8463743817e-02 1.9152548135e+02
W 4.0391779882e-01 1.3848863714e+11 7.0840966499e-02 2.1625240073e+02
W 4.0391779882e-01 1.7475284000e+11 7.3276458403e-02 2.4417169190e+02
W 4.0391779882e-01 2.2051307399e+11 7.5765557639e-02 2.7569550638e+02
W 4.0391779882e-01 2.7825594022e+11 8.0443879854e-02 3.1551748936e+02
W 4.0391779882e-01 3.5111917342e+11 8.3091067715e-02 3.5625241125e+02
W 4.0391779882e-01 4.4306214576e+11 8.5769716321e-02 4.0224641994e+02
W 4.0391779882e-01 5.5908101825e+11 8.8468022452e-02 4.5417849044e+02
W 4.0391779882e-01 7.0548023107e+11 9.1171714661e-02 5.1281525689e+02
W 4.0391779882e-01 8.9021508545e+11 9.3863704502e-02 5.7902232984e+02
W 4.0391779882e-01 1.1233240330e+12 9.9163705887e-02 6.6265741577e+02
W 4.0391779882e-01 1.4174741629e+12 1.0183906549e-01 7.4820987794e+02
W 4.0391779882e-01 1.7886495291e+12 1.0442835797e-01 8.4480760063e+02
W 4.0391779882e-01 2.2570197196e+12 1.0689833700e-01 9.5387658345e+02
W 4.0391779882e-01 2.8480358684e+12 1.0921074593e-01 1.0770269299e+03
W 4.0391779882e-01 3.5938136638e+12 1.1436665929e-01 1.2325947469e+03
W 4.0391779882e-01 4.5348785081e+12 1.1627808265e-01 1.3917290340e+03
W 4.0391779882e-01 5.7223676594e+12 1.1787515608e-01 1.5714083716e+03
W 4.0391779882e-01 7.2208090184e+12 1.1909489585e-01 1.7742852309e+03
W 4.0391779882e-01 9.1116275612e+12 1.1986845011e-01 2.0033545305e+03
W 4.0391779882e-01 1.1497569954e+13 1.2340716765e-01 2.2927228668e+03
W 4.0391779882e-01 1.4508287785e+13 1.2305264209e-01 2.5887251173e+03
W 4.0391779882e-01 1.8307382803e+13 1.2200084913e-01 2.9229427725e+03
W 4.0391779882e-01 2.3101297001e+13 1.2016979917e-01 3.3003096366e+03
W 4.0391779882e-01 2.9150530628e+13 1.1748188870e-01 3.7263964933e+03
W 4.0391779882e-01 3.6783797718e+13 1.1698340187e-01 4.2646442859e+03
W 4.0391779882e-01 4.6415888336e+13 1.1226779773e-01 4.8152316789e+03
W 4.0391779882e-01 5.8570208181e+13 1.0651904568e-01 5.4369027208e+03
W 4.0391779882e-01 7.3907220335e+13 9.9741422174e-02 6.1388346743e+03
W 4.0391779882e-01 9.3260334688e+13 9.4498304989e-02 7.0255396233e+03
W 4.0391779882e-01 1.1768119524e+14 8.5622125649e-02 7.9325727276e+03
W 4.0391779882e-01 1.4849682623e+14 7.6005906077e-02 8.9567084455e+03
W 4.0391779882e-01 1.8738174229e+14 6.5880353380e-02 1.0113065324e+04
W 4.0391779882e-01 2.3644894126e+14 5.5538863990e-02 1.1418713790e+04
W 4.0391779882e-01 2.9836472403e+14 4.6564971682e-02 1.3068054514e+04
W 4.0391779882e-01 3.7649358068e+14 3.6584857633e-02 1.4755207201e+04
W 4.0391779882e-01 4.7508101621e+14 2.7490387832e-02 1.6660179931e+04
W 4.0391779882e-01 5.9948425032e+14 2.0136347042e-02 1.9066607988e+04
W 4.0391779882e-01 7.5646332755e+14 1.3494787023e-02 2.1528204613e+04
W 4.0391779882e-01 9.5454845666e+14 8.4068608362e-03 2.4307605956e+04
W 4.0391779882e-01 1.2045035403e+15 4.8037126159e-03 2.7445842229e+04
W 4.0391779882e-01 1.5199110830e+15 2.5434937586e-03 3.1410171850e+04
W 4.0391779882e-01 1.9179102617e+15 1.1580459635e-03 3.5465385714e+04
W 4.0391779882e-01 2.4201282648e+15 4.5460494036e-04 4.0044148431e+04
W 4.0391779882e-01 3.0538555088e+15 1.5380064852e-04 4.5828201346e+04
W 4.0391779882e-01 3.8535285937e+15 4.1120767250e-05 5.1744856573e+04
W 4.0391779882e-01 4.8626015801e+15 8.5510019776e-06 5.8425382255e+04
W 4.0391779882e-01 6.1359072734e+15 1.3040419467e-06 6.5968397978e+04
W 4.0391779882e-01 7.7426368268e+15 1.3859527099e-07 7.5496998774e+04
W 4.0391779882e-01 9.7700995730e+15 8.8276435017e-09 8.5244047518e+04
W 4.0391779882e-01 1.2328467394e+16 3.0896813836e-10 9.6249490116e+04
W 4.0391779882e-01 1.5556761439e+16 5.3668791252e-12 1.1015194942e+05
W 4.0391779882e-01 1.9630406500e+16 3.7904490425e-14 1.2437312957e+05
W 4.0391779882e-01 2.4770763560e+16 9.4518737041e-17 1.4043033682e+05
W 4.0391779882e-01 3.1257158497e+16 6.9812785705e-20 1.6071436160e+05
W 4.0391779882e-01 3.9442060594e+16 1.1222734752e-23 1.8146340781e+05
W 4.0391779882e-01 4.9770235643e+16 2.9853115172e-28 2.0767432736e+05
W 4.0391779882e-01 6.2802914418e+16 8.1072005955e-34 2.3448614538e+05
W 4.0391779882e-01 7.9248289835e+16 1.3150950180e-40 2.6475950625e+05
W 4.0391779882e-01 1.0000000000e+17 6.2570765736e-49 3.0300187259e+05
W 4.3311218872e-01 1.2618568831e+07 1.2681983228e-02 1.3186124973e+00
W 4.3311218872e-01 1.5922827933e+07 1.3071822275e-02 1.4888521160e+00
W 4.3311218872e-01 2.0092330026e+07 1.3476162147e-02 1.6810705404e+00
W 4.3311218872e-01 2.5353644940e+07 1.3895613969e-02 1.8981053466e+00
W 4.3311218872e-01 3.1992671378e+07 1.4330815701e-02 2.1431604565e+00
W 4.3311218872e-01 4.0370172586e+07 1.4782433201e-02 2.4198534347e+00
W 4.3311218872e-01 5.0941380148e+07 1.5668292098e-02 2.7693816645e+00
W 4.3311218872e-01 6.4280731173e+07 1.6168161654e-02 3.1269230040e+00
W 4.3311218872e-01 8.1113083079e+07 1.6687127788e-02 3.5306247595e+00
W 4.3311218872e-01 1.0235310219e+08 1.7225997158e-02 3.9864464768e+00
W 4.3311218872e-01 1.2915496650e+08 1.7785609439e-02 4.5011171095e+00
W 4.3311218872e-01 1.6297508346e+08 1.8366838674e-02 5.0822343536e+00
W 4.3311218872e-01 2.0565123083e+08 1.8970592295e-02 5.7383768066e+00
W 4.3311218872e-01 2.5950242114e+08 2.0133828683e-02 6.5672388601e+00
W 4.3311218872e-01 3.2745491629e+08 2.0803318452e-02 7.4151029914e+00
W 4.3311218872e-01 4.1320124001e+08 2.1498961526e-02 8.3724307193e+00
W 4.3311218872e-01 5.2140082880e+08 2.2221833694e-02 9.4533543540e+00
W 4.3311218872e-01 6.5793322466e+08 2.2973043381e-02 1.0673830759e+01
W 4.3311218872e-01 8.3021756813e+08 2.3753732953e-02 1.2051876912e+01
W 4.3311218872e-01 1.0476157528e+09 2.5236948678e-02 1.3792672921e+01
W 4.3311218872e-01 1.3219411485e+09 2.6103205028e-02 1.5573377552e+01
W 4.3311218872e-01 1.6681005372e+09 2.7003444173e-02 1.7583980259e+01
W 4.3311218872e-01 2.1049041445e+09 2.7938943735e-02 1.9854162060e+01
W 4.3311218872e-01 2.6560877829e+09 2.8910997569e-02 2.2417435945e+01
W 4.3311218872e-01 3.3516026509e+09 2.9920906862e-02 2.5311641602e+01
W 4.3311218872e-01 4.2292428744e+09 3.0969970045e-02 2.8579504013e+01
W 4.3311218872e-01 5.3366992312e+09 3.2936327729e-02 3.2707581897e+01
W 4.3311218872e-01 6.7341506578e+09 3.4098479052e-02 3.6930298034e+01
W 4.3311218872e-01 8.4975343591e+09 3.5304734007e-02 4.1698188426e+01
W 4.3311218872e-01 1.0722672220e+10 3.6556290759e-02 4.7081637858e+01
W 4.3311218872e-01 1.3530477746e+10 3.7854264172e-02 5.3160118149e+01
W 4.3311218872e-01 1.7073526475e+10 3.9199664234e-02 6.0023361341e+01
W 4.3311218872e-01 2.1544346900e+10 4.0593360435e-02 6.7772684338e+01
W 4.3311218872e-01 2.7185882427e+10 4.3185767504e-02 7.7561899686e+01
W 4.3311218872e-01 3.4304692863e+10 4.4718738799e-02 8.7575537700e+01
W 4.3311218872e-01 4.3287612811e+10 4.6302757042e-02 9.8881987607e+01
W 4.3311218872e-01 5.4622772177e+10 4.7937706597e-02 1.1164815803e+02
W 4.3311218872e-01 6.8926121044e+10 4.9623079226e-02 1.2606250637e+02
W 4.3311218872e-01 8.6974900262e+10 5.1357887556e-02 1.4233782081e+02
W 4.3311218872e-01 1.0974987655e+11 5.4594005334e-02 1.6289736620e+02
W 4.3311218872e-01 1.3848863714e+11 5.6472344634e-02 1.8392824948e+02
W 4.3311218872e-01 1.7475284000e+11 5.8394476513e-02 2.0767432736e+02
W 4.3311218872e-01 2.2051307399e+11 6.0356348564e-02 2.3448614538e+02
W 4.3311218872e-01 2.7825594022e+11 6.2352797040e-02 2.6475950625e+02
W 4.3311218872e-01 3.5111917342e+11 6.4377370594e-02 2.9894131287e+02
W 4.3311218872e-01 4.4306214576e+11 6.8238827648e-02 3.4212096433e+02
W 4.3311218872e-01 5.5908101825e+11 7.0350341487e-02 3.8629053094e+02
W 4.3311218872e-01 7.0548023107e+11 7.2460761952e-02 4.3616261454e+02
W 4.3311218872e-01 8.9021508545e+11 7.4555883517e-02 4.9247343925e+02
W 4.3311218872e-01 1.1233240330e+12 7.6618918466e-02 5.5605427949e+02
W 4.3311218872e-01 1.4174741629e+12 7.8630181697e-02 6.2784373144e+02
W 4.3311218872e-01 1.7886495291e+12 8.2770327095e-02 7.1853067342e+02
W 4.3311218872e-01 2.2570197196e+12 8.4655969144e-02 8.1129665897e+02
W 4.3311218872e-01 2.8480358684e+12 8.6406548930e-02 9.1603920781e+02
W 4.3311218872e-01 3.5938136638e+12 8.7986655833e-02 1.0343045555e+03
W 4.3311218872e-01 4.5348785081e+12 8.9356405814e-02 1.1678385646e+03
W 4.3311218872e-01 5.7223676594e+12 9.2945793514e-02 1.3365233867e+03
W 4.3311218872e-01 7.2208090184e+12 9.3779090523e-02 1.5090753928e+03
W 4.3311218872e-01 9.1116275612e+12 9.4245578582e-02 1.7039047457e+03
W 4.3311218872e-01 1.1497569954e+13 9.4286848004e-02 1.9238875646e+03
W 4.3311218872e-01 1.4508287785e+13 9.3841829647e-02 2.1722712908e+03
W 4.3311218872e-01 1.8307382803e+13 9.5387899229e-02 2.4860382850e+03
W 4.3311218872e-01 2.3101297001e+13 9.3741469791e-02 2.8069985449e+03
W 4.3311218872e-01 2.9150530628e+13 9.1411301520e-02 3.1693964161e+03
W 4.3311218872e-01 3.6783797718e+13 8.8348310286e-02 3.5785817064e+03
W 4.3311218872e-01 4.6415888336e+13 8.6829085252e-02 4.0954788502e+03
W 4.3311218872e-01 5.8570208181e+13 8.2089474568e-02 4.6242261201e+03
W 4.3311218872e-01 7.3907220335e+13 7.6558768187e-02 5.2212373672e+03
W 4.3311218872e-01 9.3260334688e+13 7.0285364677e-02 5.8953258204e+03
W 4.3311218872e-01 1.1768119524e+14 6.5093009777e-02 6.7468578877e+03
W 4.3311218872e-01 1.4849682623e+14 5.7450607719e-02 7.6179117543e+03
W 4.3311218872e-01 1.8738174229e+14 4.9472907472e-02 8.6014231310e+03
W 4.3311218872e-01 2.3644894126e+14 4.1398544166e-02 9.7119108575e+03
W 4.3311218872e-01 2.9836472403e+14 3.4417058509e-02 1.1114717722e+04
W 4.3311218872e-01 3.7649358068e+14 2.6780441547e-02 1.2549684637e+04
W 4.3311218872e-01 4.7508101621e+14 1.9901538480e-02 1.4169913121e+04
W 4.3311218872e-01 5.9948425032e+14 1.4010047024e-02 1.5999321391e+04
W 4.3311218872e-01 7.5646332755e+14 9.5054555947e-03 1.8310293784e+04
W 4.3311218872e-01 9.5454845666e+14 5.8220694455e-03 2.0674246377e+04
W 4.3311218872e-01 1.2045035403e+15 3.2619847612e-03 2.3343397343e+04
W 4.3311218872e-01 1.5199110830e+15 1.6431601711e-03 2.6357149352e+04
W 4.3311218872e-01 1.9179102617e+15 7.4832739034e-04 3.0164226104e+04
W 4.3311218872e-01 2.4201282648e+15 2.8472217621e-04 3.4058581998e+04
W 4.3311218872e-01 3.0538555088e+15 9.0386686757e-05 3.8455719160e+04
W 4.3311218872e-01 3.8535285937e+15 2.3779606580e-05 4.4010336332e+04
W 4.3311218872e-01 4.8626015801e+15 4.6993737700e-06 4.9692295885e+04
W 4.3311218872e-01 6.1359072734e+15 6.7452591997e-07 5.6107825483e+04
W 4.3311218872e-01 7.7426368268e+15 6.6668202605e-08 6.4212146446e+04
W 4.3311218872e-01 9.7700995730e+15 3.8904565423e-09 7.2502263027e+04
W 4.3311218872e-01 1.2328467394e+16 1.2249057223e-10 8.1862676067e+04
W 4.3311218872e-01 1.5556761439e+16 1.8720026525e-12 9.3687076602e+04
W 4.3311218872e-01 1.9630406500e+16 1.1326883614e-14 1.0578255744e+05
W 4.3311218872e-01 2.4770763560e+16 2.3440608885e-17 1.1943962674e+05
W 4.3311218872e-01 3.1257158497e+16 1.3832444679e-20 1.3669171345e+05
W 4.3311218872e-01 3.9442060594e+16 1.6968811988e-24 1.5433931290e+05
W 4.3311218872e-01 4.9770235643e+16 3.1703140194e-29 1.7426530772e+05
W 4.3311218872e-01 6.2802914418e+16 5.9559164636e-35 1.9943652001e+05
W 4.3311218872e-01 7.9248289835e+16 5.9669505073e-42 2.2518479495e+05
W 4.3311218872e-01 1.0000000000e+17 1.5304478552e-50 2.5425730390e+05
W 4.6441669213e-01 1.2618568831e+07 6.9653971223e-03 9.2848189051e-01
W 4.6441669213e-01 1.5922827933e+07 7.1793616545e-03 1.0483536522e+00
W 4.6441669213e-01 2.0092330026e+07 7.6037001468e-03 1.1997798464e+00
W 4.6441669213e-01 2.5353644940e+07 7.8401807867e-03 1.3546775620e+00
W 4.6441669213e-01 3.1992671378e+07 8.0855218949e-03 1.5295733651e+00
W 4.6441669213e-01 4.0370172586e+07 8.3400961742e-03 1.7270491110e+00
W 4.6441669213e-01 5.0941380148e+07 8.8396262443e-03 1.9765073674e+00
W 4.6441669213e-01 6.4280731173e+07 9.1213487325e-03 2.2316845792e+00
W 4.6441669213e-01 8.1113083079e+07 9.4138047268e-03 2.5198064745e+00
W 4.6441669213e-01 1.0235310219e+08 9.7174446533e-03 2.8451263804e+00
W 4.6441669213e-01 1.2915496650e+08 1.0307140095e-02 3.2560818428e+00
W 4.6441669213e-01 1.6297508346e+08 1.0643527753e-02 3.6764586650e+00
W 4.6441669213e-01 2.0565123083e+08 1.0992906510e-02 4.1511082855e+00
W 4.6441669213e-01 2.5950242114e+08 1.1355815597e-02 4.6870376000e+00
W 4.6441669213e-01 3.2745491629e+08 1.1732813334e-02 5.2921581306e+00
W 4.6441669213e-01 4.1320124001e+08 1.2456090796e-02 6.0565675103e+00
W 4.6441669213e-01 5.2140082880e+08 1.2874146838e-02 6.8385013580e+00
W 4.6441669213e-01 6.5793322466e+08 1.3308513545e-02 7.7213868654e+00
W 4.6441669213e-01 8.3021756813e+08 1.3759839832e-02 8.7182574082e+00
W 4.6441669213e-01 1.0476157528e+09 1.4617958939e-02 9.9775390799e+00
W 4.6441669213e-01 1.3219411485e+09 1.5118539857e-02 1.1265690415e+01
W 4.6441669213e-01 1.6681005372e+09 1.5638635746e-02 1.2720148677e+01
W 4.6441669213e-01 2.1049041445e+09 1.6178965948e-02 1.4362384940e+01
W 4.6441669213e-01 2.6560877829e+09 1.6740256702e-02 1.6216642306e+01
W 4.6441669213e-01 3.3516026509e+09 1.7797039493e-02 1.8559004946e+01
W 4.6441669213e-01 4.2292428744e+09 1.8418987547e-02 2.0955067422e+01
W 4.6441669213e-01 5.3366992312e+09 1.9064693406e-02 2.3660473821e+01
W 4.6441669213e-01 6.7341506578e+09 1.9734870578e-02 2.6715162026e+01
W 4.6441669213e-01 8.4975343591e+09 2.0430205301e-02 3.0164226104e+01
W 4.6441669213e-01 1.0722672220e+10 2.1151344354e-02 3.4058581998e+01
W 4.6441669213e-01 1.3530477746e+10 2.2497831801e-02 3.8978068320e+01
W 4.6441669213e-01 1.7073526475e+10 2.3293473058e-02 4.4010336332e+01
W 4.6441669213e-01 2.1544346900e+10 2.4117222938e-02 4.9692295885e+01
W 4.6441669213e-01 2.7185882427e+10 2.4969419720e-02 5.6107825483e+01
W 4.6441669213e-01 3.4304692863e+10 2.5850262769e-02 6.3351632771e+01
W 4.6441669213e-01 4.3287612811e+10 2.7491686957e-02 7.2502263027e+01
W 4.6441669213e-01 5.4622772177e+10 2.8455373683e-02 8.1862676067e+01
W 4.6441669213e-01 6.8926121044e+10 2.9447923669e-02 9.2431566313e+01
W 4.6441669213e-01 8.6974900262e+10 3.0468614350e-02 1.0436495435e+02
W 4.6441669213e-01 1.0974987655e+11 3.1516366565e-02 1.1783900384e+02
W 4.6441669213e-01 1.3848863714e+11 3.3481044313e-02 1.3485989354e+02
W 4.6441669213e-01 1.7475284000e+11 3.4607960085e-02 1.5227099567e+02
W 4.6441669213e-01 2.2051307399e+11 3.5756491872e-02 1.7192996014e+02
W 4.6441669213e-01 2.7825594022e+11 3.6923339470e-02 1.9412699750e+02
W 4.6441669213e-01 3.5111917342e+11 3.8104415662e-02 2.1918978593e+02
W 4.6441669213e-01 4.4306214576e+11 4.0369468459e-02 2.5084997524e+02
W 4.6441669213e-01 5.5908101825e+11 4.1595627899e-02 2.8323599026e+02
W 4.6441669213e-01 7.0548023107e+11 4.2817666790e-02 3.1980320549e+02
W 4.6441669213e-01 8.9021508545e+11 4.4026795184e-02 3.6109143526e+02
W 4.6441669213e-01 1.1233240330e+12 4.5212672354e-02 4.0771018670e+02
W 4.6441669213e-01 1.4174741629e+12 4.7631295024e-02 4.6660062104e+02
W 4.6441669213e-01 1.7886495291e+12 4.8762652180e-02 5.2684114810e+02
W 4.6441669213e-01 2.2570197196e+12 4.9826813298e-02 5.9485903535e+02
W 4.6441669213e-01 2.8480358684e+12 5.0804913878e-02 6.7165837980e+02
W 4.6441669213e-01 3.5938136638e+12 5.1675609757e-02 7.5837291248e+02
W 4.6441669213e-01 4.5348785081e+12 5.3848567105e-02 8.6791373747e+02
W 4.6441669213e-01 5.7223676594e+12 5.4445980866e-02 9.7996584076e+02
W 4.6441669213e-01 7.2208090184e+12 5.4851367990e-02 1.1064844438e+03
W 4.6441669213e-01 9.1116275612e+12 5.5032519150e-02 1.2493372457e+03
W 4.6441669213e-01 1.1497569954e+13 5.6458380652e-02 1.4297938922e+03
W 4.6441669213e-01 1.4508287785e+13 5.6077346745e-02 1.6143875977e+03
W 4.6441669213e-01 1.8307382803e+13 5.5358170138e-02 1.8228132949e+03
W 4.6441669213e-01 2.3101297001e+13 5.4265802759e-02 2.0581478158e+03
W 4.6441669213e-01 2.9150530628e+13 5.2768606396e-02 2.3238652272e+03
W 4.6441669213e-01 3.6783797718e+13 5.2231483387e-02 2.6595287378e+03
W 4.6441669213e-01 4.6415888336e+13 4.9791944103e-02 3.0028875026e+03
W 4.6441669213e-01 5.8570208181e+13 4.6889550130e-02 3.3905756404e+03
W 4.6441669213e-01 7.3907220335e+13 4.3537970390e-02 3.8283162999e+03
W 4.6441669213e-01 9.3260334688e+13 4.0860227590e-02 4.3812855831e+03
W 4.6441669213e-01 1.1768119524e+14 3.6628465802e-02 4.9469319642e+03
W 4.6441669213e-01 1.4849682623e+14 3.2123847967e-02 5.5856061867e+03
W 4.6441669213e-01 1.8738174229e+14 2.7465077195e-02 6.3067365184e+03
W 4.6441669213e-01 2.3644894126e+14 2.3419160641e-02 7.2176935289e+03
W 4.6441669213e-01 2.9836472403e+14 1.8775876960e-02 8.1495346853e+03
W 4.6441669213e-01 3.7649358068e+14 1.4455280078e-02 9.2016813019e+03
W 4.6441669213e-01 4.7508101621e+14 1.0902418396e-02 1.0530789640e+04
W 4.6441669213e-01 5.9948425032e+14 7.5682477779e-03 1.1890368452e+04
W 4.6441669213e-01 7.5646332755e+14 4.9181620392e-03 1.3425475844e+04
W 4.6441669213e-01 9.5454845666e+14 2.9567088353e-03 1.5158773453e+04
W 4.6441669213e-01 1.2045035403e+15 1.6654849348e-03 1.7348335504e+04
W 4.6441669213e-01 1.5199110830e+15 8.1810636438e-04 1.9588094363e+04
W 4.6441669213e-01 1.9179102617e+15 3.5216210229e-04 2.2117017547e+04
W 4.6441669213e-01 2.4201282648e+15 1.3300170672e-04 2.5311641602e+04
W 4.6441669213e-01 3.0538555088e+15 4.0553610798e-05 2.8579504013e+04
W 4.6441669213e-01 3.8535285937e+15 9.9042474996e-06 3.2269264179e+04
W 4.6441669213e-01 4.8626015801e+15 1.9012896825e-06 3.6930298034e+04
W 4.6441669213e-01 6.1359072734e+15 2.5530889060e-07 4.1698188426e+04
W 4.6441669213e-01 7.7426368268e+15 2.2676962509e-08 4.7081637858e+04
W 4.6441669213e-01 9.7700995730e+15 1.2347509234e-09 5.3882199122e+04
W 4.6441669213e-01 1.2328467394e+16 3.4604311628e-11 6.0838666662e+04
W 4.6441669213e-01 1.5556761439e+16 4.4716274451e-13 6.8693249746e+04
W 4.6441669213e-01 1.9630406500e+16 2.3449064430e-15 7.8615433311e+04
W 4.6441669213e-01 2.4770763560e+16 3.9531285111e-18 8.8765087906e+04
W 4.6441669213e-01 3.1257158497e+16 1.7739610710e-21 1.0022511483e+05
W 4.6441669213e-01 3.9442060594e+16 1.6607201455e-25 1.1470182092e+05
W 4.6441669213e-01 4.9770235643e+16 2.1671776177e-30 1.2951041276e+05
W 4.6441669213e-01 6.2802914418e+16 2.5653264684e-36 1.4623086955e+05
W 4.6441669213e-01 7.9248289835e+16 1.5542303824e-43 1.6735273430e+05
W 4.6441669213e-01 1.0000000000e+17 2.0814399744e-52 1.8895882839e+05
W 4.9798382393e-01 1.2618568831e+07 1.0872532181e-04 1.1015194942e-01
W 4.9798382393e-01 1.5922827933e+07 1.1827635842e-04 1.2777483020e-01
W 4.9798382393e-01 2.0092330026e+07 1.2869002483e-04 1.4821714295e-01
W 4.9798382393e-01 2.5353644940e+07 1.4004632454e-04 1.7192996014e-01
W 4.9798382393e-01 3.1992671378e+07 1.5243285220e-04 1.9943652001e-01
W 4.9798382393e-01 4.0370172586e+07 1.6152762072e-04 2.2824351004e-01
W 4.9798382393e-01 5.0941380148e+07 1.7587895948e-04 2.6475950625e-01
W 4.9798382393e-01 6.4280731173e+07 1.9154067236e-04 3.0711758742e-01
W 4.9798382393e-01 8.1113083079e+07 2.0308097542e-04 3.5147823552e-01
W 4.9798382393e-01 1.0235310219e+08 2.2124619505e-04 4.0771018670e-01
W 4.9798382393e-01 1.2915496650e+08 2.3466203627e-04 4.6660062104e-01
W 4.9798382393e-01 1.6297508346e+08 2.4893650036e-04 5.3399730166e-01
W 4.9798382393e-01 2.0565123083e+08 2.7135083210e-04 6.1942993208e-01
W 4.9798382393e-01 2.5950242114e+08 2.8796009537e-04 7.0890156889e-01
W 4.9798382393e-01 3.2745491629e+08 3.0563975893e-04 8.1129665897e-01
W 4.9798382393e-01 4.1320124001e+08 3.2446111230e-04 9.2848189051e-01
W 4.9798382393e-01 5.2140082880e+08 3.5392248970e-04 1.0770269299e+00
W 4.9798382393e-01 6.5793322466e+08 3.7584371905e-04 1.2325947469e+00
W 4.9798382393e-01 8.3021756813e+08 3.9918756179e-04 1.4106330750e+00
W 4.9798382393e-01 1.0476157528e+09 4.2404813687e-04 1.6143875977e+00
W 4.9798382393e-01 1.3219411485e+09 4.5052544272e-04 1.8475728109e+00
W 4.9798382393e-01 1.6681005372e+09 4.7872565617e-04 2.1144397396e+00
W 4.9798382393e-01 2.1049041445e+09 5.0876131135e-04 2.4198534347e+00
W 4.9798382393e-01 2.6560877829e+09 5.4075158488e-04 2.7693816645e+00
W 4.9798382393e-01 3.3516026509e+09 5.7482245525e-04 3.1693964161e+00
W 4.9798382393e-01 4.2292428744e+09 6.1110682189e-04 3.6271900589e+00
W 4.9798382393e-01 5.3366992312e+09 6.4974467479e-04 4.1511082855e+00
W 4.9798382393e-01 6.7341506578e+09 6.9088300903e-04 4.7507022567e+00
W 4.9798382393e-01 8.4975343591e+09 7.1511683131e-04 5.3640422201e+00
W 4.9798382393e-01 1.0722672220e+10 7.6048408474e-04 6.1388346743e+00
W 4.9798382393e-01 1.3530477746e+10 8.0875438258e-04 7.0255396233e+00
W 4.9798382393e-01 1.7073526475e+10 8.6009625847e-04 8.0403219206e+00
W 4.9798382393e-01 2.1544346900e+10 9.1468321667e-04 9.2016813019e+00
W 4.9798382393e-01 2.7185882427e+10 9.4679717695e-04 1.0389665429e+01
W 4.9798382393e-01 3.4304692863e+10 1.0067693153e-03 1.1890368452e+01
W 4.9798382393e-01 4.3287612811e+10 1.0704248334e-03 1.3607835872e+01
W 4.9798382393e-01 5.4622772177e+10 1.1379388617e-03 1.5573377552e+01
W 4.9798382393e-01 6.8926121044e+10 1.1772832500e-03 1.7583980259e+01
W 4.9798382393e-01 8.6974900262e+10 1.2510051267e-03 2.0123843791e+01
W 4.9798382393e-01 1.0974987655e+11 1.3289584016e-03 2.3030570039e+01
W 4.9798382393e-01 1.3848863714e+11 1.3737044930e-03 2.6003934443e+01
W 4.9798382393e-01 1.7475284000e+11 1.4581878479e-03 2.9759992163e+01
W 4.9798382393e-01 2.2051307399e+11 1.5471086879e-03 3.4058581998e+01
W 4.9798382393e-01 2.7825594022e+11 1.5968366047e-03 3.8455719160e+01
W 4.9798382393e-01 3.5111917342e+11 1.6921133932e-03 4.4010336332e+01
W 4.9798382393e-01 4.4306214576e+11 1.7439936893e-03 4.9692295885e+01
W 4.9798382393e-01 5.5908101825e+11 1.8449874174e-03 5.6869945558e+01
W 4.9798382393e-01 7.0548023107e+11 1.9498402141e-03 6.5084348593e+01
W 4.9798382393e-01 8.9021508545e+11 2.0034507836e-03 7.3487070933e+01
W 4.9798382393e-01 1.1233240330e+12 2.1120170777e-03 8.4101683142e+01
W 4.9798382393e-01 1.4174741629e+12 2.1638943367e-03 9.4959640655e+01
W 4.9798382393e-01 1.7886495291e+12 2.2737344490e-03 1.0867579165e+02
W 4.9798382393e-01 2.2570197196e+12 2.3209540925e-03 1.2270639228e+02
W 4.9798382393e-01 2.8480358684e+12 2.4284859098e-03 1.4043033682e+02
W 4.9798382393e-01 3.5938136638e+12 2.4670328222e-03 1.5856061167e+02
W 4.9798382393e-01 4.5348785081e+12 2.5672558088e-03 1.8146340781e+02
W 4.9798382393e-01 5.7223676594e+12 2.5918295714e-03 2.0489126203e+02
W 4.9798382393e-01 7.2208090184e+12 2.6780905369e-03 2.3448614538e+02
W 4.9798382393e-01 9.1116275612e+12 2.6820093789e-03 2.6475950625e+02
W 4.9798382393e-01 1.1497569954e+13 2.7459196917e-03 3.0300187259e+02
W 4.9798382393e-01 1.4508287785e+13 2.7212609607e-03 3.4212096433e+02
W 4.9798382393e-01 1.8307382803e+13 2.7529554461e-03 3.9153756672e+02
W 4.9798382393e-01 2.3101297001e+13 2.6911527730e-03 4.4208706948e+02
W 4.9798382393e-01 2.9150530628e+13 2.6801788429e-03 5.0594296612e+02
W 4.9798382393e-01 3.6783797718e+13 2.5733751106e-03 5.7126279118e+02
W 4.9798382393e-01 4.6415888336e+13 2.5105708873e-03 6.5377707459e+02
W 4.9798382393e-01 5.8570208181e+13 2.3540249438e-03 7.3818303930e+02
W 4.9798382393e-01 7.3907220335e+13 2.2346638871e-03 8.4480760063e+02
W 4.9798382393e-01 9.3260334688e+13 2.0302581533e-03 9.5387658345e+02
W 4.9798382393e-01 1.1768119524e+14 1.8582689991e-03 1.0916563303e+03
W 4.9798382393e-01 1.4849682623e+14 1.6184048292e-03 1.2325947469e+03
W 4.9798382393e-01 1.8738174229e+14 1.3727925186e-03 1.3917290340e+03
W 4.9798382393e-01 2.3644894126e+14 1.1600868282e-03 1.5927530210e+03
W 4.9798382393e-01 2.9836472403e+14 9.2059658098e-04 1.7983855837e+03
W 4.9798382393e-01 3.7649358068e+14 7.1966345496e-04 2.0581478158e+03
W 4.9798382393e-01 4.7508101621e+14 5.2129128261e-04 2.3238652272e+03
W 4.9798382393e-01 5.9948425032e+14 3.6608031101e-04 2.6595287378e+03
W 4.9798382393e-01 7.5646332755e+14 2.3370517623e-04 3.0028875026e+03
W 4.9798382393e-01 9.5454845666e+14 1.4140848811e-04 3.4366302814e+03
W 4.9798382393e-01 1.2045035403e+15 7.5709203294e-05 3.8803168307e+03
W 4.9798382393e-01 1.5199110830e+15 3.7162362979e-05 4.4407971694e+03
W 4.9798382393e-01 1.9179102617e+15 1.5487700638e-05 5.0141268007e+03
W 4.9798382393e-01 2.4201282648e+15 5.4820190218e-06 5.6614762203e+03
W 4.9798382393e-01 3.0538555088e+15 1.6426771771e-06 6.4792306068e+03
W 4.9798382393e-01 3.8535285937e+15 3.8078117972e-07 7.3157324225e+03
W 4.9798382393e-01 4.8626015801e+15 6.8725609193e-08 8.3724307193e+03
W 4.9798382393e-01 6.1359072734e+15 8.5757717695e-09 9.4533543540e+03
W 4.9798382393e-01 7.7426368268e+15 7.1668294588e-10 1.0818814826e+04
W 4.9798382393e-01 9.7700995730e+15 3.4164603173e-11 1.2215579163e+04
W 4.9798382393e-01 1.2328467394e+16 8.6535021400e-13 1.3980020637e+04
W 4.9798382393e-01 1.5556761439e+16 9.5764664074e-15 1.5784912815e+04
W 4.9798382393e-01 1.9630406500e+16 4.0534827930e-17 1.7822825807e+04
W 4.9798382393e-01 2.4770763560e+16 5.6018605849e-20 2.0397188644e+04
W 4.9798382393e-01 3.1257158497e+16 1.9156098176e-23 2.3030570039e+04
W 4.9798382393e-01 3.9442060594e+16 1.2927342197e-27 2.6357149352e+04
W 4.9798382393e-01 4.9770235643e+16 1.1363848256e-32 2.9759992163e+04
W 4.9798382393e-01 6.2802914418e+16 8.5615224000e-39 3.4058581998e+04
W 4.9798382393e-01 7.9248289835e+16 2.8172706592e-46 3.8455719160e+04
W 4.9798382393e-01 1.0000000000e+17 1.8953844508e-55 4.4010336332e+04
# total 1.0002088057e+02
