# zs 1
# kappathr 1.2777483020e-04
# NhfNFW 1.0057047036e+02
# Nz 100 NM 100
# columns: W zl M dNh rmax_kpc
W 1.0722780476e-02 1.2618568831e+07 8.5634782497e-06 2.9098271217e-01
W 1.0722780476e-02 1.5922827933e+07 9.0697388363e-06 3.3301280821e-01
W 1.0722780476e-02 2.0092330026e+07 9.6078803065e-06 3.8111381122e-01
W 1.0722780476e-02 2.5353644940e+07 9.9090179599e-06 4.3031755383e-01
W 1.0722780476e-02 3.1992671378e+07 1.0501277181e-05 4.9247343925e-01
W 1.0722780476e-02 4.0370172586e+07 1.0834910638e-05 5.5605427949e-01
W 1.0722780476e-02 5.0941380148e+07 1.1487313190e-05 6.3637181656e-01
W 1.0722780476e-02 6.4280731173e+07 1.2181574150e-05 7.2829057136e-01
W 1.0722780476e-02 8.1113083079e+07 1.2576566137e-05 8.2231660967e-01
W 1.0722780476e-02 1.0235310219e+08 1.3342356793e-05 9.4109358382e-01
W 1.0722780476e-02 1.2915496650e+08 1.3780909405e-05 1.0625935796e+00
W 1.0722780476e-02 1.6297508346e+08 1.4626354083e-05 1.2160766160e+00
W 1.0722780476e-02 2.0565123083e+08 1.5113676127e-05 1.3730783280e+00
W 1.0722780476e-02 2.5950242114e+08 1.6047887527e-05 1.5714083716e+00
W 1.0722780476e-02 3.2745491629e+08 1.6589839744e-05 1.7742852309e+00
W 1.0722780476e-02 4.1320124001e+08 1.7623039136e-05 2.0305663622e+00
W 1.0722780476e-02 5.2140082880e+08 1.8226210331e-05 2.2927228668e+00
W 1.0722780476e-02 6.5793322466e+08 1.9369857428e-05 2.6238881157e+00
W 1.0722780476e-02 8.3021756813e+08 2.0041644612e-05 2.9626454939e+00
W 1.0722780476e-02 1.0476157528e+09 2.1308576102e-05 3.3905756404e+00
W 1.0722780476e-02 1.3219411485e+09 2.2057267810e-05 3.8283162999e+00
W 1.0722780476e-02 1.6681005372e+09 2.2837227369e-05 4.3225715179e+00
W 1.0722780476e-02 2.1049041445e+09 2.4296701476e-05 4.9469319642e+00
W 1.0722780476e-02 2.6560877829e+09 2.5166625503e-05 5.5856061867e+00
W 1.0722780476e-02 3.3516026509e+09 2.6786289189e-05 6.3924017614e+00
W 1.0722780476e-02 4.2292428744e+09 2.7756893850e-05 7.2176935289e+00
W 1.0722780476e-02 5.3366992312e+09 2.9555306686e-05 8.2602309016e+00
W 1.0722780476e-02 6.7341506578e+09 3.0638430124e-05 9.3266689659e+00
W 1.0722780476e-02 8.4975343591e+09 3.1767275846e-05 1.0530789640e+01
W 1.0722780476e-02 1.0722672220e+10 3.3844756789e-05 1.2051876912e+01
W 1.0722780476e-02 1.3530477746e+10 3.5104235801e-05 1.3607835872e+01
W 1.0722780476e-02 1.7073526475e+10 3.7412571160e-05 1.5573377552e+01
W 1.0722780476e-02 2.1544346900e+10 3.8817095563e-05 1.7583980259e+01
W 1.0722780476e-02 2.7185882427e+10 4.0279962978e-05 1.9854162060e+01
W 1.0722780476e-02 3.4304692863e+10 4.2946514345e-05 2.2721934967e+01
W 1.0722780476e-02 4.3287612811e+10 4.4575355294e-05 2.5655453004e+01
W 1.0722780476e-02 5.4622772177e+10 4.6270068210e-05 2.8967703227e+01
W 1.0722780476e-02 6.8926121044e+10 4.9346148982e-05 3.3151853343e+01
W 1.0722780476e-02 8.6974900262e+10 5.1227842595e-05 3.7431927196e+01
W 1.0722780476e-02 1.0974987655e+11 5.4636641276e-05 4.2838665911e+01
W 1.0722780476e-02 1.3848863714e+11 5.6719976941e-05 4.8369356820e+01
W 1.0722780476e-02 1.7475284000e+11 5.8879709915e-05 5.4614088217e+01
W 1.0722780476e-02 2.2051307399e+11 6.2787672104e-05 6.2502650930e+01
W 1.0722780476e-02 2.7825594022e+11 6.5163632664e-05 7.0572062895e+01
W 1.0722780476e-02 3.5111917342e+11 6.7616896243e-05 7.9683277224e+01
W 1.0722780476e-02 4.4306214576e+11 7.2063984985e-05 9.1192881248e+01
W 1.0722780476e-02 5.5908101825e+11 7.4735860750e-05 1.0296634871e+02
W 1.0722780476e-02 7.0548023107e+11 7.9596423108e-05 1.1783900384e+02
W 1.0722780476e-02 8.9021508545e+11 8.2478113200e-05 1.3305262203e+02
W 1.0722780476e-02 1.1233240330e+12 8.5416742861e-05 1.5023039616e+02
W 1.0722780476e-02 1.4174741629e+12 9.0819587681e-05 1.7192996014e+02
W 1.0722780476e-02 1.7886495291e+12 9.3920193984e-05 1.9412699750e+02
W 1.0722780476e-02 2.2570197196e+12 9.7037871699e-05 2.1918978593e+02
W 1.0722780476e-02 2.8480358684e+12 1.0289117492e-04 2.5084997524e+02
W 1.0722780476e-02 3.5938136638e+12 1.0606099283e-04 2.8323599026e+02
W 1.0722780476e-02 4.5348785081e+12 1.0917053905e-04 3.1980320549e+02
W 1.0722780476e-02 5.7223676594e+12 1.1525143643e-04 3.6599618837e+02
W 1.0722780476e-02 7.2208090184e+12 1.1820243349e-04 4.1324816853e+02
W 1.0722780476e-02 9.1116275612e+12 1.2095754333e-04 4.6660062104e+02
W 1.0722780476e-02 1.1497569954e+13 1.2683333716e-04 5.3399730166e+02
W 1.0722780476e-02 1.4508287785e+13 1.2906718202e-04 6.0293908495e+02
W 1.0722780476e-02 1.8307382803e+13 1.3446711179e-04 6.9002875244e+02
W 1.0722780476e-02 2.3101297001e+13 1.3581984850e-04 7.7911499420e+02
W 1.0722780476e-02 2.9150530628e+13 1.3655426417e-04 8.7970272549e+02
W 1.0722780476e-02 3.6783797718e+13 1.4029626023e-04 1.0067686593e+03
W 1.0722780476e-02 4.6415888336e+13 1.3943812561e-04 1.1367476433e+03
W 1.0722780476e-02 5.8570208181e+13 1.3759490666e-04 1.2835075790e+03
W 1.0722780476e-02 7.3907220335e+13 1.3833331369e-04 1.4688998534e+03
W 1.0722780476e-02 9.3260334688e+13 1.3406973248e-04 1.6585423386e+03
W 1.0722780476e-02 1.1768119524e+14 1.3199666361e-04 1.8981053466e+03
W 1.0722780476e-02 1.4849682623e+14 1.2484621409e-04 2.1431604565e+03
W 1.0722780476e-02 1.8738174229e+14 1.1628697629e-04 2.4198534347e+03
W 1.0722780476e-02 2.3644894126e+14 1.0929972229e-04 2.7693816645e+03
W 1.0722780476e-02 2.9836472403e+14 9.7918118038e-05 3.1269230040e+03
W 1.0722780476e-02 3.7649358068e+14 8.7925643317e-05 3.5785817064e+03
W 1.0722780476e-02 4.7508101621e+14 7.4653829915e-05 4.0405949108e+03
W 1.0722780476e-02 5.9948425032e+14 6.1251348811e-05 4.5622563833e+03
W 1.0722780476e-02 7.5646332755e+14 4.9580341979e-05 5.2212373672e+03
W 1.0722780476e-02 9.5454845666e+14 3.7241877527e-05 5.8953258204e+03
W 1.0722780476e-02 1.2045035403e+15 2.7159986453e-05 6.7468578877e+03
W 1.0722780476e-02 1.5199110830e+15 1.8019676909e-05 7.6179117543e+03
W 1.0722780476e-02 1.9179102617e+15 1.1018422872e-05 8.6014231310e+03
W 1.0722780476e-02 2.4201282648e+15 6.2756511784e-06 9.8438290376e+03
W 1.0722780476e-02 3.0538555088e+15 3.0978754303e-06 1.1114717722e+04
W 1.0722780476e-02 3.8535285937e+15 1.3696585576e-06 1.2720148677e+04
W 1.0722780476e-02 4.8626015801e+15 4.9985381739e-07 1.4362384940e+04
W 1.0722780476e-02 6.1359072734e+15 1.5291823152e-07 1.6436915121e+04
W 1.0722780476e-02 7.7426368268e+15 3.5277404206e-08 1.8559004946e+04
W 1.0722780476e-02 9.7700995730e+15 5.9081969110e-09 2.0955067422e+04
W 1.0722780476e-02 1.2328467394e+16 6.8384371907e-10 2.3981857192e+04
W 1.0722780476e-02 1.5556761439e+16 4.7558843569e-11 2.7078037634e+04
W 1.0722780476e-02 1.9630406500e+16 1.9046734342e-12 3.0989240860e+04
W 1.0722780476e-02 2.4770763560e+16 3.7243516988e-14 3.4990110379e+04
W 1.0722780476e-02 3.1257158497e+16 3.2836646111e-16 4.0044148431e+04
W 1.0722780476e-02 3.9442060594e+16 1.0459969941e-18 4.5214052838e+04
W 1.0722780476e-02 4.9770235643e+16 1.0232929173e-21 5.1744856573e+04
W 1.0722780476e-02 6.2802914418e+16 2.1940527135e-25 5.8425382255e+04
W 1.0722780476e-02 7.9248289835e+16 7.4993168248e-30 6.6864455523e+04
W 1.0722780476e-02 1.0000000000e+17 2.3755319039e-35 7.5496998774e+04
W 1.1497802114e-02 1.2618568831e+07 1.0243031132e-05 3.0711758742e-01
W 1.1497802114e-02 1.5922827933e+07 1.0848582684e-05 3.5147823552e-01
W 1.1497802114e-02 2.0092330026e+07 1.1186313186e-05 3.9685587370e-01
W 1.1497802114e-02 2.5353644940e+07 1.1852464523e-05 4.5417849044e-01
W 1.1497802114e-02 3.1992671378e+07 1.2226476508e-05 5.1281525689e-01
W 1.1497802114e-02 4.0370172586e+07 1.2959945209e-05 5.8688726735e-01
W 1.1497802114e-02 5.0941380148e+07 1.3374495743e-05 6.6265741577e-01
W 1.1497802114e-02 6.4280731173e+07 1.4182808145e-05 7.5837291248e-01
W 1.1497802114e-02 8.1113083079e+07 1.5043174371e-05 8.6791373747e-01
W 1.1497802114e-02 1.0235310219e+08 1.5534276857e-05 9.7996584076e-01
W 1.1497802114e-02 1.2915496650e+08 1.6483708754e-05 1.1215139695e+00
W 1.1497802114e-02 1.6297508346e+08 1.7029197562e-05 1.2663071600e+00
W 1.1497802114e-02 2.0565123083e+08 1.8077848389e-05 1.4492149732e+00
W 1.1497802114e-02 2.5950242114e+08 1.8684243019e-05 1.6363160397e+00
W 1.1497802114e-02 3.2745491629e+08 1.9315215660e-05 1.8475728109e+00
W 1.1497802114e-02 4.1320124001e+08 2.0518135252e-05 2.1144397396e+00
W 1.1497802114e-02 5.2140082880e+08 2.1220379531e-05 2.3874247263e+00
W 1.1497802114e-02 6.5793322466e+08 2.2551885255e-05 2.7322688918e+00
W 1.1497802114e-02 8.3021756813e+08 2.3334011976e-05 3.0850187826e+00
W 1.1497802114e-02 1.0476157528e+09 2.4809047404e-05 3.5306247595e+00
W 1.1497802114e-02 1.3219411485e+09 2.5680704931e-05 3.9864464768e+00
W 1.1497802114e-02 1.6681005372e+09 2.7315985889e-05 4.5622563833e+00
W 1.1497802114e-02 2.1049041445e+09 2.8287955605e-05 5.1512670205e+00
W 1.1497802114e-02 2.6560877829e+09 2.9300746053e-05 5.8163219439e+00
W 1.1497802114e-02 3.3516026509e+09 3.1186428903e-05 6.6564425412e+00
W 1.1497802114e-02 4.2292428744e+09 3.2316425052e-05 7.5158233240e+00
W 1.1497802114e-02 5.3366992312e+09 3.4410201606e-05 8.6014231310e+00
W 1.1497802114e-02 6.7341506578e+09 3.5671181788e-05 9.7119108575e+00
W 1.1497802114e-02 8.4975343591e+09 3.6985384915e-05 1.0965768230e+01
W 1.1497802114e-02 1.0722672220e+10 3.9404033392e-05 1.2549684637e+01
W 1.1497802114e-02 1.3530477746e+10 4.0870301630e-05 1.4169913121e+01
W 1.1497802114e-02 1.7073526475e+10 4.3557689538e-05 1.6216642306e+01
W 1.1497802114e-02 2.1544346900e+10 4.5192793701e-05 1.8310293784e+01
W 1.1497802114e-02 2.7185882427e+10 4.6895804912e-05 2.0674246377e+01
W 1.1497802114e-02 3.4304692863e+10 5.0000175667e-05 2.3660473821e+01
W 1.1497802114e-02 4.3287612811e+10 5.1896370907e-05 2.6715162026e+01
W 1.1497802114e-02 5.4622772177e+10 5.3869229087e-05 3.0164226104e+01
W 1.1497802114e-02 6.8926121044e+10 5.7450286624e-05 3.4521204259e+01
W 1.1497802114e-02 8.6974900262e+10 5.9640760131e-05 3.8978068320e+01
W 1.1497802114e-02 1.0974987655e+11 6.3609079271e-05 4.4608134598e+01
W 1.1497802114e-02 1.3848863714e+11 6.6034212207e-05 5.0367272966e+01
W 1.1497802114e-02 1.7475284000e+11 6.8548233669e-05 5.6869945558e+01
W 1.1497802114e-02 2.2051307399e+11 7.3097484728e-05 6.5084348593e+01
W 1.1497802114e-02 2.7825594022e+11 7.5863094977e-05 7.3487070933e+01
W 1.1497802114e-02 3.5111917342e+11 7.8718619772e-05 8.2974627711e+01
W 1.1497802114e-02 4.4306214576e+11 8.3895218225e-05 9.4959640655e+01
W 1.1497802114e-02 5.5908101825e+11 8.7005031462e-05 1.0721941603e+02
W 1.1497802114e-02 7.0548023107e+11 9.0195774184e-05 1.2106199111e+02
W 1.1497802114e-02 8.9021508545e+11 9.6016484300e-05 1.3854841522e+02
W 1.1497802114e-02 1.1233240330e+12 9.9436396533e-05 1.5643572437e+02
W 1.1497802114e-02 1.4174741629e+12 1.0291009653e-04 1.7663237663e+02
W 1.1497802114e-02 1.7886495291e+12 1.0933281536e-04 2.0214549285e+02
W 1.1497802114e-02 2.2570197196e+12 1.1296049876e-04 2.2824351004e+02
W 1.1497802114e-02 2.8480358684e+12 1.1658371445e-04 2.5771091476e+02
W 1.1497802114e-02 3.5938136638e+12 1.2346011818e-04 2.9493516915e+02
W 1.1497802114e-02 4.5348785081e+12 1.2707735872e-04 3.3301280821e+02
W 1.1497802114e-02 5.7223676594e+12 1.3415286217e-04 3.8111381122e+02
W 1.1497802114e-02 7.2208090184e+12 1.3758463286e-04 4.3031755383e+02
W 1.1497802114e-02 9.1116275612e+12 1.4078789430e-04 4.8587375130e+02
W 1.1497802114e-02 1.1497569954e+13 1.4762279220e-04 5.5605427949e+02
W 1.1497802114e-02 1.4508287785e+13 1.5021804612e-04 6.2784373144e+02
W 1.1497802114e-02 1.8307382803e+13 1.5233102466e-04 7.0890156889e+02
W 1.1497802114e-02 2.3101297001e+13 1.5806557865e-04 8.1129665897e+02
W 1.1497802114e-02 2.9150530628e+13 1.5891335595e-04 9.1603920781e+02
W 1.1497802114e-02 3.6783797718e+13 1.5891369397e-04 1.0343045555e+03
W 1.1497802114e-02 4.6415888336e+13 1.6225266166e-04 1.1837014715e+03
W 1.1497802114e-02 5.8570208181e+13 1.6009806412e-04 1.3365233867e+03
W 1.1497802114e-02 7.3907220335e+13 1.6094616441e-04 1.5295733651e+03
W 1.1497802114e-02 9.3260334688e+13 1.5597354346e-04 1.7270491110e+03
W 1.1497802114e-02 1.1768119524e+14 1.4946048834e-04 1.9500199859e+03
W 1.1497802114e-02 1.4849682623e+14 1.4521602925e-04 2.2316845792e+03
W 1.1497802114e-02 1.8738174229e+14 1.3524507474e-04 2.5198064745e+03
W 1.1497802114e-02 2.3644894126e+14 1.2371865348e-04 2.8451263804e+03
W 1.1497802114e-02 2.9836472403e+14 1.1385042155e-04 3.2560818428e+03
W 1.1497802114e-02 3.7649358068e+14 9.9493802341e-05 3.6764586650e+03
W 1.1497802114e-02 4.7508101621e+14 8.6769752672e-05 4.2074933428e+03
W 1.1497802114e-02 5.9948425032e+14 7.1176487476e-05 4.7507022567e+03
W 1.1497802114e-02 7.5646332755e+14 5.6066276304e-05 5.3640422201e+03
W 1.1497802114e-02 9.5454845666e+14 4.3252915504e-05 6.1388346743e+03
W 1.1497802114e-02 1.2045035403e+15 3.0693552447e-05 6.9313896337e+03
W 1.1497802114e-02 1.5199110830e+15 2.0912776559e-05 7.9325727276e+03
W 1.1497802114e-02 1.9179102617e+15 1.2781553917e-05 8.9567084455e+03
W 1.1497802114e-02 2.4201282648e+15 7.0822227473e-06 1.0113065324e+04
W 1.1497802114e-02 3.0538555088e+15 3.5893701263e-06 1.1573815702e+04
W 1.1497802114e-02 3.8535285937e+15 1.5435623042e-06 1.3068054514e+04
W 1.1497802114e-02 4.8626015801e+15 5.7821731056e-07 1.4955629148e+04
W 1.1497802114e-02 6.1359072734e+15 1.7200198394e-07 1.6886477376e+04
W 1.1497802114e-02 7.7426368268e+15 4.0714027082e-08 1.9325592266e+04
W 1.1497802114e-02 9.7700995730e+15 6.8083955949e-09 2.1820625087e+04
W 1.1497802114e-02 1.2328467394e+16 7.8659543484e-10 2.4972437651e+04
W 1.1497802114e-02 1.5556761439e+16 5.4583800203e-11 2.8196507098e+04
W 1.1497802114e-02 1.9630406500e+16 2.1221304500e-12 3.1836820402e+04
W 1.1497802114e-02 2.4770763560e+16 4.2493242411e-14 3.6435391257e+04
W 1.1497802114e-02 3.1257158497e+16 3.6326385648e-16 4.1139386652e+04
W 1.1497802114e-02 3.9442060594e+16 1.1832613175e-18 4.7081637858e+04
W 1.1497802114e-02 4.9770235643e+16 1.1204145459e-21 5.3160118149e+04
W 1.1497802114e-02 6.2802914418e+16 2.4511620669e-25 6.0838666662e+04
W 1.1497802114e-02 7.9248289835e+16 8.0873413639e-30 6.8693249746e+04
W 1.1497802114e-02 1.0000000000e+17 2.6050856143e-35 7.8615433311e+04
W 1.2328840803e-02 1.2618568831e+07 1.2253190024e-05 3.2414713507e-01
W 1.2328840803e-02 1.5922827933e+07 1.2632079549e-05 3.6599618837e-01
W 1.2328840803e-02 2.0092330026e+07 1.3381582783e-05 4.1886137350e-01
W 1.2328840803e-02 2.5353644940e+07 1.3800992707e-05 4.7293851949e-01
W 1.2328840803e-02 3.1992671378e+07 1.4625866998e-05 5.4125065821e-01
W 1.2328840803e-02 4.0370172586e+07 1.5090533533e-05 6.1112888693e-01
W 1.2328840803e-02 5.0941380148e+07 1.5999170254e-05 6.9940150499e-01
W 1.2328840803e-02 6.4280731173e+07 1.6514421718e-05 7.8969781705e-01
W 1.2328840803e-02 8.1113083079e+07 1.7516223029e-05 9.0376327080e-01
W 1.2328840803e-02 1.0235310219e+08 1.8088053563e-05 1.0204437322e+00
W 1.2328840803e-02 1.2915496650e+08 1.9193559655e-05 1.1678385646e+00
W 1.2328840803e-02 1.6297508346e+08 1.9828714485e-05 1.3186124973e+00
W 1.2328840803e-02 2.0565123083e+08 2.1049746794e-05 1.5090753928e+00
W 1.2328840803e-02 2.5950242114e+08 2.1755816278e-05 1.7039047457e+00
W 1.2328840803e-02 3.2745491629e+08 2.3105634679e-05 1.9500199859e+00
W 1.2328840803e-02 4.1320124001e+08 2.3891156312e-05 2.2017775413e+00
W 1.2328840803e-02 5.2140082880e+08 2.5384630259e-05 2.5198064745e+00
W 1.2328840803e-02 6.5793322466e+08 2.6259196474e-05 2.8451263804e+00
W 1.2328840803e-02 8.3021756813e+08 2.7169872423e-05 3.2124467502e+00
W 1.2328840803e-02 1.0476157528e+09 2.8887359178e-05 3.6764586650e+00
W 1.2328840803e-02 1.3219411485e+09 2.9902274695e-05 4.1511082855e+00
W 1.2328840803e-02 1.6681005372e+09 3.1806337290e-05 4.7507022567e+00
W 1.2328840803e-02 2.1049041445e+09 3.2938043185e-05 5.3640422201e+00
W 1.2328840803e-02 2.6560877829e+09 3.5050407252e-05 6.1388346743e+00
W 1.2328840803e-02 3.3516026509e+09 3.6312875901e-05 6.9313896337e+00
W 1.2328840803e-02 4.2292428744e+09 3.7628561409e-05 7.8262674927e+00
W 1.2328840803e-02 5.3366992312e+09 4.0066441144e-05 8.9567084455e+00
W 1.2328840803e-02 6.7341506578e+09 4.1534619408e-05 1.0113065324e+01
W 1.2328840803e-02 8.4975343591e+09 4.3064756862e-05 1.1418713790e+01
W 1.2328840803e-02 1.0722672220e+10 4.5880863385e-05 1.3068054514e+01
W 1.2328840803e-02 1.3530477746e+10 4.7588028650e-05 1.4755207201e+01
W 1.2328840803e-02 1.7073526475e+10 5.0717003851e-05 1.6886477376e+01
W 1.2328840803e-02 2.1544346900e+10 5.2620713612e-05 1.9066607988e+01
W 1.2328840803e-02 2.7185882427e+10 5.4603468188e-05 2.1528204613e+01
W 1.2328840803e-02 3.4304692863e+10 5.8217874273e-05 2.4637779409e+01
W 1.2328840803e-02 4.3287612811e+10 6.0425501473e-05 2.7818642764e+01
W 1.2328840803e-02 5.4622772177e+10 6.2722356390e-05 3.1410171850e+01
W 1.2328840803e-02 6.8926121044e+10 6.6891663186e-05 3.5947116777e+01
W 1.2328840803e-02 8.6974900262e+10 6.9441804719e-05 4.0588073439e+01
W 1.2328840803e-02 1.0974987655e+11 7.2090170753e-05 4.5828201346e+01
W 1.2328840803e-02 1.3848863714e+11 7.6885134218e-05 5.2447713859e+01
W 1.2328840803e-02 1.7475284000e+11 7.9811803181e-05 5.9218982013e+01
W 1.2328840803e-02 2.2051307399e+11 8.2842232565e-05 6.6864455523e+01
W 1.2328840803e-02 2.7825594022e+11 8.8327447700e-05 7.6522484575e+01
W 1.2328840803e-02 3.5111917342e+11 9.1651450282e-05 8.6401928782e+01
W 1.2328840803e-02 4.4306214576e+11 9.7677723904e-05 9.8881987607e+01
W 1.2328840803e-02 5.5908101825e+11 1.0129752160e-04 1.1164815803e+02
W 1.2328840803e-02 7.0548023107e+11 1.0501139154e-04 1.2606250637e+02
W 1.2328840803e-02 8.9021508545e+11 1.1178702547e-04 1.4427121441e+02
W 1.2328840803e-02 1.1233240330e+12 1.1576730400e-04 1.6289736620e+02
W 1.2328840803e-02 1.4174741629e+12 1.1980997763e-04 1.8392824948e+02
W 1.2328840803e-02 1.7886495291e+12 1.2728565386e-04 2.1049519544e+02
W 1.2328840803e-02 2.2570197196e+12 1.3150699651e-04 2.3767120195e+02
W 1.2328840803e-02 2.8480358684e+12 1.3572280209e-04 2.6835576992e+02
W 1.2328840803e-02 3.5938136638e+12 1.4372540926e-04 3.0711758742e+02
W 1.2328840803e-02 4.5348785081e+12 1.4793337371e-04 3.4676803901e+02
W 1.2328840803e-02 5.7223676594e+12 1.5200902567e-04 3.9153756672e+02
W 1.2328840803e-02 7.2208090184e+12 1.6015750202e-04 4.4809199709e+02
W 1.2328840803e-02 9.1116275612e+12 1.6388178861e-04 5.0594296612e+02
W 1.2328840803e-02 1.1497569954e+13 1.6725795382e-04 5.7126279118e+02
W 1.2328840803e-02 1.4508287785e+13 1.7484752936e-04 6.5377707459e+02
W 1.2328840803e-02 1.8307382803e+13 1.7730026734e-04 7.3818303930e+02
W 1.2328840803e-02 2.3101297001e+13 1.7906939367e-04 8.3348624582e+02
W 1.2328840803e-02 2.9150530628e+13 1.8494512375e-04 9.5387658345e+02
W 1.2328840803e-02 3.6783797718e+13 1.8493584701e-04 1.0770269299e+03
W 1.2328840803e-02 4.6415888336e+13 1.8881051777e-04 1.2325947469e+03
W 1.2328840803e-02 5.8570208181e+13 1.8629101593e-04 1.3917290340e+03
W 1.2328840803e-02 7.3907220335e+13 1.8227858403e-04 1.5714083716e+03
W 1.2328840803e-02 9.3260334688e+13 1.8146320492e-04 1.7983855837e+03
W 1.2328840803e-02 1.1768119524e+14 1.7386943430e-04 2.0305663622e+03
W 1.2328840803e-02 1.4849682623e+14 1.6441690927e-04 2.2927228668e+03
W 1.2328840803e-02 1.8738174229e+14 1.5729674910e-04 2.6238881157e+03
W 1.2328840803e-02 2.3644894126e+14 1.4387120903e-04 2.9626454939e+03
W 1.2328840803e-02 2.9836472403e+14 1.3237482923e-04 3.3905756404e+03
W 1.2328840803e-02 3.7649358068e+14 1.1566158073e-04 3.8283162999e+03
W 1.2328840803e-02 4.7508101621e+14 9.8164318351e-05 4.3225715179e+03
W 1.2328840803e-02 5.9948425032e+14 8.2706229652e-05 4.9469319642e+03
W 1.2328840803e-02 7.5646332755e+14 6.5130642125e-05 5.5856061867e+03
W 1.2328840803e-02 9.5454845666e+14 4.8892677730e-05 6.3067365184e+03
W 1.2328840803e-02 1.2045035403e+15 3.5631659740e-05 7.2176935289e+03
W 1.2328840803e-02 1.5199110830e+15 2.3620961891e-05 8.1495346853e+03
W 1.2328840803e-02 1.9179102617e+15 1.4824262285e-05 9.3266689659e+03
W 1.2328840803e-02 2.4201282648e+15 8.2093183772e-06 1.0530789640e+04
W 1.2328840803e-02 3.0538555088e+15 4.1577685386e-06 1.2051876912e+04
W 1.2328840803e-02 3.8535285937e+15 1.7865647706e-06 1.3607835872e+04
W 1.2328840803e-02 4.8626015801e+15 6.5081316810e-07 1.5364677094e+04
W 1.2328840803e-02 6.1359072734e+15 1.9866844519e-07 1.7583980259e+04
W 1.2328840803e-02 7.7426368268e+15 4.5712523313e-08 1.9854162060e+04
W 1.2328840803e-02 9.7700995730e+15 7.8405902957e-09 2.2721934967e+04
W 1.2328840803e-02 1.2328467394e+16 8.8000065731e-10 2.5655453004e+04
W 1.2328840803e-02 1.5556761439e+16 6.2586602544e-11 2.9361175402e+04
W 1.2328840803e-02 1.9630406500e+16 2.4262870074e-12 3.3151853343e+04
W 1.2328840803e-02 2.4770763560e+16 4.8415672964e-14 3.7940370054e+04
W 1.2328840803e-02 3.1257158497e+16 4.1217095361e-16 4.2838665911e+04
W 1.2328840803e-02 3.9442060594e+16 1.3358409515e-18 4.9026364243e+04
W 1.2328840803e-02 4.9770235643e+16 1.2572453155e-21 5.5355918659e+04
W 1.2328840803e-02 6.2802914418e+16 2.6576865425e-25 6.2502650930e+04
W 1.2328840803e-02 7.9248289835e+16 8.9282872953e-30 7.1530652635e+04
W 1.2328840803e-02 1.0000000000e+17 2.7688397175e-35 8.0765625803e+04
W 1.3219945346e-02 1.2618568831e+07 1.4269095302e-05 3.3753616559e-01
W 1.3219945346e-02 1.5922827933e+07 1.5112655709e-05 3.8629053094e-01
W 1.3219945346e-02 2.0092330026e+07 1.5583125827e-05 4.3616261454e-01
W 1.3219945346e-02 2.5353644940e+07 1.6511102088e-05 4.9916277164e-01
W 1.3219945346e-02 3.1992671378e+07 1.7032111343e-05 5.6360723890e-01
W 1.3219945346e-02 4.0370172586e+07 1.8053860419e-05 6.4501573980e-01
W 1.3219945346e-02 5.0941380148e+07 1.8631338198e-05 7.2829057136e-01
W 1.3219945346e-02 6.4280731173e+07 1.9757343395e-05 8.3348624582e-01
W 1.3219945346e-02 8.1113083079e+07 2.0397959049e-05 9.4109358382e-01
W 1.3219945346e-02 1.0235310219e+08 2.1639969218e-05 1.0770269299e+00
W 1.3219945346e-02 1.2915496650e+08 2.2351226793e-05 1.2160766160e+00
W 1.3219945346e-02 1.6297508346e+08 2.3722415731e-05 1.3917290340e+00
W 1.3219945346e-02 2.0565123083e+08 2.4512760516e-05 1.5714083716e+00
W 1.3219945346e-02 2.5950242114e+08 2.6027904131e-05 1.7983855837e+00
W 1.3219945346e-02 3.2745491629e+08 2.6906837924e-05 2.0305663622e+00
W 1.3219945346e-02 4.1320124001e+08 2.7821567662e-05 2.2927228668e+00
W 1.3219945346e-02 5.2140082880e+08 2.9560713233e-05 2.6238881157e+00
W 1.3219945346e-02 6.5793322466e+08 3.0579128671e-05 2.9626454939e+00
W 1.3219945346e-02 8.3021756813e+08 3.2504957068e-05 3.3905756404e+00
W 1.3219945346e-02 1.0476157528e+09 3.3639584792e-05 3.8283162999e+00
W 1.3219945346e-02 1.3219411485e+09 3.4821422697e-05 4.3225715179e+00
W 1.3219945346e-02 1.6681005372e+09 3.7038671536e-05 4.9469319642e+00
W 1.3219945346e-02 2.1049041445e+09 3.8356497934e-05 5.5856061867e+00
W 1.3219945346e-02 2.6560877829e+09 4.0816295448e-05 6.3924017614e+00
W 1.3219945346e-02 3.3516026509e+09 4.2286376534e-05 7.2176935289e+00
W 1.3219945346e-02 4.2292428744e+09 4.3818418204e-05 8.1495346853e+00
W 1.3219945346e-02 5.3366992312e+09 4.6657239708e-05 9.3266689659e+00
W 1.3219945346e-02 6.7341506578e+09 4.8366831166e-05 1.0530789640e+01
W 1.3219945346e-02 8.4975343591e+09 5.0148558426e-05 1.1890368452e+01
W 1.3219945346e-02 1.0722672220e+10 5.3427765586e-05 1.3607835872e+01
W 1.3219945346e-02 1.3530477746e+10 5.5415599543e-05 1.5364677094e+01
W 1.3219945346e-02 1.7073526475e+10 5.9059084633e-05 1.7583980259e+01
W 1.3219945346e-02 2.1544346900e+10 6.1275738827e-05 1.9854162060e+01
W 1.3219945346e-02 2.7185882427e+10 6.3584409722e-05 2.2417435945e+01
W 1.3219945346e-02 3.4304692863e+10 6.7793059617e-05 2.5655453004e+01
W 1.3219945346e-02 4.3287612811e+10 7.0363510957e-05 2.8967703227e+01
W 1.3219945346e-02 5.4622772177e+10 7.3037821632e-05 3.2707581897e+01
W 1.3219945346e-02 6.8926121044e+10 7.7892473655e-05 3.7431927196e+01
W 1.3219945346e-02 8.6974900262e+10 8.0861611223e-05 4.2264580479e+01
W 1.3219945346e-02 1.0974987655e+11 8.3945061986e-05 4.7721154022e+01
W 1.3219945346e-02 1.3848863714e+11 8.9528021458e-05 5.4614088217e+01
W 1.3219945346e-02 1.7475284000e+11 9.2935368585e-05 6.1665046383e+01
W 1.3219945346e-02 2.2051307399e+11 9.6463441488e-05 6.9626319316e+01
W 1.3219945346e-02 2.7825594022e+11 1.0284979547e-04 7.9683277224e+01
W 1.3219945346e-02 3.5111917342e+11 1.0671945513e-04 8.9970795930e+01
W 1.3219945346e-02 4.4306214576e+11 1.1070754742e-04 1.0158648593e+02
W 1.3219945346e-02 5.5908101825e+11 1.1794923045e-04 1.1625983105e+02
W 1.3219945346e-02 7.0548023107e+11 1.2227232364e-04 1.3126956996e+02
W 1.3219945346e-02 8.9021508545e+11 1.2669498935e-04 1.4821714295e+02
W 1.3219945346e-02 1.1233240330e+12 1.3479298103e-04 1.6962590881e+02
W 1.3219945346e-02 1.4174741629e+12 1.3949813370e-04 1.9152548135e+02
W 1.3219945346e-02 1.7886495291e+12 1.4425457513e-04 2.1625240073e+02
W 1.3219945346e-02 2.2570197196e+12 1.5311247890e-04 2.4748830855e+02
W 1.3219945346e-02 2.8480358684e+12 1.5801804280e-04 2.7944031520e+02
W 1.3219945346e-02 3.5938136638e+12 1.6287709248e-04 3.1551748936e+02
W 1.3219945346e-02 4.5348785081e+12 1.7222723481e-04 3.6109143526e+02
W 1.3219945346e-02 5.7223676594e+12 1.7696791001e-04 4.0771018670e+02
W 1.3219945346e-02 7.2208090184e+12 1.8148555398e-04 4.6034765743e+02
W 1.3219945346e-02 9.1116275612e+12 1.9077934958e-04 5.2684114810e+02
W 1.3219945346e-02 1.1497569954e+13 1.9470325157e-04 5.9485903535e+02
W 1.3219945346e-02 1.4508287785e+13 1.9811226775e-04 6.7165837980e+02
W 1.3219945346e-02 1.8307382803e+13 2.0637754510e-04 7.6867399286e+02
W 1.3219945346e-02 2.3101297001e+13 2.0842742126e-04 8.6791373747e+02
W 1.3219945346e-02 2.9150530628e+13 2.1525565093e-04 9.9327684744e+02
W 1.3219945346e-02 3.6783797718e+13 2.1523277189e-04 1.1215139695e+03
W 1.3219945346e-02 4.6415888336e+13 2.1387865156e-04 1.2663071600e+03
W 1.3219945346e-02 5.8570208181e+13 2.1678103987e-04 1.4492149732e+03
W 1.3219945346e-02 7.3907220335e+13 2.1209508624e-04 1.6363160397e+03
W 1.3219945346e-02 9.3260334688e+13 2.0550670905e-04 1.8475728109e+03
W 1.3219945346e-02 1.1768119524e+14 2.0227193330e-04 2.1144397396e+03
W 1.3219945346e-02 1.4849682623e+14 1.9125345883e-04 2.3874247263e+03
W 1.3219945346e-02 1.8738174229e+14 1.7807689719e-04 2.6956534713e+03
W 1.3219945346e-02 2.3644894126e+14 1.6730792605e-04 3.0850187826e+03
W 1.3219945346e-02 2.9836472403e+14 1.4981536333e-04 3.4833104887e+03
W 1.3219945346e-02 3.7649358068e+14 1.3445452634e-04 3.9864464768e+03
W 1.3219945346e-02 4.7508101621e+14 1.1408915489e-04 4.5011171095e+03
W 1.3219945346e-02 5.9948425032e+14 9.3540627780e-05 5.0822343536e+03
W 1.3219945346e-02 7.5646332755e+14 7.5655318999e-05 5.8163219439e+03
W 1.3219945346e-02 9.5454845666e+14 5.6774254192e-05 6.5672388601e+03
W 1.3219945346e-02 1.2045035403e+15 4.1359353448e-05 7.5158233240e+03
W 1.3219945346e-02 1.5199110830e+15 2.7405482807e-05 8.4861545621e+03
W 1.3219945346e-02 1.9179102617e+15 1.6732591249e-05 9.5817605267e+03
W 1.3219945346e-02 2.4201282648e+15 9.5136139783e-06 1.0965768230e+04
W 1.3219945346e-02 3.0538555088e+15 4.6866531634e-06 1.2381505004e+04
W 1.3219945346e-02 3.8535285937e+15 2.0671263243e-06 1.4169913121e+04
W 1.3219945346e-02 4.8626015801e+15 7.5225276156e-07 1.5999321391e+04
W 1.3219945346e-02 6.1359072734e+15 2.2325085674e-07 1.8064915626e+04
W 1.3219945346e-02 7.7426368268e+15 5.2697448831e-08 2.0674246377e+04
W 1.3219945346e-02 9.7700995730e+15 8.7826709733e-09 2.3343397343e+04
W 1.3219945346e-02 1.2328467394e+16 1.0105625414e-09 2.6715162026e+04
W 1.3219945346e-02 1.5556761439e+16 6.9780519577e-11 3.0164226104e+04
W 1.3219945346e-02 1.9630406500e+16 2.7706044802e-12 3.4521204259e+04
W 1.3219945346e-02 2.4770763560e+16 5.3614842740e-14 3.8978068320e+04
W 1.3219945346e-02 3.1257158497e+16 4.6682185134e-16 4.4608134598e+04
W 1.3219945346e-02 3.9442060594e+16 1.4647663864e-18 5.0367272966e+04
W 1.3219945346e-02 4.9770235643e+16 1.4071035700e-21 5.7642417611e+04
W 1.3219945346e-02 6.2802914418e+16 2.9511035409e-25 6.5084348593e+04
W 1.3219945346e-02 7.9248289835e+16 9.8191739104e-30 7.4485255616e+04
W 1.3219945346e-02 1.0000000000e+17 3.0094444803e-35 8.4101683142e+04
W 1.4175457186e-02 1.2618568831e+07 1.7073044140e-05 3.5625241125e-01
W 1.4175457186e-02 1.5922827933e+07 1.7600964760e-05 4.0224641994e-01
W 1.4175457186e-02 2.0092330026e+07 1.8645280053e-05 4.6034765743e-01
W 1.4175457186e-02 2.5353644940e+07 1.9229656747e-05 5.1978089490e-01
W 1.4175457186e-02 3.1992671378e+07 2.0378986396e-05 5.9485903535e-01
W 1.4175457186e-02 4.0370172586e+07 2.1026417349e-05 6.7165837980e-01
W 1.4175457186e-02 5.0941380148e+07 2.2292452082e-05 7.6867399286e-01
W 1.4175457186e-02 6.4280731173e+07 2.3010360186e-05 8.6791373747e-01
W 1.4175457186e-02 8.1113083079e+07 2.4406198688e-05 9.9327684744e-01
W 1.4175457186e-02 1.0235310219e+08 2.5202934167e-05 1.1215139695e+00
W 1.4175457186e-02 1.2915496650e+08 2.6031284616e-05 1.2663071600e+00
W 1.4175457186e-02 1.6297508346e+08 2.7628219335e-05 1.4492149732e+00
W 1.4175457186e-02 2.0565123083e+08 2.8548673163e-05 1.6363160397e+00
W 1.4175457186e-02 2.5950242114e+08 3.0313257137e-05 1.8726686388e+00
W 1.4175457186e-02 3.2745491629e+08 3.1336878918e-05 2.1144397396e+00
W 1.4175457186e-02 4.1320124001e+08 3.3288411171e-05 2.4198534347e+00
W 1.4175457186e-02 5.2140082880e+08 3.4427638940e-05 2.7322688918e+00
W 1.4175457186e-02 6.5793322466e+08 3.5613693424e-05 3.0850187826e+00
W 1.4175457186e-02 8.3021756813e+08 3.7856551375e-05 3.5306247595e+00
W 1.4175457186e-02 1.0476157528e+09 3.9177938653e-05 3.9864464768e+00
W 1.4175457186e-02 1.3219411485e+09 4.1663493027e-05 4.5622563833e+00
W 1.4175457186e-02 1.6681005372e+09 4.3136532840e-05 5.1512670205e+00
W 1.4175457186e-02 2.1049041445e+09 4.4671254600e-05 5.8163219439e+00
W 1.4175457186e-02 2.6560877829e+09 4.7535941821e-05 6.6564425412e+00
W 1.4175457186e-02 3.3516026509e+09 4.9247960543e-05 7.5158233240e+00
W 1.4175457186e-02 4.2292428744e+09 5.1032127262e-05 8.4861545621e+00
W 1.4175457186e-02 5.3366992312e+09 5.4338187844e-05 9.7119108575e+00
W 1.4175457186e-02 6.7341506578e+09 5.6329099058e-05 1.0965768230e+01
W 1.4175457186e-02 8.4975343591e+09 5.8404002080e-05 1.2381505004e+01
W 1.4175457186e-02 1.0722672220e+10 6.2222874020e-05 1.4169913121e+01
W 1.4175457186e-02 1.3530477746e+10 6.4537762020e-05 1.5999321391e+01
W 1.4175457186e-02 1.7073526475e+10 6.8780810334e-05 1.8310293784e+01
W 1.4175457186e-02 2.1544346900e+10 7.1362119092e-05 2.0674246377e+01
W 1.4175457186e-02 2.7185882427e+10 7.4050554373e-05 2.3343397343e+01
W 1.4175457186e-02 3.4304692863e+10 7.8951660350e-05 2.6715162026e+01
W 1.4175457186e-02 4.3287612811e+10 8.1944867910e-05 3.0164226104e+01
W 1.4175457186e-02 5.4622772177e+10 8.5058975069e-05 3.4058581998e+01
W 1.4175457186e-02 6.8926121044e+10 9.0712208777e-05 3.8978068320e+01
W 1.4175457186e-02 8.6974900262e+10 9.4169522979e-05 4.4010336332e+01
W 1.4175457186e-02 1.0974987655e+11 9.7759883022e-05 4.9692295885e+01
W 1.4175457186e-02 1.3848863714e+11 1.0426098708e-04 5.6869945558e+01
W 1.4175457186e-02 1.7475284000e+11 1.0822833176e-04 6.4212146446e+01
W 1.4175457186e-02 2.2051307399e+11 1.1233614806e-04 7.2502263027e+01
W 1.4175457186e-02 2.7825594022e+11 1.1977240372e-04 8.2974627711e+01
W 1.4175457186e-02 3.5111917342e+11 1.2427769259e-04 9.3687076602e+01
W 1.4175457186e-02 4.4306214576e+11 1.2892071984e-04 1.0578255744e+02
W 1.4175457186e-02 5.5908101825e+11 1.3735236470e-04 1.2106199111e+02
W 1.4175457186e-02 7.0548023107e+11 1.4238502640e-04 1.3669171345e+02
W 1.4175457186e-02 8.9021508545e+11 1.4753337081e-04 1.5433931290e+02
W 1.4175457186e-02 1.1233240330e+12 1.5696118657e-04 1.7663237663e+02
W 1.4175457186e-02 1.4174741629e+12 1.6243776517e-04 1.9943652001e+02
W 1.4175457186e-02 1.7886495291e+12 1.6797366636e-04 2.2518479495e+02
W 1.4175457186e-02 2.2570197196e+12 1.7828487738e-04 2.5771091476e+02
W 1.4175457186e-02 2.8480358684e+12 1.8399335975e-04 2.9098271217e+02
W 1.4175457186e-02 3.5938136638e+12 1.8964709080e-04 3.2855006882e+02
W 1.4175457186e-02 4.5348785081e+12 2.0052926692e-04 3.7600646527e+02
W 1.4175457186e-02 5.7223676594e+12 2.0604361634e-04 4.2455082339e+02
W 1.4175457186e-02 7.2208090184e+12 2.1129743534e-04 4.7936250646e+02
W 1.4175457186e-02 9.1116275612e+12 2.2211082484e-04 5.4860253806e+02
W 1.4175457186e-02 1.1497569954e+13 2.2667116296e-04 6.1942993208e+02
W 1.4175457186e-02 1.4508287785e+13 2.3063088642e-04 6.9940150499e+02
W 1.4175457186e-02 1.8307382803e+13 2.4024241221e-04 8.0042438779e+02
W 1.4175457186e-02 2.3101297001e+13 2.4261692463e-04 9.0376327080e+02
W 1.4175457186e-02 2.9150530628e+13 2.4388137069e-04 1.0204437322e+03
W 1.4175457186e-02 3.6783797718e+13 2.5050998536e-04 1.1678385646e+03
W 1.4175457186e-02 4.6415888336e+13 2.4891712527e-04 1.3186124973e+03
W 1.4175457186e-02 5.8570208181e+13 2.4555965259e-04 1.4888521160e+03
W 1.4175457186e-02 7.3907220335e+13 2.4680168166e-04 1.7039047457e+03
W 1.4175457186e-02 9.3260334688e+13 2.3911227640e-04 1.9238875646e+03
W 1.4175457186e-02 1.1768119524e+14 2.2905813890e-04 2.1722712908e+03
W 1.4175457186e-02 1.4849682623e+14 2.2247690576e-04 2.4860382850e+03
W 1.4175457186e-02 1.8738174229e+14 2.0712038407e-04 2.8069985449e+03
W 1.4175457186e-02 2.3644894126e+14 1.8938446883e-04 3.1693964161e+03
W 1.4175457186e-02 2.9836472403e+14 1.7419057169e-04 3.6271900589e+03
W 1.4175457186e-02 3.7649358068e+14 1.5213720974e-04 4.0954788502e+03
W 1.4175457186e-02 4.7508101621e+14 1.3259297072e-04 4.6870376000e+03
W 1.4175457186e-02 5.9948425032e+14 1.0868220190e-04 5.2921581306e+03
W 1.4175457186e-02 7.5646332755e+14 8.5534799078e-05 5.9754028171e+03
W 1.4175457186e-02 9.5454845666e+14 6.5919861573e-05 6.8385013580e+03
W 1.4175457186e-02 1.2045035403e+15 4.6723719420e-05 7.7213868654e+03
W 1.4175457186e-02 1.5199110830e+15 3.1791242763e-05 8.8366786611e+03
W 1.4175457186e-02 1.9179102617e+15 1.9399263000e-05 9.9775390799e+03
W 1.4175457186e-02 2.4201282648e+15 1.0728980757e-05 1.1265690415e+04
W 1.4175457186e-02 3.0538555088e+15 5.4256777047e-06 1.2892928152e+04
W 1.4175457186e-02 3.8535285937e+15 2.3272283012e-06 1.4557471130e+04
W 1.4175457186e-02 4.8626015801e+15 8.6912307418e-07 1.6660179931e+04
W 1.4175457186e-02 6.1359072734e+15 2.5760100775e-07 1.8811094384e+04
W 1.4175457186e-02 7.7426368268e+15 6.0711247677e-08 2.1528204613e+04
W 1.4175457186e-02 9.7700995730e+15 1.0099331269e-08 2.4307605956e+04
W 1.4175457186e-02 1.2328467394e+16 1.1285650767e-09 2.7445842229e+04
W 1.4175457186e-02 1.5556761439e+16 7.9841032469e-11 3.1410171850e+04
W 1.4175457186e-02 1.9630406500e+16 3.0754591206e-12 3.5465385714e+04
W 1.4175457186e-02 2.4770763560e+16 6.0898395182e-14 4.0588073439e+04
W 1.4175457186e-02 3.1257158497e+16 5.1364865168e-16 4.5828201346e+04
W 1.4175457186e-02 3.9442060594e+16 1.6462217965e-18 5.2447713859e+04
W 1.4175457186e-02 4.9770235643e+16 1.5285969115e-21 5.9218982013e+04
W 1.4175457186e-02 6.2802914418e+16 3.2658232878e-25 6.7772684338e+04
W 1.4175457186e-02 7.9248289835e+16 1.0468473917e-29 7.6522484575e+04
W 1.4175457186e-02 1.0000000000e+17 3.2547569842e-35 8.7575537700e+04
W 1.5200031555e-02 1.2618568831e+07 1.9886511897e-05 3.7096756339e-01
W 1.5200031555e-02 1.5922827933e+07 2.1062153720e-05 4.2455082339e-01
W 1.5200031555e-02 2.0092330026e+07 2.1717826354e-05 4.7936250646e-01
W 1.5200031555e-02 2.5353644940e+07 2.3011111928e-05 5.4860253806e-01
W 1.5200031555e-02 3.1992671378e+07 2.3737215087e-05 6.1942993208e-01
W 1.5200031555e-02 4.0370172586e+07 2.4491326798e-05 6.9940150499e-01
W 1.5200031555e-02 5.0941380148e+07 2.5965979236e-05 8.0042438779e-01
W 1.5200031555e-02 6.4280731173e+07 2.6802178392e-05 9.0376327080e-01
W 1.5200031555e-02 8.1113083079e+07 2.8428020052e-05 1.0343045555e+00
W 1.5200031555e-02 1.0235310219e+08 2.9356031779e-05 1.1678385646e+00
W 1.5200031555e-02 1.2915496650e+08 3.1150164646e-05 1.3365233867e+00
W 1.5200031555e-02 1.6297508346e+08 3.2180932122e-05 1.5090753928e+00
W 1.5200031555e-02 2.0565123083e+08 3.4162536285e-05 1.7270491110e+00
W 1.5200031555e-02 2.5950242114e+08 3.5308373095e-05 1.9500199859e+00
W 1.5200031555e-02 3.2745491629e+08 3.6500640915e-05 2.2017775413e+00
W 1.5200031555e-02 4.1320124001e+08 3.8773716809e-05 2.5198064745e+00
W 1.5200031555e-02 5.2140082880e+08 4.0100629411e-05 2.8451263804e+00
W 1.5200031555e-02 6.5793322466e+08 4.1482078807e-05 3.2124467502e+00
W 1.5200031555e-02 8.3021756813e+08 4.4094462494e-05 3.6764586650e+00
W 1.5200031555e-02 1.0476157528e+09 4.5633528722e-05 4.1511082855e+00
W 1.5200031555e-02 1.3219411485e+09 4.8528578570e-05 4.7507022567e+00
W 1.5200031555e-02 1.6681005372e+09 5.0244265449e-05 5.3640422201e+00
W 1.5200031555e-02 2.1049041445e+09 5.2031786499e-05 6.0565675103e+00
W 1.5200031555e-02 2.6560877829e+09 5.5368397721e-05 6.9313896337e+00
W 1.5200031555e-02 3.3516026509e+09 5.7362399230e-05 7.8262674927e+00
W 1.5200031555e-02 4.2292428744e+09 5.9440419925e-05 8.8366786611e+00
W 1.5200031555e-02 5.3366992312e+09 6.3291066789e-05 1.0113065324e+01
W 1.5200031555e-02 6.7341506578e+09 6.5609852590e-05 1.1418713790e+01
W 1.5200031555e-02 8.4975343591e+09 6.8026444672e-05 1.2892928152e+01
W 1.5200031555e-02 1.0722672220e+10 7.2474303766e-05 1.4755207201e+01
W 1.5200031555e-02 1.3530477746e+10 7.5170356190e-05 1.6660179931e+01
W 1.5200031555e-02 1.7073526475e+10 7.7979394962e-05 1.8811094384e+01
W 1.5200031555e-02 2.1544346900e+10 8.3118474246e-05 2.1528204613e+01
W 1.5200031555e-02 2.7185882427e+10 8.6249486041e-05 2.4307605956e+01
W 1.5200031555e-02 3.4304692863e+10 8.9509464869e-05 2.7445842229e+01
W 1.5200031555e-02 4.3287612811e+10 9.5443486724e-05 3.1410171850e+01
W 1.5200031555e-02 5.4622772177e+10 9.9070103226e-05 3.5465385714e+01
W 1.5200031555e-02 6.8926121044e+10 1.0284121998e-04 4.0044148431e+01
W 1.5200031555e-02 8.6974900262e+10 1.0968018268e-04 4.5828201346e+01
W 1.5200031555e-02 1.0974987655e+11 1.1386121802e-04 5.1744856573e+01
W 1.5200031555e-02 1.3848863714e+11 1.1819942480e-04 5.8425382255e+01
W 1.5200031555e-02 1.7475284000e+11 1.2605211109e-04 6.6864455523e+01
W 1.5200031555e-02 2.2051307399e+11 1.3083540747e-04 7.5496998774e+01
W 1.5200031555e-02 2.7825594022e+11 1.3578133724e-04 8.5244047518e+01
W 1.5200031555e-02 3.5111917342e+11 1.4474088349e-04 9.7556859773e+01
W 1.5200031555e-02 4.4306214576e+11 1.5014689924e-04 1.1015194942e+02
W 1.5200031555e-02 5.5908101825e+11 1.5570632130e-04 1.2437312957e+02
W 1.5200031555e-02 7.0548023107e+11 1.6582421086e-04 1.4233782081e+02
W 1.5200031555e-02 8.9021508545e+11 1.7181780333e-04 1.6071436160e+02
W 1.5200031555e-02 1.1233240330e+12 1.7792835319e-04 1.8146340781e+02
W 1.5200031555e-02 1.4174741629e+12 1.8916979097e-04 2.0767432736e+02
W 1.5200031555e-02 1.7886495291e+12 1.9561333634e-04 2.3448614538e+02
W 1.5200031555e-02 2.2570197196e+12 2.0208997094e-04 2.6475950625e+02
W 1.5200031555e-02 2.8480358684e+12 2.1426048513e-04 3.0300187259e+02
W 1.5200031555e-02 3.5938136638e+12 2.2083918664e-04 3.4212096433e+02
W 1.5200031555e-02 4.5348785081e+12 2.2728876838e-04 3.8629053094e+02
W 1.5200031555e-02 5.7223676594e+12 2.3991974674e-04 4.4208706948e+02
W 1.5200031555e-02 7.2208090184e+12 2.4602976885e-04 4.9916277164e+02
W 1.5200031555e-02 9.1116275612e+12 2.5172687632e-04 5.6360723890e+02
W 1.5200031555e-02 1.1497569954e+13 2.6391159061e-04 6.4501573980e+02
W 1.5200031555e-02 1.4508287785e+13 2.6851060233e-04 7.2829057136e+02
W 1.5200031555e-02 1.8307382803e+13 2.7224170034e-04 8.2231660967e+02
W 1.5200031555e-02 2.3101297001e+13 2.8243743856e-04 9.4109358382e+02
W 1.5200031555e-02 2.9150530628e+13 2.8389297699e-04 1.0625935796e+03
W 1.5200031555e-02 3.6783797718e+13 2.8382732938e-04 1.1997798464e+03
W 1.5200031555e-02 4.6415888336e+13 2.8971516741e-04 1.3730783280e+03
W 1.5200031555e-02 5.8570208181e+13 2.8578416958e-04 1.5503497641e+03
W 1.5200031555e-02 7.3907220335e+13 2.7955730225e-04 1.7505078494e+03
W 1.5200031555e-02 9.3260334688e+13 2.7822659646e-04 2.0033545305e+03
W 1.5200031555e-02 1.1768119524e+14 2.6649680957e-04 2.2619978484e+03
W 1.5200031555e-02 1.4849682623e+14 2.5191575822e-04 2.5540333419e+03
W 1.5200031555e-02 1.8738174229e+14 2.4090575091e-04 2.9229427725e+03
W 1.5200031555e-02 2.3644894126e+14 2.2023936982e-04 3.3003096366e+03
W 1.5200031555e-02 2.9836472403e+14 2.0253084158e-04 3.7770126337e+03
W 1.5200031555e-02 3.7649358068e+14 1.7685031964e-04 4.2646442859e+03
W 1.5200031555e-02 4.7508101621e+14 1.4998988003e-04 4.8152316789e+03
W 1.5200031555e-02 5.9948425032e+14 1.2626760720e-04 5.5107528953e+03
W 1.5200031555e-02 7.5646332755e+14 9.9341408097e-05 6.2222192842e+03
W 1.5200031555e-02 9.5454845666e+14 7.4493116653e-05 7.0255396233e+03
W 1.5200031555e-02 1.2045035403e+15 5.4220078110e-05 8.0403219206e+03
W 1.5200031555e-02 1.5199110830e+15 3.5890827282e-05 9.0783686106e+03
W 1.5200031555e-02 1.9179102617e+15 2.2486074682e-05 1.0389665429e+04
W 1.5200031555e-02 2.4201282648e+15 1.2427253316e-05 1.1731024384e+04
W 1.5200031555e-02 3.0538555088e+15 6.1120418853e-06 1.3245559641e+04
W 1.5200031555e-02 3.8535285937e+15 2.6906679431e-06 1.5158773453e+04
W 1.5200031555e-02 4.8626015801e+15 9.7695720604e-07 1.7115848650e+04
W 1.5200031555e-02 6.1359072734e+15 2.9706809506e-07 1.9588094363e+04
W 1.5200031555e-02 7.7426368268e+15 6.8035295802e-08 2.2117017547e+04
W 1.5200031555e-02 9.7700995730e+15 1.1603873226e-08 2.5311641602e+04
W 1.5200031555e-02 1.2328467394e+16 1.2935422685e-09 2.8579504013e+04
W 1.5200031555e-02 1.5556761439e+16 8.8814422079e-11 3.2269264179e+04
W 1.5200031555e-02 1.9630406500e+16 3.5022113062e-12 3.6930298034e+04
W 1.5200031555e-02 2.4770763560e+16 6.7213791671e-14 4.1698188426e+04
W 1.5200031555e-02 3.1257158497e+16 5.7942412755e-16 4.7721154022e+04
W 1.5200031555e-02 3.9442060594e+16 1.7963917438e-18 5.3882199122e+04
W 1.5200031555e-02 4.9770235643e+16 1.7008520021e-21 6.1665046383e+04
W 1.5200031555e-02 6.2802914418e+16 3.5050892252e-25 6.9626319316e+04
W 1.5200031555e-02 7.9248289835e+16 1.1415561333e-29 7.9683277224e+04
W 1.5200031555e-02 1.0000000000e+17 3.4081121391e-35 8.9970795930e+04
W 1.6298660160e-02 1.2618568831e+07 2.3166570033e-05 3.8629053094e-01
W 1.6298660160e-02 1.5922827933e+07 2.4536114979e-05 4.4208706948e-01
W 1.6298660160e-02 2.0092330026e+07 2.5299926465e-05 4.9916277164e-01
W 1.6298660160e-02 2.5353644940e+07 2.6806516138e-05 5.7126279118e-01
W 1.6298660160e-02 3.1992671378e+07 2.7652371820e-05 6.4501573980e-01
W 1.6298660160e-02 4.0370172586e+07 2.9311194810e-05 7.3818303930e-01
W 1.6298660160e-02 5.0941380148e+07 3.0248718618e-05 8.3348624582e-01
W 1.6298660160e-02 6.4280731173e+07 3.2076791326e-05 9.5387658345e-01
W 1.6298660160e-02 8.1113083079e+07 3.3116807751e-05 1.0770269299e+00
W 1.6298660160e-02 1.0235310219e+08 3.4197862319e-05 1.2160766160e+00
W 1.6298660160e-02 1.2915496650e+08 3.6287887785e-05 1.3917290340e+00
W 1.6298660160e-02 1.6297508346e+08 3.7488638711e-05 1.5714083716e+00
W 1.6298660160e-02 2.0565123083e+08 3.9797046103e-05 1.7983855837e+00
W 1.6298660160e-02 2.5950242114e+08 4.1131835587e-05 2.0305663622e+00
W 1.6298660160e-02 3.2745491629e+08 4.2520708790e-05 2.2927228668e+00
W 1.6298660160e-02 4.1320124001e+08 4.5168641253e-05 2.6238881157e+00
W 1.6298660160e-02 5.2140082880e+08 4.6714352470e-05 2.9626454939e+00
W 1.6298660160e-02 6.5793322466e+08 4.9645274823e-05 3.3905756404e+00
W 1.6298660160e-02 8.3021756813e+08 5.1366760978e-05 3.8283162999e+00
W 1.6298660160e-02 1.0476157528e+09 5.3159588210e-05 4.3225715179e+00
W 1.6298660160e-02 1.3219411485e+09 5.6532020087e-05 4.9469319642e+00
W 1.6298660160e-02 1.6681005372e+09 5.8530571150e-05 5.5856061867e+00
W 1.6298660160e-02 2.1049041445e+09 6.0612789179e-05 6.3067365184e+00
W 1.6298660160e-02 2.6560877829e+09 6.4499551985e-05 7.2176935289e+00
W 1.6298660160e-02 3.3516026509e+09 6.6822265478e-05 8.1495346853e+00
W 1.6298660160e-02 4.2292428744e+09 6.9242833557e-05 9.2016813019e+00
W 1.6298660160e-02 5.3366992312e+09 7.3728326779e-05 1.0530789640e+01
W 1.6298660160e-02 6.7341506578e+09 7.6429310388e-05 1.1890368452e+01
W 1.6298660160e-02 8.4975343591e+09 7.9244199125e-05 1.3425475844e+01
W 1.6298660160e-02 1.0722672220e+10 8.4425276266e-05 1.5364677094e+01
W 1.6298660160e-02 1.3530477746e+10 8.7565629409e-05 1.7348335504e+01
W 1.6298660160e-02 1.7073526475e+10 9.0837555878e-05 1.9588094363e+01
W 1.6298660160e-02 2.1544346900e+10 9.6823668239e-05 2.2417435945e+01
W 1.6298660160e-02 2.7185882427e+10 1.0047054131e-04 2.5311641602e+01
W 1.6298660160e-02 3.4304692863e+10 1.0426758103e-04 2.8579504013e+01
W 1.6298660160e-02 4.3287612811e+10 1.1117946676e-04 3.2707581897e+01
W 1.6298660160e-02 5.4622772177e+10 1.1540342171e-04 3.6930298034e+01
W 1.6298660160e-02 6.8926121044e+10 1.1979560416e-04 4.1698188426e+01
W 1.6298660160e-02 8.6974900262e+10 1.2776126810e-04 4.7721154022e+01
W 1.6298660160e-02 1.0974987655e+11 1.3263069208e-04 5.3882199122e+01
W 1.6298660160e-02 1.3848863714e+11 1.3768305376e-04 6.0838666662e+01
W 1.6298660160e-02 1.7475284000e+11 1.4682901919e-04 6.9626319316e+01
W 1.6298660160e-02 2.2051307399e+11 1.5239945651e-04 7.8615433311e+01
W 1.6298660160e-02 2.7825594022e+11 1.5815911922e-04 8.8765087906e+01
W 1.6298660160e-02 3.5111917342e+11 1.6410518366e-04 1.0022511483e+02
W 1.6298660160e-02 4.4306214576e+11 1.7488859204e-04 1.1470182092e+02
W 1.6298660160e-02 5.5908101825e+11 1.8136196433e-04 1.2951041276e+02
W 1.6298660160e-02 7.0548023107e+11 1.8800246117e-04 1.4623086955e+02
W 1.6298660160e-02 8.9021508545e+11 2.0012270426e-04 1.6735273430e+02
W 1.6298660160e-02 1.1233240330e+12 2.0723668466e-04 1.8895882839e+02
W 1.6298660160e-02 1.4174741629e+12 2.1446041695e-04 2.1335437975e+02
W 1.6298660160e-02 1.7886495291e+12 2.2782663587e-04 2.4417169190e+02
W 1.6298660160e-02 2.2570197196e+12 2.3536502882e-04 2.7569550638e+02
W 1.6298660160e-02 2.8480358684e+12 2.4289063281e-04 3.1128920656e+02
W 1.6298660160e-02 3.5938136638e+12 2.5718927488e-04 3.5625241125e+02
W 1.6298660160e-02 4.5348785081e+12 2.6469326038e-04 4.0224641994e+02
W 1.6298660160e-02 5.7223676594e+12 2.7195630260e-04 4.5417849044e+02
W 1.6298660160e-02 7.2208090184e+12 2.8650034886e-04 5.1978089490e+02
W 1.6298660160e-02 9.1116275612e+12 2.9312385769e-04 5.8688726735e+02
W 1.6298660160e-02 1.1497569954e+13 2.9911876722e-04 6.6265741577e+02
W 1.6298660160e-02 1.4508287785e+13 3.1264092045e-04 7.5837291248e+02
W 1.6298660160e-02 1.8307382803e+13 3.1696936022e-04 8.5628273491e+02
W 1.6298660160e-02 2.3101297001e+13 3.2006776429e-04 9.6683321627e+02
W 1.6298660160e-02 2.9150530628e+13 3.3049589172e-04 1.1064844438e+03
W 1.6298660160e-02 3.6783797718e+13 3.3039650908e-04 1.2493372457e+03
W 1.6298660160e-02 4.6415888336e+13 3.2824637245e-04 1.4106330750e+03
W 1.6298660160e-02 5.8570208181e+13 3.3261950891e-04 1.6143875977e+03
W 1.6298660160e-02 7.3907220335e+13 3.2534023782e-04 1.8228132949e+03
W 1.6298660160e-02 9.3260334688e+13 3.1513658531e-04 2.0581478158e+03
W 1.6298660160e-02 1.1768119524e+14 3.1006784952e-04 2.3554305985e+03
W 1.6298660160e-02 1.4849682623e+14 2.9306145668e-04 2.6595287378e+03
W 1.6298660160e-02 1.8738174229e+14 2.7274837876e-04 3.0028875026e+03
W 1.6298660160e-02 2.3644894126e+14 2.5612356911e-04 3.4366302814e+03
W 1.6298660160e-02 2.9836472403e+14 2.2921167218e-04 3.8803168307e+03
W 1.6298660160e-02 3.7649358068e+14 2.0557341340e-04 4.4407971694e+03
W 1.6298660160e-02 4.7508101621e+14 1.7430294627e-04 5.0141268007e+03
W 1.6298660160e-02 5.9948425032e+14 1.4278412921e-04 5.6614762203e+03
W 1.6298660160e-02 7.5646332755e+14 1.1536663374e-04 6.4792306068e+03
W 1.6298660160e-02 9.5454845666e+14 8.6473836801e-05 7.3157324225e+03
W 1.6298660160e-02 1.2045035403e+15 6.1234988753e-05 8.2602309016e+03
W 1.6298660160e-02 1.5199110830e+15 4.1619501928e-05 9.4533543540e+03
W 1.6298660160e-02 1.9179102617e+15 2.5364269712e-05 1.0673830759e+04
W 1.6298660160e-02 2.4201282648e+15 1.4390234765e-05 1.2215579163e+04
W 1.6298660160e-02 3.0538555088e+15 7.0710916616e-06 1.3792672921e+04
W 1.6298660160e-02 3.8535285937e+15 3.0267727040e-06 1.5573377552e+04
W 1.6298660160e-02 4.8626015801e+15 1.1276346141e-06 1.7822825807e+04
W 1.6298660160e-02 6.1359072734e+15 3.3325828406e-07 2.0123843791e+04
W 1.6298660160e-02 7.7426368268e+15 7.8270826631e-08 2.3030570039e+04
W 1.6298660160e-02 9.7700995730e+15 1.2966175742e-08 2.6003934443e+04
W 1.6298660160e-02 1.2328467394e+16 1.4810646603e-09 2.9759992163e+04
W 1.6298660160e-02 1.5556761439e+16 1.0136888716e-10 3.3602159387e+04
W 1.6298660160e-02 1.9630406500e+16 3.8760303028e-12 3.7940370054e+04
W 1.6298660160e-02 2.4770763560e+16 7.6071775465e-14 4.3420549222e+04
W 1.6298660160e-02 3.1257158497e+16 6.3479977542e-16 4.9026364243e+04
W 1.6298660160e-02 3.9442060594e+16 2.0084539333e-18 5.6107825483e+04
W 1.6298660160e-02 4.9770235643e+16 1.8361591045e-21 6.3351632771e+04
W 1.6298660160e-02 6.2802914418e+16 3.8496556021e-25 7.2502263027e+04
W 1.6298660160e-02 7.9248289835e+16 1.2059660310e-29 8.1862676067e+04
W 1.6298660160e-02 1.0000000000e+17 3.6453167658e-35 9.3687076602e+04
W 1.7476695496e-02 1.2618568831e+07 2.7729556175e-05 4.0771018670e-01
W 1.7476695496e-02 1.5922827933e+07 2.8586969376e-05 4.6034765743e-01
W 1.7476695496e-02 2.0092330026e+07 3.0283090933e-05 5.2684114810e-01
W 1.7476695496e-02 2.5353644940e+07 3.1232189058e-05 5.9485903535e-01
W 1.7476695496e-02 3.1992671378e+07 3.3098859440e-05 6.8078160513e-01
W 1.7476695496e-02 4.0370172586e+07 3.4150356045e-05 7.6867399286e-01
W 1.7476695496e-02 5.0941380148e+07 3.5242645394e-05 8.6791373747e-01
W 1.7476695496e-02 6.4280731173e+07 3.7372506027e-05 9.9327684744e-01
W 1.7476695496e-02 8.1113083079e+07 3.8584202687e-05 1.1215139695e+00
W 1.7476695496e-02 1.0235310219e+08 4.0933465191e-05 1.2835075790e+00
W 1.7476695496e-02 1.2915496650e+08 4.2278756405e-05 1.4492149732e+00
W 1.7476695496e-02 1.6297508346e+08 4.3677711064e-05 1.6363160397e+00
W 1.7476695496e-02 2.0565123083e+08 4.6367181298e-05 1.8726686388e+00
W 1.7476695496e-02 2.5950242114e+08 4.7922291259e-05 2.1144397396e+00
W 1.7476695496e-02 3.2745491629e+08 5.0895375267e-05 2.4198534347e+00
W 1.7476695496e-02 4.1320124001e+08 5.2625430139e-05 2.7322688918e+00
W 1.7476695496e-02 5.2140082880e+08 5.4426258920e-05 3.0850187826e+00
W 1.7476695496e-02 6.5793322466e+08 5.7840967111e-05 3.5306247595e+00
W 1.7476695496e-02 8.3021756813e+08 5.9846566602e-05 3.9864464768e+00
W 1.7476695496e-02 1.0476157528e+09 6.1935272207e-05 4.5011171095e+00
W 1.7476695496e-02 1.3219411485e+09 6.5864330164e-05 5.1512670205e+00
W 1.7476695496e-02 1.6681005372e+09 6.8192688595e-05 5.8163219439e+00
W 1.7476695496e-02 2.1049041445e+09 7.0618507898e-05 6.5672388601e+00
W 1.7476695496e-02 2.6560877829e+09 7.5146735317e-05 7.5158233240e+00
W 1.7476695496e-02 3.3516026509e+09 7.7852703265e-05 8.4861545621e+00
W 1.7476695496e-02 4.2292428744e+09 8.0672653070e-05 9.5817605267e+00
W 1.7476695496e-02 5.3366992312e+09 8.5898347820e-05 1.0965768230e+01
W 1.7476695496e-02 6.7341506578e+09 8.9044932717e-05 1.2381505004e+01
W 1.7476695496e-02 8.4975343591e+09 9.2324186682e-05 1.3980020637e+01
W 1.7476695496e-02 1.0722672220e+10 9.8360139857e-05 1.5999321391e+01
W 1.7476695496e-02 1.3530477746e+10 1.0201847934e-04 1.8064915626e+01
W 1.7476695496e-02 1.7073526475e+10 1.0583005350e-04 2.0397188644e+01
W 1.7476695496e-02 2.1544346900e+10 1.1280370872e-04 2.3343397343e+01
W 1.7476695496e-02 2.7185882427e+10 1.1705196686e-04 2.6357149352e+01
W 1.7476695496e-02 3.4304692863e+10 1.2147509369e-04 2.9759992163e+01
W 1.7476695496e-02 4.3287612811e+10 1.2952700751e-04 3.4058581998e+01
W 1.7476695496e-02 5.4622772177e+10 1.3444728809e-04 3.8455719160e+01
W 1.7476695496e-02 6.8926121044e+10 1.3956343699e-04 4.3420549222e+01
W 1.7476695496e-02 8.6974900262e+10 1.4487999768e-04 4.9026364243e+01
W 1.7476695496e-02 1.0974987655e+11 1.5451439790e-04 5.6107825483e+01
W 1.7476695496e-02 1.3848863714e+11 1.6039916228e-04 6.3351632771e+01
W 1.7476695496e-02 1.7475284000e+11 1.6649881715e-04 7.1530652635e+01
W 1.7476695496e-02 2.2051307399e+11 1.7754052731e-04 8.1862676067e+01
W 1.7476695496e-02 2.7825594022e+11 1.8424854210e-04 9.2431566313e+01
W 1.7476695496e-02 3.5111917342e+11 1.9117340503e-04 1.0436495435e+02
W 1.7476695496e-02 4.4306214576e+11 2.0373309907e-04 1.1943962674e+02
W 1.7476695496e-02 5.5908101825e+11 2.1127144028e-04 1.3485989354e+02
W 1.7476695496e-02 7.0548023107e+11 2.1900401623e-04 1.5227099567e+02
W 1.7476695496e-02 8.9021508545e+11 2.2691309403e-04 1.7192996014e+02
W 1.7476695496e-02 1.1233240330e+12 2.4140227524e-04 1.9676385039e+02
W 1.7476695496e-02 1.4174741629e+12 2.4981238139e-04 2.2216707001e+02
W 1.7476695496e-02 1.7886495291e+12 2.5831158727e-04 2.5084997524e+02
W 1.7476695496e-02 2.2570197196e+12 2.7415145535e-04 2.8708322248e+02
W 1.7476695496e-02 2.8480358684e+12 2.8291040862e-04 3.2414713507e+02
W 1.7476695496e-02 3.5938136638e+12 2.9158202871e-04 3.6599618837e+02
W 1.7476695496e-02 4.5348785081e+12 3.0828816473e-04 4.1886137350e+02
W 1.7476695496e-02 5.7223676594e+12 3.1673722626e-04 4.7293851949e+02
W 1.7476695496e-02 7.2208090184e+12 3.2478123948e-04 5.3399730166e+02
W 1.7476695496e-02 9.1116275612e+12 3.4136469631e-04 6.1112888693e+02
W 1.7476695496e-02 1.1497569954e+13 3.4833102877e-04 6.9002875244e+02
W 1.7476695496e-02 1.4508287785e+13 3.5436804913e-04 7.7911499420e+02
W 1.7476695496e-02 1.8307382803e+13 3.6908076752e-04 8.9165184490e+02
W 1.7476695496e-02 2.3101297001e+13 3.7266625164e-04 1.0067686593e+03
W 1.7476695496e-02 2.9150530628e+13 3.7453847835e-04 1.1367476433e+03
W 1.7476695496e-02 3.6783797718e+13 3.8463798268e-04 1.3009416336e+03
W 1.7476695496e-02 4.6415888336e+13 3.8210293141e-04 1.4688998534e+03
W 1.7476695496e-02 5.8570208181e+13 3.7685015398e-04 1.6585423386e+03
W 1.7476695496e-02 7.3907220335e+13 3.7864458307e-04 1.8981053466e+03
W 1.7476695496e-02 9.3260334688e+13 3.6672560811e-04 2.1431604565e+03
W 1.7476695496e-02 1.1768119524e+14 3.5117386229e-04 2.4198534347e+03
W 1.7476695496e-02 1.4849682623e+14 3.4093925811e-04 2.7693816645e+03
W 1.7476695496e-02 1.8738174229e+14 3.1725299585e-04 3.1269230040e+03
W 1.7476695496e-02 2.3644894126e+14 2.8992744411e-04 3.5306247595e+03
W 1.7476695496e-02 2.9836472403e+14 2.6650067409e-04 4.0405949108e+03
W 1.7476695496e-02 3.7649358068e+14 2.3259423011e-04 4.5622563833e+03
W 1.7476695496e-02 4.7508101621e+14 2.0254820352e-04 5.2212373672e+03
W 1.7476695496e-02 5.9948425032e+14 1.6586605592e-04 5.8953258204e+03
W 1.7476695496e-02 7.5646332755e+14 1.3039791093e-04 6.6564425412e+03
W 1.7476695496e-02 9.5454845666e+14 1.0036890058e-04 7.6179117543e+03
W 1.7476695496e-02 1.2045035403e+15 7.1037587945e-05 8.6014231310e+03
W 1.7476695496e-02 1.5199110830e+15 4.6968182571e-05 9.7119108575e+03
W 1.7476695496e-02 1.9179102617e+15 2.9386029700e-05 1.1114717722e+04
W 1.7476695496e-02 2.4201282648e+15 1.6214673502e-05 1.2549684637e+04
W 1.7476695496e-02 3.0538555088e+15 8.1775640231e-06 1.4362384940e+04
W 1.7476695496e-02 3.8535285937e+15 3.4964030233e-06 1.6216642306e+04
W 1.7476695496e-02 4.8626015801e+15 1.2662090527e-06 1.8310293784e+04
W 1.7476695496e-02 6.1359072734e+15 3.8383059083e-07 2.0955067422e+04
W 1.7476695496e-02 7.7426368268e+15 8.7579862526e-08 2.3660473821e+04
W 1.7476695496e-02 9.7700995730e+15 1.4870573515e-08 2.7078037634e+04
W 1.7476695496e-02 1.2328467394e+16 1.6487430783e-09 3.0573950809e+04
W 1.7476695496e-02 1.5556761439e+16 1.1553904902e-10 3.4990110379e+04
W 1.7476695496e-02 1.9630406500e+16 4.3997821363e-12 3.9507512620e+04
W 1.7476695496e-02 2.4770763560e+16 8.3637825580e-14 4.4608134598e+04
W 1.7476695496e-02 3.1257158497e+16 7.1277207691e-16 5.1051418350e+04
W 1.7476695496e-02 3.9442060594e+16 2.1794392993e-18 5.7642417611e+04
W 1.7476695496e-02 4.9770235643e+16 2.0293417002e-21 6.5968397978e+04
W 1.7476695496e-02 6.2802914418e+16 4.0982173127e-25 7.4485255616e+04
W 1.7476695496e-02 7.9248289835e+16 1.3022037520e-29 8.5244047518e+04
W 1.7476695496e-02 1.0000000000e+17 3.7718735228e-35 9.6249490116e+04
W 1.8739876925e-02 1.2618568831e+07 3.2312364547e-05 4.2455082339e-01
W 1.8739876925e-02 1.5922827933e+07 3.3311471464e-05 4.7936250646e-01
W 1.8739876925e-02 2.0092330026e+07 3.5287896021e-05 5.4860253806e-01
W 1.8739876925e-02 2.5353644940e+07 3.6393836217e-05 6.1942993208e-01
W 1.8739876925e-02 3.1992671378e+07 3.8568990243e-05 7.0890156889e-01
W 1.8739876925e-02 4.0370172586e+07 3.9794246523e-05 8.0042438779e-01
W 1.8739876925e-02 5.0941380148e+07 4.2190249090e-05 9.1603920781e-01
W 1.8739876925e-02 6.4280731173e+07 4.3548863649e-05 1.0343045555e+00
W 1.8739876925e-02 8.1113083079e+07 4.4960784504e-05 1.1678385646e+00
W 1.8739876925e-02 1.0235310219e+08 4.7698264723e-05 1.3365233867e+00
W 1.8739876925e-02 1.2915496650e+08 4.9265848179e-05 1.5090753928e+00
W 1.8739876925e-02 1.6297508346e+08 5.0895957958e-05 1.7039047457e+00
W 1.8739876925e-02 2.0565123083e+08 5.4029848355e-05 1.9500199859e+00
W 1.8739876925e-02 2.5950242114e+08 5.5841904949e-05 2.2017775413e+00
W 1.8739876925e-02 3.2745491629e+08 5.9306259477e-05 2.5198064745e+00
W 1.8739876925e-02 4.1320124001e+08 6.1322152991e-05 2.8451263804e+00
W 1.8739876925e-02 5.2140082880e+08 6.3420505736e-05 3.2124467502e+00
W 1.8739876925e-02 6.5793322466e+08 6.7399426421e-05 3.6764586650e+00
W 1.8739876925e-02 8.3021756813e+08 6.9736361484e-05 4.1511082855e+00
W 1.8739876925e-02 1.0476157528e+09 7.2170120880e-05 4.6870376000e+00
W 1.8739876925e-02 1.3219411485e+09 7.6748331688e-05 5.3640422201e+00
W 1.8739876925e-02 1.6681005372e+09 7.9461306300e-05 6.0565675103e+00
W 1.8739876925e-02 2.1049041445e+09 8.2287824737e-05 6.8385013580e+00
W 1.8739876925e-02 2.6560877829e+09 8.7564132836e-05 7.8262674927e+00
W 1.8739876925e-02 3.3516026509e+09 9.0717034265e-05 8.8366786611e+00
W 1.8739876925e-02 4.2292428744e+09 9.4002719653e-05 9.9775390799e+00
W 1.8739876925e-02 5.3366992312e+09 1.0009162359e-04 1.1418713790e+01
W 1.8739876925e-02 6.7341506578e+09 1.0375783068e-04 1.2892928152e+01
W 1.8739876925e-02 8.4975343591e+09 1.0757858076e-04 1.4557471130e+01
W 1.8739876925e-02 1.0722672220e+10 1.1461144640e-04 1.6660179931e+01
W 1.8739876925e-02 1.3530477746e+10 1.1887379203e-04 1.8811094384e+01
W 1.8739876925e-02 1.7073526475e+10 1.2331462058e-04 2.1239702897e+01
W 1.8739876925e-02 2.1544346900e+10 1.2794058321e-04 2.3981857192e+01
W 1.8739876925e-02 2.7185882427e+10 1.3638933166e-04 2.7445842229e+01
W 1.8739876925e-02 3.4304692863e+10 1.4154246293e-04 3.0989240860e+01
W 1.8739876925e-02 4.3287612811e+10 1.4690572642e-04 3.4990110379e+01
W 1.8739876925e-02 5.4622772177e+10 1.5665585376e-04 4.0044148431e+01
W 1.8739876925e-02 6.8926121044e+10 1.6261606901e-04 4.5214052838e+01
W 1.8739876925e-02 8.6974900262e+10 1.6880962950e-04 5.1051418350e+01
W 1.8739876925e-02 1.0974987655e+11 1.8003397287e-04 5.8425382255e+01
W 1.8739876925e-02 1.3848863714e+11 1.8688913284e-04 6.5968397978e+01
W 1.8739876925e-02 1.7475284000e+11 1.9399441961e-04 7.4485255616e+01
W 1.8739876925e-02 2.2051307399e+11 2.0135046268e-04 8.4101683142e+01
W 1.8739876925e-02 2.7825594022e+11 2.1467098808e-04 9.6249490116e+01
W 1.8739876925e-02 3.5111917342e+11 2.2273669925e-04 1.0867579165e+02
W 1.8739876925e-02 4.4306214576e+11 2.3104772876e-04 1.2270639228e+02
W 1.8739876925e-02 5.5908101825e+11 2.4614652963e-04 1.4043033682e+02
W 1.8739876925e-02 7.0548023107e+11 2.5515173050e-04 1.5856061167e+02
W 1.8739876925e-02 8.9021508545e+11 2.6436192599e-04 1.7903159775e+02
W 1.8739876925e-02 1.1233240330e+12 2.8123732062e-04 2.0489126203e+02
W 1.8739876925e-02 1.4174741629e+12 2.9102952865e-04 2.3134377207e+02
W 1.8739876925e-02 1.7886495291e+12 3.0092458415e-04 2.6121143648e+02
W 1.8739876925e-02 2.2570197196e+12 3.1086752922e-04 2.9493516915e+02
W 1.8739876925e-02 2.8480358684e+12 3.2956512277e-04 3.3753616559e+02
W 1.8739876925e-02 3.5938136638e+12 3.3965710915e-04 3.8111381122e+02
W 1.8739876925e-02 4.5348785081e+12 3.4954608164e-04 4.3031755383e+02
W 1.8739876925e-02 5.7223676594e+12 3.6893547837e-04 4.9247343925e+02
W 1.8739876925e-02 7.2208090184e+12 3.7829068766e-04 5.5605427949e+02
W 1.8739876925e-02 9.1116275612e+12 3.8700467503e-04 6.2784373144e+02
W 1.8739876925e-02 1.1497569954e+13 4.0568428009e-04 7.1853067342e+02
W 1.8739876925e-02 1.4508287785e+13 4.1269385785e-04 8.1129665897e+02
W 1.8739876925e-02 1.8307382803e+13 4.1836084132e-04 9.1603920781e+02
W 1.8739876925e-02 2.3101297001e+13 4.3395080581e-04 1.0483536522e+03
W 1.8739876925e-02 2.9150530628e+13 4.3609963737e-04 1.1837014715e+03
W 1.8739876925e-02 3.6783797718e+13 4.3590102883e-04 1.3365233867e+03
W 1.8739876925e-02 4.6415888336e+13 4.4483184943e-04 1.5295733651e+03
W 1.8739876925e-02 5.8570208181e+13 4.3867257415e-04 1.7270491110e+03
W 1.8739876925e-02 7.3907220335e+13 4.2897860784e-04 1.9500199859e+03
W 1.8739876925e-02 9.3260334688e+13 4.2678436605e-04 2.2316845792e+03
W 1.8739876925e-02 1.1768119524e+14 4.0862687201e-04 2.5198064745e+03
W 1.8739876925e-02 1.4849682623e+14 3.8609327228e-04 2.8451263804e+03
W 1.8739876925e-02 1.8738174229e+14 3.6902808250e-04 3.2560818428e+03
W 1.8739876925e-02 2.3644894126e+14 3.3717215035e-04 3.6764586650e+03
W 1.8739876925e-02 2.9836472403e+14 3.0160449141e-04 4.1511082855e+03
W 1.8739876925e-02 3.7649358068e+14 2.7035732013e-04 4.7507022567e+03
W 1.8739876925e-02 4.7508101621e+14 2.2909328677e-04 5.3640422201e+03
W 1.8739876925e-02 5.9948425032e+14 1.8753597269e-04 6.0565675103e+03
W 1.8739876925e-02 7.5646332755e+14 1.5140337915e-04 6.9313896337e+03
W 1.8739876925e-02 9.5454845666e+14 1.1337993770e-04 7.8262674927e+03
W 1.8739876925e-02 1.2045035403e+15 8.2395105128e-05 8.9567084455e+03
W 1.8739876925e-02 1.5199110830e+15 5.4442061655e-05 1.0113065324e+04
W 1.8739876925e-02 1.9179102617e+15 3.3130132074e-05 1.1418713790e+04
W 1.8739876925e-02 2.4201282648e+15 1.8763901132e-05 1.3068054514e+04
W 1.8739876925e-02 3.0538555088e+15 9.2016844431e-06 1.4755207201e+04
W 1.8739876925e-02 3.8535285937e+15 4.0369290631e-06 1.6886477376e+04
W 1.8739876925e-02 4.8626015801e+15 1.4598417166e-06 1.9066607988e+04
W 1.8739876925e-02 6.1359072734e+15 4.3000396685e-07 2.1528204613e+04
W 1.8739876925e-02 7.7426368268e+15 1.0059085704e-07 2.4637779409e+04
W 1.8739876925e-02 9.7700995730e+15 1.6583698689e-08 2.7818642764e+04
W 1.8739876925e-02 1.2328467394e+16 1.8832898661e-09 3.1836820402e+04
W 1.8739876925e-02 1.5556761439e+16 1.2799457445e-10 3.5947116777e+04
W 1.8739876925e-02 1.9630406500e+16 4.9854097046e-12 4.1139386652e+04
W 1.8739876925e-02 2.4770763560e+16 9.4268699740e-14 4.6450691916e+04
W 1.8739876925e-02 3.1257158497e+16 7.9825236145e-16 5.3160118149e+04
W 1.8739876925e-02 3.9442060594e+16 2.4220980925e-18 6.0023361341e+04
W 1.8739876925e-02 4.9770235643e+16 2.1749464804e-21 6.7772684338e+04
W 1.8739876925e-02 6.2802914418e+16 4.4618726298e-25 7.7561899686e+04
W 1.8739876925e-02 7.9248289835e+16 1.3612058621e-29 8.7575537700e+04
W 1.8739876925e-02 1.0000000000e+17 3.9830338405e-35 1.0022511483e+05
W 2.0094358642e-02 1.2618568831e+07 3.7658438055e-05 4.4208706948e-01
W 2.0094358642e-02 1.5922827933e+07 3.9884669739e-05 5.0594296612e-01
W 2.0094358642e-02 2.0092330026e+07 4.1126244333e-05 5.7126279118e-01
W 2.0094358642e-02 2.5353644940e+07 4.3575231967e-05 6.5377707459e-01
W 2.0094358642e-02 3.1992671378e+07 4.4950156302e-05 7.3818303930e-01
W 2.0094358642e-02 4.0370172586e+07 4.6378107032e-05 8.3348624582e-01
W 2.0094358642e-02 5.0941380148e+07 4.9170496660e-05 9.5387658345e-01
W 2.0094358642e-02 6.4280731173e+07 5.0753860558e-05 1.0770269299e+00
W 2.0094358642e-02 8.1113083079e+07 5.2399345161e-05 1.2160766160e+00
W 2.0094358642e-02 1.0235310219e+08 5.5589690447e-05 1.3917290340e+00
W 2.0094358642e-02 1.2915496650e+08 5.7416578387e-05 1.5714083716e+00
W 2.0094358642e-02 1.6297508346e+08 6.0938677328e-05 1.7983855837e+00
W 2.0094358642e-02 2.0565123083e+08 6.2968642747e-05 2.0305663622e+00
W 2.0094358642e-02 2.5950242114e+08 6.5080424369e-05 2.2927228668e+00
W 2.0094358642e-02 3.2745491629e+08 6.9117848860e-05 2.6238881157e+00
W 2.0094358642e-02 4.1320124001e+08 7.1467166133e-05 2.9626454939e+00
W 2.0094358642e-02 5.2140082880e+08 7.3912571293e-05 3.3451381824e+00
W 2.0094358642e-02 6.5793322466e+08 7.8549641206e-05 3.8283162999e+00
W 2.0094358642e-02 8.3021756813e+08 8.1273063947e-05 4.3225715179e+00
W 2.0094358642e-02 1.0476157528e+09 8.4109309840e-05 4.8806376128e+00
W 2.0094358642e-02 1.3219411485e+09 8.9444740616e-05 5.5856061867e+00
W 2.0094358642e-02 1.6681005372e+09 9.2606342018e-05 6.3067365184e+00
W 2.0094358642e-02 2.1049041445e+09 9.5900242721e-05 7.1209684648e+00
W 2.0094358642e-02 2.6560877829e+09 1.0204915095e-04 8.1495346853e+00
W 2.0094358642e-02 3.3516026509e+09 1.0572335291e-04 9.2016813019e+00
W 2.0094358642e-02 4.2292428744e+09 1.0955226350e-04 1.0389665429e+01
W 2.0094358642e-02 5.3366992312e+09 1.1354255917e-04 1.1731024384e+01
W 2.0094358642e-02 6.7341506578e+09 1.2092030503e-04 1.3425475844e+01
W 2.0094358642e-02 8.4975343591e+09 1.2537262164e-04 1.5158773453e+01
W 2.0094358642e-02 1.0722672220e+10 1.3001233754e-04 1.7115848650e+01
W 2.0094358642e-02 1.3530477746e+10 1.3853507272e-04 1.9588094363e+01
W 2.0094358642e-02 1.7073526475e+10 1.4370978765e-04 2.2117017547e+01
W 2.0094358642e-02 2.1544346900e+10 1.4910015900e-04 2.4972437651e+01
W 2.0094358642e-02 2.7185882427e+10 1.5894542054e-04 2.8579504013e+01
W 2.0094358642e-02 3.4304692863e+10 1.6494988781e-04 3.2269264179e+01
W 2.0094358642e-02 4.3287612811e+10 1.7119909420e-04 3.6435391257e+01
W 2.0094358642e-02 5.4622772177e+10 1.7770017796e-04 4.1139386652e+01
W 2.0094358642e-02 6.8926121044e+10 1.8950490596e-04 4.7081637858e+01
W 2.0094358642e-02 8.6974900262e+10 1.9672111416e-04 5.3160118149e+01
W 2.0094358642e-02 1.0974987655e+11 2.0421420847e-04 6.0023361341e+01
W 2.0094358642e-02 1.3848863714e+11 2.1778625457e-04 6.8693249746e+01
W 2.0094358642e-02 1.7475284000e+11 2.2606404717e-04 7.7561899686e+01
W 2.0094358642e-02 2.2051307399e+11 2.3463369058e-04 8.7575537700e+01
W 2.0094358642e-02 2.7825594022e+11 2.4349352848e-04 9.8881987607e+01
W 2.0094358642e-02 3.5111917342e+11 2.5954892548e-04 1.1316468985e+02
W 2.0094358642e-02 4.4306214576e+11 2.6922991443e-04 1.2777483020e+02
W 2.0094358642e-02 5.5908101825e+11 2.7918378914e-04 1.4427121441e+02
W 2.0094358642e-02 7.0548023107e+11 2.9730812724e-04 1.6511002285e+02
W 2.0094358642e-02 8.9021508545e+11 3.0803463763e-04 1.8642657141e+02
W 2.0094358642e-02 1.1233240330e+12 3.1896755969e-04 2.1049519544e+02
W 2.0094358642e-02 1.4174741629e+12 3.3909410737e-04 2.4089952158e+02
W 2.0094358642e-02 1.7886495291e+12 3.5061528787e-04 2.7200088213e+02
W 2.0094358642e-02 2.2570197196e+12 3.6219091843e-04 3.0711758742e+02
W 2.0094358642e-02 2.8480358684e+12 3.7374261432e-04 3.4676803901e+02
W 2.0094358642e-02 3.5938136638e+12 3.9571047990e-04 3.9685587370e+02
W 2.0094358642e-02 4.5348785081e+12 4.0721770357e-04 4.4809199709e+02
W 2.0094358642e-02 5.7223676594e+12 4.1834804512e-04 5.0594296612e+02
W 2.0094358642e-02 7.2208090184e+12 4.4067041640e-04 5.7902232984e+02
W 2.0094358642e-02 9.1116275612e+12 4.5080085973e-04 6.5377707459e+02
W 2.0094358642e-02 1.1497569954e+13 4.5995580570e-04 7.3818303930e+02
W 2.0094358642e-02 1.4508287785e+13 4.8067378459e-04 8.4480760063e+02
W 2.0094358642e-02 1.8307382803e+13 4.8724401505e-04 9.5387658345e+02
W 2.0094358642e-02 2.3101297001e+13 4.9191179290e-04 1.0770269299e+03
W 2.0094358642e-02 2.9150530628e+13 5.0782929450e-04 1.2325947469e+03
W 2.0094358642e-02 3.6783797718e+13 5.0755431995e-04 1.3917290340e+03
W 2.0094358642e-02 4.6415888336e+13 5.0411532260e-04 1.5714083716e+03
W 2.0094358642e-02 5.8570208181e+13 5.1067699592e-04 1.7983855837e+03
W 2.0094358642e-02 7.3907220335e+13 4.9933114301e-04 2.0305663622e+03
W 2.0094358642e-02 9.3260334688e+13 4.8348531864e-04 2.2927228668e+03
W 2.0094358642e-02 1.1768119524e+14 4.7550304244e-04 2.6238881157e+03
W 2.0094358642e-02 1.4849682623e+14 4.4920294675e-04 2.9626454939e+03
W 2.0094358642e-02 1.8738174229e+14 4.1783497335e-04 3.3451381824e+03
W 2.0094358642e-02 2.3644894126e+14 3.9211885915e-04 3.8283162999e+03
W 2.0094358642e-02 2.9836472403e+14 3.5066465438e-04 4.3225715179e+03
W 2.0094358642e-02 3.7649358068e+14 3.0587620810e-04 4.8806376128e+03
W 2.0094358642e-02 4.7508101621e+14 2.6619021111e-04 5.5856061867e+03
W 2.0094358642e-02 5.9948425032e+14 2.1781900535e-04 6.3067365184e+03
W 2.0094358642e-02 7.5646332755e+14 1.7109357857e-04 7.1209684648e+03
W 2.0094358642e-02 9.5454845666e+14 1.3156139310e-04 8.1495346853e+03
W 2.0094358642e-02 1.2045035403e+15 9.3006721467e-05 9.2016813019e+03
W 2.0094358642e-02 1.5199110830e+15 6.3090345110e-05 1.0530789640e+04
W 2.0094358642e-02 1.9179102617e+15 3.8361647848e-05 1.1890368452e+04
W 2.0094358642e-02 2.4201282648e+15 2.1128262117e-05 1.3425475844e+04
W 2.0094358642e-02 3.0538555088e+15 1.0632621754e-05 1.5364677094e+04
W 2.0094358642e-02 3.8535285937e+15 4.5345419106e-06 1.7348335504e+04
W 2.0094358642e-02 4.8626015801e+15 1.6820190058e-06 1.9854162060e+04
W 2.0094358642e-02 6.1359072734e+15 4.9453081657e-07 2.2417435945e+04
W 2.0094358642e-02 7.7426368268e+15 1.1235612591e-07 2.5311641602e+04
W 2.0094358642e-02 9.7700995730e+15 1.8979133618e-08 2.8967703227e+04
W 2.0094358642e-02 1.2328467394e+16 2.0911644187e-09 3.2707581897e+04
W 2.0094358642e-02 1.5556761439e+16 1.4543915439e-10 3.7431927196e+04
W 2.0094358642e-02 1.9630406500e+16 5.4880533625e-12 4.2264580479e+04
W 2.0094358642e-02 2.4770763560e+16 1.0600539840e-13 4.8369356820e+04
W 2.0094358642e-02 3.1257158497e+16 8.6776265862e-16 5.4614088217e+04
W 2.0094358642e-02 3.9442060594e+16 2.6113321392e-18 6.1665046383e+04
W 2.0094358642e-02 4.9770235643e+16 2.3850847702e-21 7.0572062895e+04
W 2.0094358642e-02 6.2802914418e+16 4.7054506972e-25 7.9683277224e+04
W 2.0094358642e-02 7.9248289835e+16 1.4532032667e-29 9.1192881248e+04
W 2.0094358642e-02 1.0000000000e+17 4.0648959631e-35 1.0296634871e+05
W 2.1546739653e-02 1.2618568831e+07 4.3896332739e-05 4.6034765743e-01
W 2.1546739653e-02 1.5922827933e+07 4.6491311364e-05 5.2684114810e-01
W 2.1546739653e-02 2.0092330026e+07 4.7938527418e-05 5.9485903535e-01
W 2.1546739653e-02 2.5353644940e+07 5.0793152448e-05 6.8078160513e-01
W 2.1546739653e-02 3.1992671378e+07 5.2395799075e-05 7.6867399286e-01
W 2.1546739653e-02 4.0370172586e+07 5.4060251253e-05 8.6791373747e-01
W 2.1546739653e-02 5.0941380148e+07 5.7315144550e-05 9.9327684744e-01
W 2.1546739653e-02 6.4280731173e+07 5.9160741611e-05 1.1215139695e+00
W 2.1546739653e-02 8.1113083079e+07 6.2749293435e-05 1.2835075790e+00
W 2.1546739653e-02 1.0235310219e+08 6.4797486505e-05 1.4492149732e+00
W 2.1546739653e-02 1.2915496650e+08 6.6926922451e-05 1.6363160397e+00
W 2.1546739653e-02 1.6297508346e+08 7.1032349458e-05 1.8726686388e+00
W 2.1546739653e-02 2.0565123083e+08 7.3398479196e-05 2.1144397396e+00
W 2.1546739653e-02 2.5950242114e+08 7.5859965311e-05 2.3874247263e+00
W 2.1546739653e-02 3.2745491629e+08 8.0566031152e-05 2.7322688918e+00
W 2.1546739653e-02 4.1320124001e+08 8.3304366640e-05 3.0850187826e+00
W 2.1546739653e-02 5.2140082880e+08 8.6154688596e-05 3.4833104887e+00
W 2.1546739653e-02 6.5793322466e+08 9.1559657862e-05 3.9864464768e+00
W 2.1546739653e-02 8.3021756813e+08 9.4734001569e-05 4.5011171095e+00
W 2.1546739653e-02 1.0476157528e+09 9.8039830915e-05 5.0822343536e+00
W 2.1546739653e-02 1.3219411485e+09 1.0425873799e-04 5.8163219439e+00
W 2.1546739653e-02 1.6681005372e+09 1.0794374612e-04 6.5672388601e+00
W 2.1546739653e-02 2.1049041445e+09 1.1178293015e-04 7.4151029914e+00
W 2.1546739653e-02 2.6560877829e+09 1.1578315393e-04 8.3724307193e+00
W 2.1546739653e-02 3.3516026509e+09 1.2323228965e-04 9.5817605267e+00
W 2.1546739653e-02 4.2292428744e+09 1.2769494675e-04 1.0818814826e+01
W 2.1546739653e-02 5.3366992312e+09 1.3234565877e-04 1.2215579163e+01
W 2.1546739653e-02 6.7341506578e+09 1.4094471997e-04 1.3980020637e+01
W 2.1546739653e-02 8.4975343591e+09 1.4613381478e-04 1.5784912815e+01
W 2.1546739653e-02 1.0722672220e+10 1.5154125852e-04 1.7822825807e+01
W 2.1546739653e-02 1.3530477746e+10 1.5717572763e-04 2.0123843791e+01
W 2.1546739653e-02 1.7073526475e+10 1.6750541795e-04 2.3030570039e+01
W 2.1546739653e-02 2.1544346900e+10 1.7378747465e-04 2.6003934443e+01
W 2.1546739653e-02 2.7185882427e+10 1.8032972155e-04 2.9361175402e+01
W 2.1546739653e-02 3.4304692863e+10 1.9225938538e-04 3.3602159387e+01
W 2.1546739653e-02 4.3287612811e+10 1.9954197182e-04 3.7940370054e+01
W 2.1546739653e-02 5.4622772177e+10 2.0711793229e-04 4.2838665911e+01
W 2.1546739653e-02 6.8926121044e+10 2.1499498919e-04 4.8369356820e+01
W 2.1546739653e-02 8.6974900262e+10 2.2928419755e-04 5.5355918659e+01
W 2.1546739653e-02 1.0974987655e+11 2.3801554539e-04 6.2502650930e+01
W 2.1546739653e-02 1.3848863714e+11 2.4707395981e-04 7.0572062895e+01
W 2.1546739653e-02 1.7475284000e+11 2.6347674660e-04 8.0765625803e+01
W 2.1546739653e-02 2.2051307399e+11 2.7346157283e-04 9.1192881248e+01
W 2.1546739653e-02 2.7825594022e+11 2.8378410730e-04 1.0296634871e+02
W 2.1546739653e-02 3.5111917342e+11 2.9443902487e-04 1.1625983105e+02
W 2.1546739653e-02 4.4306214576e+11 3.1377036078e-04 1.3305262203e+02
W 2.1546739653e-02 5.5908101825e+11 3.2536583423e-04 1.5023039616e+02
W 2.1546739653e-02 7.0548023107e+11 3.3725802717e-04 1.6962590881e+02
W 2.1546739653e-02 8.9021508545e+11 3.5897618323e-04 1.9412699750e+02
W 2.1546739653e-02 1.1233240330e+12 3.7170948542e-04 2.1918978593e+02
W 2.1546739653e-02 1.4174741629e+12 3.8463501249e-04 2.4748830855e+02
W 2.1546739653e-02 1.7886495291e+12 4.0857088811e-04 2.8323599026e+02
W 2.1546739653e-02 2.2570197196e+12 4.2204846494e-04 3.1980320549e+02
W 2.1546739653e-02 2.8480358684e+12 4.3549624903e-04 3.6109143526e+02
W 2.1546739653e-02 3.5938136638e+12 4.4880360119e-04 4.0771018670e+02
W 2.1546739653e-02 4.5348785081e+12 4.7446967731e-04 4.6660062104e+02
W 2.1546739653e-02 5.7223676594e+12 4.8741873337e-04 5.2684114810e+02
W 2.1546739653e-02 7.2208090184e+12 4.9973580368e-04 5.9485903535e+02
W 2.1546739653e-02 9.1116275612e+12 5.2518083351e-04 6.8078160513e+02
W 2.1546739653e-02 1.1497569954e+13 5.3581734076e-04 7.6867399286e+02
W 2.1546739653e-02 1.4508287785e+13 5.4501229604e-04 8.6791373747e+02
W 2.1546739653e-02 1.8307382803e+13 5.6753438394e-04 9.9327684744e+02
W 2.1546739653e-02 2.3101297001e+13 5.7292882036e-04 1.1215139695e+03
W 2.1546739653e-02 2.9150530628e+13 5.7567383079e-04 1.2663071600e+03
W 2.1546739653e-02 3.6783797718e+13 5.9104404788e-04 1.4492149732e+03
W 2.1546739653e-02 4.6415888336e+13 5.8697857032e-04 1.6363160397e+03
W 2.1546739653e-02 5.8570208181e+13 5.7872126716e-04 1.8475728109e+03
W 2.1546739653e-02 7.3907220335e+13 5.8126454714e-04 2.1144397396e+03
W 2.1546739653e-02 9.3260334688e+13 5.6273583832e-04 2.3874247263e+03
W 2.1546739653e-02 1.1768119524e+14 5.3862149638e-04 2.6956534713e+03
W 2.1546739653e-02 1.4849682623e+14 5.2264893230e-04 3.0850187826e+03
W 2.1546739653e-02 1.8738174229e+14 4.8604850556e-04 3.4833104887e+03
W 2.1546739653e-02 2.3644894126e+14 4.4388291730e-04 3.9330236916e+03
W 2.1546739653e-02 2.9836472403e+14 4.0770054325e-04 4.5011171095e+03
W 2.1546739653e-02 3.7649358068e+14 3.5551474974e-04 5.0822343536e+03
W 2.1546739653e-02 4.7508101621e+14 3.0104247191e-04 5.7383768066e+03
W 2.1546739653e-02 5.9948425032e+14 2.5297008215e-04 6.5672388601e+03
W 2.1546739653e-02 7.5646332755e+14 1.9860874995e-04 7.4151029914e+03
W 2.1546739653e-02 9.5454845666e+14 1.4857066102e-04 8.3724307193e+03
W 2.1546739653e-02 1.2045035403e+15 1.0783450509e-04 9.5817605267e+03
W 2.1546739653e-02 1.5199110830e+15 7.1147837855e-05 1.0818814826e+04
W 2.1546739653e-02 1.9179102617e+15 4.4405242577e-05 1.2381505004e+04
W 2.1546739653e-02 2.4201282648e+15 2.4431789351e-05 1.3980020637e+04
W 2.1546739653e-02 3.0538555088e+15 1.1953377477e-05 1.5784912815e+04
W 2.1546739653e-02 3.8535285937e+15 5.2298350100e-06 1.8064915626e+04
W 2.1546739653e-02 4.8626015801e+15 1.8851269363e-06 2.0397188644e+04
W 2.1546739653e-02 6.1359072734e+15 5.6827409255e-07 2.3343397343e+04
W 2.1546739653e-02 7.7426368268e+15 1.2880293978e-07 2.6357149352e+04
W 2.1546739653e-02 9.7700995730e+15 2.1117298098e-08 2.9759992163e+04
W 2.1546739653e-02 1.2328467394e+16 2.3820963585e-09 3.4058581998e+04
W 2.1546739653e-02 1.5556761439e+16 1.6058593972e-10 3.8455719160e+04
W 2.1546739653e-02 1.9630406500e+16 6.1938003337e-12 4.4010336332e+04
W 2.1546739653e-02 2.4770763560e+16 1.1574134126e-13 4.9692295885e+04
W 2.1546739653e-02 3.1257158497e+16 9.6622419561e-16 5.6869945558e+04
W 2.1546739653e-02 3.9442060594e+16 2.8819211700e-18 6.4212146446e+04
W 2.1546739653e-02 4.9770235643e+16 2.5348329361e-21 7.2502263027e+04
W 2.1546739653e-02 6.2802914418e+16 5.0713436050e-25 8.2974627711e+04
W 2.1546739653e-02 7.9248289835e+16 1.5005618890e-29 9.3687076602e+04
W 2.1546739653e-02 1.0000000000e+17 4.2292618572e-35 1.0721941603e+05
W 2.3104095928e-02 1.2618568831e+07 5.2576324973e-05 4.8587375130e-01
W 2.3104095928e-02 1.5922827933e+07 5.4201946367e-05 5.4860253806e-01
W 2.3104095928e-02 2.0092330026e+07 5.5889162836e-05 6.1942993208e-01
W 2.3104095928e-02 2.5353644940e+07 5.9217203149e-05 7.0890156889e-01
W 2.3104095928e-02 3.1992671378e+07 6.1085618859e-05 8.0042438779e-01
W 2.3104095928e-02 4.0370172586e+07 6.4749897053e-05 9.1603920781e-01
W 2.3104095928e-02 5.0941380148e+07 6.6820758544e-05 1.0343045555e+00
W 2.3104095928e-02 6.4280731173e+07 6.8972398447e-05 1.1678385646e+00
W 2.3104095928e-02 8.1113083079e+07 7.3156048510e-05 1.3365233867e+00
W 2.3104095928e-02 1.0235310219e+08 7.5543866311e-05 1.5090753928e+00
W 2.3104095928e-02 1.2915496650e+08 7.8026390790e-05 1.7039047457e+00
W 2.3104095928e-02 1.6297508346e+08 8.2812600458e-05 1.9500199859e+00
W 2.3104095928e-02 2.0565123083e+08 8.5571046846e-05 2.2017775413e+00
W 2.3104095928e-02 2.5950242114e+08 8.8440649327e-05 2.4860382850e+00
W 2.3104095928e-02 3.2745491629e+08 9.3927055363e-05 2.8451263804e+00
W 2.3104095928e-02 4.1320124001e+08 9.7119382186e-05 3.2124467502e+00
W 2.3104095928e-02 5.2140082880e+08 1.0044224629e-04 3.6271900589e+00
W 2.3104095928e-02 6.5793322466e+08 1.0390159417e-04 4.0954788502e+00
W 2.3104095928e-02 8.3021756813e+08 1.1044394805e-04 4.6870376000e+00
W 2.3104095928e-02 1.0476157528e+09 1.1429777366e-04 5.2921581306e+00
W 2.3104095928e-02 1.3219411485e+09 1.1831179384e-04 5.9754028171e+00
W 2.3104095928e-02 1.6681005372e+09 1.2584351642e-04 6.8385013580e+00
W 2.3104095928e-02 2.1049041445e+09 1.3031901914e-04 7.7213868654e+00
W 2.3104095928e-02 2.6560877829e+09 1.3498221675e-04 8.7182574082e+00
W 2.3104095928e-02 3.3516026509e+09 1.4366615627e-04 9.9775390799e+00
W 2.3104095928e-02 4.2292428744e+09 1.4886833800e-04 1.1265690415e+01
W 2.3104095928e-02 5.3366992312e+09 1.5428968538e-04 1.2720148677e+01
W 2.3104095928e-02 6.7341506578e+09 1.5993948812e-04 1.4362384940e+01
W 2.3104095928e-02 8.4975343591e+09 1.7036276580e-04 1.6436915121e+01
W 2.3104095928e-02 1.0722672220e+10 1.7666602284e-04 1.8559004946e+01
W 2.3104095928e-02 1.3530477746e+10 1.8323382792e-04 2.0955067422e+01
W 2.3104095928e-02 1.7073526475e+10 1.9527511576e-04 2.3981857192e+01
W 2.3104095928e-02 2.1544346900e+10 2.0259756045e-04 2.7078037634e+01
W 2.3104095928e-02 2.7185882427e+10 2.1022315702e-04 3.0573950809e+01
W 2.3104095928e-02 3.4304692863e+10 2.1816211523e-04 3.4521204259e+01
W 2.3104095928e-02 4.3287612811e+10 2.3261722119e-04 3.9507512620e+01
W 2.3104095928e-02 5.4622772177e+10 2.4144717397e-04 4.4608134598e+01
W 2.3104095928e-02 6.8926121044e+10 2.5062784187e-04 5.0367272966e+01
W 2.3104095928e-02 8.6974900262e+10 2.6728301272e-04 5.7642417611e+01
W 2.3104095928e-02 1.0974987655e+11 2.7745879346e-04 6.5084348593e+01
W 2.3104095928e-02 1.3848863714e+11 2.8801541434e-04 7.3487070933e+01
W 2.3104095928e-02 1.7475284000e+11 2.9895615457e-04 8.2974627711e+01
W 2.3104095928e-02 2.2051307399e+11 3.1876823879e-04 9.4959640655e+01
W 2.3104095928e-02 2.7825594022e+11 3.3079666488e-04 1.0721941603e+02
W 2.3104095928e-02 3.5111917342e+11 3.4321181621e-04 1.2106199111e+02
W 2.3104095928e-02 4.4306214576e+11 3.5600268829e-04 1.3669171345e+02
W 2.3104095928e-02 5.5908101825e+11 3.7924921602e-04 1.5643572437e+02
W 2.3104095928e-02 7.0548023107e+11 3.9310357728e-04 1.7663237663e+02
W 2.3104095928e-02 8.9021508545e+11 4.0727034960e-04 1.9943652001e+02
W 2.3104095928e-02 1.1233240330e+12 4.3324138006e-04 2.2824351004e+02
W 2.3104095928e-02 1.4174741629e+12 4.4829569062e-04 2.5771091476e+02
W 2.3104095928e-02 1.7886495291e+12 4.6350333664e-04 2.9098271217e+02
W 2.3104095928e-02 2.2570197196e+12 4.7877899642e-04 3.2855006882e+02
W 2.3104095928e-02 2.8480358684e+12 5.0753032734e-04 3.7600646527e+02
W 2.3104095928e-02 3.5938136638e+12 5.2302034258e-04 4.2455082339e+02
W 2.3104095928e-02 4.5348785081e+12 5.3818931391e-04 4.7936250646e+02
W 2.3104095928e-02 5.7223676594e+12 5.6797463826e-04 5.4860253806e+02
W 2.3104095928e-02 7.2208090184e+12 5.8229976214e-04 6.1942993208e+02
W 2.3104095928e-02 9.1116275612e+12 5.9562579790e-04 6.9940150499e+02
W 2.3104095928e-02 1.1497569954e+13 6.2427353657e-04 8.0042438779e+02
W 2.3104095928e-02 1.4508287785e+13 6.3494553784e-04 9.0376327080e+02
W 2.3104095928e-02 1.8307382803e+13 6.4353548464e-04 1.0204437322e+03
W 2.3104095928e-02 2.3101297001e+13 6.4960051455e-04 1.1521882381e+03
W 2.3104095928e-02 2.9150530628e+13 6.7050543833e-04 1.3186124973e+03
W 2.3104095928e-02 3.6783797718e+13 6.7001381362e-04 1.4888521160e+03
W 2.3104095928e-02 4.6415888336e+13 6.6533111656e-04 1.6810705404e+03
W 2.3104095928e-02 5.8570208181e+13 6.7382880941e-04 1.9238875646e+03
W 2.3104095928e-02 7.3907220335e+13 6.5867970174e-04 2.1722712908e+03
W 2.3104095928e-02 9.3260334688e+13 6.3758246680e-04 2.4527226266e+03
W 2.3104095928e-02 1.1768119524e+14 6.2683999975e-04 2.8069985449e+03
W 2.3104095928e-02 1.4849682623e+14 5.9193851474e-04 3.1693964161e+03
W 2.3104095928e-02 1.8738174229e+14 5.5035966936e-04 3.5785817064e+03
W 2.3104095928e-02 2.3644894126e+14 5.1622728595e-04 4.0954788502e+03
W 2.3104095928e-02 2.9836472403e+14 4.6138765374e-04 4.6242261201e+03
W 2.3104095928e-02 3.7649358068e+14 4.1319347897e-04 5.2921581306e+03
W 2.3104095928e-02 4.7508101621e+14 3.4974732584e-04 5.9754028171e+03
W 2.3104095928e-02 5.9948425032e+14 2.8594500963e-04 6.7468578877e+03
W 2.3104095928e-02 7.5646332755e+14 2.3051873814e-04 7.7213868654e+03
W 2.3104095928e-02 9.5454845666e+14 1.7233823037e-04 8.7182574082e+03
W 2.3104095928e-02 1.2045035403e+15 1.2167092694e-04 9.8438290376e+03
W 2.3104095928e-02 1.5199110830e+15 8.2406110875e-05 1.1265690415e+04
W 2.3104095928e-02 1.9179102617e+15 5.0015467517e-05 1.2720148677e+04
W 2.3104095928e-02 2.4201282648e+15 2.7488226600e-05 1.4362384940e+04
W 2.3104095928e-02 3.0538555088e+15 1.3798741513e-05 1.6436915121e+04
W 2.3104095928e-02 3.8535285937e+15 5.8675650866e-06 1.8559004946e+04
W 2.3104095928e-02 4.8626015801e+15 2.1689479840e-06 2.1239702897e+04
W 2.3104095928e-02 6.1359072734e+15 6.3506680891e-07 2.3981857192e+04
W 2.3104095928e-02 7.7426368268e+15 1.4750052575e-07 2.7445842229e+04
W 2.3104095928e-02 9.7700995730e+15 2.4108210302e-08 3.0989240860e+04
W 2.3104095928e-02 1.2328467394e+16 2.6372136551e-09 3.4990110379e+04
W 2.3104095928e-02 1.5556761439e+16 1.8182356818e-10 4.0044148431e+04
W 2.3104095928e-02 1.9630406500e+16 6.7890801749e-12 4.5214052838e+04
W 2.3104095928e-02 2.4770763560e+16 1.2948025236e-13 5.1744856573e+04
W 2.3104095928e-02 3.1257158497e+16 1.0438392401e-15 5.8425382255e+04
W 2.3104095928e-02 3.9442060594e+16 3.1682004382e-18 6.6864455523e+04
W 2.3104095928e-02 4.9770235643e+16 2.7547222732e-21 7.5496998774e+04
W 2.3104095928e-02 6.2802914418e+16 5.2901810103e-25 8.5244047518e+04
W 2.3104095928e-02 7.9248289835e+16 1.5810046297e-29 9.7556859773e+04
W 2.3104095928e-02 1.0000000000e+17 4.2478254769e-35 1.1015194942e+05
W 2.4774014875e-02 1.2618568831e+07 6.1307838321e-05 5.0594296612e-01
W 2.4774014875e-02 1.5922827933e+07 6.3203407971e-05 5.7126279118e-01
W 2.4774014875e-02 2.0092330026e+07 6.6953268732e-05 6.5377707459e-01
W 2.4774014875e-02 2.5353644940e+07 6.9051499732e-05 7.3818303930e-01
W 2.4774014875e-02 3.1992671378e+07 7.1230168476e-05 8.3348624582e-01
W 2.4774014875e-02 4.0370172586e+07 7.5502932499e-05 9.5387658345e-01
W 2.4774014875e-02 5.0941380148e+07 7.7917651748e-05 1.0770269299e+00
W 2.4774014875e-02 6.4280731173e+07 8.0426555590e-05 1.2160766160e+00
W 2.4774014875e-02 8.1113083079e+07 8.5304911394e-05 1.3917290340e+00
W 2.4774014875e-02 1.0235310219e+08 8.8089192140e-05 1.5714083716e+00
W 2.4774014875e-02 1.2915496650e+08 9.0983894683e-05 1.7742852309e+00
W 2.4774014875e-02 1.6297508346e+08 9.6564828718e-05 2.0305663622e+00
W 2.4774014875e-02 2.0565123083e+08 9.9781241376e-05 2.2927228668e+00
W 2.4774014875e-02 2.5950242114e+08 1.0312725100e-04 2.5887251173e+00
W 2.4774014875e-02 3.2745491629e+08 1.0660875931e-04 2.9229427725e+00
W 2.4774014875e-02 4.1320124001e+08 1.1324686926e-04 3.3451381824e+00
W 2.4774014875e-02 5.2140082880e+08 1.1712133577e-04 3.7770126337e+00
W 2.4774014875e-02 6.5793322466e+08 1.2115492089e-04 4.2646442859e+00
W 2.4774014875e-02 8.3021756813e+08 1.2878341985e-04 4.8806376128e+00
W 2.4774014875e-02 1.0476157528e+09 1.3327691035e-04 5.5107528953e+00
W 2.4774014875e-02 1.3219411485e+09 1.3795715349e-04 6.2222192842e+00
W 2.4774014875e-02 1.6681005372e+09 1.4673914750e-04 7.1209684648e+00
W 2.4774014875e-02 2.1049041445e+09 1.5195738939e-04 8.0403219206e+00
W 2.4774014875e-02 2.6560877829e+09 1.5739443009e-04 9.0783686106e+00
W 2.4774014875e-02 3.3516026509e+09 1.6305991357e-04 1.0250432438e+01
W 2.4774014875e-02 4.2292428744e+09 1.7358508197e-04 1.1731024384e+01
W 2.4774014875e-02 5.3366992312e+09 1.7990590128e-04 1.3245559641e+01
W 2.4774014875e-02 6.7341506578e+09 1.8649300550e-04 1.4955629148e+01
W 2.4774014875e-02 8.4975343591e+09 1.9864595316e-04 1.7115848650e+01
W 2.4774014875e-02 1.0722672220e+10 2.0599473353e-04 1.9325592266e+01
W 2.4774014875e-02 1.3530477746e+10 2.1365183354e-04 2.1820625087e+01
W 2.4774014875e-02 1.7073526475e+10 2.2162912604e-04 2.4637779409e+01
W 2.4774014875e-02 2.1544346900e+10 2.3622747748e-04 2.8196507098e+01
W 2.4774014875e-02 2.7185882427e+10 2.4511735967e-04 3.1836820402e+01
W 2.4774014875e-02 3.4304692863e+10 2.5437237405e-04 3.5947116777e+01
W 2.4774014875e-02 4.3287612811e+10 2.6400403756e-04 4.0588073439e+01
W 2.4774014875e-02 5.4622772177e+10 2.8151799746e-04 4.6450691916e+01
W 2.4774014875e-02 6.8926121044e+10 2.9221980435e-04 5.2447713859e+01
W 2.4774014875e-02 8.6974900262e+10 3.0333946494e-04 5.9218982013e+01
W 2.4774014875e-02 1.0974987655e+11 3.2349713153e-04 6.7772684338e+01
W 2.4774014875e-02 1.3848863714e+11 3.3580172818e-04 7.6522484575e+01
W 2.4774014875e-02 1.7475284000e+11 3.4855357015e-04 8.6401928782e+01
W 2.4774014875e-02 2.2051307399e+11 3.6175348051e-04 9.7556859773e+01
W 2.4774014875e-02 2.7825594022e+11 3.8566607594e-04 1.1164815803e+02
W 2.4774014875e-02 3.5111917342e+11 4.0013440351e-04 1.2606250637e+02
W 2.4774014875e-02 4.4306214576e+11 4.1503974205e-04 1.4233782081e+02
W 2.4774014875e-02 5.5908101825e+11 4.3036251056e-04 1.6071436160e+02
W 2.4774014875e-02 7.0548023107e+11 4.5827571244e-04 1.8392824948e+02
W 2.4774014875e-02 8.9021508545e+11 4.7478084442e-04 2.0767432736e+02
W 2.4774014875e-02 1.1233240330e+12 4.9159927743e-04 2.3448614538e+02
W 2.4774014875e-02 1.4174741629e+12 5.2258061393e-04 2.6835576992e+02
W 2.4774014875e-02 1.7886495291e+12 5.4029279882e-04 3.0300187259e+02
W 2.4774014875e-02 2.2570197196e+12 5.5808169251e-04 3.4212096433e+02
W 2.4774014875e-02 2.8480358684e+12 5.7582558630e-04 3.8629053094e+02
W 2.4774014875e-02 3.5938136638e+12 6.0960681564e-04 4.4208706948e+02
W 2.4774014875e-02 4.5348785081e+12 6.2726080687e-04 4.9916277164e+02
W 2.4774014875e-02 5.7223676594e+12 6.4432243542e-04 5.6360723890e+02
W 2.4774014875e-02 7.2208090184e+12 6.7860578385e-04 6.4501573980e+02
W 2.4774014875e-02 9.1116275612e+12 6.9409669963e-04 7.2829057136e+02
W 2.4774014875e-02 1.1497569954e+13 7.0806895206e-04 8.2231660967e+02
W 2.4774014875e-02 1.4508287785e+13 7.2012357313e-04 9.2848189051e+02
W 2.4774014875e-02 1.8307382803e+13 7.4977054663e-04 1.0625935796e+03
W 2.4774014875e-02 2.3101297001e+13 7.5677194517e-04 1.1997798464e+03
W 2.4774014875e-02 2.9150530628e+13 7.6025749921e-04 1.3546775620e+03
W 2.4774014875e-02 3.6783797718e+13 7.8039510455e-04 1.5503497641e+03
W 2.4774014875e-02 4.6415888336e+13 7.7484831193e-04 1.7505078494e+03
W 2.4774014875e-02 5.8570208181e+13 7.6375036649e-04 1.9765073674e+03
W 2.4774014875e-02 7.3907220335e+13 7.6688351770e-04 2.2619978484e+03
W 2.4774014875e-02 9.3260334688e+13 7.4219447129e-04 2.5540333419e+03
W 2.4774014875e-02 1.1768119524e+14 7.1012695507e-04 2.8837721114e+03
W 2.4774014875e-02 1.4849682623e+14 6.8877973781e-04 3.3003096366e+03
W 2.4774014875e-02 1.8738174229e+14 6.4024087924e-04 3.7263964933e+03
W 2.4774014875e-02 2.3644894126e+14 5.8438269713e-04 4.2074933428e+03
W 2.4774014875e-02 2.9836472403e+14 5.3641682319e-04 4.8152316789e+03
W 2.4774014875e-02 3.7649358068e+14 4.6742563936e-04 5.4369027208e+03
W 2.4774014875e-02 4.7508101621e+14 3.9548649173e-04 6.1388346743e+03
W 2.4774014875e-02 5.9948425032e+14 3.3202401614e-04 7.0255396233e+03
W 2.4774014875e-02 7.5646332755e+14 2.6039550709e-04 7.9325727276e+03
W 2.4774014875e-02 9.5454845666e+14 1.9454956721e-04 8.9567084455e+03
W 2.4774014875e-02 1.2045035403e+15 1.4100386844e-04 1.0250432438e+04
W 2.4774014875e-02 1.5199110830e+15 9.2877105532e-05 1.1573815702e+04
W 2.4774014875e-02 1.9179102617e+15 5.7853945058e-05 1.3245559641e+04
W 2.4774014875e-02 2.4201282648e+15 3.1758577888e-05 1.4955629148e+04
W 2.4774014875e-02 3.0538555088e+15 1.5496436947e-05 1.6886477376e+04
W 2.4774014875e-02 3.8535285937e+15 6.7586453590e-06 1.9325592266e+04
W 2.4774014875e-02 4.8626015801e+15 2.4271344383e-06 2.1820625087e+04
W 2.4774014875e-02 6.1359072734e+15 7.2842599377e-07 2.4972437651e+04
W 2.4774014875e-02 7.7426368268e+15 1.6422731373e-07 2.8196507098e+04
W 2.4774014875e-02 9.7700995730e+15 2.6753194177e-08 3.1836820402e+04
W 2.4774014875e-02 1.2328467394e+16 2.9945526501e-09 3.6435391257e+04
W 2.4774014875e-02 1.5556761439e+16 1.9999066275e-10 4.1139386652e+04
W 2.4774014875e-02 1.9630406500e+16 7.6268003153e-12 4.7081637858e+04
W 2.4774014875e-02 2.4770763560e+16 1.4058719293e-13 5.3160118149e+04
W 2.4774014875e-02 3.1257158497e+16 1.1545096122e-15 6.0838666662e+04
W 2.4774014875e-02 3.9442060594e+16 3.3760201138e-18 6.8693249746e+04
W 2.4774014875e-02 4.9770235643e+16 2.8993139986e-21 7.7561899686e+04
W 2.4774014875e-02 6.2802914418e+16 5.6349826512e-25 8.8765087906e+04
W 2.4774014875e-02 7.9248289835e+16 1.6095288937e-29 1.0022511483e+05
W 2.4774014875e-02 1.0000000000e+17 4.3442761447e-35 1.1470182092e+05
W 2.6564632302e-02 1.2618568831e+07 7.1503926211e-05 5.2684114810e-01
W 2.6564632302e-02 1.5922827933e+07 7.3714717595e-05 5.9485903535e-01
W 2.6564632302e-02 2.0092330026e+07 7.8088179087e-05 6.8078160513e-01
W 2.6564632302e-02 2.5353644940e+07 8.0535322854e-05 7.6867399286e-01
W 2.6564632302e-02 3.1992671378e+07 8.3076274328e-05 8.6791373747e-01
W 2.6564632302e-02 4.0370172586e+07 8.8059574780e-05 9.9327684744e-01
W 2.6564632302e-02 5.0941380148e+07 9.0875814066e-05 1.1215139695e+00
W 2.6564632302e-02 6.4280731173e+07 9.3801890533e-05 1.2663071600e+00
W 2.6564632302e-02 8.1113083079e+07 9.9491456136e-05 1.4492149732e+00
W 2.6564632302e-02 1.0235310219e+08 1.0273867750e-04 1.6363160397e+00
W 2.6564632302e-02 1.2915496650e+08 1.0611466842e-04 1.8475728109e+00
W 2.6564632302e-02 1.6297508346e+08 1.0962525960e-04 2.0861039120e+00
W 2.6564632302e-02 2.0565123083e+08 1.1637475529e-04 2.3874247263e+00
W 2.6564632302e-02 2.5950242114e+08 1.2027704205e-04 2.6956534713e+00
W 2.6564632302e-02 3.2745491629e+08 1.2433733523e-04 3.0436761240e+00
W 2.6564632302e-02 4.1320124001e+08 1.3207912526e-04 3.4833104887e+00
W 2.6564632302e-02 5.2140082880e+08 1.3659765694e-04 3.9330236916e+00
W 2.6564632302e-02 6.5793322466e+08 1.4130173074e-04 4.4407971694e+00
W 2.6564632302e-02 8.3021756813e+08 1.5019846623e-04 5.0822343536e+00
W 2.6564632302e-02 1.0476157528e+09 1.5543882613e-04 5.7383768066e+00
W 2.6564632302e-02 1.3219411485e+09 1.6089693985e-04 6.4792306068e+00
W 2.6564632302e-02 1.6681005372e+09 1.6658261795e-04 7.3157324225e+00
W 2.6564632302e-02 2.1049041445e+09 1.7722421232e-04 8.3724307193e+00
W 2.6564632302e-02 2.6560877829e+09 1.8356474709e-04 9.4533543540e+00
W 2.6564632302e-02 3.3516026509e+09 1.9017162212e-04 1.0673830759e+01
W 2.6564632302e-02 4.2292428744e+09 1.9705643338e-04 1.2051876912e+01
W 2.6564632302e-02 5.3366992312e+09 2.0981702210e-04 1.3792672921e+01
W 2.6564632302e-02 6.7341506578e+09 2.1749839778e-04 1.5573377552e+01
W 2.6564632302e-02 8.4975343591e+09 2.2550311390e-04 1.7583980259e+01
W 2.6564632302e-02 1.0722672220e+10 2.4024014794e-04 2.0123843791e+01
W 2.6564632302e-02 1.3530477746e+10 2.4916889072e-04 2.2721934967e+01
W 2.6564632302e-02 1.7073526475e+10 2.5847084714e-04 2.5655453004e+01
W 2.6564632302e-02 2.1544346900e+10 2.6815983461e-04 2.8967703227e+01
W 2.6564632302e-02 2.7185882427e+10 2.8585990810e-04 3.3151853343e+01
W 2.6564632302e-02 3.4304692863e+10 2.9665112240e-04 3.7431927196e+01
W 2.6564632302e-02 4.3287612811e+10 3.0788124381e-04 4.2264580479e+01
W 2.6564632302e-02 5.4622772177e+10 3.1956293691e-04 4.7721154022e+01
W 2.6564632302e-02 6.8926121044e+10 3.4078043244e-04 5.4614088217e+01
W 2.6564632302e-02 8.6974900262e+10 3.5374441811e-04 6.1665046383e+01
W 2.6564632302e-02 1.0974987655e+11 3.6720422347e-04 6.9626319316e+01
W 2.6564632302e-02 1.3848863714e+11 3.8116679377e-04 7.8615433311e+01
W 2.6564632302e-02 1.7475284000e+11 4.0645724769e-04 8.9970795930e+01
W 2.6564632302e-02 2.2051307399e+11 4.2184414174e-04 1.0158648593e+02
W 2.6564632302e-02 2.7825594022e+11 4.3774926585e-04 1.1470182092e+02
W 2.6564632302e-02 3.5111917342e+11 4.6658575705e-04 1.3126956996e+02
W 2.6564632302e-02 4.4306214576e+11 4.8395777279e-04 1.4821714295e+02
W 2.6564632302e-02 5.5908101825e+11 5.0181507949e-04 1.6735273430e+02
W 2.6564632302e-02 7.0548023107e+11 5.2012541275e-04 1.8895882839e+02
W 2.6564632302e-02 8.9021508545e+11 5.5358334127e-04 2.1625240073e+02
W 2.6564632302e-02 1.1233240330e+12 5.7317857144e-04 2.4417169190e+02
W 2.6564632302e-02 1.4174741629e+12 5.9306334384e-04 2.7569550638e+02
W 2.6564632302e-02 1.7886495291e+12 6.1314560604e-04 3.1128920656e+02
W 2.6564632302e-02 2.2570197196e+12 6.5063334718e-04 3.5625241125e+02
W 2.6564632302e-02 2.8480358684e+12 6.7129498706e-04 4.0224641994e+02
W 2.6564632302e-02 3.5938136638e+12 6.9172870724e-04 4.5417849044e+02
W 2.6564632302e-02 4.5348785081e+12 7.3119527906e-04 5.1978089490e+02
W 2.6564632302e-02 5.7223676594e+12 7.5104673121e-04 5.8688726735e+02
W 2.6564632302e-02 7.2208090184e+12 7.6990784121e-04 6.6265741577e+02
W 2.6564632302e-02 9.1116275612e+12 7.8743528325e-04 7.4820987794e+02
W 2.6564632302e-02 1.1497569954e+13 8.2520160175e-04 8.5628273491e+02
W 2.6564632302e-02 1.4508287785e+13 8.3918790381e-04 9.6683321627e+02
W 2.6564632302e-02 1.8307382803e+13 8.5040516385e-04 1.0916563303e+03
W 2.6564632302e-02 2.3101297001e+13 8.8174151702e-04 1.2493372457e+03
W 2.6564632302e-02 2.9150530628e+13 8.8571167747e-04 1.4106330750e+03
W 2.6564632302e-02 3.6783797718e+13 8.8486618422e-04 1.5927530210e+03
W 2.6564632302e-02 4.6415888336e+13 9.0249062235e-04 1.8228132949e+03
W 2.6564632302e-02 5.8570208181e+13 8.8943626807e-04 2.0581478158e+03
W 2.6564632302e-02 7.3907220335e+13 8.6916790079e-04 2.3238652272e+03
W 2.6564632302e-02 9.3260334688e+13 8.6403523194e-04 2.6595287378e+03
W 2.6564632302e-02 1.1768119524e+14 8.2653301489e-04 3.0028875026e+03
W 2.6564632302e-02 1.4849682623e+14 7.8016145998e-04 3.3905756404e+03
W 2.6564632302e-02 1.8738174229e+14 7.4481998489e-04 3.8803168307e+03
W 2.6564632302e-02 2.3644894126e+14 6.7963309861e-04 4.3812855831e+03
W 2.6564632302e-02 2.9836472403e+14 6.0703219414e-04 4.9469319642e+03
W 2.6564632302e-02 3.7649358068e+14 5.4321301363e-04 5.6614762203e+03
W 2.6564632302e-02 4.7508101621e+14 4.5940305964e-04 6.3924017614e+03
W 2.6564632302e-02 5.9948425032e+14 3.7522203511e-04 7.2176935289e+03
W 2.6564632302e-02 7.5646332755e+14 3.0214269181e-04 8.2602309016e+03
W 2.6564632302e-02 9.5454845666e+14 2.2558459931e-04 9.3266689659e+03
W 2.6564632302e-02 1.2045035403e+15 1.5901721065e-04 1.0530789640e+04
W 2.6564632302e-02 1.5199110830e+15 1.0750686857e-04 1.2051876912e+04
W 2.6564632302e-02 1.9179102617e+15 6.5113281971e-05 1.3607835872e+04
W 2.6564632302e-02 2.4201282648e+15 3.6674454143e-05 1.5573377552e+04
W 2.6564632302e-02 3.0538555088e+15 1.7868422016e-05 1.7583980259e+04
W 2.6564632302e-02 3.8535285937e+15 7.5723883637e-06 1.9854162060e+04
W 2.6564632302e-02 4.8626015801e+15 2.7879493562e-06 2.2721934967e+04
W 2.6564632302e-02 6.1359072734e+15 8.1242970586e-07 2.5655453004e+04
W 2.6564632302e-02 7.7426368268e+15 1.8762026490e-07 2.9361175402e+04
W 2.6564632302e-02 9.7700995730e+15 3.0455181201e-08 3.3151853343e+04
W 2.6564632302e-02 1.2328467394e+16 3.3038914886e-09 3.7431927196e+04
W 2.6564632302e-02 1.5556761439e+16 2.2550514169e-10 4.2838665911e+04
W 2.6564632302e-02 1.9630406500e+16 8.3182744307e-12 4.8369356820e+04
W 2.6564632302e-02 2.4770763560e+16 1.5633475679e-13 5.5355918659e+04
W 2.6564632302e-02 3.1257158497e+16 1.2382700621e-15 6.2502650930e+04
W 2.6564632302e-02 3.9442060594e+16 3.6792233758e-18 7.1530652635e+04
W 2.6564632302e-02 4.9770235643e+16 3.1179555845e-21 8.0765625803e+04
W 2.6564632302e-02 6.2802914418e+16 5.8042720786e-25 9.1192881248e+04
W 2.6564632302e-02 7.9248289835e+16 1.6700985155e-29 1.0436495435e+05
W 2.6564632302e-02 1.0000000000e+17 4.2833271774e-35 1.1783900384e+05
W 2.8484672061e-02 1.2618568831e+07 8.3413778850e-05 5.4860253806e-01
W 2.8484672061e-02 1.5922827933e+07 8.5992766917e-05 6.1942993208e-01
W 2.8484672061e-02 2.0092330026e+07 9.1094634679e-05 7.0890156889e-01
W 2.8484672061e-02 2.5353644940e+07 9.3949325526e-05 8.0042438779e-01
W 2.8484672061e-02 3.1992671378e+07 9.6913439337e-05 9.0376327080e-01
W 2.8484672061e-02 4.0370172586e+07 1.0272668678e-04 1.0343045555e+00
W 2.8484672061e-02 5.0941380148e+07 1.0601191560e-04 1.1678385646e+00
W 2.8484672061e-02 6.4280731173e+07 1.0942526224e-04 1.3186124973e+00
W 2.8484672061e-02 8.1113083079e+07 1.1297247468e-04 1.4888521160e+00
W 2.8484672061e-02 1.0235310219e+08 1.1985030329e-04 1.7039047457e+00
W 2.8484672061e-02 1.2915496650e+08 1.2378844497e-04 1.9238875646e+00
W 2.8484672061e-02 1.6297508346e+08 1.2788358301e-04 2.1722712908e+00
W 2.8484672061e-02 2.0565123083e+08 1.3575704258e-04 2.4860382850e+00
W 2.8484672061e-02 2.5950242114e+08 1.4030905579e-04 2.8069985449e+00
W 2.8484672061e-02 3.2745491629e+08 1.4504535936e-04 3.1693964161e+00
W 2.8484672061e-02 4.1320124001e+08 1.5407625984e-04 3.6271900589e+00
W 2.8484672061e-02 5.2140082880e+08 1.5934703620e-04 4.0954788502e+00
W 2.8484672061e-02 6.5793322466e+08 1.6483420947e-04 4.6242261201e+00
W 2.8484672061e-02 8.3021756813e+08 1.7054762281e-04 5.2212373672e+00
W 2.8484672061e-02 1.0476157528e+09 1.8132488267e-04 5.9754028171e+00
W 2.8484672061e-02 1.3219411485e+09 1.8769148513e-04 6.7468578877e+00
W 2.8484672061e-02 1.6681005372e+09 1.9432347430e-04 7.6179117543e+00
W 2.8484672061e-02 2.1049041445e+09 2.0123271472e-04 8.6014231310e+00
W 2.8484672061e-02 2.6560877829e+09 2.1413228532e-04 9.8438290376e+00
W 2.8484672061e-02 3.3516026509e+09 2.2183857020e-04 1.1114717722e+01
W 2.8484672061e-02 4.2292428744e+09 2.2986895121e-04 1.2549684637e+01
W 2.8484672061e-02 5.3366992312e+09 2.4475334158e-04 1.4362384940e+01
W 2.8484672061e-02 6.7341506578e+09 2.5371260333e-04 1.6216642306e+01
W 2.8484672061e-02 8.4975343591e+09 2.6304886563e-04 1.8310293784e+01
W 2.8484672061e-02 1.0722672220e+10 2.7277745035e-04 2.0674246377e+01
W 2.8484672061e-02 1.3530477746e+10 2.9065178952e-04 2.3660473821e+01
W 2.8484672061e-02 1.7073526475e+10 3.0150054436e-04 2.6715162026e+01
W 2.8484672061e-02 2.1544346900e+10 3.1280046975e-04 3.0164226104e+01
W 2.8484672061e-02 2.7185882427e+10 3.2456752418e-04 3.4058581998e+01
W 2.8484672061e-02 3.4304692863e+10 3.4602955618e-04 3.8978068320e+01
W 2.8484672061e-02 4.3287612811e+10 3.5912594993e-04 4.4010336332e+01
W 2.8484672061e-02 5.4622772177e+10 3.7274858898e-04 4.9692295885e+01
W 2.8484672061e-02 6.8926121044e+10 3.8691112607e-04 5.6107825483e+01
W 2.8484672061e-02 8.6974900262e+10 4.1261048912e-04 6.4212146446e+01
W 2.8484672061e-02 1.0974987655e+11 4.2830514069e-04 7.2502263027e+01
W 2.8484672061e-02 1.3848863714e+11 4.4458539648e-04 8.1862676067e+01
W 2.8484672061e-02 1.7475284000e+11 4.6145599588e-04 9.2431566313e+01
W 2.8484672061e-02 2.2051307399e+11 4.9201654555e-04 1.0578255744e+02
W 2.8484672061e-02 2.7825594022e+11 5.1055913514e-04 1.1943962674e+02
W 2.8484672061e-02 3.5111917342e+11 5.2969474086e-04 1.3485989354e+02
W 2.8484672061e-02 4.4306214576e+11 5.4940583558e-04 1.5227099567e+02
W 2.8484672061e-02 5.5908101825e+11 5.8524688037e-04 1.7426530772e+02
W 2.8484672061e-02 7.0548023107e+11 6.0658753560e-04 1.9676385039e+02
W 2.8484672061e-02 8.9021508545e+11 6.2840372431e-04 2.2216707001e+02
W 2.8484672061e-02 1.1233240330e+12 6.6842469206e-04 2.5425730390e+02
W 2.8484672061e-02 1.4174741629e+12 6.9159291325e-04 2.8708322248e+02
W 2.8484672061e-02 1.7886495291e+12 7.1498795439e-04 3.2414713507e+02
W 2.8484672061e-02 2.2570197196e+12 7.3847691822e-04 3.6599618837e+02
W 2.8484672061e-02 2.8480358684e+12 7.8273626636e-04 4.1886137350e+02
W 2.8484672061e-02 3.5938136638e+12 8.0652681904e-04 4.7293851949e+02
W 2.8484672061e-02 4.5348785081e+12 8.2980618940e-04 5.3399730166e+02
W 2.8484672061e-02 5.7223676594e+12 8.5228945973e-04 6.0293908495e+02
W 2.8484672061e-02 7.2208090184e+12 8.9753645445e-04 6.9002875244e+02
W 2.8484672061e-02 9.1116275612e+12 9.1790969884e-04 7.7911499420e+02
W 2.8484672061e-02 1.1497569954e+13 9.3625701747e-04 8.7970272549e+02
W 2.8484672061e-02 1.4508287785e+13 9.7808870241e-04 1.0067686593e+03
W 2.8484672061e-02 1.8307382803e+13 9.9107449161e-04 1.1367476433e+03
W 2.8484672061e-02 2.3101297001e+13 1.0001380632e-03 1.2835075790e+03
W 2.8484672061e-02 2.9150530628e+13 1.0320050790e-03 1.4688998534e+03
W 2.8484672061e-02 3.6783797718e+13 1.0308927415e-03 1.6585423386e+03
W 2.8484672061e-02 4.6415888336e+13 1.0232926250e-03 1.8726686388e+03
W 2.8484672061e-02 5.8570208181e+13 1.0083346380e-03 2.1144397396e+03
W 2.8484672061e-02 7.3907220335e+13 1.0121307756e-03 2.4198534347e+03
W 2.8484672061e-02 9.3260334688e+13 9.7917524365e-04 2.7322688918e+03
W 2.8484672061e-02 1.1768119524e+14 9.3646800267e-04 3.0850187826e+03
W 2.8484672061e-02 1.4849682623e+14 9.0787709924e-04 3.5306247595e+03
W 2.8484672061e-02 1.8738174229e+14 8.4343490584e-04 3.9864464768e+03
W 2.8484672061e-02 2.3644894126e+14 7.6936819590e-04 4.5011171095e+03
W 2.8484672061e-02 2.9836472403e+14 7.0571594331e-04 5.1512670205e+03
W 2.8484672061e-02 3.7649358068e+14 6.1444979628e-04 5.8163219439e+03
W 2.8484672061e-02 4.7508101621e+14 5.1939777170e-04 6.5672388601e+03
W 2.8484672061e-02 5.9948425032e+14 4.3558389841e-04 7.5158233240e+03
W 2.8484672061e-02 7.5646332755e+14 3.4119169728e-04 8.4861545621e+03
W 2.8484672061e-02 9.5454845666e+14 2.6151265215e-04 9.7119108575e+03
W 2.8484672061e-02 1.2045035403e+15 1.8418491431e-04 1.0965768230e+04
W 2.8484672061e-02 1.5199110830e+15 1.2108568366e-04 1.2381505004e+04
W 2.8484672061e-02 1.9179102617e+15 7.5255350571e-05 1.4169913121e+04
W 2.8484672061e-02 2.4201282648e+15 4.1202025986e-05 1.5999321391e+04
W 2.8484672061e-02 3.0538555088e+15 2.0042150100e-05 1.8064915626e+04
W 2.8484672061e-02 3.8535285937e+15 8.7094409412e-06 2.0674246377e+04
W 2.8484672061e-02 4.8626015801e+15 3.1142620282e-06 2.3343397343e+04
W 2.8484672061e-02 6.1359072734e+15 9.2987081308e-07 2.6715162026e+04
W 2.8484672061e-02 7.7426368268e+15 2.0836120916e-07 3.0164226104e+04
W 2.8484672061e-02 9.7700995730e+15 3.3692523463e-08 3.4058581998e+04
W 2.8484672061e-02 1.2328467394e+16 3.7376933651e-09 3.8978068320e+04
W 2.8484672061e-02 1.5556761439e+16 2.4693355197e-10 4.4010336332e+04
W 2.8484672061e-02 1.9630406500e+16 9.2946621541e-12 5.0367272966e+04
W 2.8484672061e-02 2.4770763560e+16 1.6865152030e-13 5.6869945558e+04
W 2.8484672061e-02 3.1257158497e+16 1.3589333370e-15 6.5084348593e+04
W 2.8484672061e-02 3.9442060594e+16 3.8839753068e-18 7.3487070933e+04
W 2.8484672061e-02 4.9770235643e+16 3.2447503480e-21 8.2974627711e+04
W 2.8484672061e-02 6.2802914418e+16 6.0989207340e-25 9.4959640655e+04
W 2.8484672061e-02 7.9248289835e+16 1.6724735867e-29 1.0721941603e+05
W 2.8484672061e-02 1.0000000000e+17 4.2941108379e-35 1.2270639228e+05
W 3.0543488545e-02 1.2618568831e+07 9.7329837761e-05 5.7126279118e-01
W 3.0543488545e-02 1.5922827933e+07 1.0033903523e-04 6.4501573980e-01
W 3.0543488545e-02 2.0092330026e+07 1.0629199660e-04 7.3818303930e-01
W 3.0543488545e-02 2.5353644940e+07 1.0962287146e-04 8.3348624582e-01
W 3.0543488545e-02 3.1992671378e+07 1.1308141247e-04 9.4109358382e-01
W 3.0543488545e-02 4.0370172586e+07 1.1667328566e-04 1.0625935796e+00
W 3.0543488545e-02 5.0941380148e+07 1.2369758597e-04 1.2160766160e+00
W 3.0543488545e-02 6.4280731173e+07 1.2768025652e-04 1.3730783280e+00
W 3.0543488545e-02 8.1113083079e+07 1.3181910598e-04 1.5503497641e+00
W 3.0543488545e-02 1.0235310219e+08 1.3984417602e-04 1.7742852309e+00
W 3.0543488545e-02 1.2915496650e+08 1.4443912098e-04 2.0033545305e+00
W 3.0543488545e-02 1.6297508346e+08 1.4921722507e-04 2.2619978484e+00
W 3.0543488545e-02 2.0565123083e+08 1.5840391629e-04 2.5887251173e+00
W 3.0543488545e-02 2.5950242114e+08 1.6371503881e-04 2.9229427725e+00
W 3.0543488545e-02 3.2745491629e+08 1.6924115453e-04 3.3003096366e+00
W 3.0543488545e-02 4.1320124001e+08 1.7499205135e-04 3.7263964933e+00
W 3.0543488545e-02 5.2140082880e+08 1.8592785969e-04 4.2646442859e+00
W 3.0543488545e-02 6.5793322466e+08 1.9232993758e-04 4.8152316789e+00
W 3.0543488545e-02 8.3021756813e+08 1.9899592965e-04 5.4369027208e+00
W 3.0543488545e-02 1.0476157528e+09 2.0593780262e-04 6.1388346743e+00
W 3.0543488545e-02 1.3219411485e+09 2.1899832567e-04 7.0255396233e+00
W 3.0543488545e-02 1.6681005372e+09 2.2673585120e-04 7.9325727276e+00
W 3.0543488545e-02 2.1049041445e+09 2.3479676750e-04 8.9567084455e+00
W 3.0543488545e-02 2.6560877829e+09 2.4319543172e-04 1.0113065324e+01
W 3.0543488545e-02 3.3516026509e+09 2.5883763732e-04 1.1573815702e+01
W 3.0543488545e-02 4.2292428744e+09 2.6820625873e-04 1.3068054514e+01
W 3.0543488545e-02 5.3366992312e+09 2.7796912035e-04 1.4755207201e+01
W 3.0543488545e-02 6.7341506578e+09 2.9602380488e-04 1.6886477376e+01
W 3.0543488545e-02 8.4975343591e+09 3.0691547037e-04 1.9066607988e+01
W 3.0543488545e-02 1.0722672220e+10 3.1826463268e-04 2.1528204613e+01
W 3.0543488545e-02 1.3530477746e+10 3.3008936606e-04 2.4307605956e+01
W 3.0543488545e-02 1.7073526475e+10 3.5177302575e-04 2.7818642764e+01
W 3.0543488545e-02 2.1544346900e+10 3.6495451973e-04 3.1410171850e+01
W 3.0543488545e-02 2.7185882427e+10 3.7868061445e-04 3.5465385714e+01
W 3.0543488545e-02 3.4304692863e+10 3.9296949499e-04 4.0044148431e+01
W 3.0543488545e-02 4.3287612811e+10 4.1899347603e-04 4.5828201346e+01
W 3.0543488545e-02 5.4622772177e+10 4.3488280027e-04 5.1744856573e+01
W 3.0543488545e-02 6.8926121044e+10 4.5140132844e-04 5.8425382255e+01
W 3.0543488545e-02 8.6974900262e+10 4.6856314599e-04 6.5968397978e+01
W 3.0543488545e-02 1.0974987655e+11 4.9968287951e-04 7.5496998774e+01
W 3.0543488545e-02 1.3848863714e+11 5.1866922077e-04 8.5244047518e+01
W 3.0543488545e-02 1.7475284000e+11 5.3834311638e-04 9.6249490116e+01
W 3.0543488545e-02 2.2051307399e+11 5.5870537977e-04 1.0867579165e+02
W 3.0543488545e-02 2.7825594022e+11 5.9560776942e-04 1.2437312957e+02
W 3.0543488545e-02 3.5111917342e+11 6.1791920491e-04 1.4043033682e+02
W 3.0543488545e-02 4.4306214576e+11 6.4090001769e-04 1.5856061167e+02
W 3.0543488545e-02 5.5908101825e+11 6.6451920204e-04 1.7903159775e+02
W 3.0543488545e-02 7.0548023107e+11 7.0757082251e-04 2.0489126203e+02
W 3.0543488545e-02 8.9021508545e+11 7.3299909944e-04 2.3134377207e+02
W 3.0543488545e-02 1.1233240330e+12 7.5890179017e-04 2.6121143648e+02
W 3.0543488545e-02 1.4174741629e+12 7.8518059107e-04 2.9493516915e+02
W 3.0543488545e-02 1.7886495291e+12 8.3391362412e-04 3.3753616559e+02
W 3.0543488545e-02 2.2570197196e+12 8.6127598318e-04 3.8111381122e+02
W 3.0543488545e-02 2.8480358684e+12 8.8855335582e-04 4.3031755383e+02
W 3.0543488545e-02 3.5938136638e+12 9.1551696837e-04 4.8587375130e+02
W 3.0543488545e-02 4.5348785081e+12 9.6765479897e-04 5.5605427949e+02
W 3.0543488545e-02 5.7223676594e+12 9.9381610273e-04 6.2784373144e+02
W 3.0543488545e-02 7.2208090184e+12 1.0186495195e-03 7.0890156889e+02
W 3.0543488545e-02 9.1116275612e+12 1.0701902884e-03 8.1129665897e+02
W 3.0543488545e-02 1.1497569954e+13 1.0914967947e-03 9.1603920781e+02
W 3.0543488545e-02 1.4508287785e+13 1.1098122493e-03 1.0343045555e+03
W 3.0543488545e-02 1.8307382803e+13 1.1244393887e-03 1.1678385646e+03
W 3.0543488545e-02 2.3101297001e+13 1.1656340726e-03 1.3365233867e+03
W 3.0543488545e-02 2.9150530628e+13 1.1706142548e-03 1.5090753928e+03
W 3.0543488545e-02 3.6783797718e+13 1.1691974230e-03 1.7039047457e+03
W 3.0543488545e-02 4.6415888336e+13 1.1921433181e-03 1.9500199859e+03
W 3.0543488545e-02 5.8570208181e+13 1.1745214759e-03 2.2017775413e+03
W 3.0543488545e-02 7.3907220335e+13 1.1473418227e-03 2.4860382850e+03
W 3.0543488545e-02 9.3260334688e+13 1.1401020851e-03 2.8451263804e+03
W 3.0543488545e-02 1.1768119524e+14 1.0901162051e-03 3.2124467502e+03
W 3.0543488545e-02 1.4849682623e+14 1.0284213102e-03 3.6271900589e+03
W 3.0543488545e-02 1.8738174229e+14 9.8125408660e-04 4.1511082855e+03
W 3.0543488545e-02 2.3644894126e+14 8.9477335776e-04 4.6870376000e+03
W 3.0543488545e-02 2.9836472403e+14 7.9857867407e-04 5.2921581306e+03
W 3.0543488545e-02 3.7649358068e+14 7.1399630359e-04 6.0565675103e+03
W 3.0543488545e-02 4.7508101621e+14 6.0323125126e-04 6.8385013580e+03
W 3.0543488545e-02 5.9948425032e+14 4.9212703685e-04 7.7213868654e+03
W 3.0543488545e-02 7.5646332755e+14 3.9575220463e-04 8.8366786611e+03
W 3.0543488545e-02 9.5454845666e+14 2.9502093279e-04 9.9775390799e+03
W 3.0543488545e-02 1.2045035403e+15 2.0759305805e-04 1.1265690415e+04
W 3.0543488545e-02 1.5199110830e+15 1.4005644817e-04 1.2892928152e+04
W 3.0543488545e-02 1.9179102617e+15 8.4622004543e-05 1.4557471130e+04
W 3.0543488545e-02 2.4201282648e+15 4.7527450538e-05 1.6660179931e+04
W 3.0543488545e-02 3.0538555088e+15 2.3079221400e-05 1.8811094384e+04
W 3.0543488545e-02 3.8535285937e+15 9.7424325155e-06 2.1239702897e+04
W 3.0543488545e-02 4.8626015801e+15 3.5703432231e-06 2.4307605956e+04
W 3.0543488545e-02 6.1359072734e+15 1.0347132436e-06 2.7445842229e+04
W 3.0543488545e-02 7.7426368268e+15 2.3106260692e-07 3.0989240860e+04
W 3.0543488545e-02 9.7700995730e+15 3.8227453742e-08 3.5465385714e+04
W 3.0543488545e-02 1.2328467394e+16 4.1073569747e-09 4.0044148431e+04
W 3.0543488545e-02 1.5556761439e+16 2.7710180646e-10 4.5828201346e+04
W 3.0543488545e-02 1.9630406500e+16 1.0078856657e-11 5.1744856573e+04
W 3.0543488545e-02 2.4770763560e+16 1.8624026379e-13 5.9218982013e+04
W 3.0543488545e-02 3.1257158497e+16 1.4453449721e-15 6.6864455523e+04
W 3.0543488545e-02 3.9442060594e+16 4.0786840224e-18 7.5496998774e+04
W 3.0543488545e-02 4.9770235643e+16 3.4472177633e-21 8.6401928782e+04
W 3.0543488545e-02 6.2802914418e+16 6.1905900402e-25 9.7556859773e+04
W 3.0543488545e-02 7.9248289835e+16 1.7049027993e-29 1.1164815803e+05
W 3.0543488545e-02 1.0000000000e+17 4.1438791506e-35 1.2606250637e+05
W 3.2751112265e-02 1.2618568831e+07 1.1359550644e-04 5.9485903535e-01
W 3.2751112265e-02 1.5922827933e+07 1.1710753824e-04 6.7165837980e-01
W 3.2751112265e-02 2.0092330026e+07 1.2075260139e-04 7.5837291248e-01
W 3.2751112265e-02 2.5353644940e+07 1.2794271855e-04 8.6791373747e-01
W 3.2751112265e-02 3.1992671378e+07 1.3197914579e-04 9.7996584076e-01
W 3.2751112265e-02 4.0370172586e+07 1.3617117049e-04 1.1064844438e+00
W 3.2751112265e-02 5.0941380148e+07 1.4436921113e-04 1.2663071600e+00
W 3.2751112265e-02 6.4280731173e+07 1.4901729761e-04 1.4297938922e+00
W 3.2751112265e-02 8.1113083079e+07 1.5384763841e-04 1.6143875977e+00
W 3.2751112265e-02 1.0235310219e+08 1.6321360111e-04 1.8475728109e+00
W 3.2751112265e-02 1.2915496650e+08 1.6857619289e-04 2.0861039120e+00
W 3.2751112265e-02 1.6297508346e+08 1.7415251649e-04 2.3554305985e+00
W 3.2751112265e-02 2.0565123083e+08 1.7995225548e-04 2.6595287378e+00
W 3.2751112265e-02 2.5950242114e+08 1.9107240946e-04 3.0436761240e+00
W 3.2751112265e-02 3.2745491629e+08 1.9752160013e-04 3.4366302814e+00
W 3.2751112265e-02 4.1320124001e+08 2.0423307693e-04 3.8803168307e+00
W 3.2751112265e-02 5.2140082880e+08 2.1121878815e-04 4.3812855831e+00
W 3.2751112265e-02 6.5793322466e+08 2.2446710548e-04 5.0141268007e+00
W 3.2751112265e-02 8.3021756813e+08 2.3224635818e-04 5.6614762203e+00
W 3.2751112265e-02 1.0476157528e+09 2.4034749804e-04 6.3924017614e+00
W 3.2751112265e-02 1.3219411485e+09 2.4878505531e-04 7.2176935289e+00
W 3.2751112265e-02 1.6681005372e+09 2.6461901335e-04 8.2602309016e+00
W 3.2751112265e-02 2.1049041445e+09 2.7402580042e-04 9.3266689659e+00
W 3.2751112265e-02 2.6560877829e+09 2.8382661741e-04 1.0530789640e+01
W 3.2751112265e-02 3.3516026509e+09 2.9403878466e-04 1.1890368452e+01
W 3.2751112265e-02 4.2292428744e+09 3.1301340663e-04 1.3607835872e+01
W 3.2751112265e-02 5.3366992312e+09 3.2440572989e-04 1.5364677094e+01
W 3.2751112265e-02 6.7341506578e+09 3.3627734805e-04 1.7348335504e+01
W 3.2751112265e-02 8.4975343591e+09 3.4864812840e-04 1.9588094363e+01
W 3.2751112265e-02 1.0722672220e+10 3.7142665825e-04 2.2417435945e+01
W 3.2751112265e-02 1.3530477746e+10 3.8522404960e-04 2.5311641602e+01
W 3.2751112265e-02 1.7073526475e+10 3.9959733027e-04 2.8579504013e+01
W 3.2751112265e-02 2.1544346900e+10 4.1456770958e-04 3.2269264179e+01
W 3.2751112265e-02 2.7185882427e+10 4.4192132185e-04 3.6930298034e+01
W 3.2751112265e-02 3.4304692863e+10 4.5859237529e-04 4.1698188426e+01
W 3.2751112265e-02 4.3287612811e+10 4.7594008583e-04 4.7081637858e+01
W 3.2751112265e-02 5.4622772177e+10 4.9398377383e-04 5.3160118149e+01
W 3.2751112265e-02 6.8926121044e+10 5.2676520057e-04 6.0838666662e+01
W 3.2751112265e-02 8.6974900262e+10 5.4678550171e-04 6.8693249746e+01
W 3.2751112265e-02 1.0974987655e+11 5.6756909820e-04 7.7561899686e+01
W 3.2751112265e-02 1.3848863714e+11 5.8912628944e-04 8.7575537700e+01
W 3.2751112265e-02 1.7475284000e+11 6.2818699819e-04 1.0022511483e+02
W 3.2751112265e-02 2.2051307399e+11 6.5193624946e-04 1.1316468985e+02
W 3.2751112265e-02 2.7825594022e+11 6.7648117272e-04 1.2777483020e+02
W 3.2751112265e-02 3.5111917342e+11 7.0180774592e-04 1.4427121441e+02
W 3.2751112265e-02 4.4306214576e+11 7.4780058327e-04 1.6511002285e+02
W 3.2751112265e-02 5.5908101825e+11 7.7534049952e-04 1.8642657141e+02
W 3.2751112265e-02 7.0548023107e+11 8.0357153802e-04 2.1049519544e+02
W 3.2751112265e-02 8.9021508545e+11 8.3242562572e-04 2.3767120195e+02
W 3.2751112265e-02 1.1233240330e+12 8.8538571249e-04 2.7200088213e+02
W 3.2751112265e-02 1.4174741629e+12 9.1601240403e-04 3.0711758742e+02
W 3.2751112265e-02 1.7886495291e+12 9.4692923917e-04 3.4676803901e+02
W 3.2751112265e-02 2.2570197196e+12 9.7795885794e-04 3.9153756672e+02
W 3.2751112265e-02 2.8480358684e+12 1.0364789810e-03 4.4809199709e+02
W 3.2751112265e-02 3.5938136638e+12 1.0678773420e-03 5.0594296612e+02
W 3.2751112265e-02 4.5348785081e+12 1.0985818728e-03 5.7126279118e+02
W 3.2751112265e-02 5.7223676594e+12 1.1590709065e-03 6.5377707459e+02
W 3.2751112265e-02 7.2208090184e+12 1.1879528812e-03 7.3818303930e+02
W 3.2751112265e-02 9.1116275612e+12 1.2147418805e-03 8.3348624582e+02
W 3.2751112265e-02 1.1497569954e+13 1.2388229970e-03 9.4109358382e+02
W 3.2751112265e-02 1.4508287785e+13 1.2939422262e-03 1.0770269299e+03
W 3.2751112265e-02 1.8307382803e+13 1.3108613984e-03 1.2160766160e+03
W 3.2751112265e-02 2.3101297001e+13 1.3225573147e-03 1.3730783280e+03
W 3.2751112265e-02 2.9150530628e+13 1.3643612896e-03 1.5714083716e+03
W 3.2751112265e-02 3.6783797718e+13 1.3625156061e-03 1.7742852309e+03
W 3.2751112265e-02 4.6415888336e+13 1.3520538990e-03 2.0033545305e+03
W 3.2751112265e-02 5.8570208181e+13 1.3682562830e-03 2.2927228668e+03
W 3.2751112265e-02 7.3907220335e+13 1.3363242748e-03 2.5887251173e+03
W 3.2751112265e-02 9.3260334688e+13 1.2922468876e-03 2.9229427725e+03
W 3.2751112265e-02 1.1768119524e+14 1.2352739944e-03 3.3003096366e+03
W 3.2751112265e-02 1.4849682623e+14 1.1968904663e-03 3.7770126337e+03
W 3.2751112265e-02 1.8738174229e+14 1.1112281135e-03 4.2646442859e+03
W 3.2751112265e-02 2.3644894126e+14 1.0129134066e-03 4.8152316789e+03
W 3.2751112265e-02 2.9836472403e+14 9.2834730160e-04 5.5107528953e+03
W 3.2751112265e-02 3.7649358068e+14 8.0752911297e-04 6.2222192842e+03
W 3.2751112265e-02 4.7508101621e+14 6.8187262279e-04 7.0255396233e+03
W 3.2751112265e-02 5.9948425032e+14 5.7113170019e-04 8.0403219206e+03
W 3.2751112265e-02 7.5646332755e+14 4.4672662906e-04 9.0783686106e+03
W 3.2751112265e-02 9.5454845666e+14 3.4183618116e-04 1.0389665429e+04
W 3.2751112265e-02 1.2045035403e+15 2.4029595593e-04 1.1731024384e+04
W 3.2751112265e-02 1.5199110830e+15 1.5762156111e-04 1.3245559641e+04
W 3.2751112265e-02 1.9179102617e+15 9.7707495176e-05 1.5158773453e+04
W 3.2751112265e-02 2.4201282648e+15 5.3331468976e-05 1.7115848650e+04
W 3.2751112265e-02 3.0538555088e+15 2.5849652407e-05 1.9325592266e+04
W 3.2751112265e-02 3.8535285937e+15 1.1185939190e-05 2.2117017547e+04
W 3.2751112265e-02 4.8626015801e+15 3.9799431464e-06 2.4972437651e+04
W 3.2751112265e-02 6.1359072734e+15 1.1813369210e-06 2.8579504013e+04
W 3.2751112265e-02 7.7426368268e+15 2.6283738540e-07 3.2269264179e+04
W 3.2751112265e-02 9.7700995730e+15 4.2139531869e-08 3.6435391257e+04
W 3.2751112265e-02 1.2328467394e+16 4.6266684864e-09 4.1698188426e+04
W 3.2751112265e-02 1.5556761439e+16 3.0186395350e-10 4.7081637858e+04
W 3.2751112265e-02 1.9630406500e+16 1.1191829691e-11 5.3882199122e+04
W 3.2751112265e-02 2.4770763560e+16 1.9940895307e-13 6.0838666662e+04
W 3.2751112265e-02 3.1257158497e+16 1.5300510990e-15 6.8693249746e+04
W 3.2751112265e-02 3.9442060594e+16 4.3754970952e-18 7.8615433311e+04
W 3.2751112265e-02 4.9770235643e+16 3.5406268269e-21 8.8765087906e+04
W 3.2751112265e-02 6.2802914418e+16 6.4027114683e-25 1.0158648593e+05
W 3.2751112265e-02 7.9248289835e+16 1.6749954226e-29 1.1470182092e+05
W 3.2751112265e-02 1.0000000000e+17 4.0592197249e-35 1.3126956996e+05
W 3.5118298717e-02 1.2618568831e+07 1.3261428342e-04 6.1942993208e-01
W 3.5118298717e-02 1.5922827933e+07 1.3671424310e-04 6.9940150499e-01
W 3.5118298717e-02 2.0092330026e+07 1.4096949246e-04 7.8969781705e-01
W 3.5118298717e-02 2.5353644940e+07 1.4936330421e-04 9.0376327080e-01
W 3.5118298717e-02 3.1992671378e+07 1.5407540365e-04 1.0204437322e+00
W 3.5118298717e-02 4.0370172586e+07 1.5896913008e-04 1.1521882381e+00
W 3.5118298717e-02 5.0941380148e+07 1.6853953721e-04 1.3186124973e+00
W 3.5118298717e-02 6.4280731173e+07 1.7396562481e-04 1.4888521160e+00
W 3.5118298717e-02 8.1113083079e+07 1.7960444923e-04 1.6810705404e+00
W 3.5118298717e-02 1.0235310219e+08 1.8546557244e-04 1.8981053466e+00
W 3.5118298717e-02 1.2915496650e+08 1.9679830210e-04 2.1722712908e+00
W 3.5118298717e-02 1.6297508346e+08 2.0330787574e-04 2.4527226266e+00
W 3.5118298717e-02 2.0565123083e+08 2.1007821834e-04 2.7693816645e+00
W 3.5118298717e-02 2.5950242114e+08 2.1712117471e-04 3.1269230040e+00
W 3.5118298717e-02 3.2745491629e+08 2.3058799595e-04 3.5785817064e+00
W 3.5118298717e-02 4.1320124001e+08 2.3842251012e-04 4.0405949108e+00
W 3.5118298717e-02 5.2140082880e+08 2.4657708751e-04 4.5622563833e+00
W 3.5118298717e-02 6.5793322466e+08 2.5506627474e-04 5.1512670205e+00
W 3.5118298717e-02 8.3021756813e+08 2.7112328300e-04 5.8953258204e+00
W 3.5118298717e-02 1.0476157528e+09 2.8057968797e-04 6.6564425412e+00
W 3.5118298717e-02 1.3219411485e+09 2.9042869576e-04 7.5158233240e+00
W 3.5118298717e-02 1.6681005372e+09 3.0068795472e-04 8.4861545621e+00
W 3.5118298717e-02 2.1049041445e+09 3.1989213732e-04 9.7119108575e+00
W 3.5118298717e-02 2.6560877829e+09 3.3133207026e-04 1.0965768230e+01
W 3.5118298717e-02 3.3516026509e+09 3.4325199482e-04 1.2381505004e+01
W 3.5118298717e-02 4.2292428744e+09 3.5567274159e-04 1.3980020637e+01
W 3.5118298717e-02 5.3366992312e+09 3.7869771476e-04 1.5999321391e+01
W 3.5118298717e-02 6.7341506578e+09 3.9255397063e-04 1.8064915626e+01
W 3.5118298717e-02 8.4975343591e+09 4.0699258316e-04 2.0397188644e+01
W 3.5118298717e-02 1.0722672220e+10 4.2203712959e-04 2.3030570039e+01
W 3.5118298717e-02 1.3530477746e+10 4.4968322187e-04 2.6357149352e+01
W 3.5118298717e-02 1.7073526475e+10 4.6645802685e-04 2.9759992163e+01
W 3.5118298717e-02 2.1544346900e+10 4.8392927378e-04 3.3602159387e+01
W 3.5118298717e-02 2.7185882427e+10 5.0212143523e-04 3.7940370054e+01
W 3.5118298717e-02 3.4304692863e+10 5.3530980389e-04 4.3420549222e+01
W 3.5118298717e-02 4.3287612811e+10 5.5555378935e-04 4.9026364243e+01
W 3.5118298717e-02 5.4622772177e+10 5.7660923523e-04 5.5355918659e+01
W 3.5118298717e-02 6.8926121044e+10 5.9849689537e-04 6.2502650930e+01
W 3.5118298717e-02 8.6974900262e+10 6.3822641785e-04 7.1530652635e+01
W 3.5118298717e-02 1.0974987655e+11 6.6247614331e-04 8.0765625803e+01
W 3.5118298717e-02 1.3848863714e+11 6.8762724773e-04 9.1192881248e+01
W 3.5118298717e-02 1.7475284000e+11 7.1368644236e-04 1.0296634871e+02
W 3.5118298717e-02 2.2051307399e+11 7.4065432157e-04 1.1625983105e+02
W 3.5118298717e-02 2.7825594022e+11 7.8954358600e-04 1.3305262203e+02
W 3.5118298717e-02 3.5111917342e+11 8.1908501873e-04 1.5023039616e+02
W 3.5118298717e-02 4.4306214576e+11 8.4950793928e-04 1.6962590881e+02
W 3.5118298717e-02 5.5908101825e+11 8.8077043746e-04 1.9152548135e+02
W 3.5118298717e-02 7.0548023107e+11 9.3778034376e-04 2.1918978593e+02
W 3.5118298717e-02 8.9021508545e+11 9.7142311815e-04 2.4748830855e+02
W 3.5118298717e-02 1.1233240330e+12 1.0056848061e-03 2.7944031520e+02
W 3.5118298717e-02 1.4174741629e+12 1.0688904709e-03 3.1980320549e+02
W 3.5118298717e-02 1.7886495291e+12 1.1049217709e-03 3.6109143526e+02
W 3.5118298717e-02 2.2570197196e+12 1.1410771297e-03 4.0771018670e+02
W 3.5118298717e-02 2.8480358684e+12 1.1771034764e-03 4.6034765743e+02
W 3.5118298717e-02 3.5938136638e+12 1.2458638538e-03 5.2684114810e+02
W 3.5118298717e-02 4.5348785081e+12 1.2816090310e-03 5.9485903535e+02
W 3.5118298717e-02 5.7223676594e+12 1.3160900769e-03 6.7165837980e+02
W 3.5118298717e-02 7.2208090184e+12 1.3487859913e-03 7.5837291248e+02
W 3.5118298717e-02 9.1116275612e+12 1.4168094176e-03 8.6791373747e+02
W 3.5118298717e-02 1.1497569954e+13 1.4447667817e-03 9.7996584076e+02
W 3.5118298717e-02 1.4508287785e+13 1.4687281440e-03 1.1064844438e+03
W 3.5118298717e-02 1.8307382803e+13 1.5284598510e-03 1.2663071600e+03
W 3.5118298717e-02 2.3101297001e+13 1.5419074296e-03 1.4297938922e+03
W 3.5118298717e-02 2.9150530628e+13 1.5480850377e-03 1.6143875977e+03
W 3.5118298717e-02 3.6783797718e+13 1.5457536707e-03 1.8228132949e+03
W 3.5118298717e-02 4.6415888336e+13 1.5755673367e-03 2.0861039120e+03
W 3.5118298717e-02 5.8570208181e+13 1.5517008328e-03 2.3554305985e+03
W 3.5118298717e-02 7.3907220335e+13 1.5151594544e-03 2.6595287378e+03
W 3.5118298717e-02 9.3260334688e+13 1.5048900137e-03 3.0436761240e+03
W 3.5118298717e-02 1.1768119524e+14 1.4381457853e-03 3.4366302814e+03
W 3.5118298717e-02 1.4849682623e+14 1.3559380696e-03 3.8803168307e+03
W 3.5118298717e-02 1.8738174229e+14 1.2928668055e-03 4.4407971694e+03
W 3.5118298717e-02 2.3644894126e+14 1.1780077669e-03 5.0141268007e+03
W 3.5118298717e-02 2.9836472403e+14 1.0504329283e-03 5.6614762203e+03
W 3.5118298717e-02 3.7649358068e+14 9.3822500827e-04 6.4792306068e+03
W 3.5118298717e-02 4.7508101621e+14 7.9175523128e-04 7.3157324225e+03
W 3.5118298717e-02 5.9948425032e+14 6.4506727104e-04 8.2602309016e+03
W 3.5118298717e-02 7.5646332755e+14 5.1794453612e-04 9.4533543540e+03
W 3.5118298717e-02 9.5454845666e+14 3.8542560640e-04 1.0673830759e+04
W 3.5118298717e-02 1.2045035403e+15 2.7064803049e-04 1.2051876912e+04
W 3.5118298717e-02 1.5199110830e+15 1.8215978538e-04 1.3792672921e+04
W 3.5118298717e-02 1.9179102617e+15 1.0975265774e-04 1.5573377552e+04
W 3.5118298717e-02 2.4201282648e+15 5.9804256573e-05 1.7583980259e+04
W 3.5118298717e-02 3.0538555088e+15 2.9720475787e-05 2.0123843791e+04
W 3.5118298717e-02 3.8535285937e+15 1.2489240373e-05 2.2721934967e+04
W 3.5118298717e-02 4.8626015801e+15 4.5525563552e-06 2.6003934443e+04
W 3.5118298717e-02 6.1359072734e+15 1.3109952472e-06 2.9361175402e+04
W 3.5118298717e-02 7.7426368268e+15 2.9053451761e-07 3.3151853343e+04
W 3.5118298717e-02 9.7700995730e+15 4.7626588931e-08 3.7940370054e+04
W 3.5118298717e-02 1.2328467394e+16 5.0606542967e-09 4.2838665911e+04
W 3.5118298717e-02 1.5556761439e+16 3.3685314227e-10 4.9026364243e+04
W 3.5118298717e-02 1.9630406500e+16 1.2054641024e-11 5.5355918659e+04
W 3.5118298717e-02 2.4770763560e+16 2.1261236155e-13 6.2502650930e+04
W 3.5118298717e-02 3.1257158497e+16 1.6556153071e-15 7.1530652635e+04
W 3.5118298717e-02 3.9442060594e+16 4.5411696409e-18 8.0765625803e+04
W 3.5118298717e-02 4.9770235643e+16 3.7086905030e-21 9.2431566313e+04
W 3.5118298717e-02 6.2802914418e+16 6.3889732091e-25 1.0436495435e+05
W 3.5118298717e-02 7.9248289835e+16 1.6726332099e-29 1.1943962674e+05
W 3.5118298717e-02 1.0000000000e+17 3.8206129467e-35 1.3485989354e+05
W 3.7656580785e-02 1.2618568831e+07 1.5486059121e-04 6.4501573980e-01
W 3.7656580785e-02 1.5922827933e+07 1.5964823172e-04 7.2829057136e-01
W 3.7656580785e-02 2.0092330026e+07 1.6461719382e-04 8.2231660967e-01
W 3.7656580785e-02 2.5353644940e+07 1.7441894026e-04 9.4109358382e-01
W 3.7656580785e-02 3.1992671378e+07 1.7992134170e-04 1.0625935796e+00
W 3.7656580785e-02 4.0370172586e+07 1.8563581139e-04 1.1997798464e+00
W 3.7656580785e-02 5.0941380148e+07 1.9157179282e-04 1.3546775620e+00
W 3.7656580785e-02 6.4280731173e+07 2.0314749236e-04 1.5503497641e+00
W 3.7656580785e-02 8.1113083079e+07 2.0973194037e-04 1.7505078494e+00
W 3.7656580785e-02 1.0235310219e+08 2.1657593360e-04 1.9765073674e+00
W 3.7656580785e-02 1.2915496650e+08 2.2369116901e-04 2.2316845792e+00
W 3.7656580785e-02 1.6297508346e+08 2.3741039777e-04 2.5540333419e+00
W 3.7656580785e-02 2.0565123083e+08 2.4531594947e-04 2.8837721114e+00
W 3.7656580785e-02 2.5950242114e+08 2.5353977313e-04 3.2560818428e+00
W 3.7656580785e-02 3.2745491629e+08 2.6209633360e-04 3.6764586650e+00
W 3.7656580785e-02 4.1320124001e+08 2.7841284022e-04 4.2074933428e+00
W 3.7656580785e-02 5.2140082880e+08 2.8793445832e-04 4.7507022567e+00
W 3.7656580785e-02 6.5793322466e+08 2.9784669755e-04 5.3640422201e+00
W 3.7656580785e-02 8.3021756813e+08 3.0816729207e-04 6.0565675103e+00
W 3.7656580785e-02 1.0476157528e+09 3.2763729116e-04 6.9313896337e+00
W 3.7656580785e-02 1.3219411485e+09 3.3913696554e-04 7.8262674927e+00
W 3.7656580785e-02 1.6681005372e+09 3.5111551445e-04 8.8366786611e+00
W 3.7656580785e-02 2.1049041445e+09 3.6359429020e-04 9.9775390799e+00
W 3.7656580785e-02 2.6560877829e+09 3.8689562586e-04 1.1418713790e+01
W 3.7656580785e-02 3.3516026509e+09 4.0081260153e-04 1.2892928152e+01
W 3.7656580785e-02 4.2292428744e+09 4.1531408925e-04 1.4557471130e+01
W 3.7656580785e-02 5.3366992312e+09 4.3042513068e-04 1.6436915121e+01
W 3.7656580785e-02 6.7341506578e+09 4.5837452006e-04 1.8811094384e+01
W 3.7656580785e-02 8.4975343591e+09 4.7523102458e-04 2.1239702897e+01
W 3.7656580785e-02 1.0722672220e+10 4.9279457455e-04 2.3981857192e+01
W 3.7656580785e-02 1.3530477746e+10 5.1109297274e-04 2.7078037634e+01
W 3.7656580785e-02 1.7073526475e+10 5.3015424787e-04 3.0573950809e+01
W 3.7656580785e-02 2.1544346900e+10 5.6504947413e-04 3.4990110379e+01
W 3.7656580785e-02 2.7185882427e+10 5.8628553667e-04 3.9507512620e+01
W 3.7656580785e-02 3.4304692863e+10 6.0839040834e-04 4.4608134598e+01
W 3.7656580785e-02 4.3287612811e+10 6.3139100580e-04 5.0367272966e+01
W 3.7656580785e-02 5.4622772177e+10 6.7323599265e-04 5.7642417611e+01
W 3.7656580785e-02 6.8926121044e+10 6.9878229422e-04 6.5084348593e+01
W 3.7656580785e-02 8.6974900262e+10 7.2532022401e-04 7.3487070933e+01
W 3.7656580785e-02 1.0974987655e+11 7.5286739614e-04 8.2974627711e+01
W 3.7656580785e-02 1.3848863714e+11 8.0280991403e-04 9.4959640655e+01
W 3.7656580785e-02 1.7475284000e+11 8.3321889555e-04 1.0721941603e+02
W 3.7656580785e-02 2.2051307399e+11 8.6468622150e-04 1.2106199111e+02
W 3.7656580785e-02 2.7825594022e+11 8.9720334295e-04 1.3669171345e+02
W 3.7656580785e-02 3.5111917342e+11 9.5620763672e-04 1.5643572437e+02
W 3.7656580785e-02 4.4306214576e+11 9.9169800862e-04 1.7663237663e+02
W 3.7656580785e-02 5.5908101825e+11 1.0281642062e-03 1.9943652001e+02
W 3.7656580785e-02 7.0548023107e+11 1.0655375333e-03 2.2518479495e+02
W 3.7656580785e-02 8.9021508545e+11 1.1339141981e-03 2.5771091476e+02
W 3.7656580785e-02 1.1233240330e+12 1.1738636504e-03 2.9098271217e+02
W 3.7656580785e-02 1.4174741629e+12 1.2143746884e-03 3.2855006882e+02
W 3.7656580785e-02 1.7886495291e+12 1.2552546258e-03 3.7096756339e+02
W 3.7656580785e-02 2.2570197196e+12 1.3317201669e-03 4.2455082339e+02
W 3.7656580785e-02 2.8480358684e+12 1.3736922925e-03 4.7936250646e+02
W 3.7656580785e-02 3.5938136638e+12 1.4151457772e-03 5.4125065821e+02
W 3.7656580785e-02 4.5348785081e+12 1.4556537752e-03 6.1112888693e+02
W 3.7656580785e-02 5.7223676594e+12 1.5355923657e-03 6.9940150499e+02
W 3.7656580785e-02 7.2208090184e+12 1.5736175432e-03 7.8969781705e+02
W 3.7656580785e-02 9.1116275612e+12 1.6088331665e-03 8.9165184490e+02
W 3.7656580785e-02 1.1497569954e+13 1.6404214170e-03 1.0067686593e+03
W 3.7656580785e-02 1.4508287785e+13 1.7130552402e-03 1.1521882381e+03
W 3.7656580785e-02 1.8307382803e+13 1.7350563201e-03 1.3009416336e+03
W 3.7656580785e-02 2.3101297001e+13 1.7500897870e-03 1.4688998534e+03
W 3.7656580785e-02 2.9150530628e+13 1.8048929577e-03 1.6810705404e+03
W 3.7656580785e-02 3.6783797718e+13 1.8018774648e-03 1.8981053466e+03
W 3.7656580785e-02 4.6415888336e+13 1.7874049215e-03 2.1431604565e+03
W 3.7656580785e-02 5.8570208181e+13 1.7599647318e-03 2.4198534347e+03
W 3.7656580785e-02 7.3907220335e+13 1.7651104219e-03 2.7693816645e+03
W 3.7656580785e-02 9.3260334688e+13 1.7060256563e-03 3.1269230040e+03
W 3.7656580785e-02 1.1768119524e+14 1.6298776325e-03 3.5306247595e+03
W 3.7656580785e-02 1.4849682623e+14 1.5782108349e-03 4.0405949108e+03
W 3.7656580785e-02 1.8738174229e+14 1.4641815783e-03 4.5622563833e+03
W 3.7656580785e-02 2.3644894126e+14 1.3335255756e-03 5.1512670205e+03
W 3.7656580785e-02 2.9836472403e+14 1.2210289310e-03 5.8953258204e+03
W 3.7656580785e-02 3.7649358068e+14 1.0609645139e-03 6.6564425412e+03
W 3.7656580785e-02 4.7508101621e+14 8.9475452000e-04 7.5158233240e+03
W 3.7656580785e-02 5.9948425032e+14 7.4836557130e-04 8.6014231310e+03
W 3.7656580785e-02 7.5646332755e+14 5.8438764846e-04 9.7119108575e+03
W 3.7656580785e-02 9.5454845666e+14 4.3443811957e-04 1.0965768230e+04
W 3.7656580785e-02 1.2045035403e+15 3.1304857376e-04 1.2549684637e+04
W 3.7656580785e-02 1.5199110830e+15 2.0481391039e-04 1.4169913121e+04
W 3.7656580785e-02 1.9179102617e+15 1.2320923886e-04 1.5999321391e+04
W 3.7656580785e-02 2.4201282648e+15 6.8846927681e-05 1.8310293784e+04
W 3.7656580785e-02 3.0538555088e+15 3.3232091474e-05 2.0674246377e+04
W 3.7656580785e-02 3.8535285937e+15 1.4310699840e-05 2.3660473821e+04
W 3.7656580785e-02 4.8626015801e+15 5.0625167699e-06 2.6715162026e+04
W 3.7656580785e-02 6.1359072734e+15 1.4526851686e-06 3.0164226104e+04
W 3.7656580785e-02 7.7426368268e+15 3.2933677531e-07 3.4521204259e+04
W 3.7656580785e-02 9.7700995730e+15 5.2281380027e-08 3.8978068320e+04
W 3.7656580785e-02 1.2328467394e+16 5.6719302254e-09 4.4608134598e+04
W 3.7656580785e-02 1.5556761439e+16 3.6474494123e-10 5.0367272966e+04
W 3.7656580785e-02 1.9630406500e+16 1.2935070766e-11 5.6869945558e+04
W 3.7656580785e-02 2.4770763560e+16 2.3183490574e-13 6.5084348593e+04
W 3.7656580785e-02 3.1257158497e+16 1.7342838315e-15 7.3487070933e+04
W 3.7656580785e-02 3.9442060594e+16 4.8102646060e-18 8.4101683142e+04
W 3.7656580785e-02 4.9770235643e+16 3.7514608710e-21 9.4959640655e+04
W 3.7656580785e-02 6.2802914418e+16 6.4873494819e-25 1.0867579165e+05
W 3.7656580785e-02 7.9248289835e+16 1.6071518941e-29 1.2270639228e+05
W 3.7656580785e-02 1.0000000000e+17 3.6431120711e-35 1.4043033682e+05
W 4.0378324924e-02 1.2618568831e+07 1.8089262935e-04 6.7165837980e-01
W 4.0378324924e-02 1.5922827933e+07 1.8648495061e-04 7.5837291248e-01
W 4.0378324924e-02 2.0092330026e+07 1.9228905057e-04 8.5628273491e-01
W 4.0378324924e-02 2.5353644940e+07 1.9831424039e-04 9.6683321627e-01
W 4.0378324924e-02 3.1992671378e+07 2.1016543678e-04 1.1064844438e+00
W 4.0378324924e-02 4.0370172586e+07 2.1684026923e-04 1.2493372457e+00
W 4.0378324924e-02 5.0941380148e+07 2.2377381117e-04 1.4106330750e+00
W 4.0378324924e-02 6.4280731173e+07 2.3097760799e-04 1.5927530210e+00
W 4.0378324924e-02 8.1113083079e+07 2.4498593675e-04 1.8228132949e+00
W 4.0378324924e-02 1.0235310219e+08 2.5297996903e-04 2.0581478158e+00
W 4.0378324924e-02 1.2915496650e+08 2.6129077602e-04 2.3238652272e+00
W 4.0378324924e-02 1.6297508346e+08 2.6993267614e-04 2.6238881157e+00
W 4.0378324924e-02 2.0565123083e+08 2.8654934875e-04 3.0028875026e+00
W 4.0378324924e-02 2.5950242114e+08 2.9615483645e-04 3.3905756404e+00
W 4.0378324924e-02 3.2745491629e+08 3.0614889026e-04 3.8283162999e+00
W 4.0378324924e-02 4.1320124001e+08 3.1654917108e-04 4.3225715179e+00
W 4.0378324924e-02 5.2140082880e+08 3.3632809365e-04 4.9469319642e+00
W 4.0378324924e-02 6.5793322466e+08 3.4790528651e-04 5.5856061867e+00
W 4.0378324924e-02 8.3021756813e+08 3.5995930919e-04 6.3067365184e+00
W 4.0378324924e-02 1.0476157528e+09 3.7251173473e-04 7.1209684648e+00
W 4.0378324924e-02 1.3219411485e+09 3.9613106581e-04 8.1495346853e+00
W 4.0378324924e-02 1.6681005372e+09 4.1012104016e-04 9.2016813019e+00
W 4.0378324924e-02 2.1049041445e+09 4.2469505066e-04 1.0389665429e+01
W 4.0378324924e-02 2.6560877829e+09 4.3987894555e-04 1.1731024384e+01
W 4.0378324924e-02 3.3516026509e+09 4.5569946266e-04 1.3245559641e+01
W 4.0378324924e-02 4.2292428744e+09 4.8509877425e-04 1.5158773453e+01
W 4.0378324924e-02 5.3366992312e+09 5.0274591639e-04 1.7115848650e+01
W 4.0378324924e-02 6.7341506578e+09 5.2113453985e-04 1.9325592266e+01
W 4.0378324924e-02 8.4975343591e+09 5.4029525785e-04 2.1820625087e+01
W 4.0378324924e-02 1.0722672220e+10 5.7558275346e-04 2.4972437651e+01
W 4.0378324924e-02 1.3530477746e+10 5.9695037686e-04 2.8196507098e+01
W 4.0378324924e-02 1.7073526475e+10 6.1920826256e-04 3.1836820402e+01
W 4.0378324924e-02 2.1544346900e+10 6.4238898214e-04 3.5947116777e+01
W 4.0378324924e-02 2.7185882427e+10 6.8475475694e-04 4.1139386652e+01
W 4.0378324924e-02 3.4304692863e+10 7.1056429775e-04 4.6450691916e+01
W 4.0378324924e-02 4.3287612811e+10 7.3741871710e-04 5.2447713859e+01
W 4.0378324924e-02 5.4622772177e+10 7.6534745412e-04 5.9218982013e+01
W 4.0378324924e-02 6.8926121044e+10 7.9437766815e-04 6.6864455523e+01
W 4.0378324924e-02 8.6974900262e+10 8.4708494773e-04 7.6522484575e+01
W 4.0378324924e-02 1.0974987655e+11 8.7924192155e-04 8.6401928782e+01
W 4.0378324924e-02 1.3848863714e+11 9.1259054573e-04 9.7556859773e+01
W 4.0378324924e-02 1.7475284000e+11 9.4713907135e-04 1.1015194942e+02
W 4.0378324924e-02 2.2051307399e+11 1.0097702740e-03 1.2606250637e+02
W 4.0378324924e-02 2.7825594022e+11 1.0477188321e-03 1.4233782081e+02
W 4.0378324924e-02 3.5111917342e+11 1.0868665955e-03 1.6071436160e+02
W 4.0378324924e-02 4.4306214576e+11 1.1271751144e-03 1.8146340781e+02
W 4.0378324924e-02 5.5908101825e+11 1.2005493015e-03 2.0767432736e+02
W 4.0378324924e-02 7.0548023107e+11 1.2441475165e-03 2.3448614538e+02
W 4.0378324924e-02 8.9021508545e+11 1.2886911196e-03 2.6475950625e+02
W 4.0378324924e-02 1.1233240330e+12 1.3340407188e-03 2.9894131287e+02
W 4.0378324924e-02 1.4174741629e+12 1.4177643082e-03 3.4212096433e+02
W 4.0378324924e-02 1.7886495291e+12 1.4654212981e-03 3.8629053094e+02
W 4.0378324924e-02 2.2570197196e+12 1.5132205014e-03 4.3616261454e+02
W 4.0378324924e-02 2.8480358684e+12 1.5608234543e-03 4.9247343925e+02
W 4.0378324924e-02 3.5938136638e+12 1.6517976227e-03 5.6360723890e+02
W 4.0378324924e-02 4.5348785081e+12 1.6989615523e-03 6.3637181656e+02
W 4.0378324924e-02 5.7223676594e+12 1.7444131308e-03 7.1853067342e+02
W 4.0378324924e-02 7.2208090184e+12 1.7874578240e-03 8.1129665897e+02
W 4.0378324924e-02 9.1116275612e+12 1.8772654330e-03 9.2848189051e+02
W 4.0378324924e-02 1.1497569954e+13 1.9139254836e-03 1.0483536522e+03
W 4.0378324924e-02 1.4508287785e+13 1.9452355408e-03 1.1837014715e+03
W 4.0378324924e-02 1.8307382803e+13 1.9699663973e-03 1.3365233867e+03
W 4.0378324924e-02 2.3101297001e+13 2.0410913340e-03 1.5295733651e+03
W 4.0378324924e-02 2.9150530628e+13 2.0486406792e-03 1.7270491110e+03
W 4.0378324924e-02 3.6783797718e+13 2.0448548194e-03 1.9500199859e+03
W 4.0378324924e-02 4.6415888336e+13 2.0834956200e-03 2.2316845792e+03
W 4.0378324924e-02 5.8570208181e+13 2.0510524214e-03 2.5198064745e+03
W 4.0378324924e-02 7.3907220335e+13 2.0017832701e-03 2.8451263804e+03
W 4.0378324924e-02 9.3260334688e+13 1.9871325355e-03 3.2560818428e+03
W 4.0378324924e-02 1.1768119524e+14 1.8978321036e-03 3.6764586650e+03
W 4.0378324924e-02 1.4849682623e+14 1.7881021515e-03 4.1511082855e+03
W 4.0378324924e-02 1.8738174229e+14 1.6582287099e-03 4.6870376000e+03
W 4.0378324924e-02 2.3644894126e+14 1.5508413069e-03 5.3640422201e+03
W 4.0378324924e-02 2.9836472403e+14 1.3814737025e-03 6.0565675103e+03
W 4.0378324924e-02 3.7649358068e+14 1.1996481767e-03 6.8385013580e+03
W 4.0378324924e-02 4.7508101621e+14 1.0386601510e-03 7.8262674927e+03
W 4.0378324924e-02 5.9948425032e+14 8.4492310098e-04 8.8366786611e+03
W 4.0378324924e-02 7.5646332755e+14 6.5917978557e-04 9.9775390799e+03
W 4.0378324924e-02 9.5454845666e+14 5.0290556488e-04 1.1418713790e+04
W 4.0378324924e-02 1.2045035403e+15 3.5230137897e-04 1.2892928152e+04
W 4.0378324924e-02 1.5199110830e+15 2.3645882707e-04 1.4755207201e+04
W 4.0378324924e-02 1.9179102617e+15 1.4200679344e-04 1.6660179931e+04
W 4.0378324924e-02 2.4201282648e+15 7.7086236177e-05 1.8811094384e+04
W 4.0378324924e-02 3.0538555088e+15 3.8138725065e-05 2.1528204613e+04
W 4.0378324924e-02 3.8535285937e+15 1.5943057902e-05 2.4307605956e+04
W 4.0378324924e-02 4.8626015801e+15 5.6219111907e-06 2.7445842229e+04
W 4.0378324924e-02 6.1359072734e+15 1.6510113292e-06 3.1410171850e+04
W 4.0378324924e-02 7.7426368268e+15 3.6267132974e-07 3.5465385714e+04
W 4.0378324924e-02 9.7700995730e+15 5.8822522643e-08 4.0588073439e+04
W 4.0378324924e-02 1.2328467394e+16 6.1703855116e-09 4.5828201346e+04
W 4.0378324924e-02 1.5556761439e+16 3.9361054744e-10 5.1744856573e+04
W 4.0378324924e-02 1.9630406500e+16 1.4201436282e-11 5.9218982013e+04
W 4.0378324924e-02 2.4770763560e+16 2.4486155053e-13 6.6864455523e+04
W 4.0378324924e-02 3.1257158497e+16 1.8553952524e-15 7.6522484575e+04
W 4.0378324924e-02 3.9442060594e+16 4.9245459855e-18 8.6401928782e+04
W 4.0378324924e-02 4.9770235643e+16 3.8653034930e-21 9.8881987607e+04
W 4.0378324924e-02 6.2802914418e+16 6.3460820188e-25 1.1164815803e+05
W 4.0378324924e-02 7.9248289835e+16 1.5251180641e-29 1.2606250637e+05
W 4.0378324924e-02 1.0000000000e+17 3.3307533759e-35 1.4427121441e+05
W 4.3296791417e-02 1.2618568831e+07 2.0574048624e-04 6.9002875244e-01
W 4.3296791417e-02 1.5922827933e+07 2.1790195441e-04 7.8969781705e-01
W 4.3296791417e-02 2.0092330026e+07 2.2468369034e-04 8.9165184490e-01
W 4.3296791417e-02 2.5353644940e+07 2.3172373039e-04 1.0067686593e+00
W 4.3296791417e-02 3.1992671378e+07 2.3903347735e-04 1.1367476433e+00
W 4.3296791417e-02 4.0370172586e+07 2.5337026794e-04 1.3009416336e+00
W 4.3296791417e-02 5.0941380148e+07 2.6147155529e-04 1.4688998534e+00
W 4.3296791417e-02 6.4280731173e+07 2.6988857301e-04 1.6585423386e+00
W 4.3296791417e-02 8.1113083079e+07 2.7863546417e-04 1.8726686388e+00
W 4.3296791417e-02 1.0235310219e+08 2.9559659766e-04 2.1431604565e+00
W 4.3296791417e-02 1.2915496650e+08 3.0530689933e-04 2.4198534347e+00
W 4.3296791417e-02 1.6297508346e+08 3.1540398391e-04 2.7322688918e+00
W 4.3296791417e-02 2.0565123083e+08 3.2590535004e-04 3.0850187826e+00
W 4.3296791417e-02 2.5950242114e+08 3.4604188040e-04 3.5306247595e+00
W 4.3296791417e-02 3.2745491629e+08 3.5771854639e-04 3.9864464768e+00
W 4.3296791417e-02 4.1320124001e+08 3.6986972978e-04 4.5011171095e+00
W 4.3296791417e-02 5.2140082880e+08 3.8251700576e-04 5.0822343536e+00
W 4.3296791417e-02 6.5793322466e+08 4.0650511621e-04 5.8163219439e+00
W 4.3296791417e-02 8.3021756813e+08 4.2058804024e-04 6.5672388601e+00
W 4.3296791417e-02 1.0476157528e+09 4.3525309274e-04 7.4151029914e+00
W 4.3296791417e-02 1.3219411485e+09 4.5052648337e-04 8.3724307193e+00
W 4.3296791417e-02 1.6681005372e+09 4.6643549847e-04 9.4533543540e+00
W 4.3296791417e-02 2.1049041445e+09 4.9621908456e-04 1.0818814826e+01
W 4.3296791417e-02 2.6560877829e+09 5.1395753868e-04 1.2215579163e+01
W 4.3296791417e-02 3.3516026509e+09 5.3243942313e-04 1.3792672921e+01
W 4.3296791417e-02 4.2292428744e+09 5.5169689995e-04 1.5573377552e+01
W 4.3296791417e-02 5.3366992312e+09 5.8740127808e-04 1.7822825807e+01
W 4.3296791417e-02 6.7341506578e+09 6.0888207133e-04 2.0123843791e+01
W 4.3296791417e-02 8.4975343591e+09 6.3126430255e-04 2.2721934967e+01
W 4.3296791417e-02 1.0722672220e+10 6.5458429200e-04 2.5655453004e+01
W 4.3296791417e-02 1.3530477746e+10 6.7887877601e-04 2.8967703227e+01
W 4.3296791417e-02 1.7073526475e+10 7.2344475936e-04 3.3151853343e+01
W 4.3296791417e-02 2.1544346900e+10 7.5051997953e-04 3.7431927196e+01
W 4.3296791417e-02 2.7185882427e+10 7.7870982874e-04 4.2264580479e+01
W 4.3296791417e-02 3.4304692863e+10 8.0805096676e-04 4.7721154022e+01
W 4.3296791417e-02 4.3287612811e+10 8.6151454749e-04 5.4614088217e+01
W 4.3296791417e-02 5.4622772177e+10 8.9413060916e-04 6.1665046383e+01
W 4.3296791417e-02 6.8926121044e+10 9.2803144329e-04 6.9626319316e+01
W 4.3296791417e-02 8.6974900262e+10 9.6324476513e-04 7.8615433311e+01
W 4.3296791417e-02 1.0974987655e+11 9.9979334145e-04 8.8765087906e+01
W 4.3296791417e-02 1.3848863714e+11 1.0660757224e-03 1.0158648593e+02
W 4.3296791417e-02 1.7475284000e+11 1.1064112564e-03 1.1470182092e+02
W 4.3296791417e-02 2.2051307399e+11 1.1481446298e-03 1.2951041276e+02
W 4.3296791417e-02 2.7825594022e+11 1.1912634356e-03 1.4623086955e+02
W 4.3296791417e-02 3.5111917342e+11 1.2695392139e-03 1.6735273430e+02
W 4.3296791417e-02 4.4306214576e+11 1.3165830619e-03 1.8895882839e+02
W 4.3296791417e-02 5.5908101825e+11 1.3649097318e-03 2.1335437975e+02
W 4.3296791417e-02 7.0548023107e+11 1.4144262657e-03 2.4089952158e+02
W 4.3296791417e-02 8.9021508545e+11 1.5050782711e-03 2.7569550638e+02
W 4.3296791417e-02 1.1233240330e+12 1.5579761620e-03 3.1128920656e+02
W 4.3296791417e-02 1.4174741629e+12 1.6115980088e-03 3.5147823552e+02
W 4.3296791417e-02 1.7886495291e+12 1.6656852484e-03 3.9685587370e+02
W 4.3296791417e-02 2.2570197196e+12 1.7669611288e-03 4.5417849044e+02
W 4.3296791417e-02 2.8480358684e+12 1.8224337060e-03 5.1281525689e+02
W 4.3296791417e-02 3.5938136638e+12 1.8771826683e-03 5.7902232984e+02
W 4.3296791417e-02 4.5348785081e+12 1.9306375429e-03 6.5377707459e+02
W 4.3296791417e-02 5.7223676594e+12 2.0363360222e-03 7.4820987794e+02
W 4.3296791417e-02 7.2208090184e+12 2.0863938989e-03 8.4480760063e+02
W 4.3296791417e-02 9.1116275612e+12 2.1326698883e-03 9.5387658345e+02
W 4.3296791417e-02 1.1497569954e+13 2.1740746955e-03 1.0770269299e+03
W 4.3296791417e-02 1.4508287785e+13 2.2697945580e-03 1.2325947469e+03
W 4.3296791417e-02 1.8307382803e+13 2.2983350844e-03 1.3917290340e+03
W 4.3296791417e-02 2.3101297001e+13 2.3175633518e-03 1.5714083716e+03
W 4.3296791417e-02 2.9150530628e+13 2.3257374629e-03 1.7742852309e+03
W 4.3296791417e-02 3.6783797718e+13 2.3844769588e-03 2.0305663622e+03
W 4.3296791417e-02 4.6415888336e+13 2.3643489728e-03 2.2927228668e+03
W 4.3296791417e-02 5.8570208181e+13 2.3269739262e-03 2.5887251173e+03
W 4.3296791417e-02 7.3907220335e+13 2.3325630674e-03 2.9626454939e+03
W 4.3296791417e-02 9.3260334688e+13 2.2531620427e-03 3.3451381824e+03
W 4.3296791417e-02 1.1768119524e+14 2.1511680589e-03 3.7770126337e+03
W 4.3296791417e-02 1.4849682623e+14 2.0814162971e-03 4.3225715179e+03
W 4.3296791417e-02 1.8738174229e+14 1.9293885342e-03 4.8806376128e+03
W 4.3296791417e-02 2.3644894126e+14 1.7555218312e-03 5.5107528953e+03
W 4.3296791417e-02 2.9836472403e+14 1.6056544484e-03 6.3067365184e+03
W 4.3296791417e-02 3.7649358068e+14 1.3934123393e-03 7.1209684648e+03
W 4.3296791417e-02 4.7508101621e+14 1.1734247143e-03 8.0403219206e+03
W 4.3296791417e-02 5.9948425032e+14 9.7981435234e-04 9.2016813019e+03
W 4.3296791417e-02 7.5646332755e+14 7.6365896300e-04 1.0389665429e+04
W 4.3296791417e-02 9.5454845666e+14 5.6645433726e-04 1.1731024384e+04
W 4.3296791417e-02 1.2045035403e+15 4.0713036553e-04 1.3425475844e+04
W 4.3296791417e-02 1.5199110830e+15 2.6557245597e-04 1.5158773453e+04
W 4.3296791417e-02 1.9179102617e+15 1.5920282577e-04 1.7115848650e+04
W 4.3296791417e-02 2.4201282648e+15 8.8596654677e-05 1.9588094363e+04
W 4.3296791417e-02 3.0538555088e+15 4.2560725930e-05 2.2117017547e+04
W 4.3296791417e-02 3.8535285937e+15 1.7739676707e-05 2.4972437651e+04
W 4.3296791417e-02 4.8626015801e+15 6.4043855268e-06 2.8579504013e+04
W 4.3296791417e-02 6.1359072734e+15 1.8232274554e-06 3.2269264179e+04
W 4.3296791417e-02 7.7426368268e+15 4.0943472856e-07 3.6930298034e+04
W 4.3296791417e-02 9.7700995730e+15 6.4256759762e-08 4.1698188426e+04
W 4.3296791417e-02 1.2328467394e+16 6.6922242996e-09 4.7081637858e+04
W 4.3296791417e-02 1.5556761439e+16 4.3478333290e-10 5.3882199122e+04
W 4.3296791417e-02 1.9630406500e+16 1.5110006049e-11 6.0838666662e+04
W 4.3296791417e-02 2.4770763560e+16 2.6428968496e-13 6.9626319316e+04
W 4.3296791417e-02 3.1257158497e+16 1.9198407567e-15 7.8615433311e+04
W 4.3296791417e-02 3.9442060594e+16 5.0030079625e-18 8.8765087906e+04
W 4.3296791417e-02 4.9770235643e+16 3.8409231833e-21 1.0158648593e+05
W 4.3296791417e-02 6.2802914418e+16 6.1391371257e-25 1.1470182092e+05
W 4.3296791417e-02 7.9248289835e+16 1.4669913704e-29 1.3126956996e+05
W 4.3296791417e-02 1.0000000000e+17 2.9959840547e-35 1.4821714295e+05
W 4.6426198969e-02 1.2618568831e+07 2.4048272061e-04 7.1853067342e-01
W 4.6426198969e-02 1.5922827933e+07 2.4791691539e-04 8.1129665897e-01
W 4.6426198969e-02 2.0092330026e+07 2.6262433248e-04 9.2848189051e-01
W 4.6426198969e-02 2.5353644940e+07 2.7085291261e-04 1.0483536522e+00
W 4.6426198969e-02 3.1992671378e+07 2.7939669686e-04 1.1837014715e+00
W 4.6426198969e-02 4.0370172586e+07 2.8826965487e-04 1.3365233867e+00
W 4.6426198969e-02 5.0941380148e+07 3.0562291524e-04 1.5295733651e+00
W 4.6426198969e-02 6.4280731173e+07 3.1546075644e-04 1.7270491110e+00
W 4.6426198969e-02 8.1113083079e+07 3.2568409770e-04 1.9500199859e+00
W 4.6426198969e-02 1.0235310219e+08 3.3631024407e-04 2.2017775413e+00
W 4.6426198969e-02 1.2915496650e+08 3.5685781930e-04 2.5198064745e+00
W 4.6426198969e-02 1.6297508346e+08 3.6865903488e-04 2.8451263804e+00
W 4.6426198969e-02 2.0565123083e+08 3.8093267389e-04 3.2124467502e+00
W 4.6426198969e-02 2.5950242114e+08 3.9370015933e-04 3.6271900589e+00
W 4.6426198969e-02 3.2745491629e+08 4.0698390449e-04 4.0954788502e+00
W 4.6426198969e-02 4.1320124001e+08 4.3231675424e-04 4.6870376000e+00
W 4.6426198969e-02 5.2140082880e+08 4.4709793874e-04 5.2921581306e+00
W 4.6426198969e-02 6.5793322466e+08 4.6248506705e-04 5.9754028171e+00
W 4.6426198969e-02 8.3021756813e+08 4.7850559794e-04 6.7468578877e+00
W 4.6426198969e-02 1.0476157528e+09 5.0873192475e-04 7.7213868654e+00
W 4.6426198969e-02 1.3219411485e+09 5.2658148028e-04 8.7182574082e+00
W 4.6426198969e-02 1.6681005372e+09 5.4517361205e-04 9.8438290376e+00
W 4.6426198969e-02 2.1049041445e+09 5.6454134536e-04 1.1114717722e+01
W 4.6426198969e-02 2.6560877829e+09 5.8471894020e-04 1.2549684637e+01
W 4.6426198969e-02 3.3516026509e+09 6.2230933034e-04 1.4362384940e+01
W 4.6426198969e-02 4.2292428744e+09 6.4481314193e-04 1.6216642306e+01
W 4.6426198969e-02 5.3366992312e+09 6.6826155447e-04 1.8310293784e+01
W 4.6426198969e-02 6.7341506578e+09 6.9269417351e-04 2.0674246377e+01
W 4.6426198969e-02 8.4975343591e+09 7.3779349898e-04 2.3660473821e+01
W 4.6426198969e-02 1.0722672220e+10 7.6504218173e-04 2.6715162026e+01
W 4.6426198969e-02 1.3530477746e+10 7.9342874815e-04 3.0164226104e+01
W 4.6426198969e-02 1.7073526475e+10 8.2299631037e-04 3.4058581998e+01
W 4.6426198969e-02 2.1544346900e+10 8.5378784714e-04 3.8455719160e+01
W 4.6426198969e-02 2.7185882427e+10 9.1007444137e-04 4.4010336332e+01
W 4.6426198969e-02 3.4304692863e+10 9.4435304498e-04 4.9692295885e+01
W 4.6426198969e-02 4.3287612811e+10 9.8001651852e-04 5.6107825483e+01
W 4.6426198969e-02 5.4622772177e+10 1.0171034594e-03 6.3351632771e+01
W 4.6426198969e-02 6.8926121044e+10 1.0556493642e-03 7.1530652635e+01
W 4.6426198969e-02 8.6974900262e+10 1.1256532472e-03 8.1862676067e+01
W 4.6426198969e-02 1.0974987655e+11 1.1683414039e-03 9.2431566313e+01
W 4.6426198969e-02 1.3848863714e+11 1.2126058522e-03 1.0436495435e+02
W 4.6426198969e-02 1.7475284000e+11 1.2584565475e-03 1.1783900384e+02
W 4.6426198969e-02 2.2051307399e+11 1.3416095703e-03 1.3485989354e+02
W 4.6426198969e-02 2.7825594022e+11 1.3919561770e-03 1.5227099567e+02
W 4.6426198969e-02 3.5111917342e+11 1.4438838897e-03 1.7192996014e+02
W 4.6426198969e-02 4.4306214576e+11 1.4973399336e-03 1.9412699750e+02
W 4.6426198969e-02 5.5908101825e+11 1.5947020156e-03 2.2216707001e+02
W 4.6426198969e-02 7.0548023107e+11 1.6524915223e-03 2.5084997524e+02
W 4.6426198969e-02 8.9021508545e+11 1.7115162538e-03 2.8323599026e+02
W 4.6426198969e-02 1.1233240330e+12 1.7715882906e-03 3.1980320549e+02
W 4.6426198969e-02 1.4174741629e+12 1.8324699801e-03 3.6109143526e+02
W 4.6426198969e-02 1.7886495291e+12 1.9456641966e-03 4.1324816853e+02
W 4.6426198969e-02 2.2570197196e+12 2.0088934837e-03 4.6660062104e+02
W 4.6426198969e-02 2.8480358684e+12 2.0718235953e-03 5.2684114810e+02
W 4.6426198969e-02 3.5938136638e+12 2.1339085442e-03 5.9485903535e+02
W 4.6426198969e-02 4.5348785081e+12 2.2545183286e-03 6.8078160513e+02
W 4.6426198969e-02 5.7223676594e+12 2.3144357072e-03 7.6867399286e+02
W 4.6426198969e-02 7.2208090184e+12 2.3710971711e-03 8.6791373747e+02
W 4.6426198969e-02 9.1116275612e+12 2.4897072510e-03 9.9327684744e+02
W 4.6426198969e-02 1.1497569954e+13 2.5377385433e-03 1.1215139695e+03
W 4.6426198969e-02 1.4508287785e+13 2.5785898109e-03 1.2663071600e+03
W 4.6426198969e-02 1.8307382803e+13 2.6106259639e-03 1.4297938922e+03
W 4.6426198969e-02 2.3101297001e+13 2.7040204454e-03 1.6363160397e+03
W 4.6426198969e-02 2.9150530628e+13 2.7130580201e-03 1.8475728109e+03
W 4.6426198969e-02 3.6783797718e+13 2.7069699038e-03 2.0861039120e+03
W 4.6426198969e-02 4.6415888336e+13 2.6835015588e-03 2.3554305985e+03
W 4.6426198969e-02 5.8570208181e+13 2.7126161227e-03 2.6956534713e+03
W 4.6426198969e-02 7.3907220335e+13 2.6459725708e-03 3.0436761240e+03
W 4.6426198969e-02 9.3260334688e+13 2.5550669054e-03 3.4366302814e+03
W 4.6426198969e-02 1.1768119524e+14 2.5052005784e-03 3.9330236916e+03
W 4.6426198969e-02 1.4849682623e+14 2.3584506233e-03 4.4407971694e+03
W 4.6426198969e-02 1.8738174229e+14 2.1851514247e-03 5.0141268007e+03
W 4.6426198969e-02 2.3644894126e+14 2.0415148857e-03 5.7383768066e+03
W 4.6426198969e-02 2.9836472403e+14 1.8164043011e-03 6.4792306068e+03
W 4.6426198969e-02 3.7649358068e+14 1.5751963177e-03 7.3157324225e+03
W 4.6426198969e-02 4.7508101621e+14 1.3616920828e-03 8.3724307193e+03
W 4.6426198969e-02 5.9948425032e+14 1.1057227627e-03 9.4533543540e+03
W 4.6426198969e-02 7.5646332755e+14 8.6087068971e-04 1.0673830759e+04
W 4.6426198969e-02 9.5454845666e+14 6.5521778622e-04 1.2215579163e+04
W 4.6426198969e-02 1.2045035403e+15 4.5773410730e-04 1.3792672921e+04
W 4.6426198969e-02 1.5199110830e+15 2.9808387292e-04 1.5573377552e+04
W 4.6426198969e-02 1.9179102617e+15 1.8322261150e-04 1.7822825807e+04
W 4.6426198969e-02 2.4201282648e+15 9.9023130695e-05 2.0123843791e+04
W 4.6426198969e-02 3.0538555088e+15 4.7442441937e-05 2.2721934967e+04
W 4.6426198969e-02 3.8535285937e+15 2.0251478080e-05 2.6003934443e+04
W 4.6426198969e-02 4.8626015801e+15 7.0901566636e-06 2.9361175402e+04
W 4.6426198969e-02 6.1359072734e+15 2.0645134331e-06 3.3602159387e+04
W 4.6426198969e-02 7.7426368268e+15 4.4889143273e-07 3.7940370054e+04
W 4.6426198969e-02 9.7700995730e+15 7.0000474807e-08 4.2838665911e+04
W 4.6426198969e-02 1.2328467394e+16 7.4321805082e-09 4.9026364243e+04
W 4.6426198969e-02 1.5556761439e+16 4.6563004702e-10 5.5355918659e+04
W 4.6426198969e-02 1.9630406500e+16 1.6437978785e-11 6.3351632771e+04
W 4.6426198969e-02 2.4770763560e+16 2.7607949294e-13 7.1530652635e+04
W 4.6426198969e-02 3.1257158497e+16 1.9728852695e-15 8.0765625803e+04
W 4.6426198969e-02 3.9442060594e+16 5.1786232115e-18 9.2431566313e+04
W 4.6426198969e-02 4.9770235643e+16 3.7787879823e-21 1.0436495435e+05
W 4.6426198969e-02 6.2802914418e+16 6.0284055539e-25 1.1943962674e+05
W 4.6426198969e-02 7.9248289835e+16 1.3537016173e-29 1.3485989354e+05
W 4.6426198969e-02 1.0000000000e+17 2.7202900982e-35 1.5433931290e+05
W 4.9781793990e-02 1.2618568831e+07 2.8119249805e-04 7.4820987794e-01
W 4.9781793990e-02 1.5922827933e+07 2.8988494071e-04 8.4480760063e-01
W 4.9781793990e-02 2.0092330026e+07 2.9890646215e-04 9.5387658345e-01
W 4.9781793990e-02 2.5353644940e+07 3.1670298291e-04 1.0916563303e+00
W 4.9781793990e-02 3.1992671378e+07 3.2669268637e-04 1.2325947469e+00
W 4.9781793990e-02 4.0370172586e+07 3.3706722085e-04 1.3917290340e+00
W 4.9781793990e-02 5.0941380148e+07 3.4784370342e-04 1.5714083716e+00
W 4.9781793990e-02 6.4280731173e+07 3.6886007609e-04 1.7983855837e+00
W 4.9781793990e-02 8.1113083079e+07 3.8081331769e-04 2.0305663622e+00
W 4.9781793990e-02 1.0235310219e+08 3.9323744302e-04 2.2927228668e+00
W 4.9781793990e-02 1.2915496650e+08 4.0615364222e-04 2.5887251173e+00
W 4.9781793990e-02 1.6297508346e+08 4.1958413014e-04 2.9229427725e+00
W 4.9781793990e-02 2.0565123083e+08 4.4541013742e-04 3.3451381824e+00
W 4.9781793990e-02 2.5950242114e+08 4.6033746314e-04 3.7770126337e+00
W 4.9781793990e-02 3.2745491629e+08 4.7586824081e-04 4.2646442859e+00
W 4.9781793990e-02 4.1320124001e+08 4.9202985423e-04 4.8152316789e+00
W 4.9781793990e-02 5.2140082880e+08 5.2276841630e-04 5.5107528953e+00
W 4.9781793990e-02 6.5793322466e+08 5.4075780971e-04 6.2222192842e+00
W 4.9781793990e-02 8.3021756813e+08 5.5948749968e-04 7.0255396233e+00
W 4.9781793990e-02 1.0476157528e+09 5.7899090679e-04 7.9325727276e+00
W 4.9781793990e-02 1.3219411485e+09 5.9930281029e-04 8.9567084455e+00
W 4.9781793990e-02 1.6681005372e+09 6.3742945222e-04 1.0250432438e+01
W 4.9781793990e-02 2.1049041445e+09 6.6007105804e-04 1.1573815702e+01
W 4.9781793990e-02 2.6560877829e+09 6.8365901220e-04 1.3068054514e+01
W 4.9781793990e-02 3.3516026509e+09 7.0823466589e-04 1.4755207201e+01
W 4.9781793990e-02 4.2292428744e+09 7.3384064071e-04 1.6660179931e+01
W 4.9781793990e-02 5.3366992312e+09 7.8132167896e-04 1.9066607988e+01
W 4.9781793990e-02 6.7341506578e+09 8.0988142536e-04 2.1528204613e+01
W 4.9781793990e-02 8.4975343591e+09 8.3963822038e-04 2.4307605956e+01
W 4.9781793990e-02 1.0722672220e+10 8.7064010796e-04 2.7445842229e+01
W 4.9781793990e-02 1.3530477746e+10 9.0293565019e-04 3.0989240860e+01
W 4.9781793990e-02 1.7073526475e+10 9.6218974494e-04 3.5465385714e+01
W 4.9781793990e-02 2.1544346900e+10 9.9817716079e-04 4.0044148431e+01
W 4.9781793990e-02 2.7185882427e+10 1.0356433589e-03 4.5214052838e+01
W 4.9781793990e-02 3.4304692863e+10 1.0746365914e-03 5.1051418350e+01
W 4.9781793990e-02 4.3287612811e+10 1.1457050091e-03 5.8425382255e+01
W 4.9781793990e-02 5.4622772177e+10 1.1890426240e-03 6.5968397978e+01
W 4.9781793990e-02 6.8926121044e+10 1.2340826807e-03 7.4485255616e+01
W 4.9781793990e-02 8.6974900262e+10 1.2808611847e-03 8.4101683142e+01
W 4.9781793990e-02 1.0974987655e+11 1.3294074469e-03 9.4959640655e+01
W 4.9781793990e-02 1.3848863714e+11 1.4174797697e-03 1.0867579165e+02
W 4.9781793990e-02 1.7475284000e+11 1.4710407255e-03 1.2270639228e+02
W 4.9781793990e-02 2.2051307399e+11 1.5264486230e-03 1.3854841522e+02
W 4.9781793990e-02 2.7825594022e+11 1.5836853429e-03 1.5643572437e+02
W 4.9781793990e-02 3.5111917342e+11 1.6876427325e-03 1.7903159775e+02
W 4.9781793990e-02 4.4306214576e+11 1.7500625136e-03 2.0214549285e+02
W 4.9781793990e-02 5.5908101825e+11 1.8141679440e-03 2.2824351004e+02
W 4.9781793990e-02 7.0548023107e+11 1.8798327609e-03 2.5771091476e+02
W 4.9781793990e-02 8.9021508545e+11 1.9468897592e-03 2.9098271217e+02
W 4.9781793990e-02 1.1233240330e+12 2.0702385800e-03 3.3301280821e+02
W 4.9781793990e-02 1.4174741629e+12 2.1412675539e-03 3.7600646527e+02
W 4.9781793990e-02 1.7886495291e+12 2.2128776977e-03 4.2455082339e+02
W 4.9781793990e-02 2.2570197196e+12 2.2846418507e-03 4.7936250646e+02
W 4.9781793990e-02 2.8480358684e+12 2.4204807975e-03 5.4860253806e+02
W 4.9781793990e-02 3.5938136638e+12 2.4928173323e-03 6.1942993208e+02
W 4.9781793990e-02 4.5348785081e+12 2.5633740793e-03 6.9940150499e+02
W 4.9781793990e-02 5.7223676594e+12 2.6312479496e-03 7.8969781705e+02
W 4.9781793990e-02 7.2208090184e+12 2.7691013389e-03 9.0376327080e+02
W 4.9781793990e-02 9.1116275612e+12 2.8298815350e-03 1.0204437322e+03
W 4.9781793990e-02 1.1497569954e+13 2.8841018955e-03 1.1521882381e+03
W 4.9781793990e-02 1.4508287785e+13 2.9301076762e-03 1.3009416336e+03
W 4.9781793990e-02 1.8307382803e+13 3.0471607586e-03 1.4888521160e+03
W 4.9781793990e-02 2.3101297001e+13 3.0716004807e-03 1.6810705404e+03
W 4.9781793990e-02 2.9150530628e+13 3.0812556419e-03 1.8981053466e+03
W 4.9781793990e-02 3.6783797718e+13 3.1577272871e-03 2.1722712908e+03
W 4.9781793990e-02 4.6415888336e+13 3.1295748341e-03 2.4527226266e+03
W 4.9781793990e-02 5.8570208181e+13 3.0784511062e-03 2.7693816645e+03
W 4.9781793990e-02 7.3907220335e+13 3.0018808296e-03 3.1269230040e+03
W 4.9781793990e-02 9.3260334688e+13 2.9769815033e-03 3.5785817064e+03
W 4.9781793990e-02 1.1768119524e+14 2.8400426382e-03 4.0405949108e+03
W 4.9781793990e-02 1.4849682623e+14 2.6724748966e-03 4.5622563833e+03
W 4.9781793990e-02 1.8738174229e+14 2.5425255865e-03 5.2212373672e+03
W 4.9781793990e-02 2.3644894126e+14 2.3108158588e-03 5.8953258204e+03
W 4.9781793990e-02 2.9836472403e+14 2.0546491887e-03 6.6564425412e+03
W 4.9781793990e-02 3.7649358068e+14 1.8291518724e-03 7.6179117543e+03
W 4.9781793990e-02 4.7508101621e+14 1.5377944010e-03 8.6014231310e+03
W 4.9781793990e-02 5.9948425032e+14 1.2474761688e-03 9.7119108575e+03
W 4.9781793990e-02 7.5646332755e+14 9.9665098339e-04 1.1114717722e+04
W 4.9781793990e-02 9.5454845666e+14 7.3738535582e-04 1.2549684637e+04
W 4.9781793990e-02 1.2045035403e+15 5.1434216876e-04 1.4169913121e+04
W 4.9781793990e-02 1.5199110830e+15 3.4349166207e-04 1.6216642306e+04
W 4.9781793990e-02 1.9179102617e+15 2.0508186216e-04 1.8310293784e+04
W 4.9781793990e-02 2.4201282648e+15 1.1056525422e-04 2.0674246377e+04
W 4.9781793990e-02 3.0538555088e+15 5.4264700334e-05 2.3660473821e+04
W 4.9781793990e-02 3.8535285937e+15 2.2470765732e-05 2.6715162026e+04
W 4.9781793990e-02 4.8626015801e+15 8.0500399997e-06 3.0573950809e+04
W 4.9781793990e-02 6.1359072734e+15 2.2707726112e-06 3.4521204259e+04
W 4.9781793990e-02 7.7426368268e+15 4.9092966626e-07 3.8978068320e+04
W 4.9781793990e-02 9.7700995730e+15 7.8110684647e-08 4.4608134598e+04
W 4.9781793990e-02 1.2328467394e+16 8.0056112938e-09 5.0367272966e+04
W 4.9781793990e-02 1.5556761439e+16 4.9653409647e-10 5.6869945558e+04
W 4.9781793990e-02 1.9630406500e+16 1.7317189322e-11 6.5084348593e+04
W 4.9781793990e-02 2.4770763560e+16 2.8661488462e-13 7.3487070933e+04
W 4.9781793990e-02 3.1257158497e+16 2.0673883104e-15 8.4101683142e+04
W 4.9781793990e-02 3.9442060594e+16 5.1711384039e-18 9.4959640655e+04
W 4.9781793990e-02 4.9770235643e+16 3.7783497145e-21 1.0867579165e+05
W 4.9781793990e-02 6.2802914418e+16 5.6876273379e-25 1.2270639228e+05
W 4.9781793990e-02 7.9248289835e+16 1.2296989485e-29 1.3854841522e+05
W 4.9781793990e-02 1.0000000000e+17 2.3589335068e-35 1.5856061167e+05
W 5.3379924867e-02 1.2618568831e+07 3.2891908348e-04 7.7911499420e-01
W 5.3379924867e-02 1.5922827933e+07 3.3908658382e-04 8.7970272549e-01
W 5.3379924867e-02 2.0092330026e+07 3.4963896034e-04 9.9327684744e-01
W 5.3379924867e-02 2.5353644940e+07 3.6059311721e-04 1.1215139695e+00
W 5.3379924867e-02 3.1992671378e+07 3.7196677586e-04 1.2663071600e+00
W 5.3379924867e-02 4.0370172586e+07 3.9427515402e-04 1.4492149732e+00
W 5.3379924867e-02 5.0941380148e+07 4.0688003094e-04 1.6363160397e+00
W 5.3379924867e-02 6.4280731173e+07 4.1997593417e-04 1.8475728109e+00
W 5.3379924867e-02 8.1113083079e+07 4.3358483524e-04 2.0861039120e+00
W 5.3379924867e-02 1.0235310219e+08 4.5997549654e-04 2.3874247263e+00
W 5.3379924867e-02 1.2915496650e+08 4.7508271701e-04 2.6956534713e+00
W 5.3379924867e-02 1.6297508346e+08 4.9079134105e-04 3.0436761240e+00
W 5.3379924867e-02 2.0565123083e+08 5.0712853876e-04 3.4366302814e+00
W 5.3379924867e-02 2.5950242114e+08 5.2412278447e-04 3.8803168307e+00
W 5.3379924867e-02 3.2745491629e+08 5.5662261703e-04 4.4407971694e+00
W 5.3379924867e-02 4.1320124001e+08 5.7552490935e-04 5.0141268007e+00
W 5.3379924867e-02 5.2140082880e+08 5.9519829787e-04 5.6614762203e+00
W 5.3379924867e-02 6.5793322466e+08 6.1567770230e-04 6.3924017614e+00
W 5.3379924867e-02 8.3021756813e+08 6.5442202160e-04 7.3157324225e+00
W 5.3379924867e-02 1.0476157528e+09 6.7723165357e-04 8.2602309016e+00
W 5.3379924867e-02 1.3219411485e+09 7.0098648068e-04 9.3266689659e+00
W 5.3379924867e-02 1.6681005372e+09 7.2572878248e-04 1.0530789640e+01
W 5.3379924867e-02 2.1049041445e+09 7.5150238503e-04 1.1890368452e+01
W 5.3379924867e-02 2.6560877829e+09 7.9964128564e-04 1.3607835872e+01
W 5.3379924867e-02 3.3516026509e+09 8.2838049539e-04 1.5364677094e+01
W 5.3379924867e-02 4.2292428744e+09 8.5832392967e-04 1.7348335504e+01
W 5.3379924867e-02 5.3366992312e+09 8.8952283299e-04 1.9588094363e+01
W 5.3379924867e-02 6.7341506578e+09 9.2202966900e-04 2.2117017547e+01
W 5.3379924867e-02 8.4975343591e+09 9.8204261077e-04 2.5311641602e+01
W 5.3379924867e-02 1.0722672220e+10 1.0182921509e-03 2.8579504013e+01
W 5.3379924867e-02 1.3530477746e+10 1.0560531112e-03 3.2269264179e+01
W 5.3379924867e-02 1.7073526475e+10 1.0953824473e-03 3.6435391257e+01
W 5.3379924867e-02 2.1544346900e+10 1.1363368804e-03 4.1139386652e+01
W 5.3379924867e-02 2.7185882427e+10 1.2112182556e-03 4.7081637858e+01
W 5.3379924867e-02 3.4304692863e+10 1.2568031684e-03 5.3160118149e+01
W 5.3379924867e-02 4.3287612811e+10 1.3042252955e-03 6.0023361341e+01
W 5.3379924867e-02 5.4622772177e+10 1.3535351910e-03 6.7772684338e+01
W 5.3379924867e-02 6.8926121044e+10 1.4047791733e-03 7.6522484575e+01
W 5.3379924867e-02 8.6974900262e+10 1.4978750448e-03 8.7575537700e+01
W 5.3379924867e-02 1.0974987655e+11 1.5546113133e-03 9.8881987607e+01
W 5.3379924867e-02 1.3848863714e+11 1.6134339395e-03 1.1164815803e+02
W 5.3379924867e-02 1.7475284000e+11 1.6743546162e-03 1.2606250637e+02
W 5.3379924867e-02 2.2051307399e+11 1.7848885563e-03 1.4427121441e+02
W 5.3379924867e-02 2.7825594022e+11 1.8517575166e-03 1.6289736620e+02
W 5.3379924867e-02 3.5111917342e+11 1.9207111939e-03 1.8392824948e+02
W 5.3379924867e-02 4.4306214576e+11 1.9916767763e-03 2.0767432736e+02
W 5.3379924867e-02 5.5908101825e+11 2.0645483183e-03 2.3448614538e+02
W 5.3379924867e-02 7.0548023107e+11 2.1976886412e-03 2.6835576992e+02
W 5.3379924867e-02 8.9021508545e+11 2.2759732267e-03 3.0300187259e+02
W 5.3379924867e-02 1.1233240330e+12 2.3556148696e-03 3.4212096433e+02
W 5.3379924867e-02 1.4174741629e+12 2.4362927735e-03 3.8629053094e+02
W 5.3379924867e-02 1.7886495291e+12 2.5864668417e-03 4.4208706948e+02
W 5.3379924867e-02 2.2570197196e+12 2.6701590843e-03 4.9916277164e+02
W 5.3379924867e-02 2.8480358684e+12 2.7533942152e-03 5.6360723890e+02
W 5.3379924867e-02 3.5938136638e+12 2.8354392896e-03 6.3637181656e+02
W 5.3379924867e-02 4.5348785081e+12 2.9951600880e-03 7.2829057136e+02
W 5.3379924867e-02 5.7223676594e+12 3.0741499838e-03 8.2231660967e+02
W 5.3379924867e-02 7.2208090184e+12 3.1487191583e-03 9.2848189051e+02
W 5.3379924867e-02 9.1116275612e+12 3.2174265201e-03 1.0483536522e+03
W 5.3379924867e-02 1.1497569954e+13 3.3682874269e-03 1.1997798464e+03
W 5.3379924867e-02 1.4508287785e+13 3.4214870706e-03 1.3546775620e+03
W 5.3379924867e-02 1.8307382803e+13 3.4628464601e-03 1.5295733651e+03
W 5.3379924867e-02 2.3101297001e+13 3.4899518310e-03 1.7270491110e+03
W 5.3379924867e-02 2.9150530628e+13 3.5959069248e-03 1.9765073674e+03
W 5.3379924867e-02 3.6783797718e+13 3.5861871870e-03 2.2316845792e+03
W 5.3379924867e-02 4.6415888336e+13 3.5532655730e-03 2.5198064745e+03
W 5.3379924867e-02 5.8570208181e+13 3.5897417575e-03 2.8837721114e+03
W 5.3379924867e-02 7.3907220335e+13 3.4992753247e-03 3.2560818428e+03
W 5.3379924867e-02 9.3260334688e+13 3.3765816960e-03 3.6764586650e+03
W 5.3379924867e-02 1.1768119524e+14 3.2198817402e-03 4.1511082855e+03
W 5.3379924867e-02 1.4849682623e+14 3.1112640454e-03 4.7507022567e+03
W 5.3379924867e-02 1.8738174229e+14 2.8795917948e-03 5.3640422201e+03
W 5.3379924867e-02 2.3644894126e+14 2.6155272275e-03 6.0565675103e+03
W 5.3379924867e-02 2.9836472403e+14 2.3874844472e-03 6.9313896337e+03
W 5.3379924867e-02 3.7649358068e+14 2.0671868131e-03 7.8262674927e+03
W 5.3379924867e-02 4.7508101621e+14 1.7362898860e-03 8.8366786611e+03
W 5.3379924867e-02 5.9948425032e+14 1.4454671846e-03 1.0113065324e+04
W 5.3379924867e-02 7.5646332755e+14 1.1226962564e-03 1.1418713790e+04
W 5.3379924867e-02 9.5454845666e+14 8.2945266142e-04 1.2892928152e+04
W 5.3379924867e-02 1.2045035403e+15 5.9339845763e-04 1.4755207201e+04
W 5.3379924867e-02 1.5199110830e+15 3.8499207409e-04 1.6660179931e+04
W 5.3379924867e-02 1.9179102617e+15 2.2934111763e-04 1.8811094384e+04
W 5.3379924867e-02 2.4201282648e+15 1.2669043612e-04 2.1528204613e+04
W 5.3379924867e-02 3.0538555088e+15 6.0336088867e-05 2.4307605956e+04
W 5.3379924867e-02 3.8535285937e+15 2.4893956220e-05 2.7445842229e+04
W 5.3379924867e-02 4.8626015801e+15 8.8797882679e-06 3.1410171850e+04
W 5.3379924867e-02 6.1359072734e+15 2.4920199636e-06 3.5465385714e+04
W 5.3379924867e-02 7.7426368268e+15 5.5010696648e-07 4.0588073439e+04
W 5.3379924867e-02 9.7700995730e+15 8.4567273432e-08 4.5828201346e+04
W 5.3379924867e-02 1.2328467394e+16 8.5900523982e-09 5.1744856573e+04
W 5.3379924867e-02 1.5556761439e+16 5.4145519609e-10 5.9218982013e+04
W 5.3379924867e-02 1.9630406500e+16 1.8142060133e-11 6.6864455523e+04
W 5.3379924867e-02 2.4770763560e+16 3.0364933133e-13 7.6522484575e+04
W 5.3379924867e-02 3.1257158497e+16 2.0918177327e-15 8.6401928782e+04
W 5.3379924867e-02 3.9442060594e+16 5.1138476600e-18 9.7556859773e+04
W 5.3379924867e-02 4.9770235643e+16 3.6346712612e-21 1.1164815803e+05
W 5.3379924867e-02 6.2802914418e+16 5.2911792103e-25 1.2606250637e+05
W 5.3379924867e-02 7.9248289835e+16 1.1282867506e-29 1.4427121441e+05
W 5.3379924867e-02 1.0000000000e+17 2.0039602749e-35 1.6289736620e+05
W 5.7238121619e-02 1.2618568831e+07 3.7465488096e-04 8.0042438779e-01
W 5.7238121619e-02 1.5922827933e+07 3.8623578371e-04 9.0376327080e-01
W 5.7238121619e-02 2.0092330026e+07 4.0914758954e-04 1.0343045555e+00
W 5.7238121619e-02 2.5353644940e+07 4.2196563313e-04 1.1678385646e+00
W 5.7238121619e-02 3.1992671378e+07 4.3527448712e-04 1.3186124973e+00
W 5.7238121619e-02 4.0370172586e+07 4.4909588277e-04 1.4888521160e+00
W 5.7238121619e-02 5.0941380148e+07 4.7612838595e-04 1.7039047457e+00
W 5.7238121619e-02 6.4280731173e+07 4.9145223740e-04 1.9238875646e+00
W 5.7238121619e-02 8.1113083079e+07 5.0737624880e-04 2.1722712908e+00
W 5.7238121619e-02 1.0235310219e+08 5.2392732759e-04 2.4527226266e+00
W 5.7238121619e-02 1.2915496650e+08 5.4113366624e-04 2.7693816645e+00
W 5.7238121619e-02 1.6297508346e+08 5.7431457587e-04 3.1693964161e+00
W 5.7238121619e-02 2.0565123083e+08 5.9343037418e-04 3.5785817064e+00
W 5.7238121619e-02 2.5950242114e+08 6.1331477267e-04 4.0405949108e+00
W 5.7238121619e-02 3.2745491629e+08 6.3400259369e-04 4.5622563833e+00
W 5.7238121619e-02 4.1320124001e+08 6.5553024833e-04 5.1512670205e+00
W 5.7238121619e-02 5.2140082880e+08 6.9647788914e-04 5.8953258204e+00
W 5.7238121619e-02 6.5793322466e+08 7.2043901956e-04 6.6564425412e+00
W 5.7238121619e-02 8.3021756813e+08 7.4538551734e-04 7.5158233240e+00
W 5.7238121619e-02 1.0476157528e+09 7.7136178930e-04 8.4861545621e+00
W 5.7238121619e-02 1.3219411485e+09 7.9841403736e-04 9.5817605267e+00
W 5.7238121619e-02 1.6681005372e+09 8.4919822065e-04 1.0965768230e+01
W 5.7238121619e-02 2.1049041445e+09 8.7935115766e-04 1.2381505004e+01
W 5.7238121619e-02 2.6560877829e+09 9.1076316927e-04 1.3980020637e+01
W 5.7238121619e-02 3.3516026509e+09 9.4348912438e-04 1.5784912815e+01
W 5.7238121619e-02 4.2292428744e+09 9.7758555579e-04 1.7822825807e+01
W 5.7238121619e-02 5.3366992312e+09 1.0408200397e-03 2.0397188644e+01
W 5.7238121619e-02 6.7341506578e+09 1.0788458008e-03 2.3030570039e+01
W 5.7238121619e-02 8.4975343591e+09 1.1184631140e-03 2.6003934443e+01
W 5.7238121619e-02 1.0722672220e+10 1.1597355676e-03 2.9361175402e+01
W 5.7238121619e-02 1.3530477746e+10 1.2027273856e-03 3.3151853343e+01
W 5.7238121619e-02 1.7073526475e+10 1.2816233327e-03 3.7940370054e+01
W 5.7238121619e-02 2.1544346900e+10 1.3295225636e-03 4.2838665911e+01
W 5.7238121619e-02 2.7185882427e+10 1.3793858106e-03 4.8369356820e+01
W 5.7238121619e-02 3.4304692863e+10 1.4312765635e-03 5.4614088217e+01
W 5.7238121619e-02 4.3287612811e+10 1.4852558516e-03 6.1665046383e+01
W 5.7238121619e-02 5.4622772177e+10 1.5835386762e-03 7.0572062895e+01
W 5.7238121619e-02 6.8926121044e+10 1.6434564738e-03 7.9683277224e+01
W 5.7238121619e-02 8.6974900262e+10 1.7056787701e-03 8.9970795930e+01
W 5.7238121619e-02 1.0974987655e+11 1.7702431122e-03 1.0158648593e+02
W 5.7238121619e-02 1.3848863714e+11 1.8371761520e-03 1.1470182092e+02
W 5.7238121619e-02 1.7475284000e+11 1.9586341880e-03 1.3126956996e+02
W 5.7238121619e-02 2.2051307399e+11 2.0322853069e-03 1.4821714295e+02
W 5.7238121619e-02 2.7825594022e+11 2.1083510600e-03 1.6735273430e+02
W 5.7238121619e-02 3.5111917342e+11 2.1867785306e-03 1.8895882839e+02
W 5.7238121619e-02 4.4306214576e+11 2.3295005700e-03 2.1625240073e+02
W 5.7238121619e-02 5.5908101825e+11 2.4146261463e-03 2.4417169190e+02
W 5.7238121619e-02 7.0548023107e+11 2.5017931087e-03 2.7569550638e+02
W 5.7238121619e-02 8.9021508545e+11 2.5907742441e-03 3.1128920656e+02
W 5.7238121619e-02 1.1233240330e+12 2.6812774845e-03 3.5147823552e+02
W 5.7238121619e-02 1.4174741629e+12 2.8487765334e-03 4.0224641994e+02
W 5.7238121619e-02 1.7886495291e+12 2.9436564720e-03 4.5417849044e+02
W 5.7238121619e-02 2.2570197196e+12 3.0386766278e-03 5.1281525689e+02
W 5.7238121619e-02 2.8480358684e+12 3.1331388318e-03 5.7902232984e+02
W 5.7238121619e-02 3.5938136638e+12 3.3144435751e-03 6.6265741577e+02
W 5.7238121619e-02 4.5348785081e+12 3.4075938210e-03 7.4820987794e+02
W 5.7238121619e-02 5.7223676594e+12 3.4970721162e-03 8.4480760063e+02
W 5.7238121619e-02 7.2208090184e+12 3.5814606016e-03 9.5387658345e+02
W 5.7238121619e-02 9.1116275612e+12 3.7591936965e-03 1.0916563303e+03
W 5.7238121619e-02 1.1497569954e+13 3.8301093881e-03 1.2325947469e+03
W 5.7238121619e-02 1.4508287785e+13 3.8899543695e-03 1.3917290340e+03
W 5.7238121619e-02 1.8307382803e+13 3.9362470493e-03 1.5714083716e+03
W 5.7238121619e-02 2.3101297001e+13 4.0747192482e-03 1.7983855837e+03
W 5.7238121619e-02 2.9150530628e+13 4.0857145582e-03 2.0305663622e+03
W 5.7238121619e-02 3.6783797718e+13 4.0736234788e-03 2.2927228668e+03
W 5.7238121619e-02 4.6415888336e+13 4.1454278458e-03 2.6238881157e+03
W 5.7238121619e-02 5.8570208181e+13 4.0751720178e-03 2.9626454939e+03
W 5.7238121619e-02 7.3907220335e+13 3.9710307616e-03 3.3451381824e+03
W 5.7238121619e-02 9.3260334688e+13 3.8302300091e-03 3.7770126337e+03
W 5.7238121619e-02 1.1768119524e+14 3.7506436317e-03 4.3225715179e+03
W 5.7238121619e-02 1.4849682623e+14 3.5257956092e-03 4.8806376128e+03
W 5.7238121619e-02 1.8738174229e+14 3.2613230327e-03 5.5107528953e+03
W 5.7238121619e-02 2.3644894126e+14 3.0412223880e-03 6.3067365184e+03
W 5.7238121619e-02 2.9836472403e+14 2.7000822029e-03 7.1209684648e+03
W 5.7238121619e-02 3.7649358068e+14 2.3357943732e-03 8.0403219206e+03
W 5.7238121619e-02 4.7508101621e+14 2.0135316816e-03 9.2016813019e+03
W 5.7238121619e-02 5.9948425032e+14 1.6297571390e-03 1.0389665429e+04
W 5.7238121619e-02 7.5646332755e+14 1.2641460951e-03 1.1731024384e+04
W 5.7238121619e-02 9.5454845666e+14 9.5802130178e-04 1.3425475844e+04
W 5.7238121619e-02 1.2045035403e+15 6.6593810291e-04 1.5158773453e+04
W 5.7238121619e-02 1.5199110830e+15 4.3115591955e-04 1.7115848650e+04
W 5.7238121619e-02 1.9179102617e+15 2.6322460335e-04 1.9588094363e+04
W 5.7238121619e-02 2.4201282648e+15 1.4113430819e-04 2.2117017547e+04
W 5.7238121619e-02 3.0538555088e+15 6.6990796468e-05 2.4972437651e+04
W 5.7238121619e-02 3.8535285937e+15 2.8284240750e-05 2.8579504013e+04
W 5.7238121619e-02 4.8626015801e+15 9.7750346499e-06 3.2269264179e+04
W 5.7238121619e-02 6.1359072734e+15 2.8027678042e-06 3.6930298034e+04
W 5.7238121619e-02 7.7426368268e+15 5.9825858096e-07 4.1698188426e+04
W 5.7238121619e-02 9.7700995730e+15 9.1238509114e-08 4.7081637858e+04
W 5.7238121619e-02 1.2328467394e+16 9.4297263595e-09 5.3882199122e+04
W 5.7238121619e-02 1.5556761439e+16 5.7184273338e-10 6.0838666662e+04
W 5.7238121619e-02 1.9630406500e+16 1.8891901958e-11 6.8693249746e+04
W 5.7238121619e-02 2.4770763560e+16 3.1086884812e-13 7.8615433311e+04
W 5.7238121619e-02 3.1257158497e+16 2.0981556252e-15 8.8765087906e+04
W 5.7238121619e-02 3.9442060594e+16 5.1412871767e-18 1.0158648593e+05
W 5.7238121619e-02 4.9770235643e+16 3.4525846589e-21 1.1470182092e+05
W 5.7238121619e-02 6.2802914418e+16 4.9806350389e-25 1.3126956996e+05
W 5.7238121619e-02 7.9248289835e+16 9.8933619447e-30 1.4821714295e+05
W 5.7238121619e-02 1.0000000000e+17 1.7105042493e-35 1.6962590881e+05
W 6.1375181300e-02 1.2618568831e+07 4.3861042185e-04 8.3348624582e-01
W 6.1375181300e-02 1.5922827933e+07 4.5216776619e-04 9.4109358382e-01
W 6.1375181300e-02 2.0092330026e+07 4.6623816839e-04 1.0625935796e+00
W 6.1375181300e-02 2.5353644940e+07 4.8084414799e-04 1.1997798464e+00
W 6.1375181300e-02 3.1992671378e+07 5.0957554737e-04 1.3730783280e+00
W 6.1375181300e-02 4.0370172586e+07 5.2575539428e-04 1.5503497641e+00
W 6.1375181300e-02 5.0941380148e+07 5.4256179914e-04 1.7505078494e+00
W 6.1375181300e-02 6.4280731173e+07 5.6002266359e-04 1.9765073674e+00
W 6.1375181300e-02 8.1113083079e+07 5.9398056487e-04 2.2619978484e+00
W 6.1375181300e-02 1.0235310219e+08 6.1335531167e-04 2.5540333419e+00
W 6.1375181300e-02 1.2915496650e+08 6.3349693239e-04 2.8837721114e+00
W 6.1375181300e-02 1.6297508346e+08 6.5443999481e-04 3.2560818428e+00
W 6.1375181300e-02 2.0565123083e+08 6.7622066525e-04 3.6764586650e+00
W 6.1375181300e-02 2.5950242114e+08 7.1799165976e-04 4.2074933428e+00
W 6.1375181300e-02 3.2745491629e+08 7.4220767419e-04 4.7507022567e+00
W 6.1375181300e-02 4.1320124001e+08 7.6740644104e-04 5.3640422201e+00
W 6.1375181300e-02 5.2140082880e+08 7.9363249416e-04 6.0565675103e+00
W 6.1375181300e-02 6.5793322466e+08 8.2093228000e-04 6.8385013580e+00
W 6.1375181300e-02 8.3021756813e+08 8.7258479113e-04 7.8262674927e+00
W 6.1375181300e-02 1.0476157528e+09 9.0298900787e-04 8.8366786611e+00
W 6.1375181300e-02 1.3219411485e+09 9.3465205765e-04 9.9775390799e+00
W 6.1375181300e-02 1.6681005372e+09 9.6763012492e-04 1.1265690415e+01
W 6.1375181300e-02 2.1049041445e+09 1.0019814319e-03 1.2720148677e+01
W 6.1375181300e-02 2.6560877829e+09 1.0377663413e-03 1.4362384940e+01
W 6.1375181300e-02 3.3516026509e+09 1.1044506016e-03 1.6436915121e+01
W 6.1375181300e-02 4.2292428744e+09 1.1443540708e-03 1.8559004946e+01
W 6.1375181300e-02 5.3366992312e+09 1.1859284266e-03 2.0955067422e+01
W 6.1375181300e-02 6.7341506578e+09 1.2292432190e-03 2.3660473821e+01
W 6.1375181300e-02 8.4975343591e+09 1.2743694971e-03 2.6715162026e+01
W 6.1375181300e-02 1.0722672220e+10 1.3575201945e-03 3.0573950809e+01
W 6.1375181300e-02 1.3530477746e+10 1.4078259777e-03 3.4521204259e+01
W 6.1375181300e-02 1.7073526475e+10 1.4602170989e-03 3.8978068320e+01
W 6.1375181300e-02 2.1544346900e+10 1.5147684251e-03 4.4010336332e+01
W 6.1375181300e-02 2.7185882427e+10 1.5715538194e-03 4.9692295885e+01
W 6.1375181300e-02 3.4304692863e+10 1.6752445185e-03 5.6869945558e+01
W 6.1375181300e-02 4.3287612811e+10 1.7383918463e-03 6.4212146446e+01
W 6.1375181300e-02 5.4622772177e+10 1.8040451339e-03 7.2502263027e+01
W 6.1375181300e-02 6.8926121044e+10 1.8722646945e-03 8.1862676067e+01
W 6.1375181300e-02 8.6974900262e+10 1.9431028238e-03 9.2431566313e+01
W 6.1375181300e-02 1.0974987655e+11 2.0717569458e-03 1.0578255744e+02
W 6.1375181300e-02 1.3848863714e+11 2.1500289657e-03 1.1943962674e+02
W 6.1375181300e-02 1.7475284000e+11 2.2310774199e-03 1.3485989354e+02
W 6.1375181300e-02 2.2051307399e+11 2.3148953358e-03 1.5227099567e+02
W 6.1375181300e-02 2.7825594022e+11 2.4671323149e-03 1.7426530772e+02
W 6.1375181300e-02 3.5111917342e+11 2.5588037713e-03 1.9676385039e+02
W 6.1375181300e-02 4.4306214576e+11 2.6531228443e-03 2.2216707001e+02
W 6.1375181300e-02 5.5908101825e+11 2.7499438647e-03 2.5084997524e+02
W 6.1375181300e-02 7.0548023107e+11 2.8490680439e-03 2.8323599026e+02
W 6.1375181300e-02 8.9021508545e+11 3.0309248106e-03 3.2414713507e+02
W 6.1375181300e-02 1.1233240330e+12 3.1366095290e-03 3.6599618837e+02
W 6.1375181300e-02 1.4174741629e+12 3.2436118566e-03 4.1324816853e+02
W 6.1375181300e-02 1.7886495291e+12 3.3513928612e-03 4.6660062104e+02
W 6.1375181300e-02 2.2570197196e+12 3.5539067189e-03 5.3399730166e+02
W 6.1375181300e-02 2.8480358684e+12 3.6640573110e-03 6.0293908495e+02
W 6.1375181300e-02 3.5938136638e+12 3.7725211783e-03 6.8078160513e+02
W 6.1375181300e-02 4.5348785081e+12 3.8781243003e-03 7.6867399286e+02
W 6.1375181300e-02 5.7223676594e+12 4.0883233414e-03 8.7970272549e+02
W 6.1375181300e-02 7.2208090184e+12 4.1864257342e-03 9.9327684744e+02
W 6.1375181300e-02 9.1116275612e+12 4.2765705736e-03 1.1215139695e+03
W 6.1375181300e-02 1.1497569954e+13 4.3565404612e-03 1.2663071600e+03
W 6.1375181300e-02 1.4508287785e+13 4.5448103385e-03 1.4492149732e+03
W 6.1375181300e-02 1.8307382803e+13 4.5979775929e-03 1.6363160397e+03
W 6.1375181300e-02 2.3101297001e+13 4.6319820486e-03 1.8475728109e+03
W 6.1375181300e-02 2.9150530628e+13 4.6433294413e-03 2.0861039120e+03
W 6.1375181300e-02 3.6783797718e+13 4.7548933218e-03 2.3874247263e+03
W 6.1375181300e-02 4.6415888336e+13 4.7084265001e-03 2.6956534713e+03
W 6.1375181300e-02 5.8570208181e+13 4.6270189260e-03 3.0436761240e+03
W 6.1375181300e-02 7.3907220335e+13 4.5070121430e-03 3.4366302814e+03
W 6.1375181300e-02 9.3260334688e+13 4.4641392845e-03 3.9330236916e+03
W 6.1375181300e-02 1.1768119524e+14 4.2528874626e-03 4.4407971694e+03
W 6.1375181300e-02 1.4849682623e+14 3.9956802172e-03 5.0141268007e+03
W 6.1375181300e-02 1.8738174229e+14 3.7946243320e-03 5.7383768066e+03
W 6.1375181300e-02 2.3644894126e+14 3.4418263022e-03 6.4792306068e+03
W 6.1375181300e-02 2.9836472403e+14 3.0532198617e-03 7.3157324225e+03
W 6.1375181300e-02 3.7649358068e+14 2.7109609165e-03 8.3724307193e+03
W 6.1375181300e-02 4.7508101621e+14 2.2722545872e-03 9.4533543540e+03
W 6.1375181300e-02 5.9948425032e+14 1.8368746922e-03 1.0673830759e+04
W 6.1375181300e-02 7.5646332755e+14 1.4616654165e-03 1.2215579163e+04
W 6.1375181300e-02 9.5454845666e+14 1.0764277569e-03 1.3792672921e+04
W 6.1375181300e-02 1.2045035403e+15 7.4680266103e-04 1.5573377552e+04
W 6.1375181300e-02 1.5199110830e+15 4.9562127080e-04 1.7822825807e+04
W 6.1375181300e-02 1.9179102617e+15 2.9375447587e-04 2.0123843791e+04
W 6.1375181300e-02 2.4201282648e+15 1.5702091930e-04 2.2721934967e+04
W 6.1375181300e-02 3.0538555088e+15 7.6294876651e-05 2.6003934443e+04
W 6.1375181300e-02 3.8535285937e+15 3.1222480325e-05 2.9361175402e+04
W 6.1375181300e-02 4.8626015801e+15 1.0736642135e-05 3.3151853343e+04
W 6.1375181300e-02 6.1359072734e+15 3.0602168107e-06 3.7940370054e+04
W 6.1375181300e-02 7.7426368268e+15 6.4856831428e-07 4.2838665911e+04
W 6.1375181300e-02 9.7700995730e+15 1.0074620238e-07 4.9026364243e+04
W 6.1375181300e-02 1.2328467394e+16 1.0030304320e-08 5.5355918659e+04
W 6.1375181300e-02 1.5556761439e+16 6.0065835252e-10 6.2502650930e+04
W 6.1375181300e-02 1.9630406500e+16 2.0079126660e-11 7.1530652635e+04
W 6.1375181300e-02 2.4770763560e+16 3.1576944275e-13 8.0765625803e+04
W 6.1375181300e-02 3.1257158497e+16 2.1417464989e-15 9.2431566313e+04
W 6.1375181300e-02 3.9442060594e+16 4.9744330478e-18 1.0436495435e+05
W 6.1375181300e-02 4.9770235643e+16 3.2350903796e-21 1.1783900384e+05
W 6.1375181300e-02 6.2802914418e+16 4.4889513754e-25 1.3485989354e+05
W 6.1375181300e-02 7.9248289835e+16 8.5041913620e-30 1.5227099567e+05
W 6.1375181300e-02 1.0000000000e+17 1.3873559743e-35 1.7426530772e+05
W 6.5811259578e-02 1.2618568831e+07 5.0004084554e-04 8.5628273491e-01
W 6.5811259578e-02 1.5922827933e+07 5.2959561792e-04 9.7996584076e-01
W 6.5811259578e-02 2.0092330026e+07 5.4607468957e-04 1.1064844438e+00
W 6.5811259578e-02 2.5353644940e+07 5.6318092301e-04 1.2493372457e+00
W 6.5811259578e-02 3.1992671378e+07 5.8094195107e-04 1.4106330750e+00
W 6.5811259578e-02 4.0370172586e+07 5.9938674287e-04 1.5927530210e+00
W 6.5811259578e-02 5.0941380148e+07 6.3546336378e-04 1.8228132949e+00
W 6.5811259578e-02 6.4280731173e+07 6.5591261497e-04 2.0581478158e+00
W 6.5811259578e-02 8.1113083079e+07 6.7716242724e-04 2.3238652272e+00
W 6.5811259578e-02 1.0235310219e+08 6.9924865662e-04 2.6238881157e+00
W 6.5811259578e-02 1.2915496650e+08 7.2220886742e-04 2.9626454939e+00
W 6.5811259578e-02 1.6297508346e+08 7.6648835961e-04 3.3905756404e+00
W 6.5811259578e-02 2.0565123083e+08 7.9199553609e-04 3.8283162999e+00
W 6.5811259578e-02 2.5950242114e+08 8.1852770355e-04 4.3225715179e+00
W 6.5811259578e-02 3.2745491629e+08 8.4613123533e-04 4.8806376128e+00
W 6.5811259578e-02 4.1320124001e+08 8.7485461254e-04 5.5107528953e+00
W 6.5811259578e-02 5.2140082880e+08 9.2949410642e-04 6.3067365184e+00
W 6.5811259578e-02 6.5793322466e+08 9.6146254120e-04 7.1209684648e+00
W 6.5811259578e-02 8.3021756813e+08 9.9474458024e-04 8.0403219206e+00
W 6.5811259578e-02 1.0476157528e+09 1.0293993026e-03 9.0783686106e+00
W 6.5811259578e-02 1.3219411485e+09 1.0654881597e-03 1.0250432438e+01
W 6.5811259578e-02 1.6681005372e+09 1.1332450313e-03 1.1731024384e+01
W 6.5811259578e-02 2.1049041445e+09 1.1734670686e-03 1.3245559641e+01
W 6.5811259578e-02 2.6560877829e+09 1.2153667283e-03 1.4955629148e+01
W 6.5811259578e-02 3.3516026509e+09 1.2590168908e-03 1.6886477376e+01
W 6.5811259578e-02 4.2292428744e+09 1.3044926128e-03 1.9066607988e+01
W 6.5811259578e-02 5.3366992312e+09 1.3518711534e-03 2.1528204613e+01
W 6.5811259578e-02 6.7341506578e+09 1.4395563018e-03 2.4637779409e+01
W 6.5811259578e-02 8.4975343591e+09 1.4923857019e-03 2.7818642764e+01
W 6.5811259578e-02 1.0722672220e+10 1.5474182797e-03 3.1410171850e+01
W 6.5811259578e-02 1.3530477746e+10 1.6047390106e-03 3.5465385714e+01
W 6.5811259578e-02 1.7073526475e+10 1.6644332693e-03 4.0044148431e+01
W 6.5811259578e-02 2.1544346900e+10 1.7738093687e-03 4.5828201346e+01
W 6.5811259578e-02 2.7185882427e+10 1.8402735101e-03 5.1744856573e+01
W 6.5811259578e-02 3.4304692863e+10 1.9094327212e-03 5.8425382255e+01
W 6.5811259578e-02 4.3287612811e+10 1.9813670568e-03 6.5968397978e+01
W 6.5811259578e-02 5.4622772177e+10 2.0561510861e-03 7.4485255616e+01
W 6.5811259578e-02 6.8926121044e+10 2.1922151546e-03 8.5244047518e+01
W 6.5811259578e-02 8.6974900262e+10 2.2750994170e-03 9.6249490116e+01
W 6.5811259578e-02 1.0974987655e+11 2.3610889679e-03 1.0867579165e+02
W 6.5811259578e-02 1.3848863714e+11 2.4502167521e-03 1.2270639228e+02
W 6.5811259578e-02 1.7475284000e+11 2.5424962642e-03 1.3854841522e+02
W 6.5811259578e-02 2.2051307399e+11 2.7100669095e-03 1.5856061167e+02
W 6.5811259578e-02 2.7825594022e+11 2.8112869416e-03 1.7903159775e+02
W 6.5811259578e-02 3.5111917342e+11 2.9156206527e-03 2.0214549285e+02
W 6.5811259578e-02 4.4306214576e+11 3.0229503691e-03 2.2824351004e+02
W 6.5811259578e-02 5.5908101825e+11 3.1331072305e-03 2.5771091476e+02
W 6.5811259578e-02 7.0548023107e+11 3.3346383079e-03 2.9493516915e+02
W 6.5811259578e-02 8.9021508545e+11 3.4528348649e-03 3.3301280821e+02
W 6.5811259578e-02 1.1233240330e+12 3.5729924377e-03 3.7600646527e+02
W 6.5811259578e-02 1.4174741629e+12 3.6946113382e-03 4.2455082339e+02
W 6.5811259578e-02 1.7886495291e+12 3.9214723470e-03 4.8587375130e+02
W 6.5811259578e-02 2.2570197196e+12 4.0473698238e-03 5.4860253806e+02
W 6.5811259578e-02 2.8480358684e+12 4.1724116878e-03 6.1942993208e+02
W 6.5811259578e-02 3.5938136638e+12 4.2954672896e-03 6.9940150499e+02
W 6.5811259578e-02 4.5348785081e+12 4.5359510435e-03 8.0042438779e+02
W 6.5811259578e-02 5.7223676594e+12 4.6538999716e-03 9.0376327080e+02
W 6.5811259578e-02 7.2208090184e+12 4.7648942899e-03 1.0204437322e+03
W 6.5811259578e-02 9.1116275612e+12 4.8667274845e-03 1.1521882381e+03
W 6.5811259578e-02 1.1497569954e+13 5.0924411371e-03 1.3186124973e+03
W 6.5811259578e-02 1.4508287785e+13 5.1700781534e-03 1.4888521160e+03
W 6.5811259578e-02 1.8307382803e+13 5.2294336455e-03 1.6810705404e+03
W 6.5811259578e-02 2.3101297001e+13 5.2668451394e-03 1.8981053466e+03
W 6.5811259578e-02 2.9150530628e+13 5.4227028972e-03 2.1722712908e+03
W 6.5811259578e-02 3.6783797718e+13 5.4035429158e-03 2.4527226266e+03
W 6.5811259578e-02 4.6415888336e+13 5.3489481812e-03 2.7693816645e+03
W 6.5811259578e-02 5.8570208181e+13 5.2544947568e-03 3.1269230040e+03
W 6.5811259578e-02 7.3907220335e+13 5.2559841338e-03 3.5785817064e+03
W 6.5811259578e-02 9.3260334688e+13 5.0649832813e-03 4.0405949108e+03
W 6.5811259578e-02 1.1768119524e+14 4.8227112322e-03 4.5622563833e+03
W 6.5811259578e-02 1.4849682623e+14 4.6521451197e-03 5.2212373672e+03
W 6.5811259578e-02 1.8738174229e+14 4.2974768209e-03 5.8953258204e+03
W 6.5811259578e-02 2.3644894126e+14 3.8948759678e-03 6.6564425412e+03
W 6.5811259578e-02 2.9836472403e+14 3.5464493452e-03 7.6179117543e+03
W 6.5811259578e-02 3.7649358068e+14 3.0619416005e-03 8.6014231310e+03
W 6.5811259578e-02 4.7508101621e+14 2.5634359647e-03 9.7119108575e+03
W 6.5811259578e-02 5.9948425032e+14 2.0694781590e-03 1.0965768230e+04
W 6.5811259578e-02 7.5646332755e+14 1.6442046079e-03 1.2549684637e+04
W 6.5811259578e-02 9.5454845666e+14 1.2086879564e-03 1.4169913121e+04
W 6.5811259578e-02 1.2045035403e+15 8.3682004496e-04 1.5999321391e+04
W 6.5811259578e-02 1.5199110830e+15 5.5401933179e-04 1.8310293784e+04
W 6.5811259578e-02 1.9179102617e+15 3.2744006063e-04 2.0674246377e+04
W 6.5811259578e-02 2.4201282648e+15 1.7922000953e-04 2.3660473821e+04
W 6.5811259578e-02 3.0538555088e+15 8.4434554319e-05 2.6715162026e+04
W 6.5811259578e-02 3.8535285937e+15 3.4396180059e-05 3.0164226104e+04
W 6.5811259578e-02 4.8626015801e+15 1.2086146757e-05 3.4521204259e+04
W 6.5811259578e-02 6.1359072734e+15 3.3317016158e-06 3.8978068320e+04
W 6.5811259578e-02 7.7426368268e+15 7.0069607438e-07 4.4010336332e+04
W 6.5811259578e-02 9.7700995730e+15 1.0783910736e-07 5.0367272966e+04
W 6.5811259578e-02 1.2328467394e+16 1.0616776875e-08 5.6869945558e+04
W 6.5811259578e-02 1.5556761439e+16 6.4436890696e-10 6.5084348593e+04
W 6.5811259578e-02 1.9630406500e+16 2.0626132320e-11 7.3487070933e+04
W 6.5811259578e-02 2.4770763560e+16 3.1802771288e-13 8.2974627711e+04
W 6.5811259578e-02 3.1257158497e+16 2.1063686845e-15 9.4959640655e+04
W 6.5811259578e-02 3.9442060594e+16 4.7541185872e-18 1.0721941603e+05
W 6.5811259578e-02 4.9770235643e+16 3.0684253162e-21 1.2270639228e+05
W 6.5811259578e-02 6.2802914418e+16 3.9742644422e-25 1.3854841522e+05
W 6.5811259578e-02 7.9248289835e+16 7.3500151965e-30 1.5856061167e+05
W 6.5811259578e-02 1.0000000000e+17 1.0963056938e-35 1.7903159775e+05
W 7.0567968933e-02 1.2618568831e+07 5.8594959725e-04 8.9165184490e-01
W 7.0567968933e-02 1.5922827933e+07 6.0405970570e-04 1.0067686593e+00
W 7.0567968933e-02 2.0092330026e+07 6.2285495240e-04 1.1367476433e+00
W 7.0567968933e-02 2.5353644940e+07 6.5993457414e-04 1.3009416336e+00
W 7.0567968933e-02 3.1992671378e+07 6.8074574338e-04 1.4688998534e+00
W 7.0567968933e-02 4.0370172586e+07 7.0235794466e-04 1.6585423386e+00
W 7.0567968933e-02 5.0941380148e+07 7.2480673557e-04 1.8726686388e+00
W 7.0567968933e-02 6.4280731173e+07 7.4812933504e-04 2.1144397396e+00
W 7.0567968933e-02 8.1113083079e+07 7.9348953829e-04 2.4198534347e+00
W 7.0567968933e-02 1.0235310219e+08 8.1936760933e-04 2.7322688918e+00
W 7.0567968933e-02 1.2915496650e+08 8.4626943651e-04 3.0850187826e+00
W 7.0567968933e-02 1.6297508346e+08 8.7424110981e-04 3.4833104887e+00
W 7.0567968933e-02 2.0565123083e+08 9.0333084382e-04 3.9330236916e+00
W 7.0567968933e-02 2.5950242114e+08 9.3358915366e-04 4.4407971694e+00
W 7.0567968933e-02 3.2745491629e+08 9.9146424205e-04 5.0822343536e+00
W 7.0567968933e-02 4.1320124001e+08 1.0251164943e-03 5.7383768066e+00
W 7.0567968933e-02 5.2140082880e+08 1.0601396204e-03 6.4792306068e+00
W 7.0567968933e-02 6.5793322466e+08 1.0965954847e-03 7.3157324225e+00
W 7.0567968933e-02 8.3021756813e+08 1.1345486720e-03 8.2602309016e+00
W 7.0567968933e-02 1.0476157528e+09 1.2061780666e-03 9.4533543540e+00
W 7.0567968933e-02 1.3219411485e+09 1.2484559333e-03 1.0673830759e+01
W 7.0567968933e-02 1.6681005372e+09 1.2924878048e-03 1.2051876912e+01
W 7.0567968933e-02 2.1049041445e+09 1.3383511206e-03 1.3607835872e+01
W 7.0567968933e-02 2.6560877829e+09 1.3861261365e-03 1.5364677094e+01
W 7.0567968933e-02 3.3516026509e+09 1.4358957560e-03 1.7348335504e+01
W 7.0567968933e-02 4.2292428744e+09 1.5284363143e-03 1.9854162060e+01
W 7.0567968933e-02 5.3366992312e+09 1.5839311097e-03 2.2417435945e+01
W 7.0567968933e-02 6.7341506578e+09 1.6417452721e-03 2.5311641602e+01
W 7.0567968933e-02 8.4975343591e+09 1.7019729998e-03 2.8579504013e+01
W 7.0567968933e-02 1.0722672220e+10 1.7647099250e-03 3.2269264179e+01
W 7.0567968933e-02 1.3530477746e+10 1.8801058392e-03 3.6930298034e+01
W 7.0567968933e-02 1.7073526475e+10 1.9500119882e-03 4.1698188426e+01
W 7.0567968933e-02 2.1544346900e+10 2.0227933656e-03 4.7081637858e+01
W 7.0567968933e-02 2.7185882427e+10 2.0985472976e-03 5.3160118149e+01
W 7.0567968933e-02 3.4304692863e+10 2.1773682339e-03 6.0023361341e+01
W 7.0567968933e-02 4.3287612811e+10 2.3211414585e-03 6.8693249746e+01
W 7.0567968933e-02 5.4622772177e+10 2.4086921173e-03 7.7561899686e+01
W 7.0567968933e-02 6.8926121044e+10 2.4996512277e-03 8.7575537700e+01
W 7.0567968933e-02 8.6974900262e+10 2.5940861139e-03 9.8881987607e+01
W 7.0567968933e-02 1.0974987655e+11 2.6920497928e-03 1.1164815803e+02
W 7.0567968933e-02 1.3848863714e+11 2.8699846779e-03 1.2777483020e+02
W 7.0567968933e-02 1.7475284000e+11 2.9779660067e-03 1.4427121441e+02
W 7.0567968933e-02 2.2051307399e+11 3.0896098977e-03 1.6289736620e+02
W 7.0567968933e-02 2.7825594022e+11 3.2048689918e-03 1.8392824948e+02
W 7.0567968933e-02 3.5111917342e+11 3.3236550801e-03 2.0767432736e+02
W 7.0567968933e-02 4.4306214576e+11 3.5400769997e-03 2.3767120195e+02
W 7.0567968933e-02 5.5908101825e+11 3.6688754355e-03 2.6835576992e+02
W 7.0567968933e-02 7.0548023107e+11 3.8006817932e-03 3.0300187259e+02
W 7.0567968933e-02 8.9021508545e+11 3.9351380565e-03 3.4212096433e+02
W 7.0567968933e-02 1.1233240330e+12 4.0717862188e-03 3.8629053094e+02
W 7.0567968933e-02 1.4174741629e+12 4.3251992173e-03 4.4208706948e+02
W 7.0567968933e-02 1.7886495291e+12 4.4681753411e-03 4.9916277164e+02
W 7.0567968933e-02 2.2570197196e+12 4.6111869355e-03 5.6360723890e+02
W 7.0567968933e-02 2.8480358684e+12 4.7531521646e-03 6.3637181656e+02
W 7.0567968933e-02 3.5938136638e+12 5.0265954142e-03 7.2829057136e+02
W 7.0567968933e-02 4.5348785081e+12 5.1660460787e-03 8.2231660967e+02
W 7.0567968933e-02 5.7223676594e+12 5.2996412789e-03 9.2848189051e+02
W 7.0567968933e-02 7.2208090184e+12 5.4252018284e-03 1.0483536522e+03
W 7.0567968933e-02 9.1116275612e+12 5.6917331170e-03 1.1997798464e+03
W 7.0567968933e-02 1.1497569954e+13 5.7960608203e-03 1.3546775620e+03
W 7.0567968933e-02 1.4508287785e+13 5.8831949158e-03 1.5295733651e+03
W 7.0567968933e-02 1.8307382803e+13 5.9493551942e-03 1.7270491110e+03
W 7.0567968933e-02 2.3101297001e+13 6.1542089281e-03 1.9765073674e+03
W 7.0567968933e-02 2.9150530628e+13 6.1658578613e-03 2.2316845792e+03
W 7.0567968933e-02 3.6783797718e+13 6.1420928830e-03 2.5198064745e+03
W 7.0567968933e-02 4.6415888336e+13 6.0778437437e-03 2.8451263804e+03
W 7.0567968933e-02 5.8570208181e+13 6.1313365644e-03 3.2560818428e+03
W 7.0567968933e-02 7.3907220335e+13 5.9670818658e-03 3.6764586650e+03
W 7.0567968933e-02 9.3260334688e+13 5.7472950101e-03 4.1511082855e+03
W 7.0567968933e-02 1.1768119524e+14 5.6188093274e-03 4.7507022567e+03
W 7.0567968933e-02 1.4849682623e+14 5.2723383344e-03 5.3640422201e+03
W 7.0567968933e-02 1.8738174229e+14 4.8667728708e-03 6.0565675103e+03
W 7.0567968933e-02 2.3644894126e+14 4.4071153684e-03 6.8385013580e+03
W 7.0567968933e-02 2.9836472403e+14 4.0090030376e-03 7.8262674927e+03
W 7.0567968933e-02 3.7649358068e+14 3.4574943344e-03 8.8366786611e+03
W 7.0567968933e-02 4.7508101621e+14 2.8909397106e-03 9.9775390799e+03
W 7.0567968933e-02 5.9948425032e+14 2.3942317448e-03 1.1418713790e+04
W 7.0567968933e-02 7.5646332755e+14 1.8484862279e-03 1.2892928152e+04
W 7.0567968933e-02 9.5454845666e+14 1.3562349349e-03 1.4557471130e+04
W 7.0567968933e-02 1.2045035403e+15 9.6249319391e-04 1.6660179931e+04
W 7.0567968933e-02 1.5199110830e+15 6.1864016769e-04 1.8811094384e+04
W 7.0567968933e-02 1.9179102617e+15 3.6451978664e-04 2.1239702897e+04
W 7.0567968933e-02 2.4201282648e+15 1.9880442754e-04 2.4307605956e+04
W 7.0567968933e-02 3.0538555088e+15 9.3270063440e-05 2.7445842229e+04
W 7.0567968933e-02 3.8535285937e+15 3.7808973608e-05 3.0989240860e+04
W 7.0567968933e-02 4.8626015801e+15 1.3208295606e-05 3.5465385714e+04
W 7.0567968933e-02 6.1359072734e+15 3.6159287545e-06 4.0044148431e+04
W 7.0567968933e-02 7.7426368268e+15 7.7481939156e-07 4.5828201346e+04
W 7.0567968933e-02 9.7700995730e+15 1.1491756357e-07 5.1744856573e+04
W 7.0567968933e-02 1.2328467394e+16 1.1177693448e-08 5.8425382255e+04
W 7.0567968933e-02 1.5556761439e+16 6.6856274425e-10 6.6864455523e+04
W 7.0567968933e-02 1.9630406500e+16 2.1025795372e-11 7.5496998774e+04
W 7.0567968933e-02 2.4770763560e+16 3.2603780830e-13 8.6401928782e+04
W 7.0567968933e-02 3.1257158497e+16 2.0487107810e-15 9.7556859773e+04
W 7.0567968933e-02 3.9442060594e+16 4.4833378505e-18 1.1015194942e+05
W 7.0567968933e-02 4.9770235643e+16 2.7877523925e-21 1.2606250637e+05
W 7.0567968933e-02 6.2802914418e+16 3.4512044399e-25 1.4233782081e+05
W 7.0567968933e-02 7.9248289835e+16 6.0407230816e-30 1.6289736620e+05
W 7.0567968933e-02 1.0000000000e+17 8.4218719182e-36 1.8392824948e+05
W 7.5668483953e-02 1.2618568831e+07 6.6867956875e-04 9.1603920781e-01
W 7.5668483953e-02 1.5922827933e+07 7.0819982577e-04 1.0483536522e+00
W 7.5668483953e-02 2.0092330026e+07 7.3023426369e-04 1.1837014715e+00
W 7.5668483953e-02 2.5353644940e+07 7.5310699042e-04 1.3365233867e+00
W 7.5668483953e-02 3.1992671378e+07 7.7685490919e-04 1.5090753928e+00
W 7.5668483953e-02 4.0370172586e+07 8.0151670439e-04 1.7039047457e+00
W 7.5668483953e-02 5.0941380148e+07 8.4975564298e-04 1.9500199859e+00
W 7.5668483953e-02 6.4280731173e+07 8.7709660982e-04 2.2017775413e+00
W 7.5668483953e-02 8.1113083079e+07 9.0550741511e-04 2.4860382850e+00
W 7.5668483953e-02 1.0235310219e+08 9.3503591905e-04 2.8069985449e+00
W 7.5668483953e-02 1.2915496650e+08 9.6573225565e-04 3.1693964161e+00
W 7.5668483953e-02 1.6297508346e+08 9.9764896470e-04 3.5785817064e+00
W 7.5668483953e-02 2.0565123083e+08 1.0590352970e-03 4.0954788502e+00
W 7.5668483953e-02 2.5950242114e+08 1.0945045246e-03 4.6242261201e+00
W 7.5668483953e-02 3.2745491629e+08 1.1314049650e-03 5.2212373672e+00
W 7.5668483953e-02 4.1320124001e+08 1.1698012693e-03 5.8953258204e+00
W 7.5668483953e-02 5.2140082880e+08 1.2097610386e-03 6.6564425412e+00
W 7.5668483953e-02 6.5793322466e+08 1.2855802673e-03 7.6179117543e+00
W 7.5668483953e-02 8.3021756813e+08 1.3300658209e-03 8.6014231310e+00
W 7.5668483953e-02 1.0476157528e+09 1.3763843014e-03 9.7119108575e+00
W 7.5668483953e-02 1.3219411485e+09 1.4246175528e-03 1.0965768230e+01
W 7.5668483953e-02 1.6681005372e+09 1.4748506910e-03 1.2381505004e+01
W 7.5668483953e-02 2.1049041445e+09 1.5271718711e-03 1.3980020637e+01
W 7.5668483953e-02 2.6560877829e+09 1.6249323907e-03 1.5999321391e+01
W 7.5668483953e-02 3.3516026509e+09 1.6832594900e-03 1.8064915626e+01
W 7.5668483953e-02 4.2292428744e+09 1.7440222461e-03 2.0397188644e+01
W 7.5668483953e-02 5.3366992312e+09 1.8073232790e-03 2.3030570039e+01
W 7.5668483953e-02 6.7341506578e+09 1.8732674889e-03 2.6003934443e+01
W 7.5668483953e-02 8.4975343591e+09 1.9950760656e-03 2.9759992163e+01
W 7.5668483953e-02 1.0722672220e+10 2.0685863633e-03 3.3602159387e+01
W 7.5668483953e-02 1.3530477746e+10 2.1451461657e-03 3.7940370054e+01
W 7.5668483953e-02 1.7073526475e+10 2.2248683371e-03 4.2838665911e+01
W 7.5668483953e-02 2.1544346900e+10 2.3078648886e-03 4.8369356820e+01
W 7.5668483953e-02 2.7185882427e+10 2.3942460267e-03 5.4614088217e+01
W 7.5668483953e-02 3.4304692863e+10 2.5520611154e-03 6.2502650930e+01
W 7.5668483953e-02 4.3287612811e+10 2.6480835085e-03 7.0572062895e+01
W 7.5668483953e-02 5.4622772177e+10 2.7478949397e-03 7.9683277224e+01
W 7.5668483953e-02 6.8926121044e+10 2.8515833560e-03 8.9970795930e+01
W 7.5668483953e-02 8.6974900262e+10 2.9592239681e-03 1.0158648593e+02
W 7.5668483953e-02 1.0974987655e+11 3.1548662563e-03 1.1625983105e+02
W 7.5668483953e-02 1.3848863714e+11 3.2737320524e-03 1.3126956996e+02
W 7.5668483953e-02 1.7475284000e+11 3.3967718661e-03 1.4821714295e+02
W 7.5668483953e-02 2.2051307399e+11 3.5239676060e-03 1.6735273430e+02
W 7.5668483953e-02 2.7825594022e+11 3.6552622252e-03 1.8895882839e+02
W 7.5668483953e-02 3.5111917342e+11 3.8942261976e-03 2.1625240073e+02
W 7.5668483953e-02 4.4306214576e+11 4.0371552368e-03 2.4417169190e+02
W 7.5668483953e-02 5.5908101825e+11 4.1837894411e-03 2.7569550638e+02
W 7.5668483953e-02 7.0548023107e+11 4.3338123390e-03 3.1128920656e+02
W 7.5668483953e-02 8.9021508545e+11 4.4868100506e-03 3.5147823552e+02
W 7.5668483953e-02 1.1233240330e+12 4.7692232564e-03 4.0224641994e+02
W 7.5668483953e-02 1.4174741629e+12 4.9307509864e-03 4.5417849044e+02
W 7.5668483953e-02 1.7886495291e+12 5.0932691830e-03 5.1281525689e+02
W 7.5668483953e-02 2.2570197196e+12 5.2557497123e-03 5.7902232984e+02
W 7.5668483953e-02 2.8480358684e+12 5.5651074581e-03 6.6265741577e+02
W 7.5668483953e-02 3.5938136638e+12 5.7278716260e-03 7.4820987794e+02
W 7.5668483953e-02 4.5348785081e+12 5.8859752769e-03 8.4480760063e+02
W 7.5668483953e-02 5.7223676594e+12 6.0372805859e-03 9.5387658345e+02
W 7.5668483953e-02 7.2208090184e+12 6.3483001658e-03 1.0916563303e+03
W 7.5668483953e-02 9.1116275612e+12 6.4816803860e-03 1.2325947469e+03
W 7.5668483953e-02 1.1497569954e+13 6.5991457060e-03 1.3917290340e+03
W 7.5668483953e-02 1.4508287785e+13 6.6968421203e-03 1.5714083716e+03
W 7.5668483953e-02 1.8307382803e+13 6.9556322930e-03 1.7983855837e+03
W 7.5668483953e-02 2.3101297001e+13 7.0016279415e-03 2.0305663622e+03
W 7.5668483953e-02 2.9150530628e+13 7.0126986251e-03 2.2927228668e+03
W 7.5668483953e-02 3.6783797718e+13 6.9832417513e-03 2.5887251173e+03
W 7.5668483953e-02 4.6415888336e+13 7.0964309422e-03 2.9626454939e+03
W 7.5668483953e-02 5.8570208181e+13 6.9652594103e-03 3.3451381824e+03
W 7.5668483953e-02 7.3907220335e+13 6.7753394928e-03 3.7770126337e+03
W 7.5668483953e-02 9.3260334688e+13 6.5221762166e-03 4.2646442859e+03
W 7.5668483953e-02 1.1768119524e+14 6.3723897853e-03 4.8806376128e+03
W 7.5668483953e-02 1.4849682623e+14 5.9752299533e-03 5.5107528953e+03
W 7.5668483953e-02 1.8738174229e+14 5.5111790187e-03 6.2222192842e+03
W 7.5668483953e-02 2.3644894126e+14 5.1224879426e-03 7.1209684648e+03
W 7.5668483953e-02 2.9836472403e+14 4.5309892377e-03 8.0403219206e+03
W 7.5668483953e-02 3.7649358068e+14 3.9030344759e-03 9.0783686106e+03
W 7.5668483953e-02 4.7508101621e+14 3.3481698934e-03 1.0389665429e+04
W 7.5668483953e-02 5.9948425032e+14 2.6948603241e-03 1.1731024384e+04
W 7.5668483953e-02 7.5646332755e+14 2.0768390015e-03 1.3245559641e+04
W 7.5668483953e-02 9.5454845666e+14 1.5621923101e-03 1.5158773453e+04
W 7.5668483953e-02 1.2045035403e+15 1.0765342529e-03 1.7115848650e+04
W 7.5668483953e-02 1.5199110830e+15 6.8999401891e-04 1.9325592266e+04
W 7.5668483953e-02 1.9179102617e+15 4.1631192830e-04 2.2117017547e+04
W 7.5668483953e-02 2.4201282648e+15 2.2015735936e-04 2.4972437651e+04
W 7.5668483953e-02 3.0538555088e+15 1.0282263621e-04 2.8196507098e+04
W 7.5668483953e-02 3.8535285937e+15 4.2594578687e-05 3.2269264179e+04
W 7.5668483953e-02 4.8626015801e+15 1.4393377966e-05 3.6435391257e+04
W 7.5668483953e-02 6.1359072734e+15 3.9110549810e-06 4.1139386652e+04
W 7.5668483953e-02 7.7426368268e+15 8.3059456845e-07 4.7081637858e+04
W 7.5668483953e-02 9.7700995730e+15 1.2186838538e-07 5.3160118149e+04
W 7.5668483953e-02 1.2328467394e+16 1.2020190751e-08 6.0838666662e+04
W 7.5668483953e-02 1.5556761439e+16 6.8885897510e-10 6.8693249746e+04
W 7.5668483953e-02 1.9630406500e+16 2.1255102790e-11 7.7561899686e+04
W 7.5668483953e-02 2.4770763560e+16 3.2210665444e-13 8.8765087906e+04
W 7.5668483953e-02 3.1257158497e+16 1.9687794187e-15 1.0022511483e+05
W 7.5668483953e-02 3.9442060594e+16 4.2811963167e-18 1.1470182092e+05
W 7.5668483953e-02 4.9770235643e+16 2.4890339360e-21 1.2951041276e+05
W 7.5668483953e-02 6.2802914418e+16 2.9347883473e-25 1.4623086955e+05
W 7.5668483953e-02 7.9248289835e+16 4.8405888270e-30 1.6735273430e+05
W 7.5668483953e-02 1.0000000000e+17 6.2745763556e-36 1.8895882839e+05
W 8.1137654240e-02 1.2618568831e+07 7.8438472965e-04 9.5387658345e-01
W 8.1137654240e-02 1.5922827933e+07 8.0862561209e-04 1.0770269299e+00
W 8.1137654240e-02 2.0092330026e+07 8.3378323820e-04 1.2160766160e+00
W 8.1137654240e-02 2.5353644940e+07 8.5989778075e-04 1.3730783280e+00
W 8.1137654240e-02 3.1992671378e+07 9.1127178646e-04 1.5714083716e+00
W 8.1137654240e-02 4.0370172586e+07 9.4019861492e-04 1.7742852309e+00
W 8.1137654240e-02 5.0941380148e+07 9.7024465281e-04 2.0033545305e+00
W 8.1137654240e-02 6.4280731173e+07 1.0014596366e-03 2.2619978484e+00
W 8.1137654240e-02 8.1113083079e+07 1.0338957109e-03 2.5540333419e+00
W 8.1137654240e-02 1.0235310219e+08 1.0676074659e-03 2.8837721114e+00
W 8.1137654240e-02 1.2915496650e+08 1.1328104632e-03 3.3003096366e+00
W 8.1137654240e-02 1.6297508346e+08 1.1702444497e-03 3.7263964933e+00
W 8.1137654240e-02 2.0565123083e+08 1.2091736950e-03 4.2074933428e+00
W 8.1137654240e-02 2.5950242114e+08 1.2496656446e-03 4.7507022567e+00
W 8.1137654240e-02 3.2745491629e+08 1.2917908187e-03 5.3640422201e+00
W 8.1137654240e-02 4.1320124001e+08 1.3721532335e-03 6.1388346743e+00
W 8.1137654240e-02 5.2140082880e+08 1.4190169557e-03 6.9313896337e+00
W 8.1137654240e-02 6.5793322466e+08 1.4677959834e-03 7.8262674927e+00
W 8.1137654240e-02 8.3021756813e+08 1.5185764498e-03 8.8366786611e+00
W 8.1137654240e-02 1.0476157528e+09 1.5714480356e-03 9.9775390799e+00
W 8.1137654240e-02 1.3219411485e+09 1.6265039783e-03 1.1265690415e+01
W 8.1137654240e-02 1.6681005372e+09 1.7298955756e-03 1.2892928152e+01
W 8.1137654240e-02 2.1049041445e+09 1.7912478715e-03 1.4557471130e+01
W 8.1137654240e-02 2.6560877829e+09 1.8551538353e-03 1.6436915121e+01
W 8.1137654240e-02 3.3516026509e+09 1.9217237719e-03 1.8559004946e+01
W 8.1137654240e-02 4.2292428744e+09 1.9910711857e-03 2.0955067422e+01
W 8.1137654240e-02 5.3366992312e+09 2.0633128045e-03 2.3660473821e+01
W 8.1137654240e-02 6.7341506578e+09 2.1970593780e-03 2.7078037634e+01
W 8.1137654240e-02 8.4975343591e+09 2.2775936434e-03 3.0573950809e+01
W 8.1137654240e-02 1.0722672220e+10 2.3614755489e-03 3.4521204259e+01
W 8.1137654240e-02 1.3530477746e+10 2.4488327854e-03 3.8978068320e+01
W 8.1137654240e-02 1.7073526475e+10 2.5397933894e-03 4.4010336332e+01
W 8.1137654240e-02 2.1544346900e+10 2.7065394856e-03 5.0367272966e+01
W 8.1137654240e-02 2.7185882427e+10 2.8077808178e-03 5.6869945558e+01
W 8.1137654240e-02 3.4304692863e+10 2.9131067517e-03 6.4212146446e+01
W 8.1137654240e-02 4.3287612811e+10 3.0226356526e-03 7.2502263027e+01
W 8.1137654240e-02 5.4622772177e+10 3.1364770129e-03 8.1862676067e+01
W 8.1137654240e-02 6.8926121044e+10 3.2547294844e-03 9.2431566313e+01
W 8.1137654240e-02 8.6974900262e+10 3.4698535400e-03 1.0578255744e+02
W 8.1137654240e-02 1.0974987655e+11 3.6006427048e-03 1.1943962674e+02
W 8.1137654240e-02 1.3848863714e+11 3.7361593846e-03 1.3485989354e+02
W 8.1137654240e-02 1.7475284000e+11 3.8764160257e-03 1.5227099567e+02
W 8.1137654240e-02 2.2051307399e+11 4.0213886844e-03 1.7192996014e+02
W 8.1137654240e-02 2.7825594022e+11 4.2850888226e-03 1.9676385039e+02
W 8.1137654240e-02 3.5111917342e+11 4.4434489134e-03 2.2216707001e+02
W 8.1137654240e-02 4.4306214576e+11 4.6062640869e-03 2.5084997524e+02
W 8.1137654240e-02 5.5908101825e+11 4.7732617137e-03 2.8323599026e+02
W 8.1137654240e-02 7.0548023107e+11 4.9440745559e-03 3.1980320549e+02
W 8.1137654240e-02 8.9021508545e+11 5.2582108662e-03 3.6599618837e+02
W 8.1137654240e-02 1.1233240330e+12 5.4399229342e-03 4.1324816853e+02
W 8.1137654240e-02 1.4174741629e+12 5.6236493775e-03 4.6660062104e+02
W 8.1137654240e-02 1.7886495291e+12 5.8084202665e-03 5.2684114810e+02
W 8.1137654240e-02 2.2570197196e+12 6.1569667619e-03 6.0293908495e+02
W 8.1137654240e-02 2.8480358684e+12 6.3450374272e-03 6.8078160513e+02
W 8.1137654240e-02 3.5938136638e+12 6.5297400155e-03 7.6867399286e+02
W 8.1137654240e-02 4.5348785081e+12 6.7089900976e-03 8.6791373747e+02
W 8.1137654240e-02 5.7223676594e+12 7.0685179296e-03 9.9327684744e+02
W 8.1137654240e-02 7.2208090184e+12 7.2334901189e-03 1.1215139695e+03
W 8.1137654240e-02 9.1116275612e+12 7.3840052076e-03 1.2663071600e+03
W 8.1137654240e-02 1.1497569954e+13 7.5161732464e-03 1.4297938922e+03
W 8.1137654240e-02 1.4508287785e+13 7.6255887845e-03 1.6143875977e+03
W 8.1137654240e-02 1.8307382803e+13 7.9181264644e-03 1.8475728109e+03
W 8.1137654240e-02 2.3101297001e+13 7.9680867184e-03 2.0861039120e+03
W 8.1137654240e-02 2.9150530628e+13 7.9780057198e-03 2.3554305985e+03
W 8.1137654240e-02 3.6783797718e+13 8.1587202688e-03 2.6956534713e+03
W 8.1137654240e-02 4.6415888336e+13 8.0668464163e-03 3.0436761240e+03
W 8.1137654240e-02 5.8570208181e+13 7.9140083103e-03 3.4366302814e+03
W 8.1137654240e-02 7.3907220335e+13 7.6941436468e-03 3.8803168307e+03
W 8.1137654240e-02 9.3260334688e+13 7.6046887236e-03 4.4407971694e+03
W 8.1137654240e-02 1.1768119524e+14 7.2273652723e-03 5.0141268007e+03
W 8.1137654240e-02 1.4849682623e+14 6.7717558315e-03 5.6614762203e+03
W 8.1137654240e-02 1.8738174229e+14 6.4111278804e-03 6.4792306068e+03
W 8.1137654240e-02 2.3644894126e+14 5.7946216598e-03 7.3157324225e+03
W 8.1137654240e-02 2.9836472403e+14 5.1197680058e-03 8.2602309016e+03
W 8.1137654240e-02 3.7649358068e+14 4.4045650458e-03 9.3266689659e+03
W 8.1137654240e-02 4.7508101621e+14 3.7728545767e-03 1.0673830759e+04
W 8.1137654240e-02 5.9948425032e+14 3.0315543358e-03 1.2051876912e+04
W 8.1137654240e-02 7.5646332755e+14 2.3317736139e-03 1.3607835872e+04
W 8.1137654240e-02 9.5454845666e+14 1.7500098271e-03 1.5573377552e+04
W 8.1137654240e-02 1.2045035403e+15 1.2028181507e-03 1.7583980259e+04
W 8.1137654240e-02 1.5199110830e+15 7.6859505419e-04 1.9854162060e+04
W 8.1137654240e-02 1.9179102617e+15 4.6209339343e-04 2.2721934967e+04
W 8.1137654240e-02 2.4201282648e+15 2.4335475494e-04 2.5655453004e+04
W 8.1137654240e-02 3.0538555088e+15 1.1310436381e-04 2.8967703227e+04
W 8.1137654240e-02 3.8535285937e+15 4.6586120383e-05 3.3151853343e+04
W 8.1137654240e-02 4.8626015801e+15 1.5635954351e-05 3.7431927196e+04
W 8.1137654240e-02 6.1359072734e+15 4.3298781286e-06 4.2838665911e+04
W 8.1137654240e-02 7.7426368268e+15 8.8645951136e-07 4.8369356820e+04
W 8.1137654240e-02 9.7700995730e+15 1.2856002528e-07 5.4614088217e+04
W 8.1137654240e-02 1.2328467394e+16 1.2502976721e-08 6.2502650930e+04
W 8.1137654240e-02 1.5556761439e+16 7.0442934834e-10 7.0572062895e+04
W 8.1137654240e-02 1.9630406500e+16 2.1293027990e-11 7.9683277224e+04
W 8.1137654240e-02 2.4770763560e+16 3.1477815202e-13 9.1192881248e+04
W 8.1137654240e-02 3.1257158497e+16 1.8673902248e-15 1.0296634871e+05
W 8.1137654240e-02 3.9442060594e+16 3.9172892337e-18 1.1783900384e+05
W 8.1137654240e-02 4.9770235643e+16 2.1807186993e-21 1.3305262203e+05
W 8.1137654240e-02 6.2802914418e+16 2.5062091153e-25 1.5227099567e+05
W 8.1137654240e-02 7.9248289835e+16 3.7738117581e-30 1.7192996014e+05
W 8.1137654240e-02 1.0000000000e+17 4.5219718556e-36 1.9412699750e+05
W 8.7002125478e-02 1.2618568831e+07 8.9612634413e-04 9.7996584076e-01
W 8.7002125478e-02 1.5922827933e+07 9.2381901686e-04 1.1064844438e+00
W 8.7002125478e-02 2.0092330026e+07 9.7861197288e-04 1.2663071600e+00
W 8.7002125478e-02 2.5353644940e+07 1.0092605922e-03 1.4297938922e+00
W 8.7002125478e-02 3.1992671378e+07 1.0410814138e-03 1.6143875977e+00
W 8.7002125478e-02 4.0370172586e+07 1.0741261946e-03 1.8228132949e+00
W 8.7002125478e-02 5.0941380148e+07 1.1084491763e-03 2.0581478158e+00
W 8.7002125478e-02 6.4280731173e+07 1.1441071251e-03 2.3238652272e+00
W 8.7002125478e-02 8.1113083079e+07 1.2134651724e-03 2.6595287378e+00
W 8.7002125478e-02 1.0235310219e+08 1.2530276296e-03 3.0028875026e+00
W 8.7002125478e-02 1.2915496650e+08 1.2941537373e-03 3.3905756404e+00
W 8.7002125478e-02 1.6297508346e+08 1.3369137327e-03 3.8283162999e+00
W 8.7002125478e-02 2.0565123083e+08 1.3813810721e-03 4.3225715179e+00
W 8.7002125478e-02 2.5950242114e+08 1.4666795466e-03 4.9469319642e+00
W 8.7002125478e-02 3.2745491629e+08 1.5161119125e-03 5.5856061867e+00
W 8.7002125478e-02 4.1320124001e+08 1.5675463626e-03 6.3067365184e+00
W 8.7002125478e-02 5.2140082880e+08 1.6210731751e-03 7.1209684648e+00
W 8.7002125478e-02 6.5793322466e+08 1.6767864485e-03 8.0403219206e+00
W 8.7002125478e-02 8.3021756813e+08 1.7347843787e-03 9.0783686106e+00
W 8.7002125478e-02 1.0476157528e+09 1.8442684450e-03 1.0389665429e+01
W 8.7002125478e-02 1.3219411485e+09 1.9088661525e-03 1.1731024384e+01
W 8.7002125478e-02 1.6681005372e+09 1.9761386705e-03 1.3245559641e+01
W 8.7002125478e-02 2.1049041445e+09 2.0462034827e-03 1.4955629148e+01
W 8.7002125478e-02 2.6560877829e+09 2.1191822611e-03 1.6886477376e+01
W 8.7002125478e-02 3.3516026509e+09 2.1952005921e-03 1.9066607988e+01
W 8.7002125478e-02 4.2292428744e+09 2.3365939131e-03 2.1820625087e+01
W 8.7002125478e-02 5.3366992312e+09 2.4213386597e-03 2.4637779409e+01
W 8.7002125478e-02 6.7341506578e+09 2.5096146132e-03 2.7818642764e+01
W 8.7002125478e-02 8.4975343591e+09 2.6015638435e-03 3.1410171850e+01
W 8.7002125478e-02 1.0722672220e+10 2.6973303592e-03 3.5465385714e+01
W 8.7002125478e-02 1.3530477746e+10 2.7970591318e-03 4.0044148431e+01
W 8.7002125478e-02 1.7073526475e+10 2.9802371280e-03 4.5828201346e+01
W 8.7002125478e-02 2.1544346900e+10 3.0912810750e-03 5.1744856573e+01
W 8.7002125478e-02 2.7185882427e+10 3.2068377929e-03 5.8425382255e+01
W 8.7002125478e-02 3.4304692863e+10 3.3270475055e-03 6.5968397978e+01
W 8.7002125478e-02 4.3287612811e+10 3.4520437296e-03 7.4485255616e+01
W 8.7002125478e-02 5.4622772177e+10 3.6799187000e-03 8.5244047518e+01
W 8.7002125478e-02 6.8926121044e+10 3.8185351304e-03 9.6249490116e+01
W 8.7002125478e-02 8.6974900262e+10 3.9624050024e-03 1.0867579165e+02
W 8.7002125478e-02 1.0974987655e+11 4.1116014764e-03 1.2270639228e+02
W 8.7002125478e-02 1.3848863714e+11 4.2661705409e-03 1.3854841522e+02
W 8.7002125478e-02 1.7475284000e+11 4.4261228163e-03 1.5643572437e+02
W 8.7002125478e-02 2.2051307399e+11 4.7170059562e-03 1.7903159775e+02
W 8.7002125478e-02 2.7825594022e+11 4.8922439814e-03 2.0214549285e+02
W 8.7002125478e-02 3.5111917342e+11 5.0727452647e-03 2.2824351004e+02
W 8.7002125478e-02 4.4306214576e+11 5.2582835423e-03 2.5771091476e+02
W 8.7002125478e-02 5.5908101825e+11 5.4485408368e-03 2.9098271217e+02
W 8.7002125478e-02 7.0548023107e+11 5.7974332171e-03 3.3301280821e+02
W 8.7002125478e-02 8.9021508545e+11 6.0011429057e-03 3.7600646527e+02
W 8.7002125478e-02 1.1233240330e+12 6.2079658690e-03 4.2455082339e+02
W 8.7002125478e-02 1.4174741629e+12 6.4169946460e-03 4.7936250646e+02
W 8.7002125478e-02 1.7886495291e+12 6.8083669036e-03 5.4860253806e+02
W 8.7002125478e-02 2.2570197196e+12 7.0239451565e-03 6.1942993208e+02
W 8.7002125478e-02 2.8480358684e+12 7.2375489651e-03 6.9940150499e+02
W 8.7002125478e-02 3.5938136638e+12 7.4471577139e-03 7.8969781705e+02
W 8.7002125478e-02 4.5348785081e+12 7.6503763601e-03 8.9165184490e+02
W 8.7002125478e-02 5.7223676594e+12 8.0589398058e-03 1.0204437322e+03
W 8.7002125478e-02 7.2208090184e+12 8.2454317656e-03 1.1521882381e+03
W 8.7002125478e-02 9.1116275612e+12 8.4152023917e-03 1.3009416336e+03
W 8.7002125478e-02 1.1497569954e+13 8.5637980223e-03 1.4688998534e+03
W 8.7002125478e-02 1.4508287785e+13 8.9237536468e-03 1.6810705404e+03
W 8.7002125478e-02 1.8307382803e+13 9.0167698367e-03 1.8981053466e+03
W 8.7002125478e-02 2.3101297001e+13 9.0707116078e-03 2.1431604565e+03
W 8.7002125478e-02 2.9150530628e+13 9.0787101106e-03 2.4198534347e+03
W 8.7002125478e-02 3.6783797718e+13 9.2805964252e-03 2.7693816645e+03
W 8.7002125478e-02 4.6415888336e+13 9.1719285944e-03 3.1269230040e+03
W 8.7002125478e-02 5.8570208181e+13 8.9935768348e-03 3.5306247595e+03
W 8.7002125478e-02 7.3907220335e+13 8.7387217393e-03 3.9864464768e+03
W 8.7002125478e-02 9.3260334688e+13 8.6315607366e-03 4.5622563833e+03
W 8.7002125478e-02 1.1768119524e+14 8.1973234497e-03 5.1512670205e+03
W 8.7002125478e-02 1.4849682623e+14 7.6742502180e-03 5.8163219439e+03
W 8.7002125478e-02 1.8738174229e+14 7.2587805590e-03 6.6564425412e+03
W 8.7002125478e-02 2.3644894126e+14 6.5538007831e-03 7.5158233240e+03
W 8.7002125478e-02 2.9836472403e+14 5.7835264882e-03 8.4861545621e+03
W 8.7002125478e-02 3.7649358068e+14 5.1046179827e-03 9.7119108575e+03
W 8.7002125478e-02 4.7508101621e+14 4.2493511117e-03 1.0965768230e+04
W 8.7002125478e-02 5.9948425032e+14 3.4082070467e-03 1.2381505004e+04
W 8.7002125478e-02 7.5646332755e+14 2.6159779122e-03 1.3980020637e+04
W 8.7002125478e-02 9.5454845666e+14 1.9585412404e-03 1.5999321391e+04
W 8.7002125478e-02 1.2045035403e+15 1.3423568730e-03 1.8064915626e+04
W 8.7002125478e-02 1.5199110830e+15 8.5494974138e-04 2.0397188644e+04
W 8.7002125478e-02 1.9179102617e+15 5.1204556334e-04 2.3343397343e+04
W 8.7002125478e-02 2.4201282648e+15 2.6845448989e-04 2.6357149352e+04
W 8.7002125478e-02 3.0538555088e+15 1.2751004009e-04 3.0164226104e+04
W 8.7002125478e-02 3.8535285937e+15 5.0806138199e-05 3.4058581998e+04
W 8.7002125478e-02 4.8626015801e+15 1.6928140336e-05 3.8455719160e+04
W 8.7002125478e-02 6.1359072734e+15 4.6471125340e-06 4.4010336332e+04
W 8.7002125478e-02 7.7426368268e+15 9.4154102531e-07 4.9692295885e+04
W 8.7002125478e-02 9.7700995730e+15 1.3484310674e-07 5.6107825483e+04
W 8.7002125478e-02 1.2328467394e+16 1.2916252495e-08 6.4212146446e+04
W 8.7002125478e-02 1.5556761439e+16 7.1445787665e-10 7.2502263027e+04
W 8.7002125478e-02 1.9630406500e+16 2.1699563711e-11 8.2974627711e+04
W 8.7002125478e-02 2.4770763560e+16 3.0399915221e-13 9.3687076602e+04
W 8.7002125478e-02 3.1257158497e+16 1.7462374406e-15 1.0578255744e+05
W 8.7002125478e-02 3.9442060594e+16 3.5236480399e-18 1.2106199111e+05
W 8.7002125478e-02 4.9770235643e+16 1.8717743732e-21 1.3669171345e+05
W 8.7002125478e-02 6.2802914418e+16 2.0323782556e-25 1.5643572437e+05
W 8.7002125478e-02 7.9248289835e+16 2.8556868094e-30 1.7663237663e+05
W 8.7002125478e-02 1.0000000000e+17 3.1434084089e-36 1.9943652001e+05
W 9.3290469248e-02 1.2618568831e+07 1.0524212775e-03 1.0204437322e+00
W 9.3290469248e-02 1.5922827933e+07 1.0849419379e-03 1.1521882381e+00
W 9.3290469248e-02 2.0092330026e+07 1.1186919429e-03 1.3009416336e+00
W 9.3290469248e-02 2.5353644940e+07 1.1537251083e-03 1.4688998534e+00
W 9.3290469248e-02 3.1992671378e+07 1.1900978323e-03 1.6585423386e+00
W 9.3290469248e-02 4.0370172586e+07 1.2278692256e-03 1.8726686388e+00
W 9.3290469248e-02 5.0941380148e+07 1.3017574248e-03 2.1431604565e+00
W 9.3290469248e-02 6.4280731173e+07 1.3436296161e-03 2.4198534347e+00
W 9.3290469248e-02 8.1113083079e+07 1.3871387763e-03 2.7322688918e+00
W 9.3290469248e-02 1.0235310219e+08 1.4323579790e-03 3.0850187826e+00
W 9.3290469248e-02 1.2915496650e+08 1.4793637520e-03 3.4833104887e+00
W 9.3290469248e-02 1.6297508346e+08 1.5282362747e-03 3.9330236916e+00
W 9.3290469248e-02 2.0565123083e+08 1.6222478809e-03 4.5011171095e+00
W 9.3290469248e-02 2.5950242114e+08 1.6765552127e-03 5.0822343536e+00
W 9.3290469248e-02 3.2745491629e+08 1.7330510131e-03 5.7383768066e+00
W 9.3290469248e-02 4.1320124001e+08 1.7918338220e-03 6.4792306068e+00
W 9.3290469248e-02 5.2140082880e+08 1.8530066371e-03 7.3157324225e+00
W 9.3290469248e-02 6.5793322466e+08 1.9166767980e-03 8.2602309016e+00
W 9.3290469248e-02 8.3021756813e+08 2.0371916783e-03 9.4533543540e+00
W 9.3290469248e-02 1.0476157528e+09 2.1080844404e-03 1.0673830759e+01
W 9.3290469248e-02 1.3219411485e+09 2.1819021239e-03 1.2051876912e+01
W 9.3290469248e-02 1.6681005372e+09 2.2587740829e-03 1.3607835872e+01
W 9.3290469248e-02 2.1049041445e+09 2.3388341971e-03 1.5364677094e+01
W 9.3290469248e-02 2.6560877829e+09 2.4222210811e-03 1.7348335504e+01
W 9.3290469248e-02 3.3516026509e+09 2.5777029690e-03 1.9854162060e+01
W 9.3290469248e-02 4.2292428744e+09 2.6706510527e-03 2.2417435945e+01
W 9.3290469248e-02 5.3366992312e+09 2.7674702152e-03 2.5311641602e+01
W 9.3290469248e-02 6.7341506578e+09 2.8683189795e-03 2.8579504013e+01
W 9.3290469248e-02 8.4975343591e+09 2.9733588688e-03 3.2269264179e+01
W 9.3290469248e-02 1.0722672220e+10 3.0827535092e-03 3.6435391257e+01
W 9.3290469248e-02 1.3530477746e+10 3.2840988123e-03 4.1698188426e+01
W 9.3290469248e-02 1.7073526475e+10 3.4059406770e-03 4.7081637858e+01
W 9.3290469248e-02 2.1544346900e+10 3.5327622876e-03 5.3160118149e+01
W 9.3290469248e-02 2.7185882427e+10 3.6647278619e-03 6.0023361341e+01
W 9.3290469248e-02 3.4304692863e+10 3.8019958256e-03 6.7772684338e+01
W 9.3290469248e-02 4.3287612811e+10 4.0526077302e-03 7.7561899686e+01
W 9.3290469248e-02 5.4622772177e+10 4.2049763749e-03 8.7575537700e+01
W 9.3290469248e-02 6.8926121044e+10 4.3632163155e-03 9.8881987607e+01
W 9.3290469248e-02 8.6974900262e+10 4.5274341101e-03 1.1164815803e+02
W 9.3290469248e-02 1.0974987655e+11 4.6977098904e-03 1.2606250637e+02
W 9.3290469248e-02 1.3848863714e+11 4.8740922854e-03 1.4233782081e+02
W 9.3290469248e-02 1.7475284000e+11 5.1948905956e-03 1.6289736620e+02
W 9.3290469248e-02 2.2051307399e+11 5.3886182974e-03 1.8392824948e+02
W 9.3290469248e-02 2.7825594022e+11 5.5884821433e-03 2.0767432736e+02
W 9.3290469248e-02 3.5111917342e+11 5.7943048196e-03 2.3448614538e+02
W 9.3290469248e-02 4.4306214576e+11 6.0058204898e-03 2.6475950625e+02
W 9.3290469248e-02 5.5908101825e+11 6.3928521206e-03 3.0300187259e+02
W 9.3290469248e-02 7.0548023107e+11 6.6205766279e-03 3.4212096433e+02
W 9.3290469248e-02 8.9021508545e+11 6.8525954980e-03 3.8629053094e+02
W 9.3290469248e-02 1.1233240330e+12 7.0880678958e-03 4.3616261454e+02
W 9.3290469248e-02 1.4174741629e+12 7.3259442839e-03 4.9247343925e+02
W 9.3290469248e-02 1.7886495291e+12 7.7718390922e-03 5.6360723890e+02
W 9.3290469248e-02 2.2570197196e+12 8.0168897355e-03 6.3637181656e+02
W 9.3290469248e-02 2.8480358684e+12 8.2595187654e-03 7.1853067342e+02
W 9.3290469248e-02 3.5938136638e+12 8.4974000641e-03 8.1129665897e+02
W 9.3290469248e-02 4.5348785081e+12 8.9664905504e-03 9.2848189051e+02
W 9.3290469248e-02 5.7223676594e+12 9.1921399318e-03 1.0483536522e+03
W 9.3290469248e-02 7.2208090184e+12 9.4028891174e-03 1.1837014715e+03
W 9.3290469248e-02 9.1116275612e+12 9.5942727881e-03 1.3365233867e+03
W 9.3290469248e-02 1.1497569954e+13 1.0028164420e-02 1.5295733651e+03
W 9.3290469248e-02 1.4508287785e+13 1.0168583921e-02 1.7270491110e+03
W 9.3290469248e-02 1.8307382803e+13 1.0271332739e-02 1.9500199859e+03
W 9.3290469248e-02 2.3101297001e+13 1.0329149906e-02 2.2017775413e+03
W 9.3290469248e-02 2.9150530628e+13 1.0616856918e-02 2.5198064745e+03
W 9.3290469248e-02 3.6783797718e+13 1.0559390669e-02 2.8451263804e+03
W 9.3290469248e-02 4.6415888336e+13 1.0430637447e-02 3.2124467502e+03
W 9.3290469248e-02 5.8570208181e+13 1.0222190440e-02 3.6271900589e+03
W 9.3290469248e-02 7.3907220335e+13 1.0197880498e-02 4.1511082855e+03
W 9.3290469248e-02 9.3260334688e+13 9.7978414264e-03 4.6870376000e+03
W 9.3290469248e-02 1.1768119524e+14 9.2976240856e-03 5.2921581306e+03
W 9.3290469248e-02 1.4849682623e+14 8.6966058915e-03 5.9754028171e+03
W 9.3290469248e-02 1.8738174229e+14 8.2174967419e-03 6.8385013580e+03
W 9.3290469248e-02 2.3644894126e+14 7.4109016453e-03 7.7213868654e+03
W 9.3290469248e-02 2.9836472403e+14 6.5313458044e-03 8.7182574082e+03
W 9.3290469248e-02 3.7649358068e+14 5.7560429310e-03 9.9775390799e+03
W 9.3290469248e-02 4.7508101621e+14 4.7834279898e-03 1.1265690415e+04
W 9.3290469248e-02 5.9948425032e+14 3.8290158414e-03 1.2720148677e+04
W 9.3290469248e-02 7.5646332755e+14 3.0125058973e-03 1.4557471130e+04
W 9.3290469248e-02 9.5454845666e+14 2.1896149144e-03 1.6436915121e+04
W 9.3290469248e-02 1.2045035403e+15 1.4961690645e-03 1.8559004946e+04
W 9.3290469248e-02 1.5199110830e+15 9.7551237596e-04 2.1239702897e+04
W 9.3290469248e-02 1.9179102617e+15 5.6634951329e-04 2.3981857192e+04
W 9.3290469248e-02 2.4201282648e+15 2.9548978321e-04 2.7078037634e+04
W 9.3290469248e-02 3.0538555088e+15 1.3955600815e-04 3.0989240860e+04
W 9.3290469248e-02 3.8535285937e+15 5.5235516942e-05 3.4990110379e+04
W 9.3290469248e-02 4.8626015801e+15 1.8259223672e-05 3.9507512620e+04
W 9.3290469248e-02 6.1359072734e+15 4.9656515193e-06 4.5214052838e+04
W 9.3290469248e-02 7.7426368268e+15 9.9481513260e-07 5.1051418350e+04
W 9.3290469248e-02 9.7700995730e+15 1.4055201151e-07 5.7642417611e+04
W 9.3290469248e-02 1.2328467394e+16 1.3243914452e-08 6.5968397978e+04
W 9.3290469248e-02 1.5556761439e+16 7.1817929558e-10 7.4485255616e+04
W 9.3290469248e-02 1.9630406500e+16 2.1295615664e-11 8.5244047518e+04
W 9.3290469248e-02 2.4770763560e+16 2.8983645136e-13 9.6249490116e+04
W 9.3290469248e-02 3.1257158497e+16 1.6079137529e-15 1.0867579165e+05
W 9.3290469248e-02 3.9442060594e+16 3.1112849167e-18 1.2437312957e+05
W 9.3290469248e-02 4.9770235643e+16 1.5711481336e-21 1.4043033682e+05
W 9.3290469248e-02 6.2802914418e+16 1.6044470919e-25 1.6071436160e+05
W 9.3290469248e-02 7.9248289835e+16 2.0920234794e-30 1.8146340781e+05
W 9.3290469248e-02 1.0000000000e+17 2.1585661351e-36 2.0767432736e+05
W 1.0003332223e-01 1.2618568831e+07 1.2038348721e-03 1.0483536522e+00
W 1.0003332223e-01 1.5922827933e+07 1.2410319050e-03 1.1837014715e+00
W 1.0003332223e-01 2.0092330026e+07 1.2796347198e-03 1.3365233867e+00
W 1.0003332223e-01 2.5353644940e+07 1.3197048204e-03 1.5090753928e+00
W 1.0003332223e-01 3.1992671378e+07 1.3613066580e-03 1.7039047457e+00
W 1.0003332223e-01 4.0370172586e+07 1.4429221461e-03 1.9500199859e+00
W 1.0003332223e-01 5.0941380148e+07 1.4890205928e-03 2.2017775413e+00
W 1.0003332223e-01 6.4280731173e+07 1.5369108701e-03 2.4860382850e+00
W 1.0003332223e-01 8.1113083079e+07 1.5866727335e-03 2.8069985449e+00
W 1.0003332223e-01 1.0235310219e+08 1.6383896599e-03 3.1693964161e+00
W 1.0003332223e-01 1.2915496650e+08 1.6921490635e-03 3.5785817064e+00
W 1.0003332223e-01 1.6297508346e+08 1.7958528270e-03 4.0954788502e+00
W 1.0003332223e-01 2.0565123083e+08 1.8555658091e-03 4.6242261201e+00
W 1.0003332223e-01 2.5950242114e+08 1.9176726030e-03 5.2212373672e+00
W 1.0003332223e-01 3.2745491629e+08 1.9822808835e-03 5.8953258204e+00
W 1.0003332223e-01 4.1320124001e+08 2.0495031431e-03 6.6564425412e+00
W 1.0003332223e-01 5.2140082880e+08 2.1194569457e-03 7.5158233240e+00
W 1.0003332223e-01 6.5793322466e+08 2.2522249176e-03 8.6014231310e+00
W 1.0003332223e-01 8.3021756813e+08 2.3300875030e-03 9.7119108575e+00
W 1.0003332223e-01 1.0476157528e+09 2.4111500960e-03 1.0965768230e+01
W 1.0003332223e-01 1.3219411485e+09 2.4955546472e-03 1.2381505004e+01
W 1.0003332223e-01 1.6681005372e+09 2.5834486576e-03 1.3980020637e+01
W 1.0003332223e-01 2.1049041445e+09 2.6749847469e-03 1.5784912815e+01
W 1.0003332223e-01 2.6560877829e+09 2.8460912905e-03 1.8064915626e+01
W 1.0003332223e-01 3.3516026509e+09 2.9481063346e-03 2.0397188644e+01
W 1.0003332223e-01 4.2292428744e+09 3.0543648444e-03 2.3030570039e+01
W 1.0003332223e-01 5.3366992312e+09 3.1650435748e-03 2.6003934443e+01
W 1.0003332223e-01 6.7341506578e+09 3.2803228867e-03 2.9361175402e+01
W 1.0003332223e-01 8.4975343591e+09 3.4003864493e-03 3.3151853343e+01
W 1.0003332223e-01 1.0722672220e+10 3.6218431487e-03 3.7940370054e+01
W 1.0003332223e-01 1.3530477746e+10 3.7555947951e-03 4.2838665911e+01
W 1.0003332223e-01 1.7073526475e+10 3.8948365947e-03 4.8369356820e+01
W 1.0003332223e-01 2.1544346900e+10 4.0397583398e-03 5.4614088217e+01
W 1.0003332223e-01 2.7185882427e+10 4.1905458267e-03 6.1665046383e+01
W 1.0003332223e-01 3.4304692863e+10 4.3473779644e-03 6.9626319316e+01
W 1.0003332223e-01 4.3287612811e+10 4.6337878922e-03 7.9683277224e+01
W 1.0003332223e-01 5.4622772177e+10 4.8078375129e-03 8.9970795930e+01
W 1.0003332223e-01 6.8926121044e+10 4.9885728780e-03 1.0158648593e+02
W 1.0003332223e-01 8.6974900262e+10 5.1761120405e-03 1.1470182092e+02
W 1.0003332223e-01 1.0974987655e+11 5.3705423409e-03 1.2951041276e+02
W 1.0003332223e-01 1.3848863714e+11 5.7243106846e-03 1.4821714295e+02
W 1.0003332223e-01 1.7475284000e+11 5.9383257766e-03 1.6735273430e+02
W 1.0003332223e-01 2.2051307399e+11 6.1594217314e-03 1.8895882839e+02
W 1.0003332223e-01 2.7825594022e+11 6.3874731799e-03 2.1335437975e+02
W 1.0003332223e-01 3.5111917342e+11 6.6222693779e-03 2.4089952158e+02
W 1.0003332223e-01 4.4306214576e+11 7.0512193224e-03 2.7569550638e+02
W 1.0003332223e-01 5.5908101825e+11 7.3052061538e-03 3.1128920656e+02
W 1.0003332223e-01 7.0548023107e+11 7.5647590010e-03 3.5147823552e+02
W 1.0003332223e-01 8.9021508545e+11 7.8291078311e-03 3.9685587370e+02
W 1.0003332223e-01 1.1233240330e+12 8.0972771648e-03 4.4809199709e+02
W 1.0003332223e-01 1.4174741629e+12 8.5969241537e-03 5.1281525689e+02
W 1.0003332223e-01 1.7886495291e+12 8.8762453600e-03 5.7902232984e+02
W 1.0003332223e-01 2.2570197196e+12 9.1548410417e-03 6.5377707459e+02
W 1.0003332223e-01 2.8480358684e+12 9.4304643235e-03 7.3818303930e+02
W 1.0003332223e-01 3.5938136638e+12 9.7004345657e-03 8.3348624582e+02
W 1.0003332223e-01 4.5348785081e+12 1.0234037503e-02 9.5387658345e+02
W 1.0003332223e-01 5.7223676594e+12 1.0489438539e-02 1.0770269299e+03
W 1.0003332223e-01 7.2208090184e+12 1.0727506147e-02 1.2160766160e+03
W 1.0003332223e-01 9.1116275612e+12 1.0943115218e-02 1.3730783280e+03
W 1.0003332223e-01 1.1497569954e+13 1.1434841136e-02 1.5714083716e+03
W 1.0003332223e-01 1.4508287785e+13 1.1591397702e-02 1.7742852309e+03
W 1.0003332223e-01 1.8307382803e+13 1.1704529126e-02 2.0033545305e+03
W 1.0003332223e-01 2.3101297001e+13 1.1765944451e-02 2.2619978484e+03
W 1.0003332223e-01 2.9150530628e+13 1.2088551466e-02 2.5887251173e+03
W 1.0003332223e-01 3.6783797718e+13 1.2017432614e-02 2.9229427725e+03
W 1.0003332223e-01 4.6415888336e+13 1.1864616520e-02 3.3003096366e+03
W 1.0003332223e-01 5.8570208181e+13 1.1620608552e-02 3.7263964933e+03
W 1.0003332223e-01 7.3907220335e+13 1.1585236165e-02 4.2646442859e+03
W 1.0003332223e-01 9.3260334688e+13 1.1122407185e-02 4.8152316789e+03
W 1.0003332223e-01 1.1768119524e+14 1.0545608707e-02 5.4369027208e+03
W 1.0003332223e-01 1.4849682623e+14 9.8544459130e-03 6.1388346743e+03
W 1.0003332223e-01 1.8738174229e+14 9.3014069320e-03 7.0255396233e+03
W 1.0003332223e-01 2.3644894126e+14 8.3780296511e-03 7.9325727276e+03
W 1.0003332223e-01 2.9836472403e+14 7.3732647437e-03 8.9567084455e+03
W 1.0003332223e-01 3.7649358068e+14 6.4875335686e-03 1.0250432438e+04
W 1.0003332223e-01 4.7508101621e+14 5.3813425234e-03 1.1573815702e+04
W 1.0003332223e-01 5.9948425032e+14 4.2984721138e-03 1.3068054514e+04
W 1.0003332223e-01 7.5646332755e+14 3.3735658826e-03 1.4955629148e+04
W 1.0003332223e-01 9.5454845666e+14 2.4451021617e-03 1.6886477376e+04
W 1.0003332223e-01 1.2045035403e+15 1.6652557383e-03 1.9066607988e+04
W 1.0003332223e-01 1.5199110830e+15 1.0816074678e-03 2.1820625087e+04
W 1.0003332223e-01 1.9179102617e+15 6.2514237118e-04 2.4637779409e+04
W 1.0003332223e-01 2.4201282648e+15 3.2446141973e-04 2.7818642764e+04
W 1.0003332223e-01 3.0538555088e+15 1.5230091208e-04 3.1836820402e+04
W 1.0003332223e-01 3.8535285937e+15 5.9846185333e-05 3.5947116777e+04
W 1.0003332223e-01 4.8626015801e+15 1.9615287468e-05 4.0588073439e+04
W 1.0003332223e-01 6.1359072734e+15 5.2805557141e-06 4.6450691916e+04
W 1.0003332223e-01 7.7426368268e+15 1.0451090321e-06 5.2447713859e+04
W 1.0003332223e-01 9.7700995730e+15 1.4550777356e-07 5.9218982013e+04
W 1.0003332223e-01 1.2328467394e+16 1.3469835856e-08 6.7772684338e+04
W 1.0003332223e-01 1.5556761439e+16 7.1492417657e-10 7.6522484575e+04
W 1.0003332223e-01 1.9630406500e+16 2.0656675494e-11 8.7575537700e+04
W 1.0003332223e-01 2.4770763560e+16 2.7249102793e-13 9.8881987607e+04
W 1.0003332223e-01 3.1257158497e+16 1.4558671278e-15 1.1164815803e+05
W 1.0003332223e-01 3.9442060594e+16 2.6922684905e-18 1.2777483020e+05
W 1.0003332223e-01 4.9770235643e+16 1.2871816959e-21 1.4427121441e+05
W 1.0003332223e-01 6.2802914418e+16 1.2301484333e-25 1.6511002285e+05
W 1.0003332223e-01 7.9248289835e+16 1.4795056358e-30 1.8642657141e+05
W 1.0003332223e-01 1.0000000000e+17 1.3825980942e-36 2.1335437975e+05
W 1.0726353546e-01 1.2618568831e+07 1.3779531919e-03 1.0770269299e+00
W 1.0726353546e-01 1.5922827933e+07 1.4205272204e-03 1.2160766160e+00
W 1.0726353546e-01 2.0092330026e+07 1.4647098220e-03 1.3730783280e+00
W 1.0726353546e-01 2.5353644940e+07 1.5518866147e-03 1.5714083716e+00
W 1.0726353546e-01 3.1992671378e+07 1.6008030059e-03 1.7742852309e+00
W 1.0726353546e-01 4.0370172586e+07 1.6515992783e-03 2.0033545305e+00
W 1.0726353546e-01 5.0941380148e+07 1.7043585678e-03 2.2619978484e+00
W 1.0726353546e-01 6.4280731173e+07 1.7591678597e-03 2.5540333419e+00
W 1.0726353546e-01 8.1113083079e+07 1.8161183230e-03 2.8837721114e+00
W 1.0726353546e-01 1.0235310219e+08 1.8753053716e-03 3.2560818428e+00
W 1.0726353546e-01 1.2915496650e+08 1.9898026683e-03 3.7263964933e+00
W 1.0726353546e-01 1.6297508346e+08 2.0555168300e-03 4.2074933428e+00
W 1.0726353546e-01 2.0565123083e+08 2.1238513033e-03 4.7507022567e+00
W 1.0726353546e-01 2.5950242114e+08 2.1949237833e-03 5.3640422201e+00
W 1.0726353546e-01 3.2745491629e+08 2.2688572701e-03 6.0565675103e+00
W 1.0726353546e-01 4.1320124001e+08 2.3457802485e-03 6.8385013580e+00
W 1.0726353546e-01 5.2140082880e+08 2.4921752052e-03 7.8262674927e+00
W 1.0726353546e-01 6.5793322466e+08 2.5777641470e-03 8.8366786611e+00
W 1.0726353546e-01 8.3021756813e+08 2.6668558356e-03 9.9775390799e+00
W 1.0726353546e-01 1.0476157528e+09 2.7596061950e-03 1.1265690415e+01
W 1.0726353546e-01 1.3219411485e+09 2.8561771965e-03 1.2720148677e+01
W 1.0726353546e-01 1.6681005372e+09 2.9567371006e-03 1.4362384940e+01
W 1.0726353546e-01 2.1049041445e+09 3.1451932378e-03 1.6436915121e+01
W 1.0726353546e-01 2.6560877829e+09 3.2572421736e-03 1.8559004946e+01
W 1.0726353546e-01 3.3516026509e+09 3.3739437161e-03 2.0955067422e+01
W 1.0726353546e-01 4.2292428744e+09 3.4954938856e-03 2.3660473821e+01
W 1.0726353546e-01 5.3366992312e+09 3.6220939372e-03 2.6715162026e+01
W 1.0726353546e-01 6.7341506578e+09 3.7539491187e-03 3.0164226104e+01
W 1.0726353546e-01 8.4975343591e+09 3.9976974899e-03 3.4521204259e+01
W 1.0726353546e-01 1.0722672220e+10 4.1446030099e-03 3.8978068320e+01
W 1.0726353546e-01 1.3530477746e+10 4.2975570801e-03 4.4010336332e+01
W 1.0726353546e-01 1.7073526475e+10 4.4567775082e-03 4.9692295885e+01
W 1.0726353546e-01 2.1544346900e+10 4.6224792922e-03 5.6107825483e+01
W 1.0726353546e-01 2.7185882427e+10 4.7948725693e-03 6.3351632771e+01
W 1.0726353546e-01 3.4304692863e+10 5.1102063463e-03 7.2502263027e+01
W 1.0726353546e-01 4.3287612811e+10 5.3016747336e-03 8.1862676067e+01
W 1.0726353546e-01 5.4622772177e+10 5.5006001738e-03 9.2431566313e+01
W 1.0726353546e-01 6.8926121044e+10 5.7071409135e-03 1.0436495435e+02
W 1.0726353546e-01 8.6974900262e+10 5.9214273423e-03 1.1783900384e+02
W 1.0726353546e-01 1.0974987655e+11 6.1435540980e-03 1.3305262203e+02
W 1.0726353546e-01 1.3848863714e+11 6.5478954068e-03 1.5227099567e+02
W 1.0726353546e-01 1.7475284000e+11 6.7923110880e-03 1.7192996014e+02
W 1.0726353546e-01 2.2051307399e+11 7.0447620773e-03 1.9412699750e+02
W 1.0726353546e-01 2.7825594022e+11 7.3050961458e-03 2.1918978593e+02
W 1.0726353546e-01 3.5111917342e+11 7.5730623032e-03 2.4748830855e+02
W 1.0726353546e-01 4.4306214576e+11 8.0629482579e-03 2.8323599026e+02
W 1.0726353546e-01 5.5908101825e+11 8.3526430145e-03 3.1980320549e+02
W 1.0726353546e-01 7.0548023107e+11 8.6485807205e-03 3.6109143526e+02
W 1.0726353546e-01 8.9021508545e+11 8.9498646794e-03 4.0771018670e+02
W 1.0726353546e-01 1.1233240330e+12 9.2553615140e-03 4.6034765743e+02
W 1.0726353546e-01 1.4174741629e+12 9.8252350631e-03 5.2684114810e+02
W 1.0726353546e-01 1.7886495291e+12 1.0143069450e-02 5.9485903535e+02
W 1.0726353546e-01 2.2570197196e+12 1.0459847516e-02 6.7165837980e+02
W 1.0726353546e-01 2.8480358684e+12 1.0772974140e-02 7.5837291248e+02
W 1.0726353546e-01 3.5938136638e+12 1.1079356708e-02 8.5628273491e+02
W 1.0726353546e-01 4.5348785081e+12 1.1686464974e-02 9.7996584076e+02
W 1.0726353546e-01 5.7223676594e+12 1.1975461344e-02 1.1064844438e+03
W 1.0726353546e-01 7.2208090184e+12 1.2244262110e-02 1.2493372457e+03
W 1.0726353546e-01 9.1116275612e+12 1.2486980098e-02 1.4106330750e+03
W 1.0726353546e-01 1.1497569954e+13 1.3044173430e-02 1.6143875977e+03
W 1.0726353546e-01 1.4508287785e+13 1.3218373230e-02 1.8228132949e+03
W 1.0726353546e-01 1.8307382803e+13 1.3342459694e-02 2.0581478158e+03
W 1.0726353546e-01 2.3101297001e+13 1.3406962095e-02 2.3238652272e+03
W 1.0726353546e-01 2.9150530628e+13 1.3768257086e-02 2.6595287378e+03
W 1.0726353546e-01 3.6783797718e+13 1.3680255741e-02 3.0028875026e+03
W 1.0726353546e-01 4.6415888336e+13 1.3498562851e-02 3.3905756404e+03
W 1.0726353546e-01 5.8570208181e+13 1.3212462446e-02 3.8283162999e+03
W 1.0726353546e-01 7.3907220335e+13 1.3162739176e-02 4.3812855831e+03
W 1.0726353546e-01 9.3260334688e+13 1.2626617719e-02 4.9469319642e+03
W 1.0726353546e-01 1.1768119524e+14 1.1960826956e-02 5.5856061867e+03
W 1.0726353546e-01 1.4849682623e+14 1.1165305305e-02 6.3067365184e+03
W 1.0726353546e-01 1.8738174229e+14 1.0526288240e-02 7.2176935289e+03
W 1.0726353546e-01 2.3644894126e+14 9.4686161511e-03 8.1495346853e+03
W 1.0726353546e-01 2.9836472403e+14 8.3203365913e-03 9.2016813019e+03
W 1.0726353546e-01 3.7649358068e+14 7.3080606464e-03 1.0530789640e+04
W 1.0726353546e-01 4.7508101621e+14 6.0498366070e-03 1.1890368452e+04
W 1.0726353546e-01 5.9948425032e+14 4.8213382701e-03 1.3425475844e+04
W 1.0726353546e-01 7.5646332755e+14 3.7739008863e-03 1.5364677094e+04
W 1.0726353546e-01 9.5454845666e+14 2.7268813735e-03 1.7348335504e+04
W 1.0726353546e-01 1.2045035403e+15 1.8505684606e-03 1.9588094363e+04
W 1.0726353546e-01 1.5199110830e+15 1.1970036690e-03 2.2417435945e+04
W 1.0726353546e-01 1.9179102617e+15 6.8850098031e-04 2.5311641602e+04
W 1.0726353546e-01 2.4201282648e+15 3.5532871837e-04 2.8579504013e+04
W 1.0726353546e-01 3.0538555088e+15 1.6568632784e-04 3.2707581897e+04
W 1.0726353546e-01 3.8535285937e+15 6.4599655014e-05 3.6930298034e+04
W 1.0726353546e-01 4.8626015801e+15 2.0978863667e-05 4.1698188426e+04
W 1.0726353546e-01 6.1359072734e+15 5.5859893927e-06 4.7721154022e+04
W 1.0726353546e-01 7.7426368268e+15 1.0911113197e-06 5.3882199122e+04
W 1.0726353546e-01 9.7700995730e+15 1.4952252038e-07 6.0838666662e+04
W 1.0726353546e-01 1.2328467394e+16 1.3578581168e-08 6.9626319316e+04
W 1.0726353546e-01 1.5556761439e+16 7.0416917888e-10 7.8615433311e+04
W 1.0726353546e-01 1.9630406500e+16 1.9783680753e-11 8.9970795930e+04
W 1.0726353546e-01 2.4770763560e+16 2.5230542833e-13 1.0158648593e+05
W 1.0726353546e-01 3.1257158497e+16 1.2942851251e-15 1.1470182092e+05
W 1.0726353546e-01 3.9442060594e+16 2.2790255814e-18 1.3126956996e+05
W 1.0726353546e-01 4.9770235643e+16 1.0270395112e-21 1.4821714295e+05
W 1.0726353546e-01 6.2802914418e+16 9.1364611260e-26 1.6962590881e+05
W 1.0726353546e-01 7.9248289835e+16 1.0069510763e-30 1.9152548135e+05
W 1.0726353546e-01 1.0000000000e+17 8.2292208978e-37 2.1625240073e+05
W 1.1501633438e-01 1.2618568831e+07 1.5783640913e-03 1.1064844438e+00
W 1.1501633438e-01 1.5922827933e+07 1.6271262957e-03 1.2493372457e+00
W 1.1501633438e-01 2.0092330026e+07 1.6777303571e-03 1.4106330750e+00
W 1.1501633438e-01 2.5353644940e+07 1.7775806031e-03 1.6143875977e+00
W 1.1501633438e-01 3.1992671378e+07 1.8336051739e-03 1.8228132949e+00
W 1.1501633438e-01 4.0370172586e+07 1.8917820588e-03 2.0581478158e+00
W 1.1501633438e-01 5.0941380148e+07 1.9522063640e-03 2.3238652272e+00
W 1.1501633438e-01 6.4280731173e+07 2.0149775905e-03 2.6238881157e+00
W 1.1501633438e-01 8.1113083079e+07 2.0802000150e-03 2.9626454939e+00
W 1.1501633438e-01 1.0235310219e+08 2.2067317371e-03 3.3905756404e+00
W 1.1501633438e-01 1.2915496650e+08 2.2791161058e-03 3.8283162999e+00
W 1.1501633438e-01 1.6297508346e+08 2.3543711204e-03 4.3225715179e+00
W 1.1501633438e-01 2.0565123083e+08 2.4326252880e-03 4.8806376128e+00
W 1.1501633438e-01 2.5950242114e+08 2.5140131464e-03 5.5107528953e+00
W 1.1501633438e-01 3.2745491629e+08 2.5986752771e-03 6.2222192842e+00
W 1.1501633438e-01 4.1320124001e+08 2.7602434151e-03 7.1209684648e+00
W 1.1501633438e-01 5.2140082880e+08 2.8544080454e-03 8.0403219206e+00
W 1.1501633438e-01 6.5793322466e+08 2.9524090780e-03 9.0783686106e+00
W 1.1501633438e-01 8.3021756813e+08 3.0544176780e-03 1.0250432438e+01
W 1.1501633438e-01 1.0476157528e+09 3.1606118832e-03 1.1573815702e+01
W 1.1501633438e-01 1.3219411485e+09 3.2711765888e-03 1.3068054514e+01
W 1.1501633438e-01 1.6681005372e+09 3.3863038151e-03 1.4755207201e+01
W 1.1501633438e-01 2.1049041445e+09 3.6020891721e-03 1.6886477376e+01
W 1.1501633438e-01 2.6560877829e+09 3.7303588225e-03 1.9066607988e+01
W 1.1501633438e-01 3.3516026509e+09 3.8639482593e-03 2.1528204613e+01
W 1.1501633438e-01 4.2292428744e+09 4.0030808400e-03 2.4307605956e+01
W 1.1501633438e-01 5.3366992312e+09 4.1479857704e-03 2.7445842229e+01
W 1.1501633438e-01 6.7341506578e+09 4.2988966627e-03 3.0989240860e+01
W 1.1501633438e-01 8.4975343591e+09 4.5779275245e-03 3.5465385714e+01
W 1.1501633438e-01 1.0722672220e+10 4.7460412917e-03 4.0044148431e+01
W 1.1501633438e-01 1.3530477746e+10 4.9210636206e-03 4.5214052838e+01
W 1.1501633438e-01 1.7073526475e+10 5.1032415311e-03 5.1051418350e+01
W 1.1501633438e-01 2.1544346900e+10 5.2928185112e-03 5.7642417611e+01
W 1.1501633438e-01 2.7185882427e+10 5.4900321257e-03 6.5084348593e+01
W 1.1501633438e-01 3.4304692863e+10 5.8508757752e-03 7.4485255616e+01
W 1.1501633438e-01 4.3287612811e+10 6.0698628450e-03 8.4101683142e+01
W 1.1501633438e-01 5.4622772177e+10 6.2973503428e-03 9.4959640655e+01
W 1.1501633438e-01 6.8926121044e+10 6.5335143289e-03 1.0721941603e+02
W 1.1501633438e-01 8.6974900262e+10 6.7784982978e-03 1.2106199111e+02
W 1.1501633438e-01 1.0974987655e+11 7.0324040554e-03 1.3669171345e+02
W 1.1501633438e-01 1.3848863714e+11 7.4948154780e-03 1.5643572437e+02
W 1.1501633438e-01 1.7475284000e+11 7.7740927451e-03 1.7663237663e+02
W 1.1501633438e-01 2.2051307399e+11 8.0624877280e-03 1.9943652001e+02
W 1.1501633438e-01 2.7825594022e+11 8.3598152841e-03 2.2518479495e+02
W 1.1501633438e-01 3.5111917342e+11 8.6657758685e-03 2.5425730390e+02
W 1.1501633438e-01 4.4306214576e+11 9.2255413338e-03 2.9098271217e+02
W 1.1501633438e-01 5.5908101825e+11 9.5560968469e-03 3.2855006882e+02
W 1.1501633438e-01 7.0548023107e+11 9.8936449936e-03 3.7096756339e+02
W 1.1501633438e-01 8.9021508545e+11 1.0237139838e-02 4.1886137350e+02
W 1.1501633438e-01 1.1233240330e+12 1.0585262486e-02 4.7293851949e+02
W 1.1501633438e-01 1.4174741629e+12 1.1235493971e-02 5.4125065821e+02
W 1.1501633438e-01 1.7886495291e+12 1.1597221270e-02 6.1112888693e+02
W 1.1501633438e-01 2.2570197196e+12 1.1957460204e-02 6.9002875244e+02
W 1.1501633438e-01 2.8480358684e+12 1.2313209736e-02 7.7911499420e+02
W 1.1501633438e-01 3.5938136638e+12 1.2660897827e-02 8.7970272549e+02
W 1.1501633438e-01 4.5348785081e+12 1.3351767284e-02 1.0067686593e+03
W 1.1501633438e-01 5.7223676594e+12 1.3678667616e-02 1.1367476433e+03
W 1.1501633438e-01 7.2208090184e+12 1.3981999261e-02 1.2835075790e+03
W 1.1501633438e-01 9.1116275612e+12 1.4254993969e-02 1.4492149732e+03
W 1.1501633438e-01 1.1497569954e+13 1.4886256276e-02 1.6585423386e+03
W 1.1501633438e-01 1.4508287785e+13 1.5079636651e-02 1.8726686388e+03
W 1.1501633438e-01 1.8307382803e+13 1.5215119605e-02 2.1144397396e+03
W 1.1501633438e-01 2.3101297001e+13 1.5281882690e-02 2.3874247263e+03
W 1.1501633438e-01 2.9150530628e+13 1.5685929465e-02 2.7322688918e+03
W 1.1501633438e-01 3.6783797718e+13 1.5577046504e-02 3.0850187826e+03
W 1.1501633438e-01 4.6415888336e+13 1.5360641874e-02 3.4833104887e+03
W 1.1501633438e-01 5.8570208181e+13 1.5024631040e-02 3.9330236916e+03
W 1.1501633438e-01 7.3907220335e+13 1.4956402424e-02 4.5011171095e+03
W 1.1501633438e-01 9.3260334688e+13 1.4334608700e-02 5.0822343536e+03
W 1.1501633438e-01 1.1768119524e+14 1.3565277870e-02 5.7383768066e+03
W 1.1501633438e-01 1.4849682623e+14 1.2648819759e-02 6.4792306068e+03
W 1.1501633438e-01 1.8738174229e+14 1.1909704915e-02 7.4151029914e+03
W 1.1501633438e-01 2.3644894126e+14 1.0697508560e-02 8.3724307193e+03
W 1.1501633438e-01 2.9836472403e+14 9.3846741152e-03 9.4533543540e+03
W 1.1501633438e-01 3.7649358068e+14 8.2273478055e-03 1.0818814826e+04
W 1.1501633438e-01 4.7508101621e+14 6.7961152311e-03 1.2215579163e+04
W 1.1501633438e-01 5.9948425032e+14 5.4026077552e-03 1.3792672921e+04
W 1.1501633438e-01 7.5646332755e+14 4.2167700702e-03 1.5784912815e+04
W 1.1501633438e-01 9.5454845666e+14 3.0367896648e-03 1.7822825807e+04
W 1.1501633438e-01 1.2045035403e+15 2.0529685671e-03 2.0123843791e+04
W 1.1501633438e-01 1.5199110830e+15 1.2867923013e-03 2.2721934967e+04
W 1.1501633438e-01 1.9179102617e+15 7.5642250971e-04 2.6003934443e+04
W 1.1501633438e-01 2.4201282648e+15 3.8799924307e-04 2.9361175402e+04
W 1.1501633438e-01 3.0538555088e+15 1.7962572582e-04 3.3602159387e+04
W 1.1501633438e-01 3.8535285937e+15 6.9445568570e-05 3.7940370054e+04
W 1.1501633438e-01 4.8626015801e+15 2.2328649106e-05 4.2838665911e+04
W 1.1501633438e-01 6.1359072734e+15 5.8752216773e-06 4.9026364243e+04
W 1.1501633438e-01 7.7426368268e+15 1.1313926614e-06 5.5355918659e+04
W 1.1501633438e-01 9.7700995730e+15 1.5240566201e-07 6.2502650930e+04
W 1.1501633438e-01 1.2328467394e+16 1.3556265076e-08 7.1530652635e+04
W 1.1501633438e-01 1.5556761439e+16 6.8558987386e-10 8.0765625803e+04
W 1.1501633438e-01 1.9630406500e+16 1.8189089752e-11 9.1192881248e+04
W 1.1501633438e-01 2.4770763560e+16 2.2976196048e-13 1.0436495435e+05
W 1.1501633438e-01 3.1257158497e+16 1.1279034451e-15 1.1783900384e+05
W 1.1501633438e-01 3.9442060594e+16 1.8835421312e-18 1.3485989354e+05
W 1.1501633438e-01 4.9770235643e+16 7.9621680812e-22 1.5227099567e+05
W 1.1501633438e-01 6.2802914418e+16 6.3801886928e-26 1.7192996014e+05
W 1.1501633438e-01 7.9248289835e+16 6.5728701073e-31 1.9676385039e+05
W 1.1501633438e-01 1.0000000000e+17 4.7840447414e-37 2.2216707001e+05
W 1.2332949048e-01 1.2618568831e+07 1.8092573531e-03 1.1367476433e+00
W 1.2332949048e-01 1.5922827933e+07 1.8651479761e-03 1.2835075790e+00
W 1.2332949048e-01 2.0092330026e+07 1.9757486631e-03 1.4688998534e+00
W 1.2332949048e-01 2.5353644940e+07 2.0375989674e-03 1.6585423386e+00
W 1.2332949048e-01 3.1992671378e+07 2.1018112987e-03 1.8726686388e+00
W 1.2332949048e-01 4.0370172586e+07 2.1684895766e-03 2.1144397396e+00
W 1.2332949048e-01 5.0941380148e+07 2.2377426693e-03 2.3874247263e+00
W 1.2332949048e-01 6.4280731173e+07 2.3096844645e-03 2.6956534713e+00
W 1.2332949048e-01 8.1113083079e+07 2.4496504143e-03 3.0850187826e+00
W 1.2332949048e-01 1.0235310219e+08 2.5294578548e-03 3.4833104887e+00
W 1.2332949048e-01 1.2915496650e+08 2.6124127256e-03 3.9330236916e+00
W 1.2332949048e-01 1.6297508346e+08 2.6986556689e-03 4.4407971694e+00
W 1.2332949048e-01 2.0565123083e+08 2.7883336853e-03 5.0141268007e+00
W 1.2332949048e-01 2.5950242114e+08 2.8816006523e-03 5.6614762203e+00
W 1.2332949048e-01 3.2745491629e+08 2.9786173331e-03 6.3924017614e+00
W 1.2332949048e-01 4.1320124001e+08 3.1637797050e-03 7.3157324225e+00
W 1.2332949048e-01 5.2140082880e+08 3.2716794905e-03 8.2602309016e+00
W 1.2332949048e-01 6.5793322466e+08 3.3839717631e-03 9.3266689659e+00
W 1.2332949048e-01 8.3021756813e+08 3.5008521034e-03 1.0530789640e+01
W 1.2332949048e-01 1.0476157528e+09 3.6225238934e-03 1.1890368452e+01
W 1.2332949048e-01 1.3219411485e+09 3.7491982887e-03 1.3425475844e+01
W 1.2332949048e-01 1.6681005372e+09 3.8810945155e-03 1.5158773453e+01
W 1.2332949048e-01 2.1049041445e+09 4.1283465869e-03 1.7348335504e+01
W 1.2332949048e-01 2.6560877829e+09 4.2752859266e-03 1.9588094363e+01
W 1.2332949048e-01 3.3516026509e+09 4.4283114553e-03 2.2117017547e+01
W 1.2332949048e-01 4.2292428744e+09 4.5876777498e-03 2.4972437651e+01
W 1.2332949048e-01 5.3366992312e+09 4.7536459069e-03 2.8196507098e+01
W 1.2332949048e-01 6.7341506578e+09 4.9264818683e-03 3.1836820402e+01
W 1.2332949048e-01 8.4975343591e+09 5.2461213894e-03 3.6435391257e+01
W 1.2332949048e-01 1.0722672220e+10 5.4386315484e-03 4.1139386652e+01
W 1.2332949048e-01 1.3530477746e+10 5.6390364376e-03 4.6450691916e+01
W 1.2332949048e-01 1.7073526475e+10 5.8476161554e-03 5.2447713859e+01
W 1.2332949048e-01 2.1544346900e+10 6.0646463623e-03 5.9218982013e+01
W 1.2332949048e-01 2.7185882427e+10 6.2903954897e-03 6.6864455523e+01
W 1.2332949048e-01 3.4304692863e+10 6.7035872907e-03 7.6522484575e+01
W 1.2332949048e-01 4.3287612811e+10 6.9542007626e-03 8.6401928782e+01
W 1.2332949048e-01 5.4622772177e+10 7.2145070662e-03 9.7556859773e+01
W 1.2332949048e-01 6.8926121044e+10 7.4847015758e-03 1.1015194942e+02
W 1.2332949048e-01 8.6974900262e+10 7.7649415232e-03 1.2437312957e+02
W 1.2332949048e-01 1.0974987655e+11 8.0553354444e-03 1.4043033682e+02
W 1.2332949048e-01 1.3848863714e+11 8.5844752776e-03 1.6071436160e+02
W 1.2332949048e-01 1.7475284000e+11 8.9037549561e-03 1.8146340781e+02
W 1.2332949048e-01 2.2051307399e+11 9.2333792906e-03 2.0489126203e+02
W 1.2332949048e-01 2.7825594022e+11 9.5731227409e-03 2.3134377207e+02
W 1.2332949048e-01 3.5111917342e+11 9.9226270583e-03 2.6121143648e+02
W 1.2332949048e-01 4.4306214576e+11 1.0562579130e-02 2.9894131287e+02
W 1.2332949048e-01 5.5908101825e+11 1.0939912496e-02 3.3753616559e+02
W 1.2332949048e-01 7.0548023107e+11 1.1325065633e-02 3.8111381122e+02
W 1.2332949048e-01 8.9021508545e+11 1.1716816407e-02 4.3031755383e+02
W 1.2332949048e-01 1.1233240330e+12 1.2113627535e-02 4.8587375130e+02
W 1.2332949048e-01 1.4174741629e+12 1.2855850936e-02 5.5605427949e+02
W 1.2332949048e-01 1.7886495291e+12 1.3267605598e-02 6.2784373144e+02
W 1.2332949048e-01 2.2570197196e+12 1.3677310689e-02 7.0890156889e+02
W 1.2332949048e-01 2.8480358684e+12 1.4081491297e-02 8.0042438779e+02
W 1.2332949048e-01 3.5938136638e+12 1.4476016647e-02 9.0376327080e+02
W 1.2332949048e-01 4.5348785081e+12 1.5262340537e-02 1.0343045555e+03
W 1.2332949048e-01 5.7223676594e+12 1.5631962944e-02 1.1678385646e+03
W 1.2332949048e-01 7.2208090184e+12 1.5974033831e-02 1.3186124973e+03
W 1.2332949048e-01 9.1116275612e+12 1.6280765244e-02 1.4888521160e+03
W 1.2332949048e-01 1.1497569954e+13 1.6995773760e-02 1.7039047457e+03
W 1.2332949048e-01 1.4508287785e+13 1.7209861137e-02 1.9238875646e+03
W 1.2332949048e-01 1.8307382803e+13 1.7356978879e-02 2.1722712908e+03
W 1.2332949048e-01 2.3101297001e+13 1.7424755465e-02 2.4527226266e+03
W 1.2332949048e-01 2.9150530628e+13 1.7399965158e-02 2.7693816645e+03
W 1.2332949048e-01 3.6783797718e+13 1.7741149291e-02 3.1693964161e+03
W 1.2332949048e-01 4.6415888336e+13 1.7482950232e-02 3.5785817064e+03
W 1.2332949048e-01 5.8570208181e+13 1.7087655964e-02 4.0405949108e+03
W 1.2332949048e-01 7.3907220335e+13 1.6995684252e-02 4.6242261201e+03
W 1.2332949048e-01 9.3260334688e+13 1.6273605697e-02 5.2212373672e+03
W 1.2332949048e-01 1.1768119524e+14 1.5383662830e-02 5.8953258204e+03
W 1.2332949048e-01 1.4849682623e+14 1.4326916811e-02 6.6564425412e+03
W 1.2332949048e-01 1.8738174229e+14 1.3471142911e-02 7.6179117543e+03
W 1.2332949048e-01 2.3644894126e+14 1.2081047365e-02 8.6014231310e+03
W 1.2332949048e-01 2.9836472403e+14 1.0579476107e-02 9.7119108575e+03
W 1.2332949048e-01 3.7649358068e+14 9.0094417621e-03 1.0965768230e+04
W 1.2332949048e-01 4.7508101621e+14 7.6278017861e-03 1.2549684637e+04
W 1.2332949048e-01 5.9948425032e+14 6.0474431097e-03 1.4169913121e+04
W 1.2332949048e-01 7.5646332755e+14 4.5801581247e-03 1.5999321391e+04
W 1.2332949048e-01 9.5454845666e+14 3.3765593718e-03 1.8310293784e+04
W 1.2332949048e-01 1.2045035403e+15 2.2731758689e-03 2.0674246377e+04
W 1.2332949048e-01 1.5199110830e+15 1.4179260981e-03 2.3343397343e+04
W 1.2332949048e-01 1.9179102617e+15 8.2880184710e-04 2.6715162026e+04
W 1.2332949048e-01 2.4201282648e+15 4.2231733858e-04 3.0164226104e+04
W 1.2332949048e-01 3.0538555088e+15 1.8883495583e-04 3.4058581998e+04
W 1.2332949048e-01 3.8535285937e+15 7.4320347927e-05 3.8978068320e+04
W 1.2332949048e-01 4.8626015801e+15 2.3639325371e-05 4.4010336332e+04
W 1.2332949048e-01 6.1359072734e+15 5.9771947072e-06 4.9692295885e+04
W 1.2332949048e-01 7.7426368268e+15 1.1644390961e-06 5.6869945558e+04
W 1.2332949048e-01 9.7700995730e+15 1.5397194591e-07 6.4212146446e+04
W 1.2332949048e-01 1.2328467394e+16 1.3391533333e-08 7.3487070933e+04
W 1.2332949048e-01 1.5556761439e+16 6.5911240501e-10 8.2974627711e+04
W 1.2332949048e-01 1.9630406500e+16 1.6922242286e-11 9.3687076602e+04
W 1.2332949048e-01 2.4770763560e+16 2.0546975558e-13 1.0721941603e+05
W 1.2332949048e-01 3.1257158497e+16 9.6174417918e-16 1.2106199111e+05
W 1.2332949048e-01 3.9442060594e+16 1.5165375411e-18 1.3854841522e+05
W 1.2332949048e-01 4.9770235643e+16 5.9819260528e-22 1.5643572437e+05
W 1.2332949048e-01 6.2802914418e+16 4.4076044894e-26 1.7663237663e+05
W 1.2332949048e-01 7.9248289835e+16 4.0994014334e-31 2.0214549285e+05
W 1.2332949048e-01 1.0000000000e+17 2.6321493177e-37 2.2824351004e+05
W 1.3224350527e-01 1.2618568831e+07 2.0755319439e-03 1.1678385646e+00
W 1.3224350527e-01 1.5922827933e+07 2.1396420812e-03 1.3186124973e+00
W 1.3224350527e-01 2.0092330026e+07 2.2665127416e-03 1.5090753928e+00
W 1.3224350527e-01 2.5353644940e+07 2.3374572164e-03 1.7039047457e+00
W 1.3224350527e-01 3.1992671378e+07 2.4111099863e-03 1.9238875646e+00
W 1.3224350527e-01 4.0370172586e+07 2.4875900970e-03 2.1722712908e+00
W 1.3224350527e-01 5.0941380148e+07 2.5670222509e-03 2.4527226266e+00
W 1.3224350527e-01 6.4280731173e+07 2.6495368866e-03 2.7693816645e+00
W 1.3224350527e-01 8.1113083079e+07 2.8100824291e-03 3.1693964161e+00
W 1.3224350527e-01 1.0235310219e+08 2.9016151996e-03 3.5785817064e+00
W 1.3224350527e-01 1.2915496650e+08 2.9967558243e-03 4.0405949108e+00
W 1.3224350527e-01 1.6297508346e+08 3.0956653050e-03 4.5622563833e+00
W 1.3224350527e-01 2.0565123083e+08 3.1985118972e-03 5.1512670205e+00
W 1.3224350527e-01 2.5950242114e+08 3.3054716993e-03 5.8163219439e+00
W 1.3224350527e-01 3.2745491629e+08 3.4167286579e-03 6.5672388601e+00
W 1.3224350527e-01 4.1320124001e+08 3.6290907201e-03 7.5158233240e+00
W 1.3224350527e-01 5.2140082880e+08 3.7528206598e-03 8.4861545621e+00
W 1.3224350527e-01 6.5793322466e+08 3.8815831506e-03 9.5817605267e+00
W 1.3224350527e-01 8.3021756813e+08 4.0156017811e-03 1.0818814826e+01
W 1.3224350527e-01 1.0476157528e+09 4.1551089944e-03 1.2215579163e+01
W 1.3224350527e-01 1.3219411485e+09 4.3003460437e-03 1.3792672921e+01
W 1.3224350527e-01 1.6681005372e+09 4.4515633192e-03 1.5573377552e+01
W 1.3224350527e-01 2.1049041445e+09 4.7350797758e-03 1.7822825807e+01
W 1.3224350527e-01 2.6560877829e+09 4.9035268706e-03 2.0123843791e+01
W 1.3224350527e-01 3.3516026509e+09 5.0789411767e-03 2.2721934967e+01
W 1.3224350527e-01 4.2292428744e+09 5.2616129292e-03 2.5655453004e+01
W 1.3224350527e-01 5.3366992312e+09 5.4518396154e-03 2.8967703227e+01
W 1.3224350527e-01 6.7341506578e+09 5.6499240241e-03 3.2707581897e+01
W 1.3224350527e-01 8.4975343591e+09 6.0163444594e-03 3.7431927196e+01
W 1.3224350527e-01 1.0722672220e+10 6.2369423166e-03 4.2264580479e+01
W 1.3224350527e-01 1.3530477746e+10 6.4665663789e-03 4.7721154022e+01
W 1.3224350527e-01 1.7073526475e+10 6.7055341718e-03 5.3882199122e+01
W 1.3224350527e-01 2.1544346900e+10 6.9541576476e-03 6.0838666662e+01
W 1.3224350527e-01 2.7185882427e+10 7.2127399218e-03 6.8693249746e+01
W 1.3224350527e-01 3.4304692863e+10 7.4815700406e-03 7.7561899686e+01
W 1.3224350527e-01 4.3287612811e+10 7.9731855588e-03 8.8765087906e+01
W 1.3224350527e-01 5.4622772177e+10 8.2712302810e-03 1.0022511483e+02
W 1.3224350527e-01 6.8926121044e+10 8.5805470374e-03 1.1316468985e+02
W 1.3224350527e-01 8.6974900262e+10 8.9013072098e-03 1.2777483020e+02
W 1.3224350527e-01 1.0974987655e+11 9.2336251941e-03 1.4427121441e+02
W 1.3224350527e-01 1.3848863714e+11 9.5775478078e-03 1.6289736620e+02
W 1.3224350527e-01 1.7475284000e+11 1.0204711240e-02 1.8642657141e+02
W 1.3224350527e-01 2.2051307399e+11 1.0581655956e-02 2.1049519544e+02
W 1.3224350527e-01 2.7825594022e+11 1.0970060044e-02 2.3767120195e+02
W 1.3224350527e-01 3.5111917342e+11 1.1369494127e-02 2.6835576992e+02
W 1.3224350527e-01 4.4306214576e+11 1.1779345024e-02 3.0300187259e+02
W 1.3224350527e-01 5.5908101825e+11 1.2532427191e-02 3.4676803901e+02
W 1.3224350527e-01 7.0548023107e+11 1.2972063435e-02 3.9153756672e+02
W 1.3224350527e-01 8.9021508545e+11 1.3418997297e-02 4.4208706948e+02
W 1.3224350527e-01 1.1233240330e+12 1.3871433890e-02 4.9916277164e+02
W 1.3224350527e-01 1.4174741629e+12 1.4327154272e-02 5.6360723890e+02
W 1.3224350527e-01 1.7886495291e+12 1.5187787139e-02 6.4501573980e+02
W 1.3224350527e-01 2.2570197196e+12 1.5653786008e-02 7.2829057136e+02
W 1.3224350527e-01 2.8480358684e+12 1.6112980536e-02 8.2231660967e+02
W 1.3224350527e-01 3.5938136638e+12 1.6560587804e-02 9.2848189051e+02
W 1.3224350527e-01 4.5348785081e+12 1.6990976773e-02 1.0483536522e+03
W 1.3224350527e-01 5.7223676594e+12 1.7873409516e-02 1.1997798464e+03
W 1.3224350527e-01 7.2208090184e+12 1.8258862457e-02 1.3546775620e+03
W 1.3224350527e-01 9.1116275612e+12 1.8603082582e-02 1.5295733651e+03
W 1.3224350527e-01 1.1497569954e+13 1.8895886409e-02 1.7270491110e+03
W 1.3224350527e-01 1.4508287785e+13 1.9648952707e-02 1.9765073674e+03
W 1.3224350527e-01 1.8307382803e+13 1.9807643847e-02 2.2316845792e+03
W 1.3224350527e-01 2.3101297001e+13 1.9874629833e-02 2.5198064745e+03
W 1.3224350527e-01 2.9150530628e+13 1.9834825726e-02 2.8451263804e+03
W 1.3224350527e-01 3.6783797718e+13 2.0210631063e-02 3.2560818428e+03
W 1.3224350527e-01 4.6415888336e+13 1.9902028488e-02 3.6764586650e+03
W 1.3224350527e-01 5.8570208181e+13 1.9436196017e-02 4.1511082855e+03
W 1.3224350527e-01 7.3907220335e+13 1.8799703490e-02 4.6870376000e+03
W 1.3224350527e-01 9.3260334688e+13 1.8474255707e-02 5.3640422201e+03
W 1.3224350527e-01 1.1768119524e+14 1.7443644809e-02 6.0565675103e+03
W 1.3224350527e-01 1.4849682623e+14 1.6224002766e-02 6.8385013580e+03
W 1.3224350527e-01 1.8738174229e+14 1.4826611273e-02 7.7213868654e+03
W 1.3224350527e-01 2.3644894126e+14 1.3637121440e-02 8.8366786611e+03
W 1.3224350527e-01 2.9836472403e+14 1.1919026841e-02 9.9775390799e+03
W 1.3224350527e-01 3.7649358068e+14 1.0127741285e-02 1.1265690415e+04
W 1.3224350527e-01 4.7508101621e+14 8.5528627724e-03 1.2892928152e+04
W 1.3224350527e-01 5.9948425032e+14 6.7610860523e-03 1.4557471130e+04
W 1.3224350527e-01 7.5646332755e+14 5.1034533467e-03 1.6436915121e+04
W 1.3224350527e-01 9.5454845666e+14 3.7477364564e-03 1.8811094384e+04
W 1.3224350527e-01 1.2045035403e+15 2.5117052692e-03 2.1239702897e+04
W 1.3224350527e-01 1.5199110830e+15 1.5585077722e-03 2.3981857192e+04
W 1.3224350527e-01 1.9179102617e+15 9.0540575709e-04 2.7445842229e+04
W 1.3224350527e-01 2.4201282648e+15 4.5805169453e-04 3.0989240860e+04
W 1.3224350527e-01 3.0538555088e+15 2.0309657339e-04 3.4990110379e+04
W 1.3224350527e-01 3.8535285937e+15 7.9146066811e-05 4.0044148431e+04
W 1.3224350527e-01 4.8626015801e+15 2.4881532925e-05 4.5214052838e+04
W 1.3224350527e-01 6.1359072734e+15 6.2043450448e-06 5.1051418350e+04
W 1.3224350527e-01 7.7426368268e+15 1.1886998907e-06 5.8425382255e+04
W 1.3224350527e-01 9.7700995730e+15 1.5405136415e-07 6.5968397978e+04
W 1.3224350527e-01 1.2328467394e+16 1.2728487685e-08 7.4485255616e+04
W 1.3224350527e-01 1.5556761439e+16 6.2495907835e-10 8.5244047518e+04
W 1.3224350527e-01 1.9630406500e+16 1.5485331329e-11 9.6249490116e+04
W 1.3224350527e-01 2.4770763560e+16 1.8013958129e-13 1.1015194942e+05
W 1.3224350527e-01 3.1257158497e+16 8.0079973553e-16 1.2437312957e+05
W 1.3224350527e-01 3.9442060594e+16 1.1551109594e-18 1.4043033682e+05
W 1.3224350527e-01 4.9770235643e+16 4.3427947851e-22 1.6071436160e+05
W 1.3224350527e-01 6.2802914418e+16 2.9219251148e-26 1.8146340781e+05
W 1.3224350527e-01 7.9248289835e+16 2.4327744572e-31 2.0767432736e+05
W 1.3224350527e-01 1.0000000000e+17 1.3637273524e-37 2.3448614538e+05
W 1.4180180764e-01 1.2618568831e+07 2.3829234057e-03 1.1997798464e+00
W 1.4180180764e-01 1.5922827933e+07 2.4565206951e-03 1.3546775620e+00
W 1.4180180764e-01 2.0092330026e+07 2.6021717282e-03 1.5503497641e+00
W 1.4180180764e-01 2.5353644940e+07 2.6836124636e-03 1.7505078494e+00
W 1.4180180764e-01 3.1992671378e+07 2.7681608959e-03 1.9765073674e+00
W 1.4180180764e-01 4.0370172586e+07 2.8559534916e-03 2.2316845792e+00
W 1.4180180764e-01 5.0941380148e+07 2.9471331869e-03 2.5198064745e+00
W 1.4180180764e-01 6.4280731173e+07 3.0418494760e-03 2.8451263804e+00
W 1.4180180764e-01 8.1113083079e+07 3.1402589774e-03 3.2124467502e+00
W 1.4180180764e-01 1.0235310219e+08 3.3312110904e-03 3.6764586650e+00
W 1.4180180764e-01 1.2915496650e+08 3.4404133999e-03 4.1511082855e+00
W 1.4180180764e-01 1.6297508346e+08 3.5539388245e-03 4.6870376000e+00
W 1.4180180764e-01 2.0565123083e+08 3.6719800652e-03 5.2921581306e+00
W 1.4180180764e-01 2.5950242114e+08 3.7947387702e-03 5.9754028171e+00
W 1.4180180764e-01 3.2745491629e+08 3.9224255341e-03 6.7468578877e+00
W 1.4180180764e-01 4.1320124001e+08 4.0552601801e-03 7.6179117543e+00
W 1.4180180764e-01 5.2140082880e+08 4.3081669092e-03 8.7182574082e+00
W 1.4180180764e-01 6.5793322466e+08 4.4559290586e-03 9.8438290376e+00
W 1.4180180764e-01 8.3021756813e+08 4.6097168452e-03 1.1114717722e+01
W 1.4180180764e-01 1.0476157528e+09 4.7697960514e-03 1.2549684637e+01
W 1.4180180764e-01 1.3219411485e+09 4.9364424415e-03 1.4169913121e+01
W 1.4180180764e-01 1.6681005372e+09 5.1099421187e-03 1.5999321391e+01
W 1.4180180764e-01 2.1049041445e+09 5.2905905912e-03 1.8064915626e+01
W 1.4180180764e-01 2.6560877829e+09 5.6285396016e-03 2.0674246377e+01
W 1.4180180764e-01 3.3516026509e+09 5.8297676353e-03 2.3343397343e+01
W 1.4180180764e-01 4.2292428744e+09 6.0393073778e-03 2.6357149352e+01
W 1.4180180764e-01 5.3366992312e+09 6.2574978410e-03 2.9759992163e+01
W 1.4180180764e-01 6.7341506578e+09 6.4846838051e-03 3.3602159387e+01
W 1.4180180764e-01 8.4975343591e+09 6.7212150502e-03 3.7940370054e+01
W 1.4180180764e-01 1.0722672220e+10 7.1580090434e-03 4.3420549222e+01
W 1.4180180764e-01 1.3530477746e+10 7.4212977650e-03 4.9026364243e+01
W 1.4180180764e-01 1.7073526475e+10 7.6952714425e-03 5.5355918659e+01
W 1.4180180764e-01 2.1544346900e+10 7.9802829118e-03 6.2502650930e+01
W 1.4180180764e-01 2.7185882427e+10 8.2766741881e-03 7.0572062895e+01
W 1.4180180764e-01 3.4304692863e+10 8.5847703742e-03 7.9683277224e+01
W 1.4180180764e-01 4.3287612811e+10 8.9048743925e-03 8.9970795930e+01
W 1.4180180764e-01 5.4622772177e+10 9.4899030093e-03 1.0296634871e+02
W 1.4180180764e-01 6.8926121044e+10 9.8442290643e-03 1.1625983105e+02
W 1.4180180764e-01 8.6974900262e+10 1.0211593321e-02 1.3126956996e+02
W 1.4180180764e-01 1.0974987655e+11 1.0592114572e-02 1.4821714295e+02
W 1.4180180764e-01 1.3848863714e+11 1.0985832470e-02 1.6735273430e+02
W 1.4180180764e-01 1.7475284000e+11 1.1704284020e-02 1.9152548135e+02
W 1.4180180764e-01 2.2051307399e+11 1.2135572505e-02 2.1625240073e+02
W 1.4180180764e-01 2.7825594022e+11 1.2579832530e-02 2.4417169190e+02
W 1.4180180764e-01 3.5111917342e+11 1.3036548353e-02 2.7569550638e+02
W 1.4180180764e-01 4.4306214576e+11 1.3504990607e-02 3.1128920656e+02
W 1.4180180764e-01 5.5908101825e+11 1.3984176380e-02 3.5147823552e+02
W 1.4180180764e-01 7.0548023107e+11 1.4868666606e-02 4.0224641994e+02
W 1.4180180764e-01 8.9021508545e+11 1.5378721505e-02 4.5417849044e+02
W 1.4180180764e-01 1.1233240330e+12 1.5894719684e-02 5.1281525689e+02
W 1.4180180764e-01 1.4174741629e+12 1.6414071529e-02 5.7902232984e+02
W 1.4180180764e-01 1.7886495291e+12 1.6933620369e-02 6.5377707459e+02
W 1.4180180764e-01 2.2570197196e+12 1.7926816316e-02 7.4820987794e+02
W 1.4180180764e-01 2.8480358684e+12 1.8448476259e-02 8.4480760063e+02
W 1.4180180764e-01 3.5938136638e+12 1.8956202469e-02 9.5387658345e+02
W 1.4180180764e-01 4.5348785081e+12 1.9443475596e-02 1.0770269299e+03
W 1.4180180764e-01 5.7223676594e+12 1.9902694214e-02 1.2160766160e+03
W 1.4180180764e-01 7.2208090184e+12 2.0880977505e-02 1.3917290340e+03
W 1.4180180764e-01 9.1116275612e+12 2.1266718317e-02 1.5714083716e+03
W 1.4180180764e-01 1.1497569954e+13 2.1592550682e-02 1.7742852309e+03
W 1.4180180764e-01 1.4508287785e+13 2.1845345926e-02 2.0033545305e+03
W 1.4180180764e-01 1.8307382803e+13 2.2612608194e-02 2.2927228668e+03
W 1.4180180764e-01 2.3101297001e+13 2.2676267320e-02 2.5887251173e+03
W 1.4180180764e-01 2.9150530628e+13 2.2616603965e-02 2.9229427725e+03
W 1.4180180764e-01 3.6783797718e+13 2.2415818571e-02 3.3003096366e+03
W 1.4180180764e-01 4.6415888336e+13 2.2659424260e-02 3.7770126337e+03
W 1.4180180764e-01 5.8570208181e+13 2.2109519223e-02 4.2646442859e+03
W 1.4180180764e-01 7.3907220335e+13 2.1364268345e-02 4.8152316789e+03
W 1.4180180764e-01 9.3260334688e+13 2.0412667900e-02 5.4369027208e+03
W 1.4180180764e-01 1.1768119524e+14 1.9776105796e-02 6.2222192842e+03
W 1.4180180764e-01 1.4849682623e+14 1.8367135697e-02 7.0255396233e+03
W 1.4180180764e-01 1.8738174229e+14 1.6757989981e-02 7.9325727276e+03
W 1.4180180764e-01 2.3644894126e+14 1.5385190311e-02 9.0783686106e+03
W 1.4180180764e-01 2.9836472403e+14 1.3418657323e-02 1.0250432438e+04
W 1.4180180764e-01 3.7649358068e+14 1.1374661042e-02 1.1573815702e+04
W 1.4180180764e-01 4.7508101621e+14 9.3244617129e-03 1.3068054514e+04
W 1.4180180764e-01 5.9948425032e+14 7.5487324899e-03 1.4955629148e+04
W 1.4180180764e-01 7.5646332755e+14 5.6772568046e-03 1.6886477376e+04
W 1.4180180764e-01 9.5454845666e+14 4.0410518055e-03 1.9066607988e+04
W 1.4180180764e-01 1.2045035403e+15 2.7687897966e-03 2.1820625087e+04
W 1.4180180764e-01 1.5199110830e+15 1.7082812425e-03 2.4637779409e+04
W 1.4180180764e-01 1.9179102617e+15 9.5959826255e-04 2.7818642764e+04
W 1.4180180764e-01 2.4201282648e+15 4.9488230642e-04 3.1836820402e+04
W 1.4180180764e-01 3.0538555088e+15 2.1743482535e-04 3.5947116777e+04
W 1.4180180764e-01 3.8535285937e+15 8.1597940954e-05 4.0588073439e+04
W 1.4180180764e-01 4.8626015801e+15 2.6022058661e-05 4.6450691916e+04
W 1.4180180764e-01 6.1359072734e+15 6.3916333466e-06 5.2447713859e+04
W 1.4180180764e-01 7.7426368268e+15 1.1706335500e-06 5.9218982013e+04
W 1.4180180764e-01 9.7700995730e+15 1.5250070867e-07 6.7772684338e+04
W 1.4180180764e-01 1.2328467394e+16 1.2272754937e-08 7.6522484575e+04
W 1.4180180764e-01 1.5556761439e+16 5.6814285236e-10 8.6401928782e+04
W 1.4180180764e-01 1.9630406500e+16 1.3916383325e-11 9.8881987607e+04
W 1.4180180764e-01 2.4770763560e+16 1.5043212107e-13 1.1164815803e+05
W 1.4180180764e-01 3.1257158497e+16 6.4968932142e-16 1.2777483020e+05
W 1.4180180764e-01 3.9442060594e+16 8.7614591733e-19 1.4427121441e+05
W 1.4180180764e-01 4.9770235643e+16 2.9561164839e-22 1.6289736620e+05
W 1.4180180764e-01 6.2802914418e+16 1.8517440110e-26 1.8642657141e+05
W 1.4180180764e-01 7.9248289835e+16 1.3310429785e-31 2.1049519544e+05
W 1.4180180764e-01 1.0000000000e+17 6.6167593073e-38 2.4089952158e+05
W 1.5205096545e-01 1.2618568831e+07 2.7381553032e-03 1.2325947469e+00
W 1.5205096545e-01 1.5922827933e+07 2.8227142437e-03 1.3917290340e+00
W 1.5205096545e-01 2.0092330026e+07 2.9104626493e-03 1.5714083716e+00
W 1.5205096545e-01 2.5353644940e+07 3.0836338148e-03 1.7983855837e+00
W 1.5205096545e-01 3.1992671378e+07 3.1807704262e-03 2.0305663622e+00
W 1.5205096545e-01 4.0370172586e+07 3.2816324200e-03 2.2927228668e+00
W 1.5205096545e-01 5.0941380148e+07 3.3863837465e-03 2.5887251173e+00
W 1.5205096545e-01 6.4280731173e+07 3.4951958573e-03 2.9229427725e+00
W 1.5205096545e-01 8.1113083079e+07 3.6082483511e-03 3.3003096366e+00
W 1.5205096545e-01 1.0235310219e+08 3.7257290757e-03 3.7263964933e+00
W 1.5205096545e-01 1.2915496650e+08 3.9530758253e-03 4.2646442859e+00
W 1.5205096545e-01 1.6297508346e+08 4.0834836947e-03 4.8152316789e+00
W 1.5205096545e-01 2.0565123083e+08 4.2190750716e-03 5.4369027208e+00
W 1.5205096545e-01 2.5950242114e+08 4.3600810018e-03 6.1388346743e+00
W 1.5205096545e-01 3.2745491629e+08 4.5067427312e-03 6.9313896337e+00
W 1.5205096545e-01 4.1320124001e+08 4.6593120203e-03 7.8262674927e+00
W 1.5205096545e-01 5.2140082880e+08 4.8180516644e-03 8.8366786611e+00
W 1.5205096545e-01 6.5793322466e+08 5.1195304333e-03 1.0113065324e+01
W 1.5205096545e-01 8.3021756813e+08 5.2961444997e-03 1.1418713790e+01
W 1.5205096545e-01 1.0476157528e+09 5.4799753264e-03 1.2892928152e+01
W 1.5205096545e-01 1.3219411485e+09 5.6713382655e-03 1.4557471130e+01
W 1.5205096545e-01 1.6681005372e+09 5.8705603615e-03 1.6436915121e+01
W 1.5205096545e-01 2.1049041445e+09 6.0779792546e-03 1.8559004946e+01
W 1.5205096545e-01 2.6560877829e+09 6.2939435711e-03 2.0955067422e+01
W 1.5205096545e-01 3.3516026509e+09 6.6971064355e-03 2.3981857192e+01
W 1.5205096545e-01 4.2292428744e+09 6.9376501761e-03 2.7078037634e+01
W 1.5205096545e-01 5.3366992312e+09 7.1881053764e-03 3.0573950809e+01
W 1.5205096545e-01 6.7341506578e+09 7.4488646602e-03 3.4521204259e+01
W 1.5205096545e-01 8.4975343591e+09 7.7203259490e-03 3.8978068320e+01
W 1.5205096545e-01 1.0722672220e+10 8.0028898058e-03 4.4010336332e+01
W 1.5205096545e-01 1.3530477746e+10 8.2969561366e-03 4.9692295885e+01
W 1.5205096545e-01 1.7073526475e+10 8.8382182060e-03 5.6869945558e+01
W 1.5205096545e-01 2.1544346900e+10 9.1651756429e-03 6.4212146446e+01
W 1.5205096545e-01 2.7185882427e+10 9.5051421156e-03 7.2502263027e+01
W 1.5205096545e-01 3.4304692863e+10 9.8584827915e-03 8.1862676067e+01
W 1.5205096545e-01 4.3287612811e+10 1.0225536290e-02 9.2431566313e+01
W 1.5205096545e-01 5.4622772177e+10 1.0606603005e-02 1.0436495435e+02
W 1.5205096545e-01 6.8926121044e+10 1.1302848852e-02 1.1943962674e+02
W 1.5205096545e-01 8.6974900262e+10 1.1723853302e-02 1.3485989354e+02
W 1.5205096545e-01 1.0974987655e+11 1.2159836017e-02 1.5227099567e+02
W 1.5205096545e-01 1.3848863714e+11 1.2610825059e-02 1.7192996014e+02
W 1.5205096545e-01 1.7475284000e+11 1.3076729905e-02 1.9412699750e+02
W 1.5205096545e-01 2.2051307399e+11 1.3557320168e-02 2.1918978593e+02
W 1.5205096545e-01 2.7825594022e+11 1.4436533366e-02 2.5084997524e+02
W 1.5205096545e-01 3.5111917342e+11 1.4958997905e-02 2.8323599026e+02
W 1.5205096545e-01 4.4306214576e+11 1.5494647404e-02 3.1980320549e+02
W 1.5205096545e-01 5.5908101825e+11 1.6042317566e-02 3.6109143526e+02
W 1.5205096545e-01 7.0548023107e+11 1.6600496845e-02 4.0771018670e+02
W 1.5205096545e-01 8.9021508545e+11 1.7636804225e-02 4.6660062104e+02
W 1.5205096545e-01 1.1233240330e+12 1.8225440409e-02 5.2684114810e+02
W 1.5205096545e-01 1.4174741629e+12 1.8817414297e-02 5.9485903535e+02
W 1.5205096545e-01 1.7886495291e+12 1.9409042886e-02 6.7165837980e+02
W 1.5205096545e-01 2.2570197196e+12 1.9995890339e-02 7.5837291248e+02
W 1.5205096545e-01 2.8480358684e+12 2.1135340210e-02 8.6791373747e+02
W 1.5205096545e-01 3.5938136638e+12 2.1711098056e-02 9.7996584076e+02
W 1.5205096545e-01 4.5348785081e+12 2.2262509571e-02 1.1064844438e+03
W 1.5205096545e-01 5.7223676594e+12 2.2780776400e-02 1.2493372457e+03
W 1.5205096545e-01 7.2208090184e+12 2.3255743473e-02 1.4106330750e+03
W 1.5205096545e-01 9.1116275612e+12 2.4323350247e-02 1.6143875977e+03
W 1.5205096545e-01 1.1497569954e+13 2.4684982198e-02 1.8228132949e+03
W 1.5205096545e-01 1.4508287785e+13 2.4961609450e-02 2.0581478158e+03
W 1.5205096545e-01 1.8307382803e+13 2.5136596572e-02 2.3238652272e+03
W 1.5205096545e-01 2.3101297001e+13 2.5880940576e-02 2.6595287378e+03
W 1.5205096545e-01 2.9150530628e+13 2.5795219552e-02 3.0028875026e+03
W 1.5205096545e-01 3.6783797718e+13 2.5546715820e-02 3.3905756404e+03
W 1.5205096545e-01 4.6415888336e+13 2.5115379073e-02 3.8283162999e+03
W 1.5205096545e-01 5.8570208181e+13 2.5152028010e-02 4.3812855831e+03
W 1.5205096545e-01 7.3907220335e+13 2.4278078824e-02 4.9469319642e+03
W 1.5205096545e-01 9.3260334688e+13 2.3168590090e-02 5.5856061867e+03
W 1.5205096545e-01 1.1768119524e+14 2.1818634145e-02 6.3067365184e+03
W 1.5205096545e-01 1.4849682623e+14 2.0786171145e-02 7.2176935289e+03
W 1.5205096545e-01 1.8738174229e+14 1.8931813829e-02 8.1495346853e+03
W 1.5205096545e-01 2.3644894126e+14 1.6884455703e-02 9.2016813019e+03
W 1.5205096545e-01 2.9836472403e+14 1.5094654191e-02 1.0530789640e+04
W 1.5205096545e-01 3.7649358068e+14 1.2762102800e-02 1.1890368452e+04
W 1.5205096545e-01 4.7508101621e+14 1.0430663133e-02 1.3425475844e+04
W 1.5205096545e-01 5.9948425032e+14 8.1913251991e-03 1.5158773453e+04
W 1.5205096545e-01 7.5646332755e+14 6.3040659584e-03 1.7348335504e+04
W 1.5205096545e-01 9.5454845666e+14 4.4667541821e-03 1.9588094363e+04
W 1.5205096545e-01 1.2045035403e+15 2.9632418655e-03 2.2117017547e+04
W 1.5205096545e-01 1.5199110830e+15 1.8667065409e-03 2.5311641602e+04
W 1.5205096545e-01 1.9179102617e+15 1.0410641262e-03 2.8579504013e+04
W 1.5205096545e-01 2.4201282648e+15 5.1821387193e-04 3.2269264179e+04
W 1.5205096545e-01 3.0538555088e+15 2.3161156383e-04 3.6930298034e+04
W 1.5205096545e-01 3.8535285937e+15 8.5913206899e-05 4.1698188426e+04
W 1.5205096545e-01 4.8626015801e+15 2.6304844956e-05 4.7081637858e+04
W 1.5205096545e-01 6.1359072734e+15 6.5301673785e-06 5.3882199122e+04
W 1.5205096545e-01 7.7426368268e+15 1.1727994039e-06 6.0838666662e+04
W 1.5205096545e-01 9.7700995730e+15 1.4524379059e-07 6.8693249746e+04
W 1.5205096545e-01 1.2328467394e+16 1.1670287696e-08 7.8615433311e+04
W 1.5205096545e-01 1.5556761439e+16 5.2190382518e-10 8.8765087906e+04
W 1.5205096545e-01 1.9630406500e+16 1.2261172333e-11 1.0158648593e+05
W 1.5205096545e-01 2.4770763560e+16 1.2603538804e-13 1.1470182092e+05
W 1.5205096545e-01 3.1257158497e+16 4.9868477405e-16 1.2951041276e+05
W 1.5205096545e-01 3.9442060594e+16 6.4227972689e-19 1.4821714295e+05
W 1.5205096545e-01 4.9770235643e+16 1.9843369852e-22 1.6735273430e+05
W 1.5205096545e-01 6.2802914418e+16 1.1171557328e-26 1.9152548135e+05
W 1.5205096545e-01 7.9248289835e+16 7.0507106049e-32 2.1625240073e+05
W 1.5205096545e-01 1.0000000000e+17 2.9086678697e-38 2.4417169190e+05
W 1.6304091237e-01 1.2618568831e+07 3.1491194246e-03 1.2663071600e+00
W 1.6304091237e-01 1.5922827933e+07 3.2463571970e-03 1.4297938922e+00
W 1.6304091237e-01 2.0092330026e+07 3.3472610603e-03 1.6143875977e+00
W 1.6304091237e-01 2.5353644940e+07 3.4519904891e-03 1.8228132949e+00
W 1.6304091237e-01 3.1992671378e+07 3.5607125020e-03 2.0581478158e+00
W 1.6304091237e-01 4.0370172586e+07 3.7740778657e-03 2.3554305985e+00
W 1.6304091237e-01 5.0941380148e+07 3.8945246942e-03 2.6595287378e+00
W 1.6304091237e-01 6.4280731173e+07 4.0196379826e-03 3.0028875026e+00
W 1.6304091237e-01 8.1113083079e+07 4.1496238249e-03 3.3905756404e+00
W 1.6304091237e-01 1.0235310219e+08 4.2846977483e-03 3.8283162999e+00
W 1.6304091237e-01 1.2915496650e+08 4.4250852407e-03 4.3225715179e+00
W 1.6304091237e-01 1.6297508346e+08 4.5710222995e-03 4.8806376128e+00
W 1.6304091237e-01 2.0565123083e+08 4.8519264111e-03 5.5856061867e+00
W 1.6304091237e-01 2.5950242114e+08 5.0140290353e-03 6.3067365184e+00
W 1.6304091237e-01 3.2745491629e+08 5.1826276683e-03 7.1209684648e+00
W 1.6304091237e-01 4.1320124001e+08 5.3580108152e-03 8.0403219206e+00
W 1.6304091237e-01 5.2140082880e+08 5.5404795460e-03 9.0783686106e+00
W 1.6304091237e-01 6.5793322466e+08 5.7303470561e-03 1.0250432438e+01
W 1.6304091237e-01 8.3021756813e+08 5.9279394916e-03 1.1573815702e+01
W 1.6304091237e-01 1.0476157528e+09 6.3013541280e-03 1.3245559641e+01
W 1.6304091237e-01 1.3219411485e+09 6.5212800441e-03 1.4955629148e+01
W 1.6304091237e-01 1.6681005372e+09 6.7502249332e-03 1.6886477376e+01
W 1.6304091237e-01 2.1049041445e+09 6.9885747119e-03 1.9066607988e+01
W 1.6304091237e-01 2.6560877829e+09 7.2367276342e-03 2.1528204613e+01
W 1.6304091237e-01 3.3516026509e+09 7.4950931023e-03 2.4307605956e+01
W 1.6304091237e-01 4.2292428744e+09 7.7640903075e-03 2.7445842229e+01
W 1.6304091237e-01 5.3366992312e+09 8.2641615935e-03 3.1410171850e+01
W 1.6304091237e-01 6.7341506578e+09 8.5636891284e-03 3.5465385714e+01
W 1.6304091237e-01 8.4975343591e+09 8.8754793981e-03 4.0044148431e+01
W 1.6304091237e-01 1.0722672220e+10 9.1999874640e-03 4.5214052838e+01
W 1.6304091237e-01 1.3530477746e+10 9.5376669234e-03 5.1051418350e+01
W 1.6304091237e-01 1.7073526475e+10 9.8889669416e-03 5.7642417611e+01
W 1.6304091237e-01 2.1544346900e+10 1.0534789645e-02 6.5968397978e+01
W 1.6304091237e-01 2.7185882427e+10 1.0925019142e-02 7.4485255616e+01
W 1.6304091237e-01 3.4304692863e+10 1.1330535787e-02 8.4101683142e+01
W 1.6304091237e-01 4.3287612811e+10 1.1751717240e-02 9.4959640655e+01
W 1.6304091237e-01 5.4622772177e+10 1.2188895718e-02 1.0721941603e+02
W 1.6304091237e-01 6.8926121044e+10 1.2642348970e-02 1.2106199111e+02
W 1.6304091237e-01 8.6974900262e+10 1.3112283456e-02 1.3669171345e+02
W 1.6304091237e-01 1.0974987655e+11 1.3970753742e-02 1.5643572437e+02
W 1.6304091237e-01 1.3848863714e+11 1.4487655230e-02 1.7663237663e+02
W 1.6304091237e-01 1.7475284000e+11 1.5021490444e-02 1.9943652001e+02
W 1.6304091237e-01 2.2051307399e+11 1.5571967104e-02 2.2518479495e+02
W 1.6304091237e-01 2.7825594022e+11 1.6138593713e-02 2.5425730390e+02
W 1.6304091237e-01 3.5111917342e+11 1.7177963588e-02 2.9098271217e+02
W 1.6304091237e-01 4.4306214576e+11 1.7790734261e-02 3.2855006882e+02
W 1.6304091237e-01 5.5908101825e+11 1.8416926468e-02 3.7096756339e+02
W 1.6304091237e-01 7.0548023107e+11 1.9054754133e-02 4.1886137350e+02
W 1.6304091237e-01 8.9021508545e+11 1.9701957915e-02 4.7293851949e+02
W 1.6304091237e-01 1.1233240330e+12 2.0355726681e-02 5.3399730166e+02
W 1.6304091237e-01 1.4174741629e+12 2.1587320197e-02 6.1112888693e+02
W 1.6304091237e-01 1.7886495291e+12 2.2261063497e-02 6.9002875244e+02
W 1.6304091237e-01 2.2570197196e+12 2.2928526864e-02 7.7911499420e+02
W 1.6304091237e-01 2.8480358684e+12 2.3583544828e-02 8.7970272549e+02
W 1.6304091237e-01 3.5938136638e+12 2.4218832240e-02 9.9327684744e+02
W 1.6304091237e-01 4.5348785081e+12 2.5504856993e-02 1.1367476433e+03
W 1.6304091237e-01 5.7223676594e+12 2.6089240382e-02 1.2835075790e+03
W 1.6304091237e-01 7.2208090184e+12 2.6622637639e-02 1.4492149732e+03
W 1.6304091237e-01 9.1116275612e+12 2.7091638502e-02 1.6363160397e+03
W 1.6304091237e-01 1.1497569954e+13 2.8232726203e-02 1.8726686388e+03
W 1.6304091237e-01 1.4508287785e+13 2.8533758546e-02 2.1144397396e+03
W 1.6304091237e-01 1.8307382803e+13 2.8716622863e-02 2.3874247263e+03
W 1.6304091237e-01 2.3101297001e+13 2.8760696716e-02 2.6956534713e+03
W 1.6304091237e-01 2.9150530628e+13 2.9427634987e-02 3.0850187826e+03
W 1.6304091237e-01 3.6783797718e+13 2.9120014271e-02 3.4833104887e+03
W 1.6304091237e-01 4.6415888336e+13 2.8601826279e-02 3.9330236916e+03
W 1.6304091237e-01 5.8570208181e+13 2.7852034602e-02 4.4407971694e+03
W 1.6304091237e-01 7.3907220335e+13 2.7587334370e-02 5.0822343536e+03
W 1.6304091237e-01 9.3260334688e+13 2.6292005963e-02 5.7383768066e+03
W 1.6304091237e-01 1.1768119524e+14 2.4723318222e-02 6.4792306068e+03
W 1.6304091237e-01 1.4849682623e+14 2.2887861685e-02 7.3157324225e+03
W 1.6304091237e-01 1.8738174229e+14 2.1375387636e-02 8.3724307193e+03
W 1.6304091237e-01 2.3644894126e+14 1.9022503081e-02 9.4533543540e+03
W 1.6304091237e-01 2.9836472403e+14 1.6512469823e-02 1.0673830759e+04
W 1.6304091237e-01 3.7649358068e+14 1.3921454451e-02 1.2051876912e+04
W 1.6304091237e-01 4.7508101621e+14 1.1651643986e-02 1.3792672921e+04
W 1.6304091237e-01 5.9948425032e+14 9.1161932715e-03 1.5573377552e+04
W 1.6304091237e-01 7.5646332755e+14 6.7998400304e-03 1.7583980259e+04
W 1.6304091237e-01 9.5454845666e+14 4.9253310865e-03 2.0123843791e+04
W 1.6304091237e-01 1.2045035403e+15 3.2487254680e-03 2.2721934967e+04
W 1.6304091237e-01 1.5199110830e+15 1.9787743103e-03 2.5655453004e+04
W 1.6304091237e-01 1.9179102617e+15 1.1249205546e-03 2.9361175402e+04
W 1.6304091237e-01 2.4201282648e+15 5.5485558730e-04 3.3151853343e+04
W 1.6304091237e-01 3.0538555088e+15 2.3881009813e-04 3.7431927196e+04
W 1.6304091237e-01 3.8535285937e+15 8.9865194280e-05 4.2838665911e+04
W 1.6304091237e-01 4.8626015801e+15 2.7107676780e-05 4.8369356820e+04
W 1.6304091237e-01 6.1359072734e+15 6.4351455056e-06 5.4614088217e+04
W 1.6304091237e-01 7.7426368268e+15 1.1623683405e-06 6.2502650930e+04
W 1.6304091237e-01 9.7700995730e+15 1.4030969207e-07 7.0572062895e+04
W 1.6304091237e-01 1.2328467394e+16 1.0638832027e-08 7.9683277224e+04
W 1.6304091237e-01 1.5556761439e+16 4.7080389578e-10 9.1192881248e+04
W 1.6304091237e-01 1.9630406500e+16 1.0289526288e-11 1.0296634871e+05
W 1.6304091237e-01 2.4770763560e+16 1.0288789353e-13 1.1783900384e+05
W 1.6304091237e-01 3.1257158497e+16 3.8119712235e-16 1.3305262203e+05
W 1.6304091237e-01 3.9442060594e+16 4.4151476015e-19 1.5023039616e+05
W 1.6304091237e-01 4.9770235643e+16 1.2736538922e-22 1.7192996014e+05
W 1.6304091237e-01 6.2802914418e+16 6.2162900058e-27 1.9412699750e+05
W 1.6304091237e-01 7.9248289835e+16 3.5000804021e-32 2.2216707001e+05
W 1.6304091237e-01 1.0000000000e+17 1.2144538394e-38 2.5084997524e+05
W 1.7482519120e-01 1.2618568831e+07 3.6250903574e-03 1.3009416336e+00
W 1.7482519120e-01 1.5922827933e+07 3.7370091882e-03 1.4688998534e+00
W 1.7482519120e-01 2.0092330026e+07 3.8531456009e-03 1.6585423386e+00
W 1.7482519120e-01 2.5353644940e+07 3.9736828513e-03 1.8726686388e+00
W 1.7482519120e-01 3.1992671378e+07 4.0988128414e-03 2.1144397396e+00
W 1.7482519120e-01 4.0370172586e+07 4.2287365370e-03 2.3874247263e+00
W 1.7482519120e-01 5.0941380148e+07 4.3636643538e-03 2.6956534713e+00
W 1.7482519120e-01 6.4280731173e+07 4.6269991071e-03 3.0850187826e+00
W 1.7482519120e-01 8.1113083079e+07 4.7765879399e-03 3.4833104887e+00
W 1.7482519120e-01 1.0235310219e+08 4.9320278812e-03 3.9330236916e+00
W 1.7482519120e-01 1.2915496650e+08 5.0935777783e-03 4.4407971694e+00
W 1.7482519120e-01 1.6297508346e+08 5.2615084902e-03 5.0141268007e+00
W 1.7482519120e-01 2.0565123083e+08 5.4361028671e-03 5.6614762203e+00
W 1.7482519120e-01 2.5950242114e+08 5.6176567086e-03 6.3924017614e+00
W 1.7482519120e-01 3.2745491629e+08 5.9652903801e-03 7.3157324225e+00
W 1.7482519120e-01 4.1320124001e+08 6.1670745978e-03 8.2602309016e+00
W 1.7482519120e-01 5.2140082880e+08 6.3770017006e-03 9.3266689659e+00
W 1.7482519120e-01 6.5793322466e+08 6.5954305813e-03 1.0530789640e+01
W 1.7482519120e-01 8.3021756813e+08 6.8227348418e-03 1.1890368452e+01
W 1.7482519120e-01 1.0476157528e+09 7.0593023392e-03 1.3425475844e+01
W 1.7482519120e-01 1.3219411485e+09 7.3055350116e-03 1.5158773453e+01
W 1.7482519120e-01 1.6681005372e+09 7.7686717049e-03 1.7348335504e+01
W 1.7482519120e-01 2.1049041445e+09 8.0427950211e-03 1.9588094363e+01
W 1.7482519120e-01 2.6560877829e+09 8.3281720290e-03 2.2117017547e+01
W 1.7482519120e-01 3.3516026509e+09 8.6252702171e-03 2.4972437651e+01
W 1.7482519120e-01 4.2292428744e+09 8.9345678715e-03 2.8196507098e+01
W 1.7482519120e-01 5.3366992312e+09 9.2565537111e-03 3.1836820402e+01
W 1.7482519120e-01 6.7341506578e+09 9.5917233333e-03 3.5947116777e+01
W 1.7482519120e-01 8.4975343591e+09 1.0212460301e-02 4.1139386652e+01
W 1.7482519120e-01 1.0722672220e+10 1.0585432284e-02 4.6450691916e+01
W 1.7482519120e-01 1.3530477746e+10 1.0973494534e-02 5.2447713859e+01
W 1.7482519120e-01 1.7073526475e+10 1.1377155203e-02 5.9218982013e+01
W 1.7482519120e-01 2.1544346900e+10 1.1796908971e-02 6.6864455523e+01
W 1.7482519120e-01 2.7185882427e+10 1.2233230981e-02 7.5496998774e+01
W 1.7482519120e-01 3.4304692863e+10 1.2686567385e-02 8.5244047518e+01
W 1.7482519120e-01 4.3287612811e+10 1.3517190053e-02 9.7556859773e+01
W 1.7482519120e-01 5.4622772177e+10 1.4019091057e-02 1.1015194942e+02
W 1.7482519120e-01 6.8926121044e+10 1.4539558892e-02 1.2437312957e+02
W 1.7482519120e-01 8.6974900262e+10 1.5078810323e-02 1.4043033682e+02
W 1.7482519120e-01 1.0974987655e+11 1.5636955991e-02 1.5856061167e+02
W 1.7482519120e-01 1.3848863714e+11 1.6213981338e-02 1.7903159775e+02
W 1.7482519120e-01 1.7475284000e+11 1.7269471410e-02 2.0489126203e+02
W 1.7482519120e-01 2.2051307399e+11 1.7900344023e-02 2.3134377207e+02
W 1.7482519120e-01 2.7825594022e+11 1.8549460308e-02 2.6121143648e+02
W 1.7482519120e-01 3.5111917342e+11 1.9215938739e-02 2.9493516915e+02
W 1.7482519120e-01 4.4306214576e+11 1.9898568215e-02 3.3301280821e+02
W 1.7482519120e-01 5.5908101825e+11 2.0595747931e-02 3.7600646527e+02
W 1.7482519120e-01 7.0548023107e+11 2.1888138738e-02 4.3031755383e+02
W 1.7482519120e-01 8.9021508545e+11 2.2627387567e-02 4.8587375130e+02
W 1.7482519120e-01 1.1233240330e+12 2.3373497230e-02 5.4860253806e+02
W 1.7482519120e-01 1.4174741629e+12 2.4122418288e-02 6.1942993208e+02
W 1.7482519120e-01 1.7886495291e+12 2.4869245563e-02 6.9940150499e+02
W 1.7482519120e-01 2.2570197196e+12 2.6308495042e-02 8.0042438779e+02
W 1.7482519120e-01 2.8480358684e+12 2.7052163798e-02 9.0376327080e+02
W 1.7482519120e-01 3.5938136638e+12 2.7771963168e-02 1.0204437322e+03
W 1.7482519120e-01 4.5348785081e+12 2.8457969777e-02 1.1521882381e+03
W 1.7482519120e-01 5.7223676594e+12 2.9098669223e-02 1.3009416336e+03
W 1.7482519120e-01 7.2208090184e+12 3.0492610510e-02 1.4888521160e+03
W 1.7482519120e-01 9.1116275612e+12 3.1015026451e-02 1.6810705404e+03
W 1.7482519120e-01 1.1497569954e+13 3.1444315951e-02 1.8981053466e+03
W 1.7482519120e-01 1.4508287785e+13 3.1761029923e-02 2.1431604565e+03
W 1.7482519120e-01 1.8307382803e+13 3.2817526023e-02 2.4527226266e+03
W 1.7482519120e-01 2.3101297001e+13 3.2844163688e-02 2.7693816645e+03
W 1.7482519120e-01 2.9150530628e+13 3.2684792313e-02 3.1269230040e+03
W 1.7482519120e-01 3.6783797718e+13 3.2314048731e-02 3.5306247595e+03
W 1.7482519120e-01 4.6415888336e+13 3.2574308098e-02 4.0405949108e+03
W 1.7482519120e-01 5.8570208181e+13 3.1684596647e-02 4.5622563833e+03
W 1.7482519120e-01 7.3907220335e+13 3.0509239832e-02 5.1512670205e+03
W 1.7482519120e-01 9.3260334688e+13 2.9035209210e-02 5.8163219439e+03
W 1.7482519120e-01 1.1768119524e+14 2.8004409001e-02 6.6564425412e+03
W 1.7482519120e-01 1.4849682623e+14 2.5878104216e-02 7.5158233240e+03
W 1.7482519120e-01 1.8738174229e+14 2.3475978401e-02 8.4861545621e+03
W 1.7482519120e-01 2.3644894126e+14 2.0842766951e-02 9.5817605267e+03
W 1.7482519120e-01 2.9836472403e+14 1.8537595523e-02 1.0965768230e+04
W 1.7482519120e-01 3.7649358068e+14 1.5580959689e-02 1.2381505004e+04
W 1.7482519120e-01 4.7508101621e+14 1.2648865252e-02 1.3980020637e+04
W 1.7482519120e-01 5.9948425032e+14 1.0126096151e-02 1.5999321391e+04
W 1.7482519120e-01 7.5646332755e+14 7.5180421390e-03 1.8064915626e+04
W 1.7482519120e-01 9.5454845666e+14 5.2721128966e-03 2.0397188644e+04
W 1.7482519120e-01 1.2045035403e+15 3.5503351871e-03 2.3343397343e+04
W 1.7482519120e-01 1.5199110830e+15 2.1468235443e-03 2.6357149352e+04
W 1.7482519120e-01 1.9179102617e+15 1.1779245983e-03 2.9759992163e+04
W 1.7482519120e-01 2.4201282648e+15 5.7525638416e-04 3.3602159387e+04
W 1.7482519120e-01 3.0538555088e+15 2.5141643161e-04 3.8455719160e+04
W 1.7482519120e-01 3.8535285937e+15 9.0837323756e-05 4.3420549222e+04
W 1.7482519120e-01 4.8626015801e+15 2.6960936268e-05 4.9026364243e+04
W 1.7482519120e-01 6.1359072734e+15 6.4499394606e-06 5.6107825483e+04
W 1.7482519120e-01 7.7426368268e+15 1.1081487661e-06 6.3351632771e+04
W 1.7482519120e-01 9.7700995730e+15 1.3365239234e-07 7.2502263027e+04
W 1.7482519120e-01 1.2328467394e+16 9.7987442191e-09 8.1862676067e+04
W 1.7482519120e-01 1.5556761439e+16 4.0524779260e-10 9.2431566313e+04
W 1.7482519120e-01 1.9630406500e+16 8.6624671930e-12 1.0578255744e+05
W 1.7482519120e-01 2.4770763560e+16 7.9460117859e-14 1.1943962674e+05
W 1.7482519120e-01 3.1257158497e+16 2.7411922089e-16 1.3485989354e+05
W 1.7482519120e-01 3.9442060594e+16 2.9931137963e-19 1.5433931290e+05
W 1.7482519120e-01 4.9770235643e+16 7.5761724971e-23 1.7426530772e+05
W 1.7482519120e-01 6.2802914418e+16 3.3499465288e-27 1.9943652001e+05
W 1.7482519120e-01 7.9248289835e+16 1.5751498654e-32 2.2518479495e+05
W 1.7482519120e-01 1.0000000000e+17 4.5292405353e-39 2.5425730390e+05
W 1.8746121470e-01 1.2618568831e+07 4.0657789906e-03 1.3186124973e+00
W 1.8746121470e-01 1.5922827933e+07 4.1912836513e-03 1.4888521160e+00
W 1.8746121470e-01 2.0092330026e+07 4.4397121550e-03 1.7039047457e+00
W 1.8746121470e-01 2.5353644940e+07 4.5785729462e-03 1.9238875646e+00
W 1.8746121470e-01 3.1992671378e+07 4.7227215164e-03 2.1722712908e+00
W 1.8746121470e-01 4.0370172586e+07 4.8723889204e-03 2.4527226266e+00
W 1.8746121470e-01 5.0941380148e+07 5.0278170418e-03 2.7693816645e+00
W 1.8746121470e-01 6.4280731173e+07 5.1892587193e-03 3.1269230040e+00
W 1.8746121470e-01 8.1113083079e+07 5.3569786835e-03 3.5306247595e+00
W 1.8746121470e-01 1.0235310219e+08 5.5312536840e-03 3.9864464768e+00
W 1.8746121470e-01 1.2915496650e+08 5.8686109456e-03 4.5622563833e+00
W 1.8746121470e-01 1.6297508346e+08 6.0620269188e-03 5.1512670205e+00
W 1.8746121470e-01 2.0565123083e+08 6.2631104169e-03 5.8163219439e+00
W 1.8746121470e-01 2.5950242114e+08 6.4722010016e-03 6.5672388601e+00
W 1.8746121470e-01 3.2745491629e+08 6.6896529599e-03 7.4151029914e+00
W 1.8746121470e-01 4.1320124001e+08 6.9158357183e-03 8.3724307193e+00
W 1.8746121470e-01 5.2140082880e+08 7.1511345563e-03 9.4533543540e+00
W 1.8746121470e-01 6.5793322466e+08 7.5982349072e-03 1.0818814826e+01
W 1.8746121470e-01 8.3021756813e+08 7.8599512923e-03 1.2215579163e+01
W 1.8746121470e-01 1.0476157528e+09 8.1323170518e-03 1.3792672921e+01
W 1.8746121470e-01 1.3219411485e+09 8.4157924106e-03 1.5573377552e+01
W 1.8746121470e-01 1.6681005372e+09 8.7108539681e-03 1.7583980259e+01
W 1.8746121470e-01 2.1049041445e+09 9.0179929460e-03 1.9854162060e+01
W 1.8746121470e-01 2.6560877829e+09 9.3377156255e-03 2.2417435945e+01
W 1.8746121470e-01 3.3516026509e+09 9.9350384458e-03 2.5655453004e+01
W 1.8746121470e-01 4.2292428744e+09 1.0290975116e-02 2.8967703227e+01
W 1.8746121470e-01 5.3366992312e+09 1.0661476449e-02 3.2707581897e+01
W 1.8746121470e-01 6.7341506578e+09 1.1047106736e-02 3.6930298034e+01
W 1.8746121470e-01 8.4975343591e+09 1.1448435793e-02 4.1698188426e+01
W 1.8746121470e-01 1.0722672220e+10 1.1866034712e-02 4.7081637858e+01
W 1.8746121470e-01 1.3530477746e+10 1.2300470636e-02 5.3160118149e+01
W 1.8746121470e-01 1.7073526475e+10 1.3101087927e-02 6.0838666662e+01
W 1.8746121470e-01 2.1544346900e+10 1.3583707251e-02 6.8693249746e+01
W 1.8746121470e-01 2.7185882427e+10 1.4085289306e-02 7.7561899686e+01
W 1.8746121470e-01 3.4304692863e+10 1.4606332295e-02 8.7575537700e+01
W 1.8746121470e-01 4.3287612811e+10 1.5147289474e-02 9.8881987607e+01
W 1.8746121470e-01 5.4622772177e+10 1.5708551134e-02 1.1164815803e+02
W 1.8746121470e-01 6.8926121044e+10 1.6290432431e-02 1.2606250637e+02
W 1.8746121470e-01 8.6974900262e+10 1.7355191760e-02 1.4427121441e+02
W 1.8746121470e-01 1.0974987655e+11 1.7995900761e-02 1.6289736620e+02
W 1.8746121470e-01 1.3848863714e+11 1.8658065668e-02 1.8392824948e+02
W 1.8746121470e-01 1.7475284000e+11 1.9341449783e-02 2.0767432736e+02
W 1.8746121470e-01 2.2051307399e+11 2.0045596543e-02 2.3448614538e+02
W 1.8746121470e-01 2.7825594022e+11 2.0769782936e-02 2.6475950625e+02
W 1.8746121470e-01 3.5111917342e+11 2.2101365374e-02 3.0300187259e+02
W 1.8746121470e-01 4.4306214576e+11 2.2882943953e-02 3.4212096433e+02
W 1.8746121470e-01 5.5908101825e+11 2.3680679114e-02 3.8629053094e+02
W 1.8746121470e-01 7.0548023107e+11 2.4492127548e-02 4.3616261454e+02
W 1.8746121470e-01 8.9021508545e+11 2.5314221568e-02 4.9247343925e+02
W 1.8746121470e-01 1.1233240330e+12 2.6858203174e-02 5.6360723890e+02
W 1.8746121470e-01 1.4174741629e+12 2.7712100293e-02 6.3637181656e+02
W 1.8746121470e-01 1.7886495291e+12 2.8562523295e-02 7.1853067342e+02
W 1.8746121470e-01 2.2570197196e+12 2.9402584309e-02 8.1129665897e+02
W 1.8746121470e-01 2.8480358684e+12 3.0224107363e-02 9.1603920781e+02
W 1.8746121470e-01 3.5938136638e+12 3.1865818211e-02 1.0483536522e+03
W 1.8746121470e-01 4.5348785081e+12 3.2640393707e-02 1.1837014715e+03
W 1.8746121470e-01 5.7223676594e+12 3.3361110946e-02 1.3365233867e+03
W 1.8746121470e-01 7.2208090184e+12 3.4012614796e-02 1.5090753928e+03
W 1.8746121470e-01 9.1116275612e+12 3.4577447069e-02 1.7039047457e+03
W 1.8746121470e-01 1.1497569954e+13 3.5994235109e-02 1.9500199859e+03
W 1.8746121470e-01 1.4508287785e+13 3.6333693804e-02 2.2017775413e+03
W 1.8746121470e-01 1.8307382803e+13 3.6517048895e-02 2.4860382850e+03
W 1.8746121470e-01 2.3101297001e+13 3.6518009922e-02 2.8069985449e+03
W 1.8746121470e-01 2.9150530628e+13 3.7302101326e-02 3.2124467502e+03
W 1.8746121470e-01 3.6783797718e+13 3.6842953339e-02 3.6271900589e+03
W 1.8746121470e-01 4.6415888336e+13 3.6111409959e-02 4.0954788502e+03
W 1.8746121470e-01 5.8570208181e+13 3.5082028673e-02 4.6242261201e+03
W 1.8746121470e-01 7.3907220335e+13 3.4656762656e-02 5.2921581306e+03
W 1.8746121470e-01 9.3260334688e+13 3.2931183048e-02 5.9754028171e+03
W 1.8746121470e-01 1.1768119524e+14 3.0862347967e-02 6.7468578877e+03
W 1.8746121470e-01 1.4849682623e+14 2.8462555409e-02 7.6179117543e+03
W 1.8746121470e-01 1.8738174229e+14 2.6467150703e-02 8.7182574082e+03
W 1.8746121470e-01 2.3644894126e+14 2.3438418391e-02 9.8438290376e+03
W 1.8746121470e-01 2.9836472403e+14 2.0232126925e-02 1.1114717722e+04
W 1.8746121470e-01 3.7649358068e+14 1.6948653694e-02 1.2549684637e+04
W 1.8746121470e-01 4.7508101621e+14 1.4081620191e-02 1.4362384940e+04
W 1.8746121470e-01 5.9948425032e+14 1.0924909071e-02 1.6216642306e+04
W 1.8746121470e-01 7.5646332755e+14 8.0701752695e-03 1.8310293784e+04
W 1.8746121470e-01 9.5454845666e+14 5.7801780926e-03 2.0955067422e+04
W 1.8746121470e-01 1.2045035403e+15 3.7632296646e-03 2.3660473821e+04
W 1.8746121470e-01 1.5199110830e+15 2.2576586752e-03 2.6715162026e+04
W 1.8746121470e-01 1.9179102617e+15 1.2609373572e-03 3.0573950809e+04
W 1.8746121470e-01 2.4201282648e+15 6.0918610867e-04 3.4521204259e+04
W 1.8746121470e-01 3.0538555088e+15 2.5589772647e-04 3.8978068320e+04
W 1.8746121470e-01 3.8535285937e+15 9.3581864617e-05 4.4608134598e+04
W 1.8746121470e-01 4.8626015801e+15 2.7291284459e-05 5.0367272966e+04
W 1.8746121470e-01 6.1359072734e+15 6.2235495658e-06 5.6869945558e+04
W 1.8746121470e-01 7.7426368268e+15 1.0712922174e-06 6.5084348593e+04
W 1.8746121470e-01 9.7700995730e+15 1.2202212771e-07 7.3487070933e+04
W 1.8746121470e-01 1.2328467394e+16 8.6249324006e-09 8.2974627711e+04
W 1.8746121470e-01 1.5556761439e+16 3.5060537177e-10 9.4959640655e+04
W 1.8746121470e-01 1.9630406500e+16 6.9154540053e-12 1.0721941603e+05
W 1.8746121470e-01 2.4770763560e+16 5.9478392741e-14 1.2106199111e+05
W 1.8746121470e-01 3.1257158497e+16 1.9507087062e-16 1.3854841522e+05
W 1.8746121470e-01 3.9442060594e+16 1.8884178268e-19 1.5643572437e+05
W 1.8746121470e-01 4.9770235643e+16 4.3871796467e-23 1.7903159775e+05
W 1.8746121470e-01 6.2802914418e+16 1.6471039509e-27 2.0214549285e+05
W 1.8746121470e-01 7.9248289835e+16 6.5570103721e-33 2.2824351004e+05
W 1.8746121470e-01 1.0000000000e+17 1.5793247948e-39 2.6121143648e+05
W 2.0101054530e-01 1.2618568831e+07 4.6893898265e-03 1.3546775620e+00
W 2.0101054530e-01 1.5922827933e+07 4.8341191846e-03 1.5295733651e+00
W 2.0101054530e-01 2.0092330026e+07 4.9842965808e-03 1.7270491110e+00
W 2.0101054530e-01 2.5353644940e+07 5.1401581184e-03 1.9500199859e+00
W 2.0101054530e-01 3.1992671378e+07 5.3019509743e-03 2.2017775413e+00
W 2.0101054530e-01 4.0370172586e+07 5.4699339261e-03 2.4860382850e+00
W 2.0101054530e-01 5.0941380148e+07 5.7987559059e-03 2.8451263804e+00
W 2.0101054530e-01 6.4280731173e+07 5.9848994839e-03 3.2124467502e+00
W 2.0101054530e-01 8.1113083079e+07 6.1782759999e-03 3.6271900589e+00
W 2.0101054530e-01 1.0235310219e+08 6.3792036567e-03 4.0954788502e+00
W 2.0101054530e-01 1.2915496650e+08 6.5880151663e-03 4.6242261201e+00
W 2.0101054530e-01 1.6297508346e+08 6.8050585266e-03 5.2212373672e+00
W 2.0101054530e-01 2.0565123083e+08 7.0306969645e-03 5.8953258204e+00
W 2.0101054530e-01 2.5950242114e+08 7.4640219534e-03 6.7468578877e+00
W 2.0101054530e-01 3.2745491629e+08 7.7146790204e-03 7.6179117543e+00
W 2.0101054530e-01 4.1320124001e+08 7.9753872123e-03 8.6014231310e+00
W 2.0101054530e-01 5.2140082880e+08 8.2465886565e-03 9.7119108575e+00
W 2.0101054530e-01 6.5793322466e+08 8.5287427869e-03 1.0965768230e+01
W 2.0101054530e-01 8.3021756813e+08 8.8223274788e-03 1.2381505004e+01
W 2.0101054530e-01 1.0476157528e+09 9.1278383893e-03 1.3980020637e+01
W 2.0101054530e-01 1.3219411485e+09 9.4457886495e-03 1.5784912815e+01
W 2.0101054530e-01 1.6681005372e+09 1.0044109849e-02 1.8064915626e+01
W 2.0101054530e-01 2.1049041445e+09 1.0397968620e-02 2.0397188644e+01
W 2.0101054530e-01 2.6560877829e+09 1.0766293308e-02 2.3030570039e+01
W 2.0101054530e-01 3.3516026509e+09 1.1149677516e-02 2.6003934443e+01
W 2.0101054530e-01 4.2292428744e+09 1.1548727433e-02 2.9361175402e+01
W 2.0101054530e-01 5.3366992312e+09 1.1964061188e-02 3.3151853343e+01
W 2.0101054530e-01 6.7341506578e+09 1.2396304052e-02 3.7431927196e+01
W 2.0101054530e-01 8.4975343591e+09 1.3197436801e-02 4.2838665911e+01
W 2.0101054530e-01 1.0722672220e+10 1.3678188352e-02 4.8369356820e+01
W 2.0101054530e-01 1.3530477746e+10 1.4178249215e-02 5.4614088217e+01
W 2.0101054530e-01 1.7073526475e+10 1.4698250664e-02 6.1665046383e+01
W 2.0101054530e-01 2.1544346900e+10 1.5238803277e-02 6.9626319316e+01
W 2.0101054530e-01 2.7185882427e+10 1.5800488684e-02 7.8615433311e+01
W 2.0101054530e-01 3.4304692863e+10 1.6383846875e-02 8.8765087906e+01
W 2.0101054530e-01 4.3287612811e+10 1.7454037151e-02 1.0158648593e+02
W 2.0101054530e-01 5.4622772177e+10 1.8099307666e-02 1.1470182092e+02
W 2.0101054530e-01 6.8926121044e+10 1.8768104489e-02 1.2951041276e+02
W 2.0101054530e-01 8.6974900262e+10 1.9460647062e-02 1.4623086955e+02
W 2.0101054530e-01 1.0974987655e+11 2.0177010093e-02 1.6511002285e+02
W 2.0101054530e-01 1.3848863714e+11 2.0917098026e-02 1.8642657141e+02
W 2.0101054530e-01 1.7475284000e+11 2.2273581583e-02 2.1335437975e+02
W 2.0101054530e-01 2.2051307399e+11 2.3081443562e-02 2.4089952158e+02
W 2.0101054530e-01 2.7825594022e+11 2.3911891603e-02 2.7200088213e+02
W 2.0101054530e-01 3.5111917342e+11 2.4763662804e-02 3.0711758742e+02
W 2.0101054530e-01 4.4306214576e+11 2.5635054445e-02 3.4676803901e+02
W 2.0101054530e-01 5.5908101825e+11 2.6523845250e-02 3.9153756672e+02
W 2.0101054530e-01 7.0548023107e+11 2.8177361469e-02 4.4809199709e+02
W 2.0101054530e-01 8.9021508545e+11 2.9116764105e-02 5.0594296612e+02
W 2.0101054530e-01 1.1233240330e+12 3.0063020034e-02 5.7126279118e+02
W 2.0101054530e-01 1.4174741629e+12 3.1010671549e-02 6.4501573980e+02
W 2.0101054530e-01 1.7886495291e+12 3.1953138784e-02 7.2829057136e+02
W 2.0101054530e-01 2.2570197196e+12 3.3781924584e-02 8.3348624582e+02
W 2.0101054530e-01 2.8480358684e+12 3.4713800097e-02 9.4109358382e+02
W 2.0101054530e-01 3.5938136638e+12 3.5611468467e-02 1.0625935796e+03
W 2.0101054530e-01 4.5348785081e+12 3.6461829402e-02 1.1997798464e+03
W 2.0101054530e-01 5.7223676594e+12 3.7249740809e-02 1.3546775620e+03
W 2.0101054530e-01 7.2208090184e+12 3.8996032088e-02 1.5503497641e+03
W 2.0101054530e-01 9.1116275612e+12 3.9621317683e-02 1.7505078494e+03
W 2.0101054530e-01 1.1497569954e+13 4.0121725054e-02 1.9765073674e+03
W 2.0101054530e-01 1.4508287785e+13 4.0472137184e-02 2.2316845792e+03
W 2.0101054530e-01 1.8307382803e+13 4.1756847926e-02 2.5540333419e+03
W 2.0101054530e-01 2.3101297001e+13 4.1722302297e-02 2.8837721114e+03
W 2.0101054530e-01 2.9150530628e+13 4.1444058876e-02 3.2560818428e+03
W 2.0101054530e-01 3.6783797718e+13 4.0890430098e-02 3.6764586650e+03
W 2.0101054530e-01 4.6415888336e+13 4.0030864687e-02 4.1511082855e+03
W 2.0101054530e-01 5.8570208181e+13 3.9900152392e-02 4.7507022567e+03
W 2.0101054530e-01 7.3907220335e+13 3.8309632460e-02 5.3640422201e+03
W 2.0101054530e-01 9.3260334688e+13 3.6340763040e-02 6.0565675103e+03
W 2.0101054530e-01 1.1768119524e+14 3.4922611518e-02 6.9313896337e+03
W 2.0101054530e-01 1.4849682623e+14 3.2137725841e-02 7.8262674927e+03
W 2.0101054530e-01 1.8738174229e+14 2.9018003548e-02 8.8366786611e+03
W 2.0101054530e-01 2.3644894126e+14 2.5626005835e-02 9.9775390799e+03
W 2.0101054530e-01 2.9836472403e+14 2.2653542644e-02 1.1418713790e+04
W 2.0101054530e-01 3.7649358068e+14 1.8908457514e-02 1.2892928152e+04
W 2.0101054530e-01 4.7508101621e+14 1.5228286990e-02 1.4557471130e+04
W 2.0101054530e-01 5.9948425032e+14 1.1758260099e-02 1.6436915121e+04
W 2.0101054530e-01 7.5646332755e+14 8.8743651455e-03 1.8811094384e+04
W 2.0101054530e-01 9.5454845666e+14 6.1477236188e-03 2.1239702897e+04
W 2.0101054530e-01 1.2045035403e+15 3.9731043697e-03 2.3981857192e+04
W 2.0101054530e-01 1.5199110830e+15 2.4278240759e-03 2.7445842229e+04
W 2.0101054530e-01 1.9179102617e+15 1.3067098612e-03 3.0989240860e+04
W 2.0101054530e-01 2.4201282648e+15 6.2393406694e-04 3.4990110379e+04
W 2.0101054530e-01 3.0538555088e+15 2.6558082053e-04 4.0044148431e+04
W 2.0101054530e-01 3.8535285937e+15 9.3019603476e-05 4.5214052838e+04
W 2.0101054530e-01 4.8626015801e+15 2.6613458167e-05 5.1051418350e+04
W 2.0101054530e-01 6.1359072734e+15 6.0947074112e-06 5.8425382255e+04
W 2.0101054530e-01 7.7426368268e+15 9.9371404731e-07 6.5968397978e+04
W 2.0101054530e-01 9.7700995730e+15 1.0952577243e-07 7.4485255616e+04
W 2.0101054530e-01 1.2328467394e+16 7.6434474781e-09 8.5244047518e+04
W 2.0101054530e-01 1.5556761439e+16 2.8823737204e-10 9.6249490116e+04
W 2.0101054530e-01 1.9630406500e+16 5.3644683982e-12 1.0867579165e+05
W 2.0101054530e-01 2.4770763560e+16 4.4194974745e-14 1.2437312957e+05
W 2.0101054530e-01 3.1257158497e+16 1.2967949087e-16 1.4043033682e+05
W 2.0101054530e-01 3.9442060594e+16 1.1651860041e-19 1.6071436160e+05
W 2.0101054530e-01 4.9770235643e+16 2.3309418479e-23 1.8146340781e+05
W 2.0101054530e-01 6.2802914418e+16 7.5431579723e-28 2.0489126203e+05
W 2.0101054530e-01 7.9248289835e+16 2.5742198282e-33 2.3448614538e+05
W 2.0101054530e-01 1.0000000000e+17 4.8338784789e-40 2.6475950625e+05
W 2.1553919507e-01 1.2618568831e+07 5.2700336066e-03 1.3730783280e+00
W 2.1553919507e-01 1.5922827933e+07 5.4326518939e-03 1.5503497641e+00
W 2.1553919507e-01 2.0092330026e+07 5.6013877557e-03 1.7505078494e+00
W 2.1553919507e-01 2.5353644940e+07 5.9344977903e-03 2.0033545305e+00
W 2.1553919507e-01 3.1992671378e+07 6.1212471030e-03 2.2619978484e+00
W 2.1553919507e-01 4.0370172586e+07 6.3151359402e-03 2.5540333419e+00
W 2.1553919507e-01 5.0941380148e+07 6.5164761517e-03 2.8837721114e+00
W 2.1553919507e-01 6.4280731173e+07 6.7255935906e-03 3.2560818428e+00
W 2.1553919507e-01 8.1113083079e+07 6.9428293052e-03 3.6764586650e+00
W 2.1553919507e-01 1.0235310219e+08 7.1685396764e-03 4.1511082855e+00
W 2.1553919507e-01 1.2915496650e+08 7.6055776441e-03 4.7507022567e+00
W 2.1553919507e-01 1.6297508346e+08 7.8560399377e-03 5.3640422201e+00
W 2.1553919507e-01 2.0565123083e+08 8.1164092364e-03 6.0565675103e+00
W 2.1553919507e-01 2.5950242114e+08 8.3871219173e-03 6.8385013580e+00
W 2.1553919507e-01 3.2745491629e+08 8.6686329959e-03 7.7213868654e+00
W 2.1553919507e-01 4.1320124001e+08 8.9614166074e-03 8.7182574082e+00
W 2.1553919507e-01 5.2140082880e+08 9.2659668692e-03 9.8438290376e+00
W 2.1553919507e-01 6.5793322466e+08 9.5827970164e-03 1.1114717722e+01
W 2.1553919507e-01 8.3021756813e+08 1.0183553502e-02 1.2720148677e+01
W 2.1553919507e-01 1.0476157528e+09 1.0535945338e-02 1.4362384940e+01
W 2.1553919507e-01 1.3219411485e+09 1.0902657354e-02 1.6216642306e+01
W 2.1553919507e-01 1.6681005372e+09 1.1284297696e-02 1.8310293784e+01
W 2.1553919507e-01 2.1049041445e+09 1.1681492285e-02 2.0674246377e+01
W 2.1553919507e-01 2.6560877829e+09 1.2094885231e-02 2.3343397343e+01
W 2.1553919507e-01 3.3516026509e+09 1.2525136536e-02 2.6357149352e+01
W 2.1553919507e-01 4.2292428744e+09 1.3327738784e-02 3.0164226104e+01
W 2.1553919507e-01 5.3366992312e+09 1.3806484511e-02 3.4058581998e+01
W 2.1553919507e-01 6.7341506578e+09 1.4304657378e-02 3.8455719160e+01
W 2.1553919507e-01 8.4975343591e+09 1.4822973623e-02 4.3420549222e+01
W 2.1553919507e-01 1.0722672220e+10 1.5362148348e-02 4.9026364243e+01
W 2.1553919507e-01 1.3530477746e+10 1.5922888397e-02 5.5355918659e+01
W 2.1553919507e-01 1.7073526475e+10 1.6505886636e-02 6.2502650930e+01
W 2.1553919507e-01 2.1544346900e+10 1.7579831774e-02 7.1530652635e+01
W 2.1553919507e-01 2.7185882427e+10 1.8226530991e-02 8.0765625803e+01
W 2.1553919507e-01 3.4304692863e+10 1.8898032197e-02 9.1192881248e+01
W 2.1553919507e-01 4.3287612811e+10 1.9594870568e-02 1.0296634871e+02
W 2.1553919507e-01 5.4622772177e+10 2.0317493174e-02 1.1625983105e+02
W 2.1553919507e-01 6.8926121044e+10 2.1066242432e-02 1.3126956996e+02
W 2.1553919507e-01 8.6974900262e+10 2.1841326370e-02 1.4821714295e+02
W 2.1553919507e-01 1.0974987655e+11 2.3262083265e-02 1.6962590881e+02
W 2.1553919507e-01 1.3848863714e+11 2.4112399747e-02 1.9152548135e+02
W 2.1553919507e-01 1.7475284000e+11 2.4989238846e-02 2.1625240073e+02
W 2.1553919507e-01 2.2051307399e+11 2.5891888974e-02 2.4417169190e+02
W 2.1553919507e-01 2.7825594022e+11 2.6819279415e-02 2.7569550638e+02
W 2.1553919507e-01 3.5111917342e+11 2.7769913816e-02 3.1128920656e+02
W 2.1553919507e-01 4.4306214576e+11 2.9527903328e-02 3.5625241125e+02
W 2.1553919507e-01 5.5908101825e+11 3.0545528918e-02 4.0224641994e+02
W 2.1553919507e-01 7.0548023107e+11 3.1578946392e-02 4.5417849044e+02
W 2.1553919507e-01 8.9021508545e+11 3.2623954427e-02 5.1281525689e+02
W 2.1553919507e-01 1.1233240330e+12 3.3675391106e-02 5.7902232984e+02
W 2.1553919507e-01 1.4174741629e+12 3.5676796567e-02 6.6265741577e+02
W 2.1553919507e-01 1.7886495291e+12 3.6749571762e-02 7.4820987794e+02
W 2.1553919507e-01 2.2570197196e+12 3.7805532614e-02 8.4480760063e+02
W 2.1553919507e-01 2.8480358684e+12 3.8833767296e-02 9.5387658345e+02
W 2.1553919507e-01 3.5938136638e+12 3.9821481729e-02 1.0770269299e+03
W 2.1553919507e-01 4.5348785081e+12 4.1868443023e-02 1.2325947469e+03
W 2.1553919507e-01 5.7223676594e+12 4.2751707956e-02 1.3917290340e+03
W 2.1553919507e-01 7.2208090184e+12 4.3540270113e-02 1.5714083716e+03
W 2.1553919507e-01 9.1116275612e+12 4.4211320310e-02 1.7742852309e+03
W 2.1553919507e-01 1.1497569954e+13 4.4739336918e-02 2.0033545305e+03
W 2.1553919507e-01 1.4508287785e+13 4.6329555887e-02 2.2927228668e+03
W 2.1553919507e-01 1.8307382803e+13 4.6488773148e-02 2.5887251173e+03
W 2.1553919507e-01 2.3101297001e+13 4.6407148613e-02 2.9229427725e+03
W 2.1553919507e-01 2.9150530628e+13 4.6049914797e-02 3.3003096366e+03
W 2.1553919507e-01 3.6783797718e+13 4.6623441757e-02 3.7770126337e+03
W 2.1553919507e-01 4.6415888336e+13 4.5584285222e-02 4.2646442859e+03
W 2.1553919507e-01 5.8570208181e+13 4.4161648181e-02 4.8152316789e+03
W 2.1553919507e-01 7.3907220335e+13 4.2332116175e-02 5.4369027208e+03
W 2.1553919507e-01 9.3260334688e+13 4.1179079976e-02 6.2222192842e+03
W 2.1553919507e-01 1.1768119524e+14 3.8438785720e-02 7.0255396233e+03
W 2.1553919507e-01 1.4849682623e+14 3.5290580794e-02 7.9325727276e+03
W 2.1553919507e-01 1.8738174229e+14 3.1780092828e-02 8.9567084455e+03
W 2.1553919507e-01 2.3644894126e+14 2.8745699158e-02 1.0250432438e+04
W 2.1553919507e-01 2.9836472403e+14 2.4649660305e-02 1.1573815702e+04
W 2.1553919507e-01 3.7649358068e+14 2.0493599448e-02 1.3068054514e+04
W 2.1553919507e-01 4.7508101621e+14 1.6430478601e-02 1.4755207201e+04
W 2.1553919507e-01 5.9948425032e+14 1.2965962411e-02 1.6886477376e+04
W 2.1553919507e-01 7.5646332755e+14 9.4684668247e-03 1.9066607988e+04
W 2.1553919507e-01 9.5454845666e+14 6.5140403947e-03 2.1528204613e+04
W 2.1553919507e-01 1.2045035403e+15 4.2904047229e-03 2.4637779409e+04
W 2.1553919507e-01 1.5199110830e+15 2.5281839457e-03 2.7818642764e+04
W 2.1553919507e-01 1.9179102617e+15 1.3459593588e-03 3.1410171850e+04
W 2.1553919507e-01 2.4201282648e+15 6.5187401716e-04 3.5947116777e+04
W 2.1553919507e-01 3.0538555088e+15 2.6607161682e-04 4.0588073439e+04
W 2.1553919507e-01 3.8535285937e+15 9.1564615169e-05 4.5828201346e+04
W 2.1553919507e-01 4.8626015801e+15 2.6359388860e-05 5.2447713859e+04
W 2.1553919507e-01 6.1359072734e+15 5.7321213322e-06 5.9218982013e+04
W 2.1553919507e-01 7.7426368268e+15 9.0727134071e-07 6.6864455523e+04
W 2.1553919507e-01 9.7700995730e+15 9.9123427884e-08 7.6522484575e+04
W 2.1553919507e-01 1.2328467394e+16 6.4483042111e-09 8.6401928782e+04
W 2.1553919507e-01 1.5556761439e+16 2.3077149393e-10 9.7556859773e+04
W 2.1553919507e-01 1.9630406500e+16 4.1421661653e-12 1.1164815803e+05
W 2.1553919507e-01 2.4770763560e+16 3.0779581768e-14 1.2606250637e+05
W 2.1553919507e-01 3.1257158497e+16 8.2398047115e-17 1.4233782081e+05
W 2.1553919507e-01 3.9442060594e+16 6.6290682157e-20 1.6289736620e+05
W 2.1553919507e-01 4.9770235643e+16 1.1605485752e-23 1.8392824948e+05
W 2.1553919507e-01 6.2802914418e+16 3.2824836025e-28 2.1049519544e+05
W 2.1553919507e-01 7.9248289835e+16 8.9543668361e-34 2.3767120195e+05
W 2.1553919507e-01 1.0000000000e+17 1.3206575055e-40 2.6835576992e+05
W 2.3111794728e-01 1.2618568831e+07 5.9288062060e-03 1.3917290340e+00
W 2.3111794728e-01 1.5922827933e+07 6.2788728267e-03 1.5927530210e+00
W 2.3111794728e-01 2.0092330026e+07 6.4738461514e-03 1.7983855837e+00
W 2.3111794728e-01 2.5353644940e+07 6.6761887682e-03 2.0305663622e+00
W 2.3111794728e-01 3.1992671378e+07 6.8862200722e-03 2.2927228668e+00
W 2.3111794728e-01 4.0370172586e+07 7.1042743337e-03 2.5887251173e+00
W 2.3111794728e-01 5.0941380148e+07 7.3307013049e-03 2.9229427725e+00
W 2.3111794728e-01 6.4280731173e+07 7.5658663660e-03 3.3003096366e+00
W 2.3111794728e-01 8.1113083079e+07 8.0237655039e-03 3.7770126337e+00
W 2.3111794728e-01 1.0235310219e+08 8.2845126101e-03 4.2646442859e+00
W 2.3111794728e-01 1.2915496650e+08 8.5554687907e-03 4.8152316789e+00
W 2.3111794728e-01 1.6297508346e+08 8.8370823598e-03 5.4369027208e+00
W 2.3111794728e-01 2.0565123083e+08 9.1298209753e-03 6.1388346743e+00
W 2.3111794728e-01 2.5950242114e+08 9.4341731499e-03 6.9313896337e+00
W 2.3111794728e-01 3.2745491629e+08 9.7506480775e-03 7.8262674927e+00
W 2.3111794728e-01 4.1320124001e+08 1.0079776140e-02 8.8366786611e+00
W 2.3111794728e-01 5.2140082880e+08 1.0707162547e-02 1.0113065324e+01
W 2.3111794728e-01 6.5793322466e+08 1.1073015440e-02 1.1418713790e+01
W 2.3111794728e-01 8.3021756813e+08 1.1453636783e-02 1.2892928152e+01
W 2.3111794728e-01 1.0476157528e+09 1.1849660999e-02 1.4557471130e+01
W 2.3111794728e-01 1.3219411485e+09 1.2261744071e-02 1.6436915121e+01
W 2.3111794728e-01 1.6681005372e+09 1.2690564011e-02 1.8559004946e+01
W 2.3111794728e-01 2.1049041445e+09 1.3136818075e-02 2.0955067422e+01
W 2.3111794728e-01 2.6560877829e+09 1.3973227039e-02 2.3981857192e+01
W 2.3111794728e-01 3.3516026509e+09 1.4469735249e-02 2.7078037634e+01
W 2.3111794728e-01 4.2292428744e+09 1.4986412872e-02 3.0573950809e+01
W 2.3111794728e-01 5.3366992312e+09 1.5524041129e-02 3.4521204259e+01
W 2.3111794728e-01 6.7341506578e+09 1.6083407841e-02 3.8978068320e+01
W 2.3111794728e-01 8.4975343591e+09 1.6665304516e-02 4.4010336332e+01
W 2.3111794728e-01 1.0722672220e+10 1.7270519616e-02 4.9692295885e+01
W 2.3111794728e-01 1.3530477746e+10 1.7899830319e-02 5.6107825483e+01
W 2.3111794728e-01 1.7073526475e+10 1.9061461874e-02 6.4212146446e+01
W 2.3111794728e-01 2.1544346900e+10 1.9759802049e-02 7.2502263027e+01
W 2.3111794728e-01 2.7185882427e+10 2.0485129870e-02 8.1862676067e+01
W 2.3111794728e-01 3.4304692863e+10 2.1238089886e-02 9.2431566313e+01
W 2.3111794728e-01 4.3287612811e+10 2.2019250926e-02 1.0436495435e+02
W 2.3111794728e-01 5.4622772177e+10 2.2829078600e-02 1.1783900384e+02
W 2.3111794728e-01 6.8926121044e+10 2.4315251891e-02 1.3485989354e+02
W 2.3111794728e-01 8.6974900262e+10 2.5207027832e-02 1.5227099567e+02
W 2.3111794728e-01 1.0974987655e+11 2.6128792145e-02 1.7192996014e+02
W 2.3111794728e-01 1.3848863714e+11 2.7080304073e-02 1.9412699750e+02
W 2.3111794728e-01 1.7475284000e+11 2.8061030076e-02 2.1918978593e+02
W 2.3111794728e-01 2.2051307399e+11 2.9070094005e-02 2.4748830855e+02
W 2.3111794728e-01 2.7825594022e+11 3.0929634998e-02 2.8323599026e+02
W 2.3111794728e-01 3.5111917342e+11 3.2020050082e-02 3.1980320549e+02
W 2.3111794728e-01 4.4306214576e+11 3.3134011958e-02 3.6109143526e+02
W 2.3111794728e-01 5.5908101825e+11 3.4268409162e-02 4.0771018670e+02
W 2.3111794728e-01 7.0548023107e+11 3.5419318710e-02 4.6034765743e+02
W 2.3111794728e-01 8.9021508545e+11 3.6581873629e-02 5.1978089490e+02
W 2.3111794728e-01 1.1233240330e+12 3.8782609159e-02 5.9485903535e+02
W 2.3111794728e-01 1.4174741629e+12 3.9981229623e-02 6.7165837980e+02
W 2.3111794728e-01 1.7886495291e+12 4.1169384918e-02 7.5837291248e+02
W 2.3111794728e-01 2.2570197196e+12 4.2336502415e-02 8.5628273491e+02
W 2.3111794728e-01 2.8480358684e+12 4.3470114512e-02 9.6683321627e+02
W 2.3111794728e-01 3.5938136638e+12 4.5774266841e-02 1.1064844438e+03
W 2.3111794728e-01 4.5348785081e+12 4.6822683766e-02 1.2493372457e+03
W 2.3111794728e-01 5.7223676594e+12 4.7784297265e-02 1.4106330750e+03
W 2.3111794728e-01 7.2208090184e+12 4.8636291500e-02 1.5927530210e+03
W 2.3111794728e-01 9.1116275612e+12 4.9352912834e-02 1.7983855837e+03
W 2.3111794728e-01 1.1497569954e+13 5.1270379709e-02 2.0581478158e+03
W 2.3111794728e-01 1.4508287785e+13 5.1636925938e-02 2.3238652272e+03
W 2.3111794728e-01 1.8307382803e+13 5.1767230324e-02 2.6238881157e+03
W 2.3111794728e-01 2.3101297001e+13 5.1624017510e-02 2.9626454939e+03
W 2.3111794728e-01 2.9150530628e+13 5.2568323117e-02 3.3905756404e+03
W 2.3111794728e-01 3.6783797718e+13 5.1740811664e-02 3.8283162999e+03
W 2.3111794728e-01 4.6415888336e+13 5.0516268476e-02 4.3225715179e+03
W 2.3111794728e-01 5.8570208181e+13 4.8862341707e-02 4.8806376128e+03
W 2.3111794728e-01 7.3907220335e+13 4.6754875323e-02 5.5107528953e+03
W 2.3111794728e-01 9.3260334688e+13 4.5390408923e-02 6.3067365184e+03
W 2.3111794728e-01 1.1768119524e+14 4.2274233185e-02 7.1209684648e+03
W 2.3111794728e-01 1.4849682623e+14 3.8712799513e-02 8.0403219206e+03
W 2.3111794728e-01 1.8738174229e+14 3.5711693546e-02 9.2016813019e+03
W 2.3111794728e-01 2.3644894126e+14 3.1338461295e-02 1.0389665429e+04
W 2.3111794728e-01 2.9836472403e+14 2.6772173728e-02 1.1731024384e+04
W 2.3111794728e-01 3.7649358068e+14 2.2162843673e-02 1.3245559641e+04
W 2.3111794728e-01 4.7508101621e+14 1.8165114595e-02 1.5158773453e+04
W 2.3111794728e-01 5.9948425032e+14 1.3874473847e-02 1.7115848650e+04
W 2.3111794728e-01 7.5646332755e+14 1.0066047658e-02 1.9325592266e+04
W 2.3111794728e-01 9.5454845666e+14 7.0611309983e-03 2.2117017547e+04
W 2.3111794728e-01 1.2045035403e+15 4.4875157998e-03 2.4972437651e+04
W 2.3111794728e-01 1.5199110830e+15 2.6175600425e-03 2.8196507098e+04
W 2.3111794728e-01 1.9179102617e+15 1.3770794052e-03 3.1836820402e+04
W 2.3111794728e-01 2.4201282648e+15 6.5773347018e-04 3.6435391257e+04
W 2.3111794728e-01 3.0538555088e+15 2.6411978676e-04 4.1139386652e+04
W 2.3111794728e-01 3.8535285937e+15 8.9166151407e-05 4.6450691916e+04
W 2.3111794728e-01 4.8626015801e+15 2.5093698245e-05 5.3160118149e+04
W 2.3111794728e-01 6.1359072734e+15 5.3117074628e-06 6.0023361341e+04
W 2.3111794728e-01 7.7426368268e+15 8.1399436707e-07 6.7772684338e+04
W 2.3111794728e-01 9.7700995730e+15 8.5534714178e-08 7.7561899686e+04
W 2.3111794728e-01 1.2328467394e+16 5.3082771527e-09 8.7575537700e+04
W 2.3111794728e-01 1.5556761439e+16 1.7944943051e-10 9.8881987607e+04
W 2.3111794728e-01 1.9630406500e+16 3.0067207370e-12 1.1316468985e+05
W 2.3111794728e-01 2.4770763560e+16 2.0563123129e-14 1.2777483020e+05
W 2.3111794728e-01 3.1257158497e+16 5.1176391822e-17 1.4623086955e+05
W 2.3111794728e-01 3.9442060594e+16 3.5532417346e-20 1.6511002285e+05
W 2.3111794728e-01 4.9770235643e+16 5.3796263245e-24 1.8642657141e+05
W 2.3111794728e-01 6.2802914418e+16 1.2759653482e-28 2.1335437975e+05
W 2.3111794728e-01 7.9248289835e+16 2.8087476945e-34 2.4089952158e+05
W 2.3111794728e-01 1.0000000000e+17 3.2715356471e-41 2.7569550638e+05
W 2.4782270128e-01 1.2618568831e+07 6.8597669221e-03 1.4297938922e+00
W 2.4782270128e-01 1.5922827933e+07 7.0713430324e-03 1.6143875977e+00
W 2.4782270128e-01 2.0092330026e+07 7.2908669102e-03 1.8228132949e+00
W 2.4782270128e-01 2.5353644940e+07 7.5186812995e-03 2.0581478158e+00
W 2.4782270128e-01 3.1992671378e+07 7.7551448383e-03 2.3238652272e+00
W 2.4782270128e-01 4.0370172586e+07 8.0006327939e-03 2.6238881157e+00
W 2.4782270128e-01 5.0941380148e+07 8.2555377307e-03 2.9626454939e+00
W 2.4782270128e-01 6.4280731173e+07 8.7533055801e-03 3.3905756404e+00
W 2.4782270128e-01 8.1113083079e+07 9.0358145615e-03 3.8283162999e+00
W 2.4782270128e-01 1.0235310219e+08 9.3293202135e-03 4.3225715179e+00
W 2.4782270128e-01 1.2915496650e+08 9.6343033858e-03 4.8806376128e+00
W 2.4782270128e-01 1.6297508346e+08 9.9512666004e-03 5.5107528953e+00
W 2.4782270128e-01 2.0565123083e+08 1.0280733884e-02 6.2222192842e+00
W 2.4782270128e-01 2.5950242114e+08 1.0623252437e-02 7.0255396233e+00
W 2.4782270128e-01 3.2745491629e+08 1.0979392398e-02 7.9325727276e+00
W 2.4782270128e-01 4.1320124001e+08 1.1660171682e-02 9.0783686106e+00
W 2.4782270128e-01 5.2140082880e+08 1.2055894928e-02 1.0250432438e+01
W 2.4782270128e-01 6.5793322466e+08 1.2467515831e-02 1.1573815702e+01
W 2.4782270128e-01 8.3021756813e+08 1.2895718651e-02 1.3068054514e+01
W 2.4782270128e-01 1.0476157528e+09 1.3341211874e-02 1.4755207201e+01
W 2.4782270128e-01 1.3219411485e+09 1.3804727535e-02 1.6660179931e+01
W 2.4782270128e-01 1.6681005372e+09 1.4287021657e-02 1.8811094384e+01
W 2.4782270128e-01 2.1049041445e+09 1.5193358002e-02 2.1528204613e+01
W 2.4782270128e-01 2.6560877829e+09 1.5729843076e-02 2.4307605956e+01
W 2.4782270128e-01 3.3516026509e+09 1.6288075932e-02 2.7445842229e+01
W 2.4782270128e-01 4.2292428744e+09 1.6868909289e-02 3.0989240860e+01
W 2.4782270128e-01 5.3366992312e+09 1.7473209118e-02 3.4990110379e+01
W 2.4782270128e-01 6.7341506578e+09 1.8101847114e-02 3.9507512620e+01
W 2.4782270128e-01 8.4975343591e+09 1.8755697198e-02 4.4608134598e+01
W 2.4782270128e-01 1.0722672220e+10 1.9435627698e-02 5.0367272966e+01
W 2.4782270128e-01 1.3530477746e+10 2.0693404421e-02 5.7642417611e+01
W 2.4782270128e-01 1.7073526475e+10 2.1448124961e-02 6.5084348593e+01
W 2.4782270128e-01 2.1544346900e+10 2.2232182542e-02 7.3487070933e+01
W 2.4782270128e-01 2.7185882427e+10 2.3046338837e-02 8.2974627711e+01
W 2.4782270128e-01 3.4304692863e+10 2.3891283551e-02 9.3687076602e+01
W 2.4782270128e-01 4.3287612811e+10 2.4767616650e-02 1.0578255744e+02
W 2.4782270128e-01 5.4622772177e+10 2.6378070186e-02 1.2106199111e+02
W 2.4782270128e-01 6.8926121044e+10 2.7344193679e-02 1.3669171345e+02
W 2.4782270128e-01 8.6974900262e+10 2.8343557852e-02 1.5433931290e+02
W 2.4782270128e-01 1.0974987655e+11 2.9376088637e-02 1.7426530772e+02
W 2.4782270128e-01 1.3848863714e+11 3.0441440992e-02 1.9676385039e+02
W 2.4782270128e-01 1.7475284000e+11 3.1538931510e-02 2.2216707001e+02
W 2.4782270128e-01 2.2051307399e+11 3.2667481444e-02 2.5084997524e+02
W 2.4782270128e-01 2.7825594022e+11 3.4750691456e-02 2.8708322248e+02
W 2.4782270128e-01 3.5111917342e+11 3.5968560871e-02 3.2414713507e+02
W 2.4782270128e-01 4.4306214576e+11 3.7211719709e-02 3.6599618837e+02
W 2.4782270128e-01 5.5908101825e+11 3.8476521775e-02 4.1324816853e+02
W 2.4782270128e-01 7.0548023107e+11 3.9758393318e-02 4.6660062104e+02
W 2.4782270128e-01 8.9021508545e+11 4.2174478644e-02 5.3399730166e+02
W 2.4782270128e-01 1.1233240330e+12 4.3507788975e-02 6.0293908495e+02
W 2.4782270128e-01 1.4174741629e+12 4.4837195222e-02 6.8078160513e+02
W 2.4782270128e-01 1.7886495291e+12 4.6152469084e-02 7.6867399286e+02
W 2.4782270128e-01 2.2570197196e+12 4.7441480937e-02 8.6791373747e+02
W 2.4782270128e-01 2.8480358684e+12 4.8689962214e-02 9.7996584076e+02
W 2.4782270128e-01 3.5938136638e+12 5.1245551762e-02 1.1215139695e+03
W 2.4782270128e-01 4.5348785081e+12 5.2390882547e-02 1.2663071600e+03
W 2.4782270128e-01 5.7223676594e+12 5.3434930070e-02 1.4297938922e+03
W 2.4782270128e-01 7.2208090184e+12 5.4351841252e-02 1.6143875977e+03
W 2.4782270128e-01 9.1116275612e+12 5.6619886652e-02 1.8475728109e+03
W 2.4782270128e-01 1.1497569954e+13 5.7207609812e-02 2.0861039120e+03
W 2.4782270128e-01 1.4508287785e+13 5.7565115560e-02 2.3554305985e+03
W 2.4782270128e-01 1.8307382803e+13 5.7653106379e-02 2.6595287378e+03
W 2.4782270128e-01 2.3101297001e+13 5.7430132652e-02 3.0028875026e+03
W 2.4782270128e-01 2.9150530628e+13 5.8408680552e-02 3.4366302814e+03
W 2.4782270128e-01 3.6783797718e+13 5.7410237032e-02 3.8803168307e+03
W 2.4782270128e-01 4.6415888336e+13 5.5965343003e-02 4.3812855831e+03
W 2.4782270128e-01 5.8570208181e+13 5.4039706202e-02 4.9469319642e+03
W 2.4782270128e-01 7.3907220335e+13 5.3020342945e-02 5.6614762203e+03
W 2.4782270128e-01 9.3260334688e+13 4.9993436899e-02 6.3924017614e+03
W 2.4782270128e-01 1.1768119524e+14 4.6446679723e-02 7.2176935289e+03
W 2.4782270128e-01 1.4849682623e+14 4.2415346063e-02 8.1495346853e+03
W 2.4782270128e-01 1.8738174229e+14 3.9003721495e-02 9.3266689659e+03
W 2.4782270128e-01 2.3644894126e+14 3.4104556322e-02 1.0530789640e+04
W 2.4782270128e-01 2.9836472403e+14 2.9016105195e-02 1.1890368452e+04
W 2.4782270128e-01 3.7649358068e+14 2.3908226030e-02 1.3425475844e+04
W 2.4782270128e-01 4.7508101621e+14 1.9490781911e-02 1.5364677094e+04
W 2.4782270128e-01 5.9948425032e+14 1.4795471303e-02 1.7348335504e+04
W 2.4782270128e-01 7.5646332755e+14 1.0658194665e-02 1.9588094363e+04
W 2.4782270128e-01 9.5454845666e+14 7.4153176600e-03 2.2417435945e+04
W 2.4782270128e-01 1.2045035403e+15 4.6679064964e-03 2.5311641602e+04
W 2.4782270128e-01 1.5199110830e+15 2.6927440314e-03 2.8579504013e+04
W 2.4782270128e-01 1.9179102617e+15 1.4366485048e-03 3.2707581897e+04
W 2.4782270128e-01 2.4201282648e+15 6.5786704210e-04 3.6930298034e+04
W 2.4782270128e-01 3.0538555088e+15 2.5951804124e-04 4.1698188426e+04
W 2.4782270128e-01 3.8535285937e+15 8.5799902336e-05 4.7081637858e+04
W 2.4782270128e-01 4.8626015801e+15 2.3557136968e-05 5.3882199122e+04
W 2.4782270128e-01 6.1359072734e+15 4.8420300761e-06 6.0838666662e+04
W 2.4782270128e-01 7.7426368268e+15 7.1633659742e-07 6.8693249746e+04
W 2.4782270128e-01 9.7700995730e+15 7.2143562905e-08 7.8615433311e+04
W 2.4782270128e-01 1.2328467394e+16 4.2531413871e-09 8.8765087906e+04
W 2.4782270128e-01 1.5556761439e+16 1.3881679988e-10 1.0158648593e+05
W 2.4782270128e-01 1.9630406500e+16 2.1003422853e-12 1.1470182092e+05
W 2.4782270128e-01 2.4770763560e+16 1.3122124715e-14 1.2951041276e+05
W 2.4782270128e-01 3.1257158497e+16 2.9287896144e-17 1.4821714295e+05
W 2.4782270128e-01 3.9442060594e+16 1.7835258588e-20 1.6735273430e+05
W 2.4782270128e-01 4.9770235643e+16 2.3048761082e-24 1.8895882839e+05
W 2.4782270128e-01 6.2802914418e+16 4.5123569675e-29 2.1625240073e+05
W 2.4782270128e-01 7.9248289835e+16 7.8620797741e-35 2.4417169190e+05
W 2.4782270128e-01 1.0000000000e+17 6.8748573415e-42 2.7944031520e+05
W 2.6573484229e-01 1.2618568831e+07 7.7341703420e-03 1.4492149732e+00
W 2.6573484229e-01 1.5922827933e+07 7.9726513808e-03 1.6363160397e+00
W 2.6573484229e-01 2.0092330026e+07 8.2200833469e-03 1.8475728109e+00
W 2.6573484229e-01 2.5353644940e+07 8.4768514837e-03 2.0861039120e+00
W 2.6573484229e-01 3.1992671378e+07 8.7433588180e-03 2.3554305985e+00
W 2.6573484229e-01 4.0370172586e+07 9.0200269731e-03 2.6595287378e+00
W 2.6573484229e-01 5.0941380148e+07 9.3072969033e-03 3.0028875026e+00
W 2.6573484229e-01 6.4280731173e+07 9.8683503757e-03 3.4366302814e+00
W 2.6573484229e-01 8.1113083079e+07 1.0186701620e-02 3.8803168307e+00
W 2.6573484229e-01 1.0235310219e+08 1.0517428907e-02 4.3812855831e+00
W 2.6573484229e-01 1.2915496650e+08 1.0861071749e-02 4.9469319642e+00
W 2.6573484229e-01 1.6297508346e+08 1.1218193785e-02 5.5856061867e+00
W 2.6573484229e-01 2.0565123083e+08 1.1589382556e-02 6.3067365184e+00
W 2.6573484229e-01 2.5950242114e+08 1.1975251340e-02 7.1209684648e+00
W 2.6573484229e-01 3.2745491629e+08 1.2714943956e-02 8.1495346853e+00
W 2.6573484229e-01 4.1320124001e+08 1.3143524810e-02 9.2016813019e+00
W 2.6573484229e-01 5.2140082880e+08 1.3589236856e-02 1.0389665429e+01
W 2.6573484229e-01 6.5793322466e+08 1.4052817049e-02 1.1731024384e+01
W 2.6573484229e-01 8.3021756813e+08 1.4535030252e-02 1.3245559641e+01
W 2.6573484229e-01 1.0476157528e+09 1.5036667842e-02 1.4955629148e+01
W 2.6573484229e-01 1.3219411485e+09 1.5558546854e-02 1.6886477376e+01
W 2.6573484229e-01 1.6681005372e+09 1.6101510363e-02 1.9066607988e+01
W 2.6573484229e-01 2.1049041445e+09 1.7122263202e-02 2.1820625087e+01
W 2.6573484229e-01 2.6560877829e+09 1.7726089637e-02 2.4637779409e+01
W 2.6573484229e-01 3.3516026509e+09 1.8354309687e-02 2.7818642764e+01
W 2.6573484229e-01 4.2292428744e+09 1.9007869593e-02 3.1410171850e+01
W 2.6573484229e-01 5.3366992312e+09 1.9687728671e-02 3.5465385714e+01
W 2.6573484229e-01 6.7341506578e+09 2.0394850598e-02 4.0044148431e+01
W 2.6573484229e-01 8.4975343591e+09 2.1130199201e-02 4.5214052838e+01
W 2.6573484229e-01 1.0722672220e+10 2.2493567013e-02 5.1744856573e+01
W 2.6573484229e-01 1.3530477746e+10 2.3309947710e-02 5.8425382255e+01
W 2.6573484229e-01 1.7073526475e+10 2.4158198792e-02 6.5968397978e+01
W 2.6573484229e-01 2.1544346900e+10 2.5039202711e-02 7.4485255616e+01
W 2.6573484229e-01 2.7185882427e+10 2.5953778726e-02 8.4101683142e+01
W 2.6573484229e-01 3.4304692863e+10 2.6902660094e-02 9.4959640655e+01
W 2.6573484229e-01 4.3287612811e+10 2.7886473463e-02 1.0721941603e+02
W 2.6573484229e-01 5.4622772177e+10 2.9696295899e-02 1.2270639228e+02
W 2.6573484229e-01 6.8926121044e+10 3.0780110558e-02 1.3854841522e+02
W 2.6573484229e-01 8.6974900262e+10 3.1900739256e-02 1.5643572437e+02
W 2.6573484229e-01 1.0974987655e+11 3.3058017799e-02 1.7663237663e+02
W 2.6573484229e-01 1.3848863714e+11 3.4251466978e-02 1.9943652001e+02
W 2.6573484229e-01 1.7475284000e+11 3.5480215641e-02 2.2518479495e+02
W 2.6573484229e-01 2.2051307399e+11 3.6742935462e-02 2.5425730390e+02
W 2.6573484229e-01 2.7825594022e+11 3.9078111781e-02 2.9098271217e+02
W 2.6573484229e-01 3.5111917342e+11 4.0438722010e-02 3.2855006882e+02
W 2.6573484229e-01 4.4306214576e+11 4.1826343104e-02 3.7096756339e+02
W 2.6573484229e-01 5.5908101825e+11 4.3236692042e-02 4.1886137350e+02
W 2.6573484229e-01 7.0548023107e+11 4.4664423877e-02 4.7293851949e+02
W 2.6573484229e-01 8.9021508545e+11 4.7363914454e-02 5.4125065821e+02
W 2.6573484229e-01 1.1233240330e+12 4.8844688675e-02 6.1112888693e+02
W 2.6573484229e-01 1.4174741629e+12 5.0318469090e-02 6.9002875244e+02
W 2.6573484229e-01 1.7886495291e+12 5.1773468407e-02 7.7911499420e+02
W 2.6573484229e-01 2.2570197196e+12 5.3195746049e-02 8.7970272549e+02
W 2.6573484229e-01 2.8480358684e+12 5.4568945809e-02 9.9327684744e+02
W 2.6573484229e-01 3.5938136638e+12 5.7402225917e-02 1.1367476433e+03
W 2.6573484229e-01 4.5348785081e+12 5.8650438093e-02 1.2835075790e+03
W 2.6573484229e-01 5.7223676594e+12 5.9780230391e-02 1.4492149732e+03
W 2.6573484229e-01 7.2208090184e+12 6.0762282698e-02 1.6363160397e+03
W 2.6573484229e-01 9.1116275612e+12 6.1563695655e-02 1.8475728109e+03
W 2.6573484229e-01 1.1497569954e+13 6.3847800502e-02 2.1144397396e+03
W 2.6573484229e-01 1.4508287785e+13 6.4184131562e-02 2.3874247263e+03
W 2.6573484229e-01 1.8307382803e+13 6.4212605093e-02 2.6956534713e+03
W 2.6573484229e-01 2.3101297001e+13 6.3887180355e-02 3.0436761240e+03
W 2.6573484229e-01 2.9150530628e+13 6.4888484355e-02 3.4833104887e+03
W 2.6573484229e-01 3.6783797718e+13 6.3683628997e-02 3.9330236916e+03
W 2.6573484229e-01 4.6415888336e+13 6.1976689067e-02 4.4407971694e+03
W 2.6573484229e-01 5.8570208181e+13 5.9731653564e-02 5.0141268007e+03
W 2.6573484229e-01 7.3907220335e+13 5.8481082120e-02 5.7383768066e+03
W 2.6573484229e-01 9.3260334688e+13 5.5011229910e-02 6.4792306068e+03
W 2.6573484229e-01 1.1768119524e+14 5.0971268868e-02 7.3157324225e+03
W 2.6573484229e-01 1.4849682623e+14 4.6405865507e-02 8.2602309016e+03
W 2.6573484229e-01 1.8738174229e+14 4.2526329042e-02 9.4533543540e+03
W 2.6573484229e-01 2.3644894126e+14 3.7039157953e-02 1.0673830759e+04
W 2.6573484229e-01 2.9836472403e+14 3.1372304344e-02 1.2051876912e+04
W 2.6573484229e-01 3.7649358068e+14 2.5717915317e-02 1.3607835872e+04
W 2.6573484229e-01 4.7508101621e+14 2.0843690511e-02 1.5573377552e+04
W 2.6573484229e-01 5.9948425032e+14 1.5716337898e-02 1.7583980259e+04
W 2.6573484229e-01 7.5646332755e+14 1.1234078380e-02 1.9854162060e+04
W 2.6573484229e-01 9.5454845666e+14 7.7462134325e-03 2.2721934967e+04
W 2.6573484229e-01 1.2045035403e+15 4.8257601882e-03 2.5655453004e+04
W 2.6573484229e-01 1.5199110830e+15 2.7503151195e-03 2.8967703227e+04
W 2.6573484229e-01 1.9179102617e+15 1.4082559782e-03 3.2707581897e+04
W 2.6573484229e-01 2.4201282648e+15 6.5163473425e-04 3.7431927196e+04
W 2.6573484229e-01 3.0538555088e+15 2.5212131930e-04 4.2264580479e+04
W 2.6573484229e-01 3.8535285937e+15 8.1474734306e-05 4.7721154022e+04
W 2.6573484229e-01 4.8626015801e+15 2.1774779915e-05 5.4614088217e+04
W 2.6573484229e-01 6.1359072734e+15 4.3344421041e-06 6.1665046383e+04
W 2.6573484229e-01 7.7426368268e+15 6.1706925077e-07 6.9626319316e+04
W 2.6573484229e-01 9.7700995730e+15 5.9333047186e-08 7.9683277224e+04
W 2.6573484229e-01 1.2328467394e+16 3.3073638963e-09 8.9970795930e+04
W 2.6573484229e-01 1.5556761439e+16 9.8190004790e-11 1.0158648593e+05
W 2.6573484229e-01 1.9630406500e+16 1.4063283948e-12 1.1625983105e+05
W 2.6573484229e-01 2.4770763560e+16 7.9606190851e-15 1.3126956996e+05
W 2.6573484229e-01 3.1257158497e+16 1.5777329237e-17 1.5023039616e+05
W 2.6573484229e-01 3.9442060594e+16 8.3268568976e-21 1.6962590881e+05
W 2.6573484229e-01 4.9770235643e+16 9.0539455651e-25 1.9152548135e+05
W 2.6573484229e-01 6.2802914418e+16 1.4377577765e-29 2.1918978593e+05
W 2.6573484229e-01 7.9248289835e+16 1.9410966727e-35 2.4748830855e+05
W 2.6573484229e-01 1.0000000000e+17 1.2084272995e-42 2.7944031520e+05
W 2.8494163788e-01 1.2618568831e+07 8.7299011374e-03 1.4688998534e+00
W 2.8494163788e-01 1.5922827933e+07 8.9990039864e-03 1.6585423386e+00
W 2.8494163788e-01 2.0092330026e+07 9.2781977490e-03 1.8726686388e+00
W 2.8494163788e-01 2.5353644940e+07 9.5679157904e-03 2.1144397396e+00
W 2.8494163788e-01 3.1992671378e+07 9.8686113791e-03 2.3874247263e+00
W 2.8494163788e-01 4.0370172586e+07 1.0180758585e-02 2.6956534713e+00
W 2.8494163788e-01 5.0941380148e+07 1.0504853088e-02 3.0436761240e+00
W 2.8494163788e-01 6.4280731173e+07 1.1137933274e-02 3.4833104887e+00
W 2.8494163788e-01 8.1113083079e+07 1.1497059106e-02 3.9330236916e+00
W 2.8494163788e-01 1.0235310219e+08 1.1870126521e-02 4.4407971694e+00
W 2.8494163788e-01 1.2915496650e+08 1.2257741232e-02 5.0141268007e+00
W 2.8494163788e-01 1.6297508346e+08 1.2660535807e-02 5.6614762203e+00
W 2.8494163788e-01 2.0565123083e+08 1.3079169364e-02 6.3924017614e+00
W 2.8494163788e-01 2.5950242114e+08 1.3514329597e-02 7.2176935289e+00
W 2.8494163788e-01 3.2745491629e+08 1.3966732366e-02 8.1495346853e+00
W 2.8494163788e-01 4.1320124001e+08 1.4831988630e-02 9.3266689659e+00
W 2.8494163788e-01 5.2140082880e+08 1.5334518704e-02 1.0530789640e+01
W 2.8494163788e-01 6.5793322466e+08 1.5857147975e-02 1.1890368452e+01
W 2.8494163788e-01 8.3021756813e+08 1.6400731598e-02 1.3425475844e+01
W 2.8494163788e-01 1.0476157528e+09 1.6966153678e-02 1.5158773453e+01
W 2.8494163788e-01 1.3219411485e+09 1.7554326177e-02 1.7115848650e+01
W 2.8494163788e-01 1.6681005372e+09 1.8166189209e-02 1.9325592266e+01
W 2.8494163788e-01 2.1049041445e+09 1.8802706630e-02 2.1820625087e+01
W 2.8494163788e-01 2.6560877829e+09 1.9997245126e-02 2.4972437651e+01
W 2.8494163788e-01 3.3516026509e+09 2.0704893097e-02 2.8196507098e+01
W 2.8494163788e-01 4.2292428744e+09 2.1440968377e-02 3.1836820402e+01
W 2.8494163788e-01 5.3366992312e+09 2.2206532798e-02 3.5947116777e+01
W 2.8494163788e-01 6.7341506578e+09 2.3002650541e-02 4.0588073439e+01
W 2.8494163788e-01 8.4975343591e+09 2.3830383065e-02 4.5828201346e+01
W 2.8494163788e-01 1.0722672220e+10 2.4690778462e-02 5.1744856573e+01
W 2.8494163788e-01 1.3530477746e+10 2.6284624075e-02 5.9218982013e+01
W 2.8494163788e-01 1.7073526475e+10 2.7238775520e-02 6.6864455523e+01
W 2.8494163788e-01 2.1544346900e+10 2.8229497405e-02 7.5496998774e+01
W 2.8494163788e-01 2.7185882427e+10 2.9257665948e-02 8.5244047518e+01
W 2.8494163788e-01 3.4304692863e+10 3.0324054362e-02 9.6249490116e+01
W 2.8494163788e-01 4.3287612811e+10 3.1429308889e-02 1.0867579165e+02
W 2.8494163788e-01 5.4622772177e+10 3.2573907232e-02 1.2270639228e+02
W 2.8494163788e-01 6.8926121044e+10 3.4681439550e-02 1.4043033682e+02
W 2.8494163788e-01 8.6974900262e+10 3.5938788079e-02 1.5856061167e+02
W 2.8494163788e-01 1.0974987655e+11 3.7236590195e-02 1.7903159775e+02
W 2.8494163788e-01 1.3848863714e+11 3.8574194791e-02 2.0214549285e+02
W 2.8494163788e-01 1.7475284000e+11 3.9950495723e-02 2.2824351004e+02
W 2.8494163788e-01 2.2051307399e+11 4.1363856987e-02 2.5771091476e+02
W 2.8494163788e-01 2.7825594022e+11 4.3982950348e-02 2.9493516915e+02
W 2.8494163788e-01 3.5111917342e+11 4.5503355567e-02 3.3301280821e+02
W 2.8494163788e-01 4.4306214576e+11 4.7052411390e-02 3.7600646527e+02
W 2.8494163788e-01 5.5908101825e+11 4.8625074829e-02 4.2455082339e+02
W 2.8494163788e-01 7.0548023107e+11 5.0215085166e-02 4.7936250646e+02
W 2.8494163788e-01 8.9021508545e+11 5.1814773385e-02 5.4125065821e+02
W 2.8494163788e-01 1.1233240330e+12 5.4875787745e-02 6.1942993208e+02
W 2.8494163788e-01 1.4174741629e+12 5.6508581390e-02 6.9940150499e+02
W 2.8494163788e-01 1.7886495291e+12 5.8116718546e-02 7.8969781705e+02
W 2.8494163788e-01 2.2570197196e+12 5.9684149304e-02 8.9165184490e+02
W 2.8494163788e-01 2.8480358684e+12 6.1192094559e-02 1.0067686593e+03
W 2.8494163788e-01 3.5938136638e+12 6.4331425455e-02 1.1521882381e+03
W 2.8494163788e-01 4.5348785081e+12 6.5687809286e-02 1.3009416336e+03
W 2.8494163788e-01 5.7223676594e+12 6.6905461688e-02 1.4688998534e+03
W 2.8494163788e-01 7.2208090184e+12 6.7951105233e-02 1.6585423386e+03
W 2.8494163788e-01 9.1116275612e+12 6.8787526313e-02 1.8726686388e+03
W 2.8494163788e-01 1.1497569954e+13 7.1271056937e-02 2.1431604565e+03
W 2.8494163788e-01 1.4508287785e+13 7.1570129089e-02 2.4198534347e+03
W 2.8494163788e-01 1.8307382803e+13 7.1517136407e-02 2.7322688918e+03
W 2.8494163788e-01 2.3101297001e+13 7.1061014661e-02 3.0850187826e+03
W 2.8494163788e-01 2.9150530628e+13 7.0150198823e-02 3.4833104887e+03
W 2.8494163788e-01 3.6783797718e+13 7.0614811048e-02 3.9864464768e+03
W 2.8494163788e-01 4.6415888336e+13 6.8596146531e-02 4.5011171095e+03
W 2.8494163788e-01 5.8570208181e+13 6.5975504900e-02 5.0822343536e+03
W 2.8494163788e-01 7.3907220335e+13 6.2729428192e-02 5.7383768066e+03
W 2.8494163788e-01 9.3260334688e+13 6.0463886221e-02 6.5672388601e+03
W 2.8494163788e-01 1.1768119524e+14 5.5859217641e-02 7.4151029914e+03
W 2.8494163788e-01 1.4849682623e+14 5.0687347060e-02 8.3724307193e+03
W 2.8494163788e-01 1.8738174229e+14 4.5043249916e-02 9.4533543540e+03
W 2.8494163788e-01 2.3644894126e+14 4.0132070711e-02 1.0818814826e+04
W 2.8494163788e-01 2.9836472403e+14 3.3826465126e-02 1.2215579163e+04
W 2.8494163788e-01 3.7649358068e+14 2.7575454684e-02 1.3792672921e+04
W 2.8494163788e-01 4.7508101621e+14 2.1615512867e-02 1.5573377552e+04
W 2.8494163788e-01 5.9948425032e+14 1.6621458721e-02 1.7822825807e+04
W 2.8494163788e-01 7.5646332755e+14 1.1780843255e-02 2.0123843791e+04
W 2.8494163788e-01 9.5454845666e+14 7.8299166834e-03 2.2721934967e+04
W 2.8494163788e-01 1.2045035403e+15 4.9547356004e-03 2.6003934443e+04
W 2.8494163788e-01 1.5199110830e+15 2.7867460457e-03 2.9361175402e+04
W 2.8494163788e-01 1.9179102617e+15 1.4050583521e-03 3.3151853343e+04
W 2.8494163788e-01 2.4201282648e+15 6.3851699456e-04 3.7940370054e+04
W 2.8494163788e-01 3.0538555088e+15 2.4186828496e-04 4.2838665911e+04
W 2.8494163788e-01 3.8535285937e+15 7.6238693679e-05 4.8369356820e+04
W 2.8494163788e-01 4.8626015801e+15 1.9257781666e-05 5.4614088217e+04
W 2.8494163788e-01 6.1359072734e+15 3.8027555985e-06 6.2502650930e+04
W 2.8494163788e-01 7.7426368268e+15 5.1912945091e-07 7.0572062895e+04
W 2.8494163788e-01 9.7700995730e+15 4.7453808084e-08 8.0765625803e+04
W 2.8494163788e-01 1.2328467394e+16 2.4882439340e-09 9.1192881248e+04
W 2.8494163788e-01 1.5556761439e+16 6.8603247792e-11 1.0296634871e+05
W 2.8494163788e-01 1.9630406500e+16 8.9856386509e-13 1.1783900384e+05
W 2.8494163788e-01 2.4770763560e+16 4.5668381614e-15 1.3305262203e+05
W 2.8494163788e-01 3.1257158497e+16 7.7382556437e-18 1.5023039616e+05
W 2.8494163788e-01 3.9442060594e+16 3.5888342303e-21 1.7192996014e+05
W 2.8494163788e-01 4.9770235643e+16 3.2314961335e-25 1.9412699750e+05
W 2.8494163788e-01 6.2802914418e+16 3.9743715495e-30 2.1918978593e+05
W 2.8494163788e-01 7.9248289835e+16 4.1724776271e-36 2.5084997524e+05
W 2.8494163788e-01 1.0000000000e+17 1.8460678469e-43 2.8323599026e+05
W 3.0553666316e-01 1.2618568831e+07 9.6025382552e-03 1.4688998534e+00
W 3.0553666316e-01 1.5922827933e+07 9.8984402864e-03 1.6585423386e+00
W 3.0553666316e-01 2.0092330026e+07 1.0484553079e-02 1.8981053466e+00
W 3.0553666316e-01 2.5353644940e+07 1.0811811477e-02 2.1431604565e+00
W 3.0553666316e-01 3.1992671378e+07 1.1151455595e-02 2.4198534347e+00
W 3.0553666316e-01 4.0370172586e+07 1.1504018870e-02 2.7322688918e+00
W 3.0553666316e-01 5.0941380148e+07 1.1870058900e-02 3.0850187826e+00
W 3.0553666316e-01 6.4280731173e+07 1.2250157569e-02 3.4833104887e+00
W 3.0553666316e-01 8.1113083079e+07 1.2644923074e-02 3.9330236916e+00
W 3.0553666316e-01 1.0235310219e+08 1.3054990013e-02 4.4407971694e+00
W 3.0553666316e-01 1.2915496650e+08 1.3849736984e-02 5.0822343536e+00
W 3.0553666316e-01 1.6297508346e+08 1.4304530641e-02 5.7383768066e+00
W 3.0553666316e-01 2.0565123083e+08 1.4777174783e-02 6.4792306068e+00
W 3.0553666316e-01 2.5950242114e+08 1.5268440902e-02 7.3157324225e+00
W 3.0553666316e-01 3.2745491629e+08 1.5779131658e-02 8.2602309016e+00
W 3.0553666316e-01 4.1320124001e+08 1.6310081417e-02 9.3266689659e+00
W 3.0553666316e-01 5.2140082880e+08 1.6862157431e-02 1.0530789640e+01
W 3.0553666316e-01 6.5793322466e+08 1.7913152889e-02 1.2051876912e+01
W 3.0553666316e-01 8.3021756813e+08 1.8526538410e-02 1.3607835872e+01
W 3.0553666316e-01 1.0476157528e+09 1.9164494695e-02 1.5364677094e+01
W 3.0553666316e-01 1.3219411485e+09 1.9828039605e-02 1.7348335504e+01
W 3.0553666316e-01 1.6681005372e+09 2.0518221286e-02 1.9588094363e+01
W 3.0553666316e-01 2.1049041445e+09 2.1236113000e-02 2.2117017547e+01
W 3.0553666316e-01 2.6560877829e+09 2.1982812957e-02 2.4972437651e+01
W 3.0553666316e-01 3.3516026509e+09 2.2759439116e-02 2.8196507098e+01
W 3.0553666316e-01 4.2292428744e+09 2.4211702180e-02 3.2269264179e+01
W 3.0553666316e-01 5.3366992312e+09 2.5074558549e-02 3.6435391257e+01
W 3.0553666316e-01 6.7341506578e+09 2.5971669867e-02 4.1139386652e+01
W 3.0553666316e-01 8.4975343591e+09 2.6904203001e-02 4.6450691916e+01
W 3.0553666316e-01 1.0722672220e+10 2.7873305719e-02 5.2447713859e+01
W 3.0553666316e-01 1.3530477746e+10 2.8880091611e-02 5.9218982013e+01
W 3.0553666316e-01 1.7073526475e+10 2.9925627264e-02 6.6864455523e+01
W 3.0553666316e-01 2.1544346900e+10 3.1859081191e-02 7.6522484575e+01
W 3.0553666316e-01 2.7185882427e+10 3.3015809889e-02 8.6401928782e+01
W 3.0553666316e-01 3.4304692863e+10 3.4215109083e-02 9.7556859773e+01
W 3.0553666316e-01 4.3287612811e+10 3.5457634017e-02 1.1015194942e+02
W 3.0553666316e-01 5.4622772177e+10 3.6743840440e-02 1.2437312957e+02
W 3.0553666316e-01 6.8926121044e+10 3.8073949957e-02 1.4043033682e+02
W 3.0553666316e-01 8.6974900262e+10 3.9447890994e-02 1.5856061167e+02
W 3.0553666316e-01 1.0974987655e+11 4.1982929062e-02 1.8146340781e+02
W 3.0553666316e-01 1.3848863714e+11 4.3482754984e-02 2.0489126203e+02
W 3.0553666316e-01 1.7475284000e+11 4.5024898787e-02 2.3134377207e+02
W 3.0553666316e-01 2.2051307399e+11 4.6607344916e-02 2.6121143648e+02
W 3.0553666316e-01 2.7825594022e+11 4.8227343817e-02 2.9493516915e+02
W 3.0553666316e-01 3.5111917342e+11 4.9881284503e-02 3.3301280821e+02
W 3.0553666316e-01 4.4306214576e+11 5.2974878462e-02 3.8111381122e+02
W 3.0553666316e-01 5.5908101825e+11 5.4728354590e-02 4.3031755383e+02
W 3.0553666316e-01 7.0548023107e+11 5.6498654060e-02 4.8587375130e+02
W 3.0553666316e-01 8.9021508545e+11 5.8276812742e-02 5.4860253806e+02
W 3.0553666316e-01 1.1233240330e+12 6.0052014493e-02 6.1942993208e+02
W 3.0553666316e-01 1.4174741629e+12 6.1811330245e-02 6.9940150499e+02
W 3.0553666316e-01 1.7886495291e+12 6.5277288613e-02 8.0042438779e+02
W 3.0553666316e-01 2.2570197196e+12 6.7002086336e-02 9.0376327080e+02
W 3.0553666316e-01 2.8480358684e+12 6.8654716791e-02 1.0204437322e+03
W 3.0553666316e-01 3.5938136638e+12 7.0210185723e-02 1.1521882381e+03
W 3.0553666316e-01 4.5348785081e+12 7.1639800078e-02 1.3009416336e+03
W 3.0553666316e-01 5.7223676594e+12 7.4905080560e-02 1.4888521160e+03
W 3.0553666316e-01 7.2208090184e+12 7.6010326650e-02 1.6810705404e+03
W 3.0553666316e-01 9.1116275612e+12 7.6872835670e-02 1.8981053466e+03
W 3.0553666316e-01 1.1497569954e+13 7.7446308789e-02 2.1431604565e+03
W 3.0553666316e-01 1.4508287785e+13 7.7680638593e-02 2.4198534347e+03
W 3.0553666316e-01 1.8307382803e+13 7.9642956697e-02 2.7693816645e+03
W 3.0553666316e-01 2.3101297001e+13 7.9021079719e-02 3.1269230040e+03
W 3.0553666316e-01 2.9150530628e+13 7.7883085342e-02 3.5306247595e+03
W 3.0553666316e-01 3.6783797718e+13 7.6175039353e-02 3.9864464768e+03
W 3.0553666316e-01 4.6415888336e+13 7.5868981579e-02 4.5622563833e+03
W 3.0553666316e-01 5.8570208181e+13 7.2806585599e-02 5.1512670205e+03
W 3.0553666316e-01 7.3907220335e+13 6.9049743526e-02 5.8163219439e+03
W 3.0553666316e-01 9.3260334688e+13 6.4600014289e-02 6.5672388601e+03
W 3.0553666316e-01 1.1768119524e+14 6.1116135143e-02 7.5158233240e+03
W 3.0553666316e-01 1.4849682623e+14 5.5256494745e-02 8.4861545621e+03
W 3.0553666316e-01 1.8738174229e+14 4.8901800454e-02 9.5817605267e+03
W 3.0553666316e-01 2.3644894126e+14 4.2211859696e-02 1.0818814826e+04
W 3.0553666316e-01 2.9836472403e+14 3.6358040737e-02 1.2381505004e+04
W 3.0553666316e-01 3.7649358068e+14 2.9458969119e-02 1.3980020637e+04
W 3.0553666316e-01 4.7508101621e+14 2.2931081735e-02 1.5784912815e+04
W 3.0553666316e-01 5.9948425032e+14 1.7026301187e-02 1.7822825807e+04
W 3.0553666316e-01 7.5646332755e+14 1.2283581633e-02 2.0397188644e+04
W 3.0553666316e-01 9.5454845666e+14 8.0771383454e-03 2.3030570039e+04
W 3.0553666316e-01 1.2045035403e+15 4.9137327992e-03 2.6003934443e+04
W 3.0553666316e-01 1.5199110830e+15 2.7985519591e-03 2.9759992163e+04
W 3.0553666316e-01 1.9179102617e+15 1.3874096166e-03 3.3602159387e+04
W 3.0553666316e-01 2.4201282648e+15 6.0171368627e-04 3.7940370054e+04
W 3.0553666316e-01 3.0538555088e+15 2.2271114696e-04 4.2838665911e+04
W 3.0553666316e-01 3.8535285937e+15 7.0183410153e-05 4.9026364243e+04
W 3.0553666316e-01 4.8626015801e+15 1.7167044985e-05 5.5355918659e+04
W 3.0553666316e-01 6.1359072734e+15 3.1757703237e-06 6.2502650930e+04
W 3.0553666316e-01 7.7426368268e+15 4.2542926321e-07 7.1530652635e+04
W 3.0553666316e-01 9.7700995730e+15 3.5817429779e-08 8.0765625803e+04
W 3.0553666316e-01 1.2328467394e+16 1.7566427469e-09 9.1192881248e+04
W 3.0553666316e-01 1.5556761439e+16 4.5891604565e-11 1.0436495435e+05
W 3.0553666316e-01 1.9630406500e+16 5.3063451325e-13 1.1783900384e+05
W 3.0553666316e-01 2.4770763560e+16 2.4628497743e-15 1.3485989354e+05
W 3.0553666316e-01 3.1257158497e+16 3.6214965870e-18 1.5227099567e+05
W 3.0553666316e-01 3.9442060594e+16 1.3782135917e-21 1.7192996014e+05
W 3.0553666316e-01 4.9770235643e+16 1.0374473460e-25 1.9676385039e+05
W 3.0553666316e-01 6.2802914418e+16 9.9389497177e-31 2.2216707001e+05
W 3.0553666316e-01 7.9248289835e+16 7.4911873353e-37 2.5084997524e+05
W 3.0553666316e-01 1.0000000000e+17 2.3443262515e-44 2.8708322248e+05
W 3.2762025665e-01 1.2618568831e+07 1.0863963600e-02 1.4888521160e+00
W 3.2762025665e-01 1.5922827933e+07 1.1198609121e-02 1.6810705404e+00
W 3.2762025665e-01 2.0092330026e+07 1.1545776295e-02 1.8981053466e+00
W 3.2762025665e-01 2.5353644940e+07 1.1906000172e-02 2.1431604565e+00
W 3.2762025665e-01 3.1992671378e+07 1.2279840087e-02 2.4198534347e+00
W 3.2762025665e-01 4.0370172586e+07 1.3014356986e-02 2.7693816645e+00
W 3.2762025665e-01 5.0941380148e+07 1.3428227619e-02 3.1269230040e+00
W 3.2762025665e-01 6.4280731173e+07 1.3857969838e-02 3.5306247595e+00
W 3.2762025665e-01 8.1113083079e+07 1.4304267798e-02 3.9864464768e+00
W 3.2762025665e-01 1.0235310219e+08 1.4767835071e-02 4.5011171095e+00
W 3.2762025665e-01 1.2915496650e+08 1.5249416089e-02 5.0822343536e+00
W 3.2762025665e-01 1.6297508346e+08 1.5749787616e-02 5.7383768066e+00
W 3.2762025665e-01 2.0565123083e+08 1.6269758242e-02 6.4792306068e+00
W 3.2762025665e-01 2.5950242114e+08 1.7269941838e-02 7.4151029914e+00
W 3.2762025665e-01 3.2745491629e+08 1.7847036316e-02 8.3724307193e+00
W 3.2762025665e-01 4.1320124001e+08 1.8446967293e-02 9.4533543540e+00
W 3.2762025665e-01 5.2140082880e+08 1.9070706178e-02 1.0673830759e+01
W 3.2762025665e-01 6.5793322466e+08 1.9719258166e-02 1.2051876912e+01
W 3.2762025665e-01 8.3021756813e+08 2.0393664086e-02 1.3607835872e+01
W 3.2762025665e-01 1.0476157528e+09 2.1094997999e-02 1.5364677094e+01
W 3.2762025665e-01 1.3219411485e+09 2.1824365499e-02 1.7348335504e+01
W 3.2762025665e-01 1.6681005372e+09 2.3200563455e-02 1.9854162060e+01
W 3.2762025665e-01 2.1049041445e+09 2.4011011287e-02 2.2417435945e+01
W 3.2762025665e-01 2.6560877829e+09 2.4853842504e-02 2.5311641602e+01
W 3.2762025665e-01 3.3516026509e+09 2.5730297115e-02 2.8579504013e+01
W 3.2762025665e-01 4.2292428744e+09 2.6641627768e-02 3.2269264179e+01
W 3.2762025665e-01 5.3366992312e+09 2.7589096138e-02 3.6435391257e+01
W 3.2762025665e-01 6.7341506578e+09 2.8573959560e-02 4.1139386652e+01
W 3.2762025665e-01 8.4975343591e+09 3.0406977171e-02 4.7081637858e+01
W 3.2762025665e-01 1.0722672220e+10 3.1499426030e-02 5.3160118149e+01
W 3.2762025665e-01 1.3530477746e+10 3.2634035028e-02 6.0023361341e+01
W 3.2762025665e-01 1.7073526475e+10 3.3811953953e-02 6.7772684338e+01
W 3.2762025665e-01 2.1544346900e+10 3.5034246192e-02 7.6522484575e+01
W 3.2762025665e-01 2.7185882427e+10 3.6301864875e-02 8.6401928782e+01
W 3.2762025665e-01 3.4304692863e+10 3.7615618306e-02 9.7556859773e+01
W 3.2762025665e-01 4.3287612811e+10 4.0042165522e-02 1.1164815803e+02
W 3.2762025665e-01 5.4622772177e+10 4.1488354506e-02 1.2606250637e+02
W 3.2762025665e-01 6.8926121044e+10 4.2983136405e-02 1.4233782081e+02
W 3.2762025665e-01 8.6974900262e+10 4.4526301031e-02 1.6071436160e+02
W 3.2762025665e-01 1.0974987655e+11 4.6117217682e-02 1.8146340781e+02
W 3.2762025665e-01 1.3848863714e+11 4.7754766929e-02 2.0489126203e+02
W 3.2762025665e-01 1.7475284000e+11 4.9437228214e-02 2.3134377207e+02
W 3.2762025665e-01 2.2051307399e+11 5.2561508631e-02 2.6475950625e+02
W 3.2762025665e-01 2.7825594022e+11 5.4373963040e-02 2.9894131287e+02
W 3.2762025665e-01 3.5111917342e+11 5.6222403640e-02 3.3753616559e+02
W 3.2762025665e-01 4.4306214576e+11 5.8101332118e-02 3.8111381122e+02
W 3.2762025665e-01 5.5908101825e+11 6.0003895789e-02 4.3031755383e+02
W 3.2762025665e-01 7.0548023107e+11 6.1921675997e-02 4.8587375130e+02
W 3.2762025665e-01 8.9021508545e+11 6.5590646285e-02 5.5605427949e+02
W 3.2762025665e-01 1.1233240330e+12 6.7558522503e-02 6.2784373144e+02
W 3.2762025665e-01 1.4174741629e+12 6.9503877686e-02 7.0890156889e+02
W 3.2762025665e-01 1.7886495291e+12 7.1408954188e-02 8.0042438779e+02
W 3.2762025665e-01 2.2570197196e+12 7.3252939399e-02 9.0376327080e+02
W 3.2762025665e-01 2.8480358684e+12 7.7063254124e-02 1.0343045555e+03
W 3.2762025665e-01 3.5938136638e+12 7.8753723204e-02 1.1678385646e+03
W 3.2762025665e-01 4.5348785081e+12 8.0295038543e-02 1.3186124973e+03
W 3.2762025665e-01 5.7223676594e+12 8.1649968667e-02 1.4888521160e+03
W 3.2762025665e-01 7.2208090184e+12 8.2776717942e-02 1.6810705404e+03
W 3.2762025665e-01 9.1116275612e+12 8.5916223845e-02 1.9238875646e+03
W 3.2762025665e-01 1.1497569954e+13 8.6457506352e-02 2.1722712908e+03
W 3.2762025665e-01 1.4508287785e+13 8.6608436334e-02 2.4527226266e+03
W 3.2762025665e-01 1.8307382803e+13 8.6309828743e-02 2.7693816645e+03
W 3.2762025665e-01 2.3101297001e+13 8.5500938706e-02 3.1269230040e+03
W 3.2762025665e-01 2.9150530628e+13 8.6422437732e-02 3.5785817064e+03
W 3.2762025665e-01 3.6783797718e+13 8.4361404143e-02 4.0405949108e+03
W 3.2762025665e-01 4.6415888336e+13 8.1606201779e-02 4.5622563833e+03
W 3.2762025665e-01 5.8570208181e+13 7.8119724754e-02 5.1512670205e+03
W 3.2762025665e-01 7.3907220335e+13 7.5904938711e-02 5.8953258204e+03
W 3.2762025665e-01 9.3260334688e+13 7.0792706236e-02 6.6564425412e+03
W 3.2762025665e-01 1.1768119524e+14 6.4963167141e-02 7.5158233240e+03
W 3.2762025665e-01 1.4849682623e+14 5.8501714397e-02 8.4861545621e+03
W 3.2762025665e-01 1.8738174229e+14 5.2950682246e-02 9.7119108575e+03
W 3.2762025665e-01 2.3644894126e+14 4.5473255477e-02 1.0965768230e+04
W 3.2762025665e-01 2.9836472403e+14 3.7902429312e-02 1.2381505004e+04
W 3.2762025665e-01 3.7649358068e+14 3.0506020731e-02 1.3980020637e+04
W 3.2762025665e-01 4.7508101621e+14 2.4209705198e-02 1.5999321391e+04
W 3.2762025665e-01 5.9948425032e+14 1.7818356572e-02 1.8064915626e+04
W 3.2762025665e-01 7.5646332755e+14 1.2386645892e-02 2.0397188644e+04
W 3.2762025665e-01 9.5454845666e+14 8.0500844253e-03 2.3030570039e+04
W 3.2762025665e-01 1.2045035403e+15 4.9633545686e-03 2.6357149352e+04
W 3.2762025665e-01 1.5199110830e+15 2.7084087918e-03 2.9759992163e+04
W 3.2762025665e-01 1.9179102617e+15 1.3181677090e-03 3.3602159387e+04
W 3.2762025665e-01 2.4201282648e+15 5.7476968148e-04 3.8455719160e+04
W 3.2762025665e-01 3.0538555088e+15 2.0741768154e-04 4.3420549222e+04
W 3.2762025665e-01 3.8535285937e+15 6.1756803758e-05 4.9026364243e+04
W 3.2762025665e-01 4.8626015801e+15 1.4982390898e-05 5.6107825483e+04
W 3.2762025665e-01 6.1359072734e+15 2.6579812095e-06 6.3351632771e+04
W 3.2762025665e-01 7.7426368268e+15 3.2962550623e-07 7.1530652635e+04
W 3.2762025665e-01 9.7700995730e+15 2.6837342267e-08 8.1862676067e+04
W 3.2762025665e-01 1.2328467394e+16 1.2233929754e-09 9.2431566313e+04
W 3.2762025665e-01 1.5556761439e+16 2.8475700776e-11 1.0436495435e+05
W 3.2762025665e-01 1.9630406500e+16 3.0397915475e-13 1.1943962674e+05
W 3.2762025665e-01 2.4770763560e+16 1.2073036885e-15 1.3485989354e+05
W 3.2762025665e-01 3.1257158497e+16 1.5201997483e-18 1.5227099567e+05
W 3.2762025665e-01 3.9442060594e+16 4.9307499945e-22 1.7426530772e+05
W 3.2762025665e-01 4.9770235643e+16 2.8834282092e-26 1.9676385039e+05
W 3.2762025665e-01 6.2802914418e+16 2.1018166312e-31 2.2216707001e+05
W 3.2762025665e-01 7.9248289835e+16 1.1665422238e-37 2.5425730390e+05
W 3.2762025665e-01 1.0000000000e+17 2.3621431162e-45 2.8708322248e+05
W 3.5130000917e-01 1.2618568831e+07 1.1977978921e-02 1.4888521160e+00
W 3.5130000917e-01 1.5922827933e+07 1.2346781907e-02 1.6810705404e+00
W 3.5130000917e-01 2.0092330026e+07 1.2729367345e-02 1.8981053466e+00
W 3.5130000917e-01 2.5353644940e+07 1.3485337439e-02 2.1722712908e+00
W 3.5130000917e-01 3.1992671378e+07 1.3908542683e-02 2.4527226266e+00
W 3.5130000917e-01 4.0370172586e+07 1.4347799859e-02 2.7693816645e+00
W 3.5130000917e-01 5.0941380148e+07 1.4803797158e-02 3.1269230040e+00
W 3.5130000917e-01 6.4280731173e+07 1.5277252224e-02 3.5306247595e+00
W 3.5130000917e-01 8.1113083079e+07 1.5768914588e-02 3.9864464768e+00
W 3.5130000917e-01 1.0235310219e+08 1.6279565661e-02 4.5011171095e+00
W 3.5130000917e-01 1.2915496650e+08 1.7269787237e-02 5.1512670205e+00
W 3.5130000917e-01 1.6297508346e+08 1.7835968386e-02 5.8163219439e+00
W 3.5130000917e-01 2.0565123083e+08 1.8424276024e-02 6.5672388601e+00
W 3.5130000917e-01 2.5950242114e+08 1.9035656285e-02 7.4151029914e+00
W 3.5130000917e-01 3.2745491629e+08 1.9671092290e-02 8.3724307193e+00
W 3.5130000917e-01 4.1320124001e+08 2.0331604582e-02 9.4533543540e+00
W 3.5130000917e-01 5.2140082880e+08 2.1018252344e-02 1.0673830759e+01
W 3.5130000917e-01 6.5793322466e+08 2.1732130621e-02 1.2051876912e+01
W 3.5130000917e-01 8.3021756813e+08 2.3089063515e-02 1.3792672921e+01
W 3.5130000917e-01 1.0476157528e+09 2.3881944553e-02 1.5573377552e+01
W 3.5130000917e-01 1.3219411485e+09 2.4706397478e-02 1.7583980259e+01
W 3.5130000917e-01 1.6681005372e+09 2.5563688977e-02 1.9854162060e+01
W 3.5130000917e-01 2.1049041445e+09 2.6455112185e-02 2.2417435945e+01
W 3.5130000917e-01 2.6560877829e+09 2.7381985860e-02 2.5311641602e+01
W 3.5130000917e-01 3.3516026509e+09 2.8345647221e-02 2.8579504013e+01
W 3.5130000917e-01 4.2292428744e+09 2.9347443810e-02 3.2269264179e+01
W 3.5130000917e-01 5.3366992312e+09 3.1219884146e-02 3.6930298034e+01
W 3.5130000917e-01 6.7341506578e+09 3.2331598921e-02 4.1698188426e+01
W 3.5130000917e-01 8.4975343591e+09 3.3486625773e-02 4.7081637858e+01
W 3.5130000917e-01 1.0722672220e+10 3.4686292081e-02 5.3160118149e+01
W 3.5130000917e-01 1.3530477746e+10 3.5931869935e-02 6.0023361341e+01
W 3.5130000917e-01 1.7073526475e+10 3.7224558574e-02 6.7772684338e+01
W 3.5130000917e-01 2.1544346900e+10 3.8565453719e-02 7.6522484575e+01
W 3.5130000917e-01 2.7185882427e+10 4.1048334450e-02 8.7575537700e+01
W 3.5130000917e-01 3.4304692863e+10 4.2527753342e-02 9.8881987607e+01
W 3.5130000917e-01 4.3287612811e+10 4.4059110005e-02 1.1164815803e+02
W 3.5130000917e-01 5.4622772177e+10 4.5642735122e-02 1.2606250637e+02
W 3.5130000917e-01 6.8926121044e+10 4.7278639221e-02 1.4233782081e+02
W 3.5130000917e-01 8.6974900262e+10 4.8966436034e-02 1.6071436160e+02
W 3.5130000917e-01 1.0974987655e+11 5.0705257928e-02 1.8146340781e+02
W 3.5130000917e-01 1.3848863714e+11 5.3929421389e-02 2.0767432736e+02
W 3.5130000917e-01 1.7475284000e+11 5.5815545155e-02 2.3448614538e+02
W 3.5130000917e-01 2.2051307399e+11 5.7747475787e-02 2.6475950625e+02
W 3.5130000917e-01 2.7825594022e+11 5.9721267204e-02 2.9894131287e+02
W 3.5130000917e-01 3.5111917342e+11 6.1731846250e-02 3.3753616559e+02
W 3.5130000917e-01 4.4306214576e+11 6.3772827729e-02 3.8111381122e+02
W 3.5130000917e-01 5.5908101825e+11 6.7636977538e-02 4.3616261454e+02
W 3.5130000917e-01 7.0548023107e+11 6.9770073865e-02 4.9247343925e+02
W 3.5130000917e-01 8.9021508545e+11 7.1904353785e-02 5.5605427949e+02
W 3.5130000917e-01 1.1233240330e+12 7.4025454535e-02 6.2784373144e+02
W 3.5130000917e-01 1.4174741629e+12 7.6116331718e-02 7.0890156889e+02
W 3.5130000917e-01 1.7886495291e+12 7.8156920681e-02 8.0042438779e+02
W 3.5130000917e-01 2.2570197196e+12 8.2315230600e-02 9.1603920781e+02
W 3.5130000917e-01 2.8480358684e+12 8.4232235322e-02 1.0343045555e+03
W 3.5130000917e-01 3.5938136638e+12 8.6013490029e-02 1.1678385646e+03
W 3.5130000917e-01 4.5348785081e+12 8.7622394931e-02 1.3186124973e+03
W 3.5130000917e-01 5.7223676594e+12 8.9017599653e-02 1.4888521160e+03
W 3.5130000917e-01 7.2208090184e+12 9.2618621524e-02 1.7039047457e+03
W 3.5130000917e-01 9.1116275612e+12 9.3465432538e-02 1.9238875646e+03
W 3.5130000917e-01 1.1497569954e+13 9.3935598166e-02 2.1722712908e+03
W 3.5130000917e-01 1.4508287785e+13 9.3967984839e-02 2.4527226266e+03
W 3.5130000917e-01 1.8307382803e+13 9.3498608250e-02 2.7693816645e+03
W 3.5130000917e-01 2.3101297001e+13 9.4991322629e-02 3.1693964161e+03
W 3.5130000917e-01 2.9150530628e+13 9.3279113802e-02 3.5785817064e+03
W 3.5130000917e-01 3.6783797718e+13 9.0858985623e-02 4.0405949108e+03
W 3.5130000917e-01 4.6415888336e+13 8.7680415687e-02 4.5622563833e+03
W 3.5130000917e-01 5.8570208181e+13 8.5997897931e-02 5.2212373672e+03
W 3.5130000917e-01 7.3907220335e+13 8.1089168480e-02 5.8953258204e+03
W 3.5130000917e-01 9.3260334688e+13 7.5370280080e-02 6.6564425412e+03
W 3.5130000917e-01 1.1768119524e+14 6.8898106987e-02 7.5158233240e+03
W 3.5130000917e-01 1.4849682623e+14 6.3465349703e-02 8.6014231310e+03
W 3.5130000917e-01 1.8738174229e+14 5.5638686901e-02 9.7119108575e+03
W 3.5130000917e-01 2.3644894126e+14 4.7514263936e-02 1.0965768230e+04
W 3.5130000917e-01 2.9836472403e+14 3.9351108792e-02 1.2381505004e+04
W 3.5130000917e-01 3.7649358068e+14 3.2301256820e-02 1.4169913121e+04
W 3.5130000917e-01 4.7508101621e+14 2.4743793772e-02 1.5999321391e+04
W 3.5130000917e-01 5.9948425032e+14 1.8036951339e-02 1.8064915626e+04
W 3.5130000917e-01 7.5646332755e+14 1.2400245488e-02 2.0397188644e+04
W 3.5130000917e-01 9.5454845666e+14 8.1738313437e-03 2.3343397343e+04
W 3.5130000917e-01 1.2045035403e+15 4.8330621255e-03 2.6357149352e+04
W 3.5130000917e-01 1.5199110830e+15 2.5920520357e-03 2.9759992163e+04
W 3.5130000917e-01 1.9179102617e+15 1.2701096658e-03 3.4058581998e+04
W 3.5130000917e-01 2.4201282648e+15 5.2646825210e-04 3.8455719160e+04
W 3.5130000917e-01 3.0538555088e+15 1.8478949260e-04 4.3420549222e+04
W 3.5130000917e-01 3.8535285937e+15 5.4710373333e-05 4.9692295885e+04
W 3.5130000917e-01 4.8626015801e+15 1.2431104900e-05 5.6107825483e+04
W 3.5130000917e-01 6.1359072734e+15 2.1065320920e-06 6.3351632771e+04
W 3.5130000917e-01 7.7426368268e+15 2.4727125096e-07 7.1530652635e+04
W 3.5130000917e-01 9.7700995730e+15 1.8841992068e-08 8.1862676067e+04
W 3.5130000917e-01 1.2328467394e+16 7.9281126991e-10 9.2431566313e+04
W 3.5130000917e-01 1.5556761439e+16 1.7207595909e-11 1.0578255744e+05
W 3.5130000917e-01 1.9630406500e+16 1.5905429115e-13 1.1943962674e+05
W 3.5130000917e-01 2.4770763560e+16 5.4858800567e-16 1.3485989354e+05
W 3.5130000917e-01 3.1257158497e+16 5.9879328973e-19 1.5433931290e+05
W 3.5130000917e-01 3.9442060594e+16 1.5407075630e-22 1.7426530772e+05
W 3.5130000917e-01 4.9770235643e+16 7.0383192263e-27 1.9676385039e+05
W 3.5130000917e-01 6.2802914418e+16 3.9074954823e-32 2.2518479495e+05
W 3.5130000917e-01 7.9248289835e+16 1.4659190674e-38 2.5425730390e+05
W 3.5130000917e-01 1.0000000000e+17 1.8980586788e-46 2.8708322248e+05
W 3.7669128796e-01 1.2618568831e+07 1.3221883483e-02 1.4888521160e+00
W 3.7669128796e-01 1.5922827933e+07 1.3628790168e-02 1.6810705404e+00
W 3.7669128796e-01 2.0092330026e+07 1.4435184541e-02 1.9238875646e+00
W 3.7669128796e-01 2.5353644940e+07 1.4885084136e-02 2.1722712908e+00
W 3.7669128796e-01 3.1992671378e+07 1.5351938972e-02 2.4527226266e+00
W 3.7669128796e-01 4.0370172586e+07 1.5836472057e-02 2.7693816645e+00
W 3.7669128796e-01 5.0941380148e+07 1.6339438356e-02 3.1269230040e+00
W 3.7669128796e-01 6.4280731173e+07 1.6861624818e-02 3.5306247595e+00
W 3.7669128796e-01 8.1113083079e+07 1.7403852986e-02 3.9864464768e+00
W 3.7669128796e-01 1.0235310219e+08 1.8458389613e-02 4.5622563833e+00
W 3.7669128796e-01 1.2915496650e+08 1.9059303459e-02 5.1512670205e+00
W 3.7669128796e-01 1.6297508346e+08 1.9683558675e-02 5.8163219439e+00
W 3.7669128796e-01 2.0565123083e+08 2.0332148633e-02 6.5672388601e+00
W 3.7669128796e-01 2.5950242114e+08 2.1006107409e-02 7.4151029914e+00
W 3.7669128796e-01 3.2745491629e+08 2.1706508708e-02 8.3724307193e+00
W 3.7669128796e-01 4.1320124001e+08 2.2434466200e-02 9.4533543540e+00
W 3.7669128796e-01 5.2140082880e+08 2.3191134699e-02 1.0673830759e+01
W 3.7669128796e-01 6.5793322466e+08 2.4633515622e-02 1.2215579163e+01
W 3.7669128796e-01 8.3021756813e+08 2.5473588967e-02 1.3792672921e+01
W 3.7669128796e-01 1.0476157528e+09 2.6346953622e-02 1.5573377552e+01
W 3.7669128796e-01 1.3219411485e+09 2.7254947880e-02 1.7583980259e+01
W 3.7669128796e-01 1.6681005372e+09 2.8198944163e-02 1.9854162060e+01
W 3.7669128796e-01 2.1049041445e+09 2.9180341016e-02 2.2417435945e+01
W 3.7669128796e-01 2.6560877829e+09 3.0200561807e-02 2.5311641602e+01
W 3.7669128796e-01 3.3516026509e+09 3.1261046409e-02 2.8579504013e+01
W 3.7669128796e-01 4.2292428744e+09 3.3248401260e-02 3.2707581897e+01
W 3.7669128796e-01 5.3366992312e+09 3.4425082182e-02 3.6930298034e+01
W 3.7669128796e-01 6.7341506578e+09 3.5647574761e-02 4.1698188426e+01
W 3.7669128796e-01 8.4975343591e+09 3.6917324377e-02 4.7081637858e+01
W 3.7669128796e-01 1.0722672220e+10 3.8235730571e-02 5.3160118149e+01
W 3.7669128796e-01 1.3530477746e+10 3.9604123943e-02 6.0023361341e+01
W 3.7669128796e-01 1.7073526475e+10 4.1023745818e-02 6.7772684338e+01
W 3.7669128796e-01 2.1544346900e+10 4.3658003766e-02 7.7561899686e+01
W 3.7669128796e-01 2.7185882427e+10 4.5224996130e-02 8.7575537700e+01
W 3.7669128796e-01 3.4304692863e+10 4.6847536456e-02 9.8881987607e+01
W 3.7669128796e-01 4.3287612811e+10 4.8526159417e-02 1.1164815803e+02
W 3.7669128796e-01 5.4622772177e+10 5.0261081452e-02 1.2606250637e+02
W 3.7669128796e-01 6.8926121044e+10 5.2052148278e-02 1.4233782081e+02
W 3.7669128796e-01 8.6974900262e+10 5.3898748513e-02 1.6071436160e+02
W 3.7669128796e-01 1.0974987655e+11 5.7325883610e-02 1.8392824948e+02
W 3.7669128796e-01 1.3848863714e+11 5.9332850960e-02 2.0767432736e+02
W 3.7669128796e-01 1.7475284000e+11 6.1391169137e-02 2.3448614538e+02
W 3.7669128796e-01 2.2051307399e+11 6.3497258785e-02 2.6475950625e+02
W 3.7669128796e-01 2.7825594022e+11 6.5646445840e-02 2.9894131287e+02
W 3.7669128796e-01 3.5111917342e+11 6.7832780784e-02 3.3753616559e+02
W 3.7669128796e-01 4.4306214576e+11 7.1964722567e-02 3.8629053094e+02
W 3.7669128796e-01 5.5908101825e+11 7.4262521544e-02 4.3616261454e+02
W 3.7669128796e-01 7.0548023107e+11 7.6570036780e-02 4.9247343925e+02
W 3.7669128796e-01 8.9021508545e+11 7.8873530139e-02 5.5605427949e+02
W 3.7669128796e-01 1.1233240330e+12 8.1156624925e-02 6.2784373144e+02
W 3.7669128796e-01 1.4174741629e+12 8.3399961181e-02 7.0890156889e+02
W 3.7669128796e-01 1.7886495291e+12 8.7921532623e-02 8.1129665897e+02
W 3.7669128796e-01 2.2570197196e+12 9.0070721815e-02 9.1603920781e+02
W 3.7669128796e-01 2.8480358684e+12 9.2097216915e-02 1.0343045555e+03
W 3.7669128796e-01 3.5938136638e+12 9.3965079231e-02 1.1678385646e+03
W 3.7669128796e-01 4.5348785081e+12 9.5633482234e-02 1.3186124973e+03
W 3.7669128796e-01 5.7223676594e+12 9.9711055461e-02 1.5090753928e+03
W 3.7669128796e-01 7.2208090184e+12 1.0086833181e-01 1.7039047457e+03
W 3.7669128796e-01 9.1116275612e+12 1.0166321221e-01 1.9238875646e+03
W 3.7669128796e-01 1.1497569954e+13 1.0203317091e-01 2.1722712908e+03
W 3.7669128796e-01 1.4508287785e+13 1.0191175643e-01 2.4527226266e+03
W 3.7669128796e-01 1.8307382803e+13 1.0399871249e-01 2.8069985449e+03
W 3.7669128796e-01 2.3101297001e+13 1.0265134110e-01 3.1693964161e+03
W 3.7669128796e-01 2.9150530628e+13 1.0058834193e-01 3.5785817064e+03
W 3.7669128796e-01 3.6783797718e+13 9.7747772797e-02 4.0405949108e+03
W 3.7669128796e-01 4.6415888336e+13 9.4079678758e-02 4.5622563833e+03
W 3.7669128796e-01 5.8570208181e+13 9.2001884146e-02 5.2212373672e+03
W 3.7669128796e-01 7.3907220335e+13 8.6462733622e-02 5.8953258204e+03
W 3.7669128796e-01 9.3260334688e+13 8.0064850204e-02 6.6564425412e+03
W 3.7669128796e-01 1.1768119524e+14 7.2881292873e-02 7.5158233240e+03
W 3.7669128796e-01 1.4849682623e+14 6.6814713545e-02 8.6014231310e+03
W 3.7669128796e-01 1.8738174229e+14 5.8258771869e-02 9.7119108575e+03
W 3.7669128796e-01 2.3644894126e+14 4.9446540899e-02 1.0965768230e+04
W 3.7669128796e-01 2.9836472403e+14 4.0665196267e-02 1.2381505004e+04
W 3.7669128796e-01 3.7649358068e+14 3.3113442796e-02 1.4169913121e+04
W 3.7669128796e-01 4.7508101621e+14 2.5134028907e-02 1.5999321391e+04
W 3.7669128796e-01 5.9948425032e+14 1.8129032998e-02 1.8064915626e+04
W 3.7669128796e-01 7.5646332755e+14 1.2649612969e-02 2.0674246377e+04
W 3.7669128796e-01 9.5454845666e+14 8.0028956703e-03 2.3343397343e+04
W 3.7669128796e-01 1.2045035403e+15 4.6554560638e-03 2.6357149352e+04
W 3.7669128796e-01 1.5199110830e+15 2.4498639492e-03 2.9759992163e+04
W 3.7669128796e-01 1.9179102617e+15 1.1741308735e-03 3.4058581998e+04
W 3.7669128796e-01 2.4201282648e+15 4.7422542468e-04 3.8455719160e+04
W 3.7669128796e-01 3.0538555088e+15 1.6146682300e-04 4.3420549222e+04
W 3.7669128796e-01 3.8535285937e+15 4.6126099232e-05 4.9692295885e+04
W 3.7669128796e-01 4.8626015801e+15 1.0047042163e-05 5.6107825483e+04
W 3.7669128796e-01 6.1359072734e+15 1.6190775489e-06 6.3351632771e+04
W 3.7669128796e-01 7.7426368268e+15 1.8383661139e-07 7.2502263027e+04
W 3.7669128796e-01 9.7700995730e+15 1.2680394228e-08 8.1862676067e+04
W 3.7669128796e-01 1.2328467394e+16 4.8870315731e-10 9.2431566313e+04
W 3.7669128796e-01 1.5556761439e+16 9.5382777735e-12 1.0578255744e+05
W 3.7669128796e-01 1.9630406500e+16 7.7549559406e-14 1.1943962674e+05
W 3.7669128796e-01 2.4770763560e+16 2.2914644439e-16 1.3485989354e+05
W 3.7669128796e-01 3.1257158497e+16 2.0762211685e-19 1.5433931290e+05
W 3.7669128796e-01 3.9442060594e+16 4.2689223165e-23 1.7426530772e+05
W 3.7669128796e-01 4.9770235643e+16 1.4876522287e-27 1.9676385039e+05
W 3.7669128796e-01 6.2802914418e+16 5.9491028943e-33 2.2518479495e+05
W 3.7669128796e-01 7.9248289835e+16 1.4964111098e-39 2.5425730390e+05
W 3.7669128796e-01 1.0000000000e+17 1.1867543865e-47 2.8708322248e+05
W 4.0391779882e-01 1.2618568831e+07 1.4612284538e-02 1.4888521160e+00
W 4.0391779882e-01 1.5922827933e+07 1.5061736553e-02 1.6810705404e+00
W 4.0391779882e-01 2.0092330026e+07 1.5527935644e-02 1.8981053466e+00
W 4.0391779882e-01 2.5353644940e+07 1.6449519741e-02 2.1722712908e+00
W 4.0391779882e-01 3.1992671378e+07 1.6965096298e-02 2.4527226266e+00
W 4.0391779882e-01 4.0370172586e+07 1.7500160173e-02 2.7693816645e+00
W 4.0391779882e-01 5.0941380148e+07 1.8055539991e-02 3.1269230040e+00
W 4.0391779882e-01 6.4280731173e+07 1.8632099075e-02 3.5306247595e+00
W 4.0391779882e-01 8.1113083079e+07 1.9230738258e-02 3.9864464768e+00
W 4.0391779882e-01 1.0235310219e+08 1.9852395726e-02 4.5011171095e+00
W 4.0391779882e-01 1.2915496650e+08 2.1058686076e-02 5.1512670205e+00
W 4.0391779882e-01 1.6297508346e+08 2.1747695724e-02 5.8163219439e+00
W 4.0391779882e-01 2.0565123083e+08 2.2463489519e-02 6.5672388601e+00
W 4.0391779882e-01 2.5950242114e+08 2.3207197719e-02 7.4151029914e+00
W 4.0391779882e-01 3.2745491629e+08 2.3979992923e-02 8.3724307193e+00
W 4.0391779882e-01 4.1320124001e+08 2.4783090267e-02 9.4533543540e+00
W 4.0391779882e-01 5.2140082880e+08 2.5617748536e-02 1.0673830759e+01
W 4.0391779882e-01 6.5793322466e+08 2.6485266352e-02 1.2051876912e+01
W 4.0391779882e-01 8.3021756813e+08 2.8136039013e-02 1.3792672921e+01
W 4.0391779882e-01 1.0476157528e+09 2.9098970056e-02 1.5573377552e+01
W 4.0391779882e-01 1.3219411485e+09 3.0099902885e-02 1.7583980259e+01
W 4.0391779882e-01 1.6681005372e+09 3.1140322928e-02 1.9854162060e+01
W 4.0391779882e-01 2.1049041445e+09 3.2221740759e-02 2.2417435945e+01
W 4.0391779882e-01 2.6560877829e+09 3.3345690219e-02 2.5311641602e+01
W 4.0391779882e-01 3.3516026509e+09 3.4513718702e-02 2.8579504013e+01
W 4.0391779882e-01 4.2292428744e+09 3.5727376153e-02 3.2269264179e+01
W 4.0391779882e-01 5.3366992312e+09 3.7999864330e-02 3.6930298034e+01
W 4.0391779882e-01 6.7341506578e+09 3.9345209860e-02 4.1698188426e+01
W 4.0391779882e-01 8.4975343591e+09 4.0742110427e-02 4.7081637858e+01
W 4.0391779882e-01 1.0722672220e+10 4.2192033378e-02 5.3160118149e+01
W 4.0391779882e-01 1.3530477746e+10 4.3696360383e-02 6.0023361341e+01
W 4.0391779882e-01 1.7073526475e+10 4.5256363809e-02 6.7772684338e+01
W 4.0391779882e-01 2.1544346900e+10 4.6873166971e-02 7.6522484575e+01
W 4.0391779882e-01 2.7185882427e+10 4.9875525268e-02 8.7575537700e+01
W 4.0391779882e-01 3.4304692863e+10 5.1655905440e-02 9.8881987607e+01
W 4.0391779882e-01 4.3287612811e+10 5.3496755640e-02 1.1164815803e+02
W 4.0391779882e-01 5.4622772177e+10 5.5398136585e-02 1.2606250637e+02
W 4.0391779882e-01 6.8926121044e+10 5.7359678718e-02 1.4233782081e+02
W 4.0391779882e-01 8.6974900262e+10 5.9380484673e-02 1.6071436160e+02
W 4.0391779882e-01 1.0974987655e+11 6.1459021864e-02 1.8146340781e+02
W 4.0391779882e-01 1.3848863714e+11 6.5332342135e-02 2.0767432736e+02
W 4.0391779882e-01 1.7475284000e+11 6.7578449130e-02 2.3448614538e+02
W 4.0391779882e-01 2.2051307399e+11 6.9873994927e-02 2.6475950625e+02
W 4.0391779882e-01 2.7825594022e+11 7.2213435829e-02 2.9894131287e+02
W 4.0391779882e-01 3.5111917342e+11 7.4589782309e-02 3.3753616559e+02
W 4.0391779882e-01 4.4306214576e+11 7.6994370695e-02 3.8111381122e+02
W 4.0391779882e-01 5.5908101825e+11 8.1588710552e-02 4.3616261454e+02
W 4.0391779882e-01 7.0548023107e+11 8.4082162479e-02 4.9247343925e+02
W 4.0391779882e-01 8.9021508545e+11 8.6564822019e-02 5.5605427949e+02
W 4.0391779882e-01 1.1233240330e+12 8.9017982781e-02 6.2784373144e+02
W 4.0391779882e-01 1.4174741629e+12 9.1419618671e-02 7.0890156889e+02
W 4.0391779882e-01 1.7886495291e+12 9.3743993213e-02 8.0042438779e+02
W 4.0391779882e-01 2.2570197196e+12 9.8585875827e-02 9.1603920781e+02
W 4.0391779882e-01 2.8480358684e+12 1.0071847083e-01 1.0343045555e+03
W 4.0391779882e-01 3.5938136638e+12 1.0266547842e-01 1.1678385646e+03
W 4.0391779882e-01 4.5348785081e+12 1.0438133858e-01 1.3186124973e+03
W 4.0391779882e-01 5.7223676594e+12 1.0581501085e-01 1.4888521160e+03
W 4.0391779882e-01 7.2208090184e+12 1.0983402496e-01 1.7039047457e+03
W 4.0391779882e-01 9.1116275612e+12 1.1054742730e-01 1.9238875646e+03
W 4.0391779882e-01 1.1497569954e+13 1.1078102645e-01 2.1722712908e+03
W 4.0391779882e-01 1.4508287785e+13 1.1046277341e-01 2.4527226266e+03
W 4.0391779882e-01 1.8307382803e+13 1.0951859241e-01 2.7693816645e+03
W 4.0391779882e-01 2.3101297001e+13 1.1082534333e-01 3.1693964161e+03
W 4.0391779882e-01 2.9150530628e+13 1.0834644594e-01 3.5785817064e+03
W 4.0391779882e-01 3.6783797718e+13 1.0501449457e-01 4.0405949108e+03
W 4.0391779882e-01 4.6415888336e+13 1.0078135741e-01 4.5622563833e+03
W 4.0391779882e-01 5.8570208181e+13 9.8236078365e-02 5.2212373672e+03
W 4.0391779882e-01 7.3907220335e+13 9.1985485809e-02 5.8953258204e+03
W 4.0391779882e-01 9.3260334688e+13 8.4829912427e-02 6.6564425412e+03
W 4.0391779882e-01 1.1768119524e+14 7.6861880448e-02 7.5158233240e+03
W 4.0391779882e-01 1.4849682623e+14 7.0095653766e-02 8.6014231310e+03
W 4.0391779882e-01 1.8738174229e+14 6.0757468450e-02 9.7119108575e+03
W 4.0391779882e-01 2.3644894126e+14 5.1220137773e-02 1.0965768230e+04
W 4.0391779882e-01 2.9836472403e+14 4.1800775902e-02 1.2381505004e+04
W 4.0391779882e-01 3.7649358068e+14 3.3740003193e-02 1.4169913121e+04
W 4.0391779882e-01 4.7508101621e+14 2.5352723318e-02 1.5999321391e+04
W 4.0391779882e-01 5.9948425032e+14 1.8076139634e-02 1.8064915626e+04
W 4.0391779882e-01 7.5646332755e+14 1.2114096666e-02 2.0397188644e+04
W 4.0391779882e-01 9.5454845666e+14 7.7531396815e-03 2.3343397343e+04
W 4.0391779882e-01 1.2045035403e+15 4.4301738338e-03 2.6357149352e+04
W 4.0391779882e-01 1.5199110830e+15 2.2832616185e-03 2.9759992163e+04
W 4.0391779882e-01 1.9179102617e+15 1.0395629602e-03 3.3602159387e+04
W 4.0391779882e-01 2.4201282648e+15 4.1925466249e-04 3.8455719160e+04
W 4.0391779882e-01 3.0538555088e+15 1.3806486314e-04 4.3420549222e+04
W 4.0391779882e-01 3.8535285937e+15 3.6913583636e-05 4.9026364243e+04
W 4.0391779882e-01 4.8626015801e+15 7.8860723450e-06 5.6107825483e+04
W 4.0391779882e-01 6.1359072734e+15 1.2026390778e-06 6.3351632771e+04
W 4.0391779882e-01 7.7426368268e+15 1.2441519138e-07 7.1530652635e+04
W 4.0391779882e-01 9.7700995730e+15 8.1412021039e-09 8.1862676067e+04
W 4.0391779882e-01 1.2328467394e+16 2.8494264155e-10 9.2431566313e+04
W 4.0391779882e-01 1.5556761439e+16 4.8177783321e-12 1.0436495435e+05
W 4.0391779882e-01 1.9630406500e+16 3.4957020765e-14 1.1943962674e+05
W 4.0391779882e-01 2.4770763560e+16 8.7168918943e-17 1.3485989354e+05
W 4.0391779882e-01 3.1257158497e+16 6.2670039407e-20 1.5227099567e+05
W 4.0391779882e-01 3.9442060594e+16 1.0350050017e-23 1.7426530772e+05
W 4.0391779882e-01 4.9770235643e+16 2.6798757354e-28 1.9676385039e+05
W 4.0391779882e-01 6.2802914418e+16 7.2777296548e-34 2.2216707001e+05
W 4.0391779882e-01 7.9248289835e+16 1.2128326575e-40 2.5425730390e+05
W 4.0391779882e-01 1.0000000000e+17 5.6168971269e-49 2.8708322248e+05
W 4.3311218872e-01 1.2618568831e+07 1.6167986002e-02 1.4888521160e+00
W 4.3311218872e-01 1.5922827933e+07 1.6664983367e-02 1.6810705404e+00
W 4.3311218872e-01 2.0092330026e+07 1.7180467521e-02 1.8981053466e+00
W 4.3311218872e-01 2.5353644940e+07 1.7715217572e-02 2.1431604565e+00
W 4.3311218872e-01 3.1992671378e+07 1.8270046844e-02 2.4198534347e+00
W 4.3311218872e-01 4.0370172586e+07 1.8845804222e-02 2.7322688918e+00
W 4.3311218872e-01 5.0941380148e+07 1.9975166562e-02 3.1269230040e+00
W 4.3311218872e-01 6.4280731173e+07 2.0612439443e-02 3.5306247595e+00
W 4.3311218872e-01 8.1113083079e+07 2.1274058137e-02 3.9864464768e+00
W 4.3311218872e-01 1.0235310219e+08 2.1961051037e-02 4.5011171095e+00
W 4.3311218872e-01 1.2915496650e+08 2.2674488625e-02 5.0822343536e+00
W 4.3311218872e-01 1.6297508346e+08 2.3415485200e-02 5.7383768066e+00
W 4.3311218872e-01 2.0565123083e+08 2.4185197627e-02 6.4792306068e+00
W 4.3311218872e-01 2.5950242114e+08 2.5668182528e-02 7.4151029914e+00
W 4.3311218872e-01 3.2745491629e+08 2.6521700548e-02 8.3724307193e+00
W 4.3311218872e-01 4.1320124001e+08 2.7408560850e-02 9.4533543540e+00
W 4.3311218872e-01 5.2140082880e+08 2.8330134935e-02 1.0673830759e+01
W 4.3311218872e-01 6.5793322466e+08 2.9287835910e-02 1.2051876912e+01
W 4.3311218872e-01 8.3021756813e+08 3.0283120153e-02 1.3607835872e+01
W 4.3311218872e-01 1.0476157528e+09 3.1317482580e-02 1.5364677094e+01
W 4.3311218872e-01 1.3219411485e+09 3.2392452796e-02 1.7348335504e+01
W 4.3311218872e-01 1.6681005372e+09 3.4426106669e-02 1.9854162060e+01
W 4.3311218872e-01 2.1049041445e+09 3.5618754818e-02 2.2417435945e+01
W 4.3311218872e-01 2.6560877829e+09 3.6858005219e-02 2.5311641602e+01
W 4.3311218872e-01 3.3516026509e+09 3.8145516722e-02 2.8579504013e+01
W 4.3311218872e-01 4.2292428744e+09 3.9482944675e-02 3.2269264179e+01
W 4.3311218872e-01 5.3366992312e+09 4.0871932780e-02 3.6435391257e+01
W 4.3311218872e-01 6.7341506578e+09 4.2314090240e-02 4.1139386652e+01
W 4.3311218872e-01 8.4975343591e+09 4.5009241454e-02 4.7081637858e+01
W 4.3311218872e-01 1.0722672220e+10 4.6604824076e-02 5.3160118149e+01
W 4.3311218872e-01 1.3530477746e+10 4.8259582294e-02 6.0023361341e+01
W 4.3311218872e-01 1.7073526475e+10 4.9974803720e-02 6.7772684338e+01
W 4.3311218872e-01 2.1544346900e+10 5.1751596850e-02 7.6522484575e+01
W 4.3311218872e-01 2.7185882427e+10 5.3590849622e-02 8.6401928782e+01
W 4.3311218872e-01 3.4304692863e+10 5.5493171588e-02 9.7556859773e+01
W 4.3311218872e-01 4.3287612811e+10 5.9030383043e-02 1.1164815803e+02
W 4.3311218872e-01 5.4622772177e+10 6.1114744854e-02 1.2606250637e+02
W 4.3311218872e-01 6.8926121044e+10 6.3263389950e-02 1.4233782081e+02
W 4.3311218872e-01 8.6974900262e+10 6.5475059552e-02 1.6071436160e+02
W 4.3311218872e-01 1.0974987655e+11 6.7747762729e-02 1.8146340781e+02
W 4.3311218872e-01 1.3848863714e+11 7.0078664895e-02 2.0489126203e+02
W 4.3311218872e-01 1.7475284000e+11 7.2463910925e-02 2.3134377207e+02
W 4.3311218872e-01 2.2051307399e+11 7.6947002779e-02 2.6475950625e+02
W 4.3311218872e-01 2.7825594022e+11 7.9492231742e-02 2.9894131287e+02
W 4.3311218872e-01 3.5111917342e+11 8.2073316759e-02 3.3753616559e+02
W 4.3311218872e-01 4.4306214576e+11 8.4680137978e-02 3.8111381122e+02
W 4.3311218872e-01 5.5908101825e+11 8.7300395232e-02 4.3031755383e+02
W 4.3311218872e-01 7.0548023107e+11 8.9919295679e-02 4.8587375130e+02
W 4.3311218872e-01 8.9021508545e+11 9.5049682639e-02 5.5605427949e+02
W 4.3311218872e-01 1.1233240330e+12 9.7679801255e-02 6.2784373144e+02
W 4.3311218872e-01 1.4174741629e+12 1.0024391723e-01 7.0890156889e+02
W 4.3311218872e-01 1.7886495291e+12 1.0271282436e-01 8.0042438779e+02
W 4.3311218872e-01 2.2570197196e+12 1.0505278878e-01 9.0376327080e+02
W 4.3311218872e-01 2.8480358684e+12 1.0722514934e-01 1.0204437322e+03
W 4.3311218872e-01 3.5938136638e+12 1.1217228365e-01 1.1678385646e+03
W 4.3311218872e-01 4.5348785081e+12 1.1391854826e-01 1.3186124973e+03
W 4.3311218872e-01 5.7223676594e+12 1.1533994487e-01 1.4888521160e+03
W 4.3311218872e-01 7.2208090184e+12 1.1637401460e-01 1.6810705404e+03
W 4.3311218872e-01 9.1116275612e+12 1.1695289725e-01 1.8981053466e+03
W 4.3311218872e-01 1.1497569954e+13 1.2020426232e-01 2.1722712908e+03
W 4.3311218872e-01 1.4508287785e+13 1.1963691805e-01 2.4527226266e+03
W 4.3311218872e-01 1.8307382803e+13 1.1837044607e-01 2.7693816645e+03
W 4.3311218872e-01 2.3101297001e+13 1.1632732961e-01 3.1269230040e+03
W 4.3311218872e-01 2.9150530628e+13 1.1343573582e-01 3.5306247595e+03
W 4.3311218872e-01 3.6783797718e+13 1.1263334908e-01 4.0405949108e+03
W 4.3311218872e-01 4.6415888336e+13 1.0774949062e-01 4.5622563833e+03
W 4.3311218872e-01 5.8570208181e+13 1.0186792875e-01 5.1512670205e+03
W 4.3311218872e-01 7.3907220335e+13 9.5004666360e-02 5.8163219439e+03
W 4.3311218872e-01 9.3260334688e+13 8.9605290576e-02 6.6564425412e+03
W 4.3311218872e-01 1.1768119524e+14 8.0776373793e-02 7.5158233240e+03
W 4.3311218872e-01 1.4849682623e+14 7.1292628497e-02 8.4861545621e+03
W 4.3311218872e-01 1.8738174229e+14 6.1392799017e-02 9.5817605267e+03
W 4.3311218872e-01 2.3644894126e+14 5.2778108166e-02 1.0965768230e+04
W 4.3311218872e-01 2.9836472403e+14 4.2709427518e-02 1.2381505004e+04
W 4.3311218872e-01 3.7649358068e+14 3.3232861166e-02 1.3980020637e+04
W 4.3311218872e-01 4.7508101621e+14 2.4696570597e-02 1.5784912815e+04
W 4.3311218872e-01 5.9948425032e+14 1.7861105798e-02 1.8064915626e+04
W 4.3311218872e-01 7.5646332755e+14 1.1795678781e-02 2.0397188644e+04
W 4.3311218872e-01 9.5454845666e+14 7.2248258207e-03 2.3030570039e+04
W 4.3311218872e-01 1.2045035403e+15 4.0479200651e-03 2.6003934443e+04
W 4.3311218872e-01 1.5199110830e+15 2.0948293471e-03 2.9759992163e+04
W 4.3311218872e-01 1.9179102617e+15 9.2862771608e-04 3.3602159387e+04
W 4.3311218872e-01 2.4201282648e+15 3.5332249978e-04 3.7940370054e+04
W 4.3311218872e-01 3.0538555088e+15 1.1523203114e-04 4.3420549222e+04
W 4.3311218872e-01 3.8535285937e+15 2.9509011741e-05 4.9026364243e+04
W 4.3311218872e-01 4.8626015801e+15 5.8316303630e-06 5.5355918659e+04
W 4.3311218872e-01 6.1359072734e+15 8.5993849983e-07 6.3351632771e+04
W 4.3311218872e-01 7.7426368268e+15 8.2731090054e-08 7.1530652635e+04
W 4.3311218872e-01 9.7700995730e+15 4.8278144299e-09 8.0765625803e+04
W 4.3311218872e-01 1.2328467394e+16 1.5616058005e-10 9.2431566313e+04
W 4.3311218872e-01 1.5556761439e+16 2.3230387797e-12 1.0436495435e+05
W 4.3311218872e-01 1.9630406500e+16 1.4055957588e-14 1.1783900384e+05
W 4.3311218872e-01 2.4770763560e+16 2.9883925055e-17 1.3485989354e+05
W 4.3311218872e-01 3.1257158497e+16 1.7165202926e-20 1.5227099567e+05
W 4.3311218872e-01 3.9442060594e+16 2.1057239551e-24 1.7192996014e+05
W 4.3311218872e-01 4.9770235643e+16 4.0417647434e-29 1.9676385039e+05
W 4.3311218872e-01 6.2802914418e+16 7.3909216396e-35 2.2216707001e+05
W 4.3311218872e-01 7.9248289835e+16 7.4046142011e-42 2.5084997524e+05
W 4.3311218872e-01 1.0000000000e+17 1.9511348544e-50 2.8708322248e+05
W 4.6441669213e-01 1.2618568831e+07 1.7433451672e-02 1.4688998534e+00
W 4.6441669213e-01 1.5922827933e+07 1.7968976103e-02 1.6585423386e+00
W 4.6441669213e-01 2.0092330026e+07 1.8524382164e-02 1.8726686388e+00
W 4.6441669213e-01 2.5353644940e+07 1.9100504008e-02 2.1144397396e+00
W 4.6441669213e-01 3.1992671378e+07 2.0236973244e-02 2.4198534347e+00
W 4.6441669213e-01 4.0370172586e+07 2.0874138407e-02 2.7322688918e+00
W 4.6441669213e-01 5.0941380148e+07 2.1535385612e-02 3.0850187826e+00
W 4.6441669213e-01 6.4280731173e+07 2.2221727121e-02 3.4833104887e+00
W 4.6441669213e-01 8.1113083079e+07 2.2934217948e-02 3.9330236916e+00
W 4.6441669213e-01 1.0235310219e+08 2.3673955435e-02 4.4407971694e+00
W 4.6441669213e-01 1.2915496650e+08 2.4442081001e-02 5.0141268007e+00
W 4.6441669213e-01 1.6297508346e+08 2.5239781848e-02 5.6614762203e+00
W 4.6441669213e-01 2.0565123083e+08 2.6781277188e-02 6.4792306068e+00
W 4.6441669213e-01 2.5950242114e+08 2.7665408135e-02 7.3157324225e+00
W 4.6441669213e-01 3.2745491629e+08 2.8583862311e-02 8.2602309016e+00
W 4.6441669213e-01 4.1320124001e+08 2.9538046189e-02 9.3266689659e+00
W 4.6441669213e-01 5.2140082880e+08 3.0529413295e-02 1.0530789640e+01
W 4.6441669213e-01 6.5793322466e+08 3.1559459083e-02 1.1890368452e+01
W 4.6441669213e-01 8.3021756813e+08 3.2629722372e-02 1.3425475844e+01
W 4.6441669213e-01 1.0476157528e+09 3.4664643458e-02 1.5364677094e+01
W 4.6441669213e-01 1.3219411485e+09 3.5851707885e-02 1.7348335504e+01
W 4.6441669213e-01 1.6681005372e+09 3.7085049601e-02 1.9588094363e+01
W 4.6441669213e-01 2.1049041445e+09 3.8366374433e-02 2.2117017547e+01
W 4.6441669213e-01 2.6560877829e+09 3.9697404568e-02 2.4972437651e+01
W 4.6441669213e-01 3.3516026509e+09 4.1079865611e-02 2.8196507098e+01
W 4.6441669213e-01 4.2292428744e+09 4.2515471937e-02 3.1836820402e+01
W 4.6441669213e-01 5.3366992312e+09 4.5209512649e-02 3.6435391257e+01
W 4.6441669213e-01 6.7341506578e+09 4.6798753174e-02 4.1139386652e+01
W 4.6441669213e-01 8.4975343591e+09 4.8447651652e-02 4.6450691916e+01
W 4.6441669213e-01 1.0722672220e+10 5.0157741840e-02 5.2447713859e+01
W 4.6441669213e-01 1.3530477746e+10 5.1930429626e-02 5.9218982013e+01
W 4.6441669213e-01 1.7073526475e+10 5.3766961814e-02 6.6864455523e+01
W 4.6441669213e-01 2.1544346900e+10 5.5668375497e-02 7.5496998774e+01
W 4.6441669213e-01 2.7185882427e+10 5.9211825369e-02 8.6401928782e+01
W 4.6441669213e-01 3.4304692863e+10 6.1300633416e-02 9.7556859773e+01
W 4.6441669213e-01 4.3287612811e+10 6.3457453474e-02 1.1015194942e+02
W 4.6441669213e-01 5.4622772177e+10 6.5681875194e-02 1.2437312957e+02
W 4.6441669213e-01 6.8926121044e+10 6.7972920289e-02 1.4043033682e+02
W 4.6441669213e-01 8.6974900262e+10 7.0328920906e-02 1.5856061167e+02
W 4.6441669213e-01 1.0974987655e+11 7.2747386077e-02 1.7903159775e+02
W 4.6441669213e-01 1.3848863714e+11 7.7282336842e-02 2.0489126203e+02
W 4.6441669213e-01 1.7475284000e+11 7.9883530624e-02 2.3134377207e+02
W 4.6441669213e-01 2.2051307399e+11 8.2534619391e-02 2.6121143648e+02
W 4.6441669213e-01 2.7825594022e+11 8.5227985472e-02 2.9493516915e+02
W 4.6441669213e-01 3.5111917342e+11 8.7954194584e-02 3.3301280821e+02
W 4.6441669213e-01 4.4306214576e+11 9.0701721745e-02 3.7600646527e+02
W 4.6441669213e-01 5.5908101825e+11 9.6012755649e-02 4.3031755383e+02
W 4.6441669213e-01 7.0548023107e+11 9.8833516563e-02 4.8587375130e+02
W 4.6441669213e-01 8.9021508545e+11 1.0162447693e-01 5.4860253806e+02
W 4.6441669213e-01 1.1233240330e+12 1.0436176786e-01 6.1942993208e+02
W 4.6441669213e-01 1.4174741629e+12 1.0701752172e-01 6.9940150499e+02
W 4.6441669213e-01 1.7886495291e+12 1.0955944377e-01 7.8969781705e+02
W 4.6441669213e-01 2.2570197196e+12 1.1501231960e-01 9.0376327080e+02
W 4.6441669213e-01 2.8480358684e+12 1.1727001198e-01 1.0204437322e+03
W 4.6441669213e-01 3.5938136638e+12 1.1927978836e-01 1.1521882381e+03
W 4.6441669213e-01 4.5348785081e+12 1.2098642703e-01 1.3009416336e+03
W 4.6441669213e-01 5.7223676594e+12 1.2232869035e-01 1.4688998534e+03
W 4.6441669213e-01 7.2208090184e+12 1.2661020539e-01 1.6810705404e+03
W 4.6441669213e-01 9.1116275612e+12 1.2702834602e-01 1.8981053466e+03
W 4.6441669213e-01 1.1497569954e+13 1.2685013025e-01 2.1431604565e+03
W 4.6441669213e-01 1.4508287785e+13 1.2599402704e-01 2.4198534347e+03
W 4.6441669213e-01 1.8307382803e+13 1.2437818817e-01 2.7322688918e+03
W 4.6441669213e-01 2.3101297001e+13 1.2525857941e-01 3.1269230040e+03
W 4.6441669213e-01 2.9150530628e+13 1.2180268859e-01 3.5306247595e+03
W 4.6441669213e-01 3.6783797718e+13 1.1735317936e-01 3.9864464768e+03
W 4.6441669213e-01 4.6415888336e+13 1.1187204666e-01 4.5011171095e+03
W 4.6441669213e-01 5.8570208181e+13 1.0535097664e-01 5.0822343536e+03
W 4.6441669213e-01 7.3907220335e+13 1.0049615124e-01 5.8163219439e+03
W 4.6441669213e-01 9.3260334688e+13 9.1804354498e-02 6.5672388601e+03
W 4.6441669213e-01 1.1768119524e+14 8.2296474043e-02 7.4151029914e+03
W 4.6441669213e-01 1.4849682623e+14 7.2175543322e-02 8.3724307193e+03
W 4.6441669213e-01 1.8738174229e+14 6.3396031718e-02 9.5817605267e+03
W 4.6441669213e-01 2.3644894126e+14 5.2617938087e-02 1.0818814826e+04
W 4.6441669213e-01 2.9836472403e+14 4.2185454319e-02 1.2215579163e+04
W 4.6441669213e-01 3.7649358068e+14 3.2477980054e-02 1.3792672921e+04
W 4.6441669213e-01 4.7508101621e+14 2.4495445630e-02 1.5784912815e+04
W 4.6441669213e-01 5.9948425032e+14 1.7004264120e-02 1.7822825807e+04
W 4.6441669213e-01 7.5646332755e+14 1.1050077739e-02 2.0123843791e+04
W 4.6441669213e-01 9.5454845666e+14 6.6431041154e-03 2.2721934967e+04
W 4.6441669213e-01 1.2045035403e+15 3.7419950497e-03 2.6003934443e+04
W 4.6441669213e-01 1.5199110830e+15 1.8381132735e-03 2.9361175402e+04
W 4.6441669213e-01 1.9179102617e+15 7.9123432214e-04 3.3151853343e+04
W 4.6441669213e-01 2.4201282648e+15 2.9882691686e-04 3.7940370054e+04
W 4.6441669213e-01 3.0538555088e+15 9.1115450928e-05 4.2838665911e+04
W 4.6441669213e-01 3.8535285937e+15 2.2252765149e-05 4.8369356820e+04
W 4.6441669213e-01 4.8626015801e+15 4.1580723474e-06 5.4614088217e+04
W 4.6441669213e-01 6.1359072734e+15 5.7362548575e-07 6.2502650930e+04
W 4.6441669213e-01 7.7426368268e+15 5.0950374678e-08 7.0572062895e+04
W 4.6441669213e-01 9.7700995730e+15 2.7003689747e-09 7.9683277224e+04
W 4.6441669213e-01 1.2328467394e+16 7.7748624499e-11 9.1192881248e+04
W 4.6441669213e-01 1.5556761439e+16 1.0046808238e-12 1.0296634871e+05
W 4.6441669213e-01 1.9630406500e+16 5.1282509591e-15 1.1625983105e+05
W 4.6441669213e-01 2.4770763560e+16 8.8818499704e-18 1.3305262203e+05
W 4.6441669213e-01 3.1257158497e+16 3.9857181576e-21 1.5023039616e+05
W 4.6441669213e-01 3.9442060594e+16 3.6319528673e-25 1.6962590881e+05
W 4.6441669213e-01 4.9770235643e+16 4.8691931987e-30 1.9412699750e+05
W 4.6441669213e-01 6.2802914418e+16 5.7637500914e-36 2.1918978593e+05
W 4.6441669213e-01 7.9248289835e+16 3.3990624543e-43 2.4748830855e+05
W 4.6441669213e-01 1.0000000000e+17 4.6765587112e-52 2.8323599026e+05
W 4.9798382393e-01 1.2618568831e+07 1.8819667743e-02 1.4492149732e+00
W 4.9798382393e-01 1.5922827933e+07 1.9397318401e-02 1.6363160397e+00
W 4.9798382393e-01 2.0092330026e+07 1.9996368647e-02 1.8475728109e+00
W 4.9798382393e-01 2.5353644940e+07 2.0617711838e-02 2.0861039120e+00
W 4.9798382393e-01 3.1992671378e+07 2.1262279650e-02 2.3554305985e+00
W 4.9798382393e-01 4.0370172586e+07 2.1931043484e-02 2.6595287378e+00
W 4.9798382393e-01 5.0941380148e+07 2.3243827172e-02 3.0436761240e+00
W 4.9798382393e-01 6.4280731173e+07 2.3983759334e-02 3.4366302814e+00
W 4.9798382393e-01 8.1113083079e+07 2.4751797351e-02 3.8803168307e+00
W 4.9798382393e-01 1.0235310219e+08 2.5549112022e-02 4.3812855831e+00
W 4.9798382393e-01 1.2915496650e+08 2.6376920169e-02 4.9469319642e+00
W 4.9798382393e-01 1.6297508346e+08 2.7236486300e-02 5.5856061867e+00
W 4.9798382393e-01 2.0565123083e+08 2.8129120772e-02 6.3067365184e+00
W 4.9798382393e-01 2.5950242114e+08 2.9850891694e-02 7.2176935289e+00
W 4.9798382393e-01 3.2745491629e+08 3.0840122786e-02 8.1495346853e+00
W 4.9798382393e-01 4.1320124001e+08 3.1867658363e-02 9.2016813019e+00
W 4.9798382393e-01 5.2140082880e+08 3.2935037357e-02 1.0389665429e+01
W 4.9798382393e-01 6.5793322466e+08 3.4043840482e-02 1.1731024384e+01
W 4.9798382393e-01 8.3021756813e+08 3.5195691369e-02 1.3245559641e+01
W 4.9798382393e-01 1.0476157528e+09 3.6392250180e-02 1.4955629148e+01
W 4.9798382393e-01 1.3219411485e+09 3.8664559983e-02 1.7115848650e+01
W 4.9798382393e-01 1.6681005372e+09 3.9990948343e-02 1.9325592266e+01
W 4.9798382393e-01 2.1049041445e+09 4.1368552787e-02 2.1820625087e+01
W 4.9798382393e-01 2.6560877829e+09 4.2799165478e-02 2.4637779409e+01
W 4.9798382393e-01 3.3516026509e+09 4.4284574415e-02 2.7818642764e+01
W 4.9798382393e-01 4.2292428744e+09 4.5826546702e-02 3.1410171850e+01
W 4.9798382393e-01 5.3366992312e+09 4.7426817039e-02 3.5465385714e+01
W 4.9798382393e-01 6.7341506578e+09 5.0429627722e-02 4.0588073439e+01
W 4.9798382393e-01 8.4975343591e+09 5.2198527261e-02 4.5828201346e+01
W 4.9798382393e-01 1.0722672220e+10 5.4032197365e-02 5.1744856573e+01
W 4.9798382393e-01 1.3530477746e+10 5.5932006196e-02 5.8425382255e+01
W 4.9798382393e-01 1.7073526475e+10 5.7899132723e-02 6.5968397978e+01
W 4.9798382393e-01 2.1544346900e+10 5.9934510181e-02 7.4485255616e+01
W 4.9798382393e-01 2.7185882427e+10 6.2038773651e-02 8.4101683142e+01
W 4.9798382393e-01 3.4304692863e+10 6.5968440961e-02 9.6249490116e+01
W 4.9798382393e-01 4.3287612811e+10 6.8272165135e-02 1.0867579165e+02
W 4.9798382393e-01 5.4622772177e+10 7.0646016636e-02 1.2270639228e+02
W 4.9798382393e-01 6.8926121044e+10 7.3088612109e-02 1.3854841522e+02
W 4.9798382393e-01 8.6974900262e+10 7.5597788224e-02 1.5643572437e+02
W 4.9798382393e-01 1.0974987655e+11 7.8170454507e-02 1.7663237663e+02
W 4.9798382393e-01 1.3848863714e+11 8.0802457355e-02 1.9943652001e+02
W 4.9798382393e-01 1.7475284000e+11 8.5771839578e-02 2.2824351004e+02
W 4.9798382393e-01 2.2051307399e+11 8.8579520484e-02 2.5771091476e+02
W 4.9798382393e-01 2.7825594022e+11 9.1426686338e-02 2.9098271217e+02
W 4.9798382393e-01 3.5111917342e+11 9.4302501463e-02 3.2855006882e+02
W 4.9798382393e-01 4.4306214576e+11 9.7193821696e-02 3.7096756339e+02
W 4.9798382393e-01 5.5908101825e+11 1.0008486522e-01 4.1886137350e+02
W 4.9798382393e-01 7.0548023107e+11 1.0577280538e-01 4.7936250646e+02
W 4.9798382393e-01 8.9021508545e+11 1.0868101309e-01 5.4125065821e+02
W 4.9798382393e-01 1.1233240330e+12 1.1152023491e-01 6.1112888693e+02
W 4.9798382393e-01 1.4174741629e+12 1.1425949501e-01 6.9002875244e+02
W 4.9798382393e-01 1.7886495291e+12 1.1686305674e-01 7.7911499420e+02
W 4.9798382393e-01 2.2570197196e+12 1.2255267646e-01 8.9165184490e+02
W 4.9798382393e-01 2.8480358684e+12 1.2481681261e-01 1.0067686593e+03
W 4.9798382393e-01 3.5938136638e+12 1.2679800704e-01 1.1367476433e+03
W 4.9798382393e-01 4.5348785081e+12 1.2843633232e-01 1.2835075790e+03
W 4.9798382393e-01 5.7223676594e+12 1.2966572439e-01 1.4492149732e+03
W 4.9798382393e-01 7.2208090184e+12 1.3041431209e-01 1.6363160397e+03
W 4.9798382393e-01 9.1116275612e+12 1.3417729807e-01 1.8726686388e+03
W 4.9798382393e-01 1.1497569954e+13 1.3371737166e-01 2.1144397396e+03
W 4.9798382393e-01 1.4508287785e+13 1.3251657154e-01 2.3874247263e+03
W 4.9798382393e-01 1.8307382803e+13 1.3049096200e-01 2.6956534713e+03
W 4.9798382393e-01 2.3101297001e+13 1.2756149567e-01 3.0436761240e+03
W 4.9798382393e-01 2.9150530628e+13 1.2704132790e-01 3.4833104887e+03
W 4.9798382393e-01 3.6783797718e+13 1.2197879709e-01 3.9330236916e+03
W 4.9798382393e-01 4.6415888336e+13 1.1583371586e-01 4.4407971694e+03
W 4.9798382393e-01 5.8570208181e+13 1.0861093700e-01 5.0141268007e+03
W 4.9798382393e-01 7.3907220335e+13 1.0310380920e-01 5.7383768066e+03
W 4.9798382393e-01 9.3260334688e+13 9.3672856340e-02 6.4792306068e+03
W 4.9798382393e-01 1.1768119524e+14 8.3454994291e-02 7.3157324225e+03
W 4.9798382393e-01 1.4849682623e+14 7.2682677181e-02 8.2602309016e+03
W 4.9798382393e-01 1.8738174229e+14 6.3338445983e-02 9.4533543540e+03
W 4.9798382393e-01 2.3644894126e+14 5.2099582823e-02 1.0673830759e+04
W 4.9798382393e-01 2.9836472403e+14 4.1344058609e-02 1.2051876912e+04
W 4.9798382393e-01 3.7649358068e+14 3.1459690770e-02 1.3607835872e+04
W 4.9798382393e-01 4.7508101621e+14 2.3411228963e-02 1.5573377552e+04
W 4.9798382393e-01 5.9948425032e+14 1.6002998765e-02 1.7583980259e+04
W 4.9798382393e-01 7.5646332755e+14 1.0216292803e-02 1.9854162060e+04
W 4.9798382393e-01 9.5454845666e+14 6.0170237952e-03 2.2417435945e+04
W 4.9798382393e-01 1.2045035403e+15 3.3095860401e-03 2.5655453004e+04
W 4.9798382393e-01 1.5199110830e+15 1.5812828870e-03 2.8967703227e+04
W 4.9798382393e-01 1.9179102617e+15 6.5901180697e-04 3.2707581897e+04
W 4.9798382393e-01 2.4201282648e+15 2.3326350024e-04 3.6930298034e+04
W 4.9798382393e-01 3.0538555088e+15 6.9896989880e-05 4.2264580479e+04
W 4.9798382393e-01 3.8535285937e+15 1.6202488618e-05 4.7721154022e+04
W 4.9798382393e-01 4.8626015801e+15 2.8464666390e-06 5.3882199122e+04
W 4.9798382393e-01 6.1359072734e+15 3.6490470613e-07 6.1665046383e+04
W 4.9798382393e-01 7.7426368268e+15 2.9683463269e-08 6.9626319316e+04
W 4.9798382393e-01 9.7700995730e+15 1.4150242436e-09 7.8615433311e+04
W 4.9798382393e-01 1.2328467394e+16 3.5840941159e-11 8.9970795930e+04
W 4.9798382393e-01 1.5556761439e+16 3.9663660268e-13 1.0158648593e+05
W 4.9798382393e-01 1.9630406500e+16 1.6788652261e-15 1.1470182092e+05
W 4.9798382393e-01 2.4770763560e+16 2.3201699422e-18 1.3126956996e+05
W 4.9798382393e-01 3.1257158497e+16 7.9340430783e-22 1.4821714295e+05
W 4.9798382393e-01 3.9442060594e+16 5.2116830379e-26 1.6735273430e+05
W 4.9798382393e-01 4.9770235643e+16 4.7066610730e-31 1.9152548135e+05
W 4.9798382393e-01 6.2802914418e+16 3.4515943331e-37 2.1625240073e+05
W 4.9798382393e-01 7.9248289835e+16 1.1357881213e-44 2.4417169190e+05
W 4.9798382393e-01 1.0000000000e+17 7.6412791135e-54 2.7944031520e+05
W 5.3397712248e-01 1.2618568831e+07 1.9797614541e-02 1.4106330750e+00
W 5.3397712248e-01 1.5922827933e+07 2.0404738489e-02 1.5927530210e+00
W 5.3397712248e-01 2.0092330026e+07 2.1034299899e-02 1.7983855837e+00
W 5.3397712248e-01 2.5353644940e+07 2.2280392626e-02 2.0581478158e+00
W 5.3397712248e-01 3.1992671378e+07 2.2976186555e-02 2.3238652272e+00
W 5.3397712248e-01 4.0370172586e+07 2.3698025221e-02 2.6238881157e+00
W 5.3397712248e-01 5.0941380148e+07 2.4446990903e-02 2.9626454939e+00
W 5.3397712248e-01 6.4280731173e+07 2.5224208380e-02 3.3451381824e+00
W 5.3397712248e-01 8.1113083079e+07 2.6030848208e-02 3.7770126337e+00
W 5.3397712248e-01 1.0235310219e+08 2.6868125929e-02 4.2646442859e+00
W 5.3397712248e-01 1.2915496650e+08 2.8495940262e-02 4.8806376128e+00
W 5.3397712248e-01 1.6297508346e+08 2.9423009388e-02 5.5107528953e+00
W 5.3397712248e-01 2.0565123083e+08 3.0385590570e-02 6.2222192842e+00
W 5.3397712248e-01 2.5950242114e+08 3.1385127380e-02 7.0255396233e+00
W 5.3397712248e-01 3.2745491629e+08 3.2423110703e-02 7.9325727276e+00
W 5.3397712248e-01 4.1320124001e+08 3.3501077829e-02 8.9567084455e+00
W 5.3397712248e-01 5.2140082880e+08 3.4620612597e-02 1.0113065324e+01
W 5.3397712248e-01 6.5793322466e+08 3.6762040587e-02 1.1573815702e+01
W 5.3397712248e-01 8.3021756813e+08 3.8002650907e-02 1.3068054514e+01
W 5.3397712248e-01 1.0476157528e+09 3.9291088160e-02 1.4755207201e+01
W 5.3397712248e-01 1.3219411485e+09 4.0629124392e-02 1.6660179931e+01
W 5.3397712248e-01 1.6681005372e+09 4.2018555567e-02 1.8811094384e+01
W 5.3397712248e-01 2.1049041445e+09 4.3461186395e-02 2.1239702897e+01
W 5.3397712248e-01 2.6560877829e+09 4.4958824685e-02 2.3981857192e+01
W 5.3397712248e-01 3.3516026509e+09 4.7785438372e-02 2.7445842229e+01
W 5.3397712248e-01 4.2292428744e+09 4.9442559666e-02 3.0989240860e+01
W 5.3397712248e-01 5.3366992312e+09 5.1161610909e-02 3.4990110379e+01
W 5.3397712248e-01 6.7341506578e+09 5.2944277046e-02 3.9507512620e+01
W 5.3397712248e-01 8.4975343591e+09 5.4792141919e-02 4.4608134598e+01
W 5.3397712248e-01 1.0722672220e+10 5.6706652285e-02 5.0367272966e+01
W 5.3397712248e-01 1.3530477746e+10 5.8689075413e-02 5.6869945558e+01
W 5.3397712248e-01 1.7073526475e+10 6.2401757902e-02 6.5084348593e+01
W 5.3397712248e-01 2.1544346900e+10 6.4580885240e-02 7.3487070933e+01
W 5.3397712248e-01 2.7185882427e+10 6.6832090307e-02 8.2974627711e+01
W 5.3397712248e-01 3.4304692863e+10 6.9155387219e-02 9.3687076602e+01
W 5.3397712248e-01 4.3287612811e+10 7.1550286314e-02 1.0578255744e+02
W 5.3397712248e-01 5.4622772177e+10 7.4015675239e-02 1.1943962674e+02
W 5.3397712248e-01 6.8926121044e+10 7.8643419614e-02 1.3669171345e+02
W 5.3397712248e-01 8.6974900262e+10 8.1314556019e-02 1.5433931290e+02
W 5.3397712248e-01 1.0974987655e+11 8.4049661932e-02 1.7426530772e+02
W 5.3397712248e-01 1.3848863714e+11 8.6843732889e-02 1.9676385039e+02
W 5.3397712248e-01 1.7475284000e+11 8.9690336691e-02 2.2216707001e+02
W 5.3397712248e-01 2.2051307399e+11 9.2581412328e-02 2.5084997524e+02
W 5.3397712248e-01 2.7825594022e+11 9.5507005281e-02 2.8323599026e+02
W 5.3397712248e-01 3.5111917342e+11 1.0114780826e-01 3.2414713507e+02
W 5.3397712248e-01 4.4306214576e+11 1.0418441514e-01 3.6599618837e+02
W 5.3397712248e-01 5.5908101825e+11 1.0721110407e-01 4.1324816853e+02
W 5.3397712248e-01 7.0548023107e+11 1.1020668180e-01 4.6660062104e+02
W 5.3397712248e-01 8.9021508545e+11 1.1314626800e-01 5.2684114810e+02
W 5.3397712248e-01 1.1233240330e+12 1.1600087083e-01 5.9485903535e+02
W 5.3397712248e-01 1.4174741629e+12 1.2198450057e-01 6.8078160513e+02
W 5.3397712248e-01 1.7886495291e+12 1.2463409457e-01 7.6867399286e+02
W 5.3397712248e-01 2.2570197196e+12 1.2707728891e-01 8.6791373747e+02
W 5.3397712248e-01 2.8480358684e+12 1.2926314500e-01 9.7996584076e+02
W 5.3397712248e-01 3.5938136638e+12 1.3113462225e-01 1.1064844438e+03
W 5.3397712248e-01 4.5348785081e+12 1.3625599310e-01 1.2663071600e+03
W 5.3397712248e-01 5.7223676594e+12 1.3733167739e-01 1.4297938922e+03
W 5.3397712248e-01 7.2208090184e+12 1.3787150835e-01 1.6143875977e+03
W 5.3397712248e-01 9.1116275612e+12 1.3779398734e-01 1.8228132949e+03
W 5.3397712248e-01 1.1497569954e+13 1.3701449226e-01 2.0581478158e+03
W 5.3397712248e-01 1.4508287785e+13 1.3915221491e-01 2.3554305985e+03
W 5.3397712248e-01 1.8307382803e+13 1.3664839592e-01 2.6595287378e+03
W 5.3397712248e-01 2.3101297001e+13 1.3317237916e-01 3.0028875026e+03
W 5.3397712248e-01 2.9150530628e+13 1.2865890169e-01 3.3905756404e+03
W 5.3397712248e-01 3.6783797718e+13 1.2306265358e-01 3.8283162999e+03
W 5.3397712248e-01 4.6415888336e+13 1.1954934981e-01 4.3812855831e+03
W 5.3397712248e-01 5.8570208181e+13 1.1156149379e-01 4.9469319642e+03
W 5.3397712248e-01 7.3907220335e+13 1.0253456610e-01 5.5856061867e+03
W 5.3397712248e-01 9.3260334688e+13 9.2595683123e-02 6.3067365184e+03
W 5.3397712248e-01 1.1768119524e+14 8.1936042326e-02 7.1209684648e+03
W 5.3397712248e-01 1.4849682623e+14 7.2749708249e-02 8.1495346853e+03
W 5.3397712248e-01 1.8738174229e+14 6.1173205396e-02 9.2016813019e+03
W 5.3397712248e-01 2.3644894126e+14 4.9822207754e-02 1.0389665429e+04
W 5.3397712248e-01 2.9836472403e+14 3.9092719098e-02 1.1731024384e+04
W 5.3397712248e-01 3.7649358068e+14 3.0168259131e-02 1.3425475844e+04
W 5.3397712248e-01 4.7508101621e+14 2.1531690708e-02 1.5158773453e+04
W 5.3397712248e-01 5.9948425032e+14 1.4470203323e-02 1.7115848650e+04
W 5.3397712248e-01 7.5646332755e+14 9.0586089801e-03 1.9325592266e+04
W 5.3397712248e-01 9.5454845666e+14 5.3584478559e-03 2.2117017547e+04
W 5.3397712248e-01 1.2045035403e+15 2.7945656939e-03 2.4972437651e+04
W 5.3397712248e-01 1.5199110830e+15 1.2950496767e-03 2.8196507098e+04
W 5.3397712248e-01 1.9179102617e+15 5.3506065386e-04 3.2269264179e+04
W 5.3397712248e-01 2.4201282648e+15 1.8164914046e-04 3.6435391257e+04
W 5.3397712248e-01 3.0538555088e+15 5.0451733813e-05 4.1139386652e+04
W 5.3397712248e-01 3.8535285937e+15 1.1041132942e-05 4.6450691916e+04
W 5.3397712248e-01 4.8626015801e+15 1.8618117096e-06 5.3160118149e+04
W 5.3397712248e-01 6.1359072734e+15 2.1427485156e-07 6.0023361341e+04
W 5.3397712248e-01 7.7426368268e+15 1.5820518290e-08 6.7772684338e+04
W 5.3397712248e-01 9.7700995730e+15 6.8938135235e-10 7.7561899686e+04
W 5.3397712248e-01 1.2328467394e+16 1.4757610058e-11 8.7575537700e+04
W 5.3397712248e-01 1.5556761439e+16 1.3766687273e-13 9.8881987607e+04
W 5.3397712248e-01 1.9630406500e+16 4.8701869554e-16 1.1316468985e+05
W 5.3397712248e-01 2.4770763560e+16 5.1084154603e-19 1.2777483020e+05
W 5.3397712248e-01 3.1257158497e+16 1.2947191455e-22 1.4427121441e+05
W 5.3397712248e-01 3.9442060594e+16 6.0912557577e-27 1.6511002285e+05
W 5.3397712248e-01 4.9770235643e+16 3.4642905081e-32 1.8642657141e+05
W 5.3397712248e-01 6.2802914418e+16 1.4987848206e-38 2.1049519544e+05
W 5.3397712248e-01 7.9248289835e+16 2.6636551048e-46 2.4089952158e+05
W 5.3397712248e-01 1.0000000000e+17 7.9285449280e-56 2.7200088213e+05
W 5.7257194637e-01 1.2618568831e+07 2.0849331210e-02 1.3730783280e+00
W 5.7257194637e-01 1.5922827933e+07 2.1488057459e-02 1.5503497641e+00
W 5.7257194637e-01 2.0092330026e+07 2.2150325572e-02 1.7505078494e+00
W 5.7257194637e-01 2.5353644940e+07 2.2837106713e-02 1.9765073674e+00
W 5.7257194637e-01 3.1992671378e+07 2.3549412457e-02 2.2316845792e+00
W 5.7257194637e-01 4.0370172586e+07 2.4952599680e-02 2.5540333419e+00
W 5.7257194637e-01 5.0941380148e+07 2.5740123280e-02 2.8837721114e+00
W 5.7257194637e-01 6.4280731173e+07 2.6557247073e-02 3.2560818428e+00
W 5.7257194637e-01 8.1113083079e+07 2.7405186870e-02 3.6764586650e+00
W 5.7257194637e-01 1.0235310219e+08 2.8285203979e-02 4.1511082855e+00
W 5.7257194637e-01 1.2915496650e+08 2.9198606694e-02 4.6870376000e+00
W 5.7257194637e-01 1.6297508346e+08 3.0971288485e-02 5.3640422201e+00
W 5.7257194637e-01 2.0565123083e+08 3.1982499275e-02 6.0565675103e+00
W 5.7257194637e-01 2.5950242114e+08 3.3032334076e-02 6.8385013580e+00
W 5.7257194637e-01 3.2745491629e+08 3.4122330064e-02 7.7213868654e+00
W 5.7257194637e-01 4.1320124001e+08 3.5254069551e-02 8.7182574082e+00
W 5.7257194637e-01 5.2140082880e+08 3.6429179697e-02 9.8438290376e+00
W 5.7257194637e-01 6.5793322466e+08 3.7649325070e-02 1.1114717722e+01
W 5.7257194637e-01 8.3021756813e+08 3.9980596011e-02 1.2720148677e+01
W 5.7257194637e-01 1.0476157528e+09 4.1331923562e-02 1.4362384940e+01
W 5.7257194637e-01 1.3219411485e+09 4.2734847164e-02 1.6216642306e+01
W 5.7257194637e-01 1.6681005372e+09 4.4191186028e-02 1.8310293784e+01
W 5.7257194637e-01 2.1049041445e+09 4.5702760253e-02 2.0674246377e+01
W 5.7257194637e-01 2.6560877829e+09 4.7271383904e-02 2.3343397343e+01
W 5.7257194637e-01 3.3516026509e+09 5.0236267565e-02 2.6715162026e+01
W 5.7257194637e-01 4.2292428744e+09 5.1970482789e-02 3.0164226104e+01
W 5.7257194637e-01 5.3366992312e+09 5.3768667807e-02 3.4058581998e+01
W 5.7257194637e-01 6.7341506578e+09 5.5632454209e-02 3.8455719160e+01
W 5.7257194637e-01 8.4975343591e+09 5.7563350621e-02 4.3420549222e+01
W 5.7257194637e-01 1.0722672220e+10 5.9562702969e-02 4.9026364243e+01
W 5.7257194637e-01 1.3530477746e+10 6.1631647810e-02 5.5355918659e+01
W 5.7257194637e-01 1.7073526475e+10 6.5515256255e-02 6.3351632771e+01
W 5.7257194637e-01 2.1544346900e+10 6.7786173666e-02 7.1530652635e+01
W 5.7257194637e-01 2.7185882427e+10 7.0130257220e-02 8.0765625803e+01
W 5.7257194637e-01 3.4304692863e+10 7.2547209721e-02 9.1192881248e+01
W 5.7257194637e-01 4.3287612811e+10 7.5036169067e-02 1.0296634871e+02
W 5.7257194637e-01 5.4622772177e+10 7.7595579811e-02 1.1625983105e+02
W 5.7257194637e-01 6.8926121044e+10 8.0223091691e-02 1.3126956996e+02
W 5.7257194637e-01 8.6974900262e+10 8.5183204143e-02 1.5023039616e+02
W 5.7257194637e-01 1.0974987655e+11 8.8011184912e-02 1.6962590881e+02
W 5.7257194637e-01 1.3848863714e+11 9.0895343572e-02 1.9152548135e+02
W 5.7257194637e-01 1.7475284000e+11 9.3828267997e-02 2.1625240073e+02
W 5.7257194637e-01 2.2051307399e+11 9.6800773473e-02 2.4417169190e+02
W 5.7257194637e-01 2.7825594022e+11 9.9801622821e-02 2.7569550638e+02
W 5.7257194637e-01 3.5111917342e+11 1.0562936332e-01 3.1551748936e+02
W 5.7257194637e-01 4.4306214576e+11 1.0872591955e-01 3.5625241125e+02
W 5.7257194637e-01 5.5908101825e+11 1.1180113571e-01 4.0224641994e+02
W 5.7257194637e-01 7.0548023107e+11 1.1483170627e-01 4.5417849044e+02
W 5.7257194637e-01 8.9021508545e+11 1.1779041406e-01 5.1281525689e+02
W 5.7257194637e-01 1.1233240330e+12 1.2064570420e-01 5.7902232984e+02
W 5.7257194637e-01 1.4174741629e+12 1.2673528227e-01 6.6265741577e+02
W 5.7257194637e-01 1.7886495291e+12 1.2933892022e-01 7.4820987794e+02
W 5.7257194637e-01 2.2570197196e+12 1.3170805197e-01 8.4480760063e+02
W 5.7257194637e-01 2.8480358684e+12 1.3378837539e-01 9.5387658345e+02
W 5.7257194637e-01 3.5938136638e+12 1.3551944371e-01 1.0770269299e+03
W 5.7257194637e-01 4.5348785081e+12 1.3683470041e-01 1.2160766160e+03
W 5.7257194637e-01 5.7223676594e+12 1.4142694813e-01 1.3917290340e+03
W 5.7257194637e-01 7.2208090184e+12 1.4169557089e-01 1.5714083716e+03
W 5.7257194637e-01 9.1116275612e+12 1.4129951660e-01 1.7742852309e+03
W 5.7257194637e-01 1.1497569954e+13 1.4015308273e-01 2.0033545305e+03
W 5.7257194637e-01 1.4508287785e+13 1.3817117415e-01 2.2619978484e+03
W 5.7257194637e-01 1.8307382803e+13 1.3897284367e-01 2.5887251173e+03
W 5.7257194637e-01 2.3101297001e+13 1.3498059048e-01 2.9229427725e+03
W 5.7257194637e-01 2.9150530628e+13 1.2991570058e-01 3.3003096366e+03
W 5.7257194637e-01 3.6783797718e+13 1.2374367729e-01 3.7263964933e+03
W 5.7257194637e-01 4.6415888336e+13 1.1964735300e-01 4.2646442859e+03
W 5.7257194637e-01 5.8570208181e+13 1.1106653610e-01 4.8152316789e+03
W 5.7257194637e-01 7.3907220335e+13 1.0147776564e-01 5.4369027208e+03
W 5.7257194637e-01 9.3260334688e+13 9.1033367405e-02 6.1388346743e+03
W 5.7257194637e-01 1.1768119524e+14 7.9950957695e-02 6.9313896337e+03
W 5.7257194637e-01 1.4849682623e+14 7.0386929229e-02 7.9325727276e+03
W 5.7257194637e-01 1.8738174229e+14 5.8619373356e-02 8.9567084455e+03
W 5.7257194637e-01 2.3644894126e+14 4.7222742552e-02 1.0113065324e+04
W 5.7257194637e-01 2.9836472403e+14 3.6593962335e-02 1.1418713790e+04
W 5.7257194637e-01 3.7649358068e+14 2.7840497262e-02 1.3068054514e+04
W 5.7257194637e-01 4.7508101621e+14 1.9548620278e-02 1.4755207201e+04
W 5.7257194637e-01 5.9948425032e+14 1.2893395550e-02 1.6660179931e+04
W 5.7257194637e-01 7.5646332755e+14 7.8989286607e-03 1.8811094384e+04
W 5.7257194637e-01 9.5454845666e+14 4.5572007537e-03 2.1528204613e+04
W 5.7257194637e-01 1.2045035403e+15 2.3088492136e-03 2.4307605956e+04
W 5.7257194637e-01 1.5199110830e+15 1.0345010675e-03 2.7445842229e+04
W 5.7257194637e-01 1.9179102617e+15 3.9998188482e-04 3.0989240860e+04
W 5.7257194637e-01 2.4201282648e+15 1.3322655307e-04 3.5465385714e+04
W 5.7257194637e-01 3.0538555088e+15 3.5057805743e-05 4.0044148431e+04
W 5.7257194637e-01 3.8535285937e+15 7.2003193151e-06 4.5214052838e+04
W 5.7257194637e-01 4.8626015801e+15 1.1264170025e-06 5.1744856573e+04
W 5.7257194637e-01 6.1359072734e+15 1.1857224816e-07 5.8425382255e+04
W 5.7257194637e-01 7.7426368268e+15 7.8667317984e-09 6.5968397978e+04
W 5.7257194637e-01 9.7700995730e+15 2.9331818550e-10 7.4485255616e+04
W 5.7257194637e-01 1.2328467394e+16 5.5198949452e-12 8.5244047518e+04
W 5.7257194637e-01 1.5556761439e+16 4.2645351979e-14 9.6249490116e+04
W 5.7257194637e-01 1.9630406500e+16 1.1694356268e-16 1.0867579165e+05
W 5.7257194637e-01 2.4770763560e+16 9.5767844746e-20 1.2437312957e+05
W 5.7257194637e-01 3.1257158497e+16 1.7441100791e-23 1.4043033682e+05
W 5.7257194637e-01 3.9442060594e+16 5.3643535614e-28 1.5856061167e+05
W 5.7257194637e-01 4.9770235643e+16 1.9385790873e-33 1.8146340781e+05
W 5.7257194637e-01 6.2802914418e+16 4.6852489819e-40 2.0489126203e+05
W 5.7257194637e-01 7.9248289835e+16 3.9867991436e-48 2.3134377207e+05
W 5.7257194637e-01 1.0000000000e+17 5.1076654623e-58 2.6475950625e+05
W 6.1395632878e-01 1.2618568831e+07 2.1395162287e-02 1.3186124973e+00
W 6.1395632878e-01 1.5922827933e+07 2.2049851921e-02 1.4888521160e+00
W 6.1395632878e-01 2.0092330026e+07 2.2728598867e-02 1.6810705404e+00
W 6.1395632878e-01 2.5353644940e+07 2.3432388544e-02 1.8981053466e+00
W 6.1395632878e-01 3.1992671378e+07 2.4162246621e-02 2.1431604565e+00
W 6.1395632878e-01 4.0370172586e+07 2.5600800612e-02 2.4527226266e+00
W 6.1395632878e-01 5.0941380148e+07 2.6407516189e-02 2.7693816645e+00
W 6.1395632878e-01 6.4280731173e+07 2.7244431874e-02 3.1269230040e+00
W 6.1395632878e-01 8.1113083079e+07 2.8112776004e-02 3.5306247595e+00
W 6.1395632878e-01 1.0235310219e+08 2.9013821464e-02 3.9864464768e+00
W 6.1395632878e-01 1.2915496650e+08 3.0768012044e-02 4.5622563833e+00
W 6.1395632878e-01 1.6297508346e+08 3.1765005897e-02 5.1512670205e+00
W 6.1395632878e-01 2.0565123083e+08 3.2799801647e-02 5.8163219439e+00
W 6.1395632878e-01 2.5950242114e+08 3.3873895382e-02 6.5672388601e+00
W 6.1395632878e-01 3.2745491629e+08 3.4988827115e-02 7.4151029914e+00
W 6.1395632878e-01 4.1320124001e+08 3.6146178955e-02 8.3724307193e+00
W 6.1395632878e-01 5.2140082880e+08 3.7347574328e-02 9.4533543540e+00
W 6.1395632878e-01 6.5793322466e+08 3.9650263659e-02 1.0818814826e+01
W 6.1395632878e-01 8.3021756813e+08 4.0980153640e-02 1.2215579163e+01
W 6.1395632878e-01 1.0476157528e+09 4.2360488816e-02 1.3792672921e+01
W 6.1395632878e-01 1.3219411485e+09 4.3793044577e-02 1.5573377552e+01
W 6.1395632878e-01 1.6681005372e+09 4.5279606118e-02 1.7583980259e+01
W 6.1395632878e-01 2.1049041445e+09 4.6821950211e-02 1.9854162060e+01
W 6.1395632878e-01 2.6560877829e+09 4.9746211434e-02 2.2721934967e+01
W 6.1395632878e-01 3.3516026509e+09 5.1450743387e-02 2.5655453004e+01
W 6.1395632878e-01 4.2292428744e+09 5.3217871788e-02 2.8967703227e+01
W 6.1395632878e-01 5.3366992312e+09 5.5049227186e-02 3.2707581897e+01
W 6.1395632878e-01 6.7341506578e+09 5.6946323105e-02 3.6930298034e+01
W 6.1395632878e-01 8.4975343591e+09 5.8910528514e-02 4.1698188426e+01
W 6.1395632878e-01 1.0722672220e+10 6.0943025033e-02 4.7081637858e+01
W 6.1395632878e-01 1.3530477746e+10 6.4769079386e-02 5.3882199122e+01
W 6.1395632878e-01 1.7073526475e+10 6.7000101506e-02 6.0838666662e+01
W 6.1395632878e-01 2.1544346900e+10 6.9303241197e-02 6.8693249746e+01
W 6.1395632878e-01 2.7185882427e+10 7.1678373929e-02 7.7561899686e+01
W 6.1395632878e-01 3.4304692863e+10 7.4124846729e-02 8.7575537700e+01
W 6.1395632878e-01 4.3287612811e+10 7.6641389295e-02 9.8881987607e+01
W 6.1395632878e-01 5.4622772177e+10 8.1392870204e-02 1.1316468985e+02
W 6.1395632878e-01 6.8926121044e+10 8.4115096576e-02 1.2777483020e+02
W 6.1395632878e-01 8.6974900262e+10 8.6900256444e-02 1.4427121441e+02
W 6.1395632878e-01 1.0974987655e+11 8.9743103719e-02 1.6289736620e+02
W 6.1395632878e-01 1.3848863714e+11 9.2636990018e-02 1.8392824948e+02
W 6.1395632878e-01 1.7475284000e+11 9.5573609558e-02 2.0767432736e+02
W 6.1395632878e-01 2.2051307399e+11 9.8542777714e-02 2.3448614538e+02
W 6.1395632878e-01 2.7825594022e+11 1.0430912566e-01 2.6835576992e+02
W 6.1395632878e-01 3.5111917342e+11 1.0738578094e-01 3.0300187259e+02
W 6.1395632878e-01 4.4306214576e+11 1.1044987088e-01 3.4212096433e+02
W 6.1395632878e-01 5.5908101825e+11 1.1348006316e-01 3.8629053094e+02
W 6.1395632878e-01 7.0548023107e+11 1.1645139893e-01 4.3616261454e+02
W 6.1395632878e-01 8.9021508545e+11 1.1933488720e-01 4.9247343925e+02
W 6.1395632878e-01 1.1233240330e+12 1.2543654304e-01 5.6360723890e+02
W 6.1395632878e-01 1.4174741629e+12 1.2811037235e-01 6.3637181656e+02
W 6.1395632878e-01 1.7886495291e+12 1.3057558913e-01 7.1853067342e+02
W 6.1395632878e-01 2.2570197196e+12 1.3278182660e-01 8.1129665897e+02
W 6.1395632878e-01 2.8480358684e+12 1.3467282116e-01 9.1603920781e+02
W 6.1395632878e-01 3.5938136638e+12 1.3991115430e-01 1.0483536522e+03
W 6.1395632878e-01 4.5348785081e+12 1.4100842672e-01 1.1837014715e+03
W 6.1395632878e-01 5.7223676594e+12 1.4157272207e-01 1.3365233867e+03
W 6.1395632878e-01 7.2208090184e+12 1.4152419351e-01 1.5090753928e+03
W 6.1395632878e-01 9.1116275612e+12 1.4077995807e-01 1.7039047457e+03
W 6.1395632878e-01 1.1497569954e+13 1.4306506171e-01 1.9500199859e+03
W 6.1395632878e-01 1.4508287785e+13 1.4061525733e-01 2.2017775413e+03
W 6.1395632878e-01 1.8307382803e+13 1.3720374679e-01 2.4860382850e+03
W 6.1395632878e-01 2.3101297001e+13 1.3276514928e-01 2.8069985449e+03
W 6.1395632878e-01 2.9150530628e+13 1.2725255237e-01 3.1693964161e+03
W 6.1395632878e-01 3.6783797718e+13 1.2394504182e-01 3.6271900589e+03
W 6.1395632878e-01 4.6415888336e+13 1.1604718109e-01 4.0954788502e+03
W 6.1395632878e-01 5.8570208181e+13 1.0709937920e-01 4.6242261201e+03
W 6.1395632878e-01 7.3907220335e+13 9.7215618195e-02 5.2212373672e+03
W 6.1395632878e-01 9.3260334688e+13 8.6570711331e-02 5.8953258204e+03
W 6.1395632878e-01 1.1768119524e+14 7.7465582217e-02 6.7468578877e+03
W 6.1395632878e-01 1.4849682623e+14 6.5763202334e-02 7.6179117543e+03
W 6.1395632878e-01 1.8738174229e+14 5.4189128185e-02 8.6014231310e+03
W 6.1395632878e-01 2.3644894126e+14 4.3129222449e-02 9.7119108575e+03
W 6.1395632878e-01 2.9836472403e+14 3.3866136781e-02 1.1114717722e+04
W 6.1395632878e-01 3.7649358068e+14 2.4687581679e-02 1.2549684637e+04
W 6.1395632878e-01 4.7508101621e+14 1.7024933494e-02 1.4169913121e+04
W 6.1395632878e-01 5.9948425032e+14 1.0998596074e-02 1.5999321391e+04
W 6.1395632878e-01 7.5646332755e+14 6.7590707466e-03 1.8310293784e+04
W 6.1395632878e-01 9.5454845666e+14 3.6924433452e-03 2.0674246377e+04
W 6.1395632878e-01 1.2045035403e+15 1.8118215931e-03 2.3343397343e+04
W 6.1395632878e-01 1.5199110830e+15 7.8213319954e-04 2.6357149352e+04
W 6.1395632878e-01 1.9179102617e+15 2.9746132021e-04 3.0164226104e+04
W 6.1395632878e-01 2.4201282648e+15 9.1657755449e-05 3.4058581998e+04
W 6.1395632878e-01 3.0538555088e+15 2.2722648967e-05 3.8455719160e+04
W 6.1395632878e-01 3.8535285937e+15 4.3507971059e-06 4.3420549222e+04
W 6.1395632878e-01 4.8626015801e+15 6.2651486279e-07 4.9692295885e+04
W 6.1395632878e-01 6.1359072734e+15 5.9759526957e-08 5.6107825483e+04
W 6.1395632878e-01 7.7426368268e+15 3.5230555666e-09 6.3351632771e+04
W 6.1395632878e-01 9.7700995730e+15 1.1704392399e-10 7.2502263027e+04
W 6.1395632878e-01 1.2328467394e+16 1.8049075808e-12 8.1862676067e+04
W 6.1395632878e-01 1.5556761439e+16 1.1322836838e-14 9.2431566313e+04
W 6.1395632878e-01 1.9630406500e+16 2.4804871402e-17 1.0578255744e+05
W 6.1395632878e-01 2.4770763560e+16 1.4600596450e-20 1.1943962674e+05
W 6.1395632878e-01 3.1257158497e+16 1.8457383960e-24 1.3485989354e+05
W 6.1395632878e-01 3.9442060594e+16 3.7572919405e-29 1.5433931290e+05
W 6.1395632878e-01 4.9770235643e+16 7.7737255152e-35 1.7426530772e+05
W 6.1395632878e-01 6.2802914418e+16 9.8751450719e-42 1.9676385039e+05
W 6.1395632878e-01 7.9248289835e+16 3.9426287213e-50 2.2518479495e+05
W 6.1395632878e-01 1.0000000000e+17 1.8805988977e-60 2.5425730390e+05
W 6.5833189356e-01 1.2618568831e+07 2.1392683061e-02 1.2493372457e+00
W 6.5833189356e-01 1.5922827933e+07 2.2046434170e-02 1.4106330750e+00
W 6.5833189356e-01 2.0092330026e+07 2.2724126432e-02 1.5927530210e+00
W 6.5833189356e-01 2.5353644940e+07 2.3426732689e-02 1.7983855837e+00
W 6.5833189356e-01 3.1992671378e+07 2.4815929727e-02 2.0581478158e+00
W 6.5833189356e-01 4.0370172586e+07 2.5592102931e-02 2.3238652272e+00
W 6.5833189356e-01 5.0941380148e+07 2.6397113721e-02 2.6238881157e+00
W 6.5833189356e-01 6.4280731173e+07 2.7232125126e-02 2.9626454939e+00
W 6.5833189356e-01 8.1113083079e+07 2.8098343862e-02 3.3451381824e+00
W 6.5833189356e-01 1.0235310219e+08 2.9790109574e-02 3.8283162999e+00
W 6.5833189356e-01 1.2915496650e+08 3.0748035382e-02 4.3225715179e+00
W 6.5833189356e-01 1.6297508346e+08 3.1742005260e-02 4.8806376128e+00
W 6.5833189356e-01 2.0565123083e+08 3.2773433809e-02 5.5107528953e+00
W 6.5833189356e-01 2.5950242114e+08 3.3843779651e-02 6.2222192842e+00
W 6.5833189356e-01 3.2745491629e+08 3.4954541163e-02 7.0255396233e+00
W 6.5833189356e-01 4.1320124001e+08 3.7094815311e-02 8.0403219206e+00
W 6.5833189356e-01 5.2140082880e+08 3.8323769755e-02 9.0783686106e+00
W 6.5833189356e-01 6.5793322466e+08 3.9599081102e-02 1.0250432438e+01
W 6.5833189356e-01 8.3021756813e+08 4.0922419384e-02 1.1573815702e+01
W 6.5833189356e-01 1.0476157528e+09 4.2295471480e-02 1.3068054514e+01
W 6.5833189356e-01 1.3219411485e+09 4.3719931733e-02 1.4755207201e+01
W 6.5833189356e-01 1.6681005372e+09 4.6433681313e-02 1.6886477376e+01
W 6.5833189356e-01 2.1049041445e+09 4.8007934884e-02 1.9066607988e+01
W 6.5833189356e-01 2.6560877829e+09 4.9640159541e-02 2.1528204613e+01
W 6.5833189356e-01 3.3516026509e+09 5.1331997857e-02 2.4307605956e+01
W 6.5833189356e-01 4.2292428744e+09 5.3085016826e-02 2.7445842229e+01
W 6.5833189356e-01 5.3366992312e+09 5.4900688426e-02 3.0989240860e+01
W 6.5833189356e-01 6.7341506578e+09 5.6780349725e-02 3.4990110379e+01
W 6.5833189356e-01 8.4975343591e+09 6.0331351941e-02 4.0044148431e+01
W 6.5833189356e-01 1.0722672220e+10 6.2397302104e-02 4.5214052838e+01
W 6.5833189356e-01 1.3530477746e+10 6.4531907040e-02 5.1051418350e+01
W 6.5833189356e-01 1.7073526475e+10 6.6735567051e-02 5.7642417611e+01
W 6.5833189356e-01 2.1544346900e+10 6.9008285901e-02 6.5084348593e+01
W 6.5833189356e-01 2.7185882427e+10 7.1349598086e-02 7.3487070933e+01
W 6.5833189356e-01 3.4304692863e+10 7.5775823927e-02 8.4101683142e+01
W 6.5833189356e-01 4.3287612811e+10 7.8318260095e-02 9.4959640655e+01
W 6.5833189356e-01 5.4622772177e+10 8.0925821310e-02 1.0721941603e+02
W 6.5833189356e-01 6.8926121044e+10 8.3595024303e-02 1.2106199111e+02
W 6.5833189356e-01 8.6974900262e+10 8.6321283323e-02 1.3669171345e+02
W 6.5833189356e-01 1.0974987655e+11 8.9098724890e-02 1.5433931290e+02
W 6.5833189356e-01 1.3848863714e+11 9.4434098985e-02 1.7663237663e+02
W 6.5833189356e-01 1.7475284000e+11 9.7368306332e-02 1.9943652001e+02
W 6.5833189356e-01 2.2051307399e+11 1.0032697671e-01 2.2518479495e+02
W 6.5833189356e-01 2.7825594022e+11 1.0329653510e-01 2.5425730390e+02
W 6.5833189356e-01 3.5111917342e+11 1.0626081560e-01 2.8708322248e+02
W 6.5833189356e-01 4.4306214576e+11 1.0920072975e-01 3.2414713507e+02
W 6.5833189356e-01 5.5908101825e+11 1.1515976362e-01 3.7096756339e+02
W 6.5833189356e-01 7.0548023107e+11 1.1805732867e-01 4.1886137350e+02
W 6.5833189356e-01 8.9021508545e+11 1.2084927172e-01 4.7293851949e+02
W 6.5833189356e-01 1.1233240330e+12 1.2350018053e-01 5.3399730166e+02
W 6.5833189356e-01 1.4174741629e+12 1.2596973805e-01 6.0293908495e+02
W 6.5833189356e-01 1.7886495291e+12 1.2821239815e-01 6.8078160513e+02
W 6.5833189356e-01 2.2570197196e+12 1.3373758519e-01 7.7911499420e+02
W 6.5833189356e-01 2.8480358684e+12 1.3541238054e-01 8.7970272549e+02
W 6.5833189356e-01 3.5938136638e+12 1.3667963849e-01 9.9327684744e+02
W 6.5833189356e-01 4.5348785081e+12 1.3747013883e-01 1.1215139695e+03
W 6.5833189356e-01 5.7223676594e+12 1.3770996860e-01 1.2663071600e+03
W 6.5833189356e-01 7.2208090184e+12 1.4107751209e-01 1.4492149732e+03
W 6.5833189356e-01 9.1116275612e+12 1.3995179776e-01 1.6363160397e+03
W 6.5833189356e-01 1.1497569954e+13 1.3801848190e-01 1.8475728109e+03
W 6.5833189356e-01 1.4508287785e+13 1.3520081973e-01 2.0861039120e+03
W 6.5833189356e-01 1.8307382803e+13 1.3143059483e-01 2.3554305985e+03
W 6.5833189356e-01 2.3101297001e+13 1.3011777428e-01 2.6956534713e+03
W 6.5833189356e-01 2.9150530628e+13 1.2414181856e-01 3.0436761240e+03
W 6.5833189356e-01 3.6783797718e+13 1.1709255432e-01 3.4366302814e+03
W 6.5833189356e-01 4.6415888336e+13 1.0900296003e-01 3.8803168307e+03
W 6.5833189356e-01 5.8570208181e+13 9.9952467040e-02 4.3812855831e+03
W 6.5833189356e-01 7.3907220335e+13 9.2538078245e-02 5.0141268007e+03
W 6.5833189356e-01 9.3260334688e+13 8.1737359369e-02 5.6614762203e+03
W 6.5833189356e-01 1.1768119524e+14 7.0542725044e-02 6.3924017614e+03
W 6.5833189356e-01 1.4849682623e+14 5.9267634782e-02 7.2176935289e+03
W 6.5833189356e-01 1.8738174229e+14 4.9585484559e-02 8.2602309016e+03
W 6.5833189356e-01 2.3644894126e+14 3.8940865167e-02 9.3266689659e+03
W 6.5833189356e-01 2.9836472403e+14 2.9313149596e-02 1.0530789640e+04
W 6.5833189356e-01 3.7649358068e+14 2.0999728520e-02 1.1890368452e+04
W 6.5833189356e-01 4.7508101621e+14 1.4195705890e-02 1.3425475844e+04
W 6.5833189356e-01 5.9948425032e+14 9.2081690488e-03 1.5364677094e+04
W 6.5833189356e-01 7.5646332755e+14 5.3645625412e-03 1.7348335504e+04
W 6.5833189356e-01 9.5454845666e+14 2.8425345649e-03 1.9588094363e+04
W 6.5833189356e-01 1.2045035403e+15 1.3462883143e-03 2.2117017547e+04
W 6.5833189356e-01 1.5199110830e+15 5.7297774935e-04 2.5311641602e+04
W 6.5833189356e-01 1.9179102617e+15 2.0215727988e-04 2.8579504013e+04
W 6.5833189356e-01 2.4201282648e+15 5.8883505845e-05 3.2269264179e+04
W 6.5833189356e-01 3.0538555088e+15 1.4039542978e-05 3.6930298034e+04
W 6.5833189356e-01 3.8535285937e+15 2.4875890092e-06 4.1698188426e+04
W 6.5833189356e-01 4.8626015801e+15 3.1814506532e-07 4.7081637858e+04
W 6.5833189356e-01 6.1359072734e+15 2.7211851427e-08 5.3160118149e+04
W 6.5833189356e-01 7.7426368268e+15 1.4462934745e-09 6.0838666662e+04
W 6.5833189356e-01 9.7700995730e+15 3.9956163275e-11 6.8693249746e+04
W 6.5833189356e-01 1.2328467394e+16 5.0933592191e-13 7.7561899686e+04
W 6.5833189356e-01 1.5556761439e+16 2.6073818970e-15 8.8765087906e+04
W 6.5833189356e-01 1.9630406500e+16 4.2097598154e-18 1.0022511483e+05
W 6.5833189356e-01 2.4770763560e+16 1.7719619199e-21 1.1316468985e+05
W 6.5833189356e-01 3.1257158497e+16 1.4959241458e-25 1.2777483020e+05
W 6.5833189356e-01 3.9442060594e+16 1.8725632586e-30 1.4623086955e+05
W 6.5833189356e-01 4.9770235643e+16 2.1542264308e-36 1.6511002285e+05
W 6.5833189356e-01 6.2802914418e+16 1.3436720639e-43 1.8642657141e+05
W 6.5833189356e-01 7.9248289835e+16 2.2549047089e-52 2.1335437975e+05
W 6.5833189356e-01 1.0000000000e+17 3.7160142833e-63 2.4089952158e+05
W 7.0591483752e-01 1.2618568831e+07 2.0286260259e-02 1.1521882381e+00
W 7.0591483752e-01 1.5922827933e+07 2.1477043169e-02 1.3186124973e+00
W 7.0591483752e-01 2.0092330026e+07 2.2136180862e-02 1.4888521160e+00
W 7.0591483752e-01 2.5353644940e+07 2.2819452342e-02 1.6810705404e+00
W 7.0591483752e-01 3.1992671378e+07 2.3527828245e-02 1.8981053466e+00
W 7.0591483752e-01 4.0370172586e+07 2.4925909524e-02 2.1722712908e+00
W 7.0591483752e-01 5.0941380148e+07 2.5708387602e-02 2.4527226266e+00
W 7.0591483752e-01 6.4280731173e+07 2.6519878693e-02 2.7693816645e+00
W 7.0591483752e-01 8.1113083079e+07 2.7361535110e-02 3.1269230040e+00
W 7.0591483752e-01 1.0235310219e+08 2.8234547718e-02 3.5306247595e+00
W 7.0591483752e-01 1.2915496650e+08 2.9937152034e-02 4.0405949108e+00
W 7.0591483752e-01 1.6297508346e+08 3.0902301951e-02 4.5622563833e+00
W 7.0591483752e-01 2.0565123083e+08 3.1903575868e-02 5.1512670205e+00
W 7.0591483752e-01 2.5950242114e+08 3.2942354479e-02 5.8163219439e+00
W 7.0591483752e-01 3.2745491629e+08 3.4020052736e-02 6.5672388601e+00
W 7.0591483752e-01 4.1320124001e+08 3.6099171588e-02 7.5158233240e+00
W 7.0591483752e-01 5.2140082880e+08 3.7290802466e-02 8.4861545621e+00
W 7.0591483752e-01 6.5793322466e+08 3.8526957446e-02 9.5817605267e+00
W 7.0591483752e-01 8.3021756813e+08 3.9809193219e-02 1.0818814826e+01
W 7.0591483752e-01 1.0476157528e+09 4.1139075004e-02 1.2215579163e+01
W 7.0591483752e-01 1.3219411485e+09 4.2518166509e-02 1.3792672921e+01
W 7.0591483752e-01 1.6681005372e+09 4.5150034422e-02 1.5784912815e+01
W 7.0591483752e-01 2.1049041445e+09 4.6672717717e-02 1.7822825807e+01
W 7.0591483752e-01 2.6560877829e+09 4.8250647608e-02 2.0123843791e+01
W 7.0591483752e-01 3.3516026509e+09 4.9885287458e-02 2.2721934967e+01
W 7.0591483752e-01 4.2292428744e+09 5.1578011629e-02 2.5655453004e+01
W 7.0591483752e-01 5.3366992312e+09 5.3330084815e-02 2.8967703227e+01
W 7.0591483752e-01 6.7341506578e+09 5.6650814421e-02 3.3151853343e+01
W 7.0591483752e-01 8.4975343591e+09 5.8576000987e-02 3.7431927196e+01
W 7.0591483752e-01 1.0722672220e+10 6.0564988559e-02 4.2264580479e+01
W 7.0591483752e-01 1.3530477746e+10 6.2618214120e-02 4.7721154022e+01
W 7.0591483752e-01 1.7073526475e+10 6.4735773549e-02 5.3882199122e+01
W 7.0591483752e-01 2.1544346900e+10 6.6917344626e-02 6.0838666662e+01
W 7.0591483752e-01 2.7185882427e+10 7.1053750021e-02 6.9626319316e+01
W 7.0591483752e-01 3.4304692863e+10 7.3423399403e-02 7.8615433311e+01
W 7.0591483752e-01 4.3287612811e+10 7.5854392199e-02 8.8765087906e+01
W 7.0591483752e-01 5.4622772177e+10 7.8343744802e-02 1.0022511483e+02
W 7.0591483752e-01 6.8926121044e+10 8.0887516863e-02 1.1316468985e+02
W 7.0591483752e-01 8.6974900262e+10 8.3480641793e-02 1.2777483020e+02
W 7.0591483752e-01 1.0974987655e+11 8.8472102749e-02 1.4623086955e+02
W 7.0591483752e-01 1.3848863714e+11 9.1216386607e-02 1.6511002285e+02
W 7.0591483752e-01 1.7475284000e+11 9.3986905792e-02 1.8642657141e+02
W 7.0591483752e-01 2.2051307399e+11 9.6771813103e-02 2.1049519544e+02
W 7.0591483752e-01 2.7825594022e+11 9.9556976912e-02 2.3767120195e+02
W 7.0591483752e-01 3.5111917342e+11 1.0232568924e-01 2.6835576992e+02
W 7.0591483752e-01 4.4306214576e+11 1.0793177775e-01 3.0711758742e+02
W 7.0591483752e-01 5.5908101825e+11 1.1067869442e-01 3.4676803901e+02
W 7.0591483752e-01 7.0548023107e+11 1.1333800965e-01 3.9153756672e+02
W 7.0591483752e-01 8.9021508545e+11 1.1587858551e-01 4.4208706948e+02
W 7.0591483752e-01 1.1233240330e+12 1.1826491953e-01 4.9916277164e+02
W 7.0591483752e-01 1.4174741629e+12 1.2375142169e-01 5.7126279118e+02
W 7.0591483752e-01 1.7886495291e+12 1.2575721521e-01 6.4501573980e+02
W 7.0591483752e-01 2.2570197196e+12 1.2746538061e-01 7.2829057136e+02
W 7.0591483752e-01 2.8480358684e+12 1.2881912751e-01 8.2231660967e+02
W 7.0591483752e-01 3.5938136638e+12 1.2975662260e-01 9.2848189051e+02
W 7.0591483752e-01 4.5348785081e+12 1.3021146267e-01 1.0483536522e+03
W 7.0591483752e-01 5.7223676594e+12 1.3367222505e-01 1.1997798464e+03
W 7.0591483752e-01 7.2208090184e+12 1.3292919245e-01 1.3546775620e+03
W 7.0591483752e-01 9.1116275612e+12 1.3146875115e-01 1.5295733651e+03
W 7.0591483752e-01 1.1497569954e+13 1.2921814025e-01 1.7270491110e+03
W 7.0591483752e-01 1.4508287785e+13 1.2611043083e-01 1.9500199859e+03
W 7.0591483752e-01 1.8307382803e+13 1.2542832503e-01 2.2316845792e+03
W 7.0591483752e-01 2.3101297001e+13 1.2031673702e-01 2.5198064745e+03
W 7.0591483752e-01 2.9150530628e+13 1.1420639006e-01 2.8451263804e+03
W 7.0591483752e-01 3.6783797718e+13 1.0710945251e-01 3.2124467502e+03
W 7.0591483752e-01 4.6415888336e+13 9.9076588452e-02 3.6271900589e+03
W 7.0591483752e-01 5.8570208181e+13 9.2671521318e-02 4.1511082855e+03
W 7.0591483752e-01 7.3907220335e+13 8.2846689315e-02 4.6870376000e+03
W 7.0591483752e-01 9.3260334688e+13 7.2520328426e-02 5.2921581306e+03
W 7.0591483752e-01 1.1768119524e+14 6.1954767560e-02 5.9754028171e+03
W 7.0591483752e-01 1.4849682623e+14 5.2864595466e-02 6.8385013580e+03
W 7.0591483752e-01 1.8738174229e+14 4.2493494307e-02 7.7213868654e+03
W 7.0591483752e-01 2.3644894126e+14 3.2880665789e-02 8.7182574082e+03
W 7.0591483752e-01 2.9836472403e+14 2.4337044625e-02 9.8438290376e+03
W 7.0591483752e-01 3.7649358068e+14 1.7101924234e-02 1.1114717722e+04
W 7.0591483752e-01 4.7508101621e+14 1.1617509404e-02 1.2720148677e+04
W 7.0591483752e-01 5.9948425032e+14 7.1513415523e-03 1.4362384940e+04
W 7.0591483752e-01 7.5646332755e+14 4.0462005802e-03 1.6216642306e+04
W 7.0591483752e-01 9.5454845666e+14 2.0727214646e-03 1.8310293784e+04
W 7.0591483752e-01 1.2045035403e+15 9.6978117526e-04 2.0955067422e+04
W 7.0591483752e-01 1.5199110830e+15 3.8384142244e-04 2.3660473821e+04
W 7.0591483752e-01 1.9179102617e+15 1.2840581266e-04 2.6715162026e+04
W 7.0591483752e-01 2.4201282648e+15 3.5142628628e-05 3.0164226104e+04
W 7.0591483752e-01 3.0538555088e+15 7.7888357108e-06 3.4521204259e+04
W 7.0591483752e-01 3.8535285937e+15 1.2664927951e-06 3.8978068320e+04
W 7.0591483752e-01 4.8626015801e+15 1.4634768666e-07 4.4010336332e+04
W 7.0591483752e-01 6.1359072734e+15 1.1397774047e-08 5.0367272966e+04
W 7.0591483752e-01 7.7426368268e+15 5.1025384746e-10 5.6869945558e+04
W 7.0591483752e-01 9.7700995730e+15 1.1841360521e-11 6.4212146446e+04
W 7.0591483752e-01 1.2328467394e+16 1.2225751107e-13 7.2502263027e+04
W 7.0591483752e-01 1.5556761439e+16 4.8499721829e-16 8.2974627711e+04
W 7.0591483752e-01 1.9630406500e+16 5.7548794134e-19 9.3687076602e+04
W 7.0591483752e-01 2.4770763560e+16 1.6710587053e-22 1.0578255744e+05
W 7.0591483752e-01 3.1257158497e+16 9.2690161366e-27 1.2106199111e+05
W 7.0591483752e-01 3.9442060594e+16 6.5923072605e-32 1.3669171345e+05
W 7.0591483752e-01 4.9770235643e+16 3.9598840013e-38 1.5433931290e+05
W 7.0591483752e-01 6.2802914418e+16 1.1544999884e-45 1.7663237663e+05
W 7.0591483752e-01 7.9248289835e+16 7.2239526618e-55 1.9943652001e+05
W 7.0591483752e-01 1.0000000000e+17 3.6703935423e-66 2.2518479495e+05
W 7.5693698378e-01 1.2618568831e+07 1.8742257125e-02 1.0483536522e+00
W 7.5693698378e-01 1.5922827933e+07 1.9841400957e-02 1.1997798464e+00
W 7.5693698378e-01 2.0092330026e+07 2.0449234171e-02 1.3546775620e+00
W 7.5693698378e-01 2.5353644940e+07 2.1079221000e-02 1.5295733651e+00
W 7.5693698378e-01 3.1992671378e+07 2.1732242709e-02 1.7270491110e+00
W 7.5693698378e-01 4.0370172586e+07 2.3022122576e-02 1.9765073674e+00
W 7.5693698378e-01 5.0941380148e+07 2.3743185993e-02 2.2316845792e+00
W 7.5693698378e-01 6.4280731173e+07 2.4490832258e-02 2.5198064745e+00
W 7.5693698378e-01 8.1113083079e+07 2.5266102005e-02 2.8451263804e+00
W 7.5693698378e-01 1.0235310219e+08 2.6070068882e-02 3.2124467502e+00
W 7.5693698378e-01 1.2915496650e+08 2.7639680603e-02 3.6764586650e+00
W 7.5693698378e-01 1.6297508346e+08 2.8528046952e-02 4.1511082855e+00
W 7.5693698378e-01 2.0565123083e+08 2.9449406774e-02 4.6870376000e+00
W 7.5693698378e-01 2.5950242114e+08 3.0404994319e-02 5.2921581306e+00
W 7.5693698378e-01 3.2745491629e+08 3.2254777584e-02 6.0565675103e+00
W 7.5693698378e-01 4.1320124001e+08 3.3310741148e-02 6.8385013580e+00
W 7.5693698378e-01 5.2140082880e+08 3.4405827816e-02 7.7213868654e+00
W 7.5693698378e-01 6.5793322466e+08 3.5541393437e-02 8.7182574082e+00
W 7.5693698378e-01 8.3021756813e+08 3.6718804402e-02 9.8438290376e+00
W 7.5693698378e-01 1.0476157528e+09 3.8977099464e-02 1.1265690415e+01
W 7.5693698378e-01 1.3219411485e+09 4.0276893608e-02 1.2720148677e+01
W 7.5693698378e-01 1.6681005372e+09 4.1623848537e-02 1.4362384940e+01
W 7.5693698378e-01 2.1049041445e+09 4.3019299631e-02 1.6216642306e+01
W 7.5693698378e-01 2.6560877829e+09 4.4464532279e-02 1.8310293784e+01
W 7.5693698378e-01 3.3516026509e+09 4.5960759431e-02 2.0674246377e+01
W 7.5693698378e-01 4.2292428744e+09 4.8808506666e-02 2.3660473821e+01
W 7.5693698378e-01 5.3366992312e+09 5.0453750963e-02 2.6715162026e+01
W 7.5693698378e-01 6.7341506578e+09 5.2154416366e-02 3.0164226104e+01
W 7.5693698378e-01 8.4975343591e+09 5.3911171324e-02 3.4058581998e+01
W 7.5693698378e-01 1.0722672220e+10 5.5724444921e-02 3.8455719160e+01
W 7.5693698378e-01 1.3530477746e+10 5.9169624199e-02 4.4010336332e+01
W 7.5693698378e-01 1.7073526475e+10 6.1148689130e-02 4.9692295885e+01
W 7.5693698378e-01 2.1544346900e+10 6.3185104215e-02 5.6107825483e+01
W 7.5693698378e-01 2.7185882427e+10 6.5277725383e-02 6.3351632771e+01
W 7.5693698378e-01 3.4304692863e+10 6.7424811818e-02 7.1530652635e+01
W 7.5693698378e-01 4.3287612811e+10 6.9623934548e-02 8.0765625803e+01
W 7.5693698378e-01 5.4622772177e+10 7.3837592335e-02 9.2431566313e+01
W 7.5693698378e-01 6.8926121044e+10 7.6192804533e-02 1.0436495435e+02
W 7.5693698378e-01 8.6974900262e+10 7.8588422496e-02 1.1783900384e+02
W 7.5693698378e-01 1.0974987655e+11 8.1017733694e-02 1.3305262203e+02
W 7.5693698378e-01 1.3848863714e+11 8.3472567285e-02 1.5023039616e+02
W 7.5693698378e-01 1.7475284000e+11 8.5943055897e-02 1.6962590881e+02
W 7.5693698378e-01 2.2051307399e+11 9.0835716079e-02 1.9412699750e+02
W 7.5693698378e-01 2.7825594022e+11 9.3367452079e-02 2.1918978593e+02
W 7.5693698378e-01 3.5111917342e+11 9.5872074704e-02 2.4748830855e+02
W 7.5693698378e-01 4.4306214576e+11 9.8330009452e-02 2.7944031520e+02
W 7.5693698378e-01 5.5908101825e+11 1.0071860326e-01 3.1551748936e+02
W 7.5693698378e-01 7.0548023107e+11 1.0582927413e-01 3.6109143526e+02
W 7.5693698378e-01 8.9021508545e+11 1.0805670391e-01 4.0771018670e+02
W 7.5693698378e-01 1.1233240330e+12 1.1012103602e-01 4.6034765743e+02
W 7.5693698378e-01 1.4174741629e+12 1.1198338222e-01 5.1978089490e+02
W 7.5693698378e-01 1.7886495291e+12 1.1360038705e-01 5.8688726735e+02
W 7.5693698378e-01 2.2570197196e+12 1.1492416987e-01 6.6265741577e+02
W 7.5693698378e-01 2.8480358684e+12 1.1907244293e-01 7.5837291248e+02
W 7.5693698378e-01 3.5938136638e+12 1.1966450449e-01 8.5628273491e+02
W 7.5693698378e-01 4.5348785081e+12 1.1978203852e-01 9.6683321627e+02
W 7.5693698378e-01 5.7223676594e+12 1.1936084537e-01 1.0916563303e+03
W 7.5693698378e-01 7.2208090184e+12 1.1833557981e-01 1.2325947469e+03
W 7.5693698378e-01 9.1116275612e+12 1.1983205439e-01 1.4106330750e+03
W 7.5693698378e-01 1.1497569954e+13 1.1734274952e-01 1.5927530210e+03
W 7.5693698378e-01 1.4508287785e+13 1.1404922084e-01 1.7983855837e+03
W 7.5693698378e-01 1.8307382803e+13 1.0990837838e-01 2.0305663622e+03
W 7.5693698378e-01 2.3101297001e+13 1.0489443736e-01 2.2927228668e+03
W 7.5693698378e-01 2.9150530628e+13 1.0171291741e-01 2.6238881157e+03
W 7.5693698378e-01 3.6783797718e+13 9.4791528672e-02 2.9626454939e+03
W 7.5693698378e-01 4.6415888336e+13 8.7065303256e-02 3.3451381824e+03
W 7.5693698378e-01 5.8570208181e+13 7.8643868615e-02 3.7770126337e+03
W 7.5693698378e-01 7.3907220335e+13 6.9684321450e-02 4.2646442859e+03
W 7.5693698378e-01 9.3260334688e+13 6.2043497369e-02 4.8806376128e+03
W 7.5693698378e-01 1.1768119524e+14 5.2409930556e-02 5.5107528953e+03
W 7.5693698378e-01 1.4849682623e+14 4.2978125843e-02 6.2222192842e+03
W 7.5693698378e-01 1.8738174229e+14 3.4050884723e-02 7.0255396233e+03
W 7.5693698378e-01 2.3644894126e+14 2.6627645700e-02 8.0403219206e+03
W 7.5693698378e-01 2.9836472403e+14 1.9343428344e-02 9.0783686106e+03
W 7.5693698378e-01 3.7649358068e+14 1.3305352520e-02 1.0250432438e+04
W 7.5693698378e-01 4.7508101621e+14 8.5849795680e-03 1.1573815702e+04
W 7.5693698378e-01 5.9948425032e+14 5.2785191751e-03 1.3245559641e+04
W 7.5693698378e-01 7.5646332755e+14 2.8912894977e-03 1.4955629148e+04
W 7.5693698378e-01 9.5454845666e+14 1.4266375372e-03 1.6886477376e+04
W 7.5693698378e-01 1.2045035403e+15 6.2210281892e-04 1.9066607988e+04
W 7.5693698378e-01 1.5199110830e+15 2.4049555682e-04 2.1820625087e+04
W 7.5693698378e-01 1.9179102617e+15 7.5842487281e-05 2.4637779409e+04
W 7.5693698378e-01 2.4201282648e+15 1.9371900664e-05 2.7818642764e+04
W 7.5693698378e-01 3.0538555088e+15 3.8541606271e-06 3.1410171850e+04
W 7.5693698378e-01 3.8535285937e+15 5.8538028010e-07 3.5947116777e+04
W 7.5693698378e-01 4.8626015801e+15 6.0447599841e-08 4.0588073439e+04
W 7.5693698378e-01 6.1359072734e+15 4.0086007191e-09 4.5828201346e+04
W 7.5693698378e-01 7.7426368268e+15 1.5287437337e-10 5.1744856573e+04
W 7.5693698378e-01 9.7700995730e+15 3.0043300848e-12 5.9218982013e+04
W 7.5693698378e-01 1.2328467394e+16 2.4555551395e-14 6.6864455523e+04
W 7.5693698378e-01 1.5556761439e+16 7.1474768473e-17 7.5496998774e+04
W 7.5693698378e-01 1.9630406500e+16 6.1931650597e-20 8.6401928782e+04
W 7.5693698378e-01 2.4770763560e+16 1.1916463520e-23 9.7556859773e+04
W 7.5693698378e-01 3.1257158497e+16 3.9200773000e-28 1.1015194942e+05
W 7.5693698378e-01 3.9442060594e+16 1.5351481973e-33 1.2437312957e+05
W 7.5693698378e-01 4.9770235643e+16 4.6101402952e-40 1.4233782081e+05
W 7.5693698378e-01 6.2802914418e+16 5.4654540577e-48 1.6071436160e+05
W 7.5693698378e-01 7.9248289835e+16 1.1805965568e-57 1.8146340781e+05
W 7.5693698378e-01 1.0000000000e+17 1.6724687337e-69 2.0767432736e+05
W 8.1164691115e-01 1.2618568831e+07 1.5983163678e-02 9.1603920781e-01
W 8.1164691115e-01 1.5922827933e+07 1.6469077903e-02 1.0343045555e+00
W 8.1164691115e-01 2.0092330026e+07 1.7436768067e-02 1.1837014715e+00
W 8.1164691115e-01 2.5353644940e+07 1.7972770932e-02 1.3365233867e+00
W 8.1164691115e-01 3.1992671378e+07 1.8528265188e-02 1.5090753928e+00
W 8.1164691115e-01 4.0370172586e+07 1.9104014005e-02 1.7039047457e+00
W 8.1164691115e-01 5.0941380148e+07 2.0239639249e-02 1.9500199859e+00
W 8.1164691115e-01 6.4280731173e+07 2.0875211956e-02 2.2017775413e+00
W 8.1164691115e-01 8.1113083079e+07 2.1534106227e-02 2.4860382850e+00
W 8.1164691115e-01 1.0235310219e+08 2.2824870234e-02 2.8451263804e+00
W 8.1164691115e-01 1.2915496650e+08 2.3552475150e-02 3.2124467502e+00
W 8.1164691115e-01 1.6297508346e+08 2.4306862681e-02 3.6271900589e+00
W 8.1164691115e-01 2.0565123083e+08 2.5089022925e-02 4.0954788502e+00
W 8.1164691115e-01 2.5950242114e+08 2.6608353305e-02 4.6870376000e+00
W 8.1164691115e-01 3.2745491629e+08 2.7472113464e-02 5.2921581306e+00
W 8.1164691115e-01 4.1320124001e+08 2.8367584046e-02 5.9754028171e+00
W 8.1164691115e-01 5.2140082880e+08 2.9295855234e-02 6.7468578877e+00
W 8.1164691115e-01 6.5793322466e+08 3.0258022260e-02 7.6179117543e+00
W 8.1164691115e-01 8.3021756813e+08 3.2110035872e-02 8.7182574082e+00
W 8.1164691115e-01 1.0476157528e+09 3.3171539504e-02 9.8438290376e+00
W 8.1164691115e-01 1.3219411485e+09 3.4271215533e-02 1.1114717722e+01
W 8.1164691115e-01 1.6681005372e+09 3.5410140601e-02 1.2549684637e+01
W 8.1164691115e-01 2.1049041445e+09 3.7590094525e-02 1.4362384940e+01
W 8.1164691115e-01 2.6560877829e+09 3.8843943267e-02 1.6216642306e+01
W 8.1164691115e-01 3.3516026509e+09 4.0141110180e-02 1.8310293784e+01
W 8.1164691115e-01 4.2292428744e+09 4.1482423855e-02 2.0674246377e+01
W 8.1164691115e-01 5.3366992312e+09 4.2868592832e-02 2.3343397343e+01
W 8.1164691115e-01 6.7341506578e+09 4.5511813172e-02 2.6715162026e+01
W 8.1164691115e-01 8.4975343591e+09 4.7029571850e-02 3.0164226104e+01
W 8.1164691115e-01 1.0722672220e+10 4.8594503426e-02 3.4058581998e+01
W 8.1164691115e-01 1.3530477746e+10 5.0206472888e-02 3.8455719160e+01
W 8.1164691115e-01 1.7073526475e+10 5.1865017125e-02 4.3420549222e+01
W 8.1164691115e-01 2.1544346900e+10 5.5034438920e-02 4.9692295885e+01
W 8.1164691115e-01 2.7185882427e+10 5.6830925538e-02 5.6107825483e+01
W 8.1164691115e-01 3.4304692863e+10 5.8671112905e-02 6.3351632771e+01
W 8.1164691115e-01 4.3287612811e+10 6.0552448242e-02 7.1530652635e+01
W 8.1164691115e-01 5.4622772177e+10 6.2471618103e-02 8.0765625803e+01
W 8.1164691115e-01 6.8926121044e+10 6.6186509110e-02 9.2431566313e+01
W 8.1164691115e-01 8.6974900262e+10 6.8222024611e-02 1.0436495435e+02
W 8.1164691115e-01 1.0974987655e+11 7.0280317066e-02 1.1783900384e+02
W 8.1164691115e-01 1.3848863714e+11 7.2353567423e-02 1.3305262203e+02
W 8.1164691115e-01 1.7475284000e+11 7.4432424357e-02 1.5023039616e+02
W 8.1164691115e-01 2.2051307399e+11 7.8598321101e-02 1.7192996014e+02
W 8.1164691115e-01 2.7825594022e+11 8.0709485825e-02 1.9412699750e+02
W 8.1164691115e-01 3.5111917342e+11 8.2786145600e-02 2.1918978593e+02
W 8.1164691115e-01 4.4306214576e+11 8.4810292621e-02 2.4748830855e+02
W 8.1164691115e-01 5.5908101825e+11 8.6761221615e-02 2.7944031520e+02
W 8.1164691115e-01 7.0548023107e+11 8.8615288994e-02 3.1551748936e+02
W 8.1164691115e-01 8.9021508545e+11 9.2816708960e-02 3.6109143526e+02
W 8.1164691115e-01 1.1233240330e+12 9.4436379885e-02 4.0771018670e+02
W 8.1164691115e-01 1.4174741629e+12 9.5863390460e-02 4.6034765743e+02
W 8.1164691115e-01 1.7886495291e+12 9.7059450053e-02 5.1978089490e+02
W 8.1164691115e-01 2.2570197196e+12 9.7982622989e-02 5.8688726735e+02
W 8.1164691115e-01 2.8480358684e+12 1.0128396699e-01 6.7165837980e+02
W 8.1164691115e-01 3.5938136638e+12 1.0152867295e-01 7.5837291248e+02
W 8.1164691115e-01 4.5348785081e+12 1.0134444347e-01 8.5628273491e+02
W 8.1164691115e-01 5.7223676594e+12 1.0067769152e-01 9.6683321627e+02
W 8.1164691115e-01 7.2208090184e+12 9.9474925773e-02 1.0916563303e+03
W 8.1164691115e-01 9.1116275612e+12 1.0035651159e-01 1.2493372457e+03
W 8.1164691115e-01 1.1497569954e+13 9.7865963250e-02 1.4106330750e+03
W 8.1164691115e-01 1.4508287785e+13 9.4684248976e-02 1.5927530210e+03
W 8.1164691115e-01 1.8307382803e+13 9.0783885901e-02 1.7983855837e+03
W 8.1164691115e-01 2.3101297001e+13 8.6154364387e-02 2.0305663622e+03
W 8.1164691115e-01 2.9150530628e+13 8.3017485089e-02 2.3238652272e+03
W 8.1164691115e-01 3.6783797718e+13 7.6827351378e-02 2.6238881157e+03
W 8.1164691115e-01 4.6415888336e+13 7.0014036353e-02 2.9626454939e+03
W 8.1164691115e-01 5.8570208181e+13 6.2688651423e-02 3.3451381824e+03
W 8.1164691115e-01 7.3907220335e+13 5.5001556134e-02 3.7770126337e+03
W 8.1164691115e-01 9.3260334688e+13 4.8430110390e-02 4.3225715179e+03
W 8.1164691115e-01 1.1768119524e+14 4.0401325246e-02 4.8806376128e+03
W 8.1164691115e-01 1.4849682623e+14 3.2664968982e-02 5.5107528953e+03
W 8.1164691115e-01 1.8738174229e+14 2.5468055594e-02 6.2222192842e+03
W 8.1164691115e-01 2.3644894126e+14 1.9556131472e-02 7.1209684648e+03
W 8.1164691115e-01 2.9836472403e+14 1.3914364375e-02 8.0403219206e+03
W 8.1164691115e-01 3.7649358068e+14 9.3465522935e-03 9.0783686106e+03
W 8.1164691115e-01 4.7508101621e+14 5.8689300562e-03 1.0250432438e+04
W 8.1164691115e-01 5.9948425032e+14 3.4975884334e-03 1.1731024384e+04
W 8.1164691115e-01 7.5646332755e+14 1.8480815617e-03 1.3245559641e+04
W 8.1164691115e-01 9.5454845666e+14 8.7475179586e-04 1.4955629148e+04
W 8.1164691115e-01 1.2045035403e+15 3.6349337703e-04 1.6886477376e+04
W 8.1164691115e-01 1.5199110830e+15 1.3285554628e-04 1.9325592266e+04
W 8.1164691115e-01 1.9179102617e+15 3.9241457845e-05 2.1820625087e+04
W 8.1164691115e-01 2.4201282648e+15 9.2837589639e-06 2.4637779409e+04
W 8.1164691115e-01 3.0538555088e+15 1.6883456022e-06 2.7818642764e+04
W 8.1164691115e-01 3.8535285937e+15 2.3072436303e-07 3.1836820402e+04
W 8.1164691115e-01 4.8626015801e+15 2.1029759435e-08 3.5947116777e+04
W 8.1164691115e-01 6.1359072734e+15 1.2021902783e-09 4.0588073439e+04
W 8.1164691115e-01 7.7426368268e+15 3.8375522985e-11 4.5828201346e+04
W 8.1164691115e-01 9.7700995730e+15 6.0861448739e-13 5.2447713859e+04
W 8.1164691115e-01 1.2328467394e+16 3.8383483829e-15 5.9218982013e+04
W 8.1164691115e-01 1.5556761439e+16 8.1648017884e-18 6.6864455523e+04
W 8.1164691115e-01 1.9630406500e+16 4.8438717312e-21 7.6522484575e+04
W 8.1164691115e-01 2.4770763560e+16 5.9035008674e-25 8.6401928782e+04
W 8.1164691115e-01 3.1257158497e+16 1.1206947090e-29 9.7556859773e+04
W 8.1164691115e-01 3.9442060594e+16 2.2635001659e-35 1.1015194942e+05
W 8.1164691115e-01 4.9770235643e+16 3.0566672418e-42 1.2606250637e+05
W 8.1164691115e-01 6.2802914418e+16 1.3756784291e-50 1.4233782081e+05
W 8.1164691115e-01 7.9248289835e+16 9.1294264470e-61 1.6071436160e+05
W 8.1164691115e-01 1.0000000000e+17 3.0422931270e-73 1.8392824948e+05
W 8.7031116525e-01 1.2618568831e+07 1.1602237252e-02 7.3818303930e-01
W 8.7031116525e-01 1.5922827933e+07 1.1954173955e-02 8.3348624582e-01
W 8.7031116525e-01 2.0092330026e+07 1.2655688518e-02 9.5387658345e-01
W 8.7031116525e-01 2.5353644940e+07 1.3043748607e-02 1.0770269299e+00
W 8.7031116525e-01 3.1992671378e+07 1.3445832888e-02 1.2160766160e+00
W 8.7031116525e-01 4.0370172586e+07 1.4241631617e-02 1.3917290340e+00
W 8.7031116525e-01 5.0941380148e+07 1.4685213585e-02 1.5714083716e+00
W 8.7031116525e-01 6.4280731173e+07 1.5144923649e-02 1.7742852309e+00
W 8.7031116525e-01 8.1113083079e+07 1.6048627497e-02 2.0305663622e+00
W 8.7031116525e-01 1.0235310219e+08 1.6555944109e-02 2.2927228668e+00
W 8.7031116525e-01 1.2915496650e+08 1.7081758711e-02 2.5887251173e+00
W 8.7031116525e-01 1.6297508346e+08 1.8108852864e-02 2.9626454939e+00
W 8.7031116525e-01 2.0565123083e+08 1.8689155768e-02 3.3451381824e+00
W 8.7031116525e-01 2.5950242114e+08 1.9290589907e-02 3.7770126337e+00
W 8.7031116525e-01 3.2745491629e+08 2.0458549230e-02 4.3225715179e+00
W 8.7031116525e-01 4.1320124001e+08 2.1122121045e-02 4.8806376128e+00
W 8.7031116525e-01 5.2140082880e+08 2.1809685378e-02 5.5107528953e+00
W 8.7031116525e-01 6.5793322466e+08 2.3138002860e-02 6.3067365184e+00
W 8.7031116525e-01 8.3021756813e+08 2.3896028225e-02 7.1209684648e+00
W 8.7031116525e-01 1.0476157528e+09 2.4681044511e-02 8.0403219206e+00
W 8.7031116525e-01 1.3219411485e+09 2.5493803106e-02 9.0783686106e+00
W 8.7031116525e-01 1.6681005372e+09 2.7055311866e-02 1.0389665429e+01
W 8.7031116525e-01 2.1049041445e+09 2.7949493293e-02 1.1731024384e+01
W 8.7031116525e-01 2.6560877829e+09 2.8874273451e-02 1.3245559641e+01
W 8.7031116525e-01 3.3516026509e+09 2.9830235362e-02 1.4955629148e+01
W 8.7031116525e-01 4.2292428744e+09 3.1660768049e-02 1.7115848650e+01
W 8.7031116525e-01 5.3366992312e+09 3.2708370122e-02 1.9325592266e+01
W 8.7031116525e-01 6.7341506578e+09 3.3789191656e-02 2.1820625087e+01
W 8.7031116525e-01 8.4975343591e+09 3.4903345032e-02 2.4637779409e+01
W 8.7031116525e-01 1.0722672220e+10 3.7036767541e-02 2.8196507098e+01
W 8.7031116525e-01 1.3530477746e+10 3.8249404056e-02 3.1836820402e+01
W 8.7031116525e-01 1.7073526475e+10 3.9495299105e-02 3.5947116777e+01
W 8.7031116525e-01 2.1544346900e+10 4.0773537691e-02 4.0588073439e+01
W 8.7031116525e-01 2.7185882427e+10 4.3233824519e-02 4.6450691916e+01
W 8.7031116525e-01 3.4304692863e+10 4.4609039714e-02 5.2447713859e+01
W 8.7031116525e-01 4.3287612811e+10 4.6012066146e-02 5.9218982013e+01
W 8.7031116525e-01 5.4622772177e+10 4.7439984709e-02 6.6864455523e+01
W 8.7031116525e-01 6.8926121044e+10 4.8889185768e-02 7.5496998774e+01
W 8.7031116525e-01 8.6974900262e+10 5.1732515080e-02 8.6401928782e+01
W 8.7031116525e-01 1.0974987655e+11 5.3250551717e-02 9.7556859773e+01
W 8.7031116525e-01 1.3848863714e+11 5.4773932126e-02 1.1015194942e+02
W 8.7031116525e-01 1.7475284000e+11 5.6294929229e-02 1.2437312957e+02
W 8.7031116525e-01 2.2051307399e+11 5.9385474299e-02 1.4233782081e+02
W 8.7031116525e-01 2.7825594022e+11 6.0913690493e-02 1.6071436160e+02
W 8.7031116525e-01 3.5111917342e+11 6.2406720109e-02 1.8146340781e+02
W 8.7031116525e-01 4.4306214576e+11 6.3850114789e-02 2.0489126203e+02
W 8.7031116525e-01 5.5908101825e+11 6.5227373203e-02 2.3134377207e+02
W 8.7031116525e-01 7.0548023107e+11 6.8339146402e-02 2.6475950625e+02
W 8.7031116525e-01 8.9021508545e+11 6.9558076061e-02 2.9894131287e+02
W 8.7031116525e-01 1.1233240330e+12 7.0643989160e-02 3.3753616559e+02
W 8.7031116525e-01 1.4174741629e+12 7.1570087056e-02 3.8111381122e+02
W 8.7031116525e-01 1.7886495291e+12 7.2306969369e-02 4.3031755383e+02
W 8.7031116525e-01 2.2570197196e+12 7.4814497089e-02 4.9247343925e+02
W 8.7031116525e-01 2.8480358684e+12 7.5082126081e-02 5.5605427949e+02
W 8.7031116525e-01 3.5938136638e+12 7.5050529163e-02 6.2784373144e+02
W 8.7031116525e-01 4.5348785081e+12 7.4681494935e-02 7.0890156889e+02
W 8.7031116525e-01 5.7223676594e+12 7.3936522134e-02 8.0042438779e+02
W 8.7031116525e-01 7.2208090184e+12 7.4768643586e-02 9.1603920781e+02
W 8.7031116525e-01 9.1116275612e+12 7.3118020659e-02 1.0343045555e+03
W 8.7031116525e-01 1.1497569954e+13 7.0976049965e-02 1.1678385646e+03
W 8.7031116525e-01 1.4508287785e+13 6.8319531242e-02 1.3186124973e+03
W 8.7031116525e-01 1.8307382803e+13 6.6917550916e-02 1.5090753928e+03
W 8.7031116525e-01 2.3101297001e+13 6.3107495826e-02 1.7039047457e+03
W 8.7031116525e-01 2.9150530628e+13 5.8778400557e-02 1.9238875646e+03
W 8.7031116525e-01 3.6783797718e+13 5.3972993258e-02 2.1722712908e+03
W 8.7031116525e-01 4.6415888336e+13 4.8759486537e-02 2.4527226266e+03
W 8.7031116525e-01 5.8570208181e+13 4.4416054600e-02 2.8069985449e+03
W 8.7031116525e-01 7.3907220335e+13 3.8544652869e-02 3.1693964161e+03
W 8.7031116525e-01 9.3260334688e+13 3.2630812023e-02 3.5785817064e+03
W 8.7031116525e-01 1.1768119524e+14 2.6845110409e-02 4.0405949108e+03
W 8.7031116525e-01 1.4849682623e+14 2.1950219706e-02 4.6242261201e+03
W 8.7031116525e-01 1.8738174229e+14 1.6811620370e-02 5.2212373672e+03
W 8.7031116525e-01 2.3644894126e+14 1.2313455942e-02 5.8953258204e+03
W 8.7031116525e-01 2.9836472403e+14 8.5612457568e-03 6.6564425412e+03
W 8.7031116525e-01 3.7649358068e+14 5.6011153369e-03 7.5158233240e+03
W 8.7031116525e-01 4.7508101621e+14 3.5057690599e-03 8.6014231310e+03
W 8.7031116525e-01 5.9948425032e+14 1.9642838963e-03 9.7119108575e+03
W 8.7031116525e-01 7.5646332755e+14 9.9722636051e-04 1.0965768230e+04
W 8.7031116525e-01 9.5454845666e+14 4.5070626143e-04 1.2381505004e+04
W 8.7031116525e-01 1.2045035403e+15 1.8237379439e-04 1.4169913121e+04
W 8.7031116525e-01 1.5199110830e+15 6.0962209189e-05 1.5999321391e+04
W 8.7031116525e-01 1.9179102617e+15 1.6742849576e-05 1.8064915626e+04
W 8.7031116525e-01 2.4201282648e+15 3.6377570880e-06 2.0397188644e+04
W 8.7031116525e-01 3.0538555088e+15 6.1509196313e-07 2.3343397343e+04
W 8.7031116525e-01 3.8535285937e+15 7.2759088425e-08 2.6357149352e+04
W 8.7031116525e-01 4.8626015801e+15 5.7731795199e-09 2.9759992163e+04
W 8.7031116525e-01 6.1359072734e+15 2.8750523477e-10 3.4058581998e+04
W 8.7031116525e-01 7.7426368268e+15 7.5317565249e-12 3.8455719160e+04
W 8.7031116525e-01 9.7700995730e+15 9.1624537354e-14 4.3420549222e+04
W 8.7031116525e-01 1.2328467394e+16 4.3323742273e-16 4.9026364243e+04
W 8.7031116525e-01 1.5556761439e+16 6.6825059797e-19 5.6107825483e+04
W 8.7031116525e-01 1.9630406500e+16 2.5334420679e-22 6.3351632771e+04
W 8.7031116525e-01 2.4770763560e+16 1.8591676295e-26 7.1530652635e+04
W 8.7031116525e-01 3.1257158497e+16 1.9162407121e-31 8.0765625803e+04
W 8.7031116525e-01 3.9442060594e+16 1.9055186775e-37 9.2431566313e+04
W 8.7031116525e-01 4.9770235643e+16 1.0308108076e-44 1.0436495435e+05
W 8.7031116525e-01 6.2802914418e+16 1.5818422724e-53 1.1783900384e+05
W 8.7031116525e-01 7.9248289835e+16 2.9068918578e-64 1.3485989354e+05
W 8.7031116525e-01 1.0000000000e+17 1.8892185576e-77 1.5227099567e+05
W 9.3321555711e-01 1.2618568831e+07 5.4732227682e-03 4.7936250646e-01
W 9.3321555711e-01 1.5922827933e+07 5.7930453048e-03 5.4860253806e-01
W 9.3321555711e-01 2.0092330026e+07 5.9692475970e-03 6.1942993208e-01
W 9.3321555711e-01 2.5353644940e+07 6.3200143661e-03 7.0890156889e-01
W 9.3321555711e-01 3.1992671378e+07 6.6924158442e-03 8.1129665897e-01
W 9.3321555711e-01 4.0370172586e+07 6.8991345240e-03 9.1603920781e-01
W 9.3321555711e-01 5.0941380148e+07 7.3078517412e-03 1.0483536522e+00
W 9.3321555711e-01 6.4280731173e+07 7.5358053080e-03 1.1837014715e+00
W 9.3321555711e-01 8.1113083079e+07 7.9845546726e-03 1.3546775620e+00
W 9.3321555711e-01 1.0235310219e+08 8.2359534961e-03 1.5295733651e+00
W 9.3321555711e-01 1.2915496650e+08 8.7288113498e-03 1.7505078494e+00
W 9.3321555711e-01 1.6297508346e+08 9.0060643401e-03 1.9765073674e+00
W 9.3321555711e-01 2.0565123083e+08 9.5474880869e-03 2.2619978484e+00
W 9.3321555711e-01 2.5950242114e+08 9.8532054578e-03 2.5540333419e+00
W 9.3321555711e-01 3.2745491629e+08 1.0448048557e-02 2.9229427725e+00
W 9.3321555711e-01 4.1320124001e+08 1.0785036777e-02 3.3003096366e+00
W 9.3321555711e-01 5.2140082880e+08 1.1438553993e-02 3.7770126337e+00
W 9.3321555711e-01 6.5793322466e+08 1.1809798678e-02 4.2646442859e+00
W 9.3321555711e-01 8.3021756813e+08 1.2527636643e-02 4.8806376128e+00
W 9.3321555711e-01 1.0476157528e+09 1.2936268349e-02 5.5107528953e+00
W 9.3321555711e-01 1.3219411485e+09 1.3359054788e-02 6.2222192842e+00
W 9.3321555711e-01 1.6681005372e+09 1.4173671659e-02 7.1209684648e+00
W 9.3321555711e-01 2.1049041445e+09 1.4638112076e-02 8.0403219206e+00
W 9.3321555711e-01 2.6560877829e+09 1.5118041422e-02 9.0783686106e+00
W 9.3321555711e-01 3.3516026509e+09 1.6040749641e-02 1.0389665429e+01
W 9.3321555711e-01 4.2292428744e+09 1.6566326396e-02 1.1731024384e+01
W 9.3321555711e-01 5.3366992312e+09 1.7576322669e-02 1.3425475844e+01
W 9.3321555711e-01 6.7341506578e+09 1.8150215765e-02 1.5158773453e+01
W 9.3321555711e-01 8.4975343591e+09 1.8741068582e-02 1.7115848650e+01
W 9.3321555711e-01 1.0722672220e+10 1.9877931598e-02 1.9588094363e+01
W 9.3321555711e-01 1.3530477746e+10 2.0519184729e-02 2.2117017547e+01
W 9.3321555711e-01 1.7073526475e+10 2.1176956123e-02 2.4972437651e+01
W 9.3321555711e-01 2.1544346900e+10 2.2448232574e-02 2.8579504013e+01
W 9.3321555711e-01 2.7185882427e+10 2.3155725559e-02 3.2269264179e+01
W 9.3321555711e-01 3.4304692863e+10 2.3877493494e-02 3.6435391257e+01
W 9.3321555711e-01 4.3287612811e+10 2.4612091041e-02 4.1139386652e+01
W 9.3321555711e-01 5.4622772177e+10 2.6051277093e-02 4.7081637858e+01
W 9.3321555711e-01 6.8926121044e+10 2.6826395928e-02 5.3160118149e+01
W 9.3321555711e-01 8.6974900262e+10 2.7607900377e-02 6.0023361341e+01
W 9.3321555711e-01 1.0974987655e+11 2.9169115838e-02 6.8693249746e+01
W 9.3321555711e-01 1.3848863714e+11 2.9974551548e-02 7.7561899686e+01
W 9.3321555711e-01 1.7475284000e+11 3.0774697950e-02 8.7575537700e+01
W 9.3321555711e-01 2.2051307399e+11 3.1564192488e-02 9.8881987607e+01
W 9.3321555711e-01 2.7825594022e+11 3.3221267336e-02 1.1316468985e+02
W 9.3321555711e-01 3.5111917342e+11 3.3990393331e-02 1.2777483020e+02
W 9.3321555711e-01 4.4306214576e+11 3.4726511686e-02 1.4427121441e+02
W 9.3321555711e-01 5.5908101825e+11 3.5420137353e-02 1.6289736620e+02
W 9.3321555711e-01 7.0548023107e+11 3.7046874271e-02 1.8642657141e+02
W 9.3321555711e-01 8.9021508545e+11 3.7637951496e-02 2.1049519544e+02
W 9.3321555711e-01 1.1233240330e+12 3.8148543351e-02 2.3767120195e+02
W 9.3321555711e-01 1.4174741629e+12 3.9618468432e-02 2.7200088213e+02
W 9.3321555711e-01 1.7886495291e+12 3.9930311727e-02 3.0711758742e+02
W 9.3321555711e-01 2.2570197196e+12 4.0109578265e-02 3.4676803901e+02
W 9.3321555711e-01 2.8480358684e+12 4.0137353442e-02 3.9153756672e+02
W 9.3321555711e-01 3.5938136638e+12 4.1087863710e-02 4.4809199709e+02
W 9.3321555711e-01 4.5348785081e+12 4.0744301471e-02 5.0594296612e+02
W 9.3321555711e-01 5.7223676594e+12 4.0184303253e-02 5.7126279118e+02
W 9.3321555711e-01 7.2208090184e+12 3.9388855396e-02 6.4501573980e+02
W 9.3321555711e-01 9.1116275612e+12 3.9389778293e-02 7.3818303930e+02
W 9.3321555711e-01 1.1497569954e+13 3.8040443721e-02 8.3348624582e+02
W 9.3321555711e-01 1.4508287785e+13 3.6409515156e-02 9.4109358382e+02
W 9.3321555711e-01 1.8307382803e+13 3.4495212869e-02 1.0625935796e+03
W 9.3321555711e-01 2.3101297001e+13 3.2304544301e-02 1.1997798464e+03
W 9.3321555711e-01 2.9150530628e+13 3.0671798354e-02 1.3730783280e+03
W 9.3321555711e-01 3.6783797718e+13 2.7920797884e-02 1.5503497641e+03
W 9.3321555711e-01 4.6415888336e+13 2.4980228517e-02 1.7505078494e+03
W 9.3321555711e-01 5.8570208181e+13 2.1909795802e-02 1.9765073674e+03
W 9.3321555711e-01 7.3907220335e+13 1.9296675983e-02 2.2619978484e+03
W 9.3321555711e-01 9.3260334688e+13 1.6113301302e-02 2.5540333419e+03
W 9.3321555711e-01 1.1768119524e+14 1.3052642399e-02 2.8837721114e+03
W 9.3321555711e-01 1.4849682623e+14 1.0208280594e-02 3.2560818428e+03
W 9.3321555711e-01 1.8738174229e+14 7.8745901787e-03 3.7263964933e+03
W 9.3321555711e-01 2.3644894126e+14 5.6391120135e-03 4.2074933428e+03
W 9.3321555711e-01 2.9836472403e+14 3.8213540028e-03 4.7507022567e+03
W 9.3321555711e-01 3.7649358068e+14 2.4278241967e-03 5.3640422201e+03
W 9.3321555711e-01 4.7508101621e+14 1.4693815124e-03 6.1388346743e+03
W 9.3321555711e-01 5.9948425032e+14 7.9212279237e-04 6.9313896337e+03
W 9.3321555711e-01 7.5646332755e+14 3.8465291750e-04 7.8262674927e+03
W 9.3321555711e-01 9.5454845666e+14 1.6965664917e-04 8.9567084455e+03
W 9.3321555711e-01 1.2045035403e+15 6.2957579070e-05 1.0113065324e+04
W 9.3321555711e-01 1.5199110830e+15 1.9635508928e-05 1.1418713790e+04
W 9.3321555711e-01 1.9179102617e+15 4.9735695189e-06 1.2892928152e+04
W 9.3321555711e-01 2.4201282648e+15 1.0098760960e-06 1.4755207201e+04
W 9.3321555711e-01 3.0538555088e+15 1.4874497644e-07 1.6660179931e+04
W 9.3321555711e-01 3.8535285937e+15 1.5442087770e-08 1.8811094384e+04
W 9.3321555711e-01 4.8626015801e+15 1.0501874975e-09 2.1239702897e+04
W 9.3321555711e-01 6.1359072734e+15 4.3534851547e-11 2.4307605956e+04
W 9.3321555711e-01 7.7426368268e+15 9.1544277996e-13 2.7445842229e+04
W 9.3321555711e-01 9.7700995730e+15 8.5445972178e-15 3.0989240860e+04
W 9.3321555711e-01 1.2328467394e+16 3.0130746620e-17 3.5465385714e+04
W 9.3321555711e-01 1.5556761439e+16 3.0706624326e-20 4.0044148431e+04
W 9.3321555711e-01 1.9630406500e+16 7.2904722647e-24 4.5214052838e+04
W 9.3321555711e-01 2.4770763560e+16 3.0433556654e-28 5.1051418350e+04
W 9.3321555711e-01 3.1257158497e+16 1.6338729719e-33 5.8425382255e+04
W 9.3321555711e-01 3.9442060594e+16 6.9790971932e-40 6.5968397978e+04
W 9.3321555711e-01 4.9770235643e+16 1.4065447960e-47 7.4485255616e+04
W 9.3321555711e-01 6.2802914418e+16 6.7016987795e-57 8.5244047518e+04
W 9.3321555711e-01 7.9248289835e+16 2.7894605083e-68 9.6249490116e+04
W 9.3321555711e-01 1.0000000000e+17 3.0333098677e-82 1.0867579165e+05
# total 1.0057047036e+02
