# zs 5
# kappathr 9.0376327080e-04
# NhfNFW 1.0054053332e+02
# Nz 100 NM 100
# columns: W zl M dNh rmax_kpc
W 1.0722780476e-02 1.2618568831e+07 1.6661446349e-07 4.0588073439e-02
W 1.0722780476e-02 1.5922827933e+07 1.8624935684e-07 4.7721154022e-02
W 1.0722780476e-02 2.0092330026e+07 2.0824044542e-07 5.6107825483e-02
W 1.0722780476e-02 2.5353644940e+07 2.3287580307e-07 6.5968397978e-02
W 1.0722780476e-02 3.1992671378e+07 2.6047939340e-07 7.7561899686e-02
W 1.0722780476e-02 4.0370172586e+07 2.8365737775e-07 8.9970795930e-02
W 1.0722780476e-02 5.0941380148e+07 3.1741300149e-07 1.0578255744e-01
W 1.0722780476e-02 6.4280731173e+07 3.4580272648e-07 1.2270639228e-01
W 1.0722780476e-02 8.1113083079e+07 3.8711796756e-07 1.4427121441e-01
W 1.0722780476e-02 1.0235310219e+08 4.2192236820e-07 1.6735273430e-01
W 1.0722780476e-02 1.2915496650e+08 4.5995503540e-07 1.9412699750e-01
W 1.0722780476e-02 1.6297508346e+08 5.0152470700e-07 2.2518479495e-01
W 1.0722780476e-02 2.0565123083e+08 5.6193050832e-07 2.6475950625e-01
W 1.0722780476e-02 2.5950242114e+08 6.1298397617e-07 3.0711758742e-01
W 1.0722780476e-02 3.2745491629e+08 6.6882260153e-07 3.5625241125e-01
W 1.0722780476e-02 4.1320124001e+08 7.1047623509e-07 4.0771018670e-01
W 1.0722780476e-02 5.2140082880e+08 7.7553718818e-07 4.7293851949e-01
W 1.0722780476e-02 6.5793322466e+08 8.4674262773e-07 5.4860253806e-01
W 1.0722780476e-02 8.3021756813e+08 9.2468935216e-07 6.3637181656e-01
W 1.0722780476e-02 1.0476157528e+09 9.8314354000e-07 7.2829057136e-01
W 1.0722780476e-02 1.3219411485e+09 1.0741173117e-06 8.4480760063e-01
W 1.0722780476e-02 1.6681005372e+09 1.1737642445e-06 9.7996584076e-01
W 1.0722780476e-02 2.1049041445e+09 1.2487767885e-06 1.1215139695e+00
W 1.0722780476e-02 2.6560877829e+09 1.3652116528e-06 1.3009416336e+00
W 1.0722780476e-02 3.3516026509e+09 1.4530734020e-06 1.4888521160e+00
W 1.0722780476e-02 4.2292428744e+09 1.5892175944e-06 1.7270491110e+00
W 1.0722780476e-02 5.3366992312e+09 1.6921855035e-06 1.9765073674e+00
W 1.0722780476e-02 6.7341506578e+09 1.8021783114e-06 2.2619978484e+00
W 1.0722780476e-02 8.4975343591e+09 1.9721898719e-06 2.6238881157e+00
W 1.0722780476e-02 1.0722672220e+10 2.1011649497e-06 3.0028875026e+00
W 1.0722780476e-02 1.3530477746e+10 2.2389635487e-06 3.4366302814e+00
W 1.0722780476e-02 1.7073526475e+10 2.3861901899e-06 3.9330236916e+00
W 1.0722780476e-02 2.1544346900e+10 2.5434856209e-06 4.5011171095e+00
W 1.0722780476e-02 2.7185882427e+10 2.7856901766e-06 5.2212373672e+00
W 1.0722780476e-02 3.4304692863e+10 2.9701040986e-06 5.9754028171e+00
W 1.0722780476e-02 4.3287612811e+10 3.1670674550e-06 6.8385013580e+00
W 1.0722780476e-02 5.4622772177e+10 3.3773913731e-06 7.8262674927e+00
W 1.0722780476e-02 6.8926121044e+10 3.6019237558e-06 8.9567084455e+00
W 1.0722780476e-02 8.6974900262e+10 3.8415462519e-06 1.0250432438e+01
W 1.0722780476e-02 1.0974987655e+11 4.0971700910e-06 1.1731024384e+01
W 1.0722780476e-02 1.3848863714e+11 4.3697319350e-06 1.3425475844e+01
W 1.0722780476e-02 1.7475284000e+11 4.6601850432e-06 1.5364677094e+01
W 1.0722780476e-02 2.2051307399e+11 4.9694906931e-06 1.7583980259e+01
W 1.0722780476e-02 2.7825594022e+11 5.2986049008e-06 2.0123843791e+01
W 1.0722780476e-02 3.5111917342e+11 5.6484622663e-06 2.3030570039e+01
W 1.0722780476e-02 4.4306214576e+11 6.0199554041e-06 2.6357149352e+01
W 1.0722780476e-02 5.5908101825e+11 6.4139089535e-06 3.0164226104e+01
W 1.0722780476e-02 7.0548023107e+11 6.6491870736e-06 3.4058581998e+01
W 1.0722780476e-02 8.9021508545e+11 7.0783570753e-06 3.8978068320e+01
W 1.0722780476e-02 1.1233240330e+12 7.5310495800e-06 4.4608134598e+01
W 1.0722780476e-02 1.4174741629e+12 8.0074092590e-06 5.1051418350e+01
W 1.0722780476e-02 1.7886495291e+12 8.5072702826e-06 5.8425382255e+01
W 1.0722780476e-02 2.2570197196e+12 9.0300730315e-06 6.6864455523e+01
W 1.0722780476e-02 2.8480358684e+12 9.3198597407e-06 7.5496998774e+01
W 1.0722780476e-02 3.5938136638e+12 9.8697394561e-06 8.6401928782e+01
W 1.0722780476e-02 4.5348785081e+12 1.0436964463e-05 9.8881987607e+01
W 1.0722780476e-02 5.7223676594e+12 1.1018312786e-05 1.1316468985e+02
W 1.0722780476e-02 7.2208090184e+12 1.1300435158e-05 1.2777483020e+02
W 1.0722780476e-02 9.1116275612e+12 1.1880109884e-05 1.4623086955e+02
W 1.0722780476e-02 1.1497569954e+13 1.2457213838e-05 1.6735273430e+02
W 1.0722780476e-02 1.4508287785e+13 1.3023330980e-05 1.9152548135e+02
W 1.0722780476e-02 1.8307382803e+13 1.3206981722e-05 2.1625240073e+02
W 1.0722780476e-02 2.3101297001e+13 1.3704698692e-05 2.4748830855e+02
W 1.0722780476e-02 2.9150530628e+13 1.4155664676e-05 2.8323599026e+02
W 1.0722780476e-02 3.6783797718e+13 1.4156384324e-05 3.1980320549e+02
W 1.0722780476e-02 4.6415888336e+13 1.4454615249e-05 3.6599618837e+02
W 1.0722780476e-02 5.8570208181e+13 1.4653659909e-05 4.1886137350e+02
W 1.0722780476e-02 7.3907220335e+13 1.4732299197e-05 4.7936250646e+02
W 1.0722780476e-02 9.3260334688e+13 1.4278233923e-05 5.4125065821e+02
W 1.0722780476e-02 1.1768119524e+14 1.4057455066e-05 6.1942993208e+02
W 1.0722780476e-02 1.4849682623e+14 1.3659596703e-05 7.0890156889e+02
W 1.0722780476e-02 1.8738174229e+14 1.2723118675e-05 8.0042438779e+02
W 1.0722780476e-02 2.3644894126e+14 1.1958633565e-05 9.1603920781e+02
W 1.0722780476e-02 2.9836472403e+14 1.0713356525e-05 1.0343045555e+03
W 1.0722780476e-02 3.7649358068e+14 9.6200660657e-06 1.1837014715e+03
W 1.0722780476e-02 4.7508101621e+14 8.3913791223e-06 1.3546775620e+03
W 1.0722780476e-02 5.9948425032e+14 6.8848884272e-06 1.5295733651e+03
W 1.0722780476e-02 7.5646332755e+14 5.5730221347e-06 1.7505078494e+03
W 1.0722780476e-02 9.5454845666e+14 4.3006249245e-06 2.0033545305e+03
W 1.0722780476e-02 1.2045035403e+15 3.0528874881e-06 2.2619978484e+03
W 1.0722780476e-02 1.5199110830e+15 2.0808798265e-06 2.5887251173e+03
W 1.0722780476e-02 1.9179102617e+15 1.3071884021e-06 2.9626454939e+03
W 1.0722780476e-02 2.4201282648e+15 7.2470089230e-07 3.3451381824e+03
W 1.0722780476e-02 3.0538555088e+15 3.6752145755e-07 3.8283162999e+03
W 1.0722780476e-02 3.8535285937e+15 1.5816570275e-07 4.3225715179e+03
W 1.0722780476e-02 4.8626015801e+15 5.9300965343e-08 4.9469319642e+03
W 1.0722780476e-02 6.1359072734e+15 1.8141701498e-08 5.6614762203e+03
W 1.0722780476e-02 7.7426368268e+15 4.1851918529e-09 6.3924017614e+03
W 1.0722780476e-02 9.7700995730e+15 7.2009942020e-10 7.3157324225e+03
W 1.0722780476e-02 1.2328467394e+16 8.3347842501e-11 8.3724307193e+03
W 1.0722780476e-02 1.5556761439e+16 5.7965393156e-12 9.4533543540e+03
W 1.0722780476e-02 1.9630406500e+16 2.3214429990e-13 1.0818814826e+04
W 1.0722780476e-02 2.4770763560e+16 4.5392926798e-15 1.2215579163e+04
W 1.0722780476e-02 3.1257158497e+16 4.0021770063e-17 1.3980020637e+04
W 1.0722780476e-02 3.9442060594e+16 1.3097448109e-19 1.5999321391e+04
W 1.0722780476e-02 4.9770235643e+16 1.2472039229e-22 1.8064915626e+04
W 1.0722780476e-02 6.2802914418e+16 2.7472824230e-26 2.0674246377e+04
W 1.0722780476e-02 7.9248289835e+16 9.3902672303e-31 2.3660473821e+04
W 1.0722780476e-02 1.0000000000e+17 2.9745215348e-36 2.6715162026e+04
W 1.1497802114e-02 1.2618568831e+07 2.2200665467e-07 4.5214052838e-02
W 1.1497802114e-02 1.5922827933e+07 2.4816927010e-07 5.3160118149e-02
W 1.1497802114e-02 2.0092330026e+07 2.7747139923e-07 6.2502650930e-02
W 1.1497802114e-02 2.5353644940e+07 3.0203596800e-07 7.2502263027e-02
W 1.1497802114e-02 3.1992671378e+07 3.3783727683e-07 8.5244047518e-02
W 1.1497802114e-02 4.0370172586e+07 3.6789862567e-07 9.8881987607e-02
W 1.1497802114e-02 5.0941380148e+07 4.1167895536e-07 1.1625983105e-01
W 1.1497802114e-02 6.4280731173e+07 4.4849977356e-07 1.3485989354e-01
W 1.1497802114e-02 8.1113083079e+07 4.8871789281e-07 1.5643572437e-01
W 1.1497802114e-02 1.0235310219e+08 5.3265657351e-07 1.8146340781e-01
W 1.1497802114e-02 1.2915496650e+08 5.8067072663e-07 2.1049519544e-01
W 1.1497802114e-02 1.6297508346e+08 6.3315010600e-07 2.4417169190e-01
W 1.1497802114e-02 2.0565123083e+08 6.9052274744e-07 2.8323599026e-01
W 1.1497802114e-02 2.5950242114e+08 7.5325887511e-07 3.2855006882e-01
W 1.1497802114e-02 3.2745491629e+08 8.2187507827e-07 3.8111381122e-01
W 1.1497802114e-02 4.1320124001e+08 8.9693895913e-07 4.4208706948e-01
W 1.1497802114e-02 5.2140082880e+08 9.7907429162e-07 5.1281525689e-01
W 1.1497802114e-02 6.5793322466e+08 1.0405078311e-06 5.8688726735e-01
W 1.1497802114e-02 8.3021756813e+08 1.1362906064e-06 6.8078160513e-01
W 1.1497802114e-02 1.0476157528e+09 1.2411630528e-06 7.8969781705e-01
W 1.1497802114e-02 1.3219411485e+09 1.3199103697e-06 9.0376327080e-01
W 1.1497802114e-02 1.6681005372e+09 1.4423582060e-06 1.0483536522e+00
W 1.1497802114e-02 2.1049041445e+09 1.5345341640e-06 1.1997798464e+00
W 1.1497802114e-02 2.6560877829e+09 1.6329482756e-06 1.3730783280e+00
W 1.1497802114e-02 3.3516026509e+09 1.7855752084e-06 1.5927530210e+00
W 1.1497802114e-02 4.2292428744e+09 1.9008793889e-06 1.8228132949e+00
W 1.1497802114e-02 5.3366992312e+09 2.0793960618e-06 2.1144397396e+00
W 1.1497802114e-02 6.7341506578e+09 2.2145538630e-06 2.4198534347e+00
W 1.1497802114e-02 8.4975343591e+09 2.3589440639e-06 2.7693816645e+00
W 1.1497802114e-02 1.0722672220e+10 2.5132065240e-06 3.1693964161e+00
W 1.1497802114e-02 1.3530477746e+10 2.6780217069e-06 3.6271900589e+00
W 1.1497802114e-02 1.7073526475e+10 2.9321746523e-06 4.2074933428e+00
W 1.1497802114e-02 2.1544346900e+10 3.1254527601e-06 4.8152316789e+00
W 1.1497802114e-02 2.7185882427e+10 3.3319347997e-06 5.5107528953e+00
W 1.1497802114e-02 3.4304692863e+10 3.5524995383e-06 6.3067365184e+00
W 1.1497802114e-02 4.3287612811e+10 3.7880721204e-06 7.2176935289e+00
W 1.1497802114e-02 5.4622772177e+10 4.0396222954e-06 8.2602309016e+00
W 1.1497802114e-02 6.8926121044e+10 4.3081637264e-06 9.4533543540e+00
W 1.1497802114e-02 8.6974900262e+10 4.5947503548e-06 1.0818814826e+01
W 1.1497802114e-02 1.0974987655e+11 4.9004714042e-06 1.2381505004e+01
W 1.1497802114e-02 1.3848863714e+11 5.2264464025e-06 1.4169913121e+01
W 1.1497802114e-02 1.7475284000e+11 5.5738145959e-06 1.6216642306e+01
W 1.1497802114e-02 2.2051307399e+11 5.9437246664e-06 1.8559004946e+01
W 1.1497802114e-02 2.7825594022e+11 6.3373188240e-06 2.1239702897e+01
W 1.1497802114e-02 3.5111917342e+11 6.7557134566e-06 2.4307605956e+01
W 1.1497802114e-02 4.4306214576e+11 7.0082923174e-06 2.7445842229e+01
W 1.1497802114e-02 5.5908101825e+11 7.4668618879e-06 3.1410171850e+01
W 1.1497802114e-02 7.0548023107e+11 7.9524086793e-06 3.5947116777e+01
W 1.1497802114e-02 8.9021508545e+11 8.4656108339e-06 4.1139386652e+01
W 1.1497802114e-02 1.1233240330e+12 9.0069266827e-06 4.7081637858e+01
W 1.1497802114e-02 1.4174741629e+12 9.5765258563e-06 5.3882199122e+01
W 1.1497802114e-02 1.7886495291e+12 9.9033420987e-06 6.0838666662e+01
W 1.1497802114e-02 2.2570197196e+12 1.0511788187e-05 6.9626319316e+01
W 1.1497802114e-02 2.8480358684e+12 1.1145681750e-05 7.9683277224e+01
W 1.1497802114e-02 3.5938136638e+12 1.1803082381e-05 9.1192881248e+01
W 1.1497802114e-02 4.5348785081e+12 1.2148899223e-05 1.0296634871e+02
W 1.1497802114e-02 5.7223676594e+12 1.2825334263e-05 1.1783900384e+02
W 1.1497802114e-02 7.2208090184e+12 1.3513175878e-05 1.3485989354e+02
W 1.1497802114e-02 9.1116275612e+12 1.4205991923e-05 1.5433931290e+02
W 1.1497802114e-02 1.1497569954e+13 1.4499095671e-05 1.7426530772e+02
W 1.1497802114e-02 1.4508287785e+13 1.5157527290e-05 1.9943652001e+02
W 1.1497802114e-02 1.8307382803e+13 1.5791135618e-05 2.2824351004e+02
W 1.1497802114e-02 2.3101297001e+13 1.5949370824e-05 2.5771091476e+02
W 1.1497802114e-02 2.9150530628e+13 1.6473481755e-05 2.9493516915e+02
W 1.1497802114e-02 3.6783797718e+13 1.6924080134e-05 3.3753616559e+02
W 1.1497802114e-02 4.6415888336e+13 1.6819645181e-05 3.8111381122e+02
W 1.1497802114e-02 5.8570208181e+13 1.7050213853e-05 4.3616261454e+02
W 1.1497802114e-02 7.3907220335e+13 1.7140535316e-05 4.9916277164e+02
W 1.1497802114e-02 9.3260334688e+13 1.6610958328e-05 5.6360723890e+02
W 1.1497802114e-02 1.1768119524e+14 1.6352678443e-05 6.4501573980e+02
W 1.1497802114e-02 1.4849682623e+14 1.5888286312e-05 7.3818303930e+02
W 1.1497802114e-02 1.8738174229e+14 1.4797350409e-05 8.3348624582e+02
W 1.1497802114e-02 2.3644894126e+14 1.3906454994e-05 9.5387658345e+02
W 1.1497802114e-02 2.9836472403e+14 1.2797227571e-05 1.0916563303e+03
W 1.1497802114e-02 3.7649358068e+14 1.1183488064e-05 1.2325947469e+03
W 1.1497802114e-02 4.7508101621e+14 9.7532556850e-06 1.4106330750e+03
W 1.1497802114e-02 5.9948425032e+14 8.0005123874e-06 1.5927530210e+03
W 1.1497802114e-02 7.5646332755e+14 6.4744325825e-06 1.8228132949e+03
W 1.1497802114e-02 9.5454845666e+14 4.9947687609e-06 2.0861039120e+03
W 1.1497802114e-02 1.2045035403e+15 3.5444361412e-06 2.3554305985e+03
W 1.1497802114e-02 1.5199110830e+15 2.4149697620e-06 2.6956534713e+03
W 1.1497802114e-02 1.9179102617e+15 1.5163603027e-06 3.0850187826e+03
W 1.1497802114e-02 2.4201282648e+15 8.4021093982e-07 3.4833104887e+03
W 1.1497802114e-02 3.0538555088e+15 4.2583072501e-07 3.9864464768e+03
W 1.1497802114e-02 3.8535285937e+15 1.8312300820e-07 4.5011171095e+03
W 1.1497802114e-02 4.8626015801e+15 6.8597744982e-08 5.1512670205e+03
W 1.1497802114e-02 6.1359072734e+15 2.0963845785e-08 5.8953258204e+03
W 1.1497802114e-02 7.7426368268e+15 4.8301743929e-09 6.6564425412e+03
W 1.1497802114e-02 9.7700995730e+15 8.2981691270e-10 7.6179117543e+03
W 1.1497802114e-02 1.2328467394e+16 9.3319020476e-11 8.6014231310e+03
W 1.1497802114e-02 1.5556761439e+16 6.6527509950e-12 9.8438290376e+03
W 1.1497802114e-02 1.9630406500e+16 2.6572249831e-13 1.1265690415e+04
W 1.1497802114e-02 2.4770763560e+16 5.1791366611e-15 1.2720148677e+04
W 1.1497802114e-02 3.1257158497e+16 4.5486072493e-17 1.4557471130e+04
W 1.1497802114e-02 3.9442060594e+16 1.4816202908e-19 1.6660179931e+04
W 1.1497802114e-02 4.9770235643e+16 1.4029267253e-22 1.8811094384e+04
W 1.1497802114e-02 6.2802914418e+16 3.0692218199e-26 2.1528204613e+04
W 1.1497802114e-02 7.9248289835e+16 1.0126561974e-30 2.4307605956e+04
W 1.1497802114e-02 1.0000000000e+17 3.2619571419e-36 2.7818642764e+04
W 1.2328840803e-02 1.2618568831e+07 2.8796713040e-07 4.9692295885e-02
W 1.2328840803e-02 1.5922827933e+07 3.2190287235e-07 5.8425382255e-02
W 1.2328840803e-02 2.0092330026e+07 3.5991088801e-07 6.8693249746e-02
W 1.2328840803e-02 2.5353644940e+07 3.9177374346e-07 7.9683277224e-02
W 1.2328840803e-02 3.1992671378e+07 4.2654550514e-07 9.2431566313e-02
W 1.2328840803e-02 4.0370172586e+07 4.7720457072e-07 1.0867579165e-01
W 1.2328840803e-02 5.0941380148e+07 5.1977598481e-07 1.2606250637e-01
W 1.2328840803e-02 6.4280731173e+07 5.6626487135e-07 1.4623086955e-01
W 1.2328840803e-02 8.1113083079e+07 6.1704305177e-07 1.6962590881e-01
W 1.2328840803e-02 1.0235310219e+08 6.7251865444e-07 1.9676385039e-01
W 1.2328840803e-02 1.2915496650e+08 7.3313976649e-07 2.2824351004e-01
W 1.2328840803e-02 1.6297508346e+08 7.9939846388e-07 2.6475950625e-01
W 1.2328840803e-02 2.0565123083e+08 8.7183515304e-07 3.0711758742e-01
W 1.2328840803e-02 2.5950242114e+08 9.5104350211e-07 3.5625241125e-01
W 1.2328840803e-02 3.2745491629e+08 1.0376757139e-06 4.1324816853e-01
W 1.2328840803e-02 4.1320124001e+08 1.1022996506e-06 4.7293851949e-01
W 1.2328840803e-02 5.2140082880e+08 1.2032395320e-06 5.4860253806e-01
W 1.2328840803e-02 6.5793322466e+08 1.3137120474e-06 6.3637181656e-01
W 1.2328840803e-02 8.3021756813e+08 1.3964490637e-06 7.2829057136e-01
W 1.2328840803e-02 1.0476157528e+09 1.5253309812e-06 8.4480760063e-01
W 1.2328840803e-02 1.3219411485e+09 1.6221059854e-06 9.6683321627e-01
W 1.2328840803e-02 1.6681005372e+09 1.7253954964e-06 1.1064844438e+00
W 1.2328840803e-02 2.1049041445e+09 1.8858636719e-06 1.2835075790e+00
W 1.2328840803e-02 2.6560877829e+09 2.0068068206e-06 1.4688998534e+00
W 1.2328840803e-02 3.3516026509e+09 2.1943739826e-06 1.7039047457e+00
W 1.2328840803e-02 4.2292428744e+09 2.3360727581e-06 1.9500199859e+00
W 1.2328840803e-02 5.3366992312e+09 2.4874222709e-06 2.2316845792e+00
W 1.2328840803e-02 6.7341506578e+09 2.6490962342e-06 2.5540333419e+00
W 1.2328840803e-02 8.4975343591e+09 2.8218131278e-06 2.9229427725e+00
W 1.2328840803e-02 1.0722672220e+10 3.0885638350e-06 3.3905756404e+00
W 1.2328840803e-02 1.3530477746e+10 3.2911029240e-06 3.8803168307e+00
W 1.2328840803e-02 1.7073526475e+10 3.5074972510e-06 4.4407971694e+00
W 1.2328840803e-02 2.1544346900e+10 3.7386880810e-06 5.0822343536e+00
W 1.2328840803e-02 2.7185882427e+10 3.9856712889e-06 5.8163219439e+00
W 1.2328840803e-02 3.4304692863e+10 4.2494976545e-06 6.6564425412e+00
W 1.2328840803e-02 4.3287612811e+10 4.5312733651e-06 7.6179117543e+00
W 1.2328840803e-02 5.4622772177e+10 4.8321578840e-06 8.7182574082e+00
W 1.2328840803e-02 6.8926121044e+10 5.1533631107e-06 9.9775390799e+00
W 1.2328840803e-02 8.6974900262e+10 5.4961490163e-06 1.1418713790e+01
W 1.2328840803e-02 1.0974987655e+11 5.8618176494e-06 1.3068054514e+01
W 1.2328840803e-02 1.3848863714e+11 6.2517071611e-06 1.4955629148e+01
W 1.2328840803e-02 1.7475284000e+11 6.6671791183e-06 1.7115848650e+01
W 1.2328840803e-02 2.2051307399e+11 7.1096061763e-06 1.9588094363e+01
W 1.2328840803e-02 2.7825594022e+11 7.3785441677e-06 2.2117017547e+01
W 1.2328840803e-02 3.5111917342e+11 7.8656223621e-06 2.5311641602e+01
W 1.2328840803e-02 4.4306214576e+11 8.3828034042e-06 2.8967703227e+01
W 1.2328840803e-02 5.5908101825e+11 8.9312309505e-06 3.3151853343e+01
W 1.2328840803e-02 7.0548023107e+11 9.5119084906e-06 3.7940370054e+01
W 1.2328840803e-02 8.9021508545e+11 1.0125643905e-05 4.3420549222e+01
W 1.2328840803e-02 1.1233240330e+12 1.0486176649e-05 4.9026364243e+01
W 1.2328840803e-02 1.4174741629e+12 1.1149181540e-05 5.6107825483e+01
W 1.2328840803e-02 1.7886495291e+12 1.1844847069e-05 6.4212146446e+01
W 1.2328840803e-02 2.2570197196e+12 1.2572383182e-05 7.3487070933e+01
W 1.2328840803e-02 2.8480358684e+12 1.2975424272e-05 8.2974627711e+01
W 1.2328840803e-02 3.5938136638e+12 1.3740492645e-05 9.4959640655e+01
W 1.2328840803e-02 4.5348785081e+12 1.4529600113e-05 1.0867579165e+02
W 1.2328840803e-02 5.7223676594e+12 1.4929899192e-05 1.2270639228e+02
W 1.2328840803e-02 7.2208090184e+12 1.5730219633e-05 1.4043033682e+02
W 1.2328840803e-02 9.1116275612e+12 1.6536246791e-05 1.6071436160e+02
W 1.2328840803e-02 1.1497569954e+13 1.7338510247e-05 1.8392824948e+02
W 1.2328840803e-02 1.4508287785e+13 1.7642728463e-05 2.0767432736e+02
W 1.2328840803e-02 1.8307382803e+13 1.8379529535e-05 2.3767120195e+02
W 1.2328840803e-02 2.3101297001e+13 1.9070633198e-05 2.7200088213e+02
W 1.2328840803e-02 2.9150530628e+13 1.9172020523e-05 3.0711758742e+02
W 1.2328840803e-02 3.6783797718e+13 1.9695402052e-05 3.5147823552e+02
W 1.2328840803e-02 4.6415888336e+13 2.0108048923e-05 4.0224641994e+02
W 1.2328840803e-02 5.8570208181e+13 1.9839725596e-05 4.5417849044e+02
W 1.2328840803e-02 7.3907220335e+13 1.9943351616e-05 5.1978089490e+02
W 1.2328840803e-02 9.3260334688e+13 1.9325570658e-05 5.8688726735e+02
W 1.2328840803e-02 1.1768119524e+14 1.9023294931e-05 6.7165837980e+02
W 1.2328840803e-02 1.4849682623e+14 1.8481096300e-05 7.6867399286e+02
W 1.2328840803e-02 1.8738174229e+14 1.7210054554e-05 8.6791373747e+02
W 1.2328840803e-02 2.3644894126e+14 1.6171680156e-05 9.9327684744e+02
W 1.2328840803e-02 2.9836472403e+14 1.4879442617e-05 1.1367476433e+03
W 1.2328840803e-02 3.7649358068e+14 1.3000808866e-05 1.2835075790e+03
W 1.2328840803e-02 4.7508101621e+14 1.1335838637e-05 1.4688998534e+03
W 1.2328840803e-02 5.9948425032e+14 9.2964999864e-06 1.6585423386e+03
W 1.2328840803e-02 7.5646332755e+14 7.5211692177e-06 1.8981053466e+03
W 1.2328840803e-02 9.5454845666e+14 5.8004618284e-06 2.1722712908e+03
W 1.2328840803e-02 1.2045035403e+15 4.1146798753e-06 2.4527226266e+03
W 1.2328840803e-02 1.5199110830e+15 2.8023109831e-06 2.8069985449e+03
W 1.2328840803e-02 1.9179102617e+15 1.7118791023e-06 3.1693964161e+03
W 1.2328840803e-02 2.4201282648e+15 9.7392575115e-07 3.6271900589e+03
W 1.2328840803e-02 3.0538555088e+15 4.9326358914e-07 4.1511082855e+03
W 1.2328840803e-02 3.8535285937e+15 2.1195199848e-07 4.6870376000e+03
W 1.2328840803e-02 4.8626015801e+15 7.9322032096e-08 5.3640422201e+03
W 1.2328840803e-02 6.1359072734e+15 2.4213991908e-08 6.1388346743e+03
W 1.2328840803e-02 7.7426368268e+15 5.5715071839e-09 6.9313896337e+03
W 1.2328840803e-02 9.7700995730e+15 9.5562226700e-10 7.9325727276e+03
W 1.2328840803e-02 1.2328467394e+16 1.0725572838e-10 8.9567084455e+03
W 1.2328840803e-02 1.5556761439e+16 7.6281438961e-12 1.0250432438e+04
W 1.2328840803e-02 1.9630406500e+16 3.0380745219e-13 1.1731024384e+04
W 1.2328840803e-02 2.4770763560e+16 5.9009708977e-15 1.3245559641e+04
W 1.2328840803e-02 3.1257158497e+16 5.1609973141e-17 1.5158773453e+04
W 1.2328840803e-02 3.9442060594e+16 1.6281419003e-19 1.7115848650e+04
W 1.2328840803e-02 4.9770235643e+16 1.5742593309e-22 1.9588094363e+04
W 1.2328840803e-02 6.2802914418e+16 3.4188398489e-26 2.2417435945e+04
W 1.2328840803e-02 7.9248289835e+16 1.1179552161e-30 2.5311641602e+04
W 1.2328840803e-02 1.0000000000e+17 3.5618269536e-36 2.8967703227e+04
W 1.3219945346e-02 1.2618568831e+07 3.7356414755e-07 5.4614088217e-02
W 1.3219945346e-02 1.5922827933e+07 4.1758706581e-07 6.4212146446e-02
W 1.3219945346e-02 2.0092330026e+07 4.5446278696e-07 7.4485255616e-02
W 1.3219945346e-02 2.5353644940e+07 5.0822650740e-07 8.7575537700e-02
W 1.3219945346e-02 3.1992671378e+07 5.5333384832e-07 1.0158648593e-01
W 1.3219945346e-02 4.0370172586e+07 6.0257010363e-07 1.1783900384e-01
W 1.3219945346e-02 5.0941380148e+07 6.5632515419e-07 1.3669171345e-01
W 1.3219945346e-02 6.4280731173e+07 7.1502676424e-07 1.5856061167e-01
W 1.3219945346e-02 8.1113083079e+07 7.7914442148e-07 1.8392824948e-01
W 1.3219945346e-02 1.0235310219e+08 8.4919345581e-07 2.1335437975e-01
W 1.3219945346e-02 1.2915496650e+08 9.2573965007e-07 2.4748830855e-01
W 1.3219945346e-02 1.6297508346e+08 1.0094043281e-06 2.8708322248e-01
W 1.3219945346e-02 2.0565123083e+08 1.1008698363e-06 3.3301280821e-01
W 1.3219945346e-02 2.5950242114e+08 1.1689150450e-06 3.8111381122e-01
W 1.3219945346e-02 3.2745491629e+08 1.2753926585e-06 4.4208706948e-01
W 1.3219945346e-02 4.1320124001e+08 1.3548199951e-06 5.0594296612e-01
W 1.3219945346e-02 5.2140082880e+08 1.4788824610e-06 5.8688726735e-01
W 1.3219945346e-02 6.5793322466e+08 1.6146610028e-06 6.8078160513e-01
W 1.3219945346e-02 8.3021756813e+08 1.7163499700e-06 7.7911499420e-01
W 1.3219945346e-02 1.0476157528e+09 1.8248435075e-06 8.9165184490e-01
W 1.3219945346e-02 1.3219411485e+09 1.9936963377e-06 1.0343045555e+00
W 1.3219945346e-02 1.6681005372e+09 2.1206446513e-06 1.1837014715e+00
W 1.3219945346e-02 2.1049041445e+09 2.2561615723e-06 1.3546775620e+00
W 1.3219945346e-02 2.6560877829e+09 2.4665140002e-06 1.5714083716e+00
W 1.3219945346e-02 3.3516026509e+09 2.6252412679e-06 1.7983855837e+00
W 1.3219945346e-02 4.2292428744e+09 2.7947579226e-06 2.0581478158e+00
W 1.3219945346e-02 5.3366992312e+09 2.9758192026e-06 2.3554305985e+00
W 1.3219945346e-02 6.7341506578e+09 3.2559118232e-06 2.7322688918e+00
W 1.3219945346e-02 8.4975343591e+09 3.4681845824e-06 3.1269230040e+00
W 1.3219945346e-02 1.0722672220e+10 3.6949686829e-06 3.5785817064e+00
W 1.3219945346e-02 1.3530477746e+10 3.9372640029e-06 4.0954788502e+00
W 1.3219945346e-02 1.7073526475e+10 4.1961326754e-06 4.6870376000e+00
W 1.3219945346e-02 2.1544346900e+10 4.4727003807e-06 5.3640422201e+00
W 1.3219945346e-02 2.7185882427e+10 4.7681580654e-06 6.1388346743e+00
W 1.3219945346e-02 3.4304692863e+10 5.0837622840e-06 7.0255396233e+00
W 1.3219945346e-02 4.3287612811e+10 5.4208357878e-06 8.0403219206e+00
W 1.3219945346e-02 5.4622772177e+10 5.7807649605e-06 9.2016813019e+00
W 1.3219945346e-02 6.8926121044e+10 6.1649987955e-06 1.0530789640e+01
W 1.3219945346e-02 8.6974900262e+10 6.5750436554e-06 1.2051876912e+01
W 1.3219945346e-02 1.0974987655e+11 7.0124560785e-06 1.3792672921e+01
W 1.3219945346e-02 1.3848863714e+11 7.4788356029e-06 1.5784912815e+01
W 1.3219945346e-02 1.7475284000e+11 7.7634726204e-06 1.7822825807e+01
W 1.3219945346e-02 2.2051307399e+11 8.2785924299e-06 2.0397188644e+01
W 1.3219945346e-02 2.7825594022e+11 8.8266759415e-06 2.3343397343e+01
W 1.3219945346e-02 3.5111917342e+11 9.4092736482e-06 2.6715162026e+01
W 1.3219945346e-02 4.4306214576e+11 1.0027865023e-05 3.0573950809e+01
W 1.3219945346e-02 5.5908101825e+11 1.0399383923e-05 3.4521204259e+01
W 1.3219945346e-02 7.0548023107e+11 1.1075399882e-05 3.9507512620e+01
W 1.3219945346e-02 8.9021508545e+11 1.1789881482e-05 4.5214052838e+01
W 1.3219945346e-02 1.1233240330e+12 1.2543457946e-05 5.1744856573e+01
W 1.3219945346e-02 1.4174741629e+12 1.3336354997e-05 5.9218982013e+01
W 1.3219945346e-02 1.7886495291e+12 1.3791082167e-05 6.6864455523e+01
W 1.3219945346e-02 2.2570197196e+12 1.4637918939e-05 7.6522484575e+01
W 1.3219945346e-02 2.8480358684e+12 1.5520087962e-05 8.7575537700e+01
W 1.3219945346e-02 3.5938136638e+12 1.5997330163e-05 9.8881987607e+01
W 1.3219945346e-02 4.5348785081e+12 1.6915674858e-05 1.1316468985e+02
W 1.3219945346e-02 5.7223676594e+12 1.7856682301e-05 1.2951041276e+02
W 1.3219945346e-02 7.2208090184e+12 1.8312528410e-05 1.4623086955e+02
W 1.3219945346e-02 9.1116275612e+12 1.9250304956e-05 1.6735273430e+02
W 1.3219945346e-02 1.1497569954e+13 2.0183580186e-05 1.9152548135e+02
W 1.3219945346e-02 1.4508287785e+13 2.0536970028e-05 2.1625240073e+02
W 1.3219945346e-02 1.8307382803e+13 2.1393775894e-05 2.4748830855e+02
W 1.3219945346e-02 2.3101297001e+13 2.2197220966e-05 2.8323599026e+02
W 1.3219945346e-02 2.9150530628e+13 2.2314109579e-05 3.1980320549e+02
W 1.3219945346e-02 3.6783797718e+13 2.2921981032e-05 3.6599618837e+02
W 1.3219945346e-02 4.6415888336e+13 2.3400758646e-05 4.1886137350e+02
W 1.3219945346e-02 5.8570208181e+13 2.3086869348e-05 4.7293851949e+02
W 1.3219945346e-02 7.3907220335e+13 2.3205616301e-05 5.4125065821e+02
W 1.3219945346e-02 9.3260334688e+13 2.3099748664e-05 6.1942993208e+02
W 1.3219945346e-02 1.1768119524e+14 2.2130851571e-05 6.9940150499e+02
W 1.3219945346e-02 1.4849682623e+14 2.1497628231e-05 8.0042438779e+02
W 1.3219945346e-02 1.8738174229e+14 2.0016531756e-05 9.0376327080e+02
W 1.3219945346e-02 2.3644894126e+14 1.8806057764e-05 1.0343045555e+03
W 1.3219945346e-02 2.9836472403e+14 1.7300408260e-05 1.1837014715e+03
W 1.3219945346e-02 3.7649358068e+14 1.5113208612e-05 1.3365233867e+03
W 1.3219945346e-02 4.7508101621e+14 1.3174810071e-05 1.5295733651e+03
W 1.3219945346e-02 5.9948425032e+14 1.0801903180e-05 1.7270491110e+03
W 1.3219945346e-02 7.5646332755e+14 8.7365399426e-06 1.9765073674e+03
W 1.3219945346e-02 9.5454845666e+14 6.7355053879e-06 2.2619978484e+03
W 1.3219945346e-02 1.2045035403e+15 4.7761036261e-06 2.5540333419e+03
W 1.3219945346e-02 1.5199110830e+15 3.2512937374e-06 2.9229427725e+03
W 1.3219945346e-02 1.9179102617e+15 1.9850980011e-06 3.3003096366e+03
W 1.3219945346e-02 2.4201282648e+15 1.1286629674e-06 3.7770126337e+03
W 1.3219945346e-02 3.0538555088e+15 5.7121593550e-07 4.3225715179e+03
W 1.3219945346e-02 3.8535285937e+15 2.4523687177e-07 4.8806376128e+03
W 1.3219945346e-02 4.8626015801e+15 9.1685633638e-08 5.5856061867e+03
W 1.3219945346e-02 6.1359072734e+15 2.7210131097e-08 6.3067365184e+03
W 1.3219945346e-02 7.7426368268e+15 6.4228398140e-09 7.2176935289e+03
W 1.3219945346e-02 9.7700995730e+15 1.0997218728e-09 8.2602309016e+03
W 1.3219945346e-02 1.2328467394e+16 1.2316879601e-10 9.3266689659e+03
W 1.3219945346e-02 1.5556761439e+16 8.7375655891e-12 1.0673830759e+04
W 1.3219945346e-02 1.9630406500e+16 3.3768520411e-13 1.2051876912e+04
W 1.3219945346e-02 2.4770763560e+16 6.7133808666e-15 1.3792672921e+04
W 1.3219945346e-02 3.1257158497e+16 5.8453083600e-17 1.5784912815e+04
W 1.3219945346e-02 3.9442060594e+16 1.8341067753e-19 1.7822825807e+04
W 1.3219945346e-02 4.9770235643e+16 1.7619042976e-22 2.0397188644e+04
W 1.3219945346e-02 6.2802914418e+16 3.6952233812e-26 2.3030570039e+04
W 1.3219945346e-02 7.9248289835e+16 1.2295075559e-30 2.6357149352e+04
W 1.3219945346e-02 1.0000000000e+17 3.8713401855e-36 3.0164226104e+04
W 1.4175457186e-02 1.2618568831e+07 4.8465864428e-07 6.0023361341e-02
W 1.4175457186e-02 1.5922827933e+07 5.4177345638e-07 7.0572062895e-02
W 1.4175457186e-02 2.0092330026e+07 5.8961552579e-07 8.1862676067e-02
W 1.4175457186e-02 2.5353644940e+07 6.4181377220e-07 9.4959640655e-02
W 1.4175457186e-02 3.1992671378e+07 6.9877736605e-07 1.1015194942e-01
W 1.4175457186e-02 4.0370172586e+07 7.6095509704e-07 1.2777483020e-01
W 1.4175457186e-02 5.0941380148e+07 8.2883931244e-07 1.4821714295e-01
W 1.4175457186e-02 6.4280731173e+07 9.0297019781e-07 1.7192996014e-01
W 1.4175457186e-02 8.1113083079e+07 9.8394062586e-07 1.9943652001e-01
W 1.4175457186e-02 1.0235310219e+08 1.0724013573e-06 2.3134377207e-01
W 1.4175457186e-02 1.2915496650e+08 1.1690668628e-06 2.6835576992e-01
W 1.4175457186e-02 1.6297508346e+08 1.2407853158e-06 3.0711758742e-01
W 1.4175457186e-02 2.0565123083e+08 1.3532161699e-06 3.5625241125e-01
W 1.4175457186e-02 2.5950242114e+08 1.4368580104e-06 4.0771018670e-01
W 1.4175457186e-02 3.2745491629e+08 1.5677416255e-06 4.7293851949e-01
W 1.4175457186e-02 4.1320124001e+08 1.7109234040e-06 5.4860253806e-01
W 1.4175457186e-02 5.2140082880e+08 1.8178727921e-06 6.2784373144e-01
W 1.4175457186e-02 6.5793322466e+08 1.9319327995e-06 7.1853067342e-01
W 1.4175457186e-02 8.3021756813e+08 2.1097684740e-06 8.3348624582e-01
W 1.4175457186e-02 1.0476157528e+09 2.2431281309e-06 9.5387658345e-01
W 1.4175457186e-02 1.3219411485e+09 2.4506818139e-06 1.1064844438e+00
W 1.4175457186e-02 1.6681005372e+09 2.6067251083e-06 1.2663071600e+00
W 1.4175457186e-02 2.1049041445e+09 2.7733003080e-06 1.4492149732e+00
W 1.4175457186e-02 2.6560877829e+09 2.9511470692e-06 1.6585423386e+00
W 1.4175457186e-02 3.3516026509e+09 3.1410565132e-06 1.8981053466e+00
W 1.4175457186e-02 4.2292428744e+09 3.4353316624e-06 2.2017775413e+00
W 1.4175457186e-02 5.3366992312e+09 3.6578858691e-06 2.5198064745e+00
W 1.4175457186e-02 6.7341506578e+09 3.8956197152e-06 2.8837721114e+00
W 1.4175457186e-02 8.4975343591e+09 4.1495892296e-06 3.3003096366e+00
W 1.4175457186e-02 1.0722672220e+10 4.4209190924e-06 3.7770126337e+00
W 1.4175457186e-02 1.3530477746e+10 4.7108052596e-06 4.3225715179e+00
W 1.4175457186e-02 1.7073526475e+10 5.0205181113e-06 4.9469319642e+00
W 1.4175457186e-02 2.1544346900e+10 5.3514039873e-06 5.6614762203e+00
W 1.4175457186e-02 2.7185882427e+10 5.7048872320e-06 6.4792306068e+00
W 1.4175457186e-02 3.4304692863e+10 6.0824705890e-06 7.4151029914e+00
W 1.4175457186e-02 4.3287612811e+10 6.4857358902e-06 8.4861545621e+00
W 1.4175457186e-02 5.4622772177e+10 6.9163409671e-06 9.7119108575e+00
W 1.4175457186e-02 6.8926121044e+10 7.3760184069e-06 1.1114717722e+01
W 1.4175457186e-02 8.6974900262e+10 7.8665692562e-06 1.2720148677e+01
W 1.4175457186e-02 1.0974987655e+11 8.1664944871e-06 1.4362384940e+01
W 1.4175457186e-02 1.3848863714e+11 8.7095723715e-06 1.6436915121e+01
W 1.4175457186e-02 1.7475284000e+11 9.2882674950e-06 1.8811094384e+01
W 1.4175457186e-02 2.2051307399e+11 9.9044879530e-06 2.1528204613e+01
W 1.4175457186e-02 2.7825594022e+11 1.0560130023e-05 2.4637779409e+01
W 1.4175457186e-02 3.5111917342e+11 1.0957353713e-05 2.7818642764e+01
W 1.4175457186e-02 4.4306214576e+11 1.1677610131e-05 3.1836820402e+01
W 1.4175457186e-02 5.5908101825e+11 1.2441346647e-05 3.6435391257e+01
W 1.4175457186e-02 7.0548023107e+11 1.3249952461e-05 4.1698188426e+01
W 1.4175457186e-02 8.9021508545e+11 1.4104542870e-05 4.7721154022e+01
W 1.4175457186e-02 1.1233240330e+12 1.4606369173e-05 5.3882199122e+01
W 1.4175457186e-02 1.4174741629e+12 1.5529438594e-05 6.1665046383e+01
W 1.4175457186e-02 1.7886495291e+12 1.6497901322e-05 7.0572062895e+01
W 1.4175457186e-02 2.2570197196e+12 1.7044460398e-05 7.9683277224e+01
W 1.4175457186e-02 2.8480358684e+12 1.8071310574e-05 9.1192881248e+01
W 1.4175457186e-02 3.5938136638e+12 1.9136056077e-05 1.0436495435e+02
W 1.4175457186e-02 4.5348785081e+12 1.9695420893e-05 1.1783900384e+02
W 1.4175457186e-02 5.7223676594e+12 2.0790522965e-05 1.3485989354e+02
W 1.4175457186e-02 7.2208090184e+12 2.1903787917e-05 1.5433931290e+02
W 1.4175457186e-02 9.1116275612e+12 2.2411760610e-05 1.7426530772e+02
W 1.4175457186e-02 1.1497569954e+13 2.3497479145e-05 1.9943652001e+02
W 1.4175457186e-02 1.4508287785e+13 2.4561858111e-05 2.2824351004e+02
W 1.4175457186e-02 1.8307382803e+13 2.4904319530e-05 2.5771091476e+02
W 1.4175457186e-02 2.3101297001e+13 2.5838353962e-05 2.9493516915e+02
W 1.4175457186e-02 2.9150530628e+13 2.6683397582e-05 3.3753616559e+02
W 1.4175457186e-02 3.6783797718e+13 2.6678953592e-05 3.8111381122e+02
W 1.4175457186e-02 4.6415888336e+13 2.7234366445e-05 4.3616261454e+02
W 1.4175457186e-02 5.8570208181e+13 2.6867020721e-05 4.9247343925e+02
W 1.4175457186e-02 7.3907220335e+13 2.7002912838e-05 5.6360723890e+02
W 1.4175457186e-02 9.3260334688e+13 2.6877144366e-05 6.4501573980e+02
W 1.4175457186e-02 1.1768119524e+14 2.5747020438e-05 7.2829057136e+02
W 1.4175457186e-02 1.4849682623e+14 2.5007264387e-05 8.3348624582e+02
W 1.4175457186e-02 1.8738174229e+14 2.3281131975e-05 9.4109358382e+02
W 1.4175457186e-02 2.3644894126e+14 2.1869777279e-05 1.0770269299e+03
W 1.4175457186e-02 2.9836472403e+14 2.0115213409e-05 1.2325947469e+03
W 1.4175457186e-02 3.7649358068e+14 1.7568530900e-05 1.3917290340e+03
W 1.4175457186e-02 4.7508101621e+14 1.5311597389e-05 1.5927530210e+03
W 1.4175457186e-02 5.9948425032e+14 1.2550424881e-05 1.7983855837e+03
W 1.4175457186e-02 7.5646332755e+14 1.0147559105e-05 2.0581478158e+03
W 1.4175457186e-02 9.5454845666e+14 7.8205092980e-06 2.3554305985e+03
W 1.4175457186e-02 1.2045035403e+15 5.5431439545e-06 2.6595287378e+03
W 1.4175457186e-02 1.5199110830e+15 3.7716054568e-06 3.0436761240e+03
W 1.4175457186e-02 1.9179102617e+15 2.3014629134e-06 3.4366302814e+03
W 1.4175457186e-02 2.4201282648e+15 1.3076633935e-06 3.9330236916e+03
W 1.4175457186e-02 3.0538555088e+15 6.4368404188e-07 4.4407971694e+03
W 1.4175457186e-02 3.8535285937e+15 2.8364588649e-07 5.0822343536e+03
W 1.4175457186e-02 4.8626015801e+15 1.0592995312e-07 5.8163219439e+03
W 1.4175457186e-02 6.1359072734e+15 3.1396776228e-08 6.5672388601e+03
W 1.4175457186e-02 7.7426368268e+15 7.3995729848e-09 7.5158233240e+03
W 1.4175457186e-02 9.7700995730e+15 1.2309208208e-09 8.4861545621e+03
W 1.4175457186e-02 1.2328467394e+16 1.4131324099e-10 9.7119108575e+03
W 1.4175457186e-02 1.5556761439e+16 9.9972923981e-12 1.1114717722e+04
W 1.4175457186e-02 1.9630406500e+16 3.8509351816e-13 1.2549684637e+04
W 1.4175457186e-02 2.4770763560e+16 7.6253906592e-15 1.4362384940e+04
W 1.4175457186e-02 3.1257158497e+16 6.4316499949e-17 1.6216642306e+04
W 1.4175457186e-02 3.9442060594e+16 2.0613161106e-19 1.8559004946e+04
W 1.4175457186e-02 4.9770235643e+16 1.9663823971e-22 2.1239702897e+04
W 1.4175457186e-02 6.2802914418e+16 4.0892996143e-26 2.3981857192e+04
W 1.4175457186e-02 7.9248289835e+16 1.3466612865e-30 2.7445842229e+04
W 1.4175457186e-02 1.0000000000e+17 4.0754429458e-36 3.0989240860e+04
W 1.5200031555e-02 1.2618568831e+07 6.2886672310e-07 6.5968397978e-02
W 1.5200031555e-02 1.5922827933e+07 6.8426059093e-07 7.6522484575e-02
W 1.5200031555e-02 2.0092330026e+07 7.4468500058e-07 8.8765087906e-02
W 1.5200031555e-02 2.5353644940e+07 8.1061120913e-07 1.0296634871e-01
W 1.5200031555e-02 3.1992671378e+07 8.8255598619e-07 1.1943962674e-01
W 1.5200031555e-02 4.0370172586e+07 9.6108613794e-07 1.3854841522e-01
W 1.5200031555e-02 5.0941380148e+07 1.0468234807e-06 1.6071436160e-01
W 1.5200031555e-02 6.4280731173e+07 1.1404502467e-06 1.8642657141e-01
W 1.5200031555e-02 8.1113083079e+07 1.2096308743e-06 2.1335437975e-01
W 1.5200031555e-02 1.0235310219e+08 1.3183814968e-06 2.4748830855e-01
W 1.5200031555e-02 1.2915496650e+08 1.4372186577e-06 2.8708322248e-01
W 1.5200031555e-02 1.6297508346e+08 1.5253863976e-06 3.2855006882e-01
W 1.5200031555e-02 2.0565123083e+08 1.6636045748e-06 3.8111381122e-01
W 1.5200031555e-02 2.5950242114e+08 1.8147433224e-06 4.4208706948e-01
W 1.5200031555e-02 3.2745491629e+08 1.9273329237e-06 5.0594296612e-01
W 1.5200031555e-02 4.1320124001e+08 2.0473575013e-06 5.7902232984e-01
W 1.5200031555e-02 5.2140082880e+08 2.2348322984e-06 6.7165837980e-01
W 1.5200031555e-02 6.5793322466e+08 2.3750513963e-06 7.6867399286e-01
W 1.5200031555e-02 8.3021756813e+08 2.5936734891e-06 8.9165184490e-01
W 1.5200031555e-02 1.0476157528e+09 2.7576176681e-06 1.0204437322e+00
W 1.5200031555e-02 1.3219411485e+09 2.9325644853e-06 1.1678385646e+00
W 1.5200031555e-02 1.6681005372e+09 3.1192863977e-06 1.3365233867e+00
W 1.5200031555e-02 2.1049041445e+09 3.3186101531e-06 1.5295733651e+00
W 1.5200031555e-02 2.6560877829e+09 3.6280077479e-06 1.7742852309e+00
W 1.5200031555e-02 3.3516026509e+09 3.8614668226e-06 2.0305663622e+00
W 1.5200031555e-02 4.2292428744e+09 4.1107931001e-06 2.3238652272e+00
W 1.5200031555e-02 5.3366992312e+09 4.3770969482e-06 2.6595287378e+00
W 1.5200031555e-02 6.7341506578e+09 4.6615630430e-06 3.0436761240e+00
W 1.5200031555e-02 8.4975343591e+09 4.9654546939e-06 3.4833104887e+00
W 1.5200031555e-02 1.0722672220e+10 5.2901173000e-06 3.9864464768e+00
W 1.5200031555e-02 1.3530477746e+10 5.6369814820e-06 4.5622563833e+00
W 1.5200031555e-02 1.7073526475e+10 6.0075668365e-06 5.2212373672e+00
W 1.5200031555e-02 2.1544346900e+10 6.4034837617e-06 5.9754028171e+00
W 1.5200031555e-02 2.7185882427e+10 6.8264358879e-06 6.8385013580e+00
W 1.5200031555e-02 3.4304692863e+10 7.2782205324e-06 7.8262674927e+00
W 1.5200031555e-02 4.3287612811e+10 7.7607295025e-06 8.9567084455e+00
W 1.5200031555e-02 5.4622772177e+10 8.2759453758e-06 1.0250432438e+01
W 1.5200031555e-02 6.8926121044e+10 8.5909703454e-06 1.1573815702e+01
W 1.5200031555e-02 8.6974900262e+10 9.1622716753e-06 1.3245559641e+01
W 1.5200031555e-02 1.0974987655e+11 9.7716876262e-06 1.5158773453e+01
W 1.5200031555e-02 1.3848863714e+11 1.0421443135e-05 1.7348335504e+01
W 1.5200031555e-02 1.7475284000e+11 1.1113801188e-05 1.9854162060e+01
W 1.5200031555e-02 2.2051307399e+11 1.1535536330e-05 2.2417435945e+01
W 1.5200031555e-02 2.7825594022e+11 1.2299043328e-05 2.5655453004e+01
W 1.5200031555e-02 3.5111917342e+11 1.3110597036e-05 2.9361175402e+01
W 1.5200031555e-02 4.4306214576e+11 1.3972250647e-05 3.3602159387e+01
W 1.5200031555e-02 5.5908101825e+11 1.4489594920e-05 3.7940370054e+01
W 1.5200031555e-02 7.0548023107e+11 1.5431137434e-05 4.3420549222e+01
W 1.5200031555e-02 8.9021508545e+11 1.6426192662e-05 4.9692295885e+01
W 1.5200031555e-02 1.1233240330e+12 1.7475622680e-05 5.6869945558e+01
W 1.5200031555e-02 1.4174741629e+12 1.8085084153e-05 6.4212146446e+01
W 1.5200031555e-02 1.7886495291e+12 1.9212592010e-05 7.3487070933e+01
W 1.5200031555e-02 2.2570197196e+12 2.0391586288e-05 8.4101683142e+01
W 1.5200031555e-02 2.8480358684e+12 2.1044062545e-05 9.4959640655e+01
W 1.5200031555e-02 3.5938136638e+12 2.2283447860e-05 1.0867579165e+02
W 1.5200031555e-02 4.5348785081e+12 2.3561502156e-05 1.2437312957e+02
W 1.5200031555e-02 5.7223676594e+12 2.4208743241e-05 1.4043033682e+02
W 1.5200031555e-02 7.2208090184e+12 2.5504255977e-05 1.6071436160e+02
W 1.5200031555e-02 9.1116275612e+12 2.6808550731e-05 1.8392824948e+02
W 1.5200031555e-02 1.1497569954e+13 2.7357944502e-05 2.0767432736e+02
W 1.5200031555e-02 1.4508287785e+13 2.8595993442e-05 2.3767120195e+02
W 1.5200031555e-02 1.8307382803e+13 2.8993350021e-05 2.6835576992e+02
W 1.5200031555e-02 2.3101297001e+13 3.0079181496e-05 3.0711758742e+02
W 1.5200031555e-02 2.9150530628e+13 3.1061122685e-05 3.5147823552e+02
W 1.5200031555e-02 3.6783797718e+13 3.1053940090e-05 3.9685587370e+02
W 1.5200031555e-02 4.6415888336e+13 3.1698136579e-05 4.5417849044e+02
W 1.5200031555e-02 5.8570208181e+13 3.2123245610e-05 5.1978089490e+02
W 1.5200031555e-02 7.3907220335e+13 3.1423321647e-05 5.8688726735e+02
W 1.5200031555e-02 9.3260334688e+13 3.1273745172e-05 6.7165837980e+02
W 1.5200031555e-02 1.1768119524e+14 2.9955271772e-05 7.5837291248e+02
W 1.5200031555e-02 1.4849682623e+14 2.9090777925e-05 8.6791373747e+02
W 1.5200031555e-02 1.8738174229e+14 2.7078737835e-05 9.7996584076e+02
W 1.5200031555e-02 2.3644894126e+14 2.5432845659e-05 1.1215139695e+03
W 1.5200031555e-02 2.9836472403e+14 2.3387896720e-05 1.2835075790e+03
W 1.5200031555e-02 3.7649358068e+14 2.0422356311e-05 1.4492149732e+03
W 1.5200031555e-02 4.7508101621e+14 1.7794291787e-05 1.6585423386e+03
W 1.5200031555e-02 5.9948425032e+14 1.4581155804e-05 1.8726686388e+03
W 1.5200031555e-02 7.5646332755e+14 1.1785528476e-05 2.1431604565e+03
W 1.5200031555e-02 9.5454845666e+14 8.8376112680e-06 2.4198534347e+03
W 1.5200031555e-02 1.2045035403e+15 6.4324865811e-06 2.7693816645e+03
W 1.5200031555e-02 1.5199110830e+15 4.3744249397e-06 3.1693964161e+03
W 1.5200031555e-02 1.9179102617e+15 2.6676718052e-06 3.5785817064e+03
W 1.5200031555e-02 2.4201282648e+15 1.5146512621e-06 4.0954788502e+03
W 1.5200031555e-02 3.0538555088e+15 7.4494433481e-07 4.6242261201e+03
W 1.5200031555e-02 3.8535285937e+15 3.2794242558e-07 5.2921581306e+03
W 1.5200031555e-02 4.8626015801e+15 1.1907293007e-07 5.9754028171e+03
W 1.5200031555e-02 6.1359072734e+15 3.6207080812e-08 6.8385013580e+03
W 1.5200031555e-02 7.7426368268e+15 8.5190374483e-09 7.8262674927e+03
W 1.5200031555e-02 9.7700995730e+15 1.4142965287e-09 8.8366786611e+03
W 1.5200031555e-02 1.2328467394e+16 1.6197085493e-10 1.0113065324e+04
W 1.5200031555e-02 1.5556761439e+16 1.1120895099e-11 1.1418713790e+04
W 1.5200031555e-02 1.9630406500e+16 4.3852927981e-13 1.3068054514e+04
W 1.5200031555e-02 2.4770763560e+16 8.6463616263e-15 1.4955629148e+04
W 1.5200031555e-02 3.1257158497e+16 7.2552574115e-17 1.6886477376e+04
W 1.5200031555e-02 3.9442060594e+16 2.3108728512e-19 1.9325592266e+04
W 1.5200031555e-02 4.9770235643e+16 2.1297213056e-22 2.1820625087e+04
W 1.5200031555e-02 6.2802914418e+16 4.5089360710e-26 2.4972437651e+04
W 1.5200031555e-02 7.9248289835e+16 1.4684943223e-30 2.8579504013e+04
W 1.5200031555e-02 1.0000000000e+17 4.3841850437e-36 3.2269264179e+04
W 1.6298660160e-02 1.2618568831e+07 7.9436113619e-07 7.1530652635e-02
W 1.6298660160e-02 1.5922827933e+07 8.6433241005e-07 8.2974627711e-02
W 1.6298660160e-02 2.0092330026e+07 9.4065801194e-07 9.6249490116e-02
W 1.6298660160e-02 2.5353644940e+07 1.0239332013e-06 1.1164815803e-01
W 1.6298660160e-02 3.1992671378e+07 1.1148107242e-06 1.2951041276e-01
W 1.6298660160e-02 4.0370172586e+07 1.2140065276e-06 1.5023039616e-01
W 1.6298660160e-02 5.0941380148e+07 1.2871027908e-06 1.7192996014e-01
W 1.6298660160e-02 6.4280731173e+07 1.4022192305e-06 1.9943652001e-01
W 1.6298660160e-02 8.1113083079e+07 1.5279564176e-06 2.3134377207e-01
W 1.6298660160e-02 1.0235310219e+08 1.6209895291e-06 2.6475950625e-01
W 1.6298660160e-02 1.2915496650e+08 1.7671022908e-06 3.0711758742e-01
W 1.6298660160e-02 1.6297508346e+08 1.9268023645e-06 3.5625241125e-01
W 1.6298660160e-02 2.0565123083e+08 2.0454475053e-06 4.0771018670e-01
W 1.6298660160e-02 2.5950242114e+08 2.1718725740e-06 4.6660062104e-01
W 1.6298660160e-02 3.2745491629e+08 2.3697047839e-06 5.4125065821e-01
W 1.6298660160e-02 4.1320124001e+08 2.5172756595e-06 6.1942993208e-01
W 1.6298660160e-02 5.2140082880e+08 2.7477776281e-06 7.1853067342e-01
W 1.6298660160e-02 6.5793322466e+08 2.9201769539e-06 8.2231660967e-01
W 1.6298660160e-02 8.3021756813e+08 3.1040748237e-06 9.4109358382e-01
W 1.6298660160e-02 1.0476157528e+09 3.3002767367e-06 1.0770269299e+00
W 1.6298660160e-02 1.3219411485e+09 3.6056370242e-06 1.2493372457e+00
W 1.6298660160e-02 1.6681005372e+09 3.8352087898e-06 1.4297938922e+00
W 1.6298660160e-02 2.1049041445e+09 4.0802734471e-06 1.6363160397e+00
W 1.6298660160e-02 2.6560877829e+09 4.3419188075e-06 1.8726686388e+00
W 1.6298660160e-02 3.3516026509e+09 4.6213083320e-06 2.1431604565e+00
W 1.6298660160e-02 4.2292428744e+09 4.9196854003e-06 2.4527226266e+00
W 1.6298660160e-02 5.3366992312e+09 5.2383785326e-06 2.8069985449e+00
W 1.6298660160e-02 6.7341506578e+09 5.5788051227e-06 3.2124467502e+00
W 1.6298660160e-02 8.4975343591e+09 5.9424766047e-06 3.6764586650e+00
W 1.6298660160e-02 1.0722672220e+10 6.3310025793e-06 4.2074933428e+00
W 1.6298660160e-02 1.3530477746e+10 6.7460945486e-06 4.8152316789e+00
W 1.6298660160e-02 1.7073526475e+10 7.1895703949e-06 5.5107528953e+00
W 1.6298660160e-02 2.1544346900e+10 7.6633565486e-06 6.3067365184e+00
W 1.6298660160e-02 2.7185882427e+10 8.1694908771e-06 7.2176935289e+00
W 1.6298660160e-02 3.4304692863e+10 8.7101232057e-06 8.2602309016e+00
W 1.6298660160e-02 4.3287612811e+10 9.0402582445e-06 9.3266689659e+00
W 1.6298660160e-02 5.4622772177e+10 9.6403696289e-06 1.0673830759e+01
W 1.6298660160e-02 6.8926121044e+10 1.0280982790e-05 1.2215579163e+01
W 1.6298660160e-02 8.6974900262e+10 1.0964604316e-05 1.3980020637e+01
W 1.6298660160e-02 1.0974987655e+11 1.1693823534e-05 1.5999321391e+01
W 1.6298660160e-02 1.3848863714e+11 1.2471300388e-05 1.8310293784e+01
W 1.6298660160e-02 1.7475284000e+11 1.2945665993e-05 2.0674246377e+01
W 1.6298660160e-02 2.2051307399e+11 1.3804308876e-05 2.3660473821e+01
W 1.6298660160e-02 2.7825594022e+11 1.4717845436e-05 2.7078037634e+01
W 1.6298660160e-02 3.5111917342e+11 1.5688847787e-05 3.0989240860e+01
W 1.6298660160e-02 4.4306214576e+11 1.6274643403e-05 3.4990110379e+01
W 1.6298660160e-02 5.5908101825e+11 1.7338637265e-05 4.0044148431e+01
W 1.6298660160e-02 7.0548023107e+11 1.8465073246e-05 4.5828201346e+01
W 1.6298660160e-02 8.9021508545e+11 1.9132208843e-05 5.1744856573e+01
W 1.6298660160e-02 1.1233240330e+12 2.0354204608e-05 5.9218982013e+01
W 1.6298660160e-02 1.4174741629e+12 2.1639807644e-05 6.7772684338e+01
W 1.6298660160e-02 1.7886495291e+12 2.2376491736e-05 7.6522484575e+01
W 1.6298660160e-02 2.2570197196e+12 2.3749156241e-05 8.7575537700e+01
W 1.6298660160e-02 2.8480358684e+12 2.5178842798e-05 1.0022511483e+02
W 1.6298660160e-02 3.5938136638e+12 2.5951299151e-05 1.1316468985e+02
W 1.6298660160e-02 4.5348785081e+12 2.7438974965e-05 1.2951041276e+02
W 1.6298660160e-02 5.7223676594e+12 2.8962955571e-05 1.4821714295e+02
W 1.6298660160e-02 7.2208090184e+12 2.9699569563e-05 1.6735273430e+02
W 1.6298660160e-02 9.1116275612e+12 3.1217269782e-05 1.9152548135e+02
W 1.6298660160e-02 1.1497569954e+13 3.1855719036e-05 2.1625240073e+02
W 1.6298660160e-02 1.4508287785e+13 3.3295808930e-05 2.4748830855e+02
W 1.6298660160e-02 1.8307382803e+13 3.4680055455e-05 2.8323599026e+02
W 1.6298660160e-02 2.3101297001e+13 3.5019056123e-05 3.1980320549e+02
W 1.6298660160e-02 2.9150530628e+13 3.6160011947e-05 3.6599618837e+02
W 1.6298660160e-02 3.6783797718e+13 3.6149138355e-05 4.1324816853e+02
W 1.6298660160e-02 4.6415888336e+13 3.6896161388e-05 4.7293851949e+02
W 1.6298660160e-02 5.8570208181e+13 3.7387718835e-05 5.4125065821e+02
W 1.6298660160e-02 7.3907220335e+13 3.6569500619e-05 6.1112888693e+02
W 1.6298660160e-02 9.3260334688e+13 3.6391405144e-05 6.9940150499e+02
W 1.6298660160e-02 1.1768119524e+14 3.4852825125e-05 7.8969781705e+02
W 1.6298660160e-02 1.4849682623e+14 3.3842209058e-05 9.0376327080e+02
W 1.6298660160e-02 1.8738174229e+14 3.1496491414e-05 1.0204437322e+03
W 1.6298660160e-02 2.3644894126e+14 2.9576688347e-05 1.1678385646e+03
W 1.6298660160e-02 2.9836472403e+14 2.7192897113e-05 1.3365233867e+03
W 1.6298660160e-02 3.7649358068e+14 2.3739247432e-05 1.5090753928e+03
W 1.6298660160e-02 4.7508101621e+14 2.0678711688e-05 1.7270491110e+03
W 1.6298660160e-02 5.9948425032e+14 1.6939425895e-05 1.9500199859e+03
W 1.6298660160e-02 7.5646332755e+14 1.3686707015e-05 2.2316845792e+03
W 1.6298660160e-02 9.5454845666e+14 1.0258963362e-05 2.5198064745e+03
W 1.6298660160e-02 1.2045035403e+15 7.4634072901e-06 2.8837721114e+03
W 1.6298660160e-02 1.5199110830e+15 5.0726439316e-06 3.3003096366e+03
W 1.6298660160e-02 1.9179102617e+15 3.0914331713e-06 3.7263964933e+03
W 1.6298660160e-02 2.4201282648e+15 1.7539022255e-06 4.2646442859e+03
W 1.6298660160e-02 3.0538555088e+15 8.6183468195e-07 4.8152316789e+03
W 1.6298660160e-02 3.8535285937e+15 3.7899725002e-07 5.5107528953e+03
W 1.6298660160e-02 4.8626015801e+15 1.3743770630e-07 6.2222192842e+03
W 1.6298660160e-02 6.1359072734e+15 4.1728925676e-08 7.1209684648e+03
W 1.6298660160e-02 7.7426368268e+15 9.5397593757e-09 8.0403219206e+03
W 1.6298660160e-02 9.7700995730e+15 1.6235592924e-09 9.2016813019e+03
W 1.6298660160e-02 1.2328467394e+16 1.8545146538e-10 1.0530789640e+04
W 1.6298660160e-02 1.5556761439e+16 1.2692902053e-11 1.1890368452e+04
W 1.6298660160e-02 1.9630406500e+16 4.9861135400e-13 1.3607835872e+04
W 1.6298660160e-02 2.4770763560e+16 9.5253249996e-15 1.5364677094e+04
W 1.6298660160e-02 3.1257158497e+16 8.1660449175e-17 1.7583980259e+04
W 1.6298660160e-02 3.9442060594e+16 2.5148849680e-19 1.9854162060e+04
W 1.6298660160e-02 4.9770235643e+16 2.3620294624e-22 2.2721934967e+04
W 1.6298660160e-02 6.2802914418e+16 4.9521852056e-26 2.6003934443e+04
W 1.6298660160e-02 7.9248289835e+16 1.5513510179e-30 2.9361175402e+04
W 1.6298660160e-02 1.0000000000e+17 4.6893243509e-36 3.3602159387e+04
W 1.7476695496e-02 1.2618568831e+07 1.0035445773e-06 7.7561899686e-02
W 1.7476695496e-02 1.5922827933e+07 1.0919414860e-06 8.9970795930e-02
W 1.7476695496e-02 2.0092330026e+07 1.1883659530e-06 1.0436495435e-01
W 1.7476695496e-02 2.5353644940e+07 1.2935699699e-06 1.2106199111e-01
W 1.7476695496e-02 3.1992671378e+07 1.3708834347e-06 1.3854841522e-01
W 1.7476695496e-02 4.0370172586e+07 1.4928639678e-06 1.6071436160e-01
W 1.7476695496e-02 5.0941380148e+07 1.6260391584e-06 1.8642657141e-01
W 1.7476695496e-02 6.4280731173e+07 1.7243075135e-06 2.1335437975e-01
W 1.7476695496e-02 8.1113083079e+07 1.8789253693e-06 2.4748830855e-01
W 1.7476695496e-02 1.0235310219e+08 2.0478458439e-06 2.8708322248e-01
W 1.7476695496e-02 1.2915496650e+08 2.1729998903e-06 3.2855006882e-01
W 1.7476695496e-02 1.6297508346e+08 2.3063017102e-06 3.7600646527e-01
W 1.7476695496e-02 2.0565123083e+08 2.5152762816e-06 4.3616261454e-01
W 1.7476695496e-02 2.5950242114e+08 2.6707382375e-06 4.9916277164e-01
W 1.7476695496e-02 3.2745491629e+08 2.9140085446e-06 5.7902232984e-01
W 1.7476695496e-02 4.1320124001e+08 3.0954722041e-06 6.6265741577e-01
W 1.7476695496e-02 5.2140082880e+08 3.2889591799e-06 7.5837291248e-01
W 1.7476695496e-02 6.5793322466e+08 3.4953087633e-06 8.6791373747e-01
W 1.7476695496e-02 8.3021756813e+08 3.8170402539e-06 1.0067686593e+00
W 1.7476695496e-02 1.0476157528e+09 4.0583014261e-06 1.1521882381e+00
W 1.7476695496e-02 1.3219411485e+09 4.3157524866e-06 1.3186124973e+00
W 1.7476695496e-02 1.6681005372e+09 4.5905298259e-06 1.5090753928e+00
W 1.7476695496e-02 2.1049041445e+09 4.8838496661e-06 1.7270491110e+00
W 1.7476695496e-02 2.6560877829e+09 5.1970137732e-06 1.9765073674e+00
W 1.7476695496e-02 3.3516026509e+09 5.5314144143e-06 2.2619978484e+00
W 1.7476695496e-02 4.2292428744e+09 5.8885394611e-06 2.5887251173e+00
W 1.7476695496e-02 5.3366992312e+09 6.2699786301e-06 2.9626454939e+00
W 1.7476695496e-02 6.7341506578e+09 6.6774279415e-06 3.3905756404e+00
W 1.7476695496e-02 8.4975343591e+09 7.1126958908e-06 3.8803168307e+00
W 1.7476695496e-02 1.0722672220e+10 7.5777083744e-06 4.4407971694e+00
W 1.7476695496e-02 1.3530477746e+10 8.0745131430e-06 5.0822343536e+00
W 1.7476695496e-02 1.7073526475e+10 8.6052851445e-06 5.8163219439e+00
W 1.7476695496e-02 2.1544346900e+10 9.1723290958e-06 6.6564425412e+00
W 1.7476695496e-02 2.7185882427e+10 9.7780829160e-06 7.6179117543e+00
W 1.7476695496e-02 3.4304692863e+10 1.0147574365e-05 8.6014231310e+00
W 1.7476695496e-02 4.3287612811e+10 1.0820201089e-05 9.8438290376e+00
W 1.7476695496e-02 5.4622772177e+10 1.1538405475e-05 1.1265690415e+01
W 1.7476695496e-02 6.8926121044e+10 1.2305071914e-05 1.2892928152e+01
W 1.7476695496e-02 8.6974900262e+10 1.3123197968e-05 1.4755207201e+01
W 1.7476695496e-02 1.0974987655e+11 1.3623272821e-05 1.6660179931e+01
W 1.7476695496e-02 1.3848863714e+11 1.4528920445e-05 1.9066607988e+01
W 1.7476695496e-02 1.7475284000e+11 1.5493914409e-05 2.1820625087e+01
W 1.7476695496e-02 2.2051307399e+11 1.6521425085e-05 2.4972437651e+01
W 1.7476695496e-02 2.7825594022e+11 1.7145654186e-05 2.8196507098e+01
W 1.7476695496e-02 3.5111917342e+11 1.8276634446e-05 3.2269264179e+01
W 1.7476695496e-02 4.4306214576e+11 1.9477371216e-05 3.6930298034e+01
W 1.7476695496e-02 5.5908101825e+11 2.0198054652e-05 4.1698188426e+01
W 1.7476695496e-02 7.0548023107e+11 2.1509958836e-05 4.7721154022e+01
W 1.7476695496e-02 8.9021508545e+11 2.2896326401e-05 5.4614088217e+01
W 1.7476695496e-02 1.1233240330e+12 2.3709852873e-05 6.1665046383e+01
W 1.7476695496e-02 1.4174741629e+12 2.5206944746e-05 7.0572062895e+01
W 1.7476695496e-02 1.7886495291e+12 2.6777429716e-05 8.0765625803e+01
W 1.7476695496e-02 2.2570197196e+12 2.7662842604e-05 9.1192881248e+01
W 1.7476695496e-02 2.8480358684e+12 2.9327424537e-05 1.0436495435e+02
W 1.7476695496e-02 3.5938136638e+12 3.1053067211e-05 1.1943962674e+02
W 1.7476695496e-02 4.5348785081e+12 3.1958166301e-05 1.3485989354e+02
W 1.7476695496e-02 5.7223676594e+12 3.3732059615e-05 1.5433931290e+02
W 1.7476695496e-02 7.2208090184e+12 3.4588735467e-05 1.7426530772e+02
W 1.7476695496e-02 9.1116275612e+12 3.6354849799e-05 1.9943652001e+02
W 1.7476695496e-02 1.1497569954e+13 3.8111378923e-05 2.2824351004e+02
W 1.7476695496e-02 1.4508287785e+13 3.8771897658e-05 2.5771091476e+02
W 1.7476695496e-02 1.8307382803e+13 4.0381636496e-05 2.9493516915e+02
W 1.7476695496e-02 2.3101297001e+13 4.0773929265e-05 3.3301280821e+02
W 1.7476695496e-02 2.9150530628e+13 4.2099573074e-05 3.8111381122e+02
W 1.7476695496e-02 3.6783797718e+13 4.2083772892e-05 4.3031755383e+02
W 1.7476695496e-02 4.6415888336e+13 4.2949846844e-05 4.9247343925e+02
W 1.7476695496e-02 5.8570208181e+13 4.3517976874e-05 5.6360723890e+02
W 1.7476695496e-02 7.3907220335e+13 4.2561115120e-05 6.3637181656e+02
W 1.7476695496e-02 9.3260334688e+13 4.2348812558e-05 7.2829057136e+02
W 1.7476695496e-02 1.1768119524e+14 4.0552924967e-05 8.2231660967e+02
W 1.7476695496e-02 1.4849682623e+14 3.9371051314e-05 9.4109358382e+02
W 1.7476695496e-02 1.8738174229e+14 3.6635804420e-05 1.0625935796e+03
W 1.7476695496e-02 2.3644894126e+14 3.4396010827e-05 1.2160766160e+03
W 1.7476695496e-02 2.9836472403e+14 3.1616738110e-05 1.3917290340e+03
W 1.7476695496e-02 3.7649358068e+14 2.7594192340e-05 1.5714083716e+03
W 1.7476695496e-02 4.7508101621e+14 2.4029633423e-05 1.7983855837e+03
W 1.7476695496e-02 5.9948425032e+14 1.9677787568e-05 2.0305663622e+03
W 1.7476695496e-02 7.5646332755e+14 1.5893082351e-05 2.3238652272e+03
W 1.7476695496e-02 9.5454845666e+14 1.1907426706e-05 2.6238881157e+03
W 1.7476695496e-02 1.2045035403e+15 8.6581619845e-06 3.0028875026e+03
W 1.7476695496e-02 1.5199110830e+15 5.7245487154e-06 3.3905756404e+03
W 1.7476695496e-02 1.9179102617e+15 3.5816109834e-06 3.8803168307e+03
W 1.7476695496e-02 2.4201282648e+15 1.9762674067e-06 4.3812855831e+03
W 1.7476695496e-02 3.0538555088e+15 9.9669310288e-07 5.0141268007e+03
W 1.7476695496e-02 3.8535285937e+15 4.3780199585e-07 5.7383768066e+03
W 1.7476695496e-02 4.8626015801e+15 1.5854832716e-07 6.4792306068e+03
W 1.7476695496e-02 6.1359072734e+15 4.8061335496e-08 7.4151029914e+03
W 1.7476695496e-02 7.7426368268e+15 1.0966309763e-08 8.3724307193e+03
W 1.7476695496e-02 9.7700995730e+15 1.8620184004e-09 9.5817605267e+03
W 1.7476695496e-02 1.2328467394e+16 2.0644731328e-10 1.0818814826e+04
W 1.7476695496e-02 1.5556761439e+16 1.4467218431e-11 1.2381505004e+04
W 1.7476695496e-02 1.9630406500e+16 5.6598662985e-13 1.4169913121e+04
W 1.7476695496e-02 2.4770763560e+16 1.0759144331e-14 1.5999321391e+04
W 1.7476695496e-02 3.1257158497e+16 9.1690782218e-17 1.8310293784e+04
W 1.7476695496e-02 3.9442060594e+16 2.8036240562e-19 2.0674246377e+04
W 1.7476695496e-02 4.9770235643e+16 2.6105389634e-22 2.3660473821e+04
W 1.7476695496e-02 6.2802914418e+16 5.2719342307e-26 2.6715162026e+04
W 1.7476695496e-02 7.9248289835e+16 1.6751509283e-30 3.0573950809e+04
W 1.7476695496e-02 1.0000000000e+17 4.9848359655e-36 3.4990110379e+04
W 1.8739876925e-02 1.2618568831e+07 1.2679985003e-06 8.4101683142e-02
W 1.8739876925e-02 1.5922827933e+07 1.3796893666e-06 9.7556859773e-02
W 1.8739876925e-02 2.0092330026e+07 1.4615486129e-06 1.1164815803e-01
W 1.8739876925e-02 2.5353644940e+07 1.5909364654e-06 1.2951041276e-01
W 1.8739876925e-02 3.1992671378e+07 1.7321361235e-06 1.5023039616e-01
W 1.8739876925e-02 4.0370172586e+07 1.8360427375e-06 1.7192996014e-01
W 1.8739876925e-02 5.0941380148e+07 1.9998311990e-06 1.9943652001e-01
W 1.8739876925e-02 6.4280731173e+07 2.1786906878e-06 2.3134377207e-01
W 1.8739876925e-02 8.1113083079e+07 2.3108480028e-06 2.6475950625e-01
W 1.8739876925e-02 1.0235310219e+08 2.5185978574e-06 3.0711758742e-01
W 1.8739876925e-02 1.2915496650e+08 2.6725200012e-06 3.5147823552e-01
W 1.8739876925e-02 1.6297508346e+08 2.8364624788e-06 4.0224641994e-01
W 1.8739876925e-02 2.0565123083e+08 3.0934724215e-06 4.6660062104e-01
W 1.8739876925e-02 2.5950242114e+08 3.2846679664e-06 5.3399730166e-01
W 1.8739876925e-02 3.2745491629e+08 3.4884442228e-06 6.1112888693e-01
W 1.8739876925e-02 4.1320124001e+08 3.7056755694e-06 6.9940150499e-01
W 1.8739876925e-02 5.2140082880e+08 4.0449876587e-06 8.1129665897e-01
W 1.8739876925e-02 6.5793322466e+08 4.2987649643e-06 9.2848189051e-01
W 1.8739876925e-02 8.3021756813e+08 4.5694668834e-06 1.0625935796e+00
W 1.8739876925e-02 1.0476157528e+09 4.8582787871e-06 1.2160766160e+00
W 1.8739876925e-02 1.3219411485e+09 5.1664703792e-06 1.3917290340e+00
W 1.8739876925e-02 1.6681005372e+09 5.4954017834e-06 1.5927530210e+00
W 1.8739876925e-02 2.1049041445e+09 5.8465286469e-06 1.8228132949e+00
W 1.8739876925e-02 2.6560877829e+09 6.2214089715e-06 2.0861039120e+00
W 1.8739876925e-02 3.3516026509e+09 6.6217090394e-06 2.3874247263e+00
W 1.8739876925e-02 4.2292428744e+09 7.0492095130e-06 2.7322688918e+00
W 1.8739876925e-02 5.3366992312e+09 7.5058128935e-06 3.1269230040e+00
W 1.8739876925e-02 6.7341506578e+09 7.9935488461e-06 3.5785817064e+00
W 1.8739876925e-02 8.4975343591e+09 8.5145815723e-06 4.0954788502e+00
W 1.8739876925e-02 1.0722672220e+10 9.0712156880e-06 4.6870376000e+00
W 1.8739876925e-02 1.3530477746e+10 9.6659015351e-06 5.3640422201e+00
W 1.8739876925e-02 1.7073526475e+10 1.0301241552e-05 6.1388346743e+00
W 1.8739876925e-02 2.1544346900e+10 1.0687677145e-05 6.9313896337e+00
W 1.8739876925e-02 2.7185882427e+10 1.1393453948e-05 7.9325727276e+00
W 1.8739876925e-02 3.4304692863e+10 1.2147320727e-05 9.0783686106e+00
W 1.8739876925e-02 4.3287612811e+10 1.2952429140e-05 1.0389665429e+01
W 1.8739876925e-02 5.4622772177e+10 1.3812081357e-05 1.1890368452e+01
W 1.8739876925e-02 6.8926121044e+10 1.4337583443e-05 1.3425475844e+01
W 1.8739876925e-02 8.6974900262e+10 1.5290738696e-05 1.5364677094e+01
W 1.8739876925e-02 1.0974987655e+11 1.6307437222e-05 1.7583980259e+01
W 1.8739876925e-02 1.3848863714e+11 1.7391380177e-05 2.0123843791e+01
W 1.8739876925e-02 1.7475284000e+11 1.8052578299e-05 2.2721934967e+01
W 1.8739876925e-02 2.2051307399e+11 1.9249585482e-05 2.6003934443e+01
W 1.8739876925e-02 2.7825594022e+11 2.0523059547e-05 2.9759992163e+01
W 1.8739876925e-02 3.5111917342e+11 2.1294160813e-05 3.3602159387e+01
W 1.8739876925e-02 4.4306214576e+11 2.2692858425e-05 3.8455719160e+01
W 1.8739876925e-02 5.5908101825e+11 2.4175820202e-05 4.4010336332e+01
W 1.8739876925e-02 7.0548023107e+11 2.5060285718e-05 4.9692295885e+01
W 1.8739876925e-02 8.9021508545e+11 2.6675044784e-05 5.6869945558e+01
W 1.8739876925e-02 1.1233240330e+12 2.8377831242e-05 6.5084348593e+01
W 1.8739876925e-02 1.4174741629e+12 2.9365899349e-05 7.3487070933e+01
W 1.8739876925e-02 1.7886495291e+12 3.1194833291e-05 8.4101683142e+01
W 1.8739876925e-02 2.2570197196e+12 3.2225551717e-05 9.4959640655e+01
W 1.8739876925e-02 2.8480358684e+12 3.4163805833e-05 1.0867579165e+02
W 1.8739876925e-02 3.5938136638e+12 3.6172994219e-05 1.2437312957e+02
W 1.8739876925e-02 4.5348785081e+12 3.7226155584e-05 1.4043033682e+02
W 1.8739876925e-02 5.7223676594e+12 3.9291098483e-05 1.6071436160e+02
W 1.8739876925e-02 7.2208090184e+12 4.0287414834e-05 1.8146340781e+02
W 1.8739876925e-02 9.1116275612e+12 4.2342715971e-05 2.0767432736e+02
W 1.8739876925e-02 1.1497569954e+13 4.4386477358e-05 2.3767120195e+02
W 1.8739876925e-02 1.4508287785e+13 4.5153404942e-05 2.6835576992e+02
W 1.8739876925e-02 1.8307382803e+13 4.7025376105e-05 3.0711758742e+02
W 1.8739876925e-02 2.3101297001e+13 4.7479156975e-05 3.4676803901e+02
W 1.8739876925e-02 2.9150530628e+13 4.9019285366e-05 3.9685587370e+02
W 1.8739876925e-02 3.6783797718e+13 4.8996960999e-05 4.4809199709e+02
W 1.8739876925e-02 4.6415888336e+13 5.0000819764e-05 5.1281525689e+02
W 1.8739876925e-02 5.8570208181e+13 5.0657118581e-05 5.8688726735e+02
W 1.8739876925e-02 7.3907220335e+13 4.9537676816e-05 6.6265741577e+02
W 1.8739876925e-02 9.3260334688e+13 4.9284289726e-05 7.5837291248e+02
W 1.8739876925e-02 1.1768119524e+14 4.7187495025e-05 8.5628273491e+02
W 1.8739876925e-02 1.4849682623e+14 4.5804799247e-05 9.7996584076e+02
W 1.8739876925e-02 1.8738174229e+14 4.2614698152e-05 1.1064844438e+03
W 1.8739876925e-02 2.3644894126e+14 4.0000962895e-05 1.2663071600e+03
W 1.8739876925e-02 2.9836472403e+14 3.5781336203e-05 1.4297938922e+03
W 1.8739876925e-02 3.7649358068e+14 3.2074277546e-05 1.6363160397e+03
W 1.8739876925e-02 4.7508101621e+14 2.7922214756e-05 1.8726686388e+03
W 1.8739876925e-02 5.9948425032e+14 2.2857150368e-05 2.1144397396e+03
W 1.8739876925e-02 7.5646332755e+14 1.8453258614e-05 2.4198534347e+03
W 1.8739876925e-02 9.5454845666e+14 1.3818907634e-05 2.7322688918e+03
W 1.8739876925e-02 1.2045035403e+15 1.0042432289e-05 3.1269230040e+03
W 1.8739876925e-02 1.5199110830e+15 6.6354756997e-06 3.5306247595e+03
W 1.8739876925e-02 1.9179102617e+15 4.1483884575e-06 4.0405949108e+03
W 1.8739876925e-02 2.4201282648e+15 2.2869708863e-06 4.5622563833e+03
W 1.8739876925e-02 3.0538555088e+15 1.1521886314e-06 5.2212373672e+03
W 1.8739876925e-02 3.8535285937e+15 4.9202664053e-07 5.8953258204e+03
W 1.8739876925e-02 4.8626015801e+15 1.8279403516e-07 6.7468578877e+03
W 1.8739876925e-02 6.1359072734e+15 5.3842933339e-08 7.6179117543e+03
W 1.8739876925e-02 7.7426368268e+15 1.2595481037e-08 8.7182574082e+03
W 1.8739876925e-02 9.7700995730e+15 2.1333219330e-09 9.9775390799e+03
W 1.8739876925e-02 1.2328467394e+16 2.3581608202e-10 1.1265690415e+04
W 1.8739876925e-02 1.5556761439e+16 1.6465182954e-11 1.2892928152e+04
W 1.8739876925e-02 1.9630406500e+16 6.2424792114e-13 1.4557471130e+04
W 1.8739876925e-02 2.4770763560e+16 1.2126696735e-14 1.6660179931e+04
W 1.8739876925e-02 3.1257158497e+16 9.9953144618e-17 1.8811094384e+04
W 1.8739876925e-02 3.9442060594e+16 3.1157795865e-19 2.1528204613e+04
W 1.8739876925e-02 4.9770235643e+16 2.8743677044e-22 2.4637779409e+04
W 1.8739876925e-02 6.2802914418e+16 5.7397393196e-26 2.7818642764e+04
W 1.8739876925e-02 7.9248289835e+16 1.7989436541e-30 3.1836820402e+04
W 1.8739876925e-02 1.0000000000e+17 5.1237625641e-36 3.5947116777e+04
W 2.0094358642e-02 1.2618568831e+07 1.5597313557e-06 8.9970795930e-02
W 2.0094358642e-02 1.5922827933e+07 1.6971188228e-06 1.0436495435e-01
W 2.0094358642e-02 2.0092330026e+07 1.8469825885e-06 1.2106199111e-01
W 2.0094358642e-02 2.5353644940e+07 1.9569667991e-06 1.3854841522e-01
W 2.0094358642e-02 3.1992671378e+07 2.1306516769e-06 1.6071436160e-01
W 2.0094358642e-02 4.0370172586e+07 2.3202339037e-06 1.8642657141e-01
W 2.0094358642e-02 5.0941380148e+07 2.4599333763e-06 2.1335437975e-01
W 2.0094358642e-02 6.4280731173e+07 2.6799416121e-06 2.4748830855e-01
W 2.0094358642e-02 8.1113083079e+07 2.8425025280e-06 2.8323599026e-01
W 2.0094358642e-02 1.0235310219e+08 3.0155688996e-06 3.2414713507e-01
W 2.0094358642e-02 1.2915496650e+08 3.2873792392e-06 3.7600646527e-01
W 2.0094358642e-02 1.6297508346e+08 3.4890365873e-06 4.3031755383e-01
W 2.0094358642e-02 2.0565123083e+08 3.7038686969e-06 4.9247343925e-01
W 2.0094358642e-02 2.5950242114e+08 3.9327865522e-06 5.6360723890e-01
W 2.0094358642e-02 3.2745491629e+08 4.2910044333e-06 6.5377707459e-01
W 2.0094358642e-02 4.1320124001e+08 4.5582071864e-06 7.4820987794e-01
W 2.0094358642e-02 5.2140082880e+08 4.8431125399e-06 8.5628273491e-01
W 2.0094358642e-02 6.5793322466e+08 5.1469560005e-06 9.7996584076e-01
W 2.0094358642e-02 8.3021756813e+08 5.4710619537e-06 1.1215139695e+00
W 2.0094358642e-02 1.0476157528e+09 5.8168493927e-06 1.2835075790e+00
W 2.0094358642e-02 1.3219411485e+09 6.1858382398e-06 1.4688998534e+00
W 2.0094358642e-02 1.6681005372e+09 6.5796566287e-06 1.6810705404e+00
W 2.0094358642e-02 2.1049041445e+09 7.0000470061e-06 1.9238875646e+00
W 2.0094358642e-02 2.6560877829e+09 7.4488743020e-06 2.2017775413e+00
W 2.0094358642e-02 3.3516026509e+09 7.9281330135e-06 2.5198064745e+00
W 2.0094358642e-02 4.2292428744e+09 8.4399544958e-06 2.8837721114e+00
W 2.0094358642e-02 5.3366992312e+09 8.9866158777e-06 3.3003096366e+00
W 2.0094358642e-02 6.7341506578e+09 9.5705464200e-06 3.7770126337e+00
W 2.0094358642e-02 8.4975343591e+09 1.0194336323e-05 4.3225715179e+00
W 2.0094358642e-02 1.0722672220e+10 1.0860743742e-05 4.9469319642e+00
W 2.0094358642e-02 1.3530477746e+10 1.1264605505e-05 5.5856061867e+00
W 2.0094358642e-02 1.7073526475e+10 1.2004977424e-05 6.3924017614e+00
W 2.0094358642e-02 2.1544346900e+10 1.2795930029e-05 7.3157324225e+00
W 2.0094358642e-02 2.7185882427e+10 1.3640860568e-05 8.3724307193e+00
W 2.0094358642e-02 3.4304692863e+10 1.4543352295e-05 9.5817605267e+00
W 2.0094358642e-02 4.3287612811e+10 1.5094334240e-05 1.0818814826e+01
W 2.0094358642e-02 5.4622772177e+10 1.6096042598e-05 1.2381505004e+01
W 2.0094358642e-02 6.8926121044e+10 1.7165312235e-05 1.4169913121e+01
W 2.0094358642e-02 8.6974900262e+10 1.8306316869e-05 1.6216642306e+01
W 2.0094358642e-02 1.0974987655e+11 1.9003603276e-05 1.8310293784e+01
W 2.0094358642e-02 1.3848863714e+11 2.0266579940e-05 2.0955067422e+01
W 2.0094358642e-02 1.7475284000e+11 2.1612263227e-05 2.3981857192e+01
W 2.0094358642e-02 2.2051307399e+11 2.2431541620e-05 2.7078037634e+01
W 2.0094358642e-02 2.7825594022e+11 2.3915249887e-05 3.0989240860e+01
W 2.0094358642e-02 3.5111917342e+11 2.5492165848e-05 3.5465385714e+01
W 2.0094358642e-02 4.4306214576e+11 2.6443005368e-05 4.0044148431e+01
W 2.0094358642e-02 5.5908101825e+11 2.8170622719e-05 4.5828201346e+01
W 2.0094358642e-02 7.0548023107e+11 2.9999431950e-05 5.2447713859e+01
W 2.0094358642e-02 8.9021508545e+11 3.1081774439e-05 5.9218982013e+01
W 2.0094358642e-02 1.1233240330e+12 3.3065227548e-05 6.7772684338e+01
W 2.0094358642e-02 1.4174741629e+12 3.4215783783e-05 7.6522484575e+01
W 2.0094358642e-02 1.7886495291e+12 3.6345935262e-05 8.7575537700e+01
W 2.0094358642e-02 2.2570197196e+12 3.8572812539e-05 1.0022511483e+02
W 2.0094358642e-02 2.8480358684e+12 3.9803051557e-05 1.1316468985e+02
W 2.0094358642e-02 3.5938136638e+12 4.2142597685e-05 1.2951041276e+02
W 2.0094358642e-02 4.5348785081e+12 4.3368100476e-05 1.4623086955e+02
W 2.0094358642e-02 5.7223676594e+12 4.5772037380e-05 1.6735273430e+02
W 2.0094358642e-02 7.2208090184e+12 4.8214358850e-05 1.9152548135e+02
W 2.0094358642e-02 9.1116275612e+12 4.9322744645e-05 2.1625240073e+02
W 2.0094358642e-02 1.1497569954e+13 5.1700810923e-05 2.4748830855e+02
W 2.0094358642e-02 1.4508287785e+13 5.2591182610e-05 2.7944031520e+02
W 2.0094358642e-02 1.8307382803e+13 5.4768111160e-05 3.1980320549e+02
W 2.0094358642e-02 2.3101297001e+13 5.5292787439e-05 3.6109143526e+02
W 2.0094358642e-02 2.9150530628e+13 5.7081976162e-05 4.1324816853e+02
W 2.0094358642e-02 3.6783797718e+13 5.7051067959e-05 4.6660062104e+02
W 2.0094358642e-02 4.6415888336e+13 5.8214329274e-05 5.3399730166e+02
W 2.0094358642e-02 5.8570208181e+13 5.8972059488e-05 6.1112888693e+02
W 2.0094358642e-02 7.3907220335e+13 5.7661860834e-05 6.9002875244e+02
W 2.0094358642e-02 9.3260334688e+13 5.7359062043e-05 7.8969781705e+02
W 2.0094358642e-02 1.1768119524e+14 5.4910234708e-05 8.9165184490e+02
W 2.0094358642e-02 1.4849682623e+14 5.3291917457e-05 1.0204437322e+03
W 2.0094358642e-02 1.8738174229e+14 4.9570527245e-05 1.1521882381e+03
W 2.0094358642e-02 2.3644894126e+14 4.6519654482e-05 1.3186124973e+03
W 2.0094358642e-02 2.9836472403e+14 4.1601667913e-05 1.4888521160e+03
W 2.0094358642e-02 3.7649358068e+14 3.7280626124e-05 1.7039047457e+03
W 2.0094358642e-02 4.7508101621e+14 3.1579905834e-05 1.9238875646e+03
W 2.0094358642e-02 5.9948425032e+14 2.6548089344e-05 2.2017775413e+03
W 2.0094358642e-02 7.5646332755e+14 2.0853128049e-05 2.4860382850e+03
W 2.0094358642e-02 9.5454845666e+14 1.6034889209e-05 2.8451263804e+03
W 2.0094358642e-02 1.2045035403e+15 1.1645833737e-05 3.2560818428e+03
W 2.0094358642e-02 1.5199110830e+15 7.6895407547e-06 3.6764586650e+03
W 2.0094358642e-02 1.9179102617e+15 4.8034525424e-06 4.2074933428e+03
W 2.0094358642e-02 2.4201282648e+15 2.6455746840e-06 4.7507022567e+03
W 2.0094358642e-02 3.0538555088e+15 1.3313634023e-06 5.4369027208e+03
W 2.0094358642e-02 3.8535285937e+15 5.6779252434e-07 6.1388346743e+03
W 2.0094358642e-02 4.8626015801e+15 2.1061395751e-07 7.0255396233e+03
W 2.0094358642e-02 6.1359072734e+15 6.1922660820e-08 7.9325727276e+03
W 2.0094358642e-02 7.7426368268e+15 1.4453457712e-08 9.0783686106e+03
W 2.0094358642e-02 9.7700995730e+15 2.3764716259e-09 1.0250432438e+04
W 2.0094358642e-02 1.2328467394e+16 2.6900675196e-10 1.1731024384e+04
W 2.0094358642e-02 1.5556761439e+16 1.8211159194e-11 1.3245559641e+04
W 2.0094358642e-02 1.9630406500e+16 7.0598150791e-13 1.5158773453e+04
W 2.0094358642e-02 2.4770763560e+16 1.3636502065e-14 1.7348335504e+04
W 2.0094358642e-02 3.1257158497e+16 1.1162872330e-16 1.9588094363e+04
W 2.0094358642e-02 3.9442060594e+16 3.4510866515e-19 2.2417435945e+04
W 2.0094358642e-02 4.9770235643e+16 3.0681657618e-22 2.5311641602e+04
W 2.0094358642e-02 6.2802914418e+16 6.2186337181e-26 2.8967703227e+04
W 2.0094358642e-02 7.9248289835e+16 1.8693962427e-30 3.2707581897e+04
W 2.0094358642e-02 1.0000000000e+17 5.3720888229e-36 3.7431927196e+04
W 2.1546739653e-02 1.2618568831e+07 1.9713874578e-06 9.7556859773e-02
W 2.1546739653e-02 1.5922827933e+07 2.0879281344e-06 1.1164815803e-01
W 2.1546739653e-02 2.0092330026e+07 2.2723014164e-06 1.2951041276e-01
W 2.1546739653e-02 2.5353644940e+07 2.4734615743e-06 1.5023039616e-01
W 2.1546739653e-02 3.1992671378e+07 2.6212908894e-06 1.7192996014e-01
W 2.1546739653e-02 4.0370172586e+07 2.8545280162e-06 1.9943652001e-01
W 2.1546739653e-02 5.0941380148e+07 3.0263952179e-06 2.2824351004e-01
W 2.1546739653e-02 6.4280731173e+07 3.2092873885e-06 2.6121143648e-01
W 2.1546739653e-02 8.1113083079e+07 3.4970560245e-06 3.0300187259e-01
W 2.1546739653e-02 1.0235310219e+08 3.7099722392e-06 3.4676803901e-01
W 2.1546739653e-02 1.2915496650e+08 3.9366980489e-06 3.9685587370e-01
W 2.1546739653e-02 1.6297508346e+08 4.2924592368e-06 4.6034765743e-01
W 2.1546739653e-02 2.0565123083e+08 4.5567563925e-06 5.2684114810e-01
W 2.1546739653e-02 2.5950242114e+08 4.8383818437e-06 6.0293908495e-01
W 2.1546739653e-02 3.2745491629e+08 5.1385367861e-06 6.9002875244e-01
W 2.1546739653e-02 4.1320124001e+08 5.4585088253e-06 7.8969781705e-01
W 2.1546739653e-02 5.2140082880e+08 5.7996784669e-06 9.0376327080e-01
W 2.1546739653e-02 6.5793322466e+08 6.1635249897e-06 1.0343045555e+00
W 2.1546739653e-02 8.3021756813e+08 6.5516340645e-06 1.1837014715e+00
W 2.1546739653e-02 1.0476157528e+09 6.9657046083e-06 1.3546775620e+00
W 2.1546739653e-02 1.3219411485e+09 7.4075563464e-06 1.5503497641e+00
W 2.1546739653e-02 1.6681005372e+09 7.8791385236e-06 1.7742852309e+00
W 2.1546739653e-02 2.1049041445e+09 8.3825372019e-06 2.0305663622e+00
W 2.1546739653e-02 2.6560877829e+09 8.9199850311e-06 2.3238652272e+00
W 2.1546739653e-02 3.3516026509e+09 9.4938697187e-06 2.6595287378e+00
W 2.1546739653e-02 4.2292428744e+09 1.0106742744e-05 3.0436761240e+00
W 2.1546739653e-02 5.3366992312e+09 1.0761330016e-05 3.4833104887e+00
W 2.1546739653e-02 6.7341506578e+09 1.1460539467e-05 3.9864464768e+00
W 2.1546739653e-02 8.4975343591e+09 1.2207471571e-05 4.5622563833e+00
W 2.1546739653e-02 1.0722672220e+10 1.2659189168e-05 5.1512670205e+00
W 2.1546739653e-02 1.3530477746e+10 1.3488983690e-05 5.8953258204e+00
W 2.1546739653e-02 1.7073526475e+10 1.4375488409e-05 6.7468578877e+00
W 2.1546739653e-02 2.1544346900e+10 1.5322547361e-05 7.7213868654e+00
W 2.1546739653e-02 2.7185882427e+10 1.5899366193e-05 8.7182574082e+00
W 2.1546739653e-02 3.4304692863e+10 1.6951184452e-05 9.9775390799e+00
W 2.1546739653e-02 4.3287612811e+10 1.8074467429e-05 1.1418713790e+01
W 2.1546739653e-02 5.4622772177e+10 1.9273815696e-05 1.3068054514e+01
W 2.1546739653e-02 6.8926121044e+10 2.0006832588e-05 1.4755207201e+01
W 2.1546739653e-02 8.6974900262e+10 2.1336546367e-05 1.6886477376e+01
W 2.1546739653e-02 1.0974987655e+11 2.2754855023e-05 1.9325592266e+01
W 2.1546739653e-02 1.3848863714e+11 2.3620861092e-05 2.1820625087e+01
W 2.1546739653e-02 1.7475284000e+11 2.5189006713e-05 2.4972437651e+01
W 2.1546739653e-02 2.2051307399e+11 2.6858626961e-05 2.8579504013e+01
W 2.1546739653e-02 2.7825594022e+11 2.7872477279e-05 3.2269264179e+01
W 2.1546739653e-02 3.5111917342e+11 2.9709929467e-05 3.6930298034e+01
W 2.1546739653e-02 4.4306214576e+11 3.1660529006e-05 4.2264580479e+01
W 2.1546739653e-02 5.5908101825e+11 3.2830552913e-05 4.7721154022e+01
W 2.1546739653e-02 7.0548023107e+11 3.4961277635e-05 5.4614088217e+01
W 2.1546739653e-02 8.9021508545e+11 3.6221954914e-05 6.1665046383e+01
W 2.1546739653e-02 1.1233240330e+12 3.8532629240e-05 7.0572062895e+01
W 2.1546739653e-02 1.4174741629e+12 4.0963076315e-05 8.0765625803e+01
W 2.1546739653e-02 1.7886495291e+12 4.2353803622e-05 9.1192881248e+01
W 2.1546739653e-02 2.2570197196e+12 4.4947555258e-05 1.0436495435e+02
W 2.1546739653e-02 2.8480358684e+12 4.6379724947e-05 1.1783900384e+02
W 2.1546739653e-02 3.5938136638e+12 4.9104221830e-05 1.3485989354e+02
W 2.1546739653e-02 4.5348785081e+12 5.1912382665e-05 1.5433931290e+02
W 2.1546739653e-02 5.7223676594e+12 5.3329156771e-05 1.7426530772e+02
W 2.1546739653e-02 7.2208090184e+12 5.6172236501e-05 1.9943652001e+02
W 2.1546739653e-02 9.1116275612e+12 5.7460760300e-05 2.2518479495e+02
W 2.1546739653e-02 1.1497569954e+13 6.0227940773e-05 2.5771091476e+02
W 2.1546739653e-02 1.4508287785e+13 6.1261489298e-05 2.9098271217e+02
W 2.1546739653e-02 1.8307382803e+13 6.3793059057e-05 3.3301280821e+02
W 2.1546739653e-02 2.3101297001e+13 6.4399414568e-05 3.7600646527e+02
W 2.1546739653e-02 2.9150530628e+13 6.6477776885e-05 4.3031755383e+02
W 2.1546739653e-02 3.6783797718e+13 6.6435636181e-05 4.8587375130e+02
W 2.1546739653e-02 4.6415888336e+13 6.7783227840e-05 5.5605427949e+02
W 2.1546739653e-02 5.8570208181e+13 6.8657532688e-05 6.3637181656e+02
W 2.1546739653e-02 7.3907220335e+13 6.7123382738e-05 7.1853067342e+02
W 2.1546739653e-02 9.3260334688e+13 6.6761075507e-05 8.2231660967e+02
W 2.1546739653e-02 1.1768119524e+14 6.3900231584e-05 9.2848189051e+02
W 2.1546739653e-02 1.4849682623e+14 6.2005300634e-05 1.0625935796e+03
W 2.1546739653e-02 1.8738174229e+14 5.7663149866e-05 1.1997798464e+03
W 2.1546739653e-02 2.3644894126e+14 5.4101079602e-05 1.3730783280e+03
W 2.1546739653e-02 2.9836472403e+14 4.8368212754e-05 1.5503497641e+03
W 2.1546739653e-02 3.7649358068e+14 4.3330641990e-05 1.7742852309e+03
W 2.1546739653e-02 4.7508101621e+14 3.6691483501e-05 2.0033545305e+03
W 2.1546739653e-02 5.9948425032e+14 3.0832352447e-05 2.2927228668e+03
W 2.1546739653e-02 7.5646332755e+14 2.4206716167e-05 2.5887251173e+03
W 2.1546739653e-02 9.5454845666e+14 1.8603270700e-05 2.9626454939e+03
W 2.1546739653e-02 1.2045035403e+15 1.3143022442e-05 3.3451381824e+03
W 2.1546739653e-02 1.5199110830e+15 8.9087743048e-06 3.8283162999e+03
W 2.1546739653e-02 1.9179102617e+15 5.4121739534e-06 4.3225715179e+03
W 2.1546739653e-02 2.4201282648e+15 3.0592257439e-06 4.9469319642e+03
W 2.1546739653e-02 3.0538555088e+15 1.4967417892e-06 5.5856061867e+03
W 2.1546739653e-02 3.8535285937e+15 6.5485362816e-07 6.3924017614e+03
W 2.1546739653e-02 4.8626015801e+15 2.3604611071e-07 7.2176935289e+03
W 2.1546739653e-02 6.1359072734e+15 7.1156422829e-08 8.2602309016e+03
W 2.1546739653e-02 7.7426368268e+15 1.6569170823e-08 9.4533543540e+03
W 2.1546739653e-02 9.7700995730e+15 2.7165227759e-09 1.0673830759e+04
W 2.1546739653e-02 1.2328467394e+16 3.0643214782e-10 1.2215579163e+04
W 2.1546739653e-02 1.5556761439e+16 2.0657726225e-11 1.3792672921e+04
W 2.1546739653e-02 1.9630406500e+16 7.9676858268e-13 1.5784912815e+04
W 2.1546739653e-02 2.4770763560e+16 1.4888930780e-14 1.7822825807e+04
W 2.1546739653e-02 3.1257158497e+16 1.2429478534e-16 2.0397188644e+04
W 2.1546739653e-02 3.9442060594e+16 3.7072945886e-19 2.3030570039e+04
W 2.1546739653e-02 4.9770235643e+16 3.3499867666e-22 2.6357149352e+04
W 2.1546739653e-02 6.2802914418e+16 6.7021907928e-26 3.0164226104e+04
W 2.1546739653e-02 7.9248289835e+16 1.9831139161e-30 3.4058581998e+04
W 2.1546739653e-02 1.0000000000e+17 5.5893116475e-36 3.8978068320e+04
W 2.3104095928e-02 1.2618568831e+07 2.4257873453e-06 1.0436495435e-01
W 2.3104095928e-02 1.5922827933e+07 2.6394587682e-06 1.2106199111e-01
W 2.3104095928e-02 2.0092330026e+07 2.7960591487e-06 1.3854841522e-01
W 2.3104095928e-02 2.5353644940e+07 3.0435846958e-06 1.6071436160e-01
W 2.3104095928e-02 3.1992671378e+07 3.2254864966e-06 1.8392824948e-01
W 2.3104095928e-02 4.0370172586e+07 3.4189703322e-06 2.1049519544e-01
W 2.3104095928e-02 5.0941380148e+07 3.7239612342e-06 2.4417169190e-01
W 2.3104095928e-02 6.4280731173e+07 3.9490063166e-06 2.7944031520e-01
W 2.3104095928e-02 8.1113083079e+07 4.1885406941e-06 3.1980320549e-01
W 2.3104095928e-02 1.0235310219e+08 4.5650885717e-06 3.7096756339e-01
W 2.3104095928e-02 1.2915496650e+08 4.8440684181e-06 4.2455082339e-01
W 2.3104095928e-02 1.6297508346e+08 5.1412079739e-06 4.8587375130e-01
W 2.3104095928e-02 2.0565123083e+08 5.4577588812e-06 5.5605427949e-01
W 2.3104095928e-02 2.5950242114e+08 5.7950631442e-06 6.3637181656e-01
W 2.3104095928e-02 3.2745491629e+08 6.1545592543e-06 7.2829057136e-01
W 2.3104095928e-02 4.1320124001e+08 6.5377891646e-06 8.3348624582e-01
W 2.3104095928e-02 5.2140082880e+08 6.9464060570e-06 9.5387658345e-01
W 2.3104095928e-02 6.5793322466e+08 7.3821813705e-06 1.0916563303e+00
W 2.3104095928e-02 8.3021756813e+08 7.8470139197e-06 1.2493372457e+00
W 2.3104095928e-02 1.0476157528e+09 8.3429380947e-06 1.4297938922e+00
W 2.3104095928e-02 1.3219411485e+09 8.8721329096e-06 1.6363160397e+00
W 2.3104095928e-02 1.6681005372e+09 9.4369324242e-06 1.8726686388e+00
W 2.3104095928e-02 2.1049041445e+09 1.0039834471e-05 2.1431604565e+00
W 2.3104095928e-02 2.6560877829e+09 1.0683512342e-05 2.4527226266e+00
W 2.3104095928e-02 3.3516026509e+09 1.1370824918e-05 2.8069985449e+00
W 2.3104095928e-02 4.2292428744e+09 1.2104827080e-05 3.2124467502e+00
W 2.3104095928e-02 5.3366992312e+09 1.2888782455e-05 3.6764586650e+00
W 2.3104095928e-02 6.7341506578e+09 1.3360745816e-05 4.1511082855e+00
W 2.3104095928e-02 8.4975343591e+09 1.4231467394e-05 4.7507022567e+00
W 2.3104095928e-02 1.0722672220e+10 1.5161661006e-05 5.4369027208e+00
W 2.3104095928e-02 1.3530477746e+10 1.6155416334e-05 6.2222192842e+00
W 2.3104095928e-02 1.7073526475e+10 1.7217076293e-05 7.1209684648e+00
W 2.3104095928e-02 2.1544346900e+10 1.7862683842e-05 8.0403219206e+00
W 2.3104095928e-02 2.7185882427e+10 1.9041966808e-05 9.2016813019e+00
W 2.3104095928e-02 3.4304692863e+10 2.0301556482e-05 1.0530789640e+01
W 2.3104095928e-02 4.3287612811e+10 2.1070416160e-05 1.1890368452e+01
W 2.3104095928e-02 5.4622772177e+10 2.2468398946e-05 1.3607835872e+01
W 2.3104095928e-02 6.8926121044e+10 2.3960620711e-05 1.5573377552e+01
W 2.3104095928e-02 8.6974900262e+10 2.4872609865e-05 1.7583980259e+01
W 2.3104095928e-02 1.0974987655e+11 2.6525723812e-05 2.0123843791e+01
W 2.3104095928e-02 1.3848863714e+11 2.8288064362e-05 2.3030570039e+01
W 2.3104095928e-02 1.7475284000e+11 2.9362633112e-05 2.6003934443e+01
W 2.3104095928e-02 2.2051307399e+11 3.1308520330e-05 2.9759992163e+01
W 2.3104095928e-02 2.7825594022e+11 3.3378542758e-05 3.4058581998e+01
W 2.3104095928e-02 3.5111917342e+11 3.4631275036e-05 3.8455719160e+01
W 2.3104095928e-02 4.4306214576e+11 3.6904410930e-05 4.4010336332e+01
W 2.3104095928e-02 5.5908101825e+11 3.8267574970e-05 4.9692295885e+01
W 2.3104095928e-02 7.0548023107e+11 4.0750411249e-05 5.6869945558e+01
W 2.3104095928e-02 8.9021508545e+11 4.3373707203e-05 6.5084348593e+01
W 2.3104095928e-02 1.1233240330e+12 4.4911228053e-05 7.3487070933e+01
W 2.3104095928e-02 1.4174741629e+12 4.7742847090e-05 8.4101683142e+01
W 2.3104095928e-02 1.7886495291e+12 4.9362439546e-05 9.4959640655e+01
W 2.3104095928e-02 2.2570197196e+12 5.2383871220e-05 1.0867579165e+02
W 2.3104095928e-02 2.8480358684e+12 5.4051250813e-05 1.2270639228e+02
W 2.3104095928e-02 3.5938136638e+12 5.7224378003e-05 1.4043033682e+02
W 2.3104095928e-02 4.5348785081e+12 6.0494559726e-05 1.6071436160e+02
W 2.3104095928e-02 5.7223676594e+12 6.2142889578e-05 1.8146340781e+02
W 2.3104095928e-02 7.2208090184e+12 6.5452744655e-05 2.0767432736e+02
W 2.3104095928e-02 9.1116275612e+12 6.6950642598e-05 2.3448614538e+02
W 2.3104095928e-02 1.1497569954e+13 7.0170759188e-05 2.6835576992e+02
W 2.3104095928e-02 1.4508287785e+13 7.1370333392e-05 3.0300187259e+02
W 2.3104095928e-02 1.8307382803e+13 7.4314318416e-05 3.4676803901e+02
W 2.3104095928e-02 2.3101297001e+13 7.5014697144e-05 3.9153756672e+02
W 2.3104095928e-02 2.9150530628e+13 7.7428760081e-05 4.4809199709e+02
W 2.3104095928e-02 3.6783797718e+13 7.7371988146e-05 5.0594296612e+02
W 2.3104095928e-02 4.6415888336e+13 7.8932632125e-05 5.7902232984e+02
W 2.3104095928e-02 5.8570208181e+13 7.7812536988e-05 6.5377707459e+02
W 2.3104095928e-02 7.3907220335e+13 7.8143530779e-05 7.4820987794e+02
W 2.3104095928e-02 9.3260334688e+13 7.5640626222e-05 8.4480760063e+02
W 2.3104095928e-02 1.1768119524e+14 7.4366176284e-05 9.6683321627e+02
W 2.3104095928e-02 1.4849682623e+14 7.0225582213e-05 1.0916563303e+03
W 2.3104095928e-02 1.8738174229e+14 6.7078617179e-05 1.2493372457e+03
W 2.3104095928e-02 2.3644894126e+14 6.2918513872e-05 1.4297938922e+03
W 2.3104095928e-02 2.9836472403e+14 5.6234581709e-05 1.6143875977e+03
W 2.3104095928e-02 3.7649358068e+14 5.0360607326e-05 1.8475728109e+03
W 2.3104095928e-02 4.7508101621e+14 4.2627700184e-05 2.0861039120e+03
W 2.3104095928e-02 5.9948425032e+14 3.5804595490e-05 2.3874247263e+03
W 2.3104095928e-02 7.5646332755e+14 2.8095950792e-05 2.6956534713e+03
W 2.3104095928e-02 9.5454845666e+14 2.1579326157e-05 3.0850187826e+03
W 2.3104095928e-02 1.2045035403e+15 1.5235021333e-05 3.4833104887e+03
W 2.3104095928e-02 1.5199110830e+15 1.0318478611e-05 3.9864464768e+03
W 2.3104095928e-02 1.9179102617e+15 6.2626852100e-06 4.5011171095e+03
W 2.3104095928e-02 2.4201282648e+15 3.5360770720e-06 5.1512670205e+03
W 2.3104095928e-02 3.0538555088e+15 1.7278089895e-06 5.8163219439e+03
W 2.3104095928e-02 3.8535285937e+15 7.5480178016e-07 6.6564425412e+03
W 2.3104095928e-02 4.8626015801e+15 2.7158475437e-07 7.5158233240e+03
W 2.3104095928e-02 6.1359072734e+15 8.1694800281e-08 8.6014231310e+03
W 2.3104095928e-02 7.7426368268e+15 1.8469273745e-08 9.7119108575e+03
W 2.3104095928e-02 9.7700995730e+15 3.1012728081e-09 1.1114717722e+04
W 2.3104095928e-02 1.2328467394e+16 3.3925035891e-10 1.2549684637e+04
W 2.3104095928e-02 1.5556761439e+16 2.3389728263e-11 1.4362384940e+04
W 2.3104095928e-02 1.9630406500e+16 8.7334519959e-13 1.6216642306e+04
W 2.3104095928e-02 2.4770763560e+16 1.6656300106e-14 1.8559004946e+04
W 2.3104095928e-02 3.1257158497e+16 1.3795179915e-16 2.1239702897e+04
W 2.3104095928e-02 3.9442060594e+16 4.0755633646e-19 2.3981857192e+04
W 2.3104095928e-02 4.9770235643e+16 3.6405883123e-22 2.7445842229e+04
W 2.3104095928e-02 6.2802914418e+16 6.9914021255e-26 3.0989240860e+04
W 2.3104095928e-02 7.9248289835e+16 2.0894255050e-30 3.5465385714e+04
W 2.3104095928e-02 1.0000000000e+17 5.6138449725e-36 4.0044148431e+04
W 2.4774014875e-02 1.2618568831e+07 2.9854926301e-06 1.1164815803e-01
W 2.4774014875e-02 1.5922827933e+07 3.2484635375e-06 1.2951041276e-01
W 2.4774014875e-02 2.0092330026e+07 3.4411950110e-06 1.4821714295e-01
W 2.4774014875e-02 2.5353644940e+07 3.6461066306e-06 1.6962590881e-01
W 2.4774014875e-02 3.1992671378e+07 3.9697003131e-06 1.9676385039e-01
W 2.4774014875e-02 4.0370172586e+07 4.2078240329e-06 2.2518479495e-01
W 2.4774014875e-02 5.0941380148e+07 4.4611657106e-06 2.5771091476e-01
W 2.4774014875e-02 6.4280731173e+07 4.8601477222e-06 2.9894131287e-01
W 2.4774014875e-02 8.1113083079e+07 5.1549450025e-06 3.4212096433e-01
W 2.4774014875e-02 1.0235310219e+08 5.4687916396e-06 3.9153756672e-01
W 2.4774014875e-02 1.2915496650e+08 5.8029926892e-06 4.4809199709e-01
W 2.4774014875e-02 1.6297508346e+08 6.1589471086e-06 5.1281525689e-01
W 2.4774014875e-02 2.0565123083e+08 6.5381541043e-06 5.8688726735e-01
W 2.4774014875e-02 2.5950242114e+08 6.9422210992e-06 6.7165837980e-01
W 2.4774014875e-02 3.2745491629e+08 7.5745247529e-06 7.7911499420e-01
W 2.4774014875e-02 4.1320124001e+08 8.0461607462e-06 8.9165184490e-01
W 2.4774014875e-02 5.2140082880e+08 8.5490383814e-06 1.0204437322e+00
W 2.4774014875e-02 6.5793322466e+08 8.8434618850e-06 1.1521882381e+00
W 2.4774014875e-02 8.3021756813e+08 9.4002889563e-06 1.3186124973e+00
W 2.4774014875e-02 1.0476157528e+09 9.9943583306e-06 1.5090753928e+00
W 2.4774014875e-02 1.3219411485e+09 1.0628279696e-05 1.7270491110e+00
W 2.4774014875e-02 1.6681005372e+09 1.1304848371e-05 1.9765073674e+00
W 2.4774014875e-02 2.1049041445e+09 1.2027055743e-05 2.2619978484e+00
W 2.4774014875e-02 2.6560877829e+09 1.2798103245e-05 2.5887251173e+00
W 2.4774014875e-02 3.3516026509e+09 1.3621414470e-05 2.9626454939e+00
W 2.4774014875e-02 4.2292428744e+09 1.4114602400e-05 3.3451381824e+00
W 2.4774014875e-02 5.3366992312e+09 1.5028665191e-05 3.8283162999e+00
W 2.4774014875e-02 6.7341506578e+09 1.6005022833e-05 4.3812855831e+00
W 2.4774014875e-02 8.4975343591e+09 1.7048001384e-05 5.0141268007e+00
W 2.4774014875e-02 1.0722672220e+10 1.8162206840e-05 5.7383768066e+00
W 2.4774014875e-02 1.3530477746e+10 1.8837320381e-05 6.4792306068e+00
W 2.4774014875e-02 1.7073526475e+10 2.0075116945e-05 7.4151029914e+00
W 2.4774014875e-02 2.1544346900e+10 2.1397432372e-05 8.4861545621e+00
W 2.4774014875e-02 2.7185882427e+10 2.2202675923e-05 9.5817605267e+00
W 2.4774014875e-02 3.4304692863e+10 2.3671181928e-05 1.0965768230e+01
W 2.4774014875e-02 4.3287612811e+10 2.5239416990e-05 1.2549684637e+01
W 2.4774014875e-02 5.4622772177e+10 2.6197277745e-05 1.4169913121e+01
W 2.4774014875e-02 6.8926121044e+10 2.7936911733e-05 1.6216642306e+01
W 2.4774014875e-02 8.6974900262e+10 2.9793149535e-05 1.8559004946e+01
W 2.4774014875e-02 1.0974987655e+11 3.0927098968e-05 2.0955067422e+01
W 2.4774014875e-02 1.3848863714e+11 3.2981501776e-05 2.3981857192e+01
W 2.4774014875e-02 1.7475284000e+11 3.5170276729e-05 2.7445842229e+01
W 2.4774014875e-02 2.2051307399e+11 3.6502193942e-05 3.0989240860e+01
W 2.4774014875e-02 2.7825594022e+11 3.8915058623e-05 3.5465385714e+01
W 2.4774014875e-02 3.5111917342e+11 4.0374963579e-05 4.0044148431e+01
W 2.4774014875e-02 4.4306214576e+11 4.3024386321e-05 4.5828201346e+01
W 2.4774014875e-02 5.5908101825e+11 4.5832989174e-05 5.2447713859e+01
W 2.4774014875e-02 7.0548023107e+11 4.7506369382e-05 5.9218982013e+01
W 2.4774014875e-02 8.9021508545e+11 5.0563477925e-05 6.7772684338e+01
W 2.4774014875e-02 1.1233240330e+12 5.2354616881e-05 7.6522484575e+01
W 2.4774014875e-02 1.4174741629e+12 5.5654084715e-05 8.7575537700e+01
W 2.4774014875e-02 1.7886495291e+12 5.7540406963e-05 9.8881987607e+01
W 2.4774014875e-02 2.2570197196e+12 6.1060488721e-05 1.1316468985e+02
W 2.4774014875e-02 2.8480358684e+12 6.4725022259e-05 1.2951041276e+02
W 2.4774014875e-02 3.5938136638e+12 6.6697923602e-05 1.4623086955e+02
W 2.4774014875e-02 4.5348785081e+12 7.0506539919e-05 1.6735273430e+02
W 2.4774014875e-02 5.7223676594e+12 7.2424332934e-05 1.8895882839e+02
W 2.4774014875e-02 7.2208090184e+12 7.6277913851e-05 2.1625240073e+02
W 2.4774014875e-02 9.1116275612e+12 7.8019152678e-05 2.4417169190e+02
W 2.4774014875e-02 1.1497569954e+13 8.1766526975e-05 2.7944031520e+02
W 2.4774014875e-02 1.4508287785e+13 8.3158572900e-05 3.1551748936e+02
W 2.4774014875e-02 1.8307382803e+13 8.6582151990e-05 3.6109143526e+02
W 2.4774014875e-02 2.3101297001e+13 8.7390660880e-05 4.0771018670e+02
W 2.4774014875e-02 2.9150530628e+13 9.0194376923e-05 4.6660062104e+02
W 2.4774014875e-02 3.6783797718e+13 9.0118620767e-05 5.2684114810e+02
W 2.4774014875e-02 4.6415888336e+13 9.1925381567e-05 6.0293908495e+02
W 2.4774014875e-02 5.8570208181e+13 9.0608758877e-05 6.8078160513e+02
W 2.4774014875e-02 7.3907220335e+13 9.0980465333e-05 7.7911499420e+02
W 2.4774014875e-02 9.3260334688e+13 8.8051440417e-05 8.7970272549e+02
W 2.4774014875e-02 1.1768119524e+14 8.6551280588e-05 1.0067686593e+03
W 2.4774014875e-02 1.4849682623e+14 8.1714497197e-05 1.1367476433e+03
W 2.4774014875e-02 1.8738174229e+14 7.8033466534e-05 1.3009416336e+03
W 2.4774014875e-02 2.3644894126e+14 7.1225392064e-05 1.4688998534e+03
W 2.4774014875e-02 2.9836472403e+14 6.5379243309e-05 1.6810705404e+03
W 2.4774014875e-02 3.7649358068e+14 5.6970499962e-05 1.8981053466e+03
W 2.4774014875e-02 4.7508101621e+14 4.9520828765e-05 2.1722712908e+03
W 2.4774014875e-02 5.9948425032e+14 4.0467558058e-05 2.4527226266e+03
W 2.4774014875e-02 7.5646332755e+14 3.2605415323e-05 2.8069985449e+03
W 2.4774014875e-02 9.5454845666e+14 2.4360518010e-05 3.1693964161e+03
W 2.4774014875e-02 1.2045035403e+15 1.7655795003e-05 3.6271900589e+03
W 2.4774014875e-02 1.5199110830e+15 1.1629603881e-05 4.0954788502e+03
W 2.4774014875e-02 1.9179102617e+15 7.2441799315e-06 4.6870376000e+03
W 2.4774014875e-02 2.4201282648e+15 3.9766493427e-06 5.2921581306e+03
W 2.4774014875e-02 3.0538555088e+15 1.9934569146e-06 6.0565675103e+03
W 2.4774014875e-02 3.8535285937e+15 8.4628356848e-07 6.8385013580e+03
W 2.4774014875e-02 4.8626015801e+15 3.1222583264e-07 7.8262674927e+03
W 2.4774014875e-02 6.1359072734e+15 9.1209838161e-08 8.8366786611e+03
W 2.4774014875e-02 7.7426368268e+15 2.1126151466e-08 1.0113065324e+04
W 2.4774014875e-02 9.7700995730e+15 3.5356510159e-09 1.1573815702e+04
W 2.4774014875e-02 1.2328467394e+16 3.8521833805e-10 1.3068054514e+04
W 2.4774014875e-02 1.5556761439e+16 2.6430383798e-11 1.4955629148e+04
W 2.4774014875e-02 1.9630406500e+16 9.8110926252e-13 1.6886477376e+04
W 2.4774014875e-02 2.4770763560e+16 1.8579734750e-14 1.9325592266e+04
W 2.4774014875e-02 3.1257158497e+16 1.4851576380e-16 2.1820625087e+04
W 2.4774014875e-02 3.9442060594e+16 4.4616836652e-19 2.4972437651e+04
W 2.4774014875e-02 4.9770235643e+16 3.8316779733e-22 2.8196507098e+04
W 2.4774014875e-02 6.2802914418e+16 7.4470853849e-26 3.2269264179e+04
W 2.4774014875e-02 7.9248289835e+16 2.1271226271e-30 3.6435391257e+04
W 2.4774014875e-02 1.0000000000e+17 5.7413123318e-36 4.1698188426e+04
W 2.6564632302e-02 1.2618568831e+07 3.6750850079e-06 1.1943962674e-01
W 2.6564632302e-02 1.5922827933e+07 3.8923371924e-06 1.3669171345e-01
W 2.6564632302e-02 2.0092330026e+07 4.2360423738e-06 1.5856061167e-01
W 2.6564632302e-02 2.5353644940e+07 4.4882821870e-06 1.8146340781e-01
W 2.6564632302e-02 3.1992671378e+07 4.7565220214e-06 2.0767432736e-01
W 2.6564632302e-02 4.0370172586e+07 5.1797384899e-06 2.4089952158e-01
W 2.6564632302e-02 5.0941380148e+07 5.4915926400e-06 2.7569550638e-01
W 2.6564632302e-02 6.4280731173e+07 5.8234498724e-06 3.1551748936e-01
W 2.6564632302e-02 8.1113083079e+07 6.1766719653e-06 3.6109143526e-01
W 2.6564632302e-02 1.0235310219e+08 6.5527178902e-06 4.1324816853e-01
W 2.6564632302e-02 1.2915496650e+08 6.9531511660e-06 4.7293851949e-01
W 2.6564632302e-02 1.6297508346e+08 7.5814868288e-06 5.4860253806e-01
W 2.6564632302e-02 2.0565123083e+08 8.0482698751e-06 6.2784373144e-01
W 2.6564632302e-02 2.5950242114e+08 8.5456527036e-06 7.1853067342e-01
W 2.6564632302e-02 3.2745491629e+08 9.0757558740e-06 8.2231660967e-01
W 2.6564632302e-02 4.1320124001e+08 9.6408524018e-06 9.4109358382e-01
W 2.6564632302e-02 5.2140082880e+08 1.0243379195e-05 1.0770269299e+00
W 2.6564632302e-02 6.5793322466e+08 1.0596134965e-05 1.2160766160e+00
W 2.6564632302e-02 8.3021756813e+08 1.1263296008e-05 1.3917290340e+00
W 2.6564632302e-02 1.0476157528e+09 1.1975075434e-05 1.5927530210e+00
W 2.6564632302e-02 1.3219411485e+09 1.2734599299e-05 1.8228132949e+00
W 2.6564632302e-02 1.6681005372e+09 1.3545215940e-05 2.0861039120e+00
W 2.6564632302e-02 2.1049041445e+09 1.4410508463e-05 2.3874247263e+00
W 2.6564632302e-02 2.6560877829e+09 1.5334311466e-05 2.7322688918e+00
W 2.6564632302e-02 3.3516026509e+09 1.5886225061e-05 3.0850187826e+00
W 2.6564632302e-02 4.2292428744e+09 1.6911587151e-05 3.5306247595e+00
W 2.6564632302e-02 5.3366992312e+09 1.8006714088e-05 4.0405949108e+00
W 2.6564632302e-02 6.7341506578e+09 1.9176465437e-05 4.6242261201e+00
W 2.6564632302e-02 8.4975343591e+09 1.9882227703e-05 5.2212373672e+00
W 2.6564632302e-02 1.0722672220e+10 2.1181567040e-05 5.9754028171e+00
W 2.6564632302e-02 1.3530477746e+10 2.2569662705e-05 6.8385013580e+00
W 2.6564632302e-02 1.7073526475e+10 2.4052574374e-05 7.8262674927e+00
W 2.6564632302e-02 2.1544346900e+10 2.4954204459e-05 8.8366786611e+00
W 2.6564632302e-02 2.7185882427e+10 2.6601323810e-05 1.0113065324e+01
W 2.6564632302e-02 3.4304692863e+10 2.8360556330e-05 1.1573815702e+01
W 2.6564632302e-02 4.3287612811e+10 2.9434182778e-05 1.3068054514e+01
W 2.6564632302e-02 5.4622772177e+10 3.1386573346e-05 1.4955629148e+01
W 2.6564632302e-02 6.8926121044e+10 3.2579423844e-05 1.6886477376e+01
W 2.6564632302e-02 8.6974900262e+10 3.4743782343e-05 1.9325592266e+01
W 2.6564632302e-02 1.0974987655e+11 3.7052193010e-05 2.2117017547e+01
W 2.6564632302e-02 1.3848863714e+11 3.8461065285e-05 2.4972437651e+01
W 2.6564632302e-02 1.7475284000e+11 4.1012960715e-05 2.8579504013e+01
W 2.6564632302e-02 2.2051307399e+11 4.3729752799e-05 3.2707581897e+01
W 2.6564632302e-02 2.7825594022e+11 4.5378530338e-05 3.6930298034e+01
W 2.6564632302e-02 3.5111917342e+11 4.8367815969e-05 4.2264580479e+01
W 2.6564632302e-02 4.4306214576e+11 5.0168656325e-05 4.7721154022e+01
W 2.6564632302e-02 5.5908101825e+11 5.3442585125e-05 5.4614088217e+01
W 2.6564632302e-02 7.0548023107e+11 5.5392609316e-05 6.1665046383e+01
W 2.6564632302e-02 8.9021508545e+11 5.8955830642e-05 7.0572062895e+01
W 2.6564632302e-02 1.1233240330e+12 6.1042694507e-05 7.9683277224e+01
W 2.6564632302e-02 1.4174741629e+12 6.4887879505e-05 9.1192881248e+01
W 2.6564632302e-02 1.7886495291e+12 6.8919936772e-05 1.0436495435e+02
W 2.6564632302e-02 2.2570197196e+12 7.1186693077e-05 1.1783900384e+02
W 2.6564632302e-02 2.8480358684e+12 7.5456152026e-05 1.3485989354e+02
W 2.6564632302e-02 3.5938136638e+12 7.7752981178e-05 1.5227099567e+02
W 2.6564632302e-02 4.5348785081e+12 8.2189176443e-05 1.7426530772e+02
W 2.6564632302e-02 5.7223676594e+12 8.4420556418e-05 1.9676385039e+02
W 2.6564632302e-02 7.2208090184e+12 8.8907570490e-05 2.2518479495e+02
W 2.6564632302e-02 9.1116275612e+12 9.0931607921e-05 2.5425730390e+02
W 2.6564632302e-02 1.1497569954e+13 9.5292794344e-05 2.9098271217e+02
W 2.6564632302e-02 1.4508287785e+13 9.6907907309e-05 3.2855006882e+02
W 2.6564632302e-02 1.8307382803e+13 1.0088919079e-04 3.7600646527e+02
W 2.6564632302e-02 2.3101297001e+13 1.0182192190e-04 4.2455082339e+02
W 2.6564632302e-02 2.9150530628e+13 1.0507783608e-04 4.8587375130e+02
W 2.6564632302e-02 3.6783797718e+13 1.0497752963e-04 5.4860253806e+02
W 2.6564632302e-02 4.6415888336e+13 1.0706843332e-04 6.2784373144e+02
W 2.6564632302e-02 5.8570208181e+13 1.0551970891e-04 7.0890156889e+02
W 2.6564632302e-02 7.3907220335e+13 1.0593541665e-04 8.1129665897e+02
W 2.6564632302e-02 9.3260334688e+13 1.0250621594e-04 9.1603920781e+02
W 2.6564632302e-02 1.1768119524e+14 1.0073901628e-04 1.0483536522e+03
W 2.6564632302e-02 1.4849682623e+14 9.5087185390e-05 1.1837014715e+03
W 2.6564632302e-02 1.8738174229e+14 9.0779716273e-05 1.3546775620e+03
W 2.6564632302e-02 2.3644894126e+14 8.2834646108e-05 1.5295733651e+03
W 2.6564632302e-02 2.9836472403e+14 7.6009517314e-05 1.7505078494e+03
W 2.6564632302e-02 3.7649358068e+14 6.6207572640e-05 1.9765073674e+03
W 2.6564632302e-02 4.7508101621e+14 5.7524139829e-05 2.2619978484e+03
W 2.6564632302e-02 5.9948425032e+14 4.6983415459e-05 2.5540333419e+03
W 2.6564632302e-02 7.5646332755e+14 3.7832787761e-05 2.9229427725e+03
W 2.6564632302e-02 9.5454845666e+14 2.8246568589e-05 3.3003096366e+03
W 2.6564632302e-02 1.2045035403e+15 2.0455925398e-05 3.7770126337e+03
W 2.6564632302e-02 1.5199110830e+15 1.3461469205e-05 4.2646442859e+03
W 2.6564632302e-02 1.9179102617e+15 8.3761527002e-06 4.8806376128e+03
W 2.6564632302e-02 2.4201282648e+15 4.5921906352e-06 5.5107528953e+03
W 2.6564632302e-02 3.0538555088e+15 2.2985883492e-06 6.3067365184e+03
W 2.6564632302e-02 3.8535285937e+15 9.7410972570e-07 7.1209684648e+03
W 2.6564632302e-02 4.8626015801e+15 3.5864095344e-07 8.1495346853e+03
W 2.6564632302e-02 6.1359072734e+15 1.0451070916e-07 9.2016813019e+03
W 2.6564632302e-02 7.7426368268e+15 2.4135413557e-08 1.0530789640e+04
W 2.6564632302e-02 9.7700995730e+15 3.9177452055e-09 1.1890368452e+04
W 2.6564632302e-02 1.2328467394e+16 4.3663598525e-10 1.3607835872e+04
W 2.6564632302e-02 1.5556761439e+16 2.9008912534e-11 1.5364677094e+04
W 2.6564632302e-02 1.9630406500e+16 1.0993272522e-12 1.7583980259e+04
W 2.6564632302e-02 2.4770763560e+16 2.0110855352e-14 1.9854162060e+04
W 2.6564632302e-02 3.1257158497e+16 1.6364740502e-16 2.2721934967e+04
W 2.6564632302e-02 3.9442060594e+16 4.7329417104e-19 2.5655453004e+04
W 2.6564632302e-02 4.9770235643e+16 4.1206305150e-22 2.9361175402e+04
W 2.6564632302e-02 6.2802914418e+16 7.8806177413e-26 3.3602159387e+04
W 2.6564632302e-02 7.9248289835e+16 2.2071702818e-30 3.7940370054e+04
W 2.6564632302e-02 1.0000000000e+17 5.8155895672e-36 4.3420549222e+04
W 2.8484672061e-02 1.2618568831e+07 4.5249397015e-06 1.2777483020e-01
W 2.8484672061e-02 1.5922827933e+07 4.7924288410e-06 1.4623086955e-01
W 2.8484672061e-02 2.0092330026e+07 5.2156122719e-06 1.6962590881e-01
W 2.8484672061e-02 2.5353644940e+07 5.5261785983e-06 1.9412699750e-01
W 2.8484672061e-02 3.1992671378e+07 5.8564441557e-06 2.2216707001e-01
W 2.8484672061e-02 4.0370172586e+07 6.2077366002e-06 2.5425730390e-01
W 2.8484672061e-02 5.0941380148e+07 6.5814779733e-06 2.9098271217e-01
W 2.8484672061e-02 6.4280731173e+07 6.9791911966e-06 3.3301280821e-01
W 2.8484672061e-02 8.1113083079e+07 7.6049723984e-06 3.8629053094e-01
W 2.8484672061e-02 1.0235310219e+08 8.0679674496e-06 4.4208706948e-01
W 2.8484672061e-02 1.2915496650e+08 8.5609873905e-06 5.0594296612e-01
W 2.8484672061e-02 1.6297508346e+08 9.0860954692e-06 5.7902232984e-01
W 2.8484672061e-02 2.0565123083e+08 9.6455027340e-06 6.6265741577e-01
W 2.8484672061e-02 2.5950242114e+08 1.0241579771e-05 7.5837291248e-01
W 2.8484672061e-02 3.2745491629e+08 1.0876867508e-05 8.6791373747e-01
W 2.8484672061e-02 4.1320124001e+08 1.1554089505e-05 9.9327684744e-01
W 2.8484672061e-02 5.2140082880e+08 1.1949341972e-05 1.1215139695e+00
W 2.8484672061e-02 6.5793322466e+08 1.2698899893e-05 1.2835075790e+00
W 2.8484672061e-02 8.3021756813e+08 1.3498427253e-05 1.4688998534e+00
W 2.8484672061e-02 1.0476157528e+09 1.4351421014e-05 1.6810705404e+00
W 2.8484672061e-02 1.3219411485e+09 1.5261626497e-05 1.9238875646e+00
W 2.8484672061e-02 1.6681005372e+09 1.6233055242e-05 2.2017775413e+00
W 2.8484672061e-02 2.1049041445e+09 1.6810227310e-05 2.4860382850e+00
W 2.8484672061e-02 2.6560877829e+09 1.7887809125e-05 2.8451263804e+00
W 2.8484672061e-02 3.3516026509e+09 1.9038415794e-05 3.2560818428e+00
W 2.8484672061e-02 4.2292428744e+09 2.0267156186e-05 3.7263964933e+00
W 2.8484672061e-02 5.3366992312e+09 2.1004985200e-05 4.2074933428e+00
W 2.8484672061e-02 6.7341506578e+09 2.2369410619e-05 4.8152316789e+00
W 2.8484672061e-02 8.4975343591e+09 2.3826907745e-05 5.5107528953e+00
W 2.8484672061e-02 1.0722672220e+10 2.5383906869e-05 6.3067365184e+00
W 2.8484672061e-02 1.3530477746e+10 2.6327174452e-05 7.1209684648e+00
W 2.8484672061e-02 1.7073526475e+10 2.8056797690e-05 8.1495346853e+00
W 2.8484672061e-02 2.1544346900e+10 2.9904472536e-05 9.3266689659e+00
W 2.8484672061e-02 2.7185882427e+10 3.1029431064e-05 1.0530789640e+01
W 2.8484672061e-02 3.4304692863e+10 3.3081252619e-05 1.2051876912e+01
W 2.8484672061e-02 4.3287612811e+10 3.5272341270e-05 1.3792672921e+01
W 2.8484672061e-02 5.4622772177e+10 3.6610318583e-05 1.5573377552e+01
W 2.8484672061e-02 6.8926121044e+10 3.9040688545e-05 1.7822825807e+01
W 2.8484672061e-02 8.6974900262e+10 4.0525442359e-05 2.0123843791e+01
W 2.8484672061e-02 1.0974987655e+11 4.3217489685e-05 2.3030570039e+01
W 2.8484672061e-02 1.3848863714e+11 4.6087186149e-05 2.6357149352e+01
W 2.8484672061e-02 1.7475284000e+11 4.7836048035e-05 2.9759992163e+01
W 2.8484672061e-02 2.2051307399e+11 5.1004055246e-05 3.4058581998e+01
W 2.8484672061e-02 2.7825594022e+11 5.2926241140e-05 3.8455719160e+01
W 2.8484672061e-02 3.5111917342e+11 5.6411729014e-05 4.4010336332e+01
W 2.8484672061e-02 4.4306214576e+11 5.8510932287e-05 4.9692295885e+01
W 2.8484672061e-02 5.5908101825e+11 6.2327952072e-05 5.6869945558e+01
W 2.8484672061e-02 7.0548023107e+11 6.4600701200e-05 6.4212146446e+01
W 2.8484672061e-02 8.9021508545e+11 6.8754519338e-05 7.3487070933e+01
W 2.8484672061e-02 1.1233240330e+12 7.3133268692e-05 8.4101683142e+01
W 2.8484672061e-02 1.4174741629e+12 7.5668135768e-05 9.4959640655e+01
W 2.8484672061e-02 1.7886495291e+12 8.0367410487e-05 1.0867579165e+02
W 2.8484672061e-02 2.2570197196e+12 8.3007660838e-05 1.2270639228e+02
W 2.8484672061e-02 2.8480358684e+12 8.7982582693e-05 1.4043033682e+02
W 2.8484672061e-02 3.5938136638e+12 9.0656732796e-05 1.5856061167e+02
W 2.8484672061e-02 4.5348785081e+12 9.5824523830e-05 1.8146340781e+02
W 2.8484672061e-02 5.7223676594e+12 9.8420851384e-05 2.0489126203e+02
W 2.8484672061e-02 7.2208090184e+12 1.0364589282e-04 2.3448614538e+02
W 2.8484672061e-02 9.1116275612e+12 1.0599855838e-04 2.6475950625e+02
W 2.8484672061e-02 1.1497569954e+13 1.1107436417e-04 3.0300187259e+02
W 2.8484672061e-02 1.4508287785e+13 1.1294792130e-04 3.4212096433e+02
W 2.8484672061e-02 1.8307382803e+13 1.1757772379e-04 3.9153756672e+02
W 2.8484672061e-02 2.3101297001e+13 1.1865299526e-04 4.4208706948e+02
W 2.8484672061e-02 2.9150530628e+13 1.2243359017e-04 5.0594296612e+02
W 2.8484672061e-02 3.6783797718e+13 1.2230162621e-04 5.7126279118e+02
W 2.8484672061e-02 4.6415888336e+13 1.2472035666e-04 6.5377707459e+02
W 2.8484672061e-02 5.8570208181e+13 1.2289725599e-04 7.3818303930e+02
W 2.8484672061e-02 7.3907220335e+13 1.2335993462e-04 8.4480760063e+02
W 2.8484672061e-02 9.3260334688e+13 1.1934326764e-04 9.5387658345e+02
W 2.8484672061e-02 1.1768119524e+14 1.1725981184e-04 1.0916563303e+03
W 2.8484672061e-02 1.4849682623e+14 1.1065334866e-04 1.2325947469e+03
W 2.8484672061e-02 1.8738174229e+14 1.0279904272e-04 1.3917290340e+03
W 2.8484672061e-02 2.3644894126e+14 9.6336414728e-05 1.5927530210e+03
W 2.8484672061e-02 2.9836472403e+14 8.6013660217e-05 1.7983855837e+03
W 2.8484672061e-02 3.7649358068e+14 7.6938312135e-05 2.0581478158e+03
W 2.8484672061e-02 4.7508101621e+14 6.5036375833e-05 2.3238652272e+03
W 2.8484672061e-02 5.9948425032e+14 5.4541624295e-05 2.6595287378e+03
W 2.8484672061e-02 7.5646332755e+14 4.2722307766e-05 3.0028875026e+03
W 2.8484672061e-02 9.5454845666e+14 3.2745298607e-05 3.4366302814e+03
W 2.8484672061e-02 1.2045035403e+15 2.3062708318e-05 3.8803168307e+03
W 2.8484672061e-02 1.5199110830e+15 1.5576425353e-05 4.4407971694e+03
W 2.8484672061e-02 1.9179102617e+15 9.4230963818e-06 5.0141268007e+03
W 2.8484672061e-02 2.4201282648e+15 5.3002160353e-06 5.7383768066e+03
W 2.8484672061e-02 3.0538555088e+15 2.5782160659e-06 6.4792306068e+03
W 2.8484672061e-02 3.8535285937e+15 1.1203798219e-06 7.4151029914e+03
W 2.8484672061e-02 4.8626015801e+15 4.0061771588e-07 8.3724307193e+03
W 2.8484672061e-02 6.1359072734e+15 1.1961829731e-07 9.5817605267e+03
W 2.8484672061e-02 7.7426368268e+15 2.6803522290e-08 1.0818814826e+04
W 2.8484672061e-02 9.7700995730e+15 4.4527395130e-09 1.2381505004e+04
W 2.8484672061e-02 1.2328467394e+16 4.8081573259e-10 1.3980020637e+04
W 2.8484672061e-02 1.5556761439e+16 3.2634266327e-11 1.5999321391e+04
W 2.8484672061e-02 1.9630406500e+16 1.1956624999e-12 1.8064915626e+04
W 2.8484672061e-02 2.4770763560e+16 2.2288662622e-14 2.0674246377e+04
W 2.8484672061e-02 3.1257158497e+16 1.7959403284e-16 2.3660473821e+04
W 2.8484672061e-02 3.9442060594e+16 5.1329875410e-19 2.6715162026e+04
W 2.8484672061e-02 4.9770235643e+16 4.4054856168e-22 3.0573950809e+04
W 2.8484672061e-02 6.2802914418e+16 8.0602170890e-26 3.4521204259e+04
W 2.8484672061e-02 7.9248289835e+16 2.2707627831e-30 3.9507512620e+04
W 2.8484672061e-02 1.0000000000e+17 5.6750148210e-36 4.4608134598e+04
W 3.0543488545e-02 1.2618568831e+07 5.5726080689e-06 1.3669171345e-01
W 3.0543488545e-02 1.5922827933e+07 5.9020267148e-06 1.5643572437e-01
W 3.0543488545e-02 2.0092330026e+07 6.2521849250e-06 1.7903159775e-01
W 3.0543488545e-02 2.5353644940e+07 6.6244705508e-06 2.0489126203e-01
W 3.0543488545e-02 3.1992671378e+07 7.0203695608e-06 2.3448614538e-01
W 3.0543488545e-02 4.0370172586e+07 7.6450033191e-06 2.7200088213e-01
W 3.0543488545e-02 5.0941380148e+07 8.1052697709e-06 3.1128920656e-01
W 3.0543488545e-02 6.4280731173e+07 8.5950567106e-06 3.5625241125e-01
W 3.0543488545e-02 8.1113083079e+07 9.1163735382e-06 4.0771018670e-01
W 3.0543488545e-02 1.0235310219e+08 9.6713730254e-06 4.6660062104e-01
W 3.0543488545e-02 1.2915496650e+08 1.0262362157e-05 5.3399730166e-01
W 3.0543488545e-02 1.6297508346e+08 1.0891813826e-05 6.1112888693e-01
W 3.0543488545e-02 2.0565123083e+08 1.1562378035e-05 6.9940150499e-01
W 3.0543488545e-02 2.5950242114e+08 1.2276895958e-05 8.0042438779e-01
W 3.0543488545e-02 3.2745491629e+08 1.3038412876e-05 9.1603920781e-01
W 3.0543488545e-02 4.1320124001e+08 1.3481464493e-05 1.0343045555e+00
W 3.0543488545e-02 5.2140082880e+08 1.4323963970e-05 1.1837014715e+00
W 3.0543488545e-02 6.5793322466e+08 1.5222444196e-05 1.3546775620e+00
W 3.0543488545e-02 8.3021756813e+08 1.6180816891e-05 1.5503497641e+00
W 3.0543488545e-02 1.0476157528e+09 1.7203272731e-05 1.7742852309e+00
W 3.0543488545e-02 1.3219411485e+09 1.8294299911e-05 2.0305663622e+00
W 3.0543488545e-02 1.6681005372e+09 1.8940663815e-05 2.2927228668e+00
W 3.0543488545e-02 2.1049041445e+09 2.0150501703e-05 2.6238881157e+00
W 3.0543488545e-02 2.6560877829e+09 2.1442129407e-05 3.0028875026e+00
W 3.0543488545e-02 3.3516026509e+09 2.2821276186e-05 3.4366302814e+00
W 3.0543488545e-02 4.2292428744e+09 2.3647291673e-05 3.8803168307e+00
W 3.0543488545e-02 5.3366992312e+09 2.5178381100e-05 4.4407971694e+00
W 3.0543488545e-02 6.7341506578e+09 2.6813770408e-05 5.0822343536e+00
W 3.0543488545e-02 8.4975343591e+09 2.7800335046e-05 5.7383768066e+00
W 3.0543488545e-02 1.0722672220e+10 2.9616816879e-05 6.5672388601e+00
W 3.0543488545e-02 1.3530477746e+10 3.1557332345e-05 7.5158233240e+00
W 3.0543488545e-02 1.7073526475e+10 3.2735014251e-05 8.4861545621e+00
W 3.0543488545e-02 2.1544346900e+10 3.4890524367e-05 9.7119108575e+00
W 3.0543488545e-02 2.7185882427e+10 3.7192945449e-05 1.1114717722e+01
W 3.0543488545e-02 3.4304692863e+10 3.8596359129e-05 1.2549684637e+01
W 3.0543488545e-02 4.3287612811e+10 4.1152361391e-05 1.4362384940e+01
W 3.0543488545e-02 5.4622772177e+10 4.2712966152e-05 1.6216642306e+01
W 3.0543488545e-02 6.8926121044e+10 4.5547975968e-05 1.8559004946e+01
W 3.0543488545e-02 8.6974900262e+10 4.8572798619e-05 2.1239702897e+01
W 3.0543488545e-02 1.0974987655e+11 5.0419753673e-05 2.3981857192e+01
W 3.0543488545e-02 1.3848863714e+11 5.3766959322e-05 2.7445842229e+01
W 3.0543488545e-02 1.7475284000e+11 5.5806420124e-05 3.0989240860e+01
W 3.0543488545e-02 2.2051307399e+11 5.9501320385e-05 3.5465385714e+01
W 3.0543488545e-02 2.7825594022e+11 6.1742662622e-05 4.0044148431e+01
W 3.0543488545e-02 3.5111917342e+11 6.5807507703e-05 4.5828201346e+01
W 3.0543488545e-02 4.4306214576e+11 6.8254931253e-05 5.1744856573e+01
W 3.0543488545e-02 5.5908101825e+11 7.2705963635e-05 5.9218982013e+01
W 3.0543488545e-02 7.0548023107e+11 7.7416300887e-05 6.7772684338e+01
W 3.0543488545e-02 8.9021508545e+11 8.0198443784e-05 7.6522484575e+01
W 3.0543488545e-02 1.1233240330e+12 8.5303495416e-05 8.7575537700e+01
W 3.0543488545e-02 1.4174741629e+12 8.8257334240e-05 9.8881987607e+01
W 3.0543488545e-02 1.7886495291e+12 9.3735115576e-05 1.1316468985e+02
W 3.0543488545e-02 2.2570197196e+12 9.6810750528e-05 1.2777483020e+02
W 3.0543488545e-02 2.8480358684e+12 1.0260854077e-04 1.4623086955e+02
W 3.0543488545e-02 3.5938136638e+12 1.0572225017e-04 1.6511002285e+02
W 3.0543488545e-02 4.5348785081e+12 1.1174303292e-04 1.8895882839e+02
W 3.0543488545e-02 5.7223676594e+12 1.1476409315e-04 2.1335437975e+02
W 3.0543488545e-02 7.2208090184e+12 1.2084913178e-04 2.4417169190e+02
W 3.0543488545e-02 9.1116275612e+12 1.2358364653e-04 2.7569550638e+02
W 3.0543488545e-02 1.1497569954e+13 1.2949148600e-04 3.1551748936e+02
W 3.0543488545e-02 1.4508287785e+13 1.3166436955e-04 3.5625241125e+02
W 3.0543488545e-02 1.8307382803e+13 1.3339968386e-04 4.0224641994e+02
W 3.0543488545e-02 2.3101297001e+13 1.3828688175e-04 4.6034765743e+02
W 3.0543488545e-02 2.9150530628e+13 1.3887771372e-04 5.1978089490e+02
W 3.0543488545e-02 3.6783797718e+13 1.4250344040e-04 5.9485903535e+02
W 3.0543488545e-02 4.6415888336e+13 1.4143184893e-04 6.7165837980e+02
W 3.0543488545e-02 5.8570208181e+13 1.4315234352e-04 7.6867399286e+02
W 3.0543488545e-02 7.3907220335e+13 1.3983964883e-04 8.6791373747e+02
W 3.0543488545e-02 9.3260334688e+13 1.3895725935e-04 9.9327684744e+02
W 3.0543488545e-02 1.1768119524e+14 1.3286490939e-04 1.1215139695e+03
W 3.0543488545e-02 1.4849682623e+14 1.2877374238e-04 1.2835075790e+03
W 3.0543488545e-02 1.8738174229e+14 1.1959663997e-04 1.4492149732e+03
W 3.0543488545e-02 2.3644894126e+14 1.1203901817e-04 1.6585423386e+03
W 3.0543488545e-02 2.9836472403e+14 9.9994003843e-05 1.8726686388e+03
W 3.0543488545e-02 3.7649358068e+14 8.9403024953e-05 2.1431604565e+03
W 3.0543488545e-02 4.7508101621e+14 7.5533582370e-05 2.4198534347e+03
W 3.0543488545e-02 5.9948425032e+14 6.3307071672e-05 2.7693816645e+03
W 3.0543488545e-02 7.5646332755e+14 4.9554099997e-05 3.1269230040e+03
W 3.0543488545e-02 9.5454845666e+14 3.7951402664e-05 3.5785817064e+03
W 3.0543488545e-02 1.2045035403e+15 2.6704707567e-05 4.0405949108e+03
W 3.0543488545e-02 1.5199110830e+15 1.8016818704e-05 4.6242261201e+03
W 3.0543488545e-02 1.9179102617e+15 1.0885748812e-05 5.2212373672e+03
W 3.0543488545e-02 2.4201282648e+15 6.1139167172e-06 5.9754028171e+03
W 3.0543488545e-02 3.0538555088e+15 2.9689039900e-06 6.7468578877e+03
W 3.0543488545e-02 3.8535285937e+15 1.2875412630e-06 7.7213868654e+03
W 3.0543488545e-02 4.8626015801e+15 4.5928786145e-07 8.7182574082e+03
W 3.0543488545e-02 6.1359072734e+15 1.3674572489e-07 9.9775390799e+03
W 3.0543488545e-02 7.7426368268e+15 3.0536792560e-08 1.1265690415e+04
W 3.0543488545e-02 9.7700995730e+15 5.0520672322e-09 1.2892928152e+04
W 3.0543488545e-02 1.2328467394e+16 5.4282044844e-10 1.4557471130e+04
W 3.0543488545e-02 1.5556761439e+16 3.6621245188e-11 1.6660179931e+04
W 3.0543488545e-02 1.9630406500e+16 1.3320024347e-12 1.8811094384e+04
W 3.0543488545e-02 2.4770763560e+16 2.4613157349e-14 2.1528204613e+04
W 3.0543488545e-02 3.1257158497e+16 1.9101402939e-16 2.4307605956e+04
W 3.0543488545e-02 3.9442060594e+16 5.5377400013e-19 2.7818642764e+04
W 3.0543488545e-02 4.9770235643e+16 4.5557771181e-22 3.1410171850e+04
W 3.0543488545e-02 6.2802914418e+16 8.4051321232e-26 3.5947116777e+04
W 3.0543488545e-02 7.9248289835e+16 2.2531669581e-30 4.0588073439e+04
W 3.0543488545e-02 1.0000000000e+17 5.6262571964e-36 4.6450691916e+04
W 3.2751112265e-02 1.2618568831e+07 6.6817835361e-06 1.4427121441e-01
W 3.2751112265e-02 1.5922827933e+07 7.0767662625e-06 1.6511002285e-01
W 3.2751112265e-02 2.0092330026e+07 7.4966156564e-06 1.8895882839e-01
W 3.2751112265e-02 2.5353644940e+07 8.1602426775e-06 2.1918978593e-01
W 3.2751112265e-02 3.1992671378e+07 8.6479180035e-06 2.5084997524e-01
W 3.2751112265e-02 4.0370172586e+07 9.1666398912e-06 2.8708322248e-01
W 3.2751112265e-02 5.0941380148e+07 9.7185077068e-06 3.2855006882e-01
W 3.2751112265e-02 6.4280731173e+07 1.0305769703e-05 3.7600646527e-01
W 3.2751112265e-02 8.1113083079e+07 1.0930834885e-05 4.3031755383e-01
W 3.2751112265e-02 1.0235310219e+08 1.1596284110e-05 4.9247343925e-01
W 3.2751112265e-02 1.2915496650e+08 1.2304883083e-05 5.6360723890e-01
W 3.2751112265e-02 1.6297508346e+08 1.3059596366e-05 6.4501573980e-01
W 3.2751112265e-02 2.0565123083e+08 1.3863600798e-05 7.3818303930e-01
W 3.2751112265e-02 2.5950242114e+08 1.4720302344e-05 8.4480760063e-01
W 3.2751112265e-02 3.2745491629e+08 1.5217150826e-05 9.5387658345e-01
W 3.2751112265e-02 4.1320124001e+08 1.6164548565e-05 1.0916563303e+00
W 3.2751112265e-02 5.2140082880e+08 1.7174685638e-05 1.2493372457e+00
W 3.2751112265e-02 6.5793322466e+08 1.8251936802e-05 1.4297938922e+00
W 3.2751112265e-02 8.3021756813e+08 1.9400990929e-05 1.6363160397e+00
W 3.2751112265e-02 1.0476157528e+09 2.0077729812e-05 1.8475728109e+00
W 3.2751112265e-02 1.3219411485e+09 2.1350991047e-05 2.1144397396e+00
W 3.2751112265e-02 1.6681005372e+09 2.2709877721e-05 2.4198534347e+00
W 3.2751112265e-02 2.1049041445e+09 2.4160390809e-05 2.7693816645e+00
W 3.2751112265e-02 2.6560877829e+09 2.5024512247e-05 3.1269230040e+00
W 3.2751112265e-02 3.3516026509e+09 2.6633967719e-05 3.5785817064e+00
W 3.2751112265e-02 4.2292428744e+09 2.8352684757e-05 4.0954788502e+00
W 3.2751112265e-02 5.3366992312e+09 2.9384598864e-05 4.6242261201e+00
W 3.2751112265e-02 6.7341506578e+09 3.1293029809e-05 5.2921581306e+00
W 3.2751112265e-02 8.4975343591e+09 3.3331594383e-05 6.0565675103e+00
W 3.2751112265e-02 1.0722672220e+10 3.4563926342e-05 6.8385013580e+00
W 3.2751112265e-02 1.3530477746e+10 3.6828339869e-05 7.8262674927e+00
W 3.2751112265e-02 1.7073526475e+10 3.9247326479e-05 8.9567084455e+00
W 3.2751112265e-02 2.1544346900e+10 4.0717675052e-05 1.0113065324e+01
W 3.2751112265e-02 2.7185882427e+10 4.3404269955e-05 1.1573815702e+01
W 3.2751112265e-02 3.4304692863e+10 4.5041653960e-05 1.3068054514e+01
W 3.2751112265e-02 4.3287612811e+10 4.8024022585e-05 1.4955629148e+01
W 3.2751112265e-02 5.4622772177e+10 5.1207984607e-05 1.7115848650e+01
W 3.2751112265e-02 6.8926121044e+10 5.3152454778e-05 1.9325592266e+01
W 3.2751112265e-02 8.6974900262e+10 5.6681585587e-05 2.2117017547e+01
W 3.2751112265e-02 1.0974987655e+11 5.8836081636e-05 2.4972437651e+01
W 3.2751112265e-02 1.3848863714e+11 6.2741103566e-05 2.8579504013e+01
W 3.2751112265e-02 1.7475284000e+11 6.5119932754e-05 3.2269264179e+01
W 3.2751112265e-02 2.2051307399e+11 6.9430274084e-05 3.6930298034e+01
W 3.2751112265e-02 2.7825594022e+11 7.2044273153e-05 4.1698188426e+01
W 3.2751112265e-02 3.5111917342e+11 7.6785754718e-05 4.7721154022e+01
W 3.2751112265e-02 4.4306214576e+11 8.1817894571e-05 5.4614088217e+01
W 3.2751112265e-02 5.5908101825e+11 8.4831074843e-05 6.1665046383e+01
W 3.2751112265e-02 7.0548023107e+11 9.0324547785e-05 7.0572062895e+01
W 3.2751112265e-02 8.9021508545e+11 9.3567858802e-05 7.9683277224e+01
W 3.2751112265e-02 1.1233240330e+12 9.9520777319e-05 9.1192881248e+01
W 3.2751112265e-02 1.4174741629e+12 1.0296333586e-04 1.0296634871e+02
W 3.2751112265e-02 1.7886495291e+12 1.0934968262e-04 1.1783900384e+02
W 3.2751112265e-02 2.2570197196e+12 1.1293292709e-04 1.3305262203e+02
W 3.2751112265e-02 2.8480358684e+12 1.1969072548e-04 1.5227099567e+02
W 3.2751112265e-02 3.5938136638e+12 1.2331655164e-04 1.7192996014e+02
W 3.2751112265e-02 4.5348785081e+12 1.3033203569e-04 1.9676385039e+02
W 3.2751112265e-02 5.7223676594e+12 1.3384742018e-04 2.2216707001e+02
W 3.2751112265e-02 7.2208090184e+12 1.3718265859e-04 2.5084997524e+02
W 3.2751112265e-02 9.1116275612e+12 1.4411286590e-04 2.8708322248e+02
W 3.2751112265e-02 1.1497569954e+13 1.4696976806e-04 3.2414713507e+02
W 3.2751112265e-02 1.4508287785e+13 1.5350892690e-04 3.7096756339e+02
W 3.2751112265e-02 1.8307382803e+13 1.5551616023e-04 4.1886137350e+02
W 3.2751112265e-02 2.3101297001e+13 1.6119516154e-04 4.7936250646e+02
W 3.2751112265e-02 2.9150530628e+13 1.6186320627e-04 5.4125065821e+02
W 3.2751112265e-02 3.6783797718e+13 1.6606533478e-04 6.1942993208e+02
W 3.2751112265e-02 4.6415888336e+13 1.6479024708e-04 6.9940150499e+02
W 3.2751112265e-02 5.8570208181e+13 1.6676501663e-04 8.0042438779e+02
W 3.2751112265e-02 7.3907220335e+13 1.6287309817e-04 9.0376327080e+02
W 3.2751112265e-02 9.3260334688e+13 1.6180865385e-04 1.0343045555e+03
W 3.2751112265e-02 1.1768119524e+14 1.5467479481e-04 1.1678385646e+03
W 3.2751112265e-02 1.4849682623e+14 1.4986860253e-04 1.3365233867e+03
W 3.2751112265e-02 1.8738174229e+14 1.3914239368e-04 1.5090753928e+03
W 3.2751112265e-02 2.3644894126e+14 1.3030087118e-04 1.7270491110e+03
W 3.2751112265e-02 2.9836472403e+14 1.1624297850e-04 1.9500199859e+03
W 3.2751112265e-02 3.7649358068e+14 1.0111473277e-04 2.2017775413e+03
W 3.2751112265e-02 4.7508101621e+14 8.7715885880e-05 2.5198064745e+03
W 3.2751112265e-02 5.9948425032e+14 7.1514238081e-05 2.8451263804e+03
W 3.2751112265e-02 7.5646332755e+14 5.7466777084e-05 3.2560818428e+03
W 3.2751112265e-02 9.5454845666e+14 4.2803006796e-05 3.6764586650e+03
W 3.2751112265e-02 1.2045035403e+15 3.0911598360e-05 4.2074933428e+03
W 3.2751112265e-02 1.5199110830e+15 2.0276389467e-05 4.7507022567e+03
W 3.2751112265e-02 1.9179102617e+15 1.2569062329e-05 5.4369027208e+03
W 3.2751112265e-02 2.4201282648e+15 6.8605438759e-06 6.1388346743e+03
W 3.2751112265e-02 3.0538555088e+15 3.4162406623e-06 7.0255396233e+03
W 3.2751112265e-02 3.8535285937e+15 1.4389558000e-06 7.9325727276e+03
W 3.2751112265e-02 4.8626015801e+15 5.2598168038e-07 9.0783686106e+03
W 3.2751112265e-02 6.1359072734e+15 1.5196682062e-07 1.0250432438e+04
W 3.2751112265e-02 7.7426368268e+15 3.4736086561e-08 1.1731024384e+04
W 3.2751112265e-02 9.7700995730e+15 5.5690800013e-09 1.3245559641e+04
W 3.2751112265e-02 1.2328467394e+16 6.1145166539e-10 1.5158773453e+04
W 3.2751112265e-02 1.5556761439e+16 3.9893763220e-11 1.7115848650e+04
W 3.2751112265e-02 1.9630406500e+16 1.4790908238e-12 1.9588094363e+04
W 3.2751112265e-02 2.4770763560e+16 2.6353506158e-14 2.2117017547e+04
W 3.2751112265e-02 3.1257158497e+16 2.0773919060e-16 2.5311641602e+04
W 3.2751112265e-02 3.9442060594e+16 5.7825733434e-19 2.8579504013e+04
W 3.2751112265e-02 4.9770235643e+16 4.8072051430e-22 3.2707581897e+04
W 3.2751112265e-02 6.2802914418e+16 8.4617011179e-26 3.6930298034e+04
W 3.2751112265e-02 7.9248289835e+16 2.2741867481e-30 4.2264580479e+04
W 3.2751112265e-02 1.0000000000e+17 5.3645872150e-36 4.7721154022e+04
W 3.5118298717e-02 1.2618568831e+07 8.2330177725e-06 1.5433931290e-01
W 3.5118298717e-02 1.5922827933e+07 8.7196943586e-06 1.7663237663e-01
W 3.5118298717e-02 2.0092330026e+07 9.2370094119e-06 2.0214549285e-01
W 3.5118298717e-02 2.5353644940e+07 9.7870129390e-06 2.3134377207e-01
W 3.5118298717e-02 3.1992671378e+07 1.0371899840e-05 2.6475950625e-01
W 3.5118298717e-02 4.0370172586e+07 1.0994020632e-05 3.0300187259e-01
W 3.5118298717e-02 5.0941380148e+07 1.1655892867e-05 3.4676803901e-01
W 3.5118298717e-02 6.4280731173e+07 1.2360212611e-05 3.9685587370e-01
W 3.5118298717e-02 8.1113083079e+07 1.3109868666e-05 4.5417849044e-01
W 3.5118298717e-02 1.0235310219e+08 1.3907955881e-05 5.1978089490e-01
W 3.5118298717e-02 1.2915496650e+08 1.4757790715e-05 5.9485903535e-01
W 3.5118298717e-02 1.6297508346e+08 1.5662928040e-05 6.8078160513e-01
W 3.5118298717e-02 2.0565123083e+08 1.6184518207e-05 7.6867399286e-01
W 3.5118298717e-02 2.5950242114e+08 1.7184609985e-05 8.7970272549e-01
W 3.5118298717e-02 3.2745491629e+08 1.8250475952e-05 1.0067686593e+00
W 3.5118298717e-02 4.1320124001e+08 1.9386682862e-05 1.1521882381e+00
W 3.5118298717e-02 5.2140082880e+08 2.0598126385e-05 1.3186124973e+00
W 3.5118298717e-02 6.5793322466e+08 2.1890051802e-05 1.5090753928e+00
W 3.5118298717e-02 8.3021756813e+08 2.2648623623e-05 1.7039047457e+00
W 3.5118298717e-02 1.0476157528e+09 2.4079639343e-05 1.9500199859e+00
W 3.5118298717e-02 1.3219411485e+09 2.5606606316e-05 2.2316845792e+00
W 3.5118298717e-02 1.6681005372e+09 2.6511147806e-05 2.5198064745e+00
W 3.5118298717e-02 2.1049041445e+09 2.8204348067e-05 2.8837721114e+00
W 3.5118298717e-02 2.6560877829e+09 3.0011985234e-05 3.3003096366e+00
W 3.5118298717e-02 3.3516026509e+09 3.1942070937e-05 3.7770126337e+00
W 3.5118298717e-02 4.2292428744e+09 3.3097910905e-05 4.2646442859e+00
W 3.5118298717e-02 5.3366992312e+09 3.5240550532e-05 4.8806376128e+00
W 3.5118298717e-02 6.7341506578e+09 3.6529974962e-05 5.5107528953e+00
W 3.5118298717e-02 8.4975343591e+09 3.8909463707e-05 6.3067365184e+00
W 3.5118298717e-02 1.0722672220e+10 4.1451300487e-05 7.2176935289e+00
W 3.5118298717e-02 1.3530477746e+10 4.2990790803e-05 8.1495346853e+00
W 3.5118298717e-02 1.7073526475e+10 4.5814196146e-05 9.3266689659e+00
W 3.5118298717e-02 2.1544346900e+10 4.8830159647e-05 1.0673830759e+01
W 3.5118298717e-02 2.7185882427e+10 5.0665812491e-05 1.2051876912e+01
W 3.5118298717e-02 3.4304692863e+10 5.4014635198e-05 1.3792672921e+01
W 3.5118298717e-02 4.3287612811e+10 5.6057324275e-05 1.5573377552e+01
W 3.5118298717e-02 5.4622772177e+10 5.9773212008e-05 1.7822825807e+01
W 3.5118298717e-02 6.8926121044e+10 6.2042158931e-05 2.0123843791e+01
W 3.5118298717e-02 8.6974900262e+10 6.6160652054e-05 2.3030570039e+01
W 3.5118298717e-02 1.0974987655e+11 6.8674458446e-05 2.6003934443e+01
W 3.5118298717e-02 1.3848863714e+11 7.3231314131e-05 2.9759992163e+01
W 3.5118298717e-02 1.7475284000e+11 7.8085419300e-05 3.4058581998e+01
W 3.5118298717e-02 2.2051307399e+11 8.1036012209e-05 3.8455719160e+01
W 3.5118298717e-02 2.7825594022e+11 8.6385054150e-05 4.4010336332e+01
W 3.5118298717e-02 3.5111917342e+11 8.9617223103e-05 4.9692295885e+01
W 3.5118298717e-02 4.4306214576e+11 9.5487976893e-05 5.6869945558e+01
W 3.5118298717e-02 5.5908101825e+11 9.9002002561e-05 6.4212146446e+01
W 3.5118298717e-02 7.0548023107e+11 1.0541013645e-04 7.3487070933e+01
W 3.5118298717e-02 8.9021508545e+11 1.0919171437e-04 8.2974627711e+01
W 3.5118298717e-02 1.1233240330e+12 1.1613466964e-04 9.4959640655e+01
W 3.5118298717e-02 1.4174741629e+12 1.2014742166e-04 1.0721941603e+02
W 3.5118298717e-02 1.7886495291e+12 1.2759437555e-04 1.2270639228e+02
W 3.5118298717e-02 2.2570197196e+12 1.3176953125e-04 1.3854841522e+02
W 3.5118298717e-02 2.8480358684e+12 1.3592978887e-04 1.5643572437e+02
W 3.5118298717e-02 3.5938136638e+12 1.4387011338e-04 1.7903159775e+02
W 3.5118298717e-02 4.5348785081e+12 1.4799790204e-04 2.0214549285e+02
W 3.5118298717e-02 5.7223676594e+12 1.5613647295e-04 2.3134377207e+02
W 3.5118298717e-02 7.2208090184e+12 1.6001540559e-04 2.6121143648e+02
W 3.5118298717e-02 9.1116275612e+12 1.6808547468e-04 2.9894131287e+02
W 3.5118298717e-02 1.1497569954e+13 1.7140224175e-04 3.3753616559e+02
W 3.5118298717e-02 1.4508287785e+13 1.7901066956e-04 3.8629053094e+02
W 3.5118298717e-02 1.8307382803e+13 1.8133130427e-04 4.3616261454e+02
W 3.5118298717e-02 2.3101297001e+13 1.8792986470e-04 4.9916277164e+02
W 3.5118298717e-02 2.9150530628e+13 1.8868280032e-04 5.6360723890e+02
W 3.5118298717e-02 3.6783797718e+13 1.9355149782e-04 6.4501573980e+02
W 3.5118298717e-02 4.6415888336e+13 1.9203238191e-04 7.2829057136e+02
W 3.5118298717e-02 5.8570208181e+13 1.8912349856e-04 8.2231660967e+02
W 3.5118298717e-02 7.3907220335e+13 1.8972064397e-04 9.4109358382e+02
W 3.5118298717e-02 9.3260334688e+13 1.8341812953e-04 1.0625935796e+03
W 3.5118298717e-02 1.1768119524e+14 1.8007737979e-04 1.2160766160e+03
W 3.5118298717e-02 1.4849682623e+14 1.6978374323e-04 1.3730783280e+03
W 3.5118298717e-02 1.8738174229e+14 1.6188627685e-04 1.5714083716e+03
W 3.5118298717e-02 2.3644894126e+14 1.4750420590e-04 1.7742852309e+03
W 3.5118298717e-02 2.9836472403e+14 1.3512737099e-04 2.0305663622e+03
W 3.5118298717e-02 3.7649358068e+14 1.1747981524e-04 2.2927228668e+03
W 3.5118298717e-02 4.7508101621e+14 1.0185115107e-04 2.6238881157e+03
W 3.5118298717e-02 5.9948425032e+14 8.2981256674e-05 2.9626454939e+03
W 3.5118298717e-02 7.5646332755e+14 6.6628226891e-05 3.3905756404e+03
W 3.5118298717e-02 9.5454845666e+14 4.9581032258e-05 3.8283162999e+03
W 3.5118298717e-02 1.2045035403e+15 3.5768326489e-05 4.3812855831e+03
W 3.5118298717e-02 1.5199110830e+15 2.3432979141e-05 4.9469319642e+03
W 3.5118298717e-02 1.9179102617e+15 1.4118548362e-05 5.5856061867e+03
W 3.5118298717e-02 2.4201282648e+15 7.9036162601e-06 6.3924017614e+03
W 3.5118298717e-02 3.0538555088e+15 3.8232329254e-06 7.2176935289e+03
W 3.5118298717e-02 3.8535285937e+15 1.6505541402e-06 8.2602309016e+03
W 3.5118298717e-02 4.8626015801e+15 5.8563945870e-07 9.3266689659e+03
W 3.5118298717e-02 6.1359072734e+15 1.7325862650e-07 1.0673830759e+04
W 3.5118298717e-02 7.7426368268e+15 3.8396486624e-08 1.2051876912e+04
W 3.5118298717e-02 9.7700995730e+15 6.2942389767e-09 1.3792672921e+04
W 3.5118298717e-02 1.2328467394e+16 6.6880640072e-10 1.5573377552e+04
W 3.5118298717e-02 1.5556761439e+16 4.4517867541e-11 1.7822825807e+04
W 3.5118298717e-02 1.9630406500e+16 1.5931183207e-12 2.0123843791e+04
W 3.5118298717e-02 2.4770763560e+16 2.8866957402e-14 2.3030570039e+04
W 3.5118298717e-02 3.1257158497e+16 2.1880295503e-16 2.6003934443e+04
W 3.5118298717e-02 3.9442060594e+16 6.1656692783e-19 2.9759992163e+04
W 3.5118298717e-02 4.9770235643e+16 4.9013344941e-22 3.3602159387e+04
W 3.5118298717e-02 6.2802914418e+16 8.6744823361e-26 3.8455719160e+04
W 3.5118298717e-02 7.9248289835e+16 2.2105200855e-30 4.3420549222e+04
W 3.5118298717e-02 1.0000000000e+17 5.1873498972e-36 4.9692295885e+04
W 3.7656580785e-02 1.2618568831e+07 9.8770763966e-06 1.6289736620e-01
W 3.7656580785e-02 1.5922827933e+07 1.0460931605e-05 1.8642657141e-01
W 3.7656580785e-02 2.0092330026e+07 1.1081541931e-05 2.1335437975e-01
W 3.7656580785e-02 2.5353644940e+07 1.1741366472e-05 2.4417169190e-01
W 3.7656580785e-02 3.1992671378e+07 1.2443038103e-05 2.7944031520e-01
W 3.7656580785e-02 4.0370172586e+07 1.3189376346e-05 3.1980320549e-01
W 3.7656580785e-02 5.0941380148e+07 1.3983401050e-05 3.6599618837e-01
W 3.7656580785e-02 6.4280731173e+07 1.4828346158e-05 4.1886137350e-01
W 3.7656580785e-02 8.1113083079e+07 1.5727676760e-05 4.7936250646e-01
W 3.7656580785e-02 1.0235310219e+08 1.6685105045e-05 5.4860253806e-01
W 3.7656580785e-02 1.2915496650e+08 1.7704608966e-05 6.2784373144e-01
W 3.7656580785e-02 1.6297508346e+08 1.8290201315e-05 7.0890156889e-01
W 3.7656580785e-02 2.0565123083e+08 1.9416157454e-05 8.1129665897e-01
W 3.7656580785e-02 2.5950242114e+08 2.0615902299e-05 9.2848189051e-01
W 3.7656580785e-02 3.2745491629e+08 2.1894546079e-05 1.0625935796e+00
W 3.7656580785e-02 4.1320124001e+08 2.3257565931e-05 1.2160766160e+00
W 3.7656580785e-02 5.2140082880e+08 2.4052966246e-05 1.3730783280e+00
W 3.7656580785e-02 6.5793322466e+08 2.5561511984e-05 1.5714083716e+00
W 3.7656580785e-02 8.3021756813e+08 2.7170588315e-05 1.7983855837e+00
W 3.7656580785e-02 1.0476157528e+09 2.8887225166e-05 2.0581478158e+00
W 3.7656580785e-02 1.3219411485e+09 2.9901131983e-05 2.3238652272e+00
W 3.7656580785e-02 1.6681005372e+09 3.1803965208e-05 2.6595287378e+00
W 3.7656580785e-02 2.1049041445e+09 3.3835068070e-05 3.0436761240e+00
W 3.7656580785e-02 2.6560877829e+09 3.5044919743e-05 3.4366302814e+00
W 3.7656580785e-02 3.3516026509e+09 3.7298500064e-05 3.9330236916e+00
W 3.7656580785e-02 4.2292428744e+09 3.9705019578e-05 4.5011171095e+00
W 3.7656580785e-02 5.3366992312e+09 4.1149671257e-05 5.0822343536e+00
W 3.7656580785e-02 6.7341506578e+09 4.3821699683e-05 5.8163219439e+00
W 3.7656580785e-02 8.4975343591e+09 4.5433221804e-05 6.5672388601e+00
W 3.7656580785e-02 1.0722672220e+10 4.8400897827e-05 7.5158233240e+00
W 3.7656580785e-02 1.3530477746e+10 5.1571072066e-05 8.6014231310e+00
W 3.7656580785e-02 1.7073526475e+10 5.3494421527e-05 9.7119108575e+00
W 3.7656580785e-02 2.1544346900e+10 5.7015472147e-05 1.1114717722e+01
W 3.7656580785e-02 2.7185882427e+10 5.9158265279e-05 1.2549684637e+01
W 3.7656580785e-02 3.4304692863e+10 6.3067753064e-05 1.4362384940e+01
W 3.7656580785e-02 4.3287612811e+10 6.5452070733e-05 1.6216642306e+01
W 3.7656580785e-02 5.4622772177e+10 6.9789859859e-05 1.8559004946e+01
W 3.7656580785e-02 6.8926121044e+10 7.4419310558e-05 2.1239702897e+01
W 3.7656580785e-02 8.6974900262e+10 7.7245561960e-05 2.3981857192e+01
W 3.7656580785e-02 1.0974987655e+11 8.2372261566e-05 2.7445842229e+01
W 3.7656580785e-02 1.3848863714e+11 8.5498102635e-05 3.0989240860e+01
W 3.7656580785e-02 1.7475284000e+11 9.1163630085e-05 3.5465385714e+01
W 3.7656580785e-02 2.2051307399e+11 9.4606513676e-05 4.0044148431e+01
W 3.7656580785e-02 2.7825594022e+11 1.0084912467e-04 4.5828201346e+01
W 3.7656580785e-02 3.5111917342e+11 1.0461999811e-04 5.1744856573e+01
W 3.7656580785e-02 4.4306214576e+11 1.1147069045e-04 5.9218982013e+01
W 3.7656580785e-02 5.5908101825e+11 1.1556963205e-04 6.6864455523e+01
W 3.7656580785e-02 7.0548023107e+11 1.2304635474e-04 7.6522484575e+01
W 3.7656580785e-02 8.9021508545e+11 1.2745634001e-04 8.6401928782e+01
W 3.7656580785e-02 1.1233240330e+12 1.3194681291e-04 9.7556859773e+01
W 3.7656580785e-02 1.4174741629e+12 1.4023380128e-04 1.1164815803e+02
W 3.7656580785e-02 1.7886495291e+12 1.4495454281e-04 1.2606250637e+02
W 3.7656580785e-02 2.2570197196e+12 1.5378464574e-04 1.4427121441e+02
W 3.7656580785e-02 2.8480358684e+12 1.5863151119e-04 1.6289736620e+02
W 3.7656580785e-02 3.5938136638e+12 1.6788810602e-04 1.8642657141e+02
W 3.7656580785e-02 4.5348785081e+12 1.7269383781e-04 2.1049519544e+02
W 3.7656580785e-02 5.7223676594e+12 1.8217748168e-04 2.4089952158e+02
W 3.7656580785e-02 7.2208090184e+12 1.8668866005e-04 2.7200088213e+02
W 3.7656580785e-02 9.1116275612e+12 1.9608686844e-04 3.1128920656e+02
W 3.7656580785e-02 1.1497569954e+13 1.9993688922e-04 3.5147823552e+02
W 3.7656580785e-02 1.4508287785e+13 2.0878960262e-04 4.0224641994e+02
W 3.7656580785e-02 1.8307382803e+13 2.1147112544e-04 4.5417849044e+02
W 3.7656580785e-02 2.3101297001e+13 2.1330342572e-04 5.1281525689e+02
W 3.7656580785e-02 2.9150530628e+13 2.1998291390e-04 5.8688726735e+02
W 3.7656580785e-02 3.6783797718e+13 2.1961538135e-04 6.6265741577e+02
W 3.7656580785e-02 4.6415888336e+13 2.2380985167e-04 7.5837291248e+02
W 3.7656580785e-02 5.8570208181e+13 2.2037392917e-04 8.5628273491e+02
W 3.7656580785e-02 7.3907220335e+13 2.2101824660e-04 9.7996584076e+02
W 3.7656580785e-02 9.3260334688e+13 2.1361994951e-04 1.1064844438e+03
W 3.7656580785e-02 1.1768119524e+14 2.0966696070e-04 1.2663071600e+03
W 3.7656580785e-02 1.4849682623e+14 1.9761562062e-04 1.4297938922e+03
W 3.7656580785e-02 1.8738174229e+14 1.8333745081e-04 1.6143875977e+03
W 3.7656580785e-02 2.3644894126e+14 1.7154432265e-04 1.8475728109e+03
W 3.7656580785e-02 2.9836472403e+14 1.5289109963e-04 2.0861039120e+03
W 3.7656580785e-02 3.7649358068e+14 1.3648215094e-04 2.3874247263e+03
W 3.7656580785e-02 4.7508101621e+14 1.1510094810e-04 2.6956534713e+03
W 3.7656580785e-02 5.9948425032e+14 9.6269518461e-05 3.0850187826e+03
W 3.7656580785e-02 7.5646332755e+14 7.5175448564e-05 3.4833104887e+03
W 3.7656580785e-02 9.5454845666e+14 5.7414511653e-05 3.9864464768e+03
W 3.7656580785e-02 1.2045035403e+15 4.0270472890e-05 4.5011171095e+03
W 3.7656580785e-02 1.5199110830e+15 2.7067814988e-05 5.1512670205e+03
W 3.7656580785e-02 1.9179102617e+15 1.6283097549e-05 5.8163219439e+03
W 3.7656580785e-02 2.4201282648e+15 9.0986783928e-06 6.6564425412e+03
W 3.7656580785e-02 3.0538555088e+15 4.3918897012e-06 7.5158233240e+03
W 3.7656580785e-02 3.8535285937e+15 1.8912747425e-06 8.6014231310e+03
W 3.7656580785e-02 4.8626015801e+15 6.6905254162e-07 9.7119108575e+03
W 3.7656580785e-02 6.1359072734e+15 1.9198409573e-07 1.0965768230e+04
W 3.7656580785e-02 7.7426368268e+15 4.3524518848e-08 1.2549684637e+04
W 3.7656580785e-02 9.7700995730e+15 6.9094072724e-09 1.4169913121e+04
W 3.7656580785e-02 1.2328467394e+16 7.4959145928e-10 1.6216642306e+04
W 3.7656580785e-02 1.5556761439e+16 4.8203994389e-11 1.8310293784e+04
W 3.7656580785e-02 1.9630406500e+16 1.7562296664e-12 2.0955067422e+04
W 3.7656580785e-02 2.4770763560e+16 3.0638858096e-14 2.3660473821e+04
W 3.7656580785e-02 3.1257158497e+16 2.3546842302e-16 2.7078037634e+04
W 3.7656580785e-02 3.9442060594e+16 6.3571537770e-19 3.0573950809e+04
W 3.7656580785e-02 4.9770235643e+16 5.0934602470e-22 3.4990110379e+04
W 3.7656580785e-02 6.2802914418e+16 8.8080504719e-26 4.0044148431e+04
W 3.7656580785e-02 7.9248289835e+16 2.1820737481e-30 4.5214052838e+04
W 3.7656580785e-02 1.0000000000e+17 4.9463521407e-36 5.1744856573e+04
W 4.0378324924e-02 1.2618568831e+07 1.1852968260e-05 1.7192996014e-01
W 4.0378324924e-02 1.5922827933e+07 1.2553614551e-05 1.9676385039e-01
W 4.0378324924e-02 2.0092330026e+07 1.3298366723e-05 2.2518479495e-01
W 4.0378324924e-02 2.5353644940e+07 1.4090175445e-05 2.5771091476e-01
W 4.0378324924e-02 3.1992671378e+07 1.4932199880e-05 2.9493516915e-01
W 4.0378324924e-02 4.0370172586e+07 1.5827823104e-05 3.3753616559e-01
W 4.0378324924e-02 5.0941380148e+07 1.6780668519e-05 3.8629053094e-01
W 4.0378324924e-02 6.4280731173e+07 1.7794616365e-05 4.4208706948e-01
W 4.0378324924e-02 8.1113083079e+07 1.8873824165e-05 5.0594296612e-01
W 4.0378324924e-02 1.0235310219e+08 1.9489687923e-05 5.7126279118e-01
W 4.0378324924e-02 1.2915496650e+08 2.0680525908e-05 6.5377707459e-01
W 4.0378324924e-02 1.6297508346e+08 2.1948846960e-05 7.4820987794e-01
W 4.0378324924e-02 2.0565123083e+08 2.3299986841e-05 8.5628273491e-01
W 4.0378324924e-02 2.5950242114e+08 2.4739665847e-05 9.7996584076e-01
W 4.0378324924e-02 3.2745491629e+08 2.5574531672e-05 1.1064844438e+00
W 4.0378324924e-02 4.1320124001e+08 2.7166577628e-05 1.2663071600e+00
W 4.0378324924e-02 5.2140082880e+08 2.8864025242e-05 1.4492149732e+00
W 4.0378324924e-02 6.5793322466e+08 3.0674219995e-05 1.6585423386e+00
W 4.0378324924e-02 8.3021756813e+08 3.1737002765e-05 1.8726686388e+00
W 4.0378324924e-02 1.0476157528e+09 3.3742030083e-05 2.1431604565e+00
W 4.0378324924e-02 1.3219411485e+09 3.5881463839e-05 2.4527226266e+00
W 4.0378324924e-02 1.6681005372e+09 3.7148672604e-05 2.7693816645e+00
W 4.0378324924e-02 2.1049041445e+09 3.9520934006e-05 3.1693964161e+00
W 4.0378324924e-02 2.6560877829e+09 4.2053478554e-05 3.6271900589e+00
W 4.0378324924e-02 3.3516026509e+09 4.3565957802e-05 4.0954788502e+00
W 4.0378324924e-02 4.2292428744e+09 4.6376602258e-05 4.6870376000e+00
W 4.0378324924e-02 5.3366992312e+09 4.9378290648e-05 5.3640422201e+00
W 4.0378324924e-02 6.7341506578e+09 5.1184369552e-05 6.0565675103e+00
W 4.0378324924e-02 8.4975343591e+09 5.4517684973e-05 6.9313896337e+00
W 4.0378324924e-02 1.0722672220e+10 5.6532120035e-05 7.8262674927e+00
W 4.0378324924e-02 1.3530477746e+10 6.0234385028e-05 8.9567084455e+00
W 4.0378324924e-02 1.7073526475e+10 6.2480283698e-05 1.0113065324e+01
W 4.0378324924e-02 2.1544346900e+10 6.6592157175e-05 1.1573815702e+01
W 4.0378324924e-02 2.7185882427e+10 6.9094154688e-05 1.3068054514e+01
W 4.0378324924e-02 3.4304692863e+10 7.3659434882e-05 1.4955629148e+01
W 4.0378324924e-02 4.3287612811e+10 7.8534034095e-05 1.7115848650e+01
W 4.0378324924e-02 5.4622772177e+10 8.1508404469e-05 1.9325592266e+01
W 4.0378324924e-02 6.8926121044e+10 8.6913957753e-05 2.2117017547e+01
W 4.0378324924e-02 8.6974900262e+10 9.0213330125e-05 2.4972437651e+01
W 4.0378324924e-02 1.0974987655e+11 9.6199072921e-05 2.8579504013e+01
W 4.0378324924e-02 1.3848863714e+11 9.9847791949e-05 3.2269264179e+01
W 4.0378324924e-02 1.7475284000e+11 1.0646209362e-04 3.6930298034e+01
W 4.0378324924e-02 2.2051307399e+11 1.1048036023e-04 4.1698188426e+01
W 4.0378324924e-02 2.7825594022e+11 1.1776764760e-04 4.7721154022e+01
W 4.0378324924e-02 3.5111917342e+11 1.2216800757e-04 5.3882199122e+01
W 4.0378324924e-02 4.4306214576e+11 1.3016415157e-04 6.1665046383e+01
W 4.0378324924e-02 5.5908101825e+11 1.3494638327e-04 6.9626319316e+01
W 4.0378324924e-02 7.0548023107e+11 1.3984699120e-04 7.8615433311e+01
W 4.0378324924e-02 8.9021508545e+11 1.4881572887e-04 8.9970795930e+01
W 4.0378324924e-02 1.1233240330e+12 1.5405261889e-04 1.0158648593e+02
W 4.0378324924e-02 1.4174741629e+12 1.6372086816e-04 1.1625983105e+02
W 4.0378324924e-02 1.7886495291e+12 1.6922421151e-04 1.3126956996e+02
W 4.0378324924e-02 2.2570197196e+12 1.7952335941e-04 1.5023039616e+02
W 4.0378324924e-02 2.8480358684e+12 1.8517081264e-04 1.6962590881e+02
W 4.0378324924e-02 3.5938136638e+12 1.9596368012e-04 1.9412699750e+02
W 4.0378324924e-02 4.5348785081e+12 2.0155904911e-04 2.1918978593e+02
W 4.0378324924e-02 5.7223676594e+12 2.1261154680e-04 2.5084997524e+02
W 4.0378324924e-02 7.2208090184e+12 2.1785789507e-04 2.8323599026e+02
W 4.0378324924e-02 9.1116275612e+12 2.2271241813e-04 3.1980320549e+02
W 4.0378324924e-02 1.1497569954e+13 2.3327195281e-04 3.6599618837e+02
W 4.0378324924e-02 1.4508287785e+13 2.3708806700e-04 4.1324816853e+02
W 4.0378324924e-02 1.8307382803e+13 2.4666928119e-04 4.7293851949e+02
W 4.0378324924e-02 2.3101297001e+13 2.4877110705e-04 5.3399730166e+02
W 4.0378324924e-02 2.9150530628e+13 2.5652047894e-04 6.1112888693e+02
W 4.0378324924e-02 3.6783797718e+13 2.5604643263e-04 6.9002875244e+02
W 4.0378324924e-02 4.6415888336e+13 2.6088483927e-04 7.8969781705e+02
W 4.0378324924e-02 5.8570208181e+13 2.5682246517e-04 8.9165184490e+02
W 4.0378324924e-02 7.3907220335e+13 2.5065322992e-04 1.0067686593e+03
W 4.0378324924e-02 9.3260334688e+13 2.4881873864e-04 1.1521882381e+03
W 4.0378324924e-02 1.1768119524e+14 2.3763698785e-04 1.3009416336e+03
W 4.0378324924e-02 1.4849682623e+14 2.3002091449e-04 1.4888521160e+03
W 4.0378324924e-02 1.8738174229e+14 2.1331403465e-04 1.6810705404e+03
W 4.0378324924e-02 2.3644894126e+14 1.9949975193e-04 1.9238875646e+03
W 4.0378324924e-02 2.9836472403e+14 1.7771235504e-04 2.1722712908e+03
W 4.0378324924e-02 3.7649358068e+14 1.5854321046e-04 2.4860382850e+03
W 4.0378324924e-02 4.7508101621e+14 1.3361292451e-04 2.8069985449e+03
W 4.0378324924e-02 5.9948425032e+14 1.0869064958e-04 3.1693964161e+03
W 4.0378324924e-02 7.5646332755e+14 8.7115940740e-05 3.6271900589e+03
W 4.0378324924e-02 9.5454845666e+14 6.4693618226e-05 4.0954788502e+03
W 4.0378324924e-02 1.2045035403e+15 4.6559476982e-05 4.6870376000e+03
W 4.0378324924e-02 1.5199110830e+15 3.0417991275e-05 5.2921581306e+03
W 4.0378324924e-02 1.9179102617e+15 1.8767346440e-05 6.0565675103e+03
W 4.0378324924e-02 2.4201282648e+15 1.0187569658e-05 6.8385013580e+03
W 4.0378324924e-02 3.0538555088e+15 5.0403410199e-06 7.8262674927e+03
W 4.0378324924e-02 3.8535285937e+15 2.1070040645e-06 8.8366786611e+03
W 4.0378324924e-02 4.8626015801e+15 7.6330214141e-07 1.0113065324e+04
W 4.0378324924e-02 6.1359072734e+15 2.1819450212e-07 1.1418713790e+04
W 4.0378324924e-02 7.7426368268e+15 4.9240870805e-08 1.3068054514e+04
W 4.0378324924e-02 9.7700995730e+15 7.7738721801e-09 1.4755207201e+04
W 4.0378324924e-02 1.2328467394e+16 8.3776998864e-10 1.6886477376e+04
W 4.0378324924e-02 1.5556761439e+16 5.3441572368e-11 1.9066607988e+04
W 4.0378324924e-02 1.9630406500e+16 1.9281675497e-12 2.1820625087e+04
W 4.0378324924e-02 2.4770763560e+16 3.3245517321e-14 2.4637779409e+04
W 4.0378324924e-02 3.1257158497e+16 2.5191204934e-16 2.8196507098e+04
W 4.0378324924e-02 3.9442060594e+16 6.6861897471e-19 3.1836820402e+04
W 4.0378324924e-02 4.9770235643e+16 5.2480274649e-22 3.6435391257e+04
W 4.0378324924e-02 6.2802914418e+16 8.6162478029e-26 4.1139386652e+04
W 4.0378324924e-02 7.9248289835e+16 2.1273292673e-30 4.7081637858e+04
W 4.0378324924e-02 1.0000000000e+17 4.5222542621e-36 5.3160118149e+04
W 4.3296791417e-02 1.2618568831e+07 1.4228643948e-05 1.8146340781e-01
W 4.3296791417e-02 1.5922827933e+07 1.5069709329e-05 2.0767432736e-01
W 4.3296791417e-02 2.0092330026e+07 1.5963718038e-05 2.3767120195e-01
W 4.3296791417e-02 2.5353644940e+07 1.6914211676e-05 2.7200088213e-01
W 4.3296791417e-02 3.1992671378e+07 1.7924982050e-05 3.1128920656e-01
W 4.3296791417e-02 4.0370172586e+07 1.9000089674e-05 3.5625241125e-01
W 4.3296791417e-02 5.0941380148e+07 2.0143883458e-05 4.0771018670e-01
W 4.3296791417e-02 6.4280731173e+07 2.1361020513e-05 4.6660062104e-01
W 4.3296791417e-02 8.1113083079e+07 2.2053315556e-05 5.2684114810e-01
W 4.3296791417e-02 1.0235310219e+08 2.3395747792e-05 6.0293908495e-01
W 4.3296791417e-02 1.2915496650e+08 2.4825206437e-05 6.9002875244e-01
W 4.3296791417e-02 1.6297508346e+08 2.6347667532e-05 7.8969781705e-01
W 4.3296791417e-02 2.0565123083e+08 2.7969534594e-05 9.0376327080e-01
W 4.3296791417e-02 2.5950242114e+08 2.8907042656e-05 1.0204437322e+00
W 4.3296791417e-02 3.2745491629e+08 3.0699776045e-05 1.1678385646e+00
W 4.3296791417e-02 4.1320124001e+08 3.2610787766e-05 1.3365233867e+00
W 4.3296791417e-02 5.2140082880e+08 3.3725876674e-05 1.5090753928e+00
W 4.3296791417e-02 6.5793322466e+08 3.5840867752e-05 1.7270491110e+00
W 4.3296791417e-02 8.3021756813e+08 3.8096771144e-05 1.9765073674e+00
W 4.3296791417e-02 1.0476157528e+09 3.9425128338e-05 2.2316845792e+00
W 4.3296791417e-02 1.3219411485e+09 4.1924734912e-05 2.5540333419e+00
W 4.3296791417e-02 1.6681005372e+09 4.4592348485e-05 2.9229427725e+00
W 4.3296791417e-02 2.1049041445e+09 4.6176760626e-05 3.3003096366e+00
W 4.3296791417e-02 2.6560877829e+09 4.9135569113e-05 3.7770126337e+00
W 4.3296791417e-02 3.3516026509e+09 5.2294703410e-05 4.3225715179e+00
W 4.3296791417e-02 4.2292428744e+09 5.4186118648e-05 4.8806376128e+00
W 4.3296791417e-02 5.3366992312e+09 5.7692902301e-05 5.5856061867e+00
W 4.3296791417e-02 6.7341506578e+09 5.9802685429e-05 6.3067365184e+00
W 4.3296791417e-02 8.4975343591e+09 6.3696780383e-05 7.2176935289e+00
W 4.3296791417e-02 1.0722672220e+10 6.6049849043e-05 8.1495346853e+00
W 4.3296791417e-02 1.3530477746e+10 7.0374809363e-05 9.3266689659e+00
W 4.3296791417e-02 1.7073526475e+10 7.4994665946e-05 1.0673830759e+01
W 4.3296791417e-02 2.1544346900e+10 7.7801372424e-05 1.2051876912e+01
W 4.3296791417e-02 2.7185882427e+10 8.2931478172e-05 1.3792672921e+01
W 4.3296791417e-02 3.4304692863e+10 8.6056267223e-05 1.5573377552e+01
W 4.3296791417e-02 4.3287612811e+10 9.1750061772e-05 1.7822825807e+01
W 4.3296791417e-02 5.4622772177e+10 9.5223625489e-05 2.0123843791e+01
W 4.3296791417e-02 6.8926121044e+10 1.0153720187e-04 2.3030570039e+01
W 4.3296791417e-02 8.6974900262e+10 1.0538994005e-04 2.6003934443e+01
W 4.3296791417e-02 1.0974987655e+11 1.1238063716e-04 2.9759992163e+01
W 4.3296791417e-02 1.3848863714e+11 1.1664081710e-04 3.3602159387e+01
W 4.3296791417e-02 1.7475284000e+11 1.2436490302e-04 3.8455719160e+01
W 4.3296791417e-02 2.2051307399e+11 1.2905589555e-04 4.3420549222e+01
W 4.3296791417e-02 2.7825594022e+11 1.3756495545e-04 4.9692295885e+01
W 4.3296791417e-02 3.5111917342e+11 1.4270111616e-04 5.6107825483e+01
W 4.3296791417e-02 4.4306214576e+11 1.4798902657e-04 6.3351632771e+01
W 4.3296791417e-02 5.5908101825e+11 1.5761731690e-04 7.2502263027e+01
W 4.3296791417e-02 7.0548023107e+11 1.6333539703e-04 8.1862676067e+01
W 4.3296791417e-02 8.9021508545e+11 1.7380372731e-04 9.3687076602e+01
W 4.3296791417e-02 1.1233240330e+12 1.7991228044e-04 1.0578255744e+02
W 4.3296791417e-02 1.4174741629e+12 1.9119453396e-04 1.2106199111e+02
W 4.3296791417e-02 1.7886495291e+12 1.9761126104e-04 1.3669171345e+02
W 4.3296791417e-02 2.2570197196e+12 2.0962628876e-04 1.5643572437e+02
W 4.3296791417e-02 2.8480358684e+12 2.1620736760e-04 1.7663237663e+02
W 4.3296791417e-02 3.5938136638e+12 2.2270259921e-04 1.9943652001e+02
W 4.3296791417e-02 4.5348785081e+12 2.3530884231e-04 2.2824351004e+02
W 4.3296791417e-02 5.7223676594e+12 2.4158401452e-04 2.5771091476e+02
W 4.3296791417e-02 7.2208090184e+12 2.5429264791e-04 2.9493516915e+02
W 4.3296791417e-02 9.1116275612e+12 2.5993283115e-04 3.3301280821e+02
W 4.3296791417e-02 1.1497569954e+13 2.7222669540e-04 3.8111381122e+02
W 4.3296791417e-02 1.4508287785e+13 2.7664578039e-04 4.3031755383e+02
W 4.3296791417e-02 1.8307382803e+13 2.8778595613e-04 4.9247343925e+02
W 4.3296791417e-02 2.3101297001e+13 2.9019362303e-04 5.5605427949e+02
W 4.3296791417e-02 2.9150530628e+13 2.9121714411e-04 6.2784373144e+02
W 4.3296791417e-02 3.6783797718e+13 2.9857220826e-04 7.1853067342e+02
W 4.3296791417e-02 4.6415888336e+13 2.9605188311e-04 8.1129665897e+02
W 4.3296791417e-02 5.8570208181e+13 2.9934121497e-04 9.2848189051e+02
W 4.3296791417e-02 7.3907220335e+13 2.9207181196e-04 1.0483536522e+03
W 4.3296791417e-02 9.3260334688e+13 2.8984607682e-04 1.1997798464e+03
W 4.3296791417e-02 1.1768119524e+14 2.7672560190e-04 1.3546775620e+03
W 4.3296791417e-02 1.4849682623e+14 2.6062447692e-04 1.5295733651e+03
W 4.3296791417e-02 1.8738174229e+14 2.4819595161e-04 1.7505078494e+03
W 4.3296791417e-02 2.3644894126e+14 2.2582979204e-04 1.9765073674e+03
W 4.3296791417e-02 2.9836472403e+14 2.0655089770e-04 2.2619978484e+03
W 4.3296791417e-02 3.7649358068e+14 1.7924813763e-04 2.5540333419e+03
W 4.3296791417e-02 4.7508101621e+14 1.5507756778e-04 2.9229427725e+03
W 4.3296791417e-02 5.9948425032e+14 1.2604301895e-04 3.3003096366e+03
W 4.3296791417e-02 7.5646332755e+14 1.0092370916e-04 3.7770126337e+03
W 4.3296791417e-02 9.5454845666e+14 7.4861522693e-05 4.2646442859e+03
W 4.3296791417e-02 1.2045035403e+15 5.2373125841e-05 4.8152316789e+03
W 4.3296791417e-02 1.5199110830e+15 3.5097548260e-05 5.5107528953e+03
W 4.3296791417e-02 1.9179102617e+15 2.1039941210e-05 6.2222192842e+03
W 4.3296791417e-02 2.4201282648e+15 1.1708764570e-05 7.1209684648e+03
W 4.3296791417e-02 3.0538555088e+15 5.6247442035e-06 8.0403219206e+03
W 4.3296791417e-02 3.8535285937e+15 2.4085640558e-06 9.2016813019e+03
W 4.3296791417e-02 4.8626015801e+15 8.4639135217e-07 1.0389665429e+04
W 4.3296791417e-02 6.1359072734e+15 2.4754454025e-07 1.1890368452e+04
W 4.3296791417e-02 7.7426368268e+15 5.4110111279e-08 1.3425475844e+04
W 4.3296791417e-02 9.7700995730e+15 8.7243146793e-09 1.5364677094e+04
W 4.3296791417e-02 1.2328467394e+16 9.0862145726e-10 1.7348335504e+04
W 4.3296791417e-02 1.5556761439e+16 5.9031713201e-11 1.9854162060e+04
W 4.3296791417e-02 1.9630406500e+16 2.0515265331e-12 2.2417435945e+04
W 4.3296791417e-02 2.4770763560e+16 3.5883327865e-14 2.5655453004e+04
W 4.3296791417e-02 3.1257158497e+16 2.6066199038e-16 2.8967703227e+04
W 4.3296791417e-02 3.9442060594e+16 6.9785058048e-19 3.3151853343e+04
W 4.3296791417e-02 4.9770235643e+16 5.2149256567e-22 3.7431927196e+04
W 4.3296791417e-02 6.2802914418e+16 8.5632492270e-26 4.2838665911e+04
W 4.3296791417e-02 7.9248289835e+16 1.9917740008e-30 4.8369356820e+04
W 4.3296791417e-02 1.0000000000e+17 4.1789843776e-36 5.5355918659e+04
W 4.6426198969e-02 1.2618568831e+07 1.7086235049e-05 1.9152548135e-01
W 4.6426198969e-02 1.5922827933e+07 1.8096200928e-05 2.1918978593e-01
W 4.6426198969e-02 2.0092330026e+07 1.9169739514e-05 2.5084997524e-01
W 4.6426198969e-02 2.5353644940e+07 2.0311103075e-05 2.8708322248e-01
W 4.6426198969e-02 3.1992671378e+07 2.1524844237e-05 3.2855006882e-01
W 4.6426198969e-02 4.0370172586e+07 2.2815838189e-05 3.7600646527e-01
W 4.6426198969e-02 5.0941380148e+07 2.3545323620e-05 4.2455082339e-01
W 4.6426198969e-02 6.4280731173e+07 2.4967947380e-05 4.8587375130e-01
W 4.6426198969e-02 8.1113083079e+07 2.6482123320e-05 5.5605427949e-01
W 4.6426198969e-02 1.0235310219e+08 2.8094098205e-05 6.3637181656e-01
W 4.6426198969e-02 1.2915496650e+08 2.9810565683e-05 7.2829057136e-01
W 4.6426198969e-02 1.6297508346e+08 3.0796395034e-05 8.2231660967e-01
W 4.6426198969e-02 2.0565123083e+08 3.2692036503e-05 9.4109358382e-01
W 4.6426198969e-02 2.5950242114e+08 3.4711876387e-05 1.0770269299e+00
W 4.6426198969e-02 3.2745491629e+08 3.6864511553e-05 1.2325947469e+00
W 4.6426198969e-02 4.1320124001e+08 3.8116636170e-05 1.3917290340e+00
W 4.6426198969e-02 5.2140082880e+08 4.0498031854e-05 1.5927530210e+00
W 4.6426198969e-02 6.5793322466e+08 4.3037567274e-05 1.8228132949e+00
W 4.6426198969e-02 8.3021756813e+08 4.4528393087e-05 2.0581478158e+00
W 4.6426198969e-02 1.0476157528e+09 4.7341170550e-05 2.3554305985e+00
W 4.6426198969e-02 1.3219411485e+09 4.9002200282e-05 2.6595287378e+00
W 4.6426198969e-02 1.6681005372e+09 5.2119900336e-05 3.0436761240e+00
W 4.6426198969e-02 2.1049041445e+09 5.5447663969e-05 3.4833104887e+00
W 4.6426198969e-02 2.6560877829e+09 5.7429450614e-05 3.9330236916e+00
W 4.6426198969e-02 3.3516026509e+09 6.1121473064e-05 4.5011171095e+00
W 4.6426198969e-02 4.2292428744e+09 6.3331734178e-05 5.0822343536e+00
W 4.6426198969e-02 5.3366992312e+09 6.7429932758e-05 5.8163219439e+00
W 4.6426198969e-02 6.7341506578e+09 7.1806958960e-05 6.6564425412e+00
W 4.6426198969e-02 8.4975343591e+09 7.4445949633e-05 7.5158233240e+00
W 4.6426198969e-02 1.0722672220e+10 7.9306791723e-05 8.6014231310e+00
W 4.6426198969e-02 1.3530477746e+10 8.2249436670e-05 9.7119108575e+00
W 4.6426198969e-02 1.7073526475e+10 8.7647924850e-05 1.1114717722e+01
W 4.6426198969e-02 2.1544346900e+10 9.0927179284e-05 1.2549684637e+01
W 4.6426198969e-02 2.7185882427e+10 9.6921620716e-05 1.4362384940e+01
W 4.6426198969e-02 3.4304692863e+10 1.0057224276e-04 1.6216642306e+01
W 4.6426198969e-02 4.3287612811e+10 1.0722496075e-04 1.8559004946e+01
W 4.6426198969e-02 5.4622772177e+10 1.1128269417e-04 2.0955067422e+01
W 4.6426198969e-02 6.8926121044e+10 1.1865907008e-04 2.3981857192e+01
W 4.6426198969e-02 8.6974900262e+10 1.2315927637e-04 2.7078037634e+01
W 4.6426198969e-02 1.0974987655e+11 1.3132609105e-04 3.0989240860e+01
W 4.6426198969e-02 1.3848863714e+11 1.3630158618e-04 3.4990110379e+01
W 4.6426198969e-02 1.7475284000e+11 1.4532429495e-04 4.0044148431e+01
W 4.6426198969e-02 2.2051307399e+11 1.5080210287e-04 4.5214052838e+01
W 4.6426198969e-02 2.7825594022e+11 1.5646125613e-04 5.1051418350e+01
W 4.6426198969e-02 3.5111917342e+11 1.6673711039e-04 5.8425382255e+01
W 4.6426198969e-02 4.4306214576e+11 1.7291011803e-04 6.5968397978e+01
W 4.6426198969e-02 5.5908101825e+11 1.8415331586e-04 7.5496998774e+01
W 4.6426198969e-02 7.0548023107e+11 1.9082674398e-04 8.5244047518e+01
W 4.6426198969e-02 8.9021508545e+11 2.0304849642e-04 9.7556859773e+01
W 4.6426198969e-02 1.1233240330e+12 2.1017523958e-04 1.1015194942e+02
W 4.6426198969e-02 1.4174741629e+12 2.2334404051e-04 1.2606250637e+02
W 4.6426198969e-02 1.7886495291e+12 2.3082701597e-04 1.4233782081e+02
W 4.6426198969e-02 2.2570197196e+12 2.3832832462e-04 1.6071436160e+02
W 4.6426198969e-02 2.8480358684e+12 2.5251679865e-04 1.8392824948e+02
W 4.6426198969e-02 3.5938136638e+12 2.6008380028e-04 2.0767432736e+02
W 4.6426198969e-02 4.5348785081e+12 2.7478389189e-04 2.3767120195e+02
W 4.6426198969e-02 5.7223676594e+12 2.8208670698e-04 2.6835576992e+02
W 4.6426198969e-02 7.2208090184e+12 2.9689685856e-04 3.0711758742e+02
W 4.6426198969e-02 9.1116275612e+12 3.0344905136e-04 3.4676803901e+02
W 4.6426198969e-02 1.1497569954e+13 3.0930317339e-04 3.9153756672e+02
W 4.6426198969e-02 1.4508287785e+13 3.2287804299e-04 4.4809199709e+02
W 4.6426198969e-02 1.8307382803e+13 3.2688944890e-04 5.0594296612e+02
W 4.6426198969e-02 2.3101297001e+13 3.3858383599e-04 5.7902232984e+02
W 4.6426198969e-02 2.9150530628e+13 3.3971547563e-04 6.5377707459e+02
W 4.6426198969e-02 3.6783797718e+13 3.4822378142e-04 7.4820987794e+02
W 4.6426198969e-02 4.6415888336e+13 3.4520482070e-04 8.4480760063e+02
W 4.6426198969e-02 5.8570208181e+13 3.3966014346e-04 9.5387658345e+02
W 4.6426198969e-02 7.3907220335e+13 3.4037710315e-04 1.0916563303e+03
W 4.6426198969e-02 9.3260334688e+13 3.2868302612e-04 1.2325947469e+03
W 4.6426198969e-02 1.1768119524e+14 3.2226823705e-04 1.4106330750e+03
W 4.6426198969e-02 1.4849682623e+14 3.0339036766e-04 1.5927530210e+03
W 4.6426198969e-02 1.8738174229e+14 2.8878543637e-04 1.8228132949e+03
W 4.6426198969e-02 2.3644894126e+14 2.6261985121e-04 2.0581478158e+03
W 4.6426198969e-02 2.9836472403e+14 2.3366169438e-04 2.3238652272e+03
W 4.6426198969e-02 3.7649358068e+14 2.0817493507e-04 2.6595287378e+03
W 4.6426198969e-02 4.7508101621e+14 1.7516765353e-04 3.0028875026e+03
W 4.6426198969e-02 5.9948425032e+14 1.4613020723e-04 3.4366302814e+03
W 4.6426198969e-02 7.5646332755e+14 1.1377102519e-04 3.8803168307e+03
W 4.6426198969e-02 9.5454845666e+14 8.6592330478e-05 4.4407971694e+03
W 4.6426198969e-02 1.2045035403e+15 6.0493264871e-05 5.0141268007e+03
W 4.6426198969e-02 1.5199110830e+15 3.9394194993e-05 5.6614762203e+03
W 4.6426198969e-02 1.9179102617e+15 2.4214350190e-05 6.4792306068e+03
W 4.6426198969e-02 2.4201282648e+15 1.3086707715e-05 7.3157324225e+03
W 4.6426198969e-02 3.0538555088e+15 6.4413891106e-06 8.3724307193e+03
W 4.6426198969e-02 3.8535285937e+15 2.6763966415e-06 9.4533543540e+03
W 4.6426198969e-02 4.8626015801e+15 9.6264981439e-07 1.0818814826e+04
W 4.6426198969e-02 6.1359072734e+15 2.7284214994e-07 1.2215579163e+04
W 4.6426198969e-02 7.7426368268e+15 6.0947208208e-08 1.3980020637e+04
W 4.6426198969e-02 9.7700995730e+15 9.5041544606e-09 1.5784912815e+04
W 4.6426198969e-02 1.2328467394e+16 1.0090873201e-09 1.8064915626e+04
W 4.6426198969e-02 1.5556761439e+16 6.3219855301e-11 2.0397188644e+04
W 4.6426198969e-02 1.9630406500e+16 2.2318289957e-12 2.3343397343e+04
W 4.6426198969e-02 2.4770763560e+16 3.7484062095e-14 2.6357149352e+04
W 4.6426198969e-02 3.1257158497e+16 2.7519027370e-16 3.0164226104e+04
W 4.6426198969e-02 3.9442060594e+16 7.0311572930e-19 3.4058581998e+04
W 4.6426198969e-02 4.9770235643e+16 5.2708878472e-22 3.8978068320e+04
W 4.6426198969e-02 6.2802914418e+16 8.1849298441e-26 4.4010336332e+04
W 4.6426198969e-02 7.9248289835e+16 1.8882269756e-30 5.0367272966e+04
W 4.6426198969e-02 1.0000000000e+17 3.6934117007e-36 5.6869945558e+04
W 4.9781793990e-02 1.2618568831e+07 2.0525085738e-05 2.0214549285e-01
W 4.9781793990e-02 1.5922827933e+07 2.1738303841e-05 2.3134377207e-01
W 4.9781793990e-02 2.0092330026e+07 2.3027885124e-05 2.6475950625e-01
W 4.9781793990e-02 2.5353644940e+07 2.4398936900e-05 3.0300187259e-01
W 4.9781793990e-02 3.1992671378e+07 2.5856927164e-05 3.4676803901e-01
W 4.9781793990e-02 4.0370172586e+07 2.6678046197e-05 3.9153756672e-01
W 4.9781793990e-02 5.0941380148e+07 2.8283971846e-05 4.4809199709e-01
W 4.9781793990e-02 6.4280731173e+07 2.9992861463e-05 5.1281525689e-01
W 4.9781793990e-02 8.1113083079e+07 3.1811718298e-05 5.8688726735e-01
W 4.9781793990e-02 1.0235310219e+08 3.2849583196e-05 6.6265741577e-01
W 4.9781793990e-02 1.2915496650e+08 3.4856526120e-05 7.5837291248e-01
W 4.9781793990e-02 1.6297508346e+08 3.6994022263e-05 8.6791373747e-01
W 4.9781793990e-02 2.0565123083e+08 3.9271057594e-05 9.9327684744e-01
W 4.9781793990e-02 2.5950242114e+08 4.0587174625e-05 1.1215139695e+00
W 4.9781793990e-02 3.2745491629e+08 4.3104039417e-05 1.2835075790e+00
W 4.9781793990e-02 4.1320124001e+08 4.5786922565e-05 1.4688998534e+00
W 4.9781793990e-02 5.2140082880e+08 4.7352246882e-05 1.6585423386e+00
W 4.9781793990e-02 6.5793322466e+08 5.0321409863e-05 1.8981053466e+00
W 4.9781793990e-02 8.3021756813e+08 5.3488342206e-05 2.1722712908e+00
W 4.9781793990e-02 1.0476157528e+09 5.5352914540e-05 2.4527226266e+00
W 4.9781793990e-02 1.3219411485e+09 5.8861837338e-05 2.8069985449e+00
W 4.9781793990e-02 1.6681005372e+09 6.0939779159e-05 3.1693964161e+00
W 4.9781793990e-02 2.1049041445e+09 6.4830323808e-05 3.6271900589e+00
W 4.9781793990e-02 2.6560877829e+09 6.7147066358e-05 4.0954788502e+00
W 4.9781793990e-02 3.3516026509e+09 7.1463359785e-05 4.6870376000e+00
W 4.9781793990e-02 4.2292428744e+09 7.6072337238e-05 5.3640422201e+00
W 4.9781793990e-02 5.3366992312e+09 7.8838095536e-05 6.0565675103e+00
W 4.9781793990e-02 6.7341506578e+09 8.3954975366e-05 6.9313896337e+00
W 4.9781793990e-02 8.4975343591e+09 8.7039662722e-05 7.8262674927e+00
W 4.9781793990e-02 1.0722672220e+10 9.2721920854e-05 8.9567084455e+00
W 4.9781793990e-02 1.3530477746e+10 9.6161349710e-05 1.0113065324e+01
W 4.9781793990e-02 1.7073526475e+10 1.0247182568e-04 1.1573815702e+01
W 4.9781793990e-02 2.1544346900e+10 1.0630443378e-04 1.3068054514e+01
W 4.9781793990e-02 2.7185882427e+10 1.1331117018e-04 1.4955629148e+01
W 4.9781793990e-02 3.4304692863e+10 1.1757747360e-04 1.6886477376e+01
W 4.9781793990e-02 4.3287612811e+10 1.2535316733e-04 1.9325592266e+01
W 4.9781793990e-02 5.4622772177e+10 1.3009479563e-04 2.1820625087e+01
W 4.9781793990e-02 6.8926121044e+10 1.3871566474e-04 2.4972437651e+01
W 4.9781793990e-02 8.6974900262e+10 1.4397374945e-04 2.8196507098e+01
W 4.9781793990e-02 1.0974987655e+11 1.5351757700e-04 3.2269264179e+01
W 4.9781793990e-02 1.3848863714e+11 1.5933020662e-04 3.6435391257e+01
W 4.9781793990e-02 1.7475284000e+11 1.6535066515e-04 4.1139386652e+01
W 4.9781793990e-02 2.2051307399e+11 1.7627153703e-04 4.7081637858e+01
W 4.9781793990e-02 2.7825594022e+11 1.8288113034e-04 5.3160118149e+01
W 4.9781793990e-02 3.5111917342e+11 1.9488594241e-04 6.0838666662e+01
W 4.9781793990e-02 4.4306214576e+11 2.0209406628e-04 6.8693249746e+01
W 4.9781793990e-02 5.5908101825e+11 2.1522674555e-04 7.8615433311e+01
W 4.9781793990e-02 7.0548023107e+11 2.2301699722e-04 8.8765087906e+01
W 4.9781793990e-02 8.9021508545e+11 2.3728968548e-04 1.0158648593e+02
W 4.9781793990e-02 1.1233240330e+12 2.4560609924e-04 1.1470182092e+02
W 4.9781793990e-02 1.4174741629e+12 2.5403273634e-04 1.2951041276e+02
W 4.9781793990e-02 1.7886495291e+12 2.6970867273e-04 1.4821714295e+02
W 4.9781793990e-02 2.2570197196e+12 2.7845538949e-04 1.6735273430e+02
W 4.9781793990e-02 2.8480358684e+12 2.9501163301e-04 1.9152548135e+02
W 4.9781793990e-02 3.5938136638e+12 3.0382811248e-04 2.1625240073e+02
W 4.9781793990e-02 4.5348785081e+12 3.1242766889e-04 2.4417169190e+02
W 4.9781793990e-02 5.7223676594e+12 3.2947163020e-04 2.7944031520e+02
W 4.9781793990e-02 7.2208090184e+12 3.3750199911e-04 3.1551748936e+02
W 4.9781793990e-02 9.1116275612e+12 3.5434352841e-04 3.6109143526e+02
W 4.9781793990e-02 1.1497569954e+13 3.6113272917e-04 4.0771018670e+02
W 4.9781793990e-02 1.4508287785e+13 3.7692815629e-04 4.6660062104e+02
W 4.9781793990e-02 1.8307382803e+13 3.8155013964e-04 5.2684114810e+02
W 4.9781793990e-02 2.3101297001e+13 3.8461035868e-04 5.9485903535e+02
W 4.9781793990e-02 2.9150530628e+13 3.9637178443e-04 6.8078160513e+02
W 4.9781793990e-02 3.6783797718e+13 3.9539472408e-04 7.6867399286e+02
W 4.9781793990e-02 4.6415888336e+13 4.0258755055e-04 8.7970272549e+02
W 4.9781793990e-02 5.8570208181e+13 3.9601100981e-04 9.9327684744e+02
W 4.9781793990e-02 7.3907220335e+13 3.8616103283e-04 1.1215139695e+03
W 4.9781793990e-02 9.3260334688e+13 3.8295799109e-04 1.2835075790e+03
W 4.9781793990e-02 1.1768119524e+14 3.6534221733e-04 1.4492149732e+03
W 4.9781793990e-02 1.4849682623e+14 3.5318917512e-04 1.6585423386e+03
W 4.9781793990e-02 1.8738174229e+14 3.2706971469e-04 1.8726686388e+03
W 4.9781793990e-02 2.3644894126e+14 3.0539300783e-04 2.1431604565e+03
W 4.9781793990e-02 2.9836472403e+14 2.7153851025e-04 2.4198534347e+03
W 4.9781793990e-02 3.7649358068e+14 2.3530153805e-04 2.7322688918e+03
W 4.9781793990e-02 4.7508101621e+14 2.0323196925e-04 3.1269230040e+03
W 4.9781793990e-02 5.9948425032e+14 1.6486406649e-04 3.5306247595e+03
W 4.9781793990e-02 7.5646332755e+14 1.3171548932e-04 4.0405949108e+03
W 4.9781793990e-02 9.5454845666e+14 9.7451439449e-05 4.5622563833e+03
W 4.9781793990e-02 1.2045035403e+15 6.9833632285e-05 5.2212373672e+03
W 4.9781793990e-02 1.5199110830e+15 4.5395201632e-05 5.8953258204e+03
W 4.9781793990e-02 1.9179102617e+15 2.7844521061e-05 6.7468578877e+03
W 4.9781793990e-02 2.4201282648e+15 1.5011744663e-05 7.6179117543e+03
W 4.9781793990e-02 3.0538555088e+15 7.1715190939e-06 8.6014231310e+03
W 4.9781793990e-02 3.8535285937e+15 3.0509168539e-06 9.8438290376e+03
W 4.9781793990e-02 4.8626015801e+15 1.0638779024e-06 1.1114717722e+04
W 4.9781793990e-02 6.1359072734e+15 3.0830896077e-07 1.2720148677e+04
W 4.9781793990e-02 7.7426368268e+15 6.6654853275e-08 1.4362384940e+04
W 4.9781793990e-02 9.7700995730e+15 1.0605299663e-08 1.6436915121e+04
W 4.9781793990e-02 1.2328467394e+16 1.0869435743e-09 1.8559004946e+04
W 4.9781793990e-02 1.5556761439e+16 6.9259655401e-11 2.1239702897e+04
W 4.9781793990e-02 1.9630406500e+16 2.3512017967e-12 2.3981857192e+04
W 4.9781793990e-02 2.4770763560e+16 3.9978821762e-14 2.7445842229e+04
W 4.9781793990e-02 3.1257158497e+16 2.8069492223e-16 3.0989240860e+04
W 4.9781793990e-02 3.9442060594e+16 7.2130245722e-19 3.5465385714e+04
W 4.9781793990e-02 4.9770235643e+16 5.1299679598e-22 4.0044148431e+04
W 4.9781793990e-02 6.2802914418e+16 7.9334553713e-26 4.5828201346e+04
W 4.9781793990e-02 7.9248289835e+16 1.7152603623e-30 5.1744856573e+04
W 4.9781793990e-02 1.0000000000e+17 3.2903867621e-36 5.9218982013e+04
W 5.3379924867e-02 1.2618568831e+07 2.4665451604e-05 2.1335437975e-01
W 5.3379924867e-02 1.5922827933e+07 2.6123379345e-05 2.4417169190e-01
W 5.3379924867e-02 2.0092330026e+07 2.7673068632e-05 2.7944031520e-01
W 5.3379924867e-02 2.5353644940e+07 2.8540063359e-05 3.1551748936e-01
W 5.3379924867e-02 3.1992671378e+07 3.0245474369e-05 3.6109143526e-01
W 5.3379924867e-02 4.0370172586e+07 3.2059419924e-05 4.1324816853e-01
W 5.3379924867e-02 5.0941380148e+07 3.3989233896e-05 4.7293851949e-01
W 5.3379924867e-02 6.4280731173e+07 3.5083216603e-05 5.3399730166e-01
W 5.3379924867e-02 8.1113083079e+07 3.7210699509e-05 6.1112888693e-01
W 5.3379924867e-02 1.0235310219e+08 3.9475573387e-05 6.9940150499e-01
W 5.3379924867e-02 1.2915496650e+08 4.1887238690e-05 8.0042438779e-01
W 5.3379924867e-02 1.6297508346e+08 4.3272241472e-05 9.0376327080e-01
W 5.3379924867e-02 2.0565123083e+08 4.5935590253e-05 1.0343045555e+00
W 5.3379924867e-02 2.5950242114e+08 4.8773400924e-05 1.1837014715e+00
W 5.3379924867e-02 3.2745491629e+08 5.0418752854e-05 1.3365233867e+00
W 5.3379924867e-02 4.1320124001e+08 5.3556738950e-05 1.5295733651e+00
W 5.3379924867e-02 5.2140082880e+08 5.6902379866e-05 1.7505078494e+00
W 5.3379924867e-02 6.5793322466e+08 5.8860259877e-05 1.9765073674e+00
W 5.3379924867e-02 8.3021756813e+08 6.2564309405e-05 2.2619978484e+00
W 5.3379924867e-02 1.0476157528e+09 6.4744964740e-05 2.5540333419e+00
W 5.3379924867e-02 1.3219411485e+09 6.8848921603e-05 2.9229427725e+00
W 5.3379924867e-02 1.6681005372e+09 7.3228577458e-05 3.3451381824e+00
W 5.3379924867e-02 2.1049041445e+09 7.5829224278e-05 3.7770126337e+00
W 5.3379924867e-02 2.6560877829e+09 8.0686608051e-05 4.3225715179e+00
W 5.3379924867e-02 3.3516026509e+09 8.3586495031e-05 4.8806376128e+00
W 5.3379924867e-02 4.2292428744e+09 8.8976684877e-05 5.5856061867e+00
W 5.3379924867e-02 5.3366992312e+09 9.2210865927e-05 6.3067365184e+00
W 5.3379924867e-02 6.7341506578e+09 9.8194835285e-05 7.2176935289e+00
W 5.3379924867e-02 8.4975343591e+09 1.0180177075e-04 8.1495346853e+00
W 5.3379924867e-02 1.0722672220e+10 1.0844665133e-04 9.3266689659e+00
W 5.3379924867e-02 1.3530477746e+10 1.1246813936e-04 1.0530789640e+01
W 5.3379924867e-02 1.7073526475e+10 1.1984730635e-04 1.2051876912e+01
W 5.3379924867e-02 2.1544346900e+10 1.2432818743e-04 1.3607835872e+01
W 5.3379924867e-02 2.7185882427e+10 1.3252106211e-04 1.5573377552e+01
W 5.3379924867e-02 3.4304692863e+10 1.3750857037e-04 1.7583980259e+01
W 5.3379924867e-02 4.3287612811e+10 1.4659996585e-04 2.0123843791e+01
W 5.3379924867e-02 5.4622772177e+10 1.5214258875e-04 2.2721934967e+01
W 5.3379924867e-02 6.8926121044e+10 1.6222136818e-04 2.6003934443e+01
W 5.3379924867e-02 8.6974900262e+10 1.6836694638e-04 2.9361175402e+01
W 5.3379924867e-02 1.0974987655e+11 1.7474432232e-04 3.3151853343e+01
W 5.3379924867e-02 1.3848863714e+11 1.8631644469e-04 3.7940370054e+01
W 5.3379924867e-02 1.7475284000e+11 1.9335145468e-04 4.2838665911e+01
W 5.3379924867e-02 2.2051307399e+11 2.0611571495e-04 4.9026364243e+01
W 5.3379924867e-02 2.7825594022e+11 2.1383762202e-04 5.5355918659e+01
W 5.3379924867e-02 3.5111917342e+11 2.2786667617e-04 6.3351632771e+01
W 5.3379924867e-02 4.4306214576e+11 2.3628579272e-04 7.1530652635e+01
W 5.3379924867e-02 5.5908101825e+11 2.4493102586e-04 8.0765625803e+01
W 5.3379924867e-02 7.0548023107e+11 2.6072634321e-04 9.2431566313e+01
W 5.3379924867e-02 8.9021508545e+11 2.7001376151e-04 1.0436495435e+02
W 5.3379924867e-02 1.1233240330e+12 2.8710568171e-04 1.1943962674e+02
W 5.3379924867e-02 1.4174741629e+12 2.9693881908e-04 1.3485989354e+02
W 5.3379924867e-02 1.7886495291e+12 3.1524224753e-04 1.5433931290e+02
W 5.3379924867e-02 2.2570197196e+12 3.2544277677e-04 1.7426530772e+02
W 5.3379924867e-02 2.8480358684e+12 3.3558759259e-04 1.9676385039e+02
W 5.3379924867e-02 3.5938136638e+12 3.5503944249e-04 2.2518479495e+02
W 5.3379924867e-02 4.5348785081e+12 3.6505436011e-04 2.5425730390e+02
W 5.3379924867e-02 5.7223676594e+12 3.8492959463e-04 2.9098271217e+02
W 5.3379924867e-02 7.2208090184e+12 3.9426677150e-04 3.2855006882e+02
W 5.3379924867e-02 9.1116275612e+12 4.0286996168e-04 3.7096756339e+02
W 5.3379924867e-02 1.1497569954e+13 4.2176000543e-04 4.2455082339e+02
W 5.3379924867e-02 1.4508287785e+13 4.2842139716e-04 4.7936250646e+02
W 5.3379924867e-02 1.8307382803e+13 4.4545951071e-04 5.4860253806e+02
W 5.3379924867e-02 2.3101297001e+13 4.4894633733e-04 6.1942993208e+02
W 5.3379924867e-02 2.9150530628e+13 4.5026137378e-04 6.9940150499e+02
W 5.3379924867e-02 3.6783797718e+13 4.6132602413e-04 8.0042438779e+02
W 5.3379924867e-02 4.6415888336e+13 4.5709099776e-04 9.0376327080e+02
W 5.3379924867e-02 5.8570208181e+13 4.6178328300e-04 1.0343045555e+03
W 5.3379924867e-02 7.3907220335e+13 4.5014570872e-04 1.1678385646e+03
W 5.3379924867e-02 9.3260334688e+13 4.4624258415e-04 1.3365233867e+03
W 5.3379924867e-02 1.1768119524e+14 4.2553341745e-04 1.5090753928e+03
W 5.3379924867e-02 1.4849682623e+14 4.0023205629e-04 1.7039047457e+03
W 5.3379924867e-02 1.8738174229e+14 3.8056134858e-04 1.9500199859e+03
W 5.3379924867e-02 2.3644894126e+14 3.4566308000e-04 2.2017775413e+03
W 5.3379924867e-02 2.9836472403e+14 3.1552538195e-04 2.5198064745e+03
W 5.3379924867e-02 3.7649358068e+14 2.7319545873e-04 2.8451263804e+03
W 5.3379924867e-02 4.7508101621e+14 2.2946475321e-04 3.2124467502e+03
W 5.3379924867e-02 5.9948425032e+14 1.9103018077e-04 3.6764586650e+03
W 5.3379924867e-02 7.5646332755e+14 1.4837339173e-04 4.1511082855e+03
W 5.3379924867e-02 9.5454845666e+14 1.1261703915e-04 4.7507022567e+03
W 5.3379924867e-02 1.2045035403e+15 7.8422406150e-05 5.3640422201e+03
W 5.3379924867e-02 1.5199110830e+15 5.2271418848e-05 6.1388346743e+03
W 5.3379924867e-02 1.9179102617e+15 3.1138266020e-05 6.9313896337e+03
W 5.3379924867e-02 2.4201282648e+15 1.7201104377e-05 7.9325727276e+03
W 5.3379924867e-02 3.0538555088e+15 8.1919945503e-06 8.9567084455e+03
W 5.3379924867e-02 3.8535285937e+15 3.3799200034e-06 1.0113065324e+04
W 5.3379924867e-02 4.8626015801e+15 1.2056329547e-06 1.1573815702e+04
W 5.3379924867e-02 6.1359072734e+15 3.3834831433e-07 1.3068054514e+04
W 5.3379924867e-02 7.7426368268e+15 7.4689515946e-08 1.4955629148e+04
W 5.3379924867e-02 9.7700995730e+15 1.1481928247e-08 1.6886477376e+04
W 5.3379924867e-02 1.2328467394e+16 1.1981937861e-09 1.9325592266e+04
W 5.3379924867e-02 1.5556761439e+16 7.3514841597e-11 2.1820625087e+04
W 5.3379924867e-02 1.9630406500e+16 2.5305670688e-12 2.4972437651e+04
W 5.3379924867e-02 2.4770763560e+16 4.1227293883e-14 2.8196507098e+04
W 5.3379924867e-02 3.1257158497e+16 2.9177971131e-16 3.2269264179e+04
W 5.3379924867e-02 3.9442060594e+16 7.1331118894e-19 3.6435391257e+04
W 5.3379924867e-02 4.9770235643e+16 5.0698649062e-22 4.1698188426e+04
W 5.3379924867e-02 6.2802914418e+16 7.3804649343e-26 4.7081637858e+04
W 5.3379924867e-02 7.9248289835e+16 1.5738043388e-30 5.3882199122e+04
W 5.3379924867e-02 1.0000000000e+17 2.7952480819e-36 6.0838666662e+04
W 5.7238121619e-02 1.2618568831e+07 2.9653017570e-05 2.2518479495e-01
W 5.7238121619e-02 1.5922827933e+07 3.0569617700e-05 2.5425730390e-01
W 5.7238121619e-02 2.0092330026e+07 3.2383031098e-05 2.9098271217e-01
W 5.7238121619e-02 2.5353644940e+07 3.4310996491e-05 3.3301280821e-01
W 5.7238121619e-02 3.1992671378e+07 3.6361200419e-05 3.8111381122e-01
W 5.7238121619e-02 4.0370172586e+07 3.8541873668e-05 4.3616261454e-01
W 5.7238121619e-02 5.0941380148e+07 3.9773982117e-05 4.9247343925e-01
W 5.7238121619e-02 6.4280731173e+07 4.2176939879e-05 5.6360723890e-01
W 5.7238121619e-02 8.1113083079e+07 4.4734504705e-05 6.4501573980e-01
W 5.7238121619e-02 1.0235310219e+08 4.6193785295e-05 7.2829057136e-01
W 5.7238121619e-02 1.2915496650e+08 4.9015767137e-05 8.3348624582e-01
W 5.7238121619e-02 1.6297508346e+08 5.2021286551e-05 9.5387658345e-01
W 5.7238121619e-02 2.0565123083e+08 5.3752791311e-05 1.0770269299e+00
W 5.7238121619e-02 2.5950242114e+08 5.7073357973e-05 1.2325947469e+00
W 5.7238121619e-02 3.2745491629e+08 6.0612163292e-05 1.4106330750e+00
W 5.7238121619e-02 4.1320124001e+08 6.2670258529e-05 1.5927530210e+00
W 5.7238121619e-02 5.2140082880e+08 6.6584950860e-05 1.8228132949e+00
W 5.7238121619e-02 6.5793322466e+08 6.8875692199e-05 2.0581478158e+00
W 5.7238121619e-02 8.3021756813e+08 7.3209670174e-05 2.3554305985e+00
W 5.7238121619e-02 1.0476157528e+09 7.7833107765e-05 2.6956534713e+00
W 5.7238121619e-02 1.3219411485e+09 8.0562774399e-05 3.0436761240e+00
W 5.7238121619e-02 1.6681005372e+09 8.5687076466e-05 3.4833104887e+00
W 5.7238121619e-02 2.1049041445e+09 8.8729613480e-05 3.9330236916e+00
W 5.7238121619e-02 2.6560877829e+09 9.4412709128e-05 4.5011171095e+00
W 5.7238121619e-02 3.3516026509e+09 9.7805189396e-05 5.0822343536e+00
W 5.7238121619e-02 4.2292428744e+09 1.0411145742e-04 5.8163219439e+00
W 5.7238121619e-02 5.3366992312e+09 1.0789483257e-04 6.5672388601e+00
W 5.7238121619e-02 6.7341506578e+09 1.1489552806e-04 7.5158233240e+00
W 5.7238121619e-02 8.4975343591e+09 1.1911471501e-04 8.4861545621e+00
W 5.7238121619e-02 1.0722672220e+10 1.2688827011e-04 9.7119108575e+00
W 5.7238121619e-02 1.3530477746e+10 1.3159206430e-04 1.0965768230e+01
W 5.7238121619e-02 1.7073526475e+10 1.4022417883e-04 1.2549684637e+01
W 5.7238121619e-02 2.1544346900e+10 1.4546489984e-04 1.4169913121e+01
W 5.7238121619e-02 2.7185882427e+10 1.5504829833e-04 1.6216642306e+01
W 5.7238121619e-02 3.4304692863e+10 1.6088101959e-04 1.8310293784e+01
W 5.7238121619e-02 4.3287612811e+10 1.7151467001e-04 2.0955067422e+01
W 5.7238121619e-02 5.4622772177e+10 1.7799586976e-04 2.3660473821e+01
W 5.7238121619e-02 6.8926121044e+10 1.8473086188e-04 2.6715162026e+01
W 5.7238121619e-02 8.6974900262e+10 1.9696871154e-04 3.0573950809e+01
W 5.7238121619e-02 1.0974987655e+11 2.0442448545e-04 3.4521204259e+01
W 5.7238121619e-02 1.3848863714e+11 2.1795636149e-04 3.9507512620e+01
W 5.7238121619e-02 1.7475284000e+11 2.2617954749e-04 4.4608134598e+01
W 5.7238121619e-02 2.2051307399e+11 2.4110345136e-04 5.1051418350e+01
W 5.7238121619e-02 2.7825594022e+11 2.5012763490e-04 5.7642417611e+01
W 5.7238121619e-02 3.5111917342e+11 2.5943200460e-04 6.5084348593e+01
W 5.7238121619e-02 4.4306214576e+11 2.7636406438e-04 7.4485255616e+01
W 5.7238121619e-02 5.5908101825e+11 2.8646307467e-04 8.4101683142e+01
W 5.7238121619e-02 7.0548023107e+11 3.0492209284e-04 9.6249490116e+01
W 5.7238121619e-02 8.9021508545e+11 3.1576723985e-04 1.0867579165e+02
W 5.7238121619e-02 1.1233240330e+12 3.2679790316e-04 1.2270639228e+02
W 5.7238121619e-02 1.4174741629e+12 3.4721292483e-04 1.4043033682e+02
W 5.7238121619e-02 1.7886495291e+12 3.5877702634e-04 1.5856061167e+02
W 5.7238121619e-02 2.2570197196e+12 3.8048779946e-04 1.8146340781e+02
W 5.7238121619e-02 2.8480358684e+12 3.9231588140e-04 2.0489126203e+02
W 5.7238121619e-02 3.5938136638e+12 4.0396908441e-04 2.3134377207e+02
W 5.7238121619e-02 4.5348785081e+12 4.2668175435e-04 2.6475950625e+02
W 5.7238121619e-02 5.7223676594e+12 4.3788577629e-04 2.9894131287e+02
W 5.7238121619e-02 7.2208090184e+12 4.6071799763e-04 3.4212096433e+02
W 5.7238121619e-02 9.1116275612e+12 4.7070732183e-04 3.8629053094e+02
W 5.7238121619e-02 1.1497569954e+13 4.7958702793e-04 4.3616261454e+02
W 5.7238121619e-02 1.4508287785e+13 5.0040254168e-04 4.9916277164e+02
W 5.7238121619e-02 1.8307382803e+13 5.0635761787e-04 5.6360723890e+02
W 5.7238121619e-02 2.3101297001e+13 5.2417063923e-04 6.4501573980e+02
W 5.7238121619e-02 2.9150530628e+13 5.2558507255e-04 7.2829057136e+02
W 5.7238121619e-02 3.6783797718e+13 5.3836229409e-04 8.3348624582e+02
W 5.7238121619e-02 4.6415888336e+13 5.3326657163e-04 9.4109358382e+02
W 5.7238121619e-02 5.8570208181e+13 5.2422888337e-04 1.0625935796e+03
W 5.7238121619e-02 7.3907220335e+13 5.2480383664e-04 1.2160766160e+03
W 5.7238121619e-02 9.3260334688e+13 5.0619587827e-04 1.3730783280e+03
W 5.7238121619e-02 1.1768119524e+14 4.9567789472e-04 1.5714083716e+03
W 5.7238121619e-02 1.4849682623e+14 4.6596240976e-04 1.7742852309e+03
W 5.7238121619e-02 1.8738174229e+14 4.3101021947e-04 2.0033545305e+03
W 5.7238121619e-02 2.3644894126e+14 4.0192213889e-04 2.2927228668e+03
W 5.7238121619e-02 2.9836472403e+14 3.5683770396e-04 2.5887251173e+03
W 5.7238121619e-02 3.7649358068e+14 3.1713714188e-04 2.9626454939e+03
W 5.7238121619e-02 4.7508101621e+14 2.6610449909e-04 3.3451381824e+03
W 5.7238121619e-02 5.9948425032e+14 2.1538558895e-04 3.7770126337e+03
W 5.7238121619e-02 7.5646332755e+14 1.7163654649e-04 4.3225715179e+03
W 5.7238121619e-02 9.5454845666e+14 1.2661026442e-04 4.8806376128e+03
W 5.7238121619e-02 1.2045035403e+15 9.0416223728e-05 5.5856061867e+03
W 5.7238121619e-02 1.5199110830e+15 5.8539209445e-05 6.3067365184e+03
W 5.7238121619e-02 1.9179102617e+15 3.5738718844e-05 7.2176935289e+03
W 5.7238121619e-02 2.4201282648e+15 1.9162188091e-05 8.1495346853e+03
W 5.7238121619e-02 3.0538555088e+15 9.0955222636e-06 9.2016813019e+03
W 5.7238121619e-02 3.8535285937e+15 3.8402281360e-06 1.0530789640e+04
W 5.7238121619e-02 4.8626015801e+15 1.3271829859e-06 1.1890368452e+04
W 5.7238121619e-02 6.1359072734e+15 3.8053939208e-07 1.3607835872e+04
W 5.7238121619e-02 7.7426368268e+15 8.1227191336e-08 1.5364677094e+04
W 5.7238121619e-02 9.7700995730e+15 1.2726513135e-08 1.7583980259e+04
W 5.7238121619e-02 1.2328467394e+16 1.2802995421e-09 1.9854162060e+04
W 5.7238121619e-02 1.5556761439e+16 7.9764171159e-11 2.2721934967e+04
W 5.7238121619e-02 1.9630406500e+16 2.6351596572e-12 2.5655453004e+04
W 5.7238121619e-02 2.4770763560e+16 4.3361915019e-14 2.9361175402e+04
W 5.7238121619e-02 3.1257158497e+16 2.9266375987e-16 3.3151853343e+04
W 5.7238121619e-02 3.9442060594e+16 7.1713862292e-19 3.7940370054e+04
W 5.7238121619e-02 4.9770235643e+16 4.8158792199e-22 4.2838665911e+04
W 5.7238121619e-02 6.2802914418e+16 6.9472986634e-26 4.9026364243e+04
W 5.7238121619e-02 7.9248289835e+16 1.3799874851e-30 5.5355918659e+04
W 5.7238121619e-02 1.0000000000e+17 2.3859174165e-36 6.3351632771e+04
W 6.1375181300e-02 1.2618568831e+07 3.4714942221e-05 2.3448614538e-01
W 6.1375181300e-02 1.5922827933e+07 3.6766801419e-05 2.6835576992e-01
W 6.1375181300e-02 2.0092330026e+07 3.8947790383e-05 3.0711758742e-01
W 6.1375181300e-02 2.5353644940e+07 4.1266542662e-05 3.5147823552e-01
W 6.1375181300e-02 3.1992671378e+07 4.2568032712e-05 3.9685587370e-01
W 6.1375181300e-02 4.0370172586e+07 4.5120872322e-05 4.5417849044e-01
W 6.1375181300e-02 5.0941380148e+07 4.7836755098e-05 5.1978089490e-01
W 6.1375181300e-02 6.4280731173e+07 4.9376249949e-05 5.8688726735e-01
W 6.1375181300e-02 8.1113083079e+07 5.2370260604e-05 6.7165837980e-01
W 6.1375181300e-02 1.0235310219e+08 5.5557587717e-05 7.6867399286e-01
W 6.1375181300e-02 1.2915496650e+08 5.7382011242e-05 8.6791373747e-01
W 6.1375181300e-02 1.6297508346e+08 6.0900356163e-05 9.9327684744e-01
W 6.1375181300e-02 2.0565123083e+08 6.4648311840e-05 1.1367476433e+00
W 6.1375181300e-02 2.5950242114e+08 6.6814296420e-05 1.2835075790e+00
W 6.1375181300e-02 3.2745491629e+08 7.0956827610e-05 1.4688998534e+00
W 6.1375181300e-02 4.1320124001e+08 7.3365889949e-05 1.6585423386e+00
W 6.1375181300e-02 5.2140082880e+08 7.7948352611e-05 1.8981053466e+00
W 6.1375181300e-02 6.5793322466e+08 8.2834943996e-05 2.1722712908e+00
W 6.1375181300e-02 8.3021756813e+08 8.5702825278e-05 2.4527226266e+00
W 6.1375181300e-02 1.0476157528e+09 9.1114755405e-05 2.8069985449e+00
W 6.1375181300e-02 1.3219411485e+09 9.4309668090e-05 3.1693964161e+00
W 6.1375181300e-02 1.6681005372e+09 1.0030772500e-04 3.6271900589e+00
W 6.1375181300e-02 2.1049041445e+09 1.0386869460e-04 4.0954788502e+00
W 6.1375181300e-02 2.6560877829e+09 1.1052062463e-04 4.6870376000e+00
W 6.1375181300e-02 3.3516026509e+09 1.1449098614e-04 5.2921581306e+00
W 6.1375181300e-02 4.2292428744e+09 1.2187206472e-04 6.0565675103e+00
W 6.1375181300e-02 5.3366992312e+09 1.2629967388e-04 6.8385013580e+00
W 6.1375181300e-02 6.7341506578e+09 1.3449319825e-04 7.8262674927e+00
W 6.1375181300e-02 8.4975343591e+09 1.3943052665e-04 8.8366786611e+00
W 6.1375181300e-02 1.0722672220e+10 1.4852815930e-04 1.0113065324e+01
W 6.1375181300e-02 1.3530477746e+10 1.5403218451e-04 1.1418713790e+01
W 6.1375181300e-02 1.7073526475e+10 1.6413404767e-04 1.3068054514e+01
W 6.1375181300e-02 2.1544346900e+10 1.7026582765e-04 1.4755207201e+01
W 6.1375181300e-02 2.7185882427e+10 1.8148020386e-04 1.6886477376e+01
W 6.1375181300e-02 3.4304692863e+10 1.8830396101e-04 1.9066607988e+01
W 6.1375181300e-02 4.3287612811e+10 1.9540196480e-04 2.1528204613e+01
W 6.1375181300e-02 5.4622772177e+10 2.0832788202e-04 2.4637779409e+01
W 6.1375181300e-02 6.8926121044e+10 2.1620575398e-04 2.7818642764e+01
W 6.1375181300e-02 8.6974900262e+10 2.3052314337e-04 3.1836820402e+01
W 6.1375181300e-02 1.0974987655e+11 2.3924275977e-04 3.5947116777e+01
W 6.1375181300e-02 1.3848863714e+11 2.5507216059e-04 4.1139386652e+01
W 6.1375181300e-02 1.7475284000e+11 2.6468747492e-04 4.6450691916e+01
W 6.1375181300e-02 2.2051307399e+11 2.7463134882e-04 5.2447713859e+01
W 6.1375181300e-02 2.7825594022e+11 2.9269222883e-04 6.0023361341e+01
W 6.1375181300e-02 3.5111917342e+11 3.0356782019e-04 6.7772684338e+01
W 6.1375181300e-02 4.4306214576e+11 3.2336637568e-04 7.7561899686e+01
W 6.1375181300e-02 5.5908101825e+11 3.3516705898e-04 8.7575537700e+01
W 6.1375181300e-02 7.0548023107e+11 3.4724845455e-04 9.8881987607e+01
W 6.1375181300e-02 8.9021508545e+11 3.6941341523e-04 1.1316468985e+02
W 6.1375181300e-02 1.1233240330e+12 3.8229441863e-04 1.2777483020e+02
W 6.1375181300e-02 1.4174741629e+12 4.0614875776e-04 1.4623086955e+02
W 6.1375181300e-02 1.7886495291e+12 4.1964455290e-04 1.6511002285e+02
W 6.1375181300e-02 2.2570197196e+12 4.3315519206e-04 1.8642657141e+02
W 6.1375181300e-02 2.8480358684e+12 4.5879482227e-04 2.1335437975e+02
W 6.1375181300e-02 3.5938136638e+12 4.7237612204e-04 2.4089952158e+02
W 6.1375181300e-02 4.5348785081e+12 4.9888072521e-04 2.7569550638e+02
W 6.1375181300e-02 5.7223676594e+12 5.1191928008e-04 3.1128920656e+02
W 6.1375181300e-02 7.2208090184e+12 5.2420316814e-04 3.5147823552e+02
W 6.1375181300e-02 9.1116275612e+12 5.5013673207e-04 4.0224641994e+02
W 6.1375181300e-02 1.1497569954e+13 5.6042403398e-04 4.5417849044e+02
W 6.1375181300e-02 1.4508287785e+13 5.8464301347e-04 5.1978089490e+02
W 6.1375181300e-02 1.8307382803e+13 5.9148243284e-04 5.8688726735e+02
W 6.1375181300e-02 2.3101297001e+13 5.9585675564e-04 6.6265741577e+02
W 6.1375181300e-02 2.9150530628e+13 6.1365354535e-04 7.5837291248e+02
W 6.1375181300e-02 3.6783797718e+13 6.1166802426e-04 8.5628273491e+02
W 6.1375181300e-02 4.6415888336e+13 6.2225664824e-04 9.7996584076e+02
W 6.1375181300e-02 5.8570208181e+13 6.1149797883e-04 1.1064844438e+03
W 6.1375181300e-02 7.3907220335e+13 5.9563811172e-04 1.2493372457e+03
W 6.1375181300e-02 9.3260334688e+13 5.8997211668e-04 1.4297938922e+03
W 6.1375181300e-02 1.1768119524e+14 5.6205347960e-04 1.6143875977e+03
W 6.1375181300e-02 1.4849682623e+14 5.4250434821e-04 1.8475728109e+03
W 6.1375181300e-02 1.8738174229e+14 5.0149030002e-04 2.0861039120e+03
W 6.1375181300e-02 2.3644894126e+14 4.5486518662e-04 2.3554305985e+03
W 6.1375181300e-02 2.9836472403e+14 4.1454394771e-04 2.6956534713e+03
W 6.1375181300e-02 3.7649358068e+14 3.5827541396e-04 3.0436761240e+03
W 6.1375181300e-02 4.7508101621e+14 3.0851017268e-04 3.4833104887e+03
W 6.1375181300e-02 5.9948425032e+14 2.4939746262e-04 3.9330236916e+03
W 6.1375181300e-02 7.5646332755e+14 1.9317090814e-04 4.4407971694e+03
W 6.1375181300e-02 9.5454845666e+14 1.4614951820e-04 5.0822343536e+03
W 6.1375181300e-02 1.2045035403e+15 1.0139542427e-04 5.7383768066e+03
W 6.1375181300e-02 1.5199110830e+15 6.7291845157e-05 6.5672388601e+03
W 6.1375181300e-02 1.9179102617e+15 3.9883842500e-05 7.4151029914e+03
W 6.1375181300e-02 2.4201282648e+15 2.1902251705e-05 8.4861545621e+03
W 6.1375181300e-02 3.0538555088e+15 1.0358762483e-05 9.5817605267e+03
W 6.1375181300e-02 3.8535285937e+15 4.2391608982e-06 1.0818814826e+04
W 6.1375181300e-02 4.8626015801e+15 1.4976134362e-06 1.2381505004e+04
W 6.1375181300e-02 6.1359072734e+15 4.1549394246e-07 1.3980020637e+04
W 6.1375181300e-02 7.7426368268e+15 9.0466331054e-08 1.5999321391e+04
W 6.1375181300e-02 9.7700995730e+15 1.3678585343e-08 1.8064915626e+04
W 6.1375181300e-02 1.2328467394e+16 1.3990890569e-09 2.0674246377e+04
W 6.1375181300e-02 1.5556761439e+16 8.3783552438e-11 2.3343397343e+04
W 6.1375181300e-02 1.9630406500e+16 2.8007611222e-12 2.6715162026e+04
W 6.1375181300e-02 2.4770763560e+16 4.4045480353e-14 3.0164226104e+04
W 6.1375181300e-02 3.1257158497e+16 2.9874408530e-16 3.4521204259e+04
W 6.1375181300e-02 3.9442060594e+16 6.9386477415e-19 3.8978068320e+04
W 6.1375181300e-02 4.9770235643e+16 4.6359251798e-22 4.4608134598e+04
W 6.1375181300e-02 6.2802914418e+16 6.2614677940e-26 5.0367272966e+04
W 6.1375181300e-02 7.9248289835e+16 1.2186613121e-30 5.7642417611e+04
W 6.1375181300e-02 1.0000000000e+17 1.9351701602e-36 6.5084348593e+04
W 6.5811259578e-02 1.2618568831e+07 4.1771539431e-05 2.4748830855e-01
W 6.5811259578e-02 1.5922827933e+07 4.4240434424e-05 2.8323599026e-01
W 6.5811259578e-02 2.0092330026e+07 4.5617034351e-05 3.1980320549e-01
W 6.5811259578e-02 2.5353644940e+07 4.8332769948e-05 3.6599618837e-01
W 6.5811259578e-02 3.1992671378e+07 5.1220668104e-05 4.1886137350e-01
W 6.5811259578e-02 4.0370172586e+07 5.2846914164e-05 4.7293851949e-01
W 6.5811259578e-02 5.0941380148e+07 5.6027728740e-05 5.4125065821e-01
W 6.5811259578e-02 6.4280731173e+07 5.9412418785e-05 6.1942993208e-01
W 6.5811259578e-02 8.1113083079e+07 6.1337222055e-05 6.9940150499e-01
W 6.5811259578e-02 1.0235310219e+08 6.5070124951e-05 8.0042438779e-01
W 6.5811259578e-02 1.2915496650e+08 6.9044893883e-05 9.1603920781e-01
W 6.5811259578e-02 1.6297508346e+08 7.1327263715e-05 1.0343045555e+00
W 6.5811259578e-02 2.0565123083e+08 7.5716666206e-05 1.1837014715e+00
W 6.5811259578e-02 2.5950242114e+08 7.8253204831e-05 1.3365233867e+00
W 6.5811259578e-02 3.2745491629e+08 8.3104631390e-05 1.5295733651e+00
W 6.5811259578e-02 4.1320124001e+08 8.8275896319e-05 1.7505078494e+00
W 6.5811259578e-02 5.2140082880e+08 9.1292298249e-05 1.9765073674e+00
W 6.5811259578e-02 6.5793322466e+08 9.7014939837e-05 2.2619978484e+00
W 6.5811259578e-02 8.3021756813e+08 1.0037321421e-04 2.5540333419e+00
W 6.5811259578e-02 1.0476157528e+09 1.0671092136e-04 2.9229427725e+00
W 6.5811259578e-02 1.3219411485e+09 1.1045201112e-04 3.3003096366e+00
W 6.5811259578e-02 1.6681005372e+09 1.1747591155e-04 3.7770126337e+00
W 6.5811259578e-02 2.1049041445e+09 1.2164546037e-04 4.2646442859e+00
W 6.5811259578e-02 2.6560877829e+09 1.2943481073e-04 4.8806376128e+00
W 6.5811259578e-02 3.3516026509e+09 1.3408349033e-04 5.5107528953e+00
W 6.5811259578e-02 4.2292428744e+09 1.4272633834e-04 6.3067365184e+00
W 6.5811259578e-02 5.3366992312e+09 1.4791008990e-04 7.1209684648e+00
W 6.5811259578e-02 6.7341506578e+09 1.5750384308e-04 8.1495346853e+00
W 6.5811259578e-02 8.4975343591e+09 1.6328398072e-04 9.2016813019e+00
W 6.5811259578e-02 1.0722672220e+10 1.7393579754e-04 1.0530789640e+01
W 6.5811259578e-02 1.3530477746e+10 1.8037886932e-04 1.1890368452e+01
W 6.5811259578e-02 1.7073526475e+10 1.9220575541e-04 1.3607835872e+01
W 6.5811259578e-02 2.1544346900e+10 1.9938303126e-04 1.5364677094e+01
W 6.5811259578e-02 2.7185882427e+10 2.0685385773e-04 1.7348335504e+01
W 6.5811259578e-02 3.4304692863e+10 2.2049785074e-04 1.9854162060e+01
W 6.5811259578e-02 4.3287612811e+10 2.2880469822e-04 2.2417435945e+01
W 6.5811259578e-02 5.4622772177e+10 2.4393480664e-04 2.5655453004e+01
W 6.5811259578e-02 6.8926121044e+10 2.5315305670e-04 2.8967703227e+01
W 6.5811259578e-02 8.6974900262e+10 2.6991009569e-04 3.3151853343e+01
W 6.5811259578e-02 1.0974987655e+11 2.8011160500e-04 3.7431927196e+01
W 6.5811259578e-02 1.3848863714e+11 2.9068542370e-04 4.2264580479e+01
W 6.5811259578e-02 1.7475284000e+11 3.0988305117e-04 4.8369356820e+01
W 6.5811259578e-02 2.2051307399e+11 3.2151316702e-04 5.4614088217e+01
W 6.5811259578e-02 2.7825594022e+11 3.4264364021e-04 6.2502650930e+01
W 6.5811259578e-02 3.5111917342e+11 3.5535998092e-04 7.0572062895e+01
W 6.5811259578e-02 4.4306214576e+11 3.6844147899e-04 7.9683277224e+01
W 6.5811259578e-02 5.5908101825e+11 3.9231192444e-04 9.1192881248e+01
W 6.5811259578e-02 7.0548023107e+11 4.0643044710e-04 1.0296634871e+02
W 6.5811259578e-02 8.9021508545e+11 4.3234661025e-04 1.1783900384e+02
W 6.5811259578e-02 1.1233240330e+12 4.4739213699e-04 1.3305262203e+02
W 6.5811259578e-02 1.4174741629e+12 4.6262064384e-04 1.5023039616e+02
W 6.5811259578e-02 1.7886495291e+12 4.9102703800e-04 1.7192996014e+02
W 6.5811259578e-02 2.2570197196e+12 5.0679128664e-04 1.9412699750e+02
W 6.5811259578e-02 2.8480358684e+12 5.2244839976e-04 2.1918978593e+02
W 6.5811259578e-02 3.5938136638e+12 5.5256759984e-04 2.5084997524e+02
W 6.5811259578e-02 4.5348785081e+12 5.6796896888e-04 2.8323599026e+02
W 6.5811259578e-02 5.7223676594e+12 5.9867627055e-04 3.2414713507e+02
W 6.5811259578e-02 7.2208090184e+12 6.1295454575e-04 3.6599618837e+02
W 6.5811259578e-02 9.1116275612e+12 6.2605433680e-04 4.1324816853e+02
W 6.5811259578e-02 1.1497569954e+13 6.5509007210e-04 4.7293851949e+02
W 6.5811259578e-02 1.4508287785e+13 6.6507727416e-04 5.3399730166e+02
W 6.5811259578e-02 1.8307382803e+13 6.9111195691e-04 6.1112888693e+02
W 6.5811259578e-02 2.3101297001e+13 6.9605618846e-04 6.9002875244e+02
W 6.5811259578e-02 2.9150530628e+13 6.9757484403e-04 7.7911499420e+02
W 6.5811259578e-02 3.6783797718e+13 7.1412190535e-04 8.9165184490e+02
W 6.5811259578e-02 4.6415888336e+13 7.0690676955e-04 1.0067686593e+03
W 6.5811259578e-02 5.8570208181e+13 6.9442398548e-04 1.1367476433e+03
W 6.5811259578e-02 7.3907220335e+13 6.9462081870e-04 1.3009416336e+03
W 6.5811259578e-02 9.3260334688e+13 6.6937851105e-04 1.4688998534e+03
W 6.5811259578e-02 1.1768119524e+14 6.5479259385e-04 1.6810705404e+03
W 6.5811259578e-02 1.4849682623e+14 6.1481860857e-04 1.8981053466e+03
W 6.5811259578e-02 1.8738174229e+14 5.6794632399e-04 2.1431604565e+03
W 6.5811259578e-02 2.3644894126e+14 5.2881788166e-04 2.4527226266e+03
W 6.5811259578e-02 2.9836472403e+14 4.6869196804e-04 2.7693816645e+03
W 6.5811259578e-02 3.7649358068e+14 4.1572812186e-04 3.1693964161e+03
W 6.5811259578e-02 4.7508101621e+14 3.4804465863e-04 3.5785817064e+03
W 6.5811259578e-02 5.9948425032e+14 2.8097866665e-04 4.0405949108e+03
W 6.5811259578e-02 7.5646332755e+14 2.2323812233e-04 4.6242261201e+03
W 6.5811259578e-02 9.5454845666e+14 1.6410684448e-04 5.2212373672e+03
W 6.5811259578e-02 1.2045035403e+15 1.1672485003e-04 5.9754028171e+03
W 6.5811259578e-02 1.5199110830e+15 7.5220708402e-05 6.7468578877e+03
W 6.5811259578e-02 1.9179102617e+15 4.5673370519e-05 7.7213868654e+03
W 6.5811259578e-02 2.4201282648e+15 2.4333187135e-05 8.7182574082e+03
W 6.5811259578e-02 3.0538555088e+15 1.1463908613e-05 9.8438290376e+03
W 6.5811259578e-02 3.8535285937e+15 4.7977925281e-06 1.1265690415e+04
W 6.5811259578e-02 4.8626015801e+15 1.6409689495e-06 1.2720148677e+04
W 6.5811259578e-02 6.1359072734e+15 4.6472640540e-07 1.4557471130e+04
W 6.5811259578e-02 7.7426368268e+15 9.7737434340e-08 1.6436915121e+04
W 6.5811259578e-02 9.7700995730e+15 1.5042067538e-08 1.8811094384e+04
W 6.5811259578e-02 1.2328467394e+16 1.4808938863e-09 2.1239702897e+04
W 6.5811259578e-02 1.5556761439e+16 8.9880571674e-11 2.4307605956e+04
W 6.5811259578e-02 1.9630406500e+16 2.8770608643e-12 2.7445842229e+04
W 6.5811259578e-02 2.4770763560e+16 4.5573771025e-14 3.1410171850e+04
W 6.5811259578e-02 3.1257158497e+16 2.9380936833e-16 3.5465385714e+04
W 6.5811259578e-02 3.9442060594e+16 6.6313394673e-19 4.0044148431e+04
W 6.5811259578e-02 4.9770235643e+16 4.2800299422e-22 4.5828201346e+04
W 6.5811259578e-02 6.2802914418e+16 5.5435505375e-26 5.1744856573e+04
W 6.5811259578e-02 7.9248289835e+16 1.0252257062e-30 5.9218982013e+04
W 6.5811259578e-02 1.0000000000e+17 1.5291951772e-36 6.6864455523e+04
W 7.0567968933e-02 1.2618568831e+07 4.8948034795e-05 2.5771091476e-01
W 7.0567968933e-02 1.5922827933e+07 5.1841029406e-05 2.9493516915e-01
W 7.0567968933e-02 2.0092330026e+07 5.4916066459e-05 3.3753616559e-01
W 7.0567968933e-02 2.5353644940e+07 5.6636268471e-05 3.8111381122e-01
W 7.0567968933e-02 3.1992671378e+07 6.0020199472e-05 4.3616261454e-01
W 7.0567968933e-02 4.0370172586e+07 6.3619426419e-05 4.9916277164e-01
W 7.0567968933e-02 5.0941380148e+07 6.5652832907e-05 5.6360723890e-01
W 7.0567968933e-02 6.4280731173e+07 6.9618824219e-05 6.4501573980e-01
W 7.0567968933e-02 8.1113083079e+07 7.3839917910e-05 7.3818303930e-01
W 7.0567968933e-02 1.0235310219e+08 7.6248058849e-05 8.3348624582e-01
W 7.0567968933e-02 1.2915496650e+08 8.0905380807e-05 9.5387658345e-01
W 7.0567968933e-02 1.6297508346e+08 8.3579539630e-05 1.0770269299e+00
W 7.0567968933e-02 2.0565123083e+08 8.8722616143e-05 1.2325947469e+00
W 7.0567968933e-02 2.5950242114e+08 9.4202417353e-05 1.4106330750e+00
W 7.0567968933e-02 3.2745491629e+08 9.7378830768e-05 1.5927530210e+00
W 7.0567968933e-02 4.1320124001e+08 1.0343784678e-04 1.8228132949e+00
W 7.0567968933e-02 5.2140082880e+08 1.0697180294e-04 2.0581478158e+00
W 7.0567968933e-02 6.5793322466e+08 1.1367669886e-04 2.3554305985e+00
W 7.0567968933e-02 8.3021756813e+08 1.1761105123e-04 2.6595287378e+00
W 7.0567968933e-02 1.0476157528e+09 1.2503639014e-04 3.0436761240e+00
W 7.0567968933e-02 1.3219411485e+09 1.2941905302e-04 3.4366302814e+00
W 7.0567968933e-02 1.6681005372e+09 1.3764809460e-04 3.9330236916e+00
W 7.0567968933e-02 2.1049041445e+09 1.4253247185e-04 4.4407971694e+00
W 7.0567968933e-02 2.6560877829e+09 1.5165797491e-04 5.0822343536e+00
W 7.0567968933e-02 3.3516026509e+09 1.5710333772e-04 5.7383768066e+00
W 7.0567968933e-02 4.2292428744e+09 1.6722832800e-04 6.5672388601e+00
W 7.0567968933e-02 5.3366992312e+09 1.7330009021e-04 7.4151029914e+00
W 7.0567968933e-02 6.7341506578e+09 1.8453851619e-04 8.4861545621e+00
W 7.0567968933e-02 8.4975343591e+09 1.9130834565e-04 9.5817605267e+00
W 7.0567968933e-02 1.0722672220e+10 2.0378552296e-04 1.0965768230e+01
W 7.0567968933e-02 1.3530477746e+10 2.1133116553e-04 1.2381505004e+01
W 7.0567968933e-02 1.7073526475e+10 2.1918888696e-04 1.3980020637e+01
W 7.0567968933e-02 2.1544346900e+10 2.3358853373e-04 1.5999321391e+01
W 7.0567968933e-02 2.7185882427e+10 2.4233646133e-04 1.8064915626e+01
W 7.0567968933e-02 3.4304692863e+10 2.5831559885e-04 2.0674246377e+01
W 7.0567968933e-02 4.3287612811e+10 2.6804123402e-04 2.3343397343e+01
W 7.0567968933e-02 5.4622772177e+10 2.7815142637e-04 2.6357149352e+01
W 7.0567968933e-02 6.8926121044e+10 2.9655016260e-04 3.0164226104e+01
W 7.0567968933e-02 8.6974900262e+10 3.0775359792e-04 3.4058581998e+01
W 7.0567968933e-02 1.0974987655e+11 3.2811084737e-04 3.8978068320e+01
W 7.0567968933e-02 1.3848863714e+11 3.4048526989e-04 4.4010336332e+01
W 7.0567968933e-02 1.7475284000e+11 3.5329580932e-04 4.9692295885e+01
W 7.0567968933e-02 2.2051307399e+11 3.7656603689e-04 5.6869945558e+01
W 7.0567968933e-02 2.7825594022e+11 3.9061397877e-04 6.4212146446e+01
W 7.0567968933e-02 3.5111917342e+11 4.1617136751e-04 7.3487070933e+01
W 7.0567968933e-02 4.4306214576e+11 4.3146960627e-04 8.2974627711e+01
W 7.0567968933e-02 5.5908101825e+11 4.4716774232e-04 9.3687076602e+01
W 7.0567968933e-02 7.0548023107e+11 4.7590225256e-04 1.0721941603e+02
W 7.0567968933e-02 8.9021508545e+11 4.9273818938e-04 1.2106199111e+02
W 7.0567968933e-02 1.1233240330e+12 5.2379333523e-04 1.3854841522e+02
W 7.0567968933e-02 1.4174741629e+12 5.4157968551e-04 1.5643572437e+02
W 7.0567968933e-02 1.7886495291e+12 5.5948243640e-04 1.7663237663e+02
W 7.0567968933e-02 2.2570197196e+12 5.9318167864e-04 2.0214549285e+02
W 7.0567968933e-02 2.8480358684e+12 6.1144404234e-04 2.2824351004e+02
W 7.0567968933e-02 3.5938136638e+12 6.2940498849e-04 2.5771091476e+02
W 7.0567968933e-02 4.5348785081e+12 6.6455858931e-04 2.9493516915e+02
W 7.0567968933e-02 5.7223676594e+12 6.8174423504e-04 3.3301280821e+02
W 7.0567968933e-02 7.2208090184e+12 7.1698430584e-04 3.8111381122e+02
W 7.0567968933e-02 9.1116275612e+12 7.3218280931e-04 4.3031755383e+02
W 7.0567968933e-02 1.1497569954e+13 7.4560349320e-04 4.8587375130e+02
W 7.0567968933e-02 1.4508287785e+13 7.7751179704e-04 5.5605427949e+02
W 7.0567968933e-02 1.8307382803e+13 7.8625541298e-04 6.2784373144e+02
W 7.0567968933e-02 2.3101297001e+13 7.9167555636e-04 7.0890156889e+02
W 7.0567968933e-02 2.9150530628e+13 8.1486799172e-04 8.1129665897e+02
W 7.0567968933e-02 3.6783797718e+13 8.1172725761e-04 9.1603920781e+02
W 7.0567968933e-02 4.6415888336e+13 8.2520534163e-04 1.0483536522e+03
W 7.0567968933e-02 5.8570208181e+13 8.1030572310e-04 1.1837014715e+03
W 7.0567968933e-02 7.3907220335e+13 7.8859813603e-04 1.3365233867e+03
W 7.0567968933e-02 9.3260334688e+13 7.8032584289e-04 1.5295733651e+03
W 7.0567968933e-02 1.1768119524e+14 7.4257110292e-04 1.7270491110e+03
W 7.0567968933e-02 1.4849682623e+14 7.1583968590e-04 1.9765073674e+03
W 7.0567968933e-02 1.8738174229e+14 6.6077496211e-04 2.2316845792e+03
W 7.0567968933e-02 2.3644894126e+14 5.9836601540e-04 2.5198064745e+03
W 7.0567968933e-02 2.9836472403e+14 5.4431322369e-04 2.8837721114e+03
W 7.0567968933e-02 3.7649358068e+14 4.6943339015e-04 3.2560818428e+03
W 7.0567968933e-02 4.7508101621e+14 4.0324620114e-04 3.7263964933e+03
W 7.0567968933e-02 5.9948425032e+14 3.2507134244e-04 4.2074933428e+03
W 7.0567968933e-02 7.5646332755e+14 2.5097399234e-04 4.7507022567e+03
W 7.0567968933e-02 9.5454845666e+14 1.8917606041e-04 5.4369027208e+03
W 7.0567968933e-02 1.2045035403e+15 1.3068031335e-04 6.1388346743e+03
W 7.0567968933e-02 1.5199110830e+15 8.6291767545e-05 7.0255396233e+03
W 7.0567968933e-02 1.9179102617e+15 5.0845480681e-05 7.9325727276e+03
W 7.0567968933e-02 2.4201282648e+15 2.6992216724e-05 8.9567084455e+03
W 7.0567968933e-02 3.0538555088e+15 1.3009886932e-05 1.0250432438e+04
W 7.0567968933e-02 3.8535285937e+15 5.2738301392e-06 1.1573815702e+04
W 7.0567968933e-02 4.8626015801e+15 1.8423749922e-06 1.3245559641e+04
W 7.0567968933e-02 6.1359072734e+15 5.0437216954e-07 1.4955629148e+04
W 7.0567968933e-02 7.7426368268e+15 1.0807661435e-07 1.7115848650e+04
W 7.0567968933e-02 9.7700995730e+15 1.6029414514e-08 1.9325592266e+04
W 7.0567968933e-02 1.2328467394e+16 1.6017775217e-09 2.2117017547e+04
W 7.0567968933e-02 1.5556761439e+16 9.3255278156e-11 2.4972437651e+04
W 7.0567968933e-02 1.9630406500e+16 2.9328083456e-12 2.8196507098e+04
W 7.0567968933e-02 2.4770763560e+16 4.5477775668e-14 3.2269264179e+04
W 7.0567968933e-02 3.1257158497e+16 2.8576688633e-16 3.6435391257e+04
W 7.0567968933e-02 3.9442060594e+16 6.4246794963e-19 4.1698188426e+04
W 7.0567968933e-02 4.9770235643e+16 3.8885299402e-22 4.7081637858e+04
W 7.0567968933e-02 6.2802914418e+16 4.9456193448e-26 5.3882199122e+04
W 7.0567968933e-02 7.9248289835e+16 8.4259752145e-31 6.0838666662e+04
W 7.0567968933e-02 1.0000000000e+17 1.2068648324e-36 6.9626319316e+04
W 7.5668483953e-02 1.2618568831e+07 5.8956345287e-05 2.7200088213e-01
W 7.5668483953e-02 1.5922827933e+07 6.0778442341e-05 3.0711758742e-01
W 7.5668483953e-02 2.0092330026e+07 6.4383518507e-05 3.5147823552e-01
W 7.5668483953e-02 2.5353644940e+07 6.8216263696e-05 4.0224641994e-01
W 7.5668483953e-02 3.1992671378e+07 7.0367344898e-05 4.5417849044e-01
W 7.5668483953e-02 4.0370172586e+07 7.4586903544e-05 5.1978089490e-01
W 7.5668483953e-02 5.0941380148e+07 7.9075884298e-05 5.9485903535e-01
W 7.5668483953e-02 6.4280731173e+07 8.1620158229e-05 6.7165837980e-01
W 7.5668483953e-02 8.1113083079e+07 8.6568673146e-05 7.6867399286e-01
W 7.5668483953e-02 1.0235310219e+08 8.9391668700e-05 8.6791373747e-01
W 7.5668483953e-02 1.2915496650e+08 9.4851507398e-05 9.9327684744e-01
W 7.5668483953e-02 1.6297508346e+08 1.0066627678e-04 1.1367476433e+00
W 7.5668483953e-02 2.0565123083e+08 1.0401546984e-04 1.2835075790e+00
W 7.5668483953e-02 2.5950242114e+08 1.1043934220e-04 1.4688998534e+00
W 7.5668483953e-02 3.2745491629e+08 1.1416272596e-04 1.6585423386e+00
W 7.5668483953e-02 4.1320124001e+08 1.2126545155e-04 1.8981053466e+00
W 7.5668483953e-02 5.2140082880e+08 1.2540781281e-04 2.1431604565e+00
W 7.5668483953e-02 6.5793322466e+08 1.3326748372e-04 2.4527226266e+00
W 7.5668483953e-02 8.3021756813e+08 1.3787900269e-04 2.7693816645e+00
W 7.5668483953e-02 1.0476157528e+09 1.4658295097e-04 3.1693964161e+00
W 7.5668483953e-02 1.3219411485e+09 1.5171972296e-04 3.5785817064e+00
W 7.5668483953e-02 1.6681005372e+09 1.6136545096e-04 4.0954788502e+00
W 7.5668483953e-02 2.1049041445e+09 1.6708998353e-04 4.6242261201e+00
W 7.5668483953e-02 2.6560877829e+09 1.7778609699e-04 5.2921581306e+00
W 7.5668483953e-02 3.3516026509e+09 1.8416774548e-04 5.9754028171e+00
W 7.5668483953e-02 4.2292428744e+09 1.9603484351e-04 6.8385013580e+00
W 7.5668483953e-02 5.3366992312e+09 2.0315012436e-04 7.7213868654e+00
W 7.5668483953e-02 6.7341506578e+09 2.1632155486e-04 8.8366786611e+00
W 7.5668483953e-02 8.4975343591e+09 2.2425426349e-04 9.9775390799e+00
W 7.5668483953e-02 1.0722672220e+10 2.3251710517e-04 1.1265690415e+01
W 7.5668483953e-02 1.3530477746e+10 2.4771761467e-04 1.2892928152e+01
W 7.5668483953e-02 1.7073526475e+10 2.5692378740e-04 1.4557471130e+01
W 7.5668483953e-02 2.1544346900e+10 2.7379728035e-04 1.6660179931e+01
W 7.5668483953e-02 2.7185882427e+10 2.8404524626e-04 1.8811094384e+01
W 7.5668483953e-02 3.4304692863e+10 2.9470741999e-04 2.1239702897e+01
W 7.5668483953e-02 4.3287612811e+10 3.1415966608e-04 2.4307605956e+01
W 7.5668483953e-02 5.4622772177e+10 3.2600095651e-04 2.7445842229e+01
W 7.5668483953e-02 6.8926121044e+10 3.4755502435e-04 3.1410171850e+01
W 7.5668483953e-02 8.6974900262e+10 3.6067441485e-04 3.5465385714e+01
W 7.5668483953e-02 1.0974987655e+11 3.7428265628e-04 4.0044148431e+01
W 7.5668483953e-02 1.3848863714e+11 3.9900710628e-04 4.5828201346e+01
W 7.5668483953e-02 1.7475284000e+11 4.1400337331e-04 5.1744856573e+01
W 7.5668483953e-02 2.2051307399e+11 4.4125349421e-04 5.9218982013e+01
W 7.5668483953e-02 2.7825594022e+11 4.5769354587e-04 6.6864455523e+01
W 7.5668483953e-02 3.5111917342e+11 4.7463381286e-04 7.5496998774e+01
W 7.5668483953e-02 4.4306214576e+11 5.0551226745e-04 8.6401928782e+01
W 7.5668483953e-02 5.5908101825e+11 5.2387306478e-04 9.7556859773e+01
W 7.5668483953e-02 7.0548023107e+11 5.4265817727e-04 1.1015194942e+02
W 7.5668483953e-02 8.9021508545e+11 5.7718187415e-04 1.2606250637e+02
W 7.5668483953e-02 1.1233240330e+12 5.9717814176e-04 1.4233782081e+02
W 7.5668483953e-02 1.4174741629e+12 6.3429030052e-04 1.6289736620e+02
W 7.5668483953e-02 1.7886495291e+12 6.5519659167e-04 1.8392824948e+02
W 7.5668483953e-02 2.2570197196e+12 6.7609803732e-04 2.0767432736e+02
W 7.5668483953e-02 2.8480358684e+12 7.1589372323e-04 2.3767120195e+02
W 7.5668483953e-02 3.5938136638e+12 7.3683165606e-04 2.6835576992e+02
W 7.5668483953e-02 4.5348785081e+12 7.5717006142e-04 3.0300187259e+02
W 7.5668483953e-02 5.7223676594e+12 7.9787546472e-04 3.4676803901e+02
W 7.5668483953e-02 7.2208090184e+12 8.1664339388e-04 3.9153756672e+02
W 7.5668483953e-02 9.1116275612e+12 8.5660649304e-04 4.4809199709e+02
W 7.5668483953e-02 1.1497569954e+13 8.7213048526e-04 5.0594296612e+02
W 7.5668483953e-02 1.4508287785e+13 8.8504185666e-04 5.7126279118e+02
W 7.5668483953e-02 1.8307382803e+13 9.1924307133e-04 6.5377707459e+02
W 7.5668483953e-02 2.3101297001e+13 9.2532176833e-04 7.3818303930e+02
W 7.5668483953e-02 2.9150530628e+13 9.2678484872e-04 8.3348624582e+02
W 7.5668483953e-02 3.6783797718e+13 9.4813368657e-04 9.5387658345e+02
W 7.5668483953e-02 4.6415888336e+13 9.3785075173e-04 1.0770269299e+03
W 7.5668483953e-02 5.8570208181e+13 9.4569217532e-04 1.2325947469e+03
W 7.5668483953e-02 7.3907220335e+13 9.1990623264e-04 1.3917290340e+03
W 7.5668483953e-02 9.3260334688e+13 8.8553356749e-04 1.5714083716e+03
W 7.5668483953e-02 1.1768119524e+14 8.6519665715e-04 1.7983855837e+03
W 7.5668483953e-02 1.4849682623e+14 8.1127318879e-04 2.0305663622e+03
W 7.5668483953e-02 1.8738174229e+14 7.4826773387e-04 2.2927228668e+03
W 7.5668483953e-02 2.3644894126e+14 6.9549409148e-04 2.6238881157e+03
W 7.5668483953e-02 2.9836472403e+14 6.1518470687e-04 2.9626454939e+03
W 7.5668483953e-02 3.7649358068e+14 5.4441945626e-04 3.3905756404e+03
W 7.5668483953e-02 4.7508101621e+14 4.5459011407e-04 3.8283162999e+03
W 7.5668483953e-02 5.9948425032e+14 3.6588850062e-04 4.3225715179e+03
W 7.5668483953e-02 7.5646332755e+14 2.8969038499e-04 4.9469319642e+03
W 7.5668483953e-02 9.5454845666e+14 2.1210309006e-04 5.5856061867e+03
W 7.5668483953e-02 1.2045035403e+15 1.5016167452e-04 6.3924017614e+03
W 7.5668483953e-02 1.5199110830e+15 9.6244645268e-05 7.2176935289e+03
W 7.5668483953e-02 1.9179102617e+15 5.6523800463e-05 8.1495346853e+03
W 7.5668483953e-02 2.4201282648e+15 3.0708913953e-05 9.3266689659e+03
W 7.5668483953e-02 3.0538555088e+15 1.4342339029e-05 1.0530789640e+04
W 7.5668483953e-02 3.8535285937e+15 5.9413560172e-06 1.2051876912e+04
W 7.5668483953e-02 4.8626015801e+15 2.0076776299e-06 1.3607835872e+04
W 7.5668483953e-02 6.1359072734e+15 5.6045909506e-07 1.5573377552e+04
W 7.5668483953e-02 7.7426368268e+15 1.1585648196e-07 1.7583980259e+04
W 7.5668483953e-02 9.7700995730e+15 1.7463892816e-08 2.0123843791e+04
W 7.5668483953e-02 1.2328467394e+16 1.6766507580e-09 2.2721934967e+04
W 7.5668483953e-02 1.5556761439e+16 9.6086322317e-11 2.5655453004e+04
W 7.5668483953e-02 1.9630406500e+16 3.0458829479e-12 2.9361175402e+04
W 7.5668483953e-02 2.4770763560e+16 4.4929433945e-14 3.3151853343e+04
W 7.5668483953e-02 3.1257158497e+16 2.8212856550e-16 3.7940370054e+04
W 7.5668483953e-02 3.9442060594e+16 5.9716781527e-19 4.2838665911e+04
W 7.5668483953e-02 4.9770235643e+16 3.5668169180e-22 4.9026364243e+04
W 7.5668483953e-02 6.2802914418e+16 4.2055885927e-26 5.5355918659e+04
W 7.5668483953e-02 7.9248289835e+16 6.9366246364e-31 6.3351632771e+04
W 7.5668483953e-02 1.0000000000e+17 8.9915467905e-37 7.1530652635e+04
W 8.1137654240e-02 1.2618568831e+07 6.9157873397e-05 2.8323599026e-01
W 8.1137654240e-02 1.5922827933e+07 7.3245128100e-05 3.2414713507e-01
W 8.1137654240e-02 2.0092330026e+07 7.5523900278e-05 3.6599618837e-01
W 8.1137654240e-02 2.5353644940e+07 8.0019683283e-05 4.1886137350e-01
W 8.1137654240e-02 3.1992671378e+07 8.4800404616e-05 4.7936250646e-01
W 8.1137654240e-02 4.0370172586e+07 8.7492254397e-05 5.4125065821e-01
W 8.1137654240e-02 5.0941380148e+07 9.2757707799e-05 6.1942993208e-01
W 8.1137654240e-02 6.4280731173e+07 9.5741934861e-05 6.9940150499e-01
W 8.1137654240e-02 8.1113083079e+07 1.0154633036e-04 8.0042438779e-01
W 8.1137654240e-02 1.0235310219e+08 1.0772533473e-04 9.1603920781e-01
W 8.1137654240e-02 1.2915496650e+08 1.1126145927e-04 1.0343045555e+00
W 8.1137654240e-02 1.6297508346e+08 1.1808176608e-04 1.1837014715e+00
W 8.1137654240e-02 2.0565123083e+08 1.2200986335e-04 1.3365233867e+00
W 8.1137654240e-02 2.5950242114e+08 1.2954445568e-04 1.5295733651e+00
W 8.1137654240e-02 3.2745491629e+08 1.3391128993e-04 1.7270491110e+00
W 8.1137654240e-02 4.1320124001e+08 1.4224192247e-04 1.9765073674e+00
W 8.1137654240e-02 5.2140082880e+08 1.4709997023e-04 2.2316845792e+00
W 8.1137654240e-02 6.5793322466e+08 1.5631816380e-04 2.5540333419e+00
W 8.1137654240e-02 8.3021756813e+08 1.6172621053e-04 2.8837721114e+00
W 8.1137654240e-02 1.0476157528e+09 1.7193429984e-04 3.3003096366e+00
W 8.1137654240e-02 1.3219411485e+09 1.7795804656e-04 3.7263964933e+00
W 8.1137654240e-02 1.6681005372e+09 1.8927026402e-04 4.2646442859e+00
W 8.1137654240e-02 2.1049041445e+09 1.9598290344e-04 4.8152316789e+00
W 8.1137654240e-02 2.6560877829e+09 2.0852646382e-04 5.5107528953e+00
W 8.1137654240e-02 3.3516026509e+09 2.1600918207e-04 6.2222192842e+00
W 8.1137654240e-02 4.2292428744e+09 2.2380409951e-04 7.0255396233e+00
W 8.1137654240e-02 5.3366992312e+09 2.3826764554e-04 8.0403219206e+00
W 8.1137654240e-02 6.7341506578e+09 2.4695796875e-04 9.0783686106e+00
W 8.1137654240e-02 8.4975343591e+09 2.6301241079e-04 1.0389665429e+01
W 8.1137654240e-02 1.0722672220e+10 2.7269894211e-04 1.1731024384e+01
W 8.1137654240e-02 1.3530477746e+10 2.9052123458e-04 1.3425475844e+01
W 8.1137654240e-02 1.7073526475e+10 3.0131249281e-04 1.5158773453e+01
W 8.1137654240e-02 2.1544346900e+10 3.1254630388e-04 1.7115848650e+01
W 8.1137654240e-02 2.7185882427e+10 3.3310561443e-04 1.9588094363e+01
W 8.1137654240e-02 3.4304692863e+10 3.4560112679e-04 2.2117017547e+01
W 8.1137654240e-02 4.3287612811e+10 3.6840312090e-04 2.5311641602e+01
W 8.1137654240e-02 5.4622772177e+10 3.8227826737e-04 2.8579504013e+01
W 8.1137654240e-02 6.8926121044e+10 3.9669104634e-04 3.2269264179e+01
W 8.1137654240e-02 8.6974900262e+10 4.2291067139e-04 3.6930298034e+01
W 8.1137654240e-02 1.0974987655e+11 4.3885144032e-04 4.1698188426e+01
W 8.1137654240e-02 1.3848863714e+11 4.5536840548e-04 4.7081637858e+01
W 8.1137654240e-02 1.7475284000e+11 4.8538531213e-04 5.3882199122e+01
W 8.1137654240e-02 2.2051307399e+11 5.0353805908e-04 6.0838666662e+01
W 8.1137654240e-02 2.7825594022e+11 5.3655726369e-04 6.9626319316e+01
W 8.1137654240e-02 3.5111917342e+11 5.5638631753e-04 7.8615433311e+01
W 8.1137654240e-02 4.4306214576e+11 5.7677321442e-04 8.8765087906e+01
W 8.1137654240e-02 5.5908101825e+11 6.1403092858e-04 1.0158648593e+02
W 8.1137654240e-02 7.0548023107e+11 6.3600424042e-04 1.1470182092e+02
W 8.1137654240e-02 8.9021508545e+11 6.5840671011e-04 1.2951041276e+02
W 8.1137654240e-02 1.1233240330e+12 6.9979002432e-04 1.4821714295e+02
W 8.1137654240e-02 1.4174741629e+12 7.2342453787e-04 1.6735273430e+02
W 8.1137654240e-02 1.7886495291e+12 7.6762972227e-04 1.9152548135e+02
W 8.1137654240e-02 2.2570197196e+12 7.9203032326e-04 2.1625240073e+02
W 8.1137654240e-02 2.8480358684e+12 8.1622367619e-04 2.4417169190e+02
W 8.1137654240e-02 3.5938136638e+12 8.6295796183e-04 2.7944031520e+02
W 8.1137654240e-02 4.5348785081e+12 8.8664731013e-04 3.1551748936e+02
W 8.1137654240e-02 5.7223676594e+12 9.0929198698e-04 3.5625241125e+02
W 8.1137654240e-02 7.2208090184e+12 9.5596423060e-04 4.0771018670e+02
W 8.1137654240e-02 9.1116275612e+12 9.7585601708e-04 4.6034765743e+02
W 8.1137654240e-02 1.1497569954e+13 9.9332309251e-04 5.1978089490e+02
W 8.1137654240e-02 1.4508287785e+13 1.0353468867e-03 5.9485903535e+02
W 8.1137654240e-02 1.8307382803e+13 1.0464444616e-03 6.7165837980e+02
W 8.1137654240e-02 2.3101297001e+13 1.0818487608e-03 7.6867399286e+02
W 8.1137654240e-02 2.9150530628e+13 1.0831954906e-03 8.6791373747e+02
W 8.1137654240e-02 3.6783797718e+13 1.0782408791e-03 9.7996584076e+02
W 8.1137654240e-02 4.6415888336e+13 1.0952576331e-03 1.1215139695e+03
W 8.1137654240e-02 5.8570208181e+13 1.0745063886e-03 1.2663071600e+03
W 8.1137654240e-02 7.3907220335e+13 1.0446547665e-03 1.4297938922e+03
W 8.1137654240e-02 9.3260334688e+13 1.0325092287e-03 1.6363160397e+03
W 8.1137654240e-02 1.1768119524e+14 9.8127899961e-04 1.8475728109e+03
W 8.1137654240e-02 1.4849682623e+14 9.4456650345e-04 2.1144397396e+03
W 8.1137654240e-02 1.8738174229e+14 8.7045623347e-04 2.3874247263e+03
W 8.1137654240e-02 2.3644894126e+14 7.8675151057e-04 2.6956534713e+03
W 8.1137654240e-02 2.9836472403e+14 7.1413699550e-04 3.0850187826e+03
W 8.1137654240e-02 3.7649358068e+14 6.1437605076e-04 3.4833104887e+03
W 8.1137654240e-02 4.7508101621e+14 5.1225070620e-04 3.9330236916e+03
W 8.1137654240e-02 5.9948425032e+14 4.2286000120e-04 4.5011171095e+03
W 8.1137654240e-02 7.5646332755e+14 3.2525024589e-04 5.0822343536e+03
W 8.1137654240e-02 9.5454845666e+14 2.4410222466e-04 5.8163219439e+03
W 8.1137654240e-02 1.2045035403e+15 1.6777653582e-04 6.5672388601e+03
W 8.1137654240e-02 1.5199110830e+15 1.0720840517e-04 7.4151029914e+03
W 8.1137654240e-02 1.9179102617e+15 6.4455652531e-05 8.4861545621e+03
W 8.1137654240e-02 2.4201282648e+15 3.3944630564e-05 9.5817605267e+03
W 8.1137654240e-02 3.0538555088e+15 1.6207997509e-05 1.0965768230e+04
W 8.1137654240e-02 3.8535285937e+15 6.4981210094e-06 1.2381505004e+04
W 8.1137654240e-02 4.8626015801e+15 2.2406519133e-06 1.4169913121e+04
W 8.1137654240e-02 6.1359072734e+15 6.0395825632e-07 1.5999321391e+04
W 8.1137654240e-02 7.7426368268e+15 1.2364887068e-07 1.8064915626e+04
W 8.1137654240e-02 9.7700995730e+15 1.8422813226e-08 2.0674246377e+04
W 8.1137654240e-02 1.2328467394e+16 1.7439927395e-09 2.3343397343e+04
W 8.1137654240e-02 1.5556761439e+16 1.0094561110e-10 2.6715162026e+04
W 8.1137654240e-02 1.9630406500e+16 3.0513176769e-12 3.0164226104e+04
W 8.1137654240e-02 2.4770763560e+16 4.5108104869e-14 3.4521204259e+04
W 8.1137654240e-02 3.1257158497e+16 2.6759936657e-16 3.8978068320e+04
W 8.1137654240e-02 3.9442060594e+16 5.6135247132e-19 4.4608134598e+04
W 8.1137654240e-02 4.9770235643e+16 3.1249973082e-22 5.0367272966e+04
W 8.1137654240e-02 6.2802914418e+16 3.5914291658e-26 5.7642417611e+04
W 8.1137654240e-02 7.9248289835e+16 5.4079196871e-31 6.5084348593e+04
W 8.1137654240e-02 1.0000000000e+17 6.6572766518e-37 7.4485255616e+04
W 8.7002125478e-02 1.2618568831e+07 8.1170924947e-05 2.9493516915e-01
W 8.7002125478e-02 1.5922827933e+07 8.5968014797e-05 3.3753616559e-01
W 8.7002125478e-02 2.0092330026e+07 9.1066894089e-05 3.8629053094e-01
W 8.7002125478e-02 2.5353644940e+07 9.3918968916e-05 4.3616261454e-01
W 8.7002125478e-02 3.1992671378e+07 9.9529871460e-05 4.9916277164e-01
W 8.7002125478e-02 4.0370172586e+07 1.0268903148e-04 5.6360723890e-01
W 8.7002125478e-02 5.0941380148e+07 1.0886876216e-04 6.4501573980e-01
W 8.7002125478e-02 6.4280731173e+07 1.1544441843e-04 7.3818303930e-01
W 8.7002125478e-02 8.1113083079e+07 1.1918313808e-04 8.3348624582e-01
W 8.7002125478e-02 1.0235310219e+08 1.2643487905e-04 9.5387658345e-01
W 8.7002125478e-02 1.2915496650e+08 1.3058464744e-04 1.0770269299e+00
W 8.7002125478e-02 1.6297508346e+08 1.3858887978e-04 1.2325947469e+00
W 8.7002125478e-02 2.0565123083e+08 1.4319851060e-04 1.3917290340e+00
W 8.7002125478e-02 2.5950242114e+08 1.5204083135e-04 1.5927530210e+00
W 8.7002125478e-02 3.2745491629e+08 1.5716515317e-04 1.7983855837e+00
W 8.7002125478e-02 4.1320124001e+08 1.6694143589e-04 2.0581478158e+00
W 8.7002125478e-02 5.2140082880e+08 1.7264196453e-04 2.3238652272e+00
W 8.7002125478e-02 6.5793322466e+08 1.8345952107e-04 2.6595287378e+00
W 8.7002125478e-02 8.3021756813e+08 1.8980515471e-04 3.0028875026e+00
W 8.7002125478e-02 1.0476157528e+09 2.0178395761e-04 3.4366302814e+00
W 8.7002125478e-02 1.3219411485e+09 2.0885168200e-04 3.8803168307e+00
W 8.7002125478e-02 1.6681005372e+09 2.2212562706e-04 4.4407971694e+00
W 8.7002125478e-02 2.1049041445e+09 2.3000118285e-04 5.0141268007e+00
W 8.7002125478e-02 2.6560877829e+09 2.3820427970e-04 5.6614762203e+00
W 8.7002125478e-02 3.3516026509e+09 2.5349780966e-04 6.4792306068e+00
W 8.7002125478e-02 4.2292428744e+09 2.6264218998e-04 7.3157324225e+00
W 8.7002125478e-02 5.3366992312e+09 2.7961182631e-04 8.3724307193e+00
W 8.7002125478e-02 6.7341506578e+09 2.8980577438e-04 9.4533543540e+00
W 8.7002125478e-02 8.4975343591e+09 3.0864073045e-04 1.0818814826e+01
W 8.7002125478e-02 1.0722672220e+10 3.2000214580e-04 1.2215579163e+01
W 8.7002125478e-02 1.3530477746e+10 3.3183362989e-04 1.3792672921e+01
W 8.7002125478e-02 1.7073526475e+10 3.5356524747e-04 1.5784912815e+01
W 8.7002125478e-02 2.1544346900e+10 3.6673912555e-04 1.7822825807e+01
W 8.7002125478e-02 2.7185882427e+10 3.8044838351e-04 2.0123843791e+01
W 8.7002125478e-02 3.4304692863e+10 4.0550526933e-04 2.3030570039e+01
W 8.7002125478e-02 4.3287612811e+10 4.2073998643e-04 2.6003934443e+01
W 8.7002125478e-02 5.4622772177e+10 4.4851371106e-04 2.9759992163e+01
W 8.7002125478e-02 6.8926121044e+10 4.6540847823e-04 3.3602159387e+01
W 8.7002125478e-02 8.6974900262e+10 4.8294354230e-04 3.7940370054e+01
W 8.7002125478e-02 1.0974987655e+11 5.1483405103e-04 4.3420549222e+01
W 8.7002125478e-02 1.3848863714e+11 5.3418841163e-04 4.9026364243e+01
W 8.7002125478e-02 1.7475284000e+11 5.5421683082e-04 5.5355918659e+01
W 8.7002125478e-02 2.2051307399e+11 5.9063975414e-04 6.3351632771e+01
W 8.7002125478e-02 2.7825594022e+11 6.1258217802e-04 7.1530652635e+01
W 8.7002125478e-02 3.5111917342e+11 6.5255640110e-04 8.1862676067e+01
W 8.7002125478e-02 4.4306214576e+11 6.7642398844e-04 9.2431566313e+01
W 8.7002125478e-02 5.5908101825e+11 7.0089862869e-04 1.0436495435e+02
W 8.7002125478e-02 7.0548023107e+11 7.4578003790e-04 1.1943962674e+02
W 8.7002125478e-02 8.9021508545e+11 7.7198519000e-04 1.3485989354e+02
W 8.7002125478e-02 1.1233240330e+12 7.9859083282e-04 1.5227099567e+02
W 8.7002125478e-02 1.4174741629e+12 8.4805774926e-04 1.7426530772e+02
W 8.7002125478e-02 1.7886495291e+12 8.7582623848e-04 1.9676385039e+02
W 8.7002125478e-02 2.2570197196e+12 9.0355815907e-04 2.2216707001e+02
W 8.7002125478e-02 2.8480358684e+12 9.5650063996e-04 2.5425730390e+02
W 8.7002125478e-02 3.5938136638e+12 9.8420213162e-04 2.8708322248e+02
W 8.7002125478e-02 4.5348785081e+12 1.0110591195e-03 3.2414713507e+02
W 8.7002125478e-02 5.7223676594e+12 1.0650540837e-03 3.7096756339e+02
W 8.7002125478e-02 7.2208090184e+12 1.0897005048e-03 4.1886137350e+02
W 8.7002125478e-02 9.1116275612e+12 1.1425548694e-03 4.7936250646e+02
W 8.7002125478e-02 1.1497569954e+13 1.1627301014e-03 5.4125065821e+02
W 8.7002125478e-02 1.4508287785e+13 1.1793462283e-03 6.1112888693e+02
W 8.7002125478e-02 1.8307382803e+13 1.2242313141e-03 6.9940150499e+02
W 8.7002125478e-02 2.3101297001e+13 1.2315551348e-03 7.8969781705e+02
W 8.7002125478e-02 2.9150530628e+13 1.2326411132e-03 8.9165184490e+02
W 8.7002125478e-02 3.6783797718e+13 1.2600517661e-03 1.0204437322e+03
W 8.7002125478e-02 4.6415888336e+13 1.2452976398e-03 1.1521882381e+03
W 8.7002125478e-02 5.8570208181e+13 1.2210823373e-03 1.3009416336e+03
W 8.7002125478e-02 7.3907220335e+13 1.2189311079e-03 1.4888521160e+03
W 8.7002125478e-02 9.3260334688e+13 1.1719304291e-03 1.6810705404e+03
W 8.7002125478e-02 1.1768119524e+14 1.1434135165e-03 1.9238875646e+03
W 8.7002125478e-02 1.4849682623e+14 1.0704520180e-03 2.1722712908e+03
W 8.7002125478e-02 1.8738174229e+14 9.8554433836e-04 2.4527226266e+03
W 8.7002125478e-02 2.3644894126e+14 9.1416478148e-04 2.8069985449e+03
W 8.7002125478e-02 2.9836472403e+14 8.0672214540e-04 3.1693964161e+03
W 8.7002125478e-02 3.7649358068e+14 6.9306783852e-04 3.5785817064e+03
W 8.7002125478e-02 4.7508101621e+14 5.9272584856e-04 4.0954788502e+03
W 8.7002125478e-02 5.9948425032e+14 4.7539785740e-04 4.6242261201e+03
W 8.7002125478e-02 7.5646332755e+14 3.7487292317e-04 5.2921581306e+03
W 8.7002125478e-02 9.5454845666e+14 2.7318947956e-04 5.9754028171e+03
W 8.7002125478e-02 1.2045035403e+15 1.8724026226e-04 6.7468578877e+03
W 8.7002125478e-02 1.5199110830e+15 1.2251537263e-04 7.7213868654e+03
W 8.7002125478e-02 1.9179102617e+15 7.1423291005e-05 8.7182574082e+03
W 8.7002125478e-02 2.4201282648e+15 3.8469865855e-05 9.9775390799e+03
W 8.7002125478e-02 3.0538555088e+15 1.7785891241e-05 1.1265690415e+04
W 8.7002125478e-02 3.8535285937e+15 7.2805834684e-06 1.2892928152e+04
W 8.7002125478e-02 4.8626015801e+15 2.4258237892e-06 1.4557471130e+04
W 8.7002125478e-02 6.1359072734e+15 6.4820807875e-07 1.6436915121e+04
W 8.7002125478e-02 7.7426368268e+15 1.3492401247e-07 1.8811094384e+04
W 8.7002125478e-02 9.7700995730e+15 1.9323186696e-08 2.1239702897e+04
W 8.7002125478e-02 1.2328467394e+16 1.8509152186e-09 2.4307605956e+04
W 8.7002125478e-02 1.5556761439e+16 1.0238271181e-10 2.7445842229e+04
W 8.7002125478e-02 1.9630406500e+16 3.1095747566e-12 3.1410171850e+04
W 8.7002125478e-02 2.4770763560e+16 4.3563460646e-14 3.5465385714e+04
W 8.7002125478e-02 3.1257158497e+16 2.5023802030e-16 4.0044148431e+04
W 8.7002125478e-02 3.9442060594e+16 5.0494319343e-19 4.5828201346e+04
W 8.7002125478e-02 4.9770235643e+16 2.6822762054e-22 5.1744856573e+04
W 8.7002125478e-02 6.2802914418e+16 2.9124235877e-26 5.9218982013e+04
W 8.7002125478e-02 7.9248289835e+16 4.0922350945e-31 6.6864455523e+04
W 8.7002125478e-02 1.0000000000e+17 4.6277464956e-37 7.6522484575e+04
W 9.3290469248e-02 1.2618568831e+07 9.5328085251e-05 3.0711758742e-01
W 9.3290469248e-02 1.5922827933e+07 1.0096166335e-04 3.5147823552e-01
W 9.3290469248e-02 2.0092330026e+07 1.0694962354e-04 4.0224641994e-01
W 9.3290469248e-02 2.5353644940e+07 1.1029887788e-04 4.5417849044e-01
W 9.3290469248e-02 3.1992671378e+07 1.1688806363e-04 5.1978089490e-01
W 9.3290469248e-02 4.0370172586e+07 1.2059786370e-04 5.8688726735e-01
W 9.3290469248e-02 5.0941380148e+07 1.2785495492e-04 6.7165837980e-01
W 9.3290469248e-02 6.4280731173e+07 1.3557693699e-04 7.6867399286e-01
W 9.3290469248e-02 8.1113083079e+07 1.3996716373e-04 8.6791373747e-01
W 9.3290469248e-02 1.0235310219e+08 1.4848294464e-04 9.9327684744e-01
W 9.3290469248e-02 1.2915496650e+08 1.5335571784e-04 1.1215139695e+00
W 9.3290469248e-02 1.6297508346e+08 1.6275496800e-04 1.2835075790e+00
W 9.3290469248e-02 2.0565123083e+08 1.6816755714e-04 1.4492149732e+00
W 9.3290469248e-02 2.5950242114e+08 1.7855072184e-04 1.6585423386e+00
W 9.3290469248e-02 3.2745491629e+08 1.8456744342e-04 1.8726686388e+00
W 9.3290469248e-02 4.1320124001e+08 1.9604701309e-04 2.1431604565e+00
W 9.3290469248e-02 5.2140082880e+08 2.0274001527e-04 2.4198534347e+00
W 9.3290469248e-02 6.5793322466e+08 2.1544188269e-04 2.7693816645e+00
W 9.3290469248e-02 8.3021756813e+08 2.2289195501e-04 3.1269230040e+00
W 9.3290469248e-02 1.0476157528e+09 2.3064843001e-04 3.5306247595e+00
W 9.3290469248e-02 1.3219411485e+09 2.4525423478e-04 4.0405949108e+00
W 9.3290469248e-02 1.6681005372e+09 2.5389494019e-04 4.5622563833e+00
W 9.3290469248e-02 2.1049041445e+09 2.7008435960e-04 5.2212373672e+00
W 9.3290469248e-02 2.6560877829e+09 2.7971372674e-04 5.8953258204e+00
W 9.3290469248e-02 3.3516026509e+09 2.9766849505e-04 6.7468578877e+00
W 9.3290469248e-02 4.2292428744e+09 3.0840197231e-04 7.6179117543e+00
W 9.3290469248e-02 5.3366992312e+09 3.1958247477e-04 8.6014231310e+00
W 9.3290469248e-02 6.7341506578e+09 3.4028765706e-04 9.8438290376e+00
W 9.3290469248e-02 8.4975343591e+09 3.5274923407e-04 1.1114717722e+01
W 9.3290469248e-02 1.0722672220e+10 3.7573037054e-04 1.2720148677e+01
W 9.3290469248e-02 1.3530477746e+10 3.8961436939e-04 1.4362384940e+01
W 9.3290469248e-02 1.7073526475e+10 4.0406927590e-04 1.6216642306e+01
W 9.3290469248e-02 2.1544346900e+10 4.3057807878e-04 1.8559004946e+01
W 9.3290469248e-02 2.7185882427e+10 4.4666223016e-04 2.0955067422e+01
W 9.3290469248e-02 3.4304692863e+10 4.7606678909e-04 2.3981857192e+01
W 9.3290469248e-02 4.3287612811e+10 4.9393757872e-04 2.7078037634e+01
W 9.3290469248e-02 5.4622772177e+10 5.1250848527e-04 3.0573950809e+01
W 9.3290469248e-02 6.8926121044e+10 5.4633999528e-04 3.4990110379e+01
W 9.3290469248e-02 8.6974900262e+10 5.6690252133e-04 3.9507512620e+01
W 9.3290469248e-02 1.0974987655e+11 5.8822359786e-04 4.4608134598e+01
W 9.3290469248e-02 1.3848863714e+11 6.2700174252e-04 5.1051418350e+01
W 9.3290469248e-02 1.7475284000e+11 6.5047806440e-04 5.7642417611e+01
W 9.3290469248e-02 2.2051307399e+11 6.7473567256e-04 6.5084348593e+01
W 9.3290469248e-02 2.7825594022e+11 7.1890063560e-04 7.4485255616e+01
W 9.3290469248e-02 3.5111917342e+11 7.4537760180e-04 8.4101683142e+01
W 9.3290469248e-02 4.4306214576e+11 7.7258691299e-04 9.4959640655e+01
W 9.3290469248e-02 5.5908101825e+11 8.2237454374e-04 1.0867579165e+02
W 9.3290469248e-02 7.0548023107e+11 8.5166895478e-04 1.2270639228e+02
W 9.3290469248e-02 8.9021508545e+11 9.0562592541e-04 1.4043033682e+02
W 9.3290469248e-02 1.1233240330e+12 9.3674550751e-04 1.5856061167e+02
W 9.3290469248e-02 1.4174741629e+12 9.6818279636e-04 1.7903159775e+02
W 9.3290469248e-02 1.7886495291e+12 1.0271114021e-03 2.0489126203e+02
W 9.3290469248e-02 2.2570197196e+12 1.0594968268e-03 2.3134377207e+02
W 9.3290469248e-02 2.8480358684e+12 1.0915622157e-03 2.6121143648e+02
W 9.3290469248e-02 3.5938136638e+12 1.1537150704e-03 2.9894131287e+02
W 9.3290469248e-02 4.5348785081e+12 1.1849942558e-03 3.3753616559e+02
W 9.3290469248e-02 5.7223676594e+12 1.2148156468e-03 3.8111381122e+02
W 9.3290469248e-02 7.2208090184e+12 1.2766557769e-03 4.3616261454e+02
W 9.3290469248e-02 9.1116275612e+12 1.3026404573e-03 4.9247343925e+02
W 9.3290469248e-02 1.1497569954e+13 1.3253030455e-03 5.5605427949e+02
W 9.3290469248e-02 1.4508287785e+13 1.3806162386e-03 6.3637181656e+02
W 9.3290469248e-02 1.8307382803e+13 1.3945667245e-03 7.1853067342e+02
W 9.3290469248e-02 2.3101297001e+13 1.4024167183e-03 8.1129665897e+02
W 9.3290469248e-02 2.9150530628e+13 1.4414794801e-03 9.2848189051e+02
W 9.3290469248e-02 3.6783797718e+13 1.4336771316e-03 1.0483536522e+03
W 9.3290469248e-02 4.6415888336e+13 1.4549300044e-03 1.1997798464e+03
W 9.3290469248e-02 5.8570208181e+13 1.4258545231e-03 1.3546775620e+03
W 9.3290469248e-02 7.3907220335e+13 1.3845939143e-03 1.5295733651e+03
W 9.3290469248e-02 9.3260334688e+13 1.3666636907e-03 1.7505078494e+03
W 9.3290469248e-02 1.1768119524e+14 1.2968902736e-03 1.9765073674e+03
W 9.3290469248e-02 1.4849682623e+14 1.2130565282e-03 2.2316845792e+03
W 9.3290469248e-02 1.8738174229e+14 1.1462274125e-03 2.5540333419e+03
W 9.3290469248e-02 2.3644894126e+14 1.0337185257e-03 2.8837721114e+03
W 9.3290469248e-02 2.9836472403e+14 9.1103262179e-04 3.2560818428e+03
W 9.3290469248e-02 3.7649358068e+14 8.0288856839e-04 3.7263964933e+03
W 9.3290469248e-02 4.7508101621e+14 6.6722220399e-04 4.2074933428e+03
W 9.3290469248e-02 5.9948425032e+14 5.4870278324e-04 4.8152316789e+03
W 9.3290469248e-02 7.5646332755e+14 4.2020300685e-04 5.4369027208e+03
W 9.3290469248e-02 9.5454845666e+14 3.0542106878e-04 6.1388346743e+03
W 9.3290469248e-02 1.2045035403e+15 2.1440290766e-04 7.0255396233e+03
W 9.3290469248e-02 1.5199110830e+15 1.3607051656e-04 7.9325727276e+03
W 9.3290469248e-02 1.9179102617e+15 8.1158597169e-05 9.0783686106e+03
W 9.3290469248e-02 2.4201282648e+15 4.2344057372e-05 1.0250432438e+04
W 9.3290469248e-02 3.0538555088e+15 1.9466137578e-05 1.1573815702e+04
W 9.3290469248e-02 3.8535285937e+15 7.9153190102e-06 1.3245559641e+04
W 9.3290469248e-02 4.8626015801e+15 2.6165697045e-06 1.4955629148e+04
W 9.3290469248e-02 6.1359072734e+15 7.1158410466e-07 1.7115848650e+04
W 9.3290469248e-02 7.7426368268e+15 1.4255825901e-07 1.9325592266e+04
W 9.3290469248e-02 9.7700995730e+15 2.0692159405e-08 2.2117017547e+04
W 9.3290469248e-02 1.2328467394e+16 1.8978695888e-09 2.4972437651e+04
W 9.3290469248e-02 1.5556761439e+16 1.0291599582e-10 2.8196507098e+04
W 9.3290469248e-02 1.9630406500e+16 3.0516884938e-12 3.2269264179e+04
W 9.3290469248e-02 2.4770763560e+16 4.1533927811e-14 3.6435391257e+04
W 9.3290469248e-02 3.1257158497e+16 2.3671811828e-16 4.1698188426e+04
W 9.3290469248e-02 3.9442060594e+16 4.4585103953e-19 4.7081637858e+04
W 9.3290469248e-02 4.9770235643e+16 2.3130545967e-22 5.3882199122e+04
W 9.3290469248e-02 6.2802914418e+16 2.2991928510e-26 6.0838666662e+04
W 9.3290469248e-02 7.9248289835e+16 3.0798907002e-31 6.9626319316e+04
W 9.3290469248e-02 1.0000000000e+17 3.0932524053e-37 7.8615433311e+04
W 1.0003332223e-01 1.2618568831e+07 1.1508949107e-04 3.2414713507e-01
W 1.0003332223e-01 1.5922827933e+07 1.1864561632e-04 3.6599618837e-01
W 1.0003332223e-01 2.0092330026e+07 1.2568212502e-04 4.1886137350e-01
W 1.0003332223e-01 2.5353644940e+07 1.2961769766e-04 4.7293851949e-01
W 1.0003332223e-01 3.1992671378e+07 1.3736061247e-04 5.4125065821e-01
W 1.0003332223e-01 4.0370172586e+07 1.4171975702e-04 6.1112888693e-01
W 1.0003332223e-01 5.0941380148e+07 1.5024739606e-04 6.9940150499e-01
W 1.0003332223e-01 6.4280731173e+07 1.5932124160e-04 8.0042438779e-01
W 1.0003332223e-01 8.1113083079e+07 1.6447972022e-04 9.0376327080e-01
W 1.0003332223e-01 1.0235310219e+08 1.7448614529e-04 1.0343045555e+00
W 1.0003332223e-01 1.2915496650e+08 1.8021144455e-04 1.1678385646e+00
W 1.0003332223e-01 1.6297508346e+08 1.9125574639e-04 1.3365233867e+00
W 1.0003332223e-01 2.0565123083e+08 1.9761509321e-04 1.5090753928e+00
W 1.0003332223e-01 2.5950242114e+08 2.0981520791e-04 1.7270491110e+00
W 1.0003332223e-01 3.2745491629e+08 2.1688408911e-04 1.9500199859e+00
W 1.0003332223e-01 4.1320124001e+08 2.2423896937e-04 2.2017775413e+00
W 1.0003332223e-01 5.2140082880e+08 2.3823515532e-04 2.5198064745e+00
W 1.0003332223e-01 6.5793322466e+08 2.4641903869e-04 2.8451263804e+00
W 1.0003332223e-01 8.3021756813e+08 2.6191084434e-04 3.2560818428e+00
W 1.0003332223e-01 1.0476157528e+09 2.7102259321e-04 3.6764586650e+00
W 1.0003332223e-01 1.3219411485e+09 2.8818215484e-04 4.2074933428e+00
W 1.0003332223e-01 1.6681005372e+09 2.9833199681e-04 4.7507022567e+00
W 1.0003332223e-01 2.1049041445e+09 3.1735113797e-04 5.4369027208e+00
W 1.0003332223e-01 2.6560877829e+09 3.2866149490e-04 6.1388346743e+00
W 1.0003332223e-01 3.3516026509e+09 3.4044200842e-04 6.9313896337e+00
W 1.0003332223e-01 4.2292428744e+09 3.6235950888e-04 7.9325727276e+00
W 1.0003332223e-01 5.3366992312e+09 3.7549005891e-04 8.9567084455e+00
W 1.0003332223e-01 6.7341506578e+09 3.9981040652e-04 1.0250432438e+01
W 1.0003332223e-01 8.4975343591e+09 4.1444392384e-04 1.1573815702e+01
W 1.0003332223e-01 1.0722672220e+10 4.2968321450e-04 1.3068054514e+01
W 1.0003332223e-01 1.3530477746e+10 4.5773722088e-04 1.4955629148e+01
W 1.0003332223e-01 1.7073526475e+10 4.7470820893e-04 1.6886477376e+01
W 1.0003332223e-01 2.1544346900e+10 4.9237147679e-04 1.9066607988e+01
W 1.0003332223e-01 2.7185882427e+10 5.2471906539e-04 2.1820625087e+01
W 1.0003332223e-01 3.4304692863e+10 5.4435679663e-04 2.4637779409e+01
W 1.0003332223e-01 4.3287612811e+10 5.6477264125e-04 2.7818642764e+01
W 1.0003332223e-01 5.4622772177e+10 6.0201322469e-04 3.1836820402e+01
W 1.0003332223e-01 6.8926121044e+10 6.2464399780e-04 3.5947116777e+01
W 1.0003332223e-01 8.6974900262e+10 6.6585347156e-04 4.1139386652e+01
W 1.0003332223e-01 1.0974987655e+11 6.9086492600e-04 4.6450691916e+01
W 1.0003332223e-01 1.3848863714e+11 7.1676938439e-04 5.2447713859e+01
W 1.0003332223e-01 1.7475284000e+11 7.6390441371e-04 6.0023361341e+01
W 1.0003332223e-01 2.2051307399e+11 7.9234612979e-04 6.7772684338e+01
W 1.0003332223e-01 2.7825594022e+11 8.2168259845e-04 7.6522484575e+01
W 1.0003332223e-01 3.5111917342e+11 8.7518646553e-04 8.7575537700e+01
W 1.0003332223e-01 4.4306214576e+11 9.0706669945e-04 9.8881987607e+01
W 1.0003332223e-01 5.5908101825e+11 9.3973948784e-04 1.1164815803e+02
W 1.0003332223e-01 7.0548023107e+11 9.9974409299e-04 1.2777483020e+02
W 1.0003332223e-01 8.9021508545e+11 1.0346799292e-03 1.4427121441e+02
W 1.0003332223e-01 1.1233240330e+12 1.0701206758e-03 1.6289736620e+02
W 1.0003332223e-01 1.4174741629e+12 1.1361530671e-03 1.8642657141e+02
W 1.0003332223e-01 1.7886495291e+12 1.1730676239e-03 2.1049519544e+02
W 1.0003332223e-01 2.2570197196e+12 1.2098862968e-03 2.3767120195e+02
W 1.0003332223e-01 2.8480358684e+12 1.2803997375e-03 2.7200088213e+02
W 1.0003332223e-01 3.5938136638e+12 1.3170543300e-03 3.0711758742e+02
W 1.0003332223e-01 4.5348785081e+12 1.3525108387e-03 3.4676803901e+02
W 1.0003332223e-01 5.7223676594e+12 1.4241795410e-03 3.9685587370e+02
W 1.0003332223e-01 7.2208090184e+12 1.4565026262e-03 4.4809199709e+02
W 1.0003332223e-01 9.1116275612e+12 1.4857764551e-03 5.0594296612e+02
W 1.0003332223e-01 1.1497569954e+13 1.5525394176e-03 5.7902232984e+02
W 1.0003332223e-01 1.4508287785e+13 1.5737955276e-03 6.5377707459e+02
W 1.0003332223e-01 1.8307382803e+13 1.5891556880e-03 7.3818303930e+02
W 1.0003332223e-01 2.3101297001e+13 1.6411869072e-03 8.4480760063e+02
W 1.0003332223e-01 2.9150530628e+13 1.6412954434e-03 9.5387658345e+02
W 1.0003332223e-01 3.6783797718e+13 1.6762660361e-03 1.0916563303e+03
W 1.0003332223e-01 4.6415888336e+13 1.6549502994e-03 1.2325947469e+03
W 1.0003332223e-01 5.8570208181e+13 1.6209145547e-03 1.3917290340e+03
W 1.0003332223e-01 7.3907220335e+13 1.6159805947e-03 1.5927530210e+03
W 1.0003332223e-01 9.3260334688e+13 1.5514223380e-03 1.7983855837e+03
W 1.0003332223e-01 1.1768119524e+14 1.4709669089e-03 2.0305663622e+03
W 1.0003332223e-01 1.4849682623e+14 1.4121544866e-03 2.3238652272e+03
W 1.0003332223e-01 1.8738174229e+14 1.2974179285e-03 2.6238881157e+03
W 1.0003332223e-01 2.3644894126e+14 1.1686195383e-03 2.9626454939e+03
W 1.0003332223e-01 2.9836472403e+14 1.0565981061e-03 3.3905756404e+03
W 1.0003332223e-01 3.7649358068e+14 9.0492141940e-04 3.8283162999e+03
W 1.0003332223e-01 4.7508101621e+14 7.7115314807e-04 4.3812855831e+03
W 1.0003332223e-01 5.9948425032e+14 6.1597645719e-04 4.9469319642e+03
W 1.0003332223e-01 7.5646332755e+14 4.7056589298e-04 5.5856061867e+03
W 1.0003332223e-01 9.5454845666e+14 3.5038621333e-04 6.3924017614e+03
W 1.0003332223e-01 1.2045035403e+15 2.3863324056e-04 7.2176935289e+03
W 1.0003332223e-01 1.5199110830e+15 1.5499570974e-04 8.2602309016e+03
W 1.0003332223e-01 1.9179102617e+15 8.9583687608e-05 9.3266689659e+03
W 1.0003332223e-01 2.4201282648e+15 4.6495729304e-05 1.0530789640e+04
W 1.0003332223e-01 3.0538555088e+15 2.1824912147e-05 1.2051876912e+04
W 1.0003332223e-01 3.8535285937e+15 8.5760335862e-06 1.3607835872e+04
W 1.0003332223e-01 4.8626015801e+15 2.8877754982e-06 1.5573377552e+04
W 1.0003332223e-01 6.1359072734e+15 7.5671027161e-07 1.7583980259e+04
W 1.0003332223e-01 7.7426368268e+15 1.4976543802e-07 1.9854162060e+04
W 1.0003332223e-01 9.7700995730e+15 2.1421749947e-08 2.2721934967e+04
W 1.0003332223e-01 1.2328467394e+16 1.9302444100e-09 2.5655453004e+04
W 1.0003332223e-01 1.5556761439e+16 1.0525160661e-10 2.9361175402e+04
W 1.0003332223e-01 1.9630406500e+16 2.9601275642e-12 3.3151853343e+04
W 1.0003332223e-01 2.4770763560e+16 4.0116308018e-14 3.7940370054e+04
W 1.0003332223e-01 3.1257158497e+16 2.1433371431e-16 4.2838665911e+04
W 1.0003332223e-01 3.9442060594e+16 3.9635753461e-19 4.9026364243e+04
W 1.0003332223e-01 4.9770235643e+16 1.8949973428e-22 5.5355918659e+04
W 1.0003332223e-01 6.2802914418e+16 1.7628181682e-26 6.2502650930e+04
W 1.0003332223e-01 7.9248289835e+16 2.1781379098e-31 7.1530652635e+04
W 1.0003332223e-01 1.0000000000e+17 1.9812804486e-37 8.0765625803e+04
W 1.0726353546e-01 1.2618568831e+07 1.3533868897e-04 3.3753616559e-01
W 1.0726353546e-01 1.5922827933e+07 1.3952019037e-04 3.8111381122e-01
W 1.0726353546e-01 2.0092330026e+07 1.4779435410e-04 4.3616261454e-01
W 1.0726353546e-01 2.5353644940e+07 1.5242194082e-04 4.9247343925e-01
W 1.0726353546e-01 3.1992671378e+07 1.6152663328e-04 5.6360723890e-01
W 1.0726353546e-01 4.0370172586e+07 1.6665215518e-04 6.3637181656e-01
W 1.0726353546e-01 5.0941380148e+07 1.7667942132e-04 7.2829057136e-01
W 1.0726353546e-01 6.4280731173e+07 1.8236113300e-04 8.2231660967e-01
W 1.0726353546e-01 8.1113083079e+07 1.9341399261e-04 9.4109358382e-01
W 1.0726353546e-01 1.0235310219e+08 1.9971732826e-04 1.0625935796e+00
W 1.0726353546e-01 1.2915496650e+08 2.1191112589e-04 1.2160766160e+00
W 1.0726353546e-01 1.6297508346e+08 2.1890958972e-04 1.3730783280e+00
W 1.0726353546e-01 2.0565123083e+08 2.3237350426e-04 1.5714083716e+00
W 1.0726353546e-01 2.5950242114e+08 2.4014964245e-04 1.7742852309e+00
W 1.0726353546e-01 3.2745491629e+08 2.5502832942e-04 2.0305663622e+00
W 1.0726353546e-01 4.1320124001e+08 2.6367476960e-04 2.2927228668e+00
W 1.0726353546e-01 5.2140082880e+08 2.8013012875e-04 2.6238881157e+00
W 1.0726353546e-01 6.5793322466e+08 2.8975065673e-04 2.9626454939e+00
W 1.0726353546e-01 8.3021756813e+08 3.0796370747e-04 3.3905756404e+00
W 1.0726353546e-01 1.0476157528e+09 3.1867435189e-04 3.8283162999e+00
W 1.0726353546e-01 1.3219411485e+09 3.2982619716e-04 4.3225715179e+00
W 1.0726353546e-01 1.6681005372e+09 3.5077728374e-04 4.9469319642e+00
W 1.0726353546e-01 2.1049041445e+09 3.6320124894e-04 5.5856061867e+00
W 1.0726353546e-01 2.6560877829e+09 3.8642818866e-04 6.3924017614e+00
W 1.0726353546e-01 3.3516026509e+09 4.0027326473e-04 7.2176935289e+00
W 1.0726353546e-01 4.2292428744e+09 4.1469356550e-04 8.1495346853e+00
W 1.0726353546e-01 5.3366992312e+09 4.4146594695e-04 9.3266689659e+00
W 1.0726353546e-01 6.7341506578e+09 4.5753664350e-04 1.0530789640e+01
W 1.0726353546e-01 8.4975343591e+09 4.8724504074e-04 1.2051876912e+01
W 1.0726353546e-01 1.0722672220e+10 5.0515009390e-04 1.3607835872e+01
W 1.0726353546e-01 1.3530477746e+10 5.2379235294e-04 1.5364677094e+01
W 1.0726353546e-01 1.7073526475e+10 5.5805525711e-04 1.7583980259e+01
W 1.0726353546e-01 2.1544346900e+10 5.7880360085e-04 1.9854162060e+01
W 1.0726353546e-01 2.7185882427e+10 6.0038981968e-04 2.2417435945e+01
W 1.0726353546e-01 3.4304692863e+10 6.3987432876e-04 2.5655453004e+01
W 1.0726353546e-01 4.3287612811e+10 6.6384903693e-04 2.8967703227e+01
W 1.0726353546e-01 5.4622772177e+10 6.8875747973e-04 3.2707581897e+01
W 1.0726353546e-01 6.8926121044e+10 7.3416486354e-04 3.7431927196e+01
W 1.0726353546e-01 8.6974900262e+10 7.6173060428e-04 4.2264580479e+01
W 1.0726353546e-01 1.0974987655e+11 7.9030492227e-04 4.7721154022e+01
W 1.0726353546e-01 1.3848863714e+11 8.4231926471e-04 5.4614088217e+01
W 1.0726353546e-01 1.7475284000e+11 8.7376082327e-04 6.1665046383e+01
W 1.0726353546e-01 2.2051307399e+11 9.0623604140e-04 6.9626319316e+01
W 1.0726353546e-01 2.7825594022e+11 9.6542754627e-04 7.9683277224e+01
W 1.0726353546e-01 3.5111917342e+11 1.0008414415e-03 8.9970795930e+01
W 1.0726353546e-01 4.4306214576e+11 1.0372152006e-03 1.0158648593e+02
W 1.0726353546e-01 5.5908101825e+11 1.1038693385e-03 1.1625983105e+02
W 1.0726353546e-01 7.0548023107e+11 1.1429799002e-03 1.3126956996e+02
W 1.0726353546e-01 8.9021508545e+11 1.1827970124e-03 1.4821714295e+02
W 1.0726353546e-01 1.1233240330e+12 1.2566255538e-03 1.6962590881e+02
W 1.0726353546e-01 1.4174741629e+12 1.2984842895e-03 1.9152548135e+02
W 1.0726353546e-01 1.7886495291e+12 1.3404886746e-03 2.1625240073e+02
W 1.0726353546e-01 2.2570197196e+12 1.4201618875e-03 2.4748830855e+02
W 1.0726353546e-01 2.8480358684e+12 1.4626759391e-03 2.7944031520e+02
W 1.0726353546e-01 3.5938136638e+12 1.5042743319e-03 3.1551748936e+02
W 1.0726353546e-01 4.5348785081e+12 1.5867030690e-03 3.6109143526e+02
W 1.0726353546e-01 5.7223676594e+12 1.6259408907e-03 4.0771018670e+02
W 1.0726353546e-01 7.2208090184e+12 1.7079056210e-03 4.6660062104e+02
W 1.0726353546e-01 9.1116275612e+12 1.7417614314e-03 5.2684114810e+02
W 1.0726353546e-01 1.1497569954e+13 1.7710428313e-03 5.9485903535e+02
W 1.0726353546e-01 1.4508287785e+13 1.8437806816e-03 6.8078160513e+02
W 1.0726353546e-01 1.8307382803e+13 1.8610890312e-03 7.6867399286e+02
W 1.0726353546e-01 2.3101297001e+13 1.8700862263e-03 8.6791373747e+02
W 1.0726353546e-01 2.9150530628e+13 1.9204818924e-03 9.9327684744e+02
W 1.0726353546e-01 3.6783797718e+13 1.9082069190e-03 1.1215139695e+03
W 1.0726353546e-01 4.6415888336e+13 1.8828632678e-03 1.2663071600e+03
W 1.0726353546e-01 5.8570208181e+13 1.8933624769e-03 1.4492149732e+03
W 1.0726353546e-01 7.3907220335e+13 1.8360204987e-03 1.6363160397e+03
W 1.0726353546e-01 9.3260334688e+13 1.7612389528e-03 1.8475728109e+03
W 1.0726353546e-01 1.1768119524e+14 1.7140015378e-03 2.1144397396e+03
W 1.0726353546e-01 1.4849682623e+14 1.6000022853e-03 2.3874247263e+03
W 1.0726353546e-01 1.8738174229e+14 1.4682719702e-03 2.6956534713e+03
W 1.0726353546e-01 2.3644894126e+14 1.3568645967e-03 3.0850187826e+03
W 1.0726353546e-01 2.9836472403e+14 1.1923146924e-03 3.4833104887e+03
W 1.0726353546e-01 3.7649358068e+14 1.0472542770e-03 3.9864464768e+03
W 1.0726353546e-01 4.7508101621e+14 8.6694919056e-04 4.5011171095e+03
W 1.0726353546e-01 5.9948425032e+14 6.9090383463e-04 5.0822343536e+03
W 1.0726353546e-01 7.5646332755e+14 5.4080474089e-04 5.8163219439e+03
W 1.0726353546e-01 9.5454845666e+14 3.9076552858e-04 6.5672388601e+03
W 1.0726353546e-01 1.2045035403e+15 2.6518878661e-04 7.4151029914e+03
W 1.0726353546e-01 1.5199110830e+15 1.7153213042e-04 8.4861545621e+03
W 1.0726353546e-01 1.9179102617e+15 9.8663055940e-05 9.5817605267e+03
W 1.0726353546e-01 2.4201282648e+15 5.2311727187e-05 1.0965768230e+04
W 1.0726353546e-01 3.0538555088e+15 2.3743059052e-05 1.2381505004e+04
W 1.0726353546e-01 3.8535285937e+15 9.2572117668e-06 1.3980020637e+04
W 1.0726353546e-01 4.8626015801e+15 3.0885220813e-06 1.5999321391e+04
W 1.0726353546e-01 6.1359072734e+15 8.0047930169e-07 1.8064915626e+04
W 1.0726353546e-01 7.7426368268e+15 1.6063412478e-07 2.0674246377e+04
W 1.0726353546e-01 9.7700995730e+15 2.2012803610e-08 2.3343397343e+04
W 1.0726353546e-01 1.2328467394e+16 1.9990476337e-09 2.6715162026e+04
W 1.0726353546e-01 1.5556761439e+16 1.0366824879e-10 3.0164226104e+04
W 1.0726353546e-01 1.9630406500e+16 2.8350263205e-12 3.4058581998e+04
W 1.0726353546e-01 2.4770763560e+16 3.7144570793e-14 3.8978068320e+04
W 1.0726353546e-01 3.1257158497e+16 1.9054550579e-16 4.4010336332e+04
W 1.0726353546e-01 3.9442060594e+16 3.3551964224e-19 5.0367272966e+04
W 1.0726353546e-01 4.9770235643e+16 1.5120143107e-22 5.6869945558e+04
W 1.0726353546e-01 6.2802914418e+16 1.3450758049e-26 6.5084348593e+04
W 1.0726353546e-01 7.9248289835e+16 1.4824399850e-31 7.3487070933e+04
W 1.0726353546e-01 1.0000000000e+17 1.2446470677e-37 8.4101683142e+04
W 1.1501633438e-01 1.2618568831e+07 1.5926246817e-04 3.5147823552e-01
W 1.1501633438e-01 1.5922827933e+07 1.6418274548e-04 3.9685587370e-01
W 1.1501633438e-01 2.0092330026e+07 1.7391905332e-04 4.5417849044e-01
W 1.1501633438e-01 2.5353644940e+07 1.7936411236e-04 5.1281525689e-01
W 1.1501633438e-01 3.1992671378e+07 1.9007755010e-04 5.8688726735e-01
W 1.1501633438e-01 4.0370172586e+07 1.9610835756e-04 6.6265741577e-01
W 1.1501633438e-01 5.0941380148e+07 2.0790717349e-04 7.5837291248e-01
W 1.1501633438e-01 6.4280731173e+07 2.1459221894e-04 8.5628273491e-01
W 1.1501633438e-01 8.1113083079e+07 2.2759755651e-04 9.7996584076e-01
W 1.1501633438e-01 1.0235310219e+08 2.3501376011e-04 1.1064844438e+00
W 1.1501633438e-01 1.2915496650e+08 2.4936124073e-04 1.2663071600e+00
W 1.1501633438e-01 1.6297508346e+08 2.5759499581e-04 1.4297938922e+00
W 1.1501633438e-01 2.0565123083e+08 2.7343648782e-04 1.6363160397e+00
W 1.1501633438e-01 2.5950242114e+08 2.8258479778e-04 1.8475728109e+00
W 1.1501633438e-01 3.2745491629e+08 3.0009033940e-04 2.1144397396e+00
W 1.1501633438e-01 4.1320124001e+08 3.1026203199e-04 2.3874247263e+00
W 1.1501633438e-01 5.2140082880e+08 3.2084650052e-04 2.6956534713e+00
W 1.1501633438e-01 6.5793322466e+08 3.4093888147e-04 3.0850187826e+00
W 1.1501633438e-01 8.3021756813e+08 3.5271865082e-04 3.4833104887e+00
W 1.1501633438e-01 1.0476157528e+09 3.7496429801e-04 3.9864464768e+00
W 1.1501633438e-01 1.3219411485e+09 3.8808132052e-04 4.5011171095e+00
W 1.1501633438e-01 1.6681005372e+09 4.0173962505e-04 5.0822343536e+00
W 1.1501633438e-01 2.1049041445e+09 4.2733966957e-04 5.8163219439e+00
W 1.1501633438e-01 2.6560877829e+09 4.4255714681e-04 6.5672388601e+00
W 1.1501633438e-01 3.3516026509e+09 4.7094349479e-04 7.5158233240e+00
W 1.1501633438e-01 4.2292428744e+09 4.8790117109e-04 8.4861545621e+00
W 1.1501633438e-01 5.3366992312e+09 5.0556238954e-04 9.5817605267e+00
W 1.1501633438e-01 6.7341506578e+09 5.3828621195e-04 1.0965768230e+01
W 1.1501633438e-01 8.4975343591e+09 5.5796430041e-04 1.2381505004e+01
W 1.1501633438e-01 1.0722672220e+10 5.7845424482e-04 1.3980020637e+01
W 1.1501633438e-01 1.3530477746e+10 6.1619082824e-04 1.5999321391e+01
W 1.1501633438e-01 1.7073526475e+10 6.3900222964e-04 1.8064915626e+01
W 1.1501633438e-01 2.1544346900e+10 6.8086655630e-04 2.0674246377e+01
W 1.1501633438e-01 2.7185882427e+10 7.0623605541e-04 2.3343397343e+01
W 1.1501633438e-01 3.4304692863e+10 7.3261722827e-04 2.6357149352e+01
W 1.1501633438e-01 4.3287612811e+10 7.8082530200e-04 3.0164226104e+01
W 1.1501633438e-01 5.4622772177e+10 8.1008922422e-04 3.4058581998e+01
W 1.1501633438e-01 6.8926121044e+10 8.4046928724e-04 3.8455719160e+01
W 1.1501633438e-01 8.6974900262e+10 8.9583338103e-04 4.4010336332e+01
W 1.1501633438e-01 1.0974987655e+11 9.2938908074e-04 4.9692295885e+01
W 1.1501633438e-01 1.3848863714e+11 9.6413077338e-04 5.6107825483e+01
W 1.1501633438e-01 1.7475284000e+11 1.0274092406e-03 6.4212146446e+01
W 1.1501633438e-01 2.2051307399e+11 1.0655229704e-03 7.2502263027e+01
W 1.1501633438e-01 2.7825594022e+11 1.1048172120e-03 8.1862676067e+01
W 1.1501633438e-01 3.5111917342e+11 1.1765759104e-03 9.3687076602e+01
W 1.1501633438e-01 4.4306214576e+11 1.2192299123e-03 1.0578255744e+02
W 1.1501633438e-01 5.5908101825e+11 1.2629154972e-03 1.1943962674e+02
W 1.1501633438e-01 7.0548023107e+11 1.3432870342e-03 1.3669171345e+02
W 1.1501633438e-01 8.9021508545e+11 1.3899242615e-03 1.5433931290e+02
W 1.1501633438e-01 1.1233240330e+12 1.4371898183e-03 1.7426530772e+02
W 1.1501633438e-01 1.4174741629e+12 1.5254735119e-03 1.9943652001e+02
W 1.1501633438e-01 1.7886495291e+12 1.5745862091e-03 2.2518479495e+02
W 1.1501633438e-01 2.2570197196e+12 1.6234968269e-03 2.5425730390e+02
W 1.1501633438e-01 2.8480358684e+12 1.7175228635e-03 2.9098271217e+02
W 1.1501633438e-01 3.5938136638e+12 1.7660205548e-03 3.2855006882e+02
W 1.1501633438e-01 4.5348785081e+12 1.8128056836e-03 3.7096756339e+02
W 1.1501633438e-01 5.7223676594e+12 1.9079853975e-03 4.2455082339e+02
W 1.1501633438e-01 7.2208090184e+12 1.9502959767e-03 4.7936250646e+02
W 1.1501633438e-01 9.1116275612e+12 1.9883749717e-03 5.4125065821e+02
W 1.1501633438e-01 1.1497569954e+13 2.0764273536e-03 6.1942993208e+02
W 1.1501633438e-01 1.4508287785e+13 2.1034012477e-03 6.9940150499e+02
W 1.1501633438e-01 1.8307382803e+13 2.1222992503e-03 7.8969781705e+02
W 1.1501633438e-01 2.3101297001e+13 2.1899129991e-03 9.0376327080e+02
W 1.1501633438e-01 2.9150530628e+13 2.1879707297e-03 1.0204437322e+03
W 1.1501633438e-01 3.6783797718e+13 2.1727830590e-03 1.1521882381e+03
W 1.1501633438e-01 4.6415888336e+13 2.2011992893e-03 1.3186124973e+03
W 1.1501633438e-01 5.8570208181e+13 2.1530485143e-03 1.4888521160e+03
W 1.1501633438e-01 7.3907220335e+13 2.0862117733e-03 1.6810705404e+03
W 1.1501633438e-01 9.3260334688e+13 2.0541674457e-03 1.9238875646e+03
W 1.1501633438e-01 1.1768119524e+14 1.9439213706e-03 2.1722712908e+03
W 1.1501633438e-01 1.4849682623e+14 1.8125917713e-03 2.4527226266e+03
W 1.1501633438e-01 1.8738174229e+14 1.7066756851e-03 2.8069985449e+03
W 1.1501633438e-01 2.3644894126e+14 1.5329664237e-03 3.1693964161e+03
W 1.1501633438e-01 2.9836472403e+14 1.3448355975e-03 3.5785817064e+03
W 1.1501633438e-01 3.7649358068e+14 1.1789892825e-03 4.0954788502e+03
W 1.1501633438e-01 4.7508101621e+14 9.7389185549e-04 4.6242261201e+03
W 1.1501633438e-01 5.9948425032e+14 7.9537546045e-04 5.2921581306e+03
W 1.1501633438e-01 7.5646332755e+14 6.0426845164e-04 5.9754028171e+03
W 1.1501633438e-01 9.5454845666e+14 4.3517577628e-04 6.7468578877e+03
W 1.1501633438e-01 1.2045035403e+15 3.0223938019e-04 7.7213868654e+03
W 1.1501633438e-01 1.5199110830e+15 1.8944240735e-04 8.7182574082e+03
W 1.1501633438e-01 1.9179102617e+15 1.0839629648e-04 9.8438290376e+03
W 1.1501633438e-01 2.4201282648e+15 5.7121503280e-05 1.1265690415e+04
W 1.1501633438e-01 3.0538555088e+15 2.5740592304e-05 1.2720148677e+04
W 1.1501633438e-01 3.8535285937e+15 1.0223822195e-05 1.4557471130e+04
W 1.1501633438e-01 4.8626015801e+15 3.2872383798e-06 1.6436915121e+04
W 1.1501633438e-01 6.1359072734e+15 8.6495399232e-07 1.8811094384e+04
W 1.1501633438e-01 7.7426368268e+15 1.6656437036e-07 2.1239702897e+04
W 1.1501633438e-01 9.7700995730e+15 2.2437261613e-08 2.3981857192e+04
W 1.1501633438e-01 1.2328467394e+16 1.9957622440e-09 2.7445842229e+04
W 1.1501633438e-01 1.5556761439e+16 1.0093299131e-10 3.0989240860e+04
W 1.1501633438e-01 1.9630406500e+16 2.7510498874e-12 3.5465385714e+04
W 1.1501633438e-01 2.4770763560e+16 3.3825706657e-14 4.0044148431e+04
W 1.1501633438e-01 3.1257158497e+16 1.7059229945e-16 4.5828201346e+04
W 1.1501633438e-01 3.9442060594e+16 2.7729630907e-19 5.1744856573e+04
W 1.1501633438e-01 4.9770235643e+16 1.1721956119e-22 5.8425382255e+04
W 1.1501633438e-01 6.2802914418e+16 9.6498602317e-27 6.6864455523e+04
W 1.1501633438e-01 7.9248289835e+16 9.6766225218e-32 7.5496998774e+04
W 1.1501633438e-01 1.0000000000e+17 7.2357363269e-38 8.6401928782e+04
W 1.2332949048e-01 1.2618568831e+07 1.8256040744e-04 3.6109143526e-01
W 1.2332949048e-01 1.5922827933e+07 1.9334738084e-04 4.1324816853e-01
W 1.2332949048e-01 2.0092330026e+07 2.0481261225e-04 4.7293851949e-01
W 1.2332949048e-01 2.5353644940e+07 2.1122421845e-04 5.3399730166e-01
W 1.2332949048e-01 3.1992671378e+07 2.2383988413e-04 6.1112888693e-01
W 1.2332949048e-01 4.0370172586e+07 2.3094102495e-04 6.9002875244e-01
W 1.2332949048e-01 5.0941380148e+07 2.4483451590e-04 7.8969781705e-01
W 1.2332949048e-01 6.4280731173e+07 2.5270576707e-04 8.9165184490e-01
W 1.2332949048e-01 8.1113083079e+07 2.6801963494e-04 1.0204437322e+00
W 1.2332949048e-01 1.0235310219e+08 2.7675147722e-04 1.1521882381e+00
W 1.2332949048e-01 1.2915496650e+08 2.8582768420e-04 1.3009416336e+00
W 1.2332949048e-01 1.6297508346e+08 3.0333933120e-04 1.4888521160e+00
W 1.2332949048e-01 2.0565123083e+08 3.1341948698e-04 1.6810705404e+00
W 1.2332949048e-01 2.5950242114e+08 3.3276205203e-04 1.9238875646e+00
W 1.2332949048e-01 3.2745491629e+08 3.4396536355e-04 2.1722712908e+00
W 1.2332949048e-01 4.1320124001e+08 3.6534758069e-04 2.4860382850e+00
W 1.2332949048e-01 5.2140082880e+08 3.7780765353e-04 2.8069985449e+00
W 1.2332949048e-01 6.5793322466e+08 3.9077496287e-04 3.1693964161e+00
W 1.2332949048e-01 8.3021756813e+08 4.1532924633e-04 3.6271900589e+00
W 1.2332949048e-01 1.0476157528e+09 4.2976397574e-04 4.0954788502e+00
W 1.2332949048e-01 1.3219411485e+09 4.5695760561e-04 4.6870376000e+00
W 1.2332949048e-01 1.6681005372e+09 4.7303330483e-04 5.2921581306e+00
W 1.2332949048e-01 2.1049041445e+09 4.8977306835e-04 5.9754028171e+00
W 1.2332949048e-01 2.6560877829e+09 5.2107791315e-04 6.8385013580e+00
W 1.2332949048e-01 3.3516026509e+09 5.3972888167e-04 7.7213868654e+00
W 1.2332949048e-01 4.2292428744e+09 5.7444592680e-04 8.8366786611e+00
W 1.2332949048e-01 5.3366992312e+09 5.9522762443e-04 9.9775390799e+00
W 1.2332949048e-01 6.7341506578e+09 6.1686927395e-04 1.1265690415e+01
W 1.2332949048e-01 8.4975343591e+09 6.5689292665e-04 1.2892928152e+01
W 1.2332949048e-01 1.0722672220e+10 6.8099808022e-04 1.4557471130e+01
W 1.2332949048e-01 1.3530477746e+10 7.0609177220e-04 1.6436915121e+01
W 1.2332949048e-01 1.7073526475e+10 7.5223555575e-04 1.8811094384e+01
W 1.2332949048e-01 2.1544346900e+10 7.8015425525e-04 2.1239702897e+01
W 1.2332949048e-01 2.7185882427e+10 8.0919455404e-04 2.3981857192e+01
W 1.2332949048e-01 3.4304692863e+10 8.6234742109e-04 2.7445842229e+01
W 1.2332949048e-01 4.3287612811e+10 8.9458626155e-04 3.0989240860e+01
W 1.2332949048e-01 5.4622772177e+10 9.2807198492e-04 3.4990110379e+01
W 1.2332949048e-01 6.8926121044e+10 9.8916385667e-04 4.0044148431e+01
W 1.2332949048e-01 8.6974900262e+10 1.0261998326e-03 4.5214052838e+01
W 1.2332949048e-01 1.0974987655e+11 1.0645777382e-03 5.1051418350e+01
W 1.2332949048e-01 1.3848863714e+11 1.1345078474e-03 5.8425382255e+01
W 1.2332949048e-01 1.7475284000e+11 1.1767032395e-03 6.5968397978e+01
W 1.2332949048e-01 2.2051307399e+11 1.2202657617e-03 7.4485255616e+01
W 1.2332949048e-01 2.7825594022e+11 1.2997688580e-03 8.5244047518e+01
W 1.2332949048e-01 3.5111917342e+11 1.3472220078e-03 9.6249490116e+01
W 1.2332949048e-01 4.4306214576e+11 1.3959302722e-03 1.0867579165e+02
W 1.2332949048e-01 5.5908101825e+11 1.4853416127e-03 1.2437312957e+02
W 1.2332949048e-01 7.0548023107e+11 1.5376348996e-03 1.4043033682e+02
W 1.2332949048e-01 8.9021508545e+11 1.5908239655e-03 1.5856061167e+02
W 1.2332949048e-01 1.1233240330e+12 1.6896839002e-03 1.8146340781e+02
W 1.2332949048e-01 1.4174741629e+12 1.7454737750e-03 2.0489126203e+02
W 1.2332949048e-01 1.7886495291e+12 1.8013788231e-03 2.3134377207e+02
W 1.2332949048e-01 2.2570197196e+12 1.9077961249e-03 2.6475950625e+02
W 1.2332949048e-01 2.8480358684e+12 1.9641737430e-03 2.9894131287e+02
W 1.2332949048e-01 3.5938136638e+12 2.0192045856e-03 3.3753616559e+02
W 1.2332949048e-01 4.5348785081e+12 2.1288859188e-03 3.8629053094e+02
W 1.2332949048e-01 5.7223676594e+12 2.1804431446e-03 4.3616261454e+02
W 1.2332949048e-01 7.2208090184e+12 2.2281573136e-03 4.9247343925e+02
W 1.2332949048e-01 9.1116275612e+12 2.3330541248e-03 5.6360723890e+02
W 1.2332949048e-01 1.1497569954e+13 2.3706759359e-03 6.3637181656e+02
W 1.2332949048e-01 1.4508287785e+13 2.4005381711e-03 7.1853067342e+02
W 1.2332949048e-01 1.8307382803e+13 2.4872768915e-03 8.2231660967e+02
W 1.2332949048e-01 2.3101297001e+13 2.4969893615e-03 9.2848189051e+02
W 1.2332949048e-01 2.9150530628e+13 2.4934368793e-03 1.0483536522e+03
W 1.2332949048e-01 3.6783797718e+13 2.5423289945e-03 1.1997798464e+03
W 1.2332949048e-01 4.6415888336e+13 2.5053287447e-03 1.3546775620e+03
W 1.2332949048e-01 5.8570208181e+13 2.4486825793e-03 1.5295733651e+03
W 1.2332949048e-01 7.3907220335e+13 2.4355029173e-03 1.7505078494e+03
W 1.2332949048e-01 9.3260334688e+13 2.3320281526e-03 1.9765073674e+03
W 1.2332949048e-01 1.1768119524e+14 2.2044982212e-03 2.2316845792e+03
W 1.2332949048e-01 1.4849682623e+14 2.1092180983e-03 2.5540333419e+03
W 1.2332949048e-01 1.8738174229e+14 1.9304317127e-03 2.8837721114e+03
W 1.2332949048e-01 2.3644894126e+14 1.7312292736e-03 3.2560818428e+03
W 1.2332949048e-01 2.9836472403e+14 1.5575174177e-03 3.7263964933e+03
W 1.2332949048e-01 3.7649358068e+14 1.3263759308e-03 4.2074933428e+03
W 1.2332949048e-01 4.7508101621e+14 1.0930735843e-03 4.7507022567e+03
W 1.2332949048e-01 5.9948425032e+14 8.9030854467e-04 5.4369027208e+03
W 1.2332949048e-01 7.5646332755e+14 6.7429388591e-04 6.1388346743e+03
W 1.2332949048e-01 9.5454845666e+14 4.9709928737e-04 7.0255396233e+03
W 1.2332949048e-01 1.2045035403e+15 3.3465844372e-04 7.9325727276e+03
W 1.2332949048e-01 1.5199110830e+15 2.0874801101e-04 8.9567084455e+03
W 1.2332949048e-01 1.9179102617e+15 1.2201675203e-04 1.0250432438e+04
W 1.2332949048e-01 2.4201282648e+15 6.2173835830e-05 1.1573815702e+04
W 1.2332949048e-01 3.0538555088e+15 2.8560768629e-05 1.3245559641e+04
W 1.2332949048e-01 3.8535285937e+15 1.0941490412e-05 1.4955629148e+04
W 1.2332949048e-01 4.8626015801e+15 3.4801970000e-06 1.6886477376e+04
W 1.2332949048e-01 6.1359072734e+15 9.0403428925e-07 1.9325592266e+04
W 1.2332949048e-01 7.7426368268e+15 1.7142948817e-07 2.1820625087e+04
W 1.2332949048e-01 9.7700995730e+15 2.3287834093e-08 2.4972437651e+04
W 1.2332949048e-01 1.2328467394e+16 1.9715103286e-09 2.8196507098e+04
W 1.2332949048e-01 1.5556761439e+16 9.7034960962e-11 3.1836820402e+04
W 1.2332949048e-01 1.9630406500e+16 2.5594426862e-12 3.6435391257e+04
W 1.2332949048e-01 2.4770763560e+16 3.0249392305e-14 4.1139386652e+04
W 1.2332949048e-01 3.1257158497e+16 1.4546116666e-16 4.7081637858e+04
W 1.2332949048e-01 3.9442060594e+16 2.2326565238e-19 5.3160118149e+04
W 1.2332949048e-01 4.9770235643e+16 9.0474989230e-23 6.0838666662e+04
W 1.2332949048e-01 6.2802914418e+16 6.6663807808e-27 6.8693249746e+04
W 1.2332949048e-01 7.9248289835e+16 6.2002321202e-32 7.8615433311e+04
W 1.2332949048e-01 1.0000000000e+17 3.9810535782e-38 8.8765087906e+04
W 1.3224350527e-01 1.2618568831e+07 2.1515647571e-04 3.7600646527e-01
W 1.3224350527e-01 1.5922827933e+07 2.2786880812e-04 4.3031755383e-01
W 1.3224350527e-01 2.0092330026e+07 2.3495417406e-04 4.8587375130e-01
W 1.3224350527e-01 2.5353644940e+07 2.4893583587e-04 5.5605427949e-01
W 1.3224350527e-01 3.1992671378e+07 2.5677975007e-04 6.2784373144e-01
W 1.3224350527e-01 4.0370172586e+07 2.7217066802e-04 7.1853067342e-01
W 1.3224350527e-01 5.0941380148e+07 2.8086144968e-04 8.1129665897e-01
W 1.3224350527e-01 6.4280731173e+07 2.9781819016e-04 9.2848189051e-01
W 1.3224350527e-01 8.1113083079e+07 3.0745499946e-04 1.0483536522e+00
W 1.3224350527e-01 1.0235310219e+08 3.2615276717e-04 1.1997798464e+00
W 1.3224350527e-01 1.2915496650e+08 3.3684694124e-04 1.3546775620e+00
W 1.3224350527e-01 1.6297508346e+08 3.5748185248e-04 1.5503497641e+00
W 1.3224350527e-01 2.0565123083e+08 3.6935839167e-04 1.7505078494e+00
W 1.3224350527e-01 2.5950242114e+08 3.8170991693e-04 1.9765073674e+00
W 1.3224350527e-01 3.2745491629e+08 4.0534912544e-04 2.2619978484e+00
W 1.3224350527e-01 4.1320124001e+08 4.1908085843e-04 2.5540333419e+00
W 1.3224350527e-01 5.2140082880e+08 4.4522194318e-04 2.9229427725e+00
W 1.3224350527e-01 6.5793322466e+08 4.6049788934e-04 3.3003096366e+00
W 1.3224350527e-01 8.3021756813e+08 4.7639740613e-04 3.7263964933e+00
W 1.3224350527e-01 1.0476157528e+09 5.0643057819e-04 4.2646442859e+00
W 1.3224350527e-01 1.3219411485e+09 5.2413227577e-04 4.8152316789e+00
W 1.3224350527e-01 1.6681005372e+09 5.5740236260e-04 5.5107528953e+00
W 1.3224350527e-01 2.1049041445e+09 5.7711823971e-04 6.2222192842e+00
W 1.3224350527e-01 2.6560877829e+09 5.9764881056e-04 7.0255396233e+00
W 1.3224350527e-01 3.3516026509e+09 6.3595946152e-04 8.0403219206e+00
W 1.3224350527e-01 4.2292428744e+09 6.5883269933e-04 9.0783686106e+00
W 1.3224350527e-01 5.3366992312e+09 6.8265192793e-04 1.0250432438e+01
W 1.3224350527e-01 6.7341506578e+09 7.2680450037e-04 1.1731024384e+01
W 1.3224350527e-01 8.4975343591e+09 7.5333638442e-04 1.3245559641e+01
W 1.3224350527e-01 1.0722672220e+10 7.8095853824e-04 1.4955629148e+01
W 1.3224350527e-01 1.3530477746e+10 8.3185712340e-04 1.7115848650e+01
W 1.3224350527e-01 1.7073526475e+10 8.6259786727e-04 1.9325592266e+01
W 1.3224350527e-01 2.1544346900e+10 8.9458071525e-04 2.1820625087e+01
W 1.3224350527e-01 2.7185882427e+10 9.5322192420e-04 2.4972437651e+01
W 1.3224350527e-01 3.4304692863e+10 9.8874999896e-04 2.8196507098e+01
W 1.3224350527e-01 4.3287612811e+10 1.0256681544e-03 3.1836820402e+01
W 1.3224350527e-01 5.4622772177e+10 1.0931099873e-03 3.6435391257e+01
W 1.3224350527e-01 6.8926121044e+10 1.1339886987e-03 4.1139386652e+01
W 1.3224350527e-01 8.6974900262e+10 1.1763797501e-03 4.6450691916e+01
W 1.3224350527e-01 1.0974987655e+11 1.2536743546e-03 5.3160118149e+01
W 1.3224350527e-01 1.3848863714e+11 1.3003696614e-03 6.0023361341e+01
W 1.3224350527e-01 1.7475284000e+11 1.3486351358e-03 6.7772684338e+01
W 1.3224350527e-01 2.2051307399e+11 1.4367001500e-03 7.7561899686e+01
W 1.3224350527e-01 2.7825594022e+11 1.4894348272e-03 8.7575537700e+01
W 1.3224350527e-01 3.5111917342e+11 1.5436670768e-03 9.8881987607e+01
W 1.3224350527e-01 4.4306214576e+11 1.6430561022e-03 1.1316468985e+02
W 1.3224350527e-01 5.5908101825e+11 1.7015616554e-03 1.2777483020e+02
W 1.3224350527e-01 7.0548023107e+11 1.7612522615e-03 1.4427121441e+02
W 1.3224350527e-01 8.9021508545e+11 1.8717649708e-03 1.6511002285e+02
W 1.3224350527e-01 1.1233240330e+12 1.9348736330e-03 1.8642657141e+02
W 1.3224350527e-01 1.4174741629e+12 1.9984403383e-03 2.1049519544e+02
W 1.3224350527e-01 1.7886495291e+12 2.1184867485e-03 2.4089952158e+02
W 1.3224350527e-01 2.2570197196e+12 2.1834871610e-03 2.7200088213e+02
W 1.3224350527e-01 2.8480358684e+12 2.2475384618e-03 3.0711758742e+02
W 1.3224350527e-01 3.5938136638e+12 2.3731530494e-03 3.5147823552e+02
W 1.3224350527e-01 4.5348785081e+12 2.4348283297e-03 3.9685587370e+02
W 1.3224350527e-01 5.7223676594e+12 2.4930940145e-03 4.4809199709e+02
W 1.3224350527e-01 7.2208090184e+12 2.6165179420e-03 5.1281525689e+02
W 1.3224350527e-01 9.1116275612e+12 2.6658451185e-03 5.7902232984e+02
W 1.3224350527e-01 1.1497569954e+13 2.7078042750e-03 6.5377707459e+02
W 1.3224350527e-01 1.4508287785e+13 2.7407577911e-03 7.3818303930e+02
W 1.3224350527e-01 1.8307382803e+13 2.8384602619e-03 8.4480760063e+02
W 1.3224350527e-01 2.3101297001e+13 2.8480594380e-03 9.5387658345e+02
W 1.3224350527e-01 2.9150530628e+13 2.8423554593e-03 1.0770269299e+03
W 1.3224350527e-01 3.6783797718e+13 2.8962088365e-03 1.2325947469e+03
W 1.3224350527e-01 4.6415888336e+13 2.8519856997e-03 1.3917290340e+03
W 1.3224350527e-01 5.8570208181e+13 2.7852313211e-03 1.5714083716e+03
W 1.3224350527e-01 7.3907220335e+13 2.7677046895e-03 1.7983855837e+03
W 1.3224350527e-01 9.3260334688e+13 2.6473840653e-03 2.0305663622e+03
W 1.3224350527e-01 1.1768119524e+14 2.5680648403e-03 2.3238652272e+03
W 1.3224350527e-01 1.4849682623e+14 2.3885083380e-03 2.6238881157e+03
W 1.3224350527e-01 1.8738174229e+14 2.1827834450e-03 2.9626454939e+03
W 1.3224350527e-01 2.3644894126e+14 2.0076659709e-03 3.3905756404e+03
W 1.3224350527e-01 2.9836472403e+14 1.7547269561e-03 3.8283162999e+03
W 1.3224350527e-01 3.7649358068e+14 1.4910127206e-03 4.3225715179e+03
W 1.3224350527e-01 4.7508101621e+14 1.2591580722e-03 4.9469319642e+03
W 1.3224350527e-01 5.9948425032e+14 9.9537152717e-04 5.5856061867e+03
W 1.3224350527e-01 7.5646332755e+14 7.5133375203e-04 6.3067365184e+03
W 1.3224350527e-01 9.5454845666e+14 5.5174422144e-04 7.2176935289e+03
W 1.3224350527e-01 1.2045035403e+15 3.6977489862e-04 8.1495346853e+03
W 1.3224350527e-01 1.5199110830e+15 2.3572002171e-04 9.3266689659e+03
W 1.3224350527e-01 1.9179102617e+15 1.3329442994e-04 1.0530789640e+04
W 1.3224350527e-01 2.4201282648e+15 6.7434671173e-05 1.1890368452e+04
W 1.3224350527e-01 3.0538555088e+15 3.0717799130e-05 1.3607835872e+04
W 1.3224350527e-01 3.8535285937e+15 1.1651935914e-05 1.5364677094e+04
W 1.3224350527e-01 4.8626015801e+15 3.6630756115e-06 1.7348335504e+04
W 1.3224350527e-01 6.1359072734e+15 9.3839015419e-07 1.9854162060e+04
W 1.3224350527e-01 7.7426368268e+15 1.7500117827e-07 2.2417435945e+04
W 1.3224350527e-01 9.7700995730e+15 2.3299845884e-08 2.5655453004e+04
W 1.3224350527e-01 1.2328467394e+16 1.9251488166e-09 2.8967703227e+04
W 1.3224350527e-01 1.5556761439e+16 9.4523344795e-11 3.3151853343e+04
W 1.3224350527e-01 1.9630406500e+16 2.3421138489e-12 3.7431927196e+04
W 1.3224350527e-01 2.4770763560e+16 2.6520267417e-14 4.2264580479e+04
W 1.3224350527e-01 3.1257158497e+16 1.2111876143e-16 4.8369356820e+04
W 1.3224350527e-01 3.9442060594e+16 1.7470736128e-19 5.4614088217e+04
W 1.3224350527e-01 4.9770235643e+16 6.5683578823e-23 6.2502650930e+04
W 1.3224350527e-01 6.2802914418e+16 4.4193315156e-27 7.0572062895e+04
W 1.3224350527e-01 7.9248289835e+16 3.6795045754e-32 8.0765625803e+04
W 1.3224350527e-01 1.0000000000e+17 2.0626001798e-38 9.1192881248e+04
W 1.4180180764e-01 1.2618568831e+07 2.5377791972e-04 3.9153756672e-01
W 1.4180180764e-01 1.5922827933e+07 2.6877132185e-04 4.4809199709e-01
W 1.4180180764e-01 2.0092330026e+07 2.7712755113e-04 5.0594296612e-01
W 1.4180180764e-01 2.5353644940e+07 2.9361774587e-04 5.7902232984e-01
W 1.4180180764e-01 3.1992671378e+07 3.0286830661e-04 6.5377707459e-01
W 1.4180180764e-01 4.0370172586e+07 3.2102021465e-04 7.4820987794e-01
W 1.4180180764e-01 5.0941380148e+07 3.3126916493e-04 8.4480760063e-01
W 1.4180180764e-01 6.4280731173e+07 3.4191564204e-04 9.5387658345e-01
W 1.4180180764e-01 8.1113083079e+07 3.6263144944e-04 1.0916563303e+00
W 1.4180180764e-01 1.0235310219e+08 3.7444100628e-04 1.2325947469e+00
W 1.4180180764e-01 1.2915496650e+08 3.9729274140e-04 1.4106330750e+00
W 1.4180180764e-01 1.6297508346e+08 4.1040245292e-04 1.5927530210e+00
W 1.4180180764e-01 2.0565123083e+08 4.3563128861e-04 1.8228132949e+00
W 1.4180180764e-01 2.5950242114e+08 4.5019496594e-04 2.0581478158e+00
W 1.4180180764e-01 3.2745491629e+08 4.6534329150e-04 2.3238652272e+00
W 1.4180180764e-01 4.1320124001e+08 4.9426086308e-04 2.6595287378e+00
W 1.4180180764e-01 5.2140082880e+08 5.1110634286e-04 3.0028875026e+00
W 1.4180180764e-01 6.5793322466e+08 5.4309495433e-04 3.4366302814e+00
W 1.4180180764e-01 8.3021756813e+08 5.6183882790e-04 3.8803168307e+00
W 1.4180180764e-01 1.0476157528e+09 5.8134950863e-04 4.3812855831e+00
W 1.4180180764e-01 1.3219411485e+09 6.1811648682e-04 5.0141268007e+00
W 1.4180180764e-01 1.6681005372e+09 6.3984124351e-04 5.6614762203e+00
W 1.4180180764e-01 2.1049041445e+09 6.6246113637e-04 6.3924017614e+00
W 1.4180180764e-01 2.6560877829e+09 7.0477741120e-04 7.3157324225e+00
W 1.4180180764e-01 3.3516026509e+09 7.2997417319e-04 8.2602309016e+00
W 1.4180180764e-01 4.2292428744e+09 7.7689465603e-04 9.4533543540e+00
W 1.4180180764e-01 5.3366992312e+09 8.0496261056e-04 1.0673830759e+01
W 1.4180180764e-01 6.7341506578e+09 8.3418774357e-04 1.2051876912e+01
W 1.4180180764e-01 8.4975343591e+09 8.8826293651e-04 1.3792672921e+01
W 1.4180180764e-01 1.0722672220e+10 9.2080409652e-04 1.5573377552e+01
W 1.4180180764e-01 1.3530477746e+10 9.5467347723e-04 1.7583980259e+01
W 1.4180180764e-01 1.7073526475e+10 1.0169923678e-03 2.0123843791e+01
W 1.4180180764e-01 2.1544346900e+10 1.0546589389e-03 2.2721934967e+01
W 1.4180180764e-01 2.7185882427e+10 1.0938294436e-03 2.5655453004e+01
W 1.4180180764e-01 3.4304692863e+10 1.1655775746e-03 2.9361175402e+01
W 1.4180180764e-01 4.3287612811e+10 1.2090389660e-03 3.3151853343e+01
W 1.4180180764e-01 5.4622772177e+10 1.2541674461e-03 3.7431927196e+01
W 1.4180180764e-01 6.8926121044e+10 1.3009945004e-03 4.2264580479e+01
W 1.4180180764e-01 8.6974900262e+10 1.3864557416e-03 4.8369356820e+01
W 1.4180180764e-01 1.0974987655e+11 1.4381201447e-03 5.4614088217e+01
W 1.4180180764e-01 1.3848863714e+11 1.4915762924e-03 6.1665046383e+01
W 1.4180180764e-01 1.7475284000e+11 1.5891224092e-03 7.0572062895e+01
W 1.4180180764e-01 2.2051307399e+11 1.6476796175e-03 7.9683277224e+01
W 1.4180180764e-01 2.7825594022e+11 1.7079980069e-03 8.9970795930e+01
W 1.4180180764e-01 3.5111917342e+11 1.8184186200e-03 1.0296634871e+02
W 1.4180180764e-01 4.4306214576e+11 1.8837598511e-03 1.1625983105e+02
W 1.4180180764e-01 5.5908101825e+11 1.9505996547e-03 1.3126956996e+02
W 1.4180180764e-01 7.0548023107e+11 2.0739738372e-03 1.5023039616e+02
W 1.4180180764e-01 8.9021508545e+11 2.1451194580e-03 1.6962590881e+02
W 1.4180180764e-01 1.1233240330e+12 2.2170940844e-03 1.9152548135e+02
W 1.4180180764e-01 1.4174741629e+12 2.3521570829e-03 2.1918978593e+02
W 1.4180180764e-01 1.7886495291e+12 2.4266090849e-03 2.4748830855e+02
W 1.4180180764e-01 2.2570197196e+12 2.5005435261e-03 2.7944031520e+02
W 1.4180180764e-01 2.8480358684e+12 2.5733078905e-03 3.1551748936e+02
W 1.4180180764e-01 3.5938136638e+12 2.7164476423e-03 3.6109143526e+02
W 1.4180180764e-01 4.5348785081e+12 2.7862744939e-03 4.0771018670e+02
W 1.4180180764e-01 5.7223676594e+12 2.8520810990e-03 4.6034765743e+02
W 1.4180180764e-01 7.2208090184e+12 2.9922703244e-03 5.2684114810e+02
W 1.4180180764e-01 9.1116275612e+12 3.0475474676e-03 5.9485903535e+02
W 1.4180180764e-01 1.1497569954e+13 3.0942396550e-03 6.7165837980e+02
W 1.4180180764e-01 1.4508287785e+13 3.2160861683e-03 7.6867399286e+02
W 1.4180180764e-01 1.8307382803e+13 3.2404151788e-03 8.6791373747e+02
W 1.4180180764e-01 2.3101297001e+13 3.2495376115e-03 9.7996584076e+02
W 1.4180180764e-01 2.9150530628e+13 3.3296312831e-03 1.1215139695e+03
W 1.4180180764e-01 3.6783797718e+13 3.3000715257e-03 1.2663071600e+03
W 1.4180180764e-01 4.6415888336e+13 3.2471239799e-03 1.4297938922e+03
W 1.4180180764e-01 5.8570208181e+13 3.2549779345e-03 1.6363160397e+03
W 1.4180180764e-01 7.3907220335e+13 3.1452616111e-03 1.8475728109e+03
W 1.4180180764e-01 9.3260334688e+13 3.0051663688e-03 2.0861039120e+03
W 1.4180180764e-01 1.1768119524e+14 2.9114512780e-03 2.3874247263e+03
W 1.4180180764e-01 1.4849682623e+14 2.7040217751e-03 2.6956534713e+03
W 1.4180180764e-01 1.8738174229e+14 2.4671222863e-03 3.0436761240e+03
W 1.4180180764e-01 2.3644894126e+14 2.2650178177e-03 3.4833104887e+03
W 1.4180180764e-01 2.9836472403e+14 1.9755035403e-03 3.9330236916e+03
W 1.4180180764e-01 3.7649358068e+14 1.6745850659e-03 4.4407971694e+03
W 1.4180180764e-01 4.7508101621e+14 1.4102992341e-03 5.0822343536e+03
W 1.4180180764e-01 5.9948425032e+14 1.1113293528e-03 5.7383768066e+03
W 1.4180180764e-01 7.5646332755e+14 8.5866950497e-04 6.5672388601e+03
W 1.4180180764e-01 9.5454845666e+14 6.1119799100e-04 7.4151029914e+03
W 1.4180180764e-01 1.2045035403e+15 4.0762305152e-04 8.3724307193e+03
W 1.4180180764e-01 1.5199110830e+15 2.5837284789e-04 9.5817605267e+03
W 1.4180180764e-01 1.9179102617e+15 1.4513660266e-04 1.0818814826e+04
W 1.4180180764e-01 2.4201282648e+15 7.2856898034e-05 1.2215579163e+04
W 1.4180180764e-01 3.0538555088e+15 3.2886420373e-05 1.3980020637e+04
W 1.4180180764e-01 3.8535285937e+15 1.2341464545e-05 1.5784912815e+04
W 1.4180180764e-01 4.8626015801e+15 3.9357649298e-06 1.8064915626e+04
W 1.4180180764e-01 6.1359072734e+15 9.6671699565e-07 2.0397188644e+04
W 1.4180180764e-01 7.7426368268e+15 1.7705511050e-07 2.3030570039e+04
W 1.4180180764e-01 9.7700995730e+15 2.3065313500e-08 2.6357149352e+04
W 1.4180180764e-01 1.2328467394e+16 1.8562204898e-09 2.9759992163e+04
W 1.4180180764e-01 1.5556761439e+16 8.8280299385e-11 3.4058581998e+04
W 1.4180180764e-01 1.9630406500e+16 2.1048147708e-12 3.8455719160e+04
W 1.4180180764e-01 2.4770763560e+16 2.3374742162e-14 4.4010336332e+04
W 1.4180180764e-01 3.1257158497e+16 9.8263726162e-17 4.9692295885e+04
W 1.4180180764e-01 3.9442060594e+16 1.3251466456e-19 5.6107825483e+04
W 1.4180180764e-01 4.9770235643e+16 4.5933315386e-23 6.4212146446e+04
W 1.4180180764e-01 6.2802914418e+16 2.8007119776e-27 7.2502263027e+04
W 1.4180180764e-01 7.9248289835e+16 2.0682275971e-32 8.2974627711e+04
W 1.4180180764e-01 1.0000000000e+17 1.0007666791e-38 9.3687076602e+04
W 1.5205096545e-01 1.2618568831e+07 2.9958535327e-04 4.0771018670e-01
W 1.5205096545e-01 1.5922827933e+07 3.0883706374e-04 4.6034765743e-01
W 1.5205096545e-01 2.0092330026e+07 3.2714725473e-04 5.2684114810e-01
W 1.5205096545e-01 2.5353644940e+07 3.3738463436e-04 5.9485903535e-01
W 1.5205096545e-01 3.1992671378e+07 3.5753089397e-04 6.8078160513e-01
W 1.5205096545e-01 4.0370172586e+07 3.6886817204e-04 7.6867399286e-01
W 1.5205096545e-01 5.0941380148e+07 3.9105349437e-04 8.7970272549e-01
W 1.5205096545e-01 6.4280731173e+07 4.0361892090e-04 9.9327684744e-01
W 1.5205096545e-01 8.1113083079e+07 4.2807037371e-04 1.1367476433e+00
W 1.5205096545e-01 1.0235310219e+08 4.4200788932e-04 1.2835075790e+00
W 1.5205096545e-01 1.2915496650e+08 4.5649407472e-04 1.4492149732e+00
W 1.5205096545e-01 1.6297508346e+08 4.8445068664e-04 1.6585423386e+00
W 1.5205096545e-01 2.0565123083e+08 5.0053678875e-04 1.8726686388e+00
W 1.5205096545e-01 2.5950242114e+08 5.3141285720e-04 2.1431604565e+00
W 1.5205096545e-01 3.2745491629e+08 5.4928819682e-04 2.4198534347e+00
W 1.5205096545e-01 4.1320124001e+08 5.6788355819e-04 2.7322688918e+00
W 1.5205096545e-01 5.2140082880e+08 6.0329218934e-04 3.1269230040e+00
W 1.5205096545e-01 6.5793322466e+08 6.2397563118e-04 3.5306247595e+00
W 1.5205096545e-01 8.3021756813e+08 6.4550160412e-04 3.9864464768e+00
W 1.5205096545e-01 1.0476157528e+09 6.8617494011e-04 4.5622563833e+00
W 1.5205096545e-01 1.3219411485e+09 7.1013644457e-04 5.1512670205e+00
W 1.5205096545e-01 1.6681005372e+09 7.5518709141e-04 5.8953258204e+00
W 1.5205096545e-01 2.1049041445e+09 7.8186939446e-04 6.6564425412e+00
W 1.5205096545e-01 2.6560877829e+09 8.0965097815e-04 7.5158233240e+00
W 1.5205096545e-01 3.3516026509e+09 8.6151372586e-04 8.6014231310e+00
W 1.5205096545e-01 4.2292428744e+09 8.9245719916e-04 9.7119108575e+00
W 1.5205096545e-01 5.3366992312e+09 9.2467567961e-04 1.0965768230e+01
W 1.5205096545e-01 6.7341506578e+09 9.8442771839e-04 1.2549684637e+01
W 1.5205096545e-01 8.4975343591e+09 1.0203035235e-03 1.4169913121e+01
W 1.5205096545e-01 1.0722672220e+10 1.0576466229e-03 1.5999321391e+01
W 1.5205096545e-01 1.3530477746e+10 1.1265002544e-03 1.8310293784e+01
W 1.5205096545e-01 1.7073526475e+10 1.1680420279e-03 2.0674246377e+01
W 1.5205096545e-01 2.1544346900e+10 1.2112520979e-03 2.3343397343e+01
W 1.5205096545e-01 2.7185882427e+10 1.2905389440e-03 2.6715162026e+01
W 1.5205096545e-01 3.4304692863e+10 1.3385129666e-03 3.0164226104e+01
W 1.5205096545e-01 4.3287612811e+10 1.3883488164e-03 3.4058581998e+01
W 1.5205096545e-01 5.4622772177e+10 1.4794747718e-03 3.8978068320e+01
W 1.5205096545e-01 6.8926121044e+10 1.5346184669e-03 4.4010336332e+01
W 1.5205096545e-01 8.6974900262e+10 1.5917793839e-03 4.9692295885e+01
W 1.5205096545e-01 1.0974987655e+11 1.6509739404e-03 5.6107825483e+01
W 1.5205096545e-01 1.3848863714e+11 1.7590360947e-03 6.4212146446e+01
W 1.5205096545e-01 1.7475284000e+11 1.8240233922e-03 7.2502263027e+01
W 1.5205096545e-01 2.2051307399e+11 1.8910591028e-03 8.1862676067e+01
W 1.5205096545e-01 2.7825594022e+11 2.0136972127e-03 9.3687076602e+01
W 1.5205096545e-01 3.5111917342e+11 2.0865738072e-03 1.0578255744e+02
W 1.5205096545e-01 4.4306214576e+11 2.1612895215e-03 1.1943962674e+02
W 1.5205096545e-01 5.5908101825e+11 2.2988842728e-03 1.3669171345e+02
W 1.5205096545e-01 7.0548023107e+11 2.3788720652e-03 1.5433931290e+02
W 1.5205096545e-01 8.9021508545e+11 2.4600908410e-03 1.7426530772e+02
W 1.5205096545e-01 1.1233240330e+12 2.5421974668e-03 1.9676385039e+02
W 1.5205096545e-01 1.4174741629e+12 2.6965591227e-03 2.2518479495e+02
W 1.5205096545e-01 1.7886495291e+12 2.7813402432e-03 2.5425730390e+02
W 1.5205096545e-01 2.2570197196e+12 2.8654362209e-03 2.8708322248e+02
W 1.5205096545e-01 2.8480358684e+12 3.0287208197e-03 3.2855006882e+02
W 1.5205096545e-01 3.5938136638e+12 3.1112276427e-03 3.7096756339e+02
W 1.5205096545e-01 4.5348785081e+12 3.1902456060e-03 4.1886137350e+02
W 1.5205096545e-01 5.7223676594e+12 3.3538008568e-03 4.7936250646e+02
W 1.5205096545e-01 7.2208090184e+12 3.4237258212e-03 5.4125065821e+02
W 1.5205096545e-01 9.1116275612e+12 3.4855666654e-03 6.1112888693e+02
W 1.5205096545e-01 1.1497569954e+13 3.6341392845e-03 6.9940150499e+02
W 1.5205096545e-01 1.4508287785e+13 3.6748645302e-03 7.8969781705e+02
W 1.5205096545e-01 1.8307382803e+13 3.7006262491e-03 8.9165184490e+02
W 1.5205096545e-01 2.3101297001e+13 3.8102090620e-03 1.0204437322e+03
W 1.5205096545e-01 2.9150530628e+13 3.7975891566e-03 1.1521882381e+03
W 1.5205096545e-01 3.6783797718e+13 3.7610042740e-03 1.3009416336e+03
W 1.5205096545e-01 4.6415888336e+13 3.7986321313e-03 1.4888521160e+03
W 1.5205096545e-01 5.8570208181e+13 3.7028980755e-03 1.6810705404e+03
W 1.5205096545e-01 7.3907220335e+13 3.5742347027e-03 1.8981053466e+03
W 1.5205096545e-01 9.3260334688e+13 3.5041856425e-03 2.1722712908e+03
W 1.5205096545e-01 1.1768119524e+14 3.3000085120e-03 2.4527226266e+03
W 1.5205096545e-01 1.4849682623e+14 3.0601537618e-03 2.7693816645e+03
W 1.5205096545e-01 1.8738174229e+14 2.8633848649e-03 3.1693964161e+03
W 1.5205096545e-01 2.3644894126e+14 2.5537275693e-03 3.5785817064e+03
W 1.5205096545e-01 2.9836472403e+14 2.2222448994e-03 4.0405949108e+03
W 1.5205096545e-01 3.7649358068e+14 1.9302330105e-03 4.6242261201e+03
W 1.5205096545e-01 4.7508101621e+14 1.5776091619e-03 5.2212373672e+03
W 1.5205096545e-01 5.9948425032e+14 1.2389154473e-03 5.8953258204e+03
W 1.5205096545e-01 7.5646332755e+14 9.5347266859e-04 6.7468578877e+03
W 1.5205096545e-01 9.5454845666e+14 6.7558430671e-04 7.6179117543e+03
W 1.5205096545e-01 1.2045035403e+15 4.4818219666e-04 8.6014231310e+03
W 1.5205096545e-01 1.5199110830e+15 2.8233423933e-04 9.8438290376e+03
W 1.5205096545e-01 1.9179102617e+15 1.5745809087e-04 1.1114717722e+04
W 1.5205096545e-01 2.4201282648e+15 8.0522135533e-05 1.2720148677e+04
W 1.5205096545e-01 3.0538555088e+15 3.5030613146e-05 1.4362384940e+04
W 1.5205096545e-01 3.8535285937e+15 1.2994136671e-05 1.6216642306e+04
W 1.5205096545e-01 4.8626015801e+15 4.0873515849e-06 1.8559004946e+04
W 1.5205096545e-01 6.1359072734e+15 9.8766988763e-07 2.0955067422e+04
W 1.5205096545e-01 7.7426368268e+15 1.8223424279e-07 2.3981857192e+04
W 1.5205096545e-01 9.7700995730e+15 2.2568558707e-08 2.7078037634e+04
W 1.5205096545e-01 1.2328467394e+16 1.7650989736e-09 3.0573950809e+04
W 1.5205096545e-01 1.5556761439e+16 8.1095495165e-11 3.4990110379e+04
W 1.5205096545e-01 1.9630406500e+16 1.8544686526e-12 3.9507512620e+04
W 1.5205096545e-01 2.4770763560e+16 1.9583880608e-14 4.5214052838e+04
W 1.5205096545e-01 3.1257158497e+16 7.7487626517e-17 5.1051418350e+04
W 1.5205096545e-01 3.9442060594e+16 9.7143045333e-20 5.7642417611e+04
W 1.5205096545e-01 4.9770235643e+16 3.0833418463e-23 6.5968397978e+04
W 1.5205096545e-01 6.2802914418e+16 1.6896673747e-27 7.4485255616e+04
W 1.5205096545e-01 7.9248289835e+16 1.0955674977e-32 8.5244047518e+04
W 1.5205096545e-01 1.0000000000e+17 4.5196039920e-39 9.6249490116e+04
W 1.6304091237e-01 1.2618568831e+07 3.4454950536e-04 4.1886137350e-01
W 1.6304091237e-01 1.5922827933e+07 3.6490310059e-04 4.7936250646e-01
W 1.6304091237e-01 2.0092330026e+07 3.7624508495e-04 5.4125065821e-01
W 1.6304091237e-01 2.5353644940e+07 3.9862964282e-04 6.1942993208e-01
W 1.6304091237e-01 3.1992671378e+07 4.1118466500e-04 6.9940150499e-01
W 1.6304091237e-01 4.0370172586e+07 4.3582371281e-04 8.0042438779e-01
W 1.6304091237e-01 5.0941380148e+07 4.4973269558e-04 9.0376327080e-01
W 1.6304091237e-01 6.4280731173e+07 4.7687624742e-04 1.0343045555e+00
W 1.6304091237e-01 8.1113083079e+07 4.9229732787e-04 1.1678385646e+00
W 1.6304091237e-01 1.0235310219e+08 5.0832204103e-04 1.3186124973e+00
W 1.6304091237e-01 1.2915496650e+08 5.3933566605e-04 1.5090753928e+00
W 1.6304091237e-01 1.6297508346e+08 5.5712268179e-04 1.7039047457e+00
W 1.6304091237e-01 2.0565123083e+08 5.9135967336e-04 1.9500199859e+00
W 1.6304091237e-01 2.5950242114e+08 6.1111697115e-04 2.2017775413e+00
W 1.6304091237e-01 3.2745491629e+08 6.3166601168e-04 2.4860382850e+00
W 1.6304091237e-01 4.1320124001e+08 6.7090315762e-04 2.8451263804e+00
W 1.6304091237e-01 5.2140082880e+08 6.9375097408e-04 3.2124467502e+00
W 1.6304091237e-01 6.5793322466e+08 7.3715009464e-04 3.6764586650e+00
W 1.6304091237e-01 8.3021756813e+08 7.6256832518e-04 4.1511082855e+00
W 1.6304091237e-01 1.0476157528e+09 7.8902386121e-04 4.6870376000e+00
W 1.6304091237e-01 1.3219411485e+09 8.3889547259e-04 5.3640422201e+00
W 1.6304091237e-01 1.6681005372e+09 8.6834687317e-04 6.0565675103e+00
W 1.6304091237e-01 2.1049041445e+09 8.9900811588e-04 6.8385013580e+00
W 1.6304091237e-01 2.6560877829e+09 9.5639209444e-04 7.8262674927e+00
W 1.6304091237e-01 3.3516026509e+09 9.9053718095e-04 8.8366786611e+00
W 1.6304091237e-01 4.2292428744e+09 1.0260873375e-03 9.9775390799e+00
W 1.6304091237e-01 5.3366992312e+09 1.0921758030e-03 1.1418713790e+01
W 1.6304091237e-01 6.7341506578e+09 1.1317607896e-03 1.2892928152e+01
W 1.6304091237e-01 8.4975343591e+09 1.1729663958e-03 1.4557471130e+01
W 1.6304091237e-01 1.0722672220e+10 1.2491072687e-03 1.6660179931e+01
W 1.6304091237e-01 1.3530477746e+10 1.2949549254e-03 1.8811094384e+01
W 1.6304091237e-01 1.7073526475e+10 1.3426518824e-03 2.1239702897e+01
W 1.6304091237e-01 2.1544346900e+10 1.4303369837e-03 2.4307605956e+01
W 1.6304091237e-01 2.7185882427e+10 1.4833195017e-03 2.7445842229e+01
W 1.6304091237e-01 3.4304692863e+10 1.5383775972e-03 3.0989240860e+01
W 1.6304091237e-01 4.3287612811e+10 1.5955625463e-03 3.4990110379e+01
W 1.6304091237e-01 5.4622772177e+10 1.7001827733e-03 4.0044148431e+01
W 1.6304091237e-01 6.8926121044e+10 1.7634332453e-03 4.5214052838e+01
W 1.6304091237e-01 8.6974900262e+10 1.8289826221e-03 5.1051418350e+01
W 1.6304091237e-01 1.0974987655e+11 1.9487273819e-03 5.8425382255e+01
W 1.6304091237e-01 1.3848863714e+11 2.0208280074e-03 6.5968397978e+01
W 1.6304091237e-01 1.7475284000e+11 2.0952906540e-03 7.4485255616e+01
W 1.6304091237e-01 2.2051307399e+11 2.2314824604e-03 8.5244047518e+01
W 1.6304091237e-01 2.7825594022e+11 2.3126807657e-03 9.6249490116e+01
W 1.6304091237e-01 3.5111917342e+11 2.3960889032e-03 1.0867579165e+02
W 1.6304091237e-01 4.4306214576e+11 2.5494345829e-03 1.2437312957e+02
W 1.6304091237e-01 5.5908101825e+11 2.6391687134e-03 1.4043033682e+02
W 1.6304091237e-01 7.0548023107e+11 2.7305702196e-03 1.5856061167e+02
W 1.6304091237e-01 8.9021508545e+11 2.8233153350e-03 1.7903159775e+02
W 1.6304091237e-01 1.1233240330e+12 2.9967834452e-03 2.0489126203e+02
W 1.6304091237e-01 1.4174741629e+12 3.0934901200e-03 2.3134377207e+02
W 1.6304091237e-01 1.7886495291e+12 3.1900383817e-03 2.6121143648e+02
W 1.6304091237e-01 2.2570197196e+12 3.3755527772e-03 2.9894131287e+02
W 1.6304091237e-01 2.8480358684e+12 3.4719849518e-03 3.3753616559e+02
W 1.6304091237e-01 3.5938136638e+12 3.5655123817e-03 3.8111381122e+02
W 1.6304091237e-01 4.5348785081e+12 3.7548417900e-03 4.3616261454e+02
W 1.6304091237e-01 5.7223676594e+12 3.8408750962e-03 4.9247343925e+02
W 1.6304091237e-01 7.2208090184e+12 3.9194021906e-03 5.5605427949e+02
W 1.6304091237e-01 9.1116275612e+12 3.9884488055e-03 6.2784373144e+02
W 1.6304091237e-01 1.1497569954e+13 4.1564404860e-03 7.1853067342e+02
W 1.6304091237e-01 1.4508287785e+13 4.2007586652e-03 8.1129665897e+02
W 1.6304091237e-01 1.8307382803e+13 4.2276800700e-03 9.1603920781e+02
W 1.6304091237e-01 2.3101297001e+13 4.3499764167e-03 1.0483536522e+03
W 1.6304091237e-01 2.9150530628e+13 4.3323557415e-03 1.1837014715e+03
W 1.6304091237e-01 3.6783797718e+13 4.2870676178e-03 1.3365233867e+03
W 1.6304091237e-01 4.6415888336e+13 4.3259476993e-03 1.5295733651e+03
W 1.6304091237e-01 5.8570208181e+13 4.2125437666e-03 1.7270491110e+03
W 1.6304091237e-01 7.3907220335e+13 4.0614254766e-03 1.9500199859e+03
W 1.6304091237e-01 9.3260334688e+13 3.9765937180e-03 2.2316845792e+03
W 1.6304091237e-01 1.1768119524e+14 3.7393340039e-03 2.5198064745e+03
W 1.6304091237e-01 1.4849682623e+14 3.4617262419e-03 2.8451263804e+03
W 1.6304091237e-01 1.8738174229e+14 3.2329686945e-03 3.2560818428e+03
W 1.6304091237e-01 2.3644894126e+14 2.8771013653e-03 3.6764586650e+03
W 1.6304091237e-01 2.9836472403e+14 2.4974657263e-03 4.1511082855e+03
W 1.6304091237e-01 3.7649358068e+14 2.1631710435e-03 4.7507022567e+03
W 1.6304091237e-01 4.7508101621e+14 1.7622791636e-03 5.3640422201e+03
W 1.6304091237e-01 5.9948425032e+14 1.3787992041e-03 6.0565675103e+03
W 1.6304091237e-01 7.5646332755e+14 1.0565862286e-03 6.9313896337e+03
W 1.6304091237e-01 9.5454845666e+14 7.4494280448e-04 7.8262674927e+03
W 1.6304091237e-01 1.2045035403e+15 5.0479990331e-04 8.9567084455e+03
W 1.6304091237e-01 1.5199110830e+15 3.0746983404e-04 1.0113065324e+04
W 1.6304091237e-01 1.9179102617e+15 1.7014114544e-04 1.1418713790e+04
W 1.6304091237e-01 2.4201282648e+15 8.6215671215e-05 1.3068054514e+04
W 1.6304091237e-01 3.0538555088e+15 3.7107264259e-05 1.4755207201e+04
W 1.6304091237e-01 3.8535285937e+15 1.3591863913e-05 1.6660179931e+04
W 1.6304091237e-01 4.8626015801e+15 4.2120987915e-06 1.9066607988e+04
W 1.6304091237e-01 6.1359072734e+15 9.9991854066e-07 2.1528204613e+04
W 1.6304091237e-01 7.7426368268e+15 1.8061342261e-07 2.4637779409e+04
W 1.6304091237e-01 9.7700995730e+15 2.1801878826e-08 2.7818642764e+04
W 1.6304091237e-01 1.2328467394e+16 1.6531040961e-09 3.1410171850e+04
W 1.6304091237e-01 1.5556761439e+16 7.3155384598e-11 3.5947116777e+04
W 1.6304091237e-01 1.9630406500e+16 1.5988275791e-12 4.0588073439e+04
W 1.6304091237e-01 2.4770763560e+16 1.5987130712e-14 4.6450691916e+04
W 1.6304091237e-01 3.1257158497e+16 5.9231927228e-17 5.2447713859e+04
W 1.6304091237e-01 3.9442060594e+16 7.0480702949e-20 6.0023361341e+04
W 1.6304091237e-01 4.9770235643e+16 1.9790541490e-23 6.7772684338e+04
W 1.6304091237e-01 6.2802914418e+16 9.6591190138e-28 7.6522484575e+04
W 1.6304091237e-01 7.9248289835e+16 5.4385643415e-33 8.7575537700e+04
W 1.6304091237e-01 1.0000000000e+17 1.8870667490e-39 9.8881987607e+04
W 1.7482519120e-01 1.2618568831e+07 4.0747417214e-04 4.3616261454e-01
W 1.7482519120e-01 1.5922827933e+07 4.2005428144e-04 4.9247343925e-01
W 1.7482519120e-01 2.0092330026e+07 4.4495431243e-04 5.6360723890e-01
W 1.7482519120e-01 2.5353644940e+07 4.5887373696e-04 6.3637181656e-01
W 1.7482519120e-01 3.1992671378e+07 4.8626928473e-04 7.2829057136e-01
W 1.7482519120e-01 4.0370172586e+07 5.0168299230e-04 8.2231660967e-01
W 1.7482519120e-01 5.0941380148e+07 5.3184960123e-04 9.4109358382e-01
W 1.7482519120e-01 6.4280731173e+07 5.4893151586e-04 1.0625935796e+00
W 1.7482519120e-01 8.1113083079e+07 5.6667822876e-04 1.1997798464e+00
W 1.7482519120e-01 1.0235310219e+08 6.0112255417e-04 1.3730783280e+00
W 1.7482519120e-01 1.2915496650e+08 6.2081248478e-04 1.5503497641e+00
W 1.7482519120e-01 1.6297508346e+08 6.5881962201e-04 1.7742852309e+00
W 1.7482519120e-01 2.0565123083e+08 6.8068145148e-04 2.0033545305e+00
W 1.7482519120e-01 2.5950242114e+08 7.0341471010e-04 2.2619978484e+00
W 1.7482519120e-01 3.2745491629e+08 7.4694364946e-04 2.5887251173e+00
W 1.7482519120e-01 4.1320124001e+08 7.7221005401e-04 2.9229427725e+00
W 1.7482519120e-01 5.2140082880e+08 8.2033555055e-04 3.3451381824e+00
W 1.7482519120e-01 6.5793322466e+08 8.4843417503e-04 3.7770126337e+00
W 1.7482519120e-01 8.3021756813e+08 8.7767452566e-04 4.2646442859e+00
W 1.7482519120e-01 1.0476157528e+09 9.3294390652e-04 4.8806376128e+00
W 1.7482519120e-01 1.3219411485e+09 9.6548554594e-04 5.5107528953e+00
W 1.7482519120e-01 1.6681005372e+09 9.9935955474e-04 6.2222192842e+00
W 1.7482519120e-01 2.1049041445e+09 1.0629204199e-03 7.1209684648e+00
W 1.7482519120e-01 2.6560877829e+09 1.1006352999e-03 8.0403219206e+00
W 1.7482519120e-01 3.3516026509e+09 1.1398992286e-03 9.0783686106e+00
W 1.7482519120e-01 4.2292428744e+09 1.2130705302e-03 1.0389665429e+01
W 1.7482519120e-01 5.3366992312e+09 1.2567874216e-03 1.1731024384e+01
W 1.7482519120e-01 6.7341506578e+09 1.3022943109e-03 1.3245559641e+01
W 1.7482519120e-01 8.4975343591e+09 1.3865734539e-03 1.5158773453e+01
W 1.7482519120e-01 1.0722672220e+10 1.4372128723e-03 1.7115848650e+01
W 1.7482519120e-01 1.3530477746e+10 1.4899011373e-03 1.9325592266e+01
W 1.7482519120e-01 1.7073526475e+10 1.5447072420e-03 2.1820625087e+01
W 1.7482519120e-01 2.1544346900e+10 1.6455060305e-03 2.4972437651e+01
W 1.7482519120e-01 2.7185882427e+10 1.7063669307e-03 2.8196507098e+01
W 1.7482519120e-01 3.4304692863e+10 1.7696011040e-03 3.1836820402e+01
W 1.7482519120e-01 4.3287612811e+10 1.8854615055e-03 3.6435391257e+01
W 1.7482519120e-01 5.4622772177e+10 1.9554697704e-03 4.1139386652e+01
W 1.7482519120e-01 6.8926121044e+10 2.0280678522e-03 4.6450691916e+01
W 1.7482519120e-01 8.6974900262e+10 2.1608124737e-03 5.3160118149e+01
W 1.7482519120e-01 1.0974987655e+11 2.2407954496e-03 6.0023361341e+01
W 1.7482519120e-01 1.3848863714e+11 2.3234839071e-03 6.7772684338e+01
W 1.7482519120e-01 1.7475284000e+11 2.4088529817e-03 7.6522484575e+01
W 1.7482519120e-01 2.2051307399e+11 2.5651417996e-03 8.7575537700e+01
W 1.7482519120e-01 2.7825594022e+11 2.6581609793e-03 9.8881987607e+01
W 1.7482519120e-01 3.5111917342e+11 2.7536681762e-03 1.1164815803e+02
W 1.7482519120e-01 4.4306214576e+11 2.9294802756e-03 1.2777483020e+02
W 1.7482519120e-01 5.5908101825e+11 3.0321195312e-03 1.4427121441e+02
W 1.7482519120e-01 7.0548023107e+11 3.1365977951e-03 1.6289736620e+02
W 1.7482519120e-01 8.9021508545e+11 3.3312188521e-03 1.8642657141e+02
W 1.7482519120e-01 1.1233240330e+12 3.4410616066e-03 2.1049519544e+02
W 1.7482519120e-01 1.4174741629e+12 3.5513182563e-03 2.3767120195e+02
W 1.7482519120e-01 1.7886495291e+12 3.6612666581e-03 2.6835576992e+02
W 1.7482519120e-01 2.2570197196e+12 3.8731539112e-03 3.0711758742e+02
W 1.7482519120e-01 2.8480358684e+12 3.9826373136e-03 3.4676803901e+02
W 1.7482519120e-01 3.5938136638e+12 4.0886066494e-03 3.9153756672e+02
W 1.7482519120e-01 4.5348785081e+12 4.3041897983e-03 4.4809199709e+02
W 1.7482519120e-01 5.7223676594e+12 4.4010938305e-03 5.0594296612e+02
W 1.7482519120e-01 7.2208090184e+12 4.4891421372e-03 5.7126279118e+02
W 1.7482519120e-01 9.1116275612e+12 4.6909375999e-03 6.5377707459e+02
W 1.7482519120e-01 1.1497569954e+13 4.7558664583e-03 7.3818303930e+02
W 1.7482519120e-01 1.4508287785e+13 4.8037685769e-03 8.3348624582e+02
W 1.7482519120e-01 1.8307382803e+13 4.8314177253e-03 9.4109358382e+02
W 1.7482519120e-01 2.3101297001e+13 4.9675895851e-03 1.0770269299e+03
W 1.7482519120e-01 2.9150530628e+13 4.9434851023e-03 1.2160766160e+03
W 1.7482519120e-01 3.6783797718e+13 4.8874111533e-03 1.3730783280e+03
W 1.7482519120e-01 4.6415888336e+13 4.9267746680e-03 1.5714083716e+03
W 1.7482519120e-01 5.8570208181e+13 4.7922082537e-03 1.7742852309e+03
W 1.7482519120e-01 7.3907220335e+13 4.6144387624e-03 2.0033545305e+03
W 1.7482519120e-01 9.3260334688e+13 4.5116064579e-03 2.2927228668e+03
W 1.7482519120e-01 1.1768119524e+14 4.2355899762e-03 2.5887251173e+03
W 1.7482519120e-01 1.4849682623e+14 3.9139922151e-03 2.9229427725e+03
W 1.7482519120e-01 1.8738174229e+14 3.6477910318e-03 3.3451381824e+03
W 1.7482519120e-01 2.3644894126e+14 3.2386321483e-03 3.7770126337e+03
W 1.7482519120e-01 2.9836472403e+14 2.8037604285e-03 4.2646442859e+03
W 1.7482519120e-01 3.7649358068e+14 2.4210315774e-03 4.8806376128e+03
W 1.7482519120e-01 4.7508101621e+14 1.9654310649e-03 5.5107528953e+03
W 1.7482519120e-01 5.9948425032e+14 1.5315442419e-03 6.2222192842e+03
W 1.7482519120e-01 7.5646332755e+14 1.1681833329e-03 7.1209684648e+03
W 1.7482519120e-01 9.5454845666e+14 8.1920190137e-04 8.0403219206e+03
W 1.7482519120e-01 1.2045035403e+15 5.5166522280e-04 9.2016813019e+03
W 1.7482519120e-01 1.5199110830e+15 3.3358199338e-04 1.0389665429e+04
W 1.7482519120e-01 1.9179102617e+15 1.8303061591e-04 1.1731024384e+04
W 1.7482519120e-01 2.4201282648e+15 9.1830393888e-05 1.3425475844e+04
W 1.7482519120e-01 3.0538555088e+15 3.9066086567e-05 1.5158773453e+04
W 1.7482519120e-01 3.8535285937e+15 1.4114665182e-05 1.7115848650e+04
W 1.7482519120e-01 4.8626015801e+15 4.3038781754e-06 1.9588094363e+04
W 1.7482519120e-01 6.1359072734e+15 1.0022172843e-06 2.2117017547e+04
W 1.7482519120e-01 7.7426368268e+15 1.7689805882e-07 2.5311641602e+04
W 1.7482519120e-01 9.7700995730e+15 2.0767441076e-08 2.8579504013e+04
W 1.7482519120e-01 1.2328467394e+16 1.5225679064e-09 3.2269264179e+04
W 1.7482519120e-01 1.5556761439e+16 6.4691267132e-11 3.6930298034e+04
W 1.7482519120e-01 1.9630406500e+16 1.3460086562e-12 4.1698188426e+04
W 1.7482519120e-01 2.4770763560e+16 1.2684524887e-14 4.7721154022e+04
W 1.7482519120e-01 3.1257158497e+16 4.3758707803e-17 5.3882199122e+04
W 1.7482519120e-01 3.9442060594e+16 4.6508194362e-20 6.0838666662e+04
W 1.7482519120e-01 4.9770235643e+16 1.2094136175e-23 6.9626319316e+04
W 1.7482519120e-01 6.2802914418e+16 5.2052803491e-28 7.8615433311e+04
W 1.7482519120e-01 7.9248289835e+16 2.5144724431e-33 8.9970795930e+04
W 1.7482519120e-01 1.0000000000e+17 7.2302012429e-40 1.0158648593e+05
W 1.8746121470e-01 1.2618568831e+07 4.6950883321e-04 4.4809199709e-01
W 1.8746121470e-01 1.5922827933e+07 4.9723970869e-04 5.1281525689e-01
W 1.8746121470e-01 2.0092330026e+07 5.1268996138e-04 5.7902232984e-01
W 1.8746121470e-01 2.5353644940e+07 5.4318640002e-04 6.6265741577e-01
W 1.8746121470e-01 3.1992671378e+07 5.6028769857e-04 7.4820987794e-01
W 1.8746121470e-01 4.0370172586e+07 5.9385367302e-04 8.5628273491e-01
W 1.8746121470e-01 5.0941380148e+07 6.1279747293e-04 9.6683321627e-01
W 1.8746121470e-01 6.4280731173e+07 6.3247421358e-04 1.0916563303e+00
W 1.8746121470e-01 8.1113083079e+07 6.7077391928e-04 1.2493372457e+00
W 1.8746121470e-01 1.0235310219e+08 6.9259575805e-04 1.4106330750e+00
W 1.8746121470e-01 1.2915496650e+08 7.3483793708e-04 1.6143875977e+00
W 1.8746121470e-01 1.6297508346e+08 7.5905651215e-04 1.8228132949e+00
W 1.8746121470e-01 2.0565123083e+08 7.8423517612e-04 2.0581478158e+00
W 1.8746121470e-01 2.5950242114e+08 8.3258195955e-04 2.3554305985e+00
W 1.8746121470e-01 3.2745491629e+08 8.6055491303e-04 2.6595287378e+00
W 1.8746121470e-01 4.1320124001e+08 9.1398363206e-04 3.0436761240e+00
W 1.8746121470e-01 5.2140082880e+08 9.4508027683e-04 3.4366302814e+00
W 1.8746121470e-01 6.5793322466e+08 9.7743461715e-04 3.8803168307e+00
W 1.8746121470e-01 8.3021756813e+08 1.0387561421e-03 4.4407971694e+00
W 1.8746121470e-01 1.0476157528e+09 1.0747514804e-03 5.0141268007e+00
W 1.8746121470e-01 1.3219411485e+09 1.1122150420e-03 5.6614762203e+00
W 1.8746121470e-01 1.6681005372e+09 1.1826962863e-03 6.4792306068e+00
W 1.8746121470e-01 2.1049041445e+09 1.2243973790e-03 7.3157324225e+00
W 1.8746121470e-01 2.6560877829e+09 1.2678069950e-03 8.2602309016e+00
W 1.8746121470e-01 3.3516026509e+09 1.3489071356e-03 9.4533543540e+00
W 1.8746121470e-01 4.2292428744e+09 1.3972336234e-03 1.0673830759e+01
W 1.8746121470e-01 5.3366992312e+09 1.4475375949e-03 1.2051876912e+01
W 1.8746121470e-01 6.7341506578e+09 1.4998956658e-03 1.3607835872e+01
W 1.8746121470e-01 8.4975343591e+09 1.5968988304e-03 1.5573377552e+01
W 1.8746121470e-01 1.0722672220e+10 1.6551481177e-03 1.7583980259e+01
W 1.8746121470e-01 1.3530477746e+10 1.7157459347e-03 1.9854162060e+01
W 1.8746121470e-01 1.7073526475e+10 1.8274210002e-03 2.2721934967e+01
W 1.8746121470e-01 2.1544346900e+10 1.8947397368e-03 2.5655453004e+01
W 1.8746121470e-01 2.7185882427e+10 1.9647035128e-03 2.8967703227e+01
W 1.8746121470e-01 3.4304692863e+10 2.0931057784e-03 3.3151853343e+01
W 1.8746121470e-01 4.3287612811e+10 2.1706256222e-03 3.7431927196e+01
W 1.8746121470e-01 5.4622772177e+10 2.2510551236e-03 4.2264580479e+01
W 1.8746121470e-01 6.8926121044e+10 2.3344394448e-03 4.7721154022e+01
W 1.8746121470e-01 8.6974900262e+10 2.4870207951e-03 5.4614088217e+01
W 1.8746121470e-01 1.0974987655e+11 2.5788352003e-03 6.1665046383e+01
W 1.8746121470e-01 1.3848863714e+11 2.6737242639e-03 6.9626319316e+01
W 1.8746121470e-01 1.7475284000e+11 2.8474609345e-03 7.9683277224e+01
W 1.8746121470e-01 2.2051307399e+11 2.9511258827e-03 8.9970795930e+01
W 1.8746121470e-01 2.7825594022e+11 3.0577410789e-03 1.0158648593e+02
W 1.8746121470e-01 3.5111917342e+11 3.2537775196e-03 1.1625983105e+02
W 1.8746121470e-01 4.4306214576e+11 3.3688420310e-03 1.3126956996e+02
W 1.8746121470e-01 5.5908101825e+11 3.4862851252e-03 1.4821714295e+02
W 1.8746121470e-01 7.0548023107e+11 3.6057470963e-03 1.6735273430e+02
W 1.8746121470e-01 8.9021508545e+11 3.8287065127e-03 1.9152548135e+02
W 1.8746121470e-01 1.1233240330e+12 3.9540823033e-03 2.1625240073e+02
W 1.8746121470e-01 1.4174741629e+12 4.0797935976e-03 2.4417169190e+02
W 1.8746121470e-01 1.7886495291e+12 4.3200032308e-03 2.7944031520e+02
W 1.8746121470e-01 2.2570197196e+12 4.4470601528e-03 3.1551748936e+02
W 1.8746121470e-01 2.8480358684e+12 4.5713132594e-03 3.5625241125e+02
W 1.8746121470e-01 3.5938136638e+12 4.6913066765e-03 4.0224641994e+02
W 1.8746121470e-01 4.5348785081e+12 4.9367699350e-03 4.6034765743e+02
W 1.8746121470e-01 5.7223676594e+12 5.0457764387e-03 5.1978089490e+02
W 1.8746121470e-01 7.2208090184e+12 5.1443146073e-03 5.8688726735e+02
W 1.8746121470e-01 9.1116275612e+12 5.3727814519e-03 6.7165837980e+02
W 1.8746121470e-01 1.1497569954e+13 5.4440292392e-03 7.5837291248e+02
W 1.8746121470e-01 1.4508287785e+13 5.4953714349e-03 8.5628273491e+02
W 1.8746121470e-01 1.8307382803e+13 5.6741645094e-03 9.7996584076e+02
W 1.8746121470e-01 2.3101297001e+13 5.6743138376e-03 1.1064844438e+03
W 1.8746121470e-01 2.9150530628e+13 5.6418404138e-03 1.2493372457e+03
W 1.8746121470e-01 3.6783797718e+13 5.5723955413e-03 1.4106330750e+03
W 1.8746121470e-01 4.6415888336e+13 5.6111347158e-03 1.6143875977e+03
W 1.8746121470e-01 5.8570208181e+13 5.4511853513e-03 1.8228132949e+03
W 1.8746121470e-01 7.3907220335e+13 5.2417402027e-03 2.0581478158e+03
W 1.8746121470e-01 9.3260334688e+13 5.1169783911e-03 2.3554305985e+03
W 1.8746121470e-01 1.1768119524e+14 4.7955145558e-03 2.6595287378e+03
W 1.8746121470e-01 1.4849682623e+14 4.4226252294e-03 3.0028875026e+03
W 1.8746121470e-01 1.8738174229e+14 4.1125712983e-03 3.4366302814e+03
W 1.8746121470e-01 2.3644894126e+14 3.6419548078e-03 3.8803168307e+03
W 1.8746121470e-01 2.9836472403e+14 3.1437484688e-03 4.3812855831e+03
W 1.8746121470e-01 3.7649358068e+14 2.7055789165e-03 5.0141268007e+03
W 1.8746121470e-01 4.7508101621e+14 2.1880582342e-03 5.6614762203e+03
W 1.8746121470e-01 5.9948425032e+14 1.6975558867e-03 6.3924017614e+03
W 1.8746121470e-01 7.5646332755e+14 1.2882731842e-03 7.3157324225e+03
W 1.8746121470e-01 9.5454845666e+14 8.9814709522e-04 8.2602309016e+03
W 1.8746121470e-01 1.2045035403e+15 6.0073885646e-04 9.4533543540e+03
W 1.8746121470e-01 1.5199110830e+15 3.6039875630e-04 1.0673830759e+04
W 1.8746121470e-01 1.9179102617e+15 1.9592946904e-04 1.2051876912e+04
W 1.8746121470e-01 2.4201282648e+15 9.7246726592e-05 1.3792672921e+04
W 1.8746121470e-01 3.0538555088e+15 4.0849940416e-05 1.5573377552e+04
W 1.8746121470e-01 3.8535285937e+15 1.4541122873e-05 1.7583980259e+04
W 1.8746121470e-01 4.8626015801e+15 4.3566129305e-06 2.0123843791e+04
W 1.8746121470e-01 6.1359072734e+15 9.9348920542e-07 2.2721934967e+04
W 1.8746121470e-01 7.7426368268e+15 1.7101450588e-07 2.6003934443e+04
W 1.8746121470e-01 9.7700995730e+15 1.9478862572e-08 2.9361175402e+04
W 1.8746121470e-01 1.2328467394e+16 1.3768312033e-09 3.3151853343e+04
W 1.8746121470e-01 1.5556761439e+16 5.5968486880e-11 3.7940370054e+04
W 1.8746121470e-01 1.9630406500e+16 1.1039405780e-12 4.2838665911e+04
W 1.8746121470e-01 2.4770763560e+16 9.7544542073e-15 4.9026364243e+04
W 1.8746121470e-01 3.1257158497e+16 3.1139914964e-17 5.5355918659e+04
W 1.8746121470e-01 3.9442060594e+16 3.0145541646e-20 6.2502650930e+04
W 1.8746121470e-01 4.9770235643e+16 7.0034239707e-24 7.1530652635e+04
W 1.8746121470e-01 6.2802914418e+16 2.6293355233e-28 8.0765625803e+04
W 1.8746121470e-01 7.9248289835e+16 1.0753494583e-33 9.2431566313e+04
W 1.8746121470e-01 1.0000000000e+17 2.5211370438e-40 1.0436495435e+05
W 2.0101054530e-01 1.2618568831e+07 5.5633333968e-04 4.6660062104e-01
W 2.0101054530e-01 1.5922827933e+07 5.7350354094e-04 5.2684114810e-01
W 2.0101054530e-01 2.0092330026e+07 6.0749313742e-04 6.0293908495e-01
W 2.0101054530e-01 2.5353644940e+07 6.2648976271e-04 6.8078160513e-01
W 2.0101054530e-01 3.1992671378e+07 6.6388362639e-04 7.7911499420e-01
W 2.0101054530e-01 4.0370172586e+07 6.8491760648e-04 8.7970272549e-01
W 2.0101054530e-01 5.0941380148e+07 7.0676059526e-04 9.9327684744e-01
W 2.0101054530e-01 6.4280731173e+07 7.4939900279e-04 1.1367476433e+00
W 2.0101054530e-01 8.1113083079e+07 7.7361263723e-04 1.2835075790e+00
W 2.0101054530e-01 1.0235310219e+08 8.2061880951e-04 1.4688998534e+00
W 2.0101054530e-01 1.2915496650e+08 8.4748025831e-04 1.6585423386e+00
W 2.0101054530e-01 1.6297508346e+08 8.7540064988e-04 1.8726686388e+00
W 2.0101054530e-01 2.0565123083e+08 9.2916347486e-04 2.1431604565e+00
W 2.0101054530e-01 2.5950242114e+08 9.6016950378e-04 2.4198534347e+00
W 2.0101054530e-01 3.2745491629e+08 9.9241395230e-04 2.7322688918e+00
W 2.0101054530e-01 4.1320124001e+08 1.0540119327e-03 3.1269230040e+00
W 2.0101054530e-01 5.2140082880e+08 1.0898533973e-03 3.5306247595e+00
W 2.0101054530e-01 6.5793322466e+08 1.1271423479e-03 3.9864464768e+00
W 2.0101054530e-01 8.3021756813e+08 1.1978313474e-03 4.5622563833e+00
W 2.0101054530e-01 1.0476157528e+09 1.2393113930e-03 5.1512670205e+00
W 2.0101054530e-01 1.3219411485e+09 1.2824803628e-03 5.8163219439e+00
W 2.0101054530e-01 1.6681005372e+09 1.3637160560e-03 6.6564425412e+00
W 2.0101054530e-01 2.1049041445e+09 1.4117604218e-03 7.5158233240e+00
W 2.0101054530e-01 2.6560877829e+09 1.4617688644e-03 8.4861545621e+00
W 2.0101054530e-01 3.3516026509e+09 1.5552261729e-03 9.7119108575e+00
W 2.0101054530e-01 4.2292428744e+09 1.6108881304e-03 1.0965768230e+01
W 2.0101054530e-01 5.3366992312e+09 1.6688214584e-03 1.2381505004e+01
W 2.0101054530e-01 6.7341506578e+09 1.7764059531e-03 1.4169913121e+01
W 2.0101054530e-01 8.4975343591e+09 1.8408603387e-03 1.5999321391e+01
W 2.0101054530e-01 1.0722672220e+10 1.9079185468e-03 1.8064915626e+01
W 2.0101054530e-01 1.3530477746e+10 2.0317609350e-03 2.0674246377e+01
W 2.0101054530e-01 1.7073526475e+10 2.1062777962e-03 2.3343397343e+01
W 2.0101054530e-01 2.1544346900e+10 2.1837396651e-03 2.6357149352e+01
W 2.0101054530e-01 2.7185882427e+10 2.2642298900e-03 2.9759992163e+01
W 2.0101054530e-01 3.4304692863e+10 2.4120406927e-03 3.4058581998e+01
W 2.0101054530e-01 4.3287612811e+10 2.5011854639e-03 3.8455719160e+01
W 2.0101054530e-01 5.4622772177e+10 2.5936535397e-03 4.3420549222e+01
W 2.0101054530e-01 6.8926121044e+10 2.7630526638e-03 4.9692295885e+01
W 2.0101054530e-01 8.6974900262e+10 2.8650092361e-03 5.6107825483e+01
W 2.0101054530e-01 1.0974987655e+11 2.9704726717e-03 6.3351632771e+01
W 2.0101054530e-01 1.3848863714e+11 3.0794289032e-03 7.1530652635e+01
W 2.0101054530e-01 1.7475284000e+11 3.2791313029e-03 8.1862676067e+01
W 2.0101054530e-01 2.2051307399e+11 3.3980652738e-03 9.2431566313e+01
W 2.0101054530e-01 2.7825594022e+11 3.5203243796e-03 1.0436495435e+02
W 2.0101054530e-01 3.5111917342e+11 3.7454360112e-03 1.1943962674e+02
W 2.0101054530e-01 4.4306214576e+11 3.8772316046e-03 1.3485989354e+02
W 2.0101054530e-01 5.5908101825e+11 4.0116587737e-03 1.5227099567e+02
W 2.0101054530e-01 7.0548023107e+11 4.1482896534e-03 1.7192996014e+02
W 2.0101054530e-01 8.9021508545e+11 4.4038306317e-03 1.9676385039e+02
W 2.0101054530e-01 1.1233240330e+12 4.5469492430e-03 2.2216707001e+02
W 2.0101054530e-01 1.4174741629e+12 4.6902789329e-03 2.5084997524e+02
W 2.0101054530e-01 1.7886495291e+12 4.9650059778e-03 2.8708322248e+02
W 2.0101054530e-01 2.2570197196e+12 5.1094233461e-03 3.2414713507e+02
W 2.0101054530e-01 2.8480358684e+12 5.2503669591e-03 3.6599618837e+02
W 2.0101054530e-01 3.5938136638e+12 5.3861368354e-03 4.1324816853e+02
W 2.0101054530e-01 4.5348785081e+12 5.6655842846e-03 4.7293851949e+02
W 2.0101054530e-01 5.7223676594e+12 5.7880130974e-03 5.3399730166e+02
W 2.0101054530e-01 7.2208090184e+12 5.8980427909e-03 6.0293908495e+02
W 2.0101054530e-01 9.1116275612e+12 6.1565181583e-03 6.9002875244e+02
W 2.0101054530e-01 1.1497569954e+13 6.2342734488e-03 7.7911499420e+02
W 2.0101054530e-01 1.4508287785e+13 6.2887218813e-03 8.7970272549e+02
W 2.0101054530e-01 1.8307382803e+13 6.4883453536e-03 1.0067686593e+03
W 2.0101054530e-01 2.3101297001e+13 6.4829775162e-03 1.1367476433e+03
W 2.0101054530e-01 2.9150530628e+13 6.4397429451e-03 1.2835075790e+03
W 2.0101054530e-01 3.6783797718e+13 6.3537179004e-03 1.4492149732e+03
W 2.0101054530e-01 4.6415888336e+13 6.3902812262e-03 1.6585423386e+03
W 2.0101054530e-01 5.8570208181e+13 6.1998446060e-03 1.8726686388e+03
W 2.0101054530e-01 7.3907220335e+13 5.9527032838e-03 2.1144397396e+03
W 2.0101054530e-01 9.3260334688e+13 5.8012160769e-03 2.4198534347e+03
W 2.0101054530e-01 1.1768119524e+14 5.4264144789e-03 2.7322688918e+03
W 2.0101054530e-01 1.4849682623e+14 4.9936878498e-03 3.0850187826e+03
W 2.0101054530e-01 1.8738174229e+14 4.6322557541e-03 3.5306247595e+03
W 2.0101054530e-01 2.3644894126e+14 4.0907780850e-03 3.9864464768e+03
W 2.0101054530e-01 2.9836472403e+14 3.5199976880e-03 4.5011171095e+03
W 2.0101054530e-01 3.7649358068e+14 3.0184299542e-03 5.1512670205e+03
W 2.0101054530e-01 4.7508101621e+14 2.4309501486e-03 5.8163219439e+03
W 2.0101054530e-01 5.9948425032e+14 1.8770163810e-03 6.5672388601e+03
W 2.0101054530e-01 7.5646332755e+14 1.4166491138e-03 7.5158233240e+03
W 2.0101054530e-01 9.5454845666e+14 9.8138481723e-04 8.4861545621e+03
W 2.0101054530e-01 1.2045035403e+15 6.3424196458e-04 9.5817605267e+03
W 2.0101054530e-01 1.5199110830e+15 3.8756291512e-04 1.0965768230e+04
W 2.0101054530e-01 1.9179102617e+15 2.0859513177e-04 1.2381505004e+04
W 2.0101054530e-01 2.4201282648e+15 1.0232516388e-04 1.4169913121e+04
W 2.0101054530e-01 3.0538555088e+15 4.2395690044e-05 1.5999321391e+04
W 2.0101054530e-01 3.8535285937e+15 1.4849077840e-05 1.8064915626e+04
W 2.0101054530e-01 4.8626015801e+15 4.3646061540e-06 2.0674246377e+04
W 2.0101054530e-01 6.1359072734e+15 9.7292163567e-07 2.3343397343e+04
W 2.0101054530e-01 7.7426368268e+15 1.5863040357e-07 2.6357149352e+04
W 2.0101054530e-01 9.7700995730e+15 1.7962222623e-08 3.0164226104e+04
W 2.0101054530e-01 1.2328467394e+16 1.2201529821e-09 3.4058581998e+04
W 2.0101054530e-01 1.5556761439e+16 4.7270918343e-11 3.8978068320e+04
W 2.0101054530e-01 1.9630406500e+16 8.7977261868e-13 4.4010336332e+04
W 2.0101054530e-01 2.4770763560e+16 7.0550141650e-15 4.9692295885e+04
W 2.0101054530e-01 3.1257158497e+16 2.1267431701e-17 5.6869945558e+04
W 2.0101054530e-01 3.9442060594e+16 1.8600313296e-20 6.4212146446e+04
W 2.0101054530e-01 4.9770235643e+16 3.8227437676e-24 7.3487070933e+04
W 2.0101054530e-01 6.2802914418e+16 1.2370776282e-28 8.2974627711e+04
W 2.0101054530e-01 7.9248289835e+16 4.2217195651e-34 9.4959640655e+04
W 2.0101054530e-01 1.0000000000e+17 7.9275589156e-41 1.0721941603e+05
W 2.1553919507e-01 1.2618568831e+07 6.4231917143e-04 4.7936250646e-01
W 2.1553919507e-01 1.5922827933e+07 6.8024933797e-04 5.4860253806e-01
W 2.1553919507e-01 2.0092330026e+07 7.0137759366e-04 6.1942993208e-01
W 2.1553919507e-01 2.5353644940e+07 7.2330500868e-04 6.9940150499e-01
W 2.1553919507e-01 3.1992671378e+07 7.6647176567e-04 8.0042438779e-01
W 2.1553919507e-01 4.0370172586e+07 7.9074955040e-04 9.0376327080e-01
W 2.1553919507e-01 5.0941380148e+07 8.3827750133e-04 1.0343045555e+00
W 2.1553919507e-01 6.4280731173e+07 8.6517830479e-04 1.1678385646e+00
W 2.1553919507e-01 8.1113083079e+07 8.9312344074e-04 1.3186124973e+00
W 2.1553919507e-01 1.0235310219e+08 9.4738050424e-04 1.5090753928e+00
W 2.1553919507e-01 1.2915496650e+08 9.7837918458e-04 1.7039047457e+00
W 2.1553919507e-01 1.6297508346e+08 1.0382392249e-03 1.9500199859e+00
W 2.1553919507e-01 2.0565123083e+08 1.0726491339e-03 2.2017775413e+00
W 2.1553919507e-01 2.5950242114e+08 1.1084260044e-03 2.4860382850e+00
W 2.1553919507e-01 3.2745491629e+08 1.1769638303e-03 2.8451263804e+00
W 2.1553919507e-01 4.1320124001e+08 1.2167158560e-03 3.2124467502e+00
W 2.1553919507e-01 5.2140082880e+08 1.2580654716e-03 3.6271900589e+00
W 2.1553919507e-01 6.5793322466e+08 1.3366679627e-03 4.1511082855e+00
W 2.1553919507e-01 8.3021756813e+08 1.3826486992e-03 4.6870376000e+00
W 2.1553919507e-01 1.0476157528e+09 1.4304938953e-03 5.2921581306e+00
W 2.1553919507e-01 1.3219411485e+09 1.5207702686e-03 6.0565675103e+00
W 2.1553919507e-01 1.6681005372e+09 1.5740038306e-03 6.8385013580e+00
W 2.1553919507e-01 2.1049041445e+09 1.6294069953e-03 7.7213868654e+00
W 2.1553919507e-01 2.6560877829e+09 1.7332122571e-03 8.8366786611e+00
W 2.1553919507e-01 3.3516026509e+09 1.7948678100e-03 9.9775390799e+00
W 2.1553919507e-01 4.2292428744e+09 1.8590356675e-03 1.1265690415e+01
W 2.1553919507e-01 5.3366992312e+09 1.9258140907e-03 1.2720148677e+01
W 2.1553919507e-01 6.7341506578e+09 2.0498753836e-03 1.4557471130e+01
W 2.1553919507e-01 8.4975343591e+09 2.1241507530e-03 1.6436915121e+01
W 2.1553919507e-01 1.0722672220e+10 2.2014151689e-03 1.8559004946e+01
W 2.1553919507e-01 1.3530477746e+10 2.3441780829e-03 2.1239702897e+01
W 2.1553919507e-01 1.7073526475e+10 2.4300074664e-03 2.3981857192e+01
W 2.1553919507e-01 2.1544346900e+10 2.5192119914e-03 2.7078037634e+01
W 2.1553919507e-01 2.7185882427e+10 2.6833218580e-03 3.0989240860e+01
W 2.1553919507e-01 3.4304692863e+10 2.7821807063e-03 3.4990110379e+01
W 2.1553919507e-01 4.3287612811e+10 2.8847697087e-03 3.9507512620e+01
W 2.1553919507e-01 5.4622772177e+10 2.9911546833e-03 4.4608134598e+01
W 2.1553919507e-01 6.8926121044e+10 3.1862113311e-03 5.1051418350e+01
W 2.1553919507e-01 8.6974900262e+10 3.3034406488e-03 5.7642417611e+01
W 2.1553919507e-01 1.0974987655e+11 3.4246591694e-03 6.5084348593e+01
W 2.1553919507e-01 1.3848863714e+11 3.6469342619e-03 7.4485255616e+01
W 2.1553919507e-01 1.7475284000e+11 3.7795537682e-03 8.4101683142e+01
W 2.1553919507e-01 2.2051307399e+11 3.9160771220e-03 9.4959640655e+01
W 2.1553919507e-01 2.7825594022e+11 4.0563423800e-03 1.0721941603e+02
W 2.1553919507e-01 3.5111917342e+11 4.3149998199e-03 1.2270639228e+02
W 2.1553919507e-01 4.4306214576e+11 4.4660143104e-03 1.3854841522e+02
W 2.1553919507e-01 5.5908101825e+11 4.6199273871e-03 1.5643572437e+02
W 2.1553919507e-01 7.0548023107e+11 4.7762289428e-03 1.7663237663e+02
W 2.1553919507e-01 8.9021508545e+11 5.0692399843e-03 2.0214549285e+02
W 2.1553919507e-01 1.1233240330e+12 5.2326164034e-03 2.2824351004e+02
W 2.1553919507e-01 1.4174741629e+12 5.3960175312e-03 2.5771091476e+02
W 2.1553919507e-01 1.7886495291e+12 5.7102948386e-03 2.9493516915e+02
W 2.1553919507e-01 2.2570197196e+12 5.8743742418e-03 3.3301280821e+02
W 2.1553919507e-01 2.8480358684e+12 6.0341454423e-03 3.7600646527e+02
W 2.1553919507e-01 3.5938136638e+12 6.1876204452e-03 4.2455082339e+02
W 2.1553919507e-01 4.5348785081e+12 6.5056854442e-03 4.8587375130e+02
W 2.1553919507e-01 5.7223676594e+12 6.6429306677e-03 5.4860253806e+02
W 2.1553919507e-01 7.2208090184e+12 6.7654605967e-03 6.1942993208e+02
W 2.1553919507e-01 9.1116275612e+12 7.0576234704e-03 7.0890156889e+02
W 2.1553919507e-01 1.1497569954e+13 7.1419127968e-03 8.0042438779e+02
W 2.1553919507e-01 1.4508287785e+13 7.1988709302e-03 9.0376327080e+02
W 2.1553919507e-01 1.8307382803e+13 7.4211820453e-03 1.0343045555e+03
W 2.1553919507e-01 2.3101297001e+13 7.4081520061e-03 1.1678385646e+03
W 2.1553919507e-01 2.9150530628e+13 7.3511253952e-03 1.3186124973e+03
W 2.1553919507e-01 3.6783797718e+13 7.2445360873e-03 1.4888521160e+03
W 2.1553919507e-01 4.6415888336e+13 7.2767951513e-03 1.7039047457e+03
W 2.1553919507e-01 5.8570208181e+13 7.0496941171e-03 1.9238875646e+03
W 2.1553919507e-01 7.3907220335e+13 6.7576388711e-03 2.1722712908e+03
W 2.1553919507e-01 9.3260334688e+13 6.5735752584e-03 2.4860382850e+03
W 2.1553919507e-01 1.1768119524e+14 6.1361315240e-03 2.8069985449e+03
W 2.1553919507e-01 1.4849682623e+14 5.6335714372e-03 3.1693964161e+03
W 2.1553919507e-01 1.8738174229e+14 5.2119340472e-03 3.6271900589e+03
W 2.1553919507e-01 2.3644894126e+14 4.5887867549e-03 4.0954788502e+03
W 2.1553919507e-01 2.9836472403e+14 3.9349202848e-03 4.6242261201e+03
W 2.1553919507e-01 3.7649358068e+14 3.3609495507e-03 5.2921581306e+03
W 2.1553919507e-01 4.7508101621e+14 2.6945978822e-03 5.9754028171e+03
W 2.1553919507e-01 5.9948425032e+14 2.0698065561e-03 6.7468578877e+03
W 2.1553919507e-01 7.5646332755e+14 1.5528282087e-03 7.7213868654e+03
W 2.1553919507e-01 9.5454845666e+14 1.0683023836e-03 8.7182574082e+03
W 2.1553919507e-01 1.2045035403e+15 6.8489384298e-04 9.8438290376e+03
W 2.1553919507e-01 1.5199110830e+15 4.1462207349e-04 1.1265690415e+04
W 2.1553919507e-01 1.9179102617e+15 2.2073728501e-04 1.2720148677e+04
W 2.1553919507e-01 2.4201282648e+15 1.0406116196e-04 1.4362384940e+04
W 2.1553919507e-01 3.0538555088e+15 4.3635735306e-05 1.6436915121e+04
W 2.1553919507e-01 3.8535285937e+15 1.5016593498e-05 1.8559004946e+04
W 2.1553919507e-01 4.8626015801e+15 4.3229387971e-06 2.1239702897e+04
W 2.1553919507e-01 6.1359072734e+15 9.4006768625e-07 2.3981857192e+04
W 2.1553919507e-01 7.7426368268e+15 1.4879246628e-07 2.7078037634e+04
W 2.1553919507e-01 9.7700995730e+15 1.6256238503e-08 3.0989240860e+04
W 2.1553919507e-01 1.2328467394e+16 1.0575216519e-09 3.4990110379e+04
W 2.1553919507e-01 1.5556761439e+16 3.8881647758e-11 4.0044148431e+04
W 2.1553919507e-01 1.9630406500e+16 6.7931509774e-13 4.5214052838e+04
W 2.1553919507e-01 2.4770763560e+16 5.0478502703e-15 5.1051418350e+04
W 2.1553919507e-01 3.1257158497e+16 1.3882875174e-17 5.8425382255e+04
W 2.1553919507e-01 3.9442060594e+16 1.0871669419e-20 6.5968397978e+04
W 2.1553919507e-01 4.9770235643e+16 1.9553559297e-24 7.5496998774e+04
W 2.1553919507e-01 6.2802914418e+16 5.3832718928e-29 8.5244047518e+04
W 2.1553919507e-01 7.9248289835e+16 1.4685158296e-34 9.6249490116e+04
W 2.1553919507e-01 1.0000000000e+17 2.2251162422e-41 1.1015194942e+05
W 2.3111794728e-01 1.2618568831e+07 7.4237528474e-04 4.9247343925e-01
W 2.3111794728e-01 1.5922827933e+07 7.8620886576e-04 5.6360723890e-01
W 2.3111794728e-01 2.0092330026e+07 8.1062244455e-04 6.3637181656e-01
W 2.3111794728e-01 2.5353644940e+07 8.5882288353e-04 7.2829057136e-01
W 2.3111794728e-01 3.1992671378e+07 8.8584124630e-04 8.2231660967e-01
W 2.3111794728e-01 4.0370172586e+07 9.1389167989e-04 9.2848189051e-01
W 2.3111794728e-01 5.0941380148e+07 9.6881147516e-04 1.0625935796e+00
W 2.3111794728e-01 6.4280731173e+07 9.9989044023e-04 1.1997798464e+00
W 2.3111794728e-01 8.1113083079e+07 1.0604055152e-03 1.3730783280e+00
W 2.3111794728e-01 1.0235310219e+08 1.0948653545e-03 1.5503497641e+00
W 2.3111794728e-01 1.2915496650e+08 1.1306744055e-03 1.7505078494e+00
W 2.3111794728e-01 1.6297508346e+08 1.1998346577e-03 2.0033545305e+00
W 2.3111794728e-01 2.0565123083e+08 1.2395805741e-03 2.2619978484e+00
W 2.3111794728e-01 2.5950242114e+08 1.2809032949e-03 2.5540333419e+00
W 2.3111794728e-01 3.2745491629e+08 1.3600808697e-03 2.9229427725e+00
W 2.3111794728e-01 4.1320124001e+08 1.4059896932e-03 3.3003096366e+00
W 2.3111794728e-01 5.2140082880e+08 1.4537405204e-03 3.7263964933e+00
W 2.3111794728e-01 6.5793322466e+08 1.5445328711e-03 4.2646442859e+00
W 2.3111794728e-01 8.3021756813e+08 1.5976242967e-03 4.8152316789e+00
W 2.3111794728e-01 1.0476157528e+09 1.6528642106e-03 5.4369027208e+00
W 2.3111794728e-01 1.3219411485e+09 1.7571233387e-03 6.2222192842e+00
W 2.3111794728e-01 1.6681005372e+09 1.8185737751e-03 7.0255396233e+00
W 2.3111794728e-01 2.1049041445e+09 1.8825225435e-03 7.9325727276e+00
W 2.3111794728e-01 2.6560877829e+09 2.0023809994e-03 9.0783686106e+00
W 2.3111794728e-01 3.3516026509e+09 2.0735312499e-03 1.0250432438e+01
W 2.3111794728e-01 4.2292428744e+09 2.1475718028e-03 1.1573815702e+01
W 2.3111794728e-01 5.3366992312e+09 2.2854595263e-03 1.3245559641e+01
W 2.3111794728e-01 6.7341506578e+09 2.3678098609e-03 1.4955629148e+01
W 2.3111794728e-01 8.4975343591e+09 2.4534770714e-03 1.6886477376e+01
W 2.3111794728e-01 1.0722672220e+10 2.5425772357e-03 1.9066607988e+01
W 2.3111794728e-01 1.3530477746e+10 2.7073001924e-03 2.1820625087e+01
W 2.3111794728e-01 1.7073526475e+10 2.8062409307e-03 2.4637779409e+01
W 2.3111794728e-01 2.1544346900e+10 2.9090510296e-03 2.7818642764e+01
W 2.3111794728e-01 2.7185882427e+10 3.0983196515e-03 3.1836820402e+01
W 2.3111794728e-01 3.4304692863e+10 3.2122027868e-03 3.5947116777e+01
W 2.3111794728e-01 4.3287612811e+10 3.3303512494e-03 4.0588073439e+01
W 2.3111794728e-01 5.4622772177e+10 3.4528354618e-03 4.5828201346e+01
W 2.3111794728e-01 6.8926121044e+10 3.6776150917e-03 5.2447713859e+01
W 2.3111794728e-01 8.6974900262e+10 3.8124937545e-03 5.9218982013e+01
W 2.3111794728e-01 1.0974987655e+11 3.9519080762e-03 6.6864455523e+01
W 2.3111794728e-01 1.3848863714e+11 4.0958216429e-03 7.5496998774e+01
W 2.3111794728e-01 1.7475284000e+11 4.3602346238e-03 8.6401928782e+01
W 2.3111794728e-01 2.2051307399e+11 4.5170269963e-03 9.7556859773e+01
W 2.3111794728e-01 2.7825594022e+11 4.6780223771e-03 1.1015194942e+02
W 2.3111794728e-01 3.5111917342e+11 4.9754029216e-03 1.2606250637e+02
W 2.3111794728e-01 4.4306214576e+11 5.1484947550e-03 1.4233782081e+02
W 2.3111794728e-01 5.5908101825e+11 5.3247619110e-03 1.6071436160e+02
W 2.3111794728e-01 7.0548023107e+11 5.5035948208e-03 1.8146340781e+02
W 2.3111794728e-01 8.9021508545e+11 5.8397054896e-03 2.0767432736e+02
W 2.3111794728e-01 1.1233240330e+12 6.0261962873e-03 2.3448614538e+02
W 2.3111794728e-01 1.4174741629e+12 6.2124427091e-03 2.6475950625e+02
W 2.3111794728e-01 1.7886495291e+12 6.5720275990e-03 3.0300187259e+02
W 2.3111794728e-01 2.2570197196e+12 6.7583390636e-03 3.4212096433e+02
W 2.3111794728e-01 2.8480358684e+12 6.9393019320e-03 3.8629053094e+02
W 2.3111794728e-01 3.5938136638e+12 7.1125879065e-03 4.3616261454e+02
W 2.3111794728e-01 4.5348785081e+12 7.4744854843e-03 4.9916277164e+02
W 2.3111794728e-01 5.7223676594e+12 7.6279915535e-03 5.6360723890e+02
W 2.3111794728e-01 7.2208090184e+12 7.7639986772e-03 6.3637181656e+02
W 2.3111794728e-01 9.1116275612e+12 8.0938758774e-03 7.2829057136e+02
W 2.3111794728e-01 1.1497569954e+13 8.1844883309e-03 8.2231660967e+02
W 2.3111794728e-01 1.4508287785e+13 8.2430015184e-03 9.2848189051e+02
W 2.3111794728e-01 1.8307382803e+13 8.2638025098e-03 1.0483536522e+03
W 2.3111794728e-01 2.3101297001e+13 8.4663369602e-03 1.1997798464e+03
W 2.3111794728e-01 2.9150530628e+13 8.3916840400e-03 1.3546775620e+03
W 2.3111794728e-01 3.6783797718e+13 8.2595851971e-03 1.5295733651e+03
W 2.3111794728e-01 4.6415888336e+13 8.2846661597e-03 1.7505078494e+03
W 2.3111794728e-01 5.8570208181e+13 8.0134222308e-03 1.9765073674e+03
W 2.3111794728e-01 7.3907220335e+13 7.6677978218e-03 2.2316845792e+03
W 2.3111794728e-01 9.3260334688e+13 7.4440253828e-03 2.5540333419e+03
W 2.3111794728e-01 1.1768119524e+14 6.9329726771e-03 2.8837721114e+03
W 2.3111794728e-01 1.4849682623e+14 6.3488976869e-03 3.2560818428e+03
W 2.3111794728e-01 1.8738174229e+14 5.7007952890e-03 3.6764586650e+03
W 2.3111794728e-01 2.3644894126e+14 5.1395064921e-03 4.2074933428e+03
W 2.3111794728e-01 2.9836472403e+14 4.3906355001e-03 4.7507022567e+03
W 2.3111794728e-01 3.7649358068e+14 3.6347055418e-03 5.3640422201e+03
W 2.3111794728e-01 4.7508101621e+14 2.9790781210e-03 6.1388346743e+03
W 2.3111794728e-01 5.9948425032e+14 2.2754131972e-03 6.9313896337e+03
W 2.3111794728e-01 7.5646332755e+14 1.6508314433e-03 7.8262674927e+03
W 2.3111794728e-01 9.5454845666e+14 1.1580252223e-03 8.9567084455e+03
W 2.3111794728e-01 1.2045035403e+15 7.3595242502e-04 1.0113065324e+04
W 2.3111794728e-01 1.5199110830e+15 4.4102088098e-04 1.1573815702e+04
W 2.3111794728e-01 1.9179102617e+15 2.3201789552e-04 1.3068054514e+04
W 2.3111794728e-01 2.4201282648e+15 1.0786826476e-04 1.4755207201e+04
W 2.3111794728e-01 3.0538555088e+15 4.4500351147e-05 1.6886477376e+04
W 2.3111794728e-01 3.8535285937e+15 1.5023202528e-05 1.9066607988e+04
W 2.3111794728e-01 4.8626015801e+15 4.1153655831e-06 2.1528204613e+04
W 2.3111794728e-01 6.1359072734e+15 8.9494562369e-07 2.4637779409e+04
W 2.3111794728e-01 7.7426368268e+15 1.3714623812e-07 2.7818642764e+04
W 2.3111794728e-01 9.7700995730e+15 1.4411358054e-08 3.1836820402e+04
W 2.3111794728e-01 1.2328467394e+16 8.9436766622e-10 3.5947116777e+04
W 2.3111794728e-01 1.5556761439e+16 3.0234624860e-11 4.0588073439e+04
W 2.3111794728e-01 1.9630406500e+16 5.0658881049e-13 4.6450691916e+04
W 2.3111794728e-01 2.4770763560e+16 3.4645878340e-15 5.2447713859e+04
W 2.3111794728e-01 3.1257158497e+16 8.6224793474e-18 6.0023361341e+04
W 2.3111794728e-01 3.9442060594e+16 5.9866966744e-21 6.7772684338e+04
W 2.3111794728e-01 4.9770235643e+16 9.0638896624e-25 7.6522484575e+04
W 2.3111794728e-01 6.2802914418e+16 2.1498164429e-29 8.7575537700e+04
W 2.3111794728e-01 7.9248289835e+16 4.7323322582e-35 9.8881987607e+04
W 2.3111794728e-01 1.0000000000e+17 5.5120627982e-42 1.1316468985e+05
W 2.4782270128e-01 1.2618568831e+07 8.8243832116e-04 5.1281525689e-01
W 2.4782270128e-01 1.5922827933e+07 9.0965540735e-04 5.7902232984e-01
W 2.4782270128e-01 2.0092330026e+07 9.3789489193e-04 6.5377707459e-01
W 2.4782270128e-01 2.5353644940e+07 9.9365455202e-04 7.4820987794e-01
W 2.4782270128e-01 3.1992671378e+07 1.0249051214e-03 8.4480760063e-01
W 2.4782270128e-01 4.0370172586e+07 1.0862676298e-03 9.6683321627e-01
W 2.4782270128e-01 5.0941380148e+07 1.1208767650e-03 1.0916563303e+00
W 2.4782270128e-01 6.4280731173e+07 1.1568201375e-03 1.2325947469e+00
W 2.4782270128e-01 8.1113083079e+07 1.2268170681e-03 1.4106330750e+00
W 2.4782270128e-01 1.0235310219e+08 1.2666671271e-03 1.5927530210e+00
W 2.4782270128e-01 1.2915496650e+08 1.3080755202e-03 1.7983855837e+00
W 2.4782270128e-01 1.6297508346e+08 1.3880643856e-03 2.0581478158e+00
W 2.4782270128e-01 2.0565123083e+08 1.4340205258e-03 2.3238652272e+00
W 2.4782270128e-01 2.5950242114e+08 1.4817971379e-03 2.6238881157e+00
W 2.4782270128e-01 3.2745491629e+08 1.5733607320e-03 3.0028875026e+00
W 2.4782270128e-01 4.1320124001e+08 1.6264330654e-03 3.3905756404e+00
W 2.4782270128e-01 5.2140082880e+08 1.6816309982e-03 3.8283162999e+00
W 2.4782270128e-01 6.5793322466e+08 1.7866106906e-03 4.3812855831e+00
W 2.4782270128e-01 8.3021756813e+08 1.8479726930e-03 4.9469319642e+00
W 2.4782270128e-01 1.0476157528e+09 1.9118124318e-03 5.5856061867e+00
W 2.4782270128e-01 1.3219411485e+09 2.0323410503e-03 6.3924017614e+00
W 2.4782270128e-01 1.6681005372e+09 2.1033447076e-03 7.2176935289e+00
W 2.4782270128e-01 2.1049041445e+09 2.1772273002e-03 8.1495346853e+00
W 2.4782270128e-01 2.6560877829e+09 2.3157578241e-03 9.3266689659e+00
W 2.4782270128e-01 3.3516026509e+09 2.3979412316e-03 1.0530789640e+01
W 2.4782270128e-01 4.2292428744e+09 2.4834518997e-03 1.1890368452e+01
W 2.4782270128e-01 5.3366992312e+09 2.6427749070e-03 1.3607835872e+01
W 2.4782270128e-01 6.7341506578e+09 2.7378546779e-03 1.5364677094e+01
W 2.4782270128e-01 8.4975343591e+09 2.8367477081e-03 1.7348335504e+01
W 2.4782270128e-01 1.0722672220e+10 2.9395853295e-03 1.9588094363e+01
W 2.4782270128e-01 1.3530477746e+10 3.1298206056e-03 2.2417435945e+01
W 2.4782270128e-01 1.7073526475e+10 3.2439700151e-03 2.5311641602e+01
W 2.4782270128e-01 2.1544346900e+10 3.3625565717e-03 2.8579504013e+01
W 2.4782270128e-01 2.7185882427e+10 3.4856954762e-03 3.2269264179e+01
W 2.4782270128e-01 3.4304692863e+10 3.7123228002e-03 3.6930298034e+01
W 2.4782270128e-01 4.3287612811e+10 3.8484909277e-03 4.1698188426e+01
W 2.4782270128e-01 5.4622772177e+10 3.9896106955e-03 4.7081637858e+01
W 2.4782270128e-01 6.8926121044e+10 4.2488497292e-03 5.3882199122e+01
W 2.4782270128e-01 8.6974900262e+10 4.4041349150e-03 6.0838666662e+01
W 2.4782270128e-01 1.0974987655e+11 4.5645736611e-03 6.8693249746e+01
W 2.4782270128e-01 1.3848863714e+11 4.7301123535e-03 7.7561899686e+01
W 2.4782270128e-01 1.7475284000e+11 5.0346812015e-03 8.8765087906e+01
W 2.4782270128e-01 2.2051307399e+11 5.2148359774e-03 1.0022511483e+02
W 2.4782270128e-01 2.7825594022e+11 5.3997008549e-03 1.1316468985e+02
W 2.4782270128e-01 3.5111917342e+11 5.5889382554e-03 1.2777483020e+02
W 2.4782270128e-01 4.4306214576e+11 5.9402502471e-03 1.4623086955e+02
W 2.4782270128e-01 5.5908101825e+11 6.1421554760e-03 1.6511002285e+02
W 2.4782270128e-01 7.0548023107e+11 6.3467855713e-03 1.8642657141e+02
W 2.4782270128e-01 8.9021508545e+11 6.7324745845e-03 2.1335437975e+02
W 2.4782270128e-01 1.1233240330e+12 6.9453160517e-03 2.4089952158e+02
W 2.4782270128e-01 1.4174741629e+12 7.1575342950e-03 2.7200088213e+02
W 2.4782270128e-01 1.7886495291e+12 7.3674965314e-03 3.0711758742e+02
W 2.4782270128e-01 2.2570197196e+12 7.7804011171e-03 3.5147823552e+02
W 2.4782270128e-01 2.8480358684e+12 7.9851520004e-03 3.9685587370e+02
W 2.4782270128e-01 3.5938136638e+12 8.1805249501e-03 4.4809199709e+02
W 2.4782270128e-01 4.5348785081e+12 8.5921027980e-03 5.1281525689e+02
W 2.4782270128e-01 5.7223676594e+12 8.7633265531e-03 5.7902232984e+02
W 2.4782270128e-01 7.2208090184e+12 8.9136999529e-03 6.5377707459e+02
W 2.4782270128e-01 9.1116275612e+12 9.0384507436e-03 7.3818303930e+02
W 2.4782270128e-01 1.1497569954e+13 9.3820458910e-03 8.4480760063e+02
W 2.4782270128e-01 1.4508287785e+13 9.4406768205e-03 9.5387658345e+02
W 2.4782270128e-01 1.8307382803e+13 9.4551073115e-03 1.0770269299e+03
W 2.4782270128e-01 2.3101297001e+13 9.6761439226e-03 1.2325947469e+03
W 2.4782270128e-01 2.9150530628e+13 9.5790214479e-03 1.3917290340e+03
W 2.4782270128e-01 3.6783797718e+13 9.4152767476e-03 1.5714083716e+03
W 2.4782270128e-01 4.6415888336e+13 9.1783141803e-03 1.7742852309e+03
W 2.4782270128e-01 5.8570208181e+13 9.1049062678e-03 2.0305663622e+03
W 2.4782270128e-01 7.3907220335e+13 8.6953342800e-03 2.2927228668e+03
W 2.4782270128e-01 9.3260334688e+13 8.1989218005e-03 2.5887251173e+03
W 2.4782270128e-01 1.1768119524e+14 7.8255914965e-03 2.9626454939e+03
W 2.4782270128e-01 1.4849682623e+14 7.1463702777e-03 3.3451381824e+03
W 2.4782270128e-01 1.8738174229e+14 6.3966088811e-03 3.7770126337e+03
W 2.4782270128e-01 2.3644894126e+14 5.7461228130e-03 4.3225715179e+03
W 2.4782270128e-01 2.9836472403e+14 4.8887926421e-03 4.8806376128e+03
W 2.4782270128e-01 3.7649358068e+14 4.0281891286e-03 5.5107528953e+03
W 2.4782270128e-01 4.7508101621e+14 3.2839139006e-03 6.3067365184e+03
W 2.4782270128e-01 5.9948425032e+14 2.4928222019e-03 7.1209684648e+03
W 2.4782270128e-01 7.5646332755e+14 1.7957511288e-03 8.0403219206e+03
W 2.4782270128e-01 9.5454845666e+14 1.2493734142e-03 9.2016813019e+03
W 2.4782270128e-01 1.2045035403e+15 7.8647450372e-04 1.0389665429e+04
W 2.4782270128e-01 1.5199110830e+15 4.5368829204e-04 1.1731024384e+04
W 2.4782270128e-01 1.9179102617e+15 2.4205442433e-04 1.3425475844e+04
W 2.4782270128e-01 2.4201282648e+15 1.1084104959e-04 1.5158773453e+04
W 2.4782270128e-01 3.0538555088e+15 4.3725023809e-05 1.7115848650e+04
W 2.4782270128e-01 3.8535285937e+15 1.4851422166e-05 1.9588094363e+04
W 2.4782270128e-01 4.8626015801e+15 3.9690357166e-06 2.2117017547e+04
W 2.4782270128e-01 6.1359072734e+15 8.3812487942e-07 2.5311641602e+04
W 2.4782270128e-01 7.7426368268e+15 1.2399334885e-07 2.8579504013e+04
W 2.4782270128e-01 9.7700995730e+15 1.2155143398e-08 3.2269264179e+04
W 2.4782270128e-01 1.2328467394e+16 7.3619196003e-10 3.6930298034e+04
W 2.4782270128e-01 1.5556761439e+16 2.3388616263e-11 4.1698188426e+04
W 2.4782270128e-01 1.9630406500e+16 3.5387719479e-13 4.7081637858e+04
W 2.4782270128e-01 2.4770763560e+16 2.2713570594e-15 5.3882199122e+04
W 2.4782270128e-01 3.1257158497e+16 4.9345854727e-18 6.0838666662e+04
W 2.4782270128e-01 3.9442060594e+16 3.0871708186e-21 6.9626319316e+04
W 2.4782270128e-01 4.9770235643e+16 3.9895952316e-25 7.8615433311e+04
W 2.4782270128e-01 6.2802914418e+16 7.6026666544e-30 8.8765087906e+04
W 2.4782270128e-01 7.9248289835e+16 1.3608764421e-35 1.0158648593e+05
W 2.4782270128e-01 1.0000000000e+17 1.1583136937e-42 1.1470182092e+05
W 2.6573484229e-01 1.2618568831e+07 1.0221331721e-03 5.2684114810e-01
W 2.6573484229e-01 1.5922827933e+07 1.0536503704e-03 5.9485903535e-01
W 2.6573484229e-01 2.0092330026e+07 1.0863505062e-03 6.7165837980e-01
W 2.6573484229e-01 2.5353644940e+07 1.1509251339e-03 7.6867399286e-01
W 2.6573484229e-01 3.1992671378e+07 1.1871095580e-03 8.6791373747e-01
W 2.6573484229e-01 4.0370172586e+07 1.2581693066e-03 9.9327684744e-01
W 2.6573484229e-01 5.0941380148e+07 1.2982394982e-03 1.1215139695e+00
W 2.6573484229e-01 6.4280731173e+07 1.3398527153e-03 1.2663071600e+00
W 2.6573484229e-01 8.1113083079e+07 1.4209043224e-03 1.4492149732e+00
W 2.6573484229e-01 1.0235310219e+08 1.4670362156e-03 1.6363160397e+00
W 2.6573484229e-01 1.2915496650e+08 1.5149696506e-03 1.8475728109e+00
W 2.6573484229e-01 1.6297508346e+08 1.6075812710e-03 2.1144397396e+00
W 2.6573484229e-01 2.0565123083e+08 1.6607730883e-03 2.3874247263e+00
W 2.6573484229e-01 2.5950242114e+08 1.7160685702e-03 2.6956534713e+00
W 2.6573484229e-01 3.2745491629e+08 1.8220674519e-03 3.0850187826e+00
W 2.6573484229e-01 4.1320124001e+08 1.8834836269e-03 3.4833104887e+00
W 2.6573484229e-01 5.2140082880e+08 1.9473547235e-03 3.9330236916e+00
W 2.6573484229e-01 6.5793322466e+08 2.0688649515e-03 4.5011171095e+00
W 2.6573484229e-01 8.3021756813e+08 2.1398566957e-03 5.0822343536e+00
W 2.6573484229e-01 1.0476157528e+09 2.2137081110e-03 5.7383768066e+00
W 2.6573484229e-01 1.3219411485e+09 2.3531874962e-03 6.5672388601e+00
W 2.6573484229e-01 1.6681005372e+09 2.4353092362e-03 7.4151029914e+00
W 2.6573484229e-01 2.1049041445e+09 2.5207508291e-03 8.3724307193e+00
W 2.6573484229e-01 2.6560877829e+09 2.6810223911e-03 9.5817605267e+00
W 2.6573484229e-01 3.3516026509e+09 2.7760389490e-03 1.0818814826e+01
W 2.6573484229e-01 4.2292428744e+09 2.8748880904e-03 1.2215579163e+01
W 2.6573484229e-01 5.3366992312e+09 2.9777149095e-03 1.3792672921e+01
W 2.6573484229e-01 6.7341506578e+09 3.1690331212e-03 1.5784912815e+01
W 2.6573484229e-01 8.4975343591e+09 3.2832945161e-03 1.7822825807e+01
W 2.6573484229e-01 1.0722672220e+10 3.4020902554e-03 2.0123843791e+01
W 2.6573484229e-01 1.3530477746e+10 3.6219925216e-03 2.3030570039e+01
W 2.6573484229e-01 1.7073526475e+10 3.7537971534e-03 2.6003934443e+01
W 2.6573484229e-01 2.1544346900e+10 3.8906910516e-03 2.9361175402e+01
W 2.6573484229e-01 2.7185882427e+10 4.0328015156e-03 3.3151853343e+01
W 2.6573484229e-01 3.4304692863e+10 4.2945753252e-03 3.7940370054e+01
W 2.6573484229e-01 4.3287612811e+10 4.4516252453e-03 4.2838665911e+01
W 2.6573484229e-01 5.4622772177e+10 4.6143287409e-03 4.8369356820e+01
W 2.6573484229e-01 6.8926121044e+10 4.7827361797e-03 5.4614088217e+01
W 2.6573484229e-01 8.6974900262e+10 5.0924379666e-03 6.2502650930e+01
W 2.6573484229e-01 1.0974987655e+11 5.2771788011e-03 7.0572062895e+01
W 2.6573484229e-01 1.3848863714e+11 5.4676936935e-03 7.9683277224e+01
W 2.6573484229e-01 1.7475284000e+11 5.8187540515e-03 9.1192881248e+01
W 2.6573484229e-01 2.2051307399e+11 6.0258400553e-03 1.0296634871e+02
W 2.6573484229e-01 2.7825594022e+11 6.2381896075e-03 1.1625983105e+02
W 2.6573484229e-01 3.5111917342e+11 6.4553890626e-03 1.3126956996e+02
W 2.6573484229e-01 4.4306214576e+11 6.8595187205e-03 1.5023039616e+02
W 2.6573484229e-01 5.5908101825e+11 7.0908158940e-03 1.6962590881e+02
W 2.6573484229e-01 7.0548023107e+11 7.3249638622e-03 1.9152548135e+02
W 2.6573484229e-01 8.9021508545e+11 7.5608842252e-03 2.1625240073e+02
W 2.6573484229e-01 1.1233240330e+12 8.0105271342e-03 2.4748830855e+02
W 2.6573484229e-01 1.4174741629e+12 8.2522270678e-03 2.7944031520e+02
W 2.6573484229e-01 1.7886495291e+12 8.4908469019e-03 3.1551748936e+02
W 2.6573484229e-01 2.2570197196e+12 8.9627112296e-03 3.6109143526e+02
W 2.6573484229e-01 2.8480358684e+12 9.1940754611e-03 4.0771018670e+02
W 2.6573484229e-01 3.5938136638e+12 9.4139629251e-03 4.6034765743e+02
W 2.6573484229e-01 4.5348785081e+12 9.6186696757e-03 5.1978089490e+02
W 2.6573484229e-01 5.7223676594e+12 1.0072101287e-02 5.9485903535e+02
W 2.6573484229e-01 7.2208090184e+12 1.0237562849e-02 6.7165837980e+02
W 2.6573484229e-01 9.1116275612e+12 1.0372589302e-02 7.5837291248e+02
W 2.6573484229e-01 1.1497569954e+13 1.0471036918e-02 8.5628273491e+02
W 2.6573484229e-01 1.4508287785e+13 1.0814094724e-02 9.7996584076e+02
W 2.6573484229e-01 1.8307382803e+13 1.0818892101e-02 1.1064844438e+03
W 2.6573484229e-01 2.3101297001e+13 1.0764062756e-02 1.2493372457e+03
W 2.6573484229e-01 2.9150530628e+13 1.0932767948e-02 1.4297938922e+03
W 2.6573484229e-01 3.6783797718e+13 1.0729767306e-02 1.6143875977e+03
W 2.6573484229e-01 4.6415888336e+13 1.0442172699e-02 1.8228132949e+03
W 2.6573484229e-01 5.8570208181e+13 1.0339172652e-02 2.0861039120e+03
W 2.6573484229e-01 7.3907220335e+13 9.8532136565e-03 2.3554305985e+03
W 2.6573484229e-01 9.3260334688e+13 9.2685939138e-03 2.6595287378e+03
W 2.6573484229e-01 1.1768119524e+14 8.5879191064e-03 3.0028875026e+03
W 2.6573484229e-01 1.4849682623e+14 8.0325627518e-03 3.4366302814e+03
W 2.6573484229e-01 1.8738174229e+14 7.1650692991e-03 3.8803168307e+03
W 2.6573484229e-01 2.3644894126e+14 6.2405606008e-03 4.3812855831e+03
W 2.6573484229e-01 2.9836472403e+14 5.4303480941e-03 5.0141268007e+03
W 2.6573484229e-01 3.7649358068e+14 4.4516090019e-03 5.6614762203e+03
W 2.6573484229e-01 4.7508101621e+14 3.5118593664e-03 6.3924017614e+03
W 2.6573484229e-01 5.9948425032e+14 2.7203990059e-03 7.3157324225e+03
W 2.6573484229e-01 7.5646332755e+14 1.9445481419e-03 8.2602309016e+03
W 2.6573484229e-01 9.5454845666e+14 1.3051245499e-03 9.3266689659e+03
W 2.6573484229e-01 1.2045035403e+15 8.3530866441e-04 1.0673830759e+04
W 2.6573484229e-01 1.5199110830e+15 4.7606220773e-04 1.2051876912e+04
W 2.6573484229e-01 1.9179102617e+15 2.4376023143e-04 1.3607835872e+04
W 2.6573484229e-01 2.4201282648e+15 1.1279386424e-04 1.5573377552e+04
W 2.6573484229e-01 3.0538555088e+15 4.3640610864e-05 1.7583980259e+04
W 2.6573484229e-01 3.8535285937e+15 1.4102762848e-05 1.9854162060e+04
W 2.6573484229e-01 4.8626015801e+15 3.7690771234e-06 2.2721934967e+04
W 2.6573484229e-01 6.1359072734e+15 7.5026460159e-07 2.5655453004e+04
W 2.6573484229e-01 7.7426368268e+15 1.0973215432e-07 2.9361175402e+04
W 2.6573484229e-01 9.7700995730e+15 1.0270176401e-08 3.3151853343e+04
W 2.6573484229e-01 1.2328467394e+16 5.7248383905e-10 3.7431927196e+04
W 2.6573484229e-01 1.5556761439e+16 1.7460926379e-11 4.2838665911e+04
W 2.6573484229e-01 1.9630406500e+16 2.4342657889e-13 4.8369356820e+04
W 2.6573484229e-01 2.4770763560e+16 1.4156205010e-15 5.5355918659e+04
W 2.6573484229e-01 3.1257158497e+16 2.7309562223e-18 6.2502650930e+04
W 2.6573484229e-01 3.9442060594e+16 1.4413264320e-21 7.0572062895e+04
W 2.6573484229e-01 4.9770235643e+16 1.6100444978e-25 8.0765625803e+04
W 2.6573484229e-01 6.2802914418e+16 2.4886680672e-30 9.1192881248e+04
W 2.6573484229e-01 7.9248289835e+16 3.4518122459e-36 1.0436495435e+05
W 2.6573484229e-01 1.0000000000e+17 2.1489213853e-43 1.1783900384e+05
W 2.8494163788e-01 1.2618568831e+07 1.1852823722e-03 5.4125065821e-01
W 2.8494163788e-01 1.5922827933e+07 1.2218191964e-03 6.1112888693e-01
W 2.8494163788e-01 2.0092330026e+07 1.2597260914e-03 6.9002875244e-01
W 2.8494163788e-01 2.5353644940e+07 1.3345922370e-03 7.8969781705e-01
W 2.8494163788e-01 3.1992671378e+07 1.3765351227e-03 8.9165184490e-01
W 2.8494163788e-01 4.0370172586e+07 1.4589155027e-03 1.0204437322e+00
W 2.8494163788e-01 5.0941380148e+07 1.5053586524e-03 1.1521882381e+00
W 2.8494163788e-01 6.4280731173e+07 1.5535880132e-03 1.3009416336e+00
W 2.8494163788e-01 8.1113083079e+07 1.6475430219e-03 1.4888521160e+00
W 2.8494163788e-01 1.0235310219e+08 1.7010040514e-03 1.6810705404e+00
W 2.8494163788e-01 1.2915496650e+08 1.7565497269e-03 1.8981053466e+00
W 2.8494163788e-01 1.6297508346e+08 1.8638923930e-03 2.1722712908e+00
W 2.8494163788e-01 2.0565123083e+08 1.9255239001e-03 2.4527226266e+00
W 2.8494163788e-01 2.5950242114e+08 1.9895884751e-03 2.7693816645e+00
W 2.8494163788e-01 3.2745491629e+08 2.1124299251e-03 3.1693964161e+00
W 2.8494163788e-01 4.1320124001e+08 2.1835751031e-03 3.5785817064e+00
W 2.8494163788e-01 5.2140082880e+08 2.2575579105e-03 4.0405949108e+00
W 2.8494163788e-01 6.5793322466e+08 2.3983500959e-03 4.6242261201e+00
W 2.8494163788e-01 8.3021756813e+08 2.4805656265e-03 5.2212373672e+00
W 2.8494163788e-01 1.0476157528e+09 2.5660841637e-03 5.8953258204e+00
W 2.8494163788e-01 1.3219411485e+09 2.7276611226e-03 6.7468578877e+00
W 2.8494163788e-01 1.6681005372e+09 2.8227348375e-03 7.6179117543e+00
W 2.8494163788e-01 2.1049041445e+09 2.9216394498e-03 8.6014231310e+00
W 2.8494163788e-01 2.6560877829e+09 3.0245284235e-03 9.7119108575e+00
W 2.8494163788e-01 3.3516026509e+09 3.2172087597e-03 1.1114717722e+01
W 2.8494163788e-01 4.2292428744e+09 3.3315830686e-03 1.2549684637e+01
W 2.8494163788e-01 5.3366992312e+09 3.4505395176e-03 1.4169913121e+01
W 2.8494163788e-01 6.7341506578e+09 3.6720017679e-03 1.6216642306e+01
W 2.8494163788e-01 8.4975343591e+09 3.8041359012e-03 1.8310293784e+01
W 2.8494163788e-01 1.0722672220e+10 3.9414841347e-03 2.0674246377e+01
W 2.8494163788e-01 1.3530477746e+10 4.0842095838e-03 2.3343397343e+01
W 2.8494163788e-01 1.7073526475e+10 4.3482307262e-03 2.6715162026e+01
W 2.8494163788e-01 2.1544346900e+10 4.5063834794e-03 3.0164226104e+01
W 2.8494163788e-01 2.7185882427e+10 4.6705139869e-03 3.4058581998e+01
W 2.8494163788e-01 3.4304692863e+10 4.8407456797e-03 3.8455719160e+01
W 2.8494163788e-01 4.3287612811e+10 5.1544054941e-03 4.4010336332e+01
W 2.8494163788e-01 5.4622772177e+10 5.3421195800e-03 4.9692295885e+01
W 2.8494163788e-01 6.8926121044e+10 5.5363318725e-03 5.6107825483e+01
W 2.8494163788e-01 8.6974900262e+10 5.8939599143e-03 6.4212146446e+01
W 2.8494163788e-01 1.0974987655e+11 6.1067994133e-03 7.2502263027e+01
W 2.8494163788e-01 1.3848863714e+11 6.3261665175e-03 8.1862676067e+01
W 2.8494163788e-01 1.7475284000e+11 6.5518798194e-03 9.2431566313e+01
W 2.8494163788e-01 2.2051307399e+11 6.9692096276e-03 1.0578255744e+02
W 2.8494163788e-01 2.7825594022e+11 7.2132022286e-03 1.1943962674e+02
W 2.8494163788e-01 3.5111917342e+11 7.4625486283e-03 1.3485989354e+02
W 2.8494163788e-01 4.4306214576e+11 7.7165937258e-03 1.5227099567e+02
W 2.8494163788e-01 5.5908101825e+11 8.1926194589e-03 1.7426530772e+02
W 2.8494163788e-01 7.0548023107e+11 8.4605131263e-03 1.9676385039e+02
W 2.8494163788e-01 8.9021508545e+11 8.7300373764e-03 2.2216707001e+02
W 2.8494163788e-01 1.1233240330e+12 8.9996271584e-03 2.5084997524e+02
W 2.8494163788e-01 1.4174741629e+12 9.5208759084e-03 2.8708322248e+02
W 2.8494163788e-01 1.7886495291e+12 9.7918236819e-03 3.2414713507e+02
W 2.8494163788e-01 2.2570197196e+12 1.0055913018e-02 3.6599618837e+02
W 2.8494163788e-01 2.8480358684e+12 1.0591965780e-02 4.1886137350e+02
W 2.8494163788e-01 3.5938136638e+12 1.0838911608e-02 4.7293851949e+02
W 2.8494163788e-01 4.5348785081e+12 1.1067442599e-02 5.3399730166e+02
W 2.8494163788e-01 5.7223676594e+12 1.1272599359e-02 6.0293908495e+02
W 2.8494163788e-01 7.2208090184e+12 1.1761907916e-02 6.9002875244e+02
W 2.8494163788e-01 9.1116275612e+12 1.1906687131e-02 7.7911499420e+02
W 2.8494163788e-01 1.1497569954e+13 1.2008138804e-02 8.7970272549e+02
W 2.8494163788e-01 1.4508287785e+13 1.2058528122e-02 9.9327684744e+02
W 2.8494163788e-01 1.8307382803e+13 1.2379165430e-02 1.1367476433e+03
W 2.8494163788e-01 2.3101297001e+13 1.2300213631e-02 1.2835075790e+03
W 2.8494163788e-01 2.9150530628e+13 1.2142557152e-02 1.4492149732e+03
W 2.8494163788e-01 3.6783797718e+13 1.2222978599e-02 1.6585423386e+03
W 2.8494163788e-01 4.6415888336e+13 1.1873560498e-02 1.8726686388e+03
W 2.8494163788e-01 5.8570208181e+13 1.1419943953e-02 2.1144397396e+03
W 2.8494163788e-01 7.3907220335e+13 1.1155045056e-02 2.4198534347e+03
W 2.8494163788e-01 9.3260334688e+13 1.0465917508e-02 2.7322688918e+03
W 2.8494163788e-01 1.1768119524e+14 9.6688784074e-03 3.0850187826e+03
W 2.8494163788e-01 1.4849682623e+14 8.7736602160e-03 3.4833104887e+03
W 2.8494163788e-01 1.8738174229e+14 8.0099483887e-03 3.9864464768e+03
W 2.8494163788e-01 2.3644894126e+14 6.9466084261e-03 4.5011171095e+03
W 2.8494163788e-01 2.9836472403e+14 5.8551478532e-03 5.0822343536e+03
W 2.8494163788e-01 3.7649358068e+14 4.9036863287e-03 5.8163219439e+03
W 2.8494163788e-01 4.7508101621e+14 3.8438421469e-03 6.5672388601e+03
W 2.8494163788e-01 5.9948425032e+14 2.8770697140e-03 7.4151029914e+03
W 2.8494163788e-01 7.5646332755e+14 2.0949630993e-03 8.4861545621e+03
W 2.8494163788e-01 9.5454845666e+14 1.3923779620e-03 9.5817605267e+03
W 2.8494163788e-01 1.2045035403e+15 8.5763349513e-04 1.0818814826e+04
W 2.8494163788e-01 1.5199110830e+15 4.9556131141e-04 1.2381505004e+04
W 2.8494163788e-01 1.9179102617e+15 2.4985863375e-04 1.3980020637e+04
W 2.8494163788e-01 2.4201282648e+15 1.1052326621e-04 1.5784912815e+04
W 2.8494163788e-01 3.0538555088e+15 4.3010939108e-05 1.8064915626e+04
W 2.8494163788e-01 3.8535285937e+15 1.3557369922e-05 2.0397188644e+04
W 2.8494163788e-01 4.8626015801e+15 3.4245716619e-06 2.3030570039e+04
W 2.8494163788e-01 6.1359072734e+15 6.7623619822e-07 2.6357149352e+04
W 2.8494163788e-01 7.7426368268e+15 9.2315721369e-08 2.9759992163e+04
W 2.8494163788e-01 9.7700995730e+15 8.4386129843e-09 3.4058581998e+04
W 2.8494163788e-01 1.2328467394e+16 4.4247929550e-10 3.8455719160e+04
W 2.8494163788e-01 1.5556761439e+16 1.2199574301e-11 4.3420549222e+04
W 2.8494163788e-01 1.9630406500e+16 1.5978976199e-13 4.9692295885e+04
W 2.8494163788e-01 2.4770763560e+16 8.1211142715e-16 5.6107825483e+04
W 2.8494163788e-01 3.1257158497e+16 1.4137148603e-18 6.4212146446e+04
W 2.8494163788e-01 3.9442060594e+16 6.3819500178e-22 7.2502263027e+04
W 2.8494163788e-01 4.9770235643e+16 5.7465030378e-26 8.1862676067e+04
W 2.8494163788e-01 6.2802914418e+16 7.2608458272e-31 9.3687076602e+04
W 2.8494163788e-01 7.9248289835e+16 7.4198310530e-37 1.0578255744e+05
W 2.8494163788e-01 1.0000000000e+17 3.3726122119e-44 1.2106199111e+05
W 3.0553666316e-01 1.2618568831e+07 1.3394215931e-03 5.4860253806e-01
W 3.0553666316e-01 1.5922827933e+07 1.4184589356e-03 6.2784373144e-01
W 3.0553666316e-01 2.0092330026e+07 1.4624504911e-03 7.0890156889e-01
W 3.0553666316e-01 2.5353644940e+07 1.5493461754e-03 8.1129665897e-01
W 3.0553666316e-01 3.1992671378e+07 1.5980176043e-03 9.1603920781e-01
W 3.0553666316e-01 4.0370172586e+07 1.6485403649e-03 1.0343045555e+00
W 3.0553666316e-01 5.0941380148e+07 1.7475178637e-03 1.1837014715e+00
W 3.0553666316e-01 6.4280731173e+07 1.8034762393e-03 1.3365233867e+00
W 3.0553666316e-01 8.1113083079e+07 1.9125098987e-03 1.5295733651e+00
W 3.0553666316e-01 1.0235310219e+08 1.9745313975e-03 1.7270491110e+00
W 3.0553666316e-01 1.2915496650e+08 2.0389673709e-03 1.9500199859e+00
W 3.0553666316e-01 1.6297508346e+08 2.1635209868e-03 2.2316845792e+00
W 3.0553666316e-01 2.0565123083e+08 2.2350071157e-03 2.5198064745e+00
W 3.0553666316e-01 2.5950242114e+08 2.3093097674e-03 2.8451263804e+00
W 3.0553666316e-01 3.2745491629e+08 2.4518243273e-03 3.2560818428e+00
W 3.0553666316e-01 4.1320124001e+08 2.5343254157e-03 3.6764586650e+00
W 3.0553666316e-01 5.2140082880e+08 2.6201091858e-03 4.1511082855e+00
W 3.0553666316e-01 6.5793322466e+08 2.7093151945e-03 4.6870376000e+00
W 3.0553666316e-01 8.3021756813e+08 2.8787273318e-03 5.3640422201e+00
W 3.0553666316e-01 1.0476157528e+09 2.9778555203e-03 6.0565675103e+00
W 3.0553666316e-01 1.3219411485e+09 3.0809597715e-03 6.8385013580e+00
W 3.0553666316e-01 1.6681005372e+09 3.2754027499e-03 7.8262674927e+00
W 3.0553666316e-01 2.1049041445e+09 3.3900025712e-03 8.8366786611e+00
W 3.0553666316e-01 2.6560877829e+09 3.5092011636e-03 9.9775390799e+00
W 3.0553666316e-01 3.3516026509e+09 3.7325471723e-03 1.1418713790e+01
W 3.0553666316e-01 4.2292428744e+09 3.8650073413e-03 1.2892928152e+01
W 3.0553666316e-01 5.3366992312e+09 4.0027484293e-03 1.4557471130e+01
W 3.0553666316e-01 6.7341506578e+09 4.1459577668e-03 1.6436915121e+01
W 3.0553666316e-01 8.4975343591e+09 4.4122882960e-03 1.8811094384e+01
W 3.0553666316e-01 1.0722672220e+10 4.5712211059e-03 2.1239702897e+01
W 3.0553666316e-01 1.3530477746e+10 4.7363339548e-03 2.3981857192e+01
W 3.0553666316e-01 1.7073526475e+10 4.9078017633e-03 2.7078037634e+01
W 3.0553666316e-01 2.1544346900e+10 5.2248881357e-03 3.0989240860e+01
W 3.0553666316e-01 2.7185882427e+10 5.4145915993e-03 3.4990110379e+01
W 3.0553666316e-01 3.4304692863e+10 5.6112766229e-03 3.9507512620e+01
W 3.0553666316e-01 4.3287612811e+10 5.8150506660e-03 4.4608134598e+01
W 3.0553666316e-01 5.4622772177e+10 6.1908038854e-03 5.1051418350e+01
W 3.0553666316e-01 6.8926121044e+10 6.4149080364e-03 5.7642417611e+01
W 3.0553666316e-01 8.6974900262e+10 6.6463971625e-03 6.5084348593e+01
W 3.0553666316e-01 1.0974987655e+11 7.0735142883e-03 7.4485255616e+01
W 3.0553666316e-01 1.3848863714e+11 7.3262131907e-03 8.4101683142e+01
W 3.0553666316e-01 1.7475284000e+11 7.5860420417e-03 9.4959640655e+01
W 3.0553666316e-01 2.2051307399e+11 7.8526612499e-03 1.0721941603e+02
W 3.0553666316e-01 2.7825594022e+11 8.3478491638e-03 1.2270639228e+02
W 3.0553666316e-01 3.5111917342e+11 8.6341358691e-03 1.3854841522e+02
W 3.0553666316e-01 4.4306214576e+11 8.9254982465e-03 1.5643572437e+02
W 3.0553666316e-01 5.5908101825e+11 9.2209335274e-03 1.7663237663e+02
W 3.0553666316e-01 7.0548023107e+11 9.7795608200e-03 2.0214549285e+02
W 3.0553666316e-01 8.9021508545e+11 1.0087348878e-02 2.2824351004e+02
W 3.0553666316e-01 1.1233240330e+12 1.0394625109e-02 2.5771091476e+02
W 3.0553666316e-01 1.4174741629e+12 1.0699151574e-02 2.9098271217e+02
W 3.0553666316e-01 1.7886495291e+12 1.1299087116e-02 3.3301280821e+02
W 3.0553666316e-01 2.2570197196e+12 1.1597638728e-02 3.7600646527e+02
W 3.0553666316e-01 2.8480358684e+12 1.1883698641e-02 4.2455082339e+02
W 3.0553666316e-01 3.5938136638e+12 1.2152940506e-02 4.7936250646e+02
W 3.0553666316e-01 4.5348785081e+12 1.2739558142e-02 5.4860253806e+02
W 3.0553666316e-01 5.7223676594e+12 1.2965597203e-02 6.1942993208e+02
W 3.0553666316e-01 7.2208090184e+12 1.3156908333e-02 6.9940150499e+02
W 3.0553666316e-01 9.1116275612e+12 1.3670138086e-02 8.0042438779e+02
W 3.0553666316e-01 1.1497569954e+13 1.3772117630e-02 9.0376327080e+02
W 3.0553666316e-01 1.4508287785e+13 1.3813788017e-02 1.0204437322e+03
W 3.0553666316e-01 1.8307382803e+13 1.3785693692e-02 1.1521882381e+03
W 3.0553666316e-01 2.3101297001e+13 1.4052155902e-02 1.3186124973e+03
W 3.0553666316e-01 2.9150530628e+13 1.3849788705e-02 1.4888521160e+03
W 3.0553666316e-01 3.6783797718e+13 1.3546050404e-02 1.6810705404e+03
W 3.0553666316e-01 4.6415888336e+13 1.3491624780e-02 1.9238875646e+03
W 3.0553666316e-01 5.8570208181e+13 1.2947045209e-02 2.1722712908e+03
W 3.0553666316e-01 7.3907220335e+13 1.2278973718e-02 2.4527226266e+03
W 3.0553666316e-01 9.3260334688e+13 1.1487687530e-02 2.7693816645e+03
W 3.0553666316e-01 1.1768119524e+14 1.0868156475e-02 3.1693964161e+03
W 3.0553666316e-01 1.4849682623e+14 9.8261486875e-03 3.5785817064e+03
W 3.0553666316e-01 1.8738174229e+14 8.6961064862e-03 4.0405949108e+03
W 3.0553666316e-01 2.3644894126e+14 7.7117552174e-03 4.6242261201e+03
W 3.0553666316e-01 2.9836472403e+14 6.4654755231e-03 5.2212373672e+03
W 3.0553666316e-01 3.7649358068e+14 5.2386278225e-03 5.8953258204e+03
W 3.0553666316e-01 4.7508101621e+14 4.1893176582e-03 6.7468578877e+03
W 3.0553666316e-01 5.9948425032e+14 3.1105634284e-03 7.6179117543e+03
W 3.0553666316e-01 7.5646332755e+14 2.1843640299e-03 8.6014231310e+03
W 3.0553666316e-01 9.5454845666e+14 1.4756259076e-03 9.8438290376e+03
W 3.0553666316e-01 1.2045035403e+15 8.9769805984e-04 1.1114717722e+04
W 3.0553666316e-01 1.5199110830e+15 4.9766073268e-04 1.2549684637e+04
W 3.0553666316e-01 1.9179102617e+15 2.5346818231e-04 1.4362384940e+04
W 3.0553666316e-01 2.4201282648e+15 1.0992807929e-04 1.6216642306e+04
W 3.0553666316e-01 3.0538555088e+15 4.0687471765e-05 1.8310293784e+04
W 3.0553666316e-01 3.8535285937e+15 1.2821924533e-05 2.0955067422e+04
W 3.0553666316e-01 4.8626015801e+15 3.1362761481e-06 2.3660473821e+04
W 3.0553666316e-01 6.1359072734e+15 5.8018678966e-07 2.6715162026e+04
W 3.0553666316e-01 7.7426368268e+15 7.7722383326e-08 3.0573950809e+04
W 3.0553666316e-01 9.7700995730e+15 6.5435461257e-09 3.4521204259e+04
W 3.0553666316e-01 1.2328467394e+16 3.2970151810e-10 3.9507512620e+04
W 3.0553666316e-01 1.5556761439e+16 8.3840139593e-12 4.4608134598e+04
W 3.0553666316e-01 1.9630406500e+16 9.6942506338e-14 5.0367272966e+04
W 3.0553666316e-01 2.4770763560e+16 4.4994214265e-16 5.7642417611e+04
W 3.0553666316e-01 3.1257158497e+16 6.6161726587e-19 6.5084348593e+04
W 3.0553666316e-01 3.9442060594e+16 2.5178814517e-22 7.3487070933e+04
W 3.0553666316e-01 4.9770235643e+16 1.8953299004e-26 8.4101683142e+04
W 3.0553666316e-01 6.2802914418e+16 1.8157633398e-31 9.4959640655e+04
W 3.0553666316e-01 7.9248289835e+16 1.4060091850e-37 1.0867579165e+05
W 3.0553666316e-01 1.0000000000e+17 4.2828888211e-45 1.2270639228e+05
W 3.2762025665e-01 1.2618568831e+07 1.5568196402e-03 5.6360723890e-01
W 3.2762025665e-01 1.5922827933e+07 1.6486665865e-03 6.4501573980e-01
W 3.2762025665e-01 2.0092330026e+07 1.6997767658e-03 7.2829057136e-01
W 3.2762025665e-01 2.5353644940e+07 1.7528091615e-03 8.2231660967e-01
W 3.2762025665e-01 3.1992671378e+07 1.8572920992e-03 9.4109358382e-01
W 3.2762025665e-01 4.0370172586e+07 1.9159821792e-03 1.0625935796e+00
W 3.2762025665e-01 5.0941380148e+07 2.0309825605e-03 1.2160766160e+00
W 3.2762025665e-01 6.4280731173e+07 2.0959798913e-03 1.3730783280e+00
W 3.2762025665e-01 8.1113083079e+07 2.1634812325e-03 1.5503497641e+00
W 3.2762025665e-01 1.0235310219e+08 2.2946850354e-03 1.7742852309e+00
W 3.2762025665e-01 1.2915496650e+08 2.3695150123e-03 2.0033545305e+00
W 3.2762025665e-01 1.6297508346e+08 2.4472647332e-03 2.2619978484e+00
W 3.2762025665e-01 2.0565123083e+08 2.5972042188e-03 2.5887251173e+00
W 3.2762025665e-01 2.5950242114e+08 2.6834723511e-03 2.9229427725e+00
W 3.2762025665e-01 3.2745491629e+08 2.7731435898e-03 3.3003096366e+00
W 3.2762025665e-01 4.1320124001e+08 2.9447604915e-03 3.7770126337e+00
W 3.2762025665e-01 5.2140082880e+08 3.0443303338e-03 4.2646442859e+00
W 3.2762025665e-01 6.5793322466e+08 3.1478611875e-03 4.8152316789e+00
W 3.2762025665e-01 8.3021756813e+08 3.2555192040e-03 5.4369027208e+00
W 3.2762025665e-01 1.0476157528e+09 3.4595788907e-03 6.2222192842e+00
W 3.2762025665e-01 1.3219411485e+09 3.5791951338e-03 7.0255396233e+00
W 3.2762025665e-01 1.6681005372e+09 3.7035953693e-03 7.9325727276e+00
W 3.2762025665e-01 2.1049041445e+09 3.9378049621e-03 9.0783686106e+00
W 3.2762025665e-01 2.6560877829e+09 4.0760292504e-03 1.0250432438e+01
W 3.2762025665e-01 3.3516026509e+09 4.2197677742e-03 1.1573815702e+01
W 3.2762025665e-01 4.2292428744e+09 4.3692259675e-03 1.3068054514e+01
W 3.2762025665e-01 5.3366992312e+09 4.6483623247e-03 1.4955629148e+01
W 3.2762025665e-01 6.7341506578e+09 4.8142975190e-03 1.6886477376e+01
W 3.2762025665e-01 8.4975343591e+09 4.9867431303e-03 1.9066607988e+01
W 3.2762025665e-01 1.0722672220e+10 5.3071961646e-03 2.1820625087e+01
W 3.2762025665e-01 1.3530477746e+10 5.4983613152e-03 2.4637779409e+01
W 3.2762025665e-01 1.7073526475e+10 5.6968235600e-03 2.7818642764e+01
W 3.2762025665e-01 2.1544346900e+10 5.9027620643e-03 3.1410171850e+01
W 3.2762025665e-01 2.7185882427e+10 6.2836239435e-03 3.5947116777e+01
W 3.2762025665e-01 3.4304692863e+10 6.5110263798e-03 4.0588073439e+01
W 3.2762025665e-01 4.3287612811e+10 6.7465237964e-03 4.5828201346e+01
W 3.2762025665e-01 5.4622772177e+10 6.9901856529e-03 5.1744856573e+01
W 3.2762025665e-01 6.8926121044e+10 7.4401099230e-03 5.9218982013e+01
W 3.2762025665e-01 8.6974900262e+10 7.7072219908e-03 6.6864455523e+01
W 3.2762025665e-01 1.0974987655e+11 7.9825996332e-03 7.5496998774e+01
W 3.2762025665e-01 1.3848863714e+11 8.2660490839e-03 8.5244047518e+01
W 3.2762025665e-01 1.7475284000e+11 8.7913205023e-03 9.7556859773e+01
W 3.2762025665e-01 2.2051307399e+11 9.0980657682e-03 1.1015194942e+02
W 3.2762025665e-01 2.7825594022e+11 9.4117901997e-03 1.2437312957e+02
W 3.2762025665e-01 3.5111917342e+11 9.7317436140e-03 1.4043033682e+02
W 3.2762025665e-01 4.4306214576e+11 1.0332040260e-02 1.6071436160e+02
W 3.2762025665e-01 5.5908101825e+11 1.0670369240e-02 1.8146340781e+02
W 3.2762025665e-01 7.0548023107e+11 1.1011404146e-02 2.0489126203e+02
W 3.2762025665e-01 8.9021508545e+11 1.1663849578e-02 2.3448614538e+02
W 3.2762025665e-01 1.1233240330e+12 1.2013792954e-02 2.6475950625e+02
W 3.2762025665e-01 1.4174741629e+12 1.2359731461e-02 2.9894131287e+02
W 3.2762025665e-01 1.7886495291e+12 1.2698507293e-02 3.3753616559e+02
W 3.2762025665e-01 2.2570197196e+12 1.3382701963e-02 3.8629053094e+02
W 3.2762025665e-01 2.8480358684e+12 1.3703999808e-02 4.3616261454e+02
W 3.2762025665e-01 3.5938136638e+12 1.4004612444e-02 4.9247343925e+02
W 3.2762025665e-01 4.5348785081e+12 1.4278701377e-02 5.5605427949e+02
W 3.2762025665e-01 5.7223676594e+12 1.4916769278e-02 6.3637181656e+02
W 3.2762025665e-01 7.2208090184e+12 1.5122616987e-02 7.1853067342e+02
W 3.2762025665e-01 9.1116275612e+12 1.5278305185e-02 8.1129665897e+02
W 3.2762025665e-01 1.1497569954e+13 1.5374560339e-02 9.1603920781e+02
W 3.2762025665e-01 1.4508287785e+13 1.5822640025e-02 1.0483536522e+03
W 3.2762025665e-01 1.8307382803e+13 1.5768086905e-02 1.1837014715e+03
W 3.2762025665e-01 2.3101297001e+13 1.5620309432e-02 1.3365233867e+03
W 3.2762025665e-01 2.9150530628e+13 1.5788659630e-02 1.5295733651e+03
W 3.2762025665e-01 3.6783797718e+13 1.5412125958e-02 1.7270491110e+03
W 3.2762025665e-01 4.6415888336e+13 1.4908773432e-02 1.9500199859e+03
W 3.2762025665e-01 5.8570208181e+13 1.4271823115e-02 2.2017775413e+03
W 3.2762025665e-01 7.3907220335e+13 1.3867200150e-02 2.5198064745e+03
W 3.2762025665e-01 9.3260334688e+13 1.2933237853e-02 2.8451263804e+03
W 3.2762025665e-01 1.1768119524e+14 1.1868229610e-02 3.2124467502e+03
W 3.2762025665e-01 1.4849682623e+14 1.0980094890e-02 3.6764586650e+03
W 3.2762025665e-01 1.8738174229e+14 9.6736486622e-03 4.1511082855e+03
W 3.2762025665e-01 2.3644894126e+14 8.3075850649e-03 4.6870376000e+03
W 3.2762025665e-01 2.9836472403e+14 7.1138474265e-03 5.3640422201e+03
W 3.2762025665e-01 3.7649358068e+14 5.7256271170e-03 6.0565675103e+03
W 3.2762025665e-01 4.7508101621e+14 4.4229115163e-03 6.8385013580e+03
W 3.2762025665e-01 5.9948425032e+14 3.2552653508e-03 7.7213868654e+03
W 3.2762025665e-01 7.5646332755e+14 2.3248301125e-03 8.8366786611e+03
W 3.2762025665e-01 9.5454845666e+14 1.5109077020e-03 9.9775390799e+03
W 3.2762025665e-01 1.2045035403e+15 9.0676354385e-04 1.1265690415e+04
W 3.2762025665e-01 1.5199110830e+15 5.0833699219e-04 1.2892928152e+04
W 3.2762025665e-01 1.9179102617e+15 2.4740482693e-04 1.4557471130e+04
W 3.2762025665e-01 2.4201282648e+15 1.0500563401e-04 1.6436915121e+04
W 3.2762025665e-01 3.0538555088e+15 3.8929898869e-05 1.8811094384e+04
W 3.2762025665e-01 3.8535285937e+15 1.1591037500e-05 2.1239702897e+04
W 3.2762025665e-01 4.8626015801e+15 2.8120214156e-06 2.4307605956e+04
W 3.2762025665e-01 6.1359072734e+15 4.9887231848e-07 2.7445842229e+04
W 3.2762025665e-01 7.7426368268e+15 6.1866893540e-08 3.0989240860e+04
W 3.2762025665e-01 9.7700995730e+15 5.0370586182e-09 3.5465385714e+04
W 3.2762025665e-01 1.2328467394e+16 2.2961670605e-10 4.0044148431e+04
W 3.2762025665e-01 1.5556761439e+16 5.3445595536e-12 4.5214052838e+04
W 3.2762025665e-01 1.9630406500e+16 5.7053370113e-14 5.1744856573e+04
W 3.2762025665e-01 2.4770763560e+16 2.2659693306e-16 5.8425382255e+04
W 3.2762025665e-01 3.1257158497e+16 2.9312773100e-19 6.6864455523e+04
W 3.2762025665e-01 3.9442060594e+16 9.2544472202e-23 7.5496998774e+04
W 3.2762025665e-01 4.9770235643e+16 5.4118611175e-27 8.5244047518e+04
W 3.2762025665e-01 6.2802914418e+16 4.0527617556e-32 9.7556859773e+04
W 3.2762025665e-01 7.9248289835e+16 2.1894647777e-38 1.1015194942e+05
W 3.2762025665e-01 1.0000000000e+17 4.5547281054e-46 1.2606250637e+05
W 3.5130000917e-01 1.2618568831e+07 1.8116364267e-03 5.7902232984e-01
W 3.5130000917e-01 1.5922827933e+07 1.8674168657e-03 6.5377707459e-01
W 3.5130000917e-01 2.0092330026e+07 1.9779398008e-03 7.4820987794e-01
W 3.5130000917e-01 2.5353644940e+07 2.0396202641e-03 8.4480760063e-01
W 3.5130000917e-01 3.1992671378e+07 2.1611647616e-03 9.6683321627e-01
W 3.5130000917e-01 4.0370172586e+07 2.2294182913e-03 1.0916563303e+00
W 3.5130000917e-01 5.0941380148e+07 2.3002729678e-03 1.2325947469e+00
W 3.5130000917e-01 6.4280731173e+07 2.4387666576e-03 1.4106330750e+00
W 3.5130000917e-01 8.1113083079e+07 2.5172526158e-03 1.5927530210e+00
W 3.5130000917e-01 1.0235310219e+08 2.5987698149e-03 1.7983855837e+00
W 3.5130000917e-01 1.2915496650e+08 2.7568427017e-03 2.0581478158e+00
W 3.5130000917e-01 1.6297508346e+08 2.8472243809e-03 2.3238652272e+00
W 3.5130000917e-01 2.0565123083e+08 2.9411381968e-03 2.6238881157e+00
W 3.5130000917e-01 2.5950242114e+08 3.1218469260e-03 3.0028875026e+00
W 3.5130000917e-01 3.2745491629e+08 3.2260584072e-03 3.3905756404e+00
W 3.5130000917e-01 4.1320124001e+08 3.3343823987e-03 3.8283162999e+00
W 3.5130000917e-01 5.2140082880e+08 3.5412705020e-03 4.3812855831e+00
W 3.5130000917e-01 6.5793322466e+08 3.6615486318e-03 4.9469319642e+00
W 3.5130000917e-01 8.3021756813e+08 3.7866055616e-03 5.5856061867e+00
W 3.5130000917e-01 1.0476157528e+09 3.9166380225e-03 6.3067365184e+00
W 3.5130000917e-01 1.3219411485e+09 4.1626694344e-03 7.2176935289e+00
W 3.5130000917e-01 1.6681005372e+09 4.3071106110e-03 8.1495346853e+00
W 3.5130000917e-01 2.1049041445e+09 4.4573024850e-03 9.2016813019e+00
W 3.5130000917e-01 2.6560877829e+09 4.7396491216e-03 1.0530789640e+01
W 3.5130000917e-01 3.3516026509e+09 4.9064528278e-03 1.1890368452e+01
W 3.5130000917e-01 4.2292428744e+09 5.0798575016e-03 1.3425475844e+01
W 3.5130000917e-01 5.3366992312e+09 5.2600974139e-03 1.5158773453e+01
W 3.5130000917e-01 6.7341506578e+09 5.5963959376e-03 1.7348335504e+01
W 3.5130000917e-01 8.4975343591e+09 5.7963238037e-03 1.9588094363e+01
W 3.5130000917e-01 1.0722672220e+10 6.0039784784e-03 2.2117017547e+01
W 3.5130000917e-01 1.3530477746e+10 6.2195801520e-03 2.4972437651e+01
W 3.5130000917e-01 1.7073526475e+10 6.6195666059e-03 2.8579504013e+01
W 3.5130000917e-01 2.1544346900e+10 6.8580152287e-03 3.2269264179e+01
W 3.5130000917e-01 2.7185882427e+10 7.1052079027e-03 3.6435391257e+01
W 3.5130000917e-01 3.4304692863e+10 7.5626228124e-03 4.1698188426e+01
W 3.5130000917e-01 4.3287612811e+10 7.8349408146e-03 4.7081637858e+01
W 3.5130000917e-01 5.4622772177e+10 8.1165536086e-03 5.3160118149e+01
W 3.5130000917e-01 6.8926121044e+10 8.4074630661e-03 6.0023361341e+01
W 3.5130000917e-01 8.6974900262e+10 8.9457600608e-03 6.8693249746e+01
W 3.5130000917e-01 1.0974987655e+11 9.2634283396e-03 7.7561899686e+01
W 3.5130000917e-01 1.3848863714e+11 9.5901579652e-03 8.7575537700e+01
W 3.5130000917e-01 1.7475284000e+11 9.9255634709e-03 9.8881987607e+01
W 3.5130000917e-01 2.2051307399e+11 1.0549982893e-02 1.1316468985e+02
W 3.5130000917e-01 2.7825594022e+11 1.0910578147e-02 1.2777483020e+02
W 3.5130000917e-01 3.5111917342e+11 1.1277894194e-02 1.4427121441e+02
W 3.5130000917e-01 4.4306214576e+11 1.1650764513e-02 1.6289736620e+02
W 3.5130000917e-01 5.5908101825e+11 1.2356712502e-02 1.8642657141e+02
W 3.5130000917e-01 7.0548023107e+11 1.2746411436e-02 2.1049519544e+02
W 3.5130000917e-01 8.9021508545e+11 1.3136326602e-02 2.3767120195e+02
W 3.5130000917e-01 1.1233240330e+12 1.3523834044e-02 2.6835576992e+02
W 3.5130000917e-01 1.4174741629e+12 1.4286154749e-02 3.0711758742e+02
W 3.5130000917e-01 1.7886495291e+12 1.4669149686e-02 3.4676803901e+02
W 3.5130000917e-01 2.2570197196e+12 1.5038307092e-02 3.9153756672e+02
W 3.5130000917e-01 2.8480358684e+12 1.5388527890e-02 4.4208706948e+02
W 3.5130000917e-01 3.5938136638e+12 1.6143736847e-02 5.0594296612e+02
W 3.5130000917e-01 4.5348785081e+12 1.6445709681e-02 5.7126279118e+02
W 3.5130000917e-01 5.7223676594e+12 1.6707573464e-02 6.4501573980e+02
W 3.5130000917e-01 7.2208090184e+12 1.6920650806e-02 7.2829057136e+02
W 3.5130000917e-01 9.1116275612e+12 1.7542380232e-02 8.3348624582e+02
W 3.5130000917e-01 1.1497569954e+13 1.7630624880e-02 9.4109358382e+02
W 3.5130000917e-01 1.4508287785e+13 1.7636703484e-02 1.0625935796e+03
W 3.5130000917e-01 1.8307382803e+13 1.8028574810e-02 1.2160766160e+03
W 3.5130000917e-01 2.3101297001e+13 1.7828772147e-02 1.3730783280e+03
W 3.5130000917e-01 2.9150530628e+13 1.7507410361e-02 1.5503497641e+03
W 3.5130000917e-01 3.6783797718e+13 1.7053180305e-02 1.7505078494e+03
W 3.5130000917e-01 4.6415888336e+13 1.6906700144e-02 2.0033545305e+03
W 3.5130000917e-01 5.8570208181e+13 1.6140810391e-02 2.2619978484e+03
W 3.5130000917e-01 7.3907220335e+13 1.5219498670e-02 2.5540333419e+03
W 3.5130000917e-01 9.3260334688e+13 1.4533036997e-02 2.9229427725e+03
W 3.5130000917e-01 1.1768119524e+14 1.3285060594e-02 3.3003096366e+03
W 3.5130000917e-01 1.4849682623e+14 1.1911711804e-02 3.7263964933e+03
W 3.5130000917e-01 1.8738174229e+14 1.0442737756e-02 4.2074933428e+03
W 3.5130000917e-01 2.3644894126e+14 9.1617883724e-03 4.8152316789e+03
W 3.5130000917e-01 2.9836472403e+14 7.5877536786e-03 5.4369027208e+03
W 3.5130000917e-01 3.7649358068e+14 6.0625721588e-03 6.1388346743e+03
W 3.5130000917e-01 4.7508101621e+14 4.7711441426e-03 7.0255396233e+03
W 3.5130000917e-01 5.9948425032e+14 3.4779183631e-03 7.9325727276e+03
W 3.5130000917e-01 7.5646332755e+14 2.3910383012e-03 8.9567084455e+03
W 3.5130000917e-01 9.5454845666e+14 1.5760932983e-03 1.0250432438e+04
W 3.5130000917e-01 1.2045035403e+15 9.3191999025e-04 1.1573815702e+04
W 3.5130000917e-01 1.5199110830e+15 4.9980427421e-04 1.3068054514e+04
W 3.5130000917e-01 1.9179102617e+15 2.4490489811e-04 1.4955629148e+04
W 3.5130000917e-01 2.4201282648e+15 1.0151458343e-04 1.6886477376e+04
W 3.5130000917e-01 3.0538555088e+15 3.5631452208e-05 1.9066607988e+04
W 3.5130000917e-01 3.8535285937e+15 1.0549355514e-05 2.1820625087e+04
W 3.5130000917e-01 4.8626015801e+15 2.3969886703e-06 2.4637779409e+04
W 3.5130000917e-01 6.1359072734e+15 4.0618541944e-07 2.7818642764e+04
W 3.5130000917e-01 7.7426368268e+15 4.8983366073e-08 3.1836820402e+04
W 3.5130000917e-01 9.7700995730e+15 3.6331478074e-09 3.5947116777e+04
W 3.5130000917e-01 1.2328467394e+16 1.5287133741e-10 4.0588073439e+04
W 3.5130000917e-01 1.5556761439e+16 3.3180005130e-12 4.6450691916e+04
W 3.5130000917e-01 1.9630406500e+16 3.0669143000e-14 5.2447713859e+04
W 3.5130000917e-01 2.4770763560e+16 1.0867291285e-16 6.0023361341e+04
W 3.5130000917e-01 3.1257158497e+16 1.1546043114e-19 6.7772684338e+04
W 3.5130000917e-01 3.9442060594e+16 2.9708208580e-23 7.6522484575e+04
W 3.5130000917e-01 4.9770235643e+16 1.3942606181e-27 8.7575537700e+04
W 3.5130000917e-01 6.2802914418e+16 7.5345051589e-33 9.8881987607e+04
W 3.5130000917e-01 7.9248289835e+16 2.8266122957e-39 1.1164815803e+05
W 3.5130000917e-01 1.0000000000e+17 3.7599722058e-47 1.2777483020e+05
W 3.7669128796e-01 1.2618568831e+07 2.1106602232e-03 5.9485903535e-01
W 3.7669128796e-01 1.5922827933e+07 2.1756163057e-03 6.7165837980e-01
W 3.7669128796e-01 2.0092330026e+07 2.2429964711e-03 7.5837291248e-01
W 3.7669128796e-01 2.5353644940e+07 2.3761633541e-03 8.6791373747e-01
W 3.7669128796e-01 3.1992671378e+07 2.4506891910e-03 9.7996584076e-01
W 3.7669128796e-01 4.0370172586e+07 2.5971808310e-03 1.1215139695e+00
W 3.7669128796e-01 5.0941380148e+07 2.6796672854e-03 1.2663071600e+00
W 3.7669128796e-01 6.4280731173e+07 2.7653058458e-03 1.4297938922e+00
W 3.7669128796e-01 8.1113083079e+07 2.9322966625e-03 1.6363160397e+00
W 3.7669128796e-01 1.0235310219e+08 3.0271752131e-03 1.8475728109e+00
W 3.7669128796e-01 1.2915496650e+08 3.1257250616e-03 2.0861039120e+00
W 3.7669128796e-01 1.6297508346e+08 3.3163939878e-03 2.3874247263e+00
W 3.7669128796e-01 2.0565123083e+08 3.4256719833e-03 2.6956534713e+00
W 3.7669128796e-01 2.5950242114e+08 3.5392242567e-03 3.0436761240e+00
W 3.7669128796e-01 3.2745491629e+08 3.7572598080e-03 3.4833104887e+00
W 3.7669128796e-01 4.1320124001e+08 3.8832646603e-03 3.9330236916e+00
W 3.7669128796e-01 5.2140082880e+08 4.0142392070e-03 4.4407971694e+00
W 3.7669128796e-01 6.5793322466e+08 4.1503898993e-03 5.0141268007e+00
W 3.7669128796e-01 8.3021756813e+08 4.4093176510e-03 5.7383768066e+00
W 3.7669128796e-01 1.0476157528e+09 4.5604915668e-03 6.4792306068e+00
W 3.7669128796e-01 1.3219411485e+09 4.7176596482e-03 7.3157324225e+00
W 3.7669128796e-01 1.6681005372e+09 5.0145601790e-03 8.3724307193e+00
W 3.7669128796e-01 2.1049041445e+09 5.1890799606e-03 9.4533543540e+00
W 3.7669128796e-01 2.6560877829e+09 5.3705037234e-03 1.0673830759e+01
W 3.7669128796e-01 3.3516026509e+09 5.5590875165e-03 1.2051876912e+01
W 3.7669128796e-01 4.2292428744e+09 5.9124947378e-03 1.3792672921e+01
W 3.7669128796e-01 5.3366992312e+09 6.1217414834e-03 1.5573377552e+01
W 3.7669128796e-01 6.7341506578e+09 6.3391348215e-03 1.7583980259e+01
W 3.7669128796e-01 8.4975343591e+09 6.5649317813e-03 1.9854162060e+01
W 3.7669128796e-01 1.0722672220e+10 6.9853495402e-03 2.2721934967e+01
W 3.7669128796e-01 1.3530477746e+10 7.2353436131e-03 2.5655453004e+01
W 3.7669128796e-01 1.7073526475e+10 7.4946967068e-03 2.8967703227e+01
W 3.7669128796e-01 2.1544346900e+10 7.9759536951e-03 3.3151853343e+01
W 3.7669128796e-01 2.7185882427e+10 8.2622301499e-03 3.7431927196e+01
W 3.7669128796e-01 3.4304692863e+10 8.5586547546e-03 4.2264580479e+01
W 3.7669128796e-01 4.3287612811e+10 8.8653251897e-03 4.7721154022e+01
W 3.7669128796e-01 5.4622772177e+10 9.4334234356e-03 5.4614088217e+01
W 3.7669128796e-01 6.8926121044e+10 9.7695859549e-03 6.1665046383e+01
W 3.7669128796e-01 8.6974900262e+10 1.0116171453e-02 6.9626319316e+01
W 3.7669128796e-01 1.0974987655e+11 1.0472961514e-02 7.8615433311e+01
W 3.7669128796e-01 1.3848863714e+11 1.1136089606e-02 8.9970795930e+01
W 3.7669128796e-01 1.7475284000e+11 1.1522412112e-02 1.0158648593e+02
W 3.7669128796e-01 2.2051307399e+11 1.1917700770e-02 1.1470182092e+02
W 3.7669128796e-01 2.7825594022e+11 1.2321078313e-02 1.2951041276e+02
W 3.7669128796e-01 3.5111917342e+11 1.3079642422e-02 1.4821714295e+02
W 3.7669128796e-01 4.4306214576e+11 1.3506945748e-02 1.6735273430e+02
W 3.7669128796e-01 5.5908101825e+11 1.3938216029e-02 1.8895882839e+02
W 3.7669128796e-01 7.0548023107e+11 1.4371309939e-02 2.1335437975e+02
W 3.7669128796e-01 8.9021508545e+11 1.5208540161e-02 2.4417169190e+02
W 3.7669128796e-01 1.1233240330e+12 1.5648770727e-02 2.7569550638e+02
W 3.7669128796e-01 1.4174741629e+12 1.6081334978e-02 3.1128920656e+02
W 3.7669128796e-01 1.7886495291e+12 1.6501854365e-02 3.5147823552e+02
W 3.7669128796e-01 2.2570197196e+12 1.7367603398e-02 4.0224641994e+02
W 3.7669128796e-01 2.8480358684e+12 1.7758355937e-02 4.5417849044e+02
W 3.7669128796e-01 3.5938136638e+12 1.8118520608e-02 5.1281525689e+02
W 3.7669128796e-01 4.5348785081e+12 1.8440225165e-02 5.7902232984e+02
W 3.7669128796e-01 5.7223676594e+12 1.9226470387e-02 6.6265741577e+02
W 3.7669128796e-01 7.2208090184e+12 1.9449618556e-02 7.4820987794e+02
W 3.7669128796e-01 9.1116275612e+12 1.9602888867e-02 8.4480760063e+02
W 3.7669128796e-01 1.1497569954e+13 1.9674224988e-02 9.5387658345e+02
W 3.7669128796e-01 1.4508287785e+13 2.0188278471e-02 1.0916563303e+03
W 3.7669128796e-01 1.8307382803e+13 2.0053224357e-02 1.2325947469e+03
W 3.7669128796e-01 2.3101297001e+13 1.9793421709e-02 1.3917290340e+03
W 3.7669128796e-01 2.9150530628e+13 1.9926115779e-02 1.5927530210e+03
W 3.7669128796e-01 3.6783797718e+13 1.9363411311e-02 1.7983855837e+03
W 3.7669128796e-01 4.6415888336e+13 1.8636777736e-02 2.0305663622e+03
W 3.7669128796e-01 5.8570208181e+13 1.7739973696e-02 2.2927228668e+03
W 3.7669128796e-01 7.3907220335e+13 1.7127893826e-02 2.6238881157e+03
W 3.7669128796e-01 9.3260334688e+13 1.5860500774e-02 2.9626454939e+03
W 3.7669128796e-01 1.1768119524e+14 1.4437469115e-02 3.3451381824e+03
W 3.7669128796e-01 1.4849682623e+14 1.2883336812e-02 3.7770126337e+03
W 3.7669128796e-01 1.8738174229e+14 1.1540810904e-02 4.3225715179e+03
W 3.7669128796e-01 2.3644894126e+14 9.7951460370e-03 4.8806376128e+03
W 3.7669128796e-01 2.9836472403e+14 8.0555996196e-03 5.5107528953e+03
W 3.7669128796e-01 3.7649358068e+14 6.5596298968e-03 6.3067365184e+03
W 3.7669128796e-01 4.7508101621e+14 4.9789424936e-03 7.1209684648e+03
W 3.7669128796e-01 5.9948425032e+14 3.5912830807e-03 8.0403219206e+03
W 3.7669128796e-01 7.5646332755e+14 2.5058336557e-03 9.2016813019e+03
W 3.7669128796e-01 9.5454845666e+14 1.5853390426e-03 1.0389665429e+04
W 3.7669128796e-01 1.2045035403e+15 9.2222572468e-04 1.1731024384e+04
W 3.7669128796e-01 1.5199110830e+15 4.9858099150e-04 1.3425475844e+04
W 3.7669128796e-01 1.9179102617e+15 2.3259025128e-04 1.5158773453e+04
W 3.7669128796e-01 2.4201282648e+15 9.3942006958e-05 1.7115848650e+04
W 3.7669128796e-01 3.0538555088e+15 3.2860718136e-05 1.9588094363e+04
W 3.7669128796e-01 3.8535285937e+15 9.1373808943e-06 2.2117017547e+04
W 3.7669128796e-01 4.8626015801e+15 1.9902756277e-06 2.4972437651e+04
W 3.7669128796e-01 6.1359072734e+15 3.2950453836e-07 2.8579504013e+04
W 3.7669128796e-01 7.7426368268e+15 3.6417238149e-08 3.2269264179e+04
W 3.7669128796e-01 9.7700995730e+15 2.5119312901e-09 3.6435391257e+04
W 3.7669128796e-01 1.2328467394e+16 9.9457810625e-11 4.1698188426e+04
W 3.7669128796e-01 1.5556761439e+16 1.8894916011e-12 4.7081637858e+04
W 3.7669128796e-01 1.9630406500e+16 1.5362232538e-14 5.3160118149e+04
W 3.7669128796e-01 2.4770763560e+16 4.6634451467e-17 6.0838666662e+04
W 3.7669128796e-01 3.1257158497e+16 4.1129043974e-20 6.8693249746e+04
W 3.7669128796e-01 3.9442060594e+16 8.6878437550e-24 7.8615433311e+04
W 3.7669128796e-01 4.9770235643e+16 3.0275767902e-28 8.8765087906e+04
W 3.7669128796e-01 6.2802914418e+16 1.1784915705e-33 1.0022511483e+05
W 3.7669128796e-01 7.9248289835e+16 3.0454023173e-40 1.1470182092e+05
W 3.7669128796e-01 1.0000000000e+17 2.4152083176e-48 1.2951041276e+05
W 4.0391779882e-01 1.2618568831e+07 2.3964141232e-03 6.0293908495e-01
W 4.0391779882e-01 1.5922827933e+07 2.5376840324e-03 6.9002875244e-01
W 4.0391779882e-01 2.0092330026e+07 2.6162318137e-03 7.7911499420e-01
W 4.0391779882e-01 2.5353644940e+07 2.6977206284e-03 8.7970272549e-01
W 4.0391779882e-01 3.1992671378e+07 2.8583725277e-03 1.0067686593e+00
W 4.0391779882e-01 4.0370172586e+07 2.9485230259e-03 1.1367476433e+00
W 4.0391779882e-01 5.0941380148e+07 3.0420964655e-03 1.2835075790e+00
W 4.0391779882e-01 6.4280731173e+07 3.2250988832e-03 1.4688998534e+00
W 4.0391779882e-01 8.1113083079e+07 3.3287195517e-03 1.6585423386e+00
W 4.0391779882e-01 1.0235310219e+08 3.4363245401e-03 1.8726686388e+00
W 4.0391779882e-01 1.2915496650e+08 3.6451257945e-03 2.1431604565e+00
W 4.0391779882e-01 1.6297508346e+08 3.7643890207e-03 2.4198534347e+00
W 4.0391779882e-01 2.0565123083e+08 3.8882884139e-03 2.7322688918e+00
W 4.0391779882e-01 2.5950242114e+08 4.1268881869e-03 3.1269230040e+00
W 4.0391779882e-01 3.2745491629e+08 4.2643127667e-03 3.5306247595e+00
W 4.0391779882e-01 4.1320124001e+08 4.4071259140e-03 3.9864464768e+00
W 4.0391779882e-01 5.2140082880e+08 4.6801493076e-03 4.5622563833e+00
W 4.0391779882e-01 6.5793322466e+08 4.8386375878e-03 5.1512670205e+00
W 4.0391779882e-01 8.3021756813e+08 5.0033738857e-03 5.8163219439e+00
W 4.0391779882e-01 1.0476157528e+09 5.1746099304e-03 6.5672388601e+00
W 4.0391779882e-01 1.3219411485e+09 5.4990015790e-03 7.5158233240e+00
W 4.0391779882e-01 1.6681005372e+09 5.6890776559e-03 8.4861545621e+00
W 4.0391779882e-01 2.1049041445e+09 5.8866436875e-03 9.5817605267e+00
W 4.0391779882e-01 2.6560877829e+09 6.2586002230e-03 1.0965768230e+01
W 4.0391779882e-01 3.3516026509e+09 6.4778256544e-03 1.2381505004e+01
W 4.0391779882e-01 4.2292428744e+09 6.7056151152e-03 1.3980020637e+01
W 4.0391779882e-01 5.3366992312e+09 6.9422587423e-03 1.5784912815e+01
W 4.0391779882e-01 6.7341506578e+09 7.3846406413e-03 1.8064915626e+01
W 4.0391779882e-01 8.4975343591e+09 7.6468227148e-03 2.0397188644e+01
W 4.0391779882e-01 1.0722672220e+10 7.9189564762e-03 2.3030570039e+01
W 4.0391779882e-01 1.3530477746e+10 8.2013012488e-03 2.6003934443e+01
W 4.0391779882e-01 1.7073526475e+10 8.7264158880e-03 2.9759992163e+01
W 4.0391779882e-01 2.1544346900e+10 9.0381708681e-03 3.3602159387e+01
W 4.0391779882e-01 2.7185882427e+10 9.3610590009e-03 3.7940370054e+01
W 4.0391779882e-01 3.4304692863e+10 9.6952157592e-03 4.2838665911e+01
W 4.0391779882e-01 4.3287612811e+10 1.0315343503e-02 4.9026364243e+01
W 4.0391779882e-01 5.4622772177e+10 1.0681971298e-02 5.5355918659e+01
W 4.0391779882e-01 6.8926121044e+10 1.1060199485e-02 6.2502650930e+01
W 4.0391779882e-01 8.6974900262e+10 1.1449855032e-02 7.0572062895e+01
W 4.0391779882e-01 1.0974987655e+11 1.2174766596e-02 8.0765625803e+01
W 4.0391779882e-01 1.3848863714e+11 1.2597503211e-02 9.1192881248e+01
W 4.0391779882e-01 1.7475284000e+11 1.3030601722e-02 1.0296634871e+02
W 4.0391779882e-01 2.2051307399e+11 1.3473233114e-02 1.1625983105e+02
W 4.0391779882e-01 2.7825594022e+11 1.4305169521e-02 1.3305262203e+02
W 4.0391779882e-01 3.5111917342e+11 1.4775913487e-02 1.5023039616e+02
W 4.0391779882e-01 4.4306214576e+11 1.5252252054e-02 1.6962590881e+02
W 4.0391779882e-01 5.5908101825e+11 1.5732086277e-02 1.9152548135e+02
W 4.0391779882e-01 7.0548023107e+11 1.6656312972e-02 2.1918978593e+02
W 4.0391779882e-01 8.9021508545e+11 1.7148117096e-02 2.4748830855e+02
W 4.0391779882e-01 1.1233240330e+12 1.7634077640e-02 2.7944031520e+02
W 4.0391779882e-01 1.4174741629e+12 1.8109831330e-02 3.1551748936e+02
W 4.0391779882e-01 1.7886495291e+12 1.9078191300e-02 3.6109143526e+02
W 4.0391779882e-01 2.2570197196e+12 1.9529435899e-02 4.0771018670e+02
W 4.0391779882e-01 2.8480358684e+12 1.9951893752e-02 4.6034765743e+02
W 4.0391779882e-01 3.5938136638e+12 2.0337587540e-02 5.1978089490e+02
W 4.0391779882e-01 4.5348785081e+12 2.1243037313e-02 5.9485903535e+02
W 4.0391779882e-01 5.7223676594e+12 2.1534809327e-02 6.7165837980e+02
W 4.0391779882e-01 7.2208090184e+12 2.1757645626e-02 7.5837291248e+02
W 4.0391779882e-01 9.1116275612e+12 2.2497921131e-02 8.6791373747e+02
W 4.0391779882e-01 1.1497569954e+13 2.2545461770e-02 9.7996584076e+02
W 4.0391779882e-01 1.4508287785e+13 2.2480692901e-02 1.1064844438e+03
W 4.0391779882e-01 1.8307382803e+13 2.2288539088e-02 1.2493372457e+03
W 4.0391779882e-01 2.3101297001e+13 2.2554480863e-02 1.4297938922e+03
W 4.0391779882e-01 2.9150530628e+13 2.2049991168e-02 1.6143875977e+03
W 4.0391779882e-01 3.6783797718e+13 2.1371893259e-02 1.8228132949e+03
W 4.0391779882e-01 4.6415888336e+13 2.0510391655e-02 2.0581478158e+03
W 4.0391779882e-01 5.8570208181e+13 1.9992392381e-02 2.3554305985e+03
W 4.0391779882e-01 7.3907220335e+13 1.8720310870e-02 2.6595287378e+03
W 4.0391779882e-01 9.3260334688e+13 1.7264053320e-02 3.0028875026e+03
W 4.0391779882e-01 1.1768119524e+14 1.6070282281e-02 3.4366302814e+03
W 4.0391779882e-01 1.4849682623e+14 1.4265429134e-02 3.8803168307e+03
W 4.0391779882e-01 1.8738174229e+14 1.2364980051e-02 4.3812855831e+03
W 4.0391779882e-01 2.3644894126e+14 1.0424002151e-02 4.9469319642e+03
W 4.0391779882e-01 2.9836472403e+14 8.7397063982e-03 5.6614762203e+03
W 4.0391779882e-01 3.7649358068e+14 6.8665544673e-03 6.3924017614e+03
W 4.0391779882e-01 4.7508101621e+14 5.1596277146e-03 7.2176935289e+03
W 4.0391779882e-01 5.9948425032e+14 3.7793593493e-03 8.2602309016e+03
W 4.0391779882e-01 7.5646332755e+14 2.5328153809e-03 9.3266689659e+03
W 4.0391779882e-01 9.5454845666e+14 1.5778705062e-03 1.0530789640e+04
W 4.0391779882e-01 1.2045035403e+15 9.2626076345e-04 1.2051876912e+04
W 4.0391779882e-01 1.5199110830e+15 4.7738434863e-04 1.3607835872e+04
W 4.0391779882e-01 1.9179102617e+15 2.1735182801e-04 1.5364677094e+04
W 4.0391779882e-01 2.4201282648e+15 8.7657766564e-05 1.7583980259e+04
W 4.0391779882e-01 3.0538555088e+15 2.8866602155e-05 1.9854162060e+04
W 4.0391779882e-01 3.8535285937e+15 7.7178922190e-06 2.2417435945e+04
W 4.0391779882e-01 4.8626015801e+15 1.6488200385e-06 2.5655453004e+04
W 4.0391779882e-01 6.1359072734e+15 2.5144778335e-07 2.8967703227e+04
W 4.0391779882e-01 7.7426368268e+15 2.6012728728e-08 3.2707581897e+04
W 4.0391779882e-01 9.7700995730e+15 1.7021625695e-09 3.7431927196e+04
W 4.0391779882e-01 1.2328467394e+16 5.9575808671e-11 4.2264580479e+04
W 4.0391779882e-01 1.5556761439e+16 1.0073011136e-12 4.7721154022e+04
W 4.0391779882e-01 1.9630406500e+16 7.3088140458e-15 5.4614088217e+04
W 4.0391779882e-01 2.4770763560e+16 1.8225277932e-17 6.1665046383e+04
W 4.0391779882e-01 3.1257158497e+16 1.3103052098e-20 6.9626319316e+04
W 4.0391779882e-01 3.9442060594e+16 2.1639885003e-24 7.9683277224e+04
W 4.0391779882e-01 4.9770235643e+16 5.6030842982e-29 8.9970795930e+04
W 4.0391779882e-01 6.2802914418e+16 1.5632454340e-34 1.0296634871e+05
W 4.0391779882e-01 7.9248289835e+16 2.5357905703e-41 1.1625983105e+05
W 4.0391779882e-01 1.0000000000e+17 1.1743808745e-49 1.3126956996e+05
W 4.3311218872e-01 1.2618568831e+07 2.7985764453e-03 6.1942993208e-01
W 4.3311218872e-01 1.5922827933e+07 2.8846035559e-03 6.9940150499e-01
W 4.3311218872e-01 2.0092330026e+07 2.9738306130e-03 7.8969781705e-01
W 4.3311218872e-01 2.5353644940e+07 3.1502606653e-03 9.0376327080e-01
W 4.3311218872e-01 3.1992671378e+07 3.2489248123e-03 1.0204437322e+00
W 4.3311218872e-01 4.0370172586e+07 3.3513105614e-03 1.1521882381e+00
W 4.3311218872e-01 5.0941380148e+07 3.5521427410e-03 1.3186124973e+00
W 4.3311218872e-01 6.4280731173e+07 3.6654676652e-03 1.4888521160e+00
W 4.3311218872e-01 8.1113083079e+07 3.7831219552e-03 1.6810705404e+00
W 4.3311218872e-01 1.0235310219e+08 4.0121011282e-03 1.9238875646e+00
W 4.3311218872e-01 1.2915496650e+08 4.1424402340e-03 2.1722712908e+00
W 4.3311218872e-01 1.6297508346e+08 4.2778141370e-03 2.4527226266e+00
W 4.3311218872e-01 2.0565123083e+08 4.5392817563e-03 2.8069985449e+00
W 4.3311218872e-01 2.5950242114e+08 4.6893631779e-03 3.1693964161e+00
W 4.3311218872e-01 3.2745491629e+08 4.8452938119e-03 3.5785817064e+00
W 4.3311218872e-01 4.1320124001e+08 5.1442697368e-03 4.0954788502e+00
W 4.3311218872e-01 5.2140082880e+08 5.3172385294e-03 4.6242261201e+00
W 4.3311218872e-01 6.5793322466e+08 5.4969879212e-03 5.2212373672e+00
W 4.3311218872e-01 8.3021756813e+08 5.8392473147e-03 5.9754028171e+00
W 4.3311218872e-01 1.0476157528e+09 6.0386949936e-03 6.7468578877e+00
W 4.3311218872e-01 1.3219411485e+09 6.2459727415e-03 7.6179117543e+00
W 4.3311218872e-01 1.6681005372e+09 6.4613818896e-03 8.6014231310e+00
W 4.3311218872e-01 2.1049041445e+09 6.8680742728e-03 9.8438290376e+00
W 4.3311218872e-01 2.6560877829e+09 7.1070288302e-03 1.1114717722e+01
W 4.3311218872e-01 3.3516026509e+09 7.3552891829e-03 1.2549684637e+01
W 4.3311218872e-01 4.2292428744e+09 7.8214006891e-03 1.4362384940e+01
W 4.3311218872e-01 5.3366992312e+09 8.0965532292e-03 1.6216642306e+01
W 4.3311218872e-01 6.7341506578e+09 8.3822383890e-03 1.8310293784e+01
W 4.3311218872e-01 8.4975343591e+09 8.6787652977e-03 2.0674246377e+01
W 4.3311218872e-01 1.0722672220e+10 9.2322142166e-03 2.3660473821e+01
W 4.3311218872e-01 1.3530477746e+10 9.5600146674e-03 2.6715162026e+01
W 4.3311218872e-01 1.7073526475e+10 9.8997926186e-03 3.0164226104e+01
W 4.3311218872e-01 2.1544346900e+10 1.0251767658e-02 3.4058581998e+01
W 4.3311218872e-01 2.7185882427e+10 1.0906474602e-02 3.8978068320e+01
W 4.3311218872e-01 3.4304692863e+10 1.1293623273e-02 4.4010336332e+01
W 4.3311218872e-01 4.3287612811e+10 1.1693663743e-02 4.9692295885e+01
W 4.3311218872e-01 5.4622772177e+10 1.2106566809e-02 5.6107825483e+01
W 4.3311218872e-01 6.8926121044e+10 1.2874969525e-02 6.4212146446e+01
W 4.3311218872e-01 8.6974900262e+10 1.3325074692e-02 7.2502263027e+01
W 4.3311218872e-01 1.0974987655e+11 1.3787601032e-02 8.1862676067e+01
W 4.3311218872e-01 1.3848863714e+11 1.4261971665e-02 9.2431566313e+01
W 4.3311218872e-01 1.7475284000e+11 1.5150754795e-02 1.0578255744e+02
W 4.3311218872e-01 2.2051307399e+11 1.5659772842e-02 1.1943962674e+02
W 4.3311218872e-01 2.7825594022e+11 1.6177761925e-02 1.3485989354e+02
W 4.3311218872e-01 3.5111917342e+11 1.6703048207e-02 1.5227099567e+02
W 4.3311218872e-01 4.4306214576e+11 1.7704923598e-02 1.7426530772e+02
W 4.3311218872e-01 5.5908101825e+11 1.8252766996e-02 1.9676385039e+02
W 4.3311218872e-01 7.0548023107e+11 1.8800326712e-02 2.2216707001e+02
W 4.3311218872e-01 8.9021508545e+11 1.9343917048e-02 2.5084997524e+02
W 4.3311218872e-01 1.1233240330e+12 2.0422893250e-02 2.8708322248e+02
W 4.3311218872e-01 1.4174741629e+12 2.0958998628e-02 3.2414713507e+02
W 4.3311218872e-01 1.7886495291e+12 2.1475197741e-02 3.6599618837e+02
W 4.3311218872e-01 2.2570197196e+12 2.1964437512e-02 4.1324816853e+02
W 4.3311218872e-01 2.8480358684e+12 2.3031801547e-02 4.7293851949e+02
W 4.3311218872e-01 3.5938136638e+12 2.3452981528e-02 5.3399730166e+02
W 4.3311218872e-01 4.5348785081e+12 2.3818090540e-02 6.0293908495e+02
W 4.3311218872e-01 5.7223676594e+12 2.4115276151e-02 6.8078160513e+02
W 4.3311218872e-01 7.2208090184e+12 2.4996964107e-02 7.7911499420e+02
W 4.3311218872e-01 9.1116275612e+12 2.5121307233e-02 8.7970272549e+02
W 4.3311218872e-01 1.1497569954e+13 2.5132307662e-02 9.9327684744e+02
W 4.3311218872e-01 1.4508287785e+13 2.5013687319e-02 1.1215139695e+03
W 4.3311218872e-01 1.8307382803e+13 2.5425794598e-02 1.2835075790e+03
W 4.3311218872e-01 2.3101297001e+13 2.4986936241e-02 1.4492149732e+03
W 4.3311218872e-01 2.9150530628e+13 2.4365826223e-02 1.6363160397e+03
W 4.3311218872e-01 3.6783797718e+13 2.3549381091e-02 1.8475728109e+03
W 4.3311218872e-01 4.6415888336e+13 2.3144429268e-02 2.1144397396e+03
W 4.3311218872e-01 5.8570208181e+13 2.1881078585e-02 2.3874247263e+03
W 4.3311218872e-01 7.3907220335e+13 2.0406860098e-02 2.6956534713e+03
W 4.3311218872e-01 9.3260334688e+13 1.8734674524e-02 3.0436761240e+03
W 4.3311218872e-01 1.1768119524e+14 1.7350644157e-02 3.4833104887e+03
W 4.3311218872e-01 1.4849682623e+14 1.5313549866e-02 3.9330236916e+03
W 4.3311218872e-01 1.8738174229e+14 1.3187081315e-02 4.4407971694e+03
W 4.3311218872e-01 2.3644894126e+14 1.1336658617e-02 5.0822343536e+03
W 4.3311218872e-01 2.9836472403e+14 9.1739210885e-03 5.7383768066e+03
W 4.3311218872e-01 3.7649358068e+14 7.1383688239e-03 6.4792306068e+03
W 4.3311218872e-01 4.7508101621e+14 5.4498763726e-03 7.4151029914e+03
W 4.3311218872e-01 5.9948425032e+14 3.8365387846e-03 8.3724307193e+03
W 4.3311218872e-01 7.5646332755e+14 2.5336941422e-03 9.4533543540e+03
W 4.3311218872e-01 9.5454845666e+14 1.5518817696e-03 1.0673830759e+04
W 4.3311218872e-01 1.2045035403e+15 8.9326831167e-04 1.2215579163e+04
W 4.3311218872e-01 1.5199110830e+15 4.4996620748e-04 1.3792672921e+04
W 4.3311218872e-01 1.9179102617e+15 1.9946784312e-04 1.5573377552e+04
W 4.3311218872e-01 2.4201282648e+15 7.7968879764e-05 1.7822825807e+04
W 4.3311218872e-01 3.0538555088e+15 2.4751667769e-05 2.0123843791e+04
W 4.3311218872e-01 3.8535285937e+15 6.3384915425e-06 2.2721934967e+04
W 4.3311218872e-01 4.8626015801e+15 1.2868857400e-06 2.6003934443e+04
W 4.3311218872e-01 6.1359072734e+15 1.8471350231e-07 2.9361175402e+04
W 4.3311218872e-01 7.7426368268e+15 1.7770514283e-08 3.3151853343e+04
W 4.3311218872e-01 9.7700995730e+15 1.0653702582e-09 3.7940370054e+04
W 4.3311218872e-01 1.2328467394e+16 3.3543058800e-11 4.2838665911e+04
W 4.3311218872e-01 1.5556761439e+16 4.9898525194e-13 4.8369356820e+04
W 4.3311218872e-01 1.9630406500e+16 3.1017760483e-15 5.5355918659e+04
W 4.3311218872e-01 2.4770763560e+16 6.4190223611e-18 6.2502650930e+04
W 4.3311218872e-01 3.1257158497e+16 3.7879038099e-21 7.1530652635e+04
W 4.3311218872e-01 3.9442060594e+16 4.6467727918e-25 8.0765625803e+04
W 4.3311218872e-01 4.9770235643e+16 8.6816501576e-30 9.1192881248e+04
W 4.3311218872e-01 6.2802914418e+16 1.6309798584e-35 1.0436495435e+05
W 4.3311218872e-01 7.9248289835e+16 1.6340014426e-42 1.1783900384e+05
W 4.3311218872e-01 1.0000000000e+17 4.3056357565e-51 1.3485989354e+05
W 4.6441669213e-01 1.2618568831e+07 3.1849464311e-03 6.2784373144e-01
W 4.6441669213e-01 1.5922827933e+07 3.2827822847e-03 7.0890156889e-01
W 4.6441669213e-01 2.0092330026e+07 3.4768121932e-03 8.1129665897e-01
W 4.6441669213e-01 2.5353644940e+07 3.5849435972e-03 9.1603920781e-01
W 4.6441669213e-01 3.1992671378e+07 3.6971264739e-03 1.0343045555e+00
W 4.6441669213e-01 4.0370172586e+07 3.9178342518e-03 1.1837014715e+00
W 4.6441669213e-01 5.0941380148e+07 4.0419427011e-03 1.3365233867e+00
W 4.6441669213e-01 6.4280731173e+07 4.1707610610e-03 1.5090753928e+00
W 4.6441669213e-01 8.1113083079e+07 4.4222183807e-03 1.7270491110e+00
W 4.6441669213e-01 1.0235310219e+08 4.5648559330e-03 1.9500199859e+00
W 4.6441669213e-01 1.2915496650e+08 4.7129673273e-03 2.2017775413e+00
W 4.6441669213e-01 1.6297508346e+08 4.9998916941e-03 2.5198064745e+00
W 4.6441669213e-01 2.0565123083e+08 5.1640154684e-03 2.8451263804e+00
W 4.6441669213e-01 2.5950242114e+08 5.3344952352e-03 3.2124467502e+00
W 4.6441669213e-01 3.2745491629e+08 5.6623395803e-03 3.6764586650e+00
W 4.6441669213e-01 4.1320124001e+08 5.8513592824e-03 4.1511082855e+00
W 4.6441669213e-01 5.2140082880e+08 6.0477448213e-03 4.6870376000e+00
W 4.6441669213e-01 6.5793322466e+08 6.4227837654e-03 5.3640422201e+00
W 4.6441669213e-01 8.3021756813e+08 6.6405970576e-03 6.0565675103e+00
W 4.6441669213e-01 1.0476157528e+09 6.8669160434e-03 6.8385013580e+00
W 4.6441669213e-01 1.3219411485e+09 7.1020683757e-03 7.7213868654e+00
W 4.6441669213e-01 1.6681005372e+09 7.5473173952e-03 8.8366786611e+00
W 4.6441669213e-01 2.1049041445e+09 7.8080846127e-03 9.9775390799e+00
W 4.6441669213e-01 2.6560877829e+09 8.0789675426e-03 1.1265690415e+01
W 4.6441669213e-01 3.3516026509e+09 8.5889784714e-03 1.2892928152e+01
W 4.6441669213e-01 4.2292428744e+09 8.8891350480e-03 1.4557471130e+01
W 4.6441669213e-01 5.3366992312e+09 9.2007573109e-03 1.6436915121e+01
W 4.6441669213e-01 6.7341506578e+09 9.5241896048e-03 1.8559004946e+01
W 4.6441669213e-01 8.4975343591e+09 1.0129435207e-02 2.1239702897e+01
W 4.6441669213e-01 1.0722672220e+10 1.0486980871e-02 2.3981857192e+01
W 4.6441669213e-01 1.3530477746e+10 1.0857614441e-02 2.7078037634e+01
W 4.6441669213e-01 1.7073526475e+10 1.1241596598e-02 3.0573950809e+01
W 4.6441669213e-01 2.1544346900e+10 1.1957483713e-02 3.4990110379e+01
W 4.6441669213e-01 2.7185882427e+10 1.2380008693e-02 3.9507512620e+01
W 4.6441669213e-01 3.4304692863e+10 1.2816736688e-02 4.4608134598e+01
W 4.6441669213e-01 4.3287612811e+10 1.3267684634e-02 5.0367272966e+01
W 4.6441669213e-01 5.4622772177e+10 1.4108368456e-02 5.7642417611e+01
W 4.6441669213e-01 6.8926121044e+10 1.4600481513e-02 6.5084348593e+01
W 4.6441669213e-01 8.6974900262e+10 1.5106546918e-02 7.3487070933e+01
W 4.6441669213e-01 1.0974987655e+11 1.5626029616e-02 8.2974627711e+01
W 4.6441669213e-01 1.3848863714e+11 1.6600130251e-02 9.4959640655e+01
W 4.6441669213e-01 1.7475284000e+11 1.7158862781e-02 1.0721941603e+02
W 4.6441669213e-01 2.2051307399e+11 1.7728312679e-02 1.2106199111e+02
W 4.6441669213e-01 2.7825594022e+11 1.8306843680e-02 1.3669171345e+02
W 4.6441669213e-01 3.5111917342e+11 1.9409151771e-02 1.5643572437e+02
W 4.6441669213e-01 4.4306214576e+11 2.0015457950e-02 1.7663237663e+02
W 4.6441669213e-01 5.5908101825e+11 2.0623396168e-02 1.9943652001e+02
W 4.6441669213e-01 7.0548023107e+11 2.1229291389e-02 2.2518479495e+02
W 4.6441669213e-01 8.9021508545e+11 2.1828785499e-02 2.5425730390e+02
W 4.6441669213e-01 1.1233240330e+12 2.3029866865e-02 2.9098271217e+02
W 4.6441669213e-01 1.4174741629e+12 2.3615921117e-02 3.2855006882e+02
W 4.6441669213e-01 1.7886495291e+12 2.4176855715e-02 3.7096756339e+02
W 4.6441669213e-01 2.2570197196e+12 2.4704474060e-02 4.1886137350e+02
W 4.6441669213e-01 2.8480358684e+12 2.5878373071e-02 4.7936250646e+02
W 4.6441669213e-01 3.5938136638e+12 2.6321877273e-02 5.4125065821e+02
W 4.6441669213e-01 4.5348785081e+12 2.6698487042e-02 6.1112888693e+02
W 4.6441669213e-01 5.7223676594e+12 2.6994688862e-02 6.9002875244e+02
W 4.6441669213e-01 7.2208090184e+12 2.7939505374e-02 7.8969781705e+02
W 4.6441669213e-01 9.1116275612e+12 2.8031777891e-02 8.9165184490e+02
W 4.6441669213e-01 1.1497569954e+13 2.7992450409e-02 1.0067686593e+03
W 4.6441669213e-01 1.4508287785e+13 2.8563979134e-02 1.1521882381e+03
W 4.6441669213e-01 1.8307382803e+13 2.8197653928e-02 1.3009416336e+03
W 4.6441669213e-01 2.3101297001e+13 2.7641237463e-02 1.4688998534e+03
W 4.6441669213e-01 2.9150530628e+13 2.6878614263e-02 1.6585423386e+03
W 4.6441669213e-01 3.6783797718e+13 2.6605021247e-02 1.8981053466e+03
W 4.6441669213e-01 4.6415888336e+13 2.5362399167e-02 2.1431604565e+03
W 4.6441669213e-01 5.8570208181e+13 2.3884013942e-02 2.4198534347e+03
W 4.6441669213e-01 7.3907220335e+13 2.2176828076e-02 2.7322688918e+03
W 4.6441669213e-01 9.3260334688e+13 2.0812872863e-02 3.1269230040e+03
W 4.6441669213e-01 1.1768119524e+14 1.8657350849e-02 3.5306247595e+03
W 4.6441669213e-01 1.4849682623e+14 1.6362844825e-02 3.9864464768e+03
W 4.6441669213e-01 1.8738174229e+14 1.4372450581e-02 4.5622563833e+03
W 4.6441669213e-01 2.3644894126e+14 1.1928959816e-02 5.1512670205e+03
W 4.6441669213e-01 2.9836472403e+14 9.5638219145e-03 5.8163219439e+03
W 4.6441669213e-01 3.7649358068e+14 7.3630501885e-03 6.5672388601e+03
W 4.6441669213e-01 4.7508101621e+14 5.5533378389e-03 7.5158233240e+03
W 4.6441669213e-01 5.9948425032e+14 3.8550196141e-03 8.4861545621e+03
W 4.6441669213e-01 7.5646332755e+14 2.5051520091e-03 9.5817605267e+03
W 4.6441669213e-01 9.5454845666e+14 1.5472431159e-03 1.0965768230e+04
W 4.6441669213e-01 1.2045035403e+15 8.4834393365e-04 1.2381505004e+04
W 4.6441669213e-01 1.5199110830e+15 4.1671681129e-04 1.3980020637e+04
W 4.6441669213e-01 1.9179102617e+15 1.8428611635e-04 1.5999321391e+04
W 4.6441669213e-01 2.4201282648e+15 6.7746749733e-05 1.8064915626e+04
W 4.6441669213e-01 3.0538555088e+15 2.0656692227e-05 2.0397188644e+04
W 4.6441669213e-01 3.8535285937e+15 5.0449020029e-06 2.3030570039e+04
W 4.6441669213e-01 4.8626015801e+15 9.6845521356e-07 2.6357149352e+04
W 4.6441669213e-01 6.1359072734e+15 1.3004605687e-07 2.9759992163e+04
W 4.6441669213e-01 7.7426368268e+15 1.1866834405e-08 3.4058581998e+04
W 4.6441669213e-01 9.7700995730e+15 6.2894201773e-10 3.8455719160e+04
W 4.6441669213e-01 1.2328467394e+16 1.7626312453e-11 4.3420549222e+04
W 4.6441669213e-01 1.5556761439e+16 2.3399986832e-13 4.9692295885e+04
W 4.6441669213e-01 1.9630406500e+16 1.1944191834e-15 5.6107825483e+04
W 4.6441669213e-01 2.4770763560e+16 2.0135952726e-18 6.3351632771e+04
W 4.6441669213e-01 3.1257158497e+16 9.2831225793e-22 7.2502263027e+04
W 4.6441669213e-01 3.9442060594e+16 8.4591690473e-26 8.1862676067e+04
W 4.6441669213e-01 4.9770235643e+16 1.1038898922e-30 9.2431566313e+04
W 4.6441669213e-01 6.2802914418e+16 1.3424330698e-36 1.0578255744e+05
W 4.6441669213e-01 7.9248289835e+16 7.9167447799e-44 1.1943962674e+05
W 4.6441669213e-01 1.0000000000e+17 1.0892156959e-52 1.3669171345e+05
W 4.9798382393e-01 1.2618568831e+07 3.6288431897e-03 6.3637181656e-01
W 4.9798382393e-01 1.5922827933e+07 3.7402268594e-03 7.1853067342e-01
W 4.9798382393e-01 2.0092330026e+07 3.9611942017e-03 8.2231660967e-01
W 4.9798382393e-01 2.5353644940e+07 4.0842796023e-03 9.2848189051e-01
W 4.9798382393e-01 3.1992671378e+07 4.3271661975e-03 1.0625935796e+00
W 4.9798382393e-01 4.0370172586e+07 4.4632688311e-03 1.1997798464e+00
W 4.9798382393e-01 5.0941380148e+07 4.6045016996e-03 1.3546775620e+00
W 4.9798382393e-01 6.4280731173e+07 4.8810247248e-03 1.5503497641e+00
W 4.9798382393e-01 8.1113083079e+07 5.0373310194e-03 1.7505078494e+00
W 4.9798382393e-01 1.0235310219e+08 5.1995955154e-03 1.9765073674e+00
W 4.9798382393e-01 1.2915496650e+08 5.5148865778e-03 2.2619978484e+00
W 4.9798382393e-01 1.6297508346e+08 5.6946046679e-03 2.5540333419e+00
W 4.9798382393e-01 2.0565123083e+08 5.8812366871e-03 2.8837721114e+00
W 4.9798382393e-01 2.5950242114e+08 6.2412245585e-03 3.3003096366e+00
W 4.9798382393e-01 3.2745491629e+08 6.4480529994e-03 3.7263964933e+00
W 4.9798382393e-01 4.1320124001e+08 6.6628901422e-03 4.2074933428e+00
W 4.9798382393e-01 5.2140082880e+08 6.8860577466e-03 4.7507022567e+00
W 4.9798382393e-01 6.5793322466e+08 7.3125659668e-03 5.4369027208e+00
W 4.9798382393e-01 8.3021756813e+08 7.5599818130e-03 6.1388346743e+00
W 4.9798382393e-01 1.0476157528e+09 7.8170008540e-03 6.9313896337e+00
W 4.9798382393e-01 1.3219411485e+09 8.3050895977e-03 7.9325727276e+00
W 4.9798382393e-01 1.6681005372e+09 8.5899958317e-03 8.9567084455e+00
W 4.9798382393e-01 2.1049041445e+09 8.8859032039e-03 1.0113065324e+01
W 4.9798382393e-01 2.6560877829e+09 9.1931966679e-03 1.1418713790e+01
W 4.9798382393e-01 3.3516026509e+09 9.7724279096e-03 1.3068054514e+01
W 4.9798382393e-01 4.2292428744e+09 1.0112700188e-02 1.4755207201e+01
W 4.9798382393e-01 5.3366992312e+09 1.0465837295e-02 1.6660179931e+01
W 4.9798382393e-01 6.7341506578e+09 1.0832208534e-02 1.8811094384e+01
W 4.9798382393e-01 8.4975343591e+09 1.1518826846e-02 2.1528204613e+01
W 4.9798382393e-01 1.0722672220e+10 1.1923469075e-02 2.4307605956e+01
W 4.9798382393e-01 1.3530477746e+10 1.2342706363e-02 2.7445842229e+01
W 4.9798382393e-01 1.7073526475e+10 1.3126254139e-02 3.1410171850e+01
W 4.9798382393e-01 2.1544346900e+10 1.3587692515e-02 3.5465385714e+01
W 4.9798382393e-01 2.7185882427e+10 1.4064747970e-02 4.0044148431e+01
W 4.9798382393e-01 3.4304692863e+10 1.4557480615e-02 4.5214052838e+01
W 4.9798382393e-01 4.3287612811e+10 1.5065851277e-02 5.1051418350e+01
W 4.9798382393e-01 5.4622772177e+10 1.6016087369e-02 5.8425382255e+01
W 4.9798382393e-01 6.8926121044e+10 1.6569845732e-02 6.5968397978e+01
W 4.9798382393e-01 8.6974900262e+10 1.7138698525e-02 7.4485255616e+01
W 4.9798382393e-01 1.0974987655e+11 1.7721945110e-02 8.4101683142e+01
W 4.9798382393e-01 1.3848863714e+11 1.8819672809e-02 9.6249490116e+01
W 4.9798382393e-01 1.7475284000e+11 1.9445247473e-02 1.0867579165e+02
W 4.9798382393e-01 2.2051307399e+11 2.0081773987e-02 1.2270639228e+02
W 4.9798382393e-01 2.7825594022e+11 2.0727252094e-02 1.3854841522e+02
W 4.9798382393e-01 3.5111917342e+11 2.1963963482e-02 1.5856061167e+02
W 4.9798382393e-01 4.4306214576e+11 2.2637379892e-02 1.7903159775e+02
W 4.9798382393e-01 5.5908101825e+11 2.3310731854e-02 2.0214549285e+02
W 4.9798382393e-01 7.0548023107e+11 2.3979646311e-02 2.2824351004e+02
W 4.9798382393e-01 8.9021508545e+11 2.5312857725e-02 2.6121143648e+02
W 4.9798382393e-01 1.1233240330e+12 2.5974139912e-02 2.9493516915e+02
W 4.9798382393e-01 1.4174741629e+12 2.6612140048e-02 3.3301280821e+02
W 4.9798382393e-01 1.7886495291e+12 2.7218534723e-02 3.7600646527e+02
W 4.9798382393e-01 2.2570197196e+12 2.8543702115e-02 4.3031755383e+02
W 4.9798382393e-01 2.8480358684e+12 2.9071041294e-02 4.8587375130e+02
W 4.9798382393e-01 3.5938136638e+12 2.9532480612e-02 5.4860253806e+02
W 4.9798382393e-01 4.5348785081e+12 2.9914062396e-02 6.1942993208e+02
W 4.9798382393e-01 5.7223676594e+12 3.1026403815e-02 7.0890156889e+02
W 4.9798382393e-01 7.2208090184e+12 3.1205525818e-02 8.0042438779e+02
W 4.9798382393e-01 9.1116275612e+12 3.1251188771e-02 9.0376327080e+02
W 4.9798382393e-01 1.1497569954e+13 3.1144067468e-02 1.0204437322e+03
W 4.9798382393e-01 1.4508287785e+13 3.1708554284e-02 1.1678385646e+03
W 4.9798382393e-01 1.8307382803e+13 3.1223866601e-02 1.3186124973e+03
W 4.9798382393e-01 2.3101297001e+13 3.0522904141e-02 1.4888521160e+03
W 4.9798382393e-01 2.9150530628e+13 2.9589152392e-02 1.6810705404e+03
W 4.9798382393e-01 3.6783797718e+13 2.9187076485e-02 1.9238875646e+03
W 4.9798382393e-01 4.6415888336e+13 2.7716681957e-02 2.1722712908e+03
W 4.9798382393e-01 5.8570208181e+13 2.5988416027e-02 2.4527226266e+03
W 4.9798382393e-01 7.3907220335e+13 2.4013873068e-02 2.7693816645e+03
W 4.9798382393e-01 9.3260334688e+13 2.2414033322e-02 3.1693964161e+03
W 4.9798382393e-01 1.1768119524e+14 1.9969104136e-02 3.5785817064e+03
W 4.9798382393e-01 1.4849682623e+14 1.7391504988e-02 4.0405949108e+03
W 4.9798382393e-01 1.8738174229e+14 1.5155618120e-02 4.6242261201e+03
W 4.9798382393e-01 2.3644894126e+14 1.2466383871e-02 5.2212373672e+03
W 4.9798382393e-01 2.9836472403e+14 9.8928029265e-03 5.8953258204e+03
W 4.9798382393e-01 3.7649358068e+14 7.5276722071e-03 6.6564425412e+03
W 4.9798382393e-01 4.7508101621e+14 5.6018369313e-03 7.6179117543e+03
W 4.9798382393e-01 5.9948425032e+14 3.8291962218e-03 8.6014231310e+03
W 4.9798382393e-01 7.5646332755e+14 2.4445536974e-03 9.7119108575e+03
W 4.9798382393e-01 9.5454845666e+14 1.4791313057e-03 1.1114717722e+04
W 4.9798382393e-01 1.2045035403e+15 7.9191747411e-04 1.2549684637e+04
W 4.9798382393e-01 1.5199110830e+15 3.7836923850e-04 1.4169913121e+04
W 4.9798382393e-01 1.9179102617e+15 1.6200118658e-04 1.6216642306e+04
W 4.9798382393e-01 2.4201282648e+15 5.7341861595e-05 1.8310293784e+04
W 4.9798382393e-01 3.0538555088e+15 1.6724945961e-05 2.0674246377e+04
W 4.9798382393e-01 3.8535285937e+15 3.8769301373e-06 2.3343397343e+04
W 4.9798382393e-01 4.8626015801e+15 6.9973097326e-07 2.6715162026e+04
W 4.9798382393e-01 6.1359072734e+15 8.7314367921e-08 3.0164226104e+04
W 4.9798382393e-01 7.7426368268e+15 7.1026566376e-09 3.4058581998e+04
W 4.9798382393e-01 9.7700995730e+15 3.4784749542e-10 3.8978068320e+04
W 4.9798382393e-01 1.2328467394e+16 8.5760174379e-12 4.4010336332e+04
W 4.9798382393e-01 1.5556761439e+16 9.7502957606e-14 5.0367272966e+04
W 4.9798382393e-01 1.9630406500e+16 4.1270604847e-16 5.6869945558e+04
W 4.9798382393e-01 2.4770763560e+16 5.5517007200e-19 6.4212146446e+04
W 4.9798382393e-01 3.1257158497e+16 1.9503814340e-22 7.3487070933e+04
W 4.9798382393e-01 3.9442060594e+16 1.2811588917e-26 8.2974627711e+04
W 4.9798382393e-01 4.9770235643e+16 1.1262094725e-31 9.3687076602e+04
W 4.9798382393e-01 6.2802914418e+16 8.4848612977e-38 1.0721941603e+05
W 4.9798382393e-01 7.9248289835e+16 2.7920444128e-45 1.2106199111e+05
W 4.9798382393e-01 1.0000000000e+17 1.8284046347e-54 1.3669171345e+05
W 5.3397712248e-01 1.2618568831e+07 4.1392853300e-03 6.4501573980e-01
W 5.3397712248e-01 1.5922827933e+07 4.2662228076e-03 7.2829057136e-01
W 5.3397712248e-01 2.0092330026e+07 4.5181361269e-03 8.3348624582e-01
W 5.3397712248e-01 2.5353644940e+07 4.6583845822e-03 9.4109358382e-01
W 5.3397712248e-01 3.1992671378e+07 4.9352504732e-03 1.0770269299e+00
W 5.3397712248e-01 4.0370172586e+07 5.0903003379e-03 1.2160766160e+00
W 5.3397712248e-01 5.0941380148e+07 5.2511770452e-03 1.3730783280e+00
W 5.3397712248e-01 6.4280731173e+07 5.5663119998e-03 1.5714083716e+00
W 5.3397712248e-01 8.1113083079e+07 5.7443159587e-03 1.7742852309e+00
W 5.3397712248e-01 1.0235310219e+08 5.9290808861e-03 2.0033545305e+00
W 5.3397712248e-01 1.2915496650e+08 6.2882962208e-03 2.2927228668e+00
W 5.3397712248e-01 1.6297508346e+08 6.4928757231e-03 2.5887251173e+00
W 5.3397712248e-01 2.0565123083e+08 6.7052917920e-03 2.9229427725e+00
W 5.3397712248e-01 2.5950242114e+08 7.1152906580e-03 3.3451381824e+00
W 5.3397712248e-01 3.2745491629e+08 7.3506108132e-03 3.7770126337e+00
W 5.3397712248e-01 4.1320124001e+08 7.5949956559e-03 4.2646442859e+00
W 5.3397712248e-01 5.2140082880e+08 8.0634750828e-03 4.8806376128e+00
W 5.3397712248e-01 6.5793322466e+08 8.3342852426e-03 5.5107528953e+00
W 5.3397712248e-01 8.3021756813e+08 8.6155427603e-03 6.2222192842e+00
W 5.3397712248e-01 1.0476157528e+09 8.9076430741e-03 7.0255396233e+00
W 5.3397712248e-01 1.3219411485e+09 9.4629155175e-03 8.0403219206e+00
W 5.3397712248e-01 1.6681005372e+09 9.7865274592e-03 9.0783686106e+00
W 5.3397712248e-01 2.1049041445e+09 1.0122530114e-02 1.0250432438e+01
W 5.3397712248e-01 2.6560877829e+09 1.0757743855e-02 1.1731024384e+01
W 5.3397712248e-01 3.3516026509e+09 1.1129690168e-02 1.3245559641e+01
W 5.3397712248e-01 4.2292428744e+09 1.1515649724e-02 1.4955629148e+01
W 5.3397712248e-01 5.3366992312e+09 1.1916033363e-02 1.6886477376e+01
W 5.3397712248e-01 6.7341506578e+09 1.2668502235e-02 1.9325592266e+01
W 5.3397712248e-01 8.4975343591e+09 1.3110659189e-02 2.1820625087e+01
W 5.3397712248e-01 1.0722672220e+10 1.3568763072e-02 2.4637779409e+01
W 5.3397712248e-01 1.3530477746e+10 1.4043117114e-02 2.7818642764e+01
W 5.3397712248e-01 1.7073526475e+10 1.4931487473e-02 3.1836820402e+01
W 5.3397712248e-01 2.1544346900e+10 1.5452908882e-02 3.5947116777e+01
W 5.3397712248e-01 2.7185882427e+10 1.5991577044e-02 4.0588073439e+01
W 5.3397712248e-01 3.4304692863e+10 1.6547495338e-02 4.5828201346e+01
W 5.3397712248e-01 4.3287612811e+10 1.7588806696e-02 5.2447713859e+01
W 5.3397712248e-01 5.4622772177e+10 1.8194859466e-02 5.9218982013e+01
W 5.3397712248e-01 6.8926121044e+10 1.8817790945e-02 6.6864455523e+01
W 5.3397712248e-01 8.6974900262e+10 1.9456940243e-02 7.5496998774e+01
W 5.3397712248e-01 1.0974987655e+11 2.0661458294e-02 8.6401928782e+01
W 5.3397712248e-01 1.3848863714e+11 2.1348309130e-02 9.7556859773e+01
W 5.3397712248e-01 1.7475284000e+11 2.2048073821e-02 1.1015194942e+02
W 5.3397712248e-01 2.2051307399e+11 2.2758770775e-02 1.2437312957e+02
W 5.3397712248e-01 2.7825594022e+11 2.3477952927e-02 1.4043033682e+02
W 5.3397712248e-01 3.5111917342e+11 2.4864599974e-02 1.6071436160e+02
W 5.3397712248e-01 4.4306214576e+11 2.5611072060e-02 1.8146340781e+02
W 5.3397712248e-01 5.5908101825e+11 2.6355106069e-02 2.0489126203e+02
W 5.3397712248e-01 7.0548023107e+11 2.7091492190e-02 2.3134377207e+02
W 5.3397712248e-01 8.9021508545e+11 2.8574851614e-02 2.6475950625e+02
W 5.3397712248e-01 1.1233240330e+12 2.9295775543e-02 2.9894131287e+02
W 5.3397712248e-01 1.4174741629e+12 2.9986767502e-02 3.3753616559e+02
W 5.3397712248e-01 1.7886495291e+12 3.0638102376e-02 3.8111381122e+02
W 5.3397712248e-01 2.2570197196e+12 3.2093101596e-02 4.3616261454e+02
W 5.3397712248e-01 2.8480358684e+12 3.2645134946e-02 4.9247343925e+02
W 5.3397712248e-01 3.5938136638e+12 3.3117772583e-02 5.5605427949e+02
W 5.3397712248e-01 4.5348785081e+12 3.3495048690e-02 6.2784373144e+02
W 5.3397712248e-01 5.7223676594e+12 3.4682825803e-02 7.1853067342e+02
W 5.3397712248e-01 7.2208090184e+12 3.4819158974e-02 8.1129665897e+02
W 5.3397712248e-01 9.1116275612e+12 3.4799581207e-02 9.1603920781e+02
W 5.3397712248e-01 1.1497569954e+13 3.4602721366e-02 1.0343045555e+03
W 5.3397712248e-01 1.4508287785e+13 3.5142598718e-02 1.1837014715e+03
W 5.3397712248e-01 1.8307382803e+13 3.4510264506e-02 1.3365233867e+03
W 5.3397712248e-01 2.3101297001e+13 3.3632403796e-02 1.5090753928e+03
W 5.3397712248e-01 2.9150530628e+13 3.2492534570e-02 1.7039047457e+03
W 5.3397712248e-01 3.6783797718e+13 3.1929254276e-02 1.9500199859e+03
W 5.3397712248e-01 4.6415888336e+13 3.0191936435e-02 2.2017775413e+03
W 5.3397712248e-01 5.8570208181e+13 2.8174620225e-02 2.4860382850e+03
W 5.3397712248e-01 7.3907220335e+13 2.5894888655e-02 2.8069985449e+03
W 5.3397712248e-01 9.3260334688e+13 2.4024438164e-02 3.2124467502e+03
W 5.3397712248e-01 1.1768119524e+14 2.1258738160e-02 3.6271900589e+03
W 5.3397712248e-01 1.4849682623e+14 1.8372785553e-02 4.0954788502e+03
W 5.3397712248e-01 1.8738174229e+14 1.5871710654e-02 4.6870376000e+03
W 5.3397712248e-01 2.3644894126e+14 1.2926634472e-02 5.2921581306e+03
W 5.3397712248e-01 2.9836472403e+14 1.0142812072e-02 5.9754028171e+03
W 5.3397712248e-01 3.7649358068e+14 7.6189302868e-03 6.7468578877e+03
W 5.3397712248e-01 4.7508101621e+14 5.5865106722e-03 7.7213868654e+03
W 5.3397712248e-01 5.9948425032e+14 3.7543705411e-03 8.7182574082e+03
W 5.3397712248e-01 7.5646332755e+14 2.3503038582e-03 9.8438290376e+03
W 5.3397712248e-01 9.5454845666e+14 1.3902775467e-03 1.1265690415e+04
W 5.3397712248e-01 1.2045035403e+15 7.2506480263e-04 1.2720148677e+04
W 5.3397712248e-01 1.5199110830e+15 3.3600746630e-04 1.4362384940e+04
W 5.3397712248e-01 1.9179102617e+15 1.3512844090e-04 1.6216642306e+04
W 5.3397712248e-01 2.4201282648e+15 4.7129827171e-05 1.8559004946e+04
W 5.3397712248e-01 3.0538555088e+15 1.3089968326e-05 2.0955067422e+04
W 5.3397712248e-01 3.8535285937e+15 2.8646801521e-06 2.3660473821e+04
W 5.3397712248e-01 4.8626015801e+15 4.8305686379e-07 2.7078037634e+04
W 5.3397712248e-01 6.1359072734e+15 5.5594739924e-08 3.0573950809e+04
W 5.3397712248e-01 7.7426368268e+15 4.1047168782e-09 3.4521204259e+04
W 5.3397712248e-01 9.7700995730e+15 1.7886362638e-10 3.9507512620e+04
W 5.3397712248e-01 1.2328467394e+16 3.8289397337e-12 4.4608134598e+04
W 5.3397712248e-01 1.5556761439e+16 3.5718395930e-14 5.0367272966e+04
W 5.3397712248e-01 1.9630406500e+16 1.2635956819e-16 5.7642417611e+04
W 5.3397712248e-01 2.4770763560e+16 1.3254053235e-19 6.5084348593e+04
W 5.3397712248e-01 3.1257158497e+16 3.3592170824e-23 7.3487070933e+04
W 5.3397712248e-01 3.9442060594e+16 1.5804084203e-27 8.4101683142e+04
W 5.3397712248e-01 4.9770235643e+16 8.9882843654e-33 9.4959640655e+04
W 5.3397712248e-01 6.2802914418e+16 3.8886762352e-39 1.0721941603e+05
W 5.3397712248e-01 7.9248289835e+16 6.9109936009e-47 1.2270639228e+05
W 5.3397712248e-01 1.0000000000e+17 2.0571027820e-56 1.3854841522e+05
W 5.7257194637e-01 1.2618568831e+07 4.7267309063e-03 6.5377707459e-01
W 5.7257194637e-01 1.5922827933e+07 4.8715358917e-03 7.3818303930e-01
W 5.7257194637e-01 2.0092330026e+07 5.1590247811e-03 8.4480760063e-01
W 5.7257194637e-01 2.5353644940e+07 5.3189827426e-03 9.5387658345e-01
W 5.7257194637e-01 3.1992671378e+07 5.6349014663e-03 1.0916563303e+00
W 5.7257194637e-01 4.0370172586e+07 5.8117014887e-03 1.2325947469e+00
W 5.7257194637e-01 5.0941380148e+07 5.9951233422e-03 1.3917290340e+00
W 5.7257194637e-01 6.4280731173e+07 6.3546158845e-03 1.5927530210e+00
W 5.7257194637e-01 8.1113083079e+07 6.5575108491e-03 1.7983855837e+00
W 5.7257194637e-01 1.0235310219e+08 6.7680812701e-03 2.0305663622e+00
W 5.7257194637e-01 1.2915496650e+08 7.1777301725e-03 2.3238652272e+00
W 5.7257194637e-01 1.6297508346e+08 7.4108073488e-03 2.6238881157e+00
W 5.7257194637e-01 2.0565123083e+08 7.6527697830e-03 2.9626454939e+00
W 5.7257194637e-01 2.5950242114e+08 8.1201539325e-03 3.3905756404e+00
W 5.7257194637e-01 3.2745491629e+08 8.3881015498e-03 3.8283162999e+00
W 5.7257194637e-01 4.1320124001e+08 8.6663107378e-03 4.3225715179e+00
W 5.7257194637e-01 5.2140082880e+08 9.2001125857e-03 4.9469319642e+00
W 5.7257194637e-01 6.5793322466e+08 9.5082577291e-03 5.5856061867e+00
W 5.7257194637e-01 8.3021756813e+08 9.8282063016e-03 6.3067365184e+00
W 5.7257194637e-01 1.0476157528e+09 1.0160395595e-02 7.1209684648e+00
W 5.7257194637e-01 1.3219411485e+09 1.0792595620e-02 8.1495346853e+00
W 5.7257194637e-01 1.6681005372e+09 1.1160390932e-02 9.2016813019e+00
W 5.7257194637e-01 2.1049041445e+09 1.1542135818e-02 1.0389665429e+01
W 5.7257194637e-01 2.6560877829e+09 1.2264809775e-02 1.1890368452e+01
W 5.7257194637e-01 3.3516026509e+09 1.2687063539e-02 1.3425475844e+01
W 5.7257194637e-01 4.2292428744e+09 1.3125035940e-02 1.5158773453e+01
W 5.7257194637e-01 5.3366992312e+09 1.3579163778e-02 1.7115848650e+01
W 5.7257194637e-01 6.7341506578e+09 1.4434133547e-02 1.9588094363e+01
W 5.7257194637e-01 8.4975343591e+09 1.4935114801e-02 2.2117017547e+01
W 5.7257194637e-01 1.0722672220e+10 1.5453857308e-02 2.4972437651e+01
W 5.7257194637e-01 1.3530477746e+10 1.5990655955e-02 2.8196507098e+01
W 5.7257194637e-01 1.7073526475e+10 1.6998278641e-02 3.2269264179e+01
W 5.7257194637e-01 2.1544346900e+10 1.7587480136e-02 3.6435391257e+01
W 5.7257194637e-01 2.7185882427e+10 1.8195664972e-02 4.1139386652e+01
W 5.7257194637e-01 3.4304692863e+10 1.8822756041e-02 4.6450691916e+01
W 5.7257194637e-01 4.3287612811e+10 2.0001008907e-02 5.3160118149e+01
W 5.7257194637e-01 5.4622772177e+10 2.0683223867e-02 6.0023361341e+01
W 5.7257194637e-01 6.8926121044e+10 2.1383591292e-02 6.7772684338e+01
W 5.7257194637e-01 8.6974900262e+10 2.2101231413e-02 7.6522484575e+01
W 5.7257194637e-01 1.0974987655e+11 2.2834965933e-02 8.6401928782e+01
W 5.7257194637e-01 1.3848863714e+11 2.4228296820e-02 9.8881987607e+01
W 5.7257194637e-01 1.7475284000e+11 2.5010072440e-02 1.1164815803e+02
W 5.7257194637e-01 2.2051307399e+11 2.5802398450e-02 1.2606250637e+02
W 5.7257194637e-01 2.7825594022e+11 2.6602279565e-02 1.4233782081e+02
W 5.7257194637e-01 3.5111917342e+11 2.8155672963e-02 1.6289736620e+02
W 5.7257194637e-01 4.4306214576e+11 2.8981064899e-02 1.8392824948e+02
W 5.7257194637e-01 5.5908101825e+11 2.9800768601e-02 2.0767432736e+02
W 5.7257194637e-01 7.0548023107e+11 3.0608571952e-02 2.3448614538e+02
W 5.7257194637e-01 8.9021508545e+11 3.2255958259e-02 2.6835576992e+02
W 5.7257194637e-01 1.1233240330e+12 3.3037856516e-02 3.0300187259e+02
W 5.7257194637e-01 1.4174741629e+12 3.3781488861e-02 3.4212096433e+02
W 5.7257194637e-01 1.7886495291e+12 3.4475492653e-02 3.8629053094e+02
W 5.7257194637e-01 2.2570197196e+12 3.6067191551e-02 4.4208706948e+02
W 5.7257194637e-01 2.8480358684e+12 3.6636871400e-02 4.9916277164e+02
W 5.7257194637e-01 3.5938136638e+12 3.7110910548e-02 5.6360723890e+02
W 5.7257194637e-01 4.5348785081e+12 3.7471083024e-02 6.3637181656e+02
W 5.7257194637e-01 5.7223676594e+12 3.8728633157e-02 7.2829057136e+02
W 5.7257194637e-01 7.2208090184e+12 3.8802193340e-02 8.2231660967e+02
W 5.7257194637e-01 9.1116275612e+12 3.8693737056e-02 9.2848189051e+02
W 5.7257194637e-01 1.1497569954e+13 3.8379795354e-02 1.0483536522e+03
W 5.7257194637e-01 1.4508287785e+13 3.8871938429e-02 1.1997798464e+03
W 5.7257194637e-01 1.8307382803e+13 3.8056596375e-02 1.3546775620e+03
W 5.7257194637e-01 2.3101297001e+13 3.6963349920e-02 1.5295733651e+03
W 5.7257194637e-01 2.9150530628e+13 3.5576370526e-02 1.7270491110e+03
W 5.7257194637e-01 3.6783797718e+13 3.4813025469e-02 1.9765073674e+03
W 5.7257194637e-01 4.6415888336e+13 3.2764466065e-02 2.2316845792e+03
W 5.7257194637e-01 5.8570208181e+13 3.0414678315e-02 2.5198064745e+03
W 5.7257194637e-01 7.3907220335e+13 2.7788870586e-02 2.8451263804e+03
W 5.7257194637e-01 9.3260334688e+13 2.5610576696e-02 3.2560818428e+03
W 5.7257194637e-01 1.1768119524e+14 2.2492742961e-02 3.6764586650e+03
W 5.7257194637e-01 1.4849682623e+14 1.9274894900e-02 4.1511082855e+03
W 5.7257194637e-01 1.8738174229e+14 1.6052444295e-02 4.6870376000e+03
W 5.7257194637e-01 2.3644894126e+14 1.3285256872e-02 5.3640422201e+03
W 5.7257194637e-01 2.9836472403e+14 1.0295043517e-02 6.0565675103e+03
W 5.7257194637e-01 3.7649358068e+14 7.6238964331e-03 6.8385013580e+03
W 5.7257194637e-01 4.7508101621e+14 5.3532325591e-03 7.7213868654e+03
W 5.7257194637e-01 5.9948425032e+14 3.6273215528e-03 8.8366786611e+03
W 5.7257194637e-01 7.5646332755e+14 2.2222194350e-03 9.9775390799e+03
W 5.7257194637e-01 9.5454845666e+14 1.2479528021e-03 1.1265690415e+04
W 5.7257194637e-01 1.2045035403e+15 6.4955259317e-04 1.2892928152e+04
W 5.7257194637e-01 1.5199110830e+15 2.9103799723e-04 1.4557471130e+04
W 5.7257194637e-01 1.9179102617e+15 1.1252760422e-04 1.6436915121e+04
W 5.7257194637e-01 2.4201282648e+15 3.7480859520e-05 1.8811094384e+04
W 5.7257194637e-01 3.0538555088e+15 9.8628738931e-06 2.1239702897e+04
W 5.7257194637e-01 3.8535285937e+15 2.0256784442e-06 2.3981857192e+04
W 5.7257194637e-01 4.8626015801e+15 3.0846024359e-07 2.7078037634e+04
W 5.7257194637e-01 6.1359072734e+15 3.3358138254e-08 3.0989240860e+04
W 5.7257194637e-01 7.7426368268e+15 2.2131614353e-09 3.4990110379e+04
W 5.7257194637e-01 9.7700995730e+15 8.2519718870e-11 3.9507512620e+04
W 5.7257194637e-01 1.2328467394e+16 1.5529217129e-12 4.5214052838e+04
W 5.7257194637e-01 1.5556761439e+16 1.1997491565e-14 5.1051418350e+04
W 5.7257194637e-01 1.9630406500e+16 3.2899937313e-17 5.7642417611e+04
W 5.7257194637e-01 2.4770763560e+16 2.6942535498e-20 6.5968397978e+04
W 5.7257194637e-01 3.1257158497e+16 4.9067354333e-24 7.4485255616e+04
W 5.7257194637e-01 3.9442060594e+16 1.5091629830e-28 8.4101683142e+04
W 5.7257194637e-01 4.9770235643e+16 5.4538385002e-34 9.6249490116e+04
W 5.7257194637e-01 6.2802914418e+16 1.3181093022e-40 1.0867579165e+05
W 5.7257194637e-01 7.9248289835e+16 1.1522901681e-48 1.2437312957e+05
W 5.7257194637e-01 1.0000000000e+17 1.4369484705e-58 1.4043033682e+05
W 6.1395632878e-01 1.2618568831e+07 5.4033031615e-03 6.6265741577e-01
W 6.1395632878e-01 1.5922827933e+07 5.5686436492e-03 7.4820987794e-01
W 6.1395632878e-01 2.0092330026e+07 5.8970548045e-03 8.5628273491e-01
W 6.1395632878e-01 2.5353644940e+07 6.0796567466e-03 9.6683321627e-01
W 6.1395632878e-01 3.1992671378e+07 6.2690222727e-03 1.0916563303e+00
W 6.1395632878e-01 4.0370172586e+07 6.6422626898e-03 1.2493372457e+00
W 6.1395632878e-01 5.0941380148e+07 6.8515692993e-03 1.4106330750e+00
W 6.1395632878e-01 6.4280731173e+07 7.2620461754e-03 1.6143875977e+00
W 6.1395632878e-01 8.1113083079e+07 7.4935046692e-03 1.8228132949e+00
W 6.1395632878e-01 1.0235310219e+08 7.7336797540e-03 2.0581478158e+00
W 6.1395632878e-01 1.2915496650e+08 8.2012620127e-03 2.3554305985e+00
W 6.1395632878e-01 1.6297508346e+08 8.4670122928e-03 2.6595287378e+00
W 6.1395632878e-01 2.0565123083e+08 8.7428387278e-03 3.0028875026e+00
W 6.1395632878e-01 2.5950242114e+08 9.0291401026e-03 3.3905756404e+00
W 6.1395632878e-01 3.2745491629e+08 9.5814091150e-03 3.8803168307e+00
W 6.1395632878e-01 4.1320124001e+08 9.8983406155e-03 4.3812855831e+00
W 6.1395632878e-01 5.2140082880e+08 1.0227333083e-02 4.9469319642e+00
W 6.1395632878e-01 6.5793322466e+08 1.0857906051e-02 5.6614762203e+00
W 6.1395632878e-01 8.3021756813e+08 1.1222085734e-02 6.3924017614e+00
W 6.1395632878e-01 1.0476157528e+09 1.1600079429e-02 7.2176935289e+00
W 6.1395632878e-01 1.3219411485e+09 1.2320373934e-02 8.2602309016e+00
W 6.1395632878e-01 1.6681005372e+09 1.2738590896e-02 9.3266689659e+00
W 6.1395632878e-01 2.1049041445e+09 1.3172501261e-02 1.0530789640e+01
W 6.1395632878e-01 2.6560877829e+09 1.3622600212e-02 1.1890368452e+01
W 6.1395632878e-01 3.3516026509e+09 1.4474727752e-02 1.3607835872e+01
W 6.1395632878e-01 4.2292428744e+09 1.4971877080e-02 1.5364677094e+01
W 6.1395632878e-01 5.3366992312e+09 1.5487095502e-02 1.7348335504e+01
W 6.1395632878e-01 6.7341506578e+09 1.6020808820e-02 1.9588094363e+01
W 6.1395632878e-01 8.4975343591e+09 1.7026697448e-02 2.2417435945e+01
W 6.1395632878e-01 1.0722672220e+10 1.7614142582e-02 2.5311641602e+01
W 6.1395632878e-01 1.3530477746e+10 1.8221598546e-02 2.8579504013e+01
W 6.1395632878e-01 1.7073526475e+10 1.8849255906e-02 3.2269264179e+01
W 6.1395632878e-01 2.1544346900e+10 2.0030465688e-02 3.6930298034e+01
W 6.1395632878e-01 2.7185882427e+10 2.0716941730e-02 4.1698188426e+01
W 6.1395632878e-01 3.4304692863e+10 2.1424036934e-02 4.7081637858e+01
W 6.1395632878e-01 4.3287612811e+10 2.2151384149e-02 5.3160118149e+01
W 6.1395632878e-01 5.4622772177e+10 2.3524687528e-02 6.0838666662e+01
W 6.1395632878e-01 6.8926121044e+10 2.4311482792e-02 6.8693249746e+01
W 6.1395632878e-01 8.6974900262e+10 2.5116467497e-02 7.7561899686e+01
W 6.1395632878e-01 1.0974987655e+11 2.5938125385e-02 8.7575537700e+01
W 6.1395632878e-01 1.3848863714e+11 2.7506838995e-02 1.0022511483e+02
W 6.1395632878e-01 1.7475284000e+11 2.8378813796e-02 1.1316468985e+02
W 6.1395632878e-01 2.2051307399e+11 2.9260453305e-02 1.2777483020e+02
W 6.1395632878e-01 2.7825594022e+11 3.0148090139e-02 1.4427121441e+02
W 6.1395632878e-01 3.5111917342e+11 3.1886219382e-02 1.6511002285e+02
W 6.1395632878e-01 4.4306214576e+11 3.2796044158e-02 1.8642657141e+02
W 6.1395632878e-01 5.5908101825e+11 3.3695803652e-02 2.1049519544e+02
W 6.1395632878e-01 7.0548023107e+11 3.4578086793e-02 2.3767120195e+02
W 6.1395632878e-01 8.9021508545e+11 3.5434285248e-02 2.6835576992e+02
W 6.1395632878e-01 1.1233240330e+12 3.7246058975e-02 3.0711758742e+02
W 6.1395632878e-01 1.4174741629e+12 3.8040003082e-02 3.4676803901e+02
W 6.1395632878e-01 1.7886495291e+12 3.8772003563e-02 3.9153756672e+02
W 6.1395632878e-01 2.2570197196e+12 3.9427104929e-02 4.4208706948e+02
W 6.1395632878e-01 2.8480358684e+12 4.1082319700e-02 5.0594296612e+02
W 6.1395632878e-01 3.5938136638e+12 4.1544026788e-02 5.7126279118e+02
W 6.1395632878e-01 4.5348785081e+12 4.1869841518e-02 6.4501573980e+02
W 6.1395632878e-01 5.7223676594e+12 4.2037398574e-02 7.2829057136e+02
W 6.1395632878e-01 7.2208090184e+12 4.3172349943e-02 8.3348624582e+02
W 6.1395632878e-01 9.1116275612e+12 4.2945318848e-02 9.4109358382e+02
W 6.1395632878e-01 1.1497569954e+13 4.2480521199e-02 1.0625935796e+03
W 6.1395632878e-01 1.4508287785e+13 4.1753097147e-02 1.1997798464e+03
W 6.1395632878e-01 1.8307382803e+13 4.1854385623e-02 1.3730783280e+03
W 6.1395632878e-01 2.3101297001e+13 4.0500379073e-02 1.5503497641e+03
W 6.1395632878e-01 2.9150530628e+13 3.8818746013e-02 1.7505078494e+03
W 6.1395632878e-01 3.6783797718e+13 3.6803185302e-02 1.9765073674e+03
W 6.1395632878e-01 4.6415888336e+13 3.5400516250e-02 2.2619978484e+03
W 6.1395632878e-01 5.8570208181e+13 3.2670964328e-02 2.5540333419e+03
W 6.1395632878e-01 7.3907220335e+13 2.9655895467e-02 2.8837721114e+03
W 6.1395632878e-01 9.3260334688e+13 2.6408636940e-02 3.2560818428e+03
W 6.1395632878e-01 1.1768119524e+14 2.3631091909e-02 3.7263964933e+03
W 6.1395632878e-01 1.4849682623e+14 2.0061248287e-02 4.2074933428e+03
W 6.1395632878e-01 1.8738174229e+14 1.6530544688e-02 4.7507022567e+03
W 6.1395632878e-01 2.3644894126e+14 1.3156689597e-02 5.3640422201e+03
W 6.1395632878e-01 2.9836472403e+14 1.0330959478e-02 6.1388346743e+03
W 6.1395632878e-01 3.7649358068e+14 7.5310156457e-03 6.9313896337e+03
W 6.1395632878e-01 4.7508101621e+14 5.1935034452e-03 7.8262674927e+03
W 6.1395632878e-01 5.9948425032e+14 3.3551524076e-03 8.8366786611e+03
W 6.1395632878e-01 7.5646332755e+14 2.0618733825e-03 1.0113065324e+04
W 6.1395632878e-01 9.5454845666e+14 1.1263901408e-03 1.1418713790e+04
W 6.1395632878e-01 1.2045035403e+15 5.5270123020e-04 1.2892928152e+04
W 6.1395632878e-01 1.5199110830e+15 2.4511758604e-04 1.4755207201e+04
W 6.1395632878e-01 1.9179102617e+15 9.0741405358e-05 1.6660179931e+04
W 6.1395632878e-01 2.4201282648e+15 2.7960453936e-05 1.8811094384e+04
W 6.1395632878e-01 3.0538555088e+15 7.1211922296e-06 2.1528204613e+04
W 6.1395632878e-01 3.8535285937e+15 1.3635233546e-06 2.4307605956e+04
W 6.1395632878e-01 4.8626015801e+15 1.9112010626e-07 2.7445842229e+04
W 6.1395632878e-01 6.1359072734e+15 1.8229810369e-08 3.0989240860e+04
W 6.1395632878e-01 7.7426368268e+15 1.1041122874e-09 3.5465385714e+04
W 6.1395632878e-01 9.7700995730e+15 3.5704575453e-11 4.0044148431e+04
W 6.1395632878e-01 1.2328467394e+16 5.5059209147e-13 4.5214052838e+04
W 6.1395632878e-01 1.5556761439e+16 3.5485342324e-15 5.1744856573e+04
W 6.1395632878e-01 1.9630406500e+16 7.5667952026e-18 5.8425382255e+04
W 6.1395632878e-01 2.4770763560e+16 4.4539526686e-21 6.5968397978e+04
W 6.1395632878e-01 3.1257158497e+16 5.7844743115e-25 7.5496998774e+04
W 6.1395632878e-01 3.9442060594e+16 1.1461723856e-29 8.5244047518e+04
W 6.1395632878e-01 4.9770235643e+16 2.3713966496e-35 9.6249490116e+04
W 6.1395632878e-01 6.2802914418e+16 3.0948331093e-42 1.1015194942e+05
W 6.1395632878e-01 7.9248289835e+16 1.2027098875e-50 1.2437312957e+05
W 6.1395632878e-01 1.0000000000e+17 5.7368193879e-61 1.4043033682e+05
W 6.5833189356e-01 1.2618568831e+07 6.1830499789e-03 6.7165837980e-01
W 6.5833189356e-01 1.5922827933e+07 6.3720013026e-03 7.5837291248e-01
W 6.5833189356e-01 2.0092330026e+07 6.5678722513e-03 8.5628273491e-01
W 6.5833189356e-01 2.5353644940e+07 6.9561345219e-03 9.7996584076e-01
W 6.5833189356e-01 3.1992671378e+07 7.1724586083e-03 1.1064844438e+00
W 6.5833189356e-01 4.0370172586e+07 7.5991011229e-03 1.2663071600e+00
W 6.5833189356e-01 5.0941380148e+07 7.8381341722e-03 1.4297938922e+00
W 6.5833189356e-01 6.4280731173e+07 8.0860753484e-03 1.6143875977e+00
W 6.5833189356e-01 8.1113083079e+07 8.5714781622e-03 1.8475728109e+00
W 6.5833189356e-01 1.0235310219e+08 8.8456214689e-03 2.0861039120e+00
W 6.5833189356e-01 1.2915496650e+08 9.1300598013e-03 2.3554305985e+00
W 6.5833189356e-01 1.6297508346e+08 9.6829872340e-03 2.6956534713e+00
W 6.5833189356e-01 2.0565123083e+08 9.9976273894e-03 3.0436761240e+00
W 6.5833189356e-01 2.5950242114e+08 1.0324139374e-02 3.4366302814e+00
W 6.5833189356e-01 3.2745491629e+08 1.0954620972e-02 3.9330236916e+00
W 6.5833189356e-01 4.1320124001e+08 1.1315876869e-02 4.4407971694e+00
W 6.5833189356e-01 5.2140082880e+08 1.1690772850e-02 5.0141268007e+00
W 6.5833189356e-01 6.5793322466e+08 1.2079810133e-02 5.6614762203e+00
W 6.5833189356e-01 8.3021756813e+08 1.2824931431e-02 6.4792306068e+00
W 6.5833189356e-01 1.0476157528e+09 1.3255240764e-02 7.3157324225e+00
W 6.5833189356e-01 1.3219411485e+09 1.3701661219e-02 8.2602309016e+00
W 6.5833189356e-01 1.6681005372e+09 1.4552140071e-02 9.4533543540e+00
W 6.5833189356e-01 2.1049041445e+09 1.5045505185e-02 1.0673830759e+01
W 6.5833189356e-01 2.6560877829e+09 1.5557038218e-02 1.2051876912e+01
W 6.5833189356e-01 3.3516026509e+09 1.6087253947e-02 1.3607835872e+01
W 6.5833189356e-01 4.2292428744e+09 1.7091668439e-02 1.5573377552e+01
W 6.5833189356e-01 5.3366992312e+09 1.7676256310e-02 1.7583980259e+01
W 6.5833189356e-01 6.7341506578e+09 1.8281446807e-02 1.9854162060e+01
W 6.5833189356e-01 8.4975343591e+09 1.8907617474e-02 2.2417435945e+01
W 6.5833189356e-01 1.0722672220e+10 2.0089924856e-02 2.5655453004e+01
W 6.5833189356e-01 1.3530477746e+10 2.0777199006e-02 2.8967703227e+01
W 6.5833189356e-01 1.7073526475e+10 2.1486706670e-02 3.2707581897e+01
W 6.5833189356e-01 2.1544346900e+10 2.2218449059e-02 3.6930298034e+01
W 6.5833189356e-01 2.7185882427e+10 2.3600585700e-02 4.2264580479e+01
W 6.5833189356e-01 3.4304692863e+10 2.4397378689e-02 4.7721154022e+01
W 6.5833189356e-01 4.3287612811e+10 2.5215961382e-02 5.3882199122e+01
W 6.5833189356e-01 5.4622772177e+10 2.6055512245e-02 6.0838666662e+01
W 6.5833189356e-01 6.8926121044e+10 2.7651053238e-02 6.9626319316e+01
W 6.5833189356e-01 8.6974900262e+10 2.8552828600e-02 7.8615433311e+01
W 6.5833189356e-01 1.0974987655e+11 2.9471533813e-02 8.8765087906e+01
W 6.5833189356e-01 1.3848863714e+11 3.0404743290e-02 1.0022511483e+02
W 6.5833189356e-01 1.7475284000e+11 3.2206895619e-02 1.1470182092e+02
W 6.5833189356e-01 2.2051307399e+11 3.3185546595e-02 1.2951041276e+02
W 6.5833189356e-01 2.7825594022e+11 3.4167799042e-02 1.4623086955e+02
W 6.5833189356e-01 3.5111917342e+11 3.5148305701e-02 1.6511002285e+02
W 6.5833189356e-01 4.4306214576e+11 3.6120752605e-02 1.8642657141e+02
W 6.5833189356e-01 5.5908101825e+11 3.8091845551e-02 2.1335437975e+02
W 6.5833189356e-01 7.0548023107e+11 3.9050284479e-02 2.4089952158e+02
W 6.5833189356e-01 8.9021508545e+11 3.9973786404e-02 2.7200088213e+02
W 6.5833189356e-01 1.1233240330e+12 4.0850637883e-02 3.0711758742e+02
W 6.5833189356e-01 1.4174741629e+12 4.2807141304e-02 3.5147823552e+02
W 6.5833189356e-01 1.7886495291e+12 4.3569243927e-02 3.9685587370e+02
W 6.5833189356e-01 2.2570197196e+12 4.4236904275e-02 4.4809199709e+02
W 6.5833189356e-01 2.8480358684e+12 4.4790882886e-02 5.0594296612e+02
W 6.5833189356e-01 3.5938136638e+12 4.6446588591e-02 5.7902232984e+02
W 6.5833189356e-01 4.5348785081e+12 4.6715217076e-02 6.5377707459e+02
W 6.5833189356e-01 5.7223676594e+12 4.6796716226e-02 7.3818303930e+02
W 6.5833189356e-01 7.2208090184e+12 4.6664760613e-02 8.3348624582e+02
W 6.5833189356e-01 9.1116275612e+12 4.6292403678e-02 9.4109358382e+02
W 6.5833189356e-01 1.1497569954e+13 4.6901555475e-02 1.0770269299e+03
W 6.5833189356e-01 1.4508287785e+13 4.5944055168e-02 1.2160766160e+03
W 6.5833189356e-01 1.8307382803e+13 4.4662854202e-02 1.3730783280e+03
W 6.5833189356e-01 2.3101297001e+13 4.3039565257e-02 1.5503497641e+03
W 6.5833189356e-01 2.9150530628e+13 4.2185976178e-02 1.7742852309e+03
W 6.5833189356e-01 3.6783797718e+13 3.9790489335e-02 2.0033545305e+03
W 6.5833189356e-01 4.6415888336e+13 3.7041476664e-02 2.2619978484e+03
W 6.5833189356e-01 5.8570208181e+13 3.3965930599e-02 2.5540333419e+03
W 6.5833189356e-01 7.3907220335e+13 3.1446366824e-02 2.9229427725e+03
W 6.5833189356e-01 9.3260334688e+13 2.7776057539e-02 3.3003096366e+03
W 6.5833189356e-01 1.1768119524e+14 2.3971887579e-02 3.7263964933e+03
W 6.5833189356e-01 1.4849682623e+14 2.0140377015e-02 4.2074933428e+03
W 6.5833189356e-01 1.8738174229e+14 1.6850180662e-02 4.8152316789e+03
W 6.5833189356e-01 2.3644894126e+14 1.3232917235e-02 5.4369027208e+03
W 6.5833189356e-01 2.9836472403e+14 9.9612189105e-03 6.1388346743e+03
W 6.5833189356e-01 3.7649358068e+14 7.3313242904e-03 7.0255396233e+03
W 6.5833189356e-01 4.7508101621e+14 4.9559366116e-03 7.9325727276e+03
W 6.5833189356e-01 5.9948425032e+14 3.1291276756e-03 8.9567084455e+03
W 6.5833189356e-01 7.5646332755e+14 1.8229901109e-03 1.0113065324e+04
W 6.5833189356e-01 9.5454845666e+14 9.9237200527e-04 1.1573815702e+04
W 6.5833189356e-01 1.2045035403e+15 4.7000970565e-04 1.3068054514e+04
W 6.5833189356e-01 1.5199110830e+15 1.9470977601e-04 1.4755207201e+04
W 6.5833189356e-01 1.9179102617e+15 6.8697255223e-05 1.6660179931e+04
W 6.5833189356e-01 2.4201282648e+15 2.0557126550e-05 1.9066607988e+04
W 6.5833189356e-01 3.0538555088e+15 4.7709291881e-06 2.1528204613e+04
W 6.5833189356e-01 3.8535285937e+15 8.4533456900e-07 2.4307605956e+04
W 6.5833189356e-01 4.8626015801e+15 1.1106927611e-07 2.7818642764e+04
W 6.5833189356e-01 6.1359072734e+15 9.5000707823e-09 3.1410171850e+04
W 6.5833189356e-01 7.7426368268e+15 4.9148065313e-10 3.5465385714e+04
W 6.5833189356e-01 9.7700995730e+15 1.3949303682e-11 4.0588073439e+04
W 6.5833189356e-01 1.2328467394e+16 1.7781690904e-13 4.5828201346e+04
W 6.5833189356e-01 1.5556761439e+16 8.8604268791e-16 5.1744856573e+04
W 6.5833189356e-01 1.9630406500e+16 1.4696911135e-18 5.9218982013e+04
W 6.5833189356e-01 2.4770763560e+16 6.1861882893e-22 6.6864455523e+04
W 6.5833189356e-01 3.1257158497e+16 5.2224984795e-26 7.5496998774e+04
W 6.5833189356e-01 3.9442060594e+16 6.5374028476e-31 8.6401928782e+04
W 6.5833189356e-01 4.9770235643e+16 7.5207317771e-37 9.7556859773e+04
W 6.5833189356e-01 6.2802914418e+16 4.6909633287e-44 1.1015194942e+05
W 6.5833189356e-01 7.9248289835e+16 7.8722149425e-53 1.2606250637e+05
W 6.5833189356e-01 1.0000000000e+17 1.2973170464e-63 1.4233782081e+05
W 7.0591483752e-01 1.2618568831e+07 6.8936938575e-03 6.7165837980e-01
W 7.0591483752e-01 1.5922827933e+07 7.2983466979e-03 7.6867399286e-01
W 7.0591483752e-01 2.0092330026e+07 7.5223354176e-03 8.6791373747e-01
W 7.0591483752e-01 2.5353644940e+07 7.7545253009e-03 9.7996584076e-01
W 7.0591483752e-01 3.1992671378e+07 8.2139223155e-03 1.1215139695e+00
W 7.0591483752e-01 4.0370172586e+07 8.4703433350e-03 1.2663071600e+00
W 7.0591483752e-01 5.0941380148e+07 8.7362456872e-03 1.4297938922e+00
W 7.0591483752e-01 6.4280731173e+07 9.2584925874e-03 1.6363160397e+00
W 7.0591483752e-01 8.1113083079e+07 9.5523276304e-03 1.8475728109e+00
W 7.0591483752e-01 1.0235310219e+08 1.0126709116e-02 2.1144397396e+00
W 7.0591483752e-01 1.2915496650e+08 1.0451514632e-02 2.3874247263e+00
W 7.0591483752e-01 1.6297508346e+08 1.0788463132e-02 2.6956534713e+00
W 7.0591483752e-01 2.0565123083e+08 1.1442656556e-02 3.0850187826e+00
W 7.0591483752e-01 2.5950242114e+08 1.1815228801e-02 3.4833104887e+00
W 7.0591483752e-01 3.2745491629e+08 1.2201760113e-02 3.9330236916e+00
W 7.0591483752e-01 4.1320124001e+08 1.2602769282e-02 4.4407971694e+00
W 7.0591483752e-01 5.2140082880e+08 1.3374859517e-02 5.0822343536e+00
W 7.0591483752e-01 6.5793322466e+08 1.3818223513e-02 5.7383768066e+00
W 7.0591483752e-01 8.3021756813e+08 1.4278115020e-02 6.4792306068e+00
W 7.0591483752e-01 1.0476157528e+09 1.5158658619e-02 7.4151029914e+00
W 7.0591483752e-01 1.3219411485e+09 1.5666817281e-02 8.3724307193e+00
W 7.0591483752e-01 1.6681005372e+09 1.6193681220e-02 9.4533543540e+00
W 7.0591483752e-01 2.1049041445e+09 1.6739812540e-02 1.0673830759e+01
W 7.0591483752e-01 2.6560877829e+09 1.7779084609e-02 1.2215579163e+01
W 7.0591483752e-01 3.3516026509e+09 1.8381406062e-02 1.3792672921e+01
W 7.0591483752e-01 4.2292428744e+09 1.9005130049e-02 1.5573377552e+01
W 7.0591483752e-01 5.3366992312e+09 2.0188184931e-02 1.7822825807e+01
W 7.0591483752e-01 6.7341506578e+09 2.0874323407e-02 2.0123843791e+01
W 7.0591483752e-01 8.4975343591e+09 2.1583703623e-02 2.2721934967e+01
W 7.0591483752e-01 1.0722672220e+10 2.2316592819e-02 2.5655453004e+01
W 7.0591483752e-01 1.3530477746e+10 2.3704220443e-02 2.9361175402e+01
W 7.0591483752e-01 1.7073526475e+10 2.4505825794e-02 3.3151853343e+01
W 7.0591483752e-01 2.1544346900e+10 2.5331662852e-02 3.7431927196e+01
W 7.0591483752e-01 2.7185882427e+10 2.6181423381e-02 4.2264580479e+01
W 7.0591483752e-01 3.4304692863e+10 2.7794539809e-02 4.8369356820e+01
W 7.0591483752e-01 4.3287612811e+10 2.8714795839e-02 5.4614088217e+01
W 7.0591483752e-01 5.4622772177e+10 2.9657144063e-02 6.1665046383e+01
W 7.0591483752e-01 6.8926121044e+10 3.0620092856e-02 6.9626319316e+01
W 7.0591483752e-01 8.6974900262e+10 3.1601724252e-02 7.8615433311e+01
W 7.0591483752e-01 1.0974987655e+11 3.3491249409e-02 8.9970795930e+01
W 7.0591483752e-01 1.3848863714e+11 3.4530102248e-02 1.0158648593e+02
W 7.0591483752e-01 1.7475284000e+11 3.5578886511e-02 1.1470182092e+02
W 7.0591483752e-01 2.2051307399e+11 3.6633117420e-02 1.2951041276e+02
W 7.0591483752e-01 2.7825594022e+11 3.8718226010e-02 1.4821714295e+02
W 7.0591483752e-01 3.5111917342e+11 3.9794992632e-02 1.6735273430e+02
W 7.0591483752e-01 4.4306214576e+11 4.0857739054e-02 1.8895882839e+02
W 7.0591483752e-01 5.5908101825e+11 4.1897588548e-02 2.1335437975e+02
W 7.0591483752e-01 7.0548023107e+11 4.4077741302e-02 2.4417169190e+02
W 7.0591483752e-01 8.9021508545e+11 4.5065784463e-02 2.7569550638e+02
W 7.0591483752e-01 1.1233240330e+12 4.5993842176e-02 3.1128920656e+02
W 7.0591483752e-01 1.4174741629e+12 4.6846289394e-02 3.5147823552e+02
W 7.0591483752e-01 1.7886495291e+12 4.7605585588e-02 3.9685587370e+02
W 7.0591483752e-01 2.2570197196e+12 4.9571949329e-02 4.5417849044e+02
W 7.0591483752e-01 2.8480358684e+12 5.0098428539e-02 5.1281525689e+02
W 7.0591483752e-01 3.5938136638e+12 5.0463025256e-02 5.7902232984e+02
W 7.0591483752e-01 4.5348785081e+12 5.0639914923e-02 6.5377707459e+02
W 7.0591483752e-01 5.7223676594e+12 5.1985823408e-02 7.4820987794e+02
W 7.0591483752e-01 7.2208090184e+12 5.1696854167e-02 8.4480760063e+02
W 7.0591483752e-01 9.1116275612e+12 5.1128880950e-02 9.5387658345e+02
W 7.0591483752e-01 1.1497569954e+13 5.0253606667e-02 1.0770269299e+03
W 7.0591483752e-01 1.4508287785e+13 5.0386420805e-02 1.2325947469e+03
W 7.0591483752e-01 1.8307382803e+13 4.8779727821e-02 1.3917290340e+03
W 7.0591483752e-01 2.3101297001e+13 4.6791804664e-02 1.5714083716e+03
W 7.0591483752e-01 2.9150530628e+13 4.4415458959e-02 1.7742852309e+03
W 7.0591483752e-01 3.6783797718e+13 4.1655423041e-02 2.0033545305e+03
W 7.0591483752e-01 4.6415888336e+13 3.9585263841e-02 2.2927228668e+03
W 7.0591483752e-01 5.8570208181e+13 3.6040436526e-02 2.5887251173e+03
W 7.0591483752e-01 7.3907220335e+13 3.2219508272e-02 2.9229427725e+03
W 7.0591483752e-01 9.3260334688e+13 2.8203532825e-02 3.3003096366e+03
W 7.0591483752e-01 1.1768119524e+14 2.4753535203e-02 3.7770126337e+03
W 7.0591483752e-01 1.4849682623e+14 2.0559316069e-02 4.2646442859e+03
W 7.0591483752e-01 1.8738174229e+14 1.6525940899e-02 4.8152316789e+03
W 7.0591483752e-01 2.3644894126e+14 1.2787461902e-02 5.4369027208e+03
W 7.0591483752e-01 2.9836472403e+14 9.7236728440e-03 6.2222192842e+03
W 7.0591483752e-01 3.7649358068e+14 6.8329379684e-03 7.0255396233e+03
W 7.0591483752e-01 4.7508101621e+14 4.5181098175e-03 7.9325727276e+03
W 7.0591483752e-01 5.9948425032e+14 2.8572617062e-03 9.0783686106e+03
W 7.0591483752e-01 7.5646332755e+14 1.6166272984e-03 1.0250432438e+04
W 7.0591483752e-01 9.5454845666e+14 8.2813939526e-04 1.1573815702e+04
W 7.0591483752e-01 1.2045035403e+15 3.7715294185e-04 1.3068054514e+04
W 7.0591483752e-01 1.5199110830e+15 1.5336079106e-04 1.4955629148e+04
W 7.0591483752e-01 1.9179102617e+15 5.1303522379e-05 1.6886477376e+04
W 7.0591483752e-01 2.4201282648e+15 1.4040958092e-05 1.9066607988e+04
W 7.0591483752e-01 3.0538555088e+15 3.1119674329e-06 2.1820625087e+04
W 7.0591483752e-01 3.8535285937e+15 5.0601713513e-07 2.4637779409e+04
W 7.0591483752e-01 4.8626015801e+15 5.8472055605e-08 2.7818642764e+04
W 7.0591483752e-01 6.1359072734e+15 4.4326535943e-09 3.1410171850e+04
W 7.0591483752e-01 7.7426368268e+15 2.0386787124e-10 3.5947116777e+04
W 7.0591483752e-01 9.7700995730e+15 4.7311215271e-12 4.0588073439e+04
W 7.0591483752e-01 1.2328467394e+16 4.8847017321e-14 4.5828201346e+04
W 7.0591483752e-01 1.5556761439e+16 1.9377678570e-16 5.2447713859e+04
W 7.0591483752e-01 1.9630406500e+16 2.2993163523e-19 5.9218982013e+04
W 7.0591483752e-01 2.4770763560e+16 6.6765823066e-23 6.6864455523e+04
W 7.0591483752e-01 3.1257158497e+16 3.7033617634e-27 7.6522484575e+04
W 7.0591483752e-01 3.9442060594e+16 2.6339039959e-32 8.6401928782e+04
W 7.0591483752e-01 4.9770235643e+16 1.5821401950e-38 9.7556859773e+04
W 7.0591483752e-01 6.2802914418e+16 4.6127129888e-46 1.1164815803e+05
W 7.0591483752e-01 7.9248289835e+16 2.8862728982e-55 1.2606250637e+05
W 7.0591483752e-01 1.0000000000e+17 1.4664765818e-66 1.4233782081e+05
W 7.5693698378e-01 1.2618568831e+07 7.9035442961e-03 6.8078160513e-01
W 7.5693698378e-01 1.5922827933e+07 8.1442966374e-03 7.6867399286e-01
W 7.5693698378e-01 2.0092330026e+07 8.3937938385e-03 8.6791373747e-01
W 7.5693698378e-01 2.5353644940e+07 8.8890337909e-03 9.9327684744e-01
W 7.5693698378e-01 3.1992671378e+07 9.1644107620e-03 1.1215139695e+00
W 7.5693698378e-01 4.0370172586e+07 9.7083485918e-03 1.2835075790e+00
W 7.5693698378e-01 5.0941380148e+07 1.0012418513e-02 1.4492149732e+00
W 7.5693698378e-01 6.4280731173e+07 1.0327698329e-02 1.6363160397e+00
W 7.5693698378e-01 8.1113083079e+07 1.0946039100e-02 1.8726686388e+00
W 7.5693698378e-01 1.0235310219e+08 1.1294341853e-02 2.1144397396e+00
W 7.5693698378e-01 1.2915496650e+08 1.1655556666e-02 2.3874247263e+00
W 7.5693698378e-01 1.6297508346e+08 1.2359212249e-02 2.7322688918e+00
W 7.5693698378e-01 2.0565123083e+08 1.2758373174e-02 3.0850187826e+00
W 7.5693698378e-01 2.5950242114e+08 1.3172362583e-02 3.4833104887e+00
W 7.5693698378e-01 3.2745491629e+08 1.3973744606e-02 3.9864464768e+00
W 7.5693698378e-01 4.1320124001e+08 1.4431219940e-02 4.5011171095e+00
W 7.5693698378e-01 5.2140082880e+08 1.4905644586e-02 5.0822343536e+00
W 7.5693698378e-01 6.5793322466e+08 1.5818742288e-02 5.8163219439e+00
W 7.5693698378e-01 8.3021756813e+08 1.6342783661e-02 6.5672388601e+00
W 7.5693698378e-01 1.0476157528e+09 1.6886057638e-02 7.4151029914e+00
W 7.5693698378e-01 1.3219411485e+09 1.7449167750e-02 8.3724307193e+00
W 7.5693698378e-01 1.6681005372e+09 1.8525917792e-02 9.5817605267e+00
W 7.5693698378e-01 2.1049041445e+09 1.9147004337e-02 1.0818814826e+01
W 7.5693698378e-01 2.6560877829e+09 1.9790247625e-02 1.2215579163e+01
W 7.5693698378e-01 3.3516026509e+09 2.1015679960e-02 1.3980020637e+01
W 7.5693698378e-01 4.2292428744e+09 2.1723661166e-02 1.5784912815e+01
W 7.5693698378e-01 5.3366992312e+09 2.2455925521e-02 1.7822825807e+01
W 7.5693698378e-01 6.7341506578e+09 2.3212856669e-02 2.0123843791e+01
W 7.5693698378e-01 8.4975343591e+09 2.4651027025e-02 2.3030570039e+01
W 7.5693698378e-01 1.0722672220e+10 2.5480151219e-02 2.6003934443e+01
W 7.5693698378e-01 1.3530477746e+10 2.6335181206e-02 2.9361175402e+01
W 7.5693698378e-01 1.7073526475e+10 2.7216022250e-02 3.3151853343e+01
W 7.5693698378e-01 2.1544346900e+10 2.8891557600e-02 3.7940370054e+01
W 7.5693698378e-01 2.7185882427e+10 2.9848414216e-02 4.2838665911e+01
W 7.5693698378e-01 3.4304692863e+10 3.0830175221e-02 4.8369356820e+01
W 7.5693698378e-01 4.3287612811e+10 3.1835729961e-02 5.4614088217e+01
W 7.5693698378e-01 5.4622772177e+10 3.3762436234e-02 6.2502650930e+01
W 7.5693698378e-01 6.8926121044e+10 3.4839363300e-02 7.0572062895e+01
W 7.5693698378e-01 8.6974900262e+10 3.5934766009e-02 7.9683277224e+01
W 7.5693698378e-01 1.0974987655e+11 3.7045575040e-02 8.9970795930e+01
W 7.5693698378e-01 1.3848863714e+11 3.8168054254e-02 1.0158648593e+02
W 7.5693698378e-01 1.7475284000e+11 4.0372513825e-02 1.1625983105e+02
W 7.5693698378e-01 2.2051307399e+11 4.1534873699e-02 1.3126956996e+02
W 7.5693698378e-01 2.7825594022e+11 4.2692516745e-02 1.4821714295e+02
W 7.5693698378e-01 3.5111917342e+11 4.3837762127e-02 1.6735273430e+02
W 7.5693698378e-01 4.4306214576e+11 4.6191395275e-02 1.9152548135e+02
W 7.5693698378e-01 5.5908101825e+11 4.7313458432e-02 2.1625240073e+02
W 7.5693698378e-01 7.0548023107e+11 4.8390718151e-02 2.4417169190e+02
W 7.5693698378e-01 8.9021508545e+11 4.9409216365e-02 2.7569550638e+02
W 7.5693698378e-01 1.1233240330e+12 5.0353137732e-02 3.1128920656e+02
W 7.5693698378e-01 1.4174741629e+12 5.2605188398e-02 3.5625241125e+02
W 7.5693698378e-01 1.7886495291e+12 5.3364790777e-02 4.0224641994e+02
W 7.5693698378e-01 2.2570197196e+12 5.3986649514e-02 4.5417849044e+02
W 7.5693698378e-01 2.8480358684e+12 5.4446192441e-02 5.1281525689e+02
W 7.5693698378e-01 3.5938136638e+12 5.6213463805e-02 5.8688726735e+02
W 7.5693698378e-01 4.5348785081e+12 5.6268676460e-02 6.6265741577e+02
W 7.5693698378e-01 5.7223676594e+12 5.6070817237e-02 7.4820987794e+02
W 7.5693698378e-01 7.2208090184e+12 5.5589189635e-02 8.4480760063e+02
W 7.5693698378e-01 9.1116275612e+12 5.6292171858e-02 9.6683321627e+02
W 7.5693698378e-01 1.1497569954e+13 5.5122798788e-02 1.0916563303e+03
W 7.5693698378e-01 1.4508287785e+13 5.3575634437e-02 1.2325947469e+03
W 7.5693698378e-01 1.8307382803e+13 5.1630436915e-02 1.3917290340e+03
W 7.5693698378e-01 2.3101297001e+13 4.9275093587e-02 1.5714083716e+03
W 7.5693698378e-01 2.9150530628e+13 4.7780546335e-02 1.7983855837e+03
W 7.5693698378e-01 3.6783797718e+13 4.4529162501e-02 2.0305663622e+03
W 7.5693698378e-01 4.6415888336e+13 4.0899699490e-02 2.2927228668e+03
W 7.5693698378e-01 5.8570208181e+13 3.6943655771e-02 2.5887251173e+03
W 7.5693698378e-01 7.3907220335e+13 3.3630151631e-02 2.9626454939e+03
W 7.5693698378e-01 9.3260334688e+13 2.9145483939e-02 3.3451381824e+03
W 7.5693698378e-01 1.1768119524e+14 2.4620030367e-02 3.7770126337e+03
W 7.5693698378e-01 1.4849682623e+14 2.0189356332e-02 4.2646442859e+03
W 7.5693698378e-01 1.8738174229e+14 1.6433200361e-02 4.8806376128e+03
W 7.5693698378e-01 2.3644894126e+14 1.2508573065e-02 5.5107528953e+03
W 7.5693698378e-01 2.9836472403e+14 9.0867472664e-03 6.2222192842e+03
W 7.5693698378e-01 3.7649358068e+14 6.2503075202e-03 7.0255396233e+03
W 7.5693698378e-01 4.7508101621e+14 4.1431725045e-03 8.0403219206e+03
W 7.5693698378e-01 5.9948425032e+14 2.4796312646e-03 9.0783686106e+03
W 7.5693698378e-01 7.5646332755e+14 1.3582089210e-03 1.0250432438e+04
W 7.5693698378e-01 9.5454845666e+14 6.7017565401e-04 1.1573815702e+04
W 7.5693698378e-01 1.2045035403e+15 3.0023126717e-04 1.3245559641e+04
W 7.5693698378e-01 1.5199110830e+15 1.1297492382e-04 1.4955629148e+04
W 7.5693698378e-01 1.9179102617e+15 3.5627682008e-05 1.6886477376e+04
W 7.5693698378e-01 2.4201282648e+15 9.3490177297e-06 1.9325592266e+04
W 7.5693698378e-01 3.0538555088e+15 1.8600454680e-06 2.1820625087e+04
W 7.5693698378e-01 3.8535285937e+15 2.7498758573e-07 2.4637779409e+04
W 7.5693698378e-01 4.8626015801e+15 2.8395796901e-08 2.7818642764e+04
W 7.5693698378e-01 6.1359072734e+15 1.9345793603e-09 3.1836820402e+04
W 7.5693698378e-01 7.7426368268e+15 7.3778265328e-11 3.5947116777e+04
W 7.5693698378e-01 9.7700995730e+15 1.4113107408e-12 4.0588073439e+04
W 7.5693698378e-01 1.2328467394e+16 1.1850684625e-14 4.6450691916e+04
W 7.5693698378e-01 1.5556761439e+16 3.4494234163e-17 5.2447713859e+04
W 7.5693698378e-01 1.9630406500e+16 2.9092942925e-20 5.9218982013e+04
W 7.5693698378e-01 2.4770763560e+16 5.5978645766e-24 6.6864455523e+04
W 7.5693698378e-01 3.1257158497e+16 1.8918573255e-28 7.6522484575e+04
W 7.5693698378e-01 3.9442060594e+16 7.4087349317e-34 8.6401928782e+04
W 7.5693698378e-01 4.9770235643e+16 2.1656543494e-40 9.7556859773e+04
W 7.5693698378e-01 6.2802914418e+16 2.6376671950e-48 1.1164815803e+05
W 7.5693698378e-01 7.9248289835e+16 5.6976433716e-58 1.2606250637e+05
W 7.5693698378e-01 1.0000000000e+17 7.8565704199e-70 1.4233782081e+05
W 8.1164691115e-01 1.2618568831e+07 8.8277545005e-03 6.8078160513e-01
W 8.1164691115e-01 1.5922827933e+07 9.0961326245e-03 7.6867399286e-01
W 8.1164691115e-01 2.0092330026e+07 9.6306032321e-03 8.7970272549e-01
W 8.1164691115e-01 2.5353644940e+07 9.9266461055e-03 9.9327684744e-01
W 8.1164691115e-01 3.1992671378e+07 1.0233454383e-02 1.1215139695e+00
W 8.1164691115e-01 4.0370172586e+07 1.0840039827e-02 1.2835075790e+00
W 8.1164691115e-01 5.0941380148e+07 1.1178673388e-02 1.4492149732e+00
W 8.1164691115e-01 6.4280731173e+07 1.1845056695e-02 1.6585423386e+00
W 8.1164691115e-01 8.1113083079e+07 1.2218927869e-02 1.8726686388e+00
W 8.1164691115e-01 1.0235310219e+08 1.2606537416e-02 2.1144397396e+00
W 8.1164691115e-01 1.2915496650e+08 1.3364195011e-02 2.4198534347e+00
W 8.1164691115e-01 1.6297508346e+08 1.3792251171e-02 2.7322688918e+00
W 8.1164691115e-01 2.0565123083e+08 1.4236066182e-02 3.0850187826e+00
W 8.1164691115e-01 2.5950242114e+08 1.5098167824e-02 3.5306247595e+00
W 8.1164691115e-01 3.2745491629e+08 1.5588284431e-02 3.9864464768e+00
W 8.1164691115e-01 4.1320124001e+08 1.6096394233e-02 4.5011171095e+00
W 8.1164691115e-01 5.2140082880e+08 1.7077770811e-02 5.1512670205e+00
W 8.1164691115e-01 6.5793322466e+08 1.7638657934e-02 5.8163219439e+00
W 8.1164691115e-01 8.3021756813e+08 1.8219944123e-02 6.5672388601e+00
W 8.1164691115e-01 1.0476157528e+09 1.9337068147e-02 7.5158233240e+00
W 8.1164691115e-01 1.3219411485e+09 1.9978114979e-02 8.4861545621e+00
W 8.1164691115e-01 1.6681005372e+09 2.0642041706e-02 9.5817605267e+00
W 8.1164691115e-01 2.1049041445e+09 2.1329450536e-02 1.0818814826e+01
W 8.1164691115e-01 2.6560877829e+09 2.2643747902e-02 1.2381505004e+01
W 8.1164691115e-01 3.3516026509e+09 2.3399920374e-02 1.3980020637e+01
W 8.1164691115e-01 4.2292428744e+09 2.4181827826e-02 1.5784912815e+01
W 8.1164691115e-01 5.3366992312e+09 2.4989883297e-02 1.7822825807e+01
W 8.1164691115e-01 6.7341506578e+09 2.6530726218e-02 2.0397188644e+01
W 8.1164691115e-01 8.4975343591e+09 2.7415490791e-02 2.3030570039e+01
W 8.1164691115e-01 1.0722672220e+10 2.8327754406e-02 2.6003934443e+01
W 8.1164691115e-01 1.3530477746e+10 2.9267438358e-02 2.9361175402e+01
W 8.1164691115e-01 1.7073526475e+10 3.1061203264e-02 3.3602159387e+01
W 8.1164691115e-01 2.1544346900e+10 3.2081860286e-02 3.7940370054e+01
W 8.1164691115e-01 2.7185882427e+10 3.3129106952e-02 4.2838665911e+01
W 8.1164691115e-01 3.4304692863e+10 3.4201828600e-02 4.8369356820e+01
W 8.1164691115e-01 4.3287612811e+10 3.6263979214e-02 5.5355918659e+01
W 8.1164691115e-01 5.4622772177e+10 3.7413342088e-02 6.2502650930e+01
W 8.1164691115e-01 6.8926121044e+10 3.8582865198e-02 7.0572062895e+01
W 8.1164691115e-01 8.6974900262e+10 3.9769451728e-02 7.9683277224e+01
W 8.1164691115e-01 1.0974987655e+11 4.2089858152e-02 9.1192881248e+01
W 8.1164691115e-01 1.3848863714e+11 4.3331497591e-02 1.0296634871e+02
W 8.1164691115e-01 1.7475284000e+11 4.4576494727e-02 1.1625983105e+02
W 8.1164691115e-01 2.2051307399e+11 4.5818225928e-02 1.3126956996e+02
W 8.1164691115e-01 2.7825594022e+11 4.7048911533e-02 1.4821714295e+02
W 8.1164691115e-01 3.5111917342e+11 4.9579416695e-02 1.6962590881e+02
W 8.1164691115e-01 4.4306214576e+11 5.0791648861e-02 1.9152548135e+02
W 8.1164691115e-01 5.5908101825e+11 5.1960031817e-02 2.1625240073e+02
W 8.1164691115e-01 7.0548023107e+11 5.3070405763e-02 2.4417169190e+02
W 8.1164691115e-01 8.9021508545e+11 5.5586574981e-02 2.7944031520e+02
W 8.1164691115e-01 1.1233240330e+12 5.6556572305e-02 3.1551748936e+02
W 8.1164691115e-01 1.4174741629e+12 5.7411188152e-02 3.5625241125e+02
W 8.1164691115e-01 1.7886495291e+12 5.8127490819e-02 4.0224641994e+02
W 8.1164691115e-01 2.2570197196e+12 5.8680365643e-02 4.5417849044e+02
W 8.1164691115e-01 2.8480358684e+12 6.0657492475e-02 5.1978089490e+02
W 8.1164691115e-01 3.5938136638e+12 6.0804043311e-02 5.8688726735e+02
W 8.1164691115e-01 4.5348785081e+12 6.0693710957e-02 6.6265741577e+02
W 8.1164691115e-01 5.7223676594e+12 6.0294402927e-02 7.4820987794e+02
W 8.1164691115e-01 7.2208090184e+12 6.1203481006e-02 8.5628273491e+02
W 8.1164691115e-01 9.1116275612e+12 6.0102052947e-02 9.6683321627e+02
W 8.1164691115e-01 1.1497569954e+13 5.8610499825e-02 1.0916563303e+03
W 8.1164691115e-01 1.4508287785e+13 5.6705017493e-02 1.2325947469e+03
W 8.1164691115e-01 1.8307382803e+13 5.4369146862e-02 1.3917290340e+03
W 8.1164691115e-01 2.3101297001e+13 5.3007800341e-02 1.5927530210e+03
W 8.1164691115e-01 2.9150530628e+13 4.9717962545e-02 1.7983855837e+03
W 8.1164691115e-01 3.6783797718e+13 4.6010781634e-02 2.0305663622e+03
W 8.1164691115e-01 4.6415888336e+13 4.1930386511e-02 2.2927228668e+03
W 8.1164691115e-01 5.8570208181e+13 3.8570158829e-02 2.6238881157e+03
W 8.1164691115e-01 7.3907220335e+13 3.3840554994e-02 2.9626454939e+03
W 8.1164691115e-01 9.3260334688e+13 2.9004087655e-02 3.3451381824e+03
W 8.1164691115e-01 1.1768119524e+14 2.4195765183e-02 3.7770126337e+03
W 8.1164691115e-01 1.4849682623e+14 2.0097625538e-02 4.3225715179e+03
W 8.1164691115e-01 1.8738174229e+14 1.5669613671e-02 4.8806376128e+03
W 8.1164691115e-01 2.3644894126e+14 1.1711882274e-02 5.5107528953e+03
W 8.1164691115e-01 2.9836472403e+14 8.3331101406e-03 6.2222192842e+03
W 8.1164691115e-01 3.7649358068e+14 5.7506103303e-03 7.1209684648e+03
W 8.1164691115e-01 4.7508101621e+14 3.6109496582e-03 8.0403219206e+03
W 8.1164691115e-01 5.9948425032e+14 2.0946547651e-03 9.0783686106e+03
W 8.1164691115e-01 7.5646332755e+14 1.1067891272e-03 1.0250432438e+04
W 8.1164691115e-01 9.5454845666e+14 5.3820452246e-04 1.1731024384e+04
W 8.1164691115e-01 1.2045035403e+15 2.2364490171e-04 1.3245559641e+04
W 8.1164691115e-01 1.5199110830e+15 7.9565251427e-05 1.4955629148e+04
W 8.1164691115e-01 1.9179102617e+15 2.3501137492e-05 1.6886477376e+04
W 8.1164691115e-01 2.4201282648e+15 5.7119757666e-06 1.9325592266e+04
W 8.1164691115e-01 3.0538555088e+15 1.0387806494e-06 2.1820625087e+04
W 8.1164691115e-01 3.8535285937e+15 1.3817746017e-07 2.4637779409e+04
W 8.1164691115e-01 4.8626015801e+15 1.2594416596e-08 2.7818642764e+04
W 8.1164691115e-01 6.1359072734e+15 7.3966609465e-10 3.1836820402e+04
W 8.1164691115e-01 7.7426368268e+15 2.3611131889e-11 3.5947116777e+04
W 8.1164691115e-01 9.7700995730e+15 3.6449035111e-13 4.0588073439e+04
W 8.1164691115e-01 1.2328467394e+16 2.3616029921e-15 4.6450691916e+04
W 8.1164691115e-01 1.5556761439e+16 5.0235201211e-18 5.2447713859e+04
W 8.1164691115e-01 1.9630406500e+16 2.9009242215e-21 5.9218982013e+04
W 8.1164691115e-01 2.4770763560e+16 3.6322198825e-25 6.7772684338e+04
W 8.1164691115e-01 3.1257158497e+16 6.8952468981e-30 7.6522484575e+04
W 8.1164691115e-01 3.9442060594e+16 1.3926533579e-35 8.6401928782e+04
W 8.1164691115e-01 4.9770235643e+16 1.8305934861e-42 9.7556859773e+04
W 8.1164691115e-01 6.2802914418e+16 8.4640735294e-51 1.1164815803e+05
W 8.1164691115e-01 7.9248289835e+16 5.6170203073e-61 1.2606250637e+05
W 8.1164691115e-01 1.0000000000e+17 1.8219850382e-73 1.4233782081e+05
W 8.7031116525e-01 1.2618568831e+07 9.8680023000e-03 6.8078160513e-01
W 8.7031116525e-01 1.5922827933e+07 1.0167333551e-02 7.6867399286e-01
W 8.7031116525e-01 2.0092330026e+07 1.0763989796e-02 8.7970272549e-01
W 8.7031116525e-01 2.5353644940e+07 1.1094044920e-02 9.9327684744e-01
W 8.7031116525e-01 3.1992671378e+07 1.1748812131e-02 1.1367476433e+00
W 8.7031116525e-01 4.0370172586e+07 1.2112875344e-02 1.2835075790e+00
W 8.7031116525e-01 5.0941380148e+07 1.2490153259e-02 1.4492149732e+00
W 8.7031116525e-01 6.4280731173e+07 1.3233457844e-02 1.6585423386e+00
W 8.7031116525e-01 8.1113083079e+07 1.3649771989e-02 1.8726686388e+00
W 8.7031116525e-01 1.0235310219e+08 1.4466391083e-02 2.1431604565e+00
W 8.7031116525e-01 1.2915496650e+08 1.4925841756e-02 2.4198534347e+00
W 8.7031116525e-01 1.6297508346e+08 1.5402046849e-02 2.7322688918e+00
W 8.7031116525e-01 2.0565123083e+08 1.6330366579e-02 3.1269230040e+00
W 8.7031116525e-01 2.5950242114e+08 1.6855892723e-02 3.5306247595e+00
W 8.7031116525e-01 3.2745491629e+08 1.7400524267e-02 3.9864464768e+00
W 8.7031116525e-01 4.1320124001e+08 1.8456263293e-02 4.5622563833e+00
W 8.7031116525e-01 5.2140082880e+08 1.9057048997e-02 5.1512670205e+00
W 8.7031116525e-01 6.5793322466e+08 1.9679468751e-02 5.8163219439e+00
W 8.7031116525e-01 8.3021756813e+08 2.0324188892e-02 6.5672388601e+00
W 8.7031116525e-01 1.0476157528e+09 2.1566009156e-02 7.5158233240e+00
W 8.7031116525e-01 1.3219411485e+09 2.2276188147e-02 8.4861545621e+00
W 8.7031116525e-01 1.6681005372e+09 2.3011241187e-02 9.5817605267e+00
W 8.7031116525e-01 2.1049041445e+09 2.4421941624e-02 1.0965768230e+01
W 8.7031116525e-01 2.6560877829e+09 2.5230003752e-02 1.2381505004e+01
W 8.7031116525e-01 3.3516026509e+09 2.6065312133e-02 1.3980020637e+01
W 8.7031116525e-01 4.2292428744e+09 2.6928300562e-02 1.5784912815e+01
W 8.7031116525e-01 5.3366992312e+09 2.8580192755e-02 1.8064915626e+01
W 8.7031116525e-01 6.7341506578e+09 2.9524602020e-02 2.0397188644e+01
W 8.7031116525e-01 8.4975343591e+09 3.0498136260e-02 2.3030570039e+01
W 8.7031116525e-01 1.0722672220e+10 3.1500726914e-02 2.6003934443e+01
W 8.7031116525e-01 1.3530477746e+10 3.3421883653e-02 2.9759992163e+01
W 8.7031116525e-01 1.7073526475e+10 3.4510532232e-02 3.3602159387e+01
W 8.7031116525e-01 2.1544346900e+10 3.5627442217e-02 3.7940370054e+01
W 8.7031116525e-01 2.7185882427e+10 3.6771483854e-02 4.2838665911e+01
W 8.7031116525e-01 3.4304692863e+10 3.8978859200e-02 4.9026364243e+01
W 8.7031116525e-01 4.3287612811e+10 4.0204807351e-02 5.5355918659e+01
W 8.7031116525e-01 5.4622772177e+10 4.1452505956e-02 6.2502650930e+01
W 8.7031116525e-01 6.8926121044e+10 4.2718800958e-02 7.0572062895e+01
W 8.7031116525e-01 8.6974900262e+10 4.5203268985e-02 8.0765625803e+01
W 8.7031116525e-01 1.0974987655e+11 4.6529711714e-02 9.1192881248e+01
W 8.7031116525e-01 1.3848863714e+11 4.7860823768e-02 1.0296634871e+02
W 8.7031116525e-01 1.7475284000e+11 4.9189853316e-02 1.1625983105e+02
W 8.7031116525e-01 2.2051307399e+11 5.0508878954e-02 1.3126956996e+02
W 8.7031116525e-01 2.7825594022e+11 5.3225673099e-02 1.5023039616e+02
W 8.7031116525e-01 3.5111917342e+11 5.4530264984e-02 1.6962590881e+02
W 8.7031116525e-01 4.4306214576e+11 5.5791486439e-02 1.9152548135e+02
W 8.7031116525e-01 5.5908101825e+11 5.6994918796e-02 2.1625240073e+02
W 8.7031116525e-01 7.0548023107e+11 5.9713949965e-02 2.4748830855e+02
W 8.7031116525e-01 8.9021508545e+11 6.0779036500e-02 2.7944031520e+02
W 8.7031116525e-01 1.1233240330e+12 6.1727894715e-02 3.1551748936e+02
W 8.7031116525e-01 1.4174741629e+12 6.2537108268e-02 3.5625241125e+02
W 8.7031116525e-01 1.7886495291e+12 6.3180987447e-02 4.0224641994e+02
W 8.7031116525e-01 2.2570197196e+12 6.5372035956e-02 4.6034765743e+02
W 8.7031116525e-01 2.8480358684e+12 6.5605887052e-02 5.1978089490e+02
W 8.7031116525e-01 3.5938136638e+12 6.5578278033e-02 5.8688726735e+02
W 8.7031116525e-01 4.5348785081e+12 6.5255820224e-02 6.6265741577e+02
W 8.7031116525e-01 5.7223676594e+12 6.6371864538e-02 7.5837291248e+02
W 8.7031116525e-01 7.2208090184e+12 6.5331969700e-02 8.5628273491e+02
W 8.7031116525e-01 9.1116275612e+12 6.3889674616e-02 9.6683321627e+02
W 8.7031116525e-01 1.1497569954e+13 6.2018045578e-02 1.0916563303e+03
W 8.7031116525e-01 1.4508287785e+13 5.9696810466e-02 1.2325947469e+03
W 8.7031116525e-01 1.8307382803e+13 5.8471776391e-02 1.4106330750e+03
W 8.7031116525e-01 2.3101297001e+13 5.5142594642e-02 1.5927530210e+03
W 8.7031116525e-01 2.9150530628e+13 5.1359881630e-02 1.7983855837e+03
W 8.7031116525e-01 3.6783797718e+13 4.7160972715e-02 2.0305663622e+03
W 8.7031116525e-01 4.6415888336e+13 4.3770763649e-02 2.3238652272e+03
W 8.7031116525e-01 5.8570208181e+13 3.8810231056e-02 2.6238881157e+03
W 8.7031116525e-01 7.3907220335e+13 3.3679868626e-02 2.9626454939e+03
W 8.7031116525e-01 9.3260334688e+13 2.8512423392e-02 3.3451381824e+03
W 8.7031116525e-01 1.1768119524e+14 2.3456944726e-02 3.7770126337e+03
W 8.7031116525e-01 1.4849682623e+14 1.9179846255e-02 4.3225715179e+03
W 8.7031116525e-01 1.8738174229e+14 1.4689798021e-02 4.8806376128e+03
W 8.7031116525e-01 2.3644894126e+14 1.0759354349e-02 5.5107528953e+03
W 8.7031116525e-01 2.9836472403e+14 7.4807168025e-03 6.2222192842e+03
W 8.7031116525e-01 3.7649358068e+14 5.0280491653e-03 7.1209684648e+03
W 8.7031116525e-01 4.7508101621e+14 3.0633001618e-03 8.0403219206e+03
W 8.7031116525e-01 5.9948425032e+14 1.7163683844e-03 9.0783686106e+03
W 8.7031116525e-01 7.5646332755e+14 8.7136477598e-04 1.0250432438e+04
W 8.7031116525e-01 9.5454845666e+14 4.0459321140e-04 1.1731024384e+04
W 8.7031116525e-01 1.2045035403e+15 1.5935609685e-04 1.3245559641e+04
W 8.7031116525e-01 1.5199110830e+15 5.3268068170e-05 1.4955629148e+04
W 8.7031116525e-01 1.9179102617e+15 1.4629706903e-05 1.6886477376e+04
W 8.7031116525e-01 2.4201282648e+15 3.2655677289e-06 1.9325592266e+04
W 8.7031116525e-01 3.0538555088e+15 5.3746019147e-07 2.1820625087e+04
W 8.7031116525e-01 3.8535285937e+15 6.3576043812e-08 2.4637779409e+04
W 8.7031116525e-01 4.8626015801e+15 5.0445370061e-09 2.7818642764e+04
W 8.7031116525e-01 6.1359072734e+15 2.5121872466e-10 3.1836820402e+04
W 8.7031116525e-01 7.7426368268e+15 6.5811611054e-12 3.5947116777e+04
W 8.7031116525e-01 9.7700995730e+15 8.0060453300e-14 4.0588073439e+04
W 8.7031116525e-01 1.2328467394e+16 3.8891165968e-16 4.6450691916e+04
W 8.7031116525e-01 1.5556761439e+16 5.8390958729e-19 5.2447713859e+04
W 8.7031116525e-01 1.9630406500e+16 2.2136921639e-22 5.9218982013e+04
W 8.7031116525e-01 2.4770763560e+16 1.6245190151e-26 6.6864455523e+04
W 8.7031116525e-01 3.1257158497e+16 1.7201846300e-31 7.6522484575e+04
W 8.7031116525e-01 3.9442060594e+16 1.6650200208e-37 8.6401928782e+04
W 8.7031116525e-01 4.9770235643e+16 9.0071047460e-45 9.7556859773e+04
W 8.7031116525e-01 6.2802914418e+16 1.4199994535e-53 1.1164815803e+05
W 8.7031116525e-01 7.9248289835e+16 2.5400082397e-64 1.2606250637e+05
W 8.7031116525e-01 1.0000000000e+17 1.6507771660e-77 1.4233782081e+05
W 9.3321555711e-01 1.2618568831e+07 1.1039022663e-02 6.8078160513e-01
W 9.3321555711e-01 1.5922827933e+07 1.1373016650e-02 7.6867399286e-01
W 9.3321555711e-01 2.0092330026e+07 1.2039462359e-02 8.7970272549e-01
W 9.3321555711e-01 2.5353644940e+07 1.2407572327e-02 9.9327684744e-01
W 9.3321555711e-01 3.1992671378e+07 1.3138677987e-02 1.1367476433e+00
W 9.3321555711e-01 4.0370172586e+07 1.3544512028e-02 1.2835075790e+00
W 9.3321555711e-01 5.0941380148e+07 1.3964961026e-02 1.4492149732e+00
W 9.3321555711e-01 6.4280731173e+07 1.4794436212e-02 1.6585423386e+00
W 9.3321555711e-01 8.1113083079e+07 1.5258108506e-02 1.8726686388e+00
W 9.3321555711e-01 1.0235310219e+08 1.6168980443e-02 2.1431604565e+00
W 9.3321555711e-01 1.2915496650e+08 1.6680348017e-02 2.4198534347e+00
W 9.3321555711e-01 1.6297508346e+08 1.7210165444e-02 2.7322688918e+00
W 9.3321555711e-01 2.0565123083e+08 1.8244800763e-02 3.1269230040e+00
W 9.3321555711e-01 2.5950242114e+08 1.8829012283e-02 3.5306247595e+00
W 9.3321555711e-01 3.2745491629e+08 1.9434189462e-02 3.9864464768e+00
W 9.3321555711e-01 4.1320124001e+08 2.0609698114e-02 4.5622563833e+00
W 9.3321555711e-01 5.2140082880e+08 2.1276607231e-02 5.1512670205e+00
W 9.3321555711e-01 6.5793322466e+08 2.1967151450e-02 5.8163219439e+00
W 9.3321555711e-01 8.3021756813e+08 2.3302386345e-02 6.6564425412e+00
W 9.3321555711e-01 1.0476157528e+09 2.4062473355e-02 7.5158233240e+00
W 9.3321555711e-01 1.3219411485e+09 2.4848889280e-02 8.4861545621e+00
W 9.3321555711e-01 1.6681005372e+09 2.5662258057e-02 9.5817605267e+00
W 9.3321555711e-01 2.1049041445e+09 2.7228036115e-02 1.0965768230e+01
W 9.3321555711e-01 2.6560877829e+09 2.8120742327e-02 1.2381505004e+01
W 9.3321555711e-01 3.3516026509e+09 2.9042711486e-02 1.3980020637e+01
W 9.3321555711e-01 4.2292428744e+09 3.0814665927e-02 1.5999321391e+01
W 9.3321555711e-01 5.3366992312e+09 3.1822955890e-02 1.8064915626e+01
W 9.3321555711e-01 6.7341506578e+09 3.2862022766e-02 2.0397188644e+01
W 9.3321555711e-01 8.4975343591e+09 3.3931796204e-02 2.3030570039e+01
W 9.3321555711e-01 1.0722672220e+10 3.5990152908e-02 2.6357149352e+01
W 9.3321555711e-01 1.3530477746e+10 3.7151179051e-02 2.9759992163e+01
W 9.3321555711e-01 1.7073526475e+10 3.8342112470e-02 3.3602159387e+01
W 9.3321555711e-01 2.1544346900e+10 3.9561787255e-02 3.7940370054e+01
W 9.3321555711e-01 2.7185882427e+10 4.1924789784e-02 4.3420549222e+01
W 9.3321555711e-01 3.4304692863e+10 4.3231592669e-02 4.9026364243e+01
W 9.3321555711e-01 4.3287612811e+10 4.4561624312e-02 5.5355918659e+01
W 9.3321555711e-01 5.4622772177e+10 4.5911635970e-02 6.2502650930e+01
W 9.3321555711e-01 6.8926121044e+10 4.7277671640e-02 7.0572062895e+01
W 9.3321555711e-01 8.6974900262e+10 4.9985711599e-02 8.0765625803e+01
W 9.3321555711e-01 1.0974987655e+11 5.1406379164e-02 9.1192881248e+01
W 9.3321555711e-01 1.3848863714e+11 5.2825843975e-02 1.0296634871e+02
W 9.3321555711e-01 1.7475284000e+11 5.4235987139e-02 1.1625983105e+02
W 9.3321555711e-01 2.2051307399e+11 5.7148808894e-02 1.3305262203e+02
W 9.3321555711e-01 2.7825594022e+11 5.8547714454e-02 1.5023039616e+02
W 9.3321555711e-01 3.5111917342e+11 5.9903188605e-02 1.6962590881e+02
W 9.3321555711e-01 4.4306214576e+11 6.1200491529e-02 1.9152548135e+02
W 9.3321555711e-01 5.5908101825e+11 6.2422907189e-02 2.1625240073e+02
W 9.3321555711e-01 7.0548023107e+11 6.5289797475e-02 2.4748830855e+02
W 9.3321555711e-01 8.9021508545e+11 6.6331486229e-02 2.7944031520e+02
W 9.3321555711e-01 1.1233240330e+12 6.7231331074e-02 3.1551748936e+02
W 9.3321555711e-01 1.4174741629e+12 6.7963022143e-02 3.5625241125e+02
W 9.3321555711e-01 1.7886495291e+12 7.0371442046e-02 4.0771018670e+02
W 9.3321555711e-01 2.2570197196e+12 7.0687373584e-02 4.6034765743e+02
W 9.3321555711e-01 2.8480358684e+12 7.0736323346e-02 5.1978089490e+02
W 9.3321555711e-01 3.5938136638e+12 7.0483678488e-02 5.8688726735e+02
W 9.3321555711e-01 4.5348785081e+12 6.9894318804e-02 6.6265741577e+02
W 9.3321555711e-01 5.7223676594e+12 7.0819065648e-02 7.5837291248e+02
W 9.3321555711e-01 7.2208090184e+12 6.9417202995e-02 8.5628273491e+02
W 9.3321555711e-01 9.1116275612e+12 6.7570718412e-02 9.6683321627e+02
W 9.3321555711e-01 1.1497569954e+13 6.5256018752e-02 1.0916563303e+03
W 9.3321555711e-01 1.4508287785e+13 6.2458262085e-02 1.2325947469e+03
W 9.3321555711e-01 1.8307382803e+13 6.0792860568e-02 1.4106330750e+03
W 9.3321555711e-01 2.3101297001e+13 5.6932121709e-02 1.5927530210e+03
W 9.3321555711e-01 2.9150530628e+13 5.2615565246e-02 1.7983855837e+03
W 9.3321555711e-01 3.6783797718e+13 4.7896394787e-02 2.0305663622e+03
W 9.3321555711e-01 4.6415888336e+13 4.4024066614e-02 2.3238652272e+03
W 9.3321555711e-01 5.8570208181e+13 3.8612869744e-02 2.6238881157e+03
W 9.3321555711e-01 7.3907220335e+13 3.3102249255e-02 2.9626454939e+03
W 9.3321555711e-01 9.3260334688e+13 2.7641367689e-02 3.3451381824e+03
W 9.3321555711e-01 1.1768119524e+14 2.2390997419e-02 3.7770126337e+03
W 9.3321555711e-01 1.4849682623e+14 1.7990629051e-02 4.3225715179e+03
W 9.3321555711e-01 1.8738174229e+14 1.3508370411e-02 4.8806376128e+03
W 9.3321555711e-01 2.3644894126e+14 9.6735464497e-03 5.5107528953e+03
W 9.3321555711e-01 2.9836472403e+14 6.5552954718e-03 6.2222192842e+03
W 9.3321555711e-01 3.7649358068e+14 4.2786916096e-03 7.1209684648e+03
W 9.3321555711e-01 4.7508101621e+14 2.5206327305e-03 8.0403219206e+03
W 9.3321555711e-01 5.9948425032e+14 1.3588374566e-03 9.0783686106e+03
W 9.3321555711e-01 7.5646332755e+14 6.5984819162e-04 1.0250432438e+04
W 9.3321555711e-01 9.5454845666e+14 2.9103544535e-04 1.1731024384e+04
W 9.3321555711e-01 1.2045035403e+15 1.0799981700e-04 1.3245559641e+04
W 9.3321555711e-01 1.5199110830e+15 3.3683496129e-05 1.4955629148e+04
W 9.3321555711e-01 1.9179102617e+15 8.5318496328e-06 1.6886477376e+04
W 9.3321555711e-01 2.4201282648e+15 1.7323797257e-06 1.9325592266e+04
W 9.3321555711e-01 3.0538555088e+15 2.5516276948e-07 2.1820625087e+04
W 9.3321555711e-01 3.8535285937e+15 2.6489942559e-08 2.4637779409e+04
W 9.3321555711e-01 4.8626015801e+15 1.8015314315e-09 2.7818642764e+04
W 9.3321555711e-01 6.1359072734e+15 7.4681334156e-11 3.1836820402e+04
W 9.3321555711e-01 7.7426368268e+15 1.5703852367e-12 3.5947116777e+04
W 9.3321555711e-01 9.7700995730e+15 1.4657725876e-14 4.0588073439e+04
W 9.3321555711e-01 1.2328467394e+16 5.0311369979e-17 4.5828201346e+04
W 9.3321555711e-01 1.5556761439e+16 5.2675307037e-20 5.2447713859e+04
W 9.3321555711e-01 1.9630406500e+16 1.2506352405e-23 5.9218982013e+04
W 9.3321555711e-01 2.4770763560e+16 5.2206876405e-28 6.6864455523e+04
W 9.3321555711e-01 3.1257158497e+16 2.7281895343e-33 7.5496998774e+04
W 9.3321555711e-01 3.9442060594e+16 1.1972207808e-39 8.6401928782e+04
W 9.3321555711e-01 4.9770235643e+16 2.4128402460e-47 9.7556859773e+04
W 9.3321555711e-01 6.2802914418e+16 1.1190285161e-56 1.1015194942e+05
W 9.3321555711e-01 7.9248289835e+16 4.7851462663e-68 1.2606250637e+05
W 9.3321555711e-01 1.0000000000e+17 5.2034546983e-82 1.4233782081e+05
W 1.0006665556e+00 1.2618568831e+07 1.2357328415e-02 6.8078160513e-01
W 1.0006665556e+00 1.5922827933e+07 1.2730111115e-02 7.6867399286e-01
W 1.0006665556e+00 2.0092330026e+07 1.3116113513e-02 8.6791373747e-01
W 1.0006665556e+00 2.5353644940e+07 1.3885500944e-02 9.9327684744e-01
W 1.0006665556e+00 3.1992671378e+07 1.4310770938e-02 1.1215139695e+00
W 1.0006665556e+00 4.0370172586e+07 1.5154658417e-02 1.2835075790e+00
W 1.0006665556e+00 5.0941380148e+07 1.5623283940e-02 1.4492149732e+00
W 1.0006665556e+00 6.4280731173e+07 1.6549229395e-02 1.6585423386e+00
W 1.0006665556e+00 8.1113083079e+07 1.7065678787e-02 1.8726686388e+00
W 1.0006665556e+00 1.0235310219e+08 1.7600573064e-02 2.1144397396e+00
W 1.0006665556e+00 1.2915496650e+08 1.8651097888e-02 2.4198534347e+00
W 1.0006665556e+00 1.6297508346e+08 1.9240519053e-02 2.7322688918e+00
W 1.0006665556e+00 2.0565123083e+08 2.0393845266e-02 3.1269230040e+00
W 1.0006665556e+00 2.5950242114e+08 2.1043177524e-02 3.5306247595e+00
W 1.0006665556e+00 3.2745491629e+08 2.1715469500e-02 3.9864464768e+00
W 1.0006665556e+00 4.1320124001e+08 2.3024400442e-02 4.5622563833e+00
W 1.0006665556e+00 5.2140082880e+08 2.3764436884e-02 5.1512670205e+00
W 1.0006665556e+00 6.5793322466e+08 2.4530223670e-02 5.8163219439e+00
W 1.0006665556e+00 8.3021756813e+08 2.5322452922e-02 6.5672388601e+00
W 1.0006665556e+00 1.0476157528e+09 2.6856786691e-02 7.5158233240e+00
W 1.0006665556e+00 1.3219411485e+09 2.7727022838e-02 8.4861545621e+00
W 1.0006665556e+00 1.6681005372e+09 2.8626344438e-02 9.5817605267e+00
W 1.0006665556e+00 2.1049041445e+09 3.0363639654e-02 1.0965768230e+01
W 1.0006665556e+00 2.6560877829e+09 3.1348869218e-02 1.2381505004e+01
W 1.0006665556e+00 3.3516026509e+09 3.2365347801e-02 1.3980020637e+01
W 1.0006665556e+00 4.2292428744e+09 3.3413313853e-02 1.5784912815e+01
W 1.0006665556e+00 5.3366992312e+09 3.5436267876e-02 1.8064915626e+01
W 1.0006665556e+00 6.7341506578e+09 3.6577701565e-02 2.0397188644e+01
W 1.0006665556e+00 8.4975343591e+09 3.7751196766e-02 2.3030570039e+01
W 1.0006665556e+00 1.0722672220e+10 4.0021686099e-02 2.6357149352e+01
W 1.0006665556e+00 1.3530477746e+10 4.1291155968e-02 2.9759992163e+01
W 1.0006665556e+00 1.7073526475e+10 4.2590910991e-02 3.3602159387e+01
W 1.0006665556e+00 2.1544346900e+10 4.3919319404e-02 3.7940370054e+01
W 1.0006665556e+00 2.7185882427e+10 4.6512563036e-02 4.3420549222e+01
W 1.0006665556e+00 3.4304692863e+10 4.7929129838e-02 4.9026364243e+01
W 1.0006665556e+00 4.3287612811e+10 4.9366884758e-02 5.5355918659e+01
W 1.0006665556e+00 5.4622772177e+10 5.0821723387e-02 6.2502650930e+01
W 1.0006665556e+00 6.8926121044e+10 5.2288714239e-02 7.0572062895e+01
W 1.0006665556e+00 8.6974900262e+10 5.5232410840e-02 8.0765625803e+01
W 1.0006665556e+00 1.0974987655e+11 5.6745277755e-02 9.1192881248e+01
W 1.0006665556e+00 1.3848863714e+11 5.8249097178e-02 1.0296634871e+02
W 1.0006665556e+00 1.7475284000e+11 5.9734136947e-02 1.1625983105e+02
W 1.0006665556e+00 2.2051307399e+11 6.2862726371e-02 1.3305262203e+02
W 1.0006665556e+00 2.7825594022e+11 6.4313436503e-02 1.5023039616e+02
W 1.0006665556e+00 3.5111917342e+11 6.5704910926e-02 1.6962590881e+02
W 1.0006665556e+00 4.4306214576e+11 6.7020001630e-02 1.9152548135e+02
W 1.0006665556e+00 5.5908101825e+11 6.8239406167e-02 2.1625240073e+02
W 1.0006665556e+00 7.0548023107e+11 7.1238101221e-02 2.4748830855e+02
W 1.0006665556e+00 8.9021508545e+11 7.2225372587e-02 2.7944031520e+02
W 1.0006665556e+00 1.1233240330e+12 7.3040634864e-02 3.1551748936e+02
W 1.0006665556e+00 1.4174741629e+12 7.3654539224e-02 3.5625241125e+02
W 1.0006665556e+00 1.7886495291e+12 7.4035540858e-02 4.0224641994e+02
W 1.0006665556e+00 2.2570197196e+12 7.6178271850e-02 4.6034765743e+02
W 1.0006665556e+00 2.8480358684e+12 7.5986666890e-02 5.1978089490e+02
W 1.0006665556e+00 3.5938136638e+12 7.5449158875e-02 5.8688726735e+02
W 1.0006665556e+00 4.5348785081e+12 7.4529551223e-02 6.6265741577e+02
W 1.0006665556e+00 5.7223676594e+12 7.3193283432e-02 7.4820987794e+02
W 1.0006665556e+00 7.2208090184e+12 7.3362235327e-02 8.5628273491e+02
W 1.0006665556e+00 9.1116275612e+12 7.1042709815e-02 9.6683321627e+02
W 1.0006665556e+00 1.1497569954e+13 6.8218342919e-02 1.0916563303e+03
W 1.0006665556e+00 1.4508287785e+13 6.4882064309e-02 1.2325947469e+03
W 1.0006665556e+00 1.8307382803e+13 6.2710787647e-02 1.4106330750e+03
W 1.0006665556e+00 2.3101297001e+13 5.8272526430e-02 1.5927530210e+03
W 1.0006665556e+00 2.9150530628e+13 5.3389354780e-02 1.7983855837e+03
W 1.0006665556e+00 3.6783797718e+13 4.8132976783e-02 2.0305663622e+03
W 1.0006665556e+00 4.6415888336e+13 4.2600679272e-02 2.2927228668e+03
W 1.0006665556e+00 5.8570208181e+13 3.7924411928e-02 2.6238881157e+03
W 1.0006665556e+00 7.3907220335e+13 3.2073160627e-02 2.9626454939e+03
W 1.0006665556e+00 9.3260334688e+13 2.6375644897e-02 3.3451381824e+03
W 1.0006665556e+00 1.1768119524e+14 2.1000432759e-02 3.7770126337e+03
W 1.0006665556e+00 1.4849682623e+14 1.6107079259e-02 4.2646442859e+03
W 1.0006665556e+00 1.8738174229e+14 1.2153415182e-02 4.8806376128e+03
W 1.0006665556e+00 2.3644894126e+14 8.4875176317e-03 5.5107528953e+03
W 1.0006665556e+00 2.9836472403e+14 5.5894555949e-03 6.2222192842e+03
W 1.0006665556e+00 3.7649358068e+14 3.4370408549e-03 7.0255396233e+03
W 1.0006665556e+00 4.7508101621e+14 2.0037948096e-03 8.0403219206e+03
W 1.0006665556e+00 5.9948425032e+14 1.0347720815e-03 9.0783686106e+03
W 1.0006665556e+00 7.5646332755e+14 4.7820682048e-04 1.0250432438e+04
W 1.0006665556e+00 9.5454845666e+14 1.9388723186e-04 1.1573815702e+04
W 1.0006665556e+00 1.2045035403e+15 6.7331365809e-05 1.3068054514e+04
W 1.0006665556e+00 1.5199110830e+15 1.9971501276e-05 1.4955629148e+04
W 1.0006665556e+00 1.9179102617e+15 4.6228266085e-06 1.6886477376e+04
W 1.0006665556e+00 2.4201282648e+15 8.2224520379e-07 1.9066607988e+04
W 1.0006665556e+00 3.0538555088e+15 1.0702727157e-07 2.1528204613e+04
W 1.0006665556e+00 3.8535285937e+15 9.8711072037e-09 2.4637779409e+04
W 1.0006665556e+00 4.8626015801e+15 5.6541434164e-10 2.7818642764e+04
W 1.0006665556e+00 6.1359072734e+15 1.8600580606e-11 3.1410171850e+04
W 1.0006665556e+00 7.7426368268e+15 3.0622661452e-13 3.5465385714e+04
W 1.0006665556e+00 9.7700995730e+15 2.1863752057e-15 4.0588073439e+04
W 1.0006665556e+00 1.2328467394e+16 5.2534061589e-18 4.5828201346e+04
W 1.0006665556e+00 1.5556761439e+16 3.4779069829e-21 5.1744856573e+04
W 1.0006665556e+00 1.9630406500e+16 4.9040790109e-25 5.8425382255e+04
W 1.0006665556e+00 2.4770763560e+16 1.1222621478e-29 6.6864455523e+04
W 1.0006665556e+00 3.1257158497e+16 2.7531202216e-35 7.5496998774e+04
W 1.0006665556e+00 3.9442060594e+16 4.7302148703e-42 8.5244047518e+04
W 1.0006665556e+00 4.9770235643e+16 3.2624698572e-50 9.7556859773e+04
W 1.0006665556e+00 6.2802914418e+16 3.9929650694e-60 1.1015194942e+05
W 1.0006665556e+00 7.9248289835e+16 3.2783948634e-72 1.2437312957e+05
W 1.0006665556e+00 1.0000000000e+17 4.8709204435e-87 1.4043033682e+05
W 1.0729927806e+00 1.2618568831e+07 1.3472899914e-02 6.7165837980e-01
W 1.0729927806e+00 1.5922827933e+07 1.4257541721e-02 7.6867399286e-01
W 1.0729927806e+00 2.0092330026e+07 1.4688326185e-02 8.6791373747e-01
W 1.0729927806e+00 2.5353644940e+07 1.5548220730e-02 9.9327684744e-01
W 1.0729927806e+00 3.1992671378e+07 1.6022538775e-02 1.1215139695e+00
W 1.0729927806e+00 4.0370172586e+07 1.6513602769e-02 1.2663071600e+00
W 1.0729927806e+00 5.0941380148e+07 1.7487578327e-02 1.4492149732e+00
W 1.0729927806e+00 6.4280731173e+07 1.8028345351e-02 1.6363160397e+00
W 1.0729927806e+00 8.1113083079e+07 1.9096609506e-02 1.8726686388e+00
W 1.0729927806e+00 1.0235310219e+08 1.9692075552e-02 2.1144397396e+00
W 1.0729927806e+00 1.2915496650e+08 2.0863969772e-02 2.4198534347e+00
W 1.0729927806e+00 1.6297508346e+08 2.1519530314e-02 2.7322688918e+00
W 1.0729927806e+00 2.0565123083e+08 2.2198066351e-02 3.0850187826e+00
W 1.0729927806e+00 2.5950242114e+08 2.3526637480e-02 3.5306247595e+00
W 1.0729927806e+00 3.2745491629e+08 2.4273152648e-02 3.9864464768e+00
W 1.0729927806e+00 4.1320124001e+08 2.5045474000e-02 4.5011171095e+00
W 1.0729927806e+00 5.2140082880e+08 2.6551178942e-02 5.1512670205e+00
W 1.0729927806e+00 6.5793322466e+08 2.7399829743e-02 5.8163219439e+00
W 1.0729927806e+00 8.3021756813e+08 2.8277122212e-02 6.5672388601e+00
W 1.0729927806e+00 1.0476157528e+09 2.9981894636e-02 7.5158233240e+00
W 1.0729927806e+00 1.3219411485e+09 3.0943954770e-02 8.4861545621e+00
W 1.0729927806e+00 1.6681005372e+09 3.1937241618e-02 9.5817605267e+00
W 1.0729927806e+00 2.1049041445e+09 3.2962205984e-02 1.0818814826e+01
W 1.0729927806e+00 2.6560877829e+09 3.4949647851e-02 1.2381505004e+01
W 1.0729927806e+00 3.3516026509e+09 3.6068679419e-02 1.3980020637e+01
W 1.0729927806e+00 4.2292428744e+09 3.7220914846e-02 1.5784912815e+01
W 1.0729927806e+00 5.3366992312e+09 3.9456685701e-02 1.8064915626e+01
W 1.0729927806e+00 6.7341506578e+09 4.0708097746e-02 2.0397188644e+01
W 1.0729927806e+00 8.4975343591e+09 4.1992571801e-02 2.3030570039e+01
W 1.0729927806e+00 1.0722672220e+10 4.3309200508e-02 2.6003934443e+01
W 1.0729927806e+00 1.3530477746e+10 4.5878112143e-02 2.9759992163e+01
W 1.0729927806e+00 1.7073526475e+10 4.7292491026e-02 3.3602159387e+01
W 1.0729927806e+00 2.1544346900e+10 4.8734657962e-02 3.7940370054e+01
W 1.0729927806e+00 2.7185882427e+10 5.0201830217e-02 4.2838665911e+01
W 1.0729927806e+00 3.4304692863e+10 5.3104352733e-02 4.9026364243e+01
W 1.0729927806e+00 4.3287612811e+10 5.4651702538e-02 5.5355918659e+01
W 1.0729927806e+00 5.4622772177e+10 5.6211791414e-02 6.2502650930e+01
W 1.0729927806e+00 6.8926121044e+10 5.7778508513e-02 7.0572062895e+01
W 1.0729927806e+00 8.6974900262e+10 5.9344647032e-02 7.9683277224e+01
W 1.0729927806e+00 1.0974987655e+11 6.2567478053e-02 9.1192881248e+01
W 1.0729927806e+00 1.3848863714e+11 6.4147864013e-02 1.0296634871e+02
W 1.0729927806e+00 1.7475284000e+11 6.5697304663e-02 1.1625983105e+02
W 1.0729927806e+00 2.2051307399e+11 6.7202479922e-02 1.3126956996e+02
W 1.0729927806e+00 2.7825594022e+11 7.0525790154e-02 1.5023039616e+02
W 1.0729927806e+00 3.5111917342e+11 7.1932330927e-02 1.6962590881e+02
W 1.0729927806e+00 4.4306214576e+11 7.3240284154e-02 1.9152548135e+02
W 1.0729927806e+00 5.5908101825e+11 7.4427475926e-02 2.1625240073e+02
W 1.0729927806e+00 7.0548023107e+11 7.5469338267e-02 2.4417169190e+02
W 1.0729927806e+00 8.9021508545e+11 7.8426811247e-02 2.7944031520e+02
W 1.0729927806e+00 1.1233240330e+12 7.9112951764e-02 3.1551748936e+02
W 1.0729927806e+00 1.4174741629e+12 7.9559467768e-02 3.5625241125e+02
W 1.0729927806e+00 1.7886495291e+12 7.9731936677e-02 4.0224641994e+02
W 1.0729927806e+00 2.2570197196e+12 7.9594415116e-02 4.5417849044e+02
W 1.0729927806e+00 2.8480358684e+12 8.1273843183e-02 5.1978089490e+02
W 1.0729927806e+00 3.5938136638e+12 8.0382365087e-02 5.8688726735e+02
W 1.0729927806e+00 4.5348785081e+12 7.9060665869e-02 6.6265741577e+02
W 1.0729927806e+00 5.7223676594e+12 7.7275511594e-02 7.4820987794e+02
W 1.0729927806e+00 7.2208090184e+12 7.4998768070e-02 8.4480760063e+02
W 1.0729927806e+00 9.1116275612e+12 7.4184856981e-02 9.6683321627e+02
W 1.0729927806e+00 1.1497569954e+13 7.0783058476e-02 1.0916563303e+03
W 1.0729927806e+00 1.4508287785e+13 6.6848140668e-02 1.2325947469e+03
W 1.0729927806e+00 1.8307382803e+13 6.2400935404e-02 1.3917290340e+03
W 1.0729927806e+00 2.3101297001e+13 5.7482906267e-02 1.5714083716e+03
W 1.0729927806e+00 2.9150530628e+13 5.3585533635e-02 1.7983855837e+03
W 1.0729927806e+00 3.6783797718e+13 4.7791489246e-02 2.0305663622e+03
W 1.0729927806e+00 4.6415888336e+13 4.1791543307e-02 2.2927228668e+03
W 1.0729927806e+00 5.8570208181e+13 3.5727930768e-02 2.5887251173e+03
W 1.0729927806e+00 7.3907220335e+13 2.9761075659e-02 2.9229427725e+03
W 1.0729927806e+00 9.3260334688e+13 2.4718594762e-02 3.3451381824e+03
W 1.0729927806e+00 1.1768119524e+14 1.9306287241e-02 3.7770126337e+03
W 1.0729927806e+00 1.4849682623e+14 1.4489331605e-02 4.2646442859e+03
W 1.0729927806e+00 1.8738174229e+14 1.0382804820e-02 4.8152316789e+03
W 1.0729927806e+00 2.3644894126e+14 7.0508960861e-03 5.4369027208e+03
W 1.0729927806e+00 2.9836472403e+14 4.6207024003e-03 6.2222192842e+03
W 1.0729927806e+00 3.7649358068e+14 2.7397429421e-03 7.0255396233e+03
W 1.0729927806e+00 4.7508101621e+14 1.4912340638e-03 7.9325727276e+03
W 1.0729927806e+00 5.9948425032e+14 7.3405538437e-04 8.9567084455e+03
W 1.0729927806e+00 7.5646332755e+14 3.2979650171e-04 1.0250432438e+04
W 1.0729927806e+00 9.5454845666e+14 1.2545259632e-04 1.1573815702e+04
W 1.0729927806e+00 1.2045035403e+15 4.0460878003e-05 1.3068054514e+04
W 1.0729927806e+00 1.5199110830e+15 1.0718822327e-05 1.4755207201e+04
W 1.0729927806e+00 1.9179102617e+15 2.2440328467e-06 1.6660179931e+04
W 1.0729927806e+00 2.4201282648e+15 3.6459116515e-07 1.9066607988e+04
W 1.0729927806e+00 3.0538555088e+15 4.1349090940e-08 2.1528204613e+04
W 1.0729927806e+00 3.8535285937e+15 3.1570065533e-09 2.4307605956e+04
W 1.0729927806e+00 4.8626015801e+15 1.4933902909e-10 2.7445842229e+04
W 1.0729927806e+00 6.1359072734e+15 4.0197432931e-12 3.1410171850e+04
W 1.0729927806e+00 7.7426368268e+15 5.0380381104e-14 3.5465385714e+04
W 1.0729927806e+00 9.7700995730e+15 2.5203025450e-16 4.0044148431e+04
W 1.0729927806e+00 1.2328467394e+16 4.0695257002e-19 4.5214052838e+04
W 1.0729927806e+00 1.5556761439e+16 1.7113346246e-22 5.1744856573e+04
W 1.0729927806e+00 1.9630406500e+16 1.3501181222e-26 5.8425382255e+04
W 1.0729927806e+00 2.4770763560e+16 1.4933716750e-31 6.5968397978e+04
W 1.0729927806e+00 3.1257158497e+16 1.5771333422e-37 7.4485255616e+04
W 1.0729927806e+00 3.9442060594e+16 1.0088301714e-44 8.5244047518e+04
W 1.0729927806e+00 4.9770235643e+16 1.9892120989e-53 9.6249490116e+04
W 1.0729927806e+00 6.2802914418e+16 5.5157676589e-64 1.0867579165e+05
W 1.0729927806e+00 7.9248289835e+16 7.4176426321e-77 1.2270639228e+05
W 1.0729927806e+00 1.0000000000e+17 1.2316532092e-92 1.4043033682e+05
W 1.1505466039e+00 1.2618568831e+07 1.5098881688e-02 6.7165837980e-01
W 1.1505466039e+00 1.5922827933e+07 1.5551084925e-02 7.5837291248e-01
W 1.1505466039e+00 2.0092330026e+07 1.6457177584e-02 8.6791373747e-01
W 1.1505466039e+00 2.5353644940e+07 1.6954705016e-02 9.7996584076e-01
W 1.1505466039e+00 3.1992671378e+07 1.7469598294e-02 1.1064844438e+00
W 1.1505466039e+00 4.0370172586e+07 1.8494850374e-02 1.2663071600e+00
W 1.1505466039e+00 5.0941380148e+07 1.9061406991e-02 1.4297938922e+00
W 1.1505466039e+00 6.4280731173e+07 2.0185109381e-02 1.6363160397e+00
W 1.1505466039e+00 8.1113083079e+07 2.0808457203e-02 1.8475728109e+00
W 1.1505466039e+00 1.0235310219e+08 2.2040256239e-02 2.1144397396e+00
W 1.1505466039e+00 1.2915496650e+08 2.2725921210e-02 2.3874247263e+00
W 1.1505466039e+00 1.6297508346e+08 2.3435302630e-02 2.6956534713e+00
W 1.1505466039e+00 2.0565123083e+08 2.4830167135e-02 3.0850187826e+00
W 1.1505466039e+00 2.5950242114e+08 2.5609905128e-02 3.4833104887e+00
W 1.1505466039e+00 3.2745491629e+08 2.7138723736e-02 3.9864464768e+00
W 1.1505466039e+00 4.1320124001e+08 2.7995128528e-02 4.5011171095e+00
W 1.1505466039e+00 5.2140082880e+08 2.8880280650e-02 5.0822343536e+00
W 1.1505466039e+00 6.5793322466e+08 3.0609768015e-02 5.8163219439e+00
W 1.1505466039e+00 8.3021756813e+08 3.1580236401e-02 6.5672388601e+00
W 1.1505466039e+00 1.0476157528e+09 3.2582176887e-02 7.4151029914e+00
W 1.1505466039e+00 1.3219411485e+09 3.3616109883e-02 8.3724307193e+00
W 1.1505466039e+00 1.6681005372e+09 3.5631061265e-02 9.5817605267e+00
W 1.1505466039e+00 2.1049041445e+09 3.6760231161e-02 1.0818814826e+01
W 1.1505466039e+00 2.6560877829e+09 3.7923245971e-02 1.2215579163e+01
W 1.1505466039e+00 3.3516026509e+09 4.0190111472e-02 1.3980020637e+01
W 1.1505466039e+00 4.2292428744e+09 4.1454402404e-02 1.5784912815e+01
W 1.1505466039e+00 5.3366992312e+09 4.2752966051e-02 1.7822825807e+01
W 1.1505466039e+00 6.7341506578e+09 4.4085147166e-02 2.0123843791e+01
W 1.1505466039e+00 8.4975343591e+09 4.6693069926e-02 2.3030570039e+01
W 1.1505466039e+00 1.0722672220e+10 4.8127403949e-02 2.6003934443e+01
W 1.1505466039e+00 1.3530477746e+10 4.9592107535e-02 2.9361175402e+01
W 1.1505466039e+00 1.7073526475e+10 5.1084880515e-02 3.3151853343e+01
W 1.1505466039e+00 2.1544346900e+10 5.4041576310e-02 3.7940370054e+01
W 1.1505466039e+00 2.7185882427e+10 5.5623321437e-02 4.2838665911e+01
W 1.1505466039e+00 3.4304692863e+10 5.7222936096e-02 4.8369356820e+01
W 1.1505466039e+00 4.3287612811e+10 5.8835170223e-02 5.4614088217e+01
W 1.1505466039e+00 5.4622772177e+10 6.2107243832e-02 6.2502650930e+01
W 1.1505466039e+00 6.8926121044e+10 6.3769160139e-02 7.0572062895e+01
W 1.1505466039e+00 8.6974900262e+10 6.5421316639e-02 7.9683277224e+01
W 1.1505466039e+00 1.0974987655e+11 6.7053514045e-02 8.9970795930e+01
W 1.1505466039e+00 1.3848863714e+11 7.0531757348e-02 1.0296634871e+02
W 1.1505466039e+00 1.7475284000e+11 7.2129658929e-02 1.1625983105e+02
W 1.1505466039e+00 2.2051307399e+11 7.3665474100e-02 1.3126956996e+02
W 1.1505466039e+00 2.7825594022e+11 7.5121439437e-02 1.4821714295e+02
W 1.1505466039e+00 3.5111917342e+11 7.6477603886e-02 1.6735273430e+02
W 1.1505466039e+00 4.4306214576e+11 7.9837191371e-02 1.9152548135e+02
W 1.1505466039e+00 5.5908101825e+11 8.0954362902e-02 2.1625240073e+02
W 1.1505466039e+00 7.0548023107e+11 8.1893064527e-02 2.4417169190e+02
W 1.1505466039e+00 8.9021508545e+11 8.2623096773e-02 2.7569550638e+02
W 1.1505466039e+00 1.1233240330e+12 8.3111981841e-02 3.1128920656e+02
W 1.1505466039e+00 1.4174741629e+12 8.5604248312e-02 3.5625241125e+02
W 1.1505466039e+00 1.7886495291e+12 8.5503142613e-02 4.0224641994e+02
W 1.1505466039e+00 2.2570197196e+12 8.5043870112e-02 4.5417849044e+02
W 1.1505466039e+00 2.8480358684e+12 8.4188436552e-02 5.1281525689e+02
W 1.1505466039e+00 3.5938136638e+12 8.2900045690e-02 5.7902232984e+02
W 1.1505466039e+00 4.5348785081e+12 8.3364034888e-02 6.6265741577e+02
W 1.1505466039e+00 5.7223676594e+12 8.1050760359e-02 7.4820987794e+02
W 1.1505466039e+00 7.2208090184e+12 7.8204725638e-02 8.4480760063e+02
W 1.1505466039e+00 9.1116275612e+12 7.4813096519e-02 9.5387658345e+02
W 1.1505466039e+00 1.1497569954e+13 7.0876201617e-02 1.0770269299e+03
W 1.1505466039e+00 1.4508287785e+13 6.6410841552e-02 1.2160766160e+03
W 1.1505466039e+00 1.8307382803e+13 6.3134359878e-02 1.3917290340e+03
W 1.1505466039e+00 2.3101297001e+13 5.7596899451e-02 1.5714083716e+03
W 1.1505466039e+00 2.9150530628e+13 5.1700970753e-02 1.7742852309e+03
W 1.1505466039e+00 3.6783797718e+13 4.5558642995e-02 2.0033545305e+03
W 1.1505466039e+00 4.6415888336e+13 3.9306373462e-02 2.2619978484e+03
W 1.1505466039e+00 5.8570208181e+13 3.4005926193e-02 2.5887251173e+03
W 1.1505466039e+00 7.3907220335e+13 2.7851438124e-02 2.9229427725e+03
W 1.1505466039e+00 9.3260334688e+13 2.2092162731e-02 3.3003096366e+03
W 1.1505466039e+00 1.1768119524e+14 1.6888564349e-02 3.7263964933e+03
W 1.1505466039e+00 1.4849682623e+14 1.2371062238e-02 4.2074933428e+03
W 1.1505466039e+00 1.8738174229e+14 8.8604074199e-03 4.8152316789e+03
W 1.1505466039e+00 2.3644894126e+14 5.8320343947e-03 5.4369027208e+03
W 1.1505466039e+00 2.9836472403e+14 3.5901688023e-03 6.1388346743e+03
W 1.1505466039e+00 3.7649358068e+14 2.0439445867e-03 6.9313896337e+03
W 1.1505466039e+00 4.7508101621e+14 1.0619177202e-03 7.8262674927e+03
W 1.1505466039e+00 5.9948425032e+14 5.0906342538e-04 8.9567084455e+03
W 1.1505466039e+00 7.5646332755e+14 2.0932413262e-04 1.0113065324e+04
W 1.1505466039e+00 9.5454845666e+14 7.4155487091e-05 1.1418713790e+04
W 1.1505466039e+00 1.2045035403e+15 2.2022466781e-05 1.2892928152e+04
W 1.1505466039e+00 1.5199110830e+15 5.3001361408e-06 1.4557471130e+04
W 1.1505466039e+00 1.9179102617e+15 1.0191116990e-06 1.6660179931e+04
W 1.1505466039e+00 2.4201282648e+15 1.4136255151e-07 1.8811094384e+04
W 1.1505466039e+00 3.0538555088e+15 1.3747791377e-08 2.1239702897e+04
W 1.1505466039e+00 3.8535285937e+15 8.7610319493e-10 2.3981857192e+04
W 1.1505466039e+00 4.8626015801e+15 3.4391277449e-11 2.7445842229e+04
W 1.1505466039e+00 6.1359072734e+15 6.9896959838e-13 3.0989240860e+04
W 1.1505466039e+00 7.7426368268e+15 6.4618589217e-15 3.4990110379e+04
W 1.1505466039e+00 9.7700995730e+15 2.2400232135e-17 3.9507512620e+04
W 1.1505466039e+00 1.2328467394e+16 2.3213462303e-20 4.4608134598e+04
W 1.1505466039e+00 1.5556761439e+16 5.7090239951e-24 5.1051418350e+04
W 1.1505466039e+00 1.9630406500e+16 2.3561893912e-28 5.7642417611e+04
W 1.1505466039e+00 2.4770763560e+16 1.1934465864e-33 6.5084348593e+04
W 1.1505466039e+00 3.1257158497e+16 4.9217246211e-40 7.3487070933e+04
W 1.1505466039e+00 3.9442060594e+16 1.0144544431e-47 8.4101683142e+04
W 1.1505466039e+00 4.9770235643e+16 5.0985104199e-57 9.4959640655e+04
W 1.1505466039e+00 6.2802914418e+16 2.6973134629e-68 1.0721941603e+05
W 1.1505466039e+00 7.9248289835e+16 4.8191745890e-82 1.2106199111e+05
W 1.1505466039e+00 1.0000000000e+17 6.7339738154e-99 1.3854841522e+05
W 1.2337058661e+00 1.2618568831e+07 1.6477968953e-02 6.6265741577e-01
W 1.2337058661e+00 1.5922827933e+07 1.6969290376e-02 7.4820987794e-01
W 1.2337058661e+00 2.0092330026e+07 1.7955571924e-02 8.5628273491e-01
W 1.2337058661e+00 2.5353644940e+07 1.8495736940e-02 9.6683321627e-01
W 1.2337058661e+00 3.1992671378e+07 1.9575686099e-02 1.1064844438e+00
W 1.2337058661e+00 4.0370172586e+07 2.0169552060e-02 1.2493372457e+00
W 1.2337058661e+00 5.0941380148e+07 2.1352325924e-02 1.4297938922e+00
W 1.2337058661e+00 6.4280731173e+07 2.2005150307e-02 1.6143875977e+00
W 1.2337058661e+00 8.1113083079e+07 2.3300703237e-02 1.8475728109e+00
W 1.2337058661e+00 1.0235310219e+08 2.4018137420e-02 2.0861039120e+00
W 1.2337058661e+00 1.2915496650e+08 2.4760036465e-02 2.3554305985e+00
W 1.2337058661e+00 1.6297508346e+08 2.6225312097e-02 2.6956534713e+00
W 1.2337058661e+00 2.0565123083e+08 2.7039998363e-02 3.0436761240e+00
W 1.2337058661e+00 2.5950242114e+08 2.8644623360e-02 3.4833104887e+00
W 1.2337058661e+00 3.2745491629e+08 2.9538502915e-02 3.9330236916e+00
W 1.2337058661e+00 4.1320124001e+08 3.0461902075e-02 4.4407971694e+00
W 1.2337058661e+00 5.2140082880e+08 3.2274723988e-02 5.0822343536e+00
W 1.2337058661e+00 6.5793322466e+08 3.3286033219e-02 5.7383768066e+00
W 1.2337058661e+00 8.3021756813e+08 3.4329559554e-02 6.4792306068e+00
W 1.2337058661e+00 1.0476157528e+09 3.6374175110e-02 7.4151029914e+00
W 1.2337058661e+00 1.3219411485e+09 3.7513871593e-02 8.3724307193e+00
W 1.2337058661e+00 1.6681005372e+09 3.8687887043e-02 9.4533543540e+00
W 1.2337058661e+00 2.1049041445e+09 4.0987573424e-02 1.0818814826e+01
W 1.2337058661e+00 2.6560877829e+09 4.2264524428e-02 1.2215579163e+01
W 1.2337058661e+00 3.3516026509e+09 4.3576671778e-02 1.3792672921e+01
W 1.2337058661e+00 4.2292428744e+09 4.4923564107e-02 1.5573377552e+01
W 1.2337058661e+00 5.3366992312e+09 4.7570938960e-02 1.7822825807e+01
W 1.2337058661e+00 6.7341506578e+09 4.9023489303e-02 2.0123843791e+01
W 1.2337058661e+00 8.4975343591e+09 5.0508446561e-02 2.2721934967e+01
W 1.2337058661e+00 1.0722672220e+10 5.2023905268e-02 2.5655453004e+01
W 1.2337058661e+00 1.3530477746e+10 5.5032559934e-02 2.9361175402e+01
W 1.2337058661e+00 1.7073526475e+10 5.6644097004e-02 3.3151853343e+01
W 1.2337058661e+00 2.1544346900e+10 5.8277648940e-02 3.7431927196e+01
W 1.2337058661e+00 2.7185882427e+10 5.9928682212e-02 4.2264580479e+01
W 1.2337058661e+00 3.4304692863e+10 6.3276367763e-02 4.8369356820e+01
W 1.2337058661e+00 4.3287612811e+10 6.4990792691e-02 5.4614088217e+01
W 1.2337058661e+00 5.4622772177e+10 6.6703341274e-02 6.1665046383e+01
W 1.2337058661e+00 6.8926121044e+10 6.8405046033e-02 6.9626319316e+01
W 1.2337058661e+00 8.6974900262e+10 7.2002425267e-02 7.9683277224e+01
W 1.2337058661e+00 1.0974987655e+11 7.3694815432e-02 8.9970795930e+01
W 1.2337058661e+00 1.3848863714e+11 7.5339158046e-02 1.0158648593e+02
W 1.2337058661e+00 1.7475284000e+11 7.6919554697e-02 1.1470182092e+02
W 1.2337058661e+00 2.2051307399e+11 7.8418073749e-02 1.2951041276e+02
W 1.2337058661e+00 2.7825594022e+11 8.1997598162e-02 1.4821714295e+02
W 1.2337058661e+00 3.5111917342e+11 8.3304549504e-02 1.6735273430e+02
W 1.2337058661e+00 4.4306214576e+11 8.4458297069e-02 1.8895882839e+02
W 1.2337058661e+00 5.5908101825e+11 8.5430967402e-02 2.1335437975e+02
W 1.2337058661e+00 7.0548023107e+11 8.6192286262e-02 2.4089952158e+02
W 1.2337058661e+00 8.9021508545e+11 8.9081297818e-02 2.7569550638e+02
W 1.2337058661e+00 1.1233240330e+12 8.9326858868e-02 3.1128920656e+02
W 1.2337058661e+00 1.4174741629e+12 8.9249313733e-02 3.5147823552e+02
W 1.2337058661e+00 1.7886495291e+12 8.8810607988e-02 3.9685587370e+02
W 1.2337058661e+00 2.2570197196e+12 8.7972594806e-02 4.4809199709e+02
W 1.2337058661e+00 2.8480358684e+12 8.9069465963e-02 5.1281525689e+02
W 1.2337058661e+00 3.5938136638e+12 8.7276464924e-02 5.7902232984e+02
W 1.2337058661e+00 4.5348785081e+12 8.4968823051e-02 6.5377707459e+02
W 1.2337058661e+00 5.7223676594e+12 8.2122507112e-02 7.3818303930e+02
W 1.2337058661e+00 7.2208090184e+12 7.8723014463e-02 8.3348624582e+02
W 1.2337058661e+00 9.1116275612e+12 7.4768372475e-02 9.4109358382e+02
W 1.2337058661e+00 1.1497569954e+13 7.2194344689e-02 1.0770269299e+03
W 1.2337058661e+00 1.4508287785e+13 6.7052744274e-02 1.2160766160e+03
W 1.2337058661e+00 1.8307382803e+13 6.1444581854e-02 1.3730783280e+03
W 1.2337058661e+00 2.3101297001e+13 5.5450581232e-02 1.5503497641e+03
W 1.2337058661e+00 2.9150530628e+13 4.9177103333e-02 1.7505078494e+03
W 1.2337058661e+00 3.6783797718e+13 4.3924554621e-02 2.0033545305e+03
W 1.2337058661e+00 4.6415888336e+13 3.7330731891e-02 2.2619978484e+03
W 1.2337058661e+00 5.8570208181e+13 3.0911736842e-02 2.5540333419e+03
W 1.2337058661e+00 7.3907220335e+13 2.4843087215e-02 2.8837721114e+03
W 1.2337058661e+00 9.3260334688e+13 1.9291228526e-02 3.2560818428e+03
W 1.2337058661e+00 1.1768119524e+14 1.4397930241e-02 3.6764586650e+03
W 1.2337058661e+00 1.4849682623e+14 1.0545370700e-02 4.2074933428e+03
W 1.2337058661e+00 1.8738174229e+14 7.1293750854e-03 4.7507022567e+03
W 1.2337058661e+00 2.3644894126e+14 4.5317368472e-03 5.3640422201e+03
W 1.2337058661e+00 2.9836472403e+14 2.6810122930e-03 6.0565675103e+03
W 1.2337058661e+00 3.7649358068e+14 1.4586062329e-03 6.8385013580e+03
W 1.2337058661e+00 4.7508101621e+14 7.3908919483e-04 7.8262674927e+03
W 1.2337058661e+00 5.9948425032e+14 3.2487739047e-04 8.8366786611e+03
W 1.2337058661e+00 7.5646332755e+14 1.2470511391e-04 9.9775390799e+03
W 1.2337058661e+00 9.5454845666e+14 4.0801956617e-05 1.1265690415e+04
W 1.2337058661e+00 1.2045035403e+15 1.1050389261e-05 1.2720148677e+04
W 1.2337058661e+00 1.5199110830e+15 2.4544201959e-06 1.4557471130e+04
W 1.2337058661e+00 1.9179102617e+15 4.0532721182e-07 1.6436915121e+04
W 1.2337058661e+00 2.4201282648e+15 4.8563731025e-08 1.8559004946e+04
W 1.2337058661e+00 3.0538555088e+15 3.9777861415e-09 2.0955067422e+04
W 1.2337058661e+00 3.8535285937e+15 2.0715634328e-10 2.3660473821e+04
W 1.2337058661e+00 4.8626015801e+15 6.4065698429e-12 2.7078037634e+04
W 1.2337058661e+00 6.1359072734e+15 9.8049040925e-14 3.0573950809e+04
W 1.2337058661e+00 7.7426368268e+15 6.4524841828e-16 3.4521204259e+04
W 1.2337058661e+00 9.7700995730e+15 1.4849204551e-18 3.8978068320e+04
W 1.2337058661e+00 1.2328467394e+16 9.3771656795e-22 4.4010336332e+04
W 1.2337058661e+00 1.5556761439e+16 1.2667519181e-25 5.0367272966e+04
W 1.2337058661e+00 1.9630406500e+16 2.5354785051e-30 5.6869945558e+04
W 1.2337058661e+00 2.4770763560e+16 5.3678602768e-36 6.4212146446e+04
W 1.2337058661e+00 3.1257158497e+16 7.7445455003e-43 7.2502263027e+04
W 1.2337058661e+00 3.9442060594e+16 4.5059973876e-51 8.2974627711e+04
W 1.2337058661e+00 4.9770235643e+16 4.9199914420e-61 9.3687076602e+04
W 1.2337058661e+00 6.2802914418e+16 4.0919506222e-73 1.0578255744e+05
W 1.2337058661e+00 7.9248289835e+16 7.6718125882e-88 1.1943962674e+05
W 1.2337058661e+00 1.0000000000e+17 6.5754218311e-106 1.3485989354e+05
W 1.3228757175e+00 1.2618568831e+07 1.7989540017e-02 6.5377707459e-01
W 1.3228757175e+00 1.5922827933e+07 1.8523205154e-02 7.3818303930e-01
W 1.3228757175e+00 2.0092330026e+07 1.9596755990e-02 8.4480760063e-01
W 1.3228757175e+00 2.5353644940e+07 2.0182978659e-02 9.5387658345e-01
W 1.3228757175e+00 3.1992671378e+07 2.1357737882e-02 1.0916563303e+00
W 1.3228757175e+00 4.0370172586e+07 2.2001630291e-02 1.2325947469e+00
W 1.3228757175e+00 5.0941380148e+07 2.3287324398e-02 1.4106330750e+00
W 1.3228757175e+00 6.4280731173e+07 2.3994388938e-02 1.5927530210e+00
W 1.3228757175e+00 8.1113083079e+07 2.5401548168e-02 1.8228132949e+00
W 1.3228757175e+00 1.0235310219e+08 2.6177659152e-02 2.0581478158e+00
W 1.3228757175e+00 1.2915496650e+08 2.7717624496e-02 2.3554305985e+00
W 1.3228757175e+00 1.6297508346e+08 2.8568992410e-02 2.6595287378e+00
W 1.3228757175e+00 2.0565123083e+08 2.9448459401e-02 3.0028875026e+00
W 1.3228757175e+00 2.5950242114e+08 3.1187002338e-02 3.4366302814e+00
W 1.3228757175e+00 3.2745491629e+08 3.2150376123e-02 3.8803168307e+00
W 1.3228757175e+00 4.1320124001e+08 3.4051194957e-02 4.4407971694e+00
W 1.3228757175e+00 5.2140082880e+08 3.5105045176e-02 5.0141268007e+00
W 1.3228757175e+00 6.5793322466e+08 3.6191805776e-02 5.6614762203e+00
W 1.3228757175e+00 8.3021756813e+08 3.8332448296e-02 6.4792306068e+00
W 1.3228757175e+00 1.0476157528e+09 3.9517872411e-02 7.3157324225e+00
W 1.3228757175e+00 1.3219411485e+09 4.0738198081e-02 8.2602309016e+00
W 1.3228757175e+00 1.6681005372e+09 4.3142081880e-02 9.4533543540e+00
W 1.3228757175e+00 2.1049041445e+09 4.4467626590e-02 1.0673830759e+01
W 1.3228757175e+00 2.6560877829e+09 4.5828766191e-02 1.2051876912e+01
W 1.3228757175e+00 3.3516026509e+09 4.7224966322e-02 1.3607835872e+01
W 1.3228757175e+00 4.2292428744e+09 4.9986165322e-02 1.5573377552e+01
W 1.3228757175e+00 5.3366992312e+09 5.1489712238e-02 1.7583980259e+01
W 1.3228757175e+00 6.7341506578e+09 5.3025661257e-02 1.9854162060e+01
W 1.3228757175e+00 8.4975343591e+09 5.4591974821e-02 2.2417435945e+01
W 1.3228757175e+00 1.0722672220e+10 5.7722827217e-02 2.5655453004e+01
W 1.3228757175e+00 1.3530477746e+10 5.9385871992e-02 2.8967703227e+01
W 1.3228757175e+00 1.7073526475e+10 6.1070309085e-02 3.2707581897e+01
W 1.3228757175e+00 2.1544346900e+10 6.2771416721e-02 3.6930298034e+01
W 1.3228757175e+00 2.7185882427e+10 6.6247263299e-02 4.2264580479e+01
W 1.3228757175e+00 3.4304692863e+10 6.8010841288e-02 4.7721154022e+01
W 1.3228757175e+00 4.3287612811e+10 6.9771071827e-02 5.3882199122e+01
W 1.3228757175e+00 5.4622772177e+10 7.1518742622e-02 6.0838666662e+01
W 1.3228757175e+00 6.8926121044e+10 7.5246499963e-02 6.9626319316e+01
W 1.3228757175e+00 8.6974900262e+10 7.6981857809e-02 7.8615433311e+01
W 1.3228757175e+00 1.0974987655e+11 7.8666654937e-02 8.8765087906e+01
W 1.3228757175e+00 1.3848863714e+11 8.0284762579e-02 1.0022511483e+02
W 1.3228757175e+00 1.7475284000e+11 8.1818006027e-02 1.1316468985e+02
W 1.3228757175e+00 2.2051307399e+11 8.5522904700e-02 1.2951041276e+02
W 1.3228757175e+00 2.7825594022e+11 8.6858745562e-02 1.4623086955e+02
W 1.3228757175e+00 3.5111917342e+11 8.8037711927e-02 1.6511002285e+02
W 1.3228757175e+00 4.4306214576e+11 8.9031788220e-02 1.8642657141e+02
W 1.3228757175e+00 5.5908101825e+11 8.9810594103e-02 2.1049519544e+02
W 1.3228757175e+00 7.0548023107e+11 9.2812439404e-02 2.4089952158e+02
W 1.3228757175e+00 8.9021508545e+11 9.3067744060e-02 2.7200088213e+02
W 1.3228757175e+00 1.1233240330e+12 9.2995813857e-02 3.0711758742e+02
W 1.3228757175e+00 1.4174741629e+12 9.2558606221e-02 3.4676803901e+02
W 1.3228757175e+00 1.7886495291e+12 9.1717974027e-02 3.9153756672e+02
W 1.3228757175e+00 2.2570197196e+12 9.2910311039e-02 4.4809199709e+02
W 1.3228757175e+00 2.8480358684e+12 9.1105893244e-02 5.0594296612e+02
W 1.3228757175e+00 3.5938136638e+12 8.8782047971e-02 5.7126279118e+02
W 1.3228757175e+00 4.5348785081e+12 8.5914125357e-02 6.4501573980e+02
W 1.3228757175e+00 5.7223676594e+12 8.2486625126e-02 7.2829057136e+02
W 1.3228757175e+00 7.2208090184e+12 7.8496079519e-02 8.2231660967e+02
W 1.3228757175e+00 9.1116275612e+12 7.5976846768e-02 9.4109358382e+02
W 1.3228757175e+00 1.1497569954e+13 7.0774930188e-02 1.0625935796e+03
W 1.3228757175e+00 1.4508287785e+13 6.5089664219e-02 1.1997798464e+03
W 1.3228757175e+00 1.8307382803e+13 5.8997454213e-02 1.3546775620e+03
W 1.3228757175e+00 2.3101297001e+13 5.2599868374e-02 1.5295733651e+03
W 1.3228757175e+00 2.9150530628e+13 4.6023069073e-02 1.7270491110e+03
W 1.3228757175e+00 3.6783797718e+13 4.0492919722e-02 1.9765073674e+03
W 1.3228757175e+00 4.6415888336e+13 3.3839937611e-02 2.2316845792e+03
W 1.3228757175e+00 5.8570208181e+13 2.7498080276e-02 2.5198064745e+03
W 1.3228757175e+00 7.3907220335e+13 2.1637140784e-02 2.8451263804e+03
W 1.3228757175e+00 9.3260334688e+13 1.6406766614e-02 3.2124467502e+03
W 1.3228757175e+00 1.1768119524e+14 1.1921059018e-02 3.6271900589e+03
W 1.3228757175e+00 1.4849682623e+14 8.4705410945e-03 4.1511082855e+03
W 1.3228757175e+00 1.8738174229e+14 5.5332863750e-03 4.6870376000e+03
W 1.3228757175e+00 2.3644894126e+14 3.3825922548e-03 5.2921581306e+03
W 1.3228757175e+00 2.9836472403e+14 1.9141710465e-03 5.9754028171e+03
W 1.3228757175e+00 3.7649358068e+14 9.8985804032e-04 6.7468578877e+03
W 1.3228757175e+00 4.7508101621e+14 4.7323786257e-04 7.7213868654e+03
W 1.3228757175e+00 5.9948425032e+14 1.9457883211e-04 8.7182574082e+03
W 1.3228757175e+00 7.5646332755e+14 6.9158478791e-05 9.8438290376e+03
W 1.3228757175e+00 9.5454845666e+14 2.0703051423e-05 1.1114717722e+04
W 1.3228757175e+00 1.2045035403e+15 5.0579589242e-06 1.2549684637e+04
W 1.3228757175e+00 1.5199110830e+15 9.6996856191e-07 1.4169913121e+04
W 1.3228757175e+00 1.9179102617e+15 1.4307139836e-07 1.6216642306e+04
W 1.3228757175e+00 2.4201282648e+15 1.4552585211e-08 1.8310293784e+04
W 1.3228757175e+00 3.0538555088e+15 9.8377063499e-10 2.0674246377e+04
W 1.3228757175e+00 3.8535285937e+15 4.0882080398e-11 2.3343397343e+04
W 1.3228757175e+00 4.8626015801e+15 9.4264281086e-13 2.6357149352e+04
W 1.3228757175e+00 6.1359072734e+15 1.0793107029e-14 3.0164226104e+04
W 1.3228757175e+00 7.7426368268e+15 4.8572115823e-17 3.4058581998e+04
W 1.3228757175e+00 9.7700995730e+15 7.0703449798e-20 3.8455719160e+04
W 1.3228757175e+00 1.2328467394e+16 2.5662314551e-23 4.3420549222e+04
W 1.3228757175e+00 1.5556761439e+16 1.7269521857e-27 4.9026364243e+04
W 1.3228757175e+00 1.9630406500e+16 1.5812136561e-32 5.6107825483e+04
W 1.3228757175e+00 2.4770763560e+16 1.2623008811e-38 6.3351632771e+04
W 1.3228757175e+00 3.1257158497e+16 5.6286170866e-46 7.1530652635e+04
W 1.3228757175e+00 3.9442060594e+16 7.7503654085e-55 8.0765625803e+04
W 1.3228757175e+00 4.9770235643e+16 1.5353315697e-65 9.1192881248e+04
W 1.3228757175e+00 6.2802914418e+16 1.6577889945e-78 1.0436495435e+05
W 1.3228757175e+00 7.9248289835e+16 2.4995939337e-94 1.1783900384e+05
W 1.3228757175e+00 1.0000000000e+17 9.7420058154e-114 1.3305262203e+05
W 1.4184905916e+00 1.2618568831e+07 1.9122131158e-02 6.3637181656e-01
W 1.4184905916e+00 1.5922827933e+07 2.0224511125e-02 7.2829057136e-01
W 1.4184905916e+00 2.0092330026e+07 2.1392864952e-02 8.3348624582e-01
W 1.4184905916e+00 2.5353644940e+07 2.2028686776e-02 9.4109358382e-01
W 1.4184905916e+00 3.1992671378e+07 2.3306262504e-02 1.0770269299e+00
W 1.4184905916e+00 4.0370172586e+07 2.4003880282e-02 1.2160766160e+00
W 1.4184905916e+00 5.0941380148e+07 2.5400967834e-02 1.3917290340e+00
W 1.4184905916e+00 6.4280731173e+07 2.6166100276e-02 1.5714083716e+00
W 1.4184905916e+00 8.1113083079e+07 2.7693786454e-02 1.7983855837e+00
W 1.4184905916e+00 1.0235310219e+08 2.8532488222e-02 2.0305663622e+00
W 1.4184905916e+00 1.2915496650e+08 3.0202644753e-02 2.3238652272e+00
W 1.4184905916e+00 1.6297508346e+08 3.1121250426e-02 2.6238881157e+00
W 1.4184905916e+00 2.0565123083e+08 3.2069367899e-02 2.9626454939e+00
W 1.4184905916e+00 2.5950242114e+08 3.3951520108e-02 3.3905756404e+00
W 1.4184905916e+00 3.2745491629e+08 3.4988147755e-02 3.8283162999e+00
W 1.4184905916e+00 4.1320124001e+08 3.7043116088e-02 4.3812855831e+00
W 1.4184905916e+00 5.2140082880e+08 3.8174670081e-02 4.9469319642e+00
W 1.4184905916e+00 6.5793322466e+08 3.9340174302e-02 5.5856061867e+00
W 1.4184905916e+00 8.3021756813e+08 4.1648733938e-02 6.3924017614e+00
W 1.4184905916e+00 1.0476157528e+09 4.2916686488e-02 7.2176935289e+00
W 1.4184905916e+00 1.3219411485e+09 4.4220041563e-02 8.1495346853e+00
W 1.4184905916e+00 1.6681005372e+09 4.6804707220e-02 9.3266689659e+00
W 1.4184905916e+00 2.1049041445e+09 4.8215746399e-02 1.0530789640e+01
W 1.4184905916e+00 2.6560877829e+09 4.9661970364e-02 1.1890368452e+01
W 1.4184905916e+00 3.3516026509e+09 5.1142438254e-02 1.3425475844e+01
W 1.4184905916e+00 4.2292428744e+09 5.4096038812e-02 1.5364677094e+01
W 1.4184905916e+00 5.3366992312e+09 5.5682980293e-02 1.7348335504e+01
W 1.4184905916e+00 6.7341506578e+09 5.7299844671e-02 1.9588094363e+01
W 1.4184905916e+00 8.4975343591e+09 6.0556056369e-02 2.2417435945e+01
W 1.4184905916e+00 1.0722672220e+10 6.2269565846e-02 2.5311641602e+01
W 1.4184905916e+00 1.3530477746e+10 6.4003417907e-02 2.8579504013e+01
W 1.4184905916e+00 1.7073526475e+10 6.5752664476e-02 3.2269264179e+01
W 1.4184905916e+00 2.1544346900e+10 6.9357942509e-02 3.6930298034e+01
W 1.4184905916e+00 2.7185882427e+10 7.1167587273e-02 4.1698188426e+01
W 1.4184905916e+00 3.4304692863e+10 7.2971772987e-02 4.7081637858e+01
W 1.4184905916e+00 4.3287612811e+10 7.4761010918e-02 5.3160118149e+01
W 1.4184905916e+00 5.4622772177e+10 7.6524379488e-02 6.0023361341e+01
W 1.4184905916e+00 6.8926121044e+10 8.0389592520e-02 6.8693249746e+01
W 1.4184905916e+00 8.6974900262e+10 8.2107863564e-02 7.7561899686e+01
W 1.4184905916e+00 1.0974987655e+11 8.3755741216e-02 8.7575537700e+01
W 1.4184905916e+00 1.3848863714e+11 8.5314769818e-02 9.8881987607e+01
W 1.4184905916e+00 1.7475284000e+11 8.6764337669e-02 1.1164815803e+02
W 1.4184905916e+00 2.2051307399e+11 9.0490705269e-02 1.2777483020e+02
W 1.4184905916e+00 2.7825594022e+11 9.1682256267e-02 1.4427121441e+02
W 1.4184905916e+00 3.5111917342e+11 9.2683863547e-02 1.6289736620e+02
W 1.4184905916e+00 4.4306214576e+11 9.3465017020e-02 1.8392824948e+02
W 1.4184905916e+00 5.5908101825e+11 9.3993043523e-02 2.0767432736e+02
W 1.4184905916e+00 7.0548023107e+11 9.6810731479e-02 2.3767120195e+02
W 1.4184905916e+00 8.9021508545e+11 9.6725044985e-02 2.6835576992e+02
W 1.4184905916e+00 1.1233240330e+12 9.6268833245e-02 3.0300187259e+02
W 1.4184905916e+00 1.4174741629e+12 9.5404100651e-02 3.4212096433e+02
W 1.4184905916e+00 1.7886495291e+12 9.4093891483e-02 3.8629053094e+02
W 1.4184905916e+00 2.2570197196e+12 9.4828268718e-02 4.4208706948e+02
W 1.4184905916e+00 2.8480358684e+12 9.2464815194e-02 4.9916277164e+02
W 1.4184905916e+00 3.5938136638e+12 8.9552314862e-02 5.6360723890e+02
W 1.4184905916e+00 4.5348785081e+12 8.6074900797e-02 6.3637181656e+02
W 1.4184905916e+00 5.7223676594e+12 8.2028367857e-02 7.1853067342e+02
W 1.4184905916e+00 7.2208090184e+12 7.7423147389e-02 8.1129665897e+02
W 1.4184905916e+00 9.1116275612e+12 7.2287319420e-02 9.1603920781e+02
W 1.4184905916e+00 1.1497569954e+13 6.8492872473e-02 1.0483536522e+03
W 1.4184905916e+00 1.4508287785e+13 6.2299215269e-02 1.1837014715e+03
W 1.4184905916e+00 1.8307382803e+13 5.5781211644e-02 1.3365233867e+03
W 1.4184905916e+00 2.3101297001e+13 4.9060892857e-02 1.5090753928e+03
W 1.4184905916e+00 2.9150530628e+13 4.2282117649e-02 1.7039047457e+03
W 1.4184905916e+00 3.6783797718e+13 3.5605440510e-02 1.9238875646e+03
W 1.4184905916e+00 4.6415888336e+13 2.9998607980e-02 2.2017775413e+03
W 1.4184905916e+00 5.8570208181e+13 2.3867649685e-02 2.4860382850e+03
W 1.4184905916e+00 7.3907220335e+13 1.8340999203e-02 2.8069985449e+03
W 1.4184905916e+00 9.3260334688e+13 1.3541872889e-02 3.1693964161e+03
W 1.4184905916e+00 1.1768119524e+14 9.5483648384e-03 3.5785817064e+03
W 1.4184905916e+00 1.4849682623e+14 6.3836199098e-03 4.0405949108e+03
W 1.4184905916e+00 1.8738174229e+14 4.1224671935e-03 4.6242261201e+03
W 1.4184905916e+00 2.3644894126e+14 2.4124160116e-03 5.2212373672e+03
W 1.4184905916e+00 2.9836472403e+14 1.2988967564e-03 5.8953258204e+03
W 1.4184905916e+00 3.7649358068e+14 6.3458097099e-04 6.6564425412e+03
W 1.4184905916e+00 4.7508101621e+14 2.7669926110e-04 7.5158233240e+03
W 1.4184905916e+00 5.9948425032e+14 1.0557364852e-04 8.4861545621e+03
W 1.4184905916e+00 7.5646332755e+14 3.5368919919e-05 9.7119108575e+03
W 1.4184905916e+00 9.5454845666e+14 9.5851020932e-06 1.0965768230e+04
W 1.4184905916e+00 1.2045035403e+15 2.0866195025e-06 1.2381505004e+04
W 1.4184905916e+00 1.5199110830e+15 3.4990087743e-07 1.3980020637e+04
W 1.4184905916e+00 1.9179102617e+15 4.2952928219e-08 1.5784912815e+04
W 1.4184905916e+00 2.4201282648e+15 3.6373160482e-09 1.7822825807e+04
W 1.4184905916e+00 3.0538555088e+15 2.0376861308e-10 2.0397188644e+04
W 1.4184905916e+00 3.8535285937e+15 6.5776934078e-12 2.3030570039e+04
W 1.4184905916e+00 4.8626015801e+15 1.1253566107e-13 2.6003934443e+04
W 1.4184905916e+00 6.1359072734e+15 8.7945943232e-16 2.9361175402e+04
W 1.4184905916e+00 7.7426368268e+15 2.5866762111e-18 3.3151853343e+04
W 1.4184905916e+00 9.7700995730e+15 2.2550959485e-21 3.7431927196e+04
W 1.4184905916e+00 1.2328467394e+16 4.5244144077e-25 4.2838665911e+04
W 1.4184905916e+00 1.5556761439e+16 1.4386700428e-29 4.8369356820e+04
W 1.4184905916e+00 1.9630406500e+16 5.1844565482e-35 5.4614088217e+04
W 1.4184905916e+00 2.4770763560e+16 1.3894169248e-41 6.1665046383e+04
W 1.4184905916e+00 3.1257158497e+16 1.6647488652e-49 6.9626319316e+04
W 1.4184905916e+00 3.9442060594e+16 4.8378270288e-59 7.9683277224e+04
W 1.4184905916e+00 4.9770235643e+16 1.4187537547e-70 8.9970795930e+04
W 1.4184905916e+00 6.2802914418e+16 1.4726988635e-84 1.0158648593e+05
W 1.4184905916e+00 7.9248289835e+16 1.3225072443e-101 1.1470182092e+05
W 1.4184905916e+00 1.0000000000e+17 1.6218037680e-122 1.2951041276e+05
W 1.5210163222e+00 1.2618568831e+07 2.0885650021e-02 6.2784373144e-01
W 1.5210163222e+00 1.5922827933e+07 2.1497473338e-02 7.0890156889e-01
W 1.5210163222e+00 2.0092330026e+07 2.2734751573e-02 8.1129665897e-01
W 1.5210163222e+00 2.5353644940e+07 2.4045602767e-02 9.2848189051e-01
W 1.5210163222e+00 3.1992671378e+07 2.4757276602e-02 1.0483536522e+00
W 1.5210163222e+00 4.0370172586e+07 2.6189483048e-02 1.1997798464e+00
W 1.5210163222e+00 5.0941380148e+07 2.6969177741e-02 1.3546775620e+00
W 1.5210163222e+00 6.4280731173e+07 2.8533810852e-02 1.5503497641e+00
W 1.5210163222e+00 8.1113083079e+07 2.9387485909e-02 1.7505078494e+00
W 1.5210163222e+00 1.0235310219e+08 3.1096365201e-02 2.0033545305e+00
W 1.5210163222e+00 1.2915496650e+08 3.2030223261e-02 2.2619978484e+00
W 1.5210163222e+00 1.6297508346e+08 3.3895862131e-02 2.5887251173e+00
W 1.5210163222e+00 2.0565123083e+08 3.4916248957e-02 2.9229427725e+00
W 1.5210163222e+00 2.5950242114e+08 3.6951750477e-02 3.3451381824e+00
W 1.5210163222e+00 3.2745491629e+08 3.8065000105e-02 3.7770126337e+00
W 1.5210163222e+00 4.1320124001e+08 3.9211420171e-02 4.2646442859e+00
W 1.5210163222e+00 5.2140082880e+08 4.1496089171e-02 4.8806376128e+00
W 1.5210163222e+00 6.5793322466e+08 4.2742961799e-02 5.5107528953e+00
W 1.5210163222e+00 8.3021756813e+08 4.4024600459e-02 6.2222192842e+00
W 1.5210163222e+00 1.0476157528e+09 4.6581051928e-02 7.1209684648e+00
W 1.5210163222e+00 1.3219411485e+09 4.7968788170e-02 8.0403219206e+00
W 1.5210163222e+00 1.6681005372e+09 4.9391430026e-02 9.0783686106e+00
W 1.5210163222e+00 2.1049041445e+09 5.2238961914e-02 1.0389665429e+01
W 1.5210163222e+00 2.6560877829e+09 5.3769601249e-02 1.1731024384e+01
W 1.5210163222e+00 3.3516026509e+09 5.5332795079e-02 1.3245559641e+01
W 1.5210163222e+00 4.2292428744e+09 5.8483668855e-02 1.5158773453e+01
W 1.5210163222e+00 5.3366992312e+09 6.0150283846e-02 1.7115848650e+01
W 1.5210163222e+00 6.7341506578e+09 6.1843082034e-02 1.9325592266e+01
W 1.5210163222e+00 8.4975343591e+09 6.3558486273e-02 2.1820625087e+01
W 1.5210163222e+00 1.0722672220e+10 6.7078002717e-02 2.4972437651e+01
W 1.5210163222e+00 1.3530477746e+10 6.8872741235e-02 2.8196507098e+01
W 1.5210163222e+00 1.7073526475e+10 7.0674933867e-02 3.1836820402e+01
W 1.5210163222e+00 2.1544346900e+10 7.2477408958e-02 3.5947116777e+01
W 1.5210163222e+00 2.7185882427e+10 7.6303246656e-02 4.1139386652e+01
W 1.5210163222e+00 3.4304692863e+10 7.8128679987e-02 4.6450691916e+01
W 1.5210163222e+00 4.3287612811e+10 7.9924759301e-02 5.2447713859e+01
W 1.5210163222e+00 5.4622772177e+10 8.1678643754e-02 5.9218982013e+01
W 1.5210163222e+00 6.8926121044e+10 8.5656198496e-02 6.7772684338e+01
W 1.5210163222e+00 8.6974900262e+10 8.7324697489e-02 7.6522484575e+01
W 1.5210163222e+00 1.0974987655e+11 8.8899287159e-02 8.6401928782e+01
W 1.5210163222e+00 1.3848863714e+11 9.0359039137e-02 9.7556859773e+01
W 1.5210163222e+00 1.7475284000e+11 9.1680802906e-02 1.1015194942e+02
W 1.5210163222e+00 2.2051307399e+11 9.5378405206e-02 1.2606250637e+02
W 1.5210163222e+00 2.7825594022e+11 9.6372203436e-02 1.4233782081e+02
W 1.5210163222e+00 3.5111917342e+11 9.7139081345e-02 1.6071436160e+02
W 1.5210163222e+00 4.4306214576e+11 9.7646299294e-02 1.8146340781e+02
W 1.5210163222e+00 5.5908101825e+11 9.7859310956e-02 2.0489126203e+02
W 1.5210163222e+00 7.0548023107e+11 9.7742187703e-02 2.3134377207e+02
W 1.5210163222e+00 8.9021508545e+11 9.9918305541e-02 2.6475950625e+02
W 1.5210163222e+00 1.1233240330e+12 9.9006535260e-02 2.9894131287e+02
W 1.5210163222e+00 1.4174741629e+12 9.7643632978e-02 3.3753616559e+02
W 1.5210163222e+00 1.7886495291e+12 9.5795520403e-02 3.8111381122e+02
W 1.5210163222e+00 2.2570197196e+12 9.3432293200e-02 4.3031755383e+02
W 1.5210163222e+00 2.8480358684e+12 9.0530229957e-02 4.8587375130e+02
W 1.5210163222e+00 3.5938136638e+12 8.9455660250e-02 5.5605427949e+02
W 1.5210163222e+00 4.5348785081e+12 8.5331592124e-02 6.2784373144e+02
W 1.5210163222e+00 5.7223676594e+12 8.0644138581e-02 7.0890156889e+02
W 1.5210163222e+00 7.2208090184e+12 7.5420498588e-02 8.0042438779e+02
W 1.5210163222e+00 9.1116275612e+12 6.9707725942e-02 9.0376327080e+02
W 1.5210163222e+00 1.1497569954e+13 6.3574912638e-02 1.0204437322e+03
W 1.5210163222e+00 1.4508287785e+13 5.7114448720e-02 1.1521882381e+03
W 1.5210163222e+00 1.8307382803e+13 5.1821496969e-02 1.3186124973e+03
W 1.5210163222e+00 2.3101297001e+13 4.4888851322e-02 1.4888521160e+03
W 1.5210163222e+00 2.9150530628e+13 3.8036005047e-02 1.6810705404e+03
W 1.5210163222e+00 3.6783797718e+13 3.1429914795e-02 1.8981053466e+03
W 1.5210163222e+00 4.6415888336e+13 2.5236846693e-02 2.1431604565e+03
W 1.5210163222e+00 5.8570208181e+13 1.9609739014e-02 2.4198534347e+03
W 1.5210163222e+00 7.3907220335e+13 1.5075697324e-02 2.7693816645e+03
W 1.5210163222e+00 9.3260334688e+13 1.0803612799e-02 3.1269230040e+03
W 1.5210163222e+00 1.1768119524e+14 7.3655228891e-03 3.5306247595e+03
W 1.5210163222e+00 1.4849682623e+14 4.7404941956e-03 3.9864464768e+03
W 1.5210163222e+00 1.8738174229e+14 2.8541720101e-03 4.5011171095e+03
W 1.5210163222e+00 2.3644894126e+14 1.5904355323e-03 5.0822343536e+03
W 1.5210163222e+00 2.9836472403e+14 8.0988813940e-04 5.7383768066e+03
W 1.5210163222e+00 3.7649358068e+14 3.8141890917e-04 6.5672388601e+03
W 1.5210163222e+00 4.7508101621e+14 1.5461463884e-04 7.4151029914e+03
W 1.5210163222e+00 5.9948425032e+14 5.4252340352e-05 8.3724307193e+03
W 1.5210163222e+00 7.5646332755e+14 1.6064202385e-05 9.4533543540e+03
W 1.5210163222e+00 9.5454845666e+14 3.8941854583e-06 1.0673830759e+04
W 1.5210163222e+00 1.2045035403e+15 7.4496816306e-07 1.2051876912e+04
W 1.5210163222e+00 1.5199110830e+15 1.0748387775e-07 1.3607835872e+04
W 1.5210163222e+00 1.9179102617e+15 1.1373475883e-08 1.5573377552e+04
W 1.5210163222e+00 2.4201282648e+15 7.8433744741e-10 1.7583980259e+04
W 1.5210163222e+00 3.0538555088e+15 3.3619799951e-11 1.9854162060e+04
W 1.5210163222e+00 3.8535285937e+15 8.1776563984e-13 2.2417435945e+04
W 1.5210163222e+00 4.8626015801e+15 1.0015101853e-14 2.5311641602e+04
W 1.5210163222e+00 6.1359072734e+15 5.2587240405e-17 2.8579504013e+04
W 1.5210163222e+00 7.7426368268e+15 9.6044284965e-20 3.2269264179e+04
W 1.5210163222e+00 9.7700995730e+15 4.8439750779e-23 3.6930298034e+04
W 1.5210163222e+00 1.2328467394e+16 4.7241701025e-27 4.1698188426e+04
W 1.5210163222e+00 1.5556761439e+16 6.4859946578e-32 4.7081637858e+04
W 1.5210163222e+00 1.9630406500e+16 8.4755889800e-38 5.3160118149e+04
W 1.5210163222e+00 2.4770763560e+16 6.6871466570e-45 6.0023361341e+04
W 1.5210163222e+00 3.1257158497e+16 1.8381982869e-53 6.7772684338e+04
W 1.5210163222e+00 3.9442060594e+16 9.0717369296e-64 7.7561899686e+04
W 1.5210163222e+00 4.9770235643e+16 3.1300178361e-76 8.7575537700e+04
W 1.5210163222e+00 6.2802914418e+16 2.4290498951e-91 9.8881987607e+04
W 1.5210163222e+00 7.9248289835e+16 9.2540751483e-110 1.1164815803e+05
W 1.5210163222e+00 1.0000000000e+17 2.3555730168e-132 1.2606250637e+05
W 1.6309524123e+00 1.2618568831e+07 2.2206085037e-02 6.1112888693e-01
W 1.6309524123e+00 1.5922827933e+07 2.3476569009e-02 6.9940150499e-01
W 1.6309524123e+00 2.0092330026e+07 2.4161171548e-02 7.8969781705e-01
W 1.6309524123e+00 2.5353644940e+07 2.5548024065e-02 9.0376327080e-01
W 1.6309524123e+00 3.1992671378e+07 2.7016641821e-02 1.0343045555e+00
W 1.6309524123e+00 4.0370172586e+07 2.7811130537e-02 1.1678385646e+00
W 1.6309524123e+00 5.0941380148e+07 2.9413969694e-02 1.3365233867e+00
W 1.6309524123e+00 6.4280731173e+07 3.0282764755e-02 1.5090753928e+00
W 1.6309524123e+00 8.1113083079e+07 3.2031564195e-02 1.7270491110e+00
W 1.6309524123e+00 1.0235310219e+08 3.2980710165e-02 1.9500199859e+00
W 1.6309524123e+00 1.2915496650e+08 3.4887849170e-02 2.2316845792e+00
W 1.6309524123e+00 1.6297508346e+08 3.5923482089e-02 2.5198064745e+00
W 1.6309524123e+00 2.0565123083e+08 3.8001865250e-02 2.8837721114e+00
W 1.6309524123e+00 2.5950242114e+08 3.9130049330e-02 3.2560818428e+00
W 1.6309524123e+00 3.2745491629e+08 4.0290930434e-02 3.6764586650e+00
W 1.6309524123e+00 4.1320124001e+08 4.2619409578e-02 4.2074933428e+00
W 1.6309524123e+00 5.2140082880e+08 4.3879907573e-02 4.7507022567e+00
W 1.6309524123e+00 6.5793322466e+08 4.6409967947e-02 5.4369027208e+00
W 1.6309524123e+00 8.3021756813e+08 4.7774646268e-02 6.1388346743e+00
W 1.6309524123e+00 1.0476157528e+09 4.9173717987e-02 6.9313896337e+00
W 1.6309524123e+00 1.3219411485e+09 5.1990701811e-02 7.9325727276e+00
W 1.6309524123e+00 1.6681005372e+09 5.3496551612e-02 8.9567084455e+00
W 1.6309524123e+00 2.1049041445e+09 5.5034979122e-02 1.0113065324e+01
W 1.6309524123e+00 2.6560877829e+09 5.8152565693e-02 1.1573815702e+01
W 1.6309524123e+00 3.3516026509e+09 5.9794668386e-02 1.3068054514e+01
W 1.6309524123e+00 4.2292428744e+09 6.1463974275e-02 1.4755207201e+01
W 1.6309524123e+00 5.3366992312e+09 6.4884771349e-02 1.6886477376e+01
W 1.6309524123e+00 6.7341506578e+09 6.6645377615e-02 1.9066607988e+01
W 1.6309524123e+00 8.4975343591e+09 6.8422302354e-02 2.1528204613e+01
W 1.6309524123e+00 1.0722672220e+10 7.0210149904e-02 2.4307605956e+01
W 1.6309524123e+00 1.3530477746e+10 7.3971934246e-02 2.7818642764e+01
W 1.6309524123e+00 1.7073526475e+10 7.5810626181e-02 3.1410171850e+01
W 1.6309524123e+00 2.1544346900e+10 7.7637837859e-02 3.5465385714e+01
W 1.6309524123e+00 2.7185882427e+10 7.9443603445e-02 4.0044148431e+01
W 1.6309524123e+00 3.4304692863e+10 8.3437885673e-02 4.5828201346e+01
W 1.6309524123e+00 4.3287612811e+10 8.5212364835e-02 5.1744856573e+01
W 1.6309524123e+00 5.4622772177e+10 8.6924925805e-02 5.8425382255e+01
W 1.6309524123e+00 6.8926121044e+10 8.8558799248e-02 6.5968397978e+01
W 1.6309524123e+00 8.6974900262e+10 9.0095273357e-02 7.4485255616e+01
W 1.6309524123e+00 1.0974987655e+11 9.4016555032e-02 8.5244047518e+01
W 1.6309524123e+00 1.3848863714e+11 9.5328794642e-02 9.6249490116e+01
W 1.6309524123e+00 1.7475284000e+11 9.6470469521e-02 1.0867579165e+02
W 1.6309524123e+00 2.2051307399e+11 9.7413703847e-02 1.2270639228e+02
W 1.6309524123e+00 2.7825594022e+11 9.8128513938e-02 1.3854841522e+02
W 1.6309524123e+00 3.5111917342e+11 9.8582984616e-02 1.5643572437e+02
W 1.6309524123e+00 4.4306214576e+11 1.0144426813e-01 1.7903159775e+02
W 1.6309524123e+00 5.5908101825e+11 1.0127156053e-01 2.0214549285e+02
W 1.6309524123e+00 7.0548023107e+11 1.0072480410e-01 2.2824351004e+02
W 1.6309524123e+00 8.9021508545e+11 9.9767789692e-02 2.5771091476e+02
W 1.6309524123e+00 1.1233240330e+12 9.8365528243e-02 2.9098271217e+02
W 1.6309524123e+00 1.4174741629e+12 9.6485568028e-02 3.2855006882e+02
W 1.6309524123e+00 1.7886495291e+12 9.6673296178e-02 3.7600646527e+02
W 1.6309524123e+00 2.2570197196e+12 9.3679349209e-02 4.2455082339e+02
W 1.6309524123e+00 2.8480358684e+12 9.0128267467e-02 4.7936250646e+02
W 1.6309524123e+00 3.5938136638e+12 8.6016595572e-02 5.4125065821e+02
W 1.6309524123e+00 4.5348785081e+12 8.1354501948e-02 6.1112888693e+02
W 1.6309524123e+00 5.7223676594e+12 7.6168467415e-02 6.9002875244e+02
W 1.6309524123e+00 7.2208090184e+12 7.0503786584e-02 7.7911499420e+02
W 1.6309524123e+00 9.1116275612e+12 6.6188710128e-02 8.9165184490e+02
W 1.6309524123e+00 1.1497569954e+13 5.9612071329e-02 1.0067686593e+03
W 1.6309524123e+00 1.4508287785e+13 5.2815289730e-02 1.1367476433e+03
W 1.6309524123e+00 1.8307382803e+13 4.5932076407e-02 1.2835075790e+03
W 1.6309524123e+00 2.3101297001e+13 3.9112623947e-02 1.4492149732e+03
W 1.6309524123e+00 2.9150530628e+13 3.2516902024e-02 1.6363160397e+03
W 1.6309524123e+00 3.6783797718e+13 2.6305345457e-02 1.8475728109e+03
W 1.6309524123e+00 4.6415888336e+13 2.1191488860e-02 2.1144397396e+03
W 1.6309524123e+00 5.8570208181e+13 1.6035185223e-02 2.3874247263e+03
W 1.6309524123e+00 7.3907220335e+13 1.1647416090e-02 2.6956534713e+03
W 1.6309524123e+00 9.3260334688e+13 8.0719365781e-03 3.0436761240e+03
W 1.6309524123e+00 1.1768119524e+14 5.2992789251e-03 3.4366302814e+03
W 1.6309524123e+00 1.4849682623e+14 3.2681956563e-03 3.8803168307e+03
W 1.6309524123e+00 1.8738174229e+14 1.8748743376e-03 4.3812855831e+03
W 1.6309524123e+00 2.3644894126e+14 9.8892347978e-04 4.9469319642e+03
W 1.6309524123e+00 2.9836472403e+14 4.8599520517e-04 5.6614762203e+03
W 1.6309524123e+00 3.7649358068e+14 2.0743109240e-04 6.3924017614e+03
W 1.6309524123e+00 4.7508101621e+14 7.7481734988e-05 7.2176935289e+03
W 1.6309524123e+00 5.9948425032e+14 2.4749468685e-05 8.1495346853e+03
W 1.6309524123e+00 7.5646332755e+14 6.5766881787e-06 9.2016813019e+03
W 1.6309524123e+00 9.5454845666e+14 1.4069043322e-06 1.0389665429e+04
W 1.6309524123e+00 1.2045035403e+15 2.3283168264e-07 1.1731024384e+04
W 1.6309524123e+00 1.5199110830e+15 2.8380524608e-08 1.3245559641e+04
W 1.6309524123e+00 1.9179102617e+15 2.4665917239e-09 1.5158773453e+04
W 1.6309524123e+00 2.4201282648e+15 1.3511358845e-10 1.7115848650e+04
W 1.6309524123e+00 3.0538555088e+15 4.4213160439e-12 1.9325592266e+04
W 1.6309524123e+00 3.8535285937e+15 7.8299794512e-14 2.1820625087e+04
W 1.6309524123e+00 4.8626015801e+15 6.5912888772e-16 2.4637779409e+04
W 1.6309524123e+00 6.1359072734e+15 2.2157941261e-18 2.7818642764e+04
W 1.6309524123e+00 7.7426368268e+15 2.3717318885e-21 3.1410171850e+04
W 1.6309524123e+00 9.7700995730e+15 6.2821758546e-25 3.5947116777e+04
W 1.6309524123e+00 1.2328467394e+16 2.8123952486e-29 4.0588073439e+04
W 1.6309524123e+00 1.5556761439e+16 1.5055965690e-34 4.5828201346e+04
W 1.6309524123e+00 1.9630406500e+16 6.3078811475e-41 5.1744856573e+04
W 1.6309524123e+00 2.4770763560e+16 1.2631148952e-48 5.8425382255e+04
W 1.6309524123e+00 3.1257158497e+16 6.6624402707e-58 6.5968397978e+04
W 1.6309524123e+00 3.9442060594e+16 4.3828786024e-69 7.4485255616e+04
W 1.6309524123e+00 4.9770235643e+16 1.3722163892e-82 8.4101683142e+04
W 1.6309524123e+00 6.2802914418e+16 5.9706884462e-99 9.6249490116e+04
W 1.6309524123e+00 7.9248289835e+16 6.5763195986e-119 1.0867579165e+05
W 1.6309524123e+00 1.0000000000e+17 2.1711272710e-143 1.2270639228e+05
W 1.7488344685e+00 1.2618568831e+07 2.3608948486e-02 5.9485903535e-01
W 1.7488344685e+00 1.5922827933e+07 2.4953418112e-02 6.8078160513e-01
W 1.7488344685e+00 2.0092330026e+07 2.5674286168e-02 7.6867399286e-01
W 1.7488344685e+00 2.5353644940e+07 2.7140418079e-02 8.7970272549e-01
W 1.7488344685e+00 3.1992671378e+07 2.8692137010e-02 1.0067686593e+00
W 1.7488344685e+00 4.0370172586e+07 2.9526745357e-02 1.1367476433e+00
W 1.7488344685e+00 5.0941380148e+07 3.1218256596e-02 1.3009416336e+00
W 1.7488344685e+00 6.4280731173e+07 3.2129266437e-02 1.4688998534e+00
W 1.7488344685e+00 8.1113083079e+07 3.3972338316e-02 1.6810705404e+00
W 1.7488344685e+00 1.0235310219e+08 3.4965561256e-02 1.8981053466e+00
W 1.7488344685e+00 1.2915496650e+08 3.6972476711e-02 2.1722712908e+00
W 1.7488344685e+00 1.6297508346e+08 3.8053679607e-02 2.4527226266e+00
W 1.7488344685e+00 2.0565123083e+08 4.0237076028e-02 2.8069985449e+00
W 1.7488344685e+00 2.5950242114e+08 4.1411775552e-02 3.1693964161e+00
W 1.7488344685e+00 3.2745491629e+08 4.3784398976e-02 3.6271900589e+00
W 1.7488344685e+00 4.1320124001e+08 4.5057572103e-02 4.0954788502e+00
W 1.7488344685e+00 5.2140082880e+08 4.7631917820e-02 4.6870376000e+00
W 1.7488344685e+00 6.5793322466e+08 4.9007600353e-02 5.2921581306e+00
W 1.7488344685e+00 8.3021756813e+08 5.0416475447e-02 5.9754028171e+00
W 1.7488344685e+00 1.0476157528e+09 5.3276145915e-02 6.8385013580e+00
W 1.7488344685e+00 1.3219411485e+09 5.4789162150e-02 7.7213868654e+00
W 1.7488344685e+00 1.6681005372e+09 5.6333069993e-02 8.7182574082e+00
W 1.7488344685e+00 2.1049041445e+09 5.9489882400e-02 9.9775390799e+00
W 1.7488344685e+00 2.6560877829e+09 6.1133618559e-02 1.1265690415e+01
W 1.7488344685e+00 3.3516026509e+09 6.2802284188e-02 1.2720148677e+01
W 1.7488344685e+00 4.2292428744e+09 6.6256487591e-02 1.4557471130e+01
W 1.7488344685e+00 5.3366992312e+09 6.8011157855e-02 1.6436915121e+01
W 1.7488344685e+00 6.7341506578e+09 6.9779199760e-02 1.8559004946e+01
W 1.7488344685e+00 8.4975343591e+09 7.1555012535e-02 2.0955067422e+01
W 1.7488344685e+00 1.0722672220e+10 7.5337773564e-02 2.3981857192e+01
W 1.7488344685e+00 1.3530477746e+10 7.7157014011e-02 2.7078037634e+01
W 1.7488344685e+00 1.7073526475e+10 7.8960946753e-02 3.0573950809e+01
W 1.7488344685e+00 2.1544346900e+10 8.0739438153e-02 3.4521204259e+01
W 1.7488344685e+00 2.7185882427e+10 8.4736899331e-02 3.9507512620e+01
W 1.7488344685e+00 3.4304692863e+10 8.6474755488e-02 4.4608134598e+01
W 1.7488344685e+00 4.3287612811e+10 8.8146289589e-02 5.0367272966e+01
W 1.7488344685e+00 5.4622772177e+10 8.9734716148e-02 5.6869945558e+01
W 1.7488344685e+00 6.8926121044e+10 9.3716371122e-02 6.5084348593e+01
W 1.7488344685e+00 8.6974900262e+10 9.5118025007e-02 7.3487070933e+01
W 1.7488344685e+00 1.0974987655e+11 9.6370757871e-02 8.2974627711e+01
W 1.7488344685e+00 1.3848863714e+11 9.7449272531e-02 9.3687076602e+01
W 1.7488344685e+00 1.7475284000e+11 9.8326202227e-02 1.0578255744e+02
W 1.7488344685e+00 2.2051307399e+11 9.8972240093e-02 1.1943962674e+02
W 1.7488344685e+00 2.7825594022e+11 1.0207378437e-01 1.3669171345e+02
W 1.7488344685e+00 3.5111917342e+11 1.0216580275e-01 1.5433931290e+02
W 1.7488344685e+00 4.4306214576e+11 1.0192077120e-01 1.7426530772e+02
W 1.7488344685e+00 5.5908101825e+11 1.0130374314e-01 1.9676385039e+02
W 1.7488344685e+00 7.0548023107e+11 1.0028011950e-01 2.2216707001e+02
W 1.7488344685e+00 8.9021508545e+11 9.8816672467e-02 2.5084997524e+02
W 1.7488344685e+00 1.1233240330e+12 9.9532636698e-02 2.8708322248e+02
W 1.7488344685e+00 1.4174741629e+12 9.7035487588e-02 3.2414713507e+02
W 1.7488344685e+00 1.7886495291e+12 9.4006960977e-02 3.6599618837e+02
W 1.7488344685e+00 2.2570197196e+12 9.0434352765e-02 4.1324816853e+02
W 1.7488344685e+00 2.8480358684e+12 8.6315572098e-02 4.6660062104e+02
W 1.7488344685e+00 3.5938136638e+12 8.1661620435e-02 5.2684114810e+02
W 1.7488344685e+00 4.5348785081e+12 7.6499074950e-02 5.9485903535e+02
W 1.7488344685e+00 5.7223676594e+12 7.2810795509e-02 6.8078160513e+02
W 1.7488344685e+00 7.2208090184e+12 6.6619272507e-02 7.6867399286e+02
W 1.7488344685e+00 9.1116275612e+12 6.0104048557e-02 8.6791373747e+02
W 1.7488344685e+00 1.1497569954e+13 5.3373553846e-02 9.7996584076e+02
W 1.7488344685e+00 1.4508287785e+13 4.6555644164e-02 1.1064844438e+03
W 1.7488344685e+00 1.8307382803e+13 3.9793789860e-02 1.2493372457e+03
W 1.7488344685e+00 2.3101297001e+13 3.3240940607e-02 1.4106330750e+03
W 1.7488344685e+00 2.9150530628e+13 2.7051016757e-02 1.5927530210e+03
W 1.7488344685e+00 3.6783797718e+13 2.1368347179e-02 1.7983855837e+03
W 1.7488344685e+00 4.6415888336e+13 1.6762117229e-02 2.0581478158e+03
W 1.7488344685e+00 5.8570208181e+13 1.2311189236e-02 2.3238652272e+03
W 1.7488344685e+00 7.3907220335e+13 8.6483817051e-03 2.6238881157e+03
W 1.7488344685e+00 9.3260334688e+13 5.7723483224e-03 2.9626454939e+03
W 1.7488344685e+00 1.1768119524e+14 3.6323037436e-03 3.3451381824e+03
W 1.7488344685e+00 1.4849682623e+14 2.1353521693e-03 3.7770126337e+03
W 1.7488344685e+00 1.8738174229e+14 1.1602841012e-03 4.2646442859e+03
W 1.7488344685e+00 2.3644894126e+14 5.7541766358e-04 4.8152316789e+03
W 1.7488344685e+00 2.9836472403e+14 2.5659212709e-04 5.4369027208e+03
W 1.7488344685e+00 3.7649358068e+14 1.0384436878e-04 6.2222192842e+03
W 1.7488344685e+00 4.7508101621e+14 3.5385821564e-05 7.0255396233e+03
W 1.7488344685e+00 5.9948425032e+14 1.0171662288e-05 7.9325727276e+03
W 1.7488344685e+00 7.5646332755e+14 2.3937153769e-06 8.9567084455e+03
W 1.7488344685e+00 9.5454845666e+14 4.4501462219e-07 1.0113065324e+04
W 1.7488344685e+00 1.2045035403e+15 6.2588498369e-08 1.1418713790e+04
W 1.7488344685e+00 1.5199110830e+15 6.3135382049e-09 1.2892928152e+04
W 1.7488344685e+00 1.9179102617e+15 4.2823856799e-10 1.4557471130e+04
W 1.7488344685e+00 2.4201282648e+15 1.8114564369e-11 1.6436915121e+04
W 1.7488344685e+00 3.0538555088e+15 4.4977796471e-13 1.8811094384e+04
W 1.7488344685e+00 3.8535285937e+15 5.5782885120e-15 2.1239702897e+04
W 1.7488344685e+00 4.8626015801e+15 3.0828509171e-17 2.3981857192e+04
W 1.7488344685e+00 6.1359072734e+15 6.2824258498e-20 2.7078037634e+04
W 1.7488344685e+00 7.7426368268e+15 3.6913935436e-23 3.0573950809e+04
W 1.7488344685e+00 9.7700995730e+15 4.6193461957e-27 3.4521204259e+04
W 1.7488344685e+00 1.2328467394e+16 8.6294095296e-32 3.8978068320e+04
W 1.7488344685e+00 1.5556761439e+16 1.6051319280e-37 4.4010336332e+04
W 1.7488344685e+00 1.9630406500e+16 1.8757590852e-44 4.9692295885e+04
W 1.7488344685e+00 2.4770763560e+16 8.2799523866e-53 5.6869945558e+04
W 1.7488344685e+00 3.1257158497e+16 6.8465660147e-63 6.4212146446e+04
W 1.7488344685e+00 3.9442060594e+16 4.8353344579e-75 7.2502263027e+04
W 1.7488344685e+00 4.9770235643e+16 1.0239872812e-89 8.1862676067e+04
W 1.7488344685e+00 6.2802914418e+16 1.6578124308e-107 9.2431566313e+04
W 1.7488344685e+00 7.9248289835e+16 3.4208838604e-129 1.0436495435e+05
W 1.7488344685e+00 1.0000000000e+17 8.6048219665e-156 1.1783900384e+05
W 1.8752368095e+00 1.2618568831e+07 2.4427944402e-02 5.7126279118e-01
W 1.8752368095e+00 1.5922827933e+07 2.5811631672e-02 6.5377707459e-01
W 1.8752368095e+00 2.0092330026e+07 2.7275400274e-02 7.4820987794e-01
W 1.8752368095e+00 2.5353644940e+07 2.8823780444e-02 8.5628273491e-01
W 1.8752368095e+00 3.1992671378e+07 2.9650556775e-02 9.6683321627e-01
W 1.8752368095e+00 4.0370172586e+07 3.1336521492e-02 1.1064844438e+00
W 1.8752368095e+00 5.0941380148e+07 3.3119370811e-02 1.2663071600e+00
W 1.8752368095e+00 6.4280731173e+07 3.4072474785e-02 1.4297938922e+00
W 1.8752368095e+00 8.1113083079e+07 3.6012096950e-02 1.6363160397e+00
W 1.8752368095e+00 1.0235310219e+08 3.7048757828e-02 1.8475728109e+00
W 1.8752368095e+00 1.2915496650e+08 3.9157171512e-02 2.1144397396e+00
W 1.8752368095e+00 1.6297508346e+08 4.0282629590e-02 2.3874247263e+00
W 1.8752368095e+00 2.0565123083e+08 4.2571993752e-02 2.7322688918e+00
W 1.8752368095e+00 2.5950242114e+08 4.3791023499e-02 3.0850187826e+00
W 1.8752368095e+00 3.2745491629e+08 4.6273324813e-02 3.5306247595e+00
W 1.8752368095e+00 4.1320124001e+08 4.7589884930e-02 3.9864464768e+00
W 1.8752368095e+00 5.2140082880e+08 5.0276494965e-02 4.5622563833e+00
W 1.8752368095e+00 6.5793322466e+08 5.1693252342e-02 5.1512670205e+00
W 1.8752368095e+00 8.3021756813e+08 5.3140872688e-02 5.8163219439e+00
W 1.8752368095e+00 1.0476157528e+09 5.6112009967e-02 6.6564425412e+00
W 1.8752368095e+00 1.3219411485e+09 5.7658615283e-02 7.5158233240e+00
W 1.8752368095e+00 1.6681005372e+09 5.9232182010e-02 8.4861545621e+00
W 1.8752368095e+00 2.1049041445e+09 6.2494074998e-02 9.7119108575e+00
W 1.8752368095e+00 2.6560877829e+09 6.4158204652e-02 1.0965768230e+01
W 1.8752368095e+00 3.3516026509e+09 6.5841086078e-02 1.2381505004e+01
W 1.8752368095e+00 4.2292428744e+09 6.9385777401e-02 1.4169913121e+01
W 1.8752368095e+00 5.3366992312e+09 7.1139625302e-02 1.5999321391e+01
W 1.8752368095e+00 6.7341506578e+09 7.2897594667e-02 1.8064915626e+01
W 1.8752368095e+00 8.4975343591e+09 7.6694756535e-02 2.0674246377e+01
W 1.8752368095e+00 1.0722672220e+10 7.8487459716e-02 2.3343397343e+01
W 1.8752368095e+00 1.3530477746e+10 8.0260415085e-02 2.6357149352e+01
W 1.8752368095e+00 1.7073526475e+10 8.2003292933e-02 2.9759992163e+01
W 1.8752368095e+00 2.1544346900e+10 8.5993792518e-02 3.4058581998e+01
W 1.8752368095e+00 2.7185882427e+10 8.7685043979e-02 3.8455719160e+01
W 1.8752368095e+00 3.4304692863e+10 8.9304796023e-02 4.3420549222e+01
W 1.8752368095e+00 4.3287612811e+10 9.0836250126e-02 4.9026364243e+01
W 1.8752368095e+00 5.4622772177e+10 9.2260796971e-02 5.5355918659e+01
W 1.8752368095e+00 6.8926121044e+10 9.6116863340e-02 6.3351632771e+01
W 1.8752368095e+00 8.6974900262e+10 9.7295706748e-02 7.1530652635e+01
W 1.8752368095e+00 1.0974987655e+11 9.8295791442e-02 8.0765625803e+01
W 1.8752368095e+00 1.3848863714e+11 9.9090294958e-02 9.1192881248e+01
W 1.8752368095e+00 1.7475284000e+11 9.9650592345e-02 1.0296634871e+02
W 1.8752368095e+00 2.2051307399e+11 1.0268010487e-01 1.1783900384e+02
W 1.8752368095e+00 2.7825594022e+11 1.0268014569e-01 1.3305262203e+02
W 1.8752368095e+00 3.5111917342e+11 1.0234306665e-01 1.5023039616e+02
W 1.8752368095e+00 4.4306214576e+11 1.0163546593e-01 1.6962590881e+02
W 1.8752368095e+00 5.5908101825e+11 1.0052450185e-01 1.9152548135e+02
W 1.8752368095e+00 7.0548023107e+11 9.8978898148e-02 2.1625240073e+02
W 1.8752368095e+00 8.9021508545e+11 9.6970176881e-02 2.4417169190e+02
W 1.8752368095e+00 1.1233240330e+12 9.7058075257e-02 2.7944031520e+02
W 1.8752368095e+00 1.4174741629e+12 9.3974410669e-02 3.1551748936e+02
W 1.8752368095e+00 1.7886495291e+12 9.0360848177e-02 3.5625241125e+02
W 1.8752368095e+00 2.2570197196e+12 8.6217195058e-02 4.0224641994e+02
W 1.8752368095e+00 2.8480358684e+12 8.1555906594e-02 4.5417849044e+02
W 1.8752368095e+00 3.5938136638e+12 7.6404362889e-02 5.1281525689e+02
W 1.8752368095e+00 4.5348785081e+12 7.0806943431e-02 5.7902232984e+02
W 1.8752368095e+00 5.7223676594e+12 6.4826656643e-02 6.5377707459e+02
W 1.8752368095e+00 7.2208090184e+12 5.8546021825e-02 7.3818303930e+02
W 1.8752368095e+00 9.1116275612e+12 5.3490921000e-02 8.4480760063e+02
W 1.8752368095e+00 1.1497569954e+13 4.6753264832e-02 9.5387658345e+02
W 1.8752368095e+00 1.4508287785e+13 4.0071515280e-02 1.0770269299e+03
W 1.8752368095e+00 1.8307382803e+13 3.3591650497e-02 1.2160766160e+03
W 1.8752368095e+00 2.3101297001e+13 2.7460599177e-02 1.3730783280e+03
W 1.8752368095e+00 2.9150530628e+13 2.1816538477e-02 1.5503497641e+03
W 1.8752368095e+00 3.6783797718e+13 1.6778048468e-02 1.7505078494e+03
W 1.8752368095e+00 4.6415888336e+13 1.2433320070e-02 1.9765073674e+03
W 1.8752368095e+00 5.8570208181e+13 8.8310453041e-03 2.2316845792e+03
W 1.8752368095e+00 7.3907220335e+13 5.9748400942e-03 2.5198064745e+03
W 1.8752368095e+00 9.3260334688e+13 3.9274327779e-03 2.8837721114e+03
W 1.8752368095e+00 1.1768119524e+14 2.3563980776e-03 3.2560818428e+03
W 1.8752368095e+00 1.4849682623e+14 1.3126712550e-03 3.6764586650e+03
W 1.8752368095e+00 1.8738174229e+14 6.7106378920e-04 4.1511082855e+03
W 1.8752368095e+00 2.3644894126e+14 3.1052580771e-04 4.6870376000e+03
W 1.8752368095e+00 2.9836472403e+14 1.2796606971e-04 5.2921581306e+03
W 1.8752368095e+00 3.7649358068e+14 4.6066714211e-05 5.9754028171e+03
W 1.8752368095e+00 4.7508101621e+14 1.4158662493e-05 6.7468578877e+03
W 1.8752368095e+00 5.9948425032e+14 3.6150729860e-06 7.6179117543e+03
W 1.8752368095e+00 7.5646332755e+14 7.4218771055e-07 8.6014231310e+03
W 1.8752368095e+00 9.5454845666e+14 1.1784871737e-07 9.7119108575e+03
W 1.8752368095e+00 1.2045035403e+15 1.4183171625e-08 1.1114717722e+04
W 1.8752368095e+00 1.5199110830e+15 1.1566257815e-09 1.2549684637e+04
W 1.8752368095e+00 1.9179102617e+15 6.1207491413e-11 1.4169913121e+04
W 1.8752368095e+00 2.4201282648e+15 1.9364944292e-12 1.5999321391e+04
W 1.8752368095e+00 3.0538555088e+15 3.3297186498e-14 1.8064915626e+04
W 1.8752368095e+00 3.8535285937e+15 2.7675253589e-16 2.0397188644e+04
W 1.8752368095e+00 4.8626015801e+15 9.5325360777e-19 2.3030570039e+04
W 1.8752368095e+00 6.1359072734e+15 1.1069975629e-21 2.6003934443e+04
W 1.8752368095e+00 7.7426368268e+15 3.3156068688e-25 2.9361175402e+04
W 1.8752368095e+00 9.7700995730e+15 1.8417991437e-29 3.3151853343e+04
W 1.8752368095e+00 1.2328467394e+16 1.2888350180e-34 3.7431927196e+04
W 1.8752368095e+00 1.5556761439e+16 7.3100920515e-41 4.2264580479e+04
W 1.8752368095e+00 1.9630406500e+16 2.0908195908e-48 4.8369356820e+04
W 1.8752368095e+00 2.4770763560e+16 1.5939370554e-57 5.4614088217e+04
W 1.8752368095e+00 3.1257158497e+16 1.6435663013e-68 6.1665046383e+04
W 1.8752368095e+00 3.9442060594e+16 9.4597760345e-82 6.9626319316e+04
W 1.8752368095e+00 4.9770235643e+16 9.7161022076e-98 7.8615433311e+04
W 1.8752368095e+00 6.2802914418e+16 4.0181244380e-117 8.8765087906e+04
W 1.8752368095e+00 7.9248289835e+16 9.5051334740e-141 1.0022511483e+05
W 1.8752368095e+00 1.0000000000e+17 9.9746822429e-170 1.1316468985e+05
W 2.0107752650e+00 1.2618568831e+07 2.5958340165e-02 5.5605427949e-01
W 2.0107752650e+00 1.5922827933e+07 2.6689718188e-02 6.2784373144e-01
W 2.0107752650e+00 2.0092330026e+07 2.8193535842e-02 7.1853067342e-01
W 2.0107752650e+00 2.5353644940e+07 2.9783202921e-02 8.2231660967e-01
W 2.0107752650e+00 3.1992671378e+07 3.1463410956e-02 9.4109358382e-01
W 2.0107752650e+00 4.0370172586e+07 3.2354144314e-02 1.0625935796e+00
W 2.0107752650e+00 5.0941380148e+07 3.4180372938e-02 1.2160766160e+00
W 2.0107752650e+00 6.4280731173e+07 3.6109611339e-02 1.3917290340e+00
W 2.0107752650e+00 8.1113083079e+07 3.7131622202e-02 1.5714083716e+00
W 2.0107752650e+00 1.0235310219e+08 3.9225802739e-02 1.7983855837e+00
W 2.0107752650e+00 1.2915496650e+08 4.0333207926e-02 2.0305663622e+00
W 2.0107752650e+00 1.6297508346e+08 4.2603703223e-02 2.3238652272e+00
W 2.0107752650e+00 2.0565123083e+08 4.3800655861e-02 2.6238881157e+00
W 2.0107752650e+00 2.5950242114e+08 4.6258539854e-02 3.0028875026e+00
W 2.0107752650e+00 3.2745491629e+08 4.7548288717e-02 3.3905756404e+00
W 2.0107752650e+00 4.1320124001e+08 5.0203885963e-02 3.8803168307e+00
W 2.0107752650e+00 5.2140082880e+08 5.1588296827e-02 4.3812855831e+00
W 2.0107752650e+00 6.5793322466e+08 5.4450565786e-02 5.0141268007e+00
W 2.0107752650e+00 8.3021756813e+08 5.5929488285e-02 5.6614762203e+00
W 2.0107752650e+00 1.0476157528e+09 5.9005194348e-02 6.4792306068e+00
W 2.0107752650e+00 1.3219411485e+09 6.0575638524e-02 7.3157324225e+00
W 2.0107752650e+00 1.6681005372e+09 6.2167925158e-02 8.2602309016e+00
W 2.0107752650e+00 2.1049041445e+09 6.5523340818e-02 9.4533543540e+00
W 2.0107752650e+00 2.6560877829e+09 6.7193877771e-02 1.0673830759e+01
W 2.0107752650e+00 3.3516026509e+09 6.8875453932e-02 1.2051876912e+01
W 2.0107752650e+00 4.2292428744e+09 7.2492875236e-02 1.3792672921e+01
W 2.0107752650e+00 5.3366992312e+09 7.4226457260e-02 1.5573377552e+01
W 2.0107752650e+00 6.7341506578e+09 7.5952988255e-02 1.7583980259e+01
W 2.0107752650e+00 8.4975343591e+09 7.7664467545e-02 1.9854162060e+01
W 2.0107752650e+00 1.0722672220e+10 8.1522137729e-02 2.2721934967e+01
W 2.0107752650e+00 1.3530477746e+10 8.3220262820e-02 2.5655453004e+01
W 2.0107752650e+00 1.7073526475e+10 8.4871150447e-02 2.8967703227e+01
W 2.0107752650e+00 2.1544346900e+10 8.6461504713e-02 3.2707581897e+01
W 2.0107752650e+00 2.7185882427e+10 9.0382745150e-02 3.7431927196e+01
W 2.0107752650e+00 3.4304692863e+10 9.1844940642e-02 4.2264580479e+01
W 2.0107752650e+00 4.3287612811e+10 9.3194321829e-02 4.7721154022e+01
W 2.0107752650e+00 5.4622772177e+10 9.4410547924e-02 5.3882199122e+01
W 2.0107752650e+00 6.8926121044e+10 9.5471507771e-02 6.0838666662e+01
W 2.0107752650e+00 8.6974900262e+10 9.8988656006e-02 6.9626319316e+01
W 2.0107752650e+00 1.0974987655e+11 9.9684245179e-02 7.8615433311e+01
W 2.0107752650e+00 1.3848863714e+11 1.0014162171e-01 8.8765087906e+01
W 2.0107752650e+00 1.7475284000e+11 1.0033151782e-01 1.0022511483e+02
W 2.0107752650e+00 2.2051307399e+11 1.0022363142e-01 1.1316468985e+02
W 2.0107752650e+00 2.7825594022e+11 9.9787067097e-02 1.2777483020e+02
W 2.0107752650e+00 3.5111917342e+11 1.0169842093e-01 1.4623086955e+02
W 2.0107752650e+00 4.4306214576e+11 1.0048020889e-01 1.6511002285e+02
W 2.0107752650e+00 5.5908101825e+11 9.8832560254e-02 1.8642657141e+02
W 2.0107752650e+00 7.0548023107e+11 9.6729347888e-02 2.1049519544e+02
W 2.0107752650e+00 8.9021508545e+11 9.4148862249e-02 2.3767120195e+02
W 2.0107752650e+00 1.1233240330e+12 9.1075451187e-02 2.6835576992e+02
W 2.0107752650e+00 1.4174741629e+12 8.7501356738e-02 3.0300187259e+02
W 2.0107752650e+00 1.7886495291e+12 8.3428702911e-02 3.4212096433e+02
W 2.0107752650e+00 2.2570197196e+12 8.1028753407e-02 3.9153756672e+02
W 2.0107752650e+00 2.8480358684e+12 7.5878007483e-02 4.4208706948e+02
W 2.0107752650e+00 3.5938136638e+12 7.0303275469e-02 4.9916277164e+02
W 2.0107752650e+00 4.5348785081e+12 6.4367114941e-02 5.6360723890e+02
W 2.0107752650e+00 5.7223676594e+12 5.8150351601e-02 6.3637181656e+02
W 2.0107752650e+00 7.2208090184e+12 5.1751725860e-02 7.1853067342e+02
W 2.0107752650e+00 9.1116275612e+12 4.5286176901e-02 8.1129665897e+02
W 2.0107752650e+00 1.1497569954e+13 3.8881468877e-02 9.1603920781e+02
W 2.0107752650e+00 1.4508287785e+13 3.2672961723e-02 1.0343045555e+03
W 2.0107752650e+00 1.8307382803e+13 2.6796512143e-02 1.1678385646e+03
W 2.0107752650e+00 2.3101297001e+13 2.1379768925e-02 1.3186124973e+03
W 2.0107752650e+00 2.9150530628e+13 1.6984667240e-02 1.5090753928e+03
W 2.0107752650e+00 3.6783797718e+13 1.2674347270e-02 1.7039047457e+03
W 2.0107752650e+00 4.6415888336e+13 9.0813988928e-03 1.9238875646e+03
W 2.0107752650e+00 5.8570208181e+13 6.2117384953e-03 2.1722712908e+03
W 2.0107752650e+00 7.3907220335e+13 4.0287203772e-03 2.4527226266e+03
W 2.0107752650e+00 9.3260334688e+13 2.4580121980e-03 2.7693816645e+03
W 2.0107752650e+00 1.1768119524e+14 1.3978171513e-03 3.1269230040e+03
W 2.0107752650e+00 1.4849682623e+14 7.3292354706e-04 3.5306247595e+03
W 2.0107752650e+00 1.8738174229e+14 3.4984326790e-04 3.9864464768e+03
W 2.0107752650e+00 2.3644894126e+14 1.4975051636e-04 4.5011171095e+03
W 2.0107752650e+00 2.9836472403e+14 5.6471318641e-05 5.0822343536e+03
W 2.0107752650e+00 3.7649358068e+14 1.8370092914e-05 5.7383768066e+03
W 2.0107752650e+00 4.7508101621e+14 5.0274379581e-06 6.4792306068e+03
W 2.0107752650e+00 5.9948425032e+14 1.1234570027e-06 7.3157324225e+03
W 2.0107752650e+00 7.5646332755e+14 1.9782380638e-07 8.2602309016e+03
W 2.0107752650e+00 9.5454845666e+14 2.6306417082e-08 9.3266689659e+03
W 2.0107752650e+00 1.2045035403e+15 2.5776562821e-09 1.0673830759e+04
W 2.0107752650e+00 1.5199110830e+15 1.6549164619e-10 1.2051876912e+04
W 2.0107752650e+00 1.9179102617e+15 6.6245104071e-12 1.3607835872e+04
W 2.0107752650e+00 2.4201282648e+15 1.5118883929e-13 1.5364677094e+04
W 2.0107752650e+00 3.0538555088e+15 1.7726766142e-15 1.7348335504e+04
W 2.0107752650e+00 3.8535285937e+15 9.3937943569e-18 1.9588094363e+04
W 2.0107752650e+00 4.8626015801e+15 1.9012742953e-20 2.2117017547e+04
W 2.0107752650e+00 6.1359072734e+15 1.1730689820e-23 2.4972437651e+04
W 2.0107752650e+00 7.7426368268e+15 1.6468048034e-27 2.8196507098e+04
W 2.0107752650e+00 9.7700995730e+15 3.6701143089e-32 3.1836820402e+04
W 2.0107752650e+00 1.2328467394e+16 8.5128769973e-38 3.5947116777e+04
W 2.0107752650e+00 1.5556761439e+16 1.2698647155e-44 4.0588073439e+04
W 2.0107752650e+00 1.9630406500e+16 7.0445491458e-53 4.5828201346e+04
W 2.0107752650e+00 2.4770763560e+16 7.6825430862e-63 5.1744856573e+04
W 2.0107752650e+00 3.1257158497e+16 7.6224668026e-75 5.8425382255e+04
W 2.0107752650e+00 3.9442060594e+16 2.6165480485e-89 6.5968397978e+04
W 2.0107752650e+00 4.9770235643e+16 8.9415967636e-107 7.4485255616e+04
W 2.0107752650e+00 6.2802914418e+16 6.1462897399e-128 8.5244047518e+04
W 2.0107752650e+00 7.9248289835e+16 9.5544849546e-154 9.6249490116e+04
W 2.0107752650e+00 1.0000000000e+17 2.1142026967e-185 1.0867579165e+05
W 2.1561101753e+00 1.2618568831e+07 2.6122716901e-02 5.2684114810e-01
W 2.1561101753e+00 1.5922827933e+07 2.7582971910e-02 6.0293908495e-01
W 2.1561101753e+00 2.0092330026e+07 2.9125617598e-02 6.9002875244e-01
W 2.1561101753e+00 2.5353644940e+07 3.0755066246e-02 7.8969781705e-01
W 2.1561101753e+00 3.1992671378e+07 3.2475911511e-02 9.0376327080e-01
W 2.1561101753e+00 4.0370172586e+07 3.3379958389e-02 1.0204437322e+00
W 2.1561101753e+00 5.0941380148e+07 3.5247022495e-02 1.1678385646e+00
W 2.1561101753e+00 6.4280731173e+07 3.7217483975e-02 1.3365233867e+00
W 2.1561101753e+00 8.1113083079e+07 3.8250293485e-02 1.5090753928e+00
W 2.1561101753e+00 1.0235310219e+08 4.0384684095e-02 1.7270491110e+00
W 2.1561101753e+00 1.2915496650e+08 4.2635063440e-02 1.9765073674e+00
W 2.1561101753e+00 1.6297508346e+08 4.3808560437e-02 2.2316845792e+00
W 2.1561101753e+00 2.0565123083e+08 4.6240443088e-02 2.5540333419e+00
W 2.1561101753e+00 2.5950242114e+08 4.7501715696e-02 2.8837721114e+00
W 2.1561101753e+00 3.2745491629e+08 5.0124315571e-02 3.3003096366e+00
W 2.1561101753e+00 4.1320124001e+08 5.1474378929e-02 3.7263964933e+00
W 2.1561101753e+00 5.2140082880e+08 5.4295391033e-02 4.2646442859e+00
W 2.1561101753e+00 6.5793322466e+08 5.5733150720e-02 4.8152316789e+00
W 2.1561101753e+00 8.3021756813e+08 5.8757923413e-02 5.5107528953e+00
W 2.1561101753e+00 1.0476157528e+09 6.0279359210e-02 6.2222192842e+00
W 2.1561101753e+00 1.3219411485e+09 6.1819019142e-02 7.0255396233e+00
W 2.1561101753e+00 1.6681005372e+09 6.5106942399e-02 8.0403219206e+00
W 2.1561101753e+00 2.1049041445e+09 6.6715479943e-02 9.0783686106e+00
W 2.1561101753e+00 2.6560877829e+09 6.8330855109e-02 1.0250432438e+01
W 2.1561101753e+00 3.3516026509e+09 7.1860915543e-02 1.1731024384e+01
W 2.1561101753e+00 4.2292428744e+09 7.3517453551e-02 1.3245559641e+01
W 2.1561101753e+00 5.3366992312e+09 7.5162275107e-02 1.4955629148e+01
W 2.1561101753e+00 6.7341506578e+09 7.8887512149e-02 1.7115848650e+01
W 2.1561101753e+00 8.4975343591e+09 8.0527333143e-02 1.9325592266e+01
W 2.1561101753e+00 1.0722672220e+10 8.2126967390e-02 2.1820625087e+01
W 2.1561101753e+00 1.3530477746e+10 8.3674643061e-02 2.4637779409e+01
W 2.1561101753e+00 1.7073526475e+10 8.7486369472e-02 2.8196507098e+01
W 2.1561101753e+00 2.1544346900e+10 8.8927759821e-02 3.1836820402e+01
W 2.1561101753e+00 2.7185882427e+10 9.0270928496e-02 3.5947116777e+01
W 2.1561101753e+00 3.4304692863e+10 9.1497835932e-02 4.0588073439e+01
W 2.1561101753e+00 4.3287612811e+10 9.2588839695e-02 4.5828201346e+01
W 2.1561101753e+00 5.4622772177e+10 9.6080578896e-02 5.2447713859e+01
W 2.1561101753e+00 6.8926121044e+10 9.6854998077e-02 5.9218982013e+01
W 2.1561101753e+00 8.6974900262e+10 9.7419477519e-02 6.6864455523e+01
W 2.1561101753e+00 1.0974987655e+11 9.7747642078e-02 7.5496998774e+01
W 2.1561101753e+00 1.3848863714e+11 9.7812011991e-02 8.5244047518e+01
W 2.1561101753e+00 1.7475284000e+11 9.7584305135e-02 9.6249490116e+01
W 2.1561101753e+00 2.2051307399e+11 9.9689933722e-02 1.1015194942e+02
W 2.1561101753e+00 2.7825594022e+11 9.8768014027e-02 1.2437312957e+02
W 2.1561101753e+00 3.5111917342e+11 9.7459504810e-02 1.4043033682e+02
W 2.1561101753e+00 4.4306214576e+11 9.5738363615e-02 1.5856061167e+02
W 2.1561101753e+00 5.5908101825e+11 9.3581689666e-02 1.7903159775e+02
W 2.1561101753e+00 7.0548023107e+11 9.0971057943e-02 2.0214549285e+02
W 2.1561101753e+00 8.9021508545e+11 8.7894038108e-02 2.2824351004e+02
W 2.1561101753e+00 1.1233240330e+12 8.4345875963e-02 2.5771091476e+02
W 2.1561101753e+00 1.4174741629e+12 8.2528411794e-02 2.9493516915e+02
W 2.1561101753e+00 1.7886495291e+12 7.7941302835e-02 3.3301280821e+02
W 2.1561101753e+00 2.2570197196e+12 7.2921354785e-02 3.7600646527e+02
W 2.1561101753e+00 2.8480358684e+12 6.7513437808e-02 4.2455082339e+02
W 2.1561101753e+00 3.5938136638e+12 6.1778540457e-02 4.7936250646e+02
W 2.1561101753e+00 4.5348785081e+12 5.5794215161e-02 5.4125065821e+02
W 2.1561101753e+00 5.7223676594e+12 4.9654066328e-02 6.1112888693e+02
W 2.1561101753e+00 7.2208090184e+12 4.3466002974e-02 6.9002875244e+02
W 2.1561101753e+00 9.1116275612e+12 3.7349012985e-02 7.7911499420e+02
W 2.1561101753e+00 1.1497569954e+13 3.1428308289e-02 8.7970272549e+02
W 2.1561101753e+00 1.4508287785e+13 2.5828854260e-02 9.9327684744e+02
W 2.1561101753e+00 1.8307382803e+13 2.0667539191e-02 1.1215139695e+03
W 2.1561101753e+00 2.3101297001e+13 1.6044550227e-02 1.2663071600e+03
W 2.1561101753e+00 2.9150530628e+13 1.2364025887e-02 1.4492149732e+03
W 2.1561101753e+00 3.6783797718e+13 8.9184858738e-03 1.6363160397e+03
W 2.1561101753e+00 4.6415888336e+13 6.1525771612e-03 1.8475728109e+03
W 2.1561101753e+00 5.8570208181e+13 4.0335817981e-03 2.0861039120e+03
W 2.1561101753e+00 7.3907220335e+13 2.4944334550e-03 2.3554305985e+03
W 2.1561101753e+00 9.3260334688e+13 1.4425873598e-03 2.6595287378e+03
W 2.1561101753e+00 1.1768119524e+14 7.7233388122e-04 3.0028875026e+03
W 2.1561101753e+00 1.4849682623e+14 3.7827238201e-04 3.3905756404e+03
W 2.1561101753e+00 1.8738174229e+14 1.6713906097e-04 3.8283162999e+03
W 2.1561101753e+00 2.3644894126e+14 6.5535563516e-05 4.3225715179e+03
W 2.1561101753e+00 2.9836472403e+14 2.2364153775e-05 4.8806376128e+03
W 2.1561101753e+00 3.7649358068e+14 6.4907252946e-06 5.5107528953e+03
W 2.1561101753e+00 4.7508101621e+14 1.5588087656e-06 6.2222192842e+03
W 2.1561101753e+00 5.9948425032e+14 2.9980677398e-07 7.0255396233e+03
W 2.1561101753e+00 7.5646332755e+14 4.4412918178e-08 7.9325727276e+03
W 2.1561101753e+00 9.5454845666e+14 4.8370983326e-09 8.9567084455e+03
W 2.1561101753e+00 1.2045035403e+15 3.6603761434e-10 1.0113065324e+04
W 2.1561101753e+00 1.5199110830e+15 1.7953899383e-11 1.1418713790e+04
W 2.1561101753e+00 1.9179102617e+15 5.2489523483e-13 1.2892928152e+04
W 2.1561101753e+00 2.4201282648e+15 8.2942121744e-15 1.4557471130e+04
W 2.1561101753e+00 3.0538555088e+15 6.3200102240e-17 1.6436915121e+04
W 2.1561101753e+00 3.8535285937e+15 2.0179305086e-19 1.8559004946e+04
W 2.1561101753e+00 4.8626015801e+15 2.2448983597e-22 2.0955067422e+04
W 2.1561101753e+00 6.1359072734e+15 6.7970981329e-26 2.3660473821e+04
W 2.1561101753e+00 7.7426368268e+15 4.0664654985e-30 2.6715162026e+04
W 2.1561101753e+00 9.7700995730e+15 3.2419433362e-35 3.0164226104e+04
W 2.1561101753e+00 1.2328467394e+16 2.1698335051e-41 3.4058581998e+04
W 2.1561101753e+00 1.5556761439e+16 7.1982959448e-49 3.8455719160e+04
W 2.1561101753e+00 1.9630406500e+16 6.4980029355e-58 4.3420549222e+04
W 2.1561101753e+00 2.4770763560e+16 8.1585317942e-69 4.9692295885e+04
W 2.1561101753e+00 3.1257158497e+16 5.8052266984e-82 5.6107825483e+04
W 2.1561101753e+00 3.9442060594e+16 8.3416768663e-98 6.3351632771e+04
W 2.1561101753e+00 4.9770235643e+16 6.1866329022e-117 7.1530652635e+04
W 2.1561101753e+00 6.2802914418e+16 3.9903252725e-140 8.0765625803e+04
W 2.1561101753e+00 7.9248289835e+16 2.1690179099e-168 9.1192881248e+04
W 2.1561101753e+00 1.0000000000e+17 4.6689979333e-203 1.0296634871e+05
W 2.3119496093e+00 1.2618568831e+07 2.6270381420e-02 4.9916277164e-01
W 2.3119496093e+00 1.5922827933e+07 2.7726988794e-02 5.7126279118e-01
W 2.3119496093e+00 2.0092330026e+07 2.9264488903e-02 6.5377707459e-01
W 2.3119496093e+00 2.5353644940e+07 3.0887061720e-02 7.4820987794e-01
W 2.3119496093e+00 3.1992671378e+07 3.2599038332e-02 8.5628273491e-01
W 2.3119496093e+00 4.0370172586e+07 3.4404894759e-02 9.7996584076e-01
W 2.3119496093e+00 5.0941380148e+07 3.6309242795e-02 1.1215139695e+00
W 2.3119496093e+00 6.4280731173e+07 3.7296721558e-02 1.2663071600e+00
W 2.3119496093e+00 8.1113083079e+07 3.9356036544e-02 1.4492149732e+00
W 2.3119496093e+00 1.0235310219e+08 4.1525336448e-02 1.6585423386e+00
W 2.3119496093e+00 1.2915496650e+08 4.2643153820e-02 1.8726686388e+00
W 2.3119496093e+00 1.6297508346e+08 4.4983023658e-02 2.1431604565e+00
W 2.3119496093e+00 2.0565123083e+08 4.7444179220e-02 2.4527226266e+00
W 2.3119496093e+00 2.5950242114e+08 4.8699352928e-02 2.7693816645e+00
W 2.3119496093e+00 3.2745491629e+08 5.1344713827e-02 3.1693964161e+00
W 2.3119496093e+00 4.1320124001e+08 5.2680625420e-02 3.5785817064e+00
W 2.3119496093e+00 5.2140082880e+08 5.5515342726e-02 4.0954788502e+00
W 2.3119496093e+00 6.5793322466e+08 5.6928549172e-02 4.6242261201e+00
W 2.3119496093e+00 8.3021756813e+08 5.9954803445e-02 5.2921581306e+00
W 2.3119496093e+00 1.0476157528e+09 6.1438412055e-02 5.9754028171e+00
W 2.3119496093e+00 1.3219411485e+09 6.2932957183e-02 6.7468578877e+00
W 2.3119496093e+00 1.6681005372e+09 6.6196767653e-02 7.7213868654e+00
W 2.3119496093e+00 2.1049041445e+09 6.7741697350e-02 8.7182574082e+00
W 2.3119496093e+00 2.6560877829e+09 6.9283586838e-02 9.8438290376e+00
W 2.3119496093e+00 3.3516026509e+09 7.2753135073e-02 1.1265690415e+01
W 2.3119496093e+00 4.2292428744e+09 7.4311050570e-02 1.2720148677e+01
W 2.3119496093e+00 5.3366992312e+09 7.5844171980e-02 1.4362384940e+01
W 2.3119496093e+00 6.7341506578e+09 7.9458773306e-02 1.6436915121e+01
W 2.3119496093e+00 8.4975343591e+09 8.0953648130e-02 1.8559004946e+01
W 2.3119496093e+00 1.0722672220e+10 8.2391525705e-02 2.0955067422e+01
W 2.3119496093e+00 1.3530477746e+10 8.3759478974e-02 2.3660473821e+01
W 2.3119496093e+00 1.7073526475e+10 8.7369259964e-02 2.7078037634e+01
W 2.3119496093e+00 2.1544346900e+10 8.8585630293e-02 3.0573950809e+01
W 2.3119496093e+00 2.7185882427e+10 8.9681976208e-02 3.4521204259e+01
W 2.3119496093e+00 3.4304692863e+10 9.0639329857e-02 3.8978068320e+01
W 2.3119496093e+00 4.3287612811e+10 9.3938172338e-02 4.4608134598e+01
W 2.3119496093e+00 5.4622772177e+10 9.4571810478e-02 5.0367272966e+01
W 2.3119496093e+00 6.8926121044e+10 9.4995610225e-02 5.6869945558e+01
W 2.3119496093e+00 8.6974900262e+10 9.5184749800e-02 6.4212146446e+01
W 2.3119496093e+00 1.0974987655e+11 9.5113526471e-02 7.2502263027e+01
W 2.3119496093e+00 1.3848863714e+11 9.4755742297e-02 8.1862676067e+01
W 2.3119496093e+00 1.7475284000e+11 9.4085129885e-02 9.2431566313e+01
W 2.3119496093e+00 2.2051307399e+11 9.5621672791e-02 1.0578255744e+02
W 2.3119496093e+00 2.7825594022e+11 9.4211998689e-02 1.1943962674e+02
W 2.3119496093e+00 3.5111917342e+11 9.2406518451e-02 1.3485989354e+02
W 2.3119496093e+00 4.4306214576e+11 9.0185647625e-02 1.5227099567e+02
W 2.3119496093e+00 5.5908101825e+11 8.7534353316e-02 1.7192996014e+02
W 2.3119496093e+00 7.0548023107e+11 8.4443559208e-02 1.9412699750e+02
W 2.3119496093e+00 8.9021508545e+11 8.0911677040e-02 2.1918978593e+02
W 2.3119496093e+00 1.1233240330e+12 7.6946217425e-02 2.4748830855e+02
W 2.3119496093e+00 1.4174741629e+12 7.2565403632e-02 2.7944031520e+02
W 2.3119496093e+00 1.7886495291e+12 6.9654054075e-02 3.1980320549e+02
W 2.3119496093e+00 2.2570197196e+12 6.4407678318e-02 3.6109143526e+02
W 2.3119496093e+00 2.8480358684e+12 5.8870836272e-02 4.0771018670e+02
W 2.3119496093e+00 3.5938136638e+12 5.3118282722e-02 4.6034765743e+02
W 2.3119496093e+00 4.5348785081e+12 4.7239000785e-02 5.1978089490e+02
W 2.3119496093e+00 5.7223676594e+12 4.1334392826e-02 5.8688726735e+02
W 2.3119496093e+00 7.2208090184e+12 3.5515154345e-02 6.6265741577e+02
W 2.3119496093e+00 9.1116275612e+12 2.9896725190e-02 7.4820987794e+02
W 2.3119496093e+00 1.1497569954e+13 2.4593361210e-02 8.4480760063e+02
W 2.3119496093e+00 1.4508287785e+13 1.9711082070e-02 9.5387658345e+02
W 2.3119496093e+00 1.8307382803e+13 1.5340015720e-02 1.0770269299e+03
W 2.3119496093e+00 2.3101297001e+13 1.1546943451e-02 1.2160766160e+03
W 2.3119496093e+00 2.9150530628e+13 8.3690897803e-03 1.3730783280e+03
W 2.3119496093e+00 3.6783797718e+13 5.8103117648e-03 1.5503497641e+03
W 2.3119496093e+00 4.6415888336e+13 3.8407249360e-03 1.7505078494e+03
W 2.3119496093e+00 5.8570208181e+13 2.4003832023e-03 1.9765073674e+03
W 2.3119496093e+00 7.3907220335e+13 1.4069041603e-03 2.2316845792e+03
W 2.3119496093e+00 9.3260334688e+13 7.6601618618e-04 2.5198064745e+03
W 2.3119496093e+00 1.1768119524e+14 3.8315384503e-04 2.8451263804e+03
W 2.3119496093e+00 1.4849682623e+14 1.7378349599e-04 3.2124467502e+03
W 2.3119496093e+00 1.8738174229e+14 7.0386125974e-05 3.6271900589e+03
W 2.3119496093e+00 2.3644894126e+14 2.5001189847e-05 4.0954788502e+03
W 2.3119496093e+00 2.9836472403e+14 7.6234721058e-06 4.6242261201e+03
W 2.3119496093e+00 3.7649358068e+14 1.9456839254e-06 5.2212373672e+03
W 2.3119496093e+00 4.7508101621e+14 4.0331753411e-07 5.8953258204e+03
W 2.3119496093e+00 5.9948425032e+14 6.5505710499e-08 6.6564425412e+03
W 2.3119496093e+00 7.5646332755e+14 7.9870293725e-09 7.5158233240e+03
W 2.3119496093e+00 9.5454845666e+14 6.9465787622e-10 8.4861545621e+03
W 2.3119496093e+00 1.2045035403e+15 4.0502289592e-11 9.5817605267e+03
W 2.3119496093e+00 1.5199110830e+15 1.4668605878e-12 1.0818814826e+04
W 2.3119496093e+00 1.9179102617e+15 3.0099503226e-14 1.2215579163e+04
W 2.3119496093e+00 2.4201282648e+15 3.1432785009e-16 1.3792672921e+04
W 2.3119496093e+00 3.0538555088e+15 1.4738798523e-18 1.5573377552e+04
W 2.3119496093e+00 3.8535285937e+15 2.6593350148e-21 1.7583980259e+04
W 2.3119496093e+00 4.8626015801e+15 1.5074664384e-24 1.9854162060e+04
W 2.3119496093e+00 6.1359072734e+15 2.0468620936e-28 2.2417435945e+04
W 2.3119496093e+00 7.7426368268e+15 4.6845588619e-33 2.5311641602e+04
W 2.3119496093e+00 9.7700995730e+15 1.1730007259e-38 2.8579504013e+04
W 2.3119496093e+00 1.2328467394e+16 1.9356330231e-45 3.2269264179e+04
W 2.3119496093e+00 1.5556761439e+16 1.1806320467e-53 3.6435391257e+04
W 2.3119496093e+00 1.9630406500e+16 1.3782123357e-63 4.1139386652e+04
W 2.3119496093e+00 2.4770763560e+16 1.4308275453e-75 4.6450691916e+04
W 2.3119496093e+00 3.1257158497e+16 5.2308918897e-90 5.2447713859e+04
W 2.3119496093e+00 3.9442060594e+16 2.1056468911e-107 5.9218982013e+04
W 2.3119496093e+00 4.9770235643e+16 2.0872377347e-128 6.6864455523e+04
W 2.3119496093e+00 6.2802914418e+16 7.2122208127e-154 7.5496998774e+04
W 2.3119496093e+00 7.9248289835e+16 6.7006503637e-185 8.5244047518e+04
W 2.3119496093e+00 1.0000000000e+17 5.8332842291e-223 9.6249490116e+04
W 2.4790528133e+00 1.2618568831e+07 2.6395298722e-02 4.7293851949e-01
W 2.4790528133e+00 1.5922827933e+07 2.7845174713e-02 5.4125065821e-01
W 2.4790528133e+00 2.0092330026e+07 2.9374095823e-02 6.1942993208e-01
W 2.4790528133e+00 2.5353644940e+07 3.0985973081e-02 7.0890156889e-01
W 2.4790528133e+00 3.1992671378e+07 3.2684834846e-02 8.1129665897e-01
W 2.4790528133e+00 4.0370172586e+07 3.4474816691e-02 9.2848189051e-01
W 2.4790528133e+00 5.0941380148e+07 3.6360147892e-02 1.0625935796e+00
W 2.4790528133e+00 6.4280731173e+07 3.8345132207e-02 1.2160766160e+00
W 2.4790528133e+00 8.1113083079e+07 3.9357667085e-02 1.3730783280e+00
W 2.4790528133e+00 1.0235310219e+08 4.1496564490e-02 1.5714083716e+00
W 2.4790528133e+00 1.2915496650e+08 4.3745244521e-02 1.7983855837e+00
W 2.4790528133e+00 1.6297508346e+08 4.4880422399e-02 2.0305663622e+00
W 2.4790528133e+00 2.0565123083e+08 4.7295222276e-02 2.3238652272e+00
W 2.4790528133e+00 2.5950242114e+08 4.9828931896e-02 2.6595287378e+00
W 2.4790528133e+00 3.2745491629e+08 5.1087961515e-02 3.0028875026e+00
W 2.4790528133e+00 4.1320124001e+08 5.3796265604e-02 3.4366302814e+00
W 2.4790528133e+00 5.2140082880e+08 5.5122630439e-02 3.8803168307e+00
W 2.4790528133e+00 6.5793322466e+08 5.8006056493e-02 4.4407971694e+00
W 2.4790528133e+00 8.3021756813e+08 5.9391909184e-02 5.0141268007e+00
W 2.4790528133e+00 1.0476157528e+09 6.2446789813e-02 5.7383768066e+00
W 2.4790528133e+00 1.3219411485e+09 6.3879784624e-02 6.4792306068e+00
W 2.4790528133e+00 1.6681005372e+09 6.5310534947e-02 7.3157324225e+00
W 2.4790528133e+00 2.1049041445e+09 6.8558826190e-02 8.3724307193e+00
W 2.4790528133e+00 2.6560877829e+09 7.0006630971e-02 9.4533543540e+00
W 2.4790528133e+00 3.3516026509e+09 7.1433135824e-02 1.0673830759e+01
W 2.4790528133e+00 4.2292428744e+09 7.4822334258e-02 1.2215579163e+01
W 2.4790528133e+00 5.3366992312e+09 7.6218566453e-02 1.3792672921e+01
W 2.4790528133e+00 6.7341506578e+09 7.7565415884e-02 1.5573377552e+01
W 2.4790528133e+00 8.4975343591e+09 8.1008284791e-02 1.7822825807e+01
W 2.4790528133e+00 1.0722672220e+10 8.2254655785e-02 2.0123843791e+01
W 2.4790528133e+00 1.3530477746e+10 8.3412044271e-02 2.2721934967e+01
W 2.4790528133e+00 1.7073526475e+10 8.4465234589e-02 2.5655453004e+01
W 2.4790528133e+00 2.1544346900e+10 8.7733424726e-02 2.9361175402e+01
W 2.4790528133e+00 2.7185882427e+10 8.8549179716e-02 3.3151853343e+01
W 2.4790528133e+00 3.4304692863e+10 8.9203165278e-02 3.7431927196e+01
W 2.4790528133e+00 4.3287612811e+10 8.9674684832e-02 4.2264580479e+01
W 2.4790528133e+00 5.4622772177e+10 8.9941968480e-02 4.7721154022e+01
W 2.4790528133e+00 6.8926121044e+10 8.9982402026e-02 5.3882199122e+01
W 2.4790528133e+00 8.6974900262e+10 9.2228129076e-02 6.1665046383e+01
W 2.4790528133e+00 1.0974987655e+11 9.1731768136e-02 6.9626319316e+01
W 2.4790528133e+00 1.3848863714e+11 9.0930553293e-02 7.8615433311e+01
W 2.4790528133e+00 1.7475284000e+11 8.9801425876e-02 8.8765087906e+01
W 2.4790528133e+00 2.2051307399e+11 8.8322866710e-02 1.0022511483e+02
W 2.4790528133e+00 2.7825594022e+11 8.6475736361e-02 1.1316468985e+02
W 2.4790528133e+00 3.5111917342e+11 8.4244274431e-02 1.2777483020e+02
W 2.4790528133e+00 4.4306214576e+11 8.1617234406e-02 1.4427121441e+02
W 2.4790528133e+00 5.5908101825e+11 8.0738611511e-02 1.6511002285e+02
W 2.4790528133e+00 7.0548023107e+11 7.7217354064e-02 1.8642657141e+02
W 2.4790528133e+00 8.9021508545e+11 7.3296183164e-02 2.1049519544e+02
W 2.4790528133e+00 1.1233240330e+12 6.8995667522e-02 2.3767120195e+02
W 2.4790528133e+00 1.4174741629e+12 6.4347784190e-02 2.6835576992e+02
W 2.4790528133e+00 1.7886495291e+12 5.9396920180e-02 3.0300187259e+02
W 2.4790528133e+00 2.2570197196e+12 5.4200447779e-02 3.4212096433e+02
W 2.4790528133e+00 2.8480358684e+12 4.8828688696e-02 3.8629053094e+02
W 2.4790528133e+00 3.5938136638e+12 4.3364071065e-02 4.3616261454e+02
W 2.4790528133e+00 4.5348785081e+12 3.7899293322e-02 4.9247343925e+02
W 2.4790528133e+00 5.7223676594e+12 3.2534350435e-02 5.5605427949e+02
W 2.4790528133e+00 7.2208090184e+12 2.7372361148e-02 6.2784373144e+02
W 2.4790528133e+00 9.1116275612e+12 2.2514267228e-02 7.0890156889e+02
W 2.4790528133e+00 1.1497569954e+13 1.8052657486e-02 8.0042438779e+02
W 2.4790528133e+00 1.4508287785e+13 1.4065188474e-02 9.0376327080e+02
W 2.4790528133e+00 1.8307382803e+13 1.0608300109e-02 1.0204437322e+03
W 2.4790528133e+00 2.3101297001e+13 7.7121066085e-03 1.1521882381e+03
W 2.4790528133e+00 2.9150530628e+13 5.3774114885e-03 1.3009416336e+03
W 2.4790528133e+00 3.6783797718e+13 3.5756749612e-03 1.4688998534e+03
W 2.4790528133e+00 4.6415888336e+13 2.2523992291e-03 1.6585423386e+03
W 2.4790528133e+00 5.8570208181e+13 1.3337963506e-03 1.8726686388e+03
W 2.4790528133e+00 7.3907220335e+13 7.3586247412e-04 2.1144397396e+03
W 2.4790528133e+00 9.3260334688e+13 3.7430332933e-04 2.3874247263e+03
W 2.4790528133e+00 1.1768119524e+14 1.7340300574e-04 2.6956534713e+03
W 2.4790528133e+00 1.4849682623e+14 7.2121332089e-05 3.0436761240e+03
W 2.4790528133e+00 1.8738174229e+14 2.6480017229e-05 3.4366302814e+03
W 2.4790528133e+00 2.3644894126e+14 8.4136163956e-06 3.8803168307e+03
W 2.4790528133e+00 2.9836472403e+14 2.2596847886e-06 4.3812855831e+03
W 2.4790528133e+00 3.7649358068e+14 4.9890444793e-07 4.9469319642e+03
W 2.4790528133e+00 4.7508101621e+14 8.7600195499e-08 5.5856061867e+03
W 2.4790528133e+00 5.9948425032e+14 1.1758382581e-08 6.3067365184e+03
W 2.4790528133e+00 7.5646332755e+14 1.1510584817e-09 7.1209684648e+03
W 2.4790528133e+00 9.5454845666e+14 7.7682663998e-11 8.0403219206e+03
W 2.4790528133e+00 1.2045035403e+15 3.3755856751e-12 9.0783686106e+03
W 2.4790528133e+00 1.5199110830e+15 8.6840973351e-14 1.0250432438e+04
W 2.4790528133e+00 1.9179102617e+15 1.1954555708e-15 1.1573815702e+04
W 2.4790528133e+00 2.4201282648e+15 7.8257543645e-18 1.3068054514e+04
W 2.4790528133e+00 3.0538555088e+15 2.1224546413e-20 1.4755207201e+04
W 2.4790528133e+00 3.8535285937e+15 2.0120905694e-23 1.6660179931e+04
W 2.4790528133e+00 4.8626015801e+15 5.3327392347e-27 1.8811094384e+04
W 2.4790528133e+00 6.1359072734e+15 2.9313975910e-31 2.1239702897e+04
W 2.4790528133e+00 7.7426368268e+15 2.2704237243e-36 2.3981857192e+04
W 2.4790528133e+00 9.7700995730e+15 1.5403519071e-42 2.7078037634e+04
W 2.4790528133e+00 1.2328467394e+16 5.2418106268e-50 3.0573950809e+04
W 2.4790528133e+00 1.5556761439e+16 4.6102519027e-59 3.4058581998e+04
W 2.4790528133e+00 1.9630406500e+16 5.3612623451e-70 3.8455719160e+04
W 2.4790528133e+00 2.4770763560e+16 3.4523143746e-83 4.3420549222e+04
W 2.4790528133e+00 3.1257158497e+16 4.4406110030e-99 4.9026364243e+04
W 2.4790528133e+00 3.9442060594e+16 3.1739212307e-118 5.5355918659e+04
W 2.4790528133e+00 4.9770235643e+16 2.4251904525e-141 6.2502650930e+04
W 2.4790528133e+00 6.2802914418e+16 2.3042270445e-169 7.0572062895e+04
W 2.4790528133e+00 7.9248289835e+16 1.6234033817e-203 7.9683277224e+04
W 2.4790528133e+00 1.0000000000e+17 2.1100056565e-245 8.9970795930e+04
W 2.6582339106e+00 1.2618568831e+07 2.5785264298e-02 4.4208706948e-01
W 2.6582339106e+00 1.5922827933e+07 2.7186396484e-02 5.0594296612e-01
W 2.6582339106e+00 2.0092330026e+07 2.8662281985e-02 5.7902232984e-01
W 2.6582339106e+00 2.5353644940e+07 3.0216426897e-02 6.6265741577e-01
W 2.6582339106e+00 3.1992671378e+07 3.1852415116e-02 7.5837291248e-01
W 2.6582339106e+00 4.0370172586e+07 3.3573894418e-02 8.6791373747e-01
W 2.6582339106e+00 5.0941380148e+07 3.5384558848e-02 9.9327684744e-01
W 2.6582339106e+00 6.4280731173e+07 3.7288125155e-02 1.1367476433e+00
W 2.6582339106e+00 8.1113083079e+07 3.9288309529e-02 1.3009416336e+00
W 2.6582339106e+00 1.0235310219e+08 4.1388794183e-02 1.4888521160e+00
W 2.6582339106e+00 1.2915496650e+08 4.2432626279e-02 1.6810705404e+00
W 2.6582339106e+00 1.6297508346e+08 4.4682888511e-02 1.9238875646e+00
W 2.6582339106e+00 2.0565123083e+08 4.7040945435e-02 2.2017775413e+00
W 2.6582339106e+00 2.5950242114e+08 4.8191739966e-02 2.4860382850e+00
W 2.6582339106e+00 3.2745491629e+08 5.0705416977e-02 2.8451263804e+00
W 2.6582339106e+00 4.1320124001e+08 5.3331924118e-02 3.2560818428e+00
W 2.6582339106e+00 5.2140082880e+08 5.4580301917e-02 3.6764586650e+00
W 2.6582339106e+00 6.5793322466e+08 5.7361409882e-02 4.2074933428e+00
W 2.6582339106e+00 8.3021756813e+08 5.8651853879e-02 4.7507022567e+00
W 2.6582339106e+00 1.0476157528e+09 6.1579732574e-02 5.4369027208e+00
W 2.6582339106e+00 1.3219411485e+09 6.2896595576e-02 6.1388346743e+00
W 2.6582339106e+00 1.6681005372e+09 6.4201191630e-02 6.9313896337e+00
W 2.6582339106e+00 2.1049041445e+09 6.7278551951e-02 7.9325727276e+00
W 2.6582339106e+00 2.6560877829e+09 6.8574080873e-02 8.9567084455e+00
W 2.6582339106e+00 3.3516026509e+09 6.9835917018e-02 1.0113065324e+01
W 2.6582339106e+00 4.2292428744e+09 7.2998805743e-02 1.1573815702e+01
W 2.6582339106e+00 5.3366992312e+09 7.4198259627e-02 1.3068054514e+01
W 2.6582339106e+00 6.7341506578e+09 7.5333511119e-02 1.4755207201e+01
W 2.6582339106e+00 8.4975343591e+09 7.8482098722e-02 1.6886477376e+01
W 2.6582339106e+00 1.0722672220e+10 7.9478837443e-02 1.9066607988e+01
W 2.6582339106e+00 1.3530477746e+10 8.0369769135e-02 2.1528204613e+01
W 2.6582339106e+00 1.7073526475e+10 8.1139399005e-02 2.4307605956e+01
W 2.6582339106e+00 2.1544346900e+10 8.4007650230e-02 2.7818642764e+01
W 2.6582339106e+00 2.7185882427e+10 8.4496934821e-02 3.1410171850e+01
W 2.6582339106e+00 3.4304692863e+10 8.4807427300e-02 3.5465385714e+01
W 2.6582339106e+00 4.3287612811e+10 8.4919280866e-02 4.0044148431e+01
W 2.6582339106e+00 5.4622772177e+10 8.4812027868e-02 4.5214052838e+01
W 2.6582339106e+00 6.8926121044e+10 8.6775069999e-02 5.1744856573e+01
W 2.6582339106e+00 8.6974900262e+10 8.6150673316e-02 5.8425382255e+01
W 2.6582339106e+00 1.0974987655e+11 8.5237673866e-02 6.5968397978e+01
W 2.6582339106e+00 1.3848863714e+11 8.4016308957e-02 7.4485255616e+01
W 2.6582339106e+00 1.7475284000e+11 8.2468533448e-02 8.4101683142e+01
W 2.6582339106e+00 2.2051307399e+11 8.0578842329e-02 9.4959640655e+01
W 2.6582339106e+00 2.7825594022e+11 7.8335171444e-02 1.0721941603e+02
W 2.6582339106e+00 3.5111917342e+11 7.5729924284e-02 1.2106199111e+02
W 2.6582339106e+00 4.4306214576e+11 7.2761088278e-02 1.3669171345e+02
W 2.6582339106e+00 5.5908101825e+11 6.9433408009e-02 1.5433931290e+02
W 2.6582339106e+00 7.0548023107e+11 6.7558146068e-02 1.7663237663e+02
W 2.6582339106e+00 8.9021508545e+11 6.3450554812e-02 1.9943652001e+02
W 2.6582339106e+00 1.1233240330e+12 5.9042361905e-02 2.2518479495e+02
W 2.6582339106e+00 1.4174741629e+12 5.4377284619e-02 2.5425730390e+02
W 2.6582339106e+00 1.7886495291e+12 4.9510400218e-02 2.8708322248e+02
W 2.6582339106e+00 2.2570197196e+12 4.4507888429e-02 3.2414713507e+02
W 2.6582339106e+00 2.8480358684e+12 3.9446043073e-02 3.6599618837e+02
W 2.6582339106e+00 3.5938136638e+12 3.4409408854e-02 4.1324816853e+02
W 2.6582339106e+00 4.5348785081e+12 2.9487942761e-02 4.6660062104e+02
W 2.6582339106e+00 5.7223676594e+12 2.4773178005e-02 5.2684114810e+02
W 2.6582339106e+00 7.2208090184e+12 2.0353486274e-02 5.9485903535e+02
W 2.6582339106e+00 9.1116275612e+12 1.6308689243e-02 6.7165837980e+02
W 2.6582339106e+00 1.1497569954e+13 1.2704450132e-02 7.5837291248e+02
W 2.6582339106e+00 1.4508287785e+13 9.5870534377e-03 8.5628273491e+02
W 2.6582339106e+00 1.8307382803e+13 6.9793129129e-03 9.6683321627e+02
W 2.6582339106e+00 2.3101297001e+13 4.8783787862e-03 1.0916563303e+03
W 2.6582339106e+00 2.9150530628e+13 3.2560889043e-03 1.2325947469e+03
W 2.6582339106e+00 3.6783797718e+13 2.0621888313e-03 1.3917290340e+03
W 2.6582339106e+00 4.6415888336e+13 1.2302450745e-03 1.5714083716e+03
W 2.6582339106e+00 5.8570208181e+13 6.8547857374e-04 1.7742852309e+03
W 2.6582339106e+00 7.3907220335e+13 3.5321463389e-04 2.0033545305e+03
W 2.6582339106e+00 9.3260334688e+13 1.6638474312e-04 2.2619978484e+03
W 2.6582339106e+00 1.1768119524e+14 7.0689596846e-05 2.5540333419e+03
W 2.6582339106e+00 1.4849682623e+14 2.5952009475e-05 2.8451263804e+03
W 2.6582339106e+00 1.8738174229e+14 8.5293261402e-06 3.2124467502e+03
W 2.6582339106e+00 2.3644894126e+14 2.3896794190e-06 3.6271900589e+03
W 2.6582339106e+00 2.9836472403e+14 5.5613989300e-07 4.0954788502e+03
W 2.6582339106e+00 3.7649358068e+14 1.0425680170e-07 4.6242261201e+03
W 2.6582339106e+00 4.7508101621e+14 1.5178591241e-08 5.2212373672e+03
W 2.6582339106e+00 5.9948425032e+14 1.6429919935e-09 5.8953258204e+03
W 2.6582339106e+00 7.5646332755e+14 1.2553502349e-10 6.6564425412e+03
W 2.6582339106e+00 9.5454845666e+14 6.3630638252e-12 7.5158233240e+03
W 2.6582339106e+00 1.2045035403e+15 1.9842170263e-13 8.4861545621e+03
W 2.6582339106e+00 1.5199110830e+15 3.4700277133e-15 9.5817605267e+03
W 2.6582339106e+00 1.9179102617e+15 3.0443264223e-17 1.0818814826e+04
W 2.6582339106e+00 2.4201282648e+15 1.1764605932e-19 1.2215579163e+04
W 2.6582339106e+00 3.0538555088e+15 1.7201134147e-22 1.3792672921e+04
W 2.6582339106e+00 3.8535285937e+15 7.8874300386e-26 1.5573377552e+04
W 2.6582339106e+00 4.8626015801e+15 8.8639276059e-30 1.7583980259e+04
W 2.6582339106e+00 6.1359072734e+15 1.7093748670e-34 1.9588094363e+04
W 2.6582339106e+00 7.7426368268e+15 3.8979972976e-40 2.2117017547e+04
W 2.6582339106e+00 9.7700995730e+15 6.0582613040e-47 2.4972437651e+04
W 2.6582339106e+00 1.2328467394e+16 3.4707365886e-55 2.8196507098e+04
W 2.6582339106e+00 1.5556761439e+16 3.6346917177e-65 3.1836820402e+04
W 2.6582339106e+00 1.9630406500e+16 3.1305334825e-77 3.5947116777e+04
W 2.6582339106e+00 2.4770763560e+16 8.7469842985e-92 4.0588073439e+04
W 2.6582339106e+00 3.1257158497e+16 2.5746428759e-109 4.5828201346e+04
W 2.6582339106e+00 3.9442060594e+16 1.9463879412e-130 5.1744856573e+04
W 2.6582339106e+00 4.9770235643e+16 6.1346386162e-156 5.8425382255e+04
W 2.6582339106e+00 6.2802914418e+16 7.5121892046e-187 6.5968397978e+04
W 2.6582339106e+00 7.9248289835e+16 1.5942092653e-224 7.4485255616e+04
W 2.6582339106e+00 1.0000000000e+17 9.7066365581e-271 8.2974627711e+04
W 2.8503658678e+00 1.2618568831e+07 2.4483659035e-02 4.0771018670e-01
W 2.8503658678e+00 1.5922827933e+07 2.5797548063e-02 4.6660062104e-01
W 2.8503658678e+00 2.0092330026e+07 2.7179774159e-02 5.3399730166e-01
W 2.8503658678e+00 2.5353644940e+07 2.8633334394e-02 6.1112888693e-01
W 2.8503658678e+00 3.1992671378e+07 3.0986195415e-02 7.0890156889e-01
W 2.8503658678e+00 4.0370172586e+07 3.2635448981e-02 8.1129665897e-01
W 2.8503658678e+00 5.0941380148e+07 3.4367371469e-02 9.2848189051e-01
W 2.8503658678e+00 6.4280731173e+07 3.6185065352e-02 1.0625935796e+00
W 2.8503658678e+00 8.1113083079e+07 3.8091574893e-02 1.2160766160e+00
W 2.8503658678e+00 1.0235310219e+08 3.9022551228e-02 1.3730783280e+00
W 2.8503658678e+00 1.2915496650e+08 4.1059680996e-02 1.5714083716e+00
W 2.8503658678e+00 1.6297508346e+08 4.3191421229e-02 1.7983855837e+00
W 2.8503658678e+00 2.0565123083e+08 4.5420086838e-02 2.0581478158e+00
W 2.8503658678e+00 2.5950242114e+08 4.6476523629e-02 2.3238652272e+00
W 2.8503658678e+00 3.2745491629e+08 4.8840061260e-02 2.6595287378e+00
W 2.8503658678e+00 4.1320124001e+08 5.1302641499e-02 3.0436761240e+00
W 2.8503658678e+00 5.2140082880e+08 5.2430841977e-02 3.4366302814e+00
W 2.8503658678e+00 6.5793322466e+08 5.5021793260e-02 3.9330236916e+00
W 2.8503658678e+00 8.3021756813e+08 5.6172522516e-02 4.4407971694e+00
W 2.8503658678e+00 1.0476157528e+09 5.8880015698e-02 5.0822343536e+00
W 2.8503658678e+00 1.3219411485e+09 6.0034804488e-02 5.7383768066e+00
W 2.8503658678e+00 1.6681005372e+09 6.2840343817e-02 6.5672388601e+00
W 2.8503658678e+00 2.1049041445e+09 6.3974332003e-02 7.4151029914e+00
W 2.8503658678e+00 2.6560877829e+09 6.6851077769e-02 8.4861545621e+00
W 2.8503658678e+00 3.3516026509e+09 6.7931641017e-02 9.5817605267e+00
W 2.8503658678e+00 4.2292428744e+09 6.8956508243e-02 1.0818814826e+01
W 2.8503658678e+00 5.3366992312e+09 7.1827802973e-02 1.2381505004e+01
W 2.8503658678e+00 6.7341506578e+09 7.2734150107e-02 1.3980020637e+01
W 2.8503658678e+00 8.4975343591e+09 7.3549314323e-02 1.5784912815e+01
W 2.8503658678e+00 1.0722672220e+10 7.4260110576e-02 1.7822825807e+01
W 2.8503658678e+00 1.3530477746e+10 7.6899705642e-02 2.0397188644e+01
W 2.8503658678e+00 1.7073526475e+10 7.7371126746e-02 2.3030570039e+01
W 2.8503658678e+00 2.1544346900e+10 7.7689227313e-02 2.6003934443e+01
W 2.8503658678e+00 2.7185882427e+10 7.7837076021e-02 2.9361175402e+01
W 2.8503658678e+00 3.4304692863e+10 7.9924992456e-02 3.3602159387e+01
W 2.8503658678e+00 4.3287612811e+10 7.9672811957e-02 3.7940370054e+01
W 2.8503658678e+00 5.4622772177e+10 7.9191035161e-02 4.2838665911e+01
W 2.8503658678e+00 6.8926121044e+10 7.8461557897e-02 4.8369356820e+01
W 2.8503658678e+00 8.6974900262e+10 7.7466993102e-02 5.4614088217e+01
W 2.8503658678e+00 1.0974987655e+11 7.6191192233e-02 6.1665046383e+01
W 2.8503658678e+00 1.3848863714e+11 7.4619893415e-02 6.9626319316e+01
W 2.8503658678e+00 1.7475284000e+11 7.2741406748e-02 7.8615433311e+01
W 2.8503658678e+00 2.2051307399e+11 7.2476975488e-02 8.9970795930e+01
W 2.8503658678e+00 2.7825594022e+11 6.9894804251e-02 1.0158648593e+02
W 2.8503658678e+00 3.5111917342e+11 6.6985704980e-02 1.1470182092e+02
W 2.8503658678e+00 4.4306214576e+11 6.3757350726e-02 1.2951041276e+02
W 2.8503658678e+00 5.5908101825e+11 6.0224796606e-02 1.4623086955e+02
W 2.8503658678e+00 7.0548023107e+11 5.6411384569e-02 1.6511002285e+02
W 2.8503658678e+00 8.9021508545e+11 5.2349477507e-02 1.8642657141e+02
W 2.8503658678e+00 1.1233240330e+12 4.8080921522e-02 2.1049519544e+02
W 2.8503658678e+00 1.4174741629e+12 4.3657117884e-02 2.3767120195e+02
W 2.8503658678e+00 1.7886495291e+12 3.9138578018e-02 2.6835576992e+02
W 2.8503658678e+00 2.2570197196e+12 3.4593837807e-02 3.0300187259e+02
W 2.8503658678e+00 2.8480358684e+12 3.0097627608e-02 3.4212096433e+02
W 2.8503658678e+00 3.5938136638e+12 2.5728237949e-02 3.8629053094e+02
W 2.8503658678e+00 4.5348785081e+12 2.1564092580e-02 4.3616261454e+02
W 2.8503658678e+00 5.7223676594e+12 1.7679642296e-02 4.9247343925e+02
W 2.8503658678e+00 7.2208090184e+12 1.4140820945e-02 5.5605427949e+02
W 2.8503658678e+00 9.1116275612e+12 1.1000446561e-02 6.2784373144e+02
W 2.8503658678e+00 1.1497569954e+13 8.2940820722e-03 7.0890156889e+02
W 2.8503658678e+00 1.4508287785e+13 6.0369564770e-03 8.0042438779e+02
W 2.8503658678e+00 1.8307382803e+13 4.2225463532e-03 9.0376327080e+02
W 2.8503658678e+00 2.3101297001e+13 2.8232890711e-03 1.0204437322e+03
W 2.8503658678e+00 2.9150530628e+13 1.7936221813e-03 1.1521882381e+03
W 2.8503658678e+00 3.6783797718e+13 1.0751362325e-03 1.3009416336e+03
W 2.8503658678e+00 4.6415888336e+13 5.8710620753e-04 1.4492149732e+03
W 2.8503658678e+00 5.8570208181e+13 3.0538306943e-04 1.6363160397e+03
W 2.8503658678e+00 7.3907220335e+13 1.4567275487e-04 1.8475728109e+03
W 2.8503658678e+00 9.3260334688e+13 6.2917869837e-05 2.0861039120e+03
W 2.8503658678e+00 1.1768119524e+14 2.4240931983e-05 2.3554305985e+03
W 2.8503658678e+00 1.4849682623e+14 8.1865846709e-06 2.6595287378e+03
W 2.8503658678e+00 1.8738174229e+14 2.3740933305e-06 3.0028875026e+03
W 2.8503658678e+00 2.3644894126e+14 5.7703208790e-07 3.3905756404e+03
W 2.8503658678e+00 2.9836472403e+14 1.1422438465e-07 3.8283162999e+03
W 2.8503658678e+00 3.7649358068e+14 1.7800089778e-08 4.3225715179e+03
W 2.8503658678e+00 4.7508101621e+14 2.0972287218e-09 4.8806376128e+03
W 2.8503658678e+00 5.9948425032e+14 1.7803472965e-10 5.5107528953e+03
W 2.8503658678e+00 7.5646332755e+14 1.0008120609e-11 6.1388346743e+03
W 2.8503658678e+00 9.5454845666e+14 3.6713288972e-13 6.9313896337e+03
W 2.8503658678e+00 1.2045035403e+15 7.8700672287e-15 7.8262674927e+03
W 2.8503658678e+00 1.5199110830e+15 8.8997670897e-17 8.8366786611e+03
W 2.8503658678e+00 1.9179102617e+15 4.6940456882e-19 9.9775390799e+03
W 2.8503658678e+00 2.4201282648e+15 1.0001898175e-21 1.1265690415e+04
W 2.8503658678e+00 3.0538555088e+15 7.2774820245e-25 1.2720148677e+04
W 2.8503658678e+00 3.8535285937e+15 1.4692076395e-28 1.4362384940e+04
W 2.8503658678e+00 4.8626015801e+15 6.2648887596e-33 1.6216642306e+04
W 2.8503658678e+00 6.1359072734e+15 3.9197905617e-38 1.8310293784e+04
W 2.8503658678e+00 7.7426368268e+15 2.1865716104e-44 2.0397188644e+04
W 2.8503658678e+00 9.7700995730e+15 6.4327805476e-52 2.3030570039e+04
W 2.8503658678e+00 1.2328467394e+16 4.9260716566e-61 2.6003934443e+04
W 2.8503658678e+00 1.5556761439e+16 4.5233247379e-72 2.9361175402e+04
W 2.8503658678e+00 1.9630406500e+16 2.0600030638e-85 3.3151853343e+04
W 2.8503658678e+00 2.4770763560e+16 1.6637728732e-101 3.7431927196e+04
W 2.8503658678e+00 3.1257158497e+16 6.8722042031e-121 4.2264580479e+04
W 2.8503658678e+00 3.9442060594e+16 3.0492617253e-144 4.7721154022e+04
W 2.8503658678e+00 4.9770235643e+16 1.8955320195e-172 5.3160118149e+04
W 2.8503658678e+00 6.2802914418e+16 1.2641219589e-206 6.0023361341e+04
W 2.8503658678e+00 7.9248289835e+16 2.8287742455e-248 6.7772684338e+04
W 2.8503658678e+00 1.0000000000e+17 2.3510731144e-299 7.6522484575e+04
W 3.0563847478e+00 1.2618568831e+07 2.1987606670e-02 3.6599618837e-01
W 3.0563847478e+00 1.5922827933e+07 2.3783803446e-02 4.2455082339e-01
W 3.0563847478e+00 2.0092330026e+07 2.5038921362e-02 4.8587375130e-01
W 3.0563847478e+00 2.5353644940e+07 2.6356764019e-02 5.5605427949e-01
W 3.0563847478e+00 3.1992671378e+07 2.8498455975e-02 6.4501573980e-01
W 3.0563847478e+00 4.0370172586e+07 2.9988659999e-02 7.3818303930e-01
W 3.0563847478e+00 5.0941380148e+07 3.1550666965e-02 8.4480760063e-01
W 3.0563847478e+00 6.4280731173e+07 3.3186810810e-02 9.6683321627e-01
W 3.0563847478e+00 8.1113083079e+07 3.4899315585e-02 1.1064844438e+00
W 3.0563847478e+00 1.0235310219e+08 3.6690255199e-02 1.2663071600e+00
W 3.0563847478e+00 1.2915496650e+08 3.8561509918e-02 1.4492149732e+00
W 3.0563847478e+00 1.6297508346e+08 4.0514716315e-02 1.6585423386e+00
W 3.0563847478e+00 2.0565123083e+08 4.2551205920e-02 1.8981053466e+00
W 3.0563847478e+00 2.5950242114e+08 4.4671941502e-02 2.1722712908e+00
W 3.0563847478e+00 3.2745491629e+08 4.5629438173e-02 2.4527226266e+00
W 3.0563847478e+00 4.1320124001e+08 4.7858705841e-02 2.8069985449e+00
W 3.0563847478e+00 5.2140082880e+08 5.0169830675e-02 3.2124467502e+00
W 3.0563847478e+00 6.5793322466e+08 5.1162136729e-02 3.6271900589e+00
W 3.0563847478e+00 8.3021756813e+08 5.3566326511e-02 4.1511082855e+00
W 3.0563847478e+00 1.0476157528e+09 5.4551643410e-02 4.6870376000e+00
W 3.0563847478e+00 1.3219411485e+09 5.7030194934e-02 5.3640422201e+00
W 3.0563847478e+00 1.6681005372e+09 5.7984724768e-02 6.0565675103e+00
W 3.0563847478e+00 2.1049041445e+09 6.0511355708e-02 6.9313896337e+00
W 3.0563847478e+00 2.6560877829e+09 6.1404388142e-02 7.8262674927e+00
W 3.0563847478e+00 3.3516026509e+09 6.3943652366e-02 8.9567084455e+00
W 3.0563847478e+00 4.2292428744e+09 6.4736385155e-02 1.0113065324e+01
W 3.0563847478e+00 5.3366992312e+09 6.5451862341e-02 1.1418713790e+01
W 3.0563847478e+00 6.7341506578e+09 6.7886451335e-02 1.3068054514e+01
W 3.0563847478e+00 8.4975343591e+09 6.8428248863e-02 1.4755207201e+01
W 3.0563847478e+00 1.0722672220e+10 6.8854656772e-02 1.6660179931e+01
W 3.0563847478e+00 1.3530477746e+10 6.9152234179e-02 1.8811094384e+01
W 3.0563847478e+00 1.7073526475e+10 7.1202541249e-02 2.1528204613e+01
W 3.0563847478e+00 2.1544346900e+10 7.1199791993e-02 2.4307605956e+01
W 3.0563847478e+00 2.7185882427e+10 7.1020114638e-02 2.7445842229e+01
W 3.0563847478e+00 3.4304692863e+10 7.0648154968e-02 3.0989240860e+01
W 3.0563847478e+00 4.3287612811e+10 7.0068729914e-02 3.4990110379e+01
W 3.0563847478e+00 5.4622772177e+10 7.1161642318e-02 4.0044148431e+01
W 3.0563847478e+00 6.8926121044e+10 7.0095697982e-02 4.5214052838e+01
W 3.0563847478e+00 8.6974900262e+10 6.8774559547e-02 5.1051418350e+01
W 3.0563847478e+00 1.0974987655e+11 6.7187420699e-02 5.7642417611e+01
W 3.0563847478e+00 1.3848863714e+11 6.5326105132e-02 6.5084348593e+01
W 3.0563847478e+00 1.7475284000e+11 6.3185748523e-02 7.3487070933e+01
W 3.0563847478e+00 2.2051307399e+11 6.0765587212e-02 8.2974627711e+01
W 3.0563847478e+00 2.7825594022e+11 5.8069749161e-02 9.3687076602e+01
W 3.0563847478e+00 3.5111917342e+11 5.5108059618e-02 1.0578255744e+02
W 3.0563847478e+00 4.4306214576e+11 5.1896801889e-02 1.1943962674e+02
W 3.0563847478e+00 5.5908101825e+11 4.8459374506e-02 1.3485989354e+02
W 3.0563847478e+00 7.0548023107e+11 4.4826775983e-02 1.5227099567e+02
W 3.0563847478e+00 8.9021508545e+11 4.1037828883e-02 1.7192996014e+02
W 3.0563847478e+00 1.1233240330e+12 3.7139049724e-02 1.9412699750e+02
W 3.0563847478e+00 1.4174741629e+12 3.3184066898e-02 2.1918978593e+02
W 3.0563847478e+00 1.7886495291e+12 2.9232496966e-02 2.4748830855e+02
W 3.0563847478e+00 2.2570197196e+12 2.5348212306e-02 2.7944031520e+02
W 3.0563847478e+00 2.8480358684e+12 2.1596974498e-02 3.1551748936e+02
W 3.0563847478e+00 3.5938136638e+12 1.8043471009e-02 3.5625241125e+02
W 3.0563847478e+00 4.5348785081e+12 1.4747877443e-02 4.0224641994e+02
W 3.0563847478e+00 5.7223676594e+12 1.1762168885e-02 4.5417849044e+02
W 3.0563847478e+00 7.2208090184e+12 9.1265098597e-03 5.1281525689e+02
W 3.0563847478e+00 9.1116275612e+12 6.8661432314e-03 5.7902232984e+02
W 3.0563847478e+00 1.1497569954e+13 4.9892465748e-03 6.5377707459e+02
W 3.0563847478e+00 1.4508287785e+13 3.4861993347e-03 7.3818303930e+02
W 3.0563847478e+00 1.8307382803e+13 2.3305791438e-03 8.3348624582e+02
W 3.0563847478e+00 2.3101297001e+13 1.4819719296e-03 9.4109358382e+02
W 3.0563847478e+00 2.9150530628e+13 8.9035955751e-04 1.0625935796e+03
W 3.0563847478e+00 3.6783797718e+13 5.0150248333e-04 1.1997798464e+03
W 3.0563847478e+00 4.6415888336e+13 2.6246076020e-04 1.3546775620e+03
W 3.0563847478e+00 5.8570208181e+13 1.2294064532e-04 1.5090753928e+03
W 3.0563847478e+00 7.3907220335e+13 5.3745062084e-05 1.7039047457e+03
W 3.0563847478e+00 9.3260334688e+13 2.1044213286e-05 1.9238875646e+03
W 3.0563847478e+00 1.1768119524e+14 7.2592961238e-06 2.1722712908e+03
W 3.0563847478e+00 1.4849682623e+14 2.1637211466e-06 2.4527226266e+03
W 3.0563847478e+00 1.8738174229e+14 5.4469240994e-07 2.7693816645e+03
W 3.0563847478e+00 2.3644894126e+14 1.1273865611e-07 3.1269230040e+03
W 3.0563847478e+00 2.9836472403e+14 1.8585389768e-08 3.5306247595e+03
W 3.0563847478e+00 3.7649358068e+14 2.2876234550e-09 3.9330236916e+03
W 3.0563847478e+00 4.7508101621e+14 2.1218332520e-10 4.4407971694e+03
W 3.0563847478e+00 5.9948425032e+14 1.3685255457e-11 5.0141268007e+03
W 3.0563847478e+00 7.5646332755e+14 5.7596447497e-13 5.6614762203e+03
W 3.0563847478e+00 9.5454845666e+14 1.4659352776e-14 6.3924017614e+03
W 3.0563847478e+00 1.2045035403e+15 2.0571624171e-16 7.2176935289e+03
W 3.0563847478e+00 1.5199110830e+15 1.4211055990e-18 8.1495346853e+03
W 3.0563847478e+00 1.9179102617e+15 4.1045116716e-21 9.0783686106e+03
W 3.0563847478e+00 2.4201282648e+15 4.4619304144e-24 1.0250432438e+04
W 3.0563847478e+00 3.0538555088e+15 1.4750664381e-27 1.1573815702e+04
W 3.0563847478e+00 3.8535285937e+15 1.1780731408e-31 1.3068054514e+04
W 3.0563847478e+00 4.8626015801e+15 1.6797939516e-36 1.4755207201e+04
W 3.0563847478e+00 6.1359072734e+15 2.8559112508e-42 1.6660179931e+04
W 3.0563847478e+00 7.7426368268e+15 3.4352961862e-49 1.8811094384e+04
W 3.0563847478e+00 9.7700995730e+15 1.4988028829e-57 2.0955067422e+04
W 3.0563847478e+00 1.2328467394e+16 1.1800726499e-67 2.3660473821e+04
W 3.0563847478e+00 1.5556761439e+16 6.9172689483e-80 2.6715162026e+04
W 3.0563847478e+00 1.9630406500e+16 1.1353300368e-94 3.0164226104e+04
W 3.0563847478e+00 2.4770763560e+16 1.6697658625e-112 3.4058581998e+04
W 3.0563847478e+00 3.1257158497e+16 5.5488262349e-134 3.8455719160e+04
W 3.0563847478e+00 3.9442060594e+16 7.1979458630e-160 4.2838665911e+04
W 3.0563847478e+00 4.9770235643e+16 4.1493126683e-191 4.8369356820e+04
W 3.0563847478e+00 6.2802914418e+16 5.6562722801e-229 5.4614088217e+04
W 3.0563847478e+00 7.9248289835e+16 4.0440224344e-275 6.1665046383e+04
W 3.0563847478e+00 1.0000000000e+17 0.0000000000e+00 6.9626319316e+04
W 3.2772942702e+00 1.2618568831e+07 1.9179147936e-02 3.2414713507e-01
W 3.2772942702e+00 1.5922827933e+07 2.0728600129e-02 3.7600646527e-01
W 3.2772942702e+00 2.0092330026e+07 2.1803384172e-02 4.3031755383e-01
W 3.2772942702e+00 2.5353644940e+07 2.3557002594e-02 4.9916277164e-01
W 3.2772942702e+00 3.1992671378e+07 2.4769178201e-02 5.7126279118e-01
W 3.2772942702e+00 4.0370172586e+07 2.6750145458e-02 6.6265741577e-01
W 3.2772942702e+00 5.0941380148e+07 2.8113533628e-02 7.5837291248e-01
W 3.2772942702e+00 6.4280731173e+07 2.9538374825e-02 8.6791373747e-01
W 3.2772942702e+00 8.1113083079e+07 3.1874681668e-02 1.0067686593e+00
W 3.2772942702e+00 1.0235310219e+08 3.3468956757e-02 1.1521882381e+00
W 3.2772942702e+00 1.2915496650e+08 3.5130123773e-02 1.3186124973e+00
W 3.2772942702e+00 1.6297508346e+08 3.6858917257e-02 1.5090753928e+00
W 3.2772942702e+00 2.0565123083e+08 3.8655718870e-02 1.7270491110e+00
W 3.2772942702e+00 2.5950242114e+08 3.9441732424e-02 1.9500199859e+00
W 3.2772942702e+00 3.2745491629e+08 4.1322513235e-02 2.2316845792e+00
W 3.2772942702e+00 4.1320124001e+08 4.3267871202e-02 2.5540333419e+00
W 3.2772942702e+00 5.2140082880e+08 4.5276083971e-02 2.9229427725e+00
W 3.2772942702e+00 6.5793322466e+08 4.6084237692e-02 3.3003096366e+00
W 3.2772942702e+00 8.3021756813e+08 4.8153288341e-02 3.7770126337e+00
W 3.2772942702e+00 1.0476157528e+09 5.0273670074e-02 4.3225715179e+00
W 3.2772942702e+00 1.3219411485e+09 5.1044011272e-02 4.8806376128e+00
W 3.2772942702e+00 1.6681005372e+09 5.3191276253e-02 5.5856061867e+00
W 3.2772942702e+00 2.1049041445e+09 5.3895324248e-02 6.3067365184e+00
W 3.2772942702e+00 2.6560877829e+09 5.6036631590e-02 7.2176935289e+00
W 3.2772942702e+00 3.3516026509e+09 5.6639520999e-02 8.1495346853e+00
W 3.2772942702e+00 4.2292428744e+09 5.7169202809e-02 9.2016813019e+00
W 3.2772942702e+00 5.3366992312e+09 5.9192066672e-02 1.0530789640e+01
W 3.2772942702e+00 6.7341506578e+09 5.9556078885e-02 1.1890368452e+01
W 3.2772942702e+00 8.4975343591e+09 5.9814017921e-02 1.3425475844e+01
W 3.2772942702e+00 1.0722672220e+10 6.1594367102e-02 1.5364677094e+01
W 3.2772942702e+00 1.3530477746e+10 6.1606126839e-02 1.7348335504e+01
W 3.2772942702e+00 1.7073526475e+10 6.1472959633e-02 1.9588094363e+01
W 3.2772942702e+00 2.1544346900e+10 6.1182458966e-02 2.2117017547e+01
W 3.2772942702e+00 2.7185882427e+10 6.2383114087e-02 2.5311641602e+01
W 3.2772942702e+00 3.4304692863e+10 6.1723795070e-02 2.8579504013e+01
W 3.2772942702e+00 4.3287612811e+10 6.0866261235e-02 3.2269264179e+01
W 3.2772942702e+00 5.4622772177e+10 5.9799898069e-02 3.6435391257e+01
W 3.2772942702e+00 6.8926121044e+10 5.8515556392e-02 4.1139386652e+01
W 3.2772942702e+00 8.6974900262e+10 5.7006018676e-02 4.6450691916e+01
W 3.2772942702e+00 1.0974987655e+11 5.6778114315e-02 5.3160118149e+01
W 3.2772942702e+00 1.3848863714e+11 5.4753082373e-02 6.0023361341e+01
W 3.2772942702e+00 1.7475284000e+11 5.2492108180e-02 6.7772684338e+01
W 3.2772942702e+00 2.2051307399e+11 5.0001637204e-02 7.6522484575e+01
W 3.2772942702e+00 2.7825594022e+11 4.7293146159e-02 8.6401928782e+01
W 3.2772942702e+00 3.5111917342e+11 4.4383705555e-02 9.7556859773e+01
W 3.2772942702e+00 4.4306214576e+11 4.1296428116e-02 1.1015194942e+02
W 3.2772942702e+00 5.5908101825e+11 3.8060741598e-02 1.2437312957e+02
W 3.2772942702e+00 7.0548023107e+11 3.4712419367e-02 1.4043033682e+02
W 3.2772942702e+00 8.9021508545e+11 3.1293292240e-02 1.5856061167e+02
W 3.2772942702e+00 1.1233240330e+12 2.7850570302e-02 1.7903159775e+02
W 3.2772942702e+00 1.4174741629e+12 2.4435713356e-02 2.0214549285e+02
W 3.2772942702e+00 1.7886495291e+12 2.1102812585e-02 2.2824351004e+02
W 3.2772942702e+00 2.2570197196e+12 1.7906484649e-02 2.5771091476e+02
W 3.2772942702e+00 2.8480358684e+12 1.4899334112e-02 2.9098271217e+02
W 3.2772942702e+00 3.5938136638e+12 1.2129109494e-02 3.2855006882e+02
W 3.2772942702e+00 4.5348785081e+12 9.6357565939e-03 3.7096756339e+02
W 3.2772942702e+00 5.7223676594e+12 7.4486493713e-03 4.1886137350e+02
W 3.2772942702e+00 7.2208090184e+12 5.4356673449e-03 4.6660062104e+02
W 3.2772942702e+00 9.1116275612e+12 3.9374721230e-03 5.2684114810e+02
W 3.2772942702e+00 1.1497569954e+13 2.7440345759e-03 5.9485903535e+02
W 3.2772942702e+00 1.4508287785e+13 1.8307850547e-03 6.7165837980e+02
W 3.2772942702e+00 1.8307382803e+13 1.1628295324e-03 7.5837291248e+02
W 3.2772942702e+00 2.3101297001e+13 6.9857885025e-04 8.5628273491e+02
W 3.2772942702e+00 2.9150530628e+13 3.9400122030e-04 9.6683321627e+02
W 3.2772942702e+00 3.6783797718e+13 2.0683440485e-04 1.0916563303e+03
W 3.2772942702e+00 4.6415888336e+13 1.0006020671e-04 1.2325947469e+03
W 3.2772942702e+00 5.8570208181e+13 4.2920968832e-05 1.3730783280e+03
W 3.2772942702e+00 7.3907220335e+13 1.6999562316e-05 1.5503497641e+03
W 3.2772942702e+00 9.3260334688e+13 5.9569925351e-06 1.7505078494e+03
W 3.2772942702e+00 1.1768119524e+14 1.8132656615e-06 1.9765073674e+03
W 3.2772942702e+00 1.4849682623e+14 4.6923357051e-07 2.2316845792e+03
W 3.2772942702e+00 1.8738174229e+14 1.0065060891e-07 2.5198064745e+03
W 3.2772942702e+00 2.3644894126e+14 1.7369408293e-08 2.8451263804e+03
W 3.2772942702e+00 2.9836472403e+14 2.2660098857e-09 3.1693964161e+03
W 3.2772942702e+00 3.7649358068e+14 2.2622384204e-10 3.5785817064e+03
W 3.2772942702e+00 4.7508101621e+14 1.6007232548e-11 4.0405949108e+03
W 3.2772942702e+00 5.9948425032e+14 7.5659586072e-13 4.5622563833e+03
W 3.2772942702e+00 7.5646332755e+14 2.2260191905e-14 5.1512670205e+03
W 3.2772942702e+00 9.5454845666e+14 3.6468940589e-16 5.7383768066e+03
W 3.2772942702e+00 1.2045035403e+15 3.1688804508e-18 6.4792306068e+03
W 3.2772942702e+00 1.5199110830e+15 1.2534503261e-20 7.3157324225e+03
W 3.2772942702e+00 1.9179102617e+15 1.9401501399e-23 8.2602309016e+03
W 3.2772942702e+00 2.4201282648e+15 9.8500210281e-27 9.3266689659e+03
W 3.2772942702e+00 3.0538555088e+15 1.3338942607e-30 1.0530789640e+04
W 3.2772942702e+00 3.8535285937e+15 3.6318868846e-35 1.1731024384e+04
W 3.2772942702e+00 4.8626015801e+15 1.4996665476e-40 1.3245559641e+04
W 3.2772942702e+00 6.1359072734e+15 5.8386971884e-47 1.4955629148e+04
W 3.2772942702e+00 7.7426368268e+15 1.2008953715e-54 1.6886477376e+04
W 3.2772942702e+00 9.7700995730e+15 6.4057518904e-64 1.9066607988e+04
W 3.2772942702e+00 1.2328467394e+16 3.7441566044e-75 2.1239702897e+04
W 3.2772942702e+00 1.5556761439e+16 9.7621977926e-89 2.3981857192e+04
W 3.2772942702e+00 1.9630406500e+16 3.7326017616e-105 2.7078037634e+04
W 3.2772942702e+00 2.4770763560e+16 5.9078086866e-125 3.0573950809e+04
W 3.2772942702e+00 3.1257158497e+16 8.1619122845e-149 3.4058581998e+04
W 3.2772942702e+00 3.9442060594e+16 1.5239032716e-177 3.8455719160e+04
W 3.2772942702e+00 4.9770235643e+16 3.1586222136e-212 4.3420549222e+04
W 3.2772942702e+00 6.2802914418e+16 2.8848320155e-254 4.9026364243e+04
W 3.2772942702e+00 7.9248289835e+16 1.6939367223e-305 5.5355918659e+04
W 3.2772942702e+00 1.0000000000e+17 0.0000000000e+00 6.1665046383e+04
W 3.5141707016e+00 1.2618568831e+07 1.5388697471e-02 2.7569550638e-01
W 3.5141707016e+00 1.5922827933e+07 1.6616067609e-02 3.1980320549e-01
W 3.5141707016e+00 2.0092330026e+07 1.7937692474e-02 3.7096756339e-01
W 3.5141707016e+00 2.5353644940e+07 1.9360077223e-02 4.3031755383e-01
W 3.5141707016e+00 3.1992671378e+07 2.0890040943e-02 4.9916277164e-01
W 3.5141707016e+00 4.0370172586e+07 2.1934772937e-02 5.7126279118e-01
W 3.5141707016e+00 5.0941380148e+07 2.3654510563e-02 6.6265741577e-01
W 3.5141707016e+00 6.4280731173e+07 2.4821676722e-02 7.5837291248e-01
W 3.5141707016e+00 8.1113083079e+07 2.6749022870e-02 8.7970272549e-01
W 3.5141707016e+00 1.0235310219e+08 2.8047334155e-02 1.0067686593e+00
W 3.5141707016e+00 1.2915496650e+08 2.9395736755e-02 1.1521882381e+00
W 3.5141707016e+00 1.6297508346e+08 3.0794161035e-02 1.3186124973e+00
W 3.5141707016e+00 2.0565123083e+08 3.3124027296e-02 1.5295733651e+00
W 3.5141707016e+00 2.5950242114e+08 3.4661733701e-02 1.7505078494e+00
W 3.5141707016e+00 3.2745491629e+08 3.5283142339e-02 1.9765073674e+00
W 3.5141707016e+00 4.1320124001e+08 3.6872885217e-02 2.2619978484e+00
W 3.5141707016e+00 5.2140082880e+08 3.8505667338e-02 2.5887251173e+00
W 3.5141707016e+00 6.5793322466e+08 4.0178260077e-02 2.9626454939e+00
W 3.5141707016e+00 8.3021756813e+08 4.1886625306e-02 3.3905756404e+00
W 3.5141707016e+00 1.0476157528e+09 4.2464380388e-02 3.8283162999e+00
W 3.5141707016e+00 1.3219411485e+09 4.4181462497e-02 4.3812855831e+00
W 3.5141707016e+00 1.6681005372e+09 4.5915837345e-02 5.0141268007e+00
W 3.5141707016e+00 2.1049041445e+09 4.6390574235e-02 5.6614762203e+00
W 3.5141707016e+00 2.6560877829e+09 4.8087465390e-02 6.4792306068e+00
W 3.5141707016e+00 3.3516026509e+09 4.8448433421e-02 7.3157324225e+00
W 3.5141707016e+00 4.2292428744e+09 5.0067328831e-02 8.3724307193e+00
W 3.5141707016e+00 5.3366992312e+09 5.0275559682e-02 9.4533543540e+00
W 3.5141707016e+00 6.7341506578e+09 5.0389349064e-02 1.0673830759e+01
W 3.5141707016e+00 8.4975343591e+09 5.1777991727e-02 1.2215579163e+01
W 3.5141707016e+00 1.0722672220e+10 5.1672370658e-02 1.3792672921e+01
W 3.5141707016e+00 1.3530477746e+10 5.1440955906e-02 1.5573377552e+01
W 3.5141707016e+00 1.7073526475e+10 5.2471008921e-02 1.7822825807e+01
W 3.5141707016e+00 2.1544346900e+10 5.1945296536e-02 2.0123843791e+01
W 3.5141707016e+00 2.7185882427e+10 5.1261587934e-02 2.2721934967e+01
W 3.5141707016e+00 3.4304692863e+10 5.0411450623e-02 2.5655453004e+01
W 3.5141707016e+00 4.3287612811e+10 4.9387524634e-02 2.8967703227e+01
W 3.5141707016e+00 5.4622772177e+10 4.9501720816e-02 3.3151853343e+01
W 3.5141707016e+00 6.8926121044e+10 4.8076227102e-02 3.7431927196e+01
W 3.5141707016e+00 8.6974900262e+10 4.6459888175e-02 4.2264580479e+01
W 3.5141707016e+00 1.0974987655e+11 4.4653529749e-02 4.7721154022e+01
W 3.5141707016e+00 1.3848863714e+11 4.2661242867e-02 5.3882199122e+01
W 3.5141707016e+00 1.7475284000e+11 4.0490836737e-02 6.0838666662e+01
W 3.5141707016e+00 2.2051307399e+11 3.8154290807e-02 6.8693249746e+01
W 3.5141707016e+00 2.7825594022e+11 3.5668114873e-02 7.7561899686e+01
W 3.5141707016e+00 3.5111917342e+11 3.3053606048e-02 8.7575537700e+01
W 3.5141707016e+00 4.4306214576e+11 3.0336944257e-02 9.8881987607e+01
W 3.5141707016e+00 5.5908101825e+11 2.7549073831e-02 1.1164815803e+02
W 3.5141707016e+00 7.0548023107e+11 2.4725320458e-02 1.2606250637e+02
W 3.5141707016e+00 8.9021508545e+11 2.1904693636e-02 1.4233782081e+02
W 3.5141707016e+00 1.1233240330e+12 1.9128840026e-02 1.6071436160e+02
W 3.5141707016e+00 1.4174741629e+12 1.6440634340e-02 1.8146340781e+02
W 3.5141707016e+00 1.7886495291e+12 1.3882427868e-02 2.0489126203e+02
W 3.5141707016e+00 2.2570197196e+12 1.1494018696e-02 2.3134377207e+02
W 3.5141707016e+00 2.8480358684e+12 9.3104601811e-03 2.6121143648e+02
W 3.5141707016e+00 3.5938136638e+12 7.3598798632e-03 2.9493516915e+02
W 3.5141707016e+00 4.5348785081e+12 5.6615307298e-03 3.3301280821e+02
W 3.5141707016e+00 5.7223676594e+12 4.2243278406e-03 3.7600646527e+02
W 3.5141707016e+00 7.2208090184e+12 2.9650255271e-03 4.1886137350e+02
W 3.5141707016e+00 9.1116275612e+12 2.0576294711e-03 4.7293851949e+02
W 3.5141707016e+00 1.1497569954e+13 1.3676694890e-03 5.3399730166e+02
W 3.5141707016e+00 1.4508287785e+13 8.6595941988e-04 6.0293908495e+02
W 3.5141707016e+00 1.8307382803e+13 5.1903333978e-04 6.8078160513e+02
W 3.5141707016e+00 2.3101297001e+13 2.9237935162e-04 7.6867399286e+02
W 3.5141707016e+00 2.9150530628e+13 1.5351418048e-04 8.6791373747e+02
W 3.5141707016e+00 3.6783797718e+13 7.2430322811e-05 9.6683321627e+02
W 3.5141707016e+00 4.6415888336e+13 3.2053998117e-05 1.0916563303e+03
W 3.5141707016e+00 5.8570208181e+13 1.2785678724e-05 1.2325947469e+03
W 3.5141707016e+00 7.3907220335e+13 4.5283482566e-06 1.3917290340e+03
W 3.5141707016e+00 9.3260334688e+13 1.3994014915e-06 1.5714083716e+03
W 3.5141707016e+00 1.1768119524e+14 3.6970714927e-07 1.7742852309e+03
W 3.5141707016e+00 1.4849682623e+14 7.9353105646e-08 1.9765073674e+03
W 3.5141707016e+00 1.8738174229e+14 1.4199345350e-08 2.2316845792e+03
W 3.5141707016e+00 2.3644894126e+14 1.9945143140e-09 2.5198064745e+03
W 3.5141707016e+00 2.9836472403e+14 2.1146327228e-10 2.8451263804e+03
W 3.5141707016e+00 3.7649358068e+14 1.6153861631e-11 3.2124467502e+03
W 3.5141707016e+00 4.7508101621e+14 8.1891292209e-13 3.5785817064e+03
W 3.5141707016e+00 5.9948425032e+14 2.7223031951e-14 4.0405949108e+03
W 3.5141707016e+00 7.5646332755e+14 5.3402413274e-16 4.5622563833e+03
W 3.5141707016e+00 9.5454845666e+14 5.6275016152e-18 5.1512670205e+03
W 3.5141707016e+00 1.2045035403e+15 2.8418374131e-20 5.8163219439e+03
W 3.5141707016e+00 1.5199110830e+15 5.8197569234e-23 6.4792306068e+03
W 3.5141707016e+00 1.9179102617e+15 4.3115909952e-26 7.3157324225e+03
W 3.5141707016e+00 2.4201282648e+15 9.2440177811e-30 8.2602309016e+03
W 3.5141707016e+00 3.0538555088e+15 4.5571587412e-34 9.3266689659e+03
W 3.5141707016e+00 3.8535285937e+15 3.7829951008e-39 1.0389665429e+04
W 3.5141707016e+00 4.8626015801e+15 3.8399136952e-45 1.1731024384e+04
W 3.5141707016e+00 6.1359072734e+15 2.8173729728e-52 1.3245559641e+04
W 3.5141707016e+00 7.7426368268e+15 7.8451852420e-61 1.4955629148e+04
W 3.5141707016e+00 9.7700995730e+15 3.6585497620e-71 1.6660179931e+04
W 3.5141707016e+00 1.2328467394e+16 1.1923460335e-83 1.8811094384e+04
W 3.5141707016e+00 1.5556761439e+16 9.1635235256e-99 2.1239702897e+04
W 3.5141707016e+00 1.9630406500e+16 4.9656156880e-117 2.3981857192e+04
W 3.5141707016e+00 2.4770763560e+16 4.5225875796e-139 2.6715162026e+04
W 3.5141707016e+00 3.1257158497e+16 1.3328951542e-165 3.0164226104e+04
W 3.5141707016e+00 3.9442060594e+16 1.4628414481e-197 3.4058581998e+04
W 3.5141707016e+00 4.9770235643e+16 3.8214732522e-236 3.8455719160e+04
W 3.5141707016e+00 6.2802914418e+16 6.3895436995e-283 4.2838665911e+04
W 3.5141707016e+00 7.9248289835e+16 0.0000000000e+00 4.8369356820e+04
W 3.5141707016e+00 1.0000000000e+17 0.0000000000e+00 5.4614088217e+04
W 3.7681680990e+00 1.2618568831e+07 1.1049869620e-02 2.2216707001e-01
W 3.7681680990e+00 1.5922827933e+07 1.1918190736e-02 2.5771091476e-01
W 3.7681680990e+00 2.0092330026e+07 1.3202962325e-02 3.0300187259e-01
W 3.7681680990e+00 2.5353644940e+07 1.4232845653e-02 3.5147823552e-01
W 3.7681680990e+00 3.1992671378e+07 1.5338335744e-02 4.0771018670e-01
W 3.7681680990e+00 4.0370172586e+07 1.6976056861e-02 4.7936250646e-01
W 3.7681680990e+00 5.0941380148e+07 1.8281683571e-02 5.5605427949e-01
W 3.7681680990e+00 6.4280731173e+07 1.9155851289e-02 6.3637181656e-01
W 3.7681680990e+00 8.1113083079e+07 2.0611713657e-02 7.3818303930e-01
W 3.7681680990e+00 1.0235310219e+08 2.2167569230e-02 8.5628273491e-01
W 3.7681680990e+00 1.2915496650e+08 2.3194016775e-02 9.7996584076e-01
W 3.7681680990e+00 1.6297508346e+08 2.4917539172e-02 1.1367476433e+00
W 3.7681680990e+00 2.0565123083e+08 2.6040322596e-02 1.3009416336e+00
W 3.7681680990e+00 2.5950242114e+08 2.7195361949e-02 1.4888521160e+00
W 3.7681680990e+00 3.2745491629e+08 2.8380834927e-02 1.7039047457e+00
W 3.7681680990e+00 4.1320124001e+08 2.9594417939e-02 1.9500199859e+00
W 3.7681680990e+00 5.2140082880e+08 3.0833224251e-02 2.2316845792e+00
W 3.7681680990e+00 6.5793322466e+08 3.2093734454e-02 2.5540333419e+00
W 3.7681680990e+00 8.3021756813e+08 3.3371727645e-02 2.9229427725e+00
W 3.7681680990e+00 1.0476157528e+09 3.4662205508e-02 3.3451381824e+00
W 3.7681680990e+00 1.3219411485e+09 3.5959315532e-02 3.8283162999e+00
W 3.7681680990e+00 1.6681005372e+09 3.6264415572e-02 4.3225715179e+00
W 3.7681680990e+00 2.1049041445e+09 3.7519116054e-02 4.9469319642e+00
W 3.7681680990e+00 2.6560877829e+09 3.7725625537e-02 5.5856061867e+00
W 3.7681680990e+00 3.3516026509e+09 3.8905568369e-02 6.3924017614e+00
W 3.7681680990e+00 4.2292428744e+09 4.0049451886e-02 7.3157324225e+00
W 3.7681680990e+00 5.3366992312e+09 4.0050060847e-02 8.2602309016e+00
W 3.7681680990e+00 6.7341506578e+09 3.9964558122e-02 9.3266689659e+00
W 3.7681680990e+00 8.4975343591e+09 4.0874131640e-02 1.0673830759e+01
W 3.7681680990e+00 1.0722672220e+10 4.0587868110e-02 1.2051876912e+01
W 3.7681680990e+00 1.3530477746e+10 4.1291160647e-02 1.3792672921e+01
W 3.7681680990e+00 1.7073526475e+10 4.0764829860e-02 1.5573377552e+01
W 3.7681680990e+00 2.1544346900e+10 4.0112732085e-02 1.7583980259e+01
W 3.7681680990e+00 2.7185882427e+10 3.9329369022e-02 1.9854162060e+01
W 3.7681680990e+00 3.4304692863e+10 3.9460791794e-02 2.2721934967e+01
W 3.7681680990e+00 4.3287612811e+10 3.8373748872e-02 2.5655453004e+01
W 3.7681680990e+00 5.4622772177e+10 3.7142241179e-02 2.8967703227e+01
W 3.7681680990e+00 6.8926121044e+10 3.5766541655e-02 3.2707581897e+01
W 3.7681680990e+00 8.6974900262e+10 3.4249211489e-02 3.6930298034e+01
W 3.7681680990e+00 1.0974987655e+11 3.2595434512e-02 4.1698188426e+01
W 3.7681680990e+00 1.3848863714e+11 3.0813345528e-02 4.7081637858e+01
W 3.7681680990e+00 1.7475284000e+11 2.9705116919e-02 5.3882199122e+01
W 3.7681680990e+00 2.2051307399e+11 2.7649125621e-02 6.0838666662e+01
W 3.7681680990e+00 2.7825594022e+11 2.5506931449e-02 6.8693249746e+01
W 3.7681680990e+00 3.5111917342e+11 2.3300911167e-02 7.7561899686e+01
W 3.7681680990e+00 4.4306214576e+11 2.1056816670e-02 8.7575537700e+01
W 3.7681680990e+00 5.5908101825e+11 1.8803351809e-02 9.8881987607e+01
W 3.7681680990e+00 7.0548023107e+11 1.6571509847e-02 1.1164815803e+02
W 3.7681680990e+00 8.9021508545e+11 1.4393654447e-02 1.2606250637e+02
W 3.7681680990e+00 1.1233240330e+12 1.1974827790e-02 1.4043033682e+02
W 3.7681680990e+00 1.4174741629e+12 1.0053977509e-02 1.5856061167e+02
W 3.7681680990e+00 1.7886495291e+12 8.2757704533e-03 1.7903159775e+02
W 3.7681680990e+00 2.2570197196e+12 6.6638362479e-03 2.0214549285e+02
W 3.7681680990e+00 2.8480358684e+12 5.2360871979e-03 2.2824351004e+02
W 3.7681680990e+00 3.5938136638e+12 4.0034773910e-03 2.5771091476e+02
W 3.7681680990e+00 4.5348785081e+12 2.9691779511e-03 2.9098271217e+02
W 3.7681680990e+00 5.7223676594e+12 2.1283277603e-03 3.2855006882e+02
W 3.7681680990e+00 7.2208090184e+12 1.4684714200e-03 3.7096756339e+02
W 3.7681680990e+00 9.1116275612e+12 9.7071363133e-04 4.1886137350e+02
W 3.7681680990e+00 1.1497569954e+13 5.9522866614e-04 4.6660062104e+02
W 3.7681680990e+00 1.4508287785e+13 3.5516905104e-04 5.2684114810e+02
W 3.7681680990e+00 1.8307382803e+13 1.9933891834e-04 5.9485903535e+02
W 3.7681680990e+00 2.3101297001e+13 1.0439208771e-04 6.7165837980e+02
W 3.7681680990e+00 2.9150530628e+13 5.0541035780e-05 7.5837291248e+02
W 3.7681680990e+00 3.6783797718e+13 2.1785302627e-05 8.4480760063e+02
W 3.7681680990e+00 4.6415888336e+13 8.7155076019e-06 9.5387658345e+02
W 3.7681680990e+00 5.8570208181e+13 3.1051303157e-06 1.0770269299e+03
W 3.7681680990e+00 7.3907220335e+13 9.6888816057e-07 1.2160766160e+03
W 3.7681680990e+00 9.3260334688e+13 2.5966673521e-07 1.3730783280e+03
W 3.7681680990e+00 1.1768119524e+14 5.6872033411e-08 1.5295733651e+03
W 3.7681680990e+00 1.4849682623e+14 1.0460752942e-08 1.7270491110e+03
W 3.7681680990e+00 1.8738174229e+14 1.5242623800e-09 1.9500199859e+03
W 3.7681680990e+00 2.3644894126e+14 1.6956002293e-10 2.2017775413e+03
W 3.7681680990e+00 2.9836472403e+14 1.3416827041e-11 2.4527226266e+03
W 3.7681680990e+00 3.7649358068e+14 7.5679828711e-13 2.7693816645e+03
W 3.7681680990e+00 4.7508101621e+14 2.7851136973e-14 3.1269230040e+03
W 3.7681680990e+00 5.9948425032e+14 6.2136280290e-16 3.5306247595e+03
W 3.7681680990e+00 7.5646332755e+14 7.4950951144e-18 3.9330236916e+03
W 3.7681680990e+00 9.5454845666e+14 4.6462846730e-20 4.4407971694e+03
W 3.7681680990e+00 1.2045035403e+15 1.2685848527e-22 5.0141268007e+03
W 3.7681680990e+00 1.5199110830e+15 1.3051990439e-25 5.6614762203e+03
W 3.7681680990e+00 1.9179102617e+15 4.0842173606e-29 6.3067365184e+03
W 3.7681680990e+00 2.4201282648e+15 3.2970954067e-33 7.1209684648e+03
W 3.7681680990e+00 3.0538555088e+15 5.1726630789e-38 8.0403219206e+03
W 3.7681680990e+00 3.8535285937e+15 1.1483077840e-43 9.0783686106e+03
W 3.7681680990e+00 4.8626015801e+15 2.3139854387e-50 1.0113065324e+04
W 3.7681680990e+00 6.1359072734e+15 2.5623627194e-58 1.1418713790e+04
W 3.7681680990e+00 7.7426368268e+15 7.4031172085e-68 1.2892928152e+04
W 3.7681680990e+00 9.7700995730e+15 2.2501682783e-79 1.4362384940e+04
W 3.7681680990e+00 1.2328467394e+16 2.7010173988e-93 1.6216642306e+04
W 3.7681680990e+00 1.5556761439e+16 3.8283214839e-110 1.8310293784e+04
W 3.7681680990e+00 1.9630406500e+16 1.6688146178e-130 2.0674246377e+04
W 3.7681680990e+00 2.4770763560e+16 4.5400491050e-155 2.3030570039e+04
W 3.7681680990e+00 3.1257158497e+16 1.2214038967e-184 2.6003934443e+04
W 3.7681680990e+00 3.9442060594e+16 2.9284623098e-220 2.9361175402e+04
W 3.7681680990e+00 4.9770235643e+16 2.8419512288e-263 3.2707581897e+04
W 3.7681680990e+00 6.2802914418e+16 0.0000000000e+00 3.6930298034e+04
W 3.7681680990e+00 7.9248289835e+16 0.0000000000e+00 4.1698188426e+04
W 3.7681680990e+00 1.0000000000e+17 0.0000000000e+00 4.6450691916e+04
W 4.0405239323e+00 1.2618568831e+07 6.2008166640e-03 1.5856061167e-01
W 4.0405239323e+00 1.5922827933e+07 7.0501608028e-03 1.8895882839e-01
W 4.0405239323e+00 2.0092330026e+07 8.0133176611e-03 2.2518479495e-01
W 4.0405239323e+00 2.5353644940e+07 8.8625271053e-03 2.6475950625e-01
W 4.0405239323e+00 3.1992671378e+07 9.7980558183e-03 3.1128920656e-01
W 4.0405239323e+00 4.0370172586e+07 1.0827914696e-02 3.6599618837e-01
W 4.0405239323e+00 5.0941380148e+07 1.1642277323e-02 4.2455082339e-01
W 4.0405239323e+00 6.4280731173e+07 1.2854047503e-02 4.9916277164e-01
W 4.0405239323e+00 8.1113083079e+07 1.3806864628e-02 5.7902232984e-01
W 4.0405239323e+00 1.0235310219e+08 1.4821857336e-02 6.7165837980e-01
W 4.0405239323e+00 1.2915496650e+08 1.5901624591e-02 7.7911499420e-01
W 4.0405239323e+00 1.6297508346e+08 1.7048608006e-02 9.0376327080e-01
W 4.0405239323e+00 2.0565123083e+08 1.7778765255e-02 1.0343045555e+00
W 4.0405239323e+00 2.5950242114e+08 1.9032265158e-02 1.1997798464e+00
W 4.0405239323e+00 3.2745491629e+08 1.9814786211e-02 1.3730783280e+00
W 4.0405239323e+00 4.1320124001e+08 2.1174091799e-02 1.5927530210e+00
W 4.0405239323e+00 5.2140082880e+08 2.2002173808e-02 1.8228132949e+00
W 4.0405239323e+00 6.5793322466e+08 2.2837792762e-02 2.0861039120e+00
W 4.0405239323e+00 8.3021756813e+08 2.3677232453e-02 2.3874247263e+00
W 4.0405239323e+00 1.0476157528e+09 2.4516202368e-02 2.7322688918e+00
W 4.0405239323e+00 1.3219411485e+09 2.5349792159e-02 3.1269230040e+00
W 4.0405239323e+00 1.6681005372e+09 2.6172429399e-02 3.5785817064e+00
W 4.0405239323e+00 2.1049041445e+09 2.6977838571e-02 4.0954788502e+00
W 4.0405239323e+00 2.6560877829e+09 2.7759009526e-02 4.6870376000e+00
W 4.0405239323e+00 3.3516026509e+09 2.7749210014e-02 5.2921581306e+00
W 4.0405239323e+00 4.2292428744e+09 2.8438956784e-02 6.0565675103e+00
W 4.0405239323e+00 5.3366992312e+09 2.9080169903e-02 6.9313896337e+00
W 4.0405239323e+00 6.7341506578e+09 2.8873353129e-02 7.8262674927e+00
W 4.0405239323e+00 8.4975343591e+09 2.9373771577e-02 8.9567084455e+00
W 4.0405239323e+00 1.0722672220e+10 2.9003204694e-02 1.0113065324e+01
W 4.0405239323e+00 1.3530477746e+10 2.9328044300e-02 1.1573815702e+01
W 4.0405239323e+00 1.7073526475e+10 2.8768192585e-02 1.3068054514e+01
W 4.0405239323e+00 2.1544346900e+10 2.8113863355e-02 1.4755207201e+01
W 4.0405239323e+00 2.7185882427e+10 2.8111250086e-02 1.6886477376e+01
W 4.0405239323e+00 3.4304692863e+10 2.7239180907e-02 1.9066607988e+01
W 4.0405239323e+00 4.3287612811e+10 2.6266679677e-02 2.1528204613e+01
W 4.0405239323e+00 5.4622772177e+10 2.5195325433e-02 2.4307605956e+01
W 4.0405239323e+00 6.8926121044e+10 2.4685615934e-02 2.7818642764e+01
W 4.0405239323e+00 8.6974900262e+10 2.3393997234e-02 3.1410171850e+01
W 4.0405239323e+00 1.0974987655e+11 2.2017108168e-02 3.5465385714e+01
W 4.0405239323e+00 1.3848863714e+11 2.0564790541e-02 4.0044148431e+01
W 4.0405239323e+00 1.7475284000e+11 1.9049274055e-02 4.5214052838e+01
W 4.0405239323e+00 2.2051307399e+11 1.7485184268e-02 5.1051418350e+01
W 4.0405239323e+00 2.7825594022e+11 1.5889433152e-02 5.7642417611e+01
W 4.0405239323e+00 3.5111917342e+11 1.4280985616e-02 6.5084348593e+01
W 4.0405239323e+00 4.4306214576e+11 1.2680477776e-02 7.3487070933e+01
W 4.0405239323e+00 5.5908101825e+11 1.1109674548e-02 8.2974627711e+01
W 4.0405239323e+00 7.0548023107e+11 9.5907655257e-03 9.3687076602e+01
W 4.0405239323e+00 8.9021508545e+11 8.1455110284e-03 1.0578255744e+02
W 4.0405239323e+00 1.1233240330e+12 6.7942702993e-03 1.1943962674e+02
W 4.0405239323e+00 1.4174741629e+12 5.5549653609e-03 1.3485989354e+02
W 4.0405239323e+00 1.7886495291e+12 4.4420569327e-03 1.5227099567e+02
W 4.0405239323e+00 2.2570197196e+12 3.4656288516e-03 1.7192996014e+02
W 4.0405239323e+00 2.8480358684e+12 2.6306898790e-03 1.9412699750e+02
W 4.0405239323e+00 3.5938136638e+12 1.9368011415e-03 2.1918978593e+02
W 4.0405239323e+00 4.5348785081e+12 1.3781185702e-03 2.4748830855e+02
W 4.0405239323e+00 5.7223676594e+12 9.1877049610e-04 2.7569550638e+02
W 4.0405239323e+00 7.2208090184e+12 6.0297122507e-04 3.1128920656e+02
W 4.0405239323e+00 9.1116275612e+12 3.7720111572e-04 3.5147823552e+02
W 4.0405239323e+00 1.1497569954e+13 2.2359005844e-04 3.9685587370e+02
W 4.0405239323e+00 1.4508287785e+13 1.2473243591e-04 4.4809199709e+02
W 4.0405239323e+00 1.8307382803e+13 6.3247868159e-05 4.9916277164e+02
W 4.0405239323e+00 2.3101297001e+13 3.0492603347e-05 5.6360723890e+02
W 4.0405239323e+00 2.9150530628e+13 1.3465409288e-05 6.3637181656e+02
W 4.0405239323e+00 3.6783797718e+13 5.3819507404e-06 7.1853067342e+02
W 4.0405239323e+00 4.6415888336e+13 1.9202472475e-06 8.1129665897e+02
W 4.0405239323e+00 5.8570208181e+13 5.8585871087e-07 9.0376327080e+02
W 4.0405239323e+00 7.3907220335e+13 1.5833871949e-07 1.0204437322e+03
W 4.0405239323e+00 9.3260334688e+13 3.6105800388e-08 1.1521882381e+03
W 4.0405239323e+00 1.1768119524e+14 6.7720336960e-09 1.3009416336e+03
W 4.0405239323e+00 1.4849682623e+14 9.8706978652e-10 1.4492149732e+03
W 4.0405239323e+00 1.8738174229e+14 1.1394155323e-10 1.6363160397e+03
W 4.0405239323e+00 2.3644894126e+14 9.7289514256e-12 1.8475728109e+03
W 4.0405239323e+00 2.9836472403e+14 5.8519794261e-13 2.0861039120e+03
W 4.0405239323e+00 3.7649358068e+14 2.2780187355e-14 2.3238652272e+03
W 4.0405239323e+00 4.7508101621e+14 5.6545566968e-16 2.6238881157e+03
W 4.0405239323e+00 5.9948425032e+14 8.0260865450e-18 2.9626454939e+03
W 4.0405239323e+00 7.5646332755e+14 5.7509960407e-20 3.3003096366e+03
W 4.0405239323e+00 9.5454845666e+14 1.9533608615e-22 3.7263964933e+03
W 4.0405239323e+00 1.2045035403e+15 2.6555644731e-25 4.2074933428e+03
W 4.0405239323e+00 1.5199110830e+15 1.1817387705e-28 4.6870376000e+03
W 4.0405239323e+00 1.9179102617e+15 1.4741202637e-32 5.2921581306e+03
W 4.0405239323e+00 2.4201282648e+15 3.9314013948e-37 5.9754028171e+03
W 4.0405239323e+00 3.0538555088e+15 1.6838023106e-42 6.7468578877e+03
W 4.0405239323e+00 3.8535285937e+15 7.9091185174e-49 7.5158233240e+03
W 4.0405239323e+00 4.8626015801e+15 2.6991504613e-56 8.4861545621e+03
W 4.0405239323e+00 6.1359072734e+15 3.5018455161e-65 9.5817605267e+03
W 4.0405239323e+00 7.7426368268e+15 7.5441591161e-76 1.0673830759e+04
W 4.0405239323e+00 9.7700995730e+15 1.0652046511e-88 1.2051876912e+04
W 4.0405239323e+00 1.2328467394e+16 3.0268101903e-104 1.3607835872e+04
W 4.0405239323e+00 1.5556761439e+16 4.5120000442e-123 1.5158773453e+04
W 4.0405239323e+00 1.9630406500e+16 8.2949625434e-146 1.7115848650e+04
W 4.0405239323e+00 2.4770763560e+16 3.0949702159e-173 1.9066607988e+04
W 4.0405239323e+00 3.1257158497e+16 2.9775820000e-206 2.1528204613e+04
W 4.0405239323e+00 3.9442060594e+16 5.0454019160e-246 2.4307605956e+04
W 4.0405239323e+00 4.9770235643e+16 4.7858377524e-294 2.7078037634e+04
W 4.0405239323e+00 6.2802914418e+16 0.0000000000e+00 3.0573950809e+04
W 4.0405239323e+00 7.9248289835e+16 0.0000000000e+00 3.4521204259e+04
W 4.0405239323e+00 1.0000000000e+17 0.0000000000e+00 3.8455719160e+04
W 4.3325651136e+00 1.2618568831e+07 2.1899641156e-03 8.9970795930e-02
W 4.3325651136e+00 1.5922827933e+07 2.6242616560e-03 1.1015194942e-01
W 4.3325651136e+00 2.0092330026e+07 3.0597944843e-03 1.3305262203e-01
W 4.3325651136e+00 2.5353644940e+07 3.6636635683e-03 1.6289736620e-01
W 4.3325651136e+00 3.1992671378e+07 4.1543734230e-03 1.9412699750e-01
W 4.3325651136e+00 4.0370172586e+07 4.7085058088e-03 2.3134377207e-01
W 4.3325651136e+00 5.0941380148e+07 5.3337247451e-03 2.7569550638e-01
W 4.3325651136e+00 6.4280731173e+07 6.0384977674e-03 3.2855006882e-01
W 4.3325651136e+00 8.1113083079e+07 6.6502619844e-03 3.8629053094e-01
W 4.3325651136e+00 1.0235310219e+08 7.3190843387e-03 4.5417849044e-01
W 4.3325651136e+00 1.2915496650e+08 8.0493173677e-03 5.3399730166e-01
W 4.3325651136e+00 1.6297508346e+08 8.8454502153e-03 6.2784373144e-01
W 4.3325651136e+00 2.0565123083e+08 9.4535063037e-03 7.2829057136e-01
W 4.3325651136e+00 2.5950242114e+08 1.0370161468e-02 8.5628273491e-01
W 4.3325651136e+00 3.2745491629e+08 1.1061852496e-02 9.9327684744e-01
W 4.3325651136e+00 4.1320124001e+08 1.1787010833e-02 1.1521882381e+00
W 4.3325651136e+00 5.2140082880e+08 1.2545127857e-02 1.3365233867e+00
W 4.3325651136e+00 6.5793322466e+08 1.2980227231e-02 1.5295733651e+00
W 4.3325651136e+00 8.3021756813e+08 1.3779019745e-02 1.7742852309e+00
W 4.3325651136e+00 1.0476157528e+09 1.4216655414e-02 2.0305663622e+00
W 4.3325651136e+00 1.3219411485e+09 1.5045436089e-02 2.3554305985e+00
W 4.3325651136e+00 1.6681005372e+09 1.5471983462e-02 2.6956534713e+00
W 4.3325651136e+00 2.1049041445e+09 1.5881005820e-02 3.0850187826e+00
W 4.3325651136e+00 2.6560877829e+09 1.6267978163e-02 3.5306247595e+00
W 4.3325651136e+00 3.3516026509e+09 1.6627981001e-02 4.0405949108e+00
W 4.3325651136e+00 4.2292428744e+09 1.6955713243e-02 4.6242261201e+00
W 4.3325651136e+00 5.3366992312e+09 1.7245518373e-02 5.2921581306e+00
W 4.3325651136e+00 6.7341506578e+09 1.7491424851e-02 6.0565675103e+00
W 4.3325651136e+00 8.4975343591e+09 1.7216325711e-02 6.8385013580e+00
W 4.3325651136e+00 1.0722672220e+10 1.7351870158e-02 7.8262674927e+00
W 4.3325651136e+00 1.3530477746e+10 1.7426089212e-02 8.9567084455e+00
W 4.3325651136e+00 1.7073526475e+10 1.6968634041e-02 1.0113065324e+01
W 4.3325651136e+00 2.1544346900e+10 1.6903468878e-02 1.1573815702e+01
W 4.3325651136e+00 2.7185882427e+10 1.6314960544e-02 1.3068054514e+01
W 4.3325651136e+00 3.4304692863e+10 1.5668118550e-02 1.4755207201e+01
W 4.3325651136e+00 4.3287612811e+10 1.5374109367e-02 1.6886477376e+01
W 4.3325651136e+00 5.4622772177e+10 1.4596570961e-02 1.9066607988e+01
W 4.3325651136e+00 6.8926121044e+10 1.3768265196e-02 2.1528204613e+01
W 4.3325651136e+00 8.6974900262e+10 1.3247386311e-02 2.4637779409e+01
W 4.3325651136e+00 1.0974987655e+11 1.2310482618e-02 2.7818642764e+01
W 4.3325651136e+00 1.3848863714e+11 1.1342551945e-02 3.1410171850e+01
W 4.3325651136e+00 1.7475284000e+11 1.0353351295e-02 3.5465385714e+01
W 4.3325651136e+00 2.2051307399e+11 9.3538566755e-03 4.0044148431e+01
W 4.3325651136e+00 2.7825594022e+11 8.5846095638e-03 4.5828201346e+01
W 4.3325651136e+00 3.5111917342e+11 7.5743596169e-03 5.1744856573e+01
W 4.3325651136e+00 4.4306214576e+11 6.5924004581e-03 5.8425382255e+01
W 4.3325651136e+00 5.5908101825e+11 5.6520953522e-03 6.5968397978e+01
W 4.3325651136e+00 7.0548023107e+11 4.7661687151e-03 7.4485255616e+01
W 4.3325651136e+00 8.9021508545e+11 3.9461145703e-03 8.4101683142e+01
W 4.3325651136e+00 1.1233240330e+12 3.2015952384e-03 9.4959640655e+01
W 4.3325651136e+00 1.4174741629e+12 2.5398797394e-03 1.0721941603e+02
W 4.3325651136e+00 1.7886495291e+12 1.9653800585e-03 1.2106199111e+02
W 4.3325651136e+00 2.2570197196e+12 1.4793462970e-03 1.3669171345e+02
W 4.3325651136e+00 2.8480358684e+12 1.0510295583e-03 1.5227099567e+02
W 4.3325651136e+00 3.5938136638e+12 7.4130157097e-04 1.7192996014e+02
W 4.3325651136e+00 4.5348785081e+12 5.0322900799e-04 1.9412699750e+02
W 4.3325651136e+00 5.7223676594e+12 3.2731830560e-04 2.1918978593e+02
W 4.3325651136e+00 7.2208090184e+12 2.0294801575e-04 2.4748830855e+02
W 4.3325651136e+00 9.1116275612e+12 1.1925491306e-04 2.7944031520e+02
W 4.3325651136e+00 1.1497569954e+13 6.5971086391e-05 3.1551748936e+02
W 4.3325651136e+00 1.4508287785e+13 3.3188752403e-05 3.5147823552e+02
W 4.3325651136e+00 1.8307382803e+13 1.5886704171e-05 3.9685587370e+02
W 4.3325651136e+00 2.3101297001e+13 6.9727791491e-06 4.4809199709e+02
W 4.3325651136e+00 2.9150530628e+13 2.7738792655e-06 5.0594296612e+02
W 4.3325651136e+00 3.6783797718e+13 9.6064679106e-07 5.6360723890e+02
W 4.3325651136e+00 4.6415888336e+13 3.0099729835e-07 6.3637181656e+02
W 4.3325651136e+00 5.8570208181e+13 8.1579266710e-08 7.1853067342e+02
W 4.3325651136e+00 7.3907220335e+13 1.8730878526e-08 8.1129665897e+02
W 4.3325651136e+00 9.3260334688e+13 3.4611114945e-09 9.0376327080e+02
W 4.3325651136e+00 1.1768119524e+14 5.2800494354e-10 1.0204437322e+03
W 4.3325651136e+00 1.4849682623e+14 6.2607481660e-11 1.1521882381e+03
W 4.3325651136e+00 1.8738174229e+14 5.5482960275e-12 1.3009416336e+03
W 4.3325651136e+00 2.3644894126e+14 3.4155342507e-13 1.4492149732e+03
W 4.3325651136e+00 2.9836472403e+14 1.4596710232e-14 1.6363160397e+03
W 4.3325651136e+00 3.7649358068e+14 3.9513034362e-16 1.8475728109e+03
W 4.3325651136e+00 4.7508101621e+14 6.1064973784e-18 2.0581478158e+03
W 4.3325651136e+00 5.9948425032e+14 5.1883930791e-20 2.3238652272e+03
W 4.3325651136e+00 7.5646332755e+14 2.1150319251e-22 2.6238881157e+03
W 4.3325651136e+00 9.5454845666e+14 3.5329646556e-25 2.9229427725e+03
W 4.3325651136e+00 1.2045035403e+15 2.1770488521e-28 3.3003096366e+03
W 4.3325651136e+00 1.5199110830e+15 3.9647188340e-32 3.7263964933e+03
W 4.3325651136e+00 1.9179102617e+15 1.6442609773e-36 4.1511082855e+03
W 4.3325651136e+00 2.4201282648e+15 1.2478729202e-41 4.6870376000e+03
W 4.3325651136e+00 3.0538555088e+15 1.2249282826e-47 5.2921581306e+03
W 4.3325651136e+00 3.8535285937e+15 1.0182766142e-54 5.8953258204e+03
W 4.3325651136e+00 4.8626015801e+15 4.4933117571e-63 6.6564425412e+03
W 4.3325651136e+00 6.1359072734e+15 4.9803074055e-73 7.4151029914e+03
W 4.3325651136e+00 7.7426368268e+15 5.9736315905e-85 8.3724307193e+03
W 4.3325651136e+00 9.7700995730e+15 2.5131197126e-99 9.4533543540e+03
W 4.3325651136e+00 1.2328467394e+16 9.9374487288e-117 1.0530789640e+04
W 4.3325651136e+00 1.5556761439e+16 8.9352074581e-138 1.1890368452e+04
W 4.3325651136e+00 1.9630406500e+16 3.3163752520e-163 1.3425475844e+04
W 4.3325651136e+00 2.4770763560e+16 6.9830724812e-194 1.4955629148e+04
W 4.3325651136e+00 3.1257158497e+16 8.2485032615e-231 1.6886477376e+04
W 4.3325651136e+00 3.9442060594e+16 2.6533789562e-275 1.8811094384e+04
W 4.3325651136e+00 4.9770235643e+16 0.0000000000e+00 2.1239702897e+04
W 4.3325651136e+00 6.2802914418e+16 0.0000000000e+00 2.3981857192e+04
W 4.3325651136e+00 7.9248289835e+16 0.0000000000e+00 2.6715162026e+04
W 4.3325651136e+00 1.0000000000e+17 0.0000000000e+00 3.0164226104e+04
W 4.6457144612e+00 1.2618568831e+07 1.2283786052e-04 2.0397188644e-02
W 4.6457144612e+00 1.5922827933e+07 1.8236728309e-04 2.7818642764e-02
W 4.6457144612e+00 2.0092330026e+07 2.5640372402e-04 3.6930298034e-02
W 4.6457144612e+00 2.5353644940e+07 3.5072520404e-04 4.8369356820e-02
W 4.6457144612e+00 3.1992671378e+07 4.6672112742e-04 6.2502650930e-02
W 4.6457144612e+00 4.0370172586e+07 6.0419493732e-04 7.9683277224e-02
W 4.6457144612e+00 5.0941380148e+07 7.8167188709e-04 1.0158648593e-01
W 4.6457144612e+00 6.4280731173e+07 9.5750393011e-04 1.2606250637e-01
W 4.6457144612e+00 8.1113083079e+07 1.1720321850e-03 1.5643572437e-01
W 4.6457144612e+00 1.0235310219e+08 1.3953321759e-03 1.9152548135e-01
W 4.6457144612e+00 1.2915496650e+08 1.6597647727e-03 2.3448614538e-01
W 4.6457144612e+00 1.6297508346e+08 1.9725011250e-03 2.8708322248e-01
W 4.6457144612e+00 2.0565123083e+08 2.2188139130e-03 3.4212096433e-01
W 4.6457144612e+00 2.5950242114e+08 2.5614141146e-03 4.1324816853e-01
W 4.6457144612e+00 3.2745491629e+08 2.8748814202e-03 4.9247343925e-01
W 4.6457144612e+00 4.1320124001e+08 3.2227046291e-03 5.8688726735e-01
W 4.6457144612e+00 5.2140082880e+08 3.5117208414e-03 6.9002875244e-01
W 4.6457144612e+00 6.5793322466e+08 3.9256319005e-03 8.2231660967e-01
W 4.6457144612e+00 8.3021756813e+08 4.1512879908e-03 9.5387658345e-01
W 4.6457144612e+00 1.0476157528e+09 4.5023755604e-03 1.1215139695e+00
W 4.6457144612e+00 1.3219411485e+09 4.8742565203e-03 1.3186124973e+00
W 4.6457144612e+00 1.6681005372e+09 5.1262530342e-03 1.5295733651e+00
W 4.6457144612e+00 2.1049041445e+09 5.3797961483e-03 1.7742852309e+00
W 4.6457144612e+00 2.6560877829e+09 5.6328737620e-03 2.0581478158e+00
W 4.6457144612e+00 3.3516026509e+09 5.8831543454e-03 2.3874247263e+00
W 4.6457144612e+00 4.2292428744e+09 6.1279716239e-03 2.7693816645e+00
W 4.6457144612e+00 5.3366992312e+09 6.1948807740e-03 3.1693964161e+00
W 4.6457144612e+00 6.7341506578e+09 6.4134192976e-03 3.6764586650e+00
W 4.6457144612e+00 8.4975343591e+09 6.4406952388e-03 4.2074933428e+00
W 4.6457144612e+00 1.0722672220e+10 6.4439724465e-03 4.8152316789e+00
W 4.6457144612e+00 1.3530477746e+10 6.4211541184e-03 5.5107528953e+00
W 4.6457144612e+00 1.7073526475e+10 6.5445109523e-03 6.3924017614e+00
W 4.6457144612e+00 2.1544346900e+10 6.2895934207e-03 7.2176935289e+00
W 4.6457144612e+00 2.7185882427e+10 6.1776325576e-03 8.2602309016e+00
W 4.6457144612e+00 3.4304692863e+10 6.0333084904e-03 9.4533543540e+00
W 4.6457144612e+00 4.3287612811e+10 5.8560077622e-03 1.0818814826e+01
W 4.6457144612e+00 5.4622772177e+10 5.6456863177e-03 1.2381505004e+01
W 4.6457144612e+00 6.8926121044e+10 5.2591285091e-03 1.3980020637e+01
W 4.6457144612e+00 8.6974900262e+10 4.9926868773e-03 1.5999321391e+01
W 4.6457144612e+00 1.0974987655e+11 4.5731356155e-03 1.8064915626e+01
W 4.6457144612e+00 1.3848863714e+11 4.2621564290e-03 2.0674246377e+01
W 4.6457144612e+00 1.7475284000e+11 3.8259819150e-03 2.3343397343e+01
W 4.6457144612e+00 2.2051307399e+11 3.4877803080e-03 2.6715162026e+01
W 4.6457144612e+00 2.7825594022e+11 3.0557572458e-03 3.0164226104e+01
W 4.6457144612e+00 3.5111917342e+11 2.6401251509e-03 3.4058581998e+01
W 4.6457144612e+00 4.4306214576e+11 2.2462504366e-03 3.8455719160e+01
W 4.6457144612e+00 5.5908101825e+11 1.9304612736e-03 4.4010336332e+01
W 4.6457144612e+00 7.0548023107e+11 1.5850378982e-03 4.9692295885e+01
W 4.6457144612e+00 8.9021508545e+11 1.2748743799e-03 5.6107825483e+01
W 4.6457144612e+00 1.1233240330e+12 1.0023006782e-03 6.3351632771e+01
W 4.6457144612e+00 1.4174741629e+12 7.6836980471e-04 7.1530652635e+01
W 4.6457144612e+00 1.7886495291e+12 5.7278543701e-04 8.0765625803e+01
W 4.6457144612e+00 2.2570197196e+12 4.1392467878e-04 9.1192881248e+01
W 4.6457144612e+00 2.8480358684e+12 2.8896521831e-04 1.0296634871e+02
W 4.6457144612e+00 3.5938136638e+12 1.9411355747e-04 1.1625983105e+02
W 4.6457144612e+00 4.5348785081e+12 1.2491600953e-04 1.3126956996e+02
W 4.6457144612e+00 5.7223676594e+12 7.6619410571e-05 1.4821714295e+02
W 4.6457144612e+00 7.2208090184e+12 4.4537439111e-05 1.6735273430e+02
W 4.6457144612e+00 9.1116275612e+12 2.4374658554e-05 1.8895882839e+02
W 4.6457144612e+00 1.1497569954e+13 1.2466329744e-05 2.1335437975e+02
W 4.6457144612e+00 1.4508287785e+13 5.9077100870e-06 2.4089952158e+02
W 4.6457144612e+00 1.8307382803e+13 2.5004161141e-06 2.6835576992e+02
W 4.6457144612e+00 2.3101297001e+13 9.8644408051e-07 3.0300187259e+02
W 4.6457144612e+00 2.9150530628e+13 3.4854300000e-07 3.4212096433e+02
W 4.6457144612e+00 3.6783797718e+13 1.0865994390e-07 3.8629053094e+02
W 4.6457144612e+00 4.6415888336e+13 2.9376125295e-08 4.3616261454e+02
W 4.6457144612e+00 5.8570208181e+13 6.5703714136e-09 4.8587375130e+02
W 4.6457144612e+00 7.3907220335e+13 1.2535627455e-09 5.4860253806e+02
W 4.6457144612e+00 9.3260334688e+13 1.9324581903e-10 6.1942993208e+02
W 4.6457144612e+00 1.1768119524e+14 2.3315503268e-11 6.9940150499e+02
W 4.6457144612e+00 1.4849682623e+14 2.0644758956e-12 7.7911499420e+02
W 4.6457144612e+00 1.8738174229e+14 1.3551135026e-13 8.7970272549e+02
W 4.6457144612e+00 2.3644894126e+14 6.0946883368e-15 9.9327684744e+02
W 4.6457144612e+00 2.9836472403e+14 1.7197437491e-16 1.1064844438e+03
W 4.6457144612e+00 3.7649358068e+14 2.9887140018e-18 1.2493372457e+03
W 4.6457144612e+00 4.7508101621e+14 2.8567762951e-20 1.4106330750e+03
W 4.6457144612e+00 5.9948425032e+14 1.3192407964e-22 1.5714083716e+03
W 4.6457144612e+00 7.5646332755e+14 2.7488023155e-25 1.7742852309e+03
W 4.6457144612e+00 9.5454845666e+14 2.1726984122e-28 2.0033545305e+03
W 4.6457144612e+00 1.2045035403e+15 5.3062635012e-32 2.2316845792e+03
W 4.6457144612e+00 1.5199110830e+15 3.3979576543e-36 2.5198064745e+03
W 4.6457144612e+00 1.9179102617e+15 4.2749810808e-41 2.8451263804e+03
W 4.6457144612e+00 2.4201282648e+15 7.5793383259e-47 3.1693964161e+03
W 4.6457144612e+00 3.0538555088e+15 1.3965743084e-53 3.5785817064e+03
W 4.6457144612e+00 3.8535285937e+15 1.6693155515e-61 4.0405949108e+03
W 4.6457144612e+00 4.8626015801e+15 7.0264200436e-71 4.5011171095e+03
W 4.6457144612e+00 6.1359072734e+15 5.0500243905e-82 5.0822343536e+03
W 4.6457144612e+00 7.7426368268e+15 2.1525215784e-95 5.6614762203e+03
W 4.6457144612e+00 9.7700995730e+15 1.6761529884e-111 6.3924017614e+03
W 4.6457144612e+00 1.2328467394e+16 5.4745427364e-131 7.2176935289e+03
W 4.6457144612e+00 1.5556761439e+16 1.4023012901e-154 8.0403219206e+03
W 4.6457144612e+00 1.9630406500e+16 4.5326381765e-183 9.0783686106e+03
W 4.6457144612e+00 2.4770763560e+16 1.9548081174e-217 1.0113065324e+04
W 4.6457144612e+00 3.1257158497e+16 8.3681096705e-259 1.1418713790e+04
W 4.6457144612e+00 3.9442060594e+16 1.3684250305e-308 1.2720148677e+04
W 4.6457144612e+00 4.9770235643e+16 0.0000000000e+00 1.4362384940e+04
W 4.6457144612e+00 6.2802914418e+16 0.0000000000e+00 1.6216642306e+04
W 4.6457144612e+00 7.9248289835e+16 0.0000000000e+00 1.8064915626e+04
W 4.6457144612e+00 1.0000000000e+17 0.0000000000e+00 2.0397188644e+04
W 4.9814976324e+00 1.2618568831e+07 0.0000000000e+00 0.0000000000e+00
W 4.9814976324e+00 1.5922827933e+07 0.0000000000e+00 0.0000000000e+00
W 4.9814976324e+00 2.0092330026e+07 0.0000000000e+00 0.0000000000e+00
W 4.9814976324e+00 2.5353644940e+07 0.0000000000e+00 0.0000000000e+00
W 4.9814976324e+00 3.1992671378e+07 0.0000000000e+00 0.0000000000e+00
W 4.9814976324e+00 4.0370172586e+07 0.0000000000e+00 0.0000000000e+00
W 4.9814976324e+00 5.0941380148e+07 0.0000000000e+00 0.0000000000e+00
W 4.9814976324e+00 6.4280731173e+07 0.0000000000e+00 0.0000000000e+00
W 4.9814976324e+00 8.1113083079e+07 0.0000000000e+00 0.0000000000e+00
W 4.9814976324e+00 1.0235310219e+08 0.0000000000e+00 0.0000000000e+00
W 4.9814976324e+00 1.2915496650e+08 0.0000000000e+00 0.0000000000e+00
W 4.9814976324e+00 1.6297508346e+08 0.0000000000e+00 0.0000000000e+00
W 4.9814976324e+00 2.0565123083e+08 0.0000000000e+00 0.0000000000e+00
W 4.9814976324e+00 2.5950242114e+08 0.0000000000e+00 0.0000000000e+00
W 4.9814976324e+00 3.2745491629e+08 0.0000000000e+00 0.0000000000e+00
W 4.9814976324e+00 4.1320124001e+08 0.0000000000e+00 0.0000000000e+00
W 4.9814976324e+00 5.2140082880e+08 0.0000000000e+00 0.0000000000e+00
W 4.9814976324e+00 6.5793322466e+08 6.5972565441e-15 1.0483536522e-06
W 4.9814976324e+00 8.3021756813e+08 5.6990732776e-14 3.4833104887e-06
W 4.9814976324e+00 1.0476157528e+09 4.1791828773e-13 1.0673830759e-05
W 4.9814976324e+00 1.3219411485e+09 2.5318586799e-12 2.9759992163e-05
W 4.9814976324e+00 1.6681005372e+09 1.3372535139e-11 7.7561899686e-05
W 4.9814976324e+00 2.1049041445e+09 5.9926235209e-11 1.8642657141e-04
W 4.9814976324e+00 2.6560877829e+09 2.3403597752e-10 4.1886137350e-04
W 4.9814976324e+00 3.3516026509e+09 8.1815680913e-10 8.9165184490e-04
W 4.9814976324e+00 4.2292428744e+09 2.5596328251e-09 1.7983855837e-03
W 4.9814976324e+00 5.3366992312e+09 7.1646637778e-09 3.4366302814e-03
W 4.9814976324e+00 6.7341506578e+09 1.8428481928e-08 6.3067365184e-03
W 4.9814976324e+00 8.4975343591e+09 4.2384685795e-08 1.0965768230e-02
W 4.9814976324e+00 1.0722672220e+10 8.9521928416e-08 1.8310293784e-02
W 4.9814976324e+00 1.3530477746e+10 1.7832528660e-07 2.9759992163e-02
W 4.9814976324e+00 1.7073526475e+10 3.3487894006e-07 4.7081637858e-02
W 4.9814976324e+00 2.1544346900e+10 5.7682936167e-07 7.1530652635e-02
W 4.9814976324e+00 2.7185882427e+10 9.3584514725e-07 1.0578255744e-01
W 4.9814976324e+00 3.4304692863e+10 1.4293258344e-06 1.5227099567e-01
W 4.9814976324e+00 4.3287612811e+10 2.0539046826e-06 2.1335437975e-01
W 4.9814976324e+00 5.4622772177e+10 2.8509916546e-06 2.9493516915e-01
W 4.9814976324e+00 6.8926121044e+10 3.7184152527e-06 3.9685587370e-01
W 4.9814976324e+00 8.6974900262e+10 4.6779142265e-06 5.2684114810e-01
W 4.9814976324e+00 1.0974987655e+11 5.6716808600e-06 6.9002875244e-01
W 4.9814976324e+00 1.3848863714e+11 6.6211076721e-06 8.9165184490e-01
W 4.9814976324e+00 1.7475284000e+11 7.4346341924e-06 1.1367476433e+00
W 4.9814976324e+00 2.2051307399e+11 8.2398563116e-06 1.4492149732e+00
W 4.9814976324e+00 2.7825594022e+11 8.5294477972e-06 1.7983855837e+00
W 4.9814976324e+00 3.5111917342e+11 8.6913496915e-06 2.2316845792e+00
W 4.9814976324e+00 4.4306214576e+11 8.4726047641e-06 2.7322688918e+00
W 4.9814976324e+00 5.5908101825e+11 8.1034116818e-06 3.3451381824e+00
W 4.9814976324e+00 7.0548023107e+11 7.3870687388e-06 4.0405949108e+00
W 4.9814976324e+00 8.9021508545e+11 6.5795958893e-06 4.8806376128e+00
W 4.9814976324e+00 1.1233240330e+12 5.5599096270e-06 5.8163219439e+00
W 4.9814976324e+00 1.4174741629e+12 4.5667237434e-06 6.9313896337e+00
W 4.9814976324e+00 1.7886495291e+12 3.6347250654e-06 8.2602309016e+00
W 4.9814976324e+00 2.2570197196e+12 2.7192114335e-06 9.7119108575e+00
W 4.9814976324e+00 2.8480358684e+12 1.9567677946e-06 1.1418713790e+01
W 4.9814976324e+00 3.5938136638e+12 1.3484723128e-06 1.3425475844e+01
W 4.9814976324e+00 4.5348785081e+12 8.6190856329e-07 1.5573377552e+01
W 4.9814976324e+00 5.7223676594e+12 5.3625577946e-07 1.8310293784e+01
W 4.9814976324e+00 7.2208090184e+12 3.0573051880e-07 2.1239702897e+01
W 4.9814976324e+00 9.1116275612e+12 1.6288979639e-07 2.4637779409e+01
W 4.9814976324e+00 1.1497569954e+13 8.0426759435e-08 2.8579504013e+01
W 4.9814976324e+00 1.4508287785e+13 3.6450134343e-08 3.3151853343e+01
W 4.9814976324e+00 1.8307382803e+13 1.4598288875e-08 3.7940370054e+01
W 4.9814976324e+00 2.3101297001e+13 5.3847630659e-09 4.4010336332e+01
W 4.9814976324e+00 2.9150530628e+13 1.7082192275e-09 5.0367272966e+01
W 4.9814976324e+00 3.6783797718e+13 4.7082969652e-10 5.7642417611e+01
W 4.9814976324e+00 4.6415888336e+13 1.1058392547e-10 6.5968397978e+01
W 4.9814976324e+00 5.8570208181e+13 2.1639157769e-11 7.5496998774e+01
W 4.9814976324e+00 7.3907220335e+13 3.4365551759e-12 8.6401928782e+01
W 4.9814976324e+00 9.3260334688e+13 4.2959854205e-13 9.8881987607e+01
W 4.9814976324e+00 1.1768119524e+14 4.0788108237e-14 1.1316468985e+02
W 4.9814976324e+00 1.4849682623e+14 2.8205614419e-15 1.2951041276e+02
W 4.9814976324e+00 1.8738174229e+14 1.3163092166e-16 1.4623086955e+02
W 4.9814976324e+00 2.3644894126e+14 4.1288214379e-18 1.6735273430e+02
W 4.9814976324e+00 2.9836472403e+14 7.7003518016e-20 1.8895882839e+02
W 4.9814976324e+00 3.7649358068e+14 8.3089713337e-22 2.1625240073e+02
W 4.9814976324e+00 4.7508101621e+14 4.4618895653e-24 2.4417169190e+02
W 4.9814976324e+00 5.9948425032e+14 1.1215873390e-26 2.7944031520e+02
W 4.9814976324e+00 7.5646332755e+14 1.0900831697e-29 3.1551748936e+02
W 4.9814976324e+00 9.5454845666e+14 3.5705910475e-33 3.5625241125e+02
W 4.9814976324e+00 1.2045035403e+15 3.3155904811e-37 4.0771018670e+02
W 4.9814976324e+00 1.5199110830e+15 6.4745610718e-42 4.6034765743e+02
W 4.9814976324e+00 1.9179102617e+15 2.0368823939e-47 5.1978089490e+02
W 4.9814976324e+00 2.4201282648e+15 7.3304625779e-54 5.8688726735e+02
W 4.9814976324e+00 3.0538555088e+15 2.0185862628e-61 6.6265741577e+02
W 4.9814976324e+00 3.8535285937e+15 2.5830951669e-70 7.4820987794e+02
W 4.9814976324e+00 4.8626015801e+15 7.9761762806e-81 8.4480760063e+02
W 4.9814976324e+00 6.1359072734e+15 2.4831126152e-93 9.5387658345e+02
W 4.9814976324e+00 7.7426368268e+15 2.5284404420e-108 1.0770269299e+03
W 4.9814976324e+00 9.7700995730e+15 2.1159502821e-126 1.2160766160e+03
W 4.9814976324e+00 1.2328467394e+16 2.8796664461e-148 1.3730783280e+03
W 4.9814976324e+00 1.5556761439e+16 1.0015747805e-174 1.5503497641e+03
W 4.9814976324e+00 1.9630406500e+16 1.0793359025e-206 1.7505078494e+03
W 4.9814976324e+00 2.4770763560e+16 3.0786385666e-245 1.9765073674e+03
W 4.9814976324e+00 3.1257158497e+16 1.1856112304e-291 2.2316845792e+03
W 4.9814976324e+00 3.9442060594e+16 0.0000000000e+00 2.4860382850e+03
W 4.9814976324e+00 4.9770235643e+16 0.0000000000e+00 2.8069985449e+03
W 4.9814976324e+00 6.2802914418e+16 0.0000000000e+00 3.1693964161e+03
W 4.9814976324e+00 7.9248289835e+16 0.0000000000e+00 3.5785817064e+03
W 4.9814976324e+00 1.0000000000e+17 0.0000000000e+00 3.9864464768e+03
# total 1.0054053332e+02
