9.68459414e-02
9.64228345e-02
9.67106606e-02
9.70065098e-02
9.78087197e-02
9.43830796e-02
9.86072351e-02
9.59079561e-02
9.72200022e-02
9.69516598e-02
9.76110559e-02
9.63895454e-02
9.64869655e-02
9.66769499e-02
9.58810236e-02
9.76747009e-02
9.80447906e-02
9.65527102e-02
9.51630957e-02
9.65436862e-02
9.52887166e-02
9.67846921e-02
9.64371317e-02
9.79839454e-02
9.68122995e-02
9.56087579e-02
9.91329846e-02
9.64511876e-02
9.61034057e-02
9.67772886e-02
9.58093763e-02
9.55087121e-02
9.57880023e-02
9.69057180e-02
9.81925373e-02
9.63595131e-02
9.65350253e-02
9.56665551e-02
9.78250430e-02
9.51863892e-02
9.65889751e-02
9.60051364e-02
9.86657522e-02
9.58550616e-02
9.66044782e-02
9.64179014e-02
9.68089218e-02
9.86974976e-02
9.64365679e-02
9.61497116e-02
9.89393808e-02
9.72195150e-02
9.32671180e-02
9.75796910e-02
9.55198006e-02
9.48368198e-02
9.64903573e-02
9.60166162e-02
9.61068808e-02
9.61990175e-02
9.72199413e-02
9.76168711e-02
9.76243137e-02
9.71616206e-02
9.55225549e-02
9.68895094e-02
9.74088896e-02
9.68500763e-02
9.60266416e-02
9.60728278e-02
9.74891353e-02
9.58983052e-02
9.75599289e-02
9.61290280e-02
9.28688118e-02
9.96315431e-02
9.53014890e-02
9.81792368e-02
9.52062989e-02
9.85756442e-02
9.52417080e-02
9.73406182e-02
9.74824143e-02
9.66320531e-02
9.54262573e-02
9.56366115e-02
9.55499266e-02
9.82188391e-02
9.83845179e-02
9.40305504e-02
9.57350091e-02
9.70672991e-02
9.43685929e-02
9.45570376e-02
9.44716861e-02
9.69748279e-02
9.72047499e-02
9.64163229e-02
9.77572087e-02
9.69520477e-02
9.50245927e-02
9.38803531e-02
9.49748536e-02
9.82794521e-02
9.73596974e-02
9.61217951e-02
9.76501627e-02
9.73565042e-02
9.63518553e-02
9.49561546e-02
9.69555954e-02
9.50162309e-02
9.66679589e-02
9.65309320e-02
9.79074618e-02
9.89924569e-02
9.72172883e-02
9.64220703e-02
9.50287862e-02
9.66720841e-02
9.95371523e-02
9.71762198e-02
9.62207416e-02
9.59919762e-02
9.44671437e-02
9.60580345e-02
9.67013478e-02
9.75158696e-02
9.42430473e-02
9.72224502e-02
9.78003369e-02
9.49121058e-02
9.57585656e-02
9.77753567e-02
9.66090367e-02
9.62467641e-02
9.95462852e-02
9.53344725e-02
9.55359144e-02
9.62235622e-02
9.57851883e-02
9.72231032e-02
9.43955585e-02
9.44226732e-02
9.45508687e-02
9.55005155e-02
9.62684020e-02
9.61971084e-02
9.64887622e-02
9.39575987e-02
9.76776565e-02
9.67865905e-02
9.43153900e-02
9.62844804e-02
9.66859679e-02
9.86993630e-02
9.32908811e-02
9.89083153e-02
9.65330904e-02
9.60892641e-02
9.87079867e-02
9.65249074e-02
9.65548894e-02
9.75880377e-02
9.62799089e-02
9.92029528e-02
9.65819779e-02
9.87984729e-02
9.54687807e-02
9.83972828e-02
9.81394922e-02
9.60149103e-02
9.40981009e-02
9.53784650e-02
9.69861019e-02
9.80937045e-02
9.71155904e-02
9.54340050e-02
9.41028526e-02
9.56317096e-02
9.77941933e-02
9.61656120e-02
9.77682606e-02
9.70681649e-02
9.75061401e-02
9.63870608e-02
9.73091415e-02
9.93475837e-02
9.73454095e-02
9.62539264e-02
9.79716335e-02
9.66348124e-02
9.58217283e-02
9.57338719e-02
9.30018831e-02
9.74510672e-02
9.88238655e-02
9.64017744e-02
9.77060218e-02
9.82798578e-02
9.58767499e-02
9.51952155e-02
9.68481845e-02
9.64845925e-02
9.82020233e-02
9.68285446e-02
9.62186677e-02
9.86733711e-02
9.88294504e-02
9.59791667e-02
9.76119405e-02
9.55540560e-02
9.90752877e-02
9.48465773e-02
9.66437376e-02
9.90866794e-02
9.62425909e-02
9.63251951e-02
9.82620078e-02
9.74956518e-02
9.54641564e-02
9.77692989e-02
9.65657365e-02
9.40453440e-02
9.49119812e-02
9.39355248e-02
9.55094804e-02
9.65797714e-02
9.65864425e-02
9.72372875e-02
9.54185421e-02
9.71720726e-02
9.63190765e-02
9.67907925e-02
9.62302111e-02
9.75407123e-02
9.85940356e-02
9.77933146e-02
9.64499382e-02
9.55031308e-02
9.62098108e-02
9.82696058e-02
9.69458458e-02
9.78138751e-02
9.53485823e-02
9.63700274e-02
9.52665286e-02
9.55746611e-02
9.59924556e-02
9.42601705e-02
9.69437998e-02
9.60140388e-02
9.53043367e-02
9.49214533e-02
9.77606762e-02
9.57082340e-02
9.78410728e-02
9.55307800e-02
9.69329732e-02
9.56002826e-02
9.48987538e-02
9.60405591e-02
9.69972286e-02
9.75433337e-02
9.96736225e-02
9.43478888e-02
9.56928977e-02
9.69645932e-02
9.74092449e-02
9.50362196e-02
9.67549000e-02
9.70397682e-02
9.79422175e-02
9.73450151e-02
9.65614587e-02
9.72230783e-02
9.76314195e-02
9.74047684e-02
9.73308366e-02
9.65502465e-02
9.82790908e-02
9.72533501e-02
9.68208033e-02
9.72362306e-02
9.83368640e-02
9.53688076e-02
9.72112398e-02
9.70101306e-02
9.74562583e-02
9.53966337e-02
9.63936110e-02
9.66707874e-02
9.86717660e-02
9.58061414e-02
9.57729639e-02
9.73207310e-02
9.71388194e-02
9.82165362e-02
9.45661130e-02
9.63490918e-02
1.01368006e-01
9.87812234e-02
9.65795755e-02
9.54964450e-02
9.76469098e-02
9.64128610e-02
9.73756028e-02
9.77979759e-02
9.87714616e-02
9.75998545e-02
9.62124320e-02
9.53659623e-02
9.51477174e-02
9.51125031e-02
9.67558697e-02
9.72534072e-02
9.59023438e-02
9.66829805e-02
9.45408123e-02
9.76091983e-02
9.65969114e-02
9.58894023e-02
9.67507622e-02
9.48304072e-02
9.72757927e-02
9.64492911e-02
9.70169755e-02
9.59098233e-02
9.69993121e-02
9.52317808e-02
9.71895808e-02
9.67675672e-02
9.74310979e-02
9.55240320e-02
9.56036763e-02
9.60405182e-02
9.76332858e-02
9.59915662e-02
9.48677175e-02
9.59898844e-02
9.45083252e-02
9.84688190e-02
9.61296635e-02
9.77015410e-02
9.74948632e-02
9.51620090e-02
9.73371900e-02
9.57545555e-02
9.55237034e-02
9.42121284e-02
9.92794923e-02
9.80082188e-02
9.54363819e-02
9.79871935e-02
9.62394201e-02
9.59713684e-02
9.67731332e-02
9.85368211e-02
9.45302293e-02
9.59572156e-02
9.47654704e-02
9.77484072e-02
9.74782687e-02
9.64051900e-02
9.88817973e-02
9.53365879e-02
9.61985582e-02
9.64582950e-02
9.83063306e-02
9.62643824e-02
9.56502312e-02
9.67802178e-02
9.47679309e-02
9.41535423e-02
9.70970784e-02
9.57371196e-02
9.76452954e-02
9.70059677e-02
9.56168151e-02
9.77547077e-02
9.50444568e-02
9.56812846e-02
9.62049738e-02
9.51846520e-02
9.70761079e-02
9.82299274e-02
9.84296292e-02
9.65565289e-02
9.69142698e-02
9.62205981e-02
9.79529583e-02
9.44142242e-02
9.61213100e-02
9.97064958e-02
9.74892235e-02
9.85905164e-02
9.95061001e-02
9.62776677e-02
9.66550151e-02
9.61416269e-02
9.60870031e-02
9.60771297e-02
9.73032145e-02
9.64241577e-02
9.56200797e-02
9.52853460e-02
9.85689509e-02
9.75262394e-02
9.56552077e-02
9.56516667e-02
9.52388790e-02
9.68216248e-02
9.40910538e-02
9.45254044e-02
9.60617715e-02
9.69263302e-02
9.80866515e-02
9.71647449e-02
9.29307214e-02
9.76707536e-02
9.55380870e-02
9.58746301e-02
9.77384764e-02
9.68896659e-02
9.44398013e-02
9.69880543e-02
9.65058111e-02
9.65163832e-02
9.67089008e-02
9.50232698e-02
9.44701703e-02
9.47747432e-02
9.67288812e-02
9.69201637e-02
9.62412966e-02
9.59532923e-02
9.78446243e-02
9.75711712e-02
9.55818754e-02
9.81027501e-02
9.77975584e-02
9.54528129e-02
9.76112347e-02
9.82964205e-02
9.61595553e-02
9.63923382e-02
9.55285665e-02
9.63169340e-02
9.47193572e-02
9.97819535e-02
9.68498658e-02
9.71117518e-02
9.50434210e-02
9.83173565e-02
9.65063804e-02
9.70649350e-02
9.47662502e-02
9.40862244e-02
9.74263166e-02
9.52200058e-02
9.52246306e-02
9.59434346e-02
9.57825932e-02
9.59541111e-02
9.68031037e-02
9.68266617e-02
9.74666998e-02
9.50273764e-02
9.94815171e-02
9.55031942e-02
9.68064263e-02
9.66461613e-02
9.63578739e-02
9.53508723e-02
9.73675069e-02
9.67231138e-02
9.61667415e-02
9.65831026e-02
9.53049988e-02
9.55995520e-02
9.60836762e-02
9.79258843e-02
9.76374441e-02
9.74396865e-02
9.83507622e-02
9.62489682e-02
9.61935979e-02
9.58667684e-02
9.63623563e-02
9.73560694e-02
9.68563438e-02
9.73760225e-02
9.55633280e-02
9.56867553e-02
9.71090200e-02
9.65193102e-02
9.65918957e-02
9.62310074e-02
9.70688660e-02
9.54959834e-02
9.49105828e-02
9.72591122e-02
9.75071105e-02
9.68298962e-02
9.77132015e-02
9.69457089e-02
9.59582303e-02
9.69706726e-02
9.64685316e-02
9.75052529e-02
9.71282430e-02
9.81086242e-02
9.46733128e-02
9.80337257e-02
1.00002609e-01
9.70092874e-02
9.54294236e-02
9.86940622e-02
9.57664511e-02
9.56246195e-02
9.61594547e-02
9.75619622e-02
9.70779201e-02
9.53550238e-02
9.75500423e-02
9.59472994e-02
9.60630384e-02
9.80003525e-02
9.58786907e-02
9.66206616e-02
9.71127660e-02
9.53907711e-02
9.78097704e-02
9.47770798e-02
9.63790336e-02
9.54620639e-02
9.70955981e-02
9.66896899e-02
9.51184757e-02
9.63700798e-02
9.73303481e-02
9.73983842e-02
9.77269300e-02
9.53199497e-02
9.80725966e-02
9.69219659e-02
9.54573080e-02
9.71697087e-02
9.77664756e-02
9.57332342e-02
9.80935618e-02
9.77214257e-02
9.71170439e-02
9.74391404e-02
9.57534852e-02
9.68449876e-02
9.95866915e-02
9.46225669e-02
9.60301303e-02
9.75353529e-02
9.67302149e-02
9.67846057e-02
9.61570179e-02
9.73183738e-02
9.50849760e-02
9.57670876e-02
9.58529073e-02
9.75925319e-02
9.73080893e-02
9.67310031e-02
9.71738233e-02
9.45161973e-02
9.54563174e-02
9.60311989e-02
9.72853240e-02
9.67995069e-02
9.83716416e-02
9.60440325e-02
9.64932922e-02
9.57463452e-02
9.48392181e-02
9.77089909e-02
9.92218465e-02
9.47594694e-02
9.79379756e-02
9.73983418e-02
9.49941765e-02
9.53338019e-02
9.61655274e-02
9.65544899e-02
9.57623825e-02
9.78902517e-02
9.67206785e-02
9.84937313e-02
9.86207488e-02
9.62444139e-02
9.81014847e-02
9.58866915e-02
9.77418882e-02
9.85653581e-02
9.51871673e-02
9.68067847e-02
9.91868454e-02
9.54685181e-02
9.69078224e-02
9.70800346e-02
9.45195405e-02
9.42368735e-02
9.66550507e-02
9.59422059e-02
9.54871255e-02
9.80125554e-02
9.72188199e-02
9.44265038e-02
9.99866756e-02
9.65371173e-02
9.61990315e-02
9.76428127e-02
9.66179743e-02
9.67351136e-02
9.68478770e-02
9.52747103e-02
9.56114591e-02
9.67081033e-02
9.55428477e-02
9.74482226e-02
9.65525056e-02
9.77579887e-02
9.86997838e-02
9.52807955e-02
9.57160584e-02
9.62551231e-02
9.79645927e-02
9.57961495e-02
9.56505122e-02
9.71456316e-02
9.60699537e-02
9.64029630e-02
9.86216726e-02
9.70310019e-02
9.64515728e-02
9.67833997e-02
9.76882043e-02
9.83990993e-02
9.49328416e-02
9.74116543e-02
9.81627791e-02
9.64689763e-02
9.58283625e-02
9.90624374e-02
9.50084406e-02
9.56172349e-02
9.73199729e-02
9.63829152e-02
9.71246181e-02
9.57792240e-02
9.73389827e-02
9.55433807e-02
9.65791915e-02
9.69832353e-02
9.61803773e-02
9.65181924e-02
9.63887819e-02
9.55989257e-02
9.59950558e-02
9.70759175e-02
9.56983893e-02
9.69814281e-02
9.74926722e-02
9.41568510e-02
9.76546578e-02
9.66641852e-02
9.57152462e-02
9.86136816e-02
9.60608727e-02
9.45727353e-02
9.67052834e-02
9.68992580e-02
9.89227185e-02
9.69720832e-02
9.75786430e-02
9.71217497e-02
9.84571502e-02
9.62540645e-02
9.64383461e-02
9.54006687e-02
9.76056352e-02
9.78731153e-02
9.72038016e-02
9.56992473e-02
9.69644312e-02
9.85684839e-02
9.65176809e-02
9.88223908e-02
9.73884574e-02
9.65304965e-02
9.76994700e-02
9.68324251e-02
9.71165653e-02
9.75506646e-02
9.78367412e-02
9.80643138e-02
9.70352937e-02
9.57028385e-02
9.59876636e-02
9.51786235e-02
9.86130715e-02
9.56423445e-02
9.78972849e-02
9.50570750e-02
9.90731441e-02
1.00255096e-01
9.40719058e-02
9.44345457e-02
9.82864406e-02
9.59040568e-02
9.57652039e-02
9.63783355e-02
9.48469939e-02
9.40354510e-02
9.46295853e-02
9.87461854e-02
9.56756280e-02
9.51294789e-02
9.68312590e-02
9.52830343e-02
9.78077155e-02
9.65276987e-02
9.79791785e-02
9.85578891e-02
9.73292842e-02
9.40102219e-02
9.65300825e-02
9.64625469e-02
9.56192412e-02
9.73857693e-02
9.53109994e-02
9.59862779e-02
9.50787874e-02
9.78258236e-02
9.70183812e-02
9.58736715e-02
9.79937911e-02
9.75361291e-02
9.69879146e-02
9.76502492e-02
9.64793853e-02
9.49779343e-02
9.78456290e-02
9.64050336e-02
9.48054847e-02
9.71669434e-02
9.67055723e-02
9.85301300e-02
9.52048427e-02
9.70666813e-02
1.00356262e-01
9.58236599e-02
9.66699333e-02
9.69532742e-02
9.75639716e-02
9.73514928e-02
9.62975788e-02
9.53988987e-02
9.55722412e-02
9.46794234e-02
9.70663615e-02
9.55850269e-02
9.64925071e-02
9.56060333e-02
9.69715112e-02
9.44150827e-02
9.58856096e-02
9.62850083e-02
9.69319379e-02
9.49701607e-02
9.58322473e-02
9.54643755e-02
9.84294629e-02
9.76879955e-02
9.51243573e-02
9.66926084e-02
9.62162883e-02
9.77119168e-02
9.48628193e-02
9.77138119e-02
9.76508123e-02
9.81773240e-02
9.62166505e-02
9.64732426e-02
9.48663842e-02
9.51680476e-02
9.72271947e-02
9.82901044e-02
9.59097747e-02
9.73682934e-02
9.73448944e-02
9.60217795e-02
9.53039777e-02
9.67088096e-02
9.53440663e-02
9.69809447e-02
9.49059985e-02
9.76009839e-02
9.63683249e-02
1.00479817e-01
9.62922386e-02
9.60955148e-02
9.81525874e-02
9.68618284e-02
9.48070822e-02
9.90871195e-02
9.69305007e-02
9.46866911e-02
9.71200564e-02
9.79139531e-02
9.69711316e-02
9.84668469e-02
9.78632431e-02
9.61972997e-02
9.76224812e-02
9.82230096e-02
9.68937885e-02
9.81048702e-02
9.56907304e-02
9.67706634e-02
9.42198422e-02
9.66963004e-02
9.69966165e-02
9.71949683e-02
9.91096187e-02
9.39678145e-02
9.54346101e-02
9.77343189e-02
9.60033506e-02
9.59052958e-02
9.59295627e-02
9.62128566e-02
9.68927960e-02
9.66187450e-02
9.91407251e-02
9.58389029e-02
9.67004277e-02
9.63185589e-02
9.82541026e-02
9.84685638e-02
9.63793305e-02
9.88586523e-02
9.62976747e-02
9.49944779e-02
9.69796988e-02
9.69627976e-02
9.67376198e-02
9.76430780e-02
9.54924085e-02
9.57134037e-02
9.60803742e-02
9.69606699e-02
9.60290866e-02
9.91058075e-02
9.70813343e-02
9.70978762e-02
9.68286463e-02
9.75869824e-02
9.60747191e-02
9.64815173e-02
9.68236906e-02
9.78849942e-02
9.76078823e-02
9.66591543e-02
9.70755925e-02
9.75422109e-02
9.62201933e-02
9.60970987e-02
9.68396162e-02
9.78518113e-02
9.51737576e-02
9.55730409e-02
9.55792385e-02
9.75525358e-02
9.77320380e-02
9.81401654e-02
9.53457137e-02
9.77254459e-02
9.50597534e-02
9.95753084e-02
9.62455461e-02
9.85578055e-02
9.73656884e-02
9.71330651e-02
9.77805408e-02
9.57385318e-02
9.38122402e-02
9.74449229e-02
9.83741194e-02
9.73127536e-02
9.60273681e-02
9.51780643e-02
9.65880054e-02
9.63276424e-02
9.57798616e-02
9.74757936e-02
9.72330081e-02
9.75686118e-02
9.63354585e-02
9.71849003e-02
9.60033785e-02
9.68484209e-02
9.72132739e-02
9.56370976e-02
9.55094545e-02
9.62709389e-02
9.76774783e-02
9.70533021e-02
9.59769878e-02
9.67229906e-02
9.79151716e-02
9.45831727e-02
9.66030281e-02
9.72820429e-02
9.63677448e-02
9.78039489e-02
9.65712689e-02
9.86199029e-02
9.48917206e-02
9.76457151e-02
9.46006347e-02
9.53436406e-02
9.39808892e-02
9.80469449e-02
9.66880964e-02
9.57281870e-02
9.59484306e-02
9.64401111e-02
9.59228009e-02
9.46997245e-02
9.62595769e-02
9.58037170e-02
9.62723899e-02
9.88185190e-02
9.96348323e-02
9.65280730e-02
9.52680087e-02
9.71914863e-02
9.61908844e-02
9.38317341e-02
9.55192126e-02
9.71015242e-02
9.59553658e-02
9.46883951e-02
9.38743818e-02
9.67364954e-02
9.77063847e-02
9.71908585e-02
9.53717343e-02
9.58877635e-02
9.75181373e-02
9.56079617e-02
9.91266730e-02
9.90675084e-02
9.51773075e-02
9.53504074e-02
9.57521272e-02
9.78232794e-02
9.85246959e-02
9.54926574e-02
9.65305552e-02
9.52475007e-02
9.63554588e-02
9.70665521e-02
9.87131119e-02
9.73803225e-02
9.80741685e-02
9.54228648e-02
9.84974935e-02
9.77989055e-02
9.84386497e-02
9.48566256e-02
9.54828235e-02
9.65954905e-02
9.67503358e-02
9.50734292e-02
9.72025023e-02
9.80499294e-02
9.89185341e-02
9.37797730e-02
9.48051907e-02
9.63808850e-02
9.58063575e-02
9.90102024e-02
9.64355346e-02
9.50129603e-02
9.39330625e-02
9.91455238e-02
9.37767538e-02
9.96321390e-02
9.88038644e-02
9.61421424e-02
9.66326085e-02
9.59986397e-02
9.68968871e-02
9.61394467e-02
9.68533898e-02
9.71419647e-02
9.72786728e-02
9.57520213e-02
9.75749896e-02
9.80201768e-02
9.49462116e-02
9.72492992e-02
9.56681654e-02
9.59938780e-02
9.57904833e-02
9.62944608e-02
9.71584370e-02
9.66026060e-02
9.70703671e-02
9.71962446e-02
9.67385888e-02
9.86191989e-02
9.66827953e-02
9.67883716e-02
9.62243568e-02
9.60365113e-02
9.63266171e-02
9.72953605e-02
9.79813487e-02
9.82782993e-02
9.69635615e-02
9.59644543e-02
9.58242800e-02
9.53568316e-02
9.60652254e-02
9.64702429e-02
9.86032219e-02
9.68662974e-02
9.62651359e-02
9.66628518e-02
9.70571450e-02
9.60644786e-02
9.64429623e-02
9.55697498e-02
9.74818666e-02
9.67605874e-02
9.52232434e-02
9.69190776e-02
9.69294956e-02
9.58362227e-02
9.54025320e-02
9.78561607e-02
9.75497120e-02
9.82210841e-02
9.73249402e-02
9.74775168e-02
9.67228039e-02
9.50959801e-02
9.68993108e-02
9.64833706e-02
9.63174139e-02
9.66229590e-02
9.65867695e-02
9.66026425e-02
9.85673626e-02
9.58888674e-02
9.73464599e-02
9.70690045e-02
9.71628738e-02
9.55334436e-02
9.62101267e-02
9.69795693e-02
9.65277844e-02
9.78588333e-02
9.87487651e-02
9.73815998e-02
9.53293296e-02
9.68122740e-02
9.71640147e-02
9.59477232e-02
9.63000815e-02
9.48410412e-02
9.70075327e-02
9.56604914e-02
9.61040858e-02
9.58102098e-02
9.68839832e-02
9.78418834e-02
9.67821833e-02
9.54325416e-02
9.53584176e-02
9.77650099e-02
9.34102167e-02
9.69076612e-02
9.48294659e-02
9.71878126e-02
9.86472346e-02
9.37282908e-02
9.74843380e-02
9.76375772e-02
9.57946342e-02
9.69941900e-02
9.73960728e-02
9.60811344e-02
9.56762252e-02
9.67632680e-02
9.98544948e-02
9.79801740e-02
9.56725070e-02
9.61859426e-02
9.57092846e-02
9.60085102e-02
9.55125823e-02
9.82430330e-02
9.71896072e-02
9.73284221e-02
9.49412036e-02
9.60177928e-02
9.60615263e-02
9.59096303e-02
9.56529177e-02
9.77723516e-02
9.60796760e-02
9.70215336e-02
9.78998320e-02
9.62391019e-02
9.40363521e-02
9.47718367e-02
9.67272136e-02
9.83974670e-02
9.81781815e-02
9.84443929e-02
9.66283619e-02
9.57419061e-02
9.55435914e-02
9.54123145e-02
9.68724628e-02
9.60072458e-02
9.90203199e-02
9.80434830e-02
9.48805531e-02
9.55917725e-02
9.61263686e-02
9.58562162e-02
9.75172959e-02
9.57835971e-02
9.47694805e-02
9.72561551e-02
9.83527643e-02
9.77341511e-02
9.52750300e-02
9.55128740e-02
9.71545778e-02
9.72412716e-02
9.50354889e-02
9.63165935e-02
9.79230809e-02
9.82181598e-02
9.65721951e-02
9.74785297e-02
9.71260663e-02
9.58307599e-02
9.65396910e-02
9.74707341e-02
9.58346693e-02
9.70452714e-02
9.72277235e-02
9.74473501e-02
9.65730508e-02
9.58274357e-02
9.67397772e-02
9.65852111e-02
9.56838130e-02
9.60816549e-02
9.67212620e-02
9.67354621e-02
9.60512123e-02
9.83836147e-02
9.98037719e-02
9.69943209e-02
9.55305071e-02
9.61077939e-02
9.39022276e-02
9.79242355e-02
9.52851401e-02
9.73991716e-02
9.60524274e-02
9.57495201e-02
9.50575509e-02
9.96638287e-02
9.53134713e-02
9.55536954e-02
9.70565319e-02
9.45034515e-02
9.48069989e-02
9.55267964e-02
9.55884930e-02
9.67486031e-02
9.30460662e-02
9.69271621e-02
9.75214782e-02
9.59884473e-02
9.69852670e-02
9.52040842e-02
9.57515510e-02
9.52804147e-02
9.60325239e-02
9.74931496e-02
9.82051750e-02
9.57399046e-02
9.79641051e-02
1.00871315e-01
9.63880921e-02
9.50637534e-02
9.70335491e-02
9.63978419e-02
9.74352976e-02
9.64574328e-02
9.58081665e-02
9.64024598e-02
9.66266072e-02
9.47580039e-02
9.55859730e-02
9.60040668e-02
9.59450796e-02
9.56377962e-02
9.80250208e-02
9.76188576e-02
9.75020878e-02
9.70461148e-02
9.82500588e-02
9.75316044e-02
9.62318187e-02
9.62236347e-02
9.56419902e-02
9.56933268e-02
9.73920519e-02
9.68911474e-02
9.72351875e-02
9.77309539e-02
9.67033454e-02
9.83788121e-02
9.52560562e-02
9.49115566e-02
9.73326534e-02
9.58808543e-02
9.68626990e-02
9.70482039e-02
9.55060150e-02
9.66608850e-02
9.70630266e-02
9.65103316e-02
9.55575351e-02
9.54544734e-02
9.90066019e-02
9.62740213e-02
9.60864762e-02
9.55077438e-02
9.80473942e-02
9.50421469e-02
9.60908367e-02
9.73020909e-02
9.62379788e-02
9.81514376e-02
9.85454776e-02
9.69955801e-02
9.75783746e-02
9.58278292e-02
9.55465353e-02
9.54033610e-02
9.60534902e-02
9.68751781e-02
9.89503499e-02
9.56474847e-02
9.60490434e-02
9.90380993e-02
9.52474564e-02
9.72742811e-02
9.69984458e-02
9.65782791e-02
9.60269586e-02
9.89880228e-02
9.66832463e-02
9.90659438e-02
9.76256072e-02
9.67132194e-02
9.64894120e-02
9.66055521e-02
9.51170497e-02
9.73759261e-02
9.63186259e-02
9.79658070e-02
9.46191086e-02
9.75755179e-02
9.54229908e-02
9.41020618e-02
9.58041948e-02
9.70453674e-02
9.69236910e-02
9.45655177e-02
9.70992524e-02
9.76619711e-02
9.80367733e-02
9.87171446e-02
9.70602285e-02
9.81542186e-02
9.73954693e-02
9.79799523e-02
9.65045009e-02
9.59157251e-02
9.63614558e-02
9.57766101e-02
9.78062243e-02
9.79713605e-02
9.68900732e-02
9.83260040e-02
9.80792756e-02
9.45479675e-02
9.74393544e-02
9.63404766e-02
9.46387303e-02
9.51717583e-02
9.77931251e-02
9.59619701e-02
9.69711707e-02
9.70850332e-02
9.82680290e-02
1.00218414e-01
9.80726145e-02
9.77403983e-02
9.64942737e-02
9.49957504e-02
9.57618699e-02
9.64616758e-02
9.53318262e-02
9.80153994e-02
9.55840443e-02
9.62631019e-02
9.60388061e-02
9.66924019e-02
9.44418603e-02
9.84174275e-02
9.63534094e-02
9.61398944e-02
9.51818917e-02
9.91353907e-02
9.52568633e-02
9.70834130e-02
9.57789532e-02
9.64033853e-02
9.58573187e-02
9.57876662e-02
9.54228419e-02
9.62355808e-02
9.76376713e-02
9.97661423e-02
9.61480345e-02
9.61575626e-02
9.50392086e-02
9.96824285e-02
9.71166211e-02
9.66201797e-02
9.52278583e-02
9.45310197e-02
9.68294915e-02
9.42372698e-02
9.69027806e-02
9.50053366e-02
9.66863050e-02
9.50990604e-02
9.63388433e-02
9.69837254e-02
9.79893693e-02
9.81184725e-02
9.59222369e-02
9.78227180e-02
9.85623580e-02
9.44875011e-02
9.48586567e-02
9.88344942e-02
9.83523647e-02
9.68990557e-02
1.00101464e-01
9.65834453e-02
9.73192781e-02
9.81208583e-02
9.86064376e-02
9.67650708e-02
9.77645610e-02
9.72544278e-02
9.55007526e-02
9.98415963e-02
9.80428035e-02
9.57238868e-02
9.55802530e-02
9.58086684e-02
9.56424007e-02
9.56991261e-02
9.55625927e-02
9.67508456e-02
9.51419448e-02
9.57122822e-02
9.53191791e-02
9.87441378e-02
9.63590654e-02
9.90387480e-02
9.57710314e-02
9.57268050e-02
9.82696922e-02
9.79132559e-02
9.56452005e-02
9.88268681e-02
9.85130787e-02
9.53970755e-02
9.74426221e-02
9.80576890e-02
9.88421771e-02
9.80900477e-02
9.73476046e-02
9.50605460e-02
9.50429730e-02
9.57310800e-02
9.54902711e-02
9.60535067e-02
9.63725108e-02
9.56480198e-02
9.54971413e-02
9.47333476e-02
9.67279934e-02
9.68154531e-02
9.69431283e-02
9.69883495e-02
9.69178774e-02
9.69238006e-02
9.89153918e-02
9.65271002e-02
9.57738065e-02
9.80506767e-02
9.73959485e-02
9.83275528e-02
9.48055736e-02
9.58949259e-02
9.72487570e-02
9.59429595e-02
9.45781507e-02
9.60272202e-02
9.60115105e-02
9.54543489e-02
9.58512925e-02
9.65129168e-02
9.63171534e-02
9.61967137e-02
9.37072192e-02
9.82049648e-02
9.69342574e-02
9.64498754e-02
9.68763818e-02
9.50882325e-02
9.62834954e-02
9.83403936e-02
9.86969021e-02
9.61070429e-02
9.62830684e-02
9.75219845e-02
9.69782439e-02
9.57546779e-02
9.60066179e-02
9.69639743e-02
9.73047612e-02
9.64306105e-02
9.54855242e-02
9.75990918e-02
9.72500153e-02
9.64805339e-02
9.66871835e-02
9.75883646e-02
9.47115768e-02
9.54283109e-02
9.59156776e-02
9.55553597e-02
9.73987936e-02
9.77116154e-02
9.64459730e-02
9.48323429e-02
9.74533166e-02
9.40821696e-02
9.45007796e-02
9.47849840e-02
9.57442274e-02
9.63976651e-02
9.64171394e-02
9.58070153e-02
9.35710548e-02
9.59426416e-02
9.56126022e-02
9.68515479e-02
9.74866361e-02
9.71971491e-02
9.57590458e-02
9.71763320e-02
9.79022738e-02
9.75931293e-02
9.53026229e-02
9.73264785e-02
9.59885264e-02
9.60892281e-02
9.50508214e-02
9.82976804e-02
9.56384553e-02
9.55991951e-02
9.81057343e-02
9.72660372e-02
9.60510433e-02
9.74230901e-02
9.78874805e-02
9.52976679e-02
9.74935651e-02
9.67146512e-02
9.80553081e-02
9.81016190e-02
9.62819677e-02
9.60605017e-02
9.56513729e-02
9.79308676e-02
9.70750822e-02
9.66812464e-02
9.56407733e-02
9.75163898e-02
9.75984887e-02
9.76603378e-02
9.65969215e-02
9.63010542e-02
9.72380120e-02
9.77080509e-02
9.84215767e-02
9.53712520e-02
9.59316704e-02
9.62559864e-02
9.64243795e-02
9.78169092e-02
9.59969674e-02
9.65947501e-02
9.50521781e-02
9.45054245e-02
9.82252719e-02
9.64037550e-02
9.60015768e-02
9.72253123e-02
9.54956331e-02
9.68832576e-02
9.81260462e-02
9.42887034e-02
9.61646425e-02
9.53338686e-02
9.40795090e-02
9.63333896e-02
9.82299189e-02
9.70425058e-02
9.80930257e-02
9.96674728e-02
9.61971173e-02
9.73620038e-02
9.61010331e-02
9.65885803e-02
9.62669519e-02
9.78577965e-02
9.58839857e-02
9.50686360e-02
9.94226358e-02
9.63958412e-02
9.62346834e-02
9.35784728e-02
9.74719065e-02
9.91518339e-02
9.62479190e-02
9.78294493e-02
9.43067383e-02
9.47009993e-02
9.67952832e-02
9.68180149e-02
9.64325175e-02
9.74813415e-02
9.63185915e-02
9.52196703e-02
9.67120464e-02
9.79975742e-02
9.63281668e-02
9.87657062e-02
9.36271980e-02
9.57447713e-02
9.64632210e-02
9.45014111e-02
9.64376667e-02
9.69280077e-02
9.74124325e-02
9.47191752e-02
9.76356468e-02
9.76983993e-02
9.81165933e-02
9.72756855e-02
9.45505818e-02
9.67405768e-02
9.80109867e-02
9.67698579e-02
9.56770488e-02
9.55586926e-02
9.54647759e-02
9.75482524e-02
9.70218665e-02
9.50249647e-02
9.76643710e-02
9.52473396e-02
9.33675841e-02
9.57134869e-02
9.55570762e-02
9.75333550e-02
9.65481881e-02
9.56678181e-02
9.55097319e-02
9.46055603e-02
9.64039527e-02
9.69174518e-02
9.55270643e-02
9.80494891e-02
9.74097881e-02
9.42700976e-02
9.69169169e-02
9.60105782e-02
9.57752499e-02
9.46556063e-02
9.80890864e-02
9.81932823e-02
9.69774130e-02
9.67484936e-02
9.65966647e-02
9.63977959e-02
9.68767127e-02
9.61819177e-02
9.50821242e-02
9.82575735e-02
9.62156182e-02
9.45273231e-02
9.48210928e-02
9.80473588e-02
9.77547412e-02
9.83450592e-02
9.80370211e-02
9.52406461e-02
9.55967784e-02
9.59345686e-02
9.71575037e-02
9.34127624e-02
9.60549564e-02
9.62666373e-02
9.53583685e-02
9.69695316e-02
9.55060319e-02
9.56845753e-02
9.56372324e-02
9.63567637e-02
9.61518020e-02
9.66645611e-02
9.60427518e-02
9.63040906e-02
9.52781179e-02
9.78495384e-02
9.51168347e-02
9.68160305e-02
9.59640057e-02
9.63053545e-02
9.74773191e-02
9.66319984e-02
9.68569830e-02
9.52362209e-02
9.76366236e-02
9.73344941e-02
9.70986063e-02
9.68606536e-02
9.63933845e-02
9.68618105e-02
9.82318967e-02
9.76834056e-02
9.79875263e-02
9.66655697e-02
9.74745146e-02
9.59460136e-02
9.70330618e-02
9.69198373e-02
9.76044184e-02
9.75242888e-02
9.85989888e-02
9.62346237e-02
9.64427924e-02
9.79450763e-02
9.68740387e-02
9.57228850e-02
9.79663391e-02
9.54696039e-02
9.64171503e-02
9.62329475e-02
9.54818107e-02
9.79159799e-02
9.62592364e-02
9.90285401e-02
9.40600236e-02
9.72925185e-02
9.80079672e-02
9.74035579e-02
9.63423284e-02
9.49648942e-02
9.50932767e-02
9.44097105e-02
9.63386429e-02
9.71985297e-02
9.58309129e-02
9.56587925e-02
9.64036437e-02
9.78636059e-02
9.67612354e-02
9.63855017e-02
9.60086322e-02
9.68356948e-02
9.75939406e-02
9.52195220e-02
9.76417600e-02
9.70752348e-02
9.58242625e-02
9.73051862e-02
9.58435038e-02
9.65687941e-02
9.69407914e-02
9.60616204e-02
9.56506534e-02
9.66116967e-02
9.87403079e-02
9.36254963e-02
9.66808765e-02
9.86911508e-02
9.93099845e-02
9.67412963e-02
9.77333292e-02
9.58527549e-02
9.84042617e-02
9.85098797e-02
9.64661891e-02
9.88197799e-02
9.69553468e-02
9.72086142e-02
9.73513097e-02
9.76758485e-02
9.65173168e-02
9.77606471e-02
9.52264494e-02
9.71399187e-02
9.64212370e-02
9.46805985e-02
9.51760698e-02
9.69371322e-02
9.76786924e-02
9.73479309e-02
9.62721298e-02
9.66122535e-02
9.56346530e-02
9.79669642e-02
9.44769843e-02
9.75262106e-02
9.87092064e-02
9.84195253e-02
9.88659682e-02
9.74965952e-02
9.68762105e-02
9.87366425e-02
9.86164678e-02
9.64811135e-02
9.71894006e-02
9.76793763e-02
9.52583164e-02
9.64377588e-02
9.56665641e-02
9.55435266e-02
9.51023796e-02
9.79266901e-02
9.49530928e-02
1.00235887e-01
9.83961394e-02
9.83181541e-02
9.68335408e-02
9.49005712e-02
9.80345476e-02
9.42239140e-02
9.87418870e-02
9.86214966e-02
9.61337574e-02
9.36584480e-02
9.60277056e-02
9.83664716e-02
9.65940496e-02
9.64530078e-02
9.53399061e-02
9.72246033e-02
9.44078344e-02
9.74796171e-02
9.74430680e-02
9.63547372e-02
9.69926894e-02
9.63241234e-02
9.55515546e-02
9.89748313e-02
9.49708803e-02
9.62515774e-02
9.75228948e-02
9.47618780e-02
9.64902122e-02
9.82035100e-02
9.59835925e-02
9.55045362e-02
9.59492570e-02
9.59801270e-02
9.58729375e-02
9.64377589e-02
9.70167941e-02
9.76135038e-02
9.77396803e-02
9.73389076e-02
9.72782156e-02
9.62154157e-02
9.67612930e-02
9.76631811e-02
9.57720368e-02
9.84598488e-02
9.86731451e-02
9.75951957e-02
9.75866239e-02
9.63291789e-02
9.58761241e-02
9.79142690e-02
9.52509470e-02
9.59581368e-02
9.50251283e-02
9.70497341e-02
9.82312173e-02
9.86998356e-02
9.90857033e-02
9.84914513e-02
9.65442433e-02
9.98853073e-02
9.47500355e-02
9.57665725e-02
9.93051967e-02
9.83329912e-02
9.65405555e-02
9.71890807e-02
9.52957736e-02
9.47385134e-02
9.75508800e-02
9.69078271e-02
9.76323385e-02
9.78521420e-02
9.63363381e-02
9.59102042e-02
9.38550024e-02
9.73809150e-02
9.53310027e-02
9.55171250e-02
9.92895903e-02
9.70895476e-02
9.69943117e-02
9.65631177e-02
9.54739985e-02
9.61414306e-02
9.88318366e-02
9.64325494e-02
9.75983059e-02
9.76207757e-02
9.46674876e-02
9.72551327e-02
9.74663158e-02
9.41191204e-02
1.00033360e-01
9.62344881e-02
9.58224905e-02
9.80548804e-02
9.82875947e-02
9.43586838e-02
9.80300619e-02
9.63773814e-02
9.67343471e-02
9.54039655e-02
9.43671568e-02
9.70817069e-02
9.59827211e-02
9.60026266e-02
9.53776691e-02
9.67728758e-02
9.48159017e-02
9.74487410e-02
9.69084188e-02
9.66394049e-02
9.53681516e-02
9.78278408e-02
9.74211747e-02
9.78366864e-02
9.67533158e-02
9.50432802e-02
9.67594745e-02
9.44894002e-02
9.62270209e-02
9.77616485e-02
9.45950403e-02
9.81789984e-02
9.60494149e-02
9.58667594e-02
9.69337545e-02
9.48965022e-02
9.77714776e-02
9.49656421e-02
9.66573494e-02
9.58885316e-02
9.66675180e-02
9.80458164e-02
9.61773681e-02
9.86955006e-02
9.51453190e-02
9.66435623e-02
9.71224295e-02
9.66482827e-02
9.64117395e-02
9.68960438e-02
9.84335871e-02
9.60570925e-02
9.62412502e-02
9.61510405e-02
9.67189310e-02
9.68939515e-02
9.74799597e-02
9.67992081e-02
9.73740383e-02
9.58238509e-02
9.64330305e-02
9.70616926e-02
9.66237630e-02
9.68845978e-02
9.68650893e-02
9.72692457e-02
9.50531612e-02
9.89238236e-02
9.88774858e-02
9.53341232e-02
9.58980720e-02
9.76599784e-02
9.59212408e-02
9.59464817e-02
9.43939790e-02
9.60731320e-02
9.49043057e-02
9.62463922e-02
9.82790169e-02
9.55050329e-02
9.47259503e-02
9.53423972e-02
9.73800359e-02
9.51642649e-02
9.81871712e-02
9.56736661e-02
9.68910806e-02
9.67332564e-02
9.55935686e-02
9.67542111e-02
9.64379495e-02
9.71235221e-02
9.69066318e-02
9.56012986e-02
9.60277561e-02
9.61845348e-02
9.68797001e-02
9.85548595e-02
9.81879129e-02
9.55129151e-02
9.70159962e-02
9.74320532e-02
9.55600289e-02
9.80792007e-02
9.44746044e-02
9.68571846e-02
9.72379665e-02
9.77002769e-02
9.71111249e-02
9.75290142e-02
9.71259345e-02
9.62884790e-02
9.70267267e-02
9.55622249e-02
9.70531799e-02
9.65433949e-02
9.62773261e-02
9.73412290e-02
9.56446084e-02
9.34841588e-02
9.85635317e-02
9.45918798e-02
9.68549790e-02
9.79252060e-02
9.60016521e-02
9.75066584e-02
9.61988177e-02
9.58137675e-02
9.54184170e-02
9.64046028e-02
9.67079596e-02
9.87799303e-02
9.79844569e-02
9.65893786e-02
9.67659014e-02
9.54535168e-02
9.62786313e-02
9.45532236e-02
9.75765402e-02
9.59974839e-02
9.75980245e-02
9.70015370e-02
9.66111840e-02
9.97956213e-02
9.49602850e-02
9.70933301e-02
9.65639743e-02
9.51438944e-02
9.51659921e-02
9.75327347e-02
9.67574244e-02
9.57937160e-02
9.58686160e-02
9.52279384e-02
9.63719953e-02
9.90832526e-02
9.81128851e-02
9.56668370e-02
9.64950381e-02
9.82605787e-02
9.70506602e-02
9.63234128e-02
9.57647204e-02
9.73003166e-02
9.62628362e-02
9.71477960e-02
9.62843146e-02
9.60617616e-02
9.81729130e-02
9.62281739e-02
9.62159427e-02
9.69175084e-02
9.45630380e-02
9.82452815e-02
9.40967636e-02
9.77030707e-02
9.72883146e-02
9.74023133e-02
9.60338338e-02
9.57841895e-02
9.89534688e-02
9.75398766e-02
9.64149137e-02
9.78083503e-02
9.69117101e-02
9.83001805e-02
9.57742556e-02
9.73489659e-02
9.64294222e-02
9.68418729e-02
9.86988439e-02
9.65247436e-02
9.61010088e-02
9.73526891e-02
9.78777866e-02
9.68031368e-02
9.65287088e-02
9.79449462e-02
9.82206292e-02
9.74676129e-02
9.66343455e-02
9.57280849e-02
9.58269940e-02
9.63880417e-02
9.63391622e-02
9.74359284e-02
9.69207406e-02
9.48699338e-02
9.78206229e-02
9.69863341e-02
9.99769150e-02
9.57041838e-02
9.37296235e-02
9.61135305e-02
9.47841921e-02
9.53085475e-02
9.63903635e-02
9.53833346e-02
9.83776521e-02
9.77885022e-02
9.63149051e-02
9.70565704e-02
9.51885883e-02
9.63023870e-02
9.56570793e-02
9.54226891e-02
9.66157077e-02
9.70077939e-02
1.00396247e-01
9.73553255e-02
9.61710901e-02
9.74307786e-02
9.48192894e-02
9.52976340e-02
9.79998851e-02
9.71512852e-02
9.78996663e-02
9.65727766e-02
9.70956365e-02
9.84826009e-02
9.58431397e-02
9.58869701e-02
9.55009802e-02
9.62210765e-02
9.64630231e-02
9.57638707e-02
9.72648224e-02
9.83023874e-02
9.70761002e-02
9.57402672e-02
9.88731285e-02
9.53501312e-02
9.87201839e-02
9.46323454e-02
9.68813547e-02
9.71119384e-02
9.64763159e-02
9.69209744e-02
9.61375435e-02
9.72741940e-02
9.62475047e-02
9.57755622e-02
9.73133556e-02
9.51040182e-02
9.63254767e-02
9.76974256e-02
9.55822928e-02
9.79224428e-02
9.47132455e-02
9.64464328e-02
9.50819583e-02
9.75600514e-02
9.54192164e-02
9.70148106e-02
9.66115444e-02
9.52919546e-02
9.50224247e-02
9.81169695e-02
9.64036665e-02
9.55862989e-02
9.58599758e-02
9.59930897e-02
9.65556618e-02
9.90082897e-02
9.67983566e-02
9.58960318e-02
9.93726554e-02
9.50678140e-02
9.55048850e-02
9.59345155e-02
9.52707700e-02
9.79740952e-02
9.67959094e-02
9.54834307e-02
9.72426523e-02
9.59655262e-02
9.77272355e-02
9.54235982e-02
9.54979717e-02
9.71082564e-02
9.66331142e-02
9.70917864e-02
9.65055854e-02
9.80099443e-02
9.97792006e-02
9.59854865e-02
9.76660288e-02
9.39995422e-02
9.71636203e-02
9.65835348e-02
9.75516341e-02
9.75499724e-02
9.28064735e-02
9.78151158e-02
9.99059344e-02
9.83720140e-02
9.59830391e-02
9.72918117e-02
9.64295520e-02
9.85951067e-02
9.58872248e-02
9.37579729e-02
9.79589759e-02
9.36934805e-02
9.83006536e-02
9.45536657e-02
9.73491914e-02
9.88976219e-02
9.53278104e-02
9.75421139e-02
9.61990103e-02
9.94017337e-02
9.61733118e-02
9.68022822e-02
9.65314983e-02
9.40620300e-02
9.89705367e-02
9.80332630e-02
9.78530520e-02
9.68767340e-02
9.49581835e-02
9.95789632e-02
9.58368428e-02
9.61781957e-02
9.63327071e-02
9.51218448e-02
9.47906817e-02
9.69175386e-02
9.64429235e-02
9.58722403e-02
9.84203779e-02
9.74945714e-02
9.69450999e-02
9.51552017e-02
9.64741598e-02
9.41186176e-02
9.40763703e-02
9.77527350e-02
9.59736200e-02
9.45405579e-02
9.79433694e-02
9.41843735e-02
9.82425054e-02
9.89165720e-02
9.73400354e-02
9.74362696e-02
9.98224070e-02
9.59282266e-02
9.72833385e-02
9.99422646e-02
9.62255308e-02
9.62670001e-02
9.47209506e-02
9.48165642e-02
9.62287925e-02
9.65869917e-02
9.73327722e-02
9.50068979e-02
9.54309594e-02
9.63887090e-02
9.85722373e-02
9.65026459e-02
9.66258358e-02
9.53963954e-02
9.91819122e-02
9.49107094e-02
9.61536260e-02
9.69762012e-02
9.63417159e-02
9.55594439e-02
9.73121797e-02
9.80531873e-02
9.70753868e-02
9.62101958e-02
9.53622062e-02
9.46498798e-02
9.64265827e-02
9.51633370e-02
9.70239892e-02
9.54716758e-02
9.94237872e-02
9.61790539e-02
9.75407289e-02
9.61991685e-02
9.81173538e-02
9.92531831e-02
9.64742322e-02
9.82993264e-02
9.58127677e-02
9.56924370e-02
9.70915484e-02
9.82230899e-02
9.48823756e-02
9.77737976e-02
9.49010972e-02
9.67927314e-02
9.76953519e-02
9.91024975e-02
9.53053796e-02
9.79734823e-02
9.61942738e-02
9.65054429e-02
9.57283197e-02
9.56297606e-02
9.56298219e-02
9.86915733e-02
9.52407962e-02
9.79024884e-02
9.75879488e-02
9.97419104e-02
9.88643306e-02
9.74289296e-02
9.86324316e-02
9.85445135e-02
9.68192743e-02
9.71121487e-02
9.76591897e-02
9.43297729e-02
9.68525741e-02
9.75395512e-02
9.65755145e-02
9.42934979e-02
9.74612170e-02
9.52927453e-02
9.53354424e-02
9.61028649e-02
9.73466567e-02
9.63169951e-02
9.56603281e-02
9.51269713e-02
9.64323714e-02
9.82642691e-02
9.61205468e-02
9.66406227e-02
9.65147753e-02
9.71107031e-02
9.78008124e-02
9.46104037e-02
9.89194475e-02
9.80755294e-02
9.69577187e-02
9.68598088e-02
9.43710828e-02
9.67432579e-02
9.60972465e-02
9.72388976e-02
9.45195452e-02
9.56706468e-02
9.66612755e-02
9.59092861e-02
9.35439142e-02
9.56729332e-02
9.75809625e-02
9.60105695e-02
9.81204419e-02
9.72693322e-02
9.76603499e-02
9.58742735e-02
9.55888630e-02
9.62234442e-02
9.79616803e-02
9.73056070e-02
9.43063394e-02
9.52068182e-02
9.65049675e-02
9.65014986e-02
9.57461336e-02
9.71011535e-02
9.51683501e-02
9.70722530e-02
9.67116659e-02
9.45832112e-02
9.64432244e-02
9.68759582e-02
9.90583029e-02
9.70116539e-02
9.59917919e-02
9.57145669e-02
9.55015377e-02
9.75603160e-02
9.81769878e-02
9.90234642e-02
9.72362272e-02
9.84168313e-02
9.64834463e-02
9.58738754e-02
9.60535334e-02
9.79924208e-02
9.53753947e-02
9.63261430e-02
9.56997777e-02
9.63495075e-02
9.75148934e-02
9.68390116e-02
9.69592968e-02
9.73998401e-02
9.66106251e-02
9.75592067e-02
9.64914193e-02
9.75536072e-02
9.67122120e-02
9.59662580e-02
9.80234334e-02
9.97042614e-02
9.75059322e-02
9.68404148e-02
9.74984271e-02
9.71070684e-02
9.67265249e-02
9.53244437e-02
9.80262038e-02
9.79092679e-02
9.63112301e-02
9.59527198e-02
9.77815164e-02
9.92040793e-02
9.45287735e-02
9.56857299e-02
9.58472413e-02
9.59626818e-02
9.66632490e-02
9.61990485e-02
9.61482696e-02
9.53424001e-02
9.45197910e-02
9.64694748e-02
9.52726777e-02
9.47839312e-02
9.79562659e-02
9.53724293e-02
9.66110407e-02
9.83855950e-02
9.65555709e-02
9.82938429e-02
9.60657989e-02
9.55013604e-02
9.60461680e-02
9.64746996e-02
9.77363588e-02
9.68153235e-02
9.57922086e-02
9.47906110e-02
9.74452566e-02
9.87290639e-02
9.62534008e-02
9.65991500e-02
9.68946609e-02
9.61860752e-02
9.53524190e-02
9.74370688e-02
9.76850057e-02
9.75638512e-02
9.72624743e-02
9.59042602e-02
9.82783724e-02
9.51089516e-02
9.86039822e-02
9.80866380e-02
9.59739205e-02
9.55508327e-02
9.77379761e-02
9.76889464e-02
9.53996611e-02
9.58655498e-02
9.79995496e-02
9.59480079e-02
9.80248556e-02
9.65091308e-02
9.66024682e-02
9.82772811e-02
9.54333374e-02
9.66470636e-02
9.58947671e-02
9.45850621e-02
9.60495641e-02
9.59064423e-02
9.88789421e-02
9.49627747e-02
9.71856617e-02
9.80659179e-02
9.77318893e-02
9.75654463e-02
9.68546154e-02
9.69296183e-02
9.70638427e-02
9.67442030e-02
9.58174879e-02
9.61227964e-02
9.58181246e-02
9.58163178e-02
9.78471870e-02
9.37841942e-02
9.71058265e-02
9.49343371e-02
9.62729436e-02
9.67579149e-02
9.49201657e-02
9.61432395e-02
9.72281004e-02
9.65933609e-02
9.66598041e-02
9.59042592e-02
9.73932173e-02
9.79325835e-02
9.66283210e-02
9.64002922e-02
9.62911504e-02
9.55882764e-02
9.49251029e-02
9.64023388e-02
9.84190144e-02
9.74620408e-02
9.79221188e-02
9.64074435e-02
9.34459376e-02
9.67644991e-02
9.56868635e-02
9.76135127e-02
9.63688656e-02
9.48603017e-02
9.51660432e-02
9.55281875e-02
9.65508877e-02
9.74535165e-02
9.75457833e-02
9.69415931e-02
9.75163384e-02
9.68454860e-02
9.69796594e-02
9.60058872e-02
9.64151731e-02
9.75275974e-02
9.37269008e-02
9.72376500e-02
9.69825184e-02
9.52364907e-02
9.51774785e-02
9.47536762e-02
9.59379234e-02
9.47257885e-02
9.84548408e-02
9.57867639e-02
9.73431812e-02
9.47740842e-02
9.73442724e-02
9.67343663e-02
9.55539587e-02
9.74564859e-02
9.58102788e-02
9.45332401e-02
9.60752313e-02
9.71656829e-02
9.71534835e-02
9.66028215e-02
9.56849287e-02
9.67648095e-02
9.62772183e-02
9.68801299e-02
9.66631049e-02
9.57571761e-02
9.51848364e-02
9.68463792e-02
9.50617534e-02
9.66498223e-02
9.66674338e-02
9.75605905e-02
9.64898822e-02
9.73192216e-02
9.73716194e-02
9.61940145e-02
9.43999343e-02
9.44988488e-02
9.79241303e-02
9.50590225e-02
9.81008465e-02
9.55729324e-02
9.63481388e-02
9.74304931e-02
9.48019149e-02
9.74510960e-02
9.75678292e-02
9.42815056e-02
9.76160367e-02
9.71745450e-02
9.47521839e-02
9.81460497e-02
9.33724411e-02
9.67593129e-02
9.58657025e-02
9.63312926e-02
9.70556422e-02
9.56267116e-02
9.56396584e-02
9.66855601e-02
9.93114297e-02
9.81181105e-02
9.60751403e-02
9.80042889e-02
9.59209980e-02
9.70313618e-02
9.65837754e-02
9.64957099e-02
9.56784599e-02
9.69593280e-02
9.58403589e-02
9.47173790e-02
9.49598367e-02
9.80944383e-02
9.87946081e-02
9.64023694e-02
9.44973635e-02
9.61611935e-02
9.49793855e-02
9.64091685e-02
9.81705072e-02
9.97155766e-02
9.47621411e-02
9.60064338e-02
9.55034696e-02
9.56872264e-02
9.89474392e-02
9.46117013e-02
9.56713650e-02
9.55491054e-02
9.74701205e-02
9.52782133e-02
9.63438357e-02
9.54817177e-02
9.46957658e-02
9.53152451e-02
9.41121540e-02
9.68399438e-02
9.54827735e-02
9.75209308e-02
9.57400542e-02
9.70669798e-02
9.56419792e-02
9.92103234e-02
9.79612627e-02
9.55313741e-02
9.55983812e-02
9.72933985e-02
9.82412568e-02
9.65081185e-02
9.50993905e-02
9.61895123e-02
9.57853157e-02
9.81023547e-02
9.81961795e-02
9.62046503e-02
9.61543981e-02
9.57367686e-02
9.72182764e-02
9.59892360e-02
9.56207863e-02
9.57303129e-02
9.85874599e-02
9.70373331e-02
9.67755522e-02
9.81709655e-02
9.70344232e-02
9.77693714e-02
9.57119890e-02
9.78383179e-02
9.46572475e-02
9.65796887e-02
9.89302586e-02
9.55215961e-02
9.64450929e-02
9.69036836e-02
9.61044293e-02
9.61644750e-02
9.87096965e-02
9.55972466e-02
9.54730628e-02
9.82581368e-02
9.75870819e-02
9.55061668e-02
9.55971680e-02
9.77513558e-02
9.74179395e-02
9.49915179e-02
9.62734089e-02
9.50298952e-02
9.55407345e-02
9.62118948e-02
9.77545880e-02
9.53657586e-02
9.70078397e-02
9.63305219e-02
9.49850483e-02
9.51964385e-02
9.64728274e-02
9.66309908e-02
9.42019516e-02
9.76776733e-02
9.47775028e-02
9.66186157e-02
9.51013080e-02
9.69495184e-02
9.60186973e-02
9.67978876e-02
9.45149537e-02
9.58342275e-02
9.66174653e-02
9.32575682e-02
9.65935616e-02
9.67493027e-02
9.41862174e-02
9.67502717e-02
9.74418772e-02
9.59138359e-02
9.72335955e-02
9.53788742e-02
9.64017480e-02
9.77344408e-02
9.76221496e-02
9.64570211e-02
9.56690720e-02
9.69925501e-02
9.74490943e-02
9.88243531e-02
9.58603612e-02
9.71541957e-02
9.58621638e-02
9.72611863e-02
9.69559199e-02
9.82960159e-02
9.54921031e-02
9.60876549e-02
9.62342102e-02
9.50147079e-02
9.72649706e-02
9.63668378e-02
9.68432235e-02
9.71862856e-02
9.71410407e-02
9.54983807e-02
9.63336786e-02
9.70854757e-02
9.46294504e-02
9.55797578e-02
9.62681437e-02
9.85243771e-02
9.71552798e-02
9.50273613e-02
9.49286391e-02
9.73270224e-02
9.73163964e-02
9.58278326e-02
9.72963723e-02
9.71286445e-02
9.84708717e-02
9.71921345e-02
9.66472693e-02
9.56881484e-02
9.67697874e-02
9.67282258e-02
9.65589420e-02
9.52448587e-02
9.91085294e-02
9.66518783e-02
9.83227891e-02
9.86513590e-02
9.43609216e-02
9.55182048e-02
9.79378262e-02
9.75219678e-02
9.49900181e-02
9.71684293e-02
9.82382613e-02
9.69536073e-02
9.71098238e-02
9.63630781e-02
9.48043448e-02
9.71046235e-02
9.36762972e-02
9.37633747e-02
9.61839730e-02
9.45388613e-02
9.49951407e-02
9.80148799e-02
9.57462469e-02
9.68740588e-02
9.55608565e-02
9.57709509e-02
9.60927247e-02
9.64966716e-02
9.56420632e-02
9.60563648e-02
9.38833597e-02
9.63260854e-02
9.81992973e-02
9.78403684e-02
9.77345178e-02
9.61481449e-02
9.81664098e-02
9.53736340e-02
9.52132037e-02
9.59670238e-02
9.57511535e-02
9.63234380e-02
9.43819395e-02
9.60232704e-02
9.63419662e-02
9.56042169e-02
9.60795666e-02
9.72029109e-02
9.52639579e-02
9.75664813e-02
9.67739443e-02
9.44179274e-02
9.89429370e-02
9.70918009e-02
9.69492091e-02
9.62642758e-02
9.63214708e-02
9.72126479e-02
9.53597265e-02
9.67685201e-02
9.82547255e-02
9.70488227e-02
9.76325375e-02
9.54887799e-02
9.50845977e-02
9.60144583e-02
9.68642910e-02
9.54332227e-02
9.59847382e-02
9.68341047e-02
9.60119190e-02
9.72153912e-02
9.51256397e-02
9.43537256e-02
9.56652029e-02
9.85489673e-02
9.65754694e-02
9.72605838e-02
9.77061984e-02
9.67563072e-02
9.55107956e-02
9.75886178e-02
9.53846035e-02
9.91940456e-02
9.82950814e-02
9.62707259e-02
9.62617379e-02
9.59539857e-02
9.67496044e-02
9.59232535e-02
9.72061021e-02
9.80921465e-02
9.62527948e-02
9.78236603e-02
9.64849691e-02
9.81097083e-02
9.98857448e-02
9.69081510e-02
9.66867341e-02
9.74493121e-02
9.62708684e-02
9.73746315e-02
9.52390447e-02
9.76528754e-02
9.79496685e-02
9.83307095e-02
9.58502826e-02
9.70967867e-02
9.47330423e-02
9.58356591e-02
9.57439241e-02
9.59240130e-02
9.67315508e-02
9.66081248e-02
9.50770382e-02
9.80451838e-02
9.85112715e-02
9.62634071e-02
9.74325882e-02
9.44794574e-02
9.58114688e-02
9.69127670e-02
9.50319541e-02
9.72391884e-02
9.84191442e-02
9.79169875e-02
9.74054479e-02
9.81750801e-02
9.51061640e-02
9.63654829e-02
9.81700716e-02
9.68593591e-02
9.54880875e-02
9.64378263e-02
9.69515720e-02
9.69423853e-02
9.75792619e-02
9.63730253e-02
9.77668541e-02
9.74469245e-02
9.71439053e-02
9.55854918e-02
9.57488927e-02
9.66910965e-02
9.67974297e-02
9.79784860e-02
9.52797877e-02
9.55081364e-02
9.66224711e-02
9.65974105e-02
9.71296486e-02
9.79075151e-02
9.54425086e-02
9.73948727e-02
9.61136836e-02
9.64928051e-02
9.75204353e-02
9.55060749e-02
9.66518789e-02
9.62263801e-02
9.50750205e-02
9.59675157e-02
9.57721129e-02
9.81802117e-02
9.45746808e-02
9.48033844e-02
9.87020595e-02
9.57716640e-02
9.64895935e-02
9.88625667e-02
9.77062837e-02
9.76452212e-02
9.65270479e-02
9.71119357e-02
9.54695007e-02
9.80357944e-02
9.56396368e-02
9.68004607e-02
9.59299025e-02
9.48333449e-02
9.83428330e-02
9.68017073e-02
9.60966854e-02
9.68397554e-02
9.52689481e-02
9.59230906e-02
9.60174457e-02
9.55246392e-02
9.64223421e-02
9.50211000e-02
9.73600564e-02
9.63146040e-02
9.68585171e-02
9.64597127e-02
9.62597649e-02
9.68126526e-02
9.60012595e-02
9.53886799e-02
9.45927893e-02
9.71573028e-02
9.57433465e-02
9.34487135e-02
9.69188696e-02
9.47847506e-02
9.51639967e-02
9.56015418e-02
9.57769123e-02
9.61129300e-02
9.73979365e-02
9.82357340e-02
9.84392389e-02
9.66454832e-02
9.57732827e-02
9.58098330e-02
9.63799158e-02
9.53528056e-02
9.56125381e-02
9.62040257e-02
9.73610570e-02
9.73025045e-02
9.70055211e-02
9.71613946e-02
9.66710072e-02
9.71294290e-02
9.59415542e-02
9.72676438e-02
9.72276643e-02
9.49390126e-02
9.65736406e-02
9.72884066e-02
9.72140168e-02
9.75910868e-02
9.55168331e-02
9.69209518e-02
9.66864865e-02
9.74475595e-02
9.80490642e-02
9.77025318e-02
9.73997738e-02
9.46902085e-02
9.66327463e-02
9.67358199e-02
9.68089713e-02
9.68637904e-02
9.63572579e-02
9.49505250e-02
9.50162127e-02
9.67814901e-02
1.00083680e-01
9.74445667e-02
9.58724754e-02
9.87581490e-02
9.59617550e-02
9.94083821e-02
9.51438562e-02
9.60709943e-02
9.61180386e-02
9.64462616e-02
9.65724868e-02
9.70432555e-02
9.78435956e-02
9.60259014e-02
9.72624733e-02
9.76079515e-02
9.76810345e-02
9.64109110e-02
9.81976587e-02
9.81331273e-02
9.88152534e-02
9.61725779e-02
9.63651250e-02
9.69255963e-02
9.67847868e-02
9.80030886e-02
9.66023743e-02
9.59752740e-02
9.69191240e-02
9.60560496e-02
9.78776166e-02
9.96629175e-02
9.83659310e-02
9.68494240e-02
9.59458212e-02
9.83273306e-02
9.82815852e-02
9.83118875e-02
9.88563238e-02
9.46898226e-02
9.66312169e-02
9.57661093e-02
9.67840950e-02
9.93193912e-02
9.72176451e-02
9.46940838e-02
9.68275848e-02
9.64085916e-02
9.61998289e-02
9.81269463e-02
9.64988092e-02
9.78706103e-02
9.75421045e-02
9.55371876e-02
9.65409010e-02
9.73891065e-02
9.81035382e-02
9.84600615e-02
9.37522220e-02
9.60494832e-02
9.55207932e-02
9.78421148e-02
9.73534461e-02
9.59079523e-02
9.56581037e-02
9.78323758e-02
9.57197489e-02
9.66975602e-02
9.65032482e-02
1.00480063e-01
9.73186899e-02
9.60171407e-02
9.65362194e-02
9.57716459e-02
9.67843920e-02
9.29429428e-02
9.61359812e-02
9.74265401e-02
9.67288545e-02
9.58212366e-02
9.62197298e-02
9.89295738e-02
9.64107965e-02
9.74653537e-02
9.68358241e-02
9.69789324e-02
9.62327917e-02
9.32046608e-02
9.69285502e-02
9.88946351e-02
9.65462879e-02
9.67496327e-02
9.83266262e-02
9.46935850e-02
9.73657460e-02
9.62445357e-02
9.81766828e-02
9.55263610e-02
9.71058407e-02
9.52120268e-02
9.74436929e-02
9.50339109e-02
9.68366885e-02
9.66395829e-02
9.67788290e-02
9.70602452e-02
9.83907214e-02
9.61965537e-02
9.73485817e-02
9.65938405e-02
9.88963375e-02
9.55776997e-02
9.57195367e-02
9.76284193e-02
9.63963982e-02
9.53987751e-02
9.60473372e-02
9.51214022e-02
9.88559123e-02
9.37326549e-02
9.69230595e-02
9.65206362e-02
9.64134412e-02
9.70196861e-02
9.64733369e-02
9.77751719e-02
9.62989021e-02
9.53191071e-02
9.51642913e-02
9.77833460e-02
9.81469445e-02
9.79460661e-02
9.79037687e-02
9.80213055e-02
9.66036872e-02
9.87239981e-02
9.87424458e-02
9.59686338e-02
9.73336533e-02
9.79889583e-02
9.41994041e-02
9.62324189e-02
9.57186725e-02
1.00371068e-01
9.87709303e-02
9.50217501e-02
9.89841504e-02
9.70769313e-02
9.72378909e-02
9.58767958e-02
9.74081198e-02
9.42950019e-02
9.64632418e-02
9.66921618e-02
9.69092617e-02
9.75277447e-02
9.62087969e-02
9.53305431e-02
9.70151667e-02
9.67063410e-02
9.64477505e-02
9.85951602e-02
9.61290395e-02
9.62963571e-02
1.00224136e-01
9.58152595e-02
9.66960937e-02
9.56203994e-02
9.83318251e-02
9.79213767e-02
9.77832176e-02
9.83877260e-02
9.56696647e-02
9.75413934e-02
9.59641674e-02
9.85634304e-02
9.47175853e-02
9.60955497e-02
9.74551818e-02
9.72652917e-02
9.44926649e-02
9.49015222e-02
9.53566064e-02
9.73959818e-02
9.66115057e-02
9.59585315e-02
9.62285363e-02
9.78698627e-02
9.76258242e-02
9.76813930e-02
9.69628196e-02
9.88156397e-02
9.71709540e-02
9.35957992e-02
9.67603718e-02
9.54974300e-02
9.65507453e-02
9.57230013e-02
9.69090408e-02
9.55036548e-02
9.59894206e-02
9.79532204e-02
9.76519373e-02
9.82080991e-02
9.72479095e-02
9.66649371e-02
9.96146674e-02
9.69000066e-02
9.64606492e-02
9.79749832e-02
9.46731020e-02
9.58056475e-02
9.50776630e-02
9.81216732e-02
9.67160590e-02
9.51511092e-02
9.52701706e-02
9.84923498e-02
9.59419678e-02
9.66497523e-02
9.59601625e-02
9.53303625e-02
9.66302134e-02
9.59016636e-02
9.63149853e-02
9.69420842e-02
9.82272890e-02
9.60122192e-02
9.60584677e-02
9.72395026e-02
9.64341855e-02
9.62969517e-02
9.65954393e-02
9.66199914e-02
9.48344605e-02
9.64877336e-02
9.48231354e-02
9.62627295e-02
9.56463538e-02
9.47309249e-02
9.63166564e-02
9.68375867e-02
9.81318837e-02
9.81425295e-02
9.59566185e-02
9.64953585e-02
9.74915351e-02
9.73404097e-02
9.54778725e-02
9.60423592e-02
9.66471179e-02
9.63136697e-02
9.83380334e-02
9.55308319e-02
9.63007658e-02
9.88330070e-02
9.48039651e-02
9.75486281e-02
9.83719433e-02
9.55902241e-02
9.67703997e-02
9.82839287e-02
9.83227262e-02
9.59300390e-02
9.48453331e-02
9.77676848e-02
9.77205958e-02
9.80493706e-02
9.69051550e-02
9.62621173e-02
9.57293785e-02
9.64352508e-02
9.74053889e-02
9.62628281e-02
9.46627600e-02
9.59876138e-02
9.46048528e-02
9.68961407e-02
9.78431089e-02
9.56706290e-02
9.62559560e-02
9.63572100e-02
9.51110361e-02
9.67729586e-02
9.82635006e-02
9.59356347e-02
9.73416011e-02
9.79453918e-02
9.66747130e-02
9.82924263e-02
9.84334231e-02
9.58494068e-02
9.74918014e-02
9.74597023e-02
9.61364766e-02
9.77202748e-02
9.64677793e-02
9.90572353e-02
9.80422027e-02
9.66688125e-02
9.59634522e-02
9.61791466e-02
9.51295370e-02
9.61125946e-02
9.71834816e-02
9.61935182e-02
9.49573347e-02
9.49283374e-02
9.72985473e-02
9.59472129e-02
9.61592997e-02
9.55302289e-02
9.59750967e-02
9.70069171e-02
9.59363718e-02
9.76888189e-02
9.69469584e-02
9.57023541e-02
9.77111174e-02
9.52262720e-02
9.73393242e-02
9.43994585e-02
9.75941320e-02
9.59755183e-02
9.71132031e-02
9.76186392e-02
9.80807634e-02
9.65771126e-02
9.34671238e-02
9.67634864e-02
9.62727607e-02
9.59809553e-02
9.71233303e-02
9.56477961e-02
9.73214824e-02
9.56712053e-02
9.62988328e-02
9.83101600e-02
9.59323954e-02
9.68024726e-02
9.56179376e-02
9.66561738e-02
9.60430801e-02
9.67990995e-02
9.66528790e-02
9.66653899e-02
9.67023558e-02
9.58985466e-02
9.53026656e-02
9.65021868e-02
9.65897184e-02
9.85192221e-02
9.61158540e-02
9.48712424e-02
9.64562006e-02
9.49339128e-02
9.69196634e-02
9.58550849e-02
9.41728210e-02
9.69766930e-02
9.46628217e-02
9.72064840e-02
9.65441335e-02
9.60307822e-02
9.83055660e-02
9.37337706e-02
9.60584745e-02
9.62075027e-02
9.46235621e-02
9.67244344e-02
9.65585403e-02
9.46184790e-02
9.80916461e-02
9.68700417e-02
9.85571171e-02
9.59148049e-02
9.60745255e-02
9.69522700e-02
9.71440470e-02
9.71070523e-02
9.64412960e-02
9.56435056e-02
9.63888700e-02
9.48558847e-02
9.82476445e-02
9.87674923e-02
9.85077232e-02
9.68202301e-02
9.53106791e-02
9.81282666e-02
9.86101524e-02
9.76475480e-02
9.77512405e-02
9.79026022e-02
9.92569116e-02
9.76151400e-02
9.58321073e-02
1.00104453e-01
9.60888936e-02
9.37907515e-02
9.72915067e-02
9.75265618e-02
9.61967720e-02
9.59627828e-02
9.64897685e-02
9.70751865e-02
9.59857740e-02
9.70892525e-02
9.85228288e-02
9.49568458e-02
9.67377872e-02
9.70465028e-02
9.53769317e-02
9.66646970e-02
9.66441474e-02
9.35752734e-02
9.63435056e-02
9.52169186e-02
9.40022261e-02
9.52333444e-02
9.62104610e-02
9.48131457e-02
9.77852608e-02
9.66816325e-02
9.68869134e-02
9.64645497e-02
9.91608667e-02
9.59917058e-02
9.86735808e-02
9.80839454e-02
9.71590453e-02
9.65655045e-02
9.68861084e-02
9.58367712e-02
9.73784620e-02
9.50840542e-02
9.74519454e-02
9.73796338e-02
9.67501508e-02
9.63263473e-02
9.53084114e-02
9.63046981e-02
9.65249113e-02
9.68718432e-02
9.78692341e-02
9.44814989e-02
9.62602273e-02
9.65501273e-02
9.63451918e-02
9.67636262e-02
9.59478378e-02
9.87718884e-02
9.57631427e-02
9.75553449e-02
9.85378668e-02
9.71985352e-02
9.73570486e-02
9.86233572e-02
9.69455029e-02
9.87926167e-02
9.53404725e-02
9.50440505e-02
9.31290652e-02
9.70141300e-02
9.71725110e-02
9.64892044e-02
9.42011801e-02
9.63450649e-02
9.44835370e-02
9.75355200e-02
9.69106441e-02
9.64249219e-02
9.51522997e-02
9.60852359e-02
9.48124876e-02
9.73877156e-02
9.70591150e-02
9.45238132e-02
9.81282748e-02
9.59001623e-02
9.67496365e-02
9.54666728e-02
9.81069885e-02
9.53896981e-02
9.97007830e-02
9.63249672e-02
9.53735069e-02
9.78258549e-02
9.86410189e-02
9.62210937e-02
9.51392637e-02
9.40698211e-02
9.56167066e-02
9.52564851e-02
9.88644831e-02
9.64544197e-02
9.83200844e-02
9.62242832e-02
9.61129908e-02
9.79631613e-02
9.64607728e-02
9.47503112e-02
9.68419308e-02
9.68031410e-02
9.68918128e-02
9.72068329e-02
9.48922553e-02
9.57804386e-02
9.83972265e-02
9.45470927e-02
9.59489137e-02
9.48984531e-02
9.66781002e-02
9.56523211e-02
9.57104666e-02
9.94616861e-02
9.80332127e-02
9.77739657e-02
9.70269206e-02
9.53017707e-02
9.55959522e-02
9.66307179e-02
9.56390078e-02
9.67147572e-02
9.94906028e-02
9.96404146e-02
9.72044371e-02
9.38602479e-02
9.59057999e-02
9.63590221e-02
9.68088553e-02
9.60914034e-02
9.51651835e-02
9.68030572e-02
9.61239346e-02
9.55109773e-02
9.63388091e-02
9.83056573e-02
9.80240981e-02
9.54109861e-02
9.76003486e-02
9.68900169e-02
9.61339949e-02
9.72828375e-02
9.56899637e-02
9.78255781e-02
9.50363380e-02
9.35896537e-02
9.74664604e-02
9.87850958e-02
9.71859676e-02
9.51932453e-02
9.84993433e-02
9.74592815e-02
9.52441280e-02
9.65547510e-02
9.55595315e-02
9.67535286e-02
9.77074762e-02
9.89360153e-02
9.54004541e-02
9.51098155e-02
9.48087308e-02
9.89178282e-02
9.61444310e-02
9.70077990e-02
9.66565319e-02
9.55373169e-02
9.62672353e-02
9.63972078e-02
9.72977412e-02
9.75829906e-02
9.82180209e-02
9.65530874e-02
9.54686939e-02
9.81697459e-02
9.30722710e-02
9.62027668e-02
9.67941739e-02
9.64842150e-02
9.60296084e-02
9.45871951e-02
9.54628271e-02
9.72651925e-02
9.65427217e-02
9.75195814e-02
9.74843455e-02
9.58349365e-02
9.51266626e-02
9.46919348e-02
9.77629168e-02
9.63548060e-02
9.77100904e-02
9.60430582e-02
9.70540652e-02
9.82829058e-02
9.75725076e-02
9.64269944e-02
9.83144414e-02
9.68402301e-02
9.74786420e-02
9.81169955e-02
9.66187910e-02
9.64025925e-02
9.92362329e-02
9.82507639e-02
9.60582747e-02
9.42765353e-02
9.78868110e-02
9.64995968e-02
9.83555198e-02
9.74552891e-02
9.80990437e-02
9.67195142e-02
9.49490372e-02
9.53558917e-02
9.59937937e-02
9.80777637e-02
9.51029659e-02
9.72962009e-02
9.72393391e-02
9.71057285e-02
9.76231442e-02
9.66633918e-02
9.77221479e-02
9.73723123e-02
9.57731606e-02
9.59751203e-02
9.66051909e-02
9.42060346e-02
9.69584304e-02
9.84809772e-02
9.56571946e-02
9.70361355e-02
9.76079905e-02
9.67549677e-02
9.54601785e-02
9.57254578e-02
9.59359445e-02
9.60796108e-02
9.72528931e-02
9.68212365e-02
9.75740268e-02
9.72405110e-02
9.59143461e-02
9.73204807e-02
9.99177507e-02
9.71982343e-02
9.77779196e-02
9.71138567e-02
9.61407044e-02
9.58975089e-02
9.62030439e-02
9.54796923e-02
9.65897360e-02
9.65079176e-02
9.90537469e-02
9.68006884e-02
9.59651240e-02
9.71213650e-02
9.58388491e-02
9.78725977e-02
9.64161470e-02
9.65510423e-02
9.57301387e-02
9.53716811e-02
9.96263009e-02
9.68380077e-02
9.62715548e-02
9.88958804e-02
9.67785123e-02
9.49408128e-02
9.71298533e-02
9.56054189e-02
9.55901183e-02
9.75421392e-02
9.66186166e-02
9.49813779e-02
9.70276838e-02
9.49819135e-02
9.76735874e-02
9.56047944e-02
9.80696136e-02
9.73770935e-02
9.55553843e-02
9.62438291e-02
9.60760314e-02
9.57913788e-02
9.60935787e-02
9.70256062e-02
9.59880045e-02
9.51067394e-02
9.76906984e-02
9.61569056e-02
9.58781387e-02
9.65241354e-02
9.78634534e-02
9.85102789e-02
9.53716625e-02
9.46092723e-02
9.78375832e-02
9.79667852e-02
9.61202164e-02
9.69015555e-02
9.49593381e-02
9.71628060e-02
9.59245862e-02
9.71943708e-02
9.68649103e-02
9.81778971e-02
9.74890339e-02
9.74601870e-02
9.46960844e-02
9.94809249e-02
9.70140441e-02
9.64059137e-02
9.56697513e-02
9.82137403e-02
9.64792083e-02
9.84270931e-02
9.80147780e-02
9.40984996e-02
9.93503072e-02
9.41171896e-02
9.63196521e-02
9.40671318e-02
9.69024078e-02
9.57401724e-02
9.49824764e-02
9.44318017e-02
9.84874365e-02
9.69504194e-02
9.62693301e-02
9.59341283e-02
9.61336372e-02
9.59169735e-02
9.55184285e-02
9.51324918e-02
9.58811653e-02
9.55045185e-02
9.88849850e-02
9.80753713e-02
9.62632302e-02
9.47931516e-02
9.59857597e-02
9.87007515e-02
9.60338386e-02
9.70429143e-02
9.70651681e-02
9.44680108e-02
9.65715531e-02
9.61649050e-02
9.48302127e-02
9.85965761e-02
9.57525765e-02
9.66054732e-02
9.99865828e-02
9.54627881e-02
9.58644915e-02
9.50378374e-02
9.64879361e-02
9.46240478e-02
9.56480537e-02
9.47367638e-02
9.57569194e-02
9.70941002e-02
9.71634495e-02
9.76480602e-02
9.65465641e-02
9.59885178e-02
9.72402525e-02
9.46565011e-02
9.60430411e-02
9.69396146e-02
9.60763343e-02
9.65973000e-02
9.80944633e-02
9.80493233e-02
9.56972278e-02
9.83556918e-02
9.68593094e-02
9.50448238e-02
9.63695296e-02
9.62031493e-02
9.45207488e-02
9.72405228e-02
9.84143799e-02
1.00175870e-01
9.73422518e-02
9.59057409e-02
9.66813322e-02
9.81249976e-02
9.87515802e-02
9.45953922e-02
9.53062086e-02
9.56779151e-02
9.75020478e-02
9.72636190e-02
9.76743703e-02
9.59375679e-02
9.73481884e-02
9.58378218e-02
9.76141645e-02
9.40492842e-02
9.62002676e-02
9.64631240e-02
9.67058329e-02
9.69049153e-02
9.65609529e-02
9.83275393e-02
9.50953510e-02
9.68619736e-02
9.50521984e-02
9.67826254e-02
9.74090745e-02
9.78639497e-02
9.62745152e-02
9.54552625e-02
9.71676234e-02
9.92022520e-02
9.70438860e-02
9.37733711e-02
9.61504891e-02
9.46607744e-02
9.70171267e-02
9.88093206e-02
9.67780445e-02
9.65682393e-02
9.69009236e-02
9.88823029e-02
9.86813452e-02
9.41294802e-02
9.64917346e-02
9.56902008e-02
9.59771292e-02
9.65775340e-02
9.57309064e-02
9.58627423e-02
9.52381389e-02
9.79543396e-02
9.55007969e-02
9.66302430e-02
9.64070414e-02
9.49027604e-02
9.62989007e-02
9.81164887e-02
9.75069018e-02
9.60971921e-02
9.50503373e-02
9.57366473e-02
9.77403435e-02
9.74657309e-02
9.68917575e-02
9.66800089e-02
9.97880262e-02
9.92177757e-02
9.52203485e-02
9.74879012e-02
9.69725502e-02
9.42008045e-02
9.68518884e-02
9.68786942e-02
9.76614126e-02
9.72708595e-02
9.67375837e-02
9.47261767e-02
9.74616044e-02
9.56307306e-02
9.63452301e-02
9.51063671e-02
9.51710998e-02
9.53171974e-02
9.54316974e-02
9.73141474e-02
9.90139516e-02
9.63320780e-02
9.53819180e-02
9.66758835e-02
9.54905591e-02
9.86757924e-02
9.69192837e-02
9.73339955e-02
9.75031695e-02
9.53391858e-02
9.76435260e-02
9.58990548e-02
9.65240374e-02
9.79888459e-02
9.63407881e-02
9.56552293e-02
9.55351028e-02
9.41409229e-02
9.66136853e-02
9.67127431e-02
9.61437553e-02
9.77787371e-02
9.66395836e-02
9.89614243e-02
9.74595349e-02
9.62833616e-02
9.44700000e-02
9.69272556e-02
9.64183965e-02
9.64881387e-02
9.74157810e-02
9.71412490e-02
9.77266474e-02
9.72494114e-02
9.60275257e-02
9.74052252e-02
9.64150064e-02
9.60285701e-02
9.53749975e-02
9.50205525e-02
9.58521709e-02
9.90121112e-02
9.53062427e-02
9.74104142e-02
9.70072678e-02
9.62913225e-02
9.74785396e-02
9.60516529e-02
9.85937537e-02
9.96206426e-02
9.61006142e-02
9.46888211e-02
9.70546313e-02
9.66709205e-02
9.61701817e-02
9.46045474e-02
9.77194808e-02
9.45782833e-02
9.57925673e-02
9.63521334e-02
9.51068417e-02
9.79597348e-02
9.72846842e-02
9.97392756e-02
9.66300179e-02
9.78997394e-02
9.60112980e-02
9.84101824e-02
9.57173266e-02
9.72868875e-02
9.45647385e-02
9.74224519e-02
9.68819545e-02
9.70111907e-02
9.58313838e-02
9.81543082e-02
9.60916328e-02
9.75500930e-02
9.56052189e-02
9.39200018e-02
9.47758170e-02
9.62400141e-02
9.79936348e-02
9.76202478e-02
9.52642429e-02
9.68554431e-02
9.79376486e-02
9.78994194e-02
9.48542891e-02
9.39196789e-02
9.80299615e-02
9.79072081e-02
9.60086829e-02
9.63749353e-02
9.73196744e-02
9.69709882e-02
9.47114257e-02
9.42123640e-02
9.70293545e-02
9.68593343e-02
9.52931992e-02
9.56220482e-02
9.94932750e-02
9.53801234e-02
9.63565035e-02
9.58091431e-02
9.82167154e-02
9.71915288e-02
9.73909844e-02
9.50290796e-02
9.52380722e-02
9.79391652e-02
9.64214799e-02
9.89210554e-02
9.75286106e-02
9.78388617e-02
9.55144015e-02
9.69578948e-02
9.64818416e-02
9.65974239e-02
9.69017017e-02
9.85866646e-02
9.68916114e-02
9.60826046e-02
9.50907407e-02
9.70067691e-02
9.70869013e-02
9.68709463e-02
9.66630947e-02
9.35470589e-02
9.59667474e-02
9.85450036e-02
9.56641807e-02
9.52322901e-02
9.57482234e-02
9.48647441e-02
9.59412311e-02
9.40435865e-02
9.85110309e-02
9.69590839e-02
9.61396700e-02
9.65108539e-02
9.81502254e-02
9.71836649e-02
9.62981417e-02
9.49933639e-02
9.59593970e-02
9.52122153e-02
9.89724007e-02
9.68597904e-02
9.76077136e-02
9.67202486e-02
9.55026969e-02
9.82013086e-02
9.81807844e-02
9.52192008e-02
9.85388566e-02
9.46279247e-02
9.61843438e-02
9.71031602e-02
9.81998109e-02
9.56108088e-02
9.69494938e-02
9.82506482e-02
9.49291818e-02
9.60069126e-02
9.68054592e-02
9.72277256e-02
9.70082526e-02
9.71027549e-02
9.53079726e-02
9.62594029e-02
9.78692274e-02
9.79044329e-02
9.68332305e-02
9.55329759e-02
9.63668603e-02
9.61244610e-02
9.57294900e-02
9.65505789e-02
9.50252808e-02
9.58266018e-02
9.77212251e-02
9.62300409e-02
9.87212530e-02
9.72062260e-02
9.65355058e-02
9.76931832e-02
9.80814032e-02
9.42737632e-02
9.72869160e-02
9.75329085e-02
9.69379800e-02
9.57653689e-02
9.64743307e-02
9.77127336e-02
9.53321443e-02
9.78417029e-02
9.72965123e-02
9.71212855e-02
9.45795130e-02
9.51397088e-02
1.00163895e-01
9.75830010e-02
9.66129763e-02
9.71780288e-02
9.57945898e-02
9.62973919e-02
9.71541501e-02
9.57667167e-02
9.68414508e-02
9.63701552e-02
9.66490234e-02
9.52349043e-02
9.60563358e-02
9.70676873e-02
9.56728280e-02
9.51063613e-02
9.68642422e-02
9.50046324e-02
9.34177700e-02
9.62869830e-02
9.69392743e-02
9.96412931e-02
9.69274382e-02
9.72672452e-02
9.43907624e-02
9.85276862e-02
9.69635940e-02
9.68110730e-02
9.56662282e-02
9.58102909e-02
9.75048208e-02
9.75639611e-02
9.80886129e-02
9.60683077e-02
9.64000762e-02
9.64555994e-02
9.69348246e-02
9.67403935e-02
9.89112246e-02
9.67376768e-02
9.58272332e-02
9.65764092e-02
9.94421263e-02
9.57805046e-02
9.73771238e-02
9.55933806e-02
9.42455676e-02
9.63693272e-02
9.74740457e-02
9.64209800e-02
9.71198280e-02
9.78118707e-02
9.41622529e-02
9.60247863e-02
9.68407041e-02
9.71848204e-02
9.64621191e-02
9.69206526e-02
9.60235479e-02
9.46365307e-02
9.54127343e-02
9.58158512e-02
9.51887203e-02
9.61486180e-02
9.46307441e-02
9.71088284e-02
9.55631529e-02
9.44555022e-02
9.54447618e-02
9.72689710e-02
9.75550929e-02
9.60116613e-02
9.62652125e-02
9.53614185e-02
9.67286003e-02
9.55898182e-02
9.57024631e-02
9.61588675e-02
9.56367101e-02
9.68336602e-02
9.71274177e-02
9.81204261e-02
9.64811741e-02
9.63230936e-02
9.63361410e-02
9.71715090e-02
9.65951095e-02
9.79862043e-02
9.66863361e-02
9.44189829e-02
9.49284474e-02
9.85601060e-02
9.75721058e-02
9.91598945e-02
9.69686342e-02
9.67775697e-02
9.51748931e-02
9.65888079e-02
9.53928662e-02
9.64224024e-02
9.41622039e-02
9.55197181e-02
9.76395483e-02
9.60275706e-02
9.52280891e-02
9.65180129e-02
9.53736538e-02
9.64318680e-02
9.78295816e-02
9.76724696e-02
9.87720907e-02
9.74838518e-02
9.69100568e-02
9.76099232e-02
9.74046366e-02
9.58843546e-02
9.64883494e-02
9.81082417e-02
9.50714435e-02
9.60310574e-02
9.49403881e-02
9.82928392e-02
9.66844798e-02
9.76424661e-02
9.72869948e-02
9.49819791e-02
9.77577865e-02
9.68482658e-02
9.58083519e-02
9.82144246e-02
9.62372903e-02
9.78905701e-02
9.65192641e-02
9.62906362e-02
9.76343545e-02
9.56487898e-02
9.90228588e-02
9.48774417e-02
9.85362615e-02
9.88134406e-02
9.54102396e-02
9.62296521e-02
9.42531974e-02
9.59011032e-02
9.46374850e-02
9.82847920e-02
9.41439717e-02
9.94402830e-02
9.81087409e-02
9.76410672e-02
9.66304561e-02
9.54462709e-02
9.71893394e-02
9.84469283e-02
9.71845450e-02
9.61777766e-02
9.64328623e-02
9.52104116e-02
9.71080703e-02
9.70769383e-02
9.80055120e-02
9.61235276e-02
9.82206673e-02
9.68143251e-02
9.53553467e-02
9.75155063e-02
9.66522557e-02
9.66021183e-02
9.57993090e-02
9.66805707e-02
9.62323948e-02
9.71526197e-02
9.64310424e-02
9.83311407e-02
9.68448471e-02
9.71568018e-02
9.51883012e-02
9.50231047e-02
9.55478633e-02
9.43305146e-02
9.56598041e-02
9.74405957e-02
9.67593543e-02
9.77775946e-02
9.41867856e-02
9.66012499e-02
9.59742978e-02
9.69505009e-02
9.65116614e-02
9.42850292e-02
9.47169232e-02
9.65480319e-02
9.90437943e-02
9.73205972e-02
9.76105153e-02
9.76828844e-02
9.59055349e-02
9.68652433e-02
9.62695680e-02
9.84940398e-02
9.73011288e-02
9.70648584e-02
9.75887799e-02
9.45842398e-02
9.61032696e-02
9.88223906e-02
9.84499477e-02
9.63913049e-02
9.61340747e-02
9.58878688e-02
9.79965445e-02
9.59816603e-02
9.50381283e-02
9.83925075e-02
9.74430844e-02
9.46703755e-02
9.87078517e-02
9.50728742e-02
9.67288101e-02
9.56850961e-02
9.45342825e-02
9.66963249e-02
9.70827709e-02
9.72326023e-02
9.72008193e-02
9.72731388e-02
9.55290414e-02
9.53406709e-02
9.80528160e-02
9.87376364e-02
9.81274287e-02
9.79226219e-02
9.71530705e-02
9.56936152e-02
9.80153646e-02
9.87220194e-02
9.53090672e-02
9.78451518e-02
9.52237485e-02
9.76299349e-02
9.82063756e-02
9.76755431e-02
9.74371733e-02
9.63867228e-02
9.62272180e-02
9.64018363e-02
9.78799914e-02
9.64832948e-02
9.74353018e-02
9.78925487e-02
9.67889419e-02
9.68548872e-02
9.74311524e-02
9.65417617e-02
9.57168991e-02
9.69654940e-02
9.52244100e-02
9.66716583e-02
9.71316310e-02
9.56538571e-02
9.71525292e-02
9.73114137e-02
9.54939955e-02
9.64106099e-02
9.55010440e-02
9.62800376e-02
9.96331643e-02
9.79053459e-02
9.70379730e-02
9.84088883e-02
9.54846635e-02
9.54724423e-02
9.92235592e-02
9.76630456e-02
9.66695726e-02
9.69360281e-02
9.78339209e-02
9.70576053e-02
9.63377227e-02
9.46915898e-02
9.79781756e-02
9.61450131e-02
9.83707281e-02
9.52341995e-02
9.59152800e-02
9.44216088e-02
9.59753142e-02
9.67457474e-02
9.55655365e-02
9.68280868e-02
9.75117990e-02
9.61259728e-02
9.77918778e-02
9.78290838e-02
9.91708470e-02
9.47488354e-02
9.47160188e-02
9.71589884e-02
9.66091431e-02
9.59441633e-02
9.74528084e-02
9.74593449e-02
9.73860350e-02
9.68052344e-02
9.45898080e-02
9.64850128e-02
9.60219332e-02
9.67983601e-02
9.77995318e-02
9.53559467e-02
9.72585820e-02
9.79480031e-02
9.78376000e-02
9.66664659e-02
9.52607043e-02
9.52083280e-02
9.76403896e-02
9.54511815e-02
9.46316623e-02
9.82893242e-02
9.70351672e-02
9.61579647e-02
9.83838363e-02
9.61716037e-02
9.71813344e-02
9.45923954e-02
9.46942428e-02
9.57781523e-02
9.55978329e-02
9.63506811e-02
9.58599716e-02
9.65944479e-02
9.61082211e-02
9.44251283e-02
9.35379602e-02
9.51175176e-02
9.64744999e-02
9.76321949e-02
9.66136537e-02
9.58069330e-02
9.86539231e-02
9.72476250e-02
9.57855928e-02
9.56603494e-02
9.68713771e-02
9.69639597e-02
9.80122326e-02
9.57521790e-02
9.68730254e-02
9.46257166e-02
9.62769251e-02
9.80528443e-02
9.67747987e-02
9.46005694e-02
9.51507313e-02
9.46629459e-02
9.63948771e-02
9.63452411e-02
9.67341262e-02
9.83639387e-02
9.57340377e-02
9.74148927e-02
9.84120016e-02
9.71964135e-02
9.82777304e-02
9.72511357e-02
9.86530807e-02
9.66027941e-02
9.66051705e-02
9.58567123e-02
9.73843763e-02
9.62551342e-02
9.64233516e-02
9.88410227e-02
9.76997204e-02
9.84595191e-02
9.64640318e-02
9.79969702e-02
9.72879924e-02
9.51429692e-02
9.48471812e-02
9.58615237e-02
9.53988644e-02
9.59784168e-02
9.72163981e-02
9.54803002e-02
9.71934927e-02
9.71685975e-02
9.54639798e-02
9.74864593e-02
9.68228136e-02
9.64836816e-02
9.65262555e-02
9.65720244e-02
9.73641007e-02
9.79475783e-02
9.37895805e-02
9.62753321e-02
9.60208122e-02
9.70878596e-02
9.49115949e-02
9.57565591e-02
9.51182603e-02
9.61338364e-02
9.73277610e-02
9.68075318e-02
9.64101952e-02
9.78675896e-02
9.76760260e-02
9.71580373e-02
9.63392163e-02
9.48985871e-02
9.76308121e-02
9.69064209e-02
9.70776615e-02
9.52395489e-02
9.74726136e-02
9.57141648e-02
9.92703868e-02
9.65841721e-02
9.69383324e-02
9.46010402e-02
9.69591045e-02
9.65165102e-02
9.86485768e-02
9.74271440e-02
9.61779625e-02
9.83419552e-02
9.79489084e-02
9.81332740e-02
9.71734886e-02
9.78685138e-02
9.73728060e-02
9.58581513e-02
9.60559824e-02
9.52907846e-02
9.58208080e-02
9.63726050e-02
9.49079645e-02
9.65579760e-02
9.51978489e-02
9.84582083e-02
9.63189825e-02
9.71298239e-02
9.59866311e-02
9.48139801e-02
9.72196390e-02
9.65629789e-02
9.53566592e-02
9.86703788e-02
9.62734103e-02
9.66042685e-02
9.52817227e-02
9.61947603e-02
9.58060138e-02
9.88896233e-02
9.52847177e-02
9.66681282e-02
9.46983605e-02
9.60174603e-02
9.67606434e-02
9.57413812e-02
9.79249499e-02
9.71007689e-02
9.60596919e-02
9.28775784e-02
9.51606677e-02
9.51035537e-02
9.53720594e-02
9.57509726e-02
9.56819126e-02
9.97799115e-02
9.74926028e-02
9.49155517e-02
9.68205308e-02
9.50947586e-02
9.72042150e-02
9.79307151e-02
9.59543316e-02
9.63550337e-02
9.50366967e-02
9.76734789e-02
9.98584619e-02
9.56298140e-02
9.43554366e-02
9.76958933e-02
9.80145305e-02
9.61764514e-02
9.61559701e-02
9.79346337e-02
9.82679551e-02
9.67356286e-02
9.72000304e-02
9.82507411e-02
9.63021136e-02
9.62552461e-02
9.87978281e-02
9.56529818e-02
9.70281077e-02
9.45102027e-02
9.94158595e-02
9.93784382e-02
9.65774703e-02
9.82068655e-02
9.75137703e-02
9.57042279e-02
9.66646459e-02
9.67790354e-02
9.90583037e-02
9.86063003e-02
9.62655402e-02
9.58258941e-02
9.51333221e-02
9.50740627e-02
9.72569168e-02
9.85112611e-02
9.73009717e-02
9.49427791e-02
9.66825345e-02
9.86699216e-02
9.55416992e-02
9.69749044e-02
9.71625847e-02
9.65144231e-02
9.58075522e-02
9.63543322e-02
9.67321727e-02
9.80834038e-02
9.58257855e-02
9.76247117e-02
9.53044645e-02
9.48336841e-02
9.57467280e-02
9.78445445e-02
9.52526343e-02
9.73665417e-02
9.71954978e-02
9.43942432e-02
9.72012129e-02
9.48298069e-02
9.61334234e-02
9.28165808e-02
9.82655781e-02
9.94669228e-02
9.66607649e-02
9.38599209e-02
9.42245020e-02
9.90452747e-02
9.68303901e-02
9.87337061e-02
9.74253639e-02
9.79954371e-02
9.83157939e-02
9.66451581e-02
9.55037466e-02
9.91133534e-02
9.70510691e-02
9.69753107e-02
9.59940387e-02
9.49175423e-02
9.56237836e-02
9.69526514e-02
9.79050748e-02
9.51755071e-02
9.59741184e-02
9.63477684e-02
9.69144979e-02
9.67649606e-02
9.58447989e-02
9.80578749e-02
9.56894770e-02
9.68431649e-02
9.46804274e-02
9.57566385e-02
9.78041921e-02
9.63469075e-02
9.81697289e-02
9.62961437e-02
9.65839346e-02
9.63278859e-02
9.70847871e-02
9.60791399e-02
9.80932584e-02
9.44613555e-02
9.64396857e-02
9.57481207e-02
9.79317742e-02
9.52359216e-02
9.66557629e-02
9.42291412e-02
9.87069638e-02
9.37990781e-02
9.70793747e-02
9.81680100e-02
9.57429473e-02
9.66492069e-02
9.61846103e-02
9.83099171e-02
9.54581094e-02
9.50088395e-02
9.97913718e-02
9.68140311e-02
9.63560651e-02
9.41135303e-02
9.78104443e-02
9.66210397e-02
9.77786701e-02
9.69302705e-02
9.78907702e-02
9.63080139e-02
9.87567192e-02
9.79012542e-02
9.56014845e-02
9.57461860e-02
9.73474565e-02
9.81335627e-02
9.45323620e-02
9.62299966e-02
9.34029163e-02
9.79261202e-02
9.81879794e-02
9.95490176e-02
9.56063141e-02
9.52318033e-02
9.60225311e-02
9.68528591e-02
9.41867767e-02
9.77744395e-02
9.72100093e-02
9.95685075e-02
9.51458359e-02
9.32423854e-02
9.69394831e-02
9.67899718e-02
9.63618461e-02
9.58947940e-02
9.62219538e-02
9.90261371e-02
9.57866129e-02
9.56561927e-02
9.65921722e-02
9.65839825e-02
9.59810634e-02
9.63020122e-02
9.55731987e-02
9.76508733e-02
9.74491000e-02
9.90835126e-02
9.67584517e-02
9.67031838e-02
9.60726772e-02
9.70097298e-02
9.65489524e-02
9.68953563e-02
9.90346065e-02
9.86373725e-02
9.58873958e-02
9.68507972e-02
9.78540760e-02
9.59185565e-02
9.77073806e-02
9.58795474e-02
9.62141267e-02
9.92222919e-02
9.49294725e-02
9.81164955e-02
9.68214425e-02
9.66513768e-02
9.68838615e-02
9.38294910e-02
9.65212847e-02
9.79606542e-02
9.70489714e-02
9.53553589e-02
9.51244876e-02
9.73064557e-02
9.77366228e-02
9.72191431e-02
9.53981433e-02
9.63000868e-02
9.86678743e-02
9.68552068e-02
9.58984022e-02
9.72992168e-02
9.49583215e-02
9.70475161e-02
9.47555504e-02
9.65341793e-02
9.78908666e-02
9.69840648e-02
9.59845886e-02
9.51653966e-02
9.67807179e-02
9.69616296e-02
9.60558576e-02
9.66872271e-02
9.75849699e-02
9.73358473e-02
9.57122301e-02
9.61897155e-02
9.53141870e-02
9.69026775e-02
9.70475682e-02
9.69266471e-02
9.70853600e-02
9.53703200e-02
9.66332646e-02
9.57144087e-02
9.68601969e-02
9.59835408e-02
9.72989508e-02
9.57766147e-02
9.65558556e-02
9.74502558e-02
9.83514685e-02
9.59500494e-02
9.60544263e-02
1.00129188e-01
9.73227946e-02
9.67487314e-02
9.62093660e-02
9.73968637e-02
9.55503751e-02
9.62129683e-02
9.66155100e-02
9.46519513e-02
9.58368115e-02
9.82665030e-02
9.77927875e-02
9.85847270e-02
9.41536067e-02
9.56371250e-02
9.85405326e-02
9.77731879e-02
9.73760017e-02
9.85442222e-02
9.59353557e-02
9.56516724e-02
9.45660108e-02
9.72385310e-02
9.61433505e-02
9.58302804e-02
9.67867733e-02
9.42649430e-02
9.45645737e-02
9.85857380e-02
9.63710715e-02
9.58936917e-02
9.46759211e-02
9.45192801e-02
9.87430745e-02
9.79152390e-02
9.68285526e-02
9.81365788e-02
9.62198597e-02
9.73136524e-02
9.77682637e-02
9.74202807e-02
9.76917592e-02
9.55778597e-02
9.89086293e-02
9.83680016e-02
9.54161447e-02
9.54305940e-02
9.61194394e-02
9.73493238e-02
9.55420117e-02
9.50889290e-02
9.58024787e-02
9.51483714e-02
9.70952402e-02
9.76746972e-02
9.64319807e-02
9.51766134e-02
9.59128478e-02
9.61906661e-02
9.48338990e-02
9.65056263e-02
9.84644857e-02
9.62864105e-02
9.68004968e-02
9.40143128e-02
9.70924580e-02
9.67310765e-02
9.60891409e-02
9.65731358e-02
9.59741794e-02
9.67651874e-02
9.60673717e-02
9.72606720e-02
9.54719214e-02
9.50513679e-02
9.68953868e-02
9.63208655e-02
9.77785139e-02
9.77145365e-02
9.60937993e-02
9.57424028e-02
9.67296178e-02
9.41193112e-02
9.68988982e-02
9.79310404e-02
9.70203328e-02
9.67587633e-02
9.50868618e-02
9.92677101e-02
9.84335048e-02
9.65556409e-02
9.40296223e-02
9.65425236e-02
9.68092421e-02
9.59308672e-02
9.74614572e-02
9.83421305e-02
9.82377433e-02
9.64873871e-02
9.90059947e-02
9.32903104e-02
9.47380457e-02
9.58094922e-02
9.49474240e-02
9.41974394e-02
9.48910156e-02
9.61788083e-02
9.58614522e-02
9.76347461e-02
9.59264031e-02
9.52967646e-02
9.73724512e-02
9.32546947e-02
9.56224876e-02
9.59478917e-02
9.49257710e-02
9.84959093e-02
9.55849098e-02
9.77034932e-02
9.65583301e-02
9.58572703e-02
9.27586941e-02
9.55519761e-02
9.61603658e-02
9.81772484e-02
9.88238934e-02
9.80496476e-02
9.55166808e-02
9.58549917e-02
9.71073348e-02
9.73174631e-02
9.52817740e-02
9.72106628e-02
9.64290382e-02
9.64343330e-02
9.48352366e-02
9.74078905e-02
9.50888613e-02
9.50706708e-02
9.66114065e-02
9.49254740e-02
9.80085840e-02
9.82048310e-02
9.80881283e-02
9.68945238e-02
9.63689140e-02
9.51201946e-02
9.65253235e-02
9.69450903e-02
9.83866856e-02
9.60608520e-02
9.54675754e-02
9.94763969e-02
9.73629197e-02
9.37212912e-02
9.53893989e-02
9.75335670e-02
9.69317697e-02
9.84959543e-02
9.73589963e-02
9.72814839e-02
9.61297113e-02
9.60186422e-02
9.51966534e-02
9.59965655e-02
9.57475706e-02
9.89008733e-02
9.34263954e-02
9.54171057e-02
9.80261671e-02
9.65486572e-02
9.64735086e-02
9.64451016e-02
9.89482293e-02
9.81569558e-02
9.50867734e-02
9.85607899e-02
9.53218698e-02
9.77500870e-02
9.65470541e-02
9.66018292e-02
9.66220269e-02
9.74271550e-02
9.69725461e-02
9.67044601e-02
9.65282353e-02
9.80120598e-02
9.73131425e-02
9.46926264e-02
9.46110503e-02
9.54686311e-02
9.62252806e-02
9.80119511e-02
9.81507963e-02
9.76867867e-02
9.78219722e-02
9.79954508e-02
9.74680790e-02
9.70031303e-02
9.72124299e-02
9.85112923e-02
9.52513955e-02
9.57350892e-02
9.71034319e-02
9.67811683e-02
9.55811685e-02
9.51404194e-02
9.59372341e-02
9.86727852e-02
9.67605328e-02
9.66985200e-02
9.53414058e-02
9.86838176e-02
9.59021542e-02
9.49345665e-02
9.96418271e-02
9.67145853e-02
9.57653460e-02
9.72936470e-02
9.85614793e-02
9.56244471e-02
9.64700130e-02
9.84543738e-02
9.83953852e-02
9.75757950e-02
9.65058971e-02
9.91156226e-02
9.43846248e-02
9.53293402e-02
9.44949660e-02
9.62518942e-02
9.57703125e-02
9.81121474e-02
9.91562136e-02
9.67256927e-02
9.57226756e-02
9.75738041e-02
9.64335455e-02
9.90027918e-02
9.78001988e-02
9.80070885e-02
9.68028230e-02
9.67089624e-02
9.89174821e-02
9.44106350e-02
9.86655828e-02
9.60240542e-02
9.65601410e-02
9.64512393e-02
9.43202327e-02
9.38401449e-02
9.65893179e-02
9.62986975e-02
9.63914646e-02
9.69605988e-02
9.90789607e-02
9.49458086e-02
9.61807981e-02
9.66731331e-02
9.60582843e-02
9.64123009e-02
9.71231191e-02
9.81606537e-02
9.81120304e-02
9.81640169e-02
9.62138837e-02
9.70089618e-02
9.57079528e-02
9.56545925e-02
9.87216287e-02
9.49869217e-02
9.56596721e-02
9.56490372e-02
9.79049238e-02
9.47172670e-02
9.52732948e-02
9.66169871e-02
9.83289911e-02
9.58199704e-02
9.88101033e-02
9.50178347e-02
9.50704942e-02
9.78000937e-02
9.63814476e-02
9.99561943e-02
9.67660492e-02
9.56844023e-02
9.61953230e-02
9.63056178e-02
9.52861702e-02
9.77026480e-02
9.71035365e-02
9.79493909e-02
9.68362674e-02
9.64607576e-02
9.40148685e-02
9.62804851e-02
9.80741602e-02
9.54289257e-02
9.66769273e-02
9.33577035e-02
9.58320479e-02
9.62254550e-02
9.79551448e-02
9.59933626e-02
9.81582305e-02
9.57878315e-02
9.74900340e-02
9.59729461e-02
9.48289449e-02
9.70555456e-02
9.60935201e-02
9.84804330e-02
9.63276694e-02
9.50691141e-02
9.67510223e-02
9.76888154e-02
9.73561009e-02
9.71669444e-02
9.58300109e-02
9.69287012e-02
9.54577933e-02
9.71435122e-02
9.46179903e-02
9.81181031e-02
9.66061666e-02
9.96704581e-02
9.75935116e-02
9.82513081e-02
9.56851044e-02
9.77699259e-02
9.71007398e-02
9.96683773e-02
9.45905428e-02
9.76927332e-02
9.75923237e-02
9.53769722e-02
9.61958790e-02
9.75862820e-02
9.61217546e-02
9.61206094e-02
9.74036496e-02
9.71092688e-02
9.31332523e-02
9.65646823e-02
9.50208772e-02
9.87284086e-02
9.68816537e-02
9.72290502e-02
9.61714710e-02
9.74094152e-02
9.71845708e-02
9.78775030e-02
9.70359957e-02
9.52676817e-02
9.67391697e-02
9.59843013e-02
9.73258374e-02
9.59395127e-02
9.51333380e-02
9.71235704e-02
9.64739530e-02
9.83907588e-02
9.99710007e-02
9.74153368e-02
9.72628403e-02
9.58125270e-02
9.82502907e-02
9.56637731e-02
9.57729880e-02
9.85630060e-02
9.76935391e-02
9.47567727e-02
9.97442853e-02
9.84319967e-02
9.63535174e-02
9.84390314e-02
9.77211052e-02
9.73246243e-02
9.52896653e-02
9.53304665e-02
9.55933940e-02
9.81823500e-02
9.70625085e-02
9.55265218e-02
9.64294996e-02
9.42561717e-02
9.55495191e-02
9.55707583e-02
9.38634371e-02
9.58300258e-02
9.75257016e-02
9.77953997e-02
9.60714438e-02
9.71366206e-02
9.64904310e-02
9.65972350e-02
9.64991929e-02
9.59415271e-02
9.36825974e-02
9.83588843e-02
9.74561304e-02
9.72251020e-02
9.65911796e-02
9.77534279e-02
9.58069004e-02
9.64847820e-02
9.78916622e-02
9.71908523e-02
9.65912778e-02
9.73437166e-02
9.58798759e-02
9.78516069e-02
9.65459959e-02
9.54242058e-02
9.71072262e-02
9.75506299e-02
9.63410526e-02
9.54310035e-02
9.52674869e-02
9.86791140e-02
9.76489887e-02
9.51710224e-02
9.87988992e-02
9.59292963e-02
9.57590992e-02
9.74395746e-02
9.65119083e-02
9.63871865e-02
9.68285125e-02
9.73746696e-02
9.72155218e-02
9.49737206e-02
9.77356300e-02
9.63233573e-02
9.62672333e-02
9.62133577e-02
9.85372804e-02
9.47962672e-02
9.67736398e-02
9.55340767e-02
9.79156669e-02
9.75493220e-02
9.48777764e-02
9.65677362e-02
9.80882055e-02
9.47129204e-02
9.48676330e-02
9.79037460e-02
9.85707772e-02
9.58664871e-02
9.69297490e-02
9.82305868e-02
9.72258235e-02
9.99273282e-02
9.87238868e-02
9.64032767e-02
9.63469773e-02
9.76108893e-02
9.65167831e-02
9.79824562e-02
9.45119753e-02
9.74615341e-02
9.65705210e-02
9.60545919e-02
9.48981871e-02
9.70928081e-02
9.59861703e-02
9.53038817e-02
9.65184339e-02
9.49715506e-02
9.65726735e-02
9.78682728e-02
9.74951078e-02
9.76020103e-02
9.66084681e-02
9.62374695e-02
9.92642292e-02
9.70200297e-02
9.65555739e-02
9.52267314e-02
9.55359308e-02
9.74887712e-02
9.91595972e-02
9.69149813e-02
9.73307164e-02
9.83804702e-02
9.81802673e-02
9.66602966e-02
9.74083300e-02
1.00567410e-01
9.76288979e-02
9.40962418e-02
9.83044333e-02
9.53985758e-02
9.90152918e-02
9.65075565e-02
9.53838759e-02
9.63731204e-02
9.56663608e-02
9.85512434e-02
9.44302805e-02
9.76496478e-02
9.63519251e-02
9.84447511e-02
9.70217341e-02
9.65226587e-02
9.65597495e-02
9.76487564e-02
9.50984408e-02
9.66922057e-02
9.69996008e-02
9.51053858e-02
9.65451742e-02
9.76867768e-02
9.56252513e-02
9.81091841e-02
9.71698447e-02
9.74210233e-02
9.80559513e-02
9.67437467e-02
9.67674029e-02
9.49795480e-02
9.60563734e-02
9.57734203e-02
9.74860419e-02
9.68970641e-02
9.55463084e-02
9.55583400e-02
9.72289070e-02
9.70796185e-02
9.73462127e-02
9.79478501e-02
9.44911377e-02
9.84318946e-02
9.56739260e-02
9.51007976e-02
9.87621597e-02
9.49402689e-02
9.71858927e-02
9.65942554e-02
9.76222355e-02
9.77890265e-02
9.74898273e-02
9.48760416e-02
9.73635764e-02
9.71000399e-02
9.62065255e-02
9.40251213e-02
9.49479658e-02
9.70494110e-02
9.71728252e-02
9.45657078e-02
9.81256642e-02
9.61423900e-02
9.64341978e-02
9.73985708e-02
9.67678189e-02
9.52398430e-02
9.57910556e-02
9.71048252e-02
9.72040640e-02
9.61497450e-02
9.62690385e-02
9.56475038e-02
9.66624193e-02
9.61107904e-02
9.51862800e-02
9.70058376e-02
9.60592822e-02
9.69358790e-02
9.61553001e-02
9.60184774e-02
9.54694395e-02
9.81379511e-02
9.78397507e-02
9.58147934e-02
9.63874015e-02
9.54586482e-02
9.83607859e-02
9.48208939e-02
9.75306708e-02
9.64305092e-02
9.49332583e-02
9.82595705e-02
9.71507346e-02
9.56411934e-02
9.75984946e-02
9.78212843e-02
9.89046653e-02
9.39789414e-02
9.59374945e-02
9.46587618e-02
9.82247905e-02
9.52634383e-02
9.63240916e-02
9.57974629e-02
9.80139551e-02
9.53990294e-02
9.56934929e-02
9.37383536e-02
9.74184961e-02
9.63148381e-02
9.82095959e-02
9.59233394e-02
9.58521221e-02
9.37935725e-02
9.57198418e-02
9.61244567e-02
9.55342718e-02
9.83584599e-02
9.65792892e-02
9.62500872e-02
9.73217302e-02
9.38834091e-02
9.60942250e-02
9.69342315e-02
9.67195106e-02
9.78923897e-02
9.55061773e-02
9.61101474e-02
9.68588594e-02
9.75825789e-02
9.63928299e-02
9.59447476e-02
9.67041109e-02
9.69784445e-02
9.53235078e-02
9.81762824e-02
9.74984245e-02
9.63084463e-02
9.70487605e-02
9.52077309e-02
9.60592121e-02
9.75082548e-02
9.57012464e-02
9.61428299e-02
9.69307987e-02
9.69456458e-02
9.47379714e-02
9.44703619e-02
9.71245556e-02
9.62980363e-02
9.71029144e-02
9.71863808e-02
9.71962345e-02
9.68968436e-02
9.67925399e-02
9.67706113e-02
9.54575264e-02
9.43096427e-02
9.60198558e-02
9.63697637e-02
9.80695668e-02
9.49652219e-02
9.70934209e-02
9.63081464e-02
9.63423584e-02
9.56167836e-02
9.67288909e-02
9.69335410e-02
9.48170611e-02
9.53232587e-02
9.71155915e-02
9.60066926e-02
9.63320125e-02
9.64113748e-02
9.77536078e-02
9.66521110e-02
9.50198256e-02
9.55371451e-02
9.41296257e-02
9.85428451e-02
9.72669107e-02
9.59204580e-02
9.53512963e-02
9.63671221e-02
9.70528379e-02
9.68453446e-02
9.49481451e-02
9.78889179e-02
9.80568555e-02
9.58665652e-02
9.68201084e-02
9.64832775e-02
9.53011696e-02
9.66348834e-02
9.59231457e-02
9.81384204e-02
9.70643029e-02
9.54462871e-02
9.79583052e-02
9.53567122e-02
9.60955029e-02
9.68349123e-02
9.56832679e-02
9.70204045e-02
9.48821471e-02
9.65543542e-02
9.46610474e-02
9.80915015e-02
9.82990691e-02
9.73657779e-02
9.53237889e-02
9.54928495e-02
9.37334041e-02
9.74548505e-02
9.63754719e-02
9.66098486e-02
9.85109051e-02
9.71495465e-02
9.72918203e-02
9.90196355e-02
9.60610805e-02
9.56284468e-02
9.70377906e-02
1.00319681e-01
9.68311787e-02
9.73780545e-02
9.75600389e-02
9.75083054e-02
9.72414944e-02
9.79291624e-02
9.72122702e-02
9.77460898e-02
9.72894422e-02
9.76546181e-02
9.79897985e-02
9.72758630e-02
9.46077980e-02
9.77064299e-02
9.60019699e-02
9.47948285e-02
9.55842220e-02
9.60118779e-02
9.63459904e-02
9.55338969e-02
9.81790506e-02
9.35668830e-02
9.78390160e-02
9.80587230e-02
9.74773085e-02
9.86541012e-02
9.53365558e-02
9.71874496e-02
9.53515029e-02
9.57335771e-02
9.72722714e-02
9.67444399e-02
9.59296137e-02
9.82064765e-02
9.56362699e-02
9.24474022e-02
9.60762726e-02
9.67423272e-02
9.76218597e-02
9.70575555e-02
9.72281117e-02
9.87756889e-02
9.70371039e-02
9.58749037e-02
9.75706341e-02
9.58114115e-02
9.66685033e-02
9.65711772e-02
9.64094724e-02
9.68636432e-02
9.52649169e-02
9.58549920e-02
9.75116555e-02
9.68244140e-02
9.43557778e-02
9.54078471e-02
9.69784636e-02
9.66785846e-02
9.76459274e-02
9.81832402e-02
9.85851435e-02
9.70850163e-02
9.75355542e-02
9.64012607e-02
9.50419059e-02
9.56830685e-02
9.74481216e-02
9.57947286e-02
9.68804807e-02
9.50706305e-02
9.76252575e-02
9.82294763e-02
9.69309246e-02
9.67959225e-02
9.70711970e-02
9.56427332e-02
9.57317965e-02
9.59207986e-02
9.69099545e-02
9.74523707e-02
9.48522767e-02
9.53757859e-02
9.65367697e-02
9.70762325e-02
9.83676882e-02
9.51669262e-02
9.55607840e-02
9.75701437e-02
9.57485687e-02
9.56085999e-02
9.59750063e-02
9.71846246e-02
9.63098014e-02
9.54133244e-02
9.58882589e-02
9.56834696e-02
9.82279986e-02
9.53767160e-02
9.63075617e-02
9.59347626e-02
9.45420309e-02
9.77108366e-02
9.67300686e-02
9.88327253e-02
9.51268208e-02
9.74038336e-02
9.64644909e-02
9.64081877e-02
9.44192576e-02
9.65034832e-02
9.66653874e-02
9.80217037e-02
9.81273382e-02
9.63267206e-02
9.50899754e-02
9.49089251e-02
9.54641657e-02
9.65168709e-02
9.78289776e-02
9.30060781e-02
9.72232261e-02
9.73991094e-02
9.48701106e-02
9.65761981e-02
9.65663119e-02
9.81112536e-02
9.35413345e-02
9.66644085e-02
9.71870865e-02
9.76332236e-02
9.70856352e-02
9.93664159e-02
9.48956800e-02
9.80224014e-02
9.63647875e-02
9.52348346e-02
9.54848209e-02
9.62438409e-02
9.38728454e-02
9.55321614e-02
9.54552233e-02
9.76887125e-02
9.53924758e-02
9.45212612e-02
9.65643872e-02
9.70999993e-02
9.86987798e-02
9.46202600e-02
9.65301529e-02
9.79472954e-02
9.92656371e-02
9.53224341e-02
9.70649449e-02
9.61348268e-02
9.71084138e-02
9.46348196e-02
9.61036008e-02
9.76511549e-02
9.77639823e-02
9.64242407e-02
9.51967032e-02
9.76225300e-02
9.71636650e-02
9.46894407e-02
9.66769066e-02
9.82519397e-02
9.74505295e-02
9.65305123e-02
9.70561440e-02
9.62911660e-02
9.61572275e-02
9.73574320e-02
9.59131558e-02
9.65564029e-02
9.35861363e-02
9.70510998e-02
9.84807000e-02
9.63809728e-02
9.54780268e-02
9.81050119e-02
9.74726379e-02
9.54312117e-02
9.67671082e-02
9.46736902e-02
9.59645151e-02
9.70077764e-02
9.85149981e-02
9.81470722e-02
1.00042633e-01
9.76683491e-02
9.55481458e-02
9.71389376e-02
9.71082387e-02
9.66001057e-02
9.71056442e-02
9.74135972e-02
9.72000557e-02
9.55920190e-02
9.79123289e-02
9.61242277e-02
9.57006750e-02
9.67444338e-02
9.56672168e-02
9.75787181e-02
9.83878436e-02
1.01365227e-01
9.65664083e-02
9.87255783e-02
9.55790829e-02
9.58773712e-02
9.74477777e-02
9.81199592e-02
9.60493211e-02
9.46699118e-02
9.70805816e-02
9.76524604e-02
9.66292418e-02
9.59848270e-02
9.66465253e-02
9.42174087e-02
9.37750537e-02
9.63545716e-02
9.81231184e-02
9.64131374e-02
9.52134984e-02
9.63230780e-02
9.82309567e-02
9.67848858e-02
9.72672057e-02
9.65441957e-02
9.79283087e-02
9.81353656e-02
9.75621445e-02
9.57520523e-02
9.84893499e-02
9.54078329e-02
9.83717878e-02
9.80839314e-02
9.58600673e-02
9.73343161e-02
9.79793955e-02
9.61375097e-02
9.46377260e-02
9.50372981e-02
9.75492404e-02
9.59859401e-02
9.71623877e-02
9.48823793e-02
9.56961907e-02
9.49155388e-02
9.65483264e-02
9.50645916e-02
9.74540842e-02
9.64953063e-02
9.74356249e-02
9.61703645e-02
9.68576237e-02
9.70814043e-02
9.81930222e-02
9.73919230e-02
9.74827038e-02
9.67612103e-02
9.68332815e-02
9.46996421e-02
9.65329541e-02
9.67464076e-02
9.68945667e-02
9.71112821e-02
9.85072268e-02
9.56697556e-02
9.84322500e-02
9.71594953e-02
9.68859685e-02
9.66126178e-02
9.66833321e-02
9.72579394e-02
9.58048552e-02
9.82161793e-02
9.70855796e-02
9.65935333e-02
9.51983447e-02
9.68787392e-02
9.77716943e-02
9.70791018e-02
9.67815776e-02
9.73359947e-02
9.39253362e-02
9.61576102e-02
9.67155833e-02
9.64553229e-02
9.61090988e-02
9.60273851e-02
9.67609760e-02
9.72482508e-02
9.63436392e-02
9.62831364e-02
9.71062228e-02
9.75459071e-02
9.55557028e-02
9.63563861e-02
9.81181670e-02
9.72664137e-02
9.50828178e-02
9.75411656e-02
9.61132604e-02
9.64087616e-02
9.76758176e-02
9.52060498e-02
9.74753330e-02
9.69828478e-02
9.62646360e-02
9.68729918e-02
9.62473469e-02
9.75252169e-02
9.60649274e-02
9.64320832e-02
9.67489944e-02
9.54736216e-02
9.83636197e-02
9.48824460e-02
9.55518471e-02
9.44845600e-02
9.47177252e-02
9.84613252e-02
9.70242936e-02
9.81829643e-02
9.52117382e-02
9.55715278e-02
9.63929873e-02
9.67675899e-02
9.57047499e-02
9.54615384e-02
9.51287547e-02
9.75445584e-02
9.80741200e-02
9.69443446e-02
9.28682895e-02
9.90497761e-02
9.72245293e-02
9.74676251e-02
9.69807782e-02
9.75577213e-02
9.82746924e-02
9.61479455e-02
9.69141973e-02
9.65289122e-02
9.62636357e-02
9.60167408e-02
9.71893578e-02
9.63091571e-02
9.71029170e-02
9.64153828e-02
9.64951151e-02
9.89254563e-02
9.64308332e-02
9.42161675e-02
9.51547411e-02
9.60062490e-02
9.54487640e-02
9.61214929e-02
9.59562006e-02
9.89330031e-02
9.82893090e-02
9.59104956e-02
9.77322237e-02
9.64280572e-02
9.69619751e-02
9.73841991e-02
9.44003476e-02
9.59161736e-02
9.61402756e-02
9.60059158e-02
9.53057082e-02
9.62757529e-02
9.38001866e-02
9.67198320e-02
9.72595331e-02
9.59083108e-02
9.71970392e-02
9.46977531e-02
9.59766887e-02
9.72302480e-02
9.75201690e-02
9.54294349e-02
9.67841860e-02
9.93934583e-02
9.63941318e-02
9.64627873e-02
9.69479201e-02
9.73773103e-02
9.35057189e-02
9.73998919e-02
9.71645177e-02
9.53432339e-02
9.75292040e-02
9.62485775e-02
9.87061201e-02
9.54131627e-02
9.53540318e-02
9.57467728e-02
9.70315928e-02
9.68934297e-02
9.69307721e-02
9.64305336e-02
9.71133779e-02
9.61091908e-02
9.73765222e-02
9.62904676e-02
9.69021973e-02
9.58049845e-02
9.65570400e-02
9.54747844e-02
9.68816646e-02
9.65033966e-02
9.87819255e-02
9.74643489e-02
9.65220672e-02
9.59937968e-02
9.60301061e-02
9.81532519e-02
9.30702939e-02
9.67978217e-02
9.87483613e-02
9.84136781e-02
9.91338121e-02
9.70748768e-02
9.68879627e-02
9.54749992e-02
9.66198385e-02
9.64995100e-02
9.73132767e-02
9.82332164e-02
9.73527564e-02
9.47218593e-02
9.81161073e-02
9.55722207e-02
9.76590341e-02
9.72120302e-02
9.49743404e-02
9.50369560e-02
9.86786105e-02
9.53060594e-02
9.44630660e-02
9.70738710e-02
9.43311749e-02
9.61378519e-02
9.80180717e-02
9.97961201e-02
9.47127866e-02
9.57937379e-02
9.66601522e-02
9.72328985e-02
9.47073625e-02
9.66149680e-02
9.90019316e-02
9.49307565e-02
9.62550469e-02
9.43531447e-02
9.76870222e-02
9.65446406e-02
9.44858482e-02
9.46163103e-02
9.75186085e-02
9.86161062e-02
9.70759915e-02
9.90371101e-02
9.65800425e-02
9.68869972e-02
9.67253544e-02
9.32301492e-02
9.77855493e-02
9.74029191e-02
9.68971391e-02
9.54690039e-02
9.53597425e-02
9.79645017e-02
9.76809471e-02
9.70994488e-02
9.71527847e-02
9.83845016e-02
9.66529612e-02
9.83099277e-02
9.80021992e-02
9.64800196e-02
9.70956041e-02
9.60017970e-02
9.61742078e-02
9.73441171e-02
9.54412338e-02
9.71804835e-02
9.40042540e-02
9.72091709e-02
9.56120994e-02
9.76786539e-02
9.75766011e-02
9.78848531e-02
9.43553613e-02
9.48945740e-02
9.63421097e-02
9.81515470e-02
9.81512754e-02
9.62435794e-02
9.76124799e-02
9.58472081e-02
9.66114949e-02
9.50968603e-02
9.53571212e-02
9.68017138e-02
9.76470239e-02
9.71595911e-02
9.61210098e-02
9.65850742e-02
9.31178637e-02
9.79155172e-02
9.76469419e-02
9.63994049e-02
9.51425833e-02
9.72611879e-02
9.55926914e-02
9.74377144e-02
9.72532985e-02
9.62664352e-02
9.78882286e-02
9.65054892e-02
9.66842401e-02
9.94097898e-02
9.58192725e-02
9.70718634e-02
9.51977201e-02
9.82915500e-02
9.57033437e-02
9.57135190e-02
9.67515254e-02
9.54626805e-02
9.81004753e-02
9.66272145e-02
9.51091339e-02
9.68193863e-02
9.70622319e-02
9.75398902e-02
9.47950074e-02
9.76773820e-02
9.50409731e-02
9.52545955e-02
9.59489617e-02
9.55959340e-02
9.70564143e-02
9.54382717e-02
9.67013367e-02
9.80833526e-02
9.55191193e-02
9.77450978e-02
9.80524800e-02
9.74362739e-02
9.65492636e-02
9.93051756e-02
9.89317523e-02
9.51271565e-02
9.54765065e-02
9.67090712e-02
9.65078299e-02
9.56450171e-02
9.66433171e-02
9.48301267e-02
9.51955843e-02
9.63774353e-02
9.56021412e-02
9.77675812e-02
9.74246401e-02
9.59562963e-02
9.39465201e-02
9.85554633e-02
9.63974584e-02
9.49329076e-02
9.80506896e-02
9.58480491e-02
9.73256843e-02
9.84946689e-02
9.85877018e-02
9.61997188e-02
9.70560979e-02
9.60776755e-02
9.61504353e-02
9.63545946e-02
9.65480161e-02
9.77041210e-02
9.79825933e-02
9.64447701e-02
9.60231109e-02
9.56326184e-02
9.79191798e-02
9.45379353e-02
9.74676556e-02
9.54272583e-02
9.54167099e-02
9.60822464e-02
9.84798314e-02
9.75778292e-02
9.58756871e-02
9.79716001e-02
9.79760636e-02
9.30267831e-02
9.75665249e-02
9.79993620e-02
9.69079455e-02
9.34228303e-02
9.62650749e-02
9.56431228e-02
9.81766806e-02
9.54190385e-02
9.65785878e-02
9.64390020e-02
9.66013446e-02
9.61127027e-02
9.67151419e-02
9.68623283e-02
9.71933585e-02
9.82994238e-02
9.68227642e-02
9.77215113e-02
9.62092383e-02
9.71460390e-02
9.74088770e-02
9.66254978e-02
9.74730230e-02
9.77590770e-02
9.75397732e-02
9.81693230e-02
9.68763582e-02
9.66963533e-02
9.71723978e-02
9.74384647e-02
9.57816850e-02
9.64887580e-02
9.72641398e-02
1.00081593e-01
9.79995337e-02
9.95802326e-02
9.66335841e-02
9.47199823e-02
9.73775206e-02
9.66435966e-02
9.61257395e-02
9.56564133e-02
9.47058999e-02
9.66726234e-02
9.72735841e-02
9.79687707e-02
9.49668720e-02
9.79706007e-02
9.67078688e-02
9.52802109e-02
9.66327301e-02
9.51234825e-02
9.71775614e-02
9.67250920e-02
9.77544847e-02
9.58314881e-02
9.42324591e-02
9.50156534e-02
9.66874171e-02
9.78916090e-02
9.51217888e-02
9.65128978e-02
9.80464171e-02
9.60665020e-02
9.35020135e-02
9.73180717e-02
9.73994873e-02
9.45951889e-02
9.63395226e-02
9.69585924e-02
9.39410913e-02
9.73319936e-02
9.58484550e-02
9.61443794e-02
9.59793998e-02
9.70735122e-02
9.48795259e-02
9.55895848e-02
9.77979703e-02
9.68949869e-02
9.67404912e-02
9.57520559e-02
9.89958708e-02
9.39204676e-02
9.82454844e-02
9.58517815e-02
9.86747873e-02
9.88036695e-02
9.64610033e-02
9.86546461e-02
9.84124311e-02
1.00082354e-01
9.75296888e-02
9.59511758e-02
9.56625929e-02
9.59508300e-02
9.70589495e-02
9.53637399e-02
9.62903370e-02
9.46377329e-02
9.67901127e-02
9.78670578e-02
9.61549680e-02
9.54592450e-02
9.55016749e-02
9.81632267e-02
9.70741958e-02
9.69990396e-02
9.50570925e-02
9.69237967e-02
9.73512356e-02
9.76141585e-02
9.82362487e-02
9.68869069e-02
9.61282001e-02
9.58288057e-02
9.63675878e-02
9.82459097e-02
9.58806674e-02
9.76626270e-02
9.69391206e-02
9.63845103e-02
9.62811090e-02
9.82991908e-02
9.76479454e-02
9.60174638e-02
9.69122334e-02
9.87700307e-02
9.66410962e-02
9.74477613e-02
9.65045714e-02
9.72095768e-02
9.49691973e-02
9.56986584e-02
9.40525004e-02
9.52176960e-02
9.77576725e-02
9.83258988e-02
9.77688662e-02
9.62717133e-02
9.55397321e-02
9.64972216e-02
9.68400306e-02
9.54385561e-02
9.49589058e-02
9.69179141e-02
9.63590196e-02
9.54112568e-02
9.84625256e-02
9.86678429e-02
9.82995380e-02
9.56256259e-02
9.73897015e-02
9.45753138e-02
9.60001329e-02
9.57739783e-02
9.62195685e-02
9.60867662e-02
9.49441667e-02
9.67835950e-02
9.71992528e-02
9.52261970e-02
9.88235558e-02
9.63499740e-02
9.71287268e-02
9.75471756e-02
9.80775691e-02
9.69800708e-02
9.67700723e-02
9.63244807e-02
9.52068615e-02
9.67103527e-02
9.67101848e-02
9.60116004e-02
9.72175870e-02
9.75615662e-02
9.63422704e-02
9.59312332e-02
9.50376718e-02
9.51648045e-02
9.59563889e-02
9.56338679e-02
9.62695666e-02
9.72946115e-02
9.73585727e-02
9.75367395e-02
9.51196529e-02
9.67314572e-02
9.45174867e-02
9.58708989e-02
9.77950973e-02
9.71826257e-02
9.87136249e-02
9.63087100e-02
9.96895585e-02
9.68383948e-02
9.56824215e-02
9.88105181e-02
9.54239876e-02
9.69735047e-02
9.57415163e-02
9.80935872e-02
9.92495923e-02
9.44211143e-02
9.71982253e-02
9.63113139e-02
9.66981583e-02
9.85751943e-02
9.76252194e-02
9.63875878e-02
9.95745129e-02
9.68611162e-02
9.68016741e-02
9.71343783e-02
9.78823637e-02
9.90084291e-02
9.59275252e-02
9.75611782e-02
9.62892695e-02
9.61955569e-02
9.72013450e-02
9.73798884e-02
9.84788331e-02
9.60608074e-02
9.60810658e-02
9.90498492e-02
9.71046205e-02
9.28862625e-02
9.63433786e-02
9.67971645e-02
9.62196729e-02
9.73119683e-02
9.64803003e-02
9.30669052e-02
9.76812646e-02
9.62343115e-02
9.54019756e-02
9.93324516e-02
9.59868298e-02
9.82063227e-02
9.93964459e-02
9.71117172e-02
9.64084353e-02
9.62209755e-02
9.88103117e-02
9.54149792e-02
9.52896097e-02
9.51808793e-02
9.62343960e-02
9.74196850e-02
9.45420109e-02
9.57420438e-02
9.46404484e-02
9.75421868e-02
9.57437205e-02
9.65960159e-02
9.77173284e-02
9.72623878e-02
9.55367754e-02
9.68837864e-02
9.64928613e-02
9.56179236e-02
9.85557020e-02
9.63352169e-02
9.29436075e-02
9.52998525e-02
9.51419147e-02
9.50600230e-02
9.47915504e-02
9.58000388e-02
9.80591446e-02
9.85936603e-02
9.84446843e-02
9.74622925e-02
9.73619952e-02
9.62935234e-02
9.53695324e-02
9.70913673e-02
9.62353715e-02
9.53958716e-02
9.38145863e-02
9.55664516e-02
9.69171086e-02
9.80645363e-02
9.86638168e-02
9.57191423e-02
9.76117983e-02
9.65172143e-02
9.60545228e-02
9.66211179e-02
9.67175465e-02
9.62108942e-02
9.79800741e-02
9.86593610e-02
9.71065387e-02
9.69435498e-02
9.64780288e-02
9.76539049e-02
9.61858007e-02
9.71695403e-02
9.49204370e-02
9.65896917e-02
9.58926021e-02
9.77606572e-02
9.52864326e-02
9.62700383e-02
9.72283862e-02
9.82409218e-02
9.77971668e-02
9.55489145e-02
9.70777503e-02
9.45979222e-02
9.68474427e-02
9.67803489e-02
9.54654397e-02
9.75866961e-02
9.76867027e-02
9.64676124e-02
9.47961193e-02
9.44360299e-02
9.81660088e-02
9.69454251e-02
9.72710859e-02
9.56137514e-02
9.38542305e-02
9.80126060e-02
9.56562274e-02
9.59334258e-02
9.61397192e-02
9.68365443e-02
9.79161834e-02
9.49059840e-02
9.65249533e-02
9.61623753e-02
9.65468113e-02
9.68941686e-02
9.63630487e-02
9.51382321e-02
9.61777489e-02
9.68804966e-02
9.65353282e-02
9.58363781e-02
9.48463354e-02
9.47742545e-02
9.37592378e-02
9.77648233e-02
9.53628562e-02
9.72086597e-02
9.60617523e-02
9.43843496e-02
9.68633659e-02
9.52352140e-02
9.74380750e-02
9.60085993e-02
9.58548603e-02
9.65064671e-02
9.49180756e-02
9.66360526e-02
9.53425137e-02
9.52480338e-02
9.62251320e-02
9.77288052e-02
9.74076361e-02
9.78524195e-02
9.63720914e-02
9.85923547e-02
9.54468206e-02
9.68539504e-02
9.77288617e-02
9.74961008e-02
9.60678421e-02
9.79470965e-02
9.58503588e-02
9.74933571e-02
9.53904678e-02
9.58233004e-02
9.75411192e-02
9.72512425e-02
9.79041076e-02
9.76968764e-02
9.46592849e-02
9.63860136e-02
9.62776755e-02
9.56441353e-02
9.74555842e-02
9.66961481e-02
9.64246155e-02
9.70308368e-02
9.49989519e-02
9.66302090e-02
9.56716114e-02
9.53564388e-02
9.67306031e-02
9.73335756e-02
9.64999529e-02
9.67445344e-02
9.66946408e-02
9.82098708e-02
1.00032306e-01
9.39964875e-02
9.84360163e-02
9.69428562e-02
9.79774168e-02
9.53414608e-02
9.83038523e-02
9.53238033e-02
9.56262126e-02
9.66303311e-02
9.75735175e-02
9.74158572e-02
9.70329421e-02
9.86136448e-02
9.60490449e-02
9.64056587e-02
9.62159723e-02
9.58574778e-02
9.40922790e-02
9.67462581e-02
9.44962841e-02
9.94690517e-02
9.74139818e-02
9.52120968e-02
9.65578338e-02
9.84841030e-02
9.48779880e-02
9.66386825e-02
9.74302841e-02
9.40536000e-02
9.78047415e-02
9.80452887e-02
9.84499418e-02
9.58879755e-02
9.74966738e-02
9.57210192e-02
9.77312848e-02
9.90350977e-02
9.86852295e-02
9.60709679e-02
9.74537200e-02
9.79746823e-02
9.60948941e-02
9.52937514e-02
9.91796432e-02
9.59670678e-02
9.57540846e-02
9.55370879e-02
9.44884247e-02
9.98619645e-02
9.48617363e-02
9.67290863e-02
9.65939342e-02
9.76011750e-02
9.63887164e-02
9.54136319e-02
9.55227378e-02
9.61319018e-02
9.85255529e-02
9.57369184e-02
9.62507231e-02
9.44737753e-02
9.83896324e-02
9.45344932e-02
9.54061384e-02
9.65983119e-02
9.61526448e-02
9.74080861e-02
9.55738517e-02
9.57810278e-02
9.49047903e-02
9.96684173e-02
9.76341710e-02
9.72560925e-02
9.56468682e-02
9.75465756e-02
9.64761268e-02
9.57383677e-02
9.71296220e-02
9.68393587e-02
9.53719795e-02
9.55180518e-02
9.64910343e-02
9.83483693e-02
9.77156680e-02
9.83215733e-02
9.52140407e-02
9.82947420e-02
9.61250372e-02
9.62664211e-02
9.72137438e-02
9.68293275e-02
9.52511977e-02
9.48403415e-02
9.67968015e-02
9.64493347e-02
9.68537462e-02
9.88640421e-02
9.78181255e-02
9.80947753e-02
9.62377689e-02
9.55325065e-02
9.85236609e-02
9.75661518e-02
9.72519172e-02
9.72868687e-02
9.80155753e-02
9.88657766e-02
9.74994850e-02
9.61887778e-02
9.38322936e-02
9.61544457e-02
9.78468062e-02
9.66056792e-02
9.54473361e-02
9.55000849e-02
9.74038811e-02
9.48373031e-02
9.79451935e-02
9.66602352e-02
9.64428075e-02
9.63832188e-02
9.69931683e-02
9.72162865e-02
9.64074777e-02
9.65134791e-02
9.61495679e-02
9.81957090e-02
9.67405611e-02
9.46697117e-02
9.51677053e-02
9.65591089e-02
9.59760669e-02
9.64057724e-02
9.64825279e-02
9.79885260e-02
9.77451487e-02
9.73568433e-02
9.59382037e-02
9.74541769e-02
9.59971178e-02
9.90704601e-02
9.73838615e-02
9.57009215e-02
9.68781584e-02
9.55173236e-02
9.66970944e-02
9.73462877e-02
9.63573597e-02
9.69935349e-02
9.82931688e-02
9.49956942e-02
1.00954166e-01
9.74271676e-02
9.37841918e-02
9.60587196e-02
9.78791902e-02
9.75480040e-02
9.67421750e-02
9.66752198e-02
9.46040977e-02
9.85737720e-02
9.87873067e-02
9.44398011e-02
9.72571298e-02
9.78879264e-02
9.89280068e-02
9.48940681e-02
9.32878406e-02
9.77466557e-02
9.67788126e-02
9.46146633e-02
9.56532737e-02
9.72288445e-02
9.64845958e-02
9.87222435e-02
9.55636888e-02
9.77290866e-02
9.79892263e-02
9.53793290e-02
9.63800118e-02
9.94945670e-02
9.71478304e-02
9.56033202e-02
9.64431140e-02
9.57791288e-02
9.68531764e-02
9.56000735e-02
9.69995296e-02
9.78328175e-02
9.59380402e-02
9.57852049e-02
9.53631911e-02
9.51324093e-02
9.76864125e-02
9.54557066e-02
9.52370375e-02
9.70103040e-02
9.78260324e-02
9.73691937e-02
9.73727632e-02
9.56848250e-02
9.67054790e-02
9.83337237e-02
9.66045919e-02
9.68091765e-02
9.75401419e-02
9.65093683e-02
9.63221772e-02
9.53824018e-02
9.74384795e-02
9.81484642e-02
9.42625876e-02
9.63884902e-02
9.56889891e-02
9.81340072e-02
9.65039024e-02
9.85559378e-02
9.39251836e-02
9.68975689e-02
9.87276684e-02
9.57625635e-02
9.60271512e-02
9.46639782e-02
9.73445218e-02
9.46537700e-02
9.59958015e-02
9.85858532e-02
9.53472880e-02
9.70463904e-02
9.75715014e-02
9.61162684e-02
9.81121467e-02
9.79243343e-02
9.54105957e-02
9.49322925e-02
9.57039877e-02
9.68297278e-02
9.71065035e-02
9.94884485e-02
9.64962814e-02
9.57263892e-02
9.66348768e-02
9.80946378e-02
9.59065104e-02
9.79610764e-02
9.77268016e-02
9.67042370e-02
9.87606924e-02
9.66332274e-02
9.69925740e-02
9.78525518e-02
9.75712571e-02
9.65788477e-02
9.69973565e-02
9.53190153e-02
9.43590116e-02
9.57439915e-02
9.71053320e-02
9.61879449e-02
9.79635790e-02
9.49389495e-02
9.82740287e-02
9.76308889e-02
9.44034133e-02
9.75985727e-02
9.55595111e-02
9.48266110e-02
9.62812175e-02
9.74722881e-02
9.59638406e-02
9.78582746e-02
9.51320385e-02
9.57239791e-02
9.68663655e-02
9.72129658e-02
9.61656180e-02
9.51943119e-02
9.79350630e-02
9.73805505e-02
9.73557736e-02
9.48872915e-02
9.78810783e-02
9.49430166e-02
9.63455371e-02
9.76394081e-02
9.70673751e-02
9.78320401e-02
9.72918358e-02
9.68890563e-02
9.83242421e-02
9.48141661e-02
9.76183457e-02
9.81342217e-02
9.74063908e-02
9.93471473e-02
9.65186545e-02
9.69422925e-02
9.59596940e-02
9.54797919e-02
9.50281773e-02
9.63892762e-02
9.75060254e-02
9.49574611e-02
9.93281527e-02
9.57389494e-02
9.75606063e-02
9.42009571e-02
9.68303982e-02
9.67894192e-02
9.51151845e-02
9.58541952e-02
9.94562824e-02
9.79500858e-02
9.57882028e-02
9.52032676e-02
9.76756813e-02
9.71811324e-02
9.74829135e-02
9.53899862e-02
9.70035401e-02
9.73047473e-02
9.44804687e-02
9.48010711e-02
9.46295466e-02
9.52582614e-02
9.68966974e-02
9.75369979e-02
9.52113494e-02
9.68593180e-02
9.51222136e-02
9.68466746e-02
9.75130050e-02
9.61133133e-02
9.89900627e-02
9.60955912e-02
9.72148278e-02
9.68138834e-02
9.58067764e-02
9.83109469e-02
9.64232830e-02
9.23958761e-02
9.63901481e-02
9.73885584e-02
9.87336487e-02
9.65882603e-02
9.62395066e-02
9.75258483e-02
9.66956398e-02
9.46516616e-02
9.72689217e-02
9.66497950e-02
9.84399159e-02
9.78150128e-02
9.60684587e-02
9.64668121e-02
9.70316729e-02
9.61347554e-02
9.50816477e-02
9.64590376e-02
9.50008252e-02
9.61695523e-02
9.56602149e-02
9.46974822e-02
9.68418065e-02
9.67731164e-02
9.81197509e-02
9.54360001e-02
9.75059746e-02
9.61655605e-02
9.60483329e-02
9.77275717e-02
9.75734754e-02
9.59573350e-02
9.57123599e-02
9.73898951e-02
9.46320619e-02
9.53403684e-02
9.83787318e-02
9.58219768e-02
9.61411276e-02
9.56880960e-02
9.57546121e-02
9.53801049e-02
9.83525090e-02
9.66642741e-02
9.51770168e-02
9.79550510e-02
9.63379935e-02
9.76695047e-02
9.59630924e-02
9.68470922e-02
9.75886868e-02
9.47459261e-02
9.73733858e-02
9.71067459e-02
9.57057062e-02
9.69869593e-02
9.73382644e-02
9.57547722e-02
9.74457240e-02
9.61924129e-02
9.69430383e-02
9.82112012e-02
9.56062408e-02
9.61930266e-02
9.71937032e-02
9.60381822e-02
9.60982475e-02
9.69425035e-02
9.82482526e-02
9.60046276e-02
9.75656330e-02
9.59579831e-02
9.48912839e-02
9.75456359e-02
9.68288085e-02
9.79432023e-02
9.58633305e-02
9.62068926e-02
9.59264944e-02
9.69962287e-02
9.56027980e-02
9.70197025e-02
9.54101641e-02
9.70197200e-02
9.59373717e-02
9.61427063e-02
9.84642271e-02
9.58499945e-02
9.78841465e-02
9.53583637e-02
9.74082138e-02
9.77388571e-02
9.70231554e-02
9.49610330e-02
9.41183301e-02
9.45562836e-02
9.58648842e-02
9.70910422e-02
9.95942585e-02
9.51734117e-02
1.00218179e-01
9.59206929e-02
9.50062183e-02
9.35711499e-02
9.74457919e-02
9.47822850e-02
1.00606389e-01
9.63352961e-02
9.60554937e-02
9.87690884e-02
9.96167228e-02
9.62440642e-02
9.45268064e-02
9.70315635e-02
9.68527095e-02
9.79402628e-02
9.65687969e-02
9.52601062e-02
9.55478788e-02
9.94774859e-02
9.69540284e-02
9.86031976e-02
9.86023813e-02
9.64213287e-02
9.78560009e-02
9.57489625e-02
9.57829998e-02
9.64540047e-02
9.71086601e-02
9.59517896e-02
9.76848034e-02
9.62323810e-02
9.62424084e-02
9.53712425e-02
9.68025752e-02
9.65521515e-02
9.93972336e-02
9.50189611e-02
9.78476116e-02
9.83365972e-02
9.81328671e-02
9.47012594e-02
9.39422338e-02
9.69384436e-02
9.98864217e-02
9.72460200e-02
9.76161097e-02
9.64098773e-02
9.74274186e-02
9.62754943e-02
9.65921054e-02
9.57337710e-02
9.67418627e-02
9.89146032e-02
9.63241581e-02
9.72871070e-02
9.85017227e-02
9.51324856e-02
9.66544837e-02
9.86688302e-02
9.52086115e-02
9.86826171e-02
9.74669328e-02
9.68727646e-02
9.74973889e-02
9.74376377e-02
9.54929972e-02
9.72699138e-02
9.81469544e-02
9.68631644e-02
9.70171527e-02
9.70074387e-02
9.81891201e-02
9.53970953e-02
9.84459303e-02
9.90847591e-02
9.50670235e-02
9.76185464e-02
9.68577923e-02
9.82961441e-02
9.46972755e-02
9.65895761e-02
9.83829289e-02
9.65757302e-02
9.76347933e-02
9.53938175e-02
9.81272622e-02
9.78483414e-02
9.78163987e-02
9.66722227e-02
9.75872599e-02
9.72727878e-02
9.58656948e-02
9.67086864e-02
9.69374550e-02
9.53283942e-02
9.59291939e-02
9.36462726e-02
9.35704757e-02
9.78116507e-02
9.80674404e-02
9.62950018e-02
9.39001673e-02
9.77377749e-02
9.91404248e-02
9.60978549e-02
9.91082461e-02
9.54132379e-02
9.89152463e-02
9.50978746e-02
9.64693020e-02
9.91029132e-02
9.88733677e-02
9.72324302e-02
9.69123705e-02
9.61610867e-02
9.80280837e-02
9.63303795e-02
9.55537666e-02
9.93343066e-02
9.66649409e-02
9.76745825e-02
9.60262333e-02
9.66154460e-02
9.68008845e-02
9.70117001e-02
9.79799056e-02
9.68578431e-02
9.76072736e-02
9.68976544e-02
9.79959095e-02
9.65327709e-02
9.54277856e-02
9.60697949e-02
9.67115329e-02
9.49147830e-02
9.71829214e-02
9.80405316e-02
9.84672677e-02
9.72666915e-02
9.70270926e-02
9.73028939e-02
9.53760168e-02
9.70935913e-02
9.75373521e-02
9.33449620e-02
9.58008557e-02
9.64824691e-02
9.74928954e-02
9.51747733e-02
9.55688328e-02
9.64116253e-02
9.60753476e-02
9.50218087e-02
9.48884724e-02
9.72768357e-02
9.71301225e-02
9.63045765e-02
9.68909966e-02
9.77111290e-02
9.64334072e-02
9.49954143e-02
9.80619413e-02
9.90454174e-02
9.64638988e-02
9.70502823e-02
9.67076033e-02
9.76131964e-02
9.67078661e-02
9.78861726e-02
9.67804257e-02
9.67870047e-02
9.58634682e-02
9.71188323e-02
9.52284260e-02
9.65611193e-02
9.54120761e-02
9.48355227e-02
9.43051787e-02
9.82782634e-02
9.88597400e-02
9.82008668e-02
9.71060458e-02
9.66669383e-02
9.57339882e-02
9.71711703e-02
9.52191406e-02
9.81424376e-02
9.64538465e-02
9.51255733e-02
9.75916569e-02
9.89720017e-02
9.80169884e-02
9.75036714e-02
9.62016898e-02
9.47727016e-02
9.70393881e-02
9.68673178e-02
9.78949716e-02
9.90494234e-02
9.69912395e-02
9.56796284e-02
9.42525107e-02
9.65770155e-02
9.78967927e-02
9.61006833e-02
9.42609706e-02
9.71047964e-02
9.65478452e-02
9.72009079e-02
9.80397573e-02
9.64586056e-02
9.63792725e-02
9.76376840e-02
9.88522302e-02
9.65234168e-02
9.72455834e-02
9.73914985e-02
9.68807890e-02
9.74373819e-02
9.60408027e-02
9.57487302e-02
9.53236059e-02
9.73888560e-02
9.67514635e-02
9.66298219e-02
9.82324630e-02
9.67349663e-02
9.52123639e-02
9.58884018e-02
9.70328299e-02
9.71176214e-02
9.56800768e-02
9.51133213e-02
9.51898964e-02
9.61247620e-02
9.74182526e-02
9.71005163e-02
9.68090299e-02
9.53666642e-02
9.67789687e-02
9.44258868e-02
9.72474156e-02
9.54975174e-02
9.75658190e-02
9.80830212e-02
9.75089834e-02
9.98006723e-02
9.70613084e-02
9.66461007e-02
9.41371729e-02
9.85331297e-02
9.66830908e-02
9.73368547e-02
9.53464462e-02
9.64288501e-02
9.69425791e-02
9.74456600e-02
9.53129594e-02
9.71336252e-02
9.77231963e-02
9.81764713e-02
9.42374579e-02
9.70052452e-02
9.50762629e-02
9.72743419e-02
9.60904809e-02
9.71262976e-02
9.60651967e-02
9.65214186e-02
9.52423409e-02
9.49767713e-02
9.71128430e-02
9.68303986e-02
9.78496291e-02
9.52367146e-02
9.81411875e-02
9.56137862e-02
9.76678146e-02
9.62808895e-02
9.69286588e-02
9.98146002e-02
9.59796477e-02
9.59974814e-02
9.64759093e-02
9.51920035e-02
9.67779870e-02
9.63342419e-02
9.66562601e-02
9.58588157e-02
9.51838895e-02
9.48770307e-02
9.73373607e-02
9.50744645e-02
9.71642168e-02
9.43042332e-02
9.64015785e-02
9.62246444e-02
9.72811942e-02
9.62929686e-02
9.75747865e-02
9.77439818e-02
9.78808134e-02
9.80304992e-02
9.37650022e-02
9.67845330e-02
9.71073762e-02
9.88349515e-02
9.67504633e-02
9.61151177e-02
9.62193201e-02
9.74595199e-02
9.48592505e-02
9.65388211e-02
9.44631144e-02
9.84729235e-02
9.78544189e-02
9.64823499e-02
9.53452920e-02
9.61522125e-02
9.61526847e-02
9.75493293e-02
9.79700462e-02
9.45623302e-02
9.72968482e-02
9.67838542e-02
9.79488223e-02
9.72963494e-02
9.58427239e-02
9.78490632e-02
9.72789900e-02
9.57747748e-02
9.79715340e-02
9.81835072e-02
9.84547836e-02
9.73707093e-02
9.44242076e-02
9.50208084e-02
9.84362973e-02
9.77615844e-02
9.67893619e-02
9.61865325e-02
9.79916779e-02
9.64847719e-02
9.77616186e-02
9.75968293e-02
9.68041527e-02
9.66114073e-02
9.71194173e-02
9.62256066e-02
9.62242392e-02
9.75355406e-02
9.47459435e-02
9.76638948e-02
9.83287973e-02
9.64974923e-02
9.53373617e-02
9.57174762e-02
9.78608187e-02
9.39759563e-02
9.53942102e-02
9.61544384e-02
9.62896834e-02
9.54774223e-02
9.61413886e-02
9.64538892e-02
9.57878656e-02
9.69684603e-02
9.80122690e-02
9.78887696e-02
9.86508316e-02
9.83857707e-02
9.57595943e-02
9.63226209e-02
9.78013482e-02
9.78924278e-02
9.53373549e-02
9.88528210e-02
9.53395087e-02
9.72928772e-02
9.94573923e-02
9.69028444e-02
9.58213988e-02
9.77223494e-02
9.76043709e-02
9.73645437e-02
9.64359696e-02
1.00461041e-01
9.36962981e-02
9.53770753e-02
9.45346754e-02
9.72216731e-02
9.63084637e-02
9.57747112e-02
9.66920058e-02
9.48192392e-02
9.65985136e-02
9.88406859e-02
9.60604894e-02
9.92187377e-02
9.73174710e-02
9.63993383e-02
9.88013158e-02
9.66762089e-02
9.63193473e-02
9.87210357e-02
9.48518249e-02
9.64696476e-02
9.71718715e-02
9.48070666e-02
9.62799404e-02
9.69006711e-02
9.51149614e-02
9.76304886e-02
9.40635069e-02
9.67868543e-02
9.71198442e-02
9.48153063e-02
9.67339977e-02
9.51128900e-02
9.47553379e-02
9.80759158e-02
9.67380824e-02
9.50679427e-02
9.71967209e-02
9.52981457e-02
9.79909929e-02
9.80931708e-02
9.86695768e-02
9.62197916e-02
9.61583417e-02
9.59621673e-02
9.71629537e-02
9.74331527e-02
9.57433626e-02
9.58795955e-02
9.73998687e-02
9.71374731e-02
9.63866482e-02
9.48102134e-02
9.70556320e-02
9.58525248e-02
9.82284315e-02
9.74946937e-02
9.70198398e-02
9.64697662e-02
9.59293790e-02
9.83642202e-02
9.57774953e-02
9.74263776e-02
9.63206897e-02
9.68457608e-02
9.43948283e-02
9.67285775e-02
9.75462297e-02
9.63536834e-02
9.63271397e-02
9.51279598e-02
9.59711952e-02
9.53867975e-02
9.65045449e-02
9.53519855e-02
9.76794861e-02
9.55927463e-02
9.54023063e-02
9.89407592e-02
9.67627532e-02
9.72329615e-02
9.83814473e-02
9.63000157e-02
9.34434846e-02
9.78882340e-02
9.64110277e-02
9.72021531e-02
9.84081607e-02
9.57200263e-02
9.47840613e-02
9.89659790e-02
9.72325286e-02
9.75251269e-02
9.74958652e-02
9.59147763e-02
9.41342101e-02
9.58986153e-02
9.63776674e-02
9.62506158e-02
9.72442827e-02
9.67305717e-02
9.74441728e-02
9.53063853e-02
9.47042618e-02
9.60321318e-02
9.58311992e-02
9.79554231e-02
9.61486642e-02
9.73832158e-02
9.59469755e-02
9.58059849e-02
9.63360510e-02
9.79486159e-02
9.58258896e-02
9.61331410e-02
9.57242242e-02
9.51400395e-02
9.80044638e-02
9.54051587e-02
9.38520709e-02
9.82453934e-02
9.63583117e-02
9.51547256e-02
9.66664483e-02
9.62109445e-02
9.64884803e-02
9.65155654e-02
9.59405440e-02
9.79528807e-02
9.70028325e-02
9.33816284e-02
9.52544441e-02
9.75935131e-02
9.88602674e-02
9.48834851e-02
9.74100920e-02
9.79199136e-02
9.53767000e-02
9.64733310e-02
9.81957974e-02
9.66473748e-02
9.62337036e-02
9.68890056e-02
9.42834183e-02
9.61774554e-02
9.58301090e-02
9.48155945e-02
9.76054067e-02
9.62828282e-02
9.59605161e-02
9.59518844e-02
9.61738694e-02
9.86470644e-02
9.62748418e-02
9.79274848e-02
9.56551155e-02
9.37858942e-02
9.55034831e-02
9.53600520e-02
9.80909951e-02
9.72459750e-02
9.61412588e-02
9.58769807e-02
9.69478687e-02
9.38352474e-02
9.96967952e-02
9.54887658e-02
9.72508745e-02
9.80268679e-02
9.80751437e-02
9.72659131e-02
9.79609697e-02
9.53051091e-02
9.67846125e-02
9.91774702e-02
9.66556405e-02
9.75797388e-02
9.69265284e-02
9.62399073e-02
9.54607178e-02
9.69971321e-02
9.58330383e-02
9.69514073e-02
9.66469974e-02
9.47612243e-02
9.77219474e-02
9.56560975e-02
9.54320064e-02
9.58400124e-02
9.70095464e-02
9.68692165e-02
9.67687950e-02
9.80198684e-02
9.54440030e-02
9.84522340e-02
9.58412414e-02
9.60908863e-02
9.56140660e-02
9.75598283e-02
9.61924523e-02
9.61153792e-02
9.51063447e-02
9.71489802e-02
9.77637413e-02
9.50234597e-02
9.84638510e-02
9.72377127e-02
9.69518361e-02
9.67846770e-02
9.68650930e-02
9.71603690e-02
9.30284849e-02
9.76274341e-02
9.72615491e-02
9.54053926e-02
9.66389957e-02
9.75807691e-02
9.63414339e-02
9.57645369e-02
9.75432849e-02
9.50813219e-02
9.69424688e-02
9.75030542e-02
9.58045316e-02
9.82452681e-02
9.65712298e-02
9.72719325e-02
9.47602277e-02
9.55381699e-02
9.64078241e-02
9.51883012e-02
9.61507914e-02
9.58278458e-02
9.69830506e-02
9.61338477e-02
9.64916958e-02
9.63577942e-02
9.69489353e-02
9.55697404e-02
9.61646680e-02
9.49183824e-02
9.80098204e-02
9.78535652e-02
9.82000485e-02
9.72344639e-02
9.67663577e-02
9.54669981e-02
9.76641708e-02
9.57851984e-02
9.68602385e-02
9.55015559e-02
9.57421176e-02
9.73113818e-02
9.75129453e-02
9.56524687e-02
9.38668152e-02
9.68552641e-02
9.75002280e-02
9.69827662e-02
9.49313404e-02
9.65110612e-02
9.62475511e-02
9.61409223e-02
9.82093997e-02
9.65988377e-02
9.52184421e-02
9.72619169e-02
9.74204580e-02
9.65461783e-02
9.66093301e-02
9.60258074e-02
9.80479554e-02
9.61381377e-02
9.65920862e-02
9.67354596e-02
9.68847416e-02
9.58802360e-02
9.56266037e-02
9.29074618e-02
9.55686264e-02
9.57973983e-02
9.78592845e-02
9.73870578e-02
9.77639105e-02
9.80311615e-02
9.73538212e-02
9.69243499e-02
9.69551223e-02
9.68790306e-02
9.68915958e-02
9.45666316e-02
9.65659709e-02
9.68202744e-02
9.72104311e-02
9.67443538e-02
9.53429537e-02
9.52306794e-02
9.62228733e-02
9.48712650e-02
9.84608501e-02
9.67112032e-02
9.36136784e-02
9.29441993e-02
9.48316428e-02
9.58946214e-02
9.58990838e-02
9.48977100e-02
9.64939843e-02
9.58736986e-02
9.56645633e-02
9.62939709e-02
9.54303167e-02
9.65368157e-02
9.61617047e-02
9.50710475e-02
9.68398559e-02
9.85430494e-02
9.57793192e-02
9.58385114e-02
9.55342780e-02
9.68026326e-02
9.71199927e-02
9.73976153e-02
9.61160260e-02
9.81767546e-02
9.80975960e-02
9.94224391e-02
9.79622321e-02
9.73918014e-02
9.46738903e-02
9.93640190e-02
9.82248183e-02
9.40514846e-02
9.68172982e-02
9.73839814e-02
9.74303316e-02
9.91974997e-02
9.71702875e-02
9.72120744e-02
9.68238506e-02
9.88014390e-02
9.61874485e-02
9.66623784e-02
9.57370402e-02
9.63816868e-02
9.72777601e-02
9.44828594e-02
9.76574326e-02
9.73200875e-02
9.57642794e-02
9.81462507e-02
9.80307028e-02
9.64490764e-02
9.88458426e-02
9.68657839e-02
9.66280586e-02
9.63322909e-02
9.65222081e-02
9.52998933e-02
9.47819138e-02
9.69502294e-02
9.78897483e-02
9.76750410e-02
9.60291568e-02
9.74687336e-02
9.65369574e-02
9.57266542e-02
9.83370342e-02
9.46176918e-02
9.81293124e-02
9.54758157e-02
9.53060121e-02
9.81192986e-02
9.74978167e-02
9.61414709e-02
9.64077329e-02
9.97227953e-02
9.75490650e-02
9.74466003e-02
9.78107058e-02
9.55748043e-02
9.71200072e-02
9.43693545e-02
9.89419459e-02
9.51674874e-02
9.62162694e-02
9.76310577e-02
9.79373909e-02
9.77696801e-02
9.68572882e-02
9.65528491e-02
9.76308439e-02
9.45756361e-02
9.40490002e-02
9.85143104e-02
9.48891821e-02
9.66016302e-02
9.66346806e-02
9.65471265e-02
9.51377367e-02
9.27222760e-02
9.80531817e-02
9.70966367e-02
9.80615303e-02
9.51749824e-02
9.66912727e-02
9.64123893e-02
9.86059324e-02
9.81395977e-02
9.61599937e-02
1.00024170e-01
9.50288918e-02
9.49414326e-02
9.50375362e-02
9.61566598e-02
9.71065608e-02
9.79004132e-02
9.74276357e-02
9.71689458e-02
9.66011251e-02
9.75771760e-02
9.56485470e-02
9.60902844e-02
9.71973217e-02
9.80378698e-02
9.82625246e-02
9.82748591e-02
9.59281160e-02
9.50509302e-02
9.80167185e-02
9.91835952e-02
9.70581199e-02
9.63871872e-02
9.77805299e-02
9.61432776e-02
9.69870099e-02
9.55580475e-02
9.70310188e-02
9.67680209e-02
9.78773863e-02
9.57650398e-02
9.57754859e-02
9.60805990e-02
9.68137905e-02
9.87219714e-02
9.76905833e-02
9.69611232e-02
9.69530941e-02
9.68743864e-02
9.78072921e-02
9.55478870e-02
9.59524573e-02
9.82976139e-02
9.42981563e-02
9.71887096e-02
9.74210919e-02
9.55889943e-02
9.78307431e-02
9.70809915e-02
9.50338470e-02
9.44948085e-02
9.62307246e-02
9.51496364e-02
9.48903262e-02
9.46139289e-02
9.76942758e-02
9.81730942e-02
9.58233050e-02
9.71708213e-02
9.55105137e-02
9.64797879e-02
9.71874287e-02
9.39737781e-02
9.77825902e-02
9.65590409e-02
9.60885003e-02
9.64872061e-02
9.64138844e-02
9.66486980e-02
9.71264444e-02
9.58298622e-02
9.67236514e-02
9.54992784e-02
9.98640467e-02
9.66098335e-02
9.93642058e-02
9.78891495e-02
9.58476676e-02
9.58657618e-02
9.63114216e-02
9.60171286e-02
9.80330504e-02
9.79969572e-02
9.39642752e-02
9.69465704e-02
9.59905713e-02
9.62118688e-02
9.67850673e-02
9.59327379e-02
9.64301332e-02
9.59247678e-02
9.76407336e-02
9.54047180e-02
9.58972732e-02
9.48411829e-02
9.50129915e-02
9.77912612e-02
9.77700322e-02
9.67513985e-02
9.46838811e-02
9.40544396e-02
9.52938931e-02
9.58477536e-02
9.48185146e-02
9.43583256e-02
9.58567346e-02
9.51417215e-02
9.98272677e-02
9.71355266e-02
9.76829261e-02
9.77296391e-02
9.79509182e-02
9.88246475e-02
9.61028431e-02
9.80275566e-02
9.52906019e-02
9.88564708e-02
9.79974352e-02
9.39114220e-02
9.65365924e-02
9.75074322e-02
9.62211439e-02
9.65161851e-02
9.63525802e-02
9.61914734e-02
9.52819799e-02
9.63505980e-02
9.55636797e-02
9.70062598e-02
9.64120753e-02
9.72373129e-02
9.88547379e-02
9.64291757e-02
9.76341037e-02
9.57548810e-02
9.76868021e-02
9.45261263e-02
9.44789428e-02
9.78948406e-02
9.63395673e-02
9.73602014e-02
9.54342763e-02
9.65789596e-02
9.59392553e-02
9.54651588e-02
9.41907555e-02
9.61334365e-02
9.65292459e-02
9.48719617e-02
9.60197234e-02
9.66920527e-02
9.78309043e-02
9.65918098e-02
9.74885862e-02
9.55400225e-02
9.66752657e-02
9.45028968e-02
9.50404449e-02
9.72638502e-02
9.80995802e-02
9.63414059e-02
9.64599382e-02
9.57352243e-02
9.85188942e-02
9.70467106e-02
9.66285931e-02
9.51351329e-02
9.58423867e-02
9.60422884e-02
9.84406138e-02
9.59379359e-02
9.77173614e-02
9.60066615e-02
9.66020888e-02
9.64371043e-02
9.89315728e-02
9.47496783e-02
9.84577228e-02
9.65616637e-02
9.77942717e-02
9.81135177e-02
9.75241466e-02
9.51364976e-02
9.42508122e-02
9.73033307e-02
9.67984707e-02
9.41317819e-02
9.42226596e-02
9.65083402e-02
9.68178222e-02
9.69072220e-02
9.58279143e-02
9.49228960e-02
9.57508999e-02
9.78833506e-02
9.53588808e-02
9.76785212e-02
9.64289972e-02
9.72381480e-02
9.88556653e-02
9.71376664e-02
9.56128572e-02
9.57105826e-02
9.68656117e-02
9.54846879e-02
9.38652823e-02
9.69589687e-02
9.60870186e-02
9.76658805e-02
9.68937358e-02
9.65669952e-02
9.60365246e-02
9.73874430e-02
9.59214148e-02
9.67715485e-02
9.51741529e-02
9.54481379e-02
9.48276901e-02
9.75601006e-02
9.87054665e-02
9.73828039e-02
9.65525797e-02
9.56288214e-02
9.37333861e-02
9.68104011e-02
9.71117547e-02
9.63833906e-02
9.81001780e-02
9.52897294e-02
9.83761269e-02
9.74370149e-02
9.58410347e-02
9.87005101e-02
9.35026474e-02
9.53614572e-02
9.66468685e-02
9.75351014e-02
9.50739270e-02
9.77362118e-02
9.76522846e-02
9.69332273e-02
9.49022659e-02
9.85630844e-02
9.60847973e-02
9.86952387e-02
9.61666166e-02
9.63158571e-02
9.55426964e-02
9.72282467e-02
9.53626330e-02
9.85937300e-02
9.62760131e-02
9.74454867e-02
9.87044997e-02
9.81499062e-02
9.67401199e-02
9.72261083e-02
9.57147632e-02
9.82562140e-02
9.55120442e-02
9.59505423e-02
9.79399637e-02
9.42928191e-02
9.79334273e-02
9.70529063e-02
9.59209036e-02
9.71599145e-02
9.97993237e-02
9.69909476e-02
9.75970482e-02
9.66843230e-02
9.72660606e-02
9.77549146e-02
9.98369577e-02
9.44760028e-02
9.57684345e-02
9.70256079e-02
9.70610132e-02
9.38227587e-02
9.83318228e-02
9.76518705e-02
9.75347461e-02
9.73185262e-02
9.66014043e-02
9.45478339e-02
9.85883898e-02
9.76095271e-02
9.63635182e-02
9.69236954e-02
9.54716434e-02
9.63950685e-02
9.73713264e-02
9.78801215e-02
9.76398631e-02
9.38554752e-02
9.58834778e-02
9.82137745e-02
9.70412508e-02
9.59140890e-02
9.60136543e-02
9.62209500e-02
9.65260231e-02
9.79173214e-02
9.44262562e-02
9.67355474e-02
9.60674802e-02
9.65259606e-02
9.52649734e-02
9.57699018e-02
9.66760324e-02
9.62351028e-02
9.57896908e-02
9.71304097e-02
9.34766880e-02
9.65406411e-02
9.67427201e-02
9.89718844e-02
9.66776805e-02
9.85525773e-02
9.50659719e-02
9.60738520e-02
9.47373965e-02
9.58085454e-02
9.88789996e-02
9.75313274e-02
9.57022801e-02
9.68033183e-02
9.71431128e-02
9.68912902e-02
9.60762642e-02
9.71377592e-02
9.58156895e-02
9.96080009e-02
9.49819089e-02
9.35646535e-02
9.88567402e-02
9.67120061e-02
9.65510607e-02
9.71168249e-02
9.59378779e-02
9.55345578e-02
9.81937128e-02
9.65784983e-02
9.78453822e-02
9.71724361e-02
9.68883764e-02
9.56919681e-02
9.69391795e-02
9.76551304e-02
9.62316986e-02
9.67901992e-02
9.57356454e-02
9.72976837e-02
9.64277226e-02
9.84666240e-02
9.62782104e-02
9.61446747e-02
9.81602243e-02
9.70522173e-02
9.51985414e-02
9.55625337e-02
9.64789165e-02
9.50707853e-02
9.65891845e-02
9.55213116e-02
9.65674769e-02
9.64731536e-02
9.71499091e-02
9.63778338e-02
9.65723779e-02
9.74819043e-02
9.71514015e-02
9.73750725e-02
9.74353099e-02
9.72035868e-02
9.83621837e-02
9.61626819e-02
9.92717608e-02
9.66454564e-02
9.83729831e-02
9.53360435e-02
9.73046014e-02
9.79172150e-02
9.78812239e-02
9.65068255e-02
9.90417454e-02
9.59440952e-02
9.46155576e-02
9.66220722e-02
9.78870653e-02
9.57504375e-02
9.87746593e-02
9.92074759e-02
9.61867467e-02
9.54746936e-02
9.64531945e-02
9.52127626e-02
9.61387844e-02
9.69273694e-02
9.76280841e-02
9.73895762e-02
9.77663081e-02
9.73715474e-02
9.62966902e-02
9.57080535e-02
9.60924089e-02
9.71901320e-02
9.62068362e-02
9.70682692e-02
9.93834842e-02
9.47064739e-02
9.76204673e-02
9.49521472e-02
9.56336363e-02
9.54902064e-02
9.60413429e-02
9.57323079e-02
9.86010679e-02
9.88020167e-02
9.79395434e-02
9.73378063e-02
9.61091411e-02
9.46224119e-02
9.86103503e-02
9.62463302e-02
9.77114132e-02
9.65397924e-02
9.71539209e-02
9.76312468e-02
9.58621832e-02
9.75254956e-02
9.82072477e-02
9.78921526e-02
9.69871319e-02
9.56710848e-02
9.49860604e-02
9.79378960e-02
9.72681077e-02
9.78065061e-02
9.63270099e-02
9.77819803e-02
9.71078365e-02
9.65822399e-02
9.58985771e-02
9.65566198e-02
9.50784939e-02
9.67300618e-02
9.55861891e-02
9.85675782e-02
9.62981443e-02
9.81365687e-02
9.52618802e-02
9.63940462e-02
9.49029763e-02
9.68304143e-02
9.88334595e-02
9.58575682e-02
9.91268305e-02
9.48157709e-02
9.71809602e-02
9.71108288e-02
9.92803625e-02
9.50847953e-02
9.52212641e-02
9.72025403e-02
9.71067276e-02
9.87625032e-02
9.83867210e-02
9.69558588e-02
9.63653938e-02
9.62197983e-02
9.91862117e-02
9.57276744e-02
9.61993255e-02
9.57957681e-02
9.86522027e-02
9.71057918e-02
9.57704612e-02
9.77633364e-02
9.61540899e-02
9.79197335e-02
9.48478638e-02
9.54619886e-02
9.67483871e-02
9.46298710e-02
9.59867378e-02
9.64859493e-02
9.99093203e-02
9.67782081e-02
9.45468310e-02
9.83830317e-02
9.58812715e-02
9.38138699e-02
9.67120634e-02
9.70182071e-02
9.47564778e-02
9.37140614e-02
9.68060452e-02
9.71041589e-02
9.55633341e-02
9.59100913e-02
9.69327442e-02
9.57242014e-02
9.71483586e-02
9.66492281e-02
9.70641622e-02
9.55085472e-02
9.66340646e-02
9.73829747e-02
9.59351933e-02
9.51079334e-02
9.78185825e-02
9.54014654e-02
9.49537570e-02
9.57701402e-02
9.52735813e-02
9.79299680e-02
9.42859135e-02
9.97880509e-02
9.88793328e-02
9.76385559e-02
9.43811648e-02
9.36154584e-02
9.42001918e-02
9.81162216e-02
9.69229908e-02
9.90977713e-02
9.61595709e-02
9.55139411e-02
9.49777802e-02
9.48501312e-02
9.82819553e-02
9.55783506e-02
9.67209999e-02
9.62940699e-02
9.99892507e-02
9.63078003e-02
9.67643189e-02
9.52859247e-02
9.71826031e-02
9.61318246e-02
9.78735744e-02
9.69844899e-02
9.71127267e-02
9.61638445e-02
9.85385390e-02
9.62408653e-02
9.60410902e-02
9.77594152e-02
9.82526714e-02
9.91645457e-02
9.71808876e-02
9.86999498e-02
9.62904359e-02
9.80563479e-02
9.77958511e-02
9.65517326e-02
9.84064020e-02
9.68085579e-02
9.59544333e-02
9.78231491e-02
9.69194826e-02
9.42677382e-02
9.69881083e-02
9.73925384e-02
9.70089571e-02
9.65835079e-02
9.72324605e-02
9.71506051e-02
9.71961053e-02
9.69254157e-02
9.84829539e-02
9.44544561e-02
9.65874341e-02
9.43338443e-02
9.88222896e-02
9.59889972e-02
9.61635665e-02
9.60088839e-02
9.98885963e-02
9.94063785e-02
9.88839146e-02
9.70782935e-02
9.61243693e-02
9.56873144e-02
9.78042887e-02
9.68912096e-02
9.40564237e-02
9.40187588e-02
9.55827844e-02
9.79119039e-02
9.78235754e-02
9.80036425e-02
9.77699340e-02
9.83083659e-02
9.73106315e-02
9.58649032e-02
9.80941001e-02
9.46548498e-02
9.67348828e-02
9.75981077e-02
9.72250397e-02
9.57666587e-02
9.62126485e-02
9.52114591e-02
9.56400911e-02
9.69263792e-02
9.75885150e-02
9.74613735e-02
9.86378934e-02
9.75343918e-02
9.60625208e-02
9.64679923e-02
9.78473100e-02
9.98077026e-02
9.70688950e-02
9.68494741e-02
9.84810672e-02
9.63893876e-02
9.66675806e-02
9.53682756e-02
9.54878572e-02
9.84216419e-02
9.65920623e-02
9.48298571e-02
9.42038431e-02
9.62276185e-02
9.62577386e-02
9.79267471e-02
9.51398295e-02
9.82334285e-02
9.60594331e-02
9.68822752e-02
9.64921163e-02
9.56354563e-02
9.58401194e-02
9.68314774e-02
9.49092510e-02
9.67185615e-02
9.85098778e-02
9.91110333e-02
9.76234202e-02
9.78961922e-02
9.74336014e-02
9.64934303e-02
9.58151312e-02
9.80353680e-02
9.74343415e-02
9.52264619e-02
9.73597048e-02
9.62392795e-02
9.72161998e-02
9.58423040e-02
9.73476026e-02
9.66738079e-02
9.70849775e-02
9.61688456e-02
9.76824508e-02
9.50823292e-02
9.78498301e-02
9.77382466e-02
9.77685871e-02
9.77224634e-02
9.55860576e-02
9.53015974e-02
9.77326656e-02
9.73343901e-02
9.68724428e-02
9.35043885e-02
9.84691150e-02
9.71246931e-02
9.54821958e-02
9.35630534e-02
9.68034257e-02
9.57121909e-02
9.64822419e-02
9.81839748e-02
9.63490087e-02
9.63107657e-02
9.55257235e-02
9.83471116e-02
9.76876687e-02
9.38169309e-02
9.78066578e-02
9.63802939e-02
9.43847782e-02
9.65094166e-02
9.57922984e-02
9.65029900e-02
9.64652982e-02
9.76210597e-02
9.85462739e-02
9.51052902e-02
9.79075741e-02
9.84806636e-02
9.53657116e-02
9.73623437e-02
9.74762394e-02
9.74460584e-02
9.85670860e-02
9.65446851e-02
9.88242844e-02
9.72108726e-02
9.85812622e-02
9.73216487e-02
9.65018146e-02
9.47752743e-02
9.63950795e-02
9.84192076e-02
9.64056973e-02
9.57371918e-02
9.62589032e-02
9.72994215e-02
9.64955227e-02
9.83323725e-02
9.68125164e-02
9.67976103e-02
9.86192150e-02
9.69928422e-02
9.56086528e-02
9.73813987e-02
9.32381571e-02
9.91853320e-02
9.75078497e-02
9.78805921e-02
9.50469229e-02
9.45741944e-02
9.62288054e-02
9.80805868e-02
9.78635354e-02
9.55020929e-02
9.63073285e-02
9.60505627e-02
9.74488491e-02
9.66471834e-02
9.62834517e-02
9.72801724e-02
9.61414637e-02
9.53015263e-02
9.62233065e-02
9.85345513e-02
9.79548092e-02
9.88362957e-02
9.46372487e-02
9.54388419e-02
9.57552726e-02
9.76069465e-02
9.58794387e-02
9.81000199e-02
9.60539682e-02
9.59975016e-02
9.50043591e-02
9.52236101e-02
9.63859200e-02
9.96987139e-02
9.63324057e-02
9.61828836e-02
9.41468958e-02
9.64500960e-02
9.55706458e-02
9.71103587e-02
9.72805348e-02
9.68181809e-02
9.57834219e-02
9.73497031e-02
9.81044670e-02
9.71632725e-02
9.65263070e-02
9.77179897e-02
9.92426623e-02
9.53785845e-02
9.75697375e-02
9.45638984e-02
9.81814062e-02
9.57789510e-02
9.90825428e-02
9.60131503e-02
9.70733617e-02
9.68244103e-02
9.65087273e-02
9.64523116e-02
9.62001441e-02
9.77091235e-02
9.72533732e-02
9.73743449e-02
9.70196831e-02
9.68309160e-02
9.69326496e-02
9.55512566e-02
9.60127793e-02
9.72561953e-02
9.64393174e-02
9.61020176e-02
9.63854797e-02
9.75687163e-02
9.61158352e-02
9.69219240e-02
9.62582039e-02
9.81836696e-02
9.79833736e-02
9.62778798e-02
9.63272968e-02
9.55383327e-02
9.62765115e-02
9.70899741e-02
9.86294068e-02
9.67049254e-02
9.51488929e-02
9.63531399e-02
9.61582393e-02
9.67588412e-02
9.63296048e-02
9.70195399e-02
9.65803752e-02
9.80456082e-02
9.49080185e-02
9.32806231e-02
9.83842420e-02
9.80273000e-02
9.49452179e-02
9.74186733e-02
9.51761995e-02
9.85196036e-02
9.84726485e-02
9.80457390e-02
9.54312282e-02
9.63308640e-02
9.58762326e-02
9.65805305e-02
9.63967075e-02
9.70508897e-02
9.73329714e-02
9.74067687e-02
9.44281871e-02
9.71060089e-02
9.82061069e-02
9.80149342e-02
9.70667471e-02
9.63193726e-02
9.43784770e-02
9.58626385e-02
9.54901010e-02
9.49224048e-02
9.73338664e-02
9.51706323e-02
9.72435059e-02
9.46044072e-02
9.71898472e-02
9.75418271e-02
1.01809772e-01
9.68739336e-02
9.80253406e-02
9.70623691e-02
9.59939363e-02
9.51394977e-02
9.66697291e-02
9.53658177e-02
9.60389971e-02
9.63407510e-02
9.67735802e-02
9.57301747e-02
9.53579271e-02
9.55016464e-02
9.54143218e-02
9.81549372e-02
9.67575234e-02
9.69773690e-02
9.49947134e-02
9.59981400e-02
9.54090775e-02
9.60466256e-02
9.68714649e-02
9.68190892e-02
9.65110287e-02
9.60368825e-02
9.61150557e-02
9.68372550e-02
9.63942230e-02
9.60895679e-02
9.70665511e-02
9.70759087e-02
9.64253842e-02
9.61277524e-02
9.72380794e-02
9.74838149e-02
9.78987077e-02
9.75262745e-02
9.57250060e-02
9.57753417e-02
9.73347504e-02
9.60559730e-02
9.85675694e-02
9.52341733e-02
9.65744681e-02
9.91829154e-02
9.70038136e-02
9.45831572e-02
9.56599354e-02
9.69481713e-02
9.58052136e-02
9.84134891e-02
9.59914968e-02
9.70176645e-02
9.31168014e-02
9.63870930e-02
9.74930251e-02
9.79427187e-02
9.48414341e-02
9.72697968e-02
9.66453510e-02
9.77570535e-02
9.92037353e-02
9.71785337e-02
9.66706110e-02
9.64425834e-02
9.86161618e-02
9.89777656e-02
9.51623192e-02
9.54679786e-02
9.64962584e-02
9.64158184e-02
9.54707949e-02
9.66703384e-02
9.56658261e-02
9.89952450e-02
9.56174976e-02
9.69408577e-02
9.67779158e-02
9.82010339e-02
9.62070246e-02
9.66320673e-02
9.68880809e-02
9.37154600e-02
9.55906027e-02
1.00392619e-01
9.68830587e-02
9.48104922e-02
9.47730766e-02
9.65328779e-02
9.39862459e-02
9.57432161e-02
9.83451300e-02
9.75993021e-02
9.54663494e-02
9.78408551e-02
9.66218649e-02
9.59325169e-02
9.70921327e-02
9.42762502e-02
9.59604419e-02
9.50034092e-02
9.76537802e-02
9.83140971e-02
9.74328135e-02
9.53466818e-02
9.66450021e-02
9.67295824e-02
9.72000365e-02
9.64671156e-02
9.58859579e-02
9.75972698e-02
9.75630346e-02
9.62823865e-02
9.64201191e-02
9.70549992e-02
9.51716525e-02
9.51473106e-02
9.60790287e-02
9.65760375e-02
9.57318881e-02
9.65883420e-02
9.46420253e-02
9.80868879e-02
9.57974551e-02
9.76349854e-02
9.71384038e-02
9.64098695e-02
9.65384073e-02
9.50020078e-02
9.71328562e-02
9.51976603e-02
9.70750032e-02
9.83675520e-02
9.48127014e-02
9.59251574e-02
9.45793903e-02
9.66954599e-02
9.79288586e-02
9.26516001e-02
9.62048173e-02
9.62019604e-02
9.83405107e-02
9.54055338e-02
9.61104300e-02
9.60708887e-02
9.97043761e-02
9.64836482e-02
9.55960008e-02
9.60089194e-02
9.55618079e-02
9.79343955e-02
9.79778942e-02
9.83075244e-02
9.70468740e-02
9.62139711e-02
9.52664193e-02
9.48988006e-02
9.65225486e-02
9.79329513e-02
9.67753955e-02
9.76019286e-02
9.52597010e-02
9.75465620e-02
9.48093260e-02
9.39051435e-02
9.54134538e-02
9.40453062e-02
9.41916759e-02
9.87921293e-02
9.76303131e-02
9.53212706e-02
9.65769901e-02
9.89973468e-02
9.56536069e-02
9.41841500e-02
9.54530038e-02
9.81058062e-02
9.66009885e-02
9.57642958e-02
9.52859673e-02
9.57997651e-02
9.62982289e-02
9.61524104e-02
9.81898578e-02
9.64524740e-02
9.67576856e-02
9.64734003e-02
9.37140133e-02
9.58132884e-02
9.61859602e-02
9.51179496e-02
9.72295620e-02
9.75683717e-02
9.87983708e-02
9.59007374e-02
9.74791680e-02
9.63942439e-02
9.73963622e-02
9.77549857e-02
9.62005002e-02
9.62752990e-02
9.62475694e-02
9.75684825e-02
9.72548314e-02
9.71802528e-02
9.50957902e-02
9.87954701e-02
9.51521820e-02
9.88337855e-02
9.55153018e-02
9.57491936e-02
9.79400440e-02
9.42815009e-02
9.39089815e-02
9.50333178e-02
9.61852637e-02
9.75969997e-02
9.61031611e-02
9.71836454e-02
9.74879368e-02
9.77961011e-02
9.56027842e-02
9.63764445e-02
9.54649089e-02
9.84088555e-02
9.69630954e-02
9.68632393e-02
9.66865843e-02
9.80526986e-02
9.59522096e-02
9.38246828e-02
9.66884113e-02
9.70488204e-02
9.79159609e-02
9.68992724e-02
9.72751310e-02
9.69730284e-02
9.83503643e-02
9.80035039e-02
9.55333303e-02
9.79437056e-02
9.63867644e-02
9.79156099e-02
9.50760965e-02
9.55505559e-02
9.52277530e-02
9.60967501e-02
9.81754363e-02
9.52950555e-02
9.81104174e-02
9.59779728e-02
9.78995553e-02
9.68837394e-02
9.80881792e-02
9.70916663e-02
9.58610660e-02
9.63108171e-02
9.89331344e-02
9.62993487e-02
9.64147925e-02
9.53525169e-02
9.55978466e-02
9.71803720e-02
9.64747373e-02
9.58836529e-02
9.56849572e-02
9.64706704e-02
9.40010795e-02
9.62363537e-02
9.80723775e-02
9.77743543e-02
9.70346627e-02
9.34588551e-02
9.45891191e-02
9.75013831e-02
9.85521572e-02
9.49381546e-02
9.56014024e-02
9.74466591e-02
9.65117619e-02
9.64091616e-02
9.48064894e-02
9.62965395e-02
9.81103301e-02
9.77994327e-02
9.66989688e-02
9.66892385e-02
9.71508454e-02
9.72966647e-02
9.76399024e-02
9.64290578e-02
9.74254777e-02
9.64420802e-02
9.70057681e-02
9.56253730e-02
9.66611742e-02
9.66716446e-02
9.38348748e-02
9.61381508e-02
9.63754496e-02
9.62438519e-02
9.84610784e-02
9.44628009e-02
9.93101234e-02
9.60253047e-02
9.67899131e-02
9.45922714e-02
9.61551948e-02
9.74571026e-02
9.53326788e-02
9.72787531e-02
9.77417508e-02
9.77568879e-02
9.51409833e-02
9.72802236e-02
9.66154196e-02
9.70947040e-02
9.56787188e-02
9.59622154e-02
9.65784265e-02
9.60372671e-02
9.60247882e-02
9.59390939e-02
9.61061641e-02
9.66878029e-02
9.61192122e-02
9.74616642e-02
9.31710089e-02
9.81286003e-02
9.68759313e-02
9.64966322e-02
9.61986426e-02
9.52113907e-02
9.62436692e-02
9.76884652e-02
9.55134213e-02
9.52577734e-02
9.64987585e-02
9.60158469e-02
9.46801265e-02
9.84958554e-02
9.51050795e-02
9.69297823e-02
9.49052994e-02
9.56619424e-02
9.44918358e-02
9.77629449e-02
9.49223272e-02
9.53692844e-02
9.57739663e-02
9.59366681e-02
9.96161280e-02
9.54682020e-02
9.49554272e-02
9.64258696e-02
9.65110333e-02
9.91978182e-02
9.43487316e-02
9.54078479e-02
9.59668496e-02
9.88557278e-02
9.79565827e-02
9.72737765e-02
9.56693484e-02
9.82968267e-02
9.69962469e-02
9.87853297e-02
9.63981749e-02
9.75348356e-02
9.74153558e-02
9.62211375e-02
9.69134757e-02
9.80736484e-02
9.49389368e-02
9.63330371e-02
9.95664423e-02
9.87393213e-02
9.66218872e-02
9.68698023e-02
9.70351376e-02
9.64002862e-02
9.84495399e-02
9.42171763e-02
9.59718481e-02
9.73748206e-02
9.76700047e-02
9.55738496e-02
9.64195164e-02
9.59219240e-02
9.47382863e-02
9.74431422e-02
9.66577639e-02
9.42777895e-02
9.49951967e-02
9.63030088e-02
9.59368835e-02
9.59769924e-02
9.32126230e-02
9.68697405e-02
9.82534210e-02
9.96030367e-02
9.68028966e-02
9.63603482e-02
9.75488148e-02
9.44462548e-02
9.79911375e-02
9.75329385e-02
9.62525734e-02
9.76290694e-02
9.91031673e-02
9.66584546e-02
9.68949440e-02
9.54976973e-02
9.57290028e-02
9.76034092e-02
9.42569921e-02
9.47404363e-02
9.63271544e-02
9.79360835e-02
9.67899031e-02
9.58437341e-02
9.62581623e-02
9.49336135e-02
9.44226392e-02
9.50694842e-02
9.58545086e-02
9.95440040e-02
9.74633734e-02
9.58216391e-02
9.59523649e-02
9.68643410e-02
1.01508038e-01
9.45229179e-02
9.68280400e-02
9.81357184e-02
9.49206812e-02
9.75344680e-02
9.82162914e-02
9.54058613e-02
9.60005507e-02
9.67392365e-02
9.77828367e-02
9.51163416e-02
9.90759247e-02
9.69820709e-02
9.79501270e-02
9.54412697e-02
9.68232360e-02
9.70598051e-02
9.78457101e-02
9.61179609e-02
9.58993914e-02
9.75398624e-02
9.88093020e-02
9.50670440e-02
9.82486520e-02
9.58889065e-02
9.92737242e-02
9.33516153e-02
9.83536552e-02
9.60699639e-02
9.67402933e-02
9.71459740e-02
9.74951804e-02
9.57264463e-02
9.41883426e-02
9.58202620e-02
9.85250491e-02
9.82024997e-02
9.57959644e-02
9.75681473e-02
9.58765845e-02
9.72306054e-02
9.61284789e-02
9.62670635e-02
9.79690242e-02
9.56333184e-02
9.72452438e-02
9.55078569e-02
9.64222118e-02
9.95575956e-02
9.72054549e-02
9.88137992e-02
9.66857522e-02
9.69710145e-02
9.60187324e-02
9.72804393e-02
9.79372456e-02
9.52151641e-02
9.56138514e-02
9.67643299e-02
9.68283168e-02
9.77824163e-02
9.71518862e-02
9.71526634e-02
9.81837924e-02
9.90054800e-02
9.62212008e-02
9.47019086e-02
9.55775165e-02
9.70904016e-02
9.65606772e-02
9.47438237e-02
9.72098024e-02
9.94376487e-02
9.80607463e-02
9.84384185e-02
9.66420498e-02
9.74852440e-02
9.58204530e-02
9.76638175e-02
9.65502553e-02
9.36759379e-02
9.41035927e-02
9.54466086e-02
9.72707656e-02
9.42103027e-02
9.63714972e-02
9.84087389e-02
9.75306604e-02
9.63673553e-02
9.60766992e-02
9.65678763e-02
9.64535078e-02
9.49357280e-02
9.58270796e-02
9.76915029e-02
9.60648209e-02
9.81955832e-02
9.64532950e-02
9.54270000e-02
9.64654671e-02
9.51433239e-02
9.55300424e-02
9.68973330e-02
9.71176906e-02
9.72703429e-02
9.61476404e-02
9.92481391e-02
9.66850070e-02
9.49945958e-02
9.77339995e-02
9.60614948e-02
9.63776390e-02
9.46478628e-02
9.65983758e-02
9.58623781e-02
9.58816251e-02
9.68125817e-02
9.76502525e-02
9.54855133e-02
9.64025979e-02
9.55613775e-02
9.19776394e-02
9.54292922e-02
9.55408507e-02
9.66521410e-02
9.48559309e-02
9.72729309e-02
9.55844864e-02
9.89035552e-02
9.36041667e-02
9.63127208e-02
9.68263225e-02
9.70469604e-02
9.80178097e-02
9.62310191e-02
9.64969650e-02
9.76109515e-02
9.82443260e-02
9.81652313e-02
9.48544693e-02
9.41985065e-02
9.55094826e-02
9.49448223e-02
9.72967679e-02
9.40748423e-02
9.59489846e-02
9.62635781e-02
9.60143286e-02
9.70366540e-02
9.53319642e-02
9.83781219e-02
9.52949238e-02
9.55027584e-02
9.59187730e-02
9.70603552e-02
9.55353572e-02
9.56210103e-02
9.57275311e-02
9.85533602e-02
9.79503296e-02
9.61215060e-02
9.77552519e-02
9.56985021e-02
9.68387745e-02
9.79297766e-02
9.52686250e-02
9.98866277e-02
9.69805010e-02
9.68623740e-02
9.69070542e-02
9.59345269e-02
9.83325916e-02
9.55586078e-02
9.64058692e-02
9.73328221e-02
9.95127527e-02
9.62058129e-02
9.66305577e-02
9.56994683e-02
9.81245466e-02
9.83616798e-02
9.72125900e-02
9.47852742e-02
9.55979387e-02
9.70731580e-02
9.79842346e-02
9.52918096e-02
9.66324599e-02
9.77390665e-02
9.60318380e-02
9.71855677e-02
9.77696116e-02
9.51252164e-02
9.53395161e-02
9.72304618e-02
9.49972190e-02
9.53623395e-02
9.62424954e-02
9.68929283e-02
9.81709327e-02
9.88531542e-02
9.97787573e-02
9.79044966e-02
9.80021502e-02
9.56872302e-02
9.59609943e-02
9.51945638e-02
9.62242234e-02
9.94577403e-02
9.64219881e-02
9.74457050e-02
9.44725684e-02
9.70520645e-02
9.68061874e-02
9.55654783e-02
9.44214178e-02
9.85367345e-02
9.46852479e-02
9.60024343e-02
9.81874239e-02
9.80728311e-02
9.63209614e-02
9.71109003e-02
9.46639260e-02
9.54517199e-02
9.70444239e-02
9.55017928e-02
9.57090750e-02
9.52105163e-02
9.46900662e-02
9.67478605e-02
9.73621533e-02
9.62660704e-02
9.65011986e-02
9.78574425e-02
9.66096959e-02
9.81474932e-02
9.59952718e-02
9.71970023e-02
9.51635020e-02
9.71518717e-02
9.77146558e-02
9.58156341e-02
9.62857702e-02
9.82216053e-02
9.45963997e-02
9.68646415e-02
9.55988952e-02
9.59688104e-02
9.59216929e-02
9.71188140e-02
9.75045835e-02
9.53199088e-02
9.56325918e-02
9.85418767e-02
9.77765268e-02
9.68168719e-02
9.51586535e-02
1.00888971e-01
9.67946974e-02
9.65404740e-02
9.46162261e-02
9.89083815e-02
9.81503200e-02
9.57175896e-02
9.54049458e-02
9.65340490e-02
9.61082273e-02
9.71420992e-02
9.56657588e-02
9.61940485e-02
9.58412768e-02
9.59631648e-02
9.68587265e-02
9.63429284e-02
9.39180456e-02
9.68180486e-02
9.76708835e-02
9.77486226e-02
9.63454119e-02
9.77456550e-02
9.63116526e-02
9.77962912e-02
9.58053888e-02
9.69067635e-02
9.80877585e-02
9.83587958e-02
9.74064192e-02
9.59009893e-02
9.54565489e-02
9.64813905e-02
9.58058131e-02
9.47568138e-02
9.58892541e-02
9.62694932e-02
9.51015507e-02
9.64218190e-02
9.74008096e-02
9.55109376e-02
9.66635137e-02
9.62753652e-02
9.48336030e-02
9.74776407e-02
9.62236264e-02
9.57038531e-02
9.46510869e-02
9.58892547e-02
9.73745839e-02
9.58251803e-02
9.83442270e-02
9.82374937e-02
9.66291550e-02
9.76422991e-02
9.47111034e-02
9.55942507e-02
9.55393143e-02
9.65016197e-02
9.54562271e-02
9.49842071e-02
9.85017241e-02
9.42170259e-02
9.63935319e-02
9.71470020e-02
9.48555630e-02
9.60362705e-02
9.60719845e-02
9.50029859e-02
9.63038038e-02
9.55550851e-02
9.94228278e-02
9.80163122e-02
9.53324335e-02
9.63058956e-02
9.64522633e-02
9.53333361e-02
9.51255268e-02
9.70817824e-02
9.68739868e-02
9.59077593e-02
9.75630575e-02
9.68899811e-02
9.75228068e-02
9.60617217e-02
9.64670805e-02
9.73993453e-02
9.34505428e-02
9.90376309e-02
9.75162601e-02
9.55158938e-02
9.65960617e-02
9.64736376e-02
9.63789404e-02
9.72083803e-02
9.42594599e-02
9.54395268e-02
9.86247764e-02
9.72441112e-02
9.50174248e-02
9.73683647e-02
9.70621924e-02
9.72912859e-02
9.82221485e-02
9.87298387e-02
9.51446644e-02
9.62783307e-02
9.50971602e-02
9.43733776e-02
9.57151655e-02
9.71617226e-02
9.47721118e-02
9.71074697e-02
9.60895233e-02
9.59513946e-02
9.70520829e-02
9.89136146e-02
9.74822446e-02
9.89110119e-02
9.78854853e-02
9.85503855e-02
9.46034141e-02
9.73842682e-02
9.77014694e-02
9.63236687e-02
9.82213972e-02
9.57979105e-02
9.67817439e-02
9.56246462e-02
9.36084405e-02
9.50452196e-02
9.66715126e-02
9.50090517e-02
9.79366819e-02
9.88816741e-02
9.72717649e-02
9.71335939e-02
9.54280398e-02
9.40483438e-02
9.62697313e-02
9.59185278e-02
9.68053055e-02
9.82193337e-02
9.58542289e-02
9.77548557e-02
9.70488105e-02
9.72496818e-02
9.68533943e-02
9.63839806e-02
9.45303818e-02
9.81456770e-02
9.53438607e-02
9.66928221e-02
9.75430782e-02
9.73416478e-02
9.60312429e-02
9.68193901e-02
9.66426201e-02
9.63487123e-02
9.72664553e-02
9.72844134e-02
9.90457307e-02
9.91341764e-02
9.76471828e-02
9.64967686e-02
9.80410208e-02
9.72868206e-02
9.81335836e-02
9.54525590e-02
9.59891393e-02
9.53963297e-02
9.73491588e-02
9.64859574e-02
9.59784040e-02
9.55940968e-02
9.61381894e-02
9.66131228e-02
9.56552014e-02
9.76675913e-02
9.66391973e-02
9.30336682e-02
9.74675179e-02
9.60904586e-02
9.64416935e-02
9.77132513e-02
9.66255078e-02
9.47473778e-02
9.64957575e-02
9.49561219e-02
9.58207299e-02
9.58794034e-02
9.73640489e-02
9.91601185e-02
9.52411754e-02
9.86975062e-02
9.88895621e-02
9.50457195e-02
9.39951877e-02
9.41152069e-02
9.49401840e-02
9.60767818e-02
9.80242554e-02
9.75594644e-02
9.59391496e-02
9.74728718e-02
9.72101194e-02
9.47839105e-02
9.57972383e-02
9.72372126e-02
9.63732310e-02
9.79926412e-02
9.72522827e-02
9.75923687e-02
9.83351633e-02
9.44237242e-02
9.64456696e-02
9.83573697e-02
9.52236655e-02
9.71460019e-02
9.60015093e-02
9.87294877e-02
9.47133967e-02
9.85442862e-02
9.80857550e-02
9.87230051e-02
9.75864672e-02
9.65217176e-02
9.58536644e-02
9.57956782e-02
9.59569459e-02
9.60812158e-02
9.75460470e-02
9.60072979e-02
9.45019545e-02
9.56076877e-02
9.58293269e-02
9.69184073e-02
9.67402993e-02
9.54811841e-02
9.86069619e-02
9.52034266e-02
9.62786959e-02
9.57256922e-02
9.66810412e-02
9.89784308e-02
9.65051373e-02
9.66370127e-02
9.88743103e-02
9.53313018e-02
9.69564715e-02
9.76392213e-02
9.90648341e-02
9.80309657e-02
9.55400444e-02
9.69108018e-02
9.74866624e-02
9.47835736e-02
9.58848017e-02
9.44300645e-02
9.38442447e-02
9.58969199e-02
9.38374919e-02
9.70944405e-02
9.61483399e-02
9.64489625e-02
9.64705928e-02
9.77461665e-02
9.57344572e-02
9.65180385e-02
9.81158114e-02
9.58032751e-02
9.51046432e-02
9.69582692e-02
9.60449240e-02
9.84006425e-02
9.74285596e-02
9.51788776e-02
9.77551670e-02
9.58756178e-02
9.53160113e-02
9.77677058e-02
9.75035379e-02
9.40462993e-02
9.56909016e-02
9.66098285e-02
9.65837255e-02
9.49303350e-02
9.38433781e-02
9.73288189e-02
9.68699858e-02
9.77014059e-02
9.62225752e-02
9.58986980e-02
9.59646387e-02
9.57836276e-02
9.63895847e-02
9.61202875e-02
9.38604022e-02
9.54508876e-02
9.75336643e-02
9.61033007e-02
9.52621300e-02
9.34643399e-02
9.52463573e-02
9.63193292e-02
9.80528646e-02
9.70547651e-02
9.53733806e-02
9.52994399e-02
9.68042608e-02
9.47372659e-02
9.65457230e-02
9.69065310e-02
9.71027027e-02
9.64133107e-02
9.61466706e-02
9.71832583e-02
9.66252800e-02
9.43818377e-02
9.61246855e-02
9.70886839e-02
9.42825350e-02
9.85063693e-02
9.55717318e-02
9.63351988e-02
9.52201890e-02
9.75727343e-02
9.67783111e-02
9.85118832e-02
9.61730743e-02
9.74663437e-02
9.73254301e-02
9.45060487e-02
9.56153441e-02
9.76218508e-02
9.81966787e-02
9.67972798e-02
9.73090735e-02
9.60690283e-02
9.66279568e-02
9.72201517e-02
9.89319130e-02
9.54819876e-02
9.53097465e-02
9.71956103e-02
9.51115292e-02
9.66661683e-02
9.80842967e-02
9.84804622e-02
9.54782632e-02
9.70897466e-02
9.48630627e-02
9.73896360e-02
9.77879359e-02
9.81656816e-02
9.53019099e-02
9.56471614e-02
9.75727825e-02
9.74910718e-02
9.44180153e-02
9.59610273e-02
9.64438246e-02
9.61739307e-02
9.69460656e-02
9.76764374e-02
9.71015353e-02
9.65182084e-02
9.70314851e-02
9.72318211e-02
9.87684623e-02
9.49470164e-02
9.87418235e-02
9.50265800e-02
9.58510818e-02
9.56203028e-02
9.70539042e-02
9.47146672e-02
9.78399824e-02
9.60576283e-02
9.78354302e-02
9.58849854e-02
9.54442982e-02
9.70663870e-02
9.58075335e-02
9.61580078e-02
9.70303739e-02
9.75458714e-02
9.76360582e-02
9.40643962e-02
9.69896949e-02
9.60412480e-02
9.63088363e-02
9.78081995e-02
9.78074609e-02
9.73977730e-02
9.63545978e-02
9.65995476e-02
9.77381224e-02
9.68257207e-02
9.47012812e-02
9.86473769e-02
9.74715459e-02
9.62982645e-02
9.47092878e-02
9.70304789e-02
9.68416191e-02
9.86038369e-02
9.61609592e-02
9.71958353e-02
9.81218577e-02
9.78574316e-02
9.52170767e-02
9.73840437e-02
9.67293787e-02
9.54247932e-02
9.77023463e-02
9.56712682e-02
9.68456187e-02
9.79714370e-02
9.78900308e-02
9.51861032e-02
9.66929204e-02
9.63386194e-02
9.56446035e-02
9.50113647e-02
9.56594494e-02
9.60359560e-02
9.70370400e-02
9.41631614e-02
9.58611628e-02
9.68431766e-02
9.58252573e-02
9.60699129e-02
9.84104344e-02
9.69756253e-02
9.86134627e-02
9.75138866e-02
9.58396923e-02
9.56999459e-02
9.72604046e-02
9.63088058e-02
9.42713085e-02
9.68025027e-02
9.51666933e-02
9.71729977e-02
9.53623813e-02
9.77665357e-02
9.61957863e-02
9.70237435e-02
9.57652401e-02
9.68246732e-02
9.80815158e-02
9.66956816e-02
9.63078701e-02
9.56577250e-02
9.52020119e-02
9.84451828e-02
9.75368972e-02
9.50250316e-02
9.53369287e-02
9.65047747e-02
9.55208940e-02
9.49996825e-02
9.69025981e-02
9.58166217e-02
9.69909752e-02
9.94188222e-02
9.59475463e-02
9.56969718e-02
9.72557385e-02
9.61602613e-02
9.51940554e-02
9.70650020e-02
9.49943987e-02
9.57578448e-02
9.63378886e-02
9.68569097e-02
9.53844254e-02
9.74111153e-02
9.55581359e-02
9.68810217e-02
9.59738309e-02
9.76517673e-02
9.68097490e-02
9.82782579e-02
9.92287825e-02
9.78812183e-02
9.63886944e-02
9.62847516e-02
9.75118690e-02
9.45926644e-02
9.83497658e-02
9.88662224e-02
9.83249764e-02
9.62820436e-02
9.59370360e-02
9.69572872e-02
9.59915686e-02
9.33378750e-02
9.72903937e-02
9.70572681e-02
9.66589888e-02
9.51722140e-02
9.66401305e-02
9.76462906e-02
9.43229612e-02
9.71581109e-02
9.55259261e-02
9.73571392e-02
9.77813291e-02
9.64561212e-02
9.86323374e-02
9.55631232e-02
9.46707537e-02
9.42095258e-02
9.89399864e-02
9.58593857e-02
9.61847763e-02
9.76378150e-02
9.63422184e-02
9.70466766e-02
9.71752142e-02
9.84274409e-02
9.50720190e-02
9.74707929e-02
9.74837383e-02
9.80629031e-02
9.53308680e-02
9.86630710e-02
9.60545202e-02
9.78189885e-02
9.56057130e-02
9.54228439e-02
9.83259938e-02
9.80648442e-02
9.62261163e-02
9.66989638e-02
9.53914885e-02
9.76100500e-02
9.66709495e-02
9.58517517e-02
9.82299051e-02
9.89567771e-02
1.00669404e-01
9.69645816e-02
9.37623222e-02
9.60321971e-02
9.89088167e-02
9.70754842e-02
9.84453156e-02
9.62245780e-02
9.45775456e-02
9.82024417e-02
9.53181314e-02
9.55623703e-02
9.51767091e-02
9.83836311e-02
9.53722429e-02
9.67604115e-02
9.71726732e-02
9.45239678e-02
9.93969288e-02
9.72545100e-02
9.59237926e-02
9.70086509e-02
9.76085433e-02
9.46409175e-02
9.63640892e-02
9.75611733e-02
9.84357191e-02
9.47369664e-02
9.78328077e-02
9.63868508e-02
9.58071718e-02
9.73301733e-02
9.82585740e-02
9.67037172e-02
9.57335035e-02
9.80427839e-02
9.74434523e-02
9.63619947e-02
9.59644283e-02
9.54067656e-02
9.73523690e-02
9.67412634e-02
9.82963470e-02
9.83294591e-02
9.51178194e-02
9.44279206e-02
9.62499907e-02
9.43352786e-02
9.80014006e-02
9.90401098e-02
9.67172444e-02
9.98683149e-02
9.54720418e-02
9.78781510e-02
9.76661417e-02
9.61514055e-02
9.52621567e-02
9.55200996e-02
9.80562275e-02
9.61370404e-02
9.48797357e-02
9.75407857e-02
9.72641595e-02
9.63243292e-02
9.53066122e-02
9.76283287e-02
9.83246758e-02
9.73632805e-02
9.61515092e-02
9.74533892e-02
9.54518925e-02
9.56068477e-02
9.54397854e-02
9.73857722e-02
9.61404636e-02
9.69525712e-02
9.65073146e-02
9.75864584e-02
9.73444196e-02
9.57359471e-02
9.70003899e-02
9.59772507e-02
9.68714426e-02
9.75107749e-02
9.61978619e-02
9.74439339e-02
9.61718784e-02
9.60016552e-02
9.87460324e-02
9.77764004e-02
9.94886017e-02
9.74501039e-02
9.78387238e-02
9.81755064e-02
9.65297830e-02
9.49131192e-02
9.65529537e-02
9.50152771e-02
9.82752566e-02
9.63267666e-02
9.58966186e-02
9.97736982e-02
9.73326491e-02
9.36273567e-02
9.71886445e-02
9.74011164e-02
9.54552029e-02
9.81794292e-02
9.70617527e-02
9.86471315e-02
9.67388152e-02
9.77507547e-02
9.60132652e-02
9.34930320e-02
9.51508580e-02
9.50674605e-02
9.45920400e-02
9.60570786e-02
9.61266913e-02
9.86134051e-02
9.62138485e-02
9.57951984e-02
9.67164859e-02
9.77768318e-02
9.44954477e-02
9.53065021e-02
9.75450163e-02
9.64879402e-02
9.72313641e-02
9.71831995e-02
9.59989643e-02
9.65191079e-02
9.66011529e-02
9.62611520e-02
9.44726652e-02
9.80148942e-02
9.66362381e-02
9.70822612e-02
9.78954998e-02
9.70627824e-02
9.69438061e-02
9.73909939e-02
9.60745377e-02
9.78847997e-02
9.65156989e-02
9.63596004e-02
9.57953679e-02
9.64914024e-02
9.63309080e-02
9.69425428e-02
9.38673340e-02
9.59556697e-02
9.72734807e-02
9.53320518e-02
9.72964396e-02
9.57174737e-02
9.51109706e-02
9.45564489e-02
9.56320740e-02
9.72562062e-02
9.73055002e-02
9.64058412e-02
9.39641838e-02
9.71554165e-02
9.47760154e-02
9.90208561e-02
9.68279048e-02
9.63182639e-02
9.56573341e-02
9.87526263e-02
9.51956455e-02
9.62436526e-02
9.61308912e-02
9.43521495e-02
9.63796392e-02
9.91064635e-02
9.68255900e-02
9.70071973e-02
9.76914878e-02
9.77349974e-02
9.75816754e-02
9.55313115e-02
9.60629983e-02
9.60304597e-02
9.73872320e-02
9.60780220e-02
9.47884839e-02
9.52666096e-02
9.54608353e-02
9.66491486e-02
9.66055169e-02
9.58600224e-02
9.79846642e-02
9.47825305e-02
9.66977791e-02
9.74943585e-02
9.53260241e-02
9.57788347e-02
9.86315751e-02
9.66187119e-02
9.52868731e-02
9.80129247e-02
9.72166658e-02
9.46132361e-02
9.55511908e-02
9.87000201e-02
9.57806964e-02
9.64564759e-02
9.61169120e-02
9.78312914e-02
9.76539417e-02
9.47524326e-02
9.88243380e-02
9.54898479e-02
9.69994187e-02
9.78137844e-02
9.28795889e-02
9.62580933e-02
9.89300491e-02
9.45752935e-02
9.83942257e-02
9.71233769e-02
9.86680396e-02
9.82980371e-02
9.68114376e-02
9.75421443e-02
9.94109309e-02
9.73957850e-02
9.60845502e-02
9.66096256e-02
9.66850091e-02
9.48735457e-02
9.52998476e-02
9.57709031e-02
9.61763237e-02
9.74040567e-02
9.50526235e-02
9.84160471e-02
9.94494993e-02
9.50462355e-02
9.60571530e-02
9.54733197e-02
9.54479790e-02
9.41943870e-02
9.70296193e-02
9.68090368e-02
9.68294356e-02
9.64006952e-02
9.59606455e-02
9.55508175e-02
9.76595157e-02
9.54932903e-02
9.67772846e-02
9.79555910e-02
9.84287115e-02
9.70031859e-02
9.72916050e-02
9.61928986e-02
9.76794778e-02
9.61115013e-02
9.57755478e-02
9.67318031e-02
9.60563113e-02
9.79846020e-02
9.67712814e-02
9.50230503e-02
9.46001900e-02
9.54958030e-02
9.92613122e-02
9.66367734e-02
9.86040689e-02
9.74534600e-02
9.79628741e-02
9.93317646e-02
9.66193062e-02
9.75125864e-02
9.66009606e-02
9.61903961e-02
9.51712851e-02
9.75784673e-02
9.57963285e-02
9.62289264e-02
9.47646747e-02
9.88804101e-02
9.55212648e-02
9.65993639e-02
9.54889145e-02
9.83966145e-02
9.60527760e-02
9.64498189e-02
9.82922350e-02
9.54283947e-02
9.64027291e-02
9.54071326e-02
9.59938444e-02
9.82534374e-02
9.78436652e-02
9.81698397e-02
9.73129275e-02
9.57349737e-02
9.63797558e-02
9.60559831e-02
9.68360782e-02
9.58552920e-02
9.83921510e-02
9.98374299e-02
9.64290607e-02
9.69090920e-02
9.75717835e-02
9.62047802e-02
9.81511862e-02
9.64253991e-02
9.77073755e-02
9.74898040e-02
9.69197920e-02
9.61693003e-02
9.61333307e-02
9.73785715e-02
9.40472430e-02
9.54840317e-02
9.68678671e-02
9.43721146e-02
9.84561387e-02
9.52200905e-02
9.74283033e-02
9.66860907e-02
9.64817411e-02
9.89421462e-02
9.45157415e-02
9.66864613e-02
9.70216994e-02
9.46446549e-02
9.74680807e-02
9.71723911e-02
9.98463555e-02
9.92614965e-02
9.71785692e-02
9.65277549e-02
1.00136450e-01
9.80289330e-02
9.63359711e-02
9.69684511e-02
9.73673892e-02
9.68217226e-02
9.70070447e-02
9.50420152e-02
9.55223506e-02
9.58673839e-02
9.85227885e-02
9.73475902e-02
9.60913664e-02
9.81849995e-02
9.77670714e-02
9.59636072e-02
9.49926390e-02
9.71889227e-02
9.77454897e-02
9.55755941e-02
9.61389217e-02
9.65592751e-02
9.40073130e-02
9.61689971e-02
9.50983052e-02
9.74807668e-02
9.52316547e-02
9.73114951e-02
9.45196227e-02
9.64091094e-02
9.81870004e-02
9.85644560e-02
9.56246295e-02
9.97546869e-02
9.64751871e-02
9.35306492e-02
9.70128454e-02
9.60106760e-02
9.68586062e-02
9.51127512e-02
9.66395214e-02
9.73396630e-02
9.61399424e-02
9.79280780e-02
9.65009705e-02
9.78078720e-02
9.61953789e-02
9.82783605e-02
9.68755710e-02
9.57264483e-02
9.84058968e-02
9.56972666e-02
9.68818130e-02
9.56165098e-02
9.77952264e-02
9.78544308e-02
9.67919542e-02
9.73358515e-02
9.85188385e-02
9.82058413e-02
9.84659490e-02
9.55163513e-02
9.58816672e-02
9.50526588e-02
9.76553512e-02
9.49595656e-02
9.69631571e-02
9.56717421e-02
9.45498929e-02
9.67803235e-02
9.73459650e-02
9.81017993e-02
9.74083313e-02
9.68055735e-02
9.59026139e-02
1.00094389e-01
9.46931156e-02
9.62170669e-02
9.57166559e-02
9.83231210e-02
9.61012350e-02
9.53774530e-02
9.98655446e-02
9.41457716e-02
9.57629570e-02
9.50221804e-02
9.79338469e-02
9.61201680e-02
9.78118501e-02
9.67472101e-02
9.52674400e-02
9.70057398e-02
9.75977240e-02
9.44667099e-02
1.01123045e-01
9.82606095e-02
9.48371758e-02
9.74475706e-02
9.56824762e-02
9.81742899e-02
9.41884689e-02
9.63802425e-02
9.88394246e-02
9.92367174e-02
9.50689659e-02
9.60228919e-02
9.81247377e-02
9.63381084e-02
9.70637745e-02
9.73225207e-02
9.71966885e-02
9.41721702e-02
9.56023864e-02
9.59613208e-02
9.78965464e-02
9.67975185e-02
9.70949508e-02
9.65989513e-02
9.87595586e-02
9.49979223e-02
9.68227182e-02
9.57757503e-02
9.81454031e-02
9.69340501e-02
9.69145406e-02
9.75290595e-02
9.32107510e-02
9.42221326e-02
9.63936310e-02
9.76024050e-02
9.63733812e-02
9.63412902e-02
9.75853494e-02
9.59274979e-02
9.80886311e-02
9.63748821e-02
9.81448105e-02
9.70290790e-02
9.66656291e-02
9.62030062e-02
9.68190232e-02
9.69209601e-02
9.50464252e-02
9.64108624e-02
9.51503062e-02
9.92339782e-02
9.67132666e-02
9.71014006e-02
9.48002021e-02
9.50065411e-02
9.63872416e-02
9.57332345e-02
9.72849623e-02
9.69658255e-02
9.59621004e-02
9.62399788e-02
9.63021648e-02
9.67899383e-02
9.74426188e-02
1.00799332e-01
9.61977122e-02
9.61435778e-02
9.82236722e-02
9.60891315e-02
9.68428900e-02
9.63422990e-02
9.72871575e-02
9.75108259e-02
9.64809693e-02
9.86785564e-02
9.50712447e-02
9.73353985e-02
9.53877103e-02
9.81393258e-02
9.76257301e-02
9.82739584e-02
9.65717690e-02
9.57519091e-02
9.64926698e-02
9.95143068e-02
9.53495562e-02
9.61619974e-02
9.53855891e-02
9.59984476e-02
9.75385358e-02
9.51154864e-02
9.56247285e-02
9.64276652e-02
9.64143553e-02
9.95449717e-02
9.71073503e-02
9.75621065e-02
9.50325393e-02
9.43300261e-02
9.43059621e-02
9.56239813e-02
9.45507677e-02
9.73586477e-02
9.62067813e-02
9.73785296e-02
9.97914284e-02
9.52876248e-02
9.52157865e-02
9.35122872e-02
9.52479103e-02
9.64872698e-02
9.56255971e-02
9.44037535e-02
9.61965856e-02
9.55633898e-02
9.56099835e-02
9.73126315e-02
9.66635397e-02
9.62849687e-02
9.61614846e-02
9.76749504e-02
9.46253453e-02
9.66536938e-02
9.65053339e-02
9.53372347e-02
9.71189801e-02
9.88851710e-02
9.84051303e-02
9.46637780e-02
9.56909820e-02
9.55952059e-02
9.78011329e-02
9.63769705e-02
9.80111757e-02
9.67798897e-02
9.59763799e-02
9.60760073e-02
9.53636721e-02
9.69331632e-02
9.60595113e-02
9.71055244e-02
9.88981264e-02
9.67245277e-02
9.77983768e-02
9.51876687e-02
9.70283884e-02
9.61830908e-02
9.54468570e-02
9.73193587e-02
9.69987835e-02
9.63787168e-02
9.72943923e-02
9.62947220e-02
9.61348535e-02
9.76034178e-02
9.73168118e-02
9.59126458e-02
9.50609517e-02
9.40415076e-02
9.67005411e-02
9.58206806e-02
9.84938618e-02
9.73425076e-02
9.49742981e-02
9.69324027e-02
9.53041435e-02
9.80334989e-02
9.55728470e-02
9.65402264e-02
9.81646556e-02
9.84551429e-02
9.61619366e-02
9.73318644e-02
9.62132209e-02
9.59831545e-02
9.77641547e-02
9.64018358e-02
9.50696047e-02
9.78934937e-02
9.60582315e-02
9.51664945e-02
9.65948406e-02
9.66469500e-02
9.76989314e-02
9.68684334e-02
9.58143275e-02
9.76153990e-02
9.71862912e-02
9.41639129e-02
9.54187635e-02
9.61585477e-02
9.81525537e-02
9.73523252e-02
9.78327448e-02
9.69892179e-02
9.58728518e-02
9.79262211e-02
9.74116993e-02
9.81999286e-02
9.76568190e-02
9.51726716e-02
9.75162148e-02
9.56802139e-02
9.68171366e-02
9.59197498e-02
9.34258279e-02
9.81520709e-02
9.50463973e-02
9.56574676e-02
9.48677481e-02
9.68854819e-02
9.77007440e-02
9.63201897e-02
9.62032454e-02
9.84371230e-02
9.66452672e-02
9.72141797e-02
9.82754790e-02
9.58957031e-02
9.76584983e-02
9.82234602e-02
9.70358188e-02
9.57994508e-02
9.66922689e-02
9.77953470e-02
9.62244287e-02
9.55280859e-02
9.59900297e-02
9.64165347e-02
9.56811905e-02
9.75815629e-02
9.69111951e-02
9.72275758e-02
9.49937380e-02
9.64940432e-02
9.81803775e-02
9.69615416e-02
9.62944035e-02
9.73804505e-02
9.54415417e-02
9.71359044e-02
9.66465784e-02
9.78647189e-02
9.47484724e-02
9.81403226e-02
9.95342380e-02
9.59487566e-02
9.83829283e-02
9.62032161e-02
9.66604146e-02
9.63616750e-02
9.72463970e-02
9.76568366e-02
9.54050470e-02
9.61567614e-02
9.83016051e-02
9.64240713e-02
9.70804259e-02
9.54252417e-02
9.64874000e-02
9.94251911e-02
9.52905955e-02
9.87047472e-02
9.60712026e-02
9.53183700e-02
9.64465184e-02
9.53866584e-02
9.83511668e-02
9.59431443e-02
9.49041812e-02
9.52845212e-02
9.93740866e-02
9.68631800e-02
9.66568008e-02
9.55250820e-02
9.58621142e-02
9.70472907e-02
9.74190328e-02
9.84681288e-02
9.57860370e-02
9.94807907e-02
9.44665976e-02
9.77453346e-02
9.51463591e-02
9.51964727e-02
9.48495753e-02
9.65759449e-02
9.58995968e-02
9.66205814e-02
9.71832914e-02
9.53781637e-02
9.68121610e-02
9.66666455e-02
9.65668500e-02
9.45248077e-02
9.52538337e-02
9.75231649e-02
9.47833695e-02
9.62081044e-02
9.72270257e-02
9.85968936e-02
9.80714438e-02
9.67205078e-02
9.66360091e-02
9.63031302e-02
9.75394371e-02
9.67290484e-02
9.81185796e-02
9.60976370e-02
9.69679565e-02
9.59670484e-02
9.49294764e-02
9.64640641e-02
9.65916508e-02
9.53154526e-02
9.57038322e-02
9.51463038e-02
9.82839027e-02
9.74329968e-02
9.61675273e-02
9.66083925e-02
9.57056361e-02
9.59651498e-02
9.67215181e-02
9.75373866e-02
9.67396809e-02
9.68131796e-02
9.64108011e-02
9.66406722e-02
9.63158071e-02
9.59100093e-02
9.59048847e-02
9.63848648e-02
9.59849997e-02
9.69246830e-02
9.62835606e-02
9.66587925e-02
9.53988100e-02
9.70787714e-02
9.63057135e-02
9.70607611e-02
9.83455287e-02
9.61690868e-02
9.81733263e-02
9.81913713e-02
9.73245229e-02
9.61162589e-02
9.69076405e-02
9.37005044e-02
9.55838926e-02
9.56790211e-02
1.00182818e-01
9.40401323e-02
9.58548730e-02
9.43762101e-02
9.74260346e-02
9.66222501e-02
9.94934831e-02
9.72982162e-02
9.69379728e-02
9.83996729e-02
9.64133870e-02
9.60919085e-02
9.67529940e-02
9.73580843e-02
9.62979427e-02
9.62319846e-02
9.75046835e-02
9.57136277e-02
9.51436139e-02
9.77518257e-02
9.66830033e-02
9.76809680e-02
9.58318410e-02
9.66813775e-02
9.53713347e-02
1.00486051e-01
9.72952002e-02
9.48673997e-02
9.54288234e-02
9.53240922e-02
9.62816790e-02
9.54483638e-02
9.83237242e-02
9.44508519e-02
9.58147810e-02
9.73277320e-02
9.70304609e-02
9.47208253e-02
9.70994104e-02
9.42195695e-02
9.71509643e-02
9.83452371e-02
9.87616669e-02
9.60766286e-02
9.76839559e-02
9.64237948e-02
9.72495022e-02
9.61011781e-02
9.55716905e-02
9.62240485e-02
9.64408223e-02
9.71030073e-02
9.60419033e-02
9.74035471e-02
9.64542443e-02
9.65172843e-02
9.61516202e-02
9.51776425e-02
9.54339703e-02
9.41095495e-02
9.61356971e-02
9.75517876e-02
9.64518747e-02
9.54715608e-02
9.62556764e-02
9.67943844e-02
9.63059989e-02
9.74149659e-02
9.76979929e-02
9.69758154e-02
9.65346099e-02
9.51978245e-02
9.62437685e-02
9.68403904e-02
9.56626109e-02
9.73707616e-02
9.61573602e-02
9.52534814e-02
9.63519961e-02
9.70159818e-02
9.71783190e-02
9.59971937e-02
9.59074041e-02
9.80136417e-02
9.77562534e-02
9.63811977e-02
9.51759403e-02
9.55194564e-02
9.84061030e-02
9.58313912e-02
9.50176845e-02
9.57728840e-02
9.55606789e-02
9.57068861e-02
9.44425342e-02
9.67424461e-02
9.72671535e-02
9.55459481e-02
9.47015168e-02
9.81330084e-02
9.56957152e-02
9.63224265e-02
9.42779391e-02
9.67370590e-02
9.71728310e-02
9.75596631e-02
9.90086372e-02
9.76487833e-02
9.56967543e-02
9.64328996e-02
9.37905461e-02
9.37130390e-02
9.63917313e-02
9.75458442e-02
9.70392190e-02
9.51621712e-02
9.54770466e-02
9.47021878e-02
9.80097097e-02
9.56976985e-02
9.77433868e-02
9.71992763e-02
9.74508910e-02
9.59847470e-02
9.61505797e-02
9.63007193e-02
9.81858639e-02
9.63487598e-02
9.69899824e-02
9.69302820e-02
9.71904627e-02
9.36984739e-02
9.64868533e-02
9.75659645e-02
9.75668930e-02
9.67394939e-02
9.76106017e-02
9.66950694e-02
9.72483980e-02
9.71806417e-02
9.77304236e-02
9.28561118e-02
9.88459867e-02
9.63867304e-02
9.82071036e-02
9.56574357e-02
9.71288548e-02
9.69240178e-02
9.72083809e-02
9.68851917e-02
9.60419140e-02
9.66119344e-02
9.68588258e-02
9.59997801e-02
9.83651027e-02
9.68829841e-02
9.77539259e-02
9.74900895e-02
9.75128545e-02
9.65222528e-02
9.89444118e-02
9.68408495e-02
9.79470724e-02
9.90652812e-02
9.56589946e-02
9.80708785e-02
9.68750636e-02
9.82117439e-02
9.50986668e-02
9.77849413e-02
9.65073544e-02
9.66753973e-02
9.37061278e-02
9.46938891e-02
9.69167073e-02
9.62720244e-02
9.51029143e-02
9.80707097e-02
9.73303549e-02
9.75421364e-02
9.56349979e-02
9.72157652e-02
9.71540612e-02
9.64695668e-02
9.60231057e-02
9.65617896e-02
9.71806516e-02
9.80781513e-02
9.54050491e-02
9.83069548e-02
9.83320211e-02
9.62689842e-02
9.63973381e-02
9.58871586e-02
9.62441601e-02
9.43514197e-02
9.74756716e-02
9.77267822e-02
9.60191088e-02
9.49878403e-02
9.53557039e-02
9.73539733e-02
9.48483910e-02
9.82616834e-02
9.52225233e-02
9.49114720e-02
9.71524254e-02
9.72003490e-02
9.78269278e-02
9.73640220e-02
9.48857690e-02
9.52488437e-02
9.65389629e-02
9.81515306e-02
9.67088757e-02
9.80010125e-02
9.67853939e-02
9.46613794e-02
9.70522834e-02
9.66440097e-02
9.93342704e-02
9.66418737e-02
9.86362261e-02
9.84250266e-02
9.64115968e-02
9.24614433e-02
9.68745932e-02
9.77378352e-02
9.61245143e-02
9.50224173e-02
9.87725361e-02
9.54747627e-02
9.64737951e-02
9.88590513e-02
9.50729209e-02
9.35649929e-02
9.79060743e-02
9.78367477e-02
9.58281166e-02
9.90002523e-02
9.60944919e-02
9.69536505e-02
9.58481332e-02
9.75988975e-02
9.78108874e-02
9.61409948e-02
9.67997453e-02
9.53043023e-02
9.70852718e-02
9.61660436e-02
9.73096367e-02
9.67157556e-02
9.65153501e-02
9.65365766e-02
9.57283521e-02
9.59005005e-02
9.62420885e-02
9.55773051e-02
9.76440040e-02
9.74871611e-02
9.50053143e-02
9.78260618e-02
9.87041103e-02
9.84466427e-02
9.68303618e-02
9.54116725e-02
9.58799636e-02
9.31680863e-02
9.51394779e-02
9.61462703e-02
9.80322331e-02
9.88736269e-02
9.53903417e-02
9.61578248e-02
9.78735597e-02
9.65989252e-02
9.72185532e-02
9.76970440e-02
9.52950304e-02
9.79830229e-02
9.49123932e-02
9.70129229e-02
9.62142263e-02
9.64013309e-02
9.62974584e-02
9.59462766e-02
9.44725240e-02
9.65812272e-02
9.50316986e-02
9.68780335e-02
9.91566548e-02
9.61758918e-02
9.60133286e-02
9.60671127e-02
9.81048137e-02
9.56385732e-02
9.43407122e-02
9.79796638e-02
9.60192656e-02
9.70148004e-02
9.60457283e-02
9.74309787e-02
9.68565817e-02
9.64562135e-02
9.64083664e-02
9.60577732e-02
9.50787407e-02
9.56198337e-02
9.79151849e-02
9.54498847e-02
9.88785411e-02
9.56799784e-02
9.54856095e-02
9.67817280e-02
9.62776809e-02
9.77726458e-02
9.86507116e-02
9.59356350e-02
9.62711787e-02
9.52350421e-02
9.77831567e-02
9.76510638e-02
9.63867073e-02
9.59500448e-02
9.58509759e-02
9.71003029e-02
9.64228636e-02
9.67265346e-02
9.64343461e-02
9.57592897e-02
9.53722671e-02
9.67701526e-02
9.49507728e-02
9.49043782e-02
9.50843833e-02
9.82184332e-02
9.65006676e-02
9.38353383e-02
9.83632049e-02
9.54864346e-02
9.81734640e-02
9.65201430e-02
9.63218892e-02
9.68287934e-02
9.79972370e-02
9.54648809e-02
9.54475193e-02
9.66831818e-02
9.66394091e-02
9.71649913e-02
9.29205277e-02
9.59948954e-02
9.70828442e-02
9.56419780e-02
9.61956586e-02
9.64311082e-02
9.54628306e-02
9.81138672e-02
9.57700229e-02
9.68935481e-02
9.86331027e-02
9.79168633e-02
9.77059767e-02
9.74547416e-02
9.69911607e-02
9.59827940e-02
9.57608901e-02
9.60969736e-02
9.57148138e-02
9.73810515e-02
9.88793441e-02
9.61117257e-02
9.91544614e-02
9.53754533e-02
9.50405416e-02
9.68031059e-02
9.61968945e-02
9.61059029e-02
9.67569674e-02
9.71382266e-02
9.63559377e-02
9.55457397e-02
9.71846436e-02
9.91352365e-02
9.97120036e-02
9.67585555e-02
9.79058379e-02
9.74076149e-02
9.88524412e-02
9.74918452e-02
9.90927580e-02
9.86914790e-02
9.61713797e-02
9.68548623e-02
9.65446842e-02
9.61656682e-02
9.71514028e-02
9.72565780e-02
9.64067837e-02
9.51076046e-02
9.36841210e-02
9.67221131e-02
9.52611956e-02
9.75451227e-02
9.89513527e-02
9.60280020e-02
9.68599099e-02
9.64550427e-02
9.51903393e-02
9.73973607e-02
9.49728493e-02
9.55658888e-02
9.88857553e-02
9.71269525e-02
9.62262619e-02
9.53875843e-02
9.66654966e-02
9.61692090e-02
9.58723017e-02
9.63662356e-02
9.68826722e-02
9.67088297e-02
9.74324669e-02
9.52693191e-02
9.48305148e-02
9.75199096e-02
9.79065242e-02
9.58369214e-02
9.80336019e-02
9.74523260e-02
9.49468177e-02
9.63891069e-02
9.57101212e-02
9.50494984e-02
9.50469229e-02
9.76553431e-02
9.55738051e-02
9.76170379e-02
9.57611408e-02
9.85799420e-02
9.69478496e-02
9.68730994e-02
9.64984242e-02
9.63752822e-02
9.76722824e-02
9.73893902e-02
9.74346534e-02
9.47453690e-02
9.52619360e-02
9.69811812e-02
9.92415766e-02
9.54750731e-02
9.74477522e-02
9.77989858e-02
9.62669937e-02
9.70267998e-02
9.62871415e-02
9.73804476e-02
9.75575611e-02
9.51055983e-02
9.68042355e-02
9.78268279e-02
9.69824730e-02
9.59710357e-02
9.89160809e-02
9.58779171e-02
9.46056497e-02
9.54326696e-02
9.66394573e-02
9.79807135e-02
9.79109379e-02
9.35451322e-02
9.62835145e-02
9.75523563e-02
9.57128723e-02
9.59192432e-02
9.63619752e-02
9.63381878e-02
9.78680515e-02
9.59845778e-02
9.56925842e-02
9.70565515e-02
9.67270202e-02
9.83132041e-02
9.54463685e-02
9.89466977e-02
9.65066413e-02
9.53950747e-02
9.67184750e-02
9.65988591e-02
9.83273475e-02
9.65949612e-02
9.54041803e-02
9.78055292e-02
9.66937396e-02
9.66023656e-02
9.54511097e-02
9.63244822e-02
9.78643475e-02
9.81223559e-02
9.69590413e-02
9.51708816e-02
9.66453292e-02
9.77028369e-02
9.62807466e-02
9.65733325e-02
9.77874549e-02
9.91399414e-02
9.61040491e-02
9.63650856e-02
9.73444521e-02
9.70300514e-02
9.59898138e-02
9.86817485e-02
9.58281736e-02
9.57151247e-02
1.00778874e-01
9.54498332e-02
9.66850410e-02
9.53270003e-02
9.71849263e-02
9.57288950e-02
9.94190132e-02
9.53512259e-02
9.79293135e-02
9.54999187e-02
9.55441144e-02
9.47662451e-02
9.60744387e-02
9.46539516e-02
9.49932163e-02
9.60131854e-02
9.74004436e-02
9.61296656e-02
9.81055401e-02
9.82676410e-02
9.66380720e-02
9.70974617e-02
9.84571825e-02
9.64789219e-02
9.81918216e-02
9.47248096e-02
9.66425582e-02
9.71490524e-02
9.50002156e-02
9.80313723e-02
9.57695935e-02
9.55470391e-02
9.58437673e-02
9.76420670e-02
9.62990151e-02
9.63101108e-02
9.72245476e-02
1.00128619e-01
9.96451506e-02
9.66739631e-02
9.83299497e-02
9.72691446e-02
9.70211319e-02
9.91405022e-02
9.50206999e-02
9.64496551e-02
9.77996828e-02
9.65303857e-02
9.76317288e-02
9.56456466e-02
9.74915320e-02
9.75923990e-02
9.44596444e-02
9.61313828e-02
9.55779582e-02
9.56861291e-02
9.93461765e-02
9.49723084e-02
9.72802380e-02
9.55578277e-02
9.93787264e-02
9.56878712e-02
9.30809844e-02
9.53812534e-02
9.83547438e-02
9.76403032e-02
9.57405353e-02
9.83229901e-02
9.56101715e-02
9.64637203e-02
9.61685186e-02
9.75812081e-02
9.65095071e-02
9.97503632e-02
9.84496066e-02
9.75930065e-02
9.87856103e-02
9.76914693e-02
9.84714730e-02
9.60188336e-02
9.53111541e-02
9.85072596e-02
9.90341145e-02
9.60063954e-02
9.43069191e-02
9.75002375e-02
9.68082093e-02
9.43911416e-02
9.65132362e-02
9.43435058e-02
9.56573640e-02
9.62384585e-02
9.71507585e-02
9.95447062e-02
9.57321915e-02
9.74155238e-02
9.51469197e-02
9.54002984e-02
9.54860469e-02
9.71831039e-02
9.77643519e-02
9.70321100e-02
9.53520332e-02
9.66053245e-02
9.77540194e-02
9.63953790e-02
9.64794155e-02
9.61234204e-02
9.36181397e-02
9.57769296e-02
9.98792784e-02
9.63675242e-02
9.75686330e-02
9.70498463e-02
9.69672905e-02
9.63789801e-02
9.74057203e-02
9.64880609e-02
9.48913155e-02
9.61211439e-02
9.55057947e-02
9.60904926e-02
9.54187605e-02
9.71288352e-02
9.61109352e-02
9.62856861e-02
9.76571577e-02
9.74689997e-02
9.69402650e-02
9.71589464e-02
9.76847531e-02
9.76942199e-02
9.59917758e-02
9.76554106e-02
9.50220322e-02
9.64666995e-02
9.96291904e-02
9.73586764e-02
9.85525308e-02
9.65465691e-02
9.55518365e-02
9.35312441e-02
9.84471871e-02
9.63257979e-02
9.73408177e-02
1.00170066e-01
9.50435092e-02
9.62919308e-02
9.81376741e-02
9.60641764e-02
9.52109470e-02
9.48882352e-02
9.78770088e-02
9.57639056e-02
9.76024842e-02
9.61006895e-02
9.40865558e-02
9.27180580e-02
9.68600122e-02
9.51864698e-02
9.65553253e-02
9.72060611e-02
9.59810744e-02
9.51962249e-02
9.74623097e-02
9.60292902e-02
9.82899816e-02
9.86011082e-02
9.55894672e-02
9.61990964e-02
9.78816553e-02
9.93379809e-02
9.69463550e-02
9.50030280e-02
9.68417667e-02
9.46658846e-02
9.50161859e-02
9.59779599e-02
9.55268610e-02
9.64829510e-02
1.00219665e-01
9.65478060e-02
9.66790049e-02
9.70615831e-02
9.60881113e-02
9.67293712e-02
9.59598390e-02
9.80457861e-02
9.38332261e-02
9.64732283e-02
9.62596739e-02
9.81056331e-02
9.64774684e-02
9.47417512e-02
9.64625990e-02
9.55761755e-02
9.44994086e-02
9.48340058e-02
9.70749487e-02
9.56089526e-02
9.57328567e-02
9.76813277e-02
9.64616529e-02
9.83391252e-02
9.52479077e-02
9.65733529e-02
9.72921998e-02
9.47604781e-02
9.73363434e-02
9.74647679e-02
9.56468128e-02
9.71576624e-02
9.67006322e-02
9.78517676e-02
9.51153862e-02
9.83263455e-02
9.75900277e-02
9.69610619e-02
9.66680271e-02
9.72773684e-02
9.70375611e-02
9.67280482e-02
9.47296426e-02
9.56067695e-02
9.79330347e-02
9.46705243e-02
9.78385988e-02
9.74540218e-02
9.60356772e-02
9.59236939e-02
9.80642326e-02
9.76106326e-02
9.64833672e-02
9.70576969e-02
9.62046600e-02
9.55628665e-02
9.89546274e-02
9.70864195e-02
9.61852216e-02
9.41947019e-02
9.76480447e-02
9.75179833e-02
9.74928020e-02
9.83026681e-02
9.88533020e-02
9.57568541e-02
9.52275000e-02
9.57989253e-02
9.40686305e-02
9.68616713e-02
9.76048397e-02
9.61299211e-02
9.51968202e-02
9.44249440e-02
9.51616924e-02
9.59907821e-02
9.35562088e-02
9.66070498e-02
9.47189719e-02
9.47680344e-02
9.48495739e-02
9.77761601e-02
9.75316835e-02
9.62637408e-02
9.68561347e-02
9.89065462e-02
9.53941352e-02
9.64349403e-02
9.64331971e-02
9.75613446e-02
9.93705872e-02
9.67960175e-02
9.67508379e-02
9.64318283e-02
9.67591333e-02
9.62350739e-02
9.77141979e-02
9.68138426e-02
9.78117808e-02
9.68990336e-02
9.50657829e-02
9.57667388e-02
9.68536833e-02
9.41651801e-02
9.43350648e-02
9.55633227e-02
9.63777039e-02
9.61017085e-02
9.70193061e-02
9.53595462e-02
9.65974085e-02
9.58257858e-02
9.51332704e-02
9.69089862e-02
9.62188544e-02
9.58073892e-02
9.40850145e-02
9.77118359e-02
9.47973162e-02
9.92043803e-02
9.73000247e-02
9.89482262e-02
9.82958853e-02
9.53595243e-02
9.57859299e-02
9.67420471e-02
9.64891224e-02
9.55236150e-02
9.96676376e-02
9.59566533e-02
9.64725333e-02
9.63160940e-02
9.58591954e-02
9.98412627e-02
9.86771895e-02
9.52429767e-02
9.70534142e-02
9.51780605e-02
9.64533099e-02
9.52851600e-02
9.54464295e-02
9.47545091e-02
9.68112178e-02
9.93731652e-02
9.74527628e-02
9.63955862e-02
9.68415850e-02
9.56441414e-02
9.70907076e-02
9.61669549e-02
9.60349982e-02
9.45121124e-02
9.70525120e-02
9.81086441e-02
9.45486229e-02
9.51196036e-02
9.81447998e-02
9.72727119e-02
9.61607490e-02
9.73827115e-02
9.56331023e-02
9.82599221e-02
9.71457157e-02
9.58752256e-02
9.89370845e-02
9.52816220e-02
9.80523864e-02
9.64999332e-02
9.63828440e-02
9.70663471e-02
9.56291044e-02
9.67941378e-02
9.90704307e-02
9.55682633e-02
9.79842134e-02
9.66601386e-02
9.79090744e-02
9.56651448e-02
9.70167592e-02
9.74987635e-02
9.56312433e-02
9.70660810e-02
9.80908072e-02
9.70013626e-02
9.74918619e-02
9.77148097e-02
9.85747946e-02
9.51625658e-02
9.66837508e-02
9.79032712e-02
9.54495401e-02
9.58454856e-02
9.52517148e-02
9.60820471e-02
9.44032648e-02
9.72556351e-02
9.80738327e-02
9.60209350e-02
9.57921619e-02
9.61467385e-02
9.58886418e-02
9.79305917e-02
9.81026258e-02
9.65375681e-02
9.58903786e-02
9.54838611e-02
9.48601703e-02
9.40319785e-02
9.67239419e-02
9.62762040e-02
9.67055958e-02
9.50628328e-02
9.68181753e-02
9.50363373e-02
9.67735978e-02
9.68297597e-02
9.74716745e-02
9.60188185e-02
9.77654721e-02
9.68637374e-02
9.77207452e-02
9.63876368e-02
9.58559414e-02
9.55284262e-02
9.66867227e-02
9.63144094e-02
9.79440002e-02
9.76326601e-02
9.51086631e-02
9.66046346e-02
9.79511819e-02
9.60292900e-02
9.63551483e-02
9.60699398e-02
9.64744257e-02
9.65670296e-02
9.47450930e-02
9.55440020e-02
9.60484955e-02
9.44124467e-02
9.80067203e-02
9.53814286e-02
9.96296838e-02
9.51849756e-02
9.65853059e-02
9.63724730e-02
9.64820643e-02
9.81933874e-02
9.61111020e-02
9.75705834e-02
9.65348170e-02
9.56724958e-02
9.58003457e-02
9.71851922e-02
9.41348253e-02
9.31816694e-02
9.48911548e-02
9.67119672e-02
9.79344415e-02
9.59857023e-02
9.63838699e-02
9.43944685e-02
9.56261236e-02
9.89031993e-02
9.77860027e-02
9.69455766e-02
9.82237557e-02
9.80999146e-02
9.47537396e-02
9.58122063e-02
9.70106734e-02
9.54758224e-02
9.60308976e-02
9.65930524e-02
9.68906043e-02
9.60829145e-02
9.64958765e-02
9.89131132e-02
9.70612668e-02
9.50158899e-02
9.70258735e-02
9.72343560e-02
9.67413726e-02
9.71329291e-02
9.82447160e-02
9.45754884e-02
9.50922176e-02
9.97605263e-02
9.60348064e-02
9.39730819e-02
9.67447152e-02
9.87707426e-02
9.69601474e-02
9.50366257e-02
9.69461435e-02
9.64426204e-02
9.76393352e-02
9.61622825e-02
9.62269897e-02
9.72703834e-02
9.71277212e-02
9.55329804e-02
9.72034320e-02
9.46299356e-02
9.71636352e-02
9.79173246e-02
9.65801412e-02
9.57826666e-02
9.76114359e-02
9.47480908e-02
9.57447224e-02
9.70848182e-02
9.67560385e-02
9.88912409e-02
9.68459846e-02
9.83078471e-02
9.51278050e-02
9.62748943e-02
9.59188798e-02
9.66885924e-02
9.80958534e-02
9.77537960e-02
9.78012161e-02
9.74944537e-02
9.70106220e-02
9.75039428e-02
9.71226282e-02
9.47982582e-02
9.82351733e-02
9.43566428e-02
9.59195011e-02
9.75547018e-02
9.49720004e-02
9.69468081e-02
9.85632345e-02
9.63894718e-02
9.79230148e-02
9.60712897e-02
9.70318735e-02
1.00914599e-01
9.57296102e-02
9.64376794e-02
9.80196612e-02
9.42444406e-02
9.68747455e-02
9.67862076e-02
9.80630527e-02
9.54622700e-02
9.62580204e-02
9.43723359e-02
9.58340733e-02
9.77015643e-02
9.74942638e-02
9.55497097e-02
9.46016318e-02
9.59197825e-02
9.37391927e-02
9.76660111e-02
9.60392512e-02
9.60090006e-02
9.50234054e-02
9.66887331e-02
9.53398200e-02
9.86664047e-02
9.49383559e-02
9.81484215e-02
9.62794578e-02
9.49095166e-02
9.61152476e-02
9.77151827e-02
9.96548200e-02
9.65842470e-02
9.50884546e-02
9.50899010e-02
9.76264196e-02
9.91264219e-02
9.72766257e-02
1.00440354e-01
9.69900351e-02
9.52513577e-02
9.66522460e-02
9.69032377e-02
9.63463795e-02
9.65265768e-02
9.68964749e-02
9.57143834e-02
9.77814980e-02
9.63579800e-02
9.45693790e-02
9.75500155e-02
9.69439993e-02
9.75779860e-02
9.54309232e-02
9.56422248e-02
9.78068775e-02
9.85454928e-02
9.71768823e-02
9.69585870e-02
9.81083434e-02
9.61220458e-02
9.49379146e-02
9.55677784e-02
9.77354364e-02
9.72432938e-02
9.62710622e-02
9.59052575e-02
9.82874048e-02
9.72141494e-02
9.65927609e-02
9.59873842e-02
9.62874207e-02
9.66558250e-02
9.68819428e-02
9.63989971e-02
9.55823832e-02
9.70349787e-02
9.81442968e-02
9.57205067e-02
9.78528940e-02
9.60555201e-02
9.54472853e-02
9.45870766e-02
9.46626097e-02
9.75725447e-02
9.71891044e-02
9.74739211e-02
9.72196151e-02
9.62186801e-02
9.69814319e-02
9.51636136e-02
9.67160705e-02
9.75786327e-02
9.70596016e-02
9.71107437e-02
9.77524056e-02
9.67786854e-02
9.52343299e-02
9.52908280e-02
9.86111334e-02
9.75563224e-02
9.71440475e-02
9.66694776e-02
9.58918749e-02
9.49608609e-02
9.55234077e-02
9.61019312e-02
9.67792050e-02
9.83428599e-02
9.63717154e-02
9.72578513e-02
9.46541465e-02
9.47823610e-02
9.81742592e-02
9.57227231e-02
9.54211190e-02
9.47362694e-02
1.00062822e-01
9.59914932e-02
9.67032935e-02
9.82339803e-02
9.56025745e-02
9.67882872e-02
9.77188645e-02
9.69048413e-02
9.60767951e-02
9.68768532e-02
9.74932638e-02
9.57001027e-02
9.31897225e-02
9.54141054e-02
9.77737972e-02
9.70644082e-02
9.54914011e-02
9.81681293e-02
9.84029268e-02
9.64710907e-02
9.71763136e-02
9.59659010e-02
9.63187937e-02
9.83278456e-02
9.63132806e-02
9.76721087e-02
9.65850965e-02
9.93810887e-02
9.72281906e-02
9.40192096e-02
9.65455505e-02
9.57606934e-02
9.71528429e-02
9.84299183e-02
9.60718939e-02
9.71289388e-02
9.67561300e-02
9.63162717e-02
9.65786000e-02
9.50004845e-02
9.62134398e-02
9.82760356e-02
9.75486951e-02
9.81206425e-02
9.80407089e-02
9.79197095e-02
9.84141275e-02
9.62795081e-02
9.84343858e-02
9.83064141e-02
9.64303166e-02
9.54283170e-02
9.56822303e-02
9.77153780e-02
9.87633768e-02
9.96091663e-02
9.64724333e-02
9.74432354e-02
9.91847567e-02
9.54692920e-02
9.67720882e-02
9.70051448e-02
9.86763915e-02
9.58327388e-02
9.67592864e-02
9.76294333e-02
9.79994455e-02
9.64924752e-02
9.85551190e-02
9.75486583e-02
9.79376379e-02
9.70960989e-02
9.60176436e-02
9.71138142e-02
9.68853074e-02
9.57386819e-02
9.98755652e-02
9.65258322e-02
9.74300767e-02
9.71001407e-02
9.69597134e-02
9.92031453e-02
9.91870784e-02
9.49492461e-02
9.65194033e-02
9.54809768e-02
9.70557544e-02
9.55143678e-02
9.60280136e-02
9.76828667e-02
9.72582380e-02
9.80403179e-02
9.78266336e-02
9.52106930e-02
9.73325823e-02
9.42264830e-02
9.67530356e-02
9.69632672e-02
9.76803414e-02
9.66298127e-02
9.46737739e-02
9.54659199e-02
9.73280311e-02
9.79986236e-02
9.85852398e-02
9.78671880e-02
9.58638890e-02
9.63907587e-02
9.50319743e-02
9.53742468e-02
9.65817925e-02
9.76135488e-02
9.53338871e-02
9.64195439e-02
9.64366910e-02
9.76510574e-02
9.77468743e-02
9.70622721e-02
9.68826467e-02
9.72474067e-02
9.37468816e-02
9.59012437e-02
9.46131145e-02
9.61059608e-02
9.57053484e-02
9.69594328e-02
9.70859096e-02
9.63151034e-02
9.76365666e-02
9.90573996e-02
9.62815411e-02
9.79085901e-02
9.56577212e-02
9.69815899e-02
9.67839019e-02
9.35831084e-02
9.43955693e-02
9.78325885e-02
9.68708596e-02
9.80679024e-02
9.77641992e-02
9.54442900e-02
9.78608683e-02
9.71854175e-02
9.54255306e-02
9.59833144e-02
9.73760855e-02
9.67134499e-02
9.71098163e-02
9.66512555e-02
9.64598800e-02
9.45777554e-02
9.61991619e-02
9.60120812e-02
9.78170386e-02
9.56431726e-02
9.60866792e-02
9.50996234e-02
9.62972043e-02
9.55515908e-02
9.66972116e-02
9.73593186e-02
9.76227345e-02
9.46645476e-02
9.69731666e-02
9.54508183e-02
9.79356827e-02
9.67029282e-02
9.74941615e-02
9.49549378e-02
9.78874498e-02
9.85970731e-02
9.68289873e-02
9.56166973e-02
9.58100784e-02
9.91535937e-02
9.64575987e-02
9.53688154e-02
9.59237819e-02
9.64654271e-02
9.71988121e-02
9.71960020e-02
9.60692059e-02
9.96780818e-02
9.69555660e-02
9.59595191e-02
9.69678518e-02
9.67075244e-02
9.39397551e-02
9.58019621e-02
9.59138589e-02
9.69918926e-02
9.80716961e-02
9.72831521e-02
9.75899502e-02
9.66069206e-02
9.49485826e-02
9.80336841e-02
9.62072768e-02
9.80607992e-02
9.57358882e-02
9.57022393e-02
9.68234666e-02
9.55186693e-02
9.71700965e-02
9.58522784e-02
9.82838015e-02
9.78212025e-02
9.55585332e-02
9.71950145e-02
9.57140441e-02
9.64342683e-02
9.44670279e-02
9.91004887e-02
9.61247701e-02
9.72789059e-02
9.71620648e-02
9.63885460e-02
9.55460872e-02
9.37043400e-02
9.62666473e-02
9.52339963e-02
9.68347289e-02
9.64630404e-02
9.81147579e-02
9.84927306e-02
9.70368990e-02
9.69404198e-02
9.79523844e-02
9.56679836e-02
9.80945565e-02
9.65421749e-02
9.85987587e-02
9.65290729e-02
9.52380355e-02
9.86588170e-02
9.70534483e-02
9.61835406e-02
9.65416099e-02
9.68418705e-02
9.75197556e-02
9.75010218e-02
9.74343836e-02
9.62291908e-02
9.64327633e-02
9.51093372e-02
9.47891362e-02
9.74024035e-02
9.42401536e-02
9.85040622e-02
9.55634745e-02
9.74356260e-02
9.50965043e-02
9.77501221e-02
9.56098086e-02
9.51667399e-02
9.79135953e-02
9.91993837e-02
9.45740306e-02
9.53129095e-02
9.98042100e-02
9.70970385e-02
9.64399625e-02
9.67120944e-02
9.61049665e-02
9.67606132e-02
9.47997080e-02
9.61895271e-02
9.73223780e-02
9.63832741e-02
9.67116011e-02
9.99040249e-02
9.59017161e-02
9.51961949e-02
9.58347413e-02
9.71434370e-02
9.78775428e-02
9.75414829e-02
9.50336553e-02
9.74590846e-02
9.57468076e-02
9.53665479e-02
9.79626250e-02
9.60711969e-02
9.67794577e-02
9.65045646e-02
9.65543520e-02
9.64971060e-02
9.58714827e-02
9.52322204e-02
9.58728914e-02
9.61242777e-02
9.58983406e-02
9.58138610e-02
9.40367241e-02
9.75573621e-02
9.77097943e-02
9.61259329e-02
9.51569473e-02
9.43765504e-02
9.74766754e-02
9.72401810e-02
9.65924068e-02
9.74626999e-02
9.54203922e-02
9.64540874e-02
9.61327154e-02
9.60838595e-02
9.78226162e-02
9.63129943e-02
9.63021262e-02
9.91743158e-02
9.58813537e-02
9.49322075e-02
9.73714858e-02
9.73723741e-02
9.65774369e-02
9.55626615e-02
9.56080884e-02
9.75164414e-02
9.74420789e-02
9.39760618e-02
9.42797043e-02
9.62060221e-02
9.71716435e-02
9.57692678e-02
9.70348308e-02
9.64039946e-02
9.67550950e-02
9.84836351e-02
9.61240582e-02
9.63924751e-02
9.71979448e-02
9.56611503e-02
9.79387581e-02
9.58722499e-02
9.65364946e-02
9.78416034e-02
9.86546194e-02
9.48008553e-02
9.50945743e-02
9.65339948e-02
9.72739474e-02
9.76685461e-02
9.41972735e-02
9.62157001e-02
9.58852210e-02
9.64800625e-02
9.52081773e-02
9.86709619e-02
9.56322448e-02
9.53449038e-02
9.58672901e-02
9.69007410e-02
9.81738648e-02
9.66193195e-02
9.62906230e-02
9.72958555e-02
9.67058777e-02
9.74121122e-02
9.58368001e-02
9.85648072e-02
9.84573567e-02
9.61653830e-02
9.64331708e-02
9.62884763e-02
9.71583090e-02
9.63841444e-02
9.65501949e-02
9.63761325e-02
9.88176304e-02
9.71825257e-02
9.95990704e-02
9.62843942e-02
9.83044365e-02
9.78271342e-02
9.65870171e-02
9.66970415e-02
9.51301994e-02
9.57705828e-02
9.59032887e-02
9.73692409e-02
9.55304491e-02
9.44088857e-02
9.68236120e-02
9.50588054e-02
9.80899631e-02
9.67277867e-02
9.57399861e-02
9.72635260e-02
9.55762971e-02
9.63139606e-02
9.64745402e-02
9.74044884e-02
9.53934404e-02
9.70200125e-02
9.63236163e-02
9.53680364e-02
9.66982826e-02
9.59987535e-02
9.68214955e-02
9.62890970e-02
9.54172027e-02
9.75692537e-02
9.66399991e-02
9.63598090e-02
9.50412044e-02
9.63140068e-02
1.01200232e-01
9.53182423e-02
9.69000138e-02
9.88204234e-02
9.35154644e-02
9.63016596e-02
9.67061239e-02
9.59449152e-02
9.37921410e-02
9.70418268e-02
9.78625089e-02
9.85182443e-02
9.57172038e-02
9.67589718e-02
9.66589210e-02
9.64569072e-02
9.72786228e-02
9.51961692e-02
9.89401621e-02
9.62275066e-02
9.66134714e-02
9.66641871e-02
9.61702816e-02
9.52441473e-02
9.31962275e-02
9.80090900e-02
9.62718090e-02
9.77411489e-02
9.75332001e-02
9.70726153e-02
9.78498708e-02
9.67397391e-02
9.64113700e-02
9.61636044e-02
9.98779939e-02
9.68257362e-02
9.66133140e-02
9.63224432e-02
9.53693701e-02
9.65365701e-02
9.81140576e-02
9.66120474e-02
9.40579427e-02
9.80858059e-02
9.55175025e-02
9.66263921e-02
9.71429936e-02
9.49202445e-02
9.79022733e-02
9.81165107e-02
9.70780280e-02
9.53293787e-02
9.49794890e-02
9.83989789e-02
9.68602803e-02
9.78846052e-02
9.59081036e-02
9.81646148e-02
9.57299097e-02
9.71028711e-02
9.54106864e-02
9.71927286e-02
9.65293178e-02
9.81288643e-02
9.47077071e-02
9.71941464e-02
9.57198477e-02
9.77274805e-02
9.76439861e-02
9.88828835e-02
9.62056623e-02
9.41522869e-02
9.65367589e-02
9.50750193e-02
9.74699763e-02
9.59577605e-02
9.65315688e-02
9.78338735e-02
9.66340263e-02
9.62698342e-02
9.50481334e-02
9.69663266e-02
9.75648876e-02
9.51617505e-02
9.65300200e-02
9.73435686e-02
9.40706425e-02
9.67260789e-02
9.74239917e-02
9.44277236e-02
9.73812781e-02
9.82836330e-02
9.37513518e-02
9.63804752e-02
9.72089571e-02
9.62723952e-02
9.55341122e-02
9.52916592e-02
9.35051699e-02
9.69400066e-02
9.60733307e-02
9.80605088e-02
9.49060699e-02
9.80725365e-02
9.49468982e-02
9.58419371e-02
9.58091109e-02
9.55076811e-02
9.61272108e-02
9.49031650e-02
9.66999909e-02
9.56373029e-02
9.54315662e-02
9.57493257e-02
9.66338435e-02
9.67345593e-02
9.67466666e-02
9.75899952e-02
9.64644414e-02
9.45939303e-02
9.65177555e-02
9.62852357e-02
9.53679615e-02
9.33063135e-02
9.94195855e-02
9.66421789e-02
9.57338748e-02
9.51495131e-02
9.72484949e-02
9.75981790e-02
9.61080885e-02
9.49656750e-02
9.74521911e-02
9.58072250e-02
9.79030128e-02
9.79038886e-02
9.63587073e-02
9.56968469e-02
9.44698005e-02
9.82020856e-02
9.74282837e-02
9.71934416e-02
9.41212070e-02
9.73573192e-02
9.65075525e-02
9.73872942e-02
9.57914583e-02
9.74181043e-02
9.71196302e-02
9.78426908e-02
9.56180122e-02
9.54216490e-02
9.65639239e-02
9.74448100e-02
9.61089162e-02
9.64515586e-02
9.91639304e-02
9.77600436e-02
9.67043656e-02
9.62196964e-02
9.48136862e-02
9.67188159e-02
9.61834537e-02
9.74431611e-02
9.32972610e-02
9.70447477e-02
9.48719941e-02
9.50580528e-02
9.53277780e-02
9.44211620e-02
9.76318555e-02
9.61516386e-02
9.83876649e-02
9.69848002e-02
9.64662744e-02
9.40646271e-02
9.66576143e-02
9.61213517e-02
9.60695374e-02
9.74438024e-02
9.55682966e-02
9.59075500e-02
9.59948472e-02
9.48350520e-02
9.62365377e-02
9.69364391e-02
9.67479048e-02
9.55283067e-02
9.38144725e-02
9.48443233e-02
9.71378114e-02
9.65426395e-02
9.49029435e-02
9.86298730e-02
9.84807512e-02
9.98197331e-02
9.36687354e-02
9.48634180e-02
9.90404464e-02
1.00138264e-01
9.65680676e-02
9.50076006e-02
9.60477132e-02
9.65474853e-02
9.58770511e-02
9.75481438e-02
9.89063450e-02
9.80236528e-02
9.62564643e-02
9.75288189e-02
9.57625774e-02
9.50524791e-02
9.61695202e-02
9.74346496e-02
9.83512472e-02
9.43867129e-02
9.70424810e-02
9.56768072e-02
9.59502916e-02
9.44874105e-02
9.58534818e-02
9.80926548e-02
9.62288847e-02
9.78332103e-02
9.75365387e-02
9.60661972e-02
9.68660820e-02
9.46021600e-02
9.47123512e-02
9.80423321e-02
9.69336384e-02
9.71016985e-02
9.85990773e-02
9.65774496e-02
9.59650834e-02
9.43321649e-02
9.74555909e-02
9.54766960e-02
9.49681582e-02
9.59566817e-02
9.62007470e-02
9.51933312e-02
9.65744179e-02
9.66073342e-02
9.60218364e-02
9.52556488e-02
9.85539750e-02
9.66180424e-02
9.38907222e-02
9.76073329e-02
9.62869896e-02
9.64723302e-02
9.75673293e-02
9.83499453e-02
9.49666387e-02
9.61251698e-02
9.78162177e-02
9.68397939e-02
9.76048823e-02
9.54200299e-02
9.50953512e-02
9.47363116e-02
9.90200276e-02
9.57924776e-02
9.79034764e-02
9.39670236e-02
9.42931348e-02
9.91996518e-02
9.67820439e-02
9.55969912e-02
9.54249482e-02
9.55002581e-02
9.86978166e-02
9.91126052e-02
9.52604973e-02
9.77108883e-02
9.79062686e-02
9.61010848e-02
9.85631459e-02
9.36544768e-02
9.53482116e-02
9.45100885e-02
9.74156308e-02
9.43206038e-02
9.49574201e-02
9.41263418e-02
9.60947007e-02
9.45394234e-02
9.43675491e-02
9.66396061e-02
9.90923186e-02
9.57385615e-02
9.82032277e-02
9.68885794e-02
9.70018113e-02
9.94407747e-02
9.82308170e-02
9.77336178e-02
9.49030924e-02
9.66578772e-02
9.60737029e-02
9.66800028e-02
9.86985925e-02
9.56805516e-02
9.45594913e-02
9.83693612e-02
9.79219111e-02
9.79746347e-02
9.62305758e-02
9.64724886e-02
9.88799049e-02
9.53896720e-02
9.69558413e-02
9.80951955e-02
9.62451915e-02
9.56893140e-02
9.61764862e-02
9.64291954e-02
9.56043754e-02
9.84868769e-02
9.86499356e-02
9.78161021e-02
9.63718579e-02
9.37194994e-02
9.67033066e-02
9.66123289e-02
9.64551437e-02
9.48554661e-02
9.50588820e-02
9.80338940e-02
9.90796962e-02
9.79885282e-02
9.74728991e-02
9.72337190e-02
9.86218778e-02
9.52693703e-02
9.82146054e-02
9.65251979e-02
9.69298486e-02
9.65156319e-02
9.56911387e-02
9.66949730e-02
9.58642355e-02
9.65366963e-02
9.41654850e-02
9.84329134e-02
9.83747982e-02
9.55281338e-02
9.53190876e-02
9.73482316e-02
9.57351392e-02
9.74058418e-02
9.58587058e-02
9.77375311e-02
9.84806260e-02
9.58935454e-02
9.77431032e-02
9.65741813e-02
9.42826306e-02
9.83065019e-02
9.54516677e-02
9.55877993e-02
9.54802160e-02
9.58323733e-02
9.79123591e-02
9.41514338e-02
9.51411188e-02
9.64899019e-02
9.67228746e-02
9.76254169e-02
9.67790113e-02
9.84611828e-02
9.52042758e-02
9.76624536e-02
9.52172862e-02
9.59484270e-02
9.77867567e-02
9.55367815e-02
9.68535334e-02
9.61338157e-02
9.73357545e-02
9.62394996e-02
9.59843376e-02
9.71238468e-02
9.43770756e-02
9.61230285e-02
9.81290075e-02
9.69446396e-02
9.61858861e-02
9.63525753e-02
9.70645681e-02
9.67448056e-02
9.76400303e-02
9.82022120e-02
9.69921749e-02
9.84934847e-02
9.71190801e-02
9.51051333e-02
9.51705141e-02
9.59710770e-02
9.81410395e-02
9.68946813e-02
9.76342916e-02
9.82596778e-02
9.83576274e-02
9.59118831e-02
9.62013852e-02
9.63346610e-02
9.54710072e-02
9.56955481e-02
9.64027960e-02
9.65635813e-02
9.56473928e-02
9.97492904e-02
9.86170992e-02
9.50367864e-02
9.68648772e-02
9.65048197e-02
9.59403777e-02
9.70200651e-02
9.76960256e-02
9.58522345e-02
9.46475315e-02
9.68861898e-02
9.65682374e-02
9.64848459e-02
9.89568598e-02
9.46990432e-02
1.00140737e-01
9.78393332e-02
9.49894468e-02
9.45323638e-02
9.63229791e-02
9.90726649e-02
9.59863031e-02
9.76737055e-02
9.56395933e-02
9.89960072e-02
9.74602074e-02
9.94965940e-02
9.61582120e-02
9.78015324e-02
9.88693432e-02
9.53250972e-02
9.42349268e-02
9.74531681e-02
9.74295839e-02
9.84517255e-02
9.57494021e-02
9.58141611e-02
9.64206764e-02
9.79719604e-02
9.65781127e-02
9.59627457e-02
9.55328548e-02
9.52242567e-02
9.73626678e-02
9.60242499e-02
9.77935923e-02
9.46716841e-02
9.48726169e-02
9.66135305e-02
9.68851636e-02
9.49430049e-02
9.50188728e-02
9.59387621e-02
9.99558319e-02
9.55127639e-02
9.51675852e-02
9.44638945e-02
9.61551565e-02
9.69711186e-02
9.80114164e-02
9.51369347e-02
9.57574352e-02
9.42379410e-02
9.59328516e-02
9.69966984e-02
9.79581707e-02
9.70036265e-02
9.53784421e-02
9.75165829e-02
9.57796115e-02
9.47130137e-02
9.55679112e-02
9.54371393e-02
9.50394479e-02
9.75744227e-02
9.72071551e-02
9.84236815e-02
9.56478137e-02
9.80110199e-02
9.66673190e-02
9.65122188e-02
9.60857693e-02
9.72882476e-02
9.53657527e-02
9.61566665e-02
9.92452309e-02
9.37101717e-02
9.55755639e-02
9.51353236e-02
9.70532774e-02
9.50474140e-02
9.71988951e-02
9.81258229e-02
9.55748065e-02
9.62780796e-02
9.58353467e-02
9.40796082e-02
9.56985790e-02
9.63228386e-02
9.67640478e-02
9.56646118e-02
9.60190616e-02
9.85212256e-02
9.63795327e-02
9.68557191e-02
9.61932997e-02
9.69150595e-02
9.67510352e-02
9.69474685e-02
9.58434830e-02
9.83707838e-02
9.79384399e-02
9.83856213e-02
9.60308664e-02
9.63952565e-02
9.68853378e-02
9.61537296e-02
9.50318766e-02
9.70761896e-02
9.65344191e-02
9.60814668e-02
9.75727874e-02
9.55795679e-02
9.80171889e-02
1.00194910e-01
9.54500354e-02
9.62200754e-02
9.71839671e-02
9.52236849e-02
9.59911853e-02
9.66486861e-02
9.68630948e-02
9.62224792e-02
9.65324416e-02
9.48198512e-02
9.68876363e-02
9.63816633e-02
9.76317759e-02
9.51518993e-02
9.83883576e-02
9.65637398e-02
9.50840998e-02
9.76559370e-02
9.72320623e-02
9.52016260e-02
9.60411444e-02
9.68156902e-02
9.66474709e-02
9.94052099e-02
9.94963738e-02
9.48176108e-02
9.71221563e-02
9.64147927e-02
9.65557379e-02
9.48130803e-02
9.53836109e-02
9.74381092e-02
9.71579355e-02
9.60600892e-02
9.98343371e-02
9.71543030e-02
9.58249467e-02
9.68444276e-02
9.55001077e-02
9.62436030e-02
9.75639635e-02
9.77950882e-02
9.73807241e-02
9.48278772e-02
9.67691166e-02
9.56860163e-02
9.65695819e-02
9.73475851e-02
9.60621863e-02
9.56375077e-02
9.58273563e-02
9.57857949e-02
9.56060648e-02
9.55387962e-02
9.27776365e-02
9.84821662e-02
9.77361357e-02
9.73852201e-02
9.75017409e-02
9.63990047e-02
9.40896491e-02
9.84837287e-02
9.69746434e-02
9.67183964e-02
9.72543225e-02
9.86018111e-02
9.84479551e-02
9.54174610e-02
9.75751548e-02
9.63831353e-02
9.78533082e-02
9.50230186e-02
9.62056329e-02
9.40525473e-02
9.63318732e-02
9.62025466e-02
9.68466273e-02
9.71295364e-02
9.54906721e-02
9.54744580e-02
9.61361477e-02
9.68596417e-02
9.83576006e-02
9.35892364e-02
9.71750727e-02
9.75747055e-02
9.80879092e-02
9.64379649e-02
9.57871941e-02
9.73129763e-02
9.66965989e-02
9.46800457e-02
9.73446466e-02
9.80842805e-02
9.62573627e-02
9.64653504e-02
9.66744762e-02
9.72842773e-02
9.69400246e-02
9.64282593e-02
9.64324312e-02
9.55576353e-02
9.51024029e-02
9.59196874e-02
9.80274363e-02
9.78282026e-02
9.67006448e-02
9.73943715e-02
9.60920508e-02
9.56746128e-02
9.79794228e-02
9.81337250e-02
9.59658568e-02
9.79722904e-02
9.45820378e-02
9.71974347e-02
9.78211198e-02
9.55297605e-02
9.67445037e-02
9.57589923e-02
9.84392104e-02
9.67197878e-02
9.55810389e-02
9.64547670e-02
9.98299195e-02
9.85239434e-02
9.69375671e-02
9.40042051e-02
9.83183202e-02
9.83885540e-02
9.49952452e-02
9.71864413e-02
9.66011235e-02
9.51388294e-02
9.77974460e-02
9.93380373e-02
9.71099137e-02
9.81418656e-02
9.74623671e-02
9.51308879e-02
9.67300499e-02
9.72904847e-02
9.64543011e-02
9.66114503e-02
9.66309231e-02
9.70363349e-02
9.70085041e-02
9.85642959e-02
9.81675683e-02
9.68108118e-02
9.76355928e-02
9.72031374e-02
9.57897521e-02
9.62845795e-02
9.66124423e-02
9.71617360e-02
9.34592572e-02
9.60819284e-02
9.85034245e-02
9.44721941e-02
9.80680292e-02
9.61882428e-02
9.88368770e-02
9.59228965e-02
9.63536038e-02
9.68248644e-02
9.64048453e-02
9.72486969e-02
9.56934521e-02
9.53828562e-02
9.60738412e-02
9.58989107e-02
9.61277144e-02
9.44443273e-02
9.47474938e-02
9.61188533e-02
9.76286299e-02
9.42634444e-02
9.38578726e-02
9.72582550e-02
9.85992035e-02
9.48198533e-02
9.59169234e-02
9.73844988e-02
9.82093138e-02
9.58010925e-02
9.58806500e-02
9.58415726e-02
9.43560749e-02
9.59553642e-02
9.70665433e-02
9.60134568e-02
9.56891896e-02
9.63336066e-02
9.74053159e-02
9.84488893e-02
9.61703019e-02
9.59890029e-02
9.78638098e-02
9.66507876e-02
9.57439769e-02
9.68603161e-02
9.83359549e-02
9.50448404e-02
9.75733794e-02
9.76888870e-02
9.56254523e-02
9.78637727e-02
9.77776056e-02
9.54821356e-02
9.54436293e-02
9.74204594e-02
9.51288460e-02
9.65733613e-02
9.56687507e-02
9.83005244e-02
9.79508915e-02
9.56095623e-02
9.80434094e-02
9.67884030e-02
9.75572978e-02
9.47678825e-02
9.63398997e-02
9.55567668e-02
9.82109994e-02
9.73581697e-02
9.70672736e-02
9.61979555e-02
9.73258678e-02
9.84583855e-02
9.53864394e-02
9.66284876e-02
9.78145621e-02
9.65253138e-02
9.51007878e-02
9.58680454e-02
9.54336340e-02
9.73327034e-02
9.63419764e-02
9.71427976e-02
9.58558286e-02
9.55571241e-02
9.65956297e-02
9.69439393e-02
9.67673286e-02
9.60469538e-02
9.39488499e-02
9.94172707e-02
9.99572461e-02
9.56506024e-02
9.63510511e-02
9.52083655e-02
9.62440994e-02
9.38265820e-02
9.80503914e-02
9.67152988e-02
9.64218662e-02
9.51175573e-02
9.67119505e-02
9.64068126e-02
9.43247712e-02
9.59318900e-02
9.52455129e-02
9.72653542e-02
9.49697977e-02
9.44550110e-02
9.66696566e-02
9.66385324e-02
9.85902057e-02
9.71751608e-02
9.92379059e-02
9.69981978e-02
9.79372270e-02
9.68490999e-02
9.48940460e-02
9.90721013e-02
9.67082989e-02
9.91232262e-02
9.70003553e-02
9.49291185e-02
9.75193083e-02
9.67495367e-02
9.78471027e-02
9.84054018e-02
9.69073356e-02
9.55936115e-02
9.63253857e-02
9.66346627e-02
9.34663577e-02
9.61963763e-02
9.63543662e-02
9.57554296e-02
9.64630083e-02
9.68047470e-02
9.57658474e-02
9.73861780e-02
9.61903381e-02
9.46986935e-02
9.74501854e-02
9.86179163e-02
9.65434289e-02
9.55414356e-02
9.58232073e-02
9.52688049e-02
9.56803907e-02
9.42204234e-02
9.61014859e-02
9.72386409e-02
9.83508315e-02
9.75246301e-02
9.92224612e-02
9.78624359e-02
9.76675848e-02
9.79125586e-02
9.41033955e-02
9.74735359e-02
9.78986684e-02
9.81495142e-02
9.62256636e-02
9.67570215e-02
9.77404924e-02
9.71727442e-02
9.82262746e-02
9.44720480e-02
9.76318212e-02
9.74273048e-02
9.69489156e-02
9.82050148e-02
9.58499690e-02
9.50023327e-02
9.57972619e-02
9.57773563e-02
9.56523879e-02
9.61400845e-02
9.66689777e-02
9.50537500e-02
9.48334626e-02
9.66375805e-02
9.73681579e-02
9.66484343e-02
9.68396536e-02
9.58440071e-02
9.51264018e-02
9.54214490e-02
9.69383512e-02
9.56847348e-02
9.79637415e-02
9.50634011e-02
9.71973985e-02
9.74489398e-02
9.76740114e-02
9.82962648e-02
9.64596812e-02
9.50801118e-02
9.58870731e-02
9.57293334e-02
9.53035305e-02
9.99936444e-02
9.58174759e-02
9.61411205e-02
9.50453060e-02
9.68624293e-02
9.67360208e-02
9.76443128e-02
9.53937205e-02
9.72316294e-02
9.43024241e-02
9.77051350e-02
9.68519035e-02
9.50719042e-02
9.68117290e-02
9.69737218e-02
9.47835609e-02
9.91549517e-02
9.77946906e-02
9.51877113e-02
9.88415812e-02
9.79059561e-02
9.64954827e-02
9.67191644e-02
9.81863202e-02
9.54330939e-02
9.66938867e-02
9.61802209e-02
9.71278977e-02
9.75101006e-02
9.67902140e-02
9.55075921e-02
9.65982944e-02
9.66912110e-02
9.56643424e-02
9.62828921e-02
9.64756694e-02
9.72238051e-02
9.74174020e-02
9.46971372e-02
9.46465428e-02
9.66567851e-02
9.72684848e-02
9.58178039e-02
9.56295877e-02
9.87833624e-02
9.49941089e-02
9.65157067e-02
9.60416301e-02
9.61686384e-02
9.53087693e-02
9.98726569e-02
9.58909108e-02
9.90640690e-02
9.70569421e-02
9.90559676e-02
9.64517698e-02
9.64750053e-02
9.66148499e-02
9.58813726e-02
9.39592936e-02
9.34846707e-02
9.87912680e-02
9.74477980e-02
9.47939491e-02
9.62038145e-02
9.69922840e-02
9.63157056e-02
9.66281997e-02
9.74448280e-02
9.72325022e-02
9.71120587e-02
9.64652173e-02
9.61659967e-02
9.68120762e-02
9.53426105e-02
9.54884840e-02
9.37182900e-02
9.79421087e-02
9.78263188e-02
9.63088752e-02
9.94015559e-02
9.56707880e-02
9.94360423e-02
9.56933482e-02
9.67345356e-02
9.61770886e-02
9.60911560e-02
9.83408297e-02
9.60000705e-02
9.70069190e-02
9.71611564e-02
9.55875730e-02
9.80483906e-02
9.51658173e-02
9.58454743e-02
9.67872921e-02
9.52721179e-02
9.55379718e-02
9.61320581e-02
9.63412376e-02
9.39030507e-02
9.49308610e-02
9.41626495e-02
9.77600560e-02
9.63896040e-02
9.58536066e-02
9.55791048e-02
9.72285457e-02
9.55129619e-02
9.67963917e-02
9.67030915e-02
9.56154033e-02
9.69311360e-02
9.66474276e-02
9.45707506e-02
9.55140879e-02
9.66859367e-02
9.67578849e-02
9.56299531e-02
9.76915455e-02
9.50788226e-02
9.65463170e-02
9.62024809e-02
9.65880435e-02
9.63850417e-02
9.71212180e-02
9.45853801e-02
9.51868070e-02
9.68123173e-02
9.79578046e-02
9.67022744e-02
9.48128518e-02
9.63841257e-02
9.43706959e-02
9.46191779e-02
9.75801429e-02
9.69260777e-02
9.69806355e-02
9.64931265e-02
9.79389743e-02
9.61900455e-02
9.78147353e-02
9.51974795e-02
9.72528061e-02
9.52106555e-02
9.88361599e-02
9.57080359e-02
9.57144105e-02
9.67735772e-02
9.70618289e-02
9.71099946e-02
9.59418790e-02
9.67528662e-02
9.48673500e-02
9.69196518e-02
9.76633495e-02
9.75665238e-02
9.72496141e-02
9.71835676e-02
9.77995583e-02
9.73533965e-02
9.86806809e-02
9.92733700e-02
9.73405280e-02
9.56680694e-02
9.64859324e-02
9.69403111e-02
9.75739321e-02
9.60184071e-02
9.66089813e-02
9.62502878e-02
9.50958735e-02
9.48884178e-02
9.72744267e-02
9.57966634e-02
9.35401640e-02
9.80121516e-02
9.63062237e-02
9.74655035e-02
9.54892708e-02
9.71080965e-02
9.63039531e-02
9.51152677e-02
9.80337038e-02
9.83626611e-02
9.75337403e-02
9.52827178e-02
9.85575050e-02
9.79276120e-02
9.61756480e-02
9.51526556e-02
9.75443835e-02
9.66656736e-02
9.96061945e-02
9.79995459e-02
9.84022839e-02
9.57172137e-02
9.64257062e-02
9.56757481e-02
9.54499538e-02
9.69863747e-02
9.74824146e-02
9.53456435e-02
9.52693596e-02
9.83618053e-02
9.72298108e-02
9.55287421e-02
9.94552777e-02
9.60673145e-02
9.85800584e-02
9.70926730e-02
9.76391883e-02
9.59683322e-02
9.77530299e-02
9.68884775e-02
9.85824702e-02
9.97962008e-02
9.61198227e-02
9.63633715e-02
9.78638527e-02
9.76265559e-02
9.73572516e-02
9.68431993e-02
9.77960946e-02
9.72643086e-02
9.39699116e-02
9.46126553e-02
9.76263209e-02
9.81121505e-02
9.60818153e-02
9.71047785e-02
9.71033871e-02
9.55747782e-02
9.88404861e-02
9.61238075e-02
9.70637941e-02
9.83080717e-02
9.58150764e-02
9.63244048e-02
9.61357801e-02
9.48021149e-02
9.67366446e-02
9.61905942e-02
9.67512764e-02
9.67446220e-02
9.64100272e-02
9.75692072e-02
9.46484656e-02
9.60357159e-02
9.45612673e-02
9.56159551e-02
9.58453990e-02
9.68425759e-02
9.87867100e-02
9.67009763e-02
9.53355052e-02
9.60920988e-02
9.58820273e-02
9.57663072e-02
9.80338710e-02
9.82058920e-02
9.65704120e-02
9.83794587e-02
9.62173744e-02
9.57383180e-02
9.51853223e-02
9.50686675e-02
9.81329763e-02
9.56125573e-02
9.76297882e-02
9.73127216e-02
9.57988805e-02
9.95589130e-02
9.84020218e-02
9.69269211e-02
9.52150550e-02
1.00065354e-01
9.57226600e-02
9.48634610e-02
9.55727411e-02
9.67637568e-02
9.66923471e-02
9.77245102e-02
9.68089463e-02
9.47368591e-02
9.56711387e-02
9.53639526e-02
9.70543507e-02
9.71553473e-02
9.71383816e-02
9.51372342e-02
9.82062774e-02
9.78433655e-02
9.73312670e-02
9.52533699e-02
9.62219448e-02
9.77680518e-02
9.69692744e-02
9.44853093e-02
9.61184114e-02
9.65558349e-02
9.53405572e-02
9.69620305e-02
9.62389531e-02
9.53851492e-02
9.60981317e-02
9.56380706e-02
9.38019905e-02
9.74269209e-02
9.61370805e-02
9.60227757e-02
9.77757990e-02
9.65489129e-02
9.60058606e-02
9.39256771e-02
9.76608139e-02
9.58689118e-02
9.76712750e-02
9.70995597e-02
9.53989966e-02
9.52780315e-02
9.78724975e-02
9.63529426e-02
9.81236706e-02
9.56892696e-02
9.51674393e-02
9.88015502e-02
9.63500038e-02
9.67789472e-02
9.91216102e-02
9.83052096e-02
9.63067583e-02
9.63045478e-02
9.73451276e-02
9.71961934e-02
9.58572102e-02
9.72984065e-02
9.69182451e-02
9.86083748e-02
9.64757935e-02
9.80742641e-02
9.54801659e-02
9.73913621e-02
9.77561621e-02
9.57815553e-02
9.65274725e-02
9.68022711e-02
9.30681460e-02
9.69501650e-02
9.76645662e-02
9.59480481e-02
9.71588565e-02
9.77440654e-02
9.50148747e-02
9.62946012e-02
9.48834129e-02
9.56323886e-02
9.55350891e-02
9.60896900e-02
9.75046260e-02
9.65388921e-02
9.70540675e-02
9.74867858e-02
9.70056156e-02
9.54546097e-02
9.67419457e-02
9.61821562e-02
9.67258314e-02
9.85424159e-02
9.61442258e-02
9.50946019e-02
9.46742819e-02
9.38893593e-02
9.61525153e-02
9.64219277e-02
9.68535538e-02
9.68307369e-02
9.62325734e-02
9.46063543e-02
9.71029339e-02
9.54972714e-02
9.69094946e-02
9.96226822e-02
9.43037441e-02
9.66977512e-02
9.62194234e-02
9.50809653e-02
9.69769957e-02
9.67265531e-02
9.52092100e-02
9.65423220e-02
9.59745975e-02
9.44978959e-02
9.87265281e-02
9.77125910e-02
9.39731080e-02
9.57081195e-02
9.59916168e-02
9.57322023e-02
9.52825704e-02
9.47818429e-02
9.47356775e-02
9.63372847e-02
9.86142382e-02
9.56346434e-02
9.63434662e-02
9.50957220e-02
9.49565619e-02
9.59667932e-02
9.90271456e-02
9.64160114e-02
9.41128507e-02
9.81961051e-02
9.63478303e-02
9.67441341e-02
9.59555838e-02
9.76577151e-02
9.55330280e-02
9.80350684e-02
9.53220319e-02
9.69789625e-02
9.66564273e-02
9.75226136e-02
9.53414521e-02
9.77963975e-02
9.65349491e-02
9.67278006e-02
9.46074284e-02
9.66453083e-02
9.53348777e-02
9.65701436e-02
9.58277529e-02
9.67386915e-02
9.83208354e-02
9.57972480e-02
9.71525185e-02
9.65344406e-02
9.65681147e-02
9.64337770e-02
9.74166854e-02
9.82888398e-02
9.76484111e-02
9.59419684e-02
9.42766980e-02
9.60472358e-02
9.99192847e-02
9.68823445e-02
9.44203869e-02
9.45787300e-02
9.62232043e-02
9.48265792e-02
9.54481992e-02
9.90381576e-02
9.55320906e-02
9.89935781e-02
9.53681538e-02
9.96885735e-02
9.66636246e-02
9.84413040e-02
9.52088756e-02
9.49024815e-02
9.82836799e-02
9.74164050e-02
9.67639790e-02
9.55814320e-02
9.64833222e-02
9.79032231e-02
9.63608877e-02
9.68112733e-02
9.68840308e-02
9.61341514e-02
9.99834421e-02
9.48233000e-02
9.58555998e-02
9.70940712e-02
9.67665017e-02
9.34886735e-02
9.72168133e-02
9.57507862e-02
9.62776020e-02
9.69383979e-02
9.59766233e-02
9.70351473e-02
9.43644665e-02
9.79336661e-02
9.74498671e-02
9.56714232e-02
9.55139199e-02
9.67710736e-02
9.86006712e-02
9.52618459e-02
9.62359804e-02
9.59411002e-02
9.66286088e-02
9.58798920e-02
9.49301168e-02
9.57300217e-02
9.73025164e-02
9.54516957e-02
9.52161689e-02
9.55570974e-02
9.70493706e-02
9.76912279e-02
9.65058797e-02
9.58029157e-02
9.73698132e-02
9.48087007e-02
9.53557951e-02
9.64085005e-02
9.73610710e-02
9.42755495e-02
9.68754317e-02
9.63275963e-02
9.53834955e-02
9.64357798e-02
9.52994076e-02
9.54091062e-02
9.57255161e-02
9.70136578e-02
9.70822242e-02
9.47607797e-02
9.73424681e-02
9.83867301e-02
9.52475607e-02
9.63100440e-02
9.79607186e-02
9.56917119e-02
9.64350899e-02
9.50814580e-02
9.63258508e-02
9.53768511e-02
9.63492804e-02
9.64264502e-02
9.83540272e-02
9.76820489e-02
9.86158320e-02
9.59142480e-02
9.69622458e-02
9.47003980e-02
9.71718221e-02
9.76394653e-02
9.64379481e-02
9.62590402e-02
9.32545509e-02
9.72086372e-02
9.70672622e-02
9.51717698e-02
9.74915996e-02
9.63381810e-02
9.94899039e-02
9.63167096e-02
9.64653669e-02
9.91671408e-02
9.59915828e-02
9.72383136e-02
9.86643511e-02
9.79867458e-02
9.71593661e-02
9.79193861e-02
9.92495833e-02
9.66953261e-02
9.65683339e-02
9.76847723e-02
9.58323994e-02
9.55891252e-02
9.45979232e-02
9.57899517e-02
9.56513922e-02
9.42416103e-02
9.66105778e-02
9.68739053e-02
9.48545453e-02
9.76290229e-02
9.76239222e-02
9.54763976e-02
9.70653275e-02
9.62677843e-02
9.51205898e-02
9.61065328e-02
9.61749645e-02
9.77088389e-02
9.75338079e-02
9.76633544e-02
9.52366097e-02
9.72822980e-02
9.93221008e-02
9.42430537e-02
9.52119024e-02
9.57032787e-02
9.97032658e-02
9.58294309e-02
9.76045660e-02
9.63592431e-02
9.75382397e-02
9.52632021e-02
9.64598310e-02
9.50019655e-02
9.71529803e-02
9.61436798e-02
9.58208676e-02
9.67132814e-02
9.81168715e-02
9.84615735e-02
9.46889881e-02
9.54486419e-02
9.87836807e-02
9.55790729e-02
9.66971843e-02
9.43772366e-02
9.63995728e-02
9.56165253e-02
9.92604840e-02
9.61894661e-02
9.63216629e-02
9.61042232e-02
9.47892812e-02
9.55212889e-02
9.71278596e-02
9.53947383e-02
9.34330213e-02
9.71268682e-02
9.57357320e-02
9.47982874e-02
9.51173432e-02
9.66692526e-02
9.60436132e-02
9.57682212e-02
9.70897608e-02
9.54268161e-02
9.62736343e-02
9.46106404e-02
9.62536867e-02
9.65962254e-02
9.71051520e-02
9.50964355e-02
9.60260378e-02
9.64203408e-02
9.43093185e-02
9.54232812e-02
9.70946075e-02
9.59330964e-02
9.57043229e-02
9.56328975e-02
9.79145949e-02
9.53820792e-02
9.63424697e-02
9.39016203e-02
9.81311978e-02
9.73836500e-02
9.70318918e-02
9.83967855e-02
9.74152386e-02
9.63204473e-02
9.53137834e-02
9.41397826e-02
9.75698728e-02
9.64311073e-02
9.76540835e-02
9.73789321e-02
9.67762745e-02
9.50917086e-02
9.53694548e-02
9.61894094e-02
9.58478494e-02
9.58652279e-02
9.35046940e-02
9.82229134e-02
9.82888270e-02
9.87202754e-02
9.59308678e-02
9.53185893e-02
9.77839713e-02
9.60527118e-02
9.53860312e-02
9.67415428e-02
9.52537565e-02
1.00440856e-01
9.78482489e-02
9.64745193e-02
9.98562799e-02
9.48946046e-02
9.60725247e-02
9.90695509e-02
9.51166557e-02
9.63498707e-02
9.49295702e-02
9.74874549e-02
9.71104399e-02
9.58820524e-02
9.62374680e-02
9.77163399e-02
9.79127786e-02
9.78011336e-02
9.88812826e-02
9.59541047e-02
9.61266588e-02
9.66376710e-02
9.62821396e-02
9.67997664e-02
9.65675667e-02
9.67713952e-02
9.62493526e-02
9.63078099e-02
9.53444519e-02
9.56770976e-02
9.67861292e-02
9.55491845e-02
9.92076871e-02
9.48684102e-02
9.95139259e-02
9.57201706e-02
9.72321811e-02
9.64506288e-02
9.52114010e-02
9.76879485e-02
9.63798820e-02
9.87461965e-02
9.49425963e-02
1.00385730e-01
9.69287262e-02
9.71576974e-02
9.63191372e-02
9.79832146e-02
9.67964503e-02
9.91685481e-02
9.82242421e-02
9.52163689e-02
9.50377210e-02
9.66455693e-02
9.59197218e-02
9.74012801e-02
9.67066389e-02
9.88998417e-02
9.73153099e-02
9.35252850e-02
9.78571838e-02
9.68483896e-02
9.76460968e-02
9.58205009e-02
9.74785465e-02
9.69857921e-02
9.57201332e-02
9.56021545e-02
9.93224290e-02
9.51327672e-02
9.68086647e-02
9.62353260e-02
9.84720595e-02
9.72789601e-02
9.66470395e-02
9.76031599e-02
9.57408425e-02
9.48612596e-02
9.66463029e-02
9.58166728e-02
9.66164187e-02
9.72112821e-02
9.71892010e-02
9.52567981e-02
9.45935703e-02
9.73338876e-02
9.92923942e-02
9.91587730e-02
9.79152087e-02
9.48534948e-02
9.64553422e-02
9.75779420e-02
9.73666344e-02
9.59479229e-02
9.60987183e-02
9.72350153e-02
9.71657904e-02
9.72728239e-02
9.53928865e-02
9.31401501e-02
9.72714298e-02
9.94317031e-02
9.74697366e-02
9.44757887e-02
9.68771578e-02
9.63730749e-02
9.71550648e-02
9.79778086e-02
9.61482182e-02
9.63425508e-02
9.71309105e-02
9.63073642e-02
9.54841749e-02
9.50547680e-02
9.48382547e-02
9.75390227e-02
9.80897336e-02
9.65956407e-02
9.65444252e-02
9.61765558e-02
9.65254447e-02
9.79463238e-02
9.51225495e-02
9.84970520e-02
9.89395509e-02
9.69564973e-02
9.70411931e-02
9.34015464e-02
9.66400509e-02
9.59625826e-02
9.76536613e-02
9.82860765e-02
9.65755145e-02
9.63259269e-02
9.67694471e-02
9.70296912e-02
9.71401717e-02
9.63419099e-02
9.77728145e-02
9.71343714e-02
9.62837541e-02
9.53802635e-02
9.75868457e-02
9.70834898e-02
9.69780508e-02
9.46790077e-02
9.74262031e-02
9.76203619e-02
9.58040567e-02
9.80742484e-02
9.65688277e-02
9.66415308e-02
9.47016237e-02
9.78486304e-02
9.66307589e-02
9.55088811e-02
9.65936792e-02
9.77523899e-02
9.81215461e-02
9.62087915e-02
9.73436317e-02
9.65288014e-02
9.70294273e-02
9.83178586e-02
9.77206472e-02
9.78273668e-02
9.63894595e-02
9.66751369e-02
9.64728583e-02
9.44755433e-02
9.53428625e-02
9.42170160e-02
9.64202033e-02
9.64945393e-02
9.69087671e-02
9.58491372e-02
9.78481958e-02
9.51208945e-02
9.56832001e-02
9.59885497e-02
9.61463513e-02
9.60215217e-02
9.63015916e-02
9.58521259e-02
9.69422310e-02
9.76355060e-02
9.66697896e-02
9.91549862e-02
9.86843569e-02
9.69456599e-02
9.70234746e-02
9.54477916e-02
9.67872250e-02
9.72008338e-02
9.56969412e-02
9.72577030e-02
9.59963325e-02
9.53945203e-02
9.98496597e-02
9.75057764e-02
9.73101346e-02
9.71191122e-02
9.62560023e-02
9.61674904e-02
9.60167101e-02
9.34442189e-02
9.65655868e-02
9.53281000e-02
9.53855307e-02
9.59125643e-02
9.66179056e-02
9.63805741e-02
9.63544657e-02
9.61212232e-02
9.49090813e-02
9.60345766e-02
9.52026156e-02
9.66868459e-02
9.52044930e-02
9.57798537e-02
9.53032145e-02
9.93096661e-02
9.65781646e-02
9.50449549e-02
9.58649477e-02
9.84595813e-02
9.60678940e-02
9.83439850e-02
9.47011266e-02
9.82113635e-02
9.58287632e-02
9.93962742e-02
9.62081027e-02
9.67560942e-02
9.53758223e-02
9.64271189e-02
9.51094500e-02
9.75811128e-02
9.42830603e-02
9.62623489e-02
9.93376160e-02
9.92227186e-02
9.69812712e-02
9.64441924e-02
9.57106076e-02
9.55236218e-02
9.79741563e-02
9.65580522e-02
9.78724810e-02
9.60879561e-02
9.69162583e-02
9.69623189e-02
9.76658642e-02
9.72861191e-02
9.62235220e-02
9.81833061e-02
9.56758670e-02
9.65225097e-02
9.28336751e-02
9.59958714e-02
9.87910631e-02
9.57769370e-02
9.52078324e-02
9.67084559e-02
9.55576867e-02
1.00426602e-01
9.60943047e-02
9.82882630e-02
9.98532061e-02
9.64529662e-02
9.63408382e-02
9.62973812e-02
9.63021929e-02
9.55200698e-02
9.64604918e-02
9.52289048e-02
9.76675481e-02
9.73793936e-02
9.40848949e-02
9.72664688e-02
9.47140441e-02
9.58896696e-02
9.45450887e-02
9.51397636e-02
9.57583786e-02
9.71988757e-02
9.68239979e-02
9.54144040e-02
9.76520259e-02
9.83871429e-02
9.42119020e-02
9.59867331e-02
9.67509866e-02
9.72241758e-02
9.73912904e-02
9.65870143e-02
9.54140302e-02
9.80189171e-02
9.69812299e-02
9.53337550e-02
9.59111669e-02
9.72980556e-02
9.76455806e-02
9.63121268e-02
9.60839448e-02
9.54321034e-02
9.45589283e-02
9.71021785e-02
9.67994496e-02
9.51672288e-02
9.84687994e-02
9.79450573e-02
9.68936241e-02
9.42254060e-02
9.59302634e-02
9.68481489e-02
9.76741222e-02
9.67175345e-02
9.64355652e-02
9.73595308e-02
9.54618859e-02
9.66400958e-02
9.77067874e-02
9.77966463e-02
9.79669998e-02
9.79523626e-02
9.55952635e-02
9.73929544e-02
9.70196427e-02
9.51560791e-02
9.65182411e-02
9.62772859e-02
9.57142685e-02
9.57140206e-02
9.58443783e-02
9.70450577e-02
9.70901404e-02
9.71473685e-02
9.83306903e-02
9.58287081e-02
9.80877826e-02
9.58064718e-02
9.58760929e-02
9.42496782e-02
9.44750167e-02
9.73138780e-02
9.83264017e-02
9.64874123e-02
9.70131894e-02
9.59225320e-02
9.47627011e-02
9.68617052e-02
9.86118785e-02
9.56295077e-02
9.77497565e-02
9.58942343e-02
9.90295850e-02
9.81757379e-02
9.88253025e-02
9.90126237e-02
9.75557333e-02
9.68832657e-02
9.73174253e-02
9.70466921e-02
9.63216191e-02
9.73361923e-02
9.47206090e-02
9.82407856e-02
9.66705539e-02
9.75077434e-02
9.67588386e-02
9.59065208e-02
9.58382719e-02
9.78081093e-02
9.82635310e-02
9.62710216e-02
9.72261593e-02
9.51752151e-02
9.68618241e-02
9.86499961e-02
9.75279281e-02
9.51781583e-02
9.72517831e-02
9.56170926e-02
9.71053591e-02
9.73343362e-02
9.84711738e-02
9.42357775e-02
9.68780278e-02
9.86115904e-02
9.53838899e-02
9.77257539e-02
9.64024320e-02
9.75540240e-02
1.00183878e-01
9.73327424e-02
9.46483181e-02
9.56426683e-02
9.75467889e-02
9.72781080e-02
9.68390701e-02
9.50156414e-02
9.59389253e-02
9.67283157e-02
9.41645583e-02
9.58071592e-02
9.82059157e-02
9.79000447e-02
9.57159126e-02
9.43405112e-02
9.47778125e-02
9.98042047e-02
9.58878620e-02
9.70439633e-02
9.60045123e-02
9.62766025e-02
9.59954125e-02
9.59737664e-02
9.60318451e-02
9.76752112e-02
9.55795495e-02
9.52863169e-02
9.63698606e-02
9.80361873e-02
9.98978236e-02
9.65460316e-02
9.85992126e-02
9.74622883e-02
9.79472945e-02
9.73993961e-02
9.61660554e-02
9.94316936e-02
9.62084390e-02
9.98175978e-02
9.71607822e-02
9.55868044e-02
9.67021770e-02
9.83787484e-02
9.66103562e-02
9.70176719e-02
9.68820270e-02
9.61179656e-02
9.69723999e-02
9.63525957e-02
9.61242286e-02
9.81570876e-02
9.71905657e-02
9.82303849e-02
9.60027602e-02
9.59926581e-02
9.74762737e-02
9.69528339e-02
9.48853340e-02
9.48092129e-02
9.74454675e-02
9.86327127e-02
9.67520938e-02
9.56493908e-02
9.64314496e-02
9.50348960e-02
9.70028363e-02
9.75473722e-02
9.54589824e-02
9.82621421e-02
9.81530382e-02
9.70433775e-02
9.64689362e-02
9.69945123e-02
9.60314131e-02
9.60586646e-02
9.35253192e-02
9.53818812e-02
9.50477298e-02
9.68774055e-02
9.64532310e-02
9.74779522e-02
9.66876184e-02
9.64192845e-02
9.48160887e-02
9.53679399e-02
9.65922458e-02
9.78229606e-02
9.60210588e-02
9.75829630e-02
9.60878388e-02
9.69133539e-02
9.46417790e-02
9.64080581e-02
9.72762454e-02
9.73081738e-02
9.47890367e-02
9.43131341e-02
9.52310565e-02
9.57021387e-02
9.77921418e-02
9.53094448e-02
9.58017994e-02
9.51074306e-02
9.62615257e-02
9.59764786e-02
9.45151686e-02
9.63689083e-02
9.73384522e-02
9.68409403e-02
9.53178098e-02
9.71407504e-02
9.80658879e-02
9.61800953e-02
9.68263555e-02
9.65436166e-02
9.80513744e-02
9.77175467e-02
9.58894517e-02
9.55704462e-02
9.53872883e-02
9.71049309e-02
9.71360917e-02
9.55261363e-02
9.68076757e-02
9.78673006e-02
9.75512595e-02
9.47228761e-02
9.75679897e-02
9.74275420e-02
9.65407731e-02
9.71959273e-02
9.70136321e-02
9.68390226e-02
9.75862497e-02
9.87035047e-02
9.52489973e-02
9.60331849e-02
9.77744726e-02
9.81556769e-02
9.53706363e-02
9.69747635e-02
9.71346246e-02
9.52759904e-02
9.55048675e-02
9.94408772e-02
9.78679118e-02
9.58495722e-02
9.64742481e-02
9.82529586e-02
9.75538645e-02
9.64745011e-02
9.77631135e-02
9.57378430e-02
9.77720000e-02
9.66134976e-02
9.75419861e-02
9.64145163e-02
9.61125934e-02
9.50002640e-02
9.92822672e-02
9.65935454e-02
9.40394491e-02
9.61707189e-02
9.88693918e-02
9.54504181e-02
9.59091302e-02
9.72197358e-02
9.58634045e-02
9.58930012e-02
9.56525430e-02
9.84939049e-02
9.56582135e-02
9.53904472e-02
9.59568484e-02
9.56848346e-02
9.44644737e-02
9.76676085e-02
9.60328019e-02
9.64307957e-02
9.82306022e-02
9.55538197e-02
9.37525984e-02
9.76687440e-02
9.49466960e-02
9.67607449e-02
9.76747199e-02
9.48661329e-02
9.75907068e-02
9.80242131e-02
9.53200227e-02
9.70788048e-02
9.79617773e-02
9.62894199e-02
9.66648665e-02
9.74709188e-02
9.51034398e-02
9.53028594e-02
9.74328842e-02
9.58414440e-02
9.78817376e-02
9.67205158e-02
9.66358328e-02
9.69130535e-02
9.66444466e-02
9.69356246e-02
9.52727297e-02
9.50372698e-02
9.67828384e-02
9.71064033e-02
9.91361200e-02
9.57787949e-02
9.67853653e-02
9.72826620e-02
9.61540128e-02
9.73728232e-02
1.00217725e-01
9.72451655e-02
9.69504695e-02
9.71589303e-02
9.53365871e-02
9.43917969e-02
9.41819611e-02
9.68907033e-02
9.68035196e-02
9.35219338e-02
9.80826947e-02
9.67755445e-02
9.84402955e-02
9.49874426e-02
9.70654722e-02
9.60474241e-02
9.62741854e-02
9.71871961e-02
9.55163035e-02
9.78777236e-02
9.61744674e-02
9.77056265e-02
9.62212036e-02
9.58782383e-02
9.71281851e-02
9.90839886e-02
9.60874450e-02
9.52241286e-02
9.59126336e-02
9.86422117e-02
9.62664852e-02
9.75942429e-02
9.61687240e-02
9.58493070e-02
9.49555530e-02
9.52003828e-02
9.57925641e-02
9.72968867e-02
9.37091408e-02
9.51726915e-02
9.45209447e-02
9.56419624e-02
9.42189883e-02
9.71438034e-02
9.88871220e-02
9.53761951e-02
9.76608199e-02
9.48388889e-02
9.67773838e-02
9.51929216e-02
9.49627961e-02
9.48199454e-02
9.60107748e-02
9.69107911e-02
9.83730778e-02
9.76418996e-02
9.63473686e-02
9.94127241e-02
9.49670825e-02
9.56633732e-02
9.62807376e-02
9.79778045e-02
9.91376196e-02
9.65332563e-02
9.63662682e-02
9.35755801e-02
9.61701906e-02
9.59467187e-02
9.65719033e-02
9.33385483e-02
9.67237942e-02
9.65919678e-02
9.69298529e-02
9.79814328e-02
9.66680975e-02
9.32128296e-02
9.72917210e-02
9.66905779e-02
9.64974342e-02
9.82720011e-02
9.73554503e-02
9.69346702e-02
9.46044821e-02
9.76416061e-02
9.60994855e-02
9.67733204e-02
9.65684123e-02
9.83653072e-02
9.69222643e-02
9.65351376e-02
9.82354292e-02
9.70220671e-02
9.41731539e-02
9.74928183e-02
9.81095938e-02
9.73948417e-02
9.53236022e-02
9.69639706e-02
9.93878524e-02
9.67721118e-02
9.85220236e-02
9.50443946e-02
9.52658601e-02
9.48386687e-02
9.64165064e-02
9.59119790e-02
9.65211800e-02
9.39525562e-02
9.71866559e-02
9.58653659e-02
9.31238307e-02
9.61103762e-02
9.79195496e-02
9.84160309e-02
9.63666332e-02
9.72987427e-02
9.56380436e-02
9.50577884e-02
9.46576775e-02
9.44927684e-02
9.38391164e-02
9.85464765e-02
9.78776217e-02
9.46836252e-02
9.57659449e-02
9.46325858e-02
9.77441697e-02
9.66382085e-02
9.52284559e-02
9.79171981e-02
9.78557598e-02
9.66743961e-02
9.49308758e-02
9.68377164e-02
9.83425426e-02
9.53188102e-02
9.64255272e-02
9.65932963e-02
9.74261252e-02
9.60959662e-02
9.79055357e-02
9.61245997e-02
9.69570659e-02
9.73402063e-02
9.53289580e-02
9.89975532e-02
9.48681222e-02
9.68630121e-02
9.74635078e-02
9.58759303e-02
9.69010313e-02
9.87560730e-02
9.76572048e-02
9.49684214e-02
9.47914609e-02
9.58311560e-02
9.66264601e-02
9.49424677e-02
9.77681960e-02
9.72333737e-02
9.82905549e-02
9.65162389e-02
9.84175710e-02
9.67948435e-02
9.65684172e-02
9.67438297e-02
9.57119553e-02
9.66528526e-02
9.72125089e-02
9.63239368e-02
9.70571778e-02
9.46917619e-02
9.57971687e-02
9.33245292e-02
9.57971934e-02
9.62165652e-02
9.83500170e-02
9.64951736e-02
9.37651469e-02
9.84669974e-02
9.55064400e-02
9.38609756e-02
9.55632276e-02
9.64637875e-02
9.64403967e-02
9.55540175e-02
9.66097778e-02
9.74698180e-02
9.42853344e-02
9.63217033e-02
9.49559623e-02
9.50895420e-02
9.83467263e-02
9.80532317e-02
9.89199741e-02
9.82088584e-02
9.67653187e-02
9.67423276e-02
9.70981470e-02
9.65738655e-02
9.63070256e-02
9.61921927e-02
9.47548552e-02
9.58632978e-02
9.85189201e-02
9.52342722e-02
9.55056420e-02
9.75316664e-02
9.64166977e-02
9.69229111e-02
9.69865245e-02
9.60912273e-02
9.55672994e-02
9.58026415e-02
9.78302101e-02
9.63547475e-02
9.65956714e-02
9.58316068e-02
9.68126436e-02
9.59475022e-02
9.75009571e-02
9.56025266e-02
9.58824997e-02
9.75462789e-02
9.67607776e-02
9.68322704e-02
9.46736141e-02
9.72832121e-02
9.61034541e-02
9.85855833e-02
9.62734387e-02
9.61618541e-02
9.70957461e-02
9.70449070e-02
9.78186570e-02
9.73387587e-02
9.59342916e-02
9.54317942e-02
9.60053886e-02
9.42232102e-02
9.59956802e-02
9.73120411e-02
9.59756474e-02
9.45959441e-02
9.65331851e-02
9.63493687e-02
9.63902922e-02
9.76413080e-02
9.79348769e-02
9.75331439e-02
9.66476340e-02
9.68393806e-02
9.52780302e-02
9.60017409e-02
9.75077471e-02
9.77130768e-02
9.55344345e-02
9.67810345e-02
9.76682622e-02
9.46613348e-02
9.59484207e-02
9.76255989e-02
9.66887086e-02
9.73072492e-02
9.62489905e-02
9.54746558e-02
9.86642143e-02
9.79985291e-02
9.84823075e-02
9.69004579e-02
9.56741868e-02
9.63603097e-02
9.65174539e-02
9.45287802e-02
9.55919057e-02
9.85492579e-02
9.77134223e-02
9.75727867e-02
9.95373934e-02
9.50443971e-02
9.62233687e-02
9.80802872e-02
9.52502095e-02
9.62577220e-02
9.75276616e-02
9.73179591e-02
9.82336573e-02
9.68323737e-02
9.67956331e-02
9.56716390e-02
9.64869469e-02
9.75279801e-02
9.74510865e-02
9.47654505e-02
9.77230055e-02
9.44705650e-02
9.75268363e-02
9.70932065e-02
9.56633106e-02
9.87492995e-02
9.37927624e-02
9.88556878e-02
9.94340744e-02
9.67102073e-02
9.67158754e-02
9.63076023e-02
9.80446936e-02
9.93710567e-02
9.72944352e-02
9.68645714e-02
9.89073215e-02
9.70554283e-02
9.51618359e-02
9.83071668e-02
9.64470200e-02
9.64241848e-02
9.62253032e-02
9.61180879e-02
9.85595272e-02
9.72733711e-02
9.62404538e-02
9.69879830e-02
9.81285643e-02
9.49021159e-02
9.72579845e-02
9.61773716e-02
9.85344179e-02
9.66791417e-02
9.91734929e-02
9.76655959e-02
9.88079757e-02
9.66178571e-02
9.50312839e-02
9.46544166e-02
9.60196848e-02
9.63005325e-02
9.60645406e-02
9.83897890e-02
9.66748352e-02
9.45294776e-02
9.56427210e-02
9.73449607e-02
9.54818736e-02
9.65679539e-02
9.49691654e-02
9.75242732e-02
9.71905909e-02
9.63259814e-02
9.46149765e-02
9.50693105e-02
9.74659736e-02
9.65097856e-02
9.51745688e-02
9.71549280e-02
9.81257629e-02
9.60736616e-02
1.00218160e-01
9.71010573e-02
9.58299400e-02
9.65827454e-02
9.43143969e-02
9.65061753e-02
9.68093279e-02
9.59735626e-02
9.73412576e-02
9.69463712e-02
9.75355728e-02
9.59427412e-02
9.82404115e-02
9.57737790e-02
9.58201373e-02
9.71526491e-02
9.67782144e-02
9.47968184e-02
9.58981013e-02
9.66096474e-02
9.86402070e-02
9.64353577e-02
9.81314747e-02
9.40425009e-02
9.66399368e-02
9.49981964e-02
9.61234009e-02
9.71472577e-02
9.62396770e-02
9.49161737e-02
9.51391287e-02
9.72084555e-02
9.76217568e-02
9.61669781e-02
9.81438649e-02
9.80411490e-02
9.69063991e-02
9.86894392e-02
9.68078566e-02
9.64263439e-02
9.86635971e-02
9.86515508e-02
9.66300086e-02
9.63894887e-02
9.56810916e-02
9.61931623e-02
9.60714931e-02
9.60888430e-02
9.70844866e-02
9.51154774e-02
9.89587722e-02
9.76107142e-02
9.59139089e-02
9.70055940e-02
9.77418200e-02
9.55822889e-02
9.85815723e-02
9.58041822e-02
9.54369901e-02
9.62302331e-02
9.59804330e-02
9.59428752e-02
9.88964241e-02
9.77558556e-02
9.46595497e-02
9.59281784e-02
9.73197691e-02
9.70837276e-02
9.60971513e-02
9.75217114e-02
9.55947321e-02
9.72003602e-02
9.64247003e-02
9.67455990e-02
9.76427280e-02
9.84138893e-02
9.65300680e-02
9.47264507e-02
9.60443553e-02
9.87550359e-02
9.62749925e-02
9.69949879e-02
1.00248891e-01
9.57117046e-02
9.58756681e-02
9.59920615e-02
9.62162805e-02
9.65337718e-02
9.76168720e-02
9.56103798e-02
9.70381363e-02
9.66000987e-02
9.77727892e-02
9.57389408e-02
9.81188355e-02
9.51131351e-02
9.55217464e-02
9.78802594e-02
9.65596599e-02
9.71301767e-02
9.81824003e-02
9.72559277e-02
9.54536985e-02
9.84966556e-02
9.45307574e-02
9.71056964e-02
9.61856917e-02
9.78973990e-02
9.60793015e-02
9.58997100e-02
9.59877485e-02
9.48653834e-02
9.96932628e-02
9.82309504e-02
9.79527711e-02
9.70234316e-02
9.58302217e-02
9.78601736e-02
9.61996325e-02
9.64435875e-02
9.82367513e-02
9.50293971e-02
9.52561368e-02
9.57660870e-02
9.66463947e-02
9.70807407e-02
9.53159144e-02
9.63237872e-02
9.87310379e-02
9.78782861e-02
9.76599422e-02
9.56660672e-02
9.53122216e-02
9.65931646e-02
9.80617996e-02
9.84195048e-02
9.68858811e-02
9.62277294e-02
9.70858329e-02
9.60751036e-02
9.51121882e-02
9.87573543e-02
9.67665976e-02
9.69019722e-02
9.63143570e-02
9.49534259e-02
9.84472287e-02
9.70123572e-02
9.51325756e-02
9.58522125e-02
9.63864270e-02
9.72806109e-02
9.61559006e-02
9.74811884e-02
9.63356615e-02
9.78135555e-02
9.52621001e-02
9.50552351e-02
9.71182527e-02
9.78687747e-02
9.69106841e-02
9.42289301e-02
9.71686597e-02
9.66290696e-02
9.64372309e-02
9.75810451e-02
9.87030387e-02
9.61249698e-02
9.74145227e-02
9.66535506e-02
9.73295627e-02
9.83248446e-02
9.62826193e-02
9.70791041e-02
9.48803761e-02
9.67367045e-02
9.74632507e-02
9.60768503e-02
9.80937468e-02
9.63629304e-02
9.66015546e-02
9.84070267e-02
9.74468324e-02
9.81847790e-02
9.64491907e-02
9.84070328e-02
9.66749222e-02
9.89886780e-02
9.66231579e-02
9.59953178e-02
9.85203095e-02
9.54033707e-02
9.58982992e-02
9.65716909e-02
9.58544097e-02
9.59969566e-02
9.61508877e-02
9.67920364e-02
9.56287994e-02
9.56298672e-02
9.80042578e-02
9.78044470e-02
9.79768938e-02
9.75347159e-02
9.60069124e-02
9.54054328e-02
9.68344888e-02
9.66951858e-02
9.65431797e-02
9.57125772e-02
9.58104515e-02
9.68304926e-02
9.50665094e-02
9.62515022e-02
9.86131353e-02
9.56540805e-02
9.86920892e-02
9.73835812e-02
9.62707522e-02
9.64572361e-02
9.76462843e-02
9.68705295e-02
9.59425585e-02
9.77090081e-02
9.59782610e-02
9.84202154e-02
9.79965072e-02
9.84147230e-02
9.87858695e-02
9.89048563e-02
9.51419935e-02
9.50203843e-02
9.56365605e-02
9.49243014e-02
9.70739704e-02
9.65614852e-02
9.66299201e-02
9.57007558e-02
9.68280018e-02
9.60942315e-02
9.64353098e-02
9.71952288e-02
9.74357203e-02
9.92993689e-02
9.74041547e-02
9.63383759e-02
9.62316770e-02
9.51859389e-02
9.63340136e-02
9.91110154e-02
9.75708505e-02
9.64016766e-02
9.61686022e-02
9.53451727e-02
9.59234952e-02
9.56037601e-02
9.72393918e-02
9.53740074e-02
9.39610334e-02
9.65722381e-02
9.53188139e-02
9.60343142e-02
9.65261941e-02
9.49191327e-02
9.53278354e-02
9.68566164e-02
9.63914271e-02
9.64661022e-02
9.71007908e-02
9.44153014e-02
9.54125423e-02
9.73722413e-02
9.52982753e-02
9.57610971e-02
9.71064490e-02
9.69118799e-02
9.58436624e-02
9.60385717e-02
9.69418288e-02
9.66736516e-02
9.63947694e-02
9.52248478e-02
9.73739249e-02
9.55462754e-02
9.43307623e-02
9.58971080e-02
9.72695261e-02
9.73590910e-02
9.58211052e-02
9.65453799e-02
9.85521201e-02
9.74929487e-02
9.89424510e-02
9.78807670e-02
9.75147571e-02
9.46518469e-02
9.70082026e-02
9.59493299e-02
9.72184897e-02
9.71648919e-02
9.51769607e-02
9.89865287e-02
9.58690785e-02
9.36123024e-02
9.78525391e-02
9.65882389e-02
9.76743036e-02
9.58746717e-02
9.52686633e-02
9.25400254e-02
9.61306800e-02
9.53779854e-02
9.52546383e-02
9.73847690e-02
9.71963592e-02
9.62824198e-02
9.44654899e-02
1.01134040e-01
9.51794672e-02
9.57325177e-02
9.59139528e-02
9.70445128e-02
9.61835348e-02
9.81102174e-02
9.69833072e-02
9.51324506e-02
9.93540946e-02
9.76191135e-02
9.65609846e-02
9.83942397e-02
9.65298136e-02
9.67027050e-02
9.69279954e-02
9.44119888e-02
9.59386946e-02
9.57248877e-02
9.42861443e-02
9.72821841e-02
9.83468144e-02
9.74518477e-02
9.38093252e-02
9.61409596e-02
9.77000926e-02
9.66559566e-02
9.66272269e-02
9.61086958e-02
9.58419201e-02
9.57575917e-02
9.53941249e-02
9.62197692e-02
9.40712230e-02
9.63990007e-02
9.68803127e-02
9.56642146e-02
9.61885547e-02
9.64213474e-02
9.76070483e-02
9.54535938e-02
9.69667980e-02
9.52605752e-02
9.72280440e-02
9.59992880e-02
9.61091216e-02
9.55758993e-02
9.51931299e-02
9.72423366e-02
9.71927256e-02
9.82147680e-02
9.80560509e-02
9.54814906e-02
9.66693278e-02
9.73508644e-02
9.42267771e-02
9.94056743e-02
9.76953834e-02
9.85907915e-02
9.44683324e-02
9.68447025e-02
9.54581483e-02
9.73083096e-02
9.58942645e-02
9.63658043e-02
9.84634598e-02
9.70553690e-02
9.80570802e-02
9.80708680e-02
9.72348137e-02
9.86688123e-02
9.53762190e-02
9.54832878e-02
9.74944567e-02
9.63447569e-02
9.88625126e-02
9.79916169e-02
9.73932117e-02
9.81677406e-02
9.56505925e-02
9.50720414e-02
9.96087796e-02
9.64456096e-02
9.77591219e-02
9.58557677e-02
9.63431403e-02
9.40361377e-02
9.66607768e-02
9.73135223e-02
9.75581590e-02
9.46018014e-02
9.78776301e-02
9.73235443e-02
9.54552885e-02
9.76638894e-02
9.81563835e-02
9.62063100e-02
9.47485056e-02
9.58729599e-02
9.61725198e-02
9.91958386e-02
9.82015601e-02
9.48528377e-02
9.80154408e-02
9.55744158e-02
9.64669854e-02
9.67596890e-02
9.58968733e-02
9.56052288e-02
9.72095916e-02
9.87122506e-02
9.43557179e-02
9.66105876e-02
9.91756788e-02
9.79109967e-02
9.50844616e-02
9.65306407e-02
9.56707017e-02
9.73536097e-02
9.56514608e-02
9.77033909e-02
9.49453156e-02
9.47655088e-02
9.52066112e-02
9.50142902e-02
9.71073746e-02
9.63956624e-02
9.67893851e-02
9.73217832e-02
9.59564852e-02
9.65009246e-02
9.76686477e-02
9.42263129e-02
9.86977220e-02
9.71684703e-02
9.54377636e-02
9.58395834e-02
9.84341776e-02
9.52272540e-02
9.65423361e-02
9.69232696e-02
9.69280752e-02
9.68090014e-02
9.78746261e-02
9.78174347e-02
9.47449528e-02
9.82624375e-02
9.49191211e-02
9.77432789e-02
9.77344060e-02
9.69759661e-02
9.42301158e-02
9.81237214e-02
9.49466083e-02
9.72854608e-02
9.57196447e-02
9.71704977e-02
9.85079807e-02
9.62038694e-02
9.52354303e-02
9.77551991e-02
9.78009697e-02
9.81985535e-02
9.73699229e-02
9.80595795e-02
9.61830964e-02
9.52233223e-02
9.74503950e-02
9.85859870e-02
9.45856210e-02
9.34705258e-02
9.56730311e-02
9.86554223e-02
9.69492529e-02
9.58385397e-02
9.69353801e-02
9.57678006e-02
9.43810418e-02
9.77541983e-02
9.66036756e-02
9.44085367e-02
9.95210979e-02
9.64502469e-02
9.70620219e-02
9.63303426e-02
9.58366299e-02
9.60172566e-02
9.57768935e-02
9.82465513e-02
9.61690730e-02
9.67450520e-02
9.73982853e-02
9.69344976e-02
9.69383216e-02
9.68279542e-02
9.74165270e-02
9.40632194e-02
9.53660302e-02
9.71783544e-02
9.37173163e-02
9.63205713e-02
9.70934206e-02
9.48492616e-02
9.83041740e-02
9.76563875e-02
9.66854218e-02
9.68192921e-02
9.42145681e-02
9.69240771e-02
9.46065618e-02
9.76086150e-02
9.63220275e-02
9.49474072e-02
9.65242680e-02
9.83481125e-02
9.74552792e-02
9.68644150e-02
9.88206138e-02
9.66958672e-02
9.72405981e-02
9.87661346e-02
9.52863616e-02
9.78436213e-02
9.59165254e-02
9.49657697e-02
9.58547990e-02
9.64555471e-02
9.45465985e-02
9.54722452e-02
9.74419007e-02
9.70922389e-02
9.73984714e-02
9.65746123e-02
9.74762124e-02
9.57447018e-02
9.38673581e-02
9.72009657e-02
9.68846819e-02
9.77230496e-02
9.54693516e-02
9.70952842e-02
9.71782843e-02
9.67257014e-02
9.50538334e-02
9.61438332e-02
9.79756159e-02
9.74907021e-02
9.75627200e-02
9.53259722e-02
9.56334805e-02
9.65285022e-02
9.91783233e-02
9.53881765e-02
9.74143250e-02
9.75336819e-02
9.75718835e-02
9.67955500e-02
9.73174974e-02
9.48518779e-02
9.59708319e-02
9.69009058e-02
9.81024589e-02
9.80524398e-02
9.92580106e-02
9.70012953e-02
9.98991431e-02
9.59554408e-02
9.54892724e-02
9.72365959e-02
9.58477293e-02
9.67700983e-02
9.68926159e-02
9.61080993e-02
9.84077179e-02
9.57860112e-02
9.62446316e-02
9.74195376e-02
9.73144005e-02
9.68295551e-02
9.54086215e-02
9.49820415e-02
9.85911770e-02
9.76138219e-02
9.68573238e-02
9.54560098e-02
9.59927798e-02
9.64474714e-02
9.71345313e-02
9.77989831e-02
9.42710148e-02
9.63591883e-02
9.62177559e-02
9.58303365e-02
9.71823345e-02
9.84558277e-02
9.55118536e-02
9.76602534e-02
9.71751220e-02
9.63820244e-02
9.80200402e-02
9.67806885e-02
9.41610301e-02
9.59246435e-02
9.57138246e-02
9.69611679e-02
9.60636325e-02
9.89074343e-02
9.49608836e-02
9.70720144e-02
9.55758283e-02
9.77820761e-02
1.00461530e-01
9.37728703e-02
9.54975102e-02
9.66670686e-02
9.62926557e-02
9.39244228e-02
9.76558757e-02
9.75132472e-02
9.82227852e-02
9.77169397e-02
9.55204128e-02
9.49349981e-02
9.73704672e-02
9.74138374e-02
9.68562855e-02
9.55376384e-02
9.49529233e-02
9.61604809e-02
9.80818089e-02
9.52790721e-02
9.45070691e-02
9.71008867e-02
9.55975090e-02
9.74775754e-02
9.48505552e-02
9.46126712e-02
9.70280143e-02
9.41810506e-02
1.00109338e-01
9.53937505e-02
9.33575485e-02
9.68623571e-02
9.60068085e-02
9.49515728e-02
9.70269238e-02
9.64853959e-02
9.81508482e-02
9.50315897e-02
9.79319460e-02
9.65484098e-02
9.79278280e-02
9.55285406e-02
9.83933527e-02
9.44068434e-02
9.72058042e-02
9.76789755e-02
9.54437694e-02
9.48814572e-02
9.61033887e-02
9.65947079e-02
9.46738569e-02
9.52124735e-02
9.50571776e-02
9.72539485e-02
9.81492849e-02
9.99142547e-02
9.49387504e-02
9.63569788e-02
9.72380413e-02
9.80937622e-02
9.56942651e-02
9.73887149e-02
9.72303447e-02
9.69409371e-02
9.60693719e-02
9.50976895e-02
9.44787000e-02
9.54829132e-02
9.82106299e-02
9.76654385e-02
9.95327128e-02
9.46215123e-02
9.72499283e-02
9.58493241e-02
9.65662548e-02
9.78539744e-02
9.56751931e-02
9.63053150e-02
9.71824320e-02
9.62709762e-02
9.79407558e-02
9.58153673e-02
9.47391293e-02
9.57528230e-02
9.63981373e-02
9.68056055e-02
9.67991517e-02
9.83506254e-02
9.57222357e-02
9.58771306e-02
9.85289149e-02
9.69985590e-02
9.64036806e-02
9.56886710e-02
9.78358073e-02
9.51241261e-02
9.70094089e-02
9.71407400e-02
9.93103895e-02
9.50001025e-02
9.70907743e-02
9.62504385e-02
9.74129537e-02
9.51020344e-02
9.81492772e-02
9.62128235e-02
9.65342824e-02
9.68912221e-02
9.38096007e-02
9.75553273e-02
9.94608963e-02
9.57069992e-02
9.77739943e-02
9.75150297e-02
9.64098429e-02
9.67153991e-02
9.55178146e-02
9.78103758e-02
9.58314352e-02
9.85711211e-02
9.55586930e-02
9.49687391e-02
9.74032129e-02
9.51333010e-02
9.61940881e-02
9.69152696e-02
9.82545373e-02
9.74366145e-02
9.65004876e-02
9.57032572e-02
9.65491116e-02
9.59445206e-02
9.66630443e-02
9.81733914e-02
9.65221726e-02
9.51140355e-02
9.88631695e-02
9.81933060e-02
9.59473189e-02
9.61099255e-02
9.56057962e-02
1.01695005e-01
9.58977516e-02
9.67951167e-02
9.61227515e-02
9.51795345e-02
9.75085469e-02
9.43890699e-02
9.69932897e-02
9.73902386e-02
9.80098566e-02
9.57886702e-02
9.78806215e-02
9.70633365e-02
9.81110804e-02
9.68687171e-02
9.61093961e-02
9.69369941e-02
9.43257293e-02
9.69026742e-02
9.63173635e-02
9.52569826e-02
9.68143138e-02
9.87040200e-02
9.55576129e-02
9.71183151e-02
9.46487192e-02
9.61344045e-02
9.58318781e-02
9.74109778e-02
9.82787014e-02
9.69807674e-02
9.70519982e-02
9.59725722e-02
9.73903543e-02
9.42675378e-02
9.37598314e-02
9.60776508e-02
9.73903788e-02
9.65617080e-02
9.53429566e-02
9.44746992e-02
9.75775388e-02
9.85437892e-02
9.63258222e-02
9.50977205e-02
9.80573925e-02
9.73045146e-02
9.69608480e-02
9.70642667e-02
9.48303956e-02
9.75392329e-02
9.73592120e-02
9.73873530e-02
9.57406570e-02
9.64689994e-02
9.71394374e-02
9.55199758e-02
9.43560788e-02
9.59082554e-02
9.80772394e-02
9.73690780e-02
9.76427764e-02
9.69895328e-02
9.62537515e-02
9.81789888e-02
9.59198498e-02
9.50781723e-02
9.63702991e-02
9.87271143e-02
9.54607234e-02
9.64152680e-02
9.94522153e-02
9.60816509e-02
9.50844365e-02
9.70671256e-02
9.74167720e-02
9.78961150e-02
9.86701175e-02
9.60470873e-02
9.50915979e-02
9.43302456e-02
9.74801612e-02
9.73637217e-02
9.67807429e-02
9.80942485e-02
9.69553346e-02
9.49692947e-02
9.74264109e-02
9.46688009e-02
9.91638131e-02
9.36937820e-02
9.51862859e-02
9.52121796e-02
9.55117542e-02
9.90908200e-02
9.64023524e-02
9.56066324e-02
9.68580078e-02
9.56926137e-02
9.58427682e-02
9.63568225e-02
9.63626579e-02
9.54880246e-02
9.46774408e-02
9.45186443e-02
9.64209933e-02
9.86479640e-02
9.53583310e-02
9.54504128e-02
9.64971105e-02
9.67705133e-02
9.94162218e-02
9.72918634e-02
9.62576349e-02
9.46613173e-02
9.59921605e-02
9.77029948e-02
9.45468748e-02
9.60274583e-02
9.67867999e-02
9.56605136e-02
9.53911736e-02
9.62469980e-02
9.86432697e-02
9.76794289e-02
9.72194213e-02
9.72366316e-02
9.80554767e-02
9.57312138e-02
9.64084618e-02
9.63777756e-02
9.67162071e-02
9.74009254e-02
9.54547116e-02
9.38688958e-02
9.82922504e-02
9.66190116e-02
9.83486885e-02
9.65762449e-02
9.60502474e-02
9.76821023e-02
9.52508605e-02
9.74871302e-02
9.47906936e-02
9.91202429e-02
9.70897545e-02
9.97980290e-02
9.75276474e-02
9.85097515e-02
9.69898229e-02
9.67432963e-02
9.82162992e-02
9.65392656e-02
9.55112694e-02
9.55081865e-02
9.66305803e-02
9.66029590e-02
9.63483279e-02
9.66762463e-02
9.67133140e-02
9.67510961e-02
9.83614336e-02
9.66897864e-02
9.66498485e-02
9.71120559e-02
9.70472882e-02
9.66770466e-02
9.90401215e-02
9.62329458e-02
9.40547740e-02
9.72157455e-02
9.72312719e-02
9.70519287e-02
9.59046988e-02
9.38986046e-02
9.50358469e-02
9.73527244e-02
9.58838644e-02
9.69107309e-02
9.63916878e-02
9.77962514e-02
9.73399611e-02
9.64812307e-02
9.65645806e-02
9.54760567e-02
9.88011959e-02
9.49593964e-02
9.51599263e-02
9.78803893e-02
9.62222365e-02
9.55900436e-02
9.68887766e-02
9.59701705e-02
9.70260499e-02
9.70382865e-02
9.72328701e-02
9.72023605e-02
9.81173208e-02
9.65042220e-02
9.49860903e-02
9.73815202e-02
9.97510170e-02
9.72012407e-02
9.78355106e-02
9.76171611e-02
9.77582000e-02
9.77507116e-02
9.68605534e-02
9.58368940e-02
9.58018132e-02
9.81051414e-02
9.58600642e-02
9.55583663e-02
9.78048999e-02
9.39622823e-02
9.74959882e-02
9.73993660e-02
9.75375318e-02
9.75988093e-02
9.64546849e-02
9.72391294e-02
9.72013130e-02
9.60558875e-02
9.79633442e-02
9.65601486e-02
9.64928204e-02
9.60380295e-02
9.61464185e-02
9.65082653e-02
9.67812905e-02
9.78669273e-02
9.49895704e-02
9.72234957e-02
9.45317998e-02
9.69681798e-02
9.43396049e-02
9.60480414e-02
9.84113101e-02
9.59613441e-02
9.59150453e-02
9.64651561e-02
9.75619483e-02
9.77122169e-02
9.57947072e-02
9.71694845e-02
9.65832666e-02
9.82999149e-02
9.83134913e-02
9.66730058e-02
9.85860137e-02
9.69493166e-02
9.70830929e-02
9.64561005e-02
9.60481056e-02
9.56758579e-02
9.41888318e-02
9.83487756e-02
9.93292091e-02
9.86876908e-02
9.61172794e-02
9.64585657e-02
9.74352485e-02
9.83616744e-02
9.70895075e-02
9.49171902e-02
9.47748819e-02
9.68025465e-02
9.75322825e-02
9.84586440e-02
9.51484601e-02
9.54380766e-02
9.49229937e-02
9.75317262e-02
9.72880828e-02
9.45019275e-02
9.65977828e-02
9.86743108e-02
9.68944820e-02
9.79537906e-02
9.62081408e-02
9.64929067e-02
9.72795649e-02
9.56021189e-02
9.67211905e-02
9.72174316e-02
9.61763504e-02
9.66289487e-02
9.76525747e-02
9.54743645e-02
9.59363845e-02
9.50466717e-02
9.58944425e-02
9.79351836e-02
9.71339199e-02
9.72604918e-02
9.51303610e-02
9.47134157e-02
9.60482286e-02
9.64607987e-02
9.76524007e-02
9.64535394e-02
9.65424503e-02
9.79810501e-02
9.77166235e-02
9.72184988e-02
9.90952626e-02
9.58827541e-02
9.72261511e-02
9.77934411e-02
9.64479582e-02
9.60074613e-02
9.60237512e-02
9.62563032e-02
9.51986150e-02
9.89167335e-02
9.46337021e-02
9.73193276e-02
9.76112194e-02
9.55450561e-02
9.59151699e-02
9.67901203e-02
9.55003233e-02
9.37460186e-02
9.72454320e-02
9.91344892e-02
9.80064984e-02
9.76347050e-02
9.48335855e-02
9.77567961e-02
9.55789041e-02
9.66631847e-02
9.61698403e-02
9.66600525e-02
9.59425799e-02
9.49410999e-02
9.56946038e-02
9.78422200e-02
9.82739326e-02
9.78155200e-02
9.92500920e-02
9.68295802e-02
9.50196754e-02
9.38961936e-02
9.57878392e-02
9.93540039e-02
9.48306680e-02
9.56952882e-02
9.86922386e-02
9.58626307e-02
9.76590504e-02
9.56606694e-02
9.92201018e-02
9.82657726e-02
9.50788285e-02
9.70611125e-02
9.76620558e-02
9.53580889e-02
9.77856219e-02
9.72845727e-02
9.65161854e-02
9.64444908e-02
9.66545491e-02
9.79749818e-02
9.80514069e-02
9.73936727e-02
9.81876495e-02
9.64150887e-02
9.35208307e-02
9.73722232e-02
9.56943066e-02
9.66082523e-02
9.58117059e-02
9.67117367e-02
9.55919761e-02
9.61320390e-02
9.71842063e-02
9.65382945e-02
9.55767982e-02
9.58336890e-02
9.66211469e-02
9.86898409e-02
9.32311271e-02
9.60193848e-02
9.76610487e-02
9.51984315e-02
9.47690208e-02
9.67561516e-02
9.59338966e-02
9.79692211e-02
9.71399057e-02
9.60685601e-02
9.57101612e-02
9.60789163e-02
9.81519448e-02
9.73496705e-02
9.58277294e-02
9.55719503e-02
9.39428962e-02
9.79560282e-02
9.65730698e-02
9.56674942e-02
9.53758416e-02
9.91539839e-02
9.75848556e-02
9.68325455e-02
9.53229242e-02
9.80916675e-02
9.81221014e-02
9.64478988e-02
9.43031920e-02
9.75404688e-02
9.78315386e-02
9.74324775e-02
9.70919266e-02
9.49747000e-02
9.75317825e-02
9.90051831e-02
9.61252441e-02
9.66763083e-02
9.85441663e-02
9.57683685e-02
9.46181038e-02
9.39556596e-02
9.81600706e-02
9.62507299e-02
9.61571319e-02
9.66080084e-02
9.83396165e-02
9.72095136e-02
9.46724555e-02
9.74537544e-02
9.62212796e-02
9.73062146e-02
9.44317794e-02
9.44844761e-02
9.50725943e-02
9.82231958e-02
9.45026204e-02
9.53572277e-02
9.75263609e-02
9.66045231e-02
9.72517185e-02
9.48681108e-02
9.49416281e-02
9.65967743e-02
9.78476934e-02
9.61346209e-02
9.71149627e-02
9.71619982e-02
9.79757857e-02
9.68660596e-02
9.56344055e-02
9.61104102e-02
9.63524993e-02
9.62112487e-02
9.57931040e-02
9.51240877e-02
9.52647517e-02
9.78595401e-02
9.74510857e-02
9.85667414e-02
9.51639285e-02
9.73527505e-02
9.79843961e-02
9.64823832e-02
9.63560932e-02
9.73861180e-02
9.69208585e-02
9.55524279e-02
9.68878162e-02
9.82615125e-02
9.70455158e-02
9.49474610e-02
9.66206241e-02
9.53379626e-02
9.70640038e-02
9.59512534e-02
9.66450744e-02
9.64434750e-02
9.79798688e-02
9.58905053e-02
9.62646828e-02
9.58834012e-02
9.56144441e-02
9.70111482e-02
9.68104964e-02
9.72666103e-02
9.48380910e-02
9.74956919e-02
9.55169007e-02
9.83700846e-02
9.74325515e-02
9.61349191e-02
9.89067534e-02
9.68702970e-02
9.70351869e-02
9.41620392e-02
9.72131390e-02
9.73533817e-02
9.66977431e-02
9.56620263e-02
9.62809819e-02
9.67763404e-02
9.47914488e-02
9.45141192e-02
9.58930561e-02
9.65814071e-02
9.61316836e-02
9.50685375e-02
9.42482758e-02
9.52349275e-02
9.75226348e-02
9.66409803e-02
9.58386411e-02
9.56643874e-02
9.63781808e-02
9.63284458e-02
9.57268919e-02
9.49311099e-02
9.65739157e-02
9.69402723e-02
9.79691852e-02
9.52648326e-02
9.78260659e-02
9.53795893e-02
9.65790189e-02
9.61523592e-02
9.85337773e-02
9.61196581e-02
9.92395712e-02
9.74822273e-02
9.67937935e-02
9.66267050e-02
9.62539227e-02
9.72487418e-02
9.72520680e-02
9.87438488e-02
9.69635844e-02
9.62874303e-02
9.81331659e-02
9.83774342e-02
9.86911838e-02
9.52925431e-02
9.65831834e-02
9.64211433e-02
9.51638663e-02
9.75089951e-02
9.79201112e-02
9.62398937e-02
9.60725203e-02
9.53285106e-02
9.65165748e-02
9.73619360e-02
9.73181985e-02
9.77442703e-02
9.54306182e-02
9.90528792e-02
9.56872641e-02
9.58435408e-02
9.51125626e-02
9.66917963e-02
9.76867538e-02
9.74083358e-02
9.76821482e-02
9.79633241e-02
9.53288410e-02
9.69981723e-02
9.64344849e-02
9.55025550e-02
9.72124195e-02
9.78195540e-02
9.82626486e-02
9.78753249e-02
9.48171156e-02
9.82774634e-02
9.56218996e-02
9.51318404e-02
9.65948904e-02
9.59107277e-02
9.61993696e-02
9.60721219e-02
9.82391398e-02
9.91462056e-02
9.86172376e-02
9.79075486e-02
9.58251013e-02
9.53812082e-02
9.73536754e-02
9.67514668e-02
9.78134212e-02
9.71523776e-02
9.90224510e-02
9.72172599e-02
9.67745175e-02
9.66128596e-02
9.78752424e-02
9.59143361e-02
9.43168253e-02
9.93259506e-02
9.77284985e-02
9.82947979e-02
9.48116065e-02
9.45201367e-02
9.73944883e-02
9.67024565e-02
9.62276054e-02
9.54076027e-02
9.59975888e-02
9.72688695e-02
9.66655978e-02
9.70150983e-02
9.57003851e-02
9.39811548e-02
9.61051736e-02
9.64502076e-02
9.52000011e-02
9.63592903e-02
9.41928748e-02
9.78705526e-02
9.47987239e-02
9.59288566e-02
1.00248689e-01
9.42431658e-02
9.62860494e-02
9.62957400e-02
9.99658377e-02
9.80850580e-02
9.39031238e-02
9.66764112e-02
9.64196061e-02
9.79770743e-02
9.91746719e-02
9.49774781e-02
9.67036198e-02
9.69006123e-02
9.94759693e-02
9.75891103e-02
9.83051540e-02
9.70369023e-02
9.61051053e-02
9.70498446e-02
9.48056099e-02
9.56718636e-02
9.51965411e-02
9.73970537e-02
9.42001021e-02
9.81381121e-02
9.85084090e-02
9.83910243e-02
9.42483656e-02
9.68997335e-02
9.52374153e-02
9.81691370e-02
9.56323281e-02
9.46911988e-02
9.83605074e-02
9.69239818e-02
9.68031774e-02
9.76496861e-02
9.53563145e-02
9.78716050e-02
9.59216745e-02
9.70608996e-02
9.87506384e-02
9.52575528e-02
9.42135451e-02
9.64195744e-02
9.64677743e-02
9.65702594e-02
9.96197810e-02
9.71250711e-02
9.75371468e-02
9.74309555e-02
9.55295102e-02
9.59669465e-02
9.58626313e-02
9.70698522e-02
9.59222073e-02
9.52029069e-02
9.66371249e-02
9.82742158e-02
9.64410896e-02
9.64569849e-02
9.73512072e-02
9.53699427e-02
9.76556883e-02
9.57317871e-02
9.81871505e-02
9.57831724e-02
9.75491153e-02
9.60421637e-02
9.90363991e-02
9.71268856e-02
9.68420493e-02
9.74014814e-02
9.58295671e-02
9.96879537e-02
9.67659983e-02
9.51735877e-02
9.68426035e-02
9.62114521e-02
9.75661741e-02
9.62028269e-02
9.61551643e-02
9.70902763e-02
9.56172397e-02
9.63943587e-02
9.86650770e-02
9.68783356e-02
1.00812139e-01
9.73431985e-02
9.49593219e-02
9.47447780e-02
9.77769873e-02
9.74261161e-02
9.87465698e-02
9.69440998e-02
9.68838360e-02
9.94797826e-02
9.74201450e-02
9.50127783e-02
9.53351319e-02
9.50482865e-02
9.81200866e-02
9.80647118e-02
9.63982731e-02
9.53991958e-02
9.89751132e-02
9.60274481e-02
9.65008509e-02
9.60886214e-02
9.57894896e-02
9.61884295e-02
9.62039135e-02
9.38427172e-02
9.83903514e-02
9.55731628e-02
9.58401589e-02
9.58213466e-02
9.79153111e-02
9.66068293e-02
9.68751816e-02
9.62565140e-02
9.51009272e-02
9.64594846e-02
9.73232750e-02
9.62580081e-02
9.52412953e-02
9.74433717e-02
9.62564909e-02
9.71304290e-02
9.28350143e-02
9.70996859e-02
9.65109588e-02
9.75202689e-02
9.58325337e-02
9.66142086e-02
9.63932817e-02
9.76980021e-02
9.47741308e-02
9.91134438e-02
9.65325631e-02
9.86648003e-02
9.74451856e-02
9.62762982e-02
9.72264995e-02
9.59343309e-02
9.78474580e-02
9.82827430e-02
9.64193271e-02
9.65038480e-02
9.61553594e-02
9.33549132e-02
9.80660010e-02
9.85788060e-02
9.71533006e-02
9.57498273e-02
9.66316243e-02
9.77534187e-02
9.55064552e-02
9.63482169e-02
9.74392764e-02
9.63876936e-02
9.76137636e-02
9.76456890e-02
9.29450285e-02
9.71162486e-02
9.77116831e-02
9.74952434e-02
9.65786940e-02
9.78350195e-02
1.00032790e-01
9.48949431e-02
9.71590466e-02
9.79022659e-02
9.50768789e-02
9.54195401e-02
9.70036103e-02
9.70607819e-02
9.67639815e-02
9.72599640e-02
9.43199014e-02
9.72995803e-02
9.61872726e-02
9.74944217e-02
9.84032846e-02
9.87508356e-02
9.52833325e-02
9.53958068e-02
9.84801048e-02
9.85315172e-02
9.71869183e-02
9.55462762e-02
9.85523816e-02
9.68109869e-02
9.54000147e-02
9.84078288e-02
9.75244831e-02
9.44704226e-02
9.62549262e-02
9.57506047e-02
9.72416106e-02
9.66331993e-02
9.58617587e-02
9.74285489e-02
9.61064215e-02
9.65011891e-02
9.66105967e-02
9.57501516e-02
9.54929902e-02
9.55346321e-02
9.46937362e-02
9.61161762e-02
9.57752615e-02
9.58256468e-02
9.73732127e-02
9.55485054e-02
9.69102478e-02
9.73037583e-02
9.74393258e-02
9.66656805e-02
9.56242741e-02
9.65469936e-02
9.53095174e-02
9.69419844e-02
9.52963953e-02
9.58464430e-02
9.62440195e-02
9.77535721e-02
9.78699719e-02
9.74895974e-02
9.68327720e-02
9.78282599e-02
9.56245088e-02
9.52370870e-02
9.73610141e-02
9.60551042e-02
9.65483821e-02
9.58175369e-02
9.89269251e-02
9.75243172e-02
9.61935479e-02
9.62151502e-02
9.42013706e-02
9.57920710e-02
9.67069864e-02
9.85175827e-02
9.56062781e-02
9.61104191e-02
9.39134402e-02
9.62536871e-02
9.82264347e-02
9.51116061e-02
9.81483825e-02
9.84384841e-02
9.63348880e-02
9.82018352e-02
9.54148009e-02
9.63530407e-02
9.75526862e-02
9.65523879e-02
9.65768392e-02
9.84497782e-02
9.76828818e-02
9.71671408e-02
9.68883087e-02
9.93987820e-02
9.57912020e-02
9.68259383e-02
9.53694736e-02
9.60701685e-02
9.77079776e-02
9.58021168e-02
9.70019159e-02
9.54245823e-02
9.71443759e-02
9.57068165e-02
9.68893830e-02
9.76323529e-02
9.98858060e-02
9.60495131e-02
9.76905804e-02
9.61490681e-02
1.00405143e-01
9.68393623e-02
9.62643927e-02
9.66245653e-02
9.53691822e-02
9.75865130e-02
9.62196105e-02
9.86474238e-02
9.78645663e-02
9.55761514e-02
9.80012339e-02
9.68015176e-02
9.57801999e-02
9.54776358e-02
9.93241230e-02
9.83994598e-02
9.82449998e-02
9.55695580e-02
9.78981969e-02
9.63754483e-02
9.68178687e-02
9.58589128e-02
9.53174197e-02
9.47479216e-02
9.71431445e-02
9.53407213e-02
9.51652926e-02
9.62591712e-02
9.62246891e-02
9.65724336e-02
9.49299881e-02
9.69979642e-02
9.57325665e-02
9.72532876e-02
9.63527168e-02
9.68734499e-02
9.64143231e-02
9.80571628e-02
9.71693430e-02
9.85108837e-02
9.66214749e-02
9.68061326e-02
9.52116960e-02
9.65655592e-02
9.79477706e-02
9.93846126e-02
9.54362894e-02
9.83189697e-02
9.74723457e-02
9.68846830e-02
9.70764301e-02
9.55945518e-02
9.55057339e-02
9.49284106e-02
9.90234372e-02
9.70557803e-02
9.60681260e-02
9.67049228e-02
9.61060907e-02
9.57600673e-02
9.59242343e-02
9.75032280e-02
9.97091472e-02
9.61124453e-02
9.63718351e-02
9.78897481e-02
9.62946826e-02
9.52434039e-02
9.72994722e-02
9.31945216e-02
9.51773721e-02
9.67243476e-02
9.54543439e-02
9.87074456e-02
9.46534622e-02
9.71631450e-02
9.55415705e-02
9.84581915e-02
9.35671876e-02
9.80036796e-02
9.64557900e-02
9.55120695e-02
9.60640895e-02
9.49415953e-02
9.59362725e-02
9.29084224e-02
9.57050315e-02
9.76239792e-02
9.58588493e-02
9.42968650e-02
9.80890804e-02
9.64410111e-02
9.82774767e-02
9.67592858e-02
9.60558517e-02
9.64818950e-02
9.47847885e-02
9.79096782e-02
9.47408758e-02
9.52835633e-02
9.63081970e-02
9.81122618e-02
9.70243643e-02
9.67188321e-02
9.31486109e-02
9.63731989e-02
9.55152234e-02
9.72793570e-02
9.76513321e-02
9.63185417e-02
9.59627179e-02
9.74542014e-02
9.69029484e-02
9.76732201e-02
9.52263779e-02
9.65461208e-02
9.59945501e-02
9.50937443e-02
9.53319365e-02
9.79217603e-02
9.56192158e-02
9.58531621e-02
9.69072605e-02
9.62897302e-02
9.61713242e-02
9.48821291e-02
9.73654862e-02
9.52546188e-02
9.78457096e-02
9.53914697e-02
9.93223682e-02
9.69018987e-02
9.69896923e-02
9.53710930e-02
9.53043309e-02
9.81132634e-02
9.78791550e-02
9.79261784e-02
9.75801279e-02
9.50386966e-02
9.59117241e-02
9.91183526e-02
9.62637353e-02
9.80029093e-02
9.67214928e-02
9.44471324e-02
9.84259720e-02
9.60357604e-02
9.39865753e-02
9.76296909e-02
9.75188416e-02
9.84602605e-02
9.51583130e-02
9.67746755e-02
9.42484910e-02
9.66190731e-02
9.56599986e-02
9.58811355e-02
9.57664649e-02
9.71698148e-02
9.67257321e-02
9.81549681e-02
9.75950833e-02
9.79993185e-02
9.53518426e-02
9.54135029e-02
9.71938594e-02
9.37869273e-02
9.73160367e-02
9.74572260e-02
9.41646873e-02
9.67255234e-02
9.72462295e-02
9.98109530e-02
9.38003737e-02
9.68353094e-02
9.57156048e-02
9.42901478e-02
9.72009216e-02
9.76881536e-02
9.76599397e-02
9.75697517e-02
9.71887132e-02
9.70086399e-02
9.78966360e-02
9.75530646e-02
9.64343445e-02
9.78998777e-02
9.50340611e-02
9.66235097e-02
9.48721025e-02
9.84471413e-02
9.95665991e-02
9.65070960e-02
9.75115493e-02
9.52920292e-02
9.74765002e-02
9.59386471e-02
9.69395315e-02
9.64877926e-02
9.76817480e-02
9.87173749e-02
9.86906145e-02
9.67831493e-02
9.84196299e-02
9.80947215e-02
9.44107867e-02
9.76474093e-02
9.42480791e-02
9.79035225e-02
9.66253643e-02
9.63638357e-02
9.47510115e-02
9.71704376e-02
9.74476996e-02
9.49624988e-02
9.62901870e-02
9.54755683e-02
9.86759330e-02
9.53400947e-02
9.58857397e-02
1.00441504e-01
9.91165192e-02
9.66742917e-02
9.42107043e-02
9.61831913e-02
9.69669454e-02
9.37822884e-02
9.66603634e-02
9.60599901e-02
9.47978369e-02
9.62314399e-02
9.81604131e-02
9.84294782e-02
9.61438092e-02
9.62407717e-02
9.74016797e-02
9.84435969e-02
9.63373634e-02
9.57955641e-02
9.76572498e-02
9.90571033e-02
9.93165499e-02
9.58275114e-02
9.57261846e-02
9.66645849e-02
9.72089980e-02
9.70573286e-02
1.00264969e-01
9.77379665e-02
9.47958994e-02
9.65032742e-02
9.81139748e-02
9.70012415e-02
9.85215872e-02
9.61962003e-02
9.84420525e-02
9.48799837e-02
9.57609900e-02
9.58895896e-02
9.81635479e-02
9.66199549e-02
9.48212978e-02
9.91279098e-02
9.74790311e-02
1.00419690e-01
9.58277045e-02
9.64130007e-02
9.90234257e-02
9.66379785e-02
9.58636945e-02
9.36423691e-02
9.53630588e-02
9.64530182e-02
9.55381560e-02
9.59925056e-02
9.69522991e-02
9.58834704e-02
9.74664103e-02
9.79276274e-02
9.63920158e-02
9.78910389e-02
9.68306055e-02
9.38151880e-02
9.93693427e-02
9.57710572e-02
9.57785299e-02
9.93759910e-02
9.47004038e-02
9.57736810e-02
9.71482393e-02
9.63388005e-02
9.73462701e-02
9.68177928e-02
9.62999929e-02
9.69053941e-02
9.68227830e-02
9.88212468e-02
9.65724835e-02
9.77919404e-02
9.66069576e-02
9.45595643e-02
9.49703340e-02
9.53243894e-02
9.71338259e-02
9.41875977e-02
9.71008093e-02
9.49909426e-02
9.82768332e-02
9.83997072e-02
9.66113462e-02
9.84901329e-02
9.77519462e-02
9.92201821e-02
9.67382370e-02
9.45964525e-02
9.36932259e-02
9.58141592e-02
9.57845156e-02
9.48699433e-02
9.52568014e-02
9.84571780e-02
9.92036625e-02
9.60812105e-02
9.84268960e-02
9.69636696e-02
9.72815903e-02
9.48834181e-02
9.79506939e-02
9.61704590e-02
9.95467716e-02
9.76116566e-02
9.76225299e-02
9.68703864e-02
9.67026007e-02
9.64214072e-02
9.58498228e-02
9.47094757e-02
9.88027431e-02
9.73335551e-02
9.49353426e-02
9.58873183e-02
9.83128422e-02
9.72432467e-02
9.39583331e-02
9.58271000e-02
9.47183742e-02
9.42883168e-02
9.69907029e-02
9.85245390e-02
9.51324279e-02
9.73736357e-02
9.58267338e-02
9.62864566e-02
9.46344505e-02
9.69325589e-02
9.64571224e-02
9.73898551e-02
9.62047351e-02
9.57971450e-02
9.63035911e-02
9.86768243e-02
9.71646606e-02
9.69537317e-02
9.51591963e-02
9.75727632e-02
9.77547009e-02
9.76286864e-02
9.64856195e-02
9.62148556e-02
9.52176353e-02
9.81250953e-02
9.61586161e-02
9.85980730e-02
9.66484963e-02
9.72021707e-02
9.82829709e-02
9.63142098e-02
9.53522885e-02
9.67596050e-02
9.43686313e-02
9.36458920e-02
9.66696762e-02
9.90870404e-02
9.78239352e-02
9.68139660e-02
9.53544066e-02
9.57433753e-02
9.69016752e-02
9.73405173e-02
9.74830048e-02
9.47308807e-02
9.67641635e-02
9.62877053e-02
9.61392821e-02
9.64994533e-02
9.84059311e-02
9.76853230e-02
9.86173513e-02
9.83985154e-02
9.79912786e-02
9.85844566e-02
9.56753658e-02
9.60673808e-02
9.56573176e-02
9.73423578e-02
9.59534317e-02
9.77370856e-02
9.78802103e-02
9.86112555e-02
9.71739149e-02
9.87255882e-02
9.59538779e-02
9.70822593e-02
9.57840462e-02
9.40134358e-02
9.71743422e-02
9.61512695e-02
9.64700890e-02
9.77265642e-02
9.89211249e-02
9.83232833e-02
9.59928577e-02
9.73819796e-02
9.61741393e-02
9.80981644e-02
9.84826477e-02
9.85355856e-02
9.52195951e-02
9.61362554e-02
9.75278806e-02
9.53538051e-02
9.75552203e-02
9.48294719e-02
9.86354064e-02
9.86318119e-02
9.86912914e-02
9.60154801e-02
9.60051739e-02
9.63251932e-02
9.68536316e-02
9.75634656e-02
9.68556005e-02
9.53147502e-02
9.51890135e-02
9.63533789e-02
9.95238454e-02
9.72897597e-02
9.49454402e-02
9.63696727e-02
9.61829440e-02
9.78174233e-02
9.60002860e-02
9.73429615e-02
9.74061054e-02
9.67120500e-02
9.86859491e-02
9.85346672e-02
9.44811574e-02
9.58679070e-02
9.69466790e-02
9.49677520e-02
9.63048352e-02
9.92765050e-02
9.71361332e-02
9.80221627e-02
9.66213422e-02
9.67529031e-02
9.37558780e-02
9.90744192e-02
9.59572060e-02
9.62101521e-02
9.78575490e-02
9.60431453e-02
9.54328546e-02
9.73865540e-02
9.52381533e-02
9.55815041e-02
9.79327767e-02
9.66578607e-02
9.64104815e-02
9.72074898e-02
9.56938616e-02
9.72756778e-02
9.62156133e-02
9.67781122e-02
9.79701728e-02
9.33780756e-02
9.71594943e-02
9.45409692e-02
9.46147849e-02
9.66055962e-02
9.64597135e-02
9.62477031e-02
9.76595440e-02
9.55302674e-02
9.80502154e-02
9.66700515e-02
9.66551826e-02
9.66789954e-02
9.63333429e-02
9.55533088e-02
9.81566229e-02
9.78119435e-02
9.68079174e-02
9.91434610e-02
9.70354566e-02
9.65830286e-02
9.74230689e-02
9.79180906e-02
9.49855175e-02
9.58541980e-02
9.58970777e-02
9.60257910e-02
9.62838508e-02
9.69322651e-02
9.53633364e-02
9.54317095e-02
9.63064253e-02
9.78799635e-02
9.56955105e-02
9.50481976e-02
9.63544492e-02
9.84410247e-02
9.68921675e-02
9.77811204e-02
9.85921026e-02
9.52078820e-02
9.58645722e-02
9.74460065e-02
9.44755633e-02
9.58118150e-02
9.51240153e-02
9.87889491e-02
9.77738006e-02
9.51616223e-02
9.39098590e-02
9.70589254e-02
9.63926844e-02
9.78303475e-02
9.61412290e-02
9.94148787e-02
9.58833159e-02
9.57434399e-02
9.65543409e-02
9.63017463e-02
9.61725713e-02
9.75260043e-02
9.68619511e-02
9.83940787e-02
9.54651809e-02
9.68511963e-02
9.83830853e-02
9.83439943e-02
9.66716952e-02
9.68708920e-02
9.75730207e-02
9.72709256e-02
9.80161207e-02
9.52474013e-02
9.71364975e-02
9.57730669e-02
9.54606247e-02
9.71271893e-02
9.41388096e-02
9.72164122e-02
9.60412592e-02
9.65040599e-02
9.48629920e-02
9.65278053e-02
9.61038803e-02
9.46549550e-02
9.65146896e-02
9.66161888e-02
9.65379373e-02
9.87012059e-02
9.63043020e-02
9.66793200e-02
9.69000224e-02
9.80019301e-02
9.47614266e-02
9.71128290e-02
9.75312533e-02
9.55621552e-02
9.71572017e-02
9.56094406e-02
9.63460891e-02
9.49519812e-02
9.75920433e-02
9.75276671e-02
9.82488033e-02
9.64809425e-02
9.59002846e-02
9.63922654e-02
9.90107657e-02
9.54555015e-02
9.68267880e-02
9.40051346e-02
9.50476319e-02
9.76532279e-02
9.65673650e-02
9.44729854e-02
9.66005837e-02
9.65170265e-02
9.55099246e-02
9.81153284e-02
9.78379932e-02
9.63395448e-02
9.62914536e-02
9.71418978e-02
9.81717719e-02
9.40324922e-02
9.86893508e-02
9.60826650e-02
9.69750887e-02
9.78157119e-02
9.68636133e-02
9.70530948e-02
9.62298982e-02
9.69261630e-02
9.67754197e-02
9.75343436e-02
9.63087726e-02
9.71112346e-02
9.59917833e-02
9.60146126e-02
9.85274210e-02
9.65609525e-02
9.54381849e-02
9.65803357e-02
9.94603216e-02
9.77154038e-02
9.71799811e-02
9.67002091e-02
9.70066334e-02
9.91971153e-02
9.62324173e-02
9.88702083e-02
9.70116050e-02
9.74685616e-02
9.61168495e-02
9.58558467e-02
9.77804691e-02
9.86949881e-02
9.57601037e-02
9.62913019e-02
9.48082189e-02
9.73782876e-02
9.60579076e-02
9.47537917e-02
9.53764689e-02
9.61983788e-02
9.64562164e-02
9.69752507e-02
9.51390576e-02
9.64991056e-02
9.65688711e-02
9.75233122e-02
9.67926429e-02
9.57719622e-02
9.42933147e-02
9.30842022e-02
9.55705105e-02
9.71154543e-02
9.59187618e-02
9.65553055e-02
9.67403044e-02
9.93332931e-02
9.55406153e-02
9.52778417e-02
9.66338539e-02
9.49168587e-02
9.53774585e-02
9.58844932e-02
9.74044973e-02
9.80744961e-02
9.69573019e-02
9.55313991e-02
9.47506834e-02
9.42746253e-02
9.82400616e-02
9.66610344e-02
9.74570878e-02
9.66604991e-02
9.71197526e-02
9.67077037e-02
9.69332628e-02
9.87828230e-02
9.60891765e-02
9.77876155e-02
9.75166596e-02
9.72478955e-02
9.56700882e-02
9.79341041e-02
9.67833211e-02
9.60464017e-02
9.71110221e-02
9.64345868e-02
9.67493063e-02
9.59267489e-02
9.64336653e-02
9.84874318e-02
9.73525462e-02
9.87826434e-02
9.63867365e-02
9.76051756e-02
9.66430125e-02
9.70102574e-02
9.71161485e-02
9.55606031e-02
9.53703095e-02
9.57357249e-02
9.63531746e-02
9.59863113e-02
9.70486379e-02
9.81015840e-02
9.55034036e-02
9.59673536e-02
9.83423641e-02
9.65545396e-02
9.67534839e-02
9.63388433e-02
9.73130216e-02
9.59462141e-02
9.55751458e-02
9.68355901e-02
9.67800512e-02
9.74058325e-02
9.73137022e-02
9.61398622e-02
9.77816527e-02
9.62142666e-02
9.64468306e-02
9.74375730e-02
9.66947038e-02
9.82286905e-02
9.77733069e-02
9.58558669e-02
9.88776438e-02
9.52854682e-02
9.50169528e-02
9.64326319e-02
9.48568978e-02
9.75316865e-02
9.86719470e-02
9.67084249e-02
9.99126037e-02
9.48755429e-02
9.71764568e-02
9.43547041e-02
9.47434852e-02
9.49925326e-02
9.58243345e-02
9.93887681e-02
9.62673732e-02
9.77645326e-02
9.77147050e-02
9.62354664e-02
9.51235817e-02
9.81250792e-02
9.47347657e-02
9.52104537e-02
9.76473089e-02
9.62988535e-02
9.69614438e-02
9.73921408e-02
9.59795124e-02
9.61524711e-02
9.59406167e-02
9.67827769e-02
9.67316353e-02
9.76938103e-02
9.45283439e-02
9.76450582e-02
9.68599247e-02
9.82248854e-02
9.75802176e-02
9.55228018e-02
9.67512922e-02
9.45013397e-02
9.47083678e-02
9.50901532e-02
9.58831465e-02
9.66122120e-02
9.64945929e-02
9.64902322e-02
9.59729696e-02
9.73020107e-02
9.59941948e-02
9.74678872e-02
9.73888621e-02
9.59313520e-02
9.65814401e-02
9.73530824e-02
9.52288171e-02
9.77828150e-02
9.54674582e-02
9.51812077e-02
9.70680334e-02
9.40268070e-02
9.84871868e-02
9.76218870e-02
9.59686230e-02
9.65089115e-02
9.74241620e-02
9.63218863e-02
9.73012259e-02
9.81989643e-02
9.55412333e-02
9.57203664e-02
9.56225764e-02
9.50457872e-02
9.73348579e-02
9.56504968e-02
9.51294489e-02
9.64403481e-02
9.44925083e-02
9.64918159e-02
9.72738084e-02
9.82472445e-02
9.49418192e-02
9.73266034e-02
9.53091432e-02
9.67010873e-02
9.46839398e-02
9.43970019e-02
9.77618514e-02
9.77121711e-02
9.49794629e-02
9.70751515e-02
9.55024548e-02
9.59510850e-02
9.79883740e-02
9.63497080e-02
9.51919226e-02
9.55320922e-02
9.59031888e-02
9.83761585e-02
9.70987510e-02
9.56088979e-02
9.70885169e-02
9.48639007e-02
9.94230426e-02
9.47461024e-02
9.72457908e-02
9.65675913e-02
9.63530548e-02
9.38574157e-02
9.76424393e-02
9.73759721e-02
9.74047608e-02
9.56206791e-02
9.71228702e-02
9.46280714e-02
9.69201369e-02
9.87882339e-02
9.55915447e-02
9.82627240e-02
9.43524027e-02
9.58261117e-02
9.64372654e-02
9.78748341e-02
9.65812506e-02
9.86643618e-02
9.70255245e-02
9.57044686e-02
9.83609874e-02
9.82343637e-02
9.70445489e-02
9.63511227e-02
9.62563412e-02
9.80113147e-02
9.76386279e-02
9.81721149e-02
9.71270930e-02
9.65083951e-02
9.95638223e-02
9.61757984e-02
9.58823955e-02
9.47999010e-02
9.46598769e-02
9.71912015e-02
9.50276682e-02
9.64141233e-02
9.73758151e-02
9.81926254e-02
9.56735503e-02
9.67186700e-02
9.46293016e-02
9.43765226e-02
9.80836733e-02
9.70506751e-02
9.52350062e-02
9.49543693e-02
9.44924581e-02
9.52593027e-02
9.80724759e-02
9.55840769e-02
9.73080037e-02
9.60989421e-02
9.46069703e-02
9.64786853e-02
9.82546884e-02
9.80337595e-02
9.68835233e-02
9.79606150e-02
9.83251002e-02
9.56648997e-02
9.71321148e-02
9.62351112e-02
9.71293639e-02
9.62463340e-02
9.70254084e-02
9.60476223e-02
9.57559096e-02
9.62235406e-02
9.77574431e-02
9.72818271e-02
9.72124906e-02
9.66548349e-02
9.61238227e-02
9.77824728e-02
9.79974650e-02
9.65102453e-02
9.68039992e-02
9.62068324e-02
9.81918791e-02
9.72701582e-02
9.53365967e-02
9.55551042e-02
9.63648779e-02
9.62253988e-02
9.49829833e-02
9.74655332e-02
9.80698880e-02
9.59036073e-02
9.59923859e-02
9.52681682e-02
9.82572475e-02
9.62115417e-02
9.48567985e-02
9.65772312e-02
9.61461873e-02
9.39555253e-02
9.71277818e-02
9.49194768e-02
9.52136575e-02
9.40618476e-02
9.56756164e-02
9.68600234e-02
9.63759051e-02
9.48489840e-02
9.68455044e-02
9.58278665e-02
9.74819712e-02
9.68971205e-02
9.66021362e-02
9.79025933e-02
9.55839403e-02
9.63000662e-02
9.55868104e-02
9.59857269e-02
9.49677291e-02
9.55091000e-02
9.76005949e-02
9.56577200e-02
9.87099267e-02
9.72481692e-02
9.62102270e-02
9.60332459e-02
9.78478418e-02
9.83086411e-02
9.79880284e-02
9.73866031e-02
9.67344031e-02
9.55986184e-02
9.61667515e-02
9.55507452e-02
9.58250265e-02
9.77928052e-02
9.63747293e-02
9.86477104e-02
9.71908325e-02
9.73540828e-02
9.65750469e-02
9.61112821e-02
9.95920357e-02
9.41029329e-02
9.51370427e-02
9.35984643e-02
9.86726864e-02
9.65303657e-02
9.72816056e-02
9.62105175e-02
9.66978118e-02
9.54811838e-02
9.59117834e-02
9.65773271e-02
9.82769470e-02
9.69316598e-02
9.86264802e-02
9.70430058e-02
9.59581424e-02
9.53646754e-02
9.80518007e-02
9.71488845e-02
9.56447281e-02
9.48807537e-02
9.59654940e-02
9.59758440e-02
9.72044538e-02
9.63263293e-02
9.64765511e-02
9.66385960e-02
9.61119487e-02
9.79019727e-02
9.65408867e-02
9.51873079e-02
9.53510346e-02
9.65621971e-02
9.82846321e-02
9.66090150e-02
9.97165783e-02
9.60526218e-02
9.77717661e-02
9.59112614e-02
9.71457495e-02
9.80344116e-02
9.40265807e-02
9.85891302e-02
9.65838373e-02
9.58466488e-02
9.70012633e-02
9.60190182e-02
9.88219824e-02
9.55649257e-02
9.53136019e-02
9.66960099e-02
9.65368346e-02
9.43384686e-02
9.40296302e-02
9.71222161e-02
9.73291340e-02
9.64717970e-02
9.86774169e-02
9.39758369e-02
9.75877365e-02
9.89134292e-02
9.58178870e-02
9.74516192e-02
9.66975920e-02
9.97542746e-02
9.61420034e-02
9.80923450e-02
9.59981680e-02
9.64351118e-02
9.50160936e-02
9.56541533e-02
9.85949985e-02
9.65287538e-02
9.76725462e-02
9.79234100e-02
9.73447305e-02
9.49897557e-02
9.69271438e-02
9.79854222e-02
9.55909321e-02
9.27982435e-02
9.53268636e-02
9.63522763e-02
9.82375536e-02
9.79849153e-02
9.63410575e-02
9.58173516e-02
9.75588616e-02
9.60517032e-02
9.84530595e-02
9.67083506e-02
9.70691862e-02
9.48560706e-02
9.60892348e-02
9.52067400e-02
9.61377963e-02
9.67092972e-02
9.74990810e-02
9.80035504e-02
9.63040774e-02
9.64449072e-02
9.32604233e-02
9.76373774e-02
9.74915671e-02
9.46015506e-02
9.54237614e-02
9.65721899e-02
9.64519842e-02
9.47899210e-02
9.72447299e-02
9.74263479e-02
9.89286985e-02
9.62718921e-02
9.61607761e-02
9.67299062e-02
9.74088345e-02
9.51358729e-02
9.81110864e-02
9.73168562e-02
9.58440277e-02
9.58389374e-02
9.59123674e-02
9.42225746e-02
9.63199476e-02
9.84554168e-02
9.59689563e-02
9.72391798e-02
9.57064163e-02
9.55555174e-02
9.67630748e-02
9.86661927e-02
9.66805296e-02
9.69457267e-02
9.68685372e-02
9.74425309e-02
9.64792685e-02
9.75615773e-02
9.62586485e-02
9.70605818e-02
9.82270271e-02
9.58740704e-02
9.58774091e-02
9.66430826e-02
9.74298971e-02
9.49335094e-02
9.44607240e-02
9.52937413e-02
9.66423292e-02
9.66256839e-02
9.61384700e-02
9.26652695e-02
9.67863976e-02
9.71929808e-02
9.83551926e-02
9.60018929e-02
9.54507674e-02
9.62249055e-02
9.70200829e-02
9.77126640e-02
9.58662840e-02
9.53170552e-02
9.75268560e-02
9.72561145e-02
9.49573436e-02
9.61952829e-02
9.57264933e-02
9.49473600e-02
9.74652047e-02
9.96803265e-02
9.62555848e-02
9.67891822e-02
9.88610603e-02
9.82206288e-02
9.56870922e-02
9.49598420e-02
9.49091636e-02
9.69559721e-02
9.64756857e-02
9.91920370e-02
9.56894997e-02
9.69470639e-02
9.57668969e-02
9.85527583e-02
9.47751979e-02
9.68904443e-02
9.61897070e-02
9.57812751e-02
9.74656631e-02
9.59608856e-02
9.74980258e-02
9.73478685e-02
9.87285889e-02
9.87859700e-02
9.68685988e-02
9.69866031e-02
9.71735020e-02
9.58178927e-02
9.45530714e-02
9.72135470e-02
9.58832648e-02
9.50233827e-02
9.79877162e-02
9.88745484e-02
9.76774794e-02
9.75194596e-02
9.88778506e-02
9.61057105e-02
9.49054743e-02
9.44770822e-02
9.90252588e-02
9.69573026e-02
9.59847030e-02
9.84758467e-02
9.62947563e-02
9.58811841e-02
9.59193591e-02
9.73278452e-02
9.71284627e-02
9.71928083e-02
9.73047347e-02
9.53590852e-02
9.68339664e-02
9.61249581e-02
9.76510491e-02
9.64134674e-02
9.62367139e-02
9.43404587e-02
9.74881782e-02
9.45925996e-02
9.79587266e-02
9.64874674e-02
9.80887186e-02
9.57083108e-02
9.72808990e-02
9.75558797e-02
9.86950748e-02
9.65040619e-02
9.46053848e-02
9.46495215e-02
9.68364816e-02
9.69426586e-02
1.00769756e-01
9.55228926e-02
9.91371421e-02
9.79786405e-02
9.43147213e-02
9.50177678e-02
9.76235106e-02
9.73101735e-02
9.78293043e-02
9.42545970e-02
9.48196840e-02
9.80789815e-02
9.67942276e-02
9.60232462e-02
9.74449741e-02
9.61118536e-02
9.60722121e-02
9.76447991e-02
9.60942194e-02
9.73616457e-02
9.84384688e-02
9.69241605e-02
9.73694581e-02
9.74718490e-02
9.58203241e-02
9.65929650e-02
9.62208591e-02
9.74892783e-02
9.57793864e-02
9.67300591e-02
9.57393294e-02
9.49221806e-02
9.83631765e-02
9.76407574e-02
9.66117326e-02
9.53767494e-02
9.69198717e-02
9.86186125e-02
9.56055258e-02
9.67626641e-02
9.56434943e-02
9.56596599e-02
9.55010739e-02
9.58282744e-02
9.86073541e-02
9.75186627e-02
9.65323752e-02
9.53704615e-02
9.76692249e-02
9.52530546e-02
9.68054695e-02
9.60838640e-02
9.62181445e-02
9.70858511e-02
9.70920153e-02
9.61708002e-02
9.35654813e-02
9.62690373e-02
9.50761377e-02
9.79157240e-02
9.41065226e-02
9.83747269e-02
9.79485121e-02
9.71356247e-02
9.68918881e-02
9.73256791e-02
9.72976200e-02
9.51053388e-02
9.72478485e-02
9.63939338e-02
9.76259359e-02
9.59054477e-02
9.52039163e-02
9.56936431e-02
9.60260805e-02
9.59507326e-02
9.52716755e-02
9.78299245e-02
9.72266097e-02
9.60342248e-02
9.48386140e-02
9.60056857e-02
9.64136490e-02
9.64215695e-02
9.78403173e-02
9.62595273e-02
9.76856879e-02
9.58692389e-02
9.37838576e-02
9.61098948e-02
9.87311776e-02
9.65042241e-02
9.80458833e-02
9.70266558e-02
9.62956261e-02
9.59582380e-02
9.91132532e-02
9.79947449e-02
9.75518703e-02
9.73134596e-02
9.55054714e-02
9.74990273e-02
9.70752294e-02
9.81247952e-02
9.86292132e-02
9.61450760e-02
9.60260791e-02
9.80196877e-02
9.59985934e-02
9.59835926e-02
9.70800717e-02
9.76012866e-02
9.67283033e-02
9.56105243e-02
1.00133144e-01
9.73053560e-02
9.84992748e-02
9.63566419e-02
9.54619659e-02
9.54599724e-02
9.64609070e-02
9.34541789e-02
9.52109028e-02
9.76186375e-02
9.66072828e-02
9.26862939e-02
9.50843802e-02
9.58388493e-02
9.67966985e-02
9.67126862e-02
9.66263242e-02
9.59136988e-02
9.54604770e-02
9.71627787e-02
9.55505241e-02
9.64223920e-02
9.58970850e-02
9.69871334e-02
9.51650220e-02
9.64687961e-02
9.67125429e-02
9.68609525e-02
9.77301591e-02
9.54263295e-02
9.50508441e-02
9.48484633e-02
9.80594245e-02
9.63772400e-02
9.51337298e-02
9.79038309e-02
9.62697404e-02
9.71842125e-02
9.58015882e-02
9.64750931e-02
9.82918026e-02
9.48665784e-02
9.71142961e-02
9.65796584e-02
9.59209829e-02
9.66071686e-02
9.73560014e-02
9.81109517e-02
9.37952096e-02
9.73217279e-02
9.65475724e-02
9.52925310e-02
9.61277707e-02
9.59726300e-02
9.73998359e-02
9.70595441e-02
9.54990063e-02
9.90225654e-02
9.79033525e-02
9.81686270e-02
9.97586435e-02
9.71010018e-02
9.62117533e-02
9.59291765e-02
9.77368934e-02
9.37414760e-02
9.55146817e-02
9.75099353e-02
9.76316428e-02
9.51958396e-02
9.58602955e-02
9.54294998e-02
9.62687585e-02
9.55135774e-02
9.63967251e-02
9.90951228e-02
9.49018128e-02
9.58936017e-02
9.50479515e-02
9.88509340e-02
9.49477567e-02
9.68130208e-02
9.64838354e-02
9.56975841e-02
9.80914717e-02
9.71271894e-02
9.82860673e-02
9.68985582e-02
9.76063151e-02
9.73735977e-02
9.36878664e-02
9.59442574e-02
9.57451859e-02
9.84029275e-02
9.47658062e-02
9.75997034e-02
9.83475137e-02
9.73762006e-02
9.79504594e-02
9.45069168e-02
9.91970837e-02
9.64647682e-02
9.67410822e-02
9.66674743e-02
9.70981239e-02
9.53028867e-02
9.71409696e-02
9.73532952e-02
9.83595652e-02
9.60392209e-02
9.66730999e-02
9.78611145e-02
9.76510741e-02
9.74934740e-02
9.48892718e-02
9.65622989e-02
9.96345989e-02
9.80423304e-02
9.50447465e-02
9.82521670e-02
9.57415980e-02
9.48113153e-02
9.73845808e-02
9.62027108e-02
9.71597912e-02
9.64772696e-02
9.48791619e-02
9.92506960e-02
9.54240247e-02
9.55943019e-02
9.78013355e-02
9.52792122e-02
9.66545636e-02
9.71884434e-02
9.63573200e-02
9.80742131e-02
9.73113235e-02
9.58815418e-02
9.57721466e-02
9.68379219e-02
9.76995516e-02
9.75815595e-02
9.54558546e-02
9.63867549e-02
9.50998598e-02
9.57197470e-02
9.46773861e-02
9.75076810e-02
9.52776044e-02
9.78983438e-02
9.68879448e-02
9.94956640e-02
9.81278126e-02
9.51857390e-02
9.73580903e-02
9.58152121e-02
9.60186165e-02
9.67339684e-02
9.63042502e-02
9.91608157e-02
9.64636709e-02
9.72375132e-02
9.51682064e-02
9.71194027e-02
9.69180995e-02
9.57754725e-02
9.95469753e-02
9.20497129e-02
9.56017098e-02
9.88442675e-02
9.75100915e-02
9.65753246e-02
9.69604717e-02
9.47352319e-02
9.60971605e-02
9.71891371e-02
9.64994818e-02
9.39344852e-02
9.72479572e-02
9.70286038e-02
9.49195265e-02
9.73652308e-02
9.47021825e-02
9.74911667e-02
9.70663270e-02
9.62391640e-02
9.78901260e-02
9.73348630e-02
1.01038668e-01
9.81149235e-02
9.55466071e-02
9.80041940e-02
9.76018677e-02
9.71636336e-02
9.58453189e-02
9.64625303e-02
9.70014483e-02
9.44725001e-02
9.80306291e-02
9.49581391e-02
9.54242906e-02
9.72246445e-02
9.52484603e-02
9.64086054e-02
9.59305050e-02
9.63099290e-02
9.87531834e-02
9.63523238e-02
9.58013303e-02
9.44939656e-02
9.66636697e-02
9.77285340e-02
9.54687728e-02
9.73075298e-02
9.61440964e-02
9.69320004e-02
9.86094563e-02
9.77109331e-02
9.51520663e-02
9.70016348e-02
9.73681397e-02
9.48407493e-02
9.90980303e-02
9.64092643e-02
9.61821162e-02
9.40290866e-02
9.75381176e-02
9.68581412e-02
9.76923333e-02
9.66730874e-02
9.53200279e-02
9.65131668e-02
9.71619195e-02
9.56411945e-02
9.83325065e-02
9.49946713e-02
9.61333926e-02
9.69240710e-02
9.49789516e-02
9.55022589e-02
9.87001946e-02
9.67779532e-02
9.69800698e-02
9.85218475e-02
9.47172924e-02
9.67720143e-02
9.76258738e-02
9.79464088e-02
9.71604727e-02
1.01012850e-01
9.64501873e-02
9.64156341e-02
9.79796646e-02
9.79717823e-02
9.18393348e-02
9.56822756e-02
9.63429720e-02
9.59415371e-02
9.51667935e-02
9.66178158e-02
9.62740199e-02
9.58212302e-02
9.75392628e-02
9.62610072e-02
9.49532861e-02
9.73725607e-02
9.75271053e-02
9.50280736e-02
9.96809565e-02
9.79352048e-02
9.69991455e-02
9.55252629e-02
9.77389236e-02
9.47127626e-02
9.66259069e-02
9.60534408e-02
9.70028750e-02
9.69912364e-02
9.55834136e-02
9.74992236e-02
9.67369055e-02
9.52942319e-02
9.64074534e-02
9.81068168e-02
9.75544199e-02
9.71443330e-02
9.73909924e-02
9.69877205e-02
9.60044859e-02
9.61436677e-02
9.76246510e-02
9.86676857e-02
9.54245765e-02
9.61981423e-02
9.84602289e-02
9.91657562e-02
9.61012642e-02
9.48561359e-02
9.58297018e-02
9.64532435e-02
9.52282196e-02
9.47682069e-02
9.88839500e-02
9.50379809e-02
9.80752921e-02
9.70140385e-02
9.84747333e-02
9.97086899e-02
9.62438639e-02
9.71047599e-02
9.47160963e-02
9.78871800e-02
9.61216414e-02
9.79671551e-02
9.52386546e-02
9.69491384e-02
9.83420510e-02
9.52532812e-02
9.82022978e-02
9.79573251e-02
9.92938739e-02
9.77114249e-02
9.81464344e-02
9.61429185e-02
9.80698008e-02
9.87296614e-02
9.54029759e-02
9.66205619e-02
9.65977531e-02
9.50364776e-02
9.61662497e-02
9.48181528e-02
9.70172975e-02
9.79972484e-02
9.57017962e-02
9.45561999e-02
9.60182317e-02
9.62740469e-02
9.73446780e-02
9.82206646e-02
9.50355931e-02
9.86595819e-02
9.59982133e-02
9.77383861e-02
9.90780402e-02
9.54714302e-02
9.52094195e-02
9.53462194e-02
9.49206152e-02
9.85097190e-02
9.66383421e-02
9.68575741e-02
9.54948066e-02
9.47367083e-02
9.64395821e-02
9.53291970e-02
9.67982429e-02
9.44636142e-02
9.70373929e-02
9.71851920e-02
9.59809164e-02
9.95979409e-02
9.64136854e-02
9.90232329e-02
9.61886574e-02
9.74026706e-02
9.57920506e-02
9.61486942e-02
9.83515408e-02
9.57588863e-02
9.70770143e-02
9.60958960e-02
9.58908522e-02
9.50639577e-02
9.66975867e-02
9.67623549e-02
9.45807659e-02
9.63138246e-02
9.61603569e-02
9.69184395e-02
9.50318728e-02
9.84782141e-02
9.58280519e-02
9.66304943e-02
9.74496370e-02
9.66121511e-02
9.72319612e-02
9.55305066e-02
9.51681045e-02
9.65267826e-02
9.71171943e-02
9.36192331e-02
9.37923370e-02
9.69328008e-02
9.78045897e-02
9.58520537e-02
9.43839187e-02
9.87340530e-02
9.67783198e-02
9.36878265e-02
9.49747018e-02
9.61967929e-02
9.70858652e-02
9.58758011e-02
9.44881796e-02
9.52593378e-02
9.71525683e-02
9.66267554e-02
9.69545930e-02
9.49738860e-02
9.43242517e-02
9.36459039e-02
9.58022899e-02
9.71529184e-02
9.56082489e-02
9.72975510e-02
9.63894503e-02
9.73085745e-02
9.62361626e-02
9.50530174e-02
9.76770381e-02
9.55752127e-02
9.72033612e-02
9.68118993e-02
9.34296179e-02
9.53522170e-02
9.65594950e-02
9.71298437e-02
9.44130235e-02
9.54069413e-02
9.59954503e-02
9.56216113e-02
9.54453298e-02
9.49363347e-02
9.56009624e-02
9.30856838e-02
9.76924850e-02
9.65744624e-02
9.58633503e-02
9.49698305e-02
9.53082085e-02
9.58939067e-02
9.61849700e-02
9.73875910e-02
9.55325137e-02
9.75121639e-02
9.57855281e-02
9.75718874e-02
9.62042190e-02
9.65379031e-02
9.63428778e-02
9.67304260e-02
9.49219250e-02
9.82784959e-02
9.83897587e-02
9.51446443e-02
9.77092450e-02
9.72114380e-02
9.59310491e-02
9.70758988e-02
9.54972779e-02
9.69921468e-02
9.67965993e-02
9.55800253e-02
9.67800144e-02
9.59244660e-02
9.67981568e-02
9.61656085e-02
9.66735535e-02
9.67893419e-02
9.55277086e-02
9.59425582e-02
9.73470903e-02
9.58029379e-02
9.63985505e-02
9.70516006e-02
9.57940464e-02
9.77899666e-02
9.49813176e-02
9.53930788e-02
9.62260171e-02
9.67778533e-02
9.52593436e-02
9.67379354e-02
9.80029139e-02
9.63465996e-02
9.47263291e-02
9.72925520e-02
9.61202302e-02
9.61265189e-02
9.61242274e-02
9.57311127e-02
9.75738760e-02
9.94655893e-02
9.60995449e-02
9.75353715e-02
9.53525363e-02
9.53662816e-02
9.67055780e-02
9.70234212e-02
9.63217812e-02
9.57086351e-02
9.61008077e-02
9.70850501e-02
9.71068422e-02
9.54780359e-02
9.61530404e-02
9.70549033e-02
9.86294158e-02
9.85135325e-02
9.62700218e-02
9.60597606e-02
9.87035909e-02
9.63199232e-02
9.73814766e-02
9.40473530e-02
9.61583938e-02
9.58296194e-02
9.48801438e-02
9.65534805e-02
9.73011623e-02
9.67012076e-02
9.50385438e-02
9.80181178e-02
9.51478558e-02
9.68934832e-02
9.86114318e-02
9.83527768e-02
9.76780075e-02
9.64954686e-02
9.62201756e-02
9.63878195e-02
9.81520771e-02
9.43258164e-02
9.47669521e-02
9.48410332e-02
9.60089231e-02
9.79043106e-02
9.67783942e-02
9.73545071e-02
9.79946846e-02
9.67905466e-02
9.69534297e-02
9.61756512e-02
9.59703256e-02
9.69776084e-02
9.76251532e-02
9.59976834e-02
9.80972939e-02
9.57282184e-02
9.75139003e-02
9.68129223e-02
9.75617948e-02
9.74827406e-02
9.69189986e-02
9.57932754e-02
1.00302676e-01
9.52637782e-02
9.72384636e-02
9.60917199e-02
9.78050308e-02
9.74401745e-02
9.83191598e-02
9.57414734e-02
9.57426644e-02
9.58526152e-02
9.42709191e-02
9.78923275e-02
9.72895399e-02
9.77215538e-02
9.46222235e-02
9.70877975e-02
9.75821003e-02
9.52364736e-02
9.72432946e-02
9.76513680e-02
9.62005914e-02
9.61439795e-02
9.45499457e-02
9.60937317e-02
9.57387150e-02
9.57580185e-02
9.70560399e-02
9.72601900e-02
9.68182121e-02
9.68716078e-02
9.50361877e-02
9.67918111e-02
9.66818066e-02
9.49915430e-02
9.59278414e-02
9.64580415e-02
9.95302990e-02
9.59871194e-02
9.70149287e-02
9.55660578e-02
9.86911535e-02
9.72552857e-02
9.71974086e-02
9.65459393e-02
9.47973263e-02
9.74798444e-02
9.75279133e-02
9.58781407e-02
9.63558220e-02
9.68823203e-02
9.54760861e-02
9.87109577e-02
9.76101711e-02
9.60890422e-02
9.58128527e-02
9.69074189e-02
9.51567778e-02
9.75993948e-02
9.55831876e-02
9.65896189e-02
9.64041257e-02
9.76674265e-02
9.74194035e-02
9.59336850e-02
9.76392942e-02
9.40536786e-02
9.45099504e-02
9.66295658e-02
9.78898274e-02
9.57796464e-02
9.49670664e-02
9.63507022e-02
9.45057385e-02
9.70258402e-02
9.59888265e-02
9.70528642e-02
9.57575314e-02
9.85345237e-02
9.69779669e-02
9.81711482e-02
9.58434975e-02
9.67288937e-02
9.67925943e-02
9.43131777e-02
9.33081904e-02
9.62694243e-02
9.65399721e-02
9.60647875e-02
9.63717329e-02
9.65197696e-02
9.54074418e-02
9.67229654e-02
9.78419885e-02
9.68759707e-02
9.52026060e-02
9.59462337e-02
9.78648003e-02
9.72195487e-02
9.37413123e-02
9.82362723e-02
9.60528454e-02
9.66199152e-02
9.77106312e-02
9.70657950e-02
9.62772441e-02
9.55789316e-02
9.80245201e-02
9.36087268e-02
9.62483650e-02
9.49156428e-02
9.75228829e-02
9.80844074e-02
9.49942402e-02
9.76195966e-02
9.69547758e-02
9.90966491e-02
9.64988614e-02
9.45698038e-02
9.71576407e-02
9.79487559e-02
9.51244971e-02
9.56609836e-02
9.62156050e-02
9.49325965e-02
9.64489580e-02
9.80917540e-02
9.59059889e-02
9.63584774e-02
9.70651212e-02
9.67486044e-02
9.59175585e-02
9.43240890e-02
9.56294658e-02
9.89865353e-02
9.81508711e-02
9.70993347e-02
9.65436858e-02
9.68212735e-02
9.42146193e-02
9.46127514e-02
9.66651342e-02
9.77566370e-02
9.60024037e-02
9.87460781e-02
9.60206532e-02
9.71691884e-02
9.63860736e-02
9.82717849e-02
9.71850889e-02
9.50144407e-02
9.66887389e-02
9.51087913e-02
9.62472074e-02
9.50770533e-02
9.67905881e-02
9.48680793e-02
9.57818660e-02
9.50782031e-02
9.65095292e-02
9.56653258e-02
9.58521214e-02
9.66776123e-02
9.66608279e-02
9.72921273e-02
9.85069656e-02
9.71909455e-02
9.83370856e-02
9.64816335e-02
9.91813190e-02
9.46615421e-02
9.36010568e-02
9.65837865e-02
9.49946227e-02
9.80648347e-02
9.75216343e-02
9.52139365e-02
9.58240220e-02
9.88465807e-02
9.61242531e-02
9.57505816e-02
9.72927497e-02
9.91185715e-02
9.55025268e-02
9.90787651e-02
9.70045025e-02
9.49844941e-02
9.75348397e-02
9.96077070e-02
9.64375662e-02
9.79592261e-02
9.75639382e-02
9.64457967e-02
9.80389921e-02
9.70618814e-02
9.73018782e-02
9.67526030e-02
9.54728118e-02
9.60222879e-02
9.46925105e-02
9.70007982e-02
9.64492288e-02
9.45239429e-02
9.60478558e-02
9.66571873e-02
9.60872205e-02
9.75313303e-02
9.59148423e-02
9.74207248e-02
9.65805523e-02
9.93468007e-02
9.72271669e-02
9.68070965e-02
9.59064723e-02
9.50498039e-02
9.80018810e-02
9.63876476e-02
9.26552161e-02
9.58409863e-02
9.79746550e-02
9.41610377e-02
9.58463141e-02
9.65479864e-02
9.52067603e-02
9.74354588e-02
9.66961475e-02
9.57356264e-02
9.79859290e-02
9.35692160e-02
9.63425493e-02
9.65278481e-02
9.60934250e-02
9.78297878e-02
9.71408526e-02
9.46731261e-02
9.64478016e-02
9.77264059e-02
9.61327046e-02
9.59406235e-02
9.89502637e-02
9.79259715e-02
9.60544795e-02
9.85159713e-02
9.61458457e-02
9.79428318e-02
9.69862645e-02
9.69076892e-02
9.47268393e-02
9.61888215e-02
9.67250115e-02
9.65279468e-02
9.74073220e-02
9.58995438e-02
9.49435193e-02
9.47803252e-02
9.78522327e-02
9.60636022e-02
9.73843134e-02
9.46629407e-02
9.73257830e-02
9.73373042e-02
9.73495427e-02
9.70215536e-02
9.88557544e-02
9.53720710e-02
9.51096609e-02
9.61220954e-02
9.62582750e-02
9.51836184e-02
9.46371501e-02
9.73139624e-02
9.52857296e-02
9.93273964e-02
9.89313137e-02
9.62766814e-02
9.60287284e-02
9.43006023e-02
9.82299085e-02
9.78475791e-02
9.51269105e-02
9.59929933e-02
9.55440287e-02
9.50488748e-02
9.84463086e-02
9.76711328e-02
9.72523420e-02
9.72656188e-02
9.63708242e-02
9.55699105e-02
9.73014597e-02
9.63660280e-02
9.90363943e-02
9.61516082e-02
9.66378364e-02
9.66513900e-02
9.86075226e-02
9.94952507e-02
9.53089874e-02
9.66810595e-02
9.44253840e-02
9.41737956e-02
9.69967569e-02
9.67079579e-02
9.58588759e-02
9.68122668e-02
9.67008739e-02
9.59686878e-02
9.71394722e-02
9.79242013e-02
9.60576844e-02
9.72656435e-02
9.90529040e-02
9.52414398e-02
9.69545894e-02
9.59564952e-02
9.64715455e-02
9.59415793e-02
9.68477291e-02
1.00120676e-01
9.51742917e-02
9.73196641e-02
9.92210620e-02
9.50829096e-02
9.63258352e-02
9.60760367e-02
9.64731659e-02
9.73405964e-02
9.52689796e-02
9.67024459e-02
9.58875305e-02
9.72636197e-02
9.65438548e-02
9.77534894e-02
9.69785740e-02
9.67690501e-02
9.80722042e-02
9.63913480e-02
9.62143523e-02
9.56735679e-02
9.69231062e-02
9.73185633e-02
9.72254420e-02
9.56319299e-02
9.62813055e-02
9.67677342e-02
9.53108204e-02
9.66397097e-02
9.79007104e-02
9.63439821e-02
9.63052305e-02
9.53019965e-02
9.56685841e-02
9.60040878e-02
9.86934951e-02
9.53519758e-02
9.60405581e-02
9.75095735e-02
9.63884372e-02
9.71140787e-02
9.85378642e-02
9.56281748e-02
9.77627243e-02
9.44075802e-02
9.66817219e-02
9.66050999e-02
9.82449463e-02
9.72817015e-02
9.56848064e-02
9.46196018e-02
9.60266428e-02
9.59964019e-02
9.54468096e-02
9.77028374e-02
9.51441277e-02
9.92094191e-02
9.67911895e-02
9.43109472e-02
9.65587414e-02
9.99032154e-02
9.84518276e-02
9.52421842e-02
9.73364860e-02
9.68243357e-02
9.72528609e-02
9.53460321e-02
9.69277003e-02
9.84109900e-02
9.46648183e-02
9.67175052e-02
9.56132809e-02
9.58508423e-02
9.70378752e-02
9.58796360e-02
9.70182832e-02
9.64823977e-02
9.39593577e-02
9.87488772e-02
9.55922532e-02
9.56835029e-02
9.62820547e-02
9.70019376e-02
9.56002409e-02
9.71440313e-02
9.57999023e-02
9.63214474e-02
9.55736856e-02
9.64809387e-02
9.60573509e-02
9.56116553e-02
9.43992337e-02
9.40780809e-02
9.79777146e-02
9.80407603e-02
9.82230243e-02
9.79039739e-02
9.54930332e-02
9.67176095e-02
9.62244715e-02
9.51815549e-02
9.97358294e-02
9.91395594e-02
9.62220235e-02
9.50344505e-02
9.38889306e-02
9.68921786e-02
9.67501906e-02
9.51529627e-02
9.59070404e-02
9.37845171e-02
9.60750894e-02
9.67380273e-02
9.62586444e-02
9.38252745e-02
9.87544599e-02
9.53788681e-02
9.66143078e-02
9.91569657e-02
9.59783710e-02
9.62166662e-02
9.77084719e-02
9.82911510e-02
9.57520817e-02
9.61757677e-02
9.78250808e-02
9.80014500e-02
9.67825458e-02
9.56919847e-02
9.47902187e-02
9.72758414e-02
9.44947380e-02
9.77391250e-02
9.74089060e-02
9.68494457e-02
9.55433364e-02
9.60332274e-02
9.63881861e-02
9.75106723e-02
9.80018083e-02
9.79543395e-02
9.55588500e-02
9.65632545e-02
9.63324652e-02
9.55764978e-02
9.99592831e-02
9.50165631e-02
9.65733043e-02
9.69834306e-02
9.56806230e-02
9.60056918e-02
9.57589546e-02
9.76067513e-02
9.71926550e-02
9.52201525e-02
9.51435533e-02
9.60177850e-02
9.60191802e-02
9.72133069e-02
9.43924170e-02
9.85176772e-02
9.58922924e-02
9.50197727e-02
9.68613642e-02
9.59357794e-02
9.65785003e-02
9.74042049e-02
9.70909914e-02
9.81748108e-02
9.84893119e-02
9.64300540e-02
9.67782192e-02
9.41212453e-02
9.54902406e-02
9.51872585e-02
9.42985749e-02
9.63457361e-02
9.56459246e-02
9.60150501e-02
9.71341199e-02
9.48080857e-02
9.75613158e-02
9.67488870e-02
9.50561469e-02
9.75812315e-02
9.63504593e-02
9.61824949e-02
9.72441614e-02
9.62851152e-02
9.54160654e-02
9.70820487e-02
9.66840915e-02
9.45507780e-02
9.77289462e-02
9.87801168e-02
9.45115894e-02
9.70316648e-02
9.56885624e-02
9.54437708e-02
9.61203794e-02
9.72415236e-02
9.73709178e-02
9.57741656e-02
9.57021308e-02
9.76542856e-02
9.62004991e-02
9.49106558e-02
9.63710088e-02
9.64645267e-02
9.62817760e-02
9.52669280e-02
9.67544914e-02
9.91235426e-02
9.50532782e-02
9.43371418e-02
9.65533515e-02
9.72311463e-02
9.62426785e-02
9.60693725e-02
9.48478248e-02
9.62078871e-02
9.81119669e-02
9.71919308e-02
9.65878480e-02
9.44955979e-02
9.76892360e-02
9.88887437e-02
9.85717039e-02
9.57745856e-02
9.66543602e-02
9.43920792e-02
9.58142655e-02
9.71447015e-02
9.82916784e-02
9.73356206e-02
9.57308039e-02
9.73364332e-02
9.42319837e-02
9.72312105e-02
9.72567565e-02
9.77697325e-02
9.55165494e-02
9.80378220e-02
9.74956954e-02
9.71094927e-02
9.65262597e-02
9.69075458e-02
9.74820120e-02
9.52196956e-02
9.72472109e-02
9.59008389e-02
9.60220441e-02
9.57700277e-02
9.67756371e-02
9.87072195e-02
9.79002820e-02
9.48862805e-02
9.68926362e-02
9.50464791e-02
9.78265982e-02
9.79306550e-02
9.69686431e-02
9.64588303e-02
9.66144916e-02
1.00203292e-01
9.74958025e-02
9.78321043e-02
9.46307625e-02
9.64479050e-02
9.54650758e-02
1.01465183e-01
9.77385122e-02
1.01042873e-01
9.70814536e-02
9.65168140e-02
9.82356158e-02
9.69204905e-02
9.54890827e-02
9.85978382e-02
9.43773801e-02
9.82038747e-02
9.87605077e-02
9.68861847e-02
9.66574867e-02
9.65205938e-02
9.38287909e-02
9.89248574e-02
9.67784269e-02
9.56260549e-02
9.77144452e-02
9.72072322e-02
9.49067101e-02
9.51812388e-02
9.58788964e-02
9.63290648e-02
9.76551072e-02
9.56317061e-02
9.76785344e-02
9.79727655e-02
9.70132520e-02
9.71318503e-02
9.60957424e-02
9.64764227e-02
9.42920340e-02
9.51839221e-02
9.34106736e-02
9.76025539e-02
9.66041302e-02
9.68313292e-02
9.86434657e-02
9.55718193e-02
9.89995301e-02
9.85811637e-02
9.67708946e-02
9.67774006e-02
9.66668811e-02
9.69377706e-02
9.72782663e-02
9.42971968e-02
9.77386544e-02
9.65129896e-02
9.44888025e-02
9.77377192e-02
9.52292036e-02
9.73954674e-02
9.46825161e-02
9.62651423e-02
9.68180526e-02
9.60136138e-02
9.84053143e-02
9.56708164e-02
9.75203050e-02
9.64560016e-02
9.48638731e-02
9.70636114e-02
9.75215123e-02
9.63237861e-02
9.55432861e-02
9.52148566e-02
9.67308406e-02
9.77604554e-02
9.71822175e-02
9.63262095e-02
9.75287076e-02
9.71465696e-02
9.88282073e-02
9.68263773e-02
9.59190070e-02
9.63705242e-02
9.64330193e-02
9.80347892e-02
9.83468941e-02
9.30035370e-02
9.60613539e-02
9.84990138e-02
9.74571130e-02
9.71804352e-02
9.70196933e-02
9.53278559e-02
1.00399136e-01
9.74171422e-02
9.67309591e-02
9.54978541e-02
9.58580702e-02
9.54002268e-02
9.47320302e-02
9.74015267e-02
9.68606570e-02
9.83693399e-02
9.28262329e-02
9.70685202e-02
9.82294221e-02
9.69517199e-02
9.57456155e-02
9.77774930e-02
9.44935103e-02
9.72342028e-02
9.59754201e-02
9.84227769e-02
9.51089402e-02
9.76185326e-02
9.52236994e-02
9.40988973e-02
9.68076393e-02
9.80641446e-02
9.44241154e-02
9.66897277e-02
9.86928483e-02
9.69418385e-02
9.90735600e-02
9.57775392e-02
9.72600642e-02
9.81424177e-02
9.61061750e-02
9.68860043e-02
9.73068200e-02
9.47400713e-02
9.63251291e-02
9.96666775e-02
9.70990302e-02
9.76775800e-02
9.63239845e-02
9.66640977e-02
9.69096041e-02
9.55062954e-02
9.58493171e-02
9.54205850e-02
9.42160566e-02
9.57159162e-02
9.67310276e-02
9.89952825e-02
9.78740010e-02
9.80942539e-02
9.77959606e-02
9.50315256e-02
9.77253108e-02
9.65590190e-02
9.44563809e-02
9.73257888e-02
9.66392494e-02
9.65335396e-02
9.61792602e-02
9.63811251e-02
9.75055167e-02
9.77364242e-02
9.57653754e-02
9.63209211e-02
9.83027224e-02
9.67837704e-02
9.56275742e-02
1.00489440e-01
9.85564605e-02
9.58713055e-02
9.63499483e-02
9.53253950e-02
9.99896959e-02
9.44298564e-02
9.70844743e-02
9.89512134e-02
9.83719944e-02
9.80512260e-02
9.40167086e-02
9.65881904e-02
9.80806906e-02
9.44373344e-02
9.61001721e-02
9.53516427e-02
9.87749977e-02
9.51575234e-02
9.76077383e-02
9.68497871e-02
9.75594013e-02
9.68379922e-02
9.68693795e-02
9.55659136e-02
9.70867820e-02
9.77785107e-02
9.57729416e-02
9.89107399e-02
9.61248351e-02
9.80158960e-02
9.56251696e-02
9.77698815e-02
9.66287338e-02
9.54565082e-02
9.45899483e-02
9.72792986e-02
9.74591863e-02
9.42494091e-02
9.80125356e-02
9.47909951e-02
9.44711806e-02
9.60766014e-02
9.70647816e-02
9.66205421e-02
9.76941000e-02
9.56646797e-02
9.81226658e-02
9.59192692e-02
9.68355677e-02
9.57366284e-02
9.64688821e-02
9.64111230e-02
9.61524870e-02
9.64674168e-02
9.67865048e-02
9.56201924e-02
9.71955176e-02
9.62981662e-02
9.67689505e-02
9.82732078e-02
9.48873346e-02
9.66323699e-02
9.67978175e-02
9.55268655e-02
9.57816780e-02
9.75028540e-02
9.56520851e-02
9.75873917e-02
9.44028250e-02
9.34849408e-02
9.59058061e-02
9.71373211e-02
9.62812943e-02
9.73419914e-02
9.49017525e-02
9.64808316e-02
9.84318495e-02
9.49741244e-02
9.93271471e-02
9.64582664e-02
9.66859778e-02
9.65901515e-02
9.71289350e-02
9.65457110e-02
9.60023476e-02
9.83542889e-02
9.80127901e-02
9.84094102e-02
9.57046701e-02
9.64944408e-02
9.58673316e-02
9.75907720e-02
9.92777120e-02
9.63946614e-02
9.59759947e-02
9.59333516e-02
9.63022107e-02
9.54992347e-02
9.76089466e-02
9.62455949e-02
9.85076247e-02
9.54530587e-02
9.57326309e-02
9.45220521e-02
9.68220394e-02
9.57356542e-02
9.77158703e-02
9.63082937e-02
9.72777578e-02
9.75215929e-02
9.77432880e-02
9.59660108e-02
9.68500972e-02
9.98935061e-02
9.66103527e-02
9.49489566e-02
9.50007439e-02
9.51932053e-02
9.57559928e-02
9.49711752e-02
9.95276129e-02
9.74154100e-02
9.58218925e-02
9.54488522e-02
9.55681729e-02
9.67034437e-02
9.90103894e-02
9.66202616e-02
9.52174046e-02
9.86009921e-02
9.41271183e-02
9.90048642e-02
9.59409217e-02
9.56785359e-02
9.65875081e-02
9.77559941e-02
9.84074342e-02
9.78320511e-02
9.57539035e-02
9.54768123e-02
9.72687877e-02
9.67677472e-02
9.49452611e-02
9.69133456e-02
9.54724968e-02
9.42758986e-02
9.69556810e-02
9.67584158e-02
9.71415398e-02
9.75550983e-02
9.67377027e-02
9.59625495e-02
9.57495964e-02
9.36795202e-02
9.92141003e-02
9.63886628e-02
9.55434006e-02
9.80296016e-02
9.38072735e-02
9.58468534e-02
9.71066532e-02
9.70718501e-02
9.72711719e-02
9.68169772e-02
9.62058046e-02
9.37698305e-02
9.73472592e-02
9.56567261e-02
9.64802305e-02
9.69456546e-02
9.64373157e-02
9.77526034e-02
9.56449186e-02
9.68688091e-02
9.64117857e-02
9.65201259e-02
9.63702153e-02
9.61816507e-02
9.83240373e-02
9.72358543e-02
9.75248979e-02
9.53816996e-02
9.72931517e-02
9.67777731e-02
9.67198181e-02
9.57167730e-02
9.68414823e-02
9.73569637e-02
9.39133485e-02
9.65288879e-02
9.68181787e-02
9.80004508e-02
9.65174531e-02
9.69018977e-02
9.77245088e-02
9.51511474e-02
9.72932756e-02
9.63294748e-02
9.60472210e-02
9.80862944e-02
9.82148479e-02
9.73246887e-02
9.67845730e-02
9.68974914e-02
9.70196146e-02
9.87256161e-02
9.63736569e-02
9.87293968e-02
9.62039028e-02
9.68418375e-02
9.33558302e-02
9.59619496e-02
9.49368538e-02
9.67400788e-02
9.91109651e-02
9.86683166e-02
9.70933110e-02
9.49710880e-02
9.55158592e-02
9.48583981e-02
9.55929966e-02
9.75589105e-02
9.54865925e-02
9.64583119e-02
9.70982404e-02
9.74940742e-02
9.57983075e-02
9.58451466e-02
9.67646694e-02
9.52536131e-02
9.72161108e-02
9.62913031e-02
9.87253652e-02
9.70544315e-02
9.61866462e-02
9.70757758e-02
9.72686107e-02
9.69575102e-02
9.83527184e-02
9.46841376e-02
9.68809482e-02
9.50767971e-02
9.68038153e-02
9.79504364e-02
9.63002150e-02
9.62947729e-02
9.63587632e-02
9.72763870e-02
9.46349541e-02
9.66781663e-02
9.70562132e-02
9.65427099e-02
9.70066288e-02
9.78429866e-02
9.55740369e-02
9.42183314e-02
9.65607516e-02
9.71752841e-02
9.69323471e-02
9.61784516e-02
9.75494706e-02
9.61788195e-02
9.65392279e-02
9.78648753e-02
9.77847758e-02
9.59070538e-02
9.70588359e-02
9.48018570e-02
9.68059672e-02
9.45076700e-02
9.57570074e-02
9.66931349e-02
9.56411058e-02
9.79818176e-02
9.61111889e-02
9.67971641e-02
9.67507666e-02
9.80279409e-02
9.62541608e-02
9.60371928e-02
9.70361590e-02
9.76079985e-02
9.61804837e-02
9.70038762e-02
9.74743024e-02
9.60035179e-02
9.70916978e-02
9.66288280e-02
9.59304553e-02
9.50036420e-02
9.67243744e-02
9.72709812e-02
9.67684420e-02
9.43429369e-02
9.46662387e-02
9.44733313e-02
9.80736984e-02
9.55373108e-02
9.52699732e-02
9.76253369e-02
9.68320875e-02
9.56610030e-02
9.33871301e-02
9.59951378e-02
9.58696264e-02
9.48932990e-02
9.83866258e-02
9.82345423e-02
9.61451542e-02
9.68940230e-02
9.92655212e-02
9.71532657e-02
9.57611728e-02
9.58017597e-02
9.70451031e-02
9.62358473e-02
9.66627275e-02
9.51499151e-02
9.66418493e-02
9.61460502e-02
9.56173006e-02
9.53170187e-02
9.55585597e-02
9.86219471e-02
9.70198679e-02
9.56553913e-02
9.75126222e-02
9.67599311e-02
9.54588325e-02
9.68215340e-02
9.64738443e-02
9.69079189e-02
9.72522057e-02
9.75965097e-02
9.55430240e-02
9.83271409e-02
9.64333536e-02
9.35282291e-02
9.81525148e-02
9.53134595e-02
9.61882539e-02
9.59516835e-02
9.46143800e-02
9.59493988e-02
9.75059707e-02
9.63025252e-02
9.42993966e-02
9.84715285e-02
9.75866802e-02
9.59466841e-02
9.70054320e-02
9.48531266e-02
9.96125793e-02
9.80851078e-02
9.58010527e-02
9.54372567e-02
9.59072440e-02
9.56398133e-02
9.66398021e-02
9.60603334e-02
9.77076995e-02
9.54387174e-02
9.59998420e-02
9.88972567e-02
9.61873943e-02
9.74424595e-02
9.62984755e-02
9.55419038e-02
9.67333659e-02
9.91972217e-02
9.80306870e-02
9.55776106e-02
9.67444704e-02
9.57688801e-02
9.54763160e-02
9.62978656e-02
9.56474329e-02
9.78122077e-02
9.48594158e-02
9.67571487e-02
9.74562229e-02
9.69965724e-02
9.76980489e-02
9.60664972e-02
9.59565247e-02
9.81663771e-02
9.72374276e-02
9.87641048e-02
9.41323032e-02
9.55908368e-02
9.59268233e-02
9.61178243e-02
9.68500589e-02
9.67878149e-02
9.62008415e-02
9.48151490e-02
9.67106704e-02
9.52894779e-02
9.75256923e-02
9.85729211e-02
9.83223281e-02
9.66716857e-02
9.60405238e-02
9.55959475e-02
9.93116020e-02
9.69161424e-02
9.53807219e-02
9.51064796e-02
9.64709564e-02
9.69152326e-02
9.67342530e-02
9.65772692e-02
9.64257236e-02
9.63829931e-02
9.89926287e-02
9.49554529e-02
9.43128144e-02
9.94106735e-02
9.78018252e-02
9.72595169e-02
9.48171566e-02
9.57115207e-02
9.80793954e-02
9.74226924e-02
9.69884905e-02
9.60491638e-02
9.73102571e-02
9.51806020e-02
9.71958237e-02
9.45512938e-02
9.75667968e-02
9.63313122e-02
9.83652201e-02
9.61535001e-02
9.49743848e-02
9.63937396e-02
9.45030030e-02
9.85784909e-02
9.57309006e-02
9.70072229e-02
9.77516892e-02
9.77364466e-02
9.68996705e-02
9.97072451e-02
9.76415362e-02
9.51909619e-02
9.66007473e-02
9.67005198e-02
9.74125665e-02
9.80092581e-02
9.61186129e-02
9.54236534e-02
9.72650615e-02
9.70185838e-02
9.43394322e-02
9.65304391e-02
9.68974589e-02
9.71693098e-02
9.85293606e-02
9.57981813e-02
9.66038336e-02
9.60901389e-02
9.75298948e-02
9.55326794e-02
9.75865163e-02
9.71764590e-02
9.72127650e-02
9.61632762e-02
9.62055789e-02
9.68714846e-02
9.45214655e-02
9.45339669e-02
9.54097176e-02
9.38494851e-02
9.66471358e-02
9.34490382e-02
9.64286505e-02
9.54231472e-02
9.52643715e-02
9.53373877e-02
9.52801467e-02
9.47213384e-02
9.79010402e-02
9.48684598e-02
9.76541224e-02
9.63702721e-02
9.77537476e-02
9.70153251e-02
9.66720327e-02
9.82326013e-02
9.73227772e-02
9.56730311e-02
9.73984349e-02
9.97124160e-02
9.58651823e-02
9.76888858e-02
9.46037996e-02
9.70171335e-02
9.67016769e-02
9.52100191e-02
9.67651130e-02
9.67721723e-02
9.56432385e-02
9.71911202e-02
9.52252771e-02
9.70824709e-02
9.50731830e-02
9.76591163e-02
9.59059452e-02
9.75697312e-02
9.77929100e-02
9.81093212e-02
9.65173222e-02
9.72867016e-02
9.66440445e-02
9.72019251e-02
9.56712201e-02
9.90134023e-02
9.76141374e-02
9.53970213e-02
9.49189678e-02
9.79282233e-02
9.91111674e-02
9.72437125e-02
9.63397779e-02
9.63353375e-02
9.61220134e-02
9.59531343e-02
9.63936065e-02
9.63038559e-02
9.76312261e-02
9.92293097e-02
9.81607320e-02
9.68159654e-02
9.67736651e-02
9.75671760e-02
9.76055192e-02
9.65067332e-02
9.55032665e-02
9.66090979e-02
9.54597069e-02
9.62381389e-02
9.59176034e-02
9.52577714e-02
9.78588478e-02
9.63761888e-02
9.66478880e-02
9.74389560e-02
9.94935661e-02
9.81686543e-02
9.83865316e-02
9.77038736e-02
9.77110050e-02
9.66171208e-02
9.63813936e-02
9.80376393e-02
9.55482161e-02
9.72963536e-02
9.58174513e-02
9.63003589e-02
9.55172565e-02
9.60626357e-02
9.49341440e-02
9.69636947e-02
9.65581926e-02
9.56894869e-02
9.73354504e-02
9.80945962e-02
9.45287263e-02
9.54867802e-02
9.53007846e-02
9.68105238e-02
9.76187441e-02
9.58116207e-02
9.55848079e-02
9.62487115e-02
9.69943587e-02
9.82572611e-02
9.78243172e-02
9.70996195e-02
9.67797184e-02
9.70392195e-02
9.56177815e-02
9.72937626e-02
9.84576285e-02
9.56003786e-02
9.74844946e-02
9.62459490e-02
9.77064921e-02
9.71187169e-02
9.70693333e-02
9.68242507e-02
9.66802994e-02
9.67720742e-02
9.51604382e-02
9.74924519e-02
9.63071348e-02
9.37110229e-02
9.79147847e-02
9.63738647e-02
9.90492782e-02
9.78991362e-02
9.69243286e-02
9.67135496e-02
9.76133395e-02
9.67719658e-02
9.83234728e-02
9.81248801e-02
9.58455723e-02
9.88071772e-02
9.59361037e-02
9.80199997e-02
9.74428669e-02
9.58067988e-02
9.55710320e-02
9.60930484e-02
9.42249677e-02
9.69591981e-02
9.59909724e-02
9.87028029e-02
9.54958061e-02
9.80550399e-02
9.68558492e-02
9.46475093e-02
9.62195552e-02
9.80411305e-02
9.59810027e-02
9.51822710e-02
9.70004128e-02
9.96933582e-02
9.63584535e-02
9.57099722e-02
9.65874475e-02
9.38402483e-02
9.76860195e-02
9.86793803e-02
9.57535131e-02
9.63475131e-02
9.75734149e-02
9.40414732e-02
9.64065857e-02
9.85176956e-02
9.74742249e-02
1.01202687e-01
9.33880717e-02
9.59226202e-02
9.81153264e-02
9.45885540e-02
9.75445823e-02
9.55490840e-02
9.89901871e-02
9.44388953e-02
9.62496462e-02
9.61779883e-02
9.58935154e-02
9.68081294e-02
9.55920948e-02
9.81871630e-02
9.75919408e-02
9.67419402e-02
9.43472878e-02
9.64807308e-02
9.47386798e-02
9.78970300e-02
9.80581140e-02
9.85772416e-02
9.65792321e-02
9.56100455e-02
9.84782311e-02
9.69905146e-02
9.64062946e-02
9.58258817e-02
9.62262685e-02
9.62528946e-02
9.64475817e-02
9.68097512e-02
9.72694552e-02
9.54318775e-02
9.49426658e-02
9.70224902e-02
9.56346094e-02
9.53830462e-02
9.84856587e-02
9.75620040e-02
9.66174691e-02
9.55999493e-02
9.40455337e-02
9.49400487e-02
9.67756532e-02
9.69379511e-02
9.72245086e-02
9.79772812e-02
9.71559044e-02
9.47630368e-02
9.67128470e-02
9.62181596e-02
9.88190405e-02
9.79678748e-02
9.73081773e-02
9.52914618e-02
9.77488098e-02
9.56924741e-02
9.58605195e-02
9.62922054e-02
9.82280286e-02
9.54816711e-02
9.86978486e-02
9.86470487e-02
9.51100660e-02
9.74716462e-02
9.69658743e-02
9.66892057e-02
9.48531843e-02
9.75807868e-02
9.78493167e-02
9.54692601e-02
9.42215307e-02
9.65958177e-02
9.52532363e-02
9.80503064e-02
9.46413263e-02
9.59316146e-02
9.75011364e-02
9.71202190e-02
9.78274488e-02
9.68055819e-02
9.76268643e-02
9.73177368e-02
9.56888638e-02
9.79438728e-02
9.57071775e-02
9.53238838e-02
9.40875491e-02
9.73738430e-02
9.53877002e-02
9.75106216e-02
9.89740752e-02
9.76685941e-02
9.52455008e-02
9.71366174e-02
9.81047303e-02
9.73606284e-02
9.70238359e-02
9.65050518e-02
9.69925861e-02
9.70500480e-02
9.75263017e-02
9.73909296e-02
9.63454892e-02
9.60189799e-02
9.56519929e-02
9.65158589e-02
9.69206489e-02
9.76966166e-02
9.64824315e-02
9.70027915e-02
9.66745846e-02
9.48718674e-02
9.86595747e-02
9.60494988e-02
9.47712344e-02
9.70749326e-02
9.92736700e-02
9.58947585e-02
9.46547635e-02
9.51896011e-02
9.69376451e-02
9.60948871e-02
9.57261127e-02
9.67337393e-02
9.61946476e-02
9.80775442e-02
9.71241401e-02
9.80359878e-02
9.80298914e-02
9.58784531e-02
9.59703400e-02
9.62837275e-02
9.45108018e-02
9.54818396e-02
9.64803047e-02
9.70894713e-02
9.74849038e-02
9.70000204e-02
9.64878120e-02
9.55239290e-02
9.85377992e-02
9.42505547e-02
9.73005157e-02
9.69024491e-02
9.84058074e-02
9.40049332e-02
9.67649710e-02
9.64735983e-02
9.73683309e-02
9.67336687e-02
9.67817834e-02
9.53766556e-02
9.67248484e-02
9.70067081e-02
9.61090222e-02
9.69064839e-02
9.83256928e-02
9.76370034e-02
9.53202184e-02
9.67440850e-02
9.53193461e-02
9.82174534e-02
9.58912470e-02
9.59910149e-02
9.67593280e-02
9.59029383e-02
9.63825813e-02
9.92036712e-02
9.52708675e-02
9.77540394e-02
9.86367382e-02
9.81424412e-02
9.98878585e-02
9.57551610e-02
9.73305087e-02
9.76496693e-02
9.65736224e-02
9.46216763e-02
9.63121077e-02
9.47924062e-02
9.72455168e-02
9.59363691e-02
9.62124019e-02
9.65465828e-02
9.83159111e-02
9.71269883e-02
9.54665590e-02
9.58179747e-02
9.45204135e-02
9.37129703e-02
9.85406123e-02
9.53268674e-02
9.66523816e-02
9.60269574e-02
9.59258791e-02
9.59581581e-02
9.64294545e-02
9.61904903e-02
9.69051441e-02
9.60536575e-02
9.93155182e-02
9.65393610e-02
9.74343852e-02
9.70270734e-02
9.73855684e-02
9.91838064e-02
9.57095809e-02
9.66177048e-02
9.54478145e-02
9.60941382e-02
9.50233831e-02
9.86724609e-02
9.73827831e-02
9.65386289e-02
9.45198962e-02
9.60284827e-02
9.59803365e-02
9.60661788e-02
9.76705196e-02
9.68145798e-02
9.56809041e-02
9.69910944e-02
9.84825006e-02
9.65078725e-02
9.64252098e-02
9.46592996e-02
9.61521624e-02
9.60736347e-02
9.84715960e-02
9.63258816e-02
9.59777578e-02
9.66411428e-02
9.86028198e-02
9.57264503e-02
9.52756593e-02
9.63709338e-02
9.70798374e-02
9.72124817e-02
9.50251255e-02
9.87204450e-02
9.63109350e-02
9.77868729e-02
9.52172217e-02
9.78829589e-02
9.64181388e-02
9.67950128e-02
9.83956895e-02
9.51149644e-02
9.47374508e-02
9.49200706e-02
9.64218199e-02
9.93413165e-02
9.65030417e-02
9.56819902e-02
9.68655915e-02
9.63391953e-02
9.72600830e-02
9.83072467e-02
9.57807849e-02
9.65305684e-02
9.56178819e-02
9.48394802e-02
9.65676235e-02
9.70141429e-02
9.60751672e-02
9.80128992e-02
9.54626773e-02
9.62001094e-02
9.67034693e-02
9.67226559e-02
9.50721574e-02
9.60967327e-02
9.81374033e-02
9.88729541e-02
9.49747181e-02
9.55986248e-02
9.32512124e-02
9.68251298e-02
9.79431994e-02
9.73457238e-02
9.60812468e-02
9.70717179e-02
9.69222564e-02
9.55953932e-02
9.56090218e-02
9.58486384e-02
9.62960934e-02
9.71057167e-02
9.88015155e-02
9.59021430e-02
9.72731696e-02
9.46132401e-02
9.70703508e-02
9.80776093e-02
9.70171975e-02
9.52124075e-02
9.79798868e-02
9.68712274e-02
9.56964784e-02
9.69808946e-02
9.78257202e-02
9.79389585e-02
9.58487180e-02
9.63462253e-02
9.55088914e-02
9.52213043e-02
9.67669662e-02
9.57025915e-02
9.56397564e-02
9.81967409e-02
9.75833982e-02
9.60914956e-02
9.67521209e-02
9.76072757e-02
9.56470340e-02
9.53714893e-02
9.44336523e-02
9.64527515e-02
9.67192358e-02
9.75881887e-02
