9.54258200e-02
9.54771760e-02
9.52064371e-02
9.71431947e-02
9.51479508e-02
9.66522597e-02
9.39892270e-02
9.73760490e-02
9.64402133e-02
9.64024112e-02
9.58294300e-02
9.76480352e-02
9.73663034e-02
9.48294785e-02
9.77036860e-02
9.78347656e-02
9.88261962e-02
9.62570960e-02
9.60821157e-02
9.64035317e-02
9.66620711e-02
9.86387351e-02
9.83003973e-02
9.44527292e-02
9.94091078e-02
9.67700882e-02
9.73605549e-02
9.58008256e-02
9.73776932e-02
9.70591052e-02
9.57343790e-02
9.64833023e-02
9.79900447e-02
9.72258186e-02
9.85901960e-02
9.54971023e-02
9.67921639e-02
9.64889684e-02
9.70894190e-02
9.82505713e-02
9.52534002e-02
9.74758365e-02
9.44982468e-02
9.60465078e-02
9.58991487e-02
9.69414351e-02
9.53749770e-02
9.64305674e-02
9.51111792e-02
9.64326521e-02
9.55688455e-02
9.61532121e-02
9.57661123e-02
9.78775947e-02
9.63624213e-02
9.51951076e-02
9.82436369e-02
9.56574316e-02
9.62781857e-02
9.72148410e-02
9.66998584e-02
9.74846464e-02
9.70542381e-02
9.59146778e-02
9.72976725e-02
9.54115520e-02
9.88943943e-02
9.48918518e-02
9.76527856e-02
9.80975823e-02
9.61568299e-02
9.88486041e-02
9.47447081e-02
9.68421018e-02
9.69045618e-02
9.37662774e-02
9.48532901e-02
9.57502983e-02
9.71350203e-02
1.00130602e-01
9.68828004e-02
9.77050749e-02
9.58516230e-02
9.54857554e-02
9.71491862e-02
9.68074614e-02
9.55944726e-02
9.70973572e-02
9.82318863e-02
9.75092365e-02
9.78439620e-02
9.55046130e-02
9.91250672e-02
9.66030267e-02
9.50664012e-02
9.62785736e-02
9.92799133e-02
9.60122898e-02
9.72484505e-02
9.76243184e-02
9.66419815e-02
9.59377775e-02
9.61637538e-02
9.82418257e-02
9.47714435e-02
9.83573060e-02
9.59797476e-02
9.96582808e-02
9.45886246e-02
9.79412721e-02
9.64452444e-02
9.66875673e-02
9.77320747e-02
9.52594423e-02
9.69852776e-02
9.52047294e-02
9.59209352e-02
9.81587226e-02
9.75626323e-02
9.82154951e-02
9.74926623e-02
9.64042107e-02
9.44312879e-02
9.63967141e-02
9.77667031e-02
9.69336379e-02
9.48085528e-02
9.54687379e-02
9.60006030e-02
9.51336562e-02
9.55015883e-02
9.61404856e-02
9.78108367e-02
9.49150150e-02
9.82885803e-02
9.68530796e-02
9.68728580e-02
9.79988103e-02
9.74001204e-02
9.65215782e-02
9.84822488e-02
9.83659135e-02
9.73391082e-02
9.66356520e-02
9.54818021e-02
9.42995435e-02
9.95499408e-02
9.89494296e-02
9.88928687e-02
9.80893071e-02
9.82327757e-02
9.77680619e-02
9.68911840e-02
9.66418055e-02
9.76097949e-02
9.80142841e-02
9.54218080e-02
9.65632246e-02
9.90007237e-02
9.67382496e-02
9.63098155e-02
9.79021216e-02
9.68394806e-02
9.82062174e-02
9.77414918e-02
9.60545780e-02
9.90792604e-02
9.57246580e-02
9.74180278e-02
9.76633670e-02
9.72009620e-02
9.50659122e-02
9.71785459e-02
1.01954309e-01
9.74651349e-02
9.67773054e-02
9.65086302e-02
9.83955259e-02
9.49141419e-02
9.59333117e-02
9.41824121e-02
9.76897196e-02
9.60390371e-02
9.72534593e-02
9.74052284e-02
9.84777166e-02
9.76188378e-02
9.65331203e-02
9.56863314e-02
9.56444345e-02
9.59105861e-02
9.72304142e-02
9.65668146e-02
9.53709602e-02
1.00966951e-01
9.62837933e-02
9.58989316e-02
9.51661430e-02
9.61722507e-02
9.58502651e-02
9.64301750e-02
9.88907286e-02
9.68137725e-02
9.79965832e-02
9.64959483e-02
9.58677165e-02
9.68179470e-02
9.63544014e-02
9.57674185e-02
9.71200400e-02
9.70114910e-02
9.74302856e-02
9.76919640e-02
9.64752652e-02
9.54736267e-02
9.64661615e-02
9.88255409e-02
9.87578480e-02
9.70399578e-02
9.39481181e-02
9.73569581e-02
9.69769234e-02
9.40329776e-02
9.77821481e-02
9.66584746e-02
9.50824143e-02
9.66963103e-02
9.58725103e-02
9.67500260e-02
9.40561120e-02
9.55768067e-02
9.75994181e-02
9.91531145e-02
9.81230799e-02
9.65982648e-02
9.74016320e-02
9.73263775e-02
9.61321640e-02
9.76240908e-02
9.57244095e-02
9.88115952e-02
9.48526406e-02
9.54717577e-02
9.73512587e-02
9.65316122e-02
9.66579840e-02
9.69705990e-02
9.67356174e-02
1.00642354e-01
1.00219799e-01
9.81057463e-02
9.60278169e-02
9.64318913e-02
9.82586107e-02
9.60623600e-02
9.87537031e-02
9.37302820e-02
9.72958631e-02
9.54876639e-02
9.76492093e-02
9.73929503e-02
9.73526250e-02
9.74579319e-02
9.53283284e-02
9.49191587e-02
9.70125929e-02
9.83889093e-02
9.71911610e-02
9.87436111e-02
9.72002402e-02
9.75973248e-02
9.60728442e-02
9.67900728e-02
9.61024857e-02
9.77627653e-02
9.84705866e-02
9.73315940e-02
9.60641862e-02
9.61616578e-02
9.58828423e-02
9.67222828e-02
9.61170602e-02
9.56697458e-02
9.42234423e-02
9.70272289e-02
9.46852310e-02
9.52345815e-02
9.69551734e-02
9.82614991e-02
9.59687424e-02
9.83133355e-02
9.78766269e-02
9.75803073e-02
9.44307979e-02
9.49923169e-02
9.64003530e-02
9.60329680e-02
9.55976064e-02
9.48927520e-02
9.48459185e-02
9.50296531e-02
9.67594568e-02
9.63978176e-02
9.78439224e-02
9.67101071e-02
9.99914570e-02
9.62546250e-02
9.80105175e-02
9.50421344e-02
9.86345576e-02
9.53787064e-02
9.62509364e-02
9.48775983e-02
9.72830852e-02
9.44398727e-02
9.68565243e-02
9.60272208e-02
9.74369351e-02
9.72719466e-02
9.72430025e-02
9.76443170e-02
9.62457737e-02
9.60891898e-02
9.42814144e-02
9.49040904e-02
9.82174859e-02
9.42831936e-02
9.70842401e-02
9.65481090e-02
9.67922037e-02
9.80593586e-02
9.64550317e-02
9.83254344e-02
9.83027253e-02
9.82472108e-02
9.87123386e-02
9.45185576e-02
9.45613116e-02
9.43038478e-02
9.51653419e-02
9.61035089e-02
9.78284158e-02
9.86921005e-02
9.69369432e-02
9.46143342e-02
9.80743582e-02
9.43989337e-02
9.61203077e-02
9.53606926e-02
9.61198616e-02
9.66325213e-02
9.74682410e-02
9.57475923e-02
9.60380587e-02
9.70737523e-02
9.63582717e-02
9.71163767e-02
9.69975733e-02
9.72794218e-02
9.67576538e-02
9.58966605e-02
9.84052844e-02
9.49230041e-02
9.84431405e-02
9.83592876e-02
9.84486471e-02
9.55852612e-02
9.76250407e-02
9.66244248e-02
9.53321863e-02
9.73559915e-02
9.59176501e-02
9.62487660e-02
9.64660677e-02
9.60221224e-02
9.64427396e-02
9.68895155e-02
9.76564354e-02
9.46701093e-02
9.43583906e-02
9.89233641e-02
9.86543506e-02
9.78910946e-02
9.70891735e-02
9.58426659e-02
9.63419052e-02
9.57294995e-02
9.42969081e-02
9.70434434e-02
9.72417290e-02
9.79319547e-02
9.68987712e-02
9.38729809e-02
9.65740540e-02
9.70775402e-02
9.66753691e-02
9.59234950e-02
9.72795440e-02
9.75085738e-02
9.46172484e-02
9.71339478e-02
9.59003956e-02
9.65536221e-02
9.57552234e-02
9.44221328e-02
9.91734852e-02
9.53815325e-02
9.38070483e-02
9.79939084e-02
9.71936416e-02
9.89208443e-02
9.66924842e-02
9.71162355e-02
9.75270213e-02
9.64404335e-02
9.43411247e-02
9.70579332e-02
9.57962053e-02
9.48456088e-02
9.83218465e-02
9.66947812e-02
9.86870677e-02
9.43844003e-02
9.58761316e-02
9.76334165e-02
9.73492686e-02
9.82447519e-02
9.61511093e-02
9.68694824e-02
9.72188643e-02
9.71066799e-02
9.80088277e-02
9.60641181e-02
9.69411044e-02
9.64812828e-02
9.73597031e-02
9.76526830e-02
9.45090001e-02
9.64529348e-02
9.80735389e-02
9.77613048e-02
9.86114193e-02
9.64480324e-02
9.67505178e-02
9.48249926e-02
9.67977890e-02
9.44912514e-02
9.67128665e-02
9.75697023e-02
9.69114602e-02
9.73396412e-02
9.57717632e-02
9.71164785e-02
9.69482380e-02
9.62923291e-02
9.79854042e-02
9.84946983e-02
9.73308477e-02
9.60222444e-02
9.52896449e-02
9.61357062e-02
9.70036601e-02
9.60881725e-02
9.43824227e-02
9.70397122e-02
9.75979595e-02
9.44245310e-02
9.57551089e-02
9.70049934e-02
9.63685939e-02
9.40247977e-02
9.62534833e-02
9.53356180e-02
9.69111093e-02
9.63266693e-02
9.61747145e-02
9.51175924e-02
9.56455030e-02
9.74715839e-02
9.82267178e-02
9.53049830e-02
9.62775002e-02
9.59885206e-02
9.60130444e-02
9.72581257e-02
9.66845176e-02
9.54024963e-02
9.61582959e-02
9.74813090e-02
9.60830352e-02
9.74905821e-02
9.69240660e-02
9.61513313e-02
9.69729624e-02
9.58081352e-02
9.51699736e-02
9.36435565e-02
9.69273299e-02
9.52229398e-02
9.67053667e-02
9.62640075e-02
9.69172838e-02
9.49305849e-02
9.76660778e-02
9.74280353e-02
9.59098935e-02
9.67882240e-02
9.45482194e-02
9.41715444e-02
9.42142882e-02
9.72723222e-02
9.79780731e-02
9.67039547e-02
9.85026867e-02
9.52628006e-02
9.99466916e-02
9.72274708e-02
9.48943735e-02
9.62795402e-02
9.69815270e-02
9.57228878e-02
9.41803006e-02
9.72893202e-02
9.59171226e-02
9.62464037e-02
9.53863723e-02
9.55731091e-02
9.75024665e-02
9.35327154e-02
9.78761008e-02
9.67242880e-02
9.43618881e-02
1.00041956e-01
9.65050251e-02
9.77262442e-02
9.56622950e-02
9.64615708e-02
9.77715203e-02
9.78663063e-02
9.76723259e-02
9.56652367e-02
9.80069294e-02
9.51519658e-02
9.54975114e-02
9.85034691e-02
9.73204380e-02
9.70356454e-02
9.64204873e-02
9.79003689e-02
9.66159116e-02
9.68778642e-02
9.76798720e-02
9.66653059e-02
9.95008547e-02
9.63748797e-02
9.84798817e-02
9.61828391e-02
9.81109902e-02
9.53686022e-02
9.59623376e-02
9.47386547e-02
9.84173255e-02
9.59160612e-02
9.46963989e-02
9.71267567e-02
9.79738528e-02
9.76500375e-02
9.65553421e-02
9.83996712e-02
9.62747903e-02
9.76490534e-02
9.69124566e-02
9.67611036e-02
9.73087335e-02
9.53865924e-02
9.71861960e-02
9.73685944e-02
9.87478868e-02
9.85812753e-02
9.48842679e-02
9.74882121e-02
9.70014010e-02
9.42155572e-02
9.64954046e-02
9.56673769e-02
9.43691653e-02
9.39823694e-02
9.57714005e-02
9.87619134e-02
9.69494664e-02
9.71150574e-02
9.68301905e-02
9.61840014e-02
9.69871467e-02
9.69346575e-02
9.64931951e-02
9.48227538e-02
9.81498964e-02
9.67135006e-02
9.81340188e-02
9.74186026e-02
9.48682381e-02
9.63415777e-02
9.90090586e-02
9.60070025e-02
9.53484629e-02
9.96870419e-02
9.71014443e-02
9.69195825e-02
9.87178794e-02
9.60154997e-02
9.93307484e-02
9.83610365e-02
9.36305054e-02
9.73373822e-02
9.64985720e-02
9.64038686e-02
9.69572490e-02
9.71970996e-02
9.53962020e-02
9.67033067e-02
9.67376990e-02
9.44871375e-02
9.93950687e-02
9.75079070e-02
9.75951672e-02
9.58536033e-02
9.77358042e-02
9.65920213e-02
9.76585856e-02
9.56671375e-02
9.79632708e-02
9.41527010e-02
9.78086143e-02
9.73428647e-02
9.86203782e-02
9.67125394e-02
9.89931190e-02
9.61269245e-02
9.69992085e-02
9.95766172e-02
9.84525324e-02
9.47645588e-02
9.82379101e-02
9.60910152e-02
9.73177502e-02
9.73493652e-02
9.52494437e-02
9.56972402e-02
9.57592350e-02
9.67122458e-02
9.75582597e-02
9.65210186e-02
9.81898300e-02
9.72948992e-02
9.64754324e-02
9.68941408e-02
9.70443902e-02
9.58299544e-02
9.75074631e-02
9.33480153e-02
9.59224529e-02
9.48627966e-02
9.88308814e-02
1.01738371e-01
9.85635151e-02
9.66508791e-02
9.58052783e-02
9.71974261e-02
9.85119115e-02
9.50943676e-02
9.55641827e-02
9.62492889e-02
9.59019637e-02
9.42308270e-02
9.62945945e-02
9.75477708e-02
9.52628353e-02
9.69685947e-02
9.86392318e-02
9.61147424e-02
9.74864939e-02
9.67696763e-02
9.81340065e-02
9.66717211e-02
9.73486749e-02
9.74105368e-02
9.80040038e-02
9.47171819e-02
9.51215062e-02
9.49187772e-02
9.61284723e-02
9.53448358e-02
9.68079642e-02
9.86082293e-02
9.73145191e-02
9.76713896e-02
9.81418958e-02
9.66141857e-02
9.90635169e-02
9.47047736e-02
9.54463862e-02
9.67575158e-02
9.68585050e-02
9.84427236e-02
9.62829032e-02
9.68728696e-02
9.69377452e-02
9.66802863e-02
9.47541694e-02
9.69803624e-02
9.65821196e-02
9.60764279e-02
9.79194507e-02
9.62122164e-02
9.53359392e-02
9.89763458e-02
9.64034322e-02
9.52994163e-02
9.66441681e-02
9.66176177e-02
9.73462342e-02
9.83622773e-02
9.70827841e-02
9.39840521e-02
9.63361043e-02
9.70388748e-02
9.61807341e-02
9.66798563e-02
9.62033948e-02
9.50781409e-02
9.68287721e-02
9.55556150e-02
9.71609383e-02
9.76538741e-02
9.42749927e-02
9.61898996e-02
9.33872947e-02
9.66968648e-02
9.49448830e-02
9.66461008e-02
9.44321723e-02
9.75129090e-02
9.59258898e-02
9.71776822e-02
9.49185752e-02
9.39876415e-02
9.69853406e-02
9.67701466e-02
9.79930612e-02
9.68324795e-02
9.62689499e-02
9.59246199e-02
9.64801754e-02
9.85257066e-02
9.59265004e-02
9.69064520e-02
9.86822674e-02
9.61724955e-02
9.55381545e-02
9.73755539e-02
9.74201927e-02
9.72181689e-02
9.64855311e-02
9.52942873e-02
9.65466447e-02
9.59273593e-02
9.79731781e-02
9.52202253e-02
9.33862133e-02
9.61899902e-02
9.64814408e-02
9.66642300e-02
9.57859861e-02
9.71552862e-02
9.56086265e-02
9.64884067e-02
9.83112701e-02
9.49125691e-02
9.56697392e-02
9.81326392e-02
9.66891418e-02
9.64860616e-02
9.77213204e-02
9.66580416e-02
9.87197353e-02
9.83515513e-02
9.61492543e-02
9.65892587e-02
9.62226428e-02
9.71079644e-02
9.60209836e-02
9.75849356e-02
9.54814567e-02
9.63749496e-02
9.55092755e-02
9.45650097e-02
9.54857918e-02
9.90750426e-02
9.57026263e-02
9.72027291e-02
9.57310889e-02
9.58173227e-02
9.32311090e-02
9.55575262e-02
9.68146025e-02
9.52602210e-02
9.67871699e-02
9.74994157e-02
9.68482835e-02
9.47793043e-02
9.49723470e-02
9.72840380e-02
9.65713911e-02
9.48116763e-02
9.95609708e-02
9.64155715e-02
9.84249280e-02
9.74180252e-02
9.76529793e-02
9.72397922e-02
9.65173416e-02
9.69054168e-02
9.79616816e-02
9.60936450e-02
9.56619033e-02
9.44953207e-02
9.53382735e-02
9.41072716e-02
9.72953624e-02
9.70467377e-02
9.44302450e-02
9.66591392e-02
9.63710882e-02
9.64333911e-02
9.63967983e-02
9.52765098e-02
9.78721383e-02
9.77765433e-02
9.62600400e-02
9.49535430e-02
9.51412989e-02
9.75743314e-02
9.48684174e-02
9.57384814e-02
9.96365896e-02
9.58655981e-02
9.69037441e-02
9.78215121e-02
9.57954707e-02
9.57278249e-02
9.70676022e-02
9.49023665e-02
9.50720962e-02
9.49586170e-02
9.63558583e-02
9.80906645e-02
9.76168573e-02
9.47190168e-02
9.50602776e-02
9.56443934e-02
9.77478906e-02
9.56723057e-02
9.71570987e-02
9.84940088e-02
9.45235615e-02
9.94110545e-02
9.79609275e-02
9.66022272e-02
9.53534302e-02
9.57320521e-02
9.75176402e-02
9.48618581e-02
9.45986578e-02
9.45849893e-02
9.37543669e-02
9.70817497e-02
9.69116744e-02
9.48132705e-02
9.71177188e-02
9.78257074e-02
9.57283142e-02
9.55464331e-02
9.42761847e-02
9.99213814e-02
9.85306837e-02
9.95056672e-02
9.46888026e-02
9.75442761e-02
9.75389192e-02
9.63745687e-02
9.80416034e-02
9.58565043e-02
9.53307723e-02
9.77411181e-02
9.68019477e-02
9.50924374e-02
9.56071312e-02
9.44687976e-02
9.85014320e-02
9.85756766e-02
9.75478581e-02
9.62658073e-02
9.58227552e-02
9.46388000e-02
9.76786079e-02
9.61289741e-02
9.28220388e-02
9.84296417e-02
9.42747175e-02
9.66122406e-02
9.53183016e-02
9.64150372e-02
9.85312287e-02
9.53996466e-02
9.58340983e-02
9.52717780e-02
9.85875462e-02
9.47928748e-02
9.71439284e-02
9.71905944e-02
9.79111180e-02
9.49557622e-02
9.78330648e-02
9.64692071e-02
9.53191283e-02
9.71484933e-02
9.80757189e-02
9.58544524e-02
9.52925961e-02
9.78174859e-02
9.80084826e-02
9.69949275e-02
9.45087279e-02
9.54455198e-02
9.76901971e-02
9.62842602e-02
9.82998388e-02
9.57850069e-02
9.69853562e-02
9.71624417e-02
9.71791507e-02
9.80777756e-02
9.65550011e-02
9.77119753e-02
9.86604444e-02
9.88503131e-02
9.65934776e-02
9.68437323e-02
9.90433195e-02
9.83781208e-02
9.72414028e-02
9.52555410e-02
9.59446599e-02
9.75150794e-02
9.60528671e-02
9.60840307e-02
9.55351946e-02
9.39380134e-02
9.57341481e-02
9.47205691e-02
9.59293322e-02
9.54933761e-02
9.64829598e-02
9.57149560e-02
9.83111333e-02
9.77619522e-02
9.69148631e-02
9.78573034e-02
9.74911810e-02
9.84114791e-02
9.71455560e-02
9.56500839e-02
9.77548427e-02
9.52332491e-02
9.74606130e-02
9.92514883e-02
9.89749936e-02
9.64810945e-02
9.83050776e-02
9.73106386e-02
9.52027403e-02
9.69059505e-02
9.90908285e-02
9.45912407e-02
9.62111503e-02
9.55849136e-02
9.67069550e-02
9.50176436e-02
9.69005141e-02
9.71252082e-02
9.78698586e-02
9.66744301e-02
9.65940600e-02
9.55294422e-02
9.83488221e-02
9.67044548e-02
9.93814979e-02
9.80573788e-02
9.40936693e-02
9.76328754e-02
9.82499424e-02
9.70644345e-02
9.72395474e-02
9.59393505e-02
9.60599059e-02
9.52274513e-02
9.76619047e-02
9.82353709e-02
9.64991063e-02
9.69512976e-02
9.68188430e-02
9.63705074e-02
9.51322461e-02
9.77544206e-02
9.69251874e-02
9.53681930e-02
9.44013579e-02
9.39602850e-02
9.80005339e-02
9.68823548e-02
9.63476960e-02
9.51927369e-02
9.76487626e-02
9.50650838e-02
9.73423723e-02
9.67521939e-02
9.65782004e-02
9.72548616e-02
9.55005455e-02
9.61108150e-02
9.42071467e-02
9.58226471e-02
9.98463638e-02
9.95009595e-02
9.59222596e-02
9.71703407e-02
9.59351232e-02
9.64045808e-02
9.40975221e-02
9.64683300e-02
9.52604821e-02
9.56011843e-02
9.69889805e-02
9.77510525e-02
9.64267050e-02
9.59423199e-02
9.81686464e-02
9.70216308e-02
9.59194896e-02
9.70507306e-02
9.83062712e-02
9.76105763e-02
9.48150396e-02
1.00909339e-01
9.86363220e-02
9.56972351e-02
9.80432963e-02
9.52736964e-02
9.61277665e-02
9.73610012e-02
9.91477066e-02
9.40953903e-02
9.65702057e-02
9.64419520e-02
9.54020450e-02
9.70904042e-02
9.77231641e-02
9.67549402e-02
9.85779017e-02
9.77000490e-02
9.64727368e-02
9.67625093e-02
9.68908212e-02
9.73133670e-02
9.72853773e-02
9.70338009e-02
9.44388196e-02
9.47997695e-02
9.53387711e-02
9.51672299e-02
9.50904656e-02
9.53692259e-02
9.68158206e-02
9.66720080e-02
9.81185136e-02
9.85010601e-02
9.74631339e-02
9.60217181e-02
9.54438190e-02
9.83547671e-02
9.79033220e-02
9.45941578e-02
9.79310276e-02
9.45951783e-02
9.57760770e-02
9.69007088e-02
9.66273476e-02
9.84724394e-02
9.66197448e-02
9.71756324e-02
9.41344308e-02
9.67817993e-02
9.76628754e-02
9.79236802e-02
9.85908087e-02
9.37342358e-02
9.46254863e-02
9.51911722e-02
9.58755209e-02
9.68872880e-02
9.70360718e-02
9.69991392e-02
9.56431023e-02
9.87600542e-02
9.68718589e-02
9.79338025e-02
9.77389917e-02
9.52599820e-02
9.69499085e-02
9.56209655e-02
9.62510298e-02
9.80798339e-02
9.62528473e-02
9.44035283e-02
9.71014640e-02
9.65636689e-02
9.70903764e-02
9.64900594e-02
9.95541868e-02
9.62713201e-02
9.74579545e-02
9.56044882e-02
9.58304837e-02
9.78269340e-02
9.66166609e-02
9.64103071e-02
9.60759419e-02
9.89523712e-02
9.68914022e-02
9.71842047e-02
9.65139299e-02
9.44663755e-02
9.56417959e-02
9.76427395e-02
9.73442520e-02
9.57277796e-02
9.56500245e-02
9.84317012e-02
9.89418203e-02
9.57801444e-02
9.61486418e-02
9.53428001e-02
9.52139869e-02
9.74201167e-02
9.71278501e-02
9.53334165e-02
9.69550710e-02
9.41245188e-02
9.69261899e-02
9.75445128e-02
9.72629564e-02
9.77616527e-02
9.77795605e-02
9.69174855e-02
9.50203895e-02
9.51641661e-02
9.56995553e-02
9.69929778e-02
9.55330289e-02
9.69913939e-02
9.60280495e-02
9.62408625e-02
9.67092465e-02
9.67215310e-02
9.80381207e-02
9.48036928e-02
9.61472198e-02
9.55093308e-02
9.83584591e-02
9.66883191e-02
9.65999639e-02
9.51678209e-02
9.60542074e-02
9.62859930e-02
9.52660402e-02
9.83704422e-02
9.53922467e-02
9.72748113e-02
9.66533433e-02
9.92414095e-02
9.58921130e-02
9.33934937e-02
9.67493177e-02
9.69298602e-02
9.73279835e-02
9.74694821e-02
9.48984777e-02
9.73635933e-02
9.64804570e-02
9.76358823e-02
9.46572242e-02
9.55661285e-02
9.45101385e-02
9.50905196e-02
9.50970766e-02
9.70525383e-02
9.75603135e-02
9.66639537e-02
9.84364990e-02
9.55369995e-02
9.58413472e-02
9.46584759e-02
9.74715176e-02
9.52780409e-02
9.44571290e-02
9.35931688e-02
9.59433127e-02
9.56260981e-02
9.63585467e-02
9.56854167e-02
9.61738192e-02
9.90355635e-02
9.70192399e-02
9.67316413e-02
9.44786927e-02
9.69360238e-02
9.75926224e-02
9.77527217e-02
9.53361610e-02
9.80061279e-02
9.42966388e-02
9.75326914e-02
9.31771894e-02
9.67458766e-02
9.64673348e-02
9.56903232e-02
9.50936586e-02
9.66630500e-02
9.40931388e-02
9.52562770e-02
9.49240369e-02
9.66785655e-02
9.59856177e-02
9.73882460e-02
9.65378213e-02
9.56848959e-02
9.48048021e-02
9.64042826e-02
9.57704457e-02
9.60098061e-02
9.60875735e-02
9.54041270e-02
9.76583440e-02
9.63225122e-02
9.80697150e-02
9.52726911e-02
9.61485096e-02
9.84684426e-02
9.63706758e-02
9.46703091e-02
9.52947389e-02
9.46521559e-02
9.61779139e-02
9.70844127e-02
9.53165613e-02
9.54992015e-02
9.49365813e-02
9.50877068e-02
9.80499074e-02
9.80530352e-02
9.48968658e-02
9.65428788e-02
9.87680154e-02
9.56081357e-02
9.55934796e-02
9.69243841e-02
9.82492285e-02
9.57388792e-02
9.75044124e-02
9.77184313e-02
9.84148055e-02
9.50871245e-02
9.42731640e-02
9.65042857e-02
9.83312963e-02
9.55471209e-02
9.70124773e-02
9.62903468e-02
9.49864448e-02
9.68735999e-02
9.49235297e-02
9.78835873e-02
9.46589878e-02
9.71691457e-02
9.75355303e-02
9.59134579e-02
9.69305840e-02
9.74065994e-02
9.58895176e-02
9.77024494e-02
9.80359273e-02
9.58992890e-02
9.68689402e-02
9.79048874e-02
9.48981191e-02
9.64891710e-02
9.85508573e-02
9.49027935e-02
9.73151894e-02
9.73088687e-02
9.60505370e-02
9.78497652e-02
9.60651581e-02
9.89616904e-02
9.52916111e-02
9.83545363e-02
9.65940012e-02
9.79902129e-02
9.65217232e-02
9.61981706e-02
9.66157823e-02
9.61038916e-02
9.75697338e-02
9.85469846e-02
9.62879825e-02
9.86248272e-02
9.61406734e-02
9.71230019e-02
9.71085008e-02
9.78036744e-02
9.36286027e-02
9.87449456e-02
9.52247092e-02
9.84660200e-02
9.86005081e-02
9.68663810e-02
9.73097320e-02
9.61562435e-02
9.64165768e-02
9.61383778e-02
9.64754734e-02
9.53124853e-02
9.44776005e-02
9.98966364e-02
9.57736223e-02
9.87885139e-02
9.39764268e-02
9.57255116e-02
9.70461584e-02
9.54764616e-02
9.99854064e-02
9.66473198e-02
9.58290670e-02
9.50010286e-02
9.94796070e-02
9.57146793e-02
9.68249823e-02
9.72749135e-02
9.80448144e-02
9.72503404e-02
9.84817175e-02
9.72068477e-02
9.77179858e-02
9.70195691e-02
9.64035449e-02
9.76747413e-02
9.78628086e-02
9.51419336e-02
9.64506228e-02
9.77673896e-02
9.62144174e-02
9.71311878e-02
9.77440743e-02
9.58473404e-02
9.74453150e-02
9.72157342e-02
9.71633813e-02
9.58532887e-02
9.79798239e-02
9.76249370e-02
9.65006261e-02
9.87243706e-02
9.56186257e-02
9.73256639e-02
9.64372008e-02
9.67060360e-02
9.41085466e-02
9.59784350e-02
9.58691979e-02
9.60071853e-02
9.64524052e-02
9.63162808e-02
9.82006803e-02
9.37577823e-02
9.65480096e-02
9.41428874e-02
9.80591937e-02
9.54004878e-02
9.67174158e-02
9.45242678e-02
9.73765195e-02
9.57097938e-02
9.57326576e-02
9.66712220e-02
9.82408492e-02
9.63188659e-02
9.84212145e-02
9.69952604e-02
9.69227028e-02
9.68431460e-02
9.79440252e-02
9.33386525e-02
9.59022318e-02
9.75197021e-02
9.76530923e-02
9.61955924e-02
9.70030285e-02
9.65373002e-02
9.67912756e-02
9.44118325e-02
9.81553032e-02
9.68887056e-02
9.41185759e-02
9.78179944e-02
9.57258433e-02
9.48503692e-02
9.99372749e-02
9.66383180e-02
9.60781914e-02
9.89061399e-02
9.87211456e-02
9.81613260e-02
9.82230568e-02
9.70050466e-02
9.72587328e-02
9.98003819e-02
9.69172354e-02
9.73278789e-02
9.45247674e-02
9.87357272e-02
9.85157184e-02
9.46054980e-02
9.65392349e-02
9.90076136e-02
9.73031317e-02
9.61301717e-02
9.74629059e-02
9.48231956e-02
9.32392167e-02
9.72160159e-02
9.61635845e-02
9.58899655e-02
9.69452249e-02
9.57954847e-02
9.31143969e-02
9.47597143e-02
9.55967783e-02
9.66644102e-02
9.43158671e-02
9.56041627e-02
9.77219068e-02
9.42486090e-02
9.81653624e-02
9.64780355e-02
9.80476520e-02
9.54301520e-02
9.87143690e-02
9.81626971e-02
9.53434085e-02
9.73614091e-02
9.72194316e-02
9.58645584e-02
9.80139074e-02
9.66450733e-02
9.80358461e-02
9.45562560e-02
9.83755278e-02
9.67034385e-02
9.55102493e-02
9.74580243e-02
9.94825791e-02
9.77323268e-02
9.59543736e-02
9.56349654e-02
9.42978783e-02
9.48435221e-02
9.79011073e-02
9.78419249e-02
9.55794473e-02
9.63006455e-02
9.73088477e-02
9.45549738e-02
9.49487510e-02
9.61373606e-02
9.95863840e-02
9.63764102e-02
9.72341492e-02
9.55361204e-02
9.61351160e-02
9.68115807e-02
9.77956772e-02
9.41303590e-02
9.69728455e-02
9.39350774e-02
9.64603701e-02
9.58119360e-02
9.52642664e-02
9.61858411e-02
9.66495996e-02
9.78594193e-02
9.47348881e-02
9.74018900e-02
9.76973801e-02
9.51781419e-02
9.81942595e-02
9.49653065e-02
9.68614266e-02
9.75683569e-02
9.68204365e-02
9.61490560e-02
9.47285113e-02
9.62414270e-02
9.82175976e-02
9.77527084e-02
9.73058431e-02
9.63598134e-02
9.67842998e-02
9.54910292e-02
9.48864683e-02
9.74854373e-02
9.70222340e-02
9.73102959e-02
9.61998527e-02
9.79921372e-02
9.66665857e-02
9.78354870e-02
9.77486180e-02
9.74422005e-02
9.69639913e-02
9.45973825e-02
9.59220110e-02
9.80677057e-02
9.57784803e-02
9.68556453e-02
9.76339910e-02
9.79887551e-02
9.84237910e-02
9.64957875e-02
9.80678024e-02
9.67177878e-02
9.77998836e-02
9.54591130e-02
9.82004112e-02
9.78120662e-02
9.64347930e-02
9.72218591e-02
9.80369340e-02
9.63648940e-02
9.77656183e-02
9.77088882e-02
9.72202808e-02
9.54781218e-02
9.72025678e-02
9.78100087e-02
9.77816384e-02
9.56737630e-02
9.52948250e-02
9.60689704e-02
9.67304170e-02
9.81544746e-02
9.78563622e-02
9.80396430e-02
9.71944786e-02
9.73556196e-02
9.72123692e-02
9.49816012e-02
9.60911608e-02
9.65846669e-02
9.77867693e-02
9.97825690e-02
9.66360417e-02
9.72798130e-02
9.55506197e-02
9.49718746e-02
9.70178013e-02
9.59789440e-02
9.67045412e-02
9.61329292e-02
9.62318567e-02
9.67789154e-02
9.53912815e-02
9.49547508e-02
9.61407609e-02
9.58506194e-02
9.54245744e-02
9.67925332e-02
9.61125138e-02
9.47469706e-02
9.52106463e-02
9.62630177e-02
9.75191613e-02
9.53108141e-02
9.81419353e-02
9.63383605e-02
9.71725287e-02
9.73798987e-02
9.79456021e-02
9.83956299e-02
9.74151860e-02
9.60725222e-02
9.83603440e-02
9.66573145e-02
9.66370205e-02
9.73365205e-02
9.52139340e-02
9.88818614e-02
9.75065175e-02
9.50453329e-02
9.60316056e-02
9.69043769e-02
9.69715231e-02
9.57127721e-02
9.61704075e-02
9.63981499e-02
9.47928949e-02
9.69844193e-02
9.70951152e-02
9.66155365e-02
9.62145867e-02
9.63182218e-02
9.54222547e-02
9.71009701e-02
9.62435811e-02
9.77906147e-02
9.58863706e-02
9.95596001e-02
9.75937062e-02
9.66101924e-02
9.70441389e-02
9.81198398e-02
9.94531094e-02
9.56381263e-02
9.68838816e-02
9.70664250e-02
9.47824747e-02
9.57995585e-02
9.55318198e-02
9.72827687e-02
9.54119983e-02
9.79303964e-02
9.86438959e-02
9.62420609e-02
9.91843874e-02
9.76377111e-02
9.67330588e-02
9.66745948e-02
9.58891677e-02
9.82080854e-02
9.32982388e-02
9.75978207e-02
9.78134103e-02
9.78353966e-02
9.75899916e-02
9.62044049e-02
9.51658606e-02
9.62262354e-02
9.81064026e-02
9.62684750e-02
9.60966131e-02
9.66479277e-02
9.70305927e-02
9.75424931e-02
9.52751149e-02
9.80368214e-02
9.35010998e-02
9.69297136e-02
9.56868837e-02
9.85069836e-02
9.67816814e-02
9.61928561e-02
9.54181828e-02
9.52915651e-02
9.90033924e-02
9.65877188e-02
9.63469687e-02
9.58230027e-02
9.64533754e-02
9.69193601e-02
9.57850214e-02
9.84550236e-02
9.66989434e-02
9.63701209e-02
9.70716014e-02
9.75220953e-02
9.86943252e-02
9.61567000e-02
9.76230907e-02
9.49916304e-02
9.67961535e-02
9.74214560e-02
9.64691880e-02
9.42710049e-02
9.69007613e-02
9.49452779e-02
9.38850570e-02
9.53330799e-02
9.31486137e-02
9.64903321e-02
9.77936189e-02
9.69135610e-02
9.59069241e-02
9.86526004e-02
9.76037055e-02
9.73182420e-02
9.50988065e-02
9.41438371e-02
9.93947419e-02
9.91056810e-02
9.64388783e-02
9.83064449e-02
9.78437009e-02
9.66466809e-02
9.86786909e-02
9.91865182e-02
9.59203858e-02
9.47487195e-02
9.79132915e-02
9.61948819e-02
9.72707390e-02
9.54602949e-02
9.83404371e-02
9.69620376e-02
9.77332584e-02
9.35967086e-02
9.73214704e-02
9.70941339e-02
9.67718246e-02
9.45656458e-02
9.66904944e-02
9.58352470e-02
9.58346554e-02
9.60002935e-02
9.59333295e-02
9.92619884e-02
9.50873023e-02
9.73959311e-02
9.47608433e-02
9.60642830e-02
9.69559553e-02
9.71591545e-02
9.73583102e-02
9.77791180e-02
9.79242331e-02
9.86455108e-02
9.73124492e-02
9.73835010e-02
9.49576283e-02
9.60384478e-02
9.63931094e-02
9.72060747e-02
9.36823694e-02
9.68951130e-02
9.89848017e-02
9.83383663e-02
9.63667628e-02
9.72086615e-02
9.76563896e-02
9.37848497e-02
9.89626476e-02
9.47572058e-02
9.70994482e-02
9.52687350e-02
9.58893960e-02
9.84146462e-02
9.81150458e-02
9.62351583e-02
9.66527677e-02
9.69419800e-02
9.55966149e-02
9.38515339e-02
9.61329022e-02
9.64888059e-02
9.53134040e-02
9.61834837e-02
9.64008747e-02
9.63821312e-02
9.84411616e-02
9.53389445e-02
9.36410749e-02
9.60249385e-02
9.77228348e-02
9.72049570e-02
9.69193185e-02
9.75730626e-02
9.58981793e-02
9.59456052e-02
9.64348005e-02
9.42327043e-02
9.54913096e-02
9.82176888e-02
9.79594419e-02
9.83329909e-02
9.74542896e-02
9.90659799e-02
9.69565174e-02
9.92354640e-02
9.65931113e-02
9.65661525e-02
9.57795226e-02
9.66340240e-02
9.44008262e-02
9.72926391e-02
9.59071741e-02
9.70729166e-02
9.57385762e-02
9.71543280e-02
9.60262690e-02
9.53316542e-02
9.88794187e-02
9.70910663e-02
9.75367025e-02
9.67970604e-02
9.62859968e-02
9.63980221e-02
9.76555480e-02
9.74271334e-02
9.80927556e-02
9.71664223e-02
9.64976856e-02
9.60691278e-02
9.39588647e-02
9.76554110e-02
9.71314384e-02
9.65407034e-02
9.70633648e-02
9.61732754e-02
9.64802528e-02
9.69784065e-02
9.65045180e-02
9.86563229e-02
9.66174144e-02
9.89092815e-02
9.39185877e-02
9.50409377e-02
9.71530289e-02
9.73505319e-02
9.58654459e-02
9.83705427e-02
9.76896283e-02
9.62106260e-02
9.62634737e-02
9.54820337e-02
9.47467286e-02
9.48996797e-02
9.49892082e-02
9.77346181e-02
9.56196451e-02
9.86993041e-02
9.84315607e-02
9.49606924e-02
9.75788650e-02
9.58597418e-02
9.82483366e-02
9.72339383e-02
9.28716456e-02
9.46970881e-02
9.57095840e-02
9.67784742e-02
9.91862629e-02
9.55503096e-02
9.42256284e-02
9.63160747e-02
9.44156304e-02
9.60868264e-02
9.54440592e-02
9.47421484e-02
9.97345471e-02
9.66394323e-02
1.00078997e-01
9.65750908e-02
9.35325728e-02
9.85475568e-02
9.69570707e-02
9.33370229e-02
9.61019384e-02
9.69885965e-02
9.62639890e-02
9.75511859e-02
9.73901769e-02
9.77692594e-02
9.50772583e-02
9.46924562e-02
9.83658216e-02
9.70322824e-02
9.59568910e-02
9.57981011e-02
9.62577582e-02
9.82780979e-02
9.53589745e-02
9.68485328e-02
9.63689568e-02
9.65920961e-02
9.68362778e-02
9.65758470e-02
9.59947818e-02
9.71490248e-02
9.36143405e-02
9.69168295e-02
9.64313531e-02
9.57405731e-02
9.71982584e-02
9.59999270e-02
9.61339648e-02
9.78403196e-02
9.80292569e-02
9.68536348e-02
9.80395872e-02
9.58512716e-02
9.48646921e-02
9.50657330e-02
9.62642356e-02
9.65137678e-02
9.60459789e-02
9.95392554e-02
9.57732751e-02
9.74503523e-02
9.42684434e-02
9.43967144e-02
9.50146391e-02
9.66377931e-02
9.74388995e-02
9.89625454e-02
9.68033846e-02
9.56330242e-02
9.59377142e-02
9.61896743e-02
9.85707987e-02
9.49140638e-02
9.89591824e-02
9.49869239e-02
9.41361820e-02
9.66424447e-02
9.59898761e-02
9.61617489e-02
9.47561783e-02
9.75681748e-02
9.54590515e-02
9.64073928e-02
9.46747297e-02
9.69944470e-02
9.61505281e-02
9.72233043e-02
9.62453346e-02
9.50865761e-02
9.81312920e-02
9.53130658e-02
9.70935051e-02
9.68051708e-02
9.71848932e-02
9.61080480e-02
9.72655397e-02
9.65322233e-02
9.32804454e-02
9.55930587e-02
9.35030213e-02
9.63777756e-02
9.61720486e-02
9.65234391e-02
9.79216143e-02
9.77701376e-02
9.83487461e-02
9.36296688e-02
9.47459785e-02
9.80673714e-02
9.51136247e-02
9.73854618e-02
9.64092909e-02
9.42786722e-02
9.81122960e-02
9.63248446e-02
9.59662616e-02
9.79003044e-02
9.52359810e-02
9.75065211e-02
9.63231169e-02
9.95276104e-02
9.71438933e-02
9.75249151e-02
9.52496415e-02
9.82126661e-02
9.64050605e-02
9.85565988e-02
9.50143363e-02
9.84404978e-02
9.72871254e-02
9.62018499e-02
1.00960640e-01
9.90103314e-02
9.54193090e-02
9.59176987e-02
9.90567049e-02
9.46739889e-02
9.67829005e-02
9.57781426e-02
9.51316855e-02
9.68094211e-02
9.53996273e-02
9.59888362e-02
9.67307781e-02
9.66487013e-02
9.71277406e-02
9.91585981e-02
9.47535655e-02
9.54047668e-02
9.57500312e-02
9.63725645e-02
9.70069836e-02
9.68689148e-02
9.77179954e-02
9.50376637e-02
9.76275204e-02
9.71468568e-02
9.73267885e-02
9.58898810e-02
9.65356193e-02
9.72745352e-02
9.90427623e-02
9.36931039e-02
9.67202292e-02
9.70282443e-02
9.79290182e-02
9.71487009e-02
9.73833464e-02
9.97867422e-02
9.62046248e-02
9.69581300e-02
9.66483043e-02
9.66968293e-02
9.62186732e-02
9.50684449e-02
9.50471024e-02
9.65150576e-02
9.43660754e-02
9.75647643e-02
9.37258095e-02
9.74863477e-02
9.63078084e-02
9.72613339e-02
9.57731419e-02
9.67236426e-02
9.55127112e-02
9.69017850e-02
9.52802522e-02
9.73786950e-02
9.65254978e-02
9.64435793e-02
9.30349004e-02
9.44127963e-02
9.72169810e-02
9.69875507e-02
9.67051383e-02
9.55150906e-02
9.63772210e-02
9.74964275e-02
9.54552451e-02
9.69347209e-02
9.34784238e-02
9.59284107e-02
9.51277509e-02
9.57087191e-02
9.73190332e-02
9.43950567e-02
9.58653804e-02
9.78096366e-02
9.85090474e-02
9.43811015e-02
9.75861163e-02
9.66866774e-02
9.82642313e-02
9.75367750e-02
9.82997582e-02
9.57927030e-02
9.39785869e-02
9.52698287e-02
9.67109218e-02
9.41703015e-02
9.38825960e-02
9.69764692e-02
9.54210429e-02
9.57482129e-02
9.67341686e-02
9.79336354e-02
9.70781947e-02
9.57527100e-02
9.47331301e-02
9.76417733e-02
9.55218034e-02
9.58083848e-02
9.62781446e-02
9.56759507e-02
9.60475257e-02
9.69659237e-02
9.50305250e-02
9.71240051e-02
9.52573137e-02
9.72219954e-02
9.64841265e-02
9.86376041e-02
9.65496669e-02
9.69281292e-02
9.76637070e-02
9.59426948e-02
9.58831150e-02
9.45613284e-02
9.77986833e-02
9.52424378e-02
9.71626845e-02
9.48809354e-02
9.74191446e-02
9.84041632e-02
9.80825743e-02
9.82424576e-02
9.74508166e-02
9.60871960e-02
9.76168164e-02
9.67297925e-02
9.51818315e-02
9.58060504e-02
9.57158495e-02
9.79244881e-02
9.72371112e-02
9.69189377e-02
9.87882117e-02
9.54942684e-02
9.52053540e-02
9.77220790e-02
9.41298972e-02
9.63638407e-02
9.82640155e-02
9.67059285e-02
9.52360576e-02
9.49476096e-02
9.61708037e-02
9.59704069e-02
9.60143019e-02
9.64825996e-02
9.55013382e-02
9.73806344e-02
9.50721394e-02
9.46619322e-02
9.56521159e-02
9.55537851e-02
9.64255039e-02
9.67666022e-02
9.72716005e-02
9.52327378e-02
9.67353814e-02
9.59807039e-02
9.75988272e-02
9.63219936e-02
9.68456378e-02
9.66003682e-02
9.84214462e-02
9.73670726e-02
9.39096909e-02
9.52281332e-02
9.37911723e-02
9.58429322e-02
9.43964251e-02
9.55446656e-02
9.69990387e-02
9.60021461e-02
9.53589100e-02
9.80486042e-02
9.88036933e-02
9.47335056e-02
9.68626466e-02
9.61367261e-02
9.62178736e-02
9.81510904e-02
9.53861914e-02
9.84503636e-02
9.67649193e-02
9.70118349e-02
9.68427769e-02
9.93721616e-02
9.75659475e-02
9.77836462e-02
9.68918410e-02
9.70079694e-02
9.53608070e-02
9.45257011e-02
9.52906858e-02
9.60288554e-02
9.54691746e-02
9.88075971e-02
9.74642627e-02
9.59739979e-02
9.66957344e-02
9.58761499e-02
9.79744941e-02
9.57664465e-02
9.63106421e-02
9.69495434e-02
9.71649453e-02
9.85038880e-02
9.82379193e-02
9.91271870e-02
9.50176058e-02
9.59456786e-02
9.42805691e-02
9.55298310e-02
9.65639391e-02
9.62953413e-02
9.61861308e-02
9.60567662e-02
9.63160887e-02
9.98754882e-02
9.81353052e-02
9.56852191e-02
9.79079911e-02
1.00408139e-01
9.74853021e-02
9.58617478e-02
9.96497254e-02
9.60827062e-02
9.69802868e-02
9.80216891e-02
9.66216016e-02
9.68817453e-02
9.53057591e-02
9.48120383e-02
9.45367535e-02
9.58450323e-02
9.41728868e-02
9.91621849e-02
9.47708583e-02
9.88852954e-02
9.66733841e-02
9.51627616e-02
9.72890459e-02
9.73297023e-02
9.74046176e-02
9.71088503e-02
9.24568144e-02
9.49104860e-02
9.44191344e-02
9.85858073e-02
9.74147416e-02
9.37167756e-02
9.62788856e-02
9.74485116e-02
9.69399018e-02
9.61366517e-02
9.58955951e-02
9.76006826e-02
9.60028400e-02
9.90608289e-02
9.80286341e-02
9.59678286e-02
9.53952665e-02
9.48503536e-02
9.48713314e-02
9.70506679e-02
9.61557179e-02
9.70940969e-02
9.62592824e-02
9.71705226e-02
9.72176537e-02
1.00138719e-01
9.62267314e-02
9.79594445e-02
9.56764384e-02
9.62420899e-02
9.78021815e-02
9.85511513e-02
9.64860375e-02
9.52921127e-02
9.65553895e-02
9.54505828e-02
9.74017992e-02
9.78893135e-02
9.78370981e-02
9.57166542e-02
9.49074042e-02
9.78221031e-02
9.87483582e-02
9.74811524e-02
9.58636698e-02
9.60719392e-02
9.34837083e-02
9.78948754e-02
9.70218496e-02
9.46339672e-02
9.57784798e-02
9.86007894e-02
9.56508476e-02
9.84143026e-02
9.65500354e-02
9.68669335e-02
9.57453753e-02
1.01112831e-01
9.81596123e-02
9.61303372e-02
9.65981651e-02
9.58792672e-02
9.70918788e-02
9.56658397e-02
9.64232752e-02
9.54810049e-02
9.98117516e-02
9.79405208e-02
9.71778297e-02
9.59035293e-02
9.85459382e-02
9.45959996e-02
9.57338436e-02
9.67252300e-02
9.78326920e-02
9.64511923e-02
9.54329100e-02
9.66685194e-02
9.67461674e-02
9.72885318e-02
9.63517790e-02
9.56814997e-02
9.51417083e-02
9.61903267e-02
9.53376115e-02
9.61116080e-02
9.58768059e-02
9.70741404e-02
9.72522984e-02
9.73991978e-02
9.75481954e-02
9.66097666e-02
9.40375976e-02
9.55868467e-02
9.58825806e-02
9.62165148e-02
9.72732641e-02
9.68831037e-02
9.69808321e-02
9.72465695e-02
9.79297957e-02
9.71865354e-02
9.72481509e-02
9.53501253e-02
9.69066621e-02
9.71380677e-02
9.78840124e-02
9.79871390e-02
9.77972282e-02
9.59348242e-02
9.50489304e-02
9.80373072e-02
9.63789622e-02
9.60003948e-02
9.61142236e-02
9.56186243e-02
9.77313507e-02
9.57496169e-02
9.67790377e-02
9.57688203e-02
9.53766235e-02
9.62476034e-02
9.68807789e-02
9.74396522e-02
9.44375982e-02
9.46119919e-02
9.62582597e-02
9.44084210e-02
9.70778548e-02
9.73269933e-02
9.54264036e-02
9.78623342e-02
9.71740640e-02
9.52454433e-02
9.70923177e-02
9.61970377e-02
9.80373008e-02
9.53165739e-02
9.76862701e-02
9.46170869e-02
9.82078847e-02
9.64818201e-02
9.48455386e-02
9.78862747e-02
9.62493980e-02
9.71302769e-02
9.48336526e-02
9.45209347e-02
9.69741770e-02
9.69057058e-02
9.72595040e-02
9.43912017e-02
9.50649516e-02
9.39194559e-02
9.80538915e-02
9.83050734e-02
9.86458371e-02
9.91034839e-02
9.67098583e-02
9.76658496e-02
9.54452841e-02
9.55444672e-02
9.87065595e-02
9.59450285e-02
9.53107960e-02
9.59091668e-02
9.73797434e-02
9.68836523e-02
9.65470885e-02
9.61246663e-02
9.69462834e-02
9.51818099e-02
9.57010493e-02
9.71541954e-02
9.73345273e-02
9.71320857e-02
9.54141787e-02
9.63392960e-02
9.68543121e-02
9.65282980e-02
9.81260613e-02
9.48016429e-02
9.54076058e-02
9.63864686e-02
9.57404725e-02
9.63560992e-02
9.77029822e-02
9.70926195e-02
9.55589765e-02
9.83888365e-02
9.83351922e-02
9.82559441e-02
9.52973800e-02
9.71936284e-02
9.65033249e-02
9.68068561e-02
9.66984852e-02
9.67617327e-02
9.79395376e-02
9.54291463e-02
9.79429322e-02
9.61946423e-02
9.63658043e-02
9.65564620e-02
9.62301292e-02
9.61979665e-02
9.61030230e-02
9.79484939e-02
9.54996218e-02
9.75856587e-02
9.45922809e-02
9.59384055e-02
9.51321203e-02
9.62228111e-02
9.42699019e-02
9.88776682e-02
9.59157826e-02
9.69804121e-02
9.89148543e-02
9.69628442e-02
9.57928213e-02
9.48967663e-02
9.51330778e-02
9.61084917e-02
9.92796908e-02
9.54976078e-02
9.71430420e-02
9.67617877e-02
9.59865289e-02
9.53278494e-02
9.72034843e-02
9.65591757e-02
9.70828814e-02
9.89680061e-02
9.73033173e-02
9.46147775e-02
9.46537079e-02
9.54871043e-02
9.44492465e-02
9.81844142e-02
9.62595012e-02
9.66080661e-02
9.68619289e-02
9.63112782e-02
9.68178427e-02
9.63583342e-02
9.69675130e-02
9.59337975e-02
9.51580479e-02
9.78186984e-02
9.72403143e-02
9.46917017e-02
9.86049162e-02
9.52460147e-02
9.66646478e-02
9.55729856e-02
9.65236331e-02
9.73500363e-02
9.70399565e-02
9.59976177e-02
9.63936516e-02
9.88239399e-02
9.28084636e-02
9.59408158e-02
9.77159562e-02
9.61672646e-02
9.87403396e-02
9.53946234e-02
9.66357546e-02
9.69288274e-02
9.83032721e-02
9.52678513e-02
9.85334653e-02
9.48475178e-02
9.53710450e-02
9.68990458e-02
9.50053842e-02
9.55669610e-02
9.40305904e-02
9.74434839e-02
9.53716273e-02
9.62682236e-02
9.75221512e-02
9.88815924e-02
9.68110906e-02
9.65419945e-02
9.63464697e-02
9.79844837e-02
9.67929951e-02
9.69249361e-02
9.52500052e-02
9.52572121e-02
9.58813966e-02
9.70531578e-02
9.67456382e-02
9.59401036e-02
9.84088707e-02
9.74746926e-02
9.77866750e-02
9.55714563e-02
9.91731642e-02
9.70544048e-02
9.69562769e-02
9.50941009e-02
9.89505998e-02
9.49192406e-02
9.78583294e-02
9.69765910e-02
9.55347971e-02
9.60935575e-02
9.64662666e-02
9.66770590e-02
9.79380593e-02
1.00289680e-01
9.67120023e-02
9.61947686e-02
9.79772677e-02
9.77925377e-02
9.51991540e-02
9.48445024e-02
9.64346605e-02
9.63998836e-02
9.57753160e-02
9.67406458e-02
9.87226518e-02
9.87183977e-02
9.69835492e-02
9.49058774e-02
9.55485860e-02
9.59880561e-02
9.61414154e-02
9.73407385e-02
9.55231316e-02
9.58690554e-02
9.68805551e-02
9.47377309e-02
9.69569153e-02
9.69253856e-02
9.59255408e-02
9.52683564e-02
9.65388032e-02
9.59100597e-02
9.56919838e-02
9.72360350e-02
9.61400059e-02
9.73704537e-02
9.87915921e-02
9.45129337e-02
9.65968882e-02
9.65957391e-02
9.70666660e-02
9.58422043e-02
9.68249714e-02
9.68183283e-02
9.54608338e-02
9.66673923e-02
9.52618479e-02
9.61610050e-02
9.60191779e-02
9.78131147e-02
9.79320312e-02
9.73881131e-02
9.72613296e-02
9.54412330e-02
9.67050680e-02
9.71277177e-02
9.74602656e-02
9.58163914e-02
9.94917037e-02
9.68763458e-02
9.38190210e-02
9.79551116e-02
9.78441946e-02
9.48204994e-02
9.34746303e-02
9.77988201e-02
9.81926310e-02
9.64787405e-02
9.64238056e-02
9.60093076e-02
9.73923801e-02
9.56040029e-02
9.57509232e-02
9.66765031e-02
9.66506859e-02
9.64070238e-02
9.67728344e-02
9.55248644e-02
9.51816407e-02
9.69002531e-02
9.77183621e-02
9.64228108e-02
9.65806290e-02
9.76880438e-02
9.76249227e-02
9.72126632e-02
9.40985791e-02
9.66319656e-02
9.47616597e-02
9.48495103e-02
9.46175580e-02
9.74461661e-02
9.65415796e-02
9.55558099e-02
9.65514574e-02
9.69353771e-02
9.63249974e-02
9.82985549e-02
9.62965988e-02
9.59209006e-02
9.60910835e-02
9.57148735e-02
9.77394450e-02
9.75909882e-02
9.83384529e-02
9.70581246e-02
9.70259915e-02
1.00221945e-01
9.56501800e-02
9.85818081e-02
9.57551168e-02
9.65193355e-02
9.49906813e-02
9.86204572e-02
9.79220387e-02
9.78900009e-02
9.58141872e-02
9.79406729e-02
9.67629463e-02
9.58304610e-02
9.46426027e-02
9.90774729e-02
9.80523443e-02
9.54300104e-02
9.69369807e-02
9.78461145e-02
9.65534379e-02
9.56638376e-02
9.58832029e-02
9.79608204e-02
9.51923408e-02
9.45749357e-02
9.70723696e-02
9.75231534e-02
9.78791154e-02
9.94634112e-02
9.54163561e-02
9.59184644e-02
9.82284890e-02
9.58918958e-02
9.34126707e-02
9.71283319e-02
9.50746374e-02
9.55235887e-02
9.75938369e-02
9.75876529e-02
9.83942726e-02
9.67429012e-02
9.66808440e-02
9.57180048e-02
9.67847954e-02
9.63665037e-02
9.67902299e-02
9.85813675e-02
9.72244380e-02
9.67630086e-02
9.69632050e-02
9.74583085e-02
9.61037963e-02
9.68248368e-02
9.83543887e-02
9.69776853e-02
9.91984862e-02
9.61085124e-02
9.61807872e-02
9.82549032e-02
9.64230275e-02
9.87032369e-02
9.68934585e-02
9.70253624e-02
9.67420701e-02
9.55885179e-02
9.65688510e-02
9.71177819e-02
9.81163588e-02
9.77334420e-02
9.84198909e-02
9.81348661e-02
9.51563322e-02
9.75925637e-02
9.78842070e-02
1.00071830e-01
9.66228606e-02
9.63948068e-02
9.78540273e-02
9.80492512e-02
9.65684544e-02
9.71916115e-02
9.70466752e-02
9.55635556e-02
9.71345938e-02
9.64193489e-02
9.67820819e-02
9.61729399e-02
9.66868079e-02
9.75081538e-02
9.65873230e-02
9.52562143e-02
9.76158784e-02
9.64132156e-02
9.77156158e-02
9.79426378e-02
9.70164612e-02
9.76850933e-02
9.66672986e-02
9.81702466e-02
9.73418144e-02
9.86698440e-02
9.47441732e-02
9.69399007e-02
9.56473416e-02
9.42022099e-02
9.68455431e-02
9.62318559e-02
9.61599466e-02
9.55371330e-02
9.76400295e-02
9.81137347e-02
9.49258978e-02
9.52138749e-02
9.78924096e-02
9.82469358e-02
9.69349881e-02
9.69162147e-02
9.57260864e-02
9.96179541e-02
9.75621922e-02
9.68451748e-02
9.62786752e-02
9.81498029e-02
9.66011196e-02
9.67933276e-02
9.72033108e-02
9.51685334e-02
9.55849834e-02
9.70329281e-02
9.76091563e-02
9.71475469e-02
9.84652625e-02
9.50900804e-02
9.59929380e-02
9.68540921e-02
9.72505164e-02
9.57982074e-02
9.61849806e-02
9.44670081e-02
9.70182632e-02
9.46278194e-02
9.78876322e-02
9.87938060e-02
9.40470738e-02
9.44581770e-02
9.81510765e-02
9.61746497e-02
9.65425081e-02
9.72208672e-02
9.59958908e-02
9.59211122e-02
9.71929972e-02
9.43186186e-02
9.51485081e-02
9.57534804e-02
9.96410475e-02
9.72783989e-02
9.72050570e-02
9.78054866e-02
9.73829201e-02
9.62013270e-02
9.53542682e-02
9.71052034e-02
9.57073487e-02
9.57472757e-02
9.56918747e-02
9.75512100e-02
9.44540530e-02
9.62255577e-02
9.72068234e-02
9.71145973e-02
9.41011237e-02
9.57697721e-02
9.75049620e-02
9.83284897e-02
9.66487935e-02
9.77263436e-02
9.87796714e-02
9.69585419e-02
9.66421292e-02
9.61040557e-02
9.70083783e-02
9.54207345e-02
9.84821966e-02
9.74321802e-02
9.69534721e-02
9.73663521e-02
9.73601902e-02
9.75703242e-02
9.78427036e-02
9.80931635e-02
9.91216108e-02
9.53253464e-02
9.44241702e-02
9.68258922e-02
9.72547513e-02
9.45174195e-02
9.62972911e-02
9.59437876e-02
9.65754345e-02
9.57185251e-02
1.00303946e-01
9.61286434e-02
9.56325389e-02
9.58260384e-02
9.62632358e-02
9.57027263e-02
9.74320753e-02
9.66903355e-02
9.56792204e-02
9.56494403e-02
9.71204141e-02
9.84694878e-02
9.47048060e-02
9.80889739e-02
9.45246027e-02
9.77657019e-02
9.67828512e-02
9.80736822e-02
9.44466671e-02
9.52571682e-02
9.66569007e-02
9.48466584e-02
9.76615404e-02
9.53940025e-02
9.48612553e-02
9.58484157e-02
9.42296789e-02
9.72640367e-02
9.61684050e-02
9.72936605e-02
9.68421891e-02
9.68642546e-02
9.67978714e-02
9.47485136e-02
9.46684161e-02
9.59653226e-02
1.00593942e-01
9.70556987e-02
9.79009652e-02
9.54727018e-02
9.77230325e-02
9.71023099e-02
9.58510481e-02
9.74168753e-02
9.47750240e-02
9.72406656e-02
9.63906263e-02
9.46857672e-02
9.77380370e-02
9.81794029e-02
9.68438986e-02
9.55125724e-02
9.90611053e-02
9.51230537e-02
9.75221163e-02
9.75445128e-02
9.50784758e-02
9.69527729e-02
9.72177343e-02
9.72707227e-02
9.63346130e-02
9.54789277e-02
9.84413321e-02
9.76134811e-02
9.42550055e-02
9.78539348e-02
9.63483612e-02
9.81141040e-02
9.65717118e-02
9.59062065e-02
9.54042006e-02
9.65903807e-02
9.55005724e-02
9.76408222e-02
9.86133635e-02
9.44074916e-02
9.53528249e-02
9.63255318e-02
9.48545035e-02
9.85654202e-02
9.67271764e-02
9.50692469e-02
9.70664117e-02
9.49070530e-02
9.65890699e-02
9.59341663e-02
9.57663655e-02
9.46828727e-02
9.66108773e-02
9.79244864e-02
9.56740938e-02
9.54399040e-02
9.50709350e-02
9.55759740e-02
9.74178526e-02
9.68978526e-02
9.69275560e-02
9.74396940e-02
9.84745005e-02
9.67837641e-02
9.48230400e-02
9.51752025e-02
9.83873583e-02
9.63116060e-02
9.90517675e-02
9.65965247e-02
9.78589129e-02
9.59884887e-02
9.85230215e-02
9.70119836e-02
9.53929303e-02
9.75792027e-02
9.62023549e-02
9.88548491e-02
9.70377919e-02
9.56380225e-02
9.80391638e-02
9.45068587e-02
9.76200159e-02
9.65896195e-02
9.35954685e-02
9.73677559e-02
9.66436160e-02
9.67295734e-02
9.59376918e-02
9.69274300e-02
9.76801500e-02
9.83804071e-02
9.70007352e-02
9.64512835e-02
9.56602616e-02
9.79957645e-02
9.68143142e-02
9.46039746e-02
9.68609844e-02
9.44066443e-02
9.53233051e-02
9.72829741e-02
9.58523904e-02
9.63797307e-02
9.79845398e-02
9.71983929e-02
9.72390159e-02
9.72060798e-02
9.62609259e-02
9.51524194e-02
9.69155349e-02
9.69625300e-02
9.69506994e-02
9.69541750e-02
9.51914194e-02
9.60023033e-02
9.76277417e-02
9.33256185e-02
9.75062164e-02
9.70290544e-02
9.77747342e-02
9.51813870e-02
9.72443549e-02
9.87073361e-02
9.57290543e-02
9.52621470e-02
9.68957222e-02
9.81940170e-02
9.70181381e-02
9.55368192e-02
9.99393857e-02
9.75981651e-02
9.72828934e-02
9.55251272e-02
9.80756310e-02
9.77753310e-02
9.63717623e-02
9.65434245e-02
9.64601079e-02
9.51847521e-02
9.53287373e-02
9.47922701e-02
9.62773942e-02
9.64941092e-02
9.60003925e-02
9.60691197e-02
9.62583628e-02
9.70411410e-02
9.57625724e-02
9.57330664e-02
9.59753839e-02
9.54133096e-02
9.68478894e-02
9.45886763e-02
9.78885308e-02
9.61229152e-02
9.56289860e-02
9.72198182e-02
9.76094493e-02
9.95152055e-02
9.68059359e-02
9.70177175e-02
9.66526234e-02
9.61399641e-02
9.59180562e-02
9.74089490e-02
9.69970935e-02
9.52036958e-02
9.58816936e-02
9.68470158e-02
9.38720562e-02
9.74625396e-02
9.72548676e-02
9.65240663e-02
9.34645023e-02
9.66814236e-02
9.41564270e-02
9.50725603e-02
9.66768369e-02
9.63403599e-02
9.63451531e-02
9.56172061e-02
9.62435388e-02
9.63278656e-02
9.67657273e-02
9.68870871e-02
9.62754078e-02
9.52522964e-02
9.70771184e-02
9.94791046e-02
9.82407851e-02
9.43945696e-02
9.59224105e-02
9.84685429e-02
9.70708442e-02
9.56198804e-02
9.51577289e-02
9.39926708e-02
9.61453899e-02
9.58164655e-02
9.49950225e-02
9.86880021e-02
9.51217003e-02
9.47480804e-02
9.57682782e-02
9.62823745e-02
9.54799816e-02
9.61183230e-02
9.56342798e-02
9.48106110e-02
9.76977854e-02
9.69318582e-02
9.69343707e-02
9.63819310e-02
9.92486236e-02
9.72249286e-02
9.75074711e-02
9.67515292e-02
9.64943582e-02
9.81041659e-02
9.73426035e-02
9.71714120e-02
9.58443884e-02
9.60613990e-02
9.59151469e-02
9.60743720e-02
9.72457077e-02
9.69945801e-02
9.79780359e-02
9.44390849e-02
9.66489820e-02
9.74081690e-02
9.59977586e-02
9.63327536e-02
9.87977924e-02
9.49724092e-02
9.60005927e-02
9.78446855e-02
9.71744290e-02
9.65880948e-02
9.84652667e-02
9.62423749e-02
9.69993384e-02
9.54316587e-02
9.75124601e-02
9.64164691e-02
9.60638628e-02
9.76350609e-02
9.69350398e-02
9.42619828e-02
9.41651104e-02
9.66072771e-02
9.70980032e-02
9.84116867e-02
9.54007233e-02
9.51362764e-02
9.58164384e-02
9.85095530e-02
9.51947122e-02
9.76995946e-02
9.74935923e-02
9.66776627e-02
9.32534393e-02
9.77303480e-02
9.57568049e-02
9.54741020e-02
9.67204326e-02
9.73127194e-02
9.73694227e-02
9.59555700e-02
9.64836406e-02
9.67452435e-02
9.79348408e-02
9.57688012e-02
9.64355888e-02
9.76071706e-02
9.52570221e-02
9.87602407e-02
9.65995390e-02
9.70580589e-02
9.52995075e-02
9.80462161e-02
9.71229670e-02
9.58807408e-02
9.39853455e-02
9.72683348e-02
9.94844440e-02
9.71437021e-02
9.75296858e-02
9.70309877e-02
9.55177025e-02
9.64993066e-02
9.52914530e-02
9.70565933e-02
9.84796972e-02
9.50844737e-02
9.77315983e-02
9.51400611e-02
9.54511246e-02
9.57662881e-02
9.60690276e-02
9.82932699e-02
9.86895333e-02
9.63137611e-02
9.38659988e-02
9.56782295e-02
9.63905087e-02
9.67648502e-02
9.68718507e-02
9.75964766e-02
9.58245029e-02
9.99214503e-02
9.84792628e-02
9.67451788e-02
9.84850606e-02
9.74090153e-02
9.78763656e-02
9.95840134e-02
9.49237674e-02
9.59139515e-02
9.60332626e-02
9.93471668e-02
9.60855419e-02
9.74667867e-02
9.57792245e-02
9.60069251e-02
9.54907719e-02
9.83403553e-02
9.92378440e-02
9.80409899e-02
9.61503427e-02
9.53448003e-02
9.63312625e-02
9.60152667e-02
9.54365396e-02
9.40504187e-02
9.59379514e-02
9.71342007e-02
9.51788121e-02
9.77032592e-02
9.82315939e-02
9.73962583e-02
9.42190338e-02
9.70810801e-02
9.61775834e-02
9.80442435e-02
9.71360046e-02
9.54525974e-02
9.79317697e-02
9.87311617e-02
9.83705263e-02
9.80284639e-02
9.51099238e-02
9.66081879e-02
9.62128890e-02
9.68773100e-02
9.48199597e-02
9.77837284e-02
9.62800689e-02
9.54888856e-02
9.71442417e-02
9.90856805e-02
9.53380406e-02
9.59190146e-02
9.56864078e-02
9.65611305e-02
9.89007619e-02
9.49985464e-02
9.57809377e-02
9.90739963e-02
9.63093097e-02
9.62919445e-02
9.49506300e-02
9.39716829e-02
9.74529694e-02
9.88065295e-02
9.80575543e-02
9.58452624e-02
9.40678712e-02
9.94966150e-02
9.56838292e-02
9.61573533e-02
9.73669188e-02
9.48752838e-02
9.77783384e-02
9.75933149e-02
9.50102787e-02
9.54784861e-02
9.67815066e-02
9.56522544e-02
9.89356787e-02
9.59830653e-02
9.49124898e-02
9.60512849e-02
9.63166365e-02
9.86093718e-02
9.52616125e-02
9.61955137e-02
9.76995052e-02
9.86403218e-02
9.56203890e-02
9.76793260e-02
9.69754338e-02
9.63658162e-02
9.60341741e-02
9.60459969e-02
9.51213493e-02
9.69115739e-02
9.61768334e-02
9.67172799e-02
9.81856469e-02
9.58960985e-02
9.78573126e-02
9.68356310e-02
9.75385280e-02
9.70116617e-02
9.61098894e-02
9.58863031e-02
9.78861134e-02
9.73754793e-02
9.59422773e-02
9.37134415e-02
9.57062660e-02
9.74658936e-02
9.59880866e-02
9.77802649e-02
9.86636006e-02
9.65345987e-02
9.75320977e-02
9.53862005e-02
9.64384387e-02
9.67504204e-02
9.38007039e-02
9.66985001e-02
9.71015236e-02
9.78690007e-02
9.71518242e-02
9.72878292e-02
9.49868577e-02
9.77995854e-02
9.66026683e-02
9.58689104e-02
9.81877304e-02
9.68320056e-02
9.43128518e-02
9.58773190e-02
9.73240005e-02
9.64926404e-02
9.72712346e-02
9.42929820e-02
9.83289156e-02
9.70259514e-02
9.63491793e-02
9.54550987e-02
9.63082412e-02
9.78867633e-02
9.74578221e-02
9.59718748e-02
9.47623963e-02
9.80307043e-02
9.45429320e-02
9.56472695e-02
9.76374201e-02
9.58917879e-02
9.71098755e-02
9.72148327e-02
9.64964289e-02
9.39407441e-02
9.91121981e-02
9.56789296e-02
9.79529197e-02
9.59777665e-02
9.47329793e-02
9.78280972e-02
9.56328100e-02
9.50944795e-02
9.44055812e-02
9.72036903e-02
9.50476454e-02
9.73327507e-02
9.46876977e-02
9.75137602e-02
9.75953791e-02
9.44265851e-02
9.68335361e-02
9.80526810e-02
9.67802433e-02
9.88007372e-02
9.76689289e-02
9.75448617e-02
9.51159383e-02
9.66829436e-02
9.51886271e-02
9.88048688e-02
9.79019510e-02
9.63014733e-02
9.67613183e-02
9.55122658e-02
9.66889777e-02
9.62825058e-02
9.72207295e-02
9.47954320e-02
9.53030555e-02
9.72745007e-02
9.46786331e-02
9.60724763e-02
9.78632725e-02
9.58260276e-02
9.48792862e-02
9.87850040e-02
9.91681879e-02
9.69888502e-02
9.89453505e-02
9.71165953e-02
9.85885046e-02
9.51220087e-02
9.80311867e-02
9.56919466e-02
9.73021311e-02
9.55642403e-02
9.82439128e-02
9.58379768e-02
9.64473861e-02
9.68983423e-02
9.86547595e-02
9.44543572e-02
9.68894419e-02
9.59955285e-02
9.82452347e-02
9.71990884e-02
9.85048528e-02
9.71949011e-02
9.59890589e-02
9.58477225e-02
9.64636443e-02
9.59268491e-02
9.75347934e-02
9.60529727e-02
9.68076792e-02
9.92129324e-02
9.62727430e-02
9.39716701e-02
9.64974743e-02
9.65259247e-02
9.62700503e-02
9.98393041e-02
9.67557869e-02
9.79445040e-02
9.63866828e-02
9.58819143e-02
9.60500000e-02
9.65941871e-02
9.87594826e-02
9.52296973e-02
9.81547761e-02
9.52724650e-02
9.63805498e-02
9.73008777e-02
9.68083865e-02
9.68344907e-02
9.61101856e-02
9.75528002e-02
9.68866759e-02
9.42506847e-02
9.69629992e-02
9.57489696e-02
9.69716230e-02
9.49985751e-02
9.62250352e-02
9.64549736e-02
9.62684652e-02
9.60853767e-02
9.62915990e-02
9.64898389e-02
9.64254238e-02
9.74094386e-02
9.54565635e-02
9.74584505e-02
9.67155043e-02
9.64555334e-02
9.73145028e-02
9.77539835e-02
9.70676602e-02
9.64667478e-02
9.62137783e-02
9.63099431e-02
9.69305683e-02
9.57370676e-02
9.62640858e-02
9.41797680e-02
9.57085077e-02
9.70379744e-02
9.58559157e-02
9.79703699e-02
9.74599055e-02
9.71653521e-02
9.61815859e-02
9.62131675e-02
9.80083412e-02
9.49047488e-02
9.78529316e-02
9.58974768e-02
9.66426316e-02
9.67917701e-02
9.54341683e-02
9.68822895e-02
9.49083637e-02
9.63782035e-02
9.79810497e-02
9.63296583e-02
9.69700472e-02
9.81679563e-02
9.49853442e-02
9.67885798e-02
9.71041444e-02
9.81443816e-02
9.70857496e-02
9.42688120e-02
9.55827177e-02
9.85472518e-02
9.77384553e-02
9.66702333e-02
9.69003120e-02
9.59926290e-02
9.76476404e-02
9.71795763e-02
9.70064340e-02
9.53459265e-02
9.73953815e-02
9.82576299e-02
9.45300780e-02
9.45756581e-02
9.88095066e-02
9.61687368e-02
1.00227938e-01
9.80065164e-02
9.73749176e-02
9.86204229e-02
9.60672929e-02
9.55948236e-02
9.64332864e-02
9.81851356e-02
9.63585788e-02
9.68702363e-02
9.70791227e-02
9.69951274e-02
9.63538568e-02
9.65907483e-02
9.71623395e-02
9.62854369e-02
9.61144959e-02
9.69377660e-02
9.51175049e-02
9.92760427e-02
9.64211169e-02
9.86316940e-02
9.74522647e-02
9.60101055e-02
9.64214405e-02
9.53413696e-02
9.68631540e-02
9.85982568e-02
9.59263705e-02
9.70143394e-02
9.58034439e-02
9.56741052e-02
9.78202360e-02
9.52223149e-02
9.56056133e-02
9.45707303e-02
9.49010909e-02
9.70290425e-02
9.76102501e-02
9.49889312e-02
9.98943587e-02
9.87520238e-02
9.71047832e-02
9.73845082e-02
9.50633038e-02
9.74051551e-02
9.74261993e-02
9.82414823e-02
9.66900503e-02
9.54509646e-02
9.40719212e-02
9.77408803e-02
9.54703113e-02
9.75853743e-02
9.49931267e-02
9.57017063e-02
9.71089378e-02
9.79307525e-02
9.68955116e-02
9.79907701e-02
9.70253359e-02
9.72824944e-02
9.49368992e-02
9.67654396e-02
9.78990057e-02
9.49998292e-02
9.59668237e-02
9.60929080e-02
9.47249783e-02
9.73061439e-02
9.70034488e-02
9.68557220e-02
9.74267066e-02
9.64959182e-02
9.60641670e-02
9.72602487e-02
9.60725853e-02
9.60293148e-02
9.87717585e-02
9.72524131e-02
9.89330840e-02
9.65489844e-02
9.86072461e-02
9.63827065e-02
9.81391467e-02
9.58379550e-02
9.64741782e-02
9.71864008e-02
9.77837337e-02
9.77039460e-02
9.66584788e-02
9.62571138e-02
9.55007321e-02
9.84545553e-02
9.59006511e-02
9.58800146e-02
9.68755680e-02
9.48029522e-02
9.58089271e-02
9.42900907e-02
9.46301315e-02
9.66440197e-02
9.63636387e-02
9.45817060e-02
9.75948356e-02
9.62200208e-02
9.74188153e-02
9.66432570e-02
9.73161343e-02
9.66858072e-02
9.62300028e-02
9.56706559e-02
9.74465579e-02
9.53105581e-02
9.70629851e-02
9.48617621e-02
9.56688681e-02
9.44950269e-02
9.76551426e-02
9.76464042e-02
9.77002086e-02
9.80133632e-02
9.66232194e-02
9.67615390e-02
9.62582292e-02
9.76582695e-02
9.52939195e-02
9.69589304e-02
9.81276276e-02
9.68714475e-02
9.78591664e-02
9.62889936e-02
9.48170135e-02
9.67999786e-02
9.60702877e-02
9.90775370e-02
9.66414016e-02
9.83133535e-02
9.47889387e-02
9.65900303e-02
9.43435128e-02
9.68535150e-02
9.61324520e-02
9.59957384e-02
9.58799182e-02
9.81936988e-02
9.67025736e-02
9.55163448e-02
9.51664254e-02
9.86078305e-02
9.76503339e-02
9.62028678e-02
9.75392873e-02
9.66205424e-02
9.65094075e-02
9.81421939e-02
9.44748714e-02
9.73248054e-02
9.55826553e-02
9.46522310e-02
9.60995126e-02
9.59264572e-02
9.60400763e-02
9.75336260e-02
9.47753417e-02
9.64207947e-02
9.47491283e-02
9.89718390e-02
9.48771529e-02
9.61083993e-02
9.72091537e-02
9.77729039e-02
9.53370863e-02
9.69363475e-02
9.91608743e-02
9.59785591e-02
9.69270446e-02
9.68006779e-02
9.51161988e-02
9.63790889e-02
9.73645152e-02
9.54076087e-02
9.52967090e-02
9.58509500e-02
9.73825136e-02
9.55276543e-02
9.57816751e-02
9.61693833e-02
9.71854014e-02
9.70223099e-02
9.55057369e-02
9.40581224e-02
1.00254729e-01
9.74882312e-02
9.81852111e-02
9.55401402e-02
9.62257628e-02
9.62677912e-02
9.72183694e-02
9.71919505e-02
9.48164629e-02
9.72299686e-02
9.38690129e-02
9.74079458e-02
9.67021335e-02
9.66035863e-02
9.63805571e-02
9.55412374e-02
9.53885889e-02
9.37158906e-02
9.80731176e-02
9.65774159e-02
9.96060266e-02
9.59494225e-02
9.68498629e-02
9.66363635e-02
9.52891111e-02
9.40466091e-02
9.73591122e-02
9.77509704e-02
9.79723992e-02
9.49854023e-02
9.71432848e-02
9.67258512e-02
9.72839865e-02
9.63684781e-02
9.64472788e-02
9.77390540e-02
9.50803706e-02
9.77165357e-02
9.64139813e-02
9.67986414e-02
9.75729126e-02
9.81102261e-02
9.59099043e-02
9.51300798e-02
9.55290549e-02
9.65733407e-02
9.63502174e-02
9.60648818e-02
9.53606405e-02
9.69172179e-02
9.51484620e-02
9.68914053e-02
9.77673647e-02
9.71179183e-02
9.59913782e-02
9.89313000e-02
9.61310067e-02
9.88399387e-02
9.62950251e-02
9.80358826e-02
9.71744770e-02
9.68687814e-02
9.68201637e-02
9.56394965e-02
9.80745495e-02
9.70919416e-02
9.63269655e-02
9.70671111e-02
9.83448570e-02
9.68699577e-02
9.41863116e-02
9.56539493e-02
9.71071936e-02
9.69363441e-02
9.63093668e-02
9.86215826e-02
9.75695254e-02
9.73342710e-02
9.90159757e-02
9.82427099e-02
9.72066121e-02
9.51797495e-02
9.82664978e-02
9.51084467e-02
9.49338614e-02
9.46654271e-02
9.73747197e-02
9.54460834e-02
9.77664777e-02
9.66880538e-02
9.43540561e-02
9.71744187e-02
9.53618257e-02
9.51049016e-02
9.66622111e-02
9.70713912e-02
9.77154163e-02
9.74276013e-02
9.72115978e-02
9.70290570e-02
9.72334236e-02
9.80005193e-02
9.60823878e-02
9.42318243e-02
9.75440966e-02
9.75520477e-02
9.61019637e-02
9.90571744e-02
9.87215690e-02
9.77475685e-02
9.57911602e-02
9.84524945e-02
9.77080835e-02
9.57672700e-02
9.52429623e-02
9.58917909e-02
9.68440929e-02
9.77980051e-02
9.37706510e-02
9.44941936e-02
9.77325453e-02
9.68505221e-02
9.39159758e-02
9.78695815e-02
9.69859028e-02
9.49539929e-02
9.48223799e-02
9.73577418e-02
9.69459251e-02
9.50112463e-02
9.62956102e-02
9.58316221e-02
9.77879545e-02
9.66738297e-02
9.68349238e-02
9.49654612e-02
9.86142871e-02
9.49847988e-02
9.52836049e-02
9.63508466e-02
9.77929396e-02
9.72949064e-02
9.57238891e-02
9.80208817e-02
9.70794269e-02
9.82841829e-02
9.48745630e-02
9.55942357e-02
9.74064765e-02
9.50861840e-02
9.78202909e-02
9.46298513e-02
9.62301499e-02
9.77599015e-02
9.81517073e-02
9.56385369e-02
9.65646536e-02
9.78651637e-02
9.62452427e-02
9.68313391e-02
9.68972525e-02
9.58656083e-02
9.42973947e-02
9.63415277e-02
9.97443053e-02
9.56557199e-02
9.29419756e-02
9.76420392e-02
9.48402858e-02
9.93427817e-02
9.62827521e-02
9.75428663e-02
9.77927534e-02
9.67115720e-02
9.72048593e-02
9.83179019e-02
9.86470962e-02
9.68229029e-02
9.77205129e-02
9.43039472e-02
9.92232469e-02
9.43104895e-02
9.55106749e-02
9.97982102e-02
9.50510480e-02
9.75255904e-02
9.60084709e-02
9.77705385e-02
1.00279168e-01
9.75558643e-02
9.65167553e-02
9.71176486e-02
9.55712152e-02
9.70544329e-02
9.49414381e-02
9.57479652e-02
9.87228303e-02
9.64249757e-02
9.57683662e-02
9.85150808e-02
9.74373603e-02
9.69923940e-02
9.75228949e-02
9.83685705e-02
9.56675540e-02
9.63333694e-02
9.64886491e-02
9.73456987e-02
9.63974613e-02
9.74532545e-02
9.63852156e-02
1.00128213e-01
9.71592842e-02
9.71719518e-02
9.90122254e-02
9.65510763e-02
9.53422178e-02
9.60732276e-02
9.57241906e-02
9.62205499e-02
9.49798204e-02
9.81737278e-02
9.61534547e-02
9.46778162e-02
9.53692033e-02
9.78314878e-02
9.48141600e-02
9.59716401e-02
9.59228679e-02
9.59998055e-02
9.85832610e-02
9.63629900e-02
9.72902736e-02
9.70325400e-02
9.68162364e-02
1.00467474e-01
9.52944464e-02
9.49028786e-02
9.66932584e-02
9.65141680e-02
9.78411496e-02
9.59186436e-02
9.92629496e-02
9.76896019e-02
9.53764829e-02
9.49152493e-02
9.67305394e-02
9.50596631e-02
9.83908999e-02
9.78567232e-02
9.88094920e-02
9.63666414e-02
9.60534189e-02
9.64818307e-02
9.34897791e-02
9.44209419e-02
9.60181386e-02
9.62698834e-02
9.54445731e-02
9.87923734e-02
9.59039629e-02
9.83677217e-02
9.72385601e-02
9.66878592e-02
9.55589337e-02
9.68027390e-02
9.52447491e-02
9.74972833e-02
9.31803644e-02
9.56193307e-02
9.63784765e-02
9.66337812e-02
9.66907346e-02
9.50209239e-02
9.51602639e-02
9.39894997e-02
9.57656320e-02
9.87874075e-02
9.56354044e-02
9.60054773e-02
9.80298689e-02
9.72546368e-02
9.43729197e-02
9.44347157e-02
9.74904663e-02
9.77114705e-02
9.61681716e-02
9.61490807e-02
9.78795955e-02
9.83350976e-02
9.95094024e-02
9.54032616e-02
9.71770559e-02
9.65529244e-02
9.59863516e-02
9.74668197e-02
9.72884281e-02
9.63285500e-02
9.74533966e-02
9.73916302e-02
9.51285799e-02
9.66847633e-02
9.71808462e-02
9.73475303e-02
9.64061732e-02
9.84698760e-02
9.71923945e-02
9.75596197e-02
9.36987878e-02
9.63592150e-02
9.72023370e-02
9.68575282e-02
9.56156936e-02
9.64070978e-02
9.68985287e-02
9.77940852e-02
9.72686736e-02
9.78744502e-02
9.84155736e-02
9.67419099e-02
9.53060896e-02
9.54783129e-02
9.72071773e-02
9.60680174e-02
9.80116239e-02
9.92128443e-02
9.54691757e-02
9.42654692e-02
9.73859131e-02
9.54760901e-02
9.79974674e-02
9.64899567e-02
9.72842179e-02
9.82735368e-02
9.86585788e-02
9.39749003e-02
9.55705449e-02
9.76161131e-02
9.69247125e-02
9.85466565e-02
9.82656589e-02
9.45366501e-02
9.64238400e-02
9.67108623e-02
9.72761679e-02
9.51516922e-02
9.68308826e-02
9.84952932e-02
9.62400355e-02
9.63840205e-02
9.70354020e-02
9.66969512e-02
9.46079580e-02
9.74924827e-02
9.68158209e-02
9.81321697e-02
9.59525512e-02
9.44545165e-02
9.83913878e-02
9.71437566e-02
9.75943276e-02
9.85883357e-02
9.52274418e-02
9.67028199e-02
9.69729359e-02
9.56078798e-02
9.42695977e-02
9.69805422e-02
9.74915358e-02
9.79934095e-02
9.59904241e-02
9.56705351e-02
9.85628580e-02
9.64515675e-02
9.70709117e-02
9.74345836e-02
9.75121309e-02
9.92920455e-02
9.35508082e-02
9.75661398e-02
9.76784005e-02
9.66138577e-02
9.86978419e-02
9.56178884e-02
9.93759655e-02
9.81644548e-02
9.43864023e-02
9.58642543e-02
9.73158713e-02
9.77085810e-02
9.64400923e-02
9.61270802e-02
9.56284934e-02
9.52686315e-02
9.53493958e-02
9.57217514e-02
9.74617581e-02
9.62697403e-02
9.90796591e-02
9.59683193e-02
9.79745557e-02
9.69567576e-02
9.79774239e-02
9.62077227e-02
9.71212514e-02
9.59826171e-02
9.69866535e-02
9.73259173e-02
9.61903009e-02
9.62900179e-02
9.62503720e-02
9.78348093e-02
9.74543951e-02
9.87080869e-02
9.72334000e-02
9.82963703e-02
9.72107511e-02
9.70272366e-02
9.90954790e-02
9.80874804e-02
9.93460408e-02
9.69839084e-02
9.58504271e-02
9.61741539e-02
9.78621071e-02
9.60685581e-02
9.46065302e-02
9.53151872e-02
9.72146421e-02
9.52125343e-02
9.55283948e-02
9.84972487e-02
9.53350878e-02
9.54465192e-02
9.56310845e-02
9.51428302e-02
9.90420281e-02
9.72791721e-02
9.65426291e-02
9.60573472e-02
9.70308263e-02
9.75845929e-02
9.65973249e-02
9.62432394e-02
9.57932359e-02
9.51288720e-02
9.63837090e-02
9.45161534e-02
9.74255409e-02
9.57709714e-02
9.40726735e-02
9.55613076e-02
9.43966020e-02
9.48148804e-02
9.68901366e-02
9.55349212e-02
9.58014215e-02
9.60771886e-02
9.33980052e-02
9.70472377e-02
9.74484541e-02
9.75801755e-02
9.61095532e-02
9.69095597e-02
9.76508933e-02
9.63892357e-02
9.50159754e-02
9.58293263e-02
9.63809200e-02
9.92106613e-02
9.85949026e-02
9.90697402e-02
9.76254977e-02
9.65972422e-02
9.81319999e-02
9.68935134e-02
9.50918924e-02
9.48960855e-02
9.43928435e-02
9.60105312e-02
9.68084502e-02
9.82935388e-02
9.64130508e-02
9.72743543e-02
9.57918722e-02
9.47417790e-02
9.60189310e-02
9.63415853e-02
9.76804480e-02
9.68833527e-02
9.57460861e-02
9.54280885e-02
9.55445896e-02
9.73237562e-02
9.70766586e-02
9.69615048e-02
9.64136769e-02
9.82714175e-02
9.68049802e-02
9.57412837e-02
9.94740017e-02
9.81923592e-02
9.58857486e-02
9.34791837e-02
9.57018915e-02
9.68624789e-02
9.64460118e-02
9.56886338e-02
9.50416240e-02
9.78476696e-02
9.35840739e-02
9.87464464e-02
9.64859199e-02
9.69033719e-02
9.47834245e-02
9.83444539e-02
9.57571945e-02
9.73281622e-02
9.59407078e-02
9.65245234e-02
9.59769335e-02
9.86596684e-02
9.60014738e-02
9.68545721e-02
9.59139642e-02
9.76311933e-02
9.53612849e-02
9.74912511e-02
9.79379005e-02
9.75571702e-02
9.68332195e-02
9.58969803e-02
9.68355567e-02
9.65587611e-02
9.83820407e-02
9.69824433e-02
9.45975347e-02
9.55197626e-02
9.58397942e-02
9.76365367e-02
9.42895619e-02
9.59896354e-02
9.78164490e-02
9.78054883e-02
9.43990663e-02
9.82834051e-02
9.67297169e-02
9.69193763e-02
9.50764504e-02
9.83962620e-02
9.59189976e-02
9.66089068e-02
9.53673057e-02
9.66366689e-02
9.83616442e-02
9.51361991e-02
9.64858483e-02
9.34563637e-02
9.82618156e-02
9.61945599e-02
9.80519621e-02
9.49561412e-02
9.76488448e-02
9.69654674e-02
9.53556365e-02
9.39979480e-02
9.67703736e-02
9.33122951e-02
9.58873290e-02
9.80099178e-02
9.94473131e-02
9.76767707e-02
9.59256581e-02
9.76913718e-02
9.82804249e-02
9.65041751e-02
9.60122601e-02
9.83139198e-02
9.63859400e-02
9.71112428e-02
9.56322833e-02
9.39801334e-02
9.57148521e-02
9.57213865e-02
9.74560658e-02
9.63757650e-02
9.49689674e-02
9.75894889e-02
9.40971100e-02
9.68239336e-02
9.64788861e-02
9.72228927e-02
9.63576946e-02
9.57496623e-02
9.82446501e-02
9.66314720e-02
9.64555376e-02
9.63557687e-02
9.67228267e-02
9.38417068e-02
9.72778057e-02
9.39495818e-02
9.75046924e-02
9.41929523e-02
9.64229807e-02
9.61682043e-02
9.76612698e-02
9.59453151e-02
9.54237699e-02
9.44841844e-02
9.65390381e-02
9.70402495e-02
9.63277300e-02
9.58589877e-02
9.60380974e-02
9.79908212e-02
9.73118539e-02
9.46901390e-02
9.58757567e-02
9.49055540e-02
9.36384872e-02
9.76977394e-02
9.86480846e-02
9.45368860e-02
9.63512603e-02
9.54647529e-02
9.85177149e-02
9.61014732e-02
9.44367675e-02
9.46888921e-02
9.74901740e-02
9.48097942e-02
9.54667448e-02
9.64765129e-02
9.60755554e-02
9.83278872e-02
9.72705592e-02
9.60762477e-02
9.62836474e-02
9.82536615e-02
9.54327708e-02
9.76040212e-02
9.75046956e-02
9.68512197e-02
9.34928080e-02
9.80290378e-02
9.78591189e-02
9.62331456e-02
9.80681440e-02
9.79488617e-02
9.47045227e-02
9.63465171e-02
9.68458306e-02
9.51887774e-02
9.36451435e-02
9.51736337e-02
9.60567802e-02
9.50213590e-02
9.46149031e-02
9.87249375e-02
9.65096958e-02
9.31352023e-02
9.86162097e-02
9.38676223e-02
9.89053758e-02
9.59310843e-02
9.69199163e-02
9.54548393e-02
9.54213120e-02
9.49049500e-02
9.79866434e-02
9.45636892e-02
9.55305310e-02
9.65983782e-02
9.73000867e-02
9.44332573e-02
9.50909271e-02
9.74070362e-02
9.61011694e-02
9.55545631e-02
9.49374844e-02
9.64268802e-02
9.51506093e-02
9.51798546e-02
9.61871337e-02
9.76711890e-02
9.67387067e-02
9.69326869e-02
9.67070578e-02
9.85317076e-02
9.31593733e-02
9.65006412e-02
9.66297650e-02
9.63132370e-02
9.82212897e-02
9.59602956e-02
9.86699767e-02
9.56260161e-02
9.69793388e-02
9.60156078e-02
9.81484436e-02
9.58168361e-02
9.78595748e-02
9.70134462e-02
9.68284288e-02
9.56076253e-02
9.66878602e-02
9.58437441e-02
9.64206548e-02
9.81900906e-02
9.54821988e-02
9.50011296e-02
9.45984189e-02
9.70977883e-02
9.68073131e-02
9.75464267e-02
9.70282583e-02
9.39270992e-02
9.44760255e-02
9.73421809e-02
9.74193888e-02
9.82068092e-02
9.68726583e-02
9.67079893e-02
9.64698670e-02
9.64110535e-02
9.61257863e-02
9.77931861e-02
1.01610674e-01
9.57638802e-02
9.50680744e-02
9.65756492e-02
9.79717841e-02
9.62654742e-02
9.59941449e-02
9.57590874e-02
9.89507987e-02
9.73194872e-02
9.70718499e-02
9.66264259e-02
9.68473236e-02
9.60925438e-02
9.61814048e-02
9.96728752e-02
9.74201206e-02
9.86270559e-02
9.50820892e-02
9.76094820e-02
9.43094354e-02
9.74261659e-02
9.90233973e-02
9.80179801e-02
9.72238919e-02
9.39361845e-02
9.69345567e-02
9.63143549e-02
9.55608238e-02
9.65115633e-02
9.53950186e-02
9.73975092e-02
9.77265128e-02
9.65643066e-02
9.57882579e-02
9.76788057e-02
9.59937346e-02
9.46609713e-02
9.55568195e-02
9.64841383e-02
9.56125606e-02
9.77085555e-02
9.71682009e-02
9.77986040e-02
9.51643313e-02
9.87111002e-02
9.72827030e-02
9.64392689e-02
9.45033062e-02
9.52736892e-02
9.66070124e-02
9.86337760e-02
9.51760454e-02
9.58818863e-02
9.68051267e-02
9.66515092e-02
9.63218309e-02
9.74479061e-02
9.70797630e-02
9.51084448e-02
9.96159461e-02
9.74348214e-02
9.65347172e-02
9.63125027e-02
9.79858277e-02
9.66516153e-02
9.43821242e-02
9.73796603e-02
9.49440524e-02
9.78796653e-02
9.89347988e-02
9.76355492e-02
9.58609601e-02
9.46889716e-02
9.73018731e-02
9.83825128e-02
9.81646641e-02
9.61085034e-02
9.64170025e-02
9.41381429e-02
9.68784911e-02
9.63104016e-02
9.66457828e-02
9.93170432e-02
9.55955364e-02
9.80266349e-02
9.89343150e-02
9.49239099e-02
9.56225022e-02
9.77271798e-02
9.66343536e-02
9.61914695e-02
9.63654421e-02
9.48535513e-02
9.39874186e-02
9.52801851e-02
9.77465728e-02
9.69248847e-02
9.53951526e-02
9.88925644e-02
9.55436047e-02
9.69222938e-02
9.69899852e-02
9.75079785e-02
9.78462277e-02
9.50735032e-02
9.52258158e-02
9.72146663e-02
9.83060716e-02
9.64467587e-02
9.93927525e-02
9.76486612e-02
9.96356984e-02
9.50071754e-02
9.59700303e-02
9.80249537e-02
9.63206687e-02
9.68692948e-02
9.82994420e-02
9.65991924e-02
9.82343329e-02
9.76710654e-02
9.63691365e-02
9.65575562e-02
9.82422282e-02
9.74042732e-02
9.77016011e-02
9.75258078e-02
9.55935847e-02
9.80347627e-02
9.91864780e-02
9.52493606e-02
9.55818720e-02
9.78877357e-02
9.61466307e-02
9.41611637e-02
9.78693210e-02
9.68018348e-02
9.83547371e-02
9.87503079e-02
9.69710740e-02
9.36454747e-02
9.57483093e-02
9.52979277e-02
9.86507581e-02
9.59599737e-02
9.73410352e-02
9.61230658e-02
9.56810109e-02
9.98816328e-02
9.88709526e-02
9.77437934e-02
9.59967264e-02
9.71437457e-02
9.64592314e-02
9.74395738e-02
9.57750043e-02
9.61071043e-02
9.86421648e-02
9.48081803e-02
9.68211911e-02
9.80321216e-02
9.61747575e-02
9.63255248e-02
9.67075375e-02
1.01226420e-01
9.80901022e-02
9.61833840e-02
9.56907923e-02
9.67778923e-02
9.83221493e-02
9.58847470e-02
9.91480295e-02
9.59098863e-02
9.30888166e-02
9.63753325e-02
9.66344307e-02
9.65051976e-02
9.73861253e-02
9.92629024e-02
9.59510360e-02
9.72316894e-02
9.67015475e-02
9.70687050e-02
9.69955688e-02
9.70665038e-02
9.49816300e-02
9.62789741e-02
9.54469525e-02
9.92067407e-02
1.01755459e-01
9.58682614e-02
9.78340961e-02
9.75337541e-02
9.37548686e-02
9.70263165e-02
9.74045907e-02
9.69742716e-02
9.82526303e-02
9.59865995e-02
9.48602498e-02
9.50217828e-02
9.80744827e-02
9.81214454e-02
9.57929431e-02
9.71279780e-02
9.63970318e-02
9.61188584e-02
9.67502514e-02
9.61749238e-02
9.53956445e-02
9.55239390e-02
9.69452675e-02
9.73605654e-02
9.69537267e-02
9.71858033e-02
9.68374720e-02
9.42999191e-02
9.66014175e-02
9.83594867e-02
9.53853807e-02
9.68123700e-02
9.76321369e-02
9.97276217e-02
9.64895004e-02
9.84169738e-02
9.77161768e-02
9.60677084e-02
9.76507137e-02
9.47892575e-02
9.64945996e-02
1.00006509e-01
9.66877277e-02
9.47890307e-02
9.64269166e-02
9.71317407e-02
9.68337951e-02
9.64227967e-02
9.65635804e-02
9.67689478e-02
9.54899831e-02
9.68174805e-02
9.86883901e-02
9.55107388e-02
9.46728649e-02
9.60992044e-02
9.53133845e-02
9.95004708e-02
9.86860617e-02
9.68507957e-02
9.55015396e-02
9.68164075e-02
9.49852084e-02
9.59757348e-02
9.57369826e-02
9.76079461e-02
9.59968901e-02
9.69652889e-02
9.77168424e-02
9.38522168e-02
9.46290380e-02
9.49977638e-02
9.68654368e-02
9.97512948e-02
9.54865241e-02
9.49469339e-02
9.72648689e-02
9.50160972e-02
9.86034839e-02
9.82900656e-02
9.52628783e-02
9.67570524e-02
9.66946892e-02
9.65876852e-02
9.77395927e-02
9.55766923e-02
9.74956777e-02
9.48618227e-02
9.81741529e-02
9.62203512e-02
9.63810213e-02
9.49895536e-02
9.55989617e-02
9.49760733e-02
9.42797720e-02
9.86224329e-02
9.52942206e-02
9.64099480e-02
9.79174343e-02
9.53808389e-02
9.87878395e-02
9.46386415e-02
9.53220750e-02
9.76856086e-02
9.57921198e-02
9.80005212e-02
9.47944865e-02
9.56114526e-02
9.67482760e-02
9.82371338e-02
9.69662587e-02
9.62013017e-02
9.81444910e-02
9.57174062e-02
9.69492563e-02
9.74897092e-02
9.47768428e-02
9.56265720e-02
9.60227365e-02
9.68788359e-02
9.70070909e-02
9.54647710e-02
9.71543154e-02
9.74799484e-02
9.70265288e-02
9.67104144e-02
9.74408480e-02
9.62723611e-02
9.85678629e-02
9.70656069e-02
9.60668697e-02
9.74274314e-02
9.61964158e-02
9.43032165e-02
9.46149304e-02
9.65940751e-02
9.52563967e-02
9.60230713e-02
9.60639499e-02
9.91089103e-02
9.60493616e-02
9.85124529e-02
9.69506905e-02
9.71581540e-02
9.60545290e-02
9.63544096e-02
9.75496767e-02
9.69446256e-02
9.76571173e-02
9.80310319e-02
9.65155458e-02
9.60157503e-02
9.60974893e-02
9.64875077e-02
9.79339065e-02
9.49863821e-02
9.88173109e-02
9.75854966e-02
9.60889185e-02
9.65041727e-02
9.72480731e-02
9.52389284e-02
9.70033547e-02
9.52723928e-02
9.92984142e-02
9.75312723e-02
9.64200963e-02
9.58762665e-02
9.65497034e-02
9.72664909e-02
9.74354482e-02
9.46416669e-02
9.69318994e-02
9.40858906e-02
9.82620070e-02
9.81774045e-02
9.76602747e-02
9.68512268e-02
9.62780016e-02
9.80044074e-02
9.41153884e-02
9.74001952e-02
9.73083295e-02
9.78925215e-02
9.65075087e-02
9.60746204e-02
9.86601509e-02
9.84766191e-02
9.53873799e-02
9.73492653e-02
9.56500390e-02
9.61106691e-02
9.73852624e-02
9.63743172e-02
9.58245333e-02
9.68168234e-02
9.65863511e-02
9.68723059e-02
9.60587146e-02
9.91965506e-02
9.60912995e-02
9.56441499e-02
9.58009161e-02
9.64176844e-02
9.90870355e-02
9.66272346e-02
9.40320913e-02
9.74580277e-02
9.52703866e-02
9.61989789e-02
9.63942168e-02
9.65451190e-02
9.91605586e-02
9.84606468e-02
9.65388149e-02
9.71938532e-02
9.73464175e-02
9.52250323e-02
9.65354698e-02
9.81917002e-02
9.79179589e-02
9.60261619e-02
9.80698144e-02
9.96438693e-02
9.72677038e-02
9.58425990e-02
9.83393181e-02
9.51687700e-02
9.63157642e-02
9.84062462e-02
9.82706823e-02
9.67708051e-02
9.75039282e-02
9.59848792e-02
9.57061266e-02
9.80143124e-02
9.82063198e-02
9.66260540e-02
9.90767958e-02
9.77878200e-02
9.59118731e-02
9.58436945e-02
9.60453412e-02
9.70814789e-02
9.66006511e-02
9.90448580e-02
9.58236553e-02
1.00296807e-01
9.65565922e-02
9.66309383e-02
9.61691163e-02
9.58090743e-02
9.59412188e-02
9.55928953e-02
9.87812415e-02
9.69031688e-02
9.71067121e-02
9.68751693e-02
9.66069916e-02
9.63072965e-02
9.47282042e-02
9.72479672e-02
9.70942558e-02
9.54818050e-02
9.40042298e-02
9.60450204e-02
9.55345962e-02
9.72582247e-02
9.52690822e-02
9.59350879e-02
9.74281030e-02
9.57335817e-02
9.50439544e-02
9.64859400e-02
9.62764848e-02
9.45275390e-02
9.58130752e-02
9.66410411e-02
9.87752241e-02
9.49178170e-02
9.43174823e-02
9.87103213e-02
9.52508657e-02
9.81511039e-02
9.74695940e-02
9.73958766e-02
9.92859584e-02
9.62663184e-02
9.46807859e-02
9.72210560e-02
9.68624607e-02
9.59123273e-02
9.62818512e-02
9.32053575e-02
9.54517290e-02
9.50578734e-02
9.77326626e-02
9.62525009e-02
9.75380775e-02
1.00040571e-01
9.61010908e-02
9.76857936e-02
9.69669140e-02
9.48487007e-02
9.88411169e-02
9.60569730e-02
9.61128439e-02
9.48325330e-02
9.75233824e-02
9.78724428e-02
9.81047770e-02
9.63185230e-02
9.63122998e-02
9.73055807e-02
9.84671867e-02
9.55139764e-02
9.72787047e-02
9.60606574e-02
9.66304566e-02
9.49277518e-02
9.64232192e-02
9.62077073e-02
9.91986128e-02
9.77972653e-02
9.70532639e-02
9.71113927e-02
9.62473706e-02
9.63913241e-02
9.67425452e-02
9.67556384e-02
9.69175694e-02
9.80925458e-02
9.75986455e-02
9.45900225e-02
9.67890703e-02
9.79917024e-02
9.68309260e-02
9.70274988e-02
9.72866794e-02
9.66994011e-02
9.63223138e-02
9.75241048e-02
9.64651933e-02
9.54175480e-02
9.44481020e-02
9.40214914e-02
9.65325393e-02
9.67597573e-02
9.50693738e-02
9.54913673e-02
9.51367328e-02
9.34867128e-02
9.65677046e-02
9.63875603e-02
9.65268448e-02
9.55619536e-02
9.77831482e-02
9.92166498e-02
9.70755774e-02
9.73664967e-02
9.57416016e-02
9.65504256e-02
9.57361729e-02
9.62545731e-02
9.50571983e-02
9.45414007e-02
9.60925379e-02
9.79375408e-02
9.81717957e-02
9.75783414e-02
9.62348054e-02
9.46738476e-02
9.80524404e-02
9.82002549e-02
9.87954755e-02
9.57975043e-02
9.68614378e-02
9.89427577e-02
9.70583733e-02
9.56731053e-02
9.75688321e-02
9.44902762e-02
9.82365320e-02
9.66369832e-02
9.68510270e-02
9.39485744e-02
9.68415692e-02
9.67262250e-02
9.84610115e-02
9.74364274e-02
9.75433696e-02
9.59162250e-02
9.57019928e-02
9.61935871e-02
9.50400552e-02
9.59356212e-02
9.70191322e-02
9.66345136e-02
9.73766135e-02
9.92296049e-02
9.36812195e-02
9.66212355e-02
9.52899945e-02
9.73976931e-02
9.79269678e-02
9.84879416e-02
9.63935530e-02
9.63914861e-02
9.44829894e-02
9.80082483e-02
9.62904199e-02
9.63685240e-02
9.71917570e-02
9.56212491e-02
9.49379554e-02
9.73670600e-02
9.98351510e-02
9.55877927e-02
9.53554665e-02
9.68648920e-02
9.41712341e-02
9.88034601e-02
9.49243048e-02
9.56980781e-02
9.80726295e-02
9.73079234e-02
9.57266473e-02
9.71505123e-02
9.51480133e-02
9.76479745e-02
9.71724797e-02
9.73731858e-02
9.72435785e-02
9.68089352e-02
9.50558682e-02
9.69022012e-02
9.59620927e-02
9.44591509e-02
9.64766560e-02
9.75664807e-02
9.99738158e-02
9.35986791e-02
9.46955058e-02
9.66081296e-02
9.51921479e-02
9.59835889e-02
9.51292537e-02
9.89617934e-02
9.75537267e-02
9.84900924e-02
9.85936384e-02
9.68808261e-02
9.65041878e-02
9.41508792e-02
9.51085419e-02
9.67788704e-02
9.67725963e-02
9.41552997e-02
9.80960661e-02
9.70007371e-02
9.73915095e-02
9.91698827e-02
9.66795098e-02
9.50365006e-02
9.76564343e-02
9.44137673e-02
9.60910597e-02
9.84352319e-02
9.55728802e-02
9.62958114e-02
9.55210656e-02
9.75125517e-02
9.75535007e-02
9.72019198e-02
9.73906879e-02
9.51817373e-02
9.84081269e-02
9.60046345e-02
9.58528859e-02
9.90931719e-02
9.63487412e-02
9.52113324e-02
9.81899504e-02
9.48562922e-02
9.62163538e-02
9.65430943e-02
9.69002424e-02
9.66597310e-02
9.50163471e-02
9.73354959e-02
9.56997308e-02
9.89699721e-02
9.62400133e-02
9.79757111e-02
9.59509964e-02
9.41837533e-02
9.55032743e-02
9.76137387e-02
9.75991467e-02
9.81803655e-02
9.78920150e-02
9.86368690e-02
9.93295217e-02
9.46634555e-02
9.58840423e-02
9.65902366e-02
9.87396983e-02
9.45518340e-02
9.60057048e-02
9.65236747e-02
9.71140233e-02
9.87010209e-02
9.67588758e-02
9.76274047e-02
9.65876792e-02
9.65415442e-02
9.51585901e-02
9.46820175e-02
9.39746761e-02
9.51623174e-02
9.81413966e-02
9.58334998e-02
9.72924583e-02
1.00406792e-01
9.74362310e-02
9.86775069e-02
9.45369961e-02
9.67573353e-02
1.00602180e-01
9.55810623e-02
9.72301045e-02
9.45807646e-02
9.54610870e-02
9.61574119e-02
9.74787348e-02
9.67247900e-02
9.70764175e-02
9.57393275e-02
9.70339496e-02
9.63857150e-02
9.82976551e-02
9.79064315e-02
9.77200098e-02
9.51764762e-02
9.41410901e-02
9.70457318e-02
9.70403944e-02
9.80390868e-02
9.59462646e-02
9.60994145e-02
9.68242285e-02
9.83187767e-02
9.69720534e-02
9.69364576e-02
9.50376415e-02
9.71601275e-02
9.77908742e-02
9.62400826e-02
9.68820650e-02
9.95579184e-02
9.59168067e-02
9.68354558e-02
9.69358186e-02
9.75294580e-02
9.65159014e-02
9.45825291e-02
9.87894840e-02
9.54910198e-02
9.81237616e-02
9.76083122e-02
9.42692597e-02
9.77694937e-02
9.67988650e-02
9.78797107e-02
9.76736562e-02
9.80491453e-02
9.92492960e-02
9.78185895e-02
9.81573017e-02
9.73152022e-02
9.61340166e-02
9.64706029e-02
9.65772489e-02
9.68458984e-02
9.80501832e-02
9.52358522e-02
9.57652085e-02
9.68481181e-02
9.40724781e-02
9.87290732e-02
9.58523618e-02
9.76636477e-02
9.75305562e-02
9.48636386e-02
9.63579408e-02
9.78267690e-02
9.80109857e-02
9.63065660e-02
9.86942666e-02
9.46606990e-02
9.77282131e-02
9.63115177e-02
9.80022843e-02
9.34875408e-02
9.61725851e-02
9.69050330e-02
9.62541155e-02
9.75201126e-02
9.66698629e-02
9.63963056e-02
9.64513624e-02
9.39123976e-02
9.57137477e-02
9.68304523e-02
9.63479344e-02
9.70188089e-02
9.79565445e-02
9.50883321e-02
9.49212562e-02
9.75157168e-02
9.41281908e-02
9.39795378e-02
9.44802401e-02
9.82829070e-02
9.87402500e-02
9.60381486e-02
9.87244603e-02
9.72315660e-02
9.52440727e-02
9.38194475e-02
9.80668239e-02
9.69179503e-02
9.75733017e-02
9.82743630e-02
9.44373259e-02
9.66608457e-02
9.84491900e-02
9.38760233e-02
9.65399225e-02
9.84962958e-02
9.53015506e-02
9.55810962e-02
9.83941575e-02
9.69710540e-02
9.28466216e-02
9.59417157e-02
9.65595434e-02
9.62433660e-02
9.70696306e-02
9.56115823e-02
9.64480162e-02
9.47596691e-02
9.49574768e-02
9.55405954e-02
9.44211848e-02
9.57515531e-02
9.48624506e-02
9.73823388e-02
9.53383333e-02
9.63538182e-02
9.50476651e-02
9.53362753e-02
9.77097087e-02
9.54978830e-02
9.67665051e-02
9.94715609e-02
9.64256646e-02
9.53809928e-02
9.71535691e-02
9.69023225e-02
9.86311076e-02
9.82172264e-02
9.68808714e-02
1.00122875e-01
9.80514722e-02
9.46089334e-02
9.63140376e-02
9.76683554e-02
9.71659966e-02
9.70189356e-02
9.76791512e-02
9.63638758e-02
9.51494810e-02
9.86437209e-02
9.69281578e-02
9.53521036e-02
9.55398250e-02
9.48449111e-02
9.49232994e-02
9.61337598e-02
9.63901196e-02
9.63526754e-02
9.94491506e-02
9.66194556e-02
9.42903168e-02
9.57170430e-02
9.76747443e-02
9.95540359e-02
9.62846119e-02
9.74286158e-02
9.65491587e-02
9.59253347e-02
9.47078117e-02
9.43502255e-02
9.83205395e-02
9.62462769e-02
9.45400382e-02
9.44767796e-02
9.76346300e-02
9.74908376e-02
9.83460113e-02
9.70158225e-02
9.72790025e-02
9.36403100e-02
9.71841691e-02
9.83254494e-02
9.75687376e-02
9.67874615e-02
9.78852959e-02
9.68604163e-02
9.85051072e-02
9.88457488e-02
9.49463864e-02
9.66364492e-02
9.64321042e-02
9.57580200e-02
9.64419702e-02
9.73879493e-02
9.81517079e-02
9.64986010e-02
9.67038420e-02
9.62125524e-02
9.66833737e-02
9.74336645e-02
1.00074695e-01
9.52878183e-02
9.68397684e-02
9.68901094e-02
9.70733386e-02
9.76201205e-02
9.48130027e-02
9.52813580e-02
9.77831880e-02
9.63187854e-02
9.60632905e-02
9.71853897e-02
9.42362680e-02
9.41484362e-02
9.82346460e-02
9.49004950e-02
9.86292514e-02
9.83281157e-02
9.64994158e-02
9.65492073e-02
9.61263609e-02
9.50990421e-02
9.52917612e-02
9.87606919e-02
9.78690180e-02
9.79973472e-02
9.54256174e-02
9.99874120e-02
9.79228562e-02
9.73341386e-02
9.62540622e-02
9.60136099e-02
9.52998533e-02
9.57662607e-02
9.61752137e-02
9.52364805e-02
9.42959068e-02
9.68148551e-02
9.54124312e-02
9.54831992e-02
9.66274334e-02
9.57943991e-02
9.56518701e-02
9.75151053e-02
9.84597833e-02
9.78870778e-02
9.47020928e-02
9.70646072e-02
9.53893119e-02
9.71461467e-02
9.56319249e-02
9.70179961e-02
9.60466347e-02
9.55214290e-02
9.46704378e-02
9.78686957e-02
9.84953715e-02
9.62047539e-02
9.59297780e-02
9.89008881e-02
9.59564609e-02
9.51110789e-02
9.76850035e-02
9.72093159e-02
9.92274319e-02
9.98899856e-02
9.64823564e-02
9.52739808e-02
9.59726814e-02
9.54367470e-02
9.77626168e-02
9.49953893e-02
9.58744977e-02
9.56349211e-02
9.41428037e-02
9.67253441e-02
9.45486770e-02
9.70128404e-02
9.50944167e-02
9.66954796e-02
9.61728506e-02
9.61803638e-02
9.72368593e-02
9.84401048e-02
9.49363957e-02
9.60704696e-02
9.73484911e-02
1.00054286e-01
1.00529820e-01
9.48659796e-02
9.75345956e-02
9.53864375e-02
9.59357776e-02
9.51446897e-02
9.70537642e-02
9.76422273e-02
9.71993993e-02
9.66436723e-02
9.73273828e-02
9.68506586e-02
9.50383825e-02
9.69815659e-02
9.78806963e-02
9.76290191e-02
9.52608516e-02
9.80557045e-02
9.61688402e-02
9.54632087e-02
9.54764565e-02
9.55518945e-02
9.40137126e-02
9.43110058e-02
9.80884824e-02
9.75603555e-02
9.76870381e-02
9.71218302e-02
9.64982191e-02
9.84431743e-02
9.66933335e-02
9.62310887e-02
9.91173685e-02
9.81928812e-02
9.73539141e-02
9.81125965e-02
9.69181717e-02
9.59316440e-02
9.29052401e-02
9.55721317e-02
9.55175637e-02
9.71529153e-02
9.56143528e-02
9.85892392e-02
9.39162991e-02
9.64237026e-02
9.55163965e-02
9.43375649e-02
9.79404519e-02
9.68990925e-02
9.77412137e-02
9.67038805e-02
9.61510992e-02
9.89409890e-02
9.80881351e-02
9.86896413e-02
9.73552138e-02
9.82317389e-02
9.50797876e-02
9.42748147e-02
9.55461997e-02
9.63394119e-02
9.70318659e-02
9.77369612e-02
9.53406094e-02
9.74632295e-02
9.49156578e-02
9.72879160e-02
9.75749093e-02
9.73885884e-02
9.52639934e-02
9.56501077e-02
9.64524100e-02
9.65396114e-02
9.53829093e-02
9.87531737e-02
9.68259484e-02
9.45944068e-02
9.63161845e-02
9.80909436e-02
9.56341956e-02
9.60428330e-02
9.81791356e-02
9.76708055e-02
9.59350912e-02
9.69399624e-02
9.66145657e-02
9.52766264e-02
9.65024342e-02
9.70651226e-02
9.59511605e-02
9.38142202e-02
9.61641308e-02
9.61648008e-02
9.77889418e-02
9.47533680e-02
9.70907561e-02
9.72006294e-02
9.64485961e-02
9.49970413e-02
9.77529933e-02
9.53150560e-02
9.72072105e-02
9.68231650e-02
9.68758906e-02
9.80754906e-02
1.00335152e-01
9.52337389e-02
9.77118309e-02
9.80180137e-02
9.53454270e-02
9.73311259e-02
9.69447038e-02
9.86404079e-02
9.67870071e-02
9.82627290e-02
9.74556758e-02
9.61820203e-02
9.58332569e-02
9.67343737e-02
9.52625604e-02
9.77401728e-02
9.52644194e-02
9.86889126e-02
9.61888017e-02
9.68344824e-02
9.65511279e-02
9.68607528e-02
9.73342620e-02
9.79072404e-02
9.70747215e-02
9.64530512e-02
9.85511705e-02
9.70898916e-02
9.76993185e-02
9.72256053e-02
9.64527832e-02
9.66669363e-02
9.43166751e-02
9.73817438e-02
9.66574389e-02
9.83669607e-02
9.60318065e-02
9.70896035e-02
9.53808215e-02
9.67362813e-02
9.58851246e-02
9.86099722e-02
9.63050797e-02
9.46549773e-02
9.44446454e-02
9.67873631e-02
9.45874781e-02
9.82725434e-02
9.92407193e-02
9.47222816e-02
9.59544168e-02
9.81940984e-02
9.81025287e-02
9.76570683e-02
9.83146311e-02
9.51797643e-02
9.86843019e-02
9.74443147e-02
9.78548867e-02
9.89675222e-02
9.63340726e-02
9.52293276e-02
9.49450187e-02
9.63184913e-02
9.47816714e-02
9.58906558e-02
9.62073174e-02
9.56524528e-02
9.65039775e-02
9.60981442e-02
9.79872583e-02
9.70135308e-02
9.69551172e-02
9.35095118e-02
9.58124342e-02
9.67968871e-02
9.68129750e-02
9.52788773e-02
9.67494219e-02
9.41171359e-02
9.66386033e-02
9.84444701e-02
9.64610728e-02
9.68522672e-02
9.51886769e-02
9.49959900e-02
9.66391428e-02
9.62130369e-02
9.65487927e-02
9.89150447e-02
9.59598684e-02
9.65987160e-02
9.67146291e-02
9.58498530e-02
9.56878213e-02
9.89226962e-02
9.62303035e-02
9.61920897e-02
9.57200448e-02
9.64846336e-02
9.51670008e-02
9.60590731e-02
9.75838456e-02
9.68878397e-02
9.63344582e-02
9.68824626e-02
9.82496072e-02
9.74250051e-02
9.55505357e-02
9.50407767e-02
9.42845088e-02
9.80094213e-02
9.49214852e-02
9.59913965e-02
9.61420697e-02
9.64682866e-02
1.00896663e-01
9.63162560e-02
9.68749214e-02
9.61792523e-02
9.52460414e-02
9.61534446e-02
9.78706794e-02
9.53535609e-02
9.61568511e-02
9.58593898e-02
9.72387179e-02
9.47712576e-02
9.65793891e-02
9.75814248e-02
9.68243389e-02
9.57324661e-02
9.53283136e-02
9.76817720e-02
9.61465874e-02
9.84451953e-02
9.70675052e-02
9.65788484e-02
9.70486207e-02
9.59107675e-02
9.71484808e-02
9.46101817e-02
9.62653265e-02
9.79395633e-02
9.74434439e-02
9.64176948e-02
9.56981535e-02
9.40899409e-02
9.71301255e-02
9.76689971e-02
9.88824742e-02
9.64615191e-02
9.86056719e-02
9.73993613e-02
9.62299322e-02
9.47144953e-02
9.76854129e-02
9.66305561e-02
9.66100434e-02
9.63090296e-02
9.88274137e-02
9.51044217e-02
9.70332876e-02
9.50345895e-02
9.91844050e-02
9.58922956e-02
9.61307796e-02
9.89347585e-02
9.67198819e-02
9.69795986e-02
9.70687669e-02
9.67568975e-02
9.77794476e-02
9.84557775e-02
9.73374188e-02
9.59069006e-02
9.75165752e-02
9.60223172e-02
9.39054216e-02
9.58402438e-02
9.59475059e-02
9.51223909e-02
9.57773748e-02
9.77265970e-02
9.62986535e-02
9.78184374e-02
9.64219730e-02
9.69546483e-02
9.46647516e-02
9.85765607e-02
9.63619514e-02
9.86988020e-02
9.39463438e-02
9.58932015e-02
9.24535144e-02
9.48326862e-02
9.58969400e-02
9.58465084e-02
9.59078777e-02
9.73752123e-02
9.61523208e-02
9.62516406e-02
9.65961265e-02
9.76281492e-02
9.63592140e-02
9.61898196e-02
9.53393468e-02
9.72530113e-02
9.67583660e-02
9.73661703e-02
9.69171385e-02
9.66756522e-02
9.62375557e-02
9.78941880e-02
9.62064742e-02
9.80992615e-02
9.71185227e-02
9.50271736e-02
9.80926454e-02
9.59957846e-02
9.62808424e-02
9.45947213e-02
9.67561111e-02
9.65238344e-02
9.44719529e-02
9.63598680e-02
9.69594066e-02
9.51454958e-02
9.49516206e-02
9.76590965e-02
9.58701902e-02
9.74169465e-02
9.46212428e-02
9.68277922e-02
9.80379744e-02
9.71698646e-02
9.55655595e-02
9.43811157e-02
9.52096652e-02
9.49691687e-02
9.66438611e-02
9.53581095e-02
9.70696991e-02
9.63702231e-02
9.66488703e-02
9.88868437e-02
9.48376464e-02
9.67141743e-02
9.55516339e-02
9.62767857e-02
9.53889706e-02
9.68897309e-02
9.76905047e-02
9.58436592e-02
9.66544215e-02
9.86772758e-02
9.77090725e-02
9.93312767e-02
9.79351649e-02
9.67404540e-02
9.75683372e-02
9.84976515e-02
9.43377070e-02
9.65522105e-02
9.67015632e-02
9.75820049e-02
9.60053790e-02
9.32361009e-02
9.75427812e-02
9.64434785e-02
9.64375510e-02
9.59462372e-02
9.59232609e-02
9.35266041e-02
9.69840490e-02
9.52287159e-02
9.64228253e-02
9.63308045e-02
9.78215502e-02
9.47363896e-02
9.51018470e-02
9.87002946e-02
9.90974940e-02
9.49935814e-02
9.55664846e-02
9.73841900e-02
9.81947362e-02
9.70540115e-02
9.55193381e-02
9.60319865e-02
9.72143485e-02
9.48234103e-02
9.37467999e-02
9.65334885e-02
9.67907933e-02
9.60985270e-02
9.60527099e-02
9.60288949e-02
9.54971510e-02
9.73483009e-02
9.86130838e-02
9.56790083e-02
9.79344603e-02
9.68828291e-02
9.53877768e-02
9.82429623e-02
9.66524290e-02
9.66162315e-02
9.65253656e-02
9.77458437e-02
9.78961714e-02
9.72612256e-02
9.79218317e-02
9.60924181e-02
9.80783999e-02
9.43297737e-02
9.71672732e-02
9.66692561e-02
9.58665209e-02
9.69037959e-02
9.70877863e-02
9.44494819e-02
9.82974550e-02
9.66718219e-02
9.60600984e-02
9.52019509e-02
9.54626902e-02
9.66935654e-02
9.60758185e-02
9.58128100e-02
9.76656715e-02
9.75794211e-02
9.94515631e-02
9.86946936e-02
9.85643707e-02
9.56144806e-02
9.77212234e-02
9.40855548e-02
9.60399563e-02
9.66368284e-02
9.61892157e-02
9.89715939e-02
9.56305566e-02
9.72288769e-02
9.58715557e-02
9.80727795e-02
1.00409917e-01
9.51375076e-02
9.63185127e-02
9.71793828e-02
9.77063616e-02
9.64572291e-02
9.91841121e-02
9.37299759e-02
9.69604652e-02
9.98247419e-02
9.44247473e-02
9.68176917e-02
9.61761010e-02
9.74233348e-02
9.52634353e-02
9.90690770e-02
9.78485001e-02
9.61739397e-02
9.51545303e-02
9.73289512e-02
9.69548618e-02
9.69222841e-02
9.45710180e-02
9.80149521e-02
9.59297037e-02
9.65498504e-02
9.69668574e-02
9.61704856e-02
9.71862909e-02
9.57557628e-02
9.51743158e-02
9.79166175e-02
9.78071833e-02
9.41397535e-02
9.60643288e-02
9.67412369e-02
9.56098614e-02
9.74231435e-02
9.53410730e-02
9.61438252e-02
9.63326279e-02
9.58654764e-02
9.55515914e-02
9.59302901e-02
9.90086989e-02
9.49351724e-02
9.69178072e-02
9.51195829e-02
9.45051442e-02
9.66703275e-02
9.79122110e-02
9.72540945e-02
9.66503083e-02
9.61404899e-02
9.62974353e-02
9.39330125e-02
9.73944224e-02
9.71448361e-02
9.67022225e-02
9.73733357e-02
9.71093780e-02
9.84560076e-02
9.57860887e-02
9.80468556e-02
9.84721229e-02
9.96224842e-02
9.77319395e-02
9.96755874e-02
9.60011632e-02
9.59641442e-02
9.60749470e-02
9.79773725e-02
9.57467647e-02
9.37638144e-02
9.67375972e-02
9.50826481e-02
9.82767785e-02
1.00119594e-01
9.51343176e-02
9.53083744e-02
9.53295207e-02
9.45728252e-02
9.71078448e-02
9.76548631e-02
9.82428584e-02
9.59124402e-02
9.74425280e-02
9.69857894e-02
9.70118351e-02
9.64347530e-02
9.51383292e-02
9.74610562e-02
9.39414771e-02
9.64251929e-02
9.75624735e-02
9.70933494e-02
9.63954390e-02
9.54465528e-02
9.57991961e-02
9.65803732e-02
9.57015388e-02
9.54308746e-02
9.65952991e-02
9.37841328e-02
9.76313163e-02
9.56132892e-02
9.61827428e-02
9.71242887e-02
9.68303407e-02
9.68571332e-02
9.67051383e-02
9.59769986e-02
9.76559578e-02
9.76309659e-02
9.89559772e-02
9.62043333e-02
9.50299602e-02
9.77263116e-02
9.72818438e-02
9.78906415e-02
9.56843742e-02
9.65483468e-02
9.83721339e-02
9.74097923e-02
9.48375160e-02
9.73249343e-02
9.79384334e-02
9.91041313e-02
9.79104912e-02
9.50957191e-02
9.76458483e-02
9.81299193e-02
9.43703059e-02
9.52528430e-02
9.64146811e-02
9.59362288e-02
9.54957624e-02
9.83277407e-02
9.62136558e-02
9.55145463e-02
9.64958786e-02
9.46923439e-02
9.63732410e-02
9.58652348e-02
9.85402399e-02
9.72550952e-02
9.54044608e-02
9.73997621e-02
9.62819981e-02
9.71335921e-02
9.73482026e-02
9.60842449e-02
9.64246303e-02
9.87953441e-02
9.85167812e-02
9.70072930e-02
9.51470591e-02
9.70512400e-02
9.76839329e-02
9.63424132e-02
9.83921486e-02
9.54906400e-02
9.51012344e-02
9.80912165e-02
9.63821379e-02
9.82359506e-02
9.46685431e-02
9.76126703e-02
9.62607980e-02
9.66785311e-02
9.80854660e-02
9.71936820e-02
9.49384702e-02
9.67891254e-02
9.64774366e-02
9.71248230e-02
9.61027007e-02
9.65284877e-02
9.71622523e-02
9.74489332e-02
9.75727877e-02
9.81909202e-02
9.54670217e-02
9.69789378e-02
9.58604784e-02
9.50981730e-02
9.61399224e-02
9.62516115e-02
9.75136389e-02
9.53010735e-02
9.79797309e-02
9.64520209e-02
9.59500555e-02
9.83369919e-02
9.74361861e-02
9.93481189e-02
9.63971065e-02
9.70227489e-02
9.66983994e-02
9.57265760e-02
9.75714202e-02
9.72739826e-02
9.88707980e-02
9.99808259e-02
9.54207622e-02
9.56287593e-02
9.56210523e-02
9.72134715e-02
9.81713525e-02
9.49990467e-02
9.82798878e-02
9.64180711e-02
9.60571100e-02
9.90230274e-02
9.45000528e-02
9.89801185e-02
9.69113283e-02
9.48461136e-02
9.40145542e-02
9.84688752e-02
9.61516973e-02
9.64997778e-02
9.71190167e-02
9.63096310e-02
9.82885899e-02
9.77912736e-02
9.73174507e-02
9.53803758e-02
9.75583339e-02
9.61758581e-02
9.73690734e-02
9.93263468e-02
9.67683067e-02
9.68404949e-02
9.84269433e-02
9.56748376e-02
9.87565072e-02
9.81702472e-02
9.49276088e-02
9.64805203e-02
9.57050748e-02
9.54263883e-02
9.66353658e-02
9.61973347e-02
9.60931925e-02
9.51841347e-02
9.66574262e-02
9.47716365e-02
9.58365968e-02
9.46154241e-02
9.53447839e-02
9.74002089e-02
9.58748967e-02
9.46336334e-02
9.58802879e-02
9.66936375e-02
9.72455708e-02
9.54211089e-02
9.86313080e-02
9.78326221e-02
9.74785697e-02
9.77017999e-02
9.64457379e-02
9.60090403e-02
9.43596317e-02
9.64235752e-02
9.46816171e-02
9.74688867e-02
9.85446325e-02
9.58923391e-02
9.80775711e-02
9.41807228e-02
9.46740772e-02
9.53667012e-02
9.71959577e-02
9.64651391e-02
9.74423152e-02
9.83300370e-02
9.65291807e-02
9.75861750e-02
9.43349791e-02
9.64525525e-02
9.65141550e-02
1.00223496e-01
9.46775962e-02
9.70583237e-02
9.80048376e-02
9.60763114e-02
9.87286762e-02
9.64656148e-02
9.53245015e-02
9.88969866e-02
9.65998381e-02
9.57689896e-02
9.67843301e-02
9.79364855e-02
9.85794190e-02
9.63794962e-02
1.00303974e-01
9.66912460e-02
9.55987575e-02
9.60910415e-02
9.65989053e-02
9.60795163e-02
9.63993198e-02
9.74463163e-02
9.62026984e-02
9.46705779e-02
9.61590267e-02
9.74236540e-02
9.58250238e-02
9.66296889e-02
9.53968445e-02
9.67733173e-02
9.52461541e-02
9.53641557e-02
9.70819934e-02
9.62970884e-02
9.83421762e-02
9.66049480e-02
9.71408032e-02
9.42942002e-02
9.83720442e-02
9.77725616e-02
9.85023314e-02
9.66021789e-02
9.58449947e-02
9.61169321e-02
9.41557995e-02
9.62336523e-02
9.63732598e-02
9.78350084e-02
9.72442254e-02
9.74992958e-02
9.76392679e-02
9.85238925e-02
9.59470385e-02
9.60694081e-02
9.61547596e-02
9.54788051e-02
9.93031754e-02
9.46622855e-02
9.55099003e-02
9.54308715e-02
9.84794471e-02
9.75435520e-02
9.75073085e-02
9.44989384e-02
9.59335214e-02
9.56664090e-02
9.57016888e-02
9.69405701e-02
9.97491108e-02
9.47392986e-02
9.69837132e-02
9.52654448e-02
9.61666317e-02
9.48874300e-02
9.83413833e-02
9.58362143e-02
9.65630711e-02
9.53378680e-02
9.62408091e-02
9.89793820e-02
9.75889672e-02
9.54169112e-02
9.64039578e-02
9.63243509e-02
9.78751729e-02
9.79125397e-02
9.57330964e-02
9.60781420e-02
9.59895812e-02
9.77148290e-02
9.90465786e-02
9.52217636e-02
9.57565986e-02
9.61294937e-02
9.59206806e-02
9.83136211e-02
9.69131276e-02
9.81843817e-02
9.79342206e-02
9.57419969e-02
9.64679600e-02
9.63163808e-02
9.63337831e-02
9.83622636e-02
9.66032654e-02
9.88598726e-02
9.85705968e-02
9.59608190e-02
9.60052430e-02
9.48747310e-02
9.72496180e-02
9.61720094e-02
9.72185222e-02
9.81982069e-02
9.59734082e-02
9.66311554e-02
9.64751750e-02
9.73228734e-02
9.78818520e-02
9.75379760e-02
9.67600760e-02
9.69572629e-02
9.54708193e-02
9.73097163e-02
9.84283233e-02
9.65963152e-02
9.40290047e-02
9.47759423e-02
9.63450921e-02
9.77961383e-02
9.77532885e-02
9.56820413e-02
9.54575591e-02
9.55883201e-02
9.57869381e-02
9.70249431e-02
9.82939225e-02
9.58525178e-02
9.68267815e-02
9.77317184e-02
9.61827649e-02
9.77913502e-02
9.61065639e-02
9.62867653e-02
9.65591261e-02
9.72613970e-02
9.65843485e-02
9.65029549e-02
9.75398059e-02
9.93228142e-02
9.64801815e-02
9.73770996e-02
9.71474255e-02
9.58302460e-02
9.49151291e-02
9.55715003e-02
9.61138195e-02
9.92467589e-02
9.82860173e-02
9.58542094e-02
9.79798403e-02
9.76483682e-02
9.82986871e-02
9.77545810e-02
9.88018332e-02
9.51732018e-02
9.47623809e-02
9.88054998e-02
9.63922615e-02
9.65455140e-02
9.74922646e-02
9.70226586e-02
9.61972862e-02
9.67754779e-02
9.53917176e-02
9.91177473e-02
9.68089434e-02
9.50188461e-02
9.75044288e-02
9.96694053e-02
9.48752032e-02
9.79385278e-02
9.52409843e-02
9.59590991e-02
9.68495451e-02
9.84858109e-02
9.53932445e-02
9.60369984e-02
9.53239929e-02
9.50287268e-02
9.62483544e-02
9.57592314e-02
9.74087084e-02
9.61767282e-02
9.51526400e-02
9.88786820e-02
9.70473890e-02
9.59823738e-02
9.65776477e-02
9.56474799e-02
9.62565118e-02
9.59994533e-02
9.67820468e-02
9.88145353e-02
9.52567869e-02
9.39296608e-02
9.50141357e-02
9.57409961e-02
9.69428637e-02
9.56556030e-02
9.80083023e-02
9.65943385e-02
9.51513371e-02
9.61358201e-02
9.77309722e-02
9.70592873e-02
9.62292004e-02
9.53898692e-02
9.73157835e-02
9.76494950e-02
9.60214764e-02
9.74502142e-02
9.34714228e-02
9.51657222e-02
9.52728425e-02
9.60641025e-02
9.94544781e-02
9.52933247e-02
9.92597502e-02
9.82776199e-02
9.68719452e-02
9.64854901e-02
9.71649334e-02
9.55205614e-02
9.55287457e-02
9.53114619e-02
9.63867476e-02
9.83430202e-02
9.50684179e-02
9.65111988e-02
9.70376912e-02
9.74017182e-02
9.45106268e-02
9.57702097e-02
9.74073730e-02
9.60975348e-02
9.63889820e-02
9.68792032e-02
9.82244916e-02
9.41082442e-02
9.44977550e-02
9.62428938e-02
9.89902100e-02
9.58809524e-02
9.58598441e-02
9.88137134e-02
9.59925919e-02
9.70081520e-02
9.65278855e-02
9.63913212e-02
9.53736290e-02
9.55515006e-02
9.71158931e-02
9.73253070e-02
9.77810490e-02
9.70341008e-02
9.46115091e-02
9.45216490e-02
1.00389122e-01
9.81556495e-02
9.59838221e-02
9.66904888e-02
9.62511910e-02
9.76082465e-02
9.61486601e-02
9.68060667e-02
9.75967369e-02
9.54061491e-02
9.63608187e-02
9.78431449e-02
9.58417795e-02
9.56799718e-02
9.76286140e-02
9.54656915e-02
9.60712265e-02
9.64956926e-02
9.74136679e-02
9.66712581e-02
9.62709169e-02
9.73508928e-02
9.72903503e-02
9.70286747e-02
9.67750620e-02
9.90519429e-02
9.68238175e-02
9.66348620e-02
9.67142275e-02
9.62413650e-02
9.52557629e-02
9.68402151e-02
9.72337696e-02
9.51425006e-02
9.52698407e-02
9.62163817e-02
9.49821552e-02
9.77940413e-02
9.40295995e-02
9.67918056e-02
9.44250417e-02
9.69067006e-02
9.52313460e-02
9.63845953e-02
9.25763011e-02
9.77825642e-02
9.45656089e-02
9.63731693e-02
9.70872693e-02
9.67682700e-02
9.63572566e-02
9.66636714e-02
9.41271499e-02
9.85757265e-02
9.82057690e-02
9.58109139e-02
9.81900873e-02
9.62847063e-02
9.51720324e-02
9.73265982e-02
9.43455821e-02
9.58426931e-02
9.60933226e-02
9.72115524e-02
9.67600649e-02
9.57742987e-02
9.83256554e-02
9.54351163e-02
9.55110803e-02
9.55947757e-02
9.59547604e-02
9.60987776e-02
9.72500774e-02
9.83787146e-02
9.76613263e-02
9.56284770e-02
9.66188472e-02
9.86605192e-02
9.55753676e-02
9.55523347e-02
9.74354177e-02
9.70958229e-02
9.67975007e-02
9.82774332e-02
9.56193885e-02
9.79085774e-02
9.58145528e-02
9.65910938e-02
9.45715011e-02
9.69363676e-02
9.56565868e-02
9.61454900e-02
9.72724895e-02
9.63171776e-02
9.85154626e-02
9.82564469e-02
9.77067943e-02
9.55629980e-02
9.78813821e-02
9.52121256e-02
9.56001466e-02
9.51939174e-02
9.38772321e-02
9.57113782e-02
9.54066965e-02
9.56092995e-02
9.89889032e-02
9.61020215e-02
9.66746919e-02
9.65572116e-02
9.72106762e-02
9.64740151e-02
9.63390367e-02
9.46599150e-02
9.47460326e-02
9.57711725e-02
9.52322825e-02
9.80513239e-02
9.53158724e-02
9.66519980e-02
9.31285720e-02
9.53853488e-02
9.58568727e-02
9.61251993e-02
9.80426202e-02
9.82222562e-02
9.48848080e-02
9.87997729e-02
9.78198847e-02
9.68036538e-02
9.68772479e-02
9.71616015e-02
9.56748238e-02
9.83983629e-02
9.72944737e-02
9.75644529e-02
9.60217102e-02
9.70095053e-02
9.88343109e-02
9.74567693e-02
9.60413590e-02
9.84774009e-02
9.67193049e-02
9.67687538e-02
9.44302478e-02
9.58925633e-02
9.60281152e-02
9.51289647e-02
9.63349802e-02
9.89621574e-02
9.33917397e-02
9.57755435e-02
9.75316268e-02
9.67544927e-02
1.00069884e-01
9.75523658e-02
9.77723841e-02
9.85220848e-02
9.56794240e-02
9.47135630e-02
9.70216602e-02
9.68946476e-02
9.55682052e-02
9.70483376e-02
9.79216585e-02
9.70997646e-02
9.74406962e-02
9.38041773e-02
9.62396306e-02
9.78851190e-02
9.60501625e-02
9.72444766e-02
9.53363701e-02
9.57318936e-02
9.43902869e-02
9.52829467e-02
9.51230143e-02
9.65979883e-02
9.53286657e-02
9.76356846e-02
9.43374764e-02
9.40595466e-02
9.69863919e-02
9.50119073e-02
9.74819495e-02
9.71988140e-02
9.92635333e-02
9.69796935e-02
9.67560075e-02
9.80000328e-02
9.51563839e-02
9.57003700e-02
9.70281427e-02
9.58065835e-02
9.57230304e-02
9.63105900e-02
9.57090810e-02
9.50164988e-02
9.68227015e-02
9.75747709e-02
9.48617160e-02
9.89179796e-02
9.84809247e-02
9.64839195e-02
9.86669495e-02
9.68096143e-02
9.74961105e-02
9.91868173e-02
9.48999137e-02
9.62760493e-02
9.75132309e-02
9.59411237e-02
9.52852306e-02
9.38266370e-02
9.77889864e-02
9.45604312e-02
9.57578338e-02
9.49550004e-02
9.54688383e-02
9.54477848e-02
9.73465105e-02
9.65170964e-02
9.67497774e-02
9.70789109e-02
9.78525566e-02
9.87666200e-02
9.43834218e-02
9.79465240e-02
9.87690496e-02
9.57470997e-02
9.68295198e-02
9.39251793e-02
9.62308411e-02
9.56758627e-02
9.73066480e-02
9.82873564e-02
9.79892972e-02
9.61644441e-02
9.68219831e-02
9.61911138e-02
9.82141094e-02
9.77386508e-02
9.62089218e-02
9.67914359e-02
9.53974572e-02
9.68883311e-02
9.83876107e-02
9.29739569e-02
9.63168048e-02
9.90954000e-02
9.88467032e-02
9.60879756e-02
9.48583289e-02
9.65689845e-02
9.78773155e-02
9.87670628e-02
9.55660952e-02
9.64539733e-02
9.48952140e-02
9.57226912e-02
9.44741419e-02
9.60568494e-02
9.66965832e-02
9.50503799e-02
9.90236027e-02
9.68136211e-02
9.71229093e-02
9.83182202e-02
9.55344032e-02
9.51130870e-02
9.45008322e-02
9.58397969e-02
9.52513580e-02
9.67447043e-02
9.57377934e-02
9.69619939e-02
9.81508277e-02
9.68070107e-02
9.44054221e-02
9.50410056e-02
9.66057437e-02
9.92105282e-02
9.57340820e-02
9.74342768e-02
9.70802513e-02
9.80191015e-02
9.61196205e-02
9.71801741e-02
9.84852022e-02
9.46999869e-02
9.71264089e-02
9.58736494e-02
9.65208775e-02
9.61059551e-02
9.51236840e-02
9.57153439e-02
9.77328593e-02
9.65280095e-02
9.55772701e-02
9.62428769e-02
9.75405257e-02
9.44684422e-02
9.62741469e-02
9.62629318e-02
9.86176550e-02
9.58807347e-02
9.71501836e-02
9.75449366e-02
9.48291594e-02
9.67662846e-02
9.83692829e-02
9.62875554e-02
9.78399648e-02
9.51757830e-02
9.50006073e-02
9.65719812e-02
9.56003717e-02
9.70887779e-02
9.81727195e-02
9.75021589e-02
9.71073320e-02
9.57398532e-02
9.75950524e-02
9.64882916e-02
9.58284880e-02
9.49634462e-02
9.53731700e-02
9.78073783e-02
9.58892942e-02
9.57610099e-02
9.67398922e-02
9.61010546e-02
9.84237479e-02
9.80953780e-02
9.49094647e-02
9.80529390e-02
9.72447403e-02
9.52033922e-02
9.95313608e-02
9.95118294e-02
9.64216869e-02
9.83106012e-02
9.64335726e-02
9.57716763e-02
9.69290260e-02
9.70198212e-02
9.53717971e-02
9.81965279e-02
9.50336044e-02
9.38892317e-02
9.59390809e-02
9.65317142e-02
9.73005122e-02
9.53037670e-02
9.83302261e-02
9.79325664e-02
9.73358408e-02
9.69237699e-02
9.85364555e-02
9.55672942e-02
9.83006369e-02
9.82015424e-02
9.47056411e-02
9.79683961e-02
9.72385608e-02
9.50140539e-02
9.63953653e-02
9.60404074e-02
9.63728760e-02
9.67956175e-02
9.72083177e-02
9.63415673e-02
9.63919051e-02
9.60956526e-02
9.59826058e-02
9.85459163e-02
9.60589577e-02
9.69364514e-02
9.74308532e-02
9.87443942e-02
9.49817345e-02
9.48540646e-02
9.67440417e-02
9.67801727e-02
9.64093291e-02
9.90242043e-02
9.60534218e-02
9.47549468e-02
9.74469825e-02
9.57092825e-02
9.84264982e-02
9.50439651e-02
9.46551034e-02
9.52920716e-02
9.98686465e-02
9.86162667e-02
9.61773821e-02
9.79453355e-02
9.58190874e-02
9.57015694e-02
9.80872382e-02
9.87444621e-02
9.70561755e-02
9.67714880e-02
9.75629879e-02
9.99577392e-02
9.65018663e-02
9.79461810e-02
9.65622539e-02
9.59827270e-02
9.61647495e-02
9.64896457e-02
9.65638416e-02
9.64879975e-02
9.61313586e-02
9.33225809e-02
9.47041022e-02
9.69317029e-02
9.49186293e-02
9.52577579e-02
9.61400340e-02
9.64528346e-02
9.53348305e-02
9.68560888e-02
9.96876448e-02
9.45325250e-02
9.71720497e-02
9.76188137e-02
9.53019916e-02
9.61803764e-02
9.63317484e-02
9.86391019e-02
9.76331500e-02
9.64879140e-02
9.87536078e-02
9.50049438e-02
9.55120775e-02
9.67791746e-02
9.64055702e-02
9.41119879e-02
9.69566027e-02
9.81689219e-02
9.81181766e-02
9.48356805e-02
9.91731320e-02
9.79504651e-02
9.50042793e-02
9.77042691e-02
9.63955030e-02
9.80317128e-02
9.79181600e-02
9.61513096e-02
9.84010310e-02
9.71385432e-02
9.72341351e-02
9.90878434e-02
9.76588243e-02
9.85515624e-02
9.33296069e-02
9.58494499e-02
9.65116296e-02
9.43297724e-02
9.64487659e-02
9.71899331e-02
9.70975139e-02
9.68674128e-02
9.74217803e-02
9.71757614e-02
9.75265244e-02
9.63320862e-02
9.67238722e-02
9.75540663e-02
9.83586464e-02
9.76422089e-02
9.67990780e-02
9.46728436e-02
9.77627068e-02
9.73532240e-02
9.72479609e-02
9.60673061e-02
9.78534369e-02
9.96965171e-02
9.85920971e-02
9.63402484e-02
9.66383971e-02
1.00381735e-01
9.68340717e-02
9.55945417e-02
9.89814725e-02
9.45568666e-02
9.63819256e-02
9.87833520e-02
9.50952563e-02
9.39308317e-02
9.71316824e-02
9.61485269e-02
9.74140386e-02
9.83231390e-02
9.55298836e-02
9.47805706e-02
9.52315046e-02
9.48342884e-02
9.59461602e-02
9.61546740e-02
9.58610905e-02
9.52912469e-02
9.64390884e-02
9.74921340e-02
9.63355858e-02
9.63460388e-02
9.88115667e-02
9.40764001e-02
9.53442883e-02
9.47480749e-02
9.70919934e-02
9.47287090e-02
9.74311356e-02
9.58907919e-02
9.65596889e-02
9.84897052e-02
9.62288715e-02
9.47651337e-02
9.76279860e-02
9.74888007e-02
9.75627265e-02
9.46093560e-02
9.69491759e-02
9.50459732e-02
9.54441479e-02
9.72416612e-02
9.43911629e-02
9.69295899e-02
9.55909539e-02
9.37449386e-02
9.89401593e-02
9.48360857e-02
9.77974548e-02
9.64284881e-02
9.76383170e-02
9.93753085e-02
9.55425626e-02
9.70844529e-02
9.66573393e-02
9.55789393e-02
9.81047779e-02
9.75915025e-02
9.66675322e-02
9.81166807e-02
9.89731382e-02
9.91276287e-02
9.63371052e-02
9.68170141e-02
9.47709548e-02
9.66872096e-02
9.80532370e-02
9.77892279e-02
9.59155115e-02
9.59935084e-02
9.64615254e-02
9.66212002e-02
9.50698774e-02
9.65208103e-02
9.35838256e-02
9.79299765e-02
9.59317430e-02
9.59072326e-02
9.71970109e-02
9.57030982e-02
9.68235596e-02
9.82176523e-02
9.77188000e-02
9.50957401e-02
9.56381080e-02
9.53890218e-02
9.54009151e-02
9.98929547e-02
9.72930668e-02
9.65369822e-02
9.38703307e-02
9.70039626e-02
9.68601448e-02
9.92668953e-02
9.77481099e-02
9.71869713e-02
9.58457813e-02
9.59368731e-02
9.54143682e-02
9.76067906e-02
9.91659927e-02
9.59961781e-02
9.80710798e-02
9.72304958e-02
9.78658572e-02
9.77680190e-02
9.62568224e-02
9.73073963e-02
9.33725267e-02
9.78034292e-02
9.53291224e-02
9.55287768e-02
9.59093034e-02
9.75348394e-02
9.65739965e-02
9.62710753e-02
9.89964353e-02
9.73978929e-02
9.65088021e-02
9.64147527e-02
9.71597573e-02
9.85486864e-02
9.74363762e-02
9.97745372e-02
9.67292799e-02
9.60591369e-02
9.74813507e-02
9.49102031e-02
9.68538778e-02
9.48582595e-02
9.79059229e-02
9.58963074e-02
9.78657170e-02
9.77907383e-02
9.68732015e-02
9.85677100e-02
9.68971846e-02
9.63146094e-02
9.61572833e-02
9.70373491e-02
9.78502514e-02
9.51813397e-02
9.53450569e-02
9.47671138e-02
9.73667222e-02
9.71996205e-02
9.64225903e-02
9.30672782e-02
9.70465032e-02
9.69726948e-02
9.55553482e-02
9.68806538e-02
9.62008624e-02
9.54639742e-02
9.50678833e-02
9.69787004e-02
9.67503957e-02
9.67754207e-02
9.67150881e-02
9.79732809e-02
9.48258350e-02
9.34186539e-02
9.43855674e-02
9.76630363e-02
9.69886812e-02
9.56228796e-02
9.93582504e-02
9.75110926e-02
9.87951502e-02
9.59205588e-02
9.73103488e-02
9.32908725e-02
9.50728529e-02
9.71341615e-02
9.80586087e-02
9.89059319e-02
9.53209190e-02
9.61933285e-02
9.52801648e-02
9.49160718e-02
9.74159772e-02
9.69678072e-02
9.72658549e-02
9.73044177e-02
9.81511040e-02
9.78322177e-02
9.45962016e-02
9.47236523e-02
9.48309374e-02
9.66735776e-02
9.53267657e-02
9.71625822e-02
9.89351616e-02
1.00375265e-01
9.71637020e-02
9.80832094e-02
9.75797037e-02
9.76372741e-02
9.64497519e-02
9.50178111e-02
9.58064725e-02
9.63940677e-02
9.52251027e-02
9.63654194e-02
9.74159285e-02
9.53961203e-02
9.54502258e-02
9.79996737e-02
9.69943185e-02
9.72526886e-02
9.49299322e-02
9.63415239e-02
9.73083888e-02
9.76802953e-02
9.51206229e-02
9.49707019e-02
9.59171010e-02
9.77666202e-02
9.69869391e-02
9.70431985e-02
9.96414312e-02
9.75239309e-02
9.70783441e-02
9.60666357e-02
9.54134733e-02
9.47283022e-02
9.91716838e-02
9.81758896e-02
9.67098379e-02
9.65400595e-02
9.66324919e-02
9.70299436e-02
9.79578176e-02
9.65101857e-02
9.41534761e-02
9.43431016e-02
9.50434367e-02
9.69005313e-02
9.67253719e-02
9.74945092e-02
9.67508310e-02
9.89430060e-02
9.61795021e-02
9.49980192e-02
9.38302284e-02
9.68347618e-02
9.62453556e-02
9.55670836e-02
9.60662930e-02
9.47667764e-02
9.69576237e-02
9.58259327e-02
9.79883482e-02
9.79954262e-02
9.62577979e-02
9.68800146e-02
9.69923372e-02
9.36410596e-02
9.78276011e-02
9.70913741e-02
9.69640472e-02
9.71327758e-02
9.73577555e-02
9.68412072e-02
9.65326670e-02
9.87477604e-02
9.84623913e-02
9.66383787e-02
9.73195623e-02
9.67885563e-02
9.80020578e-02
9.41616267e-02
9.51342367e-02
9.70490777e-02
9.77729462e-02
9.59312080e-02
9.57236849e-02
9.54653518e-02
9.60655408e-02
9.33622392e-02
9.66221032e-02
9.72462034e-02
9.58212195e-02
9.43507422e-02
9.64624915e-02
9.52111113e-02
9.47007436e-02
9.56707263e-02
9.66584447e-02
9.73615472e-02
9.49261813e-02
9.72782070e-02
9.63352925e-02
9.53370404e-02
9.66064614e-02
9.77243533e-02
9.41218391e-02
9.39711551e-02
9.49939528e-02
9.79275232e-02
9.70459952e-02
9.56712920e-02
9.79192237e-02
9.63692310e-02
9.58159737e-02
9.68635448e-02
9.60444492e-02
9.85784582e-02
9.70470414e-02
9.68449249e-02
9.61731116e-02
9.58515998e-02
9.88232303e-02
9.74584140e-02
9.68865243e-02
9.74335307e-02
9.82721825e-02
9.79125493e-02
9.76488332e-02
9.50416341e-02
9.52831574e-02
9.72499574e-02
9.39185547e-02
9.60449802e-02
9.72309896e-02
9.70582477e-02
9.74088607e-02
9.57838105e-02
9.65665272e-02
9.59899577e-02
9.54015877e-02
9.65562483e-02
9.51933622e-02
9.70687285e-02
9.59945425e-02
9.55548070e-02
9.52544599e-02
9.85303276e-02
9.75771579e-02
9.85103222e-02
9.72389413e-02
9.73260365e-02
9.59515306e-02
9.63095670e-02
9.77307826e-02
9.59979328e-02
9.79576337e-02
9.65651166e-02
9.46404520e-02
9.74623002e-02
9.73309171e-02
9.78474849e-02
9.68085668e-02
9.67672635e-02
9.71884891e-02
9.44401016e-02
9.81902589e-02
9.52506745e-02
9.71616434e-02
9.71586861e-02
9.64071592e-02
9.84327122e-02
9.67944102e-02
9.59109657e-02
9.66986149e-02
9.57812375e-02
9.79693510e-02
9.58590325e-02
9.58161953e-02
9.77314842e-02
9.77629865e-02
9.57423765e-02
9.88116307e-02
9.74608700e-02
9.71054423e-02
9.76387873e-02
9.95888145e-02
9.72027326e-02
9.93810298e-02
9.68767027e-02
9.76956793e-02
9.63657540e-02
9.78665841e-02
9.57244216e-02
9.64216823e-02
9.72929822e-02
9.99337125e-02
9.85785184e-02
9.60943212e-02
9.55977422e-02
9.80973400e-02
9.88984321e-02
9.69738185e-02
9.71544034e-02
9.62201846e-02
9.73092159e-02
9.54692984e-02
9.52500363e-02
9.66841742e-02
9.67798711e-02
9.82831650e-02
9.70915619e-02
9.51853279e-02
9.63003686e-02
9.52568081e-02
9.96528704e-02
9.75849533e-02
9.68869032e-02
9.71595238e-02
9.74259410e-02
9.45360166e-02
9.63917308e-02
9.76535325e-02
9.49324373e-02
9.56133763e-02
9.67903360e-02
9.77955642e-02
9.65997493e-02
9.59449980e-02
1.01114624e-01
9.63620615e-02
9.75961078e-02
9.67023276e-02
9.44129448e-02
9.72846909e-02
9.65193546e-02
9.54281571e-02
9.47123905e-02
9.59998557e-02
9.69424956e-02
9.71650882e-02
9.73111369e-02
9.56759331e-02
9.85957991e-02
9.49568286e-02
9.62539585e-02
9.52965949e-02
9.70549337e-02
9.93487246e-02
9.52133490e-02
9.69812236e-02
9.63509896e-02
9.60454799e-02
9.67877298e-02
9.61221687e-02
9.59740298e-02
9.47578526e-02
9.51789207e-02
9.98183309e-02
9.50935285e-02
9.66903192e-02
9.63400531e-02
9.64514717e-02
9.45540234e-02
9.62147439e-02
9.79099360e-02
9.78494089e-02
9.72304673e-02
9.70093079e-02
9.73056499e-02
9.61793145e-02
9.50040849e-02
9.69646112e-02
9.55252308e-02
9.60374551e-02
9.66802957e-02
9.82774485e-02
9.69833496e-02
1.00672002e-01
9.63958949e-02
9.68508683e-02
1.00096404e-01
9.81319367e-02
9.67169459e-02
9.75200458e-02
9.60150401e-02
9.63320183e-02
9.71683074e-02
9.44254562e-02
9.83809161e-02
9.68012827e-02
9.51143738e-02
9.57645899e-02
9.65283953e-02
9.47847669e-02
9.88808239e-02
9.60622426e-02
9.57379098e-02
9.73583647e-02
9.75646798e-02
9.64128232e-02
9.64787388e-02
9.65853408e-02
9.85204842e-02
9.45062579e-02
9.53923115e-02
9.69271543e-02
9.31316800e-02
9.62659744e-02
9.57018023e-02
9.51763052e-02
9.54267240e-02
9.57366092e-02
9.85042497e-02
9.64190838e-02
9.71123939e-02
9.63481850e-02
9.67191752e-02
9.80628212e-02
9.76978917e-02
9.71309308e-02
9.60466109e-02
9.73703385e-02
9.62698916e-02
9.76567221e-02
9.52976257e-02
9.75423363e-02
9.66772756e-02
9.64905878e-02
9.61410917e-02
9.47004812e-02
9.70089385e-02
9.86211928e-02
1.00611047e-01
9.67769851e-02
9.85635783e-02
9.76834163e-02
9.46002128e-02
9.63701418e-02
9.44061995e-02
9.60102776e-02
9.77644071e-02
9.81452592e-02
9.95953979e-02
9.83566759e-02
9.65831187e-02
9.67221693e-02
9.75848487e-02
9.71352733e-02
9.60488529e-02
9.74608923e-02
9.29003550e-02
9.43934468e-02
9.58413648e-02
9.57619808e-02
9.77993177e-02
9.60090899e-02
9.65728791e-02
9.77674659e-02
9.92974195e-02
9.71484460e-02
9.60455361e-02
9.76561861e-02
9.72491855e-02
9.73539117e-02
9.75798013e-02
9.64568945e-02
9.63999072e-02
9.68031893e-02
9.75878193e-02
9.67444826e-02
9.69135387e-02
9.74253058e-02
9.41986647e-02
9.77790380e-02
9.49061232e-02
9.47394760e-02
9.78858228e-02
9.74483692e-02
9.56630420e-02
9.89089182e-02
9.62082669e-02
9.73017281e-02
9.55635360e-02
9.63659518e-02
9.73666592e-02
9.70073654e-02
9.60435804e-02
9.75971718e-02
9.42976003e-02
9.48230924e-02
9.45482583e-02
9.57842421e-02
9.67357885e-02
9.49496206e-02
9.80047766e-02
9.49785564e-02
9.71722828e-02
9.52161163e-02
9.71862491e-02
9.55882807e-02
9.70150231e-02
9.54260010e-02
9.79616966e-02
9.80472832e-02
9.81056273e-02
9.67505734e-02
9.79622923e-02
9.54550409e-02
9.74006190e-02
9.62331578e-02
9.61482656e-02
9.74802039e-02
9.59550014e-02
9.72968761e-02
9.71566132e-02
9.74435702e-02
9.68822330e-02
9.63437290e-02
9.82780517e-02
9.85046782e-02
9.74494557e-02
9.68285998e-02
9.66285929e-02
9.77325029e-02
9.59532450e-02
9.40983518e-02
9.82060347e-02
9.71299538e-02
9.47714634e-02
9.66132082e-02
9.53831686e-02
9.65797611e-02
9.60042093e-02
9.64257449e-02
9.78431749e-02
9.72198348e-02
9.50845331e-02
9.68160953e-02
9.59391889e-02
9.78985521e-02
9.43789878e-02
9.65364539e-02
9.62838557e-02
9.59191986e-02
9.58605872e-02
9.52556069e-02
9.72607110e-02
9.48795693e-02
9.56655671e-02
9.66944818e-02
9.64867067e-02
9.82461965e-02
9.45648072e-02
9.85602472e-02
9.49957069e-02
9.58426144e-02
9.60201733e-02
9.95141056e-02
9.79391268e-02
9.59730043e-02
9.68346752e-02
9.52577240e-02
9.60945939e-02
9.52562932e-02
9.78721626e-02
9.43576486e-02
9.60888988e-02
9.62597139e-02
9.64247922e-02
9.71157490e-02
9.78075462e-02
9.75926135e-02
9.48081140e-02
9.75615569e-02
9.54436507e-02
9.58715501e-02
9.56185674e-02
9.65987610e-02
9.75143506e-02
9.74329105e-02
9.57315753e-02
9.43429790e-02
9.79308797e-02
9.67604023e-02
9.63153383e-02
9.80671603e-02
9.95458132e-02
9.69604092e-02
9.81160738e-02
9.66836711e-02
9.54021011e-02
9.50920941e-02
9.73153929e-02
9.80255385e-02
9.70758556e-02
9.67766911e-02
9.71169601e-02
9.69476455e-02
9.56873258e-02
9.51755413e-02
9.67054229e-02
9.77980574e-02
9.75350635e-02
9.69545163e-02
9.67261900e-02
9.56143719e-02
9.73389057e-02
9.50137772e-02
9.78273030e-02
9.64686960e-02
9.44843236e-02
9.80610792e-02
9.84634628e-02
9.80993333e-02
9.63678530e-02
9.60265499e-02
9.77438361e-02
9.74166097e-02
9.85426555e-02
9.70343070e-02
9.56344730e-02
9.43653697e-02
9.38464497e-02
9.87483139e-02
9.76574630e-02
9.74099167e-02
9.64575116e-02
9.56431025e-02
9.89327852e-02
9.65425711e-02
9.35467245e-02
9.59163576e-02
9.50358705e-02
9.37799374e-02
9.65382583e-02
9.78923801e-02
9.59821173e-02
9.70796548e-02
9.66749775e-02
9.89793775e-02
9.47723144e-02
9.71338514e-02
9.55454457e-02
9.68525509e-02
9.82355523e-02
9.70440429e-02
9.70994115e-02
9.50579499e-02
9.54025435e-02
9.95233914e-02
9.89665762e-02
9.68642611e-02
9.60291061e-02
9.71077979e-02
9.59199226e-02
9.57190817e-02
9.72457834e-02
9.83577310e-02
9.49216099e-02
9.43997764e-02
9.90983889e-02
9.77174856e-02
9.61485455e-02
9.66118712e-02
9.65192542e-02
9.80748764e-02
9.52512358e-02
9.83188755e-02
9.65937634e-02
9.64250947e-02
9.56081318e-02
9.77639359e-02
9.67592080e-02
9.62603283e-02
9.33442172e-02
9.61092648e-02
9.68348085e-02
9.82274948e-02
9.46041947e-02
9.72098975e-02
9.74349078e-02
9.79072763e-02
9.69384940e-02
9.85582056e-02
9.88767877e-02
9.56424750e-02
9.67752228e-02
9.58526043e-02
9.76374558e-02
9.82110594e-02
9.51167587e-02
9.81635071e-02
9.54109738e-02
9.80958974e-02
9.69394648e-02
9.48857052e-02
9.79317512e-02
9.59578068e-02
9.63729303e-02
9.84867107e-02
9.56504136e-02
9.63566162e-02
9.81647645e-02
9.56395604e-02
9.52983414e-02
9.52931351e-02
9.93573126e-02
9.96460159e-02
9.54152252e-02
9.70378943e-02
9.85771527e-02
9.65414142e-02
9.66365494e-02
9.34254353e-02
9.65649131e-02
9.55820105e-02
9.68463535e-02
9.87640227e-02
9.39327491e-02
9.76316765e-02
9.61864113e-02
9.84963128e-02
9.71483287e-02
9.47281287e-02
9.77287661e-02
9.79535671e-02
9.52541851e-02
9.76293123e-02
9.44410526e-02
9.51555060e-02
9.77397800e-02
9.66596119e-02
9.88970165e-02
9.64981160e-02
9.86393887e-02
9.70114292e-02
9.49484995e-02
9.53193186e-02
9.66849176e-02
9.66136138e-02
9.45240909e-02
9.72253010e-02
9.56179556e-02
9.68203286e-02
9.75413319e-02
9.82113185e-02
9.56458234e-02
9.82834854e-02
9.55052309e-02
9.54641572e-02
9.59883636e-02
9.44953059e-02
9.68379888e-02
9.65382146e-02
9.52683151e-02
9.53038487e-02
9.63354064e-02
9.64011239e-02
9.54606531e-02
9.81027421e-02
9.65750630e-02
9.55011359e-02
9.65766957e-02
9.52405046e-02
9.94311681e-02
9.65805074e-02
9.46941329e-02
9.75517501e-02
9.55929040e-02
9.98943647e-02
9.47900722e-02
9.89543290e-02
9.61476950e-02
9.44992924e-02
9.73084044e-02
9.52470320e-02
9.89324668e-02
9.70681287e-02
9.80946227e-02
9.74000612e-02
9.61943029e-02
9.85778835e-02
9.67730606e-02
9.79929225e-02
9.75371397e-02
9.46959590e-02
9.68739214e-02
9.63050767e-02
9.85985024e-02
9.53189894e-02
9.64080182e-02
9.56520614e-02
9.67745985e-02
9.67871994e-02
9.44538934e-02
9.60860119e-02
9.77843761e-02
9.59352789e-02
9.70591691e-02
9.67563878e-02
9.60259987e-02
9.61356878e-02
9.84977035e-02
9.69349371e-02
9.74432069e-02
9.83973262e-02
9.81664676e-02
9.59943291e-02
9.58549127e-02
9.79808011e-02
9.69210381e-02
9.89401695e-02
9.75741580e-02
9.82880719e-02
9.71098301e-02
1.00917065e-01
9.82654875e-02
9.51929945e-02
9.37125726e-02
9.66928094e-02
9.68345616e-02
9.97982710e-02
9.62321423e-02
9.74393102e-02
9.77841922e-02
9.74222551e-02
9.48284438e-02
9.82493446e-02
9.46642079e-02
9.79042006e-02
9.72998325e-02
9.59128334e-02
9.74878375e-02
9.61976015e-02
9.42752088e-02
9.51923902e-02
9.90285876e-02
9.45012331e-02
9.63723788e-02
9.68702050e-02
9.64518904e-02
9.55350750e-02
9.59135951e-02
9.35176107e-02
9.69239767e-02
9.63163796e-02
9.58107096e-02
9.71520448e-02
9.74132167e-02
9.70460348e-02
9.71582258e-02
9.64644688e-02
9.91758347e-02
9.77908883e-02
9.64712040e-02
9.48032847e-02
9.49255183e-02
9.91927305e-02
9.91947187e-02
9.60586249e-02
9.69333610e-02
9.49786873e-02
9.64883286e-02
9.69458816e-02
9.57918207e-02
9.44717106e-02
9.62842958e-02
9.80254632e-02
9.77760394e-02
9.64550669e-02
9.52184848e-02
9.72661906e-02
9.71666896e-02
9.85613042e-02
9.86165432e-02
9.43193120e-02
9.74362856e-02
9.66017883e-02
9.62752254e-02
9.63655250e-02
9.40456021e-02
9.82926816e-02
9.85160716e-02
9.65075303e-02
9.79893048e-02
9.53189223e-02
9.77206267e-02
9.60807728e-02
9.65791377e-02
9.45467247e-02
9.71585823e-02
9.63050895e-02
9.88568507e-02
9.69258848e-02
9.77044841e-02
9.56223374e-02
9.39902510e-02
9.60584149e-02
9.79887977e-02
9.79869141e-02
9.53333774e-02
9.78223206e-02
9.42695388e-02
9.66799434e-02
9.44270730e-02
9.45590700e-02
9.41300375e-02
9.50165538e-02
9.66880887e-02
9.98890036e-02
9.72930478e-02
9.72521598e-02
9.85472056e-02
9.69016332e-02
9.70301920e-02
9.35794485e-02
9.44640228e-02
9.63857784e-02
9.75413898e-02
9.71568179e-02
9.45523550e-02
9.64257751e-02
9.75015248e-02
9.67000882e-02
9.54814959e-02
9.55179728e-02
9.64608147e-02
9.82116976e-02
9.73574079e-02
9.80675762e-02
9.80805219e-02
9.66747916e-02
9.96751760e-02
9.70026001e-02
9.60691713e-02
9.52155586e-02
9.64300777e-02
9.64731206e-02
9.75462966e-02
9.65526484e-02
9.61996316e-02
9.73350529e-02
9.45488394e-02
9.76668403e-02
9.82604559e-02
9.44704347e-02
9.63067143e-02
9.61332424e-02
9.66873550e-02
9.97576526e-02
9.69967994e-02
9.73282527e-02
9.68913801e-02
9.71291622e-02
9.61389034e-02
9.70020377e-02
9.49183694e-02
9.82087175e-02
9.69707098e-02
9.51657953e-02
9.50956743e-02
9.67490102e-02
9.71410424e-02
9.60427984e-02
9.69797080e-02
9.63045824e-02
9.72230151e-02
9.80289511e-02
9.66544874e-02
9.77781600e-02
9.52418658e-02
9.78142527e-02
9.46736843e-02
9.55769238e-02
9.40274782e-02
9.78690848e-02
9.73841439e-02
9.66004171e-02
9.75891195e-02
9.67843675e-02
9.53861407e-02
9.84790694e-02
9.68498356e-02
9.49235643e-02
9.62685960e-02
9.79018988e-02
9.72010452e-02
9.83379301e-02
9.71022588e-02
9.67044587e-02
9.49810594e-02
9.61352178e-02
9.49792012e-02
9.67949272e-02
9.85864394e-02
9.64750758e-02
9.38851923e-02
9.58762959e-02
9.55045099e-02
9.76673583e-02
9.75743958e-02
9.68442871e-02
9.72130803e-02
9.84549509e-02
9.68065677e-02
9.90540757e-02
9.81640672e-02
9.52934547e-02
9.62171352e-02
9.80738757e-02
9.78087769e-02
9.68668685e-02
9.63791163e-02
9.67367727e-02
9.54094232e-02
9.77044849e-02
9.57978161e-02
9.46944181e-02
9.73553169e-02
9.71063644e-02
9.69704790e-02
9.45596909e-02
9.67586689e-02
9.76692736e-02
9.83650075e-02
9.51150243e-02
9.53080743e-02
9.64162479e-02
9.57590717e-02
9.64842712e-02
9.63789776e-02
9.48608577e-02
9.81339426e-02
9.72528203e-02
9.69107018e-02
9.48150914e-02
9.84757601e-02
9.81658591e-02
9.68078373e-02
9.87054950e-02
9.67981670e-02
9.75802894e-02
9.86980793e-02
9.72616657e-02
9.54812576e-02
9.88578584e-02
9.63359034e-02
9.62048909e-02
9.78583306e-02
9.42326995e-02
9.73300919e-02
9.61184945e-02
9.61040646e-02
9.55779811e-02
9.83988375e-02
9.59812233e-02
9.35600657e-02
9.48154336e-02
9.53187269e-02
9.35629127e-02
9.71934953e-02
9.79436556e-02
9.77422649e-02
9.63935866e-02
9.65974950e-02
9.41720093e-02
9.79459288e-02
9.74378212e-02
9.53957611e-02
9.67227665e-02
9.64408864e-02
9.41417424e-02
9.53310659e-02
9.62867110e-02
9.89136675e-02
9.60072989e-02
9.84133197e-02
9.75307632e-02
9.71906325e-02
9.83619888e-02
9.69041790e-02
9.57658352e-02
9.47773204e-02
9.57321928e-02
9.70961127e-02
9.54836619e-02
9.92953380e-02
9.60828117e-02
9.67748977e-02
9.53835922e-02
9.58351959e-02
9.80144148e-02
9.86431523e-02
9.76493869e-02
9.57449369e-02
9.64927141e-02
9.62963318e-02
9.68240002e-02
9.61200152e-02
9.69364304e-02
9.56927517e-02
9.63885628e-02
9.77592995e-02
9.48963104e-02
9.55225916e-02
9.37351286e-02
9.65056021e-02
9.73301323e-02
9.66835155e-02
9.65471241e-02
9.53655117e-02
9.45167706e-02
9.80057485e-02
9.61164160e-02
9.56470400e-02
9.96671239e-02
9.55558922e-02
9.63716942e-02
9.73572277e-02
9.61760654e-02
9.76342472e-02
9.51048210e-02
9.80286803e-02
9.64763763e-02
9.49593061e-02
9.77397670e-02
9.55198985e-02
9.86835562e-02
9.40910045e-02
9.69423543e-02
9.75141142e-02
9.71542542e-02
9.61399115e-02
9.46205627e-02
9.82028563e-02
9.66268387e-02
9.66654966e-02
9.68059899e-02
9.73363084e-02
9.67005531e-02
9.65662906e-02
9.72444705e-02
9.64645339e-02
9.76982110e-02
9.52520040e-02
9.68273929e-02
9.73594978e-02
9.79106134e-02
9.56429945e-02
1.00683220e-01
9.84833894e-02
9.83730073e-02
9.81716066e-02
9.45109106e-02
9.43718270e-02
9.76951329e-02
9.92226505e-02
9.78085986e-02
9.63685160e-02
9.62591156e-02
9.48122838e-02
9.71131846e-02
9.81473983e-02
9.53917625e-02
9.58972409e-02
9.72386872e-02
9.87051105e-02
9.63343982e-02
9.74636900e-02
9.57763561e-02
9.61195990e-02
9.80415774e-02
9.92493719e-02
9.37013187e-02
9.37293281e-02
9.68390958e-02
9.50623000e-02
9.79634357e-02
9.59562646e-02
9.82343428e-02
9.82375785e-02
9.63762533e-02
9.86628954e-02
9.69825110e-02
9.78292290e-02
9.69783958e-02
9.62289198e-02
9.76090757e-02
9.57648288e-02
9.73514421e-02
9.68476964e-02
9.87103712e-02
9.43703935e-02
9.59431653e-02
9.51306485e-02
9.74176733e-02
9.84888162e-02
9.59029103e-02
9.47440115e-02
9.68672663e-02
9.66683982e-02
9.53049686e-02
9.85548786e-02
9.75193776e-02
9.75649265e-02
9.72631192e-02
9.49502949e-02
9.77007845e-02
9.64002310e-02
9.64977391e-02
9.65710159e-02
9.64087641e-02
9.56432634e-02
1.00013918e-01
9.54378411e-02
9.82736202e-02
9.83882379e-02
9.84935049e-02
9.82969287e-02
9.76247945e-02
9.85564928e-02
9.79316902e-02
9.47307480e-02
9.56269955e-02
9.65529738e-02
9.58082270e-02
9.68591560e-02
9.59634907e-02
9.37882597e-02
9.81664761e-02
9.79676948e-02
9.61677845e-02
9.84667319e-02
9.70016843e-02
9.56303717e-02
9.90429977e-02
9.47204624e-02
9.64602704e-02
9.51116443e-02
9.41704969e-02
9.62600331e-02
9.40744404e-02
9.93045476e-02
9.51609551e-02
9.62721128e-02
9.62458600e-02
9.61293467e-02
9.59772345e-02
9.73597458e-02
9.74138741e-02
9.45921610e-02
9.68859041e-02
9.62637611e-02
9.85611885e-02
1.00009338e-01
9.80684036e-02
9.65323106e-02
9.59361811e-02
9.60421105e-02
9.64459207e-02
9.68287342e-02
9.69716566e-02
9.65055747e-02
9.64942440e-02
9.71505732e-02
9.50082904e-02
9.53375527e-02
1.00065684e-01
9.82546948e-02
9.47391918e-02
9.98019907e-02
9.78263654e-02
9.75084657e-02
9.69140503e-02
9.57534783e-02
9.75845980e-02
9.69273632e-02
9.73995240e-02
9.65061888e-02
9.47860613e-02
9.70486096e-02
9.98758428e-02
9.50204598e-02
9.43323778e-02
9.58649068e-02
9.75612164e-02
9.58991632e-02
9.59135570e-02
9.57097963e-02
9.77405733e-02
9.66337524e-02
9.60098176e-02
9.57404578e-02
9.64019152e-02
9.70878052e-02
9.69395927e-02
9.74157951e-02
9.55435893e-02
9.74609098e-02
9.74630934e-02
9.70642349e-02
9.70605780e-02
9.57264879e-02
9.56096274e-02
9.79747209e-02
9.66773384e-02
9.70246539e-02
9.55208574e-02
9.68571698e-02
9.76334823e-02
9.97904574e-02
9.56674384e-02
9.67552564e-02
9.66654438e-02
9.77501113e-02
9.67442238e-02
9.70198982e-02
9.55920366e-02
9.39212491e-02
9.92658036e-02
9.47485413e-02
9.64221009e-02
9.56329312e-02
9.69553637e-02
9.77437132e-02
9.55578797e-02
9.61457770e-02
9.45245307e-02
9.76821721e-02
9.45604467e-02
9.76362780e-02
9.70501020e-02
9.49727516e-02
9.79493189e-02
9.78200227e-02
9.67890033e-02
9.71252766e-02
9.62732093e-02
9.76806140e-02
9.86211299e-02
9.67974195e-02
9.68060721e-02
9.47555721e-02
9.56102952e-02
9.52423226e-02
9.79924364e-02
9.88438592e-02
9.73727806e-02
9.65718563e-02
9.44368836e-02
9.65579198e-02
9.78896768e-02
9.48147285e-02
9.42091436e-02
9.70970007e-02
9.45668512e-02
9.78258357e-02
9.69303587e-02
9.69115980e-02
9.43773991e-02
9.68786699e-02
9.64732817e-02
9.68150579e-02
9.49517043e-02
9.52796636e-02
9.82938607e-02
9.68225847e-02
9.64677288e-02
9.36836320e-02
9.71238887e-02
9.77915587e-02
9.67050120e-02
9.70689791e-02
9.87188664e-02
9.67493153e-02
9.56323245e-02
9.66143384e-02
9.57240127e-02
9.80755918e-02
9.70708658e-02
9.53409099e-02
9.61125483e-02
9.76973755e-02
9.76862023e-02
9.52583466e-02
9.83242457e-02
9.49476369e-02
9.70442593e-02
9.76683598e-02
9.66015967e-02
9.76343909e-02
9.76035783e-02
9.80543438e-02
9.85945916e-02
9.55583801e-02
9.69436906e-02
9.66056083e-02
9.63509540e-02
9.96512503e-02
9.58566360e-02
9.85055013e-02
9.93933855e-02
9.36376756e-02
9.60074073e-02
9.50491054e-02
9.48837702e-02
9.75597820e-02
9.84839130e-02
9.86693725e-02
9.80978216e-02
9.66637549e-02
9.56441573e-02
9.62440148e-02
9.61961404e-02
9.57181840e-02
9.45975240e-02
9.40806922e-02
9.83999102e-02
9.68441897e-02
9.79278724e-02
9.56886273e-02
9.40006646e-02
9.58402706e-02
9.97364802e-02
9.78691688e-02
9.47521367e-02
9.71662640e-02
9.70815621e-02
9.59350885e-02
9.48400322e-02
9.78867411e-02
9.44721231e-02
9.77909229e-02
9.63790335e-02
9.72363303e-02
9.58948724e-02
9.55612261e-02
9.73295998e-02
9.63990897e-02
9.65396342e-02
9.80615759e-02
9.61345624e-02
9.58845483e-02
9.56290282e-02
9.66962592e-02
9.48992043e-02
9.63952026e-02
9.40729889e-02
9.84800221e-02
9.58820002e-02
9.67394087e-02
9.67751150e-02
9.51331535e-02
9.94522054e-02
9.53098021e-02
9.68366234e-02
9.80173102e-02
9.77731776e-02
9.61724278e-02
9.43724554e-02
9.66121068e-02
9.71098944e-02
9.78986927e-02
9.34015325e-02
9.69180642e-02
9.58703456e-02
9.66509873e-02
9.35894998e-02
9.63126327e-02
9.68365091e-02
9.50357925e-02
9.54955658e-02
9.79472082e-02
9.90016595e-02
9.90673552e-02
9.54161215e-02
9.80238583e-02
9.93492155e-02
9.60276356e-02
9.73488194e-02
9.60385207e-02
9.68800771e-02
9.84975141e-02
9.64948019e-02
9.71372244e-02
9.80631142e-02
9.42100493e-02
9.76762998e-02
9.55732829e-02
9.59253337e-02
9.50898545e-02
9.38391454e-02
9.72366143e-02
9.61667921e-02
9.77211933e-02
9.71640102e-02
9.49810900e-02
9.35071569e-02
9.69177746e-02
9.69621556e-02
9.82355113e-02
9.76375252e-02
9.57362435e-02
9.81019923e-02
9.64702571e-02
9.58562100e-02
9.74699623e-02
9.54310759e-02
9.75256997e-02
9.71262057e-02
9.70342628e-02
9.45407366e-02
9.81068963e-02
9.72662792e-02
9.63699597e-02
9.59904459e-02
9.51405194e-02
9.77242549e-02
9.79576355e-02
9.59672900e-02
9.71610800e-02
9.63564410e-02
9.70863173e-02
9.74501264e-02
9.67924498e-02
9.48871512e-02
9.50351409e-02
9.56408612e-02
9.60428593e-02
9.50414553e-02
9.69833394e-02
9.58715253e-02
9.68891273e-02
9.34293382e-02
9.61137587e-02
9.63947711e-02
9.67033652e-02
9.68823605e-02
9.62484528e-02
9.68777120e-02
9.69116581e-02
9.71394002e-02
9.51672108e-02
9.68617943e-02
9.79861154e-02
9.68381724e-02
9.85687210e-02
9.72928076e-02
9.73424285e-02
9.55725975e-02
9.60891865e-02
9.50609000e-02
9.50316053e-02
9.78986530e-02
9.78836663e-02
9.53412144e-02
9.70131346e-02
9.59549411e-02
9.61396068e-02
9.65365825e-02
9.58585301e-02
9.80230524e-02
9.67184830e-02
9.64880998e-02
9.86486952e-02
9.83362700e-02
9.79178184e-02
9.38433718e-02
9.58467370e-02
9.76549343e-02
9.85691188e-02
9.42345040e-02
9.77547742e-02
9.81388070e-02
9.66487317e-02
9.79895108e-02
9.57291374e-02
9.61748558e-02
9.64762940e-02
9.59364179e-02
9.68515766e-02
9.62317471e-02
9.54736554e-02
9.73341787e-02
9.71691227e-02
9.67387755e-02
9.74521633e-02
9.62517329e-02
9.83722262e-02
9.80156315e-02
9.60218149e-02
9.58912646e-02
9.66615006e-02
9.73923565e-02
9.67204104e-02
9.65955017e-02
9.73994922e-02
9.59962412e-02
9.68021699e-02
9.72319979e-02
9.67951651e-02
9.72768922e-02
9.74412022e-02
9.64152302e-02
9.67447119e-02
9.66195877e-02
9.59828145e-02
9.65140303e-02
9.58068077e-02
9.66358786e-02
9.83988824e-02
9.56973785e-02
9.63532928e-02
9.52348957e-02
9.71447903e-02
9.57465847e-02
9.94922914e-02
9.95681185e-02
9.67810592e-02
9.64441650e-02
9.57929250e-02
9.53669596e-02
9.70732387e-02
9.64669685e-02
9.55886381e-02
9.72208662e-02
9.66974163e-02
9.58847240e-02
9.68342395e-02
9.70544067e-02
9.63076925e-02
9.44125562e-02
9.58146117e-02
9.80765359e-02
9.67059313e-02
9.56067763e-02
9.55293375e-02
9.76320679e-02
9.72291573e-02
9.65730917e-02
9.53901595e-02
9.68989111e-02
9.52607736e-02
9.43540020e-02
9.74041688e-02
9.58647647e-02
9.56598803e-02
9.52149986e-02
9.81407444e-02
9.67457063e-02
9.55262503e-02
9.41157861e-02
9.65931774e-02
9.52631250e-02
9.49073118e-02
9.70960755e-02
9.63871958e-02
9.71757211e-02
9.60416313e-02
9.67569977e-02
9.60795292e-02
9.70869138e-02
9.93960637e-02
9.86470255e-02
9.52998833e-02
9.55519321e-02
9.64829017e-02
9.80635360e-02
9.83999021e-02
9.58934467e-02
9.76545419e-02
9.86249255e-02
9.72148473e-02
9.76415563e-02
9.77630207e-02
9.64561164e-02
9.83079112e-02
9.61145383e-02
9.45244148e-02
9.57388705e-02
9.66555477e-02
9.62066713e-02
9.72637251e-02
9.75628406e-02
9.66105887e-02
9.79976184e-02
9.45968754e-02
9.72831991e-02
9.60978582e-02
9.70897422e-02
9.53599469e-02
9.76962528e-02
9.69603952e-02
9.67541377e-02
9.49820696e-02
9.48851559e-02
9.54066098e-02
9.84270036e-02
9.73500227e-02
9.55114568e-02
9.67238963e-02
9.60657775e-02
9.79007915e-02
9.78239965e-02
9.78595531e-02
9.63967512e-02
9.63628603e-02
9.60441016e-02
9.62572419e-02
9.64766366e-02
9.66004787e-02
9.26898700e-02
9.62186093e-02
9.26160014e-02
9.79253584e-02
9.61767462e-02
9.59043644e-02
9.61986865e-02
9.57781780e-02
9.59499958e-02
9.55571303e-02
9.60318266e-02
9.41057085e-02
9.90914784e-02
9.56961063e-02
9.57663944e-02
9.71730616e-02
9.55377833e-02
9.57669105e-02
9.73492497e-02
9.70116026e-02
9.63747691e-02
9.51062614e-02
9.70769038e-02
9.71994526e-02
9.76117470e-02
9.71604254e-02
9.45607341e-02
9.61309594e-02
9.81276744e-02
9.56654321e-02
9.86718278e-02
9.97685551e-02
9.73361818e-02
9.73268707e-02
9.53217859e-02
9.84170121e-02
9.60745755e-02
9.51140589e-02
9.66180589e-02
9.85051730e-02
9.58174534e-02
9.55440663e-02
9.81836423e-02
9.72841703e-02
9.68358615e-02
9.89020999e-02
9.62674261e-02
9.78439510e-02
9.67389237e-02
9.58868134e-02
9.70083221e-02
9.70535962e-02
9.78131559e-02
9.56047919e-02
9.70516773e-02
9.65484371e-02
9.68946225e-02
9.78590284e-02
9.84016972e-02
9.55804394e-02
9.47327430e-02
9.63611350e-02
9.40049563e-02
9.58657758e-02
9.73248242e-02
9.55214270e-02
9.69038399e-02
9.84518272e-02
9.53094763e-02
9.71277309e-02
9.61525964e-02
9.85816563e-02
9.64575999e-02
9.64101128e-02
9.67899814e-02
9.60351895e-02
9.53534450e-02
9.63877718e-02
9.56678787e-02
9.53212103e-02
9.66785515e-02
9.57389303e-02
9.62563989e-02
9.80324514e-02
9.70614321e-02
9.67814868e-02
9.84253614e-02
9.75642732e-02
9.62225217e-02
9.61079720e-02
9.79092278e-02
9.51910738e-02
9.64878704e-02
9.65353968e-02
9.52600598e-02
9.70000511e-02
9.61950891e-02
9.51664855e-02
9.69646518e-02
9.69604305e-02
9.61181932e-02
9.67111543e-02
9.70502333e-02
9.62327342e-02
9.50387877e-02
9.48895433e-02
9.53249365e-02
9.88456793e-02
9.95929664e-02
9.47151417e-02
9.87515782e-02
9.72386242e-02
9.64528068e-02
9.86829945e-02
9.78016461e-02
9.49217440e-02
9.75432683e-02
9.33508279e-02
9.62278037e-02
9.77556285e-02
9.72659636e-02
9.55084448e-02
9.57080043e-02
9.61583945e-02
9.89720540e-02
9.51483046e-02
9.57092834e-02
9.56586023e-02
9.53752841e-02
9.67595423e-02
9.49049909e-02
9.45605790e-02
9.27370968e-02
9.67375221e-02
9.62547188e-02
9.70257527e-02
9.64865898e-02
9.81789886e-02
9.79667508e-02
9.46707412e-02
9.56850663e-02
9.46330970e-02
9.55408225e-02
9.80967034e-02
9.59406919e-02
9.56092146e-02
9.82767495e-02
9.66547426e-02
9.58707380e-02
9.52210323e-02
9.65548375e-02
9.55104466e-02
9.53195421e-02
9.43911499e-02
9.74576922e-02
9.70531143e-02
9.70163932e-02
9.66889984e-02
9.60324187e-02
9.49617321e-02
9.40362591e-02
9.52260428e-02
9.58930194e-02
9.68430724e-02
9.95135369e-02
9.59168407e-02
9.55100162e-02
9.61025063e-02
9.60499190e-02
9.71605453e-02
9.69107901e-02
9.82975049e-02
9.97924092e-02
9.65697370e-02
9.97200883e-02
9.66794131e-02
9.52478770e-02
9.64317213e-02
9.48648349e-02
9.60145674e-02
9.80837529e-02
9.57760281e-02
9.65824833e-02
9.54779314e-02
9.58605894e-02
9.56120069e-02
9.63786802e-02
9.49660216e-02
9.77948840e-02
9.66940242e-02
9.61302484e-02
9.64024794e-02
9.89750372e-02
9.55824386e-02
9.47948000e-02
9.52774733e-02
9.56365329e-02
9.74255733e-02
9.62532274e-02
9.81226412e-02
9.74783240e-02
9.59432533e-02
9.64275879e-02
9.48326388e-02
9.59591464e-02
9.47828539e-02
9.70333428e-02
9.56552757e-02
9.89693664e-02
9.50050146e-02
9.77689837e-02
9.64112015e-02
9.40832037e-02
9.80131453e-02
9.56700533e-02
9.53948359e-02
9.55539917e-02
9.59194588e-02
9.62952734e-02
9.63127609e-02
9.69483535e-02
9.67556135e-02
9.55730755e-02
9.55636600e-02
9.66048819e-02
9.55181044e-02
9.48719849e-02
9.73473360e-02
9.69205788e-02
9.78582699e-02
9.80499491e-02
9.68681623e-02
9.65113504e-02
9.59027459e-02
9.52827727e-02
9.39744426e-02
9.88399072e-02
9.31257833e-02
9.85833305e-02
9.55747755e-02
9.75670761e-02
9.76658081e-02
9.56489559e-02
9.63508597e-02
9.70838210e-02
9.80217824e-02
9.53569097e-02
9.43792946e-02
9.71579441e-02
9.88946187e-02
9.75502136e-02
9.90893927e-02
9.63044567e-02
9.82290562e-02
9.49579617e-02
9.62150344e-02
9.83554436e-02
9.75105127e-02
9.47463264e-02
9.73866632e-02
9.67639303e-02
9.75394553e-02
9.69899599e-02
9.72477673e-02
9.72953084e-02
9.78205297e-02
9.58798145e-02
9.69111597e-02
9.78724357e-02
9.86471807e-02
9.95618411e-02
9.59785672e-02
9.57500933e-02
9.56317676e-02
9.80982524e-02
9.62841698e-02
9.97008100e-02
9.35980482e-02
9.54246511e-02
9.76097088e-02
9.46949547e-02
9.82548194e-02
9.64457383e-02
9.76368969e-02
9.62437514e-02
9.61441535e-02
9.45145804e-02
9.71893783e-02
9.52876714e-02
9.56161345e-02
9.75222127e-02
9.73127315e-02
9.63197678e-02
9.52203404e-02
9.38497892e-02
9.62482573e-02
9.60671561e-02
9.64065156e-02
9.49801215e-02
9.55083810e-02
9.51337028e-02
9.70340310e-02
9.83768651e-02
9.79120332e-02
9.69981650e-02
9.92160455e-02
9.66917746e-02
9.72638517e-02
9.48894973e-02
9.60845991e-02
9.72276601e-02
9.67826472e-02
9.60296860e-02
9.56539337e-02
9.60152920e-02
9.48577707e-02
9.69242940e-02
9.66558112e-02
9.82717203e-02
9.74909353e-02
9.57844173e-02
9.81595639e-02
1.00218752e-01
9.58301543e-02
9.47726295e-02
9.64809575e-02
9.29368477e-02
9.55187520e-02
9.70743725e-02
9.79152547e-02
9.70473866e-02
9.61057456e-02
9.84752775e-02
9.66124566e-02
9.88083030e-02
9.85002061e-02
9.91564712e-02
9.60187946e-02
9.58976030e-02
9.61257310e-02
9.55805857e-02
9.61234364e-02
9.76133809e-02
9.47532946e-02
9.83471908e-02
9.56086513e-02
9.54642023e-02
9.86916731e-02
9.90613649e-02
9.78246818e-02
9.67451113e-02
9.61727598e-02
9.76397803e-02
9.50281298e-02
9.50091363e-02
9.68385340e-02
9.54372854e-02
9.71623111e-02
9.88731731e-02
9.65167528e-02
9.50595371e-02
9.56790369e-02
9.72548645e-02
9.76154808e-02
9.65344615e-02
9.75968354e-02
9.59413283e-02
9.46153891e-02
9.62245225e-02
9.76116883e-02
9.45354560e-02
9.56242781e-02
9.65528894e-02
9.61817943e-02
9.72197606e-02
9.41687856e-02
9.79087075e-02
9.70166557e-02
9.36886749e-02
9.56444499e-02
9.64386844e-02
9.75565001e-02
9.69234262e-02
9.64397775e-02
9.56487478e-02
9.75413634e-02
9.64657089e-02
9.44512598e-02
9.81153079e-02
9.62506488e-02
9.55575622e-02
9.67392053e-02
9.69502966e-02
9.63579353e-02
9.91451904e-02
9.72388259e-02
9.34630959e-02
9.70945279e-02
9.81179076e-02
9.47746517e-02
9.73018124e-02
9.71265856e-02
9.85310456e-02
9.94776934e-02
9.58527537e-02
9.57929184e-02
9.83946756e-02
9.85273898e-02
9.53899969e-02
9.50776502e-02
9.73718082e-02
9.84115712e-02
9.73570165e-02
9.73496266e-02
9.42857693e-02
9.56194938e-02
9.61121827e-02
9.70246128e-02
9.71332573e-02
9.52215868e-02
9.54606444e-02
9.63803974e-02
9.84153947e-02
9.57473547e-02
9.49882543e-02
9.85162293e-02
9.64410882e-02
9.64319221e-02
9.78206717e-02
9.78284845e-02
9.77756930e-02
9.47101779e-02
9.86430502e-02
9.60534841e-02
9.71244442e-02
9.51050485e-02
9.59905907e-02
9.85185381e-02
9.59363744e-02
9.56269451e-02
9.61601627e-02
9.89423611e-02
9.84896906e-02
9.55665975e-02
9.50863645e-02
9.52028127e-02
9.84987262e-02
9.69188200e-02
9.74104345e-02
9.55652717e-02
9.58088561e-02
9.73230807e-02
9.40328779e-02
9.60026945e-02
9.51505045e-02
9.44261392e-02
9.66917836e-02
9.56178181e-02
9.62131526e-02
9.69679620e-02
9.67176279e-02
9.39475131e-02
9.71260539e-02
9.69691324e-02
9.80532823e-02
9.77790961e-02
9.52408188e-02
9.73428728e-02
9.70438414e-02
9.55891521e-02
9.49505658e-02
9.68301396e-02
9.65375702e-02
9.82079545e-02
9.56437890e-02
9.51074741e-02
9.68594400e-02
9.46604432e-02
9.84105603e-02
9.85354011e-02
9.70462326e-02
9.69662257e-02
9.61503642e-02
9.78886686e-02
9.73577478e-02
9.51779114e-02
9.43274205e-02
9.59237456e-02
9.80437740e-02
9.47977655e-02
9.73598593e-02
9.78879204e-02
9.69921178e-02
9.76448228e-02
9.80145833e-02
9.52280562e-02
9.34081005e-02
9.66316812e-02
9.45776357e-02
9.59094653e-02
9.47955130e-02
9.53250074e-02
9.69526447e-02
9.81453747e-02
9.84806893e-02
9.70900331e-02
9.59351161e-02
9.55603620e-02
9.86352402e-02
9.75621890e-02
9.78736841e-02
9.76026665e-02
9.59381046e-02
9.63257199e-02
9.83472077e-02
9.69118445e-02
9.65061700e-02
9.53964273e-02
9.85815585e-02
9.85165906e-02
9.52920694e-02
9.87218985e-02
9.66925803e-02
9.73473015e-02
9.32588028e-02
9.92619683e-02
9.46851344e-02
9.53262451e-02
9.55036174e-02
9.63365251e-02
9.52703988e-02
9.83134761e-02
9.58506899e-02
9.73673003e-02
9.64663850e-02
9.68501744e-02
9.67810110e-02
9.90614548e-02
9.65753648e-02
9.91442229e-02
9.88581740e-02
9.98095872e-02
9.70766807e-02
9.53933695e-02
9.77951198e-02
9.71481325e-02
9.47247563e-02
9.45076477e-02
9.65574615e-02
9.77622772e-02
9.43618074e-02
9.69149338e-02
9.56550015e-02
9.77397911e-02
9.83168336e-02
9.87499544e-02
9.64936654e-02
9.74955047e-02
9.76647452e-02
9.51846230e-02
1.00336655e-01
9.63331807e-02
9.74388506e-02
9.44277795e-02
9.36696358e-02
9.59836900e-02
9.63127612e-02
9.83959130e-02
9.72966037e-02
9.39445672e-02
9.68923688e-02
9.53780504e-02
9.71934236e-02
9.53828619e-02
9.43225165e-02
9.97608186e-02
9.78501489e-02
9.90525948e-02
9.70139181e-02
9.57483281e-02
9.85731857e-02
9.67315102e-02
9.66009410e-02
9.52452945e-02
9.58272423e-02
9.76309512e-02
9.55326603e-02
9.68792830e-02
9.45947498e-02
9.57221708e-02
9.79268772e-02
9.38226527e-02
9.71651390e-02
9.54930458e-02
9.58660015e-02
9.63545795e-02
9.56679144e-02
9.70105076e-02
9.99526220e-02
9.79689041e-02
9.66114999e-02
9.58450449e-02
9.62822938e-02
9.66048002e-02
9.60915240e-02
9.64013129e-02
9.71258169e-02
9.59215167e-02
9.80148567e-02
9.71495155e-02
9.61607317e-02
9.58481936e-02
9.78925547e-02
9.49608195e-02
9.75013730e-02
9.56088535e-02
9.84621841e-02
9.54304076e-02
9.61581542e-02
9.78261252e-02
9.47728706e-02
9.66772615e-02
9.64795894e-02
9.90345516e-02
9.58063482e-02
9.56723417e-02
9.59216124e-02
9.56414799e-02
9.62217295e-02
9.61136644e-02
9.38683547e-02
9.82939289e-02
9.55615073e-02
9.50785193e-02
9.62004838e-02
9.73301098e-02
9.79880563e-02
9.31133624e-02
9.89552120e-02
9.61546549e-02
9.71310390e-02
9.52126142e-02
9.70227701e-02
9.58583601e-02
9.68161530e-02
9.46787827e-02
9.57899919e-02
9.73921976e-02
9.88002460e-02
9.58670324e-02
9.68684959e-02
9.91447389e-02
9.90071511e-02
9.66118262e-02
9.79787132e-02
9.72323675e-02
9.82919600e-02
9.78818609e-02
9.59738737e-02
9.75212831e-02
9.75241039e-02
9.89987123e-02
9.64902038e-02
9.78984433e-02
9.79596406e-02
9.41993429e-02
9.49261316e-02
9.61207018e-02
9.86204933e-02
9.73838279e-02
9.62097776e-02
9.92000672e-02
9.51040442e-02
9.61233333e-02
9.54950769e-02
9.53461885e-02
9.74024750e-02
9.67697315e-02
9.61677082e-02
9.61704401e-02
9.80366040e-02
9.56142785e-02
9.75782831e-02
9.61751851e-02
9.66160972e-02
9.69701890e-02
9.38412321e-02
9.70533205e-02
9.74765804e-02
9.75153032e-02
9.46706195e-02
9.66287525e-02
9.54975617e-02
9.39588524e-02
9.61140238e-02
9.38246222e-02
9.57525252e-02
9.72588163e-02
9.70251341e-02
9.58644013e-02
9.61179304e-02
9.74536488e-02
9.61904127e-02
9.71438611e-02
9.45171529e-02
9.67006983e-02
9.84804385e-02
9.80232753e-02
9.75210413e-02
9.73954286e-02
9.66289673e-02
9.70357613e-02
9.64488056e-02
9.80064081e-02
9.56500520e-02
9.59769342e-02
9.43063204e-02
9.67201086e-02
9.60536935e-02
9.77884299e-02
9.81837964e-02
9.74850644e-02
9.62078556e-02
9.38026478e-02
9.64278661e-02
9.72769110e-02
9.65187806e-02
9.60003689e-02
9.48689349e-02
9.73784827e-02
9.44856740e-02
9.55034979e-02
9.47433603e-02
9.50448081e-02
9.66648191e-02
9.43219399e-02
9.72497062e-02
9.50539606e-02
9.46936958e-02
9.38048613e-02
9.58946741e-02
9.53723066e-02
9.65841031e-02
9.67860616e-02
9.66259085e-02
9.60427259e-02
9.83873345e-02
9.70853678e-02
9.84389555e-02
9.69712525e-02
9.78750026e-02
9.86161948e-02
9.45633063e-02
9.57060678e-02
9.65437674e-02
9.64389404e-02
9.65106403e-02
9.83281411e-02
9.80942822e-02
9.59927372e-02
9.74963449e-02
9.64265380e-02
9.74256286e-02
9.75312918e-02
9.70012723e-02
9.54445105e-02
9.72163794e-02
9.75654128e-02
9.72622526e-02
9.54040436e-02
9.71245660e-02
9.78640498e-02
9.86583310e-02
9.58274000e-02
9.71696736e-02
9.81985453e-02
9.70291099e-02
9.81152579e-02
9.52762685e-02
9.70329953e-02
9.86685087e-02
9.40879911e-02
9.65866426e-02
1.00134129e-01
9.66348895e-02
9.59335162e-02
9.67289996e-02
9.46285244e-02
9.59533284e-02
9.79264466e-02
9.65630529e-02
9.44404136e-02
9.71745855e-02
9.45582530e-02
9.65339018e-02
9.48650693e-02
9.63295578e-02
9.62836894e-02
9.51837624e-02
9.74294699e-02
9.46783849e-02
9.78816759e-02
9.50055087e-02
9.75666874e-02
9.42324490e-02
9.82631270e-02
9.63985145e-02
9.42861505e-02
9.79670701e-02
9.49975829e-02
9.61458312e-02
9.62062709e-02
9.44516495e-02
9.84282325e-02
9.62381516e-02
9.73210262e-02
9.65110842e-02
9.53968443e-02
9.61406485e-02
9.72300720e-02
9.68356663e-02
9.57383863e-02
9.70356090e-02
9.60864441e-02
9.47624961e-02
9.61418246e-02
9.67125499e-02
9.47739727e-02
9.56068012e-02
9.60348958e-02
9.55342575e-02
9.41119619e-02
9.60133357e-02
9.87531785e-02
9.77873042e-02
9.62548585e-02
9.84562894e-02
9.65365079e-02
9.67314982e-02
9.61388503e-02
9.39481091e-02
9.45253431e-02
9.87866601e-02
9.76437261e-02
9.58919277e-02
9.83881368e-02
9.57308635e-02
9.70628387e-02
9.77270473e-02
9.62057040e-02
9.76606712e-02
9.67688804e-02
9.65879825e-02
9.53174385e-02
9.77764697e-02
9.79023693e-02
9.76610099e-02
9.82814577e-02
9.86418195e-02
9.70013972e-02
9.56207812e-02
9.68100477e-02
9.72114939e-02
9.68020679e-02
9.81424969e-02
9.61276067e-02
9.72651061e-02
9.75010120e-02
9.79083619e-02
9.54259159e-02
9.79206281e-02
9.53058205e-02
9.74664206e-02
9.64182479e-02
9.91433240e-02
9.53866854e-02
9.92140485e-02
9.81367429e-02
9.46015753e-02
9.52630955e-02
9.57096471e-02
9.75379576e-02
1.00067534e-01
9.71164139e-02
9.82979350e-02
9.49226033e-02
9.72245892e-02
9.74610324e-02
9.41509071e-02
9.77755885e-02
9.72616925e-02
9.48755148e-02
9.70705852e-02
9.60991554e-02
9.79491266e-02
9.69368130e-02
9.67091782e-02
9.62201328e-02
9.51664834e-02
9.74397430e-02
9.71819993e-02
9.79318796e-02
9.63484224e-02
9.43406800e-02
9.59469632e-02
9.60947028e-02
9.64741946e-02
9.75687733e-02
9.57228156e-02
9.49672201e-02
9.81593900e-02
9.65894644e-02
9.59333308e-02
9.70528541e-02
9.69511411e-02
9.69504013e-02
9.67160229e-02
9.74829583e-02
9.32200844e-02
9.73192548e-02
9.62615305e-02
9.68968507e-02
9.41792308e-02
9.62753650e-02
9.88644239e-02
9.75864059e-02
9.41839588e-02
9.72473681e-02
9.68935547e-02
9.58050441e-02
9.48852665e-02
9.59410750e-02
9.59764734e-02
9.96556956e-02
9.42118543e-02
9.57672515e-02
9.74362374e-02
9.58765266e-02
9.76104907e-02
9.52174669e-02
9.60892457e-02
9.50569071e-02
9.52630692e-02
9.75386991e-02
9.74012969e-02
9.72603563e-02
9.60259677e-02
9.61668103e-02
9.63164141e-02
9.73210724e-02
9.62815882e-02
9.77135940e-02
9.67133361e-02
9.48348826e-02
9.65672010e-02
9.47329667e-02
9.67509601e-02
9.78569022e-02
9.66738222e-02
9.62512141e-02
9.76998633e-02
9.62569038e-02
9.88447695e-02
9.78256255e-02
9.63880499e-02
9.46513099e-02
9.64734213e-02
9.84602197e-02
9.80194723e-02
9.62900826e-02
9.60206876e-02
9.43092530e-02
9.68772324e-02
9.70232258e-02
9.51801796e-02
9.53798516e-02
9.71865873e-02
9.56919011e-02
9.44262171e-02
9.81246564e-02
9.47383910e-02
9.53959327e-02
9.43683314e-02
9.85538939e-02
9.50383456e-02
9.73373340e-02
9.69963749e-02
9.43205936e-02
9.66339868e-02
9.71101619e-02
9.61927164e-02
9.96471513e-02
9.67777799e-02
9.73256320e-02
9.53140780e-02
9.50639549e-02
1.00740488e-01
9.76503826e-02
9.64905943e-02
9.64636514e-02
9.56427782e-02
9.47213521e-02
9.55956867e-02
9.73192514e-02
9.76272934e-02
9.68069792e-02
9.64556014e-02
9.79634245e-02
9.72579633e-02
9.74031630e-02
9.72989102e-02
9.77627776e-02
9.60555284e-02
9.83141581e-02
9.42472382e-02
9.93375160e-02
9.58807899e-02
9.78360368e-02
9.36943660e-02
9.84921509e-02
9.53993063e-02
9.74597993e-02
9.67574379e-02
9.77812310e-02
9.76583222e-02
9.59097881e-02
9.66401555e-02
9.73035892e-02
9.84295981e-02
9.66554469e-02
9.64482571e-02
9.46599093e-02
9.57097006e-02
9.79022291e-02
9.67450700e-02
9.49196027e-02
9.61468149e-02
9.86086320e-02
9.59826558e-02
9.77566714e-02
9.52719913e-02
9.87414098e-02
9.72894071e-02
9.64582792e-02
9.68116477e-02
9.64390761e-02
9.53610052e-02
9.45454030e-02
9.61286504e-02
9.68726276e-02
9.61509987e-02
9.56704244e-02
9.47714822e-02
9.50827213e-02
9.41562780e-02
9.67082620e-02
9.59480279e-02
9.67754912e-02
9.73530251e-02
9.67500798e-02
9.60093167e-02
9.54365638e-02
9.46695271e-02
9.63760280e-02
9.72315415e-02
9.69899941e-02
9.67510069e-02
9.71349172e-02
9.61256702e-02
9.50132368e-02
9.70213822e-02
9.59233321e-02
9.68408158e-02
9.78884610e-02
9.57313316e-02
9.58387863e-02
9.74087644e-02
9.56628294e-02
9.67132484e-02
1.00657510e-01
9.65404420e-02
9.65078077e-02
9.63452626e-02
9.73676574e-02
9.86089170e-02
9.92852685e-02
9.60241858e-02
9.50619132e-02
9.74186050e-02
9.59047643e-02
9.62826283e-02
9.80205137e-02
9.62755727e-02
9.62827940e-02
9.87973979e-02
9.53577495e-02
9.80482224e-02
9.71925095e-02
9.48254227e-02
9.64259327e-02
9.82501595e-02
9.86154864e-02
9.64312548e-02
9.63428410e-02
9.44144498e-02
9.63692170e-02
9.27841088e-02
9.76468427e-02
9.69374615e-02
9.53004335e-02
9.67311673e-02
9.48952919e-02
9.58459013e-02
9.67727209e-02
9.78513514e-02
9.65442277e-02
9.67172518e-02
9.57653793e-02
9.49698127e-02
9.43221893e-02
9.82602348e-02
9.75110122e-02
9.48546377e-02
9.55176895e-02
9.48593578e-02
9.52217079e-02
9.80345679e-02
9.72273652e-02
9.55619085e-02
9.47119725e-02
9.76826837e-02
9.57647431e-02
9.69396062e-02
9.78689259e-02
9.53998940e-02
9.41068399e-02
9.65025376e-02
9.72160505e-02
9.52002156e-02
9.62499322e-02
9.61349637e-02
9.83067834e-02
9.61632238e-02
9.89010116e-02
9.88671987e-02
9.89557506e-02
9.60675274e-02
9.44728431e-02
9.97961532e-02
9.56026879e-02
9.76592164e-02
9.68915238e-02
9.74826170e-02
9.34576774e-02
9.73642378e-02
9.68723136e-02
9.67227565e-02
9.53783862e-02
9.57570614e-02
9.69604647e-02
9.50454675e-02
9.73859847e-02
9.74642908e-02
9.75169663e-02
9.74536452e-02
9.64653653e-02
9.72185910e-02
9.78866009e-02
9.36518270e-02
9.52420862e-02
9.68552463e-02
9.71688307e-02
9.47832898e-02
9.75739418e-02
9.67476541e-02
9.72507107e-02
9.85854415e-02
9.57481316e-02
9.75036613e-02
9.53027182e-02
9.72205375e-02
9.70207533e-02
9.65960798e-02
9.79460299e-02
9.61861160e-02
9.38518416e-02
9.82471611e-02
9.68974222e-02
9.81051177e-02
9.57748592e-02
9.70108404e-02
9.71015580e-02
9.51697245e-02
9.76717463e-02
9.44712217e-02
9.49836885e-02
9.84291974e-02
9.48771258e-02
9.62895586e-02
9.78141014e-02
9.47043817e-02
9.58468914e-02
9.47746936e-02
9.59521002e-02
9.60647698e-02
9.82747658e-02
9.80807442e-02
9.60166905e-02
9.52735921e-02
9.69076094e-02
9.54423284e-02
9.77158304e-02
9.51580271e-02
9.72360570e-02
9.55297685e-02
9.81860267e-02
9.86271798e-02
9.84629516e-02
9.86594289e-02
9.87255473e-02
9.72773980e-02
9.80569016e-02
9.77183583e-02
9.83466489e-02
9.72533686e-02
9.70907132e-02
9.76976734e-02
9.65900481e-02
9.62301956e-02
9.78163498e-02
9.52546037e-02
9.62530216e-02
9.50582515e-02
9.75429696e-02
9.65615460e-02
9.62160308e-02
9.75462210e-02
9.76123349e-02
9.68203089e-02
9.96643436e-02
9.93959507e-02
9.68585594e-02
9.51912131e-02
9.66268622e-02
9.90083694e-02
9.65725967e-02
9.77666980e-02
9.58356982e-02
9.77762409e-02
9.64076824e-02
9.60140333e-02
9.61774342e-02
9.62550369e-02
9.73224954e-02
9.76796682e-02
9.56525884e-02
9.99114760e-02
9.67422979e-02
9.41901105e-02
9.53672289e-02
9.60250589e-02
9.52256264e-02
9.62068608e-02
9.78214719e-02
9.47173246e-02
9.81127400e-02
9.70599092e-02
9.54186161e-02
9.64563319e-02
9.81192409e-02
9.60083075e-02
9.61361503e-02
9.64737523e-02
9.65116146e-02
9.50827386e-02
9.53598498e-02
9.59969694e-02
9.73359030e-02
9.44128589e-02
9.69357321e-02
9.78728868e-02
9.62509733e-02
9.59142244e-02
9.60730285e-02
9.71638967e-02
9.57932550e-02
9.82111299e-02
9.65714128e-02
9.91487158e-02
9.81950727e-02
9.68969901e-02
9.45630538e-02
9.60742789e-02
9.32607856e-02
9.74877007e-02
9.70778265e-02
9.88990442e-02
9.35951163e-02
9.77819994e-02
9.76117539e-02
9.75806935e-02
9.71967870e-02
9.47448666e-02
9.77651561e-02
9.45926539e-02
9.82641032e-02
9.58999165e-02
9.64698605e-02
9.59299967e-02
9.78601639e-02
9.66059101e-02
9.59462093e-02
9.48598619e-02
9.63396911e-02
9.57947090e-02
9.61818050e-02
9.65256324e-02
9.57814203e-02
9.59722563e-02
9.57297271e-02
9.75121458e-02
9.53271397e-02
9.66183448e-02
9.86336044e-02
9.73915999e-02
9.72852502e-02
9.54291204e-02
9.52618900e-02
9.49234715e-02
9.56099233e-02
9.54446235e-02
9.64891082e-02
9.63498763e-02
9.87350171e-02
9.61834672e-02
9.50414386e-02
9.51066162e-02
9.91188316e-02
9.49634808e-02
9.67990730e-02
1.00028255e-01
9.66569705e-02
9.78264347e-02
9.76442522e-02
9.69138452e-02
9.62764116e-02
9.74079151e-02
9.60873462e-02
9.79992098e-02
9.67134850e-02
1.00527475e-01
9.49008281e-02
9.69137240e-02
9.53094700e-02
9.73946596e-02
9.61016000e-02
9.74937548e-02
9.83560416e-02
9.83479451e-02
9.62751692e-02
9.53582609e-02
9.56160177e-02
9.42054934e-02
9.64525405e-02
9.55840579e-02
9.72119557e-02
9.59913554e-02
9.80114636e-02
9.50755333e-02
9.87728975e-02
9.69863951e-02
9.74731140e-02
9.64024286e-02
9.42148273e-02
9.85486144e-02
9.82350661e-02
9.87026755e-02
9.64662708e-02
9.70705634e-02
9.58587203e-02
9.89977047e-02
9.78237026e-02
9.58506454e-02
9.73637227e-02
9.53837334e-02
9.52218728e-02
9.33394301e-02
9.52256958e-02
9.71358564e-02
9.35232259e-02
9.63455801e-02
9.58976959e-02
9.62501757e-02
9.61510129e-02
9.61010641e-02
9.79096158e-02
9.68920776e-02
9.40565331e-02
9.88494925e-02
9.95456275e-02
9.82423703e-02
9.55645350e-02
9.83039041e-02
9.39721677e-02
9.65781138e-02
9.53499222e-02
9.42683768e-02
9.61684131e-02
9.64516988e-02
9.52452462e-02
9.69901896e-02
9.63672062e-02
9.67306329e-02
9.61253581e-02
9.61159706e-02
9.63854348e-02
9.76880631e-02
9.85496978e-02
9.77499453e-02
9.75772033e-02
9.49347944e-02
9.61772766e-02
9.71302747e-02
9.67658225e-02
9.46918180e-02
9.82762600e-02
9.76238890e-02
9.85323025e-02
9.67265666e-02
9.57294516e-02
9.88497050e-02
9.55953346e-02
9.51676728e-02
9.54408837e-02
9.48271649e-02
9.54116979e-02
9.63439982e-02
9.67737545e-02
9.77849291e-02
9.59100779e-02
9.67432942e-02
9.83200326e-02
9.53711060e-02
9.59215523e-02
9.75600415e-02
9.46051530e-02
9.50278054e-02
9.82050264e-02
9.61651445e-02
9.83918607e-02
9.33319869e-02
9.64709330e-02
9.83817660e-02
9.55441420e-02
9.66953337e-02
9.84579107e-02
9.63891295e-02
9.60133588e-02
9.95286550e-02
9.63877409e-02
9.74985449e-02
9.42807257e-02
9.69514506e-02
9.79105203e-02
9.57718773e-02
9.51291313e-02
9.81928047e-02
9.73837723e-02
9.25000547e-02
9.64948261e-02
9.75414549e-02
9.75982568e-02
9.63633979e-02
9.86026379e-02
9.70059762e-02
9.68801078e-02
9.81120367e-02
9.68521950e-02
9.72111151e-02
9.62154489e-02
9.78069867e-02
9.55018742e-02
9.58485201e-02
9.58501054e-02
9.51023863e-02
9.51323983e-02
9.37150261e-02
9.62721781e-02
9.66138772e-02
9.81092638e-02
9.68684847e-02
9.63240052e-02
9.84137835e-02
9.74412715e-02
9.74976856e-02
9.58823181e-02
9.74968682e-02
9.54988122e-02
9.32646200e-02
9.79313662e-02
9.68403591e-02
9.57925493e-02
9.53026108e-02
9.65884772e-02
9.73688974e-02
9.53658494e-02
9.51735071e-02
9.60385050e-02
9.56674278e-02
9.70588847e-02
9.68421215e-02
9.73661614e-02
9.80747611e-02
9.83226695e-02
9.44128726e-02
9.62429625e-02
9.62016562e-02
9.56417345e-02
9.66379135e-02
9.50468464e-02
9.68804492e-02
9.71981371e-02
9.57879532e-02
9.66752991e-02
9.87234258e-02
9.56626046e-02
9.67616666e-02
9.85265650e-02
9.70141428e-02
9.85656293e-02
9.53425954e-02
9.62134499e-02
9.74750284e-02
9.68751335e-02
9.68372066e-02
9.50546278e-02
9.76731813e-02
9.61173089e-02
9.69248091e-02
9.60181437e-02
9.72781124e-02
9.66928475e-02
9.50673151e-02
9.62202773e-02
9.80611839e-02
9.58548626e-02
9.78940687e-02
9.57178620e-02
9.76891333e-02
9.52148614e-02
9.92233098e-02
9.81939241e-02
9.57701006e-02
9.56197938e-02
9.55482318e-02
9.58977014e-02
9.56226520e-02
9.66060463e-02
9.55940661e-02
9.62203998e-02
9.58937091e-02
9.61058839e-02
9.56552112e-02
9.82094402e-02
9.86296055e-02
9.74875725e-02
9.55560696e-02
9.82054382e-02
9.68392782e-02
9.84934576e-02
9.88611941e-02
9.71571742e-02
9.52245030e-02
9.69043772e-02
9.39465640e-02
9.49890961e-02
9.59189209e-02
9.65295507e-02
9.55222517e-02
9.51166836e-02
9.71462795e-02
9.69123854e-02
9.60707612e-02
9.69338115e-02
9.79595162e-02
9.49966376e-02
9.52553320e-02
9.57929033e-02
9.77159889e-02
9.70111396e-02
9.61494190e-02
9.51751092e-02
9.84919422e-02
9.63533755e-02
9.62305452e-02
9.73300146e-02
9.77858414e-02
9.79177947e-02
9.58773492e-02
9.77020830e-02
9.71707957e-02
9.75468264e-02
9.91785777e-02
9.56416372e-02
9.70665326e-02
9.73696388e-02
9.52760276e-02
9.69890373e-02
9.53650814e-02
9.60584906e-02
9.79132857e-02
9.46490223e-02
9.65697644e-02
9.57553257e-02
9.83911459e-02
9.66381315e-02
9.54455569e-02
9.49107809e-02
9.55169069e-02
9.72933219e-02
9.58845153e-02
9.76055068e-02
9.60449845e-02
9.54976288e-02
9.83998125e-02
9.88162395e-02
9.73477802e-02
9.65560491e-02
9.64598716e-02
9.63614279e-02
9.77731646e-02
9.58485111e-02
9.85444337e-02
9.50171853e-02
9.64125034e-02
9.41834759e-02
9.56995548e-02
9.44464003e-02
9.76870625e-02
9.63994827e-02
9.70990604e-02
9.74450285e-02
9.76042940e-02
9.66058774e-02
9.59801945e-02
9.49027950e-02
9.66169908e-02
9.63426647e-02
9.83674890e-02
9.51516969e-02
9.62492159e-02
9.79202488e-02
9.36708252e-02
9.63612720e-02
9.57022998e-02
9.60390940e-02
9.55480249e-02
9.94169726e-02
9.60482518e-02
9.74633524e-02
9.77134197e-02
9.58647306e-02
9.76091807e-02
9.63337383e-02
9.86863370e-02
9.45323796e-02
9.75294723e-02
9.57905462e-02
9.68163895e-02
9.72063844e-02
9.73473469e-02
9.58917644e-02
9.70101923e-02
9.88226213e-02
9.89752036e-02
9.63983944e-02
9.72891230e-02
9.61274956e-02
9.44530016e-02
9.52748409e-02
9.69382289e-02
9.71708895e-02
9.50670007e-02
9.72937033e-02
9.42300455e-02
9.69733270e-02
9.72342029e-02
9.60214560e-02
9.35283886e-02
9.49204727e-02
9.64099848e-02
9.78942656e-02
9.80527406e-02
9.67727657e-02
9.72015415e-02
9.41237250e-02
9.46866139e-02
9.89773150e-02
1.00001402e-01
9.78150061e-02
9.76810803e-02
9.78439590e-02
9.61474796e-02
9.63011138e-02
9.73506518e-02
9.26467970e-02
9.85551106e-02
9.65979030e-02
9.80977536e-02
9.78550414e-02
9.65447660e-02
9.56985689e-02
9.82617671e-02
9.48578839e-02
9.34323008e-02
9.89510656e-02
9.63047170e-02
9.57569025e-02
9.73000218e-02
9.95561782e-02
9.61616684e-02
9.64850962e-02
9.41303080e-02
9.80801923e-02
9.63335592e-02
9.84123636e-02
9.38040317e-02
9.88340625e-02
9.84572939e-02
9.92522895e-02
9.63365258e-02
9.28441529e-02
9.58540605e-02
9.88551790e-02
9.68024623e-02
9.59255886e-02
9.94168203e-02
9.43247430e-02
9.57757725e-02
9.67119667e-02
9.77818800e-02
9.53218249e-02
9.72415724e-02
9.63200265e-02
9.76661612e-02
9.65769232e-02
9.64700609e-02
9.57834737e-02
9.65342790e-02
9.61700128e-02
9.79848868e-02
9.74264269e-02
9.52197261e-02
9.83429199e-02
9.61991614e-02
9.79311161e-02
9.63487016e-02
9.59639170e-02
9.57369695e-02
9.79151621e-02
9.73815363e-02
9.53183929e-02
9.66291843e-02
9.73205928e-02
9.72800690e-02
9.48256406e-02
9.81968391e-02
9.69837010e-02
9.59031034e-02
9.58668180e-02
9.76133128e-02
9.81691223e-02
9.82717709e-02
9.51335009e-02
9.87276479e-02
9.55810830e-02
9.67158332e-02
9.57286795e-02
9.48311828e-02
9.79756656e-02
9.65145690e-02
9.65737899e-02
9.78638178e-02
9.54929958e-02
9.84602334e-02
9.64924007e-02
9.68499769e-02
9.68713669e-02
9.53616776e-02
9.62488794e-02
9.54171644e-02
9.51669662e-02
9.60418080e-02
9.83543008e-02
9.61103906e-02
9.75692670e-02
9.54298414e-02
9.63450910e-02
9.43599228e-02
9.69968747e-02
9.58275368e-02
9.76268807e-02
9.65365635e-02
9.57156382e-02
9.63758899e-02
9.66414680e-02
9.69813480e-02
9.65471986e-02
9.65591116e-02
9.64098924e-02
9.79195418e-02
9.74236849e-02
9.62449931e-02
9.75105851e-02
9.71251532e-02
9.57483006e-02
9.73641023e-02
9.69394026e-02
9.80065998e-02
9.58193341e-02
9.75103548e-02
9.65742186e-02
9.52765438e-02
9.63439932e-02
9.49816843e-02
9.53022418e-02
9.60266137e-02
9.72924997e-02
9.64303252e-02
9.65110140e-02
9.65329261e-02
9.49640478e-02
9.68964009e-02
9.75027651e-02
9.79952788e-02
9.61948606e-02
9.46620069e-02
9.75204714e-02
9.90569415e-02
9.38653896e-02
9.50319837e-02
9.63059883e-02
9.72642441e-02
9.69477957e-02
9.57277517e-02
9.73430839e-02
9.67256541e-02
9.61730273e-02
9.74814217e-02
9.51266185e-02
9.33625062e-02
9.68783581e-02
9.46910033e-02
9.43131795e-02
9.79984009e-02
9.78392166e-02
9.86183053e-02
9.66957321e-02
9.87975966e-02
9.55551862e-02
9.42028454e-02
9.64908756e-02
9.66577183e-02
9.69284159e-02
9.52158220e-02
9.76905667e-02
9.65641238e-02
9.66288614e-02
9.58633621e-02
9.81471983e-02
9.63682097e-02
9.64097665e-02
9.68240005e-02
9.92973537e-02
9.69789207e-02
9.66006907e-02
9.61855697e-02
9.79386961e-02
9.58854810e-02
9.85732185e-02
9.71788845e-02
9.50953319e-02
9.54034594e-02
9.92031169e-02
9.83749694e-02
9.55104323e-02
9.67164921e-02
9.64526924e-02
9.70979040e-02
9.47247835e-02
9.68856043e-02
9.57217944e-02
9.45340298e-02
9.71625162e-02
9.80238092e-02
9.73533722e-02
9.76555684e-02
9.78640501e-02
9.84419601e-02
9.63958195e-02
9.90724044e-02
9.59353602e-02
9.74977929e-02
9.50335243e-02
9.68603055e-02
9.66565838e-02
9.79747887e-02
9.70820604e-02
9.59739071e-02
9.67150594e-02
9.85328945e-02
9.53888498e-02
9.49632959e-02
9.68379100e-02
9.60506457e-02
9.51870573e-02
9.66713622e-02
9.82999594e-02
9.63189817e-02
9.79732131e-02
9.71433561e-02
9.74639028e-02
9.47756519e-02
9.64596451e-02
9.71057169e-02
9.79196107e-02
9.61651613e-02
9.48767681e-02
9.91635320e-02
9.81535119e-02
9.69516777e-02
9.62800550e-02
9.60073405e-02
9.77635707e-02
9.80989091e-02
9.52282788e-02
9.54601836e-02
9.55748805e-02
9.79701282e-02
9.74142553e-02
9.90755695e-02
1.00017094e-01
9.53648603e-02
9.70354468e-02
9.80501902e-02
9.82516314e-02
9.59226097e-02
9.87169504e-02
9.72175120e-02
9.53088118e-02
9.64645998e-02
9.56840006e-02
9.64816665e-02
9.65745484e-02
9.66254851e-02
9.72782083e-02
9.67105151e-02
9.57227322e-02
9.61261415e-02
9.77765004e-02
9.58150145e-02
1.00600184e-01
9.77627719e-02
9.50404200e-02
9.43130711e-02
9.66192991e-02
9.66164575e-02
9.71265387e-02
9.68000181e-02
9.64769014e-02
9.73295956e-02
9.71601928e-02
9.67771566e-02
9.71160874e-02
9.55301574e-02
9.84814536e-02
9.62924369e-02
9.67069864e-02
9.60988783e-02
9.85492174e-02
9.74258131e-02
9.75803556e-02
9.66368758e-02
9.76092005e-02
9.57995990e-02
9.54730622e-02
9.61301823e-02
9.60263125e-02
9.55637985e-02
9.56536229e-02
9.66621237e-02
9.50749669e-02
9.47263939e-02
9.60649511e-02
9.58505961e-02
9.72774289e-02
9.96142378e-02
9.63660653e-02
9.59602293e-02
9.52147422e-02
9.49267120e-02
9.63914094e-02
9.69491469e-02
9.81399043e-02
9.78310745e-02
9.71551992e-02
9.60214960e-02
9.71177736e-02
9.66046152e-02
9.62369058e-02
9.54599639e-02
9.55072366e-02
9.60489542e-02
9.76126084e-02
9.85585572e-02
9.63872402e-02
9.77800555e-02
9.62203669e-02
9.65248027e-02
9.76165531e-02
9.70545210e-02
9.82029374e-02
9.40406912e-02
9.58859689e-02
9.56471016e-02
9.67675599e-02
9.79804802e-02
9.72845479e-02
9.76499836e-02
9.68203674e-02
9.69723919e-02
9.42180538e-02
9.67273013e-02
9.67484612e-02
9.48192906e-02
9.67676291e-02
9.65369927e-02
9.76201879e-02
9.67767117e-02
9.63437234e-02
9.58993712e-02
9.77322244e-02
9.82836487e-02
9.55359581e-02
9.70447446e-02
9.55034686e-02
9.51406521e-02
9.68736010e-02
9.73347150e-02
9.63993955e-02
9.84529453e-02
9.63096080e-02
9.49341443e-02
9.52936386e-02
9.90123912e-02
9.47469665e-02
9.80637467e-02
9.73975995e-02
9.60819679e-02
9.87621012e-02
9.87947098e-02
9.55487968e-02
9.70448721e-02
9.53044694e-02
9.69588635e-02
9.80614828e-02
9.66160824e-02
9.81964166e-02
9.75644109e-02
9.58616175e-02
9.74788506e-02
9.70434675e-02
9.69301578e-02
9.80853407e-02
9.62140505e-02
9.74895034e-02
9.78922731e-02
9.65998781e-02
9.79584006e-02
9.61774456e-02
9.65246833e-02
9.67087807e-02
9.68055111e-02
9.48225194e-02
9.80591880e-02
9.90841462e-02
9.55134416e-02
9.56251712e-02
9.78948387e-02
9.79329096e-02
9.76537002e-02
9.76495651e-02
9.60854177e-02
9.61641953e-02
9.66699372e-02
9.51433640e-02
9.86173355e-02
9.52750965e-02
9.63627856e-02
9.87336267e-02
9.68013067e-02
9.65591123e-02
9.55947509e-02
9.50632888e-02
9.68502849e-02
9.62062752e-02
9.63201160e-02
9.61740056e-02
9.76576463e-02
9.76036500e-02
9.69088125e-02
9.48947091e-02
9.84339525e-02
9.88709653e-02
9.69942790e-02
9.53952604e-02
9.84369897e-02
9.87192684e-02
9.72144207e-02
9.62811997e-02
9.96611003e-02
9.64802216e-02
9.67713008e-02
9.82669333e-02
9.63624433e-02
9.89939311e-02
9.64314248e-02
9.70713048e-02
9.71216480e-02
9.70363058e-02
9.53013836e-02
9.83670060e-02
9.69914035e-02
9.48247105e-02
9.64580668e-02
9.70152007e-02
9.47586469e-02
9.56788928e-02
9.68222581e-02
9.67860795e-02
9.66976070e-02
9.52760171e-02
9.53614070e-02
9.73153385e-02
9.55142271e-02
9.79229627e-02
9.51990206e-02
9.63517614e-02
9.53829455e-02
9.54659204e-02
9.65260095e-02
9.65512337e-02
9.60584379e-02
9.82634550e-02
9.64170965e-02
9.55421725e-02
9.44331390e-02
9.54031638e-02
9.70212267e-02
9.76130574e-02
9.57815899e-02
9.59063628e-02
9.63832772e-02
9.71107806e-02
9.48636481e-02
9.54953146e-02
9.51832266e-02
9.45602595e-02
9.53380740e-02
9.90666493e-02
9.82417478e-02
9.90841144e-02
9.66833170e-02
9.61789491e-02
9.49753571e-02
9.66112183e-02
9.69167329e-02
9.60588666e-02
9.75203098e-02
9.75706848e-02
9.80866363e-02
9.44165240e-02
9.72975760e-02
9.45375392e-02
9.62600797e-02
9.71957882e-02
9.76108355e-02
9.57897800e-02
9.72949784e-02
9.85727370e-02
9.89494103e-02
9.45972511e-02
9.39986044e-02
9.66540654e-02
9.88358308e-02
9.61354200e-02
9.54154680e-02
9.74654892e-02
9.75652473e-02
9.64380990e-02
9.59387662e-02
9.59693304e-02
1.00163691e-01
9.63695773e-02
9.57433553e-02
9.69592644e-02
9.56943032e-02
9.78854849e-02
9.70227508e-02
9.55820508e-02
9.64205885e-02
9.53077852e-02
9.60504183e-02
9.80205222e-02
9.84390241e-02
9.70985416e-02
9.73852811e-02
9.77887550e-02
9.54757578e-02
9.70447397e-02
9.84328468e-02
9.59508053e-02
9.75640492e-02
9.60902447e-02
9.61950588e-02
9.57868964e-02
9.68780872e-02
9.51027571e-02
9.69335216e-02
9.58853272e-02
9.70442918e-02
9.48939990e-02
9.28902961e-02
9.58671533e-02
9.91559468e-02
9.69743868e-02
9.67852587e-02
9.80549262e-02
9.52322195e-02
9.59336051e-02
9.54236145e-02
9.44007280e-02
9.66210485e-02
9.73253609e-02
9.57431834e-02
9.47530398e-02
9.66647831e-02
9.75328287e-02
9.84583407e-02
9.57245822e-02
9.51533585e-02
9.68872518e-02
9.58174302e-02
9.57299899e-02
9.73098913e-02
9.80707467e-02
9.91001040e-02
9.76191591e-02
9.54206452e-02
9.82922234e-02
9.46998928e-02
9.42106698e-02
9.94549263e-02
9.11847975e-02
9.52040599e-02
9.53818392e-02
9.65412949e-02
9.76893357e-02
9.78223146e-02
9.75668682e-02
9.69722063e-02
9.56968082e-02
9.61448170e-02
9.57867831e-02
9.73676738e-02
9.77330757e-02
9.81289691e-02
9.55816034e-02
9.63994144e-02
9.78300946e-02
9.59972032e-02
9.71319617e-02
9.49227475e-02
9.58822003e-02
9.70944394e-02
9.66284443e-02
9.66065340e-02
9.79569507e-02
9.50931124e-02
9.64868436e-02
9.71652563e-02
9.60635541e-02
9.76097779e-02
9.48609435e-02
9.43510577e-02
9.81650921e-02
9.89099407e-02
9.45745384e-02
9.81198742e-02
9.79969990e-02
9.49634014e-02
9.50955181e-02
9.59401414e-02
9.62709448e-02
9.80653590e-02
9.59231729e-02
9.83890480e-02
9.80652054e-02
9.45433671e-02
9.90115623e-02
9.77927946e-02
9.44248282e-02
9.44764833e-02
9.61155337e-02
9.73371358e-02
9.63882537e-02
9.61607072e-02
9.38433453e-02
9.66337400e-02
9.60574557e-02
9.38279836e-02
9.84033978e-02
9.67586979e-02
9.90567145e-02
9.78080488e-02
9.68281754e-02
9.61007849e-02
9.68685908e-02
9.55475032e-02
9.75309640e-02
9.50382292e-02
9.73672119e-02
9.84730191e-02
9.72687144e-02
9.50484914e-02
9.70187612e-02
9.53581985e-02
9.41985619e-02
9.63078049e-02
9.70215187e-02
9.62532594e-02
9.58314832e-02
9.77207162e-02
9.52836532e-02
9.48902968e-02
9.71506021e-02
9.51858416e-02
9.42798549e-02
9.77085128e-02
9.76954745e-02
9.74287334e-02
9.72861598e-02
9.64695649e-02
9.60993245e-02
9.75598689e-02
9.78773446e-02
9.60226909e-02
9.58950844e-02
9.64273782e-02
9.71135625e-02
9.65668746e-02
9.63903407e-02
9.58409019e-02
9.68003752e-02
1.00273879e-01
9.69870583e-02
9.52266474e-02
9.70873014e-02
9.41942772e-02
9.81350870e-02
9.81475349e-02
9.47917717e-02
9.57953466e-02
9.79075187e-02
9.65335081e-02
9.66388403e-02
9.57657366e-02
9.68547162e-02
9.80553832e-02
9.63162354e-02
9.55272651e-02
9.81071390e-02
9.50788729e-02
9.57386025e-02
9.63669210e-02
9.47152182e-02
9.55521198e-02
9.58773284e-02
9.68622804e-02
9.62040912e-02
9.50829401e-02
9.97807076e-02
9.66836713e-02
9.63092908e-02
9.84116489e-02
9.56526785e-02
9.77588621e-02
9.56279779e-02
9.75139520e-02
9.81153986e-02
9.65729613e-02
9.62092163e-02
9.67317972e-02
9.55224598e-02
9.67408612e-02
9.55675802e-02
9.66143533e-02
9.69297946e-02
9.55050958e-02
9.51327791e-02
9.71046689e-02
9.50809272e-02
9.52308840e-02
9.70506894e-02
9.64912830e-02
9.79966050e-02
9.72941050e-02
9.68610095e-02
9.53561280e-02
9.63892877e-02
9.68978585e-02
9.62735703e-02
9.65831769e-02
9.81537373e-02
9.76800298e-02
9.60171785e-02
9.52461065e-02
9.71675936e-02
9.64767294e-02
9.58211035e-02
9.55453818e-02
9.41845283e-02
9.77926980e-02
9.81060834e-02
9.84995615e-02
9.75771038e-02
9.68218717e-02
9.71348642e-02
9.79990134e-02
9.65185115e-02
9.53963037e-02
9.45390637e-02
9.81457769e-02
9.79808861e-02
9.91504985e-02
9.62895366e-02
9.52248111e-02
9.60818983e-02
9.80045523e-02
9.68072731e-02
9.38717824e-02
9.94246452e-02
9.63004371e-02
9.75841140e-02
9.46570723e-02
9.53937042e-02
9.62361508e-02
9.68220462e-02
9.49838698e-02
9.59058318e-02
9.77290972e-02
9.61721820e-02
9.82698423e-02
9.53079341e-02
9.93498493e-02
9.39474442e-02
9.77357382e-02
9.65899210e-02
9.68636027e-02
9.91156663e-02
9.89909900e-02
9.61255185e-02
9.92226585e-02
9.60812413e-02
9.54502226e-02
9.46692635e-02
9.54689763e-02
9.63544447e-02
9.61751178e-02
9.60816698e-02
9.46505652e-02
9.68786344e-02
9.66439586e-02
9.79121701e-02
9.76556949e-02
9.62460475e-02
9.64670203e-02
9.65252960e-02
9.73437814e-02
9.66312853e-02
9.58543846e-02
9.55510957e-02
9.58650187e-02
9.47609107e-02
9.50551505e-02
9.76350306e-02
9.80517402e-02
9.48107404e-02
9.55844193e-02
9.65046855e-02
9.70606091e-02
9.78868509e-02
9.68523846e-02
9.71376106e-02
9.71610499e-02
9.53957540e-02
9.50484450e-02
9.62694274e-02
9.67824427e-02
9.87925066e-02
9.69025121e-02
9.71813380e-02
9.68892506e-02
9.49328633e-02
9.83886472e-02
9.68162352e-02
9.59458372e-02
9.52706844e-02
9.51019218e-02
9.77529077e-02
9.74398495e-02
9.84840552e-02
9.74808145e-02
9.73502953e-02
9.60443854e-02
9.78669013e-02
9.70991993e-02
9.61063487e-02
9.47390316e-02
9.56298540e-02
9.68056788e-02
9.72600578e-02
9.68697211e-02
9.57129293e-02
9.49465536e-02
9.76230740e-02
9.63764621e-02
9.68840450e-02
9.80617839e-02
9.85845486e-02
9.51803761e-02
9.64950169e-02
9.56198498e-02
1.00250665e-01
9.73797430e-02
9.63083353e-02
9.53671043e-02
9.69022639e-02
9.66602743e-02
9.72154984e-02
9.77220044e-02
9.79969421e-02
9.80961385e-02
9.71064128e-02
9.53282711e-02
9.57001113e-02
9.88866091e-02
9.67834916e-02
9.62469530e-02
9.63641552e-02
9.75429176e-02
9.87160653e-02
9.70163435e-02
9.63929124e-02
9.71778418e-02
9.64517995e-02
9.65137533e-02
9.62565963e-02
9.62840305e-02
9.69065313e-02
1.00415094e-01
9.63631946e-02
9.83588060e-02
9.65718578e-02
9.74619185e-02
9.98406789e-02
9.55964619e-02
9.44717422e-02
9.55110282e-02
9.55429619e-02
9.68154640e-02
9.72753089e-02
9.55473424e-02
9.66244164e-02
9.54444715e-02
9.87927329e-02
9.77237355e-02
9.75047748e-02
9.70080602e-02
9.60849556e-02
9.56412220e-02
9.54755153e-02
9.61589452e-02
9.63044268e-02
9.63466186e-02
9.68662874e-02
9.76222230e-02
9.66722039e-02
9.41403609e-02
9.61790438e-02
9.76723787e-02
9.69395551e-02
9.77851520e-02
9.93717013e-02
9.65682685e-02
9.85983943e-02
9.39195539e-02
9.65932840e-02
9.44307099e-02
9.52920242e-02
9.49760330e-02
9.56645172e-02
9.64370468e-02
9.56731254e-02
9.73060646e-02
9.74779042e-02
9.83134839e-02
9.67330861e-02
9.66163256e-02
9.50515593e-02
9.79904873e-02
9.63228630e-02
9.54789895e-02
9.89143922e-02
9.72853990e-02
9.88536148e-02
9.45622536e-02
9.79462354e-02
9.72139019e-02
9.77482744e-02
9.48906051e-02
9.83305656e-02
9.74820085e-02
9.99310673e-02
9.66024740e-02
9.86112712e-02
9.53307228e-02
9.68143450e-02
9.63017195e-02
9.64597598e-02
9.72308119e-02
9.62064745e-02
9.90218412e-02
9.71352561e-02
9.58927357e-02
9.72480401e-02
9.68116695e-02
9.56279762e-02
9.70145574e-02
9.65759361e-02
9.65828531e-02
9.73951623e-02
9.49285153e-02
9.75999373e-02
9.73043906e-02
9.57105987e-02
9.87532588e-02
9.71222015e-02
9.61158590e-02
9.78485389e-02
9.58493218e-02
9.66805222e-02
9.64976337e-02
9.64453800e-02
9.76782572e-02
9.83285437e-02
9.76565983e-02
9.53765477e-02
9.76514177e-02
9.52409762e-02
9.55112060e-02
9.69100853e-02
9.64077576e-02
9.37806373e-02
9.54288647e-02
9.40924510e-02
9.84442208e-02
9.69417844e-02
9.45726417e-02
9.56968608e-02
9.82473043e-02
9.78800089e-02
9.35989414e-02
9.50850381e-02
9.76743347e-02
9.86414008e-02
9.68198999e-02
9.79232432e-02
9.74660511e-02
9.68496407e-02
9.57591670e-02
9.63318049e-02
9.54826722e-02
9.61229156e-02
9.70313713e-02
9.92418416e-02
9.59182522e-02
9.42257561e-02
9.83157077e-02
9.62339297e-02
9.54725277e-02
9.72444122e-02
9.83489912e-02
9.89700662e-02
9.51136559e-02
9.46519198e-02
9.55588347e-02
9.64918308e-02
9.71566545e-02
9.62935659e-02
9.80777531e-02
9.66423946e-02
9.88530974e-02
9.67172794e-02
9.62342264e-02
9.72631371e-02
9.84852947e-02
9.91202611e-02
9.58537979e-02
9.70081642e-02
9.67863721e-02
9.70622224e-02
9.84174196e-02
9.78011182e-02
9.74643745e-02
9.76500274e-02
9.75973748e-02
9.61985823e-02
9.85191962e-02
9.70360220e-02
9.77588468e-02
9.63293340e-02
9.48354129e-02
9.58336282e-02
9.49130377e-02
9.70948551e-02
9.76646575e-02
9.63377975e-02
9.54684249e-02
9.76938825e-02
9.60585743e-02
9.70871541e-02
9.85343823e-02
9.35948686e-02
9.54417791e-02
9.75765907e-02
9.68332191e-02
9.52300598e-02
9.85944725e-02
9.75546757e-02
9.81164767e-02
9.56693973e-02
9.81506193e-02
9.66767746e-02
9.45654125e-02
9.52231723e-02
9.67098792e-02
9.63616780e-02
9.64051413e-02
9.70575281e-02
9.59119606e-02
9.69981357e-02
9.72116761e-02
9.70127527e-02
9.69834969e-02
9.77879154e-02
9.67463243e-02
9.65797199e-02
9.73824313e-02
9.67640988e-02
9.73194618e-02
9.72032583e-02
9.72480173e-02
9.61620444e-02
9.81077597e-02
9.62480638e-02
9.56852067e-02
9.56981665e-02
9.59934880e-02
9.69607709e-02
9.49252523e-02
9.62680768e-02
9.80663798e-02
9.77013270e-02
9.68707250e-02
9.58817974e-02
9.52940069e-02
9.66002095e-02
9.71479428e-02
9.47532994e-02
9.76046818e-02
9.54130538e-02
9.77639065e-02
9.71149563e-02
9.57364522e-02
9.85857209e-02
9.44344643e-02
9.57515548e-02
9.52415795e-02
9.44058890e-02
9.56793722e-02
9.52388603e-02
9.59458777e-02
9.75729352e-02
9.73130074e-02
9.55954373e-02
9.83428340e-02
9.62665197e-02
9.82652403e-02
9.55226917e-02
9.51250009e-02
9.40154635e-02
9.69604123e-02
9.61621401e-02
9.61268942e-02
9.72593561e-02
9.46129168e-02
9.82860652e-02
9.65824434e-02
9.38964755e-02
9.85534991e-02
9.42758145e-02
9.73369241e-02
9.63412962e-02
9.70436498e-02
9.61033899e-02
9.66524239e-02
9.74213122e-02
9.79346283e-02
9.63178538e-02
9.58463784e-02
9.77541710e-02
9.56236728e-02
9.78247207e-02
9.68461593e-02
9.77520827e-02
9.57204616e-02
9.68622514e-02
9.70007619e-02
9.59452028e-02
9.76616714e-02
9.71435932e-02
9.73053308e-02
9.76127186e-02
9.63284213e-02
9.63058648e-02
9.68304858e-02
9.90303724e-02
9.60758184e-02
9.59184209e-02
9.53698781e-02
9.68716790e-02
9.84912250e-02
9.71357926e-02
9.68120135e-02
9.59171878e-02
9.41122535e-02
9.62347552e-02
9.85419848e-02
9.84598112e-02
9.74336062e-02
9.66274047e-02
9.84735501e-02
9.43315106e-02
9.57385145e-02
9.65739177e-02
9.48402032e-02
9.68562085e-02
9.76725926e-02
9.80424007e-02
9.48152954e-02
9.60633619e-02
9.65204149e-02
9.56290517e-02
9.63257548e-02
9.74731875e-02
9.40122479e-02
9.72336063e-02
9.48784202e-02
9.56660869e-02
9.71150656e-02
9.43371732e-02
9.71259393e-02
9.68713272e-02
9.53174322e-02
9.89240030e-02
9.49724089e-02
9.77747881e-02
9.52114553e-02
9.47626952e-02
9.61279069e-02
9.70349472e-02
9.77769195e-02
9.81231570e-02
9.81209014e-02
9.61912712e-02
9.54372239e-02
9.72262316e-02
9.58833426e-02
9.84705070e-02
9.46633498e-02
9.65918683e-02
9.78717421e-02
9.61511506e-02
9.72068478e-02
9.62753229e-02
9.77665984e-02
9.57532138e-02
9.82493317e-02
9.43426450e-02
9.65328232e-02
9.73414632e-02
9.57416214e-02
9.79851040e-02
9.74737181e-02
9.58625388e-02
9.83295886e-02
9.70902792e-02
9.51457307e-02
9.57085210e-02
9.62903973e-02
9.66372117e-02
9.96948884e-02
9.69104972e-02
1.00779351e-01
9.93388911e-02
9.69852614e-02
9.53701604e-02
9.68991822e-02
9.55521300e-02
9.63363731e-02
9.43734350e-02
9.58133215e-02
9.82537695e-02
9.41915972e-02
9.50262492e-02
9.73595457e-02
9.56870849e-02
9.66745927e-02
9.66842556e-02
9.72551012e-02
9.83022376e-02
9.55193438e-02
9.60538631e-02
9.53342024e-02
9.85392743e-02
9.58861766e-02
9.68977886e-02
9.72910812e-02
9.41812099e-02
9.87529954e-02
9.71003672e-02
9.70446635e-02
9.76993139e-02
9.65921920e-02
9.67351081e-02
9.75639339e-02
9.82739996e-02
9.86862114e-02
9.90352365e-02
9.68424783e-02
9.46323962e-02
9.61099050e-02
9.79543558e-02
9.69319374e-02
9.78462016e-02
9.73020479e-02
9.66002447e-02
9.57440937e-02
9.64764057e-02
9.72932433e-02
9.82908905e-02
9.62573634e-02
9.77505827e-02
9.72527802e-02
9.67267681e-02
9.89537681e-02
9.53484373e-02
9.73100485e-02
9.64900040e-02
9.69649079e-02
9.73859962e-02
9.85993053e-02
9.79968603e-02
9.53442542e-02
9.84187609e-02
9.60019317e-02
9.92413254e-02
9.54315132e-02
9.41275109e-02
9.77776766e-02
9.60973292e-02
9.53330910e-02
9.75925489e-02
9.69632881e-02
9.56650048e-02
9.76014343e-02
9.75672779e-02
9.64844268e-02
9.59018572e-02
9.47885793e-02
9.63257051e-02
9.73030867e-02
9.49971411e-02
9.50595155e-02
9.66036531e-02
9.49248842e-02
9.58734582e-02
9.74688888e-02
9.58817729e-02
9.66071134e-02
9.71804421e-02
9.82008694e-02
9.68919901e-02
9.77795150e-02
9.83808478e-02
9.69163631e-02
9.79370411e-02
9.48917829e-02
9.56361488e-02
9.75879574e-02
9.61527615e-02
9.85875296e-02
9.76522378e-02
9.72298011e-02
9.91373973e-02
9.67966384e-02
9.80603216e-02
9.57952750e-02
9.54313078e-02
9.67594193e-02
9.50413943e-02
9.70208158e-02
9.71658224e-02
9.63467729e-02
9.63670516e-02
9.77181357e-02
9.81979039e-02
9.75902156e-02
9.71421187e-02
9.80938403e-02
9.62663517e-02
9.64656819e-02
9.73695933e-02
9.49605290e-02
9.65094080e-02
9.75429055e-02
9.53199898e-02
9.51663849e-02
9.63019861e-02
9.54000831e-02
9.80782237e-02
9.66199946e-02
9.56719617e-02
9.73319973e-02
9.54933821e-02
9.81684228e-02
9.90626461e-02
9.71764821e-02
9.54855985e-02
9.84950730e-02
9.65539342e-02
9.60081185e-02
9.83261420e-02
9.45085725e-02
9.68742059e-02
9.65900732e-02
9.76355273e-02
9.85105420e-02
9.84487964e-02
9.54297995e-02
9.66090969e-02
9.58822310e-02
9.71458879e-02
9.72024444e-02
9.83956145e-02
9.56783462e-02
9.56642788e-02
9.88899784e-02
9.63842660e-02
9.64155686e-02
9.59424701e-02
9.63947745e-02
9.66851210e-02
9.52917415e-02
9.61577727e-02
9.85616454e-02
9.50606193e-02
9.89272256e-02
9.51093498e-02
9.64631009e-02
9.60520142e-02
9.72913678e-02
9.61557975e-02
9.51831357e-02
9.57992393e-02
9.82660481e-02
9.83939050e-02
9.44597541e-02
9.70308080e-02
9.71524472e-02
9.55982410e-02
9.71474784e-02
9.69955018e-02
9.56331979e-02
9.55471331e-02
9.70144502e-02
9.85776957e-02
9.65078671e-02
9.68158714e-02
9.85377691e-02
9.67338443e-02
9.86752552e-02
9.42418089e-02
9.80526308e-02
9.62248220e-02
9.64646331e-02
9.67782817e-02
9.56028711e-02
9.48359261e-02
9.56992433e-02
9.83121391e-02
9.62903172e-02
9.69905412e-02
9.70877828e-02
9.58569453e-02
9.56487278e-02
9.74971202e-02
9.54532128e-02
9.65166425e-02
9.98808179e-02
9.53400070e-02
9.57129673e-02
9.52487029e-02
9.71847852e-02
9.56942839e-02
9.59330743e-02
9.60055447e-02
9.66669882e-02
9.83014807e-02
9.70182389e-02
9.50178968e-02
9.63448242e-02
1.00270857e-01
9.63464430e-02
9.82142033e-02
9.57591097e-02
9.80296588e-02
9.67753005e-02
9.55135331e-02
9.51836658e-02
9.52218978e-02
9.59872801e-02
9.67632698e-02
9.55064557e-02
9.81600444e-02
9.66364359e-02
9.54766766e-02
9.67835326e-02
9.42534055e-02
9.78431263e-02
9.61683761e-02
9.43491818e-02
9.68507563e-02
9.72179627e-02
9.53452662e-02
9.69908897e-02
9.73565229e-02
9.74329029e-02
9.58723054e-02
9.55073949e-02
9.64811805e-02
9.85319130e-02
9.67929953e-02
9.67086884e-02
9.62769394e-02
9.72130452e-02
9.80332252e-02
9.55812579e-02
9.77132963e-02
9.65897725e-02
9.74813038e-02
9.70520233e-02
9.38888912e-02
9.71394287e-02
9.79821207e-02
9.84437382e-02
9.68681188e-02
9.72174161e-02
9.67912000e-02
9.69928128e-02
9.35088132e-02
9.60161506e-02
9.51934717e-02
9.74993042e-02
9.54195296e-02
9.73243958e-02
9.50946726e-02
9.53587813e-02
9.49185542e-02
9.55542127e-02
9.84154795e-02
9.64803354e-02
9.56453644e-02
9.66404186e-02
9.51353752e-02
9.78662089e-02
9.81063980e-02
9.64650529e-02
9.80384744e-02
9.69711523e-02
9.59966903e-02
9.99503517e-02
9.45070747e-02
9.54258180e-02
9.57311372e-02
9.47691129e-02
9.62701346e-02
9.60153462e-02
9.64138555e-02
9.47745718e-02
9.80009348e-02
9.63301209e-02
9.66065055e-02
9.70651661e-02
9.84736635e-02
9.51594195e-02
9.78835854e-02
9.53377668e-02
9.79115468e-02
9.58267319e-02
9.41259773e-02
9.63621757e-02
9.54019276e-02
9.75851391e-02
9.77375107e-02
9.61361295e-02
9.61817618e-02
9.57162238e-02
9.61864099e-02
9.49736937e-02
9.67548139e-02
9.49256700e-02
9.72125871e-02
9.59136290e-02
9.52746717e-02
9.83025316e-02
9.72181408e-02
1.00063938e-01
9.87643220e-02
9.53567425e-02
9.71743846e-02
9.69948596e-02
9.69719742e-02
9.56520761e-02
9.68280010e-02
9.45959046e-02
9.69849550e-02
9.79574804e-02
9.67524494e-02
9.64417880e-02
9.79452717e-02
9.63804217e-02
9.47727094e-02
9.85970591e-02
9.71081189e-02
9.63444603e-02
9.75568037e-02
9.51313049e-02
9.53364557e-02
9.55787536e-02
9.53929458e-02
9.78182174e-02
9.67865180e-02
9.80830029e-02
9.76417985e-02
9.66478919e-02
9.98000407e-02
9.73403131e-02
9.59220073e-02
9.57332164e-02
9.95252432e-02
9.68147601e-02
9.79952590e-02
9.53918634e-02
9.69888010e-02
9.50313703e-02
9.59662884e-02
9.62438805e-02
9.54245507e-02
9.94187330e-02
9.56313462e-02
9.66810729e-02
9.68592532e-02
9.80716880e-02
9.73763194e-02
9.41313751e-02
9.93614452e-02
9.64669653e-02
9.60622981e-02
9.60875265e-02
9.85936597e-02
9.67052000e-02
9.66737727e-02
9.52099517e-02
9.90235368e-02
9.56057030e-02
9.75364936e-02
9.45298571e-02
9.70048619e-02
9.50725371e-02
9.53963048e-02
9.75737825e-02
9.72802955e-02
9.66074526e-02
9.82389029e-02
9.77315544e-02
9.71532919e-02
9.78254314e-02
9.50973891e-02
9.48737717e-02
9.83703884e-02
9.66266914e-02
9.60974243e-02
9.70483679e-02
9.41720946e-02
9.61642846e-02
9.75736995e-02
9.74645526e-02
9.61111506e-02
9.66570720e-02
9.61088353e-02
9.59546440e-02
9.49661551e-02
9.68904852e-02
9.63303977e-02
9.82989166e-02
9.60720328e-02
9.40657830e-02
9.77829334e-02
9.56409450e-02
9.68415269e-02
9.75370840e-02
9.76863663e-02
9.53495952e-02
9.83799711e-02
9.94012971e-02
9.72604521e-02
9.74706421e-02
9.60423646e-02
9.62382756e-02
9.61512408e-02
9.66683200e-02
9.77055865e-02
9.88765873e-02
9.79851294e-02
9.74577074e-02
9.64258018e-02
9.73692599e-02
9.42666481e-02
9.75212295e-02
9.72031329e-02
9.63521521e-02
9.83292329e-02
9.61274476e-02
9.63216179e-02
9.58116904e-02
9.66694448e-02
9.46872330e-02
9.58746101e-02
9.59514619e-02
9.61176999e-02
9.71654951e-02
9.82590128e-02
9.77033655e-02
9.58865672e-02
9.49862221e-02
9.75249737e-02
9.63700726e-02
9.71963062e-02
9.69897589e-02
9.70992614e-02
9.47415979e-02
9.46105122e-02
9.84010016e-02
9.57033265e-02
9.55700031e-02
9.73810845e-02
9.51431383e-02
9.79589142e-02
9.59805033e-02
9.56397302e-02
9.78868592e-02
9.71408865e-02
9.63627429e-02
9.52491978e-02
9.49694920e-02
9.79021682e-02
9.47976426e-02
9.65904328e-02
9.72553051e-02
9.78609089e-02
9.68664901e-02
9.95989562e-02
9.83095714e-02
9.74395402e-02
9.38458473e-02
9.81572472e-02
9.79389804e-02
9.63050321e-02
9.80706345e-02
9.51008458e-02
9.54832044e-02
9.91525541e-02
9.75604060e-02
9.64126935e-02
9.59453928e-02
9.51703574e-02
9.59633754e-02
9.43359714e-02
9.90381627e-02
9.88778938e-02
9.74360738e-02
9.62224808e-02
9.59932783e-02
9.77600133e-02
9.72289770e-02
9.65549611e-02
9.71296195e-02
9.76964945e-02
9.64325445e-02
9.62818319e-02
9.76762393e-02
9.71887994e-02
9.79372237e-02
9.75620674e-02
9.77633117e-02
9.65871669e-02
9.79338599e-02
9.44462398e-02
9.60645796e-02
9.19106266e-02
9.65457128e-02
9.74949012e-02
9.80565868e-02
9.63216041e-02
9.61535084e-02
9.70546249e-02
9.74758650e-02
9.67371639e-02
9.75109351e-02
9.71013531e-02
9.55624746e-02
9.70348307e-02
9.62802622e-02
9.69592724e-02
9.54972669e-02
9.59759298e-02
9.75839257e-02
9.50343297e-02
9.87076005e-02
9.64774742e-02
9.85113122e-02
9.39765228e-02
9.53768547e-02
9.67417648e-02
9.88294057e-02
9.77947869e-02
9.48022507e-02
9.59174556e-02
9.88811633e-02
9.69444934e-02
9.57651988e-02
9.75816348e-02
9.51743859e-02
9.75097966e-02
9.92834513e-02
9.64006688e-02
9.53300190e-02
9.61603089e-02
9.68530357e-02
9.84752763e-02
9.58479467e-02
9.44677785e-02
9.83261662e-02
9.47525040e-02
9.53947242e-02
9.59060483e-02
9.42228550e-02
9.46355788e-02
9.61964828e-02
9.67454560e-02
9.64451878e-02
9.46039193e-02
9.82334896e-02
9.94567813e-02
9.72069805e-02
9.91394761e-02
9.79280078e-02
9.93490970e-02
9.49819890e-02
9.72042803e-02
9.67259916e-02
9.58497198e-02
9.55338267e-02
9.66086055e-02
9.60428700e-02
9.53569141e-02
9.62567822e-02
9.56751516e-02
9.58696951e-02
9.60518556e-02
9.69327813e-02
9.56070025e-02
9.87519962e-02
9.87948305e-02
9.68073567e-02
9.77288243e-02
9.76341598e-02
9.64030963e-02
9.63313151e-02
9.68841338e-02
9.60142935e-02
9.68655296e-02
9.78888192e-02
9.69881270e-02
9.70615009e-02
9.58243253e-02
9.64218828e-02
9.55206428e-02
9.65458132e-02
9.62622761e-02
9.65407167e-02
9.72182847e-02
9.46652727e-02
9.76086477e-02
9.59808524e-02
9.84871856e-02
9.74957538e-02
9.59831581e-02
9.71540612e-02
9.62398289e-02
9.53673233e-02
9.62838484e-02
9.62671639e-02
9.53160855e-02
9.91682905e-02
9.58436077e-02
9.97268032e-02
9.56392008e-02
9.80145157e-02
9.65055707e-02
9.50397157e-02
9.54519664e-02
9.65687717e-02
9.74688272e-02
9.57014248e-02
9.65903103e-02
9.66448682e-02
9.67489756e-02
9.71380004e-02
9.84331978e-02
9.54629283e-02
9.65764132e-02
9.50074769e-02
9.59676111e-02
9.76938894e-02
9.37016368e-02
9.80908373e-02
9.63615752e-02
9.84249403e-02
9.61410141e-02
9.54583736e-02
9.54228097e-02
9.52621792e-02
9.39267761e-02
9.41895051e-02
9.75883822e-02
9.90015938e-02
9.47798657e-02
9.86831721e-02
9.74187414e-02
9.65577837e-02
9.88307390e-02
9.44663146e-02
9.82754546e-02
9.53198350e-02
9.79299117e-02
9.66316014e-02
9.39843896e-02
9.95470347e-02
9.54613902e-02
9.56985233e-02
9.77448400e-02
9.44306729e-02
9.72809398e-02
9.72116797e-02
9.84930229e-02
9.49981610e-02
9.65580521e-02
9.51360018e-02
9.63490557e-02
9.70130683e-02
9.60652260e-02
9.67506544e-02
9.39510867e-02
9.92463481e-02
9.48287140e-02
9.57080836e-02
9.73553176e-02
9.63502257e-02
9.77392864e-02
9.59972028e-02
9.58733120e-02
9.74948683e-02
9.42147663e-02
9.75641864e-02
9.69766528e-02
9.66923734e-02
9.51425959e-02
9.83148365e-02
9.68538188e-02
9.68280091e-02
9.54384168e-02
9.69960594e-02
9.72551465e-02
9.78873448e-02
9.52486381e-02
9.77039086e-02
9.89158002e-02
9.43888613e-02
9.62565231e-02
9.58780718e-02
9.66074005e-02
9.58208930e-02
9.54353287e-02
9.74158516e-02
9.65612548e-02
9.65632765e-02
9.61577096e-02
9.50899670e-02
9.75424553e-02
9.78905174e-02
9.73319342e-02
9.66867534e-02
9.57168103e-02
9.51283036e-02
9.68080354e-02
9.57543651e-02
9.64659498e-02
9.71566809e-02
9.59377596e-02
9.76219234e-02
9.74731483e-02
9.57594992e-02
9.59676828e-02
9.65305888e-02
9.95740638e-02
9.41314327e-02
9.55415556e-02
9.96383642e-02
9.83431745e-02
9.85978515e-02
9.52248726e-02
9.72523617e-02
9.83066500e-02
9.68539865e-02
9.53507615e-02
9.57721873e-02
9.43713803e-02
9.67436037e-02
9.89496915e-02
9.64110858e-02
9.63410865e-02
9.79131214e-02
9.60583357e-02
9.66853823e-02
9.72308578e-02
9.76159456e-02
9.68901696e-02
9.92377289e-02
9.57555193e-02
9.52223834e-02
9.73082651e-02
9.41108113e-02
9.67469370e-02
9.60855664e-02
9.46761191e-02
9.53470823e-02
9.78110409e-02
9.63991303e-02
9.49138399e-02
9.57896200e-02
9.76576780e-02
9.57043884e-02
9.57193819e-02
9.64046175e-02
9.68513167e-02
9.71800342e-02
9.59286666e-02
9.60691172e-02
9.75100784e-02
9.78022945e-02
9.53328360e-02
9.78675312e-02
9.65014909e-02
9.61570759e-02
9.72550231e-02
9.65531192e-02
9.71393491e-02
9.81726618e-02
9.41896952e-02
9.72004018e-02
9.73841160e-02
9.76037633e-02
9.53607466e-02
9.79185923e-02
9.65347272e-02
9.91048923e-02
9.79001399e-02
9.73583683e-02
9.81255699e-02
9.74413629e-02
9.36198363e-02
9.65351283e-02
9.47084637e-02
9.54763490e-02
9.92772895e-02
9.65129026e-02
9.56150359e-02
9.69784864e-02
9.60413464e-02
9.70616337e-02
9.75334378e-02
9.47862413e-02
9.61775394e-02
9.67986416e-02
9.73818175e-02
9.60351425e-02
9.57430316e-02
9.81358811e-02
9.67780350e-02
9.53188616e-02
9.64594343e-02
9.95523894e-02
9.68446916e-02
9.52822891e-02
9.62988268e-02
9.75455481e-02
9.87266688e-02
9.89815298e-02
9.76782165e-02
9.63611791e-02
9.90917030e-02
1.00777054e-01
9.49130065e-02
9.66658421e-02
9.66707204e-02
9.57109673e-02
9.54653208e-02
9.59675011e-02
9.80283575e-02
9.52120909e-02
9.89623532e-02
9.59152342e-02
9.64307491e-02
9.73559767e-02
9.48455921e-02
9.82454432e-02
9.64048938e-02
9.45768860e-02
9.61527293e-02
9.65295646e-02
9.55764269e-02
9.67596137e-02
1.00251072e-01
9.68797115e-02
9.60883804e-02
9.70485946e-02
9.37448492e-02
9.47117625e-02
9.64556304e-02
1.00283044e-01
9.44523407e-02
9.56689893e-02
9.82996994e-02
9.66191976e-02
9.91159283e-02
9.64942485e-02
9.77287846e-02
9.70449329e-02
9.97234020e-02
9.66828575e-02
9.81693055e-02
9.61892899e-02
9.55644988e-02
9.50014931e-02
9.80770808e-02
9.51346985e-02
9.65680987e-02
9.74300372e-02
9.61225168e-02
9.58051330e-02
9.62339629e-02
9.56561741e-02
9.76589239e-02
9.78194965e-02
9.86741491e-02
9.86984613e-02
9.62626500e-02
9.32623196e-02
9.79735095e-02
9.71143627e-02
9.76045783e-02
9.86591768e-02
9.83513663e-02
9.72475962e-02
9.64665525e-02
9.65770500e-02
9.54536022e-02
9.63253981e-02
9.46256927e-02
9.57651256e-02
9.82692036e-02
9.70267198e-02
9.68028686e-02
9.87668109e-02
9.66392672e-02
9.61842373e-02
9.71740547e-02
9.70542522e-02
9.63924682e-02
9.75881498e-02
9.69953216e-02
9.76596509e-02
9.84542366e-02
9.72313905e-02
9.73779708e-02
9.74191167e-02
9.62189677e-02
9.72268058e-02
9.65805764e-02
9.68849776e-02
9.68117314e-02
9.80802616e-02
9.80707457e-02
9.76580507e-02
9.67004629e-02
9.74436825e-02
9.59252569e-02
9.59449837e-02
9.78709653e-02
9.71726371e-02
9.91306429e-02
9.49808780e-02
9.63087551e-02
9.68175299e-02
9.40247827e-02
9.91285154e-02
9.70234188e-02
9.73217078e-02
9.52229252e-02
9.87134446e-02
9.48350541e-02
9.63269570e-02
9.39744261e-02
9.77848636e-02
9.67900314e-02
9.66422251e-02
9.87053916e-02
9.74122827e-02
9.60723756e-02
9.62587309e-02
9.66801350e-02
9.89621571e-02
9.81918938e-02
9.81755334e-02
9.86642654e-02
9.39066656e-02
9.51632201e-02
9.58734787e-02
9.59747716e-02
9.71870310e-02
9.87734349e-02
9.46880184e-02
9.52149505e-02
9.67364965e-02
9.60902608e-02
9.70468795e-02
9.75262673e-02
9.56901992e-02
9.68673293e-02
9.48324855e-02
9.60517454e-02
9.78663026e-02
9.61174729e-02
9.90869105e-02
9.53005979e-02
9.59660857e-02
9.73508030e-02
9.57691418e-02
9.89863179e-02
9.63000405e-02
9.46912491e-02
9.69562102e-02
9.61814453e-02
9.71014333e-02
9.82167444e-02
9.69003417e-02
9.74345356e-02
9.62746864e-02
9.57000249e-02
9.44551607e-02
9.61899728e-02
9.65194580e-02
9.64189770e-02
9.55973644e-02
9.58430367e-02
9.43525079e-02
9.59204408e-02
9.56016562e-02
9.54414308e-02
9.63007780e-02
9.64513667e-02
9.57807084e-02
9.72508862e-02
9.67803295e-02
9.48626241e-02
9.65984704e-02
9.54563757e-02
9.54050742e-02
9.53643677e-02
9.62156604e-02
9.40744533e-02
9.66286008e-02
9.73952674e-02
9.42756728e-02
9.95541648e-02
9.52860734e-02
9.64743432e-02
9.71766203e-02
9.76987226e-02
9.71821097e-02
9.67226699e-02
9.78388215e-02
9.40570391e-02
9.67838947e-02
9.68563960e-02
9.62431578e-02
9.55638120e-02
9.62886789e-02
9.75467789e-02
9.39436806e-02
9.80906306e-02
9.60073926e-02
9.74926685e-02
9.43134735e-02
9.65055581e-02
9.66460896e-02
9.70573984e-02
9.63269131e-02
9.69472557e-02
9.87659100e-02
9.72382724e-02
9.62259741e-02
9.87148699e-02
9.61580046e-02
9.59311882e-02
9.43200686e-02
9.59356410e-02
9.71693994e-02
9.43841804e-02
9.47763581e-02
9.82326021e-02
9.77696607e-02
9.59553367e-02
9.84055759e-02
9.78972171e-02
9.80320816e-02
9.71009193e-02
9.49080846e-02
9.58351809e-02
9.52095912e-02
9.95836672e-02
9.51798725e-02
9.65542261e-02
9.68291283e-02
9.63231367e-02
9.72994585e-02
9.84961102e-02
9.44539957e-02
9.86281330e-02
9.49396359e-02
9.45699664e-02
9.77282615e-02
9.69209942e-02
9.72708606e-02
9.60929677e-02
9.63661926e-02
9.58479498e-02
9.62207630e-02
9.50454406e-02
9.48842407e-02
9.60614368e-02
9.44755317e-02
9.50880872e-02
9.87449378e-02
9.60145367e-02
9.66335178e-02
9.59533324e-02
9.83495504e-02
9.60654397e-02
9.79944252e-02
9.87823304e-02
9.77824581e-02
9.49279670e-02
9.83844211e-02
9.40121105e-02
9.72089870e-02
9.47262916e-02
9.70280469e-02
9.66375835e-02
9.62321485e-02
9.84076090e-02
9.56834171e-02
9.82959024e-02
9.69939737e-02
9.60178612e-02
9.59900457e-02
9.59119762e-02
9.69348118e-02
9.42261158e-02
9.57259634e-02
9.62503602e-02
9.85815486e-02
9.66254565e-02
9.71834602e-02
9.75336524e-02
9.61628781e-02
9.44909046e-02
9.56273201e-02
9.48930676e-02
9.78681573e-02
9.66491055e-02
9.74295939e-02
9.85727287e-02
9.57825151e-02
9.68674672e-02
9.56861370e-02
9.61868221e-02
9.61694052e-02
9.66851786e-02
9.54859616e-02
9.90023183e-02
9.57447158e-02
9.82406628e-02
9.67909580e-02
9.77344891e-02
9.56198205e-02
9.73006555e-02
9.74487968e-02
9.66180480e-02
9.72497054e-02
9.78533522e-02
1.00214993e-01
9.70920731e-02
9.70241284e-02
9.53359971e-02
9.78775934e-02
9.51066962e-02
9.70474903e-02
9.52876659e-02
9.72366380e-02
9.70683253e-02
9.70159649e-02
9.83573288e-02
9.68019452e-02
9.46061364e-02
9.57609782e-02
9.63839643e-02
9.64574640e-02
9.54847588e-02
9.92577009e-02
9.69107893e-02
9.82490411e-02
9.62520414e-02
9.91758552e-02
9.60773080e-02
9.66635409e-02
9.71787243e-02
9.60098892e-02
9.62962593e-02
9.55244418e-02
9.75546485e-02
9.81498838e-02
9.82286319e-02
9.55346775e-02
9.76324970e-02
9.64031413e-02
1.00378455e-01
9.90172062e-02
9.85030167e-02
9.91744360e-02
9.61004896e-02
9.52586823e-02
9.81644364e-02
9.64219033e-02
9.70046968e-02
9.50654119e-02
9.84867848e-02
9.76114606e-02
9.59123345e-02
9.66058201e-02
9.80538220e-02
9.60278596e-02
9.54928754e-02
9.25192233e-02
9.58056653e-02
9.68649703e-02
9.50374169e-02
9.64590363e-02
9.36724561e-02
9.63934854e-02
9.94352700e-02
9.60822052e-02
9.56482175e-02
9.67762670e-02
9.83928392e-02
9.41963272e-02
9.78237778e-02
9.66668597e-02
9.77680914e-02
9.79729063e-02
9.58204701e-02
9.48463957e-02
9.47507093e-02
9.50220851e-02
9.69102320e-02
9.90884539e-02
9.74001924e-02
9.93162523e-02
9.64437598e-02
9.74915358e-02
9.83569017e-02
9.74043932e-02
9.74019252e-02
9.89368185e-02
9.57178869e-02
9.72067938e-02
9.48664961e-02
9.77607480e-02
9.57033578e-02
9.58211788e-02
9.47046909e-02
9.53422897e-02
9.47753095e-02
9.70822717e-02
9.69720065e-02
9.45558153e-02
9.53265434e-02
9.77271792e-02
9.49055494e-02
9.78111646e-02
9.96818624e-02
9.68997742e-02
9.71813305e-02
9.69220725e-02
9.65805541e-02
9.79044529e-02
9.65855776e-02
9.46590619e-02
9.58465915e-02
9.67329115e-02
9.47586658e-02
9.81648402e-02
9.61451055e-02
9.56152473e-02
9.71691671e-02
9.62902698e-02
9.72101327e-02
9.57602977e-02
9.61143889e-02
9.67136539e-02
9.48929233e-02
9.46596173e-02
9.75923678e-02
9.93986644e-02
9.57018607e-02
9.95071263e-02
9.50747679e-02
9.80724707e-02
9.71127003e-02
9.72308159e-02
9.73569887e-02
9.60772529e-02
9.61919315e-02
9.54250730e-02
9.62532989e-02
1.00223911e-01
9.71031951e-02
9.75516179e-02
9.71505929e-02
9.86576653e-02
9.73250942e-02
9.75348741e-02
9.70151505e-02
9.77093506e-02
9.64079424e-02
9.61586778e-02
9.72465737e-02
9.56835030e-02
9.82228876e-02
9.69420628e-02
9.67976914e-02
9.57910545e-02
9.56514153e-02
9.87139882e-02
9.63466804e-02
9.65316787e-02
9.59612720e-02
9.78502381e-02
9.69146325e-02
9.63315867e-02
9.42469307e-02
9.61408402e-02
9.91356573e-02
9.48886806e-02
9.77285487e-02
9.75513230e-02
9.59710018e-02
9.50704186e-02
9.49420940e-02
9.72814023e-02
9.61119873e-02
9.48505678e-02
9.84212019e-02
9.77291021e-02
9.38348585e-02
9.65931714e-02
9.62681581e-02
9.41715008e-02
9.65687545e-02
9.59917906e-02
9.41709052e-02
1.00616996e-01
9.74808722e-02
9.38591944e-02
9.84975999e-02
9.57435129e-02
9.63607363e-02
9.65125900e-02
9.54129917e-02
9.77474265e-02
9.49363689e-02
9.51189224e-02
9.70580408e-02
9.89529390e-02
9.90896160e-02
9.40550986e-02
9.61481856e-02
9.77688142e-02
9.72544760e-02
9.56168685e-02
9.72027446e-02
9.70625100e-02
9.54968854e-02
9.92009094e-02
9.70221707e-02
9.76423465e-02
9.70671607e-02
9.56920566e-02
9.75029275e-02
9.73546570e-02
9.82293812e-02
9.82783430e-02
9.80251729e-02
9.71653702e-02
9.72509023e-02
9.63014261e-02
9.67034015e-02
9.77337791e-02
9.87012331e-02
9.97061979e-02
9.68608009e-02
9.66257831e-02
9.63861361e-02
9.59400966e-02
9.68327383e-02
9.65096597e-02
9.79489490e-02
9.58438327e-02
9.60478193e-02
9.52882977e-02
9.61459367e-02
9.73846455e-02
9.52397195e-02
9.87888618e-02
9.70594579e-02
9.66494770e-02
9.76275621e-02
9.51257668e-02
9.52678799e-02
9.47907030e-02
9.86809694e-02
9.34106053e-02
9.81332841e-02
9.45261753e-02
9.55450048e-02
9.61598644e-02
9.38128473e-02
9.47573771e-02
9.73159704e-02
9.75133473e-02
9.71347474e-02
9.65855800e-02
9.66958446e-02
9.79188837e-02
9.54514027e-02
9.54607533e-02
9.81623379e-02
9.54348473e-02
9.76732210e-02
9.68330989e-02
9.61716266e-02
9.36097618e-02
9.67782159e-02
9.81187007e-02
9.50010568e-02
9.56092106e-02
9.81806313e-02
9.42676065e-02
9.59044620e-02
9.59080323e-02
9.39359345e-02
9.67278742e-02
9.52797120e-02
9.74828246e-02
9.68778492e-02
9.72000106e-02
9.79029952e-02
9.75883450e-02
9.83825598e-02
9.68591590e-02
9.76691944e-02
9.53529854e-02
9.67010593e-02
9.68351315e-02
9.29780531e-02
9.92336741e-02
9.83946461e-02
9.75621985e-02
9.87291355e-02
9.56937094e-02
9.84865417e-02
9.61477796e-02
9.53761642e-02
9.79279925e-02
9.87802469e-02
9.51708667e-02
9.74950632e-02
9.68127117e-02
9.81990543e-02
9.52693428e-02
9.56992432e-02
9.70494946e-02
9.54939597e-02
9.52300099e-02
9.87167329e-02
9.72013907e-02
9.81686811e-02
9.61007629e-02
9.43619632e-02
9.79867934e-02
9.62307696e-02
9.55523092e-02
9.41825652e-02
9.54608270e-02
9.47497008e-02
9.61707238e-02
9.90872522e-02
9.73814279e-02
9.74995587e-02
9.49349996e-02
9.38463434e-02
9.53413055e-02
9.51324532e-02
9.78235484e-02
9.69254351e-02
9.70342563e-02
9.55394586e-02
9.44383795e-02
9.74556049e-02
9.57193040e-02
9.59923973e-02
9.76203782e-02
9.57454438e-02
9.62892029e-02
9.86273683e-02
9.76241100e-02
9.58612481e-02
9.52878031e-02
9.54269468e-02
9.75233003e-02
9.60627814e-02
9.83426171e-02
9.54227615e-02
9.81806898e-02
9.62364233e-02
9.77047696e-02
9.90924435e-02
9.64339595e-02
9.59064688e-02
9.66602358e-02
9.65181891e-02
9.58844628e-02
9.54958566e-02
9.63401153e-02
9.63613973e-02
9.57092470e-02
9.66297960e-02
9.43499102e-02
9.67275091e-02
9.66350251e-02
9.57989830e-02
9.71181659e-02
9.71181541e-02
9.67370341e-02
9.40862496e-02
9.65717743e-02
9.79468647e-02
9.69808137e-02
9.77401220e-02
9.70488004e-02
9.71836072e-02
9.67014096e-02
9.66040432e-02
9.83522664e-02
9.59716691e-02
9.57220037e-02
9.77187665e-02
9.63695814e-02
9.59770833e-02
9.56645686e-02
9.58164428e-02
9.51398344e-02
9.79686796e-02
9.56003970e-02
9.85719354e-02
9.71164454e-02
9.51841684e-02
9.71700139e-02
9.81894478e-02
9.67142920e-02
9.94371687e-02
9.57458541e-02
9.88585351e-02
9.44774018e-02
9.73791385e-02
9.60146391e-02
9.68998906e-02
9.75799300e-02
9.62082167e-02
9.57333523e-02
9.71179865e-02
9.55787015e-02
9.74948966e-02
9.80811172e-02
9.73951302e-02
9.83069799e-02
9.69531803e-02
9.65029888e-02
9.66831795e-02
9.29354122e-02
9.93032412e-02
9.44691691e-02
9.89565318e-02
9.72524209e-02
9.56810193e-02
9.63871463e-02
9.69762177e-02
9.58893830e-02
9.56633369e-02
9.75018103e-02
9.51415115e-02
9.56870153e-02
9.68909617e-02
9.85429407e-02
9.78471589e-02
9.61636296e-02
9.76460602e-02
9.68421354e-02
9.73845059e-02
9.57083387e-02
9.64317684e-02
9.60085658e-02
9.73695505e-02
9.71716581e-02
9.76346661e-02
9.71624754e-02
9.49472705e-02
9.58332973e-02
9.52830291e-02
9.48751788e-02
9.46368919e-02
9.71973958e-02
9.54095791e-02
9.34628793e-02
9.79346571e-02
9.71795236e-02
9.72315087e-02
9.94501625e-02
9.63116823e-02
9.55989918e-02
9.41158211e-02
9.73857752e-02
9.60575968e-02
9.53440080e-02
9.54399912e-02
9.70089436e-02
9.48321263e-02
9.97202942e-02
9.40858968e-02
9.68948217e-02
9.47730061e-02
9.58140140e-02
9.72689110e-02
9.54589020e-02
9.68795476e-02
9.89447794e-02
9.63764354e-02
9.53422543e-02
9.62841649e-02
9.62024871e-02
9.73847389e-02
9.46155194e-02
9.70999495e-02
9.72134615e-02
9.47062039e-02
9.65680640e-02
9.68337200e-02
9.88754450e-02
9.64417650e-02
9.57304270e-02
9.59622928e-02
9.43828531e-02
9.62406705e-02
9.50109487e-02
9.92441962e-02
9.67501536e-02
9.68503441e-02
9.67191121e-02
9.51950318e-02
9.83958765e-02
9.90615634e-02
9.54274727e-02
9.53508665e-02
9.44288145e-02
9.37207180e-02
9.56929061e-02
9.74151772e-02
9.46246580e-02
9.67206811e-02
9.83387194e-02
9.92822297e-02
9.55045951e-02
9.33488043e-02
9.63540450e-02
9.84657402e-02
9.73924520e-02
9.90748591e-02
9.63622286e-02
9.60381147e-02
9.64266053e-02
9.60857959e-02
9.64670977e-02
9.80505237e-02
9.83584120e-02
9.76181287e-02
9.69734938e-02
9.45555252e-02
9.72992445e-02
9.84174040e-02
9.65520943e-02
9.59928314e-02
9.65280143e-02
9.63545069e-02
9.75952600e-02
9.74359150e-02
9.73054600e-02
9.59370380e-02
9.56994335e-02
9.54010459e-02
9.61167101e-02
9.76926220e-02
9.64434896e-02
9.62857298e-02
9.67727465e-02
9.52768129e-02
9.82166434e-02
9.74864139e-02
9.69932283e-02
9.80250343e-02
9.57388862e-02
9.61447211e-02
9.54533088e-02
9.80907965e-02
9.54050786e-02
9.79077197e-02
9.78198590e-02
9.75285675e-02
9.82105549e-02
9.45118786e-02
9.91306645e-02
9.87622340e-02
9.87910192e-02
9.59350061e-02
9.77482593e-02
9.65149360e-02
9.80258968e-02
9.77350274e-02
9.47497246e-02
9.68764784e-02
9.47667216e-02
9.63175324e-02
9.82141758e-02
9.70753660e-02
9.54298600e-02
9.57774383e-02
9.79093251e-02
9.76538072e-02
9.54782622e-02
9.71158030e-02
9.49308630e-02
9.66923866e-02
9.65580825e-02
9.42627833e-02
9.52433422e-02
9.45524205e-02
9.64653671e-02
9.63503916e-02
9.70802702e-02
9.63304979e-02
9.48589249e-02
9.51721249e-02
9.56129156e-02
9.78224330e-02
9.61951413e-02
9.53085037e-02
9.45596664e-02
9.51726796e-02
9.53422860e-02
9.52120587e-02
9.86360751e-02
9.70655853e-02
9.90727646e-02
9.80275487e-02
9.74567736e-02
9.71364368e-02
9.60451508e-02
9.43429932e-02
9.57148756e-02
9.61475613e-02
9.82171404e-02
9.76376727e-02
9.45268554e-02
9.76626270e-02
9.78642353e-02
9.74852319e-02
9.58159103e-02
9.55463638e-02
9.61271189e-02
9.55167498e-02
9.53601545e-02
9.54711285e-02
9.59986490e-02
9.65048129e-02
9.63387696e-02
9.68275076e-02
9.76064336e-02
9.58441407e-02
9.82661639e-02
9.98576672e-02
9.69834580e-02
9.75146827e-02
9.59495225e-02
9.57423204e-02
9.47769947e-02
9.92434780e-02
9.75577165e-02
9.58247876e-02
9.70142890e-02
9.66872030e-02
9.43320762e-02
9.63155265e-02
9.59147891e-02
9.62793141e-02
9.68740800e-02
9.59596325e-02
9.74957600e-02
9.97449476e-02
9.75576115e-02
9.65906418e-02
9.67037509e-02
9.94801990e-02
9.71633680e-02
9.75243057e-02
9.74056928e-02
9.73512762e-02
9.73447934e-02
9.60654740e-02
9.71629732e-02
9.62268319e-02
9.76869052e-02
9.65694829e-02
9.70888943e-02
9.76151921e-02
9.65222175e-02
9.64083260e-02
9.68232735e-02
9.55216651e-02
9.55781776e-02
9.54873681e-02
9.81268367e-02
9.66774066e-02
9.70903929e-02
9.72032520e-02
9.74905713e-02
9.51123894e-02
9.59806750e-02
9.64184430e-02
9.75874472e-02
9.80043836e-02
9.79392049e-02
9.47227588e-02
9.77778311e-02
9.51633688e-02
9.85932611e-02
9.68274797e-02
9.64519721e-02
9.60901834e-02
9.76884230e-02
9.91204301e-02
9.66158540e-02
9.55270721e-02
9.54251358e-02
9.43015131e-02
9.57899465e-02
9.67001689e-02
9.86493512e-02
9.59387019e-02
9.52510229e-02
9.73678400e-02
9.79886229e-02
9.79560912e-02
9.72287348e-02
9.82810528e-02
9.86838855e-02
9.78084925e-02
9.84068099e-02
9.58388249e-02
9.95416072e-02
9.78619865e-02
9.63685625e-02
9.84993319e-02
9.66989583e-02
9.73057146e-02
9.64430561e-02
9.68733834e-02
9.59611799e-02
9.89704881e-02
9.82352503e-02
9.58402116e-02
9.98374543e-02
9.51607386e-02
9.78133808e-02
9.68497904e-02
9.59815831e-02
9.86989537e-02
1.00274560e-01
9.63299292e-02
9.73142509e-02
9.62181537e-02
9.65834059e-02
9.93175687e-02
9.53769805e-02
9.96878656e-02
9.62106532e-02
9.81949586e-02
9.57193205e-02
9.65604981e-02
9.62997395e-02
9.68439932e-02
9.81750985e-02
9.57449730e-02
9.80683446e-02
9.72870511e-02
9.85167799e-02
9.70936705e-02
9.86840946e-02
9.80191064e-02
9.69012491e-02
9.55523393e-02
9.38065162e-02
9.68944837e-02
9.64562723e-02
9.52357155e-02
9.92279842e-02
9.71892239e-02
9.56039530e-02
9.72271972e-02
9.54447467e-02
9.71710020e-02
9.74885368e-02
9.49807870e-02
9.64300930e-02
9.56647473e-02
9.67629170e-02
9.60449092e-02
9.74025415e-02
9.46204962e-02
9.63916123e-02
9.68929232e-02
9.70286727e-02
9.37440840e-02
9.55644985e-02
9.44777916e-02
9.76003244e-02
9.74937102e-02
9.64564950e-02
9.60025980e-02
9.76403926e-02
9.73707213e-02
9.79459183e-02
9.32074858e-02
9.69789337e-02
9.70106539e-02
9.70587090e-02
9.60588793e-02
9.71005964e-02
9.62579637e-02
9.64102555e-02
9.57940796e-02
9.65578763e-02
9.59912674e-02
9.69902990e-02
9.87036367e-02
9.79648582e-02
9.64809752e-02
9.61644776e-02
9.69240321e-02
9.57343835e-02
9.51081156e-02
9.74532700e-02
9.87521140e-02
9.69136503e-02
9.65512620e-02
9.61432697e-02
9.71513221e-02
9.58782384e-02
9.61354345e-02
9.66669002e-02
9.54570676e-02
9.64814650e-02
9.77073913e-02
9.24717182e-02
9.47716014e-02
9.52790196e-02
9.63216404e-02
9.66351450e-02
9.62516033e-02
9.87477889e-02
9.53076155e-02
9.62670510e-02
9.81484812e-02
9.66419225e-02
9.52551027e-02
9.77552418e-02
9.85494535e-02
9.77629274e-02
9.77555509e-02
9.54230514e-02
9.93406442e-02
9.72091896e-02
9.78285949e-02
9.59868834e-02
9.47628062e-02
9.96384090e-02
9.58274643e-02
9.39147534e-02
9.67976534e-02
9.72197537e-02
9.84896667e-02
9.77705756e-02
9.42521486e-02
9.82289893e-02
9.58474453e-02
9.47659843e-02
9.52671284e-02
9.68543827e-02
9.66108121e-02
9.84217196e-02
9.52696347e-02
9.57705988e-02
9.81214659e-02
9.69696319e-02
9.89755780e-02
9.86539358e-02
9.95833907e-02
9.53469241e-02
9.65658912e-02
9.74728990e-02
9.63062339e-02
9.63146003e-02
9.50460453e-02
9.50806516e-02
9.32070159e-02
9.64864801e-02
9.92032396e-02
9.64042533e-02
9.60470226e-02
9.80775144e-02
9.55030495e-02
9.59771254e-02
9.76082837e-02
9.56488143e-02
9.75124934e-02
9.85435149e-02
9.69572060e-02
9.57865213e-02
9.53299367e-02
9.64859078e-02
9.80905960e-02
9.60562660e-02
9.63404620e-02
9.55441887e-02
9.78172097e-02
9.66346813e-02
9.80432573e-02
9.58023696e-02
9.72760924e-02
9.92201359e-02
9.50606348e-02
9.66275130e-02
9.47175035e-02
9.66051039e-02
9.71446069e-02
9.68939051e-02
9.68018151e-02
9.71950692e-02
9.64776791e-02
9.56316869e-02
9.52201426e-02
9.57527608e-02
9.54511435e-02
9.58162763e-02
9.68094902e-02
9.46442781e-02
9.65551043e-02
9.70871610e-02
9.53353018e-02
9.79057175e-02
9.50926170e-02
9.40779830e-02
9.67596669e-02
9.47508501e-02
9.89333035e-02
9.60576540e-02
9.75139530e-02
9.60453604e-02
9.91789903e-02
9.49342113e-02
9.39686792e-02
9.68626088e-02
9.57341244e-02
9.64758029e-02
9.41824651e-02
9.73341528e-02
9.83767335e-02
9.55570386e-02
9.50430686e-02
9.70915658e-02
9.60013314e-02
9.63493521e-02
9.52930616e-02
9.70579947e-02
9.45374759e-02
9.41489501e-02
9.44702940e-02
9.60192025e-02
9.66512255e-02
9.58364058e-02
9.61249841e-02
9.36591635e-02
9.68652654e-02
9.57431501e-02
9.38258120e-02
9.91759565e-02
9.32378977e-02
9.67391688e-02
9.73398527e-02
9.73893558e-02
9.61356325e-02
9.47124734e-02
9.64026701e-02
9.53575421e-02
9.89193732e-02
9.76909480e-02
9.94859919e-02
9.48176998e-02
9.72216447e-02
9.76295511e-02
9.58854501e-02
9.77481726e-02
9.39911781e-02
9.40252126e-02
9.94535059e-02
9.53495549e-02
9.91022340e-02
9.78250170e-02
9.55506049e-02
9.42708924e-02
9.63940895e-02
9.80400393e-02
9.45336349e-02
9.62612253e-02
9.50720955e-02
9.45345762e-02
9.55325981e-02
9.89651127e-02
9.55607531e-02
9.42444600e-02
9.75352756e-02
9.80484041e-02
9.65521875e-02
9.65457559e-02
9.78838853e-02
9.70795513e-02
9.75827196e-02
9.60748759e-02
9.52412663e-02
9.63133835e-02
9.69877900e-02
9.49408718e-02
9.62859214e-02
9.59861989e-02
9.68539666e-02
9.80111586e-02
9.82960164e-02
9.42467602e-02
9.63472883e-02
9.69520088e-02
9.62931565e-02
9.77634877e-02
9.54918621e-02
9.36674591e-02
9.48754010e-02
9.58379403e-02
9.38451682e-02
9.98735416e-02
9.70120850e-02
9.39881887e-02
9.77296353e-02
9.75504850e-02
9.54645503e-02
9.68140655e-02
9.59837926e-02
9.73234112e-02
9.92251659e-02
9.52165334e-02
9.59983832e-02
9.91192904e-02
9.93160099e-02
9.73564237e-02
9.89507470e-02
9.81773506e-02
9.67804607e-02
9.56579156e-02
9.68177053e-02
9.54911503e-02
9.63306519e-02
9.48868793e-02
9.63159151e-02
9.75200528e-02
9.53976400e-02
9.50697065e-02
9.62244355e-02
9.58618526e-02
9.66521625e-02
9.76710821e-02
9.60484677e-02
9.84482028e-02
9.48609480e-02
9.74640496e-02
9.75269926e-02
9.53943863e-02
9.73335994e-02
9.82645681e-02
9.57125870e-02
9.52924633e-02
9.57259009e-02
9.76289047e-02
9.86908678e-02
9.57260366e-02
9.76943649e-02
9.71251177e-02
9.64587379e-02
9.90248555e-02
9.81034574e-02
9.66879479e-02
9.63279870e-02
9.72926699e-02
9.96280438e-02
9.67070332e-02
9.47367664e-02
9.83198219e-02
9.67059282e-02
9.74731052e-02
9.62858620e-02
9.58835801e-02
9.76363695e-02
9.64763826e-02
9.52663778e-02
9.58217220e-02
9.77440649e-02
9.52406630e-02
9.62662331e-02
9.65705589e-02
9.69985192e-02
9.69755069e-02
9.61490612e-02
9.72445056e-02
9.66370949e-02
9.75215017e-02
9.51291400e-02
9.65426555e-02
9.51706230e-02
9.53193132e-02
9.59963469e-02
9.50997335e-02
9.75210771e-02
9.67748482e-02
9.54953848e-02
9.68942326e-02
9.59782408e-02
9.51917275e-02
9.42574122e-02
9.48649444e-02
9.61620466e-02
9.83202960e-02
9.46960931e-02
9.81275812e-02
9.62806035e-02
9.62051536e-02
9.60866251e-02
9.77632739e-02
9.58083548e-02
9.55528330e-02
9.90802285e-02
9.77574282e-02
9.66169995e-02
9.81161591e-02
9.61371676e-02
9.65741132e-02
9.50085425e-02
9.52554477e-02
9.59606076e-02
9.59286799e-02
9.77354544e-02
9.71054346e-02
9.41116148e-02
9.85300657e-02
9.49597966e-02
9.63887800e-02
9.57979873e-02
9.50281535e-02
9.59072312e-02
9.84276543e-02
9.67953787e-02
9.82345912e-02
9.46086349e-02
9.83169669e-02
9.58423982e-02
9.98043992e-02
9.68897751e-02
9.50827651e-02
9.65302440e-02
9.89143588e-02
9.53325352e-02
9.83385094e-02
9.88666502e-02
9.76077273e-02
9.82361847e-02
9.58573783e-02
9.78934297e-02
9.68007286e-02
9.76647409e-02
9.66344291e-02
9.64622869e-02
9.65601749e-02
9.90722938e-02
9.70555421e-02
9.79159470e-02
9.65277946e-02
9.61729338e-02
9.51240660e-02
9.78553198e-02
9.66611819e-02
9.80665938e-02
9.85911120e-02
9.83951350e-02
9.55870440e-02
9.79404780e-02
9.83530851e-02
9.87277914e-02
9.47677221e-02
9.72736597e-02
9.68659251e-02
9.80717191e-02
9.60708179e-02
9.58856371e-02
9.56371464e-02
9.44393272e-02
9.47816504e-02
9.98202602e-02
9.65956533e-02
9.57452928e-02
9.77168243e-02
9.46073710e-02
9.82276810e-02
9.86818291e-02
9.76484103e-02
9.57626862e-02
9.63922795e-02
9.45657586e-02
9.49652904e-02
9.52708998e-02
9.69185855e-02
9.83834350e-02
9.89371241e-02
9.59002888e-02
9.70303048e-02
9.67651365e-02
9.63286040e-02
9.52804338e-02
9.81151022e-02
9.61314136e-02
9.80937501e-02
9.58631117e-02
9.45503445e-02
9.79658820e-02
9.63022038e-02
9.52366478e-02
9.70024300e-02
9.73170365e-02
9.68918454e-02
9.80169849e-02
9.86882362e-02
9.47717777e-02
9.70023295e-02
9.64565788e-02
9.55018421e-02
9.31319113e-02
9.49042654e-02
9.77754764e-02
9.57274917e-02
9.75905688e-02
9.56933067e-02
9.58425358e-02
9.55791354e-02
1.00550395e-01
9.67157011e-02
9.70310070e-02
9.61182630e-02
9.78709969e-02
9.97787403e-02
9.68701380e-02
9.87015564e-02
9.54399901e-02
9.69306557e-02
9.68537315e-02
9.50853456e-02
9.37340691e-02
9.57637842e-02
9.73738704e-02
9.63417311e-02
9.94487296e-02
9.78961999e-02
9.46680200e-02
9.56631575e-02
9.41662664e-02
9.78654754e-02
9.56111989e-02
9.58265367e-02
9.42536602e-02
9.49574985e-02
9.66206196e-02
9.53742033e-02
9.47802457e-02
9.61007556e-02
9.47314729e-02
9.64873997e-02
9.61562668e-02
9.51374767e-02
9.60817769e-02
9.55476886e-02
9.83425310e-02
9.67232773e-02
9.67452778e-02
9.74280253e-02
9.85427625e-02
9.78711967e-02
9.74228675e-02
9.32474838e-02
9.65092659e-02
9.74724230e-02
9.62933177e-02
9.72735482e-02
9.73926164e-02
9.56369352e-02
9.66872990e-02
9.76203930e-02
9.68365151e-02
9.68420968e-02
9.67692536e-02
9.59894549e-02
9.85678315e-02
9.85667599e-02
9.62482148e-02
9.52015093e-02
9.63036391e-02
9.42884726e-02
9.53626502e-02
9.71972123e-02
9.47003781e-02
9.49528602e-02
9.48386028e-02
9.72329307e-02
9.66067178e-02
9.74484084e-02
9.74712586e-02
9.58544889e-02
9.72437497e-02
9.53572592e-02
9.67437147e-02
9.57077291e-02
9.78747585e-02
9.73417795e-02
9.69160351e-02
9.69839864e-02
9.63385913e-02
9.62676150e-02
9.71747304e-02
9.67804076e-02
9.55718449e-02
9.64025154e-02
9.55627598e-02
9.78835480e-02
9.81333959e-02
9.76216423e-02
9.68468329e-02
9.47871422e-02
9.35998989e-02
9.41802462e-02
9.59710267e-02
9.84922976e-02
9.61600188e-02
9.69514959e-02
9.76926612e-02
9.64275464e-02
9.58958620e-02
9.87911101e-02
9.83472592e-02
9.60081775e-02
9.59093646e-02
9.48903948e-02
9.80138739e-02
9.63374438e-02
9.65936716e-02
9.60863960e-02
9.77472990e-02
9.90599758e-02
9.76853669e-02
9.74082291e-02
9.64911331e-02
9.74961634e-02
9.81699788e-02
9.76208550e-02
9.71565159e-02
9.66929639e-02
9.59387169e-02
9.70590698e-02
9.76720519e-02
9.86395828e-02
9.45102171e-02
9.54518727e-02
9.83735499e-02
9.68847514e-02
9.81838101e-02
9.79667913e-02
9.47204860e-02
9.76190900e-02
9.51341436e-02
9.64610269e-02
9.66830066e-02
9.68794823e-02
9.59227852e-02
9.69240516e-02
9.70823322e-02
9.63285712e-02
9.50489443e-02
9.57664036e-02
9.59065124e-02
9.83863952e-02
9.79433244e-02
9.55645658e-02
9.61173760e-02
9.48929141e-02
9.54712153e-02
9.68934670e-02
9.70066348e-02
9.50633228e-02
9.61329604e-02
9.77830616e-02
9.74168164e-02
9.46862848e-02
9.65078210e-02
9.73076163e-02
9.71171604e-02
9.84407918e-02
9.81654578e-02
9.55549246e-02
9.58590705e-02
9.76923512e-02
9.67060426e-02
9.60133393e-02
9.48412983e-02
9.78348498e-02
9.91221382e-02
9.54569991e-02
9.63443733e-02
9.82515245e-02
9.68110527e-02
9.88930713e-02
9.79655995e-02
9.67317375e-02
9.61697360e-02
9.85167694e-02
9.47211823e-02
9.53151487e-02
9.67429035e-02
9.52050321e-02
9.70101317e-02
9.74844086e-02
9.81667799e-02
9.38757330e-02
9.81061924e-02
9.60406543e-02
9.72794739e-02
9.83537749e-02
9.62016508e-02
9.67227360e-02
9.51735104e-02
9.55612129e-02
9.69593211e-02
9.78223777e-02
9.46622298e-02
9.76552407e-02
9.69895701e-02
9.72692207e-02
9.66357322e-02
9.66494170e-02
9.84756283e-02
9.64854173e-02
9.66121182e-02
9.69617350e-02
9.56685845e-02
9.50264875e-02
9.56245744e-02
9.60918346e-02
9.70887110e-02
9.75194625e-02
9.72170665e-02
9.76264780e-02
9.55263712e-02
9.57364925e-02
9.72711432e-02
9.80519552e-02
9.80049947e-02
9.90333075e-02
9.68172826e-02
9.56550934e-02
9.46642901e-02
9.86885540e-02
9.56388778e-02
9.57755256e-02
9.58789078e-02
9.45630058e-02
9.70338286e-02
9.94044672e-02
9.61041625e-02
9.81396587e-02
9.59396818e-02
9.50880084e-02
9.34628761e-02
9.53065071e-02
9.49771175e-02
9.69106651e-02
9.72962190e-02
9.53169284e-02
9.70109520e-02
9.88509904e-02
9.76890683e-02
9.78755224e-02
9.48138543e-02
9.48668858e-02
9.62122421e-02
9.67755051e-02
9.54674435e-02
9.55912239e-02
9.69395541e-02
9.75426709e-02
9.84826251e-02
9.45649881e-02
9.59480052e-02
9.81331080e-02
9.75174787e-02
9.78983752e-02
9.73276942e-02
9.65969871e-02
9.81661762e-02
9.83371952e-02
9.66848743e-02
9.71529118e-02
9.56249887e-02
9.83832555e-02
9.77330014e-02
9.58348461e-02
9.56059980e-02
9.80421003e-02
9.56982431e-02
9.58366464e-02
9.74693018e-02
9.55092820e-02
9.58646773e-02
9.64103673e-02
9.56841318e-02
9.86730835e-02
9.63139995e-02
9.56360733e-02
9.52769618e-02
9.54874954e-02
9.56126741e-02
9.84562552e-02
9.72869807e-02
9.86634016e-02
9.59639586e-02
9.62436616e-02
9.68043792e-02
9.70701227e-02
9.43971748e-02
9.63757437e-02
9.60044997e-02
9.76079446e-02
9.54903033e-02
9.68173207e-02
9.52912789e-02
9.73686200e-02
9.35627230e-02
9.71191816e-02
9.84221288e-02
9.83096214e-02
9.72246970e-02
9.55859840e-02
9.71272967e-02
9.63529254e-02
9.74428709e-02
9.58258201e-02
9.75305428e-02
9.61887343e-02
9.52661303e-02
9.68776870e-02
9.78248646e-02
9.75682440e-02
9.77931442e-02
9.58066849e-02
9.78139957e-02
9.75639110e-02
9.73146765e-02
9.67536456e-02
9.69404309e-02
9.65912090e-02
9.73333897e-02
9.56095506e-02
9.90263996e-02
9.82507460e-02
9.31226267e-02
9.91936358e-02
9.45747523e-02
9.78173410e-02
9.51921760e-02
9.50224783e-02
9.82184304e-02
9.55822518e-02
9.74927885e-02
9.75210458e-02
9.63217000e-02
9.51440121e-02
9.66509668e-02
9.84874381e-02
9.80655097e-02
9.63426554e-02
9.70941849e-02
9.60498969e-02
9.76820920e-02
9.64232362e-02
9.72437829e-02
9.46283757e-02
9.81792732e-02
9.55641752e-02
9.56880729e-02
9.68018493e-02
9.70406379e-02
9.55570984e-02
9.64502382e-02
9.50135219e-02
9.69231489e-02
9.74588227e-02
9.54419052e-02
9.85410997e-02
9.82901834e-02
9.73652276e-02
9.93399023e-02
9.89787953e-02
9.74571949e-02
9.56389088e-02
9.49666164e-02
9.63443011e-02
9.42546643e-02
9.53043559e-02
9.74136410e-02
9.46909225e-02
9.78630609e-02
9.55066423e-02
9.33895625e-02
9.51752421e-02
9.58613405e-02
9.58410612e-02
9.79457816e-02
9.60382811e-02
9.89498270e-02
9.54104626e-02
9.63707569e-02
9.56834072e-02
9.71798966e-02
9.66153332e-02
9.52980761e-02
9.73916831e-02
9.64277978e-02
9.78002872e-02
9.41922275e-02
9.70548359e-02
9.66439922e-02
9.67703036e-02
9.61804596e-02
9.77165804e-02
9.68460101e-02
9.44638483e-02
9.66505752e-02
9.79350930e-02
9.63048901e-02
9.50731506e-02
9.72197176e-02
9.74789044e-02
9.64968844e-02
9.67251764e-02
9.58406515e-02
9.74345745e-02
9.56064770e-02
9.89893506e-02
9.66085254e-02
9.66055023e-02
9.52933357e-02
9.62760112e-02
9.68972538e-02
9.72947296e-02
9.71434687e-02
9.69456524e-02
9.70528917e-02
9.76651212e-02
9.72268333e-02
9.72779105e-02
9.79943143e-02
9.46245118e-02
9.44161542e-02
9.73136022e-02
9.61825117e-02
9.62987799e-02
9.51159307e-02
9.69651255e-02
9.43856039e-02
9.79387126e-02
9.56384107e-02
9.81757007e-02
9.78114425e-02
9.78297213e-02
9.55834929e-02
9.62307841e-02
9.75195009e-02
9.64508655e-02
9.58745044e-02
9.55105279e-02
9.51583336e-02
9.68679496e-02
9.57351297e-02
9.48713615e-02
9.79668884e-02
9.63544401e-02
9.46561476e-02
9.62506866e-02
9.58944456e-02
9.89037563e-02
9.63015492e-02
9.88291343e-02
9.86292135e-02
9.93588245e-02
9.87287697e-02
9.84209805e-02
9.62652818e-02
9.55472557e-02
9.66417425e-02
9.75105559e-02
9.55298993e-02
1.00319239e-01
9.77531409e-02
9.64286653e-02
9.33780273e-02
9.67172461e-02
9.72828894e-02
9.85625638e-02
9.53357118e-02
9.79248195e-02
9.65513138e-02
9.55223179e-02
9.89970419e-02
9.60869364e-02
9.54460922e-02
9.56087399e-02
9.64195114e-02
9.69364230e-02
9.91182718e-02
9.73578454e-02
9.62499257e-02
9.91208465e-02
9.67925937e-02
9.66400598e-02
9.78495083e-02
9.52247993e-02
9.48993293e-02
9.58478723e-02
9.91631461e-02
9.61318436e-02
9.70222452e-02
9.54356526e-02
9.76991616e-02
9.81386339e-02
9.67496831e-02
9.56368223e-02
9.48800266e-02
9.62684778e-02
9.69604614e-02
9.50048484e-02
9.70016201e-02
9.79843617e-02
9.78524091e-02
9.83236050e-02
9.87068819e-02
9.71849569e-02
9.64133390e-02
9.57128283e-02
9.79395457e-02
9.63859830e-02
9.48013590e-02
9.29540505e-02
9.81950454e-02
9.81199370e-02
9.80824000e-02
9.61100440e-02
9.55776732e-02
9.86981491e-02
9.49924367e-02
9.61009070e-02
9.72248630e-02
9.59922581e-02
9.61934187e-02
9.66479600e-02
9.55527116e-02
9.58141507e-02
9.69340126e-02
9.79651694e-02
9.83178291e-02
9.69868131e-02
9.62719975e-02
9.60101141e-02
9.50306316e-02
9.49321563e-02
9.68079329e-02
9.52916336e-02
9.49609729e-02
9.56304447e-02
9.53527935e-02
9.66154866e-02
9.70850012e-02
9.84678876e-02
9.63747655e-02
9.80735608e-02
9.60006133e-02
9.65546063e-02
9.66125549e-02
9.76854955e-02
9.64240548e-02
9.66359417e-02
9.58657941e-02
9.57281609e-02
9.57804385e-02
9.78176811e-02
9.67661537e-02
9.71454765e-02
9.49954766e-02
9.46692029e-02
9.51094426e-02
9.57178558e-02
9.56396966e-02
9.68869579e-02
9.55535085e-02
9.61700376e-02
9.75068173e-02
9.35091109e-02
9.68624129e-02
9.66527398e-02
9.68900534e-02
9.60849545e-02
9.75322250e-02
9.63153155e-02
9.63180270e-02
9.65571546e-02
9.90660050e-02
9.86555306e-02
9.56322418e-02
9.59125412e-02
9.61896486e-02
9.60587301e-02
9.49678978e-02
9.90491844e-02
9.56257807e-02
9.48312483e-02
9.73287542e-02
9.68470381e-02
9.57372727e-02
9.66348384e-02
9.57197278e-02
9.67853027e-02
9.66026398e-02
9.45148660e-02
9.63824195e-02
9.64821536e-02
9.57820704e-02
9.74822113e-02
9.61164932e-02
9.74788864e-02
9.60677604e-02
9.70784322e-02
9.65658363e-02
9.56190562e-02
9.81931163e-02
9.58041602e-02
9.68407466e-02
9.62090666e-02
9.55749733e-02
9.60290538e-02
9.91123842e-02
9.55321623e-02
9.63791960e-02
9.67476994e-02
9.88374327e-02
9.77907498e-02
9.73654131e-02
9.86563422e-02
9.70354547e-02
9.82368410e-02
9.68900273e-02
9.48693525e-02
9.65027786e-02
9.78138125e-02
9.81661195e-02
9.45205423e-02
9.66781311e-02
1.00545202e-01
9.54136657e-02
9.65409009e-02
9.60956568e-02
9.60205965e-02
9.81219399e-02
9.58538550e-02
9.57978512e-02
9.65933816e-02
9.64836337e-02
9.61391380e-02
9.62422167e-02
9.47673800e-02
9.56836215e-02
9.69592885e-02
9.71367825e-02
9.72854722e-02
9.53089156e-02
9.87064075e-02
9.70578174e-02
9.75092270e-02
9.79117585e-02
9.54795616e-02
9.61566712e-02
9.60257559e-02
9.63599411e-02
9.56528123e-02
9.41388452e-02
9.66863174e-02
9.72606032e-02
9.69205416e-02
9.43081000e-02
9.71528301e-02
9.86246512e-02
9.74335679e-02
9.80753909e-02
9.66650704e-02
9.70262481e-02
9.62468215e-02
9.69275278e-02
9.74791492e-02
9.73321600e-02
9.60632506e-02
9.59065817e-02
9.44330334e-02
9.37718753e-02
9.42891033e-02
9.64651153e-02
1.00343137e-01
9.72957864e-02
9.64760138e-02
9.57991514e-02
9.77071766e-02
1.00135843e-01
9.61189450e-02
9.61250717e-02
9.83865449e-02
9.53135536e-02
9.54818064e-02
9.55539856e-02
9.74714714e-02
9.63827730e-02
9.70823437e-02
9.79208605e-02
9.77813151e-02
9.85301582e-02
9.55011447e-02
9.49605960e-02
9.44790393e-02
9.89850284e-02
9.70784391e-02
9.80749825e-02
9.66363261e-02
9.68475042e-02
9.50729556e-02
9.77043085e-02
9.73621565e-02
9.60251597e-02
9.63542055e-02
9.59968465e-02
9.55381830e-02
9.53252791e-02
9.67733118e-02
9.81348768e-02
9.43056846e-02
9.58251655e-02
9.73054706e-02
9.53661578e-02
9.75242235e-02
9.75848784e-02
9.62164022e-02
9.46146170e-02
9.79501551e-02
9.83798559e-02
9.70416182e-02
9.63136655e-02
9.65575509e-02
9.49647093e-02
9.65778966e-02
9.65881694e-02
9.70443509e-02
9.48997809e-02
9.48947378e-02
9.71828625e-02
9.79878306e-02
9.70751355e-02
9.63581901e-02
9.68811607e-02
9.60666014e-02
9.75449746e-02
9.50055537e-02
9.43702033e-02
9.73716905e-02
9.50245065e-02
9.61172384e-02
9.60193834e-02
9.71498190e-02
9.36196003e-02
9.76059431e-02
9.81327006e-02
9.69370777e-02
9.70171943e-02
9.84287613e-02
9.76231759e-02
9.66564626e-02
9.65722849e-02
9.61907264e-02
9.83228932e-02
9.91370521e-02
1.00203317e-01
9.50435353e-02
9.52825045e-02
9.47577769e-02
9.51150151e-02
9.73340769e-02
9.66579923e-02
9.74581020e-02
9.71561313e-02
9.69195473e-02
9.92308174e-02
9.80858782e-02
9.66176557e-02
9.83960055e-02
9.85309016e-02
9.63885120e-02
9.60202062e-02
9.41688327e-02
9.66651417e-02
9.84481737e-02
9.85381948e-02
9.69156381e-02
9.66752400e-02
9.58584707e-02
9.74355023e-02
9.64596658e-02
9.74104694e-02
9.67991869e-02
9.40815057e-02
9.65736340e-02
9.72762080e-02
9.55793353e-02
9.66985132e-02
9.60742997e-02
9.50928002e-02
9.42547352e-02
9.50301179e-02
9.74231608e-02
9.49703627e-02
9.50288647e-02
9.97000054e-02
9.50432470e-02
9.65012782e-02
9.64321213e-02
9.69675836e-02
9.82112977e-02
9.55608304e-02
9.53134484e-02
9.61665353e-02
9.72077716e-02
9.67052743e-02
9.64518564e-02
9.64620262e-02
9.86133589e-02
9.69948625e-02
9.67296475e-02
9.57552975e-02
9.68704316e-02
9.76496892e-02
9.73653915e-02
9.63590751e-02
9.53632805e-02
9.48783969e-02
9.73976553e-02
9.73907165e-02
9.47818272e-02
9.88764001e-02
9.54981165e-02
1.00461287e-01
9.54307832e-02
9.82693772e-02
9.40957381e-02
1.00738136e-01
9.76506462e-02
9.51091486e-02
9.69597793e-02
9.52125367e-02
9.66224331e-02
9.30946665e-02
9.44558121e-02
9.69838985e-02
9.60747521e-02
9.73384929e-02
9.78255145e-02
1.00325289e-01
9.42381447e-02
9.84254079e-02
9.57594357e-02
9.67084969e-02
9.63056817e-02
9.57090880e-02
9.66760826e-02
9.78720719e-02
9.54156827e-02
9.76588242e-02
9.62735014e-02
9.64502615e-02
9.80534456e-02
9.77738596e-02
9.65044429e-02
9.52044538e-02
9.56447301e-02
9.68227875e-02
9.64243415e-02
9.64807794e-02
1.00051685e-01
9.62117550e-02
9.76660125e-02
9.81766476e-02
9.61513198e-02
9.89974582e-02
9.81780442e-02
9.84219031e-02
9.42300780e-02
9.60366228e-02
9.58077652e-02
9.68263776e-02
9.55603725e-02
9.84802854e-02
9.66171653e-02
9.62329556e-02
9.62264017e-02
9.67722968e-02
9.58383537e-02
9.63430778e-02
9.74220325e-02
9.74213344e-02
9.49571113e-02
9.73588709e-02
9.65139837e-02
9.81207053e-02
9.81963913e-02
9.76970397e-02
9.75815471e-02
9.59453922e-02
9.83847756e-02
9.85827782e-02
9.83257503e-02
9.82751366e-02
9.56052271e-02
9.55745720e-02
9.58734902e-02
9.62603235e-02
9.55214824e-02
9.78442599e-02
9.66350745e-02
9.70034225e-02
9.60218106e-02
9.73361432e-02
9.66866348e-02
9.47659151e-02
9.99940816e-02
9.75263474e-02
9.78131625e-02
9.65193037e-02
9.56778495e-02
9.67064222e-02
9.77205096e-02
9.70472742e-02
9.65920083e-02
9.67887891e-02
9.68283743e-02
9.71604720e-02
9.66040842e-02
9.64381218e-02
9.55469875e-02
9.70922382e-02
9.58950573e-02
9.55928552e-02
9.97380841e-02
9.73031278e-02
9.63731099e-02
9.79333892e-02
9.81359605e-02
9.51533279e-02
9.80406455e-02
9.64086898e-02
9.49759514e-02
9.86943361e-02
9.68810096e-02
9.71347829e-02
9.59240725e-02
9.52493785e-02
9.79082433e-02
9.82489936e-02
9.54531416e-02
9.51046313e-02
9.56112148e-02
9.57666386e-02
9.45293217e-02
9.55918958e-02
9.67067252e-02
9.48675298e-02
9.68186873e-02
9.80751667e-02
9.72140894e-02
9.67330252e-02
9.81310310e-02
9.73855648e-02
9.72636368e-02
9.69125727e-02
9.79922204e-02
9.66247342e-02
9.49464773e-02
9.68219324e-02
9.87902090e-02
9.81994021e-02
9.47367000e-02
9.27092103e-02
9.76210022e-02
9.62570460e-02
9.53292968e-02
9.41518827e-02
9.67445947e-02
9.77915761e-02
9.58606850e-02
9.56896900e-02
9.48084852e-02
9.72074367e-02
9.91094348e-02
9.73350207e-02
9.83114771e-02
9.45361603e-02
9.82346038e-02
9.43970076e-02
9.57947668e-02
9.61313516e-02
9.73392891e-02
9.67088042e-02
9.73422067e-02
9.69583697e-02
9.45890069e-02
9.55817328e-02
9.60528348e-02
9.54192747e-02
9.92966085e-02
9.78408475e-02
9.79269185e-02
9.67755380e-02
9.79709924e-02
9.71599026e-02
9.75727334e-02
9.53207661e-02
9.55933650e-02
9.71264621e-02
9.75552673e-02
9.54772099e-02
9.67528522e-02
9.61981416e-02
9.57359086e-02
9.67788381e-02
9.86512802e-02
9.64402985e-02
9.63824707e-02
9.57904481e-02
9.51508031e-02
9.67039751e-02
9.55249179e-02
9.79649924e-02
9.79603037e-02
9.71647582e-02
9.61630045e-02
9.67012021e-02
9.87954791e-02
9.75469885e-02
9.61124857e-02
9.65655760e-02
9.79695895e-02
9.73962934e-02
9.55262379e-02
9.79128130e-02
9.69593997e-02
9.69544527e-02
9.67677323e-02
9.52161139e-02
9.80570210e-02
9.43939614e-02
9.61039599e-02
9.60440026e-02
9.51993344e-02
9.71467302e-02
9.68935793e-02
9.52439124e-02
9.66638234e-02
9.78725372e-02
9.41021038e-02
9.46242792e-02
9.47766263e-02
9.57565695e-02
9.69518081e-02
9.74222596e-02
9.70244335e-02
9.59369058e-02
9.50737523e-02
9.59289045e-02
9.49452507e-02
9.67174371e-02
9.55871214e-02
9.70889522e-02
9.73232496e-02
9.76177078e-02
9.74040921e-02
9.60966240e-02
9.53280563e-02
9.49455522e-02
9.65706614e-02
9.47671069e-02
9.76721703e-02
9.67208310e-02
9.48685698e-02
9.52937846e-02
9.43826983e-02
9.72788857e-02
9.73711720e-02
9.75570345e-02
9.57563141e-02
9.73325064e-02
9.51591801e-02
9.57194141e-02
9.78291699e-02
9.61472108e-02
9.78573985e-02
9.76339963e-02
9.78052438e-02
9.57364063e-02
9.74121752e-02
9.67470508e-02
9.63608471e-02
9.67481433e-02
9.90484339e-02
9.70138721e-02
9.58700698e-02
9.53070002e-02
9.74605651e-02
9.64414281e-02
9.62498498e-02
9.61872075e-02
9.70581609e-02
9.96580924e-02
9.58781209e-02
9.63741877e-02
9.76918997e-02
9.88269456e-02
9.67500782e-02
9.75626361e-02
9.67206763e-02
9.67731053e-02
9.63425061e-02
9.59027107e-02
9.69571531e-02
9.81431982e-02
9.49624481e-02
9.76031826e-02
9.57941688e-02
9.57004926e-02
9.61527251e-02
9.44679884e-02
9.92670338e-02
9.66428079e-02
9.70075792e-02
9.86657016e-02
9.92728421e-02
9.75940328e-02
9.64553673e-02
9.90207074e-02
9.71002634e-02
9.63467080e-02
9.71893396e-02
9.57584133e-02
9.82371661e-02
9.63065485e-02
9.83745154e-02
9.74143707e-02
9.87448595e-02
9.90865067e-02
9.62351302e-02
9.55531365e-02
9.76054682e-02
9.77504712e-02
1.00071026e-01
9.80028687e-02
9.58264393e-02
9.48163871e-02
9.75858191e-02
9.63923334e-02
9.78902926e-02
9.64039411e-02
9.70548732e-02
9.73980185e-02
9.54353160e-02
9.74745499e-02
9.69387938e-02
9.61804799e-02
9.60136150e-02
9.68524248e-02
9.67844305e-02
9.57053726e-02
9.66650133e-02
9.52661488e-02
9.68082416e-02
9.59313720e-02
9.69985045e-02
9.52191530e-02
9.66199931e-02
9.41087528e-02
9.70219214e-02
9.58871921e-02
9.77976119e-02
9.81478630e-02
9.70765517e-02
9.62803276e-02
9.85300565e-02
9.59017927e-02
9.70539453e-02
9.59312559e-02
9.75601908e-02
9.52848370e-02
9.66060321e-02
9.73369395e-02
9.63055222e-02
9.69830974e-02
9.56438732e-02
9.57878294e-02
9.67015053e-02
9.76758313e-02
9.72208400e-02
9.85834606e-02
9.34616349e-02
9.53744993e-02
9.66532829e-02
9.67909429e-02
9.69528741e-02
9.53086825e-02
9.67540340e-02
9.76530777e-02
9.70050220e-02
9.66246197e-02
9.62846283e-02
9.81441020e-02
9.79441388e-02
9.50478112e-02
9.71075151e-02
9.60272270e-02
9.65778693e-02
9.77883425e-02
9.59270569e-02
9.67762604e-02
9.59700401e-02
9.73388455e-02
9.61223146e-02
9.58277641e-02
9.57117261e-02
9.68077485e-02
9.66591750e-02
9.45449783e-02
9.78092068e-02
9.74364721e-02
9.55312524e-02
9.61305865e-02
9.49455630e-02
9.67365652e-02
9.65275979e-02
9.70934008e-02
9.64918296e-02
9.68540967e-02
9.75687742e-02
9.62222192e-02
9.52110991e-02
9.69037021e-02
9.65640497e-02
9.82739620e-02
9.78473309e-02
9.71347618e-02
9.56301789e-02
9.67424672e-02
9.83241089e-02
9.57831672e-02
9.61096653e-02
9.56025027e-02
9.58741531e-02
9.67567045e-02
9.72396059e-02
9.53127301e-02
9.75363584e-02
9.63076809e-02
9.73957834e-02
9.41294666e-02
9.71581499e-02
9.63216622e-02
9.51696976e-02
9.66733815e-02
9.76819323e-02
9.71815391e-02
9.57691524e-02
9.59073444e-02
9.56501079e-02
9.62476467e-02
9.71270777e-02
9.62187393e-02
9.52566953e-02
9.65031957e-02
9.62616626e-02
9.81196684e-02
9.82764995e-02
9.58186686e-02
9.87711935e-02
9.61020557e-02
9.72492179e-02
9.57166394e-02
9.57545602e-02
9.71099867e-02
9.59964584e-02
9.70543251e-02
9.62710740e-02
9.62486807e-02
9.73068039e-02
9.62659346e-02
9.65833594e-02
9.58183928e-02
9.69126246e-02
9.53573547e-02
9.79398028e-02
9.56144570e-02
9.54737201e-02
9.79322892e-02
9.66076806e-02
9.52107872e-02
9.58976029e-02
9.65944071e-02
9.57421442e-02
9.76568421e-02
9.54080335e-02
9.72684947e-02
9.59876737e-02
9.55828140e-02
9.64897984e-02
9.81570428e-02
9.78209480e-02
9.93201003e-02
9.50251433e-02
9.85004594e-02
9.72805391e-02
9.74150532e-02
9.56924935e-02
9.65416304e-02
9.74910436e-02
9.56104381e-02
9.76010211e-02
9.53782952e-02
9.57926924e-02
9.77213226e-02
9.68236955e-02
9.59768300e-02
9.77067041e-02
9.82496328e-02
9.58054165e-02
9.66276034e-02
9.41071415e-02
9.81778808e-02
9.80893081e-02
9.65075212e-02
9.61961948e-02
9.83380667e-02
9.80657845e-02
9.52274483e-02
9.70660307e-02
9.83765931e-02
9.64322339e-02
9.56871092e-02
9.56831207e-02
9.59569242e-02
9.67760665e-02
9.52735253e-02
9.78166020e-02
9.58787326e-02
9.75491548e-02
9.59843523e-02
9.59421762e-02
9.61620483e-02
9.50806148e-02
9.77149220e-02
9.84956186e-02
9.70889996e-02
9.63958539e-02
9.61480180e-02
9.59094967e-02
9.52625505e-02
9.68273207e-02
9.52656837e-02
9.89893555e-02
9.42288130e-02
9.88619403e-02
9.64111321e-02
9.50922984e-02
9.82170988e-02
9.59238880e-02
9.70509165e-02
9.74532468e-02
9.69791568e-02
9.40022812e-02
9.59925447e-02
9.82125665e-02
9.58650228e-02
9.56153111e-02
9.85720214e-02
9.48111910e-02
1.00014611e-01
9.80129694e-02
9.62903188e-02
9.76142391e-02
9.74493178e-02
9.74160619e-02
9.65488930e-02
9.60261293e-02
9.68827813e-02
9.46478530e-02
9.73532837e-02
9.93675562e-02
9.40466466e-02
9.70088541e-02
9.52653297e-02
9.74042996e-02
9.75134861e-02
9.84060662e-02
9.88622621e-02
9.71079206e-02
9.92485159e-02
9.63256658e-02
9.70816957e-02
9.52902240e-02
9.66314721e-02
9.70198512e-02
9.59313246e-02
9.59664699e-02
9.82757247e-02
9.76209058e-02
9.76538969e-02
9.55400841e-02
9.65805604e-02
9.58518908e-02
9.71917682e-02
9.39933312e-02
9.74058272e-02
9.58564827e-02
9.71216933e-02
9.61885839e-02
9.58498986e-02
1.00587126e-01
9.63827580e-02
9.76749904e-02
9.37272409e-02
9.52208029e-02
9.62268149e-02
9.70515346e-02
9.71291721e-02
9.66432346e-02
9.67540359e-02
9.55708076e-02
9.69818904e-02
9.54637378e-02
9.79074011e-02
9.68553766e-02
9.46819041e-02
9.66193363e-02
9.78247523e-02
9.67270221e-02
9.77097699e-02
9.54350926e-02
9.45350360e-02
9.63883750e-02
9.80287074e-02
9.81713810e-02
9.70357014e-02
9.44738966e-02
9.77134535e-02
9.64811909e-02
9.82884163e-02
9.87775134e-02
9.69071431e-02
9.70137557e-02
9.77246385e-02
9.52847293e-02
9.71159078e-02
9.60405836e-02
9.87963366e-02
9.57741536e-02
9.72838853e-02
9.36465023e-02
9.55410592e-02
9.79357048e-02
9.61051113e-02
9.62272898e-02
9.47554600e-02
9.87105494e-02
9.77350133e-02
9.40920012e-02
9.65780390e-02
9.54198755e-02
9.42347490e-02
9.68028264e-02
9.51142839e-02
9.81972956e-02
9.47374449e-02
9.83217275e-02
9.91564977e-02
9.49191846e-02
9.54945529e-02
9.53966707e-02
9.88428403e-02
9.76338184e-02
9.64008005e-02
9.55751514e-02
9.77485778e-02
9.82658683e-02
9.53980364e-02
9.69688466e-02
9.55500293e-02
9.74027035e-02
9.73899319e-02
9.61157164e-02
9.60975869e-02
9.60307287e-02
9.60374967e-02
9.75032015e-02
9.73247994e-02
9.63054699e-02
9.56874722e-02
9.41204435e-02
9.67726179e-02
9.74394333e-02
9.62535457e-02
9.64806004e-02
9.89388006e-02
9.58322725e-02
9.48543428e-02
9.68904913e-02
9.78151486e-02
9.71440124e-02
9.60327567e-02
9.68244292e-02
9.64056607e-02
9.80743111e-02
9.54339410e-02
9.72402330e-02
9.63017839e-02
9.62670387e-02
9.83240769e-02
9.88522561e-02
9.87606766e-02
9.88906035e-02
9.57623584e-02
9.63920340e-02
9.54506966e-02
9.70290958e-02
9.24531643e-02
9.81814232e-02
9.58968298e-02
9.58422891e-02
9.66970954e-02
9.58758945e-02
9.93277551e-02
9.57149028e-02
9.73848233e-02
9.56157459e-02
9.74381535e-02
9.73803969e-02
9.68855237e-02
9.73353095e-02
9.55936471e-02
9.72867569e-02
9.66266319e-02
9.64970515e-02
9.72738649e-02
9.48518348e-02
9.63262687e-02
9.63178969e-02
9.59091143e-02
9.78773726e-02
9.86162725e-02
9.57562888e-02
9.66856741e-02
9.76721640e-02
9.67490850e-02
9.41164696e-02
9.44826498e-02
9.78199505e-02
9.89217097e-02
9.65449925e-02
9.60696334e-02
9.60472011e-02
9.82833490e-02
9.42056749e-02
9.80955089e-02
9.66076640e-02
1.00047064e-01
9.73164870e-02
9.62938761e-02
9.62970973e-02
9.34593635e-02
9.55807950e-02
9.54251857e-02
1.00589693e-01
9.59418405e-02
9.60952385e-02
9.71150511e-02
9.59118333e-02
9.44508623e-02
9.65021244e-02
9.85110175e-02
9.60374405e-02
9.68222198e-02
9.74911005e-02
9.75945121e-02
9.73697442e-02
9.83675678e-02
9.78874803e-02
9.92604501e-02
9.78325071e-02
9.64498373e-02
9.57191659e-02
9.65500357e-02
9.19185722e-02
9.49083640e-02
9.48784105e-02
9.93517964e-02
9.72942963e-02
9.71403554e-02
9.61789837e-02
9.80423065e-02
9.58287495e-02
9.60129630e-02
9.75592064e-02
9.69228568e-02
9.60837007e-02
9.59478862e-02
9.88597860e-02
9.67147959e-02
9.67680594e-02
9.51976478e-02
9.77457326e-02
9.60593441e-02
9.70880929e-02
9.74461310e-02
9.47336144e-02
9.58473916e-02
9.55379411e-02
9.80065260e-02
9.48323711e-02
9.64503511e-02
9.63041768e-02
9.56809484e-02
9.55495408e-02
9.72093936e-02
9.56863966e-02
9.73682312e-02
9.68695308e-02
9.60893452e-02
9.67145742e-02
9.65622257e-02
9.54887100e-02
1.00290020e-01
9.60195158e-02
9.47823608e-02
9.63129996e-02
9.77431793e-02
9.53645352e-02
9.92455209e-02
9.46789603e-02
9.83181939e-02
9.72808668e-02
9.69647392e-02
9.74888768e-02
9.53540067e-02
9.80164974e-02
9.78946402e-02
9.63632648e-02
9.58755626e-02
9.78972850e-02
9.69819920e-02
9.52955078e-02
9.89825023e-02
9.85260466e-02
9.57545146e-02
9.66617144e-02
9.57005130e-02
9.94387636e-02
9.71714163e-02
9.66877491e-02
9.80220917e-02
9.63081015e-02
9.56232825e-02
9.53051946e-02
9.66364575e-02
9.71878630e-02
9.53055870e-02
9.65408631e-02
9.67214756e-02
9.58805062e-02
9.68016579e-02
9.69283314e-02
9.40810517e-02
9.50042533e-02
9.76000940e-02
9.47317995e-02
9.66062017e-02
9.84216784e-02
9.53648252e-02
9.69295097e-02
9.78593900e-02
9.70795316e-02
9.54389837e-02
9.73552596e-02
9.71507395e-02
9.68622900e-02
9.80970132e-02
9.57360073e-02
9.89060005e-02
9.30270085e-02
9.45689199e-02
9.63430241e-02
9.66078227e-02
1.00863896e-01
9.79290981e-02
9.60312155e-02
9.72482376e-02
9.52877838e-02
9.70636093e-02
9.51990431e-02
9.76029339e-02
9.59087537e-02
9.58927575e-02
9.63304251e-02
1.00421653e-01
9.73325665e-02
9.59870523e-02
9.75363662e-02
9.45236045e-02
9.63928516e-02
9.53740831e-02
9.86013187e-02
9.77924035e-02
9.41987713e-02
9.81089387e-02
9.64816285e-02
9.52301020e-02
9.65340023e-02
9.62310789e-02
9.83008816e-02
9.53664746e-02
9.75653192e-02
9.64187094e-02
9.56702360e-02
9.90972523e-02
9.81889316e-02
9.68931761e-02
9.71532411e-02
9.60794455e-02
9.54134094e-02
9.37076583e-02
9.66021779e-02
9.57948788e-02
9.59778398e-02
9.42531953e-02
9.85090858e-02
9.60301945e-02
9.66123772e-02
9.65063594e-02
9.51084926e-02
9.60921673e-02
9.78752217e-02
9.87285825e-02
9.66241092e-02
9.85603037e-02
9.76682510e-02
9.73607749e-02
9.75171784e-02
9.58841657e-02
9.52304919e-02
9.87490336e-02
9.64571081e-02
9.64909575e-02
9.58521037e-02
9.81229096e-02
9.48123232e-02
9.71726118e-02
9.60838085e-02
9.76316954e-02
9.61900425e-02
9.37337927e-02
9.76752028e-02
9.61162330e-02
9.71669400e-02
9.77414044e-02
9.54726304e-02
9.60876871e-02
9.85610776e-02
9.78543330e-02
9.44999235e-02
9.86100302e-02
9.71700827e-02
9.56104297e-02
9.65894283e-02
9.50047838e-02
9.76244805e-02
9.71644497e-02
9.62002191e-02
9.56746407e-02
9.73028090e-02
9.56719342e-02
9.88128136e-02
9.62678016e-02
9.86071659e-02
9.87468926e-02
9.68243892e-02
9.66234350e-02
9.56395760e-02
9.71775840e-02
9.59138764e-02
9.58771181e-02
9.60392873e-02
9.74928726e-02
9.84288954e-02
9.44485742e-02
9.54347647e-02
9.61444731e-02
9.54265945e-02
9.53291278e-02
9.67350188e-02
9.60582460e-02
9.53669930e-02
9.60896018e-02
9.63450424e-02
9.81747346e-02
9.83392094e-02
9.50706617e-02
9.69130819e-02
9.62286088e-02
9.78526008e-02
9.78585859e-02
9.76991231e-02
9.62910873e-02
9.84886847e-02
9.92610784e-02
9.57921706e-02
9.64887720e-02
9.62926090e-02
9.53006960e-02
9.42251528e-02
9.51894227e-02
9.75180740e-02
9.43511592e-02
9.46582254e-02
9.66232277e-02
9.74752224e-02
9.58927612e-02
9.62775202e-02
9.81403264e-02
9.61588820e-02
9.77120711e-02
9.44943509e-02
9.71247515e-02
9.67802816e-02
9.58196577e-02
9.90544625e-02
9.45189587e-02
9.60477653e-02
9.80443156e-02
9.60694839e-02
9.52474674e-02
9.88719645e-02
9.74034878e-02
9.78138635e-02
9.88590438e-02
9.61325309e-02
9.77061721e-02
9.70358074e-02
9.41058526e-02
9.82181368e-02
9.48236329e-02
9.58672807e-02
9.68179346e-02
9.72284372e-02
9.50643701e-02
9.72934529e-02
9.81462803e-02
9.72465300e-02
9.69651706e-02
9.69866110e-02
9.89980717e-02
9.81467854e-02
9.62649315e-02
9.87299095e-02
9.72375373e-02
9.52820689e-02
9.51429698e-02
9.54017782e-02
9.67532997e-02
9.65493644e-02
9.55645544e-02
9.59145085e-02
9.81523099e-02
9.45507500e-02
9.86412882e-02
9.59657054e-02
9.68880160e-02
9.74769449e-02
9.55067550e-02
9.75145142e-02
9.65709178e-02
9.43964087e-02
9.71842854e-02
9.63695240e-02
9.56938195e-02
9.62310323e-02
9.70630601e-02
9.48029441e-02
9.73220430e-02
9.47161633e-02
9.59556273e-02
9.63254254e-02
9.92813481e-02
9.68593591e-02
9.69021644e-02
9.60115548e-02
9.43912132e-02
9.49309991e-02
9.74256292e-02
9.61981039e-02
9.71173912e-02
9.48872487e-02
9.76621205e-02
9.75432659e-02
9.60536226e-02
9.59942428e-02
9.47549901e-02
9.64968326e-02
9.71432342e-02
9.67498467e-02
9.67350523e-02
9.64335538e-02
9.59937074e-02
9.78760644e-02
9.49649801e-02
9.79310603e-02
9.76368739e-02
9.58030251e-02
9.59850480e-02
9.60939158e-02
9.70963601e-02
9.36141501e-02
9.63879975e-02
9.58672492e-02
9.51591513e-02
9.43176710e-02
9.79322749e-02
9.74413634e-02
9.76599693e-02
9.47089038e-02
9.63298184e-02
9.59233197e-02
9.54776950e-02
9.60892425e-02
9.58212526e-02
9.73537327e-02
9.69276830e-02
9.82743335e-02
9.71344683e-02
9.83434897e-02
9.63214060e-02
9.62536664e-02
9.63896559e-02
9.68208438e-02
9.72743880e-02
9.80941288e-02
9.46244631e-02
9.55013320e-02
9.71054076e-02
9.86215874e-02
9.81482234e-02
9.86368980e-02
9.60922474e-02
9.79921326e-02
9.61587776e-02
9.65928810e-02
9.61081046e-02
9.50689702e-02
9.72098290e-02
9.56570797e-02
9.79329361e-02
9.62905790e-02
9.67556477e-02
9.64022488e-02
9.66016086e-02
9.62996389e-02
9.71766381e-02
9.67714146e-02
9.51935673e-02
9.69386749e-02
9.67081251e-02
9.82796177e-02
9.77506470e-02
9.80103034e-02
9.75710810e-02
9.63301335e-02
9.69299424e-02
9.59018898e-02
9.57875745e-02
9.47095910e-02
9.74768703e-02
9.95900911e-02
9.74492449e-02
9.78685580e-02
9.70948478e-02
9.73915432e-02
9.78977829e-02
9.46047932e-02
9.62445806e-02
9.47637729e-02
9.76907933e-02
9.71461543e-02
9.63819634e-02
9.69247943e-02
9.72485029e-02
9.43114867e-02
9.59242031e-02
9.46848482e-02
9.62131100e-02
9.32136225e-02
9.72733838e-02
9.54871854e-02
9.72334683e-02
9.50487315e-02
9.83383098e-02
9.71985707e-02
9.63073019e-02
9.62052476e-02
9.74849996e-02
9.63558618e-02
9.52362307e-02
9.57810816e-02
9.54853333e-02
9.52619692e-02
9.68280762e-02
9.47550621e-02
9.63325333e-02
9.60120497e-02
9.74509628e-02
9.56077501e-02
9.43211662e-02
9.42248353e-02
9.88045387e-02
9.95644257e-02
9.67191968e-02
9.49914579e-02
9.84335890e-02
9.71292467e-02
9.55814927e-02
9.66749072e-02
9.61924542e-02
9.54959129e-02
9.62741359e-02
9.44734240e-02
9.80880295e-02
9.60565131e-02
9.60092794e-02
1.00044041e-01
9.72425561e-02
9.76815702e-02
9.50544687e-02
9.47678216e-02
9.77031576e-02
9.91615752e-02
9.52432324e-02
9.77647644e-02
9.49768787e-02
9.72577295e-02
9.80396409e-02
9.53824900e-02
9.79418382e-02
9.61322706e-02
9.56750053e-02
9.58392855e-02
9.65996804e-02
9.65418447e-02
9.56454535e-02
9.49201439e-02
9.53151773e-02
9.58150060e-02
9.86734293e-02
9.65328915e-02
9.74430630e-02
9.77533088e-02
9.44877403e-02
9.75804903e-02
9.35845228e-02
9.54568314e-02
9.36680082e-02
9.83788593e-02
9.54304445e-02
9.75904517e-02
9.59330044e-02
9.63046539e-02
9.53439075e-02
9.74148766e-02
9.62651058e-02
9.85219083e-02
9.84814755e-02
9.83953125e-02
9.91822059e-02
9.73375561e-02
9.71362264e-02
9.63289170e-02
9.71338859e-02
9.46872283e-02
9.54605271e-02
9.73981240e-02
9.66387395e-02
9.39313571e-02
9.60536992e-02
9.88037297e-02
9.81806348e-02
9.52126688e-02
9.53067858e-02
9.52791279e-02
9.76355312e-02
9.70112846e-02
9.59884539e-02
9.85359652e-02
9.71735808e-02
9.85070368e-02
9.47705622e-02
9.51294778e-02
9.57920769e-02
9.81522034e-02
9.72304806e-02
9.79730536e-02
9.44900719e-02
9.54709422e-02
9.45583651e-02
9.78251262e-02
9.58783450e-02
9.37309826e-02
9.66355609e-02
9.31905081e-02
9.79481896e-02
9.62728607e-02
9.60399604e-02
9.44800216e-02
9.66000075e-02
9.54348219e-02
9.82535296e-02
9.97367440e-02
9.51205975e-02
9.69228666e-02
9.57303180e-02
9.86458535e-02
9.85734855e-02
9.80506379e-02
9.50817396e-02
9.83566245e-02
9.69801806e-02
9.88208935e-02
9.56961702e-02
9.56793021e-02
9.57602755e-02
9.87648811e-02
9.48659213e-02
9.60202481e-02
9.58807229e-02
9.60244472e-02
9.86621639e-02
9.42845122e-02
9.73654836e-02
9.72255998e-02
9.89029919e-02
9.62061911e-02
9.39976510e-02
9.60285520e-02
9.52470812e-02
9.87191735e-02
9.58844978e-02
9.48291370e-02
9.76122724e-02
9.71606014e-02
9.64574750e-02
9.66050457e-02
9.53542427e-02
9.64109473e-02
9.57063689e-02
9.63769863e-02
9.57797520e-02
9.65627127e-02
9.62498754e-02
9.65848162e-02
9.98993151e-02
9.81160346e-02
9.65126267e-02
9.64958234e-02
9.42185026e-02
9.65916153e-02
9.76639831e-02
9.54092045e-02
9.59242173e-02
9.81981007e-02
9.70097580e-02
9.45853636e-02
9.49638116e-02
9.61548544e-02
9.45758317e-02
9.71622077e-02
9.64074941e-02
9.81729140e-02
9.55241116e-02
9.58110136e-02
9.70639859e-02
9.95209612e-02
9.49759189e-02
9.85193518e-02
9.62358079e-02
9.30975355e-02
9.68331223e-02
9.76152039e-02
9.86841745e-02
9.64616012e-02
9.68601002e-02
9.69567805e-02
9.43281057e-02
9.61805319e-02
9.73675089e-02
9.52593819e-02
9.48077937e-02
9.63258808e-02
9.63812870e-02
9.85487328e-02
9.75731055e-02
9.84246437e-02
9.45458726e-02
9.55906491e-02
9.74052059e-02
9.64705088e-02
9.80197272e-02
9.73968399e-02
9.50134179e-02
9.64104480e-02
9.41702052e-02
9.74175482e-02
9.67483091e-02
9.53595306e-02
9.63606004e-02
9.58421110e-02
9.50071438e-02
9.67201367e-02
9.67833287e-02
9.62055026e-02
9.84951827e-02
9.61200412e-02
9.48809032e-02
9.77640002e-02
9.64829193e-02
9.58859493e-02
9.66375050e-02
9.45740833e-02
9.57677644e-02
9.77201630e-02
9.45083058e-02
9.61766809e-02
9.65020627e-02
9.67871572e-02
9.71460497e-02
9.64234272e-02
9.82851981e-02
9.55999786e-02
9.70540011e-02
9.57560934e-02
9.77870038e-02
9.55200826e-02
9.73714929e-02
9.78471935e-02
9.85688545e-02
9.71835391e-02
9.39953764e-02
9.65242190e-02
9.67278150e-02
9.53666196e-02
9.75390196e-02
9.81892735e-02
9.46824274e-02
9.67076757e-02
9.76125143e-02
9.53637024e-02
9.76447523e-02
9.93172917e-02
9.73105334e-02
9.47951972e-02
9.39501059e-02
9.53288292e-02
9.69579408e-02
9.79100954e-02
9.68588288e-02
9.79270699e-02
9.59760041e-02
9.65205906e-02
9.77661874e-02
9.58738696e-02
9.78104010e-02
9.70155854e-02
9.76894984e-02
9.65787573e-02
9.58105281e-02
9.70706694e-02
9.37416225e-02
9.80357458e-02
9.62375029e-02
9.48856988e-02
9.48726241e-02
9.75322877e-02
9.66423035e-02
9.63706151e-02
9.53856908e-02
9.45870618e-02
9.62188949e-02
9.72693531e-02
9.70974486e-02
9.74121215e-02
9.64747243e-02
1.00580632e-01
9.61922279e-02
9.68558885e-02
9.67214409e-02
9.72665461e-02
9.75330385e-02
9.60291524e-02
9.70654016e-02
9.76742088e-02
9.88219639e-02
9.71290631e-02
9.56611194e-02
9.64440594e-02
9.56862689e-02
9.69779075e-02
9.43882437e-02
9.51065906e-02
9.70782803e-02
9.88687349e-02
9.85564788e-02
9.45704487e-02
9.62870430e-02
9.70924586e-02
9.65365875e-02
9.63257172e-02
9.63495114e-02
9.53596475e-02
9.57852700e-02
9.82765126e-02
9.81852135e-02
9.65539973e-02
9.75553951e-02
9.86708761e-02
9.70626527e-02
9.55547601e-02
9.85594722e-02
9.85003316e-02
9.77269618e-02
9.70884397e-02
9.65354844e-02
9.65410189e-02
9.96587668e-02
9.65856072e-02
9.92446900e-02
9.38878620e-02
9.76622148e-02
9.86648646e-02
9.61658815e-02
9.91744424e-02
9.74131330e-02
9.53577299e-02
9.61004463e-02
9.64459733e-02
9.63007729e-02
9.70082839e-02
9.63383350e-02
9.65161449e-02
9.66405217e-02
9.40918080e-02
9.64861444e-02
9.77825101e-02
9.56971312e-02
9.63021370e-02
9.55757904e-02
9.76577941e-02
9.73641939e-02
9.71491757e-02
9.57348299e-02
9.63564264e-02
9.78688611e-02
9.65458625e-02
9.55900890e-02
9.74114140e-02
9.83825925e-02
9.63271656e-02
9.79063287e-02
9.42029907e-02
9.70831526e-02
9.64300901e-02
9.68196633e-02
9.75880345e-02
9.69158935e-02
9.71178821e-02
9.51414452e-02
9.40961904e-02
9.85622463e-02
9.73014644e-02
9.30489391e-02
9.69547140e-02
9.68587464e-02
9.47871386e-02
9.59818620e-02
9.69347807e-02
9.57666611e-02
9.70033709e-02
9.62998909e-02
9.67878728e-02
9.57784412e-02
9.68520791e-02
9.75210630e-02
9.72363072e-02
9.60796349e-02
9.74858187e-02
9.80316235e-02
9.69304001e-02
9.67370034e-02
9.74999112e-02
9.66121583e-02
9.63438577e-02
9.61490201e-02
9.51461424e-02
9.40565299e-02
9.75985331e-02
9.60429257e-02
9.65658540e-02
9.74312721e-02
9.68278304e-02
9.74742683e-02
9.66864612e-02
9.64031498e-02
9.62329118e-02
9.60224945e-02
9.85683255e-02
9.58445007e-02
9.87587020e-02
9.56150558e-02
9.47772295e-02
9.54238423e-02
9.63495096e-02
9.57936864e-02
9.68418195e-02
9.76405689e-02
9.60613637e-02
9.66447526e-02
9.82053753e-02
9.52119940e-02
9.52255495e-02
9.81347754e-02
9.58809660e-02
9.69878590e-02
9.54563958e-02
9.29858858e-02
9.55116725e-02
9.58113473e-02
9.69927707e-02
9.79035925e-02
9.74000816e-02
9.69095411e-02
9.57697208e-02
9.76480268e-02
9.58355882e-02
9.75799555e-02
9.38371354e-02
9.54231129e-02
9.42831060e-02
9.87067910e-02
9.49420417e-02
9.68558695e-02
9.55170411e-02
9.78406638e-02
9.54001276e-02
9.74234026e-02
9.63048011e-02
9.68655429e-02
9.47176019e-02
9.71592612e-02
9.55057417e-02
9.61307496e-02
9.56698212e-02
9.88968623e-02
9.67517314e-02
9.54132829e-02
9.54007338e-02
9.65276880e-02
9.65687234e-02
9.64689633e-02
9.56884186e-02
9.67956206e-02
9.48549578e-02
9.78593458e-02
9.52206202e-02
9.62542513e-02
9.81405935e-02
9.67986404e-02
9.64711841e-02
9.89179955e-02
9.63785759e-02
9.65477257e-02
9.53050010e-02
9.66983328e-02
9.68789110e-02
9.69208293e-02
9.78878391e-02
9.75455306e-02
9.64783104e-02
9.55669641e-02
9.49194853e-02
9.44836868e-02
9.60008738e-02
9.69306387e-02
9.86403001e-02
9.54305110e-02
9.73346399e-02
9.61793748e-02
9.65700849e-02
9.51028241e-02
9.56916558e-02
9.63386212e-02
9.74245027e-02
9.83741540e-02
9.55868290e-02
9.46632195e-02
9.54462512e-02
9.62747617e-02
9.79374630e-02
9.66106912e-02
9.77098299e-02
9.61760981e-02
9.74926885e-02
9.60995084e-02
9.58395758e-02
9.51099160e-02
9.57758055e-02
9.65895377e-02
9.35534001e-02
9.69988754e-02
9.52904886e-02
9.41219651e-02
9.63103754e-02
9.47651834e-02
9.35563787e-02
9.81326145e-02
9.69075382e-02
9.85808161e-02
9.72221175e-02
9.48511040e-02
9.87508669e-02
9.54135770e-02
9.45827436e-02
9.87214475e-02
9.71952566e-02
9.55501235e-02
9.67829104e-02
9.38726431e-02
9.63605193e-02
9.67108567e-02
9.56048374e-02
9.69676622e-02
9.61368932e-02
9.72834456e-02
9.56094743e-02
9.62884151e-02
9.52276928e-02
9.49412740e-02
9.67992646e-02
9.33926756e-02
9.61556989e-02
9.75453215e-02
9.60763716e-02
9.49638010e-02
9.62529975e-02
9.80177122e-02
9.78248266e-02
9.44792260e-02
9.60156923e-02
9.45710003e-02
9.53536607e-02
9.76926546e-02
9.86397855e-02
9.49183545e-02
9.53694187e-02
9.68150463e-02
9.72014311e-02
9.59848987e-02
9.71735381e-02
9.54352508e-02
9.69813933e-02
9.74039909e-02
9.76472685e-02
9.71808436e-02
9.75301219e-02
9.74826206e-02
9.86627942e-02
9.69300299e-02
9.68936265e-02
9.54129800e-02
9.78292283e-02
9.46019427e-02
9.62803283e-02
9.75333593e-02
9.65814174e-02
9.72167038e-02
9.94370461e-02
9.75397016e-02
9.76600607e-02
9.52604465e-02
9.65172892e-02
9.75987396e-02
9.53762270e-02
9.65344133e-02
9.70197735e-02
9.70140505e-02
9.82354335e-02
9.62391075e-02
9.64418769e-02
1.01152847e-01
9.81026307e-02
9.81111352e-02
9.56699838e-02
9.75720139e-02
9.74826191e-02
9.62513424e-02
9.68585983e-02
9.61277173e-02
9.59854224e-02
9.68282731e-02
9.72435581e-02
9.82797995e-02
9.77282614e-02
9.47987000e-02
9.69246696e-02
9.65514862e-02
9.83946551e-02
9.59395890e-02
9.65661288e-02
9.56884948e-02
9.47795125e-02
9.78269126e-02
9.57218797e-02
9.58405693e-02
9.58739996e-02
9.75375779e-02
9.71045010e-02
9.77492622e-02
9.78018263e-02
9.76566793e-02
9.67859967e-02
9.47438859e-02
9.76387712e-02
9.86045430e-02
9.67179453e-02
9.69901968e-02
9.70687928e-02
9.73209010e-02
9.53999920e-02
1.00076952e-01
9.45364113e-02
9.62963731e-02
9.39025686e-02
9.57507709e-02
9.80000442e-02
9.99870462e-02
9.63103665e-02
9.78468484e-02
9.59169360e-02
9.59474535e-02
9.46130410e-02
9.91209096e-02
9.97500497e-02
9.73623291e-02
9.69862599e-02
9.84048203e-02
9.71441801e-02
9.76166053e-02
9.63946519e-02
9.54053523e-02
9.55659124e-02
9.80713180e-02
9.69844119e-02
9.63048406e-02
9.55340216e-02
9.73026538e-02
9.74829298e-02
9.74144950e-02
9.77238634e-02
9.60665231e-02
9.61759884e-02
9.82774266e-02
9.66821057e-02
9.44746020e-02
9.71421318e-02
9.81259212e-02
9.70125168e-02
9.51272957e-02
9.91588228e-02
9.68206867e-02
9.74618150e-02
9.76524458e-02
9.45708642e-02
9.73417400e-02
9.76638915e-02
9.79069524e-02
9.70326144e-02
9.84666851e-02
9.66757988e-02
9.47494467e-02
9.74643056e-02
9.76193233e-02
9.76468935e-02
9.64298290e-02
9.85217993e-02
9.65490866e-02
9.67561933e-02
9.56751233e-02
9.63128862e-02
9.55478549e-02
9.49363895e-02
9.52839596e-02
9.95801150e-02
9.79891052e-02
9.77198646e-02
9.74925652e-02
9.54693926e-02
9.63654702e-02
9.64224201e-02
9.82223559e-02
9.62674060e-02
9.73974061e-02
9.60086966e-02
9.57490284e-02
9.51254686e-02
9.51167955e-02
9.50666750e-02
9.61463940e-02
9.85394552e-02
9.66273902e-02
9.57970118e-02
9.51170152e-02
9.58729424e-02
9.56411873e-02
9.91361693e-02
9.57060604e-02
9.66678559e-02
9.71869357e-02
9.64974971e-02
9.57857186e-02
9.71636038e-02
9.68147863e-02
9.58459829e-02
9.55447918e-02
9.66281712e-02
9.72578740e-02
9.98052296e-02
9.72639835e-02
9.72052311e-02
9.72224639e-02
9.69500728e-02
9.71943883e-02
9.54780176e-02
9.47991913e-02
9.69198902e-02
9.65659289e-02
9.39722866e-02
9.65257654e-02
9.57711769e-02
9.72362081e-02
9.65694805e-02
9.42038463e-02
9.55940663e-02
9.46761019e-02
9.61056886e-02
9.55873904e-02
9.51306773e-02
9.68256852e-02
9.83131228e-02
9.59843970e-02
9.68119981e-02
9.36540273e-02
9.56629208e-02
9.46271294e-02
9.78245639e-02
9.54351959e-02
9.64492769e-02
9.79004464e-02
9.63899766e-02
9.66816328e-02
9.71422013e-02
9.68651686e-02
9.69153825e-02
9.68536754e-02
9.81249220e-02
9.65546600e-02
9.71314177e-02
9.78364779e-02
9.79608877e-02
9.66930126e-02
9.67989143e-02
9.72834666e-02
9.71511221e-02
9.59466476e-02
9.71454650e-02
9.51621546e-02
9.66460136e-02
9.63212026e-02
9.43683315e-02
9.94273299e-02
9.53904428e-02
9.56932342e-02
9.80158121e-02
9.80415041e-02
9.71029082e-02
9.81807562e-02
9.77342872e-02
9.52760765e-02
9.62328821e-02
9.61301930e-02
9.42991692e-02
9.54219925e-02
9.62307583e-02
9.60337527e-02
9.70204039e-02
9.66513857e-02
9.38916696e-02
9.62623338e-02
9.59842974e-02
9.60161008e-02
9.56867484e-02
9.79577287e-02
9.53568949e-02
9.69248483e-02
9.38620231e-02
9.87190279e-02
9.72715564e-02
9.42574108e-02
9.81898432e-02
9.59994442e-02
9.69068819e-02
9.60592749e-02
9.55741103e-02
9.54401137e-02
9.88547799e-02
9.80982758e-02
9.39940035e-02
9.68647105e-02
9.74092549e-02
9.75512043e-02
9.67625429e-02
9.41394231e-02
9.65094727e-02
9.71196649e-02
9.60001683e-02
9.64912740e-02
9.72810801e-02
9.85126293e-02
9.53650145e-02
9.79865555e-02
9.45189603e-02
9.72059653e-02
9.64178621e-02
9.57652228e-02
9.66229971e-02
9.86169285e-02
9.79370255e-02
9.61568257e-02
9.72054973e-02
9.56735648e-02
9.69364452e-02
9.98744829e-02
9.76287226e-02
9.74108315e-02
9.80135962e-02
9.75096837e-02
9.63302736e-02
9.79938511e-02
9.67414218e-02
9.75699069e-02
9.48535943e-02
9.48584394e-02
9.68578595e-02
9.75204880e-02
9.79621002e-02
9.83978517e-02
9.73703381e-02
9.87948432e-02
9.50910296e-02
9.82510993e-02
9.82129360e-02
9.75848689e-02
9.34278295e-02
9.79264166e-02
9.70871655e-02
9.70625691e-02
9.62963718e-02
9.56506496e-02
9.97900746e-02
9.47573637e-02
9.87772483e-02
9.67696956e-02
9.67591871e-02
9.57160266e-02
9.65923268e-02
9.55084950e-02
9.76681853e-02
9.54067689e-02
9.65703737e-02
9.62114890e-02
9.72616445e-02
9.67931623e-02
9.52036544e-02
9.69604862e-02
9.75718405e-02
9.56520867e-02
1.00092521e-01
9.62940894e-02
9.65715380e-02
9.70047690e-02
9.83015693e-02
9.47631135e-02
9.80750797e-02
9.48532852e-02
9.60830921e-02
9.71388636e-02
9.46505602e-02
9.67288787e-02
9.76142054e-02
9.65938808e-02
9.67510975e-02
9.57307860e-02
9.90894105e-02
9.89126262e-02
9.75057966e-02
9.79601901e-02
9.59928787e-02
9.64455851e-02
9.51719219e-02
9.65955002e-02
9.31857743e-02
9.66251430e-02
9.59397058e-02
9.71588504e-02
9.72051008e-02
9.80811164e-02
9.67657243e-02
9.66480879e-02
9.92542724e-02
9.90752364e-02
9.96051178e-02
9.76746515e-02
9.83042285e-02
9.61309491e-02
9.49547201e-02
9.69589118e-02
9.63637117e-02
9.70141201e-02
9.64739623e-02
9.53103370e-02
9.76694776e-02
9.55280191e-02
9.68480882e-02
9.66032617e-02
9.78386728e-02
9.71133440e-02
9.50668403e-02
9.80560995e-02
9.86937309e-02
9.68208606e-02
9.38854006e-02
9.75074983e-02
9.71946793e-02
9.67769338e-02
9.63790414e-02
9.56737022e-02
9.54527801e-02
9.83073929e-02
9.61108495e-02
9.80814706e-02
9.51827795e-02
9.67103580e-02
9.81129336e-02
9.49792079e-02
9.69853812e-02
9.76213990e-02
9.43980890e-02
9.68760628e-02
9.90245937e-02
9.50307946e-02
9.75205572e-02
9.46938643e-02
9.66920615e-02
9.57210068e-02
9.40337225e-02
9.64494393e-02
9.91415042e-02
9.46485355e-02
9.76862436e-02
9.67535621e-02
9.55179871e-02
9.61121127e-02
9.48348744e-02
9.48830982e-02
9.49960345e-02
9.64014495e-02
9.50459609e-02
9.58435264e-02
9.60748134e-02
9.69372325e-02
9.68144023e-02
9.77982965e-02
9.60422349e-02
9.52864018e-02
9.69685286e-02
9.60661563e-02
9.63252927e-02
9.42625605e-02
9.80675124e-02
9.67005524e-02
9.67803383e-02
9.69773736e-02
9.57072610e-02
9.66253573e-02
9.76891509e-02
9.74639321e-02
9.43718177e-02
9.65011080e-02
9.57061837e-02
9.62042730e-02
9.70910304e-02
9.67189947e-02
9.82995822e-02
9.54004192e-02
9.56027540e-02
9.61236292e-02
9.64329749e-02
9.68614969e-02
9.79013616e-02
9.60575875e-02
9.88158230e-02
9.48473065e-02
9.75312623e-02
9.57194994e-02
9.81775513e-02
9.53241391e-02
9.98108387e-02
9.56587994e-02
9.51956686e-02
9.55218325e-02
9.51042793e-02
9.80045014e-02
9.57688791e-02
9.59350935e-02
9.40961458e-02
9.44318482e-02
9.63859205e-02
9.43330445e-02
9.83843892e-02
9.82578878e-02
9.72919568e-02
9.58708640e-02
9.84276097e-02
9.63840869e-02
9.65165141e-02
9.56401206e-02
9.54338446e-02
9.52840545e-02
9.71612276e-02
9.70284972e-02
9.98517206e-02
9.91090362e-02
9.61418288e-02
9.90870665e-02
9.86066787e-02
9.65628505e-02
9.66609595e-02
9.68457686e-02
9.52011566e-02
9.64859718e-02
9.60211329e-02
9.76067712e-02
9.69812487e-02
9.71428814e-02
9.75523825e-02
9.77153961e-02
9.49351704e-02
9.62525767e-02
9.78800439e-02
9.79172167e-02
9.62555043e-02
9.31176756e-02
9.68653739e-02
9.74631620e-02
9.88519149e-02
9.70542726e-02
9.68321987e-02
9.60552899e-02
9.48611691e-02
9.85306815e-02
9.58626761e-02
9.58338441e-02
1.00478201e-01
9.60729344e-02
9.86655070e-02
9.67018702e-02
9.67177829e-02
9.64300008e-02
9.65026993e-02
9.63576205e-02
9.55568259e-02
9.94913159e-02
9.47577649e-02
9.69028349e-02
9.68674715e-02
9.52123760e-02
9.65364766e-02
9.64283442e-02
9.53682521e-02
9.23962842e-02
9.61115658e-02
9.41491669e-02
9.51777276e-02
9.58132980e-02
9.75620242e-02
9.67773196e-02
9.50810772e-02
9.90984627e-02
9.76031271e-02
9.52147779e-02
9.61243598e-02
9.63936210e-02
9.74847133e-02
9.57471965e-02
9.62819393e-02
9.87673375e-02
9.62629219e-02
9.85884693e-02
9.75282663e-02
9.54649738e-02
9.79772136e-02
9.52976468e-02
9.57462382e-02
9.77176993e-02
9.60342852e-02
9.49384528e-02
9.77757996e-02
9.82656387e-02
9.52304607e-02
9.60518414e-02
9.75526579e-02
9.47816320e-02
9.87778029e-02
9.45336740e-02
9.80246253e-02
9.77166057e-02
9.67788472e-02
9.62989687e-02
9.50966777e-02
9.69811233e-02
9.52896688e-02
9.34660173e-02
9.58231459e-02
9.62278179e-02
9.74242097e-02
9.71019740e-02
9.38922652e-02
9.41633170e-02
9.44979386e-02
9.65621248e-02
9.63400718e-02
9.76710195e-02
9.76949823e-02
9.65087325e-02
9.59483515e-02
9.65694074e-02
9.68640140e-02
9.69457072e-02
9.58658164e-02
9.79054781e-02
9.56954391e-02
9.42439621e-02
9.49243620e-02
9.73026300e-02
9.60871824e-02
9.50159962e-02
9.75137748e-02
9.70490549e-02
9.63920195e-02
9.53507943e-02
9.80640975e-02
9.71172754e-02
9.76356656e-02
9.77785674e-02
9.76830130e-02
9.70713847e-02
9.62315652e-02
9.61579670e-02
9.65552425e-02
9.62824789e-02
9.42732189e-02
9.52388970e-02
9.54835694e-02
9.49717762e-02
9.59616452e-02
9.62953200e-02
9.64299549e-02
9.68925881e-02
9.46282273e-02
9.62500690e-02
9.48264713e-02
9.37809289e-02
9.59788276e-02
1.00661576e-01
9.63910456e-02
9.40294484e-02
9.73504410e-02
9.72113883e-02
9.60058814e-02
9.55682599e-02
9.89342538e-02
9.65774498e-02
9.86134813e-02
9.88389091e-02
9.59768224e-02
9.64989198e-02
9.65677144e-02
9.65826767e-02
9.79924859e-02
9.78672987e-02
9.73544524e-02
9.68500350e-02
9.62096610e-02
9.80486122e-02
9.67762175e-02
9.57306852e-02
9.54426695e-02
9.43641188e-02
9.54660745e-02
9.59524922e-02
9.64303831e-02
9.75230911e-02
9.56517704e-02
9.59222938e-02
9.56183605e-02
9.77581193e-02
9.67666425e-02
9.43908384e-02
9.87686114e-02
9.42108953e-02
9.73363951e-02
9.62402373e-02
9.64964865e-02
9.86405406e-02
9.73229333e-02
9.69590088e-02
9.61162316e-02
9.48327497e-02
9.65520381e-02
9.65791961e-02
9.65187824e-02
9.48407194e-02
9.60721046e-02
9.75248351e-02
9.63202636e-02
9.58761786e-02
9.59224337e-02
9.88243138e-02
9.64251863e-02
9.61839753e-02
9.70359186e-02
9.46567955e-02
9.70104158e-02
9.76395131e-02
9.65185948e-02
9.71225711e-02
9.39784557e-02
9.38939962e-02
9.68511549e-02
9.49603253e-02
9.52261744e-02
9.59760913e-02
9.83115311e-02
9.83266134e-02
9.64170939e-02
9.62752072e-02
9.60202153e-02
9.76267913e-02
9.75207999e-02
9.53388711e-02
9.74510711e-02
9.71605220e-02
9.77462570e-02
9.62870719e-02
9.50099553e-02
9.82250767e-02
9.78594064e-02
9.66646995e-02
9.64683357e-02
9.60164025e-02
9.56625633e-02
9.74133606e-02
9.68646060e-02
9.61420534e-02
9.72944670e-02
9.69916929e-02
9.69660575e-02
9.95771322e-02
9.54822368e-02
9.67367117e-02
9.56898713e-02
9.76214246e-02
9.69704845e-02
9.75725334e-02
9.70248486e-02
9.55346859e-02
9.71106692e-02
9.35110608e-02
9.62491025e-02
9.54757603e-02
9.24127465e-02
9.53854049e-02
9.40097689e-02
9.58829056e-02
9.47679549e-02
9.71544117e-02
9.64417735e-02
9.55570302e-02
9.66362516e-02
9.63733541e-02
9.69043734e-02
9.74379573e-02
9.45334418e-02
9.54290676e-02
9.76579508e-02
9.51714482e-02
9.67597113e-02
9.46619899e-02
9.72085395e-02
9.85323409e-02
9.68641873e-02
9.80194721e-02
9.74355228e-02
9.74580856e-02
9.66313374e-02
9.47573084e-02
9.75259098e-02
9.93036286e-02
9.93555410e-02
9.66989649e-02
9.84873587e-02
9.51294030e-02
9.61383655e-02
9.89512912e-02
9.60860973e-02
9.84875800e-02
9.54231631e-02
9.64099883e-02
9.95407844e-02
9.86649707e-02
9.53696795e-02
1.00317850e-01
9.65232236e-02
9.66200018e-02
9.68702578e-02
9.66078398e-02
9.66291069e-02
9.69253758e-02
9.74190528e-02
9.68581831e-02
9.78619123e-02
9.71820148e-02
9.57002507e-02
9.65578000e-02
9.84127502e-02
9.80676990e-02
9.42063421e-02
9.48314436e-02
9.48687765e-02
9.72183943e-02
9.57992252e-02
9.69019544e-02
9.60816445e-02
9.79316864e-02
9.51704907e-02
9.91379495e-02
9.74855290e-02
9.54865342e-02
9.49995582e-02
9.65495510e-02
9.65042234e-02
9.77444294e-02
9.64258346e-02
9.70287757e-02
9.49021716e-02
9.57831413e-02
9.67258387e-02
9.56157745e-02
9.78853180e-02
9.48688349e-02
9.75261816e-02
9.67762822e-02
9.50645842e-02
9.65266019e-02
9.69327304e-02
9.84358337e-02
9.63517675e-02
9.55170405e-02
9.69201002e-02
9.43994407e-02
9.64660171e-02
9.57779887e-02
9.61113448e-02
9.76002419e-02
9.43613969e-02
9.18862768e-02
9.79749591e-02
9.60393165e-02
9.78057475e-02
9.53212518e-02
9.55999795e-02
9.64737118e-02
9.57840309e-02
9.64382491e-02
9.83795007e-02
9.89023106e-02
9.89968541e-02
9.96300323e-02
9.80768272e-02
9.37428957e-02
9.59654048e-02
9.53715602e-02
9.53495474e-02
9.53304804e-02
9.57547461e-02
9.52792722e-02
9.50560960e-02
9.66821085e-02
9.66502991e-02
9.78258728e-02
9.63960605e-02
9.83901682e-02
9.52784628e-02
9.92825735e-02
9.37734831e-02
9.71933196e-02
9.62615503e-02
9.49782485e-02
9.42467318e-02
9.79366484e-02
9.56056327e-02
9.93257309e-02
9.71319948e-02
9.50645819e-02
9.49969920e-02
9.97895143e-02
9.87341724e-02
9.44574965e-02
9.54933865e-02
9.81240411e-02
9.39077476e-02
9.52178877e-02
9.80356494e-02
9.71559840e-02
9.62907045e-02
9.57138889e-02
9.76433195e-02
9.90530580e-02
9.82797957e-02
9.77466826e-02
9.74635884e-02
9.39871284e-02
9.77295310e-02
9.76407513e-02
9.53766332e-02
9.58630406e-02
9.55449383e-02
9.62062705e-02
9.64512948e-02
9.72607484e-02
9.56374656e-02
9.71004704e-02
9.71696479e-02
9.54605141e-02
9.71056043e-02
9.71024308e-02
9.64994361e-02
9.76050509e-02
9.54851585e-02
9.81171553e-02
9.96883903e-02
9.68440142e-02
9.44841605e-02
9.83996906e-02
9.60015145e-02
9.69459919e-02
9.80627485e-02
9.77989556e-02
9.70014117e-02
9.79827242e-02
9.79957262e-02
9.75347130e-02
9.57702613e-02
9.67686390e-02
9.53050320e-02
9.53250916e-02
9.57241779e-02
9.72775905e-02
9.45778868e-02
9.51876946e-02
9.71813411e-02
9.81005401e-02
9.66255487e-02
9.43083317e-02
9.52451061e-02
9.63318352e-02
9.59181230e-02
9.80861052e-02
9.52907555e-02
9.72106460e-02
9.58863063e-02
9.81074494e-02
9.71338961e-02
9.81261679e-02
9.61943491e-02
9.79750724e-02
1.00037898e-01
9.48009150e-02
9.64683229e-02
9.80058518e-02
9.43845397e-02
9.55410133e-02
9.75075707e-02
9.85563737e-02
9.72295089e-02
9.86246551e-02
9.71861289e-02
9.59807686e-02
9.48100970e-02
9.49312297e-02
9.51333928e-02
9.42820542e-02
9.82463818e-02
9.67710641e-02
9.70235432e-02
9.68692493e-02
9.64509812e-02
9.50193493e-02
9.62348153e-02
9.63565130e-02
9.56918506e-02
9.91743727e-02
9.52161441e-02
9.66784620e-02
9.84294951e-02
9.73234717e-02
9.52881090e-02
9.60730333e-02
9.49078703e-02
9.86307610e-02
9.69292076e-02
9.44933676e-02
9.68283707e-02
9.58817703e-02
9.72798692e-02
9.52830171e-02
9.93779258e-02
9.80729372e-02
9.47887929e-02
9.67439614e-02
9.60669686e-02
9.55055150e-02
9.91301366e-02
9.71342001e-02
9.84152425e-02
9.69529252e-02
9.61757210e-02
9.83712071e-02
9.60213657e-02
9.75837514e-02
9.66451067e-02
9.45299063e-02
9.72090730e-02
9.63723049e-02
9.55105335e-02
9.71100378e-02
9.37789263e-02
9.74578027e-02
9.71720710e-02
9.69202347e-02
9.76751945e-02
9.42478180e-02
9.49023058e-02
9.51548059e-02
9.85033011e-02
9.48154118e-02
9.60008768e-02
9.72673672e-02
9.59174289e-02
9.83835820e-02
9.48262515e-02
9.40272852e-02
9.66273099e-02
9.87527655e-02
9.55486908e-02
9.48519478e-02
9.71201816e-02
9.59241912e-02
9.71970423e-02
9.71456101e-02
9.81844511e-02
9.47966011e-02
9.65251398e-02
9.65158585e-02
9.72572093e-02
9.65327527e-02
9.47226364e-02
9.62149466e-02
9.70206390e-02
9.53515732e-02
9.68841429e-02
9.93735371e-02
9.87976407e-02
9.71985219e-02
9.70348442e-02
9.82046419e-02
9.59023516e-02
9.63999660e-02
9.56292507e-02
9.69883970e-02
9.66942663e-02
9.63181290e-02
9.68639113e-02
9.61346539e-02
9.62118601e-02
9.96983105e-02
9.60184369e-02
9.69340425e-02
9.47451985e-02
9.66314081e-02
9.69169593e-02
9.44288098e-02
9.95937575e-02
9.64030815e-02
9.47602276e-02
9.75177658e-02
9.69531511e-02
9.51167348e-02
9.69722323e-02
9.66831272e-02
9.88484560e-02
9.66448402e-02
9.69411958e-02
9.60242081e-02
9.61350427e-02
9.55350477e-02
9.76167168e-02
9.66104098e-02
9.57811749e-02
9.76374247e-02
9.63443937e-02
9.68463642e-02
9.67990845e-02
9.53884113e-02
9.86548776e-02
9.48139648e-02
9.71763589e-02
9.72580155e-02
9.63883230e-02
9.44939247e-02
9.63581240e-02
9.55169584e-02
9.78005892e-02
9.51600356e-02
9.59733073e-02
9.61373080e-02
9.70267952e-02
9.64846795e-02
9.55756621e-02
9.68962465e-02
1.00164327e-01
9.45455914e-02
9.82463204e-02
9.48715699e-02
9.68803424e-02
9.91743942e-02
9.76017820e-02
9.81444508e-02
9.58308963e-02
9.83394333e-02
9.97116065e-02
9.64176456e-02
9.65127572e-02
9.65870054e-02
9.71798171e-02
9.53756124e-02
9.50789858e-02
9.64862349e-02
9.59670333e-02
9.85220462e-02
9.58885585e-02
9.67939144e-02
9.88091756e-02
9.82951717e-02
9.79660082e-02
9.74027429e-02
9.87847031e-02
9.79655338e-02
9.73612695e-02
9.57483091e-02
9.65753279e-02
9.49317598e-02
9.63729469e-02
9.48514071e-02
9.65123692e-02
9.39619197e-02
9.67381675e-02
9.47451583e-02
9.91106931e-02
9.68952974e-02
9.68041627e-02
9.76988610e-02
9.85573793e-02
9.82976640e-02
9.57983394e-02
9.59283598e-02
9.97471045e-02
9.67534133e-02
9.59994194e-02
9.82234495e-02
9.88331718e-02
9.64021517e-02
9.27668543e-02
9.70682060e-02
9.68100148e-02
9.93718988e-02
9.47754829e-02
9.71693227e-02
9.62303393e-02
9.60546808e-02
9.60713042e-02
9.57272276e-02
9.70866546e-02
9.56478228e-02
9.56968555e-02
9.51819555e-02
9.67062346e-02
9.70137576e-02
9.51424460e-02
9.68478854e-02
9.80193561e-02
9.79379583e-02
9.68822677e-02
9.58444895e-02
9.67707745e-02
9.54365551e-02
9.62107701e-02
9.65665241e-02
9.43119321e-02
9.79336650e-02
9.55742627e-02
9.56649473e-02
9.72782895e-02
9.64428557e-02
9.69292802e-02
9.59198132e-02
9.41082733e-02
9.59813295e-02
9.42962456e-02
9.55716314e-02
9.72551771e-02
9.96210247e-02
9.59903652e-02
9.65941038e-02
9.83518693e-02
9.60598571e-02
9.47377693e-02
9.47158857e-02
9.62450634e-02
9.68593319e-02
9.73632300e-02
9.61661411e-02
9.63045460e-02
9.55627714e-02
9.44326656e-02
9.73808121e-02
9.62180370e-02
9.49942678e-02
9.68393711e-02
9.66291051e-02
9.69194739e-02
9.82997214e-02
9.57876841e-02
9.64145173e-02
9.69571207e-02
9.48281677e-02
9.51369914e-02
9.49122594e-02
9.79484280e-02
9.53734600e-02
9.51754182e-02
9.67057370e-02
9.52413797e-02
9.61231595e-02
9.51795690e-02
9.75332343e-02
9.37156862e-02
9.69874834e-02
9.77247495e-02
9.46521539e-02
9.59246817e-02
9.74104791e-02
9.63267832e-02
9.66039310e-02
9.66397846e-02
9.72779286e-02
9.64344194e-02
9.65495247e-02
9.59924972e-02
9.68454842e-02
9.40409005e-02
9.64232986e-02
9.58726146e-02
9.89173886e-02
9.71033667e-02
9.77397287e-02
9.70736471e-02
9.44686215e-02
9.54381643e-02
9.66698692e-02
9.45617754e-02
9.49169987e-02
9.59638473e-02
9.45814126e-02
9.65632000e-02
9.70943736e-02
9.75797674e-02
9.83704107e-02
9.47137642e-02
9.84398445e-02
9.69552398e-02
9.48458122e-02
9.60400705e-02
9.68549718e-02
9.95074534e-02
9.60279090e-02
9.54451487e-02
9.89035277e-02
9.89241169e-02
9.61422507e-02
9.65441767e-02
9.64929251e-02
9.63719827e-02
9.70730983e-02
9.72300841e-02
9.62191547e-02
9.65332795e-02
9.85096228e-02
9.66677581e-02
9.53736162e-02
9.64994153e-02
9.77515431e-02
9.74089300e-02
9.67359993e-02
9.43947841e-02
9.49404569e-02
9.47742576e-02
9.68141722e-02
9.43759531e-02
9.59254649e-02
9.56841765e-02
9.60102736e-02
9.66891642e-02
9.89400306e-02
9.71355547e-02
9.62899904e-02
9.43113088e-02
1.01042721e-01
9.83621436e-02
9.66206700e-02
9.84956751e-02
9.49231341e-02
9.81738292e-02
9.76913096e-02
9.49812504e-02
9.88440820e-02
9.72967600e-02
9.85226843e-02
9.52767275e-02
9.67193740e-02
9.44491229e-02
9.85967188e-02
9.47046642e-02
9.83396637e-02
9.67869912e-02
9.77333473e-02
9.97510538e-02
9.57518109e-02
9.61922201e-02
9.70351865e-02
9.63898916e-02
9.76137125e-02
9.60917629e-02
9.95609956e-02
9.72644692e-02
9.80526453e-02
9.84686888e-02
9.73476160e-02
9.52535736e-02
9.59947637e-02
9.73257812e-02
9.74467285e-02
9.58968519e-02
9.68832767e-02
9.65122289e-02
9.48299775e-02
9.71953889e-02
9.89569228e-02
9.53370736e-02
9.77538203e-02
9.90467802e-02
9.70341100e-02
9.51050522e-02
9.90520739e-02
9.69303604e-02
9.76057626e-02
9.72403908e-02
9.63438040e-02
9.46644481e-02
9.77550538e-02
9.73214397e-02
9.52886076e-02
9.56722321e-02
9.61838682e-02
9.92611108e-02
9.80171309e-02
9.79924460e-02
9.45311183e-02
9.69682617e-02
9.68428656e-02
9.48082150e-02
9.81347932e-02
9.64454072e-02
9.60426981e-02
9.79802858e-02
9.68947374e-02
9.73071191e-02
9.29418035e-02
9.61229613e-02
9.63323630e-02
9.68243010e-02
9.51971788e-02
9.48260562e-02
9.68428603e-02
9.92244853e-02
9.75159018e-02
9.67844232e-02
9.70859875e-02
9.59579335e-02
9.88663340e-02
9.62367114e-02
9.70948068e-02
9.65937190e-02
9.94495063e-02
9.87462843e-02
9.79314806e-02
9.59022184e-02
9.66777381e-02
9.39592444e-02
9.52072444e-02
9.48150421e-02
9.65000681e-02
9.68654970e-02
9.70294378e-02
9.61031789e-02
9.51529847e-02
9.71574003e-02
9.85054931e-02
9.53443940e-02
9.72321499e-02
9.48379344e-02
9.61557926e-02
9.40494491e-02
9.78980646e-02
9.67529587e-02
9.83179335e-02
9.82792332e-02
9.50328989e-02
9.80643142e-02
9.80406050e-02
9.60618694e-02
9.84721785e-02
9.69099992e-02
9.41049033e-02
9.71533366e-02
9.82558860e-02
9.51619499e-02
9.84935914e-02
9.46339819e-02
9.83211969e-02
9.65599150e-02
9.64813144e-02
9.72098514e-02
9.62993538e-02
9.70364945e-02
9.81043870e-02
9.64898536e-02
9.67173754e-02
9.50849133e-02
9.79728439e-02
9.79163107e-02
9.56158829e-02
9.92090378e-02
9.61052509e-02
9.73535595e-02
9.94370270e-02
9.59298820e-02
9.49263938e-02
9.41764530e-02
9.52762171e-02
9.47767539e-02
9.60966867e-02
9.37103133e-02
9.58419870e-02
9.69087561e-02
9.91170538e-02
9.69879004e-02
9.68131854e-02
9.52033978e-02
9.82158109e-02
9.77291921e-02
9.51664335e-02
9.62022152e-02
9.76182304e-02
9.82665238e-02
9.55419021e-02
9.65434504e-02
9.64612661e-02
9.64668281e-02
9.87609254e-02
9.28183489e-02
9.57903901e-02
9.79323196e-02
9.66803434e-02
9.83951494e-02
9.64994775e-02
9.73590144e-02
9.67916371e-02
9.58176829e-02
9.73919228e-02
9.72538666e-02
9.67711219e-02
1.00065132e-01
9.89448431e-02
9.60935830e-02
9.74746239e-02
9.74478172e-02
9.68672333e-02
9.45017893e-02
9.65943873e-02
9.69940149e-02
9.80311122e-02
9.37362721e-02
9.68658185e-02
9.76576703e-02
9.59899514e-02
9.70259765e-02
9.59535289e-02
9.85321953e-02
9.60788706e-02
9.75325297e-02
9.58256476e-02
9.62472287e-02
9.66625882e-02
9.54483934e-02
9.57060362e-02
9.67723799e-02
9.48032136e-02
9.54947839e-02
9.61626781e-02
9.48441198e-02
9.66278268e-02
9.77218042e-02
9.56148679e-02
9.33143524e-02
9.48783792e-02
9.49674756e-02
9.80906180e-02
9.71172976e-02
9.60418510e-02
9.62780689e-02
9.73919419e-02
9.56831135e-02
9.57403109e-02
9.91783901e-02
9.82339685e-02
9.68281731e-02
9.49141234e-02
9.67879589e-02
9.79647229e-02
9.56766908e-02
9.77765257e-02
9.70613877e-02
9.46534926e-02
9.55212133e-02
9.59364853e-02
9.71469715e-02
9.72612842e-02
9.74762114e-02
9.67030207e-02
9.62959342e-02
9.63090086e-02
9.48535990e-02
9.47537976e-02
9.56700980e-02
9.45439175e-02
9.75759224e-02
9.89387844e-02
9.61730156e-02
9.47190950e-02
9.61192335e-02
9.71147136e-02
9.47640609e-02
9.79031458e-02
9.62355698e-02
9.73360766e-02
9.70290878e-02
9.68960571e-02
9.43930512e-02
9.76945772e-02
9.54987387e-02
9.60831167e-02
9.85284399e-02
9.87674546e-02
9.74727119e-02
9.64219086e-02
9.63992259e-02
9.57023127e-02
9.59934039e-02
9.89677726e-02
9.79161765e-02
9.89978927e-02
9.85867862e-02
9.53196107e-02
9.60979770e-02
9.89157037e-02
9.62757846e-02
9.57553309e-02
9.77216578e-02
9.49818600e-02
9.61363710e-02
9.69906205e-02
9.79788454e-02
9.84075131e-02
9.59859594e-02
9.59506529e-02
9.51320493e-02
9.79221195e-02
9.85115119e-02
9.71551989e-02
9.54879449e-02
9.64610286e-02
9.66633038e-02
1.00516836e-01
9.71784111e-02
9.76757479e-02
9.87876455e-02
9.91149118e-02
9.70207364e-02
9.74143999e-02
9.36811108e-02
9.66829532e-02
9.64728354e-02
9.52228567e-02
9.87499575e-02
9.92241684e-02
9.48320902e-02
9.47417518e-02
9.55651558e-02
9.29649049e-02
9.82707194e-02
9.77684109e-02
9.77417209e-02
9.57014462e-02
9.72033203e-02
9.53648982e-02
9.75834361e-02
9.85776188e-02
9.72741834e-02
9.85408402e-02
9.95172646e-02
9.68127545e-02
9.68824327e-02
9.68075945e-02
9.56796666e-02
9.62679559e-02
9.57216658e-02
9.59859658e-02
9.57244433e-02
9.67052725e-02
9.61683590e-02
9.54864396e-02
9.50173131e-02
9.56240728e-02
9.63315633e-02
9.69382288e-02
9.69840652e-02
9.81453484e-02
9.82381601e-02
9.63221421e-02
9.86085760e-02
9.64943747e-02
9.68903236e-02
9.78158243e-02
9.48880016e-02
9.57842697e-02
9.74889696e-02
9.79561474e-02
9.62560213e-02
1.00243344e-01
9.70793330e-02
9.81111448e-02
9.61367733e-02
9.82919981e-02
9.68744058e-02
9.86214062e-02
9.58006949e-02
9.40907598e-02
9.60887747e-02
9.71461857e-02
9.78091386e-02
9.76488446e-02
9.45681037e-02
9.81127830e-02
9.54652632e-02
9.39752675e-02
9.64019189e-02
9.61661939e-02
9.45554226e-02
9.52419893e-02
9.75842647e-02
9.73679030e-02
9.75658876e-02
9.80054477e-02
9.55282758e-02
9.75124001e-02
9.51054461e-02
9.47803305e-02
9.66486460e-02
9.66174921e-02
9.62271874e-02
9.56215925e-02
9.65566043e-02
9.62945913e-02
9.65186276e-02
9.58338500e-02
9.60655892e-02
9.67562631e-02
9.50290055e-02
9.36359306e-02
9.53254889e-02
9.86673942e-02
9.62146945e-02
9.56163488e-02
9.41344792e-02
9.74450526e-02
9.65385690e-02
9.65692081e-02
9.56515918e-02
9.47954565e-02
9.92058285e-02
9.73035170e-02
9.75336413e-02
9.87462188e-02
9.72331016e-02
9.53321292e-02
9.63396917e-02
9.51687798e-02
9.43852758e-02
9.66326829e-02
9.69644034e-02
9.60171223e-02
9.46168453e-02
9.65247529e-02
9.37785924e-02
9.96297396e-02
9.70841214e-02
9.52246198e-02
9.84726512e-02
9.71204728e-02
9.61472386e-02
9.42887760e-02
9.84027580e-02
9.67825195e-02
9.64071737e-02
9.46387478e-02
9.50108082e-02
9.80582599e-02
9.94457257e-02
9.73118498e-02
9.90600612e-02
9.64276763e-02
9.65972079e-02
9.63111431e-02
9.68715457e-02
9.47641670e-02
9.60839825e-02
9.65011998e-02
9.72554814e-02
9.69188785e-02
9.65016695e-02
9.59199448e-02
9.80288135e-02
9.54363920e-02
9.52843002e-02
9.68031673e-02
9.44525786e-02
9.74359135e-02
9.32224316e-02
9.50326780e-02
9.72986217e-02
9.64914063e-02
9.66781411e-02
9.89750797e-02
9.58699425e-02
9.63674708e-02
9.64923474e-02
9.79161135e-02
9.72007853e-02
9.49778215e-02
9.55868599e-02
9.97379438e-02
9.49836607e-02
9.68010041e-02
9.69096275e-02
9.50382501e-02
9.72592992e-02
9.49780742e-02
9.60893236e-02
9.55235245e-02
9.63611112e-02
9.52592065e-02
9.64671184e-02
9.78222358e-02
9.65672311e-02
9.53286093e-02
9.65915207e-02
9.69962646e-02
9.64886983e-02
9.69256752e-02
9.61381587e-02
9.61202376e-02
9.59095004e-02
9.67010964e-02
9.74360972e-02
9.75626949e-02
9.70045326e-02
9.49980118e-02
9.82112111e-02
9.71255720e-02
9.74446068e-02
9.56401420e-02
9.71822558e-02
9.70614251e-02
9.66675161e-02
9.68998112e-02
9.77236523e-02
9.55439258e-02
9.76454361e-02
9.66229111e-02
9.72795646e-02
9.85319890e-02
9.39160399e-02
9.64664561e-02
9.82068815e-02
9.55355414e-02
9.62395646e-02
9.69687889e-02
9.69276098e-02
9.67724364e-02
9.80111507e-02
9.78540468e-02
9.50270552e-02
9.39803144e-02
9.48686274e-02
9.60087622e-02
9.77837282e-02
9.51544578e-02
9.86051096e-02
9.57080860e-02
9.52446624e-02
9.52504203e-02
9.30243423e-02
9.76440664e-02
9.54325833e-02
9.72647009e-02
9.64687168e-02
9.43012546e-02
9.55363738e-02
9.66291424e-02
9.59224976e-02
9.62053742e-02
9.71226083e-02
9.66835230e-02
9.66929224e-02
9.58968669e-02
9.65305163e-02
9.61086431e-02
9.64622542e-02
9.69298201e-02
9.56988348e-02
9.60662738e-02
9.87544553e-02
9.68387789e-02
9.76673958e-02
9.55249323e-02
9.69505846e-02
9.61058079e-02
9.64240181e-02
9.82977037e-02
9.88010449e-02
9.64463214e-02
9.69937379e-02
9.57628912e-02
9.49333665e-02
9.62909340e-02
9.80963679e-02
9.62254607e-02
9.69046452e-02
9.49186053e-02
9.39645313e-02
9.69939768e-02
9.64400370e-02
9.80674186e-02
9.56256105e-02
9.46241710e-02
9.65029150e-02
9.47338320e-02
9.77472308e-02
9.59540101e-02
9.72042019e-02
9.66411277e-02
9.77649420e-02
9.68158245e-02
9.57847948e-02
9.77753590e-02
9.61268989e-02
9.67881992e-02
9.54361331e-02
9.62162089e-02
9.65735875e-02
9.51601678e-02
9.69469400e-02
9.60961397e-02
9.54751898e-02
9.60031299e-02
9.66113927e-02
9.66587190e-02
9.71795676e-02
9.71690030e-02
9.71810325e-02
9.82162453e-02
9.60560651e-02
9.71305139e-02
9.45901701e-02
9.56899852e-02
9.44977519e-02
9.76337582e-02
9.59583635e-02
9.66461322e-02
9.68440373e-02
9.58406463e-02
9.53565964e-02
9.58401153e-02
9.80703637e-02
9.67649176e-02
9.72229514e-02
9.66238042e-02
9.67896578e-02
9.55798074e-02
9.70772710e-02
9.61325161e-02
9.56832244e-02
9.77029735e-02
9.75077539e-02
9.85603515e-02
9.45959212e-02
9.77783723e-02
1.00012804e-01
9.52393521e-02
9.70813831e-02
9.69669453e-02
9.80425234e-02
9.38895683e-02
9.77296418e-02
9.40426627e-02
9.64488838e-02
9.78694079e-02
9.78419792e-02
9.57638620e-02
9.50037970e-02
9.71652741e-02
9.58978024e-02
9.49274300e-02
9.56498177e-02
9.53586595e-02
9.63629648e-02
9.88799252e-02
9.80892125e-02
9.62806527e-02
9.84762398e-02
9.70111734e-02
9.47962867e-02
9.73221522e-02
9.64513889e-02
9.76286132e-02
9.69431121e-02
9.84174019e-02
9.69436550e-02
9.58884820e-02
9.77160917e-02
9.63797010e-02
1.00018470e-01
9.61787828e-02
9.65049693e-02
9.54625435e-02
9.83556736e-02
9.67518631e-02
9.88677692e-02
1.00578969e-01
9.71814843e-02
9.36743538e-02
9.59016580e-02
9.67419511e-02
9.74289342e-02
9.71028291e-02
9.63060320e-02
9.58138067e-02
9.62135935e-02
9.83209058e-02
9.84313006e-02
9.80488656e-02
9.54446847e-02
9.63918399e-02
9.64916396e-02
9.53967163e-02
9.68344975e-02
9.69953948e-02
9.85670698e-02
9.60908658e-02
9.62155011e-02
9.59552515e-02
9.84294026e-02
9.82208451e-02
9.61563919e-02
9.45053732e-02
9.67871419e-02
9.57965216e-02
9.73067589e-02
9.46558669e-02
9.82898391e-02
9.57676095e-02
9.64830703e-02
9.76999364e-02
9.56429823e-02
9.90128395e-02
9.48784944e-02
9.70723427e-02
9.80990315e-02
9.61409662e-02
9.61499339e-02
9.60771166e-02
9.59202912e-02
9.69685135e-02
9.65783420e-02
9.84945310e-02
9.90755709e-02
9.36817548e-02
9.64636984e-02
9.59339108e-02
9.58334413e-02
9.87613235e-02
9.57712349e-02
9.69674001e-02
9.76109848e-02
9.72415089e-02
9.56729991e-02
9.63734190e-02
9.72611324e-02
9.74505926e-02
9.84447194e-02
9.76471201e-02
9.62159871e-02
9.64849540e-02
9.56080071e-02
9.63541558e-02
9.60373863e-02
9.77856594e-02
9.67289883e-02
9.62376413e-02
9.59928851e-02
9.66478641e-02
9.57242801e-02
9.55713362e-02
9.85530364e-02
9.56998316e-02
9.61916214e-02
9.78994603e-02
9.70272169e-02
9.73625345e-02
9.61364480e-02
9.78401348e-02
9.63055785e-02
9.64393811e-02
9.60312512e-02
9.62691867e-02
9.61163150e-02
9.86662765e-02
9.51452433e-02
9.48738233e-02
9.65852542e-02
9.64061891e-02
9.75397023e-02
9.55716633e-02
9.79783641e-02
9.58628752e-02
9.67795199e-02
9.57217743e-02
9.37379210e-02
9.68035578e-02
9.66150316e-02
9.34607769e-02
9.73141533e-02
9.59437652e-02
9.97676915e-02
9.96511743e-02
9.46030383e-02
9.66709623e-02
9.51398658e-02
9.48939665e-02
9.78718422e-02
9.55122243e-02
9.41324057e-02
9.57314761e-02
9.58071297e-02
9.84116488e-02
9.94606159e-02
9.43414144e-02
9.79240747e-02
9.75646534e-02
9.51676567e-02
9.66464032e-02
9.58525903e-02
9.56400811e-02
9.35997602e-02
9.65135575e-02
9.64448197e-02
9.70790382e-02
9.63684152e-02
9.48062691e-02
9.53011693e-02
9.79853955e-02
9.64313847e-02
9.75755933e-02
9.51901622e-02
9.71540861e-02
9.43205765e-02
9.62789245e-02
9.76159018e-02
9.60092106e-02
9.53172899e-02
9.60229851e-02
9.75922507e-02
9.65234051e-02
9.44826977e-02
9.80480147e-02
9.63655592e-02
9.68430691e-02
9.76075635e-02
9.75363134e-02
9.50668033e-02
9.54140453e-02
9.62664003e-02
9.66325848e-02
9.47366503e-02
9.51595640e-02
9.60947748e-02
9.72799838e-02
9.71410506e-02
9.70757232e-02
9.43783707e-02
9.64391782e-02
9.62206359e-02
9.59320374e-02
9.59015007e-02
9.74427110e-02
9.74056467e-02
9.73539526e-02
9.64344865e-02
9.69210329e-02
9.75619558e-02
9.44397105e-02
9.76568511e-02
9.79748555e-02
9.49698194e-02
9.56155165e-02
9.56410601e-02
9.47742946e-02
9.19914998e-02
9.60828544e-02
9.76928817e-02
9.99410447e-02
9.52454129e-02
9.55004562e-02
9.59655118e-02
9.50525915e-02
9.60714168e-02
9.56445058e-02
9.63611128e-02
9.73341195e-02
1.00270834e-01
9.67503115e-02
9.48430253e-02
9.87735153e-02
9.77755515e-02
9.55518038e-02
9.89951960e-02
9.56206904e-02
9.69990366e-02
9.70364061e-02
9.53641303e-02
9.65905554e-02
9.81729196e-02
9.49266611e-02
9.89585729e-02
9.60798567e-02
9.73778011e-02
9.56453651e-02
9.59263426e-02
9.74280655e-02
9.60469587e-02
9.60812678e-02
9.68421990e-02
9.66106821e-02
9.65097008e-02
9.92263228e-02
9.79218244e-02
9.69806813e-02
9.64036683e-02
9.61641384e-02
9.73189856e-02
9.87200091e-02
9.50972849e-02
9.70773528e-02
9.72599345e-02
9.65475833e-02
9.58675540e-02
1.00117088e-01
9.37523828e-02
9.67051572e-02
9.62519695e-02
9.62509868e-02
9.45574970e-02
9.51992272e-02
9.81166250e-02
9.74737394e-02
9.67969763e-02
9.69200220e-02
9.88510862e-02
9.63957493e-02
9.64755280e-02
9.69354056e-02
9.64283370e-02
9.60368679e-02
9.69472973e-02
9.46382508e-02
9.55962481e-02
9.50856091e-02
9.49808359e-02
9.80991347e-02
9.34158362e-02
9.60933979e-02
9.81055174e-02
9.57011477e-02
9.49680761e-02
9.81316365e-02
9.68891396e-02
9.48021438e-02
9.45015582e-02
9.69904464e-02
9.75849562e-02
9.70139015e-02
9.53081889e-02
9.61005505e-02
9.73236126e-02
9.83309483e-02
9.80780006e-02
9.83331137e-02
9.61054828e-02
9.57816614e-02
9.55617439e-02
9.68690638e-02
9.60423410e-02
9.65010514e-02
9.72043831e-02
9.66888513e-02
9.57697318e-02
9.69907896e-02
9.47167841e-02
9.54065721e-02
9.51748363e-02
9.94441394e-02
9.56862909e-02
9.68232072e-02
9.61441152e-02
9.55490864e-02
9.22473577e-02
9.59951874e-02
9.65685293e-02
9.82393822e-02
9.71015129e-02
9.61004514e-02
9.71182061e-02
9.66851208e-02
9.62115630e-02
9.91279825e-02
9.78471567e-02
9.50387686e-02
9.61052214e-02
9.57457286e-02
9.59164369e-02
9.71983439e-02
9.54055562e-02
9.46969750e-02
9.63067205e-02
9.77826682e-02
9.93189205e-02
9.60587417e-02
9.57295067e-02
9.73621033e-02
9.82662323e-02
9.77094165e-02
9.78993472e-02
9.77798269e-02
9.46153825e-02
9.65958565e-02
9.52524986e-02
9.67152385e-02
9.47412558e-02
9.68133357e-02
9.37763312e-02
9.55295659e-02
9.57060225e-02
9.68110988e-02
9.62948166e-02
9.95199858e-02
9.40589296e-02
9.63594726e-02
9.47035585e-02
9.56182032e-02
9.67754314e-02
9.76106431e-02
9.53166610e-02
9.64181628e-02
9.78611179e-02
9.53548214e-02
9.50823162e-02
9.84125570e-02
9.45621523e-02
9.38323112e-02
9.55167676e-02
9.65236314e-02
9.54660448e-02
9.80933211e-02
9.59225213e-02
9.60716587e-02
9.54988068e-02
9.66458525e-02
9.70221068e-02
9.69786946e-02
9.74409352e-02
9.52817000e-02
9.66662345e-02
9.70935818e-02
9.67444431e-02
9.52441046e-02
9.77837507e-02
9.55563914e-02
9.67043207e-02
9.81575818e-02
9.60132425e-02
9.75543747e-02
9.71909940e-02
9.57622985e-02
9.61973549e-02
9.65730197e-02
9.61420909e-02
9.61342030e-02
9.64830496e-02
9.67615038e-02
9.56865641e-02
9.63593624e-02
9.68280051e-02
9.61693737e-02
9.89078570e-02
9.66868917e-02
9.63428907e-02
9.87002016e-02
9.57103396e-02
9.48183769e-02
9.75222493e-02
9.60193285e-02
9.41555426e-02
9.51521105e-02
9.62218934e-02
9.58797786e-02
9.68010696e-02
1.00673725e-01
9.64469351e-02
9.51413898e-02
9.64095183e-02
9.66634758e-02
9.67221119e-02
9.64767274e-02
9.53775196e-02
9.42427645e-02
9.71047038e-02
9.70401112e-02
9.58102122e-02
9.85613552e-02
9.52715634e-02
9.70213344e-02
9.77061955e-02
9.51606386e-02
9.78606558e-02
9.57886530e-02
9.73189151e-02
9.97361573e-02
9.85894155e-02
9.73027259e-02
9.75443225e-02
9.43750206e-02
9.59642033e-02
9.68527412e-02
9.94933013e-02
9.89270212e-02
9.80576434e-02
9.70242730e-02
9.77365770e-02
9.36991544e-02
9.55719242e-02
9.79297361e-02
9.69876342e-02
9.73135416e-02
9.84088273e-02
9.63346460e-02
9.63030844e-02
9.59385303e-02
9.87067461e-02
9.59103271e-02
9.76438453e-02
9.70191539e-02
9.81185090e-02
9.70020521e-02
9.66769375e-02
9.56467594e-02
9.76120657e-02
9.61049061e-02
9.79940501e-02
9.51987110e-02
9.71499434e-02
1.00708758e-01
9.66954857e-02
9.59162924e-02
9.62390431e-02
9.68927208e-02
9.57307657e-02
9.59584131e-02
9.81490855e-02
9.97324787e-02
9.70845138e-02
9.59722885e-02
9.62865277e-02
9.73184566e-02
9.74183734e-02
9.70941647e-02
9.61029703e-02
9.57201017e-02
9.78032398e-02
9.52174278e-02
9.77794236e-02
9.47153175e-02
9.73196066e-02
9.54361817e-02
9.86983715e-02
9.76492452e-02
9.81370539e-02
9.72642228e-02
9.55133848e-02
9.45716984e-02
9.68124705e-02
9.64325347e-02
9.91190805e-02
9.66474531e-02
9.81667422e-02
9.85181323e-02
9.53172169e-02
9.49568777e-02
9.83157109e-02
9.64165153e-02
9.64272873e-02
9.45233226e-02
9.55940291e-02
9.83659161e-02
9.66796604e-02
9.54821913e-02
9.59275910e-02
9.84414757e-02
9.87118320e-02
9.50063352e-02
9.84741795e-02
9.71185029e-02
9.56287859e-02
9.64154261e-02
9.51606456e-02
9.78341031e-02
9.60027211e-02
9.58666148e-02
9.64457568e-02
9.58236241e-02
9.58861444e-02
9.62350759e-02
9.47041961e-02
9.76989451e-02
9.59085269e-02
9.63612752e-02
9.48417101e-02
9.47810051e-02
9.83047663e-02
9.68569799e-02
9.73476435e-02
9.49845666e-02
9.56663600e-02
9.51740954e-02
9.71946537e-02
9.91242366e-02
9.68431521e-02
9.80326191e-02
9.81301332e-02
9.55354707e-02
9.73363035e-02
9.69361612e-02
9.59472322e-02
9.76136630e-02
9.59437052e-02
9.60079766e-02
9.87800223e-02
9.68191708e-02
9.68270892e-02
9.57930065e-02
9.58810972e-02
9.78637791e-02
9.66045941e-02
9.88262920e-02
9.79997439e-02
9.81556188e-02
9.64677810e-02
9.89974377e-02
9.62619089e-02
9.54879714e-02
9.74237668e-02
9.60605708e-02
9.63967995e-02
9.67718654e-02
9.85861266e-02
9.47244183e-02
9.58090569e-02
9.76312847e-02
9.52725871e-02
9.61540525e-02
9.66611278e-02
9.87779998e-02
9.50807245e-02
9.52553337e-02
9.87673994e-02
9.52639065e-02
9.66381744e-02
9.71412694e-02
9.84796097e-02
9.61762978e-02
9.54734893e-02
9.47009355e-02
9.39327628e-02
9.63988346e-02
9.64286973e-02
9.87259396e-02
9.69904578e-02
9.72167840e-02
9.59224854e-02
9.91314370e-02
9.56243379e-02
9.41064014e-02
9.75572955e-02
9.66040400e-02
9.80571863e-02
9.58135496e-02
9.69786577e-02
9.81333470e-02
9.72676256e-02
9.54238201e-02
9.75349384e-02
9.89590237e-02
9.51522487e-02
9.67090212e-02
9.63769487e-02
9.42620896e-02
9.48073107e-02
9.69895797e-02
9.59139866e-02
9.82825407e-02
9.57160541e-02
9.41711973e-02
9.68853990e-02
9.64103002e-02
9.48368450e-02
9.72134308e-02
9.69885341e-02
9.63162543e-02
9.79811181e-02
9.48754646e-02
9.45036626e-02
9.70597863e-02
9.72912743e-02
9.79260315e-02
9.64622815e-02
9.66981167e-02
9.33048809e-02
9.66204297e-02
9.49367465e-02
9.76840148e-02
9.79538907e-02
9.53695896e-02
9.81610590e-02
9.62491971e-02
9.73093218e-02
9.73256828e-02
9.48776329e-02
9.58283935e-02
9.80519362e-02
9.65795203e-02
9.89522918e-02
9.88264479e-02
9.51889875e-02
9.55816014e-02
9.64982611e-02
9.45333638e-02
9.74145058e-02
9.61897821e-02
9.69641324e-02
9.73981311e-02
9.65517405e-02
9.47675366e-02
9.93107560e-02
9.63845095e-02
9.78514713e-02
9.41684185e-02
9.44506039e-02
9.69540728e-02
9.74258383e-02
9.84764640e-02
9.68697970e-02
9.82052294e-02
9.68673907e-02
9.62978818e-02
9.53954381e-02
9.46690274e-02
9.72296744e-02
9.98925727e-02
9.77957665e-02
9.79396348e-02
9.49999205e-02
9.83846512e-02
9.72178888e-02
9.51556298e-02
9.86285022e-02
9.53058675e-02
9.49560071e-02
9.65351578e-02
9.66132054e-02
9.70006348e-02
9.86714798e-02
9.70886688e-02
9.65464239e-02
9.59591729e-02
9.69875508e-02
9.64436931e-02
9.81372430e-02
9.65399853e-02
9.55153857e-02
9.57389023e-02
9.61156310e-02
9.53630205e-02
9.78122723e-02
9.66117472e-02
9.84197018e-02
9.54398611e-02
9.80283753e-02
9.62329570e-02
9.50234240e-02
9.52552752e-02
9.49324648e-02
9.67811061e-02
9.64055766e-02
9.63600279e-02
9.62686763e-02
9.66393610e-02
9.51732191e-02
9.64986818e-02
9.73026858e-02
9.70630659e-02
9.64737060e-02
9.52697630e-02
9.91946993e-02
9.65541429e-02
9.35871375e-02
9.52658261e-02
9.66423813e-02
9.65582374e-02
9.50569350e-02
9.66426236e-02
9.61071526e-02
9.62029294e-02
9.50882781e-02
9.56264247e-02
9.82083379e-02
9.63346590e-02
9.58981006e-02
9.57145880e-02
9.51089420e-02
9.52849044e-02
9.58934514e-02
9.60667336e-02
9.84504635e-02
9.65341439e-02
9.49063098e-02
9.64833716e-02
9.58155281e-02
9.58353325e-02
9.65671855e-02
9.61008981e-02
9.82473991e-02
9.80930439e-02
9.84193769e-02
9.96290665e-02
9.62931769e-02
9.66940619e-02
9.68576485e-02
9.49999010e-02
9.67624165e-02
9.85580119e-02
9.52786154e-02
9.72576099e-02
9.78633378e-02
9.84288361e-02
9.56746324e-02
9.71538252e-02
9.54425076e-02
9.68048589e-02
9.52305607e-02
9.80795897e-02
9.79194103e-02
9.75132658e-02
9.78142522e-02
9.81524661e-02
9.75107228e-02
9.67977618e-02
9.71587294e-02
9.63818889e-02
9.68060573e-02
9.81389819e-02
9.56486409e-02
9.57069299e-02
9.61641640e-02
9.86535996e-02
9.63698244e-02
9.44578515e-02
9.56094040e-02
9.57069506e-02
9.62520990e-02
9.75702081e-02
9.88913699e-02
9.78154194e-02
9.62851315e-02
9.63392441e-02
9.71157431e-02
9.75911831e-02
9.73247375e-02
9.79049803e-02
9.42438059e-02
9.75836225e-02
9.61489992e-02
9.58351027e-02
9.81166986e-02
9.63331217e-02
9.44980885e-02
9.98580733e-02
9.44152701e-02
9.49111353e-02
9.63991462e-02
9.65677495e-02
9.54522097e-02
9.55367163e-02
9.61200458e-02
9.63752988e-02
9.65365614e-02
9.67043475e-02
9.64951562e-02
9.93284281e-02
9.94586333e-02
9.72476478e-02
9.70969057e-02
9.60825049e-02
9.62365448e-02
9.90141305e-02
9.57323549e-02
9.85165333e-02
9.62576609e-02
9.72967477e-02
9.75199607e-02
9.61559614e-02
9.71677060e-02
9.60880411e-02
9.81494355e-02
9.63359757e-02
9.75292471e-02
9.53900396e-02
9.53483378e-02
9.49937217e-02
9.51921470e-02
9.55424006e-02
9.60730481e-02
9.60142893e-02
9.80429291e-02
9.65414409e-02
9.75647563e-02
9.69218856e-02
9.62692667e-02
9.48081111e-02
9.67753477e-02
9.38586980e-02
9.54638859e-02
9.67981161e-02
9.50652377e-02
9.71485815e-02
9.61762159e-02
9.69083814e-02
9.70486375e-02
9.78647029e-02
9.62729241e-02
9.63308413e-02
9.65180617e-02
9.66054760e-02
9.78271536e-02
9.73195503e-02
9.49896510e-02
9.76297911e-02
9.79808223e-02
9.59996018e-02
9.58159568e-02
9.78538060e-02
9.46395596e-02
9.72125744e-02
9.68678465e-02
9.75771751e-02
9.36494602e-02
9.52771081e-02
9.60318803e-02
9.73415253e-02
9.45192918e-02
9.61008732e-02
9.61270747e-02
9.86893787e-02
9.60124929e-02
9.77062699e-02
9.71442534e-02
9.92922733e-02
9.76827632e-02
9.81568665e-02
9.49812983e-02
9.69514028e-02
9.59485488e-02
9.80818943e-02
9.91781310e-02
9.35476368e-02
9.68728273e-02
9.55064960e-02
9.45184584e-02
9.59349238e-02
9.88313667e-02
9.79864973e-02
9.73242416e-02
9.68495450e-02
9.75597193e-02
9.69263417e-02
9.49633450e-02
9.66300809e-02
9.90743880e-02
9.55740639e-02
9.74512412e-02
9.42615363e-02
9.34959142e-02
9.58254234e-02
9.66138164e-02
9.57451965e-02
9.95082797e-02
9.85701289e-02
9.93180523e-02
9.67511017e-02
9.70449058e-02
9.65345568e-02
9.55426801e-02
9.67498462e-02
9.57966319e-02
9.74659734e-02
9.70593243e-02
9.58000521e-02
9.54068914e-02
9.77530332e-02
9.84528546e-02
9.51500907e-02
9.65833472e-02
9.72789739e-02
9.57699031e-02
9.89736211e-02
9.86983625e-02
9.58676179e-02
9.82564393e-02
9.84989461e-02
9.68169726e-02
9.68062036e-02
9.71220294e-02
9.85236058e-02
9.75783128e-02
9.95426211e-02
9.98142472e-02
9.60622349e-02
9.70166993e-02
9.63159370e-02
9.71811876e-02
9.79766316e-02
9.68971681e-02
9.48256293e-02
9.83865280e-02
9.36507276e-02
9.74006464e-02
9.69032718e-02
9.60486043e-02
9.59122345e-02
9.44532740e-02
9.57008747e-02
9.56009483e-02
9.59197273e-02
9.76674441e-02
9.75303528e-02
9.64686213e-02
9.62445288e-02
9.73362314e-02
9.58748030e-02
9.60469322e-02
9.74763926e-02
9.50701661e-02
9.76108235e-02
9.57455089e-02
9.58050439e-02
9.62175141e-02
9.83224355e-02
9.80754611e-02
9.71718673e-02
9.83753062e-02
9.78995070e-02
9.73159254e-02
9.57754898e-02
9.42200591e-02
9.71972822e-02
9.52564759e-02
9.58969176e-02
9.50130959e-02
9.50442158e-02
9.91981011e-02
9.81242821e-02
9.77356559e-02
9.69758013e-02
9.66372363e-02
9.65747836e-02
9.66627029e-02
9.53239462e-02
9.76855821e-02
9.47259542e-02
9.74573341e-02
9.60780256e-02
9.55962081e-02
9.67750918e-02
9.63458511e-02
9.67941906e-02
9.63072206e-02
9.70167214e-02
9.78662537e-02
9.67827672e-02
9.57082192e-02
9.80997264e-02
9.77010189e-02
9.72027739e-02
9.48276453e-02
9.67198557e-02
9.56795593e-02
9.72807589e-02
9.62201682e-02
9.78434472e-02
9.62971172e-02
9.74149804e-02
9.67130761e-02
9.47319671e-02
9.74816818e-02
9.73335396e-02
9.91259279e-02
9.63427170e-02
9.72693470e-02
9.63827152e-02
9.54440865e-02
9.58877712e-02
9.71282423e-02
9.79424767e-02
9.66201973e-02
9.63312045e-02
9.76340317e-02
9.95568780e-02
9.55428152e-02
9.63333770e-02
9.71297079e-02
9.60782565e-02
9.47209743e-02
9.77129351e-02
9.56750132e-02
9.95786092e-02
9.57752410e-02
9.70042484e-02
9.40219431e-02
9.44545133e-02
9.53755786e-02
9.52080794e-02
9.80108019e-02
9.67210965e-02
9.77091684e-02
9.68297794e-02
9.69826914e-02
9.35362984e-02
9.58520509e-02
9.66379619e-02
9.78383213e-02
9.61056045e-02
9.85382519e-02
9.44202870e-02
9.67869442e-02
9.78999807e-02
9.51851672e-02
9.41333422e-02
9.84620826e-02
9.60494362e-02
9.59500303e-02
9.58079796e-02
9.63650903e-02
9.87005116e-02
9.44719614e-02
9.56622016e-02
9.75391175e-02
9.53563303e-02
9.65906038e-02
9.72781698e-02
9.72510586e-02
9.75545979e-02
9.76258366e-02
9.66012877e-02
9.59244946e-02
9.88632093e-02
9.78052481e-02
9.66180913e-02
9.52530324e-02
9.61549726e-02
9.56856444e-02
9.82302901e-02
9.50289345e-02
9.68134694e-02
9.71112112e-02
9.75082203e-02
9.55671203e-02
9.54498157e-02
9.67723689e-02
9.71100353e-02
9.74779487e-02
9.47309743e-02
9.66411828e-02
9.78086099e-02
9.57551462e-02
9.65652693e-02
9.44374495e-02
9.60916115e-02
9.84704630e-02
9.83721289e-02
9.56776096e-02
9.53135108e-02
9.35466138e-02
9.78104072e-02
9.67812915e-02
9.70639808e-02
9.68914460e-02
9.91942564e-02
9.60790449e-02
9.57699424e-02
9.59332803e-02
9.96169213e-02
9.89275234e-02
9.76195631e-02
9.61053805e-02
9.54059580e-02
9.56332116e-02
9.83230111e-02
9.66546509e-02
9.55550496e-02
9.62924689e-02
9.74917924e-02
9.84970512e-02
9.37098457e-02
9.61536090e-02
9.60205823e-02
9.46688124e-02
9.69131191e-02
9.62370257e-02
9.71987292e-02
9.61603755e-02
9.72657883e-02
9.76337147e-02
9.69259183e-02
9.82924693e-02
9.46814150e-02
9.68411263e-02
9.70764096e-02
9.88208403e-02
9.95909887e-02
9.61792042e-02
9.59258736e-02
9.73910965e-02
9.72900164e-02
9.65172873e-02
9.93147031e-02
9.66254625e-02
9.56899878e-02
9.66687816e-02
9.79163469e-02
9.45877615e-02
9.82727357e-02
9.59905929e-02
1.00080242e-01
9.56214655e-02
9.62971113e-02
9.56832490e-02
9.75554315e-02
9.62054256e-02
9.72624939e-02
9.56331861e-02
9.51887348e-02
9.85826739e-02
9.56438619e-02
9.58506430e-02
9.76190031e-02
9.56861641e-02
9.61946294e-02
9.84936107e-02
9.64585231e-02
9.85250161e-02
9.80431796e-02
9.58710072e-02
9.91822282e-02
9.54800807e-02
9.67946449e-02
9.53905964e-02
9.71196795e-02
9.90520037e-02
9.67788412e-02
9.91595372e-02
9.72835871e-02
9.76417800e-02
9.43976150e-02
9.57055947e-02
9.86470009e-02
9.50158217e-02
9.74615168e-02
9.63730901e-02
9.37406423e-02
9.70376406e-02
9.78379256e-02
9.44427755e-02
9.66872302e-02
9.54279782e-02
9.82516369e-02
9.80561652e-02
1.00068945e-01
9.63097803e-02
9.61687108e-02
9.52272504e-02
9.66759690e-02
9.52781151e-02
9.58371965e-02
9.64352732e-02
9.48491982e-02
9.65504770e-02
9.46565142e-02
9.69059975e-02
9.55240067e-02
9.82779317e-02
9.77162630e-02
9.66005910e-02
9.63502218e-02
9.60265479e-02
9.67285104e-02
9.74005657e-02
9.68178236e-02
9.67793730e-02
9.47411249e-02
9.65030563e-02
9.83103459e-02
9.57622442e-02
9.70695548e-02
9.44704361e-02
9.53271355e-02
9.75867548e-02
9.75858622e-02
9.68363439e-02
9.64828332e-02
9.50899450e-02
9.72049070e-02
9.49706928e-02
9.59737112e-02
9.76511480e-02
9.60117743e-02
9.55719822e-02
9.38508485e-02
9.57632253e-02
9.46086438e-02
9.50102041e-02
9.69042381e-02
9.69875499e-02
9.65499987e-02
9.68391720e-02
9.81188867e-02
9.70348049e-02
9.69153198e-02
9.82487780e-02
9.60670050e-02
9.65177416e-02
9.42489499e-02
9.53490769e-02
9.50502968e-02
9.79217483e-02
9.60859471e-02
9.55393046e-02
9.79395227e-02
9.45632443e-02
9.48682986e-02
9.89692529e-02
9.69451556e-02
9.58219361e-02
9.79794105e-02
9.62741587e-02
9.65104466e-02
9.65711169e-02
9.60294799e-02
9.82981874e-02
9.53466195e-02
9.80513285e-02
9.85843280e-02
9.71025110e-02
9.48060069e-02
9.81558752e-02
9.66384674e-02
9.51457828e-02
9.76982372e-02
9.67077491e-02
9.66665956e-02
9.56846320e-02
9.61179179e-02
9.62038378e-02
9.57469824e-02
9.68432113e-02
9.58715625e-02
9.23362864e-02
9.63414206e-02
9.76814240e-02
9.64657865e-02
9.68010734e-02
9.60484264e-02
9.65705210e-02
9.57445177e-02
9.70154568e-02
9.63442490e-02
9.65971752e-02
9.62301712e-02
9.42870817e-02
9.67681347e-02
9.65396103e-02
9.43341568e-02
9.58559061e-02
9.66374225e-02
9.69042972e-02
9.67047092e-02
9.53144356e-02
9.55969063e-02
9.80603825e-02
9.47292384e-02
9.65631100e-02
9.68453849e-02
9.72225957e-02
9.77071747e-02
9.42512649e-02
9.43388982e-02
9.42499806e-02
9.75473107e-02
9.78588491e-02
9.77089978e-02
9.65025604e-02
9.66112476e-02
9.86973076e-02
9.78677421e-02
9.67065206e-02
9.52428568e-02
9.44158610e-02
9.83920474e-02
9.69233849e-02
9.99941235e-02
9.69445081e-02
9.94181488e-02
9.64532099e-02
9.97503493e-02
9.65486655e-02
9.43466029e-02
9.75555916e-02
9.64030423e-02
9.38579822e-02
9.59891942e-02
9.42568477e-02
9.62210515e-02
9.76086960e-02
9.44933072e-02
9.64484976e-02
9.63314586e-02
9.73997473e-02
9.59719127e-02
9.63237655e-02
9.93859794e-02
9.45408229e-02
9.77627928e-02
9.50321339e-02
9.51920519e-02
9.88752332e-02
9.65210846e-02
9.62441118e-02
9.82718429e-02
9.81351461e-02
9.41009164e-02
9.50561867e-02
9.57508134e-02
9.60138436e-02
9.72980855e-02
9.73942215e-02
9.38055813e-02
9.72612190e-02
9.72416006e-02
9.80493969e-02
9.95400922e-02
9.83788285e-02
9.76443826e-02
9.61753912e-02
9.63884560e-02
9.67238584e-02
9.79817634e-02
9.63485978e-02
9.83229361e-02
9.66310405e-02
9.81511956e-02
9.86997551e-02
9.79651629e-02
9.62428535e-02
9.71690976e-02
9.88328512e-02
9.41231645e-02
9.66708501e-02
9.62262833e-02
9.35454962e-02
1.00174875e-01
9.60152181e-02
9.56524377e-02
9.40185189e-02
9.77506296e-02
9.62709905e-02
9.71876734e-02
9.55877781e-02
9.61401436e-02
9.55834476e-02
9.78469634e-02
9.69204526e-02
9.49521193e-02
9.67574002e-02
9.37602223e-02
9.49819784e-02
9.60425931e-02
9.72525583e-02
9.64801484e-02
9.61577566e-02
9.81583627e-02
9.84416850e-02
9.83532117e-02
9.78871132e-02
9.63645173e-02
9.57968398e-02
9.68983115e-02
9.41703002e-02
9.83144442e-02
9.77423966e-02
9.71173288e-02
9.95622393e-02
9.52978199e-02
9.59633807e-02
9.85254006e-02
9.63267176e-02
9.58410441e-02
9.88520973e-02
9.40060110e-02
9.60799418e-02
9.72269841e-02
9.67500455e-02
9.72723744e-02
9.72146051e-02
9.62645523e-02
9.46896120e-02
9.72100320e-02
9.88653592e-02
9.53835704e-02
9.63909859e-02
9.65022378e-02
9.65769727e-02
9.50675516e-02
9.58557646e-02
9.72005341e-02
9.72435389e-02
9.58132510e-02
9.88458557e-02
9.75635853e-02
9.52275937e-02
9.81080595e-02
9.41848389e-02
9.78289820e-02
9.68086162e-02
9.50640249e-02
9.64790386e-02
9.78616066e-02
9.89932367e-02
9.63748772e-02
9.56031715e-02
9.70534147e-02
9.48748133e-02
9.57379115e-02
9.57585971e-02
9.67954192e-02
9.95411385e-02
9.82550223e-02
9.70433354e-02
9.65032090e-02
9.81697708e-02
9.38395006e-02
9.84113872e-02
9.57915248e-02
9.59053667e-02
9.75748402e-02
9.49071908e-02
9.79870786e-02
9.60255688e-02
1.00638077e-01
9.85757587e-02
9.90784153e-02
9.70317533e-02
9.62970388e-02
9.65651848e-02
9.59331497e-02
9.72218145e-02
9.64454095e-02
9.84335840e-02
9.46205536e-02
9.69678346e-02
9.74753769e-02
9.51585088e-02
9.48991850e-02
9.54543990e-02
9.50118112e-02
9.59100280e-02
9.67001181e-02
9.65916027e-02
