# zs=5.0000 kappathrH=9.03763271e-04
1.072278e-02 1.261857e+07 1.66614463e-07 4.058807e-02
1.072278e-02 1.592283e+07 1.86249357e-07 4.772115e-02
1.072278e-02 2.009233e+07 2.08240445e-07 5.610783e-02
1.072278e-02 2.535364e+07 2.32875803e-07 6.596840e-02
1.072278e-02 3.199267e+07 2.60479393e-07 7.756190e-02
1.072278e-02 4.037017e+07 2.83657378e-07 8.997080e-02
1.072278e-02 5.094138e+07 3.17413001e-07 1.057826e-01
1.072278e-02 6.428073e+07 3.45802726e-07 1.227064e-01
1.072278e-02 8.111308e+07 3.87117968e-07 1.442712e-01
1.072278e-02 1.023531e+08 4.21922368e-07 1.673527e-01
1.072278e-02 1.291550e+08 4.59955035e-07 1.941270e-01
1.072278e-02 1.629751e+08 5.01524707e-07 2.251848e-01
1.072278e-02 2.056512e+08 5.61930508e-07 2.647595e-01
1.072278e-02 2.595024e+08 6.12983976e-07 3.071176e-01
1.072278e-02 3.274549e+08 6.68822602e-07 3.562524e-01
1.072278e-02 4.132012e+08 7.10476235e-07 4.077102e-01
1.072278e-02 5.214008e+08 7.75537188e-07 4.729385e-01
1.072278e-02 6.579332e+08 8.46742628e-07 5.486025e-01
1.072278e-02 8.302176e+08 9.24689352e-07 6.363718e-01
1.072278e-02 1.047616e+09 9.83143540e-07 7.282906e-01
1.072278e-02 1.321941e+09 1.07411731e-06 8.448076e-01
1.072278e-02 1.668101e+09 1.17376424e-06 9.799658e-01
1.072278e-02 2.104904e+09 1.24877679e-06 1.121514e+00
1.072278e-02 2.656088e+09 1.36521165e-06 1.300942e+00
1.072278e-02 3.351603e+09 1.45307340e-06 1.488852e+00
1.072278e-02 4.229243e+09 1.58921759e-06 1.727049e+00
1.072278e-02 5.336699e+09 1.69218550e-06 1.976507e+00
1.072278e-02 6.734151e+09 1.80217831e-06 2.261998e+00
1.072278e-02 8.497534e+09 1.97218987e-06 2.623888e+00
1.072278e-02 1.072267e+10 2.10116495e-06 3.002888e+00
1.072278e-02 1.353048e+10 2.23896355e-06 3.436630e+00
1.072278e-02 1.707353e+10 2.38619019e-06 3.933024e+00
1.072278e-02 2.154435e+10 2.54348562e-06 4.501117e+00
1.072278e-02 2.718588e+10 2.78569018e-06 5.221237e+00
1.072278e-02 3.430469e+10 2.97010410e-06 5.975403e+00
1.072278e-02 4.328761e+10 3.16706746e-06 6.838501e+00
1.072278e-02 5.462277e+10 3.37739137e-06 7.826267e+00
1.072278e-02 6.892612e+10 3.60192376e-06 8.956708e+00
1.072278e-02 8.697490e+10 3.84154625e-06 1.025043e+01
1.072278e-02 1.097499e+11 4.09717009e-06 1.173102e+01
1.072278e-02 1.384886e+11 4.36973194e-06 1.342548e+01
1.072278e-02 1.747528e+11 4.66018504e-06 1.536468e+01
1.072278e-02 2.205131e+11 4.96949069e-06 1.758398e+01
1.072278e-02 2.782559e+11 5.29860490e-06 2.012384e+01
1.072278e-02 3.511192e+11 5.64846227e-06 2.303057e+01
1.072278e-02 4.430621e+11 6.01995540e-06 2.635715e+01
1.072278e-02 5.590810e+11 6.41390895e-06 3.016423e+01
1.072278e-02 7.054802e+11 6.64918707e-06 3.405858e+01
1.072278e-02 8.902151e+11 7.07835708e-06 3.897807e+01
1.072278e-02 1.123324e+12 7.53104958e-06 4.460813e+01
1.072278e-02 1.417474e+12 8.00740926e-06 5.105142e+01
1.072278e-02 1.788650e+12 8.50727028e-06 5.842538e+01
1.072278e-02 2.257020e+12 9.03007303e-06 6.686446e+01
1.072278e-02 2.848036e+12 9.31985974e-06 7.549700e+01
1.072278e-02 3.593814e+12 9.86973946e-06 8.640193e+01
1.072278e-02 4.534879e+12 1.04369645e-05 9.888199e+01
1.072278e-02 5.722368e+12 1.10183128e-05 1.131647e+02
1.072278e-02 7.220809e+12 1.13004352e-05 1.277748e+02
1.072278e-02 9.111628e+12 1.18801099e-05 1.462309e+02
1.072278e-02 1.149757e+13 1.24572138e-05 1.673527e+02
1.072278e-02 1.450829e+13 1.30233310e-05 1.915255e+02
1.072278e-02 1.830738e+13 1.32069817e-05 2.162524e+02
1.072278e-02 2.310130e+13 1.37046987e-05 2.474883e+02
1.072278e-02 2.915053e+13 1.41556647e-05 2.832360e+02
1.072278e-02 3.678380e+13 1.41563843e-05 3.198032e+02
1.072278e-02 4.641589e+13 1.44546152e-05 3.659962e+02
1.072278e-02 5.857021e+13 1.46536599e-05 4.188614e+02
1.072278e-02 7.390722e+13 1.47322992e-05 4.793625e+02
1.072278e-02 9.326033e+13 1.42782339e-05 5.412507e+02
1.072278e-02 1.176812e+14 1.40574551e-05 6.194299e+02
1.072278e-02 1.484968e+14 1.36595967e-05 7.089016e+02
1.072278e-02 1.873817e+14 1.27231187e-05 8.004244e+02
1.072278e-02 2.364489e+14 1.19586336e-05 9.160392e+02
1.072278e-02 2.983647e+14 1.07133565e-05 1.034305e+03
1.072278e-02 3.764936e+14 9.62006607e-06 1.183701e+03
1.072278e-02 4.750810e+14 8.39137912e-06 1.354678e+03
1.072278e-02 5.994843e+14 6.88488843e-06 1.529573e+03
1.072278e-02 7.564633e+14 5.57302213e-06 1.750508e+03
1.072278e-02 9.545485e+14 4.30062492e-06 2.003355e+03
1.072278e-02 1.204504e+15 3.05288749e-06 2.261998e+03
1.072278e-02 1.519911e+15 2.08087983e-06 2.588725e+03
1.072278e-02 1.917910e+15 1.30718840e-06 2.962645e+03
1.072278e-02 2.420128e+15 7.24700892e-07 3.345138e+03
1.072278e-02 3.053856e+15 3.67521458e-07 3.828316e+03
1.072278e-02 3.853529e+15 1.58165703e-07 4.322572e+03
1.072278e-02 4.862602e+15 5.93009653e-08 4.946932e+03
1.072278e-02 6.135907e+15 1.81417015e-08 5.661476e+03
1.072278e-02 7.742637e+15 4.18519185e-09 6.392402e+03
1.072278e-02 9.770100e+15 7.20099420e-10 7.315732e+03
1.072278e-02 1.232847e+16 8.33478425e-11 8.372431e+03
1.072278e-02 1.555676e+16 5.79653932e-12 9.453354e+03
1.072278e-02 1.963041e+16 2.32144300e-13 1.081881e+04
1.072278e-02 2.477076e+16 4.53929268e-15 1.221558e+04
1.072278e-02 3.125716e+16 4.00217701e-17 1.398002e+04
1.072278e-02 3.944206e+16 1.30974481e-19 1.599932e+04
1.072278e-02 4.977024e+16 1.24720392e-22 1.806492e+04
1.072278e-02 6.280291e+16 2.74728242e-26 2.067425e+04
1.072278e-02 7.924829e+16 9.39026723e-31 2.366047e+04
1.072278e-02 1.000000e+17 2.97452153e-36 2.671516e+04
1.149780e-02 1.261857e+07 2.22006655e-07 4.521405e-02
1.149780e-02 1.592283e+07 2.48169270e-07 5.316012e-02
1.149780e-02 2.009233e+07 2.77471399e-07 6.250265e-02
1.149780e-02 2.535364e+07 3.02035968e-07 7.250226e-02
1.149780e-02 3.199267e+07 3.37837277e-07 8.524405e-02
1.149780e-02 4.037017e+07 3.67898626e-07 9.888199e-02
1.149780e-02 5.094138e+07 4.11678955e-07 1.162598e-01
1.149780e-02 6.428073e+07 4.48499774e-07 1.348599e-01
1.149780e-02 8.111308e+07 4.88717893e-07 1.564357e-01
1.149780e-02 1.023531e+08 5.32656574e-07 1.814634e-01
1.149780e-02 1.291550e+08 5.80670727e-07 2.104952e-01
1.149780e-02 1.629751e+08 6.33150106e-07 2.441717e-01
1.149780e-02 2.056512e+08 6.90522747e-07 2.832360e-01
1.149780e-02 2.595024e+08 7.53258875e-07 3.285501e-01
1.149780e-02 3.274549e+08 8.21875078e-07 3.811138e-01
1.149780e-02 4.132012e+08 8.96938959e-07 4.420871e-01
1.149780e-02 5.214008e+08 9.79074292e-07 5.128153e-01
1.149780e-02 6.579332e+08 1.04050783e-06 5.868873e-01
1.149780e-02 8.302176e+08 1.13629061e-06 6.807816e-01
1.149780e-02 1.047616e+09 1.24116305e-06 7.896978e-01
1.149780e-02 1.321941e+09 1.31991037e-06 9.037633e-01
1.149780e-02 1.668101e+09 1.44235821e-06 1.048354e+00
1.149780e-02 2.104904e+09 1.53453416e-06 1.199780e+00
1.149780e-02 2.656088e+09 1.63294828e-06 1.373078e+00
1.149780e-02 3.351603e+09 1.78557521e-06 1.592753e+00
1.149780e-02 4.229243e+09 1.90087939e-06 1.822813e+00
1.149780e-02 5.336699e+09 2.07939606e-06 2.114440e+00
1.149780e-02 6.734151e+09 2.21455386e-06 2.419853e+00
1.149780e-02 8.497534e+09 2.35894406e-06 2.769382e+00
1.149780e-02 1.072267e+10 2.51320652e-06 3.169396e+00
1.149780e-02 1.353048e+10 2.67802171e-06 3.627190e+00
1.149780e-02 1.707353e+10 2.93217465e-06 4.207493e+00
1.149780e-02 2.154435e+10 3.12545276e-06 4.815232e+00
1.149780e-02 2.718588e+10 3.33193480e-06 5.510753e+00
1.149780e-02 3.430469e+10 3.55249954e-06 6.306737e+00
1.149780e-02 4.328761e+10 3.78807212e-06 7.217694e+00
1.149780e-02 5.462277e+10 4.03962230e-06 8.260231e+00
1.149780e-02 6.892612e+10 4.30816373e-06 9.453354e+00
1.149780e-02 8.697490e+10 4.59475035e-06 1.081881e+01
1.149780e-02 1.097499e+11 4.90047140e-06 1.238151e+01
1.149780e-02 1.384886e+11 5.22644640e-06 1.416991e+01
1.149780e-02 1.747528e+11 5.57381460e-06 1.621664e+01
1.149780e-02 2.205131e+11 5.94372467e-06 1.855900e+01
1.149780e-02 2.782559e+11 6.33731882e-06 2.123970e+01
1.149780e-02 3.511192e+11 6.75571346e-06 2.430761e+01
1.149780e-02 4.430621e+11 7.00829232e-06 2.744584e+01
1.149780e-02 5.590810e+11 7.46686189e-06 3.141017e+01
1.149780e-02 7.054802e+11 7.95240868e-06 3.594712e+01
1.149780e-02 8.902151e+11 8.46561083e-06 4.113939e+01
1.149780e-02 1.123324e+12 9.00692668e-06 4.708164e+01
1.149780e-02 1.417474e+12 9.57652586e-06 5.388220e+01
1.149780e-02 1.788650e+12 9.90334210e-06 6.083867e+01
1.149780e-02 2.257020e+12 1.05117882e-05 6.962632e+01
1.149780e-02 2.848036e+12 1.11456817e-05 7.968328e+01
1.149780e-02 3.593814e+12 1.18030824e-05 9.119288e+01
1.149780e-02 4.534879e+12 1.21488992e-05 1.029663e+02
1.149780e-02 5.722368e+12 1.28253343e-05 1.178390e+02
1.149780e-02 7.220809e+12 1.35131759e-05 1.348599e+02
1.149780e-02 9.111628e+12 1.42059919e-05 1.543393e+02
1.149780e-02 1.149757e+13 1.44990957e-05 1.742653e+02
1.149780e-02 1.450829e+13 1.51575273e-05 1.994365e+02
1.149780e-02 1.830738e+13 1.57911356e-05 2.282435e+02
1.149780e-02 2.310130e+13 1.59493708e-05 2.577109e+02
1.149780e-02 2.915053e+13 1.64734818e-05 2.949352e+02
1.149780e-02 3.678380e+13 1.69240801e-05 3.375362e+02
1.149780e-02 4.641589e+13 1.68196452e-05 3.811138e+02
1.149780e-02 5.857021e+13 1.70502139e-05 4.361626e+02
1.149780e-02 7.390722e+13 1.71405353e-05 4.991628e+02
1.149780e-02 9.326033e+13 1.66109583e-05 5.636072e+02
1.149780e-02 1.176812e+14 1.63526784e-05 6.450157e+02
1.149780e-02 1.484968e+14 1.58882863e-05 7.381830e+02
1.149780e-02 1.873817e+14 1.47973504e-05 8.334862e+02
1.149780e-02 2.364489e+14 1.39064550e-05 9.538766e+02
1.149780e-02 2.983647e+14 1.27972276e-05 1.091656e+03
1.149780e-02 3.764936e+14 1.11834881e-05 1.232595e+03
1.149780e-02 4.750810e+14 9.75325568e-06 1.410633e+03
1.149780e-02 5.994843e+14 8.00051239e-06 1.592753e+03
1.149780e-02 7.564633e+14 6.47443258e-06 1.822813e+03
1.149780e-02 9.545485e+14 4.99476876e-06 2.086104e+03
1.149780e-02 1.204504e+15 3.54443614e-06 2.355431e+03
1.149780e-02 1.519911e+15 2.41496976e-06 2.695653e+03
1.149780e-02 1.917910e+15 1.51636030e-06 3.085019e+03
1.149780e-02 2.420128e+15 8.40210940e-07 3.483310e+03
1.149780e-02 3.053856e+15 4.25830725e-07 3.986446e+03
1.149780e-02 3.853529e+15 1.83123008e-07 4.501117e+03
1.149780e-02 4.862602e+15 6.85977450e-08 5.151267e+03
1.149780e-02 6.135907e+15 2.09638458e-08 5.895326e+03
1.149780e-02 7.742637e+15 4.83017439e-09 6.656443e+03
1.149780e-02 9.770100e+15 8.29816913e-10 7.617912e+03
1.149780e-02 1.232847e+16 9.33190205e-11 8.601423e+03
1.149780e-02 1.555676e+16 6.65275100e-12 9.843829e+03
1.149780e-02 1.963041e+16 2.65722498e-13 1.126569e+04
1.149780e-02 2.477076e+16 5.17913666e-15 1.272015e+04
1.149780e-02 3.125716e+16 4.54860725e-17 1.455747e+04
1.149780e-02 3.944206e+16 1.48162029e-19 1.666018e+04
1.149780e-02 4.977024e+16 1.40292673e-22 1.881109e+04
1.149780e-02 6.280291e+16 3.06922182e-26 2.152820e+04
1.149780e-02 7.924829e+16 1.01265620e-30 2.430761e+04
1.149780e-02 1.000000e+17 3.26195714e-36 2.781864e+04
1.232884e-02 1.261857e+07 2.87967130e-07 4.969230e-02
1.232884e-02 1.592283e+07 3.21902872e-07 5.842538e-02
1.232884e-02 2.009233e+07 3.59910888e-07 6.869325e-02
1.232884e-02 2.535364e+07 3.91773743e-07 7.968328e-02
1.232884e-02 3.199267e+07 4.26545505e-07 9.243157e-02
1.232884e-02 4.037017e+07 4.77204571e-07 1.086758e-01
1.232884e-02 5.094138e+07 5.19775985e-07 1.260625e-01
1.232884e-02 6.428073e+07 5.66264871e-07 1.462309e-01
1.232884e-02 8.111308e+07 6.17043052e-07 1.696259e-01
1.232884e-02 1.023531e+08 6.72518654e-07 1.967639e-01
1.232884e-02 1.291550e+08 7.33139766e-07 2.282435e-01
1.232884e-02 1.629751e+08 7.99398464e-07 2.647595e-01
1.232884e-02 2.056512e+08 8.71835153e-07 3.071176e-01
1.232884e-02 2.595024e+08 9.51043502e-07 3.562524e-01
1.232884e-02 3.274549e+08 1.03767571e-06 4.132482e-01
1.232884e-02 4.132012e+08 1.10229965e-06 4.729385e-01
1.232884e-02 5.214008e+08 1.20323953e-06 5.486025e-01
1.232884e-02 6.579332e+08 1.31371205e-06 6.363718e-01
1.232884e-02 8.302176e+08 1.39644906e-06 7.282906e-01
1.232884e-02 1.047616e+09 1.52533098e-06 8.448076e-01
1.232884e-02 1.321941e+09 1.62210599e-06 9.668332e-01
1.232884e-02 1.668101e+09 1.72539550e-06 1.106484e+00
1.232884e-02 2.104904e+09 1.88586367e-06 1.283508e+00
1.232884e-02 2.656088e+09 2.00680682e-06 1.468900e+00
1.232884e-02 3.351603e+09 2.19437398e-06 1.703905e+00
1.232884e-02 4.229243e+09 2.33607276e-06 1.950020e+00
1.232884e-02 5.336699e+09 2.48742227e-06 2.231685e+00
1.232884e-02 6.734151e+09 2.64909623e-06 2.554033e+00
1.232884e-02 8.497534e+09 2.82181313e-06 2.922943e+00
1.232884e-02 1.072267e+10 3.08856384e-06 3.390576e+00
1.232884e-02 1.353048e+10 3.29110292e-06 3.880317e+00
1.232884e-02 1.707353e+10 3.50749725e-06 4.440797e+00
1.232884e-02 2.154435e+10 3.73868808e-06 5.082234e+00
1.232884e-02 2.718588e+10 3.98567129e-06 5.816322e+00
1.232884e-02 3.430469e+10 4.24949765e-06 6.656443e+00
1.232884e-02 4.328761e+10 4.53127337e-06 7.617912e+00
1.232884e-02 5.462277e+10 4.83215788e-06 8.718257e+00
1.232884e-02 6.892612e+10 5.15336311e-06 9.977539e+00
1.232884e-02 8.697490e+10 5.49614902e-06 1.141871e+01
1.232884e-02 1.097499e+11 5.86181765e-06 1.306805e+01
1.232884e-02 1.384886e+11 6.25170716e-06 1.495563e+01
1.232884e-02 1.747528e+11 6.66717912e-06 1.711585e+01
1.232884e-02 2.205131e+11 7.10960618e-06 1.958809e+01
1.232884e-02 2.782559e+11 7.37854417e-06 2.211702e+01
1.232884e-02 3.511192e+11 7.86562236e-06 2.531164e+01
1.232884e-02 4.430621e+11 8.38280340e-06 2.896770e+01
1.232884e-02 5.590810e+11 8.93123095e-06 3.315185e+01
1.232884e-02 7.054802e+11 9.51190849e-06 3.794037e+01
1.232884e-02 8.902151e+11 1.01256439e-05 4.342055e+01
1.232884e-02 1.123324e+12 1.04861766e-05 4.902636e+01
1.232884e-02 1.417474e+12 1.11491815e-05 5.610783e+01
1.232884e-02 1.788650e+12 1.18448471e-05 6.421215e+01
1.232884e-02 2.257020e+12 1.25723832e-05 7.348707e+01
1.232884e-02 2.848036e+12 1.29754243e-05 8.297463e+01
1.232884e-02 3.593814e+12 1.37404926e-05 9.495964e+01
1.232884e-02 4.534879e+12 1.45296001e-05 1.086758e+02
1.232884e-02 5.722368e+12 1.49298992e-05 1.227064e+02
1.232884e-02 7.220809e+12 1.57302196e-05 1.404303e+02
1.232884e-02 9.111628e+12 1.65362468e-05 1.607144e+02
1.232884e-02 1.149757e+13 1.73385102e-05 1.839282e+02
1.232884e-02 1.450829e+13 1.76427285e-05 2.076743e+02
1.232884e-02 1.830738e+13 1.83795295e-05 2.376712e+02
1.232884e-02 2.310130e+13 1.90706332e-05 2.720009e+02
1.232884e-02 2.915053e+13 1.91720205e-05 3.071176e+02
1.232884e-02 3.678380e+13 1.96954021e-05 3.514782e+02
1.232884e-02 4.641589e+13 2.01080489e-05 4.022464e+02
1.232884e-02 5.857021e+13 1.98397256e-05 4.541785e+02
1.232884e-02 7.390722e+13 1.99433516e-05 5.197809e+02
1.232884e-02 9.326033e+13 1.93255707e-05 5.868873e+02
1.232884e-02 1.176812e+14 1.90232949e-05 6.716584e+02
1.232884e-02 1.484968e+14 1.84810963e-05 7.686740e+02
1.232884e-02 1.873817e+14 1.72100546e-05 8.679137e+02
1.232884e-02 2.364489e+14 1.61716802e-05 9.932768e+02
1.232884e-02 2.983647e+14 1.48794426e-05 1.136748e+03
1.232884e-02 3.764936e+14 1.30008089e-05 1.283508e+03
1.232884e-02 4.750810e+14 1.13358386e-05 1.468900e+03
1.232884e-02 5.994843e+14 9.29649999e-06 1.658542e+03
1.232884e-02 7.564633e+14 7.52116922e-06 1.898105e+03
1.232884e-02 9.545485e+14 5.80046183e-06 2.172271e+03
1.232884e-02 1.204504e+15 4.11467988e-06 2.452723e+03
1.232884e-02 1.519911e+15 2.80231098e-06 2.806999e+03
1.232884e-02 1.917910e+15 1.71187910e-06 3.169396e+03
1.232884e-02 2.420128e+15 9.73925751e-07 3.627190e+03
1.232884e-02 3.053856e+15 4.93263589e-07 4.151108e+03
1.232884e-02 3.853529e+15 2.11951998e-07 4.687038e+03
1.232884e-02 4.862602e+15 7.93220321e-08 5.364042e+03
1.232884e-02 6.135907e+15 2.42139919e-08 6.138835e+03
1.232884e-02 7.742637e+15 5.57150718e-09 6.931390e+03
1.232884e-02 9.770100e+15 9.55622267e-10 7.932573e+03
1.232884e-02 1.232847e+16 1.07255728e-10 8.956708e+03
1.232884e-02 1.555676e+16 7.62814390e-12 1.025043e+04
1.232884e-02 1.963041e+16 3.03807452e-13 1.173102e+04
1.232884e-02 2.477076e+16 5.90097090e-15 1.324556e+04
1.232884e-02 3.125716e+16 5.16099731e-17 1.515877e+04
1.232884e-02 3.944206e+16 1.62814190e-19 1.711585e+04
1.232884e-02 4.977024e+16 1.57425933e-22 1.958809e+04
1.232884e-02 6.280291e+16 3.41883985e-26 2.241744e+04
1.232884e-02 7.924829e+16 1.11795522e-30 2.531164e+04
1.232884e-02 1.000000e+17 3.56182695e-36 2.896770e+04
1.321995e-02 1.261857e+07 3.73564148e-07 5.461409e-02
1.321995e-02 1.592283e+07 4.17587066e-07 6.421215e-02
1.321995e-02 2.009233e+07 4.54462787e-07 7.448526e-02
1.321995e-02 2.535364e+07 5.08226507e-07 8.757554e-02
1.321995e-02 3.199267e+07 5.53333848e-07 1.015865e-01
1.321995e-02 4.037017e+07 6.02570104e-07 1.178390e-01
1.321995e-02 5.094138e+07 6.56325154e-07 1.366917e-01
1.321995e-02 6.428073e+07 7.15026764e-07 1.585606e-01
1.321995e-02 8.111308e+07 7.79144421e-07 1.839282e-01
1.321995e-02 1.023531e+08 8.49193456e-07 2.133544e-01
1.321995e-02 1.291550e+08 9.25739650e-07 2.474883e-01
1.321995e-02 1.629751e+08 1.00940433e-06 2.870832e-01
1.321995e-02 2.056512e+08 1.10086984e-06 3.330128e-01
1.321995e-02 2.595024e+08 1.16891504e-06 3.811138e-01
1.321995e-02 3.274549e+08 1.27539266e-06 4.420871e-01
1.321995e-02 4.132012e+08 1.35482000e-06 5.059430e-01
1.321995e-02 5.214008e+08 1.47888246e-06 5.868873e-01
1.321995e-02 6.579332e+08 1.61466100e-06 6.807816e-01
1.321995e-02 8.302176e+08 1.71634997e-06 7.791150e-01
1.321995e-02 1.047616e+09 1.82484351e-06 8.916518e-01
1.321995e-02 1.321941e+09 1.99369634e-06 1.034305e+00
1.321995e-02 1.668101e+09 2.12064465e-06 1.183701e+00
1.321995e-02 2.104904e+09 2.25616157e-06 1.354678e+00
1.321995e-02 2.656088e+09 2.46651400e-06 1.571408e+00
1.321995e-02 3.351603e+09 2.62524127e-06 1.798386e+00
1.321995e-02 4.229243e+09 2.79475792e-06 2.058148e+00
1.321995e-02 5.336699e+09 2.97581920e-06 2.355431e+00
1.321995e-02 6.734151e+09 3.25591182e-06 2.732269e+00
1.321995e-02 8.497534e+09 3.46818458e-06 3.126923e+00
1.321995e-02 1.072267e+10 3.69496868e-06 3.578582e+00
1.321995e-02 1.353048e+10 3.93726400e-06 4.095479e+00
1.321995e-02 1.707353e+10 4.19613268e-06 4.687038e+00
1.321995e-02 2.154435e+10 4.47270038e-06 5.364042e+00
1.321995e-02 2.718588e+10 4.76815807e-06 6.138835e+00
1.321995e-02 3.430469e+10 5.08376228e-06 7.025540e+00
1.321995e-02 4.328761e+10 5.42083579e-06 8.040322e+00
1.321995e-02 5.462277e+10 5.78076496e-06 9.201681e+00
1.321995e-02 6.892612e+10 6.16499880e-06 1.053079e+01
1.321995e-02 8.697490e+10 6.57504366e-06 1.205188e+01
1.321995e-02 1.097499e+11 7.01245608e-06 1.379267e+01
1.321995e-02 1.384886e+11 7.47883560e-06 1.578491e+01
1.321995e-02 1.747528e+11 7.76347262e-06 1.782283e+01
1.321995e-02 2.205131e+11 8.27859243e-06 2.039719e+01
1.321995e-02 2.782559e+11 8.82667594e-06 2.334340e+01
1.321995e-02 3.511192e+11 9.40927365e-06 2.671516e+01
1.321995e-02 4.430621e+11 1.00278650e-05 3.057395e+01
1.321995e-02 5.590810e+11 1.03993839e-05 3.452120e+01
1.321995e-02 7.054802e+11 1.10753999e-05 3.950751e+01
1.321995e-02 8.902151e+11 1.17898815e-05 4.521405e+01
1.321995e-02 1.123324e+12 1.25434579e-05 5.174486e+01
1.321995e-02 1.417474e+12 1.33363550e-05 5.921898e+01
1.321995e-02 1.788650e+12 1.37910822e-05 6.686446e+01
1.321995e-02 2.257020e+12 1.46379189e-05 7.652248e+01
1.321995e-02 2.848036e+12 1.55200880e-05 8.757554e+01
1.321995e-02 3.593814e+12 1.59973302e-05 9.888199e+01
1.321995e-02 4.534879e+12 1.69156749e-05 1.131647e+02
1.321995e-02 5.722368e+12 1.78566823e-05 1.295104e+02
1.321995e-02 7.220809e+12 1.83125284e-05 1.462309e+02
1.321995e-02 9.111628e+12 1.92503050e-05 1.673527e+02
1.321995e-02 1.149757e+13 2.01835802e-05 1.915255e+02
1.321995e-02 1.450829e+13 2.05369700e-05 2.162524e+02
1.321995e-02 1.830738e+13 2.13937759e-05 2.474883e+02
1.321995e-02 2.310130e+13 2.21972210e-05 2.832360e+02
1.321995e-02 2.915053e+13 2.23141096e-05 3.198032e+02
1.321995e-02 3.678380e+13 2.29219810e-05 3.659962e+02
1.321995e-02 4.641589e+13 2.34007586e-05 4.188614e+02
1.321995e-02 5.857021e+13 2.30868693e-05 4.729385e+02
1.321995e-02 7.390722e+13 2.32056163e-05 5.412507e+02
1.321995e-02 9.326033e+13 2.30997487e-05 6.194299e+02
1.321995e-02 1.176812e+14 2.21308516e-05 6.994015e+02
1.321995e-02 1.484968e+14 2.14976282e-05 8.004244e+02
1.321995e-02 1.873817e+14 2.00165318e-05 9.037633e+02
1.321995e-02 2.364489e+14 1.88060578e-05 1.034305e+03
1.321995e-02 2.983647e+14 1.73004083e-05 1.183701e+03
1.321995e-02 3.764936e+14 1.51132086e-05 1.336523e+03
1.321995e-02 4.750810e+14 1.31748101e-05 1.529573e+03
1.321995e-02 5.994843e+14 1.08019032e-05 1.727049e+03
1.321995e-02 7.564633e+14 8.73653994e-06 1.976507e+03
1.321995e-02 9.545485e+14 6.73550539e-06 2.261998e+03
1.321995e-02 1.204504e+15 4.77610363e-06 2.554033e+03
1.321995e-02 1.519911e+15 3.25129374e-06 2.922943e+03
1.321995e-02 1.917910e+15 1.98509800e-06 3.300310e+03
1.321995e-02 2.420128e+15 1.12866297e-06 3.777013e+03
1.321995e-02 3.053856e+15 5.71215936e-07 4.322572e+03
1.321995e-02 3.853529e+15 2.45236872e-07 4.880638e+03
1.321995e-02 4.862602e+15 9.16856336e-08 5.585606e+03
1.321995e-02 6.135907e+15 2.72101311e-08 6.306737e+03
1.321995e-02 7.742637e+15 6.42283981e-09 7.217694e+03
1.321995e-02 9.770100e+15 1.09972187e-09 8.260231e+03
1.321995e-02 1.232847e+16 1.23168796e-10 9.326669e+03
1.321995e-02 1.555676e+16 8.73756559e-12 1.067383e+04
1.321995e-02 1.963041e+16 3.37685204e-13 1.205188e+04
1.321995e-02 2.477076e+16 6.71338087e-15 1.379267e+04
1.321995e-02 3.125716e+16 5.84530836e-17 1.578491e+04
1.321995e-02 3.944206e+16 1.83410678e-19 1.782283e+04
1.321995e-02 4.977024e+16 1.76190430e-22 2.039719e+04
1.321995e-02 6.280291e+16 3.69522338e-26 2.303057e+04
1.321995e-02 7.924829e+16 1.22950756e-30 2.635715e+04
1.321995e-02 1.000000e+17 3.87134019e-36 3.016423e+04
1.417546e-02 1.261857e+07 4.84658644e-07 6.002336e-02
1.417546e-02 1.592283e+07 5.41773456e-07 7.057206e-02
1.417546e-02 2.009233e+07 5.89615526e-07 8.186268e-02
1.417546e-02 2.535364e+07 6.41813772e-07 9.495964e-02
1.417546e-02 3.199267e+07 6.98777366e-07 1.101519e-01
1.417546e-02 4.037017e+07 7.60955097e-07 1.277748e-01
1.417546e-02 5.094138e+07 8.28839312e-07 1.482171e-01
1.417546e-02 6.428073e+07 9.02970198e-07 1.719300e-01
1.417546e-02 8.111308e+07 9.83940626e-07 1.994365e-01
1.417546e-02 1.023531e+08 1.07240136e-06 2.313438e-01
1.417546e-02 1.291550e+08 1.16906686e-06 2.683558e-01
1.417546e-02 1.629751e+08 1.24078532e-06 3.071176e-01
1.417546e-02 2.056512e+08 1.35321617e-06 3.562524e-01
1.417546e-02 2.595024e+08 1.43685801e-06 4.077102e-01
1.417546e-02 3.274549e+08 1.56774163e-06 4.729385e-01
1.417546e-02 4.132012e+08 1.71092340e-06 5.486025e-01
1.417546e-02 5.214008e+08 1.81787279e-06 6.278437e-01
1.417546e-02 6.579332e+08 1.93193280e-06 7.185307e-01
1.417546e-02 8.302176e+08 2.10976847e-06 8.334862e-01
1.417546e-02 1.047616e+09 2.24312813e-06 9.538766e-01
1.417546e-02 1.321941e+09 2.45068181e-06 1.106484e+00
1.417546e-02 1.668101e+09 2.60672511e-06 1.266307e+00
1.417546e-02 2.104904e+09 2.77330031e-06 1.449215e+00
1.417546e-02 2.656088e+09 2.95114707e-06 1.658542e+00
1.417546e-02 3.351603e+09 3.14105651e-06 1.898105e+00
1.417546e-02 4.229243e+09 3.43533166e-06 2.201778e+00
1.417546e-02 5.336699e+09 3.65788587e-06 2.519806e+00
1.417546e-02 6.734151e+09 3.89561972e-06 2.883772e+00
1.417546e-02 8.497534e+09 4.14958923e-06 3.300310e+00
1.417546e-02 1.072267e+10 4.42091909e-06 3.777013e+00
1.417546e-02 1.353048e+10 4.71080526e-06 4.322572e+00
1.417546e-02 1.707353e+10 5.02051811e-06 4.946932e+00
1.417546e-02 2.154435e+10 5.35140399e-06 5.661476e+00
1.417546e-02 2.718588e+10 5.70488723e-06 6.479231e+00
1.417546e-02 3.430469e+10 6.08247059e-06 7.415103e+00
1.417546e-02 4.328761e+10 6.48573589e-06 8.486155e+00
1.417546e-02 5.462277e+10 6.91634097e-06 9.711911e+00
1.417546e-02 6.892612e+10 7.37601841e-06 1.111472e+01
1.417546e-02 8.697490e+10 7.86656926e-06 1.272015e+01
1.417546e-02 1.097499e+11 8.16649449e-06 1.436238e+01
1.417546e-02 1.384886e+11 8.70957237e-06 1.643692e+01
1.417546e-02 1.747528e+11 9.28826749e-06 1.881109e+01
1.417546e-02 2.205131e+11 9.90448795e-06 2.152820e+01
1.417546e-02 2.782559e+11 1.05601300e-05 2.463778e+01
1.417546e-02 3.511192e+11 1.09573537e-05 2.781864e+01
1.417546e-02 4.430621e+11 1.16776101e-05 3.183682e+01
1.417546e-02 5.590810e+11 1.24413466e-05 3.643539e+01
1.417546e-02 7.054802e+11 1.32499525e-05 4.169819e+01
1.417546e-02 8.902151e+11 1.41045429e-05 4.772115e+01
1.417546e-02 1.123324e+12 1.46063692e-05 5.388220e+01
1.417546e-02 1.417474e+12 1.55294386e-05 6.166505e+01
1.417546e-02 1.788650e+12 1.64979013e-05 7.057206e+01
1.417546e-02 2.257020e+12 1.70444604e-05 7.968328e+01
1.417546e-02 2.848036e+12 1.80713106e-05 9.119288e+01
1.417546e-02 3.593814e+12 1.91360561e-05 1.043650e+02
1.417546e-02 4.534879e+12 1.96954209e-05 1.178390e+02
1.417546e-02 5.722368e+12 2.07905230e-05 1.348599e+02
1.417546e-02 7.220809e+12 2.19037879e-05 1.543393e+02
1.417546e-02 9.111628e+12 2.24117606e-05 1.742653e+02
1.417546e-02 1.149757e+13 2.34974791e-05 1.994365e+02
1.417546e-02 1.450829e+13 2.45618581e-05 2.282435e+02
1.417546e-02 1.830738e+13 2.49043195e-05 2.577109e+02
1.417546e-02 2.310130e+13 2.58383540e-05 2.949352e+02
1.417546e-02 2.915053e+13 2.66833976e-05 3.375362e+02
1.417546e-02 3.678380e+13 2.66789536e-05 3.811138e+02
1.417546e-02 4.641589e+13 2.72343664e-05 4.361626e+02
1.417546e-02 5.857021e+13 2.68670207e-05 4.924734e+02
1.417546e-02 7.390722e+13 2.70029128e-05 5.636072e+02
1.417546e-02 9.326033e+13 2.68771444e-05 6.450157e+02
1.417546e-02 1.176812e+14 2.57470204e-05 7.282906e+02
1.417546e-02 1.484968e+14 2.50072644e-05 8.334862e+02
1.417546e-02 1.873817e+14 2.32811320e-05 9.410936e+02
1.417546e-02 2.364489e+14 2.18697773e-05 1.077027e+03
1.417546e-02 2.983647e+14 2.01152134e-05 1.232595e+03
1.417546e-02 3.764936e+14 1.75685309e-05 1.391729e+03
1.417546e-02 4.750810e+14 1.53115974e-05 1.592753e+03
1.417546e-02 5.994843e+14 1.25504249e-05 1.798386e+03
1.417546e-02 7.564633e+14 1.01475591e-05 2.058148e+03
1.417546e-02 9.545485e+14 7.82050930e-06 2.355431e+03
1.417546e-02 1.204504e+15 5.54314395e-06 2.659529e+03
1.417546e-02 1.519911e+15 3.77160546e-06 3.043676e+03
1.417546e-02 1.917910e+15 2.30146291e-06 3.436630e+03
1.417546e-02 2.420128e+15 1.30766339e-06 3.933024e+03
1.417546e-02 3.053856e+15 6.43684042e-07 4.440797e+03
1.417546e-02 3.853529e+15 2.83645886e-07 5.082234e+03
1.417546e-02 4.862602e+15 1.05929953e-07 5.816322e+03
1.417546e-02 6.135907e+15 3.13967762e-08 6.567239e+03
1.417546e-02 7.742637e+15 7.39957298e-09 7.515823e+03
1.417546e-02 9.770100e+15 1.23092082e-09 8.486155e+03
1.417546e-02 1.232847e+16 1.41313241e-10 9.711911e+03
1.417546e-02 1.555676e+16 9.99729240e-12 1.111472e+04
1.417546e-02 1.963041e+16 3.85093518e-13 1.254968e+04
1.417546e-02 2.477076e+16 7.62539066e-15 1.436238e+04
1.417546e-02 3.125716e+16 6.43164999e-17 1.621664e+04
1.417546e-02 3.944206e+16 2.06131611e-19 1.855900e+04
1.417546e-02 4.977024e+16 1.96638240e-22 2.123970e+04
1.417546e-02 6.280291e+16 4.08929961e-26 2.398186e+04
1.417546e-02 7.924829e+16 1.34666129e-30 2.744584e+04
1.417546e-02 1.000000e+17 4.07544295e-36 3.098924e+04
1.520003e-02 1.261857e+07 6.28866723e-07 6.596840e-02
1.520003e-02 1.592283e+07 6.84260591e-07 7.652248e-02
1.520003e-02 2.009233e+07 7.44685001e-07 8.876509e-02
1.520003e-02 2.535364e+07 8.10611209e-07 1.029663e-01
1.520003e-02 3.199267e+07 8.82555986e-07 1.194396e-01
1.520003e-02 4.037017e+07 9.61086138e-07 1.385484e-01
1.520003e-02 5.094138e+07 1.04682348e-06 1.607144e-01
1.520003e-02 6.428073e+07 1.14045025e-06 1.864266e-01
1.520003e-02 8.111308e+07 1.20963087e-06 2.133544e-01
1.520003e-02 1.023531e+08 1.31838150e-06 2.474883e-01
1.520003e-02 1.291550e+08 1.43721866e-06 2.870832e-01
1.520003e-02 1.629751e+08 1.52538640e-06 3.285501e-01
1.520003e-02 2.056512e+08 1.66360457e-06 3.811138e-01
1.520003e-02 2.595024e+08 1.81474332e-06 4.420871e-01
1.520003e-02 3.274549e+08 1.92733292e-06 5.059430e-01
1.520003e-02 4.132012e+08 2.04735750e-06 5.790223e-01
1.520003e-02 5.214008e+08 2.23483230e-06 6.716584e-01
1.520003e-02 6.579332e+08 2.37505140e-06 7.686740e-01
1.520003e-02 8.302176e+08 2.59367349e-06 8.916518e-01
1.520003e-02 1.047616e+09 2.75761767e-06 1.020444e+00
1.520003e-02 1.321941e+09 2.93256449e-06 1.167839e+00
1.520003e-02 1.668101e+09 3.11928640e-06 1.336523e+00
1.520003e-02 2.104904e+09 3.31861015e-06 1.529573e+00
1.520003e-02 2.656088e+09 3.62800775e-06 1.774285e+00
1.520003e-02 3.351603e+09 3.86146682e-06 2.030566e+00
1.520003e-02 4.229243e+09 4.11079310e-06 2.323865e+00
1.520003e-02 5.336699e+09 4.37709695e-06 2.659529e+00
1.520003e-02 6.734151e+09 4.66156304e-06 3.043676e+00
1.520003e-02 8.497534e+09 4.96545469e-06 3.483310e+00
1.520003e-02 1.072267e+10 5.29011730e-06 3.986446e+00
1.520003e-02 1.353048e+10 5.63698148e-06 4.562256e+00
1.520003e-02 1.707353e+10 6.00756684e-06 5.221237e+00
1.520003e-02 2.154435e+10 6.40348376e-06 5.975403e+00
1.520003e-02 2.718588e+10 6.82643589e-06 6.838501e+00
1.520003e-02 3.430469e+10 7.27822053e-06 7.826267e+00
1.520003e-02 4.328761e+10 7.76072950e-06 8.956708e+00
1.520003e-02 5.462277e+10 8.27594538e-06 1.025043e+01
1.520003e-02 6.892612e+10 8.59097035e-06 1.157382e+01
1.520003e-02 8.697490e+10 9.16227168e-06 1.324556e+01
1.520003e-02 1.097499e+11 9.77168763e-06 1.515877e+01
1.520003e-02 1.384886e+11 1.04214431e-05 1.734834e+01
1.520003e-02 1.747528e+11 1.11138012e-05 1.985416e+01
1.520003e-02 2.205131e+11 1.15355363e-05 2.241744e+01
1.520003e-02 2.782559e+11 1.22990433e-05 2.565545e+01
1.520003e-02 3.511192e+11 1.31105970e-05 2.936118e+01
1.520003e-02 4.430621e+11 1.39722506e-05 3.360216e+01
1.520003e-02 5.590810e+11 1.44895949e-05 3.794037e+01
1.520003e-02 7.054802e+11 1.54311374e-05 4.342055e+01
1.520003e-02 8.902151e+11 1.64261927e-05 4.969230e+01
1.520003e-02 1.123324e+12 1.74756227e-05 5.686995e+01
1.520003e-02 1.417474e+12 1.80850842e-05 6.421215e+01
1.520003e-02 1.788650e+12 1.92125920e-05 7.348707e+01
1.520003e-02 2.257020e+12 2.03915863e-05 8.410168e+01
1.520003e-02 2.848036e+12 2.10440625e-05 9.495964e+01
1.520003e-02 3.593814e+12 2.22834479e-05 1.086758e+02
1.520003e-02 4.534879e+12 2.35615022e-05 1.243731e+02
1.520003e-02 5.722368e+12 2.42087432e-05 1.404303e+02
1.520003e-02 7.220809e+12 2.55042560e-05 1.607144e+02
1.520003e-02 9.111628e+12 2.68085507e-05 1.839282e+02
1.520003e-02 1.149757e+13 2.73579445e-05 2.076743e+02
1.520003e-02 1.450829e+13 2.85959934e-05 2.376712e+02
1.520003e-02 1.830738e+13 2.89933500e-05 2.683558e+02
1.520003e-02 2.310130e+13 3.00791815e-05 3.071176e+02
1.520003e-02 2.915053e+13 3.10611227e-05 3.514782e+02
1.520003e-02 3.678380e+13 3.10539401e-05 3.968559e+02
1.520003e-02 4.641589e+13 3.16981366e-05 4.541785e+02
1.520003e-02 5.857021e+13 3.21232456e-05 5.197809e+02
1.520003e-02 7.390722e+13 3.14233216e-05 5.868873e+02
1.520003e-02 9.326033e+13 3.12737452e-05 6.716584e+02
1.520003e-02 1.176812e+14 2.99552718e-05 7.583729e+02
1.520003e-02 1.484968e+14 2.90907779e-05 8.679137e+02
1.520003e-02 1.873817e+14 2.70787378e-05 9.799658e+02
1.520003e-02 2.364489e+14 2.54328457e-05 1.121514e+03
1.520003e-02 2.983647e+14 2.33878967e-05 1.283508e+03
1.520003e-02 3.764936e+14 2.04223563e-05 1.449215e+03
1.520003e-02 4.750810e+14 1.77942918e-05 1.658542e+03
1.520003e-02 5.994843e+14 1.45811558e-05 1.872669e+03
1.520003e-02 7.564633e+14 1.17855285e-05 2.143160e+03
1.520003e-02 9.545485e+14 8.83761127e-06 2.419853e+03
1.520003e-02 1.204504e+15 6.43248658e-06 2.769382e+03
1.520003e-02 1.519911e+15 4.37442494e-06 3.169396e+03
1.520003e-02 1.917910e+15 2.66767181e-06 3.578582e+03
1.520003e-02 2.420128e+15 1.51465126e-06 4.095479e+03
1.520003e-02 3.053856e+15 7.44944335e-07 4.624226e+03
1.520003e-02 3.853529e+15 3.27942426e-07 5.292158e+03
1.520003e-02 4.862602e+15 1.19072930e-07 5.975403e+03
1.520003e-02 6.135907e+15 3.62070808e-08 6.838501e+03
1.520003e-02 7.742637e+15 8.51903745e-09 7.826267e+03
1.520003e-02 9.770100e+15 1.41429653e-09 8.836679e+03
1.520003e-02 1.232847e+16 1.61970855e-10 1.011307e+04
1.520003e-02 1.555676e+16 1.11208951e-11 1.141871e+04
1.520003e-02 1.963041e+16 4.38529280e-13 1.306805e+04
1.520003e-02 2.477076e+16 8.64636163e-15 1.495563e+04
1.520003e-02 3.125716e+16 7.25525741e-17 1.688648e+04
1.520003e-02 3.944206e+16 2.31087285e-19 1.932559e+04
1.520003e-02 4.977024e+16 2.12972131e-22 2.182063e+04
1.520003e-02 6.280291e+16 4.50893607e-26 2.497244e+04
1.520003e-02 7.924829e+16 1.46849432e-30 2.857950e+04
1.520003e-02 1.000000e+17 4.38418504e-36 3.226926e+04
1.629866e-02 1.261857e+07 7.94361136e-07 7.153065e-02
1.629866e-02 1.592283e+07 8.64332410e-07 8.297463e-02
1.629866e-02 2.009233e+07 9.40658012e-07 9.624949e-02
1.629866e-02 2.535364e+07 1.02393320e-06 1.116482e-01
1.629866e-02 3.199267e+07 1.11481072e-06 1.295104e-01
1.629866e-02 4.037017e+07 1.21400653e-06 1.502304e-01
1.629866e-02 5.094138e+07 1.28710279e-06 1.719300e-01
1.629866e-02 6.428073e+07 1.40221923e-06 1.994365e-01
1.629866e-02 8.111308e+07 1.52795642e-06 2.313438e-01
1.629866e-02 1.023531e+08 1.62098953e-06 2.647595e-01
1.629866e-02 1.291550e+08 1.76710229e-06 3.071176e-01
1.629866e-02 1.629751e+08 1.92680236e-06 3.562524e-01
1.629866e-02 2.056512e+08 2.04544751e-06 4.077102e-01
1.629866e-02 2.595024e+08 2.17187257e-06 4.666006e-01
1.629866e-02 3.274549e+08 2.36970478e-06 5.412507e-01
1.629866e-02 4.132012e+08 2.51727566e-06 6.194299e-01
1.629866e-02 5.214008e+08 2.74777763e-06 7.185307e-01
1.629866e-02 6.579332e+08 2.92017695e-06 8.223166e-01
1.629866e-02 8.302176e+08 3.10407482e-06 9.410936e-01
1.629866e-02 1.047616e+09 3.30027674e-06 1.077027e+00
1.629866e-02 1.321941e+09 3.60563702e-06 1.249337e+00
1.629866e-02 1.668101e+09 3.83520879e-06 1.429794e+00
1.629866e-02 2.104904e+09 4.08027345e-06 1.636316e+00
1.629866e-02 2.656088e+09 4.34191881e-06 1.872669e+00
1.629866e-02 3.351603e+09 4.62130833e-06 2.143160e+00
1.629866e-02 4.229243e+09 4.91968540e-06 2.452723e+00
1.629866e-02 5.336699e+09 5.23837853e-06 2.806999e+00
1.629866e-02 6.734151e+09 5.57880512e-06 3.212447e+00
1.629866e-02 8.497534e+09 5.94247660e-06 3.676459e+00
1.629866e-02 1.072267e+10 6.33100258e-06 4.207493e+00
1.629866e-02 1.353048e+10 6.74609455e-06 4.815232e+00
1.629866e-02 1.707353e+10 7.18957039e-06 5.510753e+00
1.629866e-02 2.154435e+10 7.66335655e-06 6.306737e+00
1.629866e-02 2.718588e+10 8.16949088e-06 7.217694e+00
1.629866e-02 3.430469e+10 8.71012321e-06 8.260231e+00
1.629866e-02 4.328761e+10 9.04025824e-06 9.326669e+00
1.629866e-02 5.462277e+10 9.64036963e-06 1.067383e+01
1.629866e-02 6.892612e+10 1.02809828e-05 1.221558e+01
1.629866e-02 8.697490e+10 1.09646043e-05 1.398002e+01
1.629866e-02 1.097499e+11 1.16938235e-05 1.599932e+01
1.629866e-02 1.384886e+11 1.24713004e-05 1.831029e+01
1.629866e-02 1.747528e+11 1.29456660e-05 2.067425e+01
1.629866e-02 2.205131e+11 1.38043089e-05 2.366047e+01
1.629866e-02 2.782559e+11 1.47178454e-05 2.707804e+01
1.629866e-02 3.511192e+11 1.56888478e-05 3.098924e+01
1.629866e-02 4.430621e+11 1.62746434e-05 3.499011e+01
1.629866e-02 5.590810e+11 1.73386373e-05 4.004415e+01
1.629866e-02 7.054802e+11 1.84650732e-05 4.582820e+01
1.629866e-02 8.902151e+11 1.91322088e-05 5.174486e+01
1.629866e-02 1.123324e+12 2.03542046e-05 5.921898e+01
1.629866e-02 1.417474e+12 2.16398076e-05 6.777268e+01
1.629866e-02 1.788650e+12 2.23764917e-05 7.652248e+01
1.629866e-02 2.257020e+12 2.37491562e-05 8.757554e+01
1.629866e-02 2.848036e+12 2.51788428e-05 1.002251e+02
1.629866e-02 3.593814e+12 2.59512992e-05 1.131647e+02
1.629866e-02 4.534879e+12 2.74389750e-05 1.295104e+02
1.629866e-02 5.722368e+12 2.89629556e-05 1.482171e+02
1.629866e-02 7.220809e+12 2.96995696e-05 1.673527e+02
1.629866e-02 9.111628e+12 3.12172698e-05 1.915255e+02
1.629866e-02 1.149757e+13 3.18557190e-05 2.162524e+02
1.629866e-02 1.450829e+13 3.32958089e-05 2.474883e+02
1.629866e-02 1.830738e+13 3.46800555e-05 2.832360e+02
1.629866e-02 2.310130e+13 3.50190561e-05 3.198032e+02
1.629866e-02 2.915053e+13 3.61600119e-05 3.659962e+02
1.629866e-02 3.678380e+13 3.61491384e-05 4.132482e+02
1.629866e-02 4.641589e+13 3.68961614e-05 4.729385e+02
1.629866e-02 5.857021e+13 3.73877188e-05 5.412507e+02
1.629866e-02 7.390722e+13 3.65695006e-05 6.111289e+02
1.629866e-02 9.326033e+13 3.63914051e-05 6.994015e+02
1.629866e-02 1.176812e+14 3.48528251e-05 7.896978e+02
1.629866e-02 1.484968e+14 3.38422091e-05 9.037633e+02
1.629866e-02 1.873817e+14 3.14964914e-05 1.020444e+03
1.629866e-02 2.364489e+14 2.95766883e-05 1.167839e+03
1.629866e-02 2.983647e+14 2.71928971e-05 1.336523e+03
1.629866e-02 3.764936e+14 2.37392474e-05 1.509075e+03
1.629866e-02 4.750810e+14 2.06787117e-05 1.727049e+03
1.629866e-02 5.994843e+14 1.69394259e-05 1.950020e+03
1.629866e-02 7.564633e+14 1.36867070e-05 2.231685e+03
1.629866e-02 9.545485e+14 1.02589634e-05 2.519806e+03
1.629866e-02 1.204504e+15 7.46340729e-06 2.883772e+03
1.629866e-02 1.519911e+15 5.07264393e-06 3.300310e+03
1.629866e-02 1.917910e+15 3.09143317e-06 3.726396e+03
1.629866e-02 2.420128e+15 1.75390223e-06 4.264644e+03
1.629866e-02 3.053856e+15 8.61834682e-07 4.815232e+03
1.629866e-02 3.853529e+15 3.78997250e-07 5.510753e+03
1.629866e-02 4.862602e+15 1.37437706e-07 6.222219e+03
1.629866e-02 6.135907e+15 4.17289257e-08 7.120968e+03
1.629866e-02 7.742637e+15 9.53975938e-09 8.040322e+03
1.629866e-02 9.770100e+15 1.62355929e-09 9.201681e+03
1.629866e-02 1.232847e+16 1.85451465e-10 1.053079e+04
1.629866e-02 1.555676e+16 1.26929021e-11 1.189037e+04
1.629866e-02 1.963041e+16 4.98611354e-13 1.360784e+04
1.629866e-02 2.477076e+16 9.52532500e-15 1.536468e+04
1.629866e-02 3.125716e+16 8.16604492e-17 1.758398e+04
1.629866e-02 3.944206e+16 2.51488497e-19 1.985416e+04
1.629866e-02 4.977024e+16 2.36202946e-22 2.272193e+04
1.629866e-02 6.280291e+16 4.95218521e-26 2.600393e+04
1.629866e-02 7.924829e+16 1.55135102e-30 2.936118e+04
1.629866e-02 1.000000e+17 4.68932435e-36 3.360216e+04
1.747670e-02 1.261857e+07 1.00354458e-06 7.756190e-02
1.747670e-02 1.592283e+07 1.09194149e-06 8.997080e-02
1.747670e-02 2.009233e+07 1.18836595e-06 1.043650e-01
1.747670e-02 2.535364e+07 1.29356997e-06 1.210620e-01
1.747670e-02 3.199267e+07 1.37088343e-06 1.385484e-01
1.747670e-02 4.037017e+07 1.49286397e-06 1.607144e-01
1.747670e-02 5.094138e+07 1.62603916e-06 1.864266e-01
1.747670e-02 6.428073e+07 1.72430751e-06 2.133544e-01
1.747670e-02 8.111308e+07 1.87892537e-06 2.474883e-01
1.747670e-02 1.023531e+08 2.04784584e-06 2.870832e-01
1.747670e-02 1.291550e+08 2.17299989e-06 3.285501e-01
1.747670e-02 1.629751e+08 2.30630171e-06 3.760065e-01
1.747670e-02 2.056512e+08 2.51527628e-06 4.361626e-01
1.747670e-02 2.595024e+08 2.67073824e-06 4.991628e-01
1.747670e-02 3.274549e+08 2.91400854e-06 5.790223e-01
1.747670e-02 4.132012e+08 3.09547220e-06 6.626574e-01
1.747670e-02 5.214008e+08 3.28895918e-06 7.583729e-01
1.747670e-02 6.579332e+08 3.49530876e-06 8.679137e-01
1.747670e-02 8.302176e+08 3.81704025e-06 1.006769e+00
1.747670e-02 1.047616e+09 4.05830143e-06 1.152188e+00
1.747670e-02 1.321941e+09 4.31575249e-06 1.318612e+00
1.747670e-02 1.668101e+09 4.59052983e-06 1.509075e+00
1.747670e-02 2.104904e+09 4.88384967e-06 1.727049e+00
1.747670e-02 2.656088e+09 5.19701377e-06 1.976507e+00
1.747670e-02 3.351603e+09 5.53141441e-06 2.261998e+00
1.747670e-02 4.229243e+09 5.88853946e-06 2.588725e+00
1.747670e-02 5.336699e+09 6.26997863e-06 2.962645e+00
1.747670e-02 6.734151e+09 6.67742794e-06 3.390576e+00
1.747670e-02 8.497534e+09 7.11269589e-06 3.880317e+00
1.747670e-02 1.072267e+10 7.57770837e-06 4.440797e+00
1.747670e-02 1.353048e+10 8.07451314e-06 5.082234e+00
1.747670e-02 1.707353e+10 8.60528514e-06 5.816322e+00
1.747670e-02 2.154435e+10 9.17232910e-06 6.656443e+00
1.747670e-02 2.718588e+10 9.77808292e-06 7.617912e+00
1.747670e-02 3.430469e+10 1.01475744e-05 8.601423e+00
1.747670e-02 4.328761e+10 1.08202011e-05 9.843829e+00
1.747670e-02 5.462277e+10 1.15384055e-05 1.126569e+01
1.747670e-02 6.892612e+10 1.23050719e-05 1.289293e+01
1.747670e-02 8.697490e+10 1.31231980e-05 1.475521e+01
1.747670e-02 1.097499e+11 1.36232728e-05 1.666018e+01
1.747670e-02 1.384886e+11 1.45289204e-05 1.906661e+01
1.747670e-02 1.747528e+11 1.54939144e-05 2.182063e+01
1.747670e-02 2.205131e+11 1.65214251e-05 2.497244e+01
1.747670e-02 2.782559e+11 1.71456542e-05 2.819651e+01
1.747670e-02 3.511192e+11 1.82766344e-05 3.226926e+01
1.747670e-02 4.430621e+11 1.94773712e-05 3.693030e+01
1.747670e-02 5.590810e+11 2.01980547e-05 4.169819e+01
1.747670e-02 7.054802e+11 2.15099588e-05 4.772115e+01
1.747670e-02 8.902151e+11 2.28963264e-05 5.461409e+01
1.747670e-02 1.123324e+12 2.37098529e-05 6.166505e+01
1.747670e-02 1.417474e+12 2.52069447e-05 7.057206e+01
1.747670e-02 1.788650e+12 2.67774297e-05 8.076563e+01
1.747670e-02 2.257020e+12 2.76628426e-05 9.119288e+01
1.747670e-02 2.848036e+12 2.93274245e-05 1.043650e+02
1.747670e-02 3.593814e+12 3.10530672e-05 1.194396e+02
1.747670e-02 4.534879e+12 3.19581663e-05 1.348599e+02
1.747670e-02 5.722368e+12 3.37320596e-05 1.543393e+02
1.747670e-02 7.220809e+12 3.45887355e-05 1.742653e+02
1.747670e-02 9.111628e+12 3.63548498e-05 1.994365e+02
1.747670e-02 1.149757e+13 3.81113789e-05 2.282435e+02
1.747670e-02 1.450829e+13 3.87718977e-05 2.577109e+02
1.747670e-02 1.830738e+13 4.03816365e-05 2.949352e+02
1.747670e-02 2.310130e+13 4.07739293e-05 3.330128e+02
1.747670e-02 2.915053e+13 4.20995731e-05 3.811138e+02
1.747670e-02 3.678380e+13 4.20837729e-05 4.303176e+02
1.747670e-02 4.641589e+13 4.29498468e-05 4.924734e+02
1.747670e-02 5.857021e+13 4.35179769e-05 5.636072e+02
1.747670e-02 7.390722e+13 4.25611151e-05 6.363718e+02
1.747670e-02 9.326033e+13 4.23488126e-05 7.282906e+02
1.747670e-02 1.176812e+14 4.05529250e-05 8.223166e+02
1.747670e-02 1.484968e+14 3.93710513e-05 9.410936e+02
1.747670e-02 1.873817e+14 3.66358044e-05 1.062594e+03
1.747670e-02 2.364489e+14 3.43960108e-05 1.216077e+03
1.747670e-02 2.983647e+14 3.16167381e-05 1.391729e+03
1.747670e-02 3.764936e+14 2.75941923e-05 1.571408e+03
1.747670e-02 4.750810e+14 2.40296334e-05 1.798386e+03
1.747670e-02 5.994843e+14 1.96777876e-05 2.030566e+03
1.747670e-02 7.564633e+14 1.58930824e-05 2.323865e+03
1.747670e-02 9.545485e+14 1.19074267e-05 2.623888e+03
1.747670e-02 1.204504e+15 8.65816198e-06 3.002888e+03
1.747670e-02 1.519911e+15 5.72454872e-06 3.390576e+03
1.747670e-02 1.917910e+15 3.58161098e-06 3.880317e+03
1.747670e-02 2.420128e+15 1.97626741e-06 4.381286e+03
1.747670e-02 3.053856e+15 9.96693103e-07 5.014127e+03
1.747670e-02 3.853529e+15 4.37801996e-07 5.738377e+03
1.747670e-02 4.862602e+15 1.58548327e-07 6.479231e+03
1.747670e-02 6.135907e+15 4.80613355e-08 7.415103e+03
1.747670e-02 7.742637e+15 1.09663098e-08 8.372431e+03
1.747670e-02 9.770100e+15 1.86201840e-09 9.581761e+03
1.747670e-02 1.232847e+16 2.06447313e-10 1.081881e+04
1.747670e-02 1.555676e+16 1.44672184e-11 1.238151e+04
1.747670e-02 1.963041e+16 5.65986630e-13 1.416991e+04
1.747670e-02 2.477076e+16 1.07591443e-14 1.599932e+04
1.747670e-02 3.125716e+16 9.16907822e-17 1.831029e+04
1.747670e-02 3.944206e+16 2.80362406e-19 2.067425e+04
1.747670e-02 4.977024e+16 2.61053896e-22 2.366047e+04
1.747670e-02 6.280291e+16 5.27193423e-26 2.671516e+04
1.747670e-02 7.924829e+16 1.67515093e-30 3.057395e+04
1.747670e-02 1.000000e+17 4.98483597e-36 3.499011e+04
1.873988e-02 1.261857e+07 1.26799850e-06 8.410168e-02
1.873988e-02 1.592283e+07 1.37968937e-06 9.755686e-02
1.873988e-02 2.009233e+07 1.46154861e-06 1.116482e-01
1.873988e-02 2.535364e+07 1.59093647e-06 1.295104e-01
1.873988e-02 3.199267e+07 1.73213612e-06 1.502304e-01
1.873988e-02 4.037017e+07 1.83604274e-06 1.719300e-01
1.873988e-02 5.094138e+07 1.99983120e-06 1.994365e-01
1.873988e-02 6.428073e+07 2.17869069e-06 2.313438e-01
1.873988e-02 8.111308e+07 2.31084800e-06 2.647595e-01
1.873988e-02 1.023531e+08 2.51859786e-06 3.071176e-01
1.873988e-02 1.291550e+08 2.67252000e-06 3.514782e-01
1.873988e-02 1.629751e+08 2.83646248e-06 4.022464e-01
1.873988e-02 2.056512e+08 3.09347242e-06 4.666006e-01
1.873988e-02 2.595024e+08 3.28466797e-06 5.339973e-01
1.873988e-02 3.274549e+08 3.48844422e-06 6.111289e-01
1.873988e-02 4.132012e+08 3.70567557e-06 6.994015e-01
1.873988e-02 5.214008e+08 4.04498766e-06 8.112967e-01
1.873988e-02 6.579332e+08 4.29876496e-06 9.284819e-01
1.873988e-02 8.302176e+08 4.56946688e-06 1.062594e+00
1.873988e-02 1.047616e+09 4.85827879e-06 1.216077e+00
1.873988e-02 1.321941e+09 5.16647038e-06 1.391729e+00
1.873988e-02 1.668101e+09 5.49540178e-06 1.592753e+00
1.873988e-02 2.104904e+09 5.84652865e-06 1.822813e+00
1.873988e-02 2.656088e+09 6.22140897e-06 2.086104e+00
1.873988e-02 3.351603e+09 6.62170904e-06 2.387425e+00
1.873988e-02 4.229243e+09 7.04920951e-06 2.732269e+00
1.873988e-02 5.336699e+09 7.50581289e-06 3.126923e+00
1.873988e-02 6.734151e+09 7.99354885e-06 3.578582e+00
1.873988e-02 8.497534e+09 8.51458157e-06 4.095479e+00
1.873988e-02 1.072267e+10 9.07121569e-06 4.687038e+00
1.873988e-02 1.353048e+10 9.66590154e-06 5.364042e+00
1.873988e-02 1.707353e+10 1.03012416e-05 6.138835e+00
1.873988e-02 2.154435e+10 1.06876771e-05 6.931390e+00
1.873988e-02 2.718588e+10 1.13934539e-05 7.932573e+00
1.873988e-02 3.430469e+10 1.21473207e-05 9.078369e+00
1.873988e-02 4.328761e+10 1.29524291e-05 1.038967e+01
1.873988e-02 5.462277e+10 1.38120814e-05 1.189037e+01
1.873988e-02 6.892612e+10 1.43375834e-05 1.342548e+01
1.873988e-02 8.697490e+10 1.52907387e-05 1.536468e+01
1.873988e-02 1.097499e+11 1.63074372e-05 1.758398e+01
1.873988e-02 1.384886e+11 1.73913802e-05 2.012384e+01
1.873988e-02 1.747528e+11 1.80525783e-05 2.272193e+01
1.873988e-02 2.205131e+11 1.92495855e-05 2.600393e+01
1.873988e-02 2.782559e+11 2.05230595e-05 2.975999e+01
1.873988e-02 3.511192e+11 2.12941608e-05 3.360216e+01
1.873988e-02 4.430621e+11 2.26928584e-05 3.845572e+01
1.873988e-02 5.590810e+11 2.41758202e-05 4.401034e+01
1.873988e-02 7.054802e+11 2.50602857e-05 4.969230e+01
1.873988e-02 8.902151e+11 2.66750448e-05 5.686995e+01
1.873988e-02 1.123324e+12 2.83778312e-05 6.508435e+01
1.873988e-02 1.417474e+12 2.93658993e-05 7.348707e+01
1.873988e-02 1.788650e+12 3.11948333e-05 8.410168e+01
1.873988e-02 2.257020e+12 3.22255517e-05 9.495964e+01
1.873988e-02 2.848036e+12 3.41638058e-05 1.086758e+02
1.873988e-02 3.593814e+12 3.61729942e-05 1.243731e+02
1.873988e-02 4.534879e+12 3.72261556e-05 1.404303e+02
1.873988e-02 5.722368e+12 3.92910985e-05 1.607144e+02
1.873988e-02 7.220809e+12 4.02874148e-05 1.814634e+02
1.873988e-02 9.111628e+12 4.23427160e-05 2.076743e+02
1.873988e-02 1.149757e+13 4.43864774e-05 2.376712e+02
1.873988e-02 1.450829e+13 4.51534049e-05 2.683558e+02
1.873988e-02 1.830738e+13 4.70253761e-05 3.071176e+02
1.873988e-02 2.310130e+13 4.74791570e-05 3.467680e+02
1.873988e-02 2.915053e+13 4.90192854e-05 3.968559e+02
1.873988e-02 3.678380e+13 4.89969610e-05 4.480920e+02
1.873988e-02 4.641589e+13 5.00008198e-05 5.128153e+02
1.873988e-02 5.857021e+13 5.06571186e-05 5.868873e+02
1.873988e-02 7.390722e+13 4.95376768e-05 6.626574e+02
1.873988e-02 9.326033e+13 4.92842897e-05 7.583729e+02
1.873988e-02 1.176812e+14 4.71874950e-05 8.562827e+02
1.873988e-02 1.484968e+14 4.58047992e-05 9.799658e+02
1.873988e-02 1.873817e+14 4.26146982e-05 1.106484e+03
1.873988e-02 2.364489e+14 4.00009629e-05 1.266307e+03
1.873988e-02 2.983647e+14 3.57813362e-05 1.429794e+03
1.873988e-02 3.764936e+14 3.20742775e-05 1.636316e+03
1.873988e-02 4.750810e+14 2.79222148e-05 1.872669e+03
1.873988e-02 5.994843e+14 2.28571504e-05 2.114440e+03
1.873988e-02 7.564633e+14 1.84532586e-05 2.419853e+03
1.873988e-02 9.545485e+14 1.38189076e-05 2.732269e+03
1.873988e-02 1.204504e+15 1.00424323e-05 3.126923e+03
1.873988e-02 1.519911e+15 6.63547570e-06 3.530625e+03
1.873988e-02 1.917910e+15 4.14838846e-06 4.040595e+03
1.873988e-02 2.420128e+15 2.28697089e-06 4.562256e+03
1.873988e-02 3.053856e+15 1.15218863e-06 5.221237e+03
1.873988e-02 3.853529e+15 4.92026641e-07 5.895326e+03
1.873988e-02 4.862602e+15 1.82794035e-07 6.746858e+03
1.873988e-02 6.135907e+15 5.38429333e-08 7.617912e+03
1.873988e-02 7.742637e+15 1.25954810e-08 8.718257e+03
1.873988e-02 9.770100e+15 2.13332193e-09 9.977539e+03
1.873988e-02 1.232847e+16 2.35816082e-10 1.126569e+04
1.873988e-02 1.555676e+16 1.64651830e-11 1.289293e+04
1.873988e-02 1.963041e+16 6.24247921e-13 1.455747e+04
1.873988e-02 2.477076e+16 1.21266967e-14 1.666018e+04
1.873988e-02 3.125716e+16 9.99531446e-17 1.881109e+04
1.873988e-02 3.944206e+16 3.11577959e-19 2.152820e+04
1.873988e-02 4.977024e+16 2.87436770e-22 2.463778e+04
1.873988e-02 6.280291e+16 5.73973932e-26 2.781864e+04
1.873988e-02 7.924829e+16 1.79894365e-30 3.183682e+04
1.873988e-02 1.000000e+17 5.12376256e-36 3.594712e+04
2.009436e-02 1.261857e+07 1.55973136e-06 8.997080e-02
2.009436e-02 1.592283e+07 1.69711882e-06 1.043650e-01
2.009436e-02 2.009233e+07 1.84698259e-06 1.210620e-01
2.009436e-02 2.535364e+07 1.95696680e-06 1.385484e-01
2.009436e-02 3.199267e+07 2.13065168e-06 1.607144e-01
2.009436e-02 4.037017e+07 2.32023390e-06 1.864266e-01
2.009436e-02 5.094138e+07 2.45993338e-06 2.133544e-01
2.009436e-02 6.428073e+07 2.67994161e-06 2.474883e-01
2.009436e-02 8.111308e+07 2.84250253e-06 2.832360e-01
2.009436e-02 1.023531e+08 3.01556890e-06 3.241471e-01
2.009436e-02 1.291550e+08 3.28737924e-06 3.760065e-01
2.009436e-02 1.629751e+08 3.48903659e-06 4.303176e-01
2.009436e-02 2.056512e+08 3.70386870e-06 4.924734e-01
2.009436e-02 2.595024e+08 3.93278655e-06 5.636072e-01
2.009436e-02 3.274549e+08 4.29100443e-06 6.537771e-01
2.009436e-02 4.132012e+08 4.55820719e-06 7.482099e-01
2.009436e-02 5.214008e+08 4.84311254e-06 8.562827e-01
2.009436e-02 6.579332e+08 5.14695600e-06 9.799658e-01
2.009436e-02 8.302176e+08 5.47106195e-06 1.121514e+00
2.009436e-02 1.047616e+09 5.81684939e-06 1.283508e+00
2.009436e-02 1.321941e+09 6.18583824e-06 1.468900e+00
2.009436e-02 1.668101e+09 6.57965663e-06 1.681071e+00
2.009436e-02 2.104904e+09 7.00004701e-06 1.923888e+00
2.009436e-02 2.656088e+09 7.44887430e-06 2.201778e+00
2.009436e-02 3.351603e+09 7.92813301e-06 2.519806e+00
2.009436e-02 4.229243e+09 8.43995450e-06 2.883772e+00
2.009436e-02 5.336699e+09 8.98661588e-06 3.300310e+00
2.009436e-02 6.734151e+09 9.57054642e-06 3.777013e+00
2.009436e-02 8.497534e+09 1.01943363e-05 4.322572e+00
2.009436e-02 1.072267e+10 1.08607437e-05 4.946932e+00
2.009436e-02 1.353048e+10 1.12646055e-05 5.585606e+00
2.009436e-02 1.707353e+10 1.20049774e-05 6.392402e+00
2.009436e-02 2.154435e+10 1.27959300e-05 7.315732e+00
2.009436e-02 2.718588e+10 1.36408606e-05 8.372431e+00
2.009436e-02 3.430469e+10 1.45433523e-05 9.581761e+00
2.009436e-02 4.328761e+10 1.50943342e-05 1.081881e+01
2.009436e-02 5.462277e+10 1.60960426e-05 1.238151e+01
2.009436e-02 6.892612e+10 1.71653122e-05 1.416991e+01
2.009436e-02 8.697490e+10 1.83063169e-05 1.621664e+01
2.009436e-02 1.097499e+11 1.90036033e-05 1.831029e+01
2.009436e-02 1.384886e+11 2.02665799e-05 2.095507e+01
2.009436e-02 1.747528e+11 2.16122632e-05 2.398186e+01
2.009436e-02 2.205131e+11 2.24315416e-05 2.707804e+01
2.009436e-02 2.782559e+11 2.39152499e-05 3.098924e+01
2.009436e-02 3.511192e+11 2.54921658e-05 3.546539e+01
2.009436e-02 4.430621e+11 2.64430054e-05 4.004415e+01
2.009436e-02 5.590810e+11 2.81706227e-05 4.582820e+01
2.009436e-02 7.054802e+11 2.99994319e-05 5.244771e+01
2.009436e-02 8.902151e+11 3.10817744e-05 5.921898e+01
2.009436e-02 1.123324e+12 3.30652275e-05 6.777268e+01
2.009436e-02 1.417474e+12 3.42157838e-05 7.652248e+01
2.009436e-02 1.788650e+12 3.63459353e-05 8.757554e+01
2.009436e-02 2.257020e+12 3.85728125e-05 1.002251e+02
2.009436e-02 2.848036e+12 3.98030516e-05 1.131647e+02
2.009436e-02 3.593814e+12 4.21425977e-05 1.295104e+02
2.009436e-02 4.534879e+12 4.33681005e-05 1.462309e+02
2.009436e-02 5.722368e+12 4.57720374e-05 1.673527e+02
2.009436e-02 7.220809e+12 4.82143588e-05 1.915255e+02
2.009436e-02 9.111628e+12 4.93227446e-05 2.162524e+02
2.009436e-02 1.149757e+13 5.17008109e-05 2.474883e+02
2.009436e-02 1.450829e+13 5.25911826e-05 2.794403e+02
2.009436e-02 1.830738e+13 5.47681112e-05 3.198032e+02
2.009436e-02 2.310130e+13 5.52927874e-05 3.610914e+02
2.009436e-02 2.915053e+13 5.70819762e-05 4.132482e+02
2.009436e-02 3.678380e+13 5.70510680e-05 4.666006e+02
2.009436e-02 4.641589e+13 5.82143293e-05 5.339973e+02
2.009436e-02 5.857021e+13 5.89720595e-05 6.111289e+02
2.009436e-02 7.390722e+13 5.76618608e-05 6.900288e+02
2.009436e-02 9.326033e+13 5.73590620e-05 7.896978e+02
2.009436e-02 1.176812e+14 5.49102347e-05 8.916518e+02
2.009436e-02 1.484968e+14 5.32919175e-05 1.020444e+03
2.009436e-02 1.873817e+14 4.95705272e-05 1.152188e+03
2.009436e-02 2.364489e+14 4.65196545e-05 1.318612e+03
2.009436e-02 2.983647e+14 4.16016679e-05 1.488852e+03
2.009436e-02 3.764936e+14 3.72806261e-05 1.703905e+03
2.009436e-02 4.750810e+14 3.15799058e-05 1.923888e+03
2.009436e-02 5.994843e+14 2.65480893e-05 2.201778e+03
2.009436e-02 7.564633e+14 2.08531280e-05 2.486038e+03
2.009436e-02 9.545485e+14 1.60348892e-05 2.845126e+03
2.009436e-02 1.204504e+15 1.16458337e-05 3.256082e+03
2.009436e-02 1.519911e+15 7.68954075e-06 3.676459e+03
2.009436e-02 1.917910e+15 4.80345254e-06 4.207493e+03
2.009436e-02 2.420128e+15 2.64557468e-06 4.750702e+03
2.009436e-02 3.053856e+15 1.33136340e-06 5.436903e+03
2.009436e-02 3.853529e+15 5.67792524e-07 6.138835e+03
2.009436e-02 4.862602e+15 2.10613958e-07 7.025540e+03
2.009436e-02 6.135907e+15 6.19226608e-08 7.932573e+03
2.009436e-02 7.742637e+15 1.44534577e-08 9.078369e+03
2.009436e-02 9.770100e+15 2.37647163e-09 1.025043e+04
2.009436e-02 1.232847e+16 2.69006752e-10 1.173102e+04
2.009436e-02 1.555676e+16 1.82111592e-11 1.324556e+04
2.009436e-02 1.963041e+16 7.05981508e-13 1.515877e+04
2.009436e-02 2.477076e+16 1.36365021e-14 1.734834e+04
2.009436e-02 3.125716e+16 1.11628723e-16 1.958809e+04
2.009436e-02 3.944206e+16 3.45108665e-19 2.241744e+04
2.009436e-02 4.977024e+16 3.06816576e-22 2.531164e+04
2.009436e-02 6.280291e+16 6.21863372e-26 2.896770e+04
2.009436e-02 7.924829e+16 1.86939624e-30 3.270758e+04
2.009436e-02 1.000000e+17 5.37208882e-36 3.743193e+04
2.154674e-02 1.261857e+07 1.97138746e-06 9.755686e-02
2.154674e-02 1.592283e+07 2.08792813e-06 1.116482e-01
2.154674e-02 2.009233e+07 2.27230142e-06 1.295104e-01
2.154674e-02 2.535364e+07 2.47346157e-06 1.502304e-01
2.154674e-02 3.199267e+07 2.62129089e-06 1.719300e-01
2.154674e-02 4.037017e+07 2.85452802e-06 1.994365e-01
2.154674e-02 5.094138e+07 3.02639522e-06 2.282435e-01
2.154674e-02 6.428073e+07 3.20928739e-06 2.612114e-01
2.154674e-02 8.111308e+07 3.49705602e-06 3.030019e-01
2.154674e-02 1.023531e+08 3.70997224e-06 3.467680e-01
2.154674e-02 1.291550e+08 3.93669805e-06 3.968559e-01
2.154674e-02 1.629751e+08 4.29245924e-06 4.603477e-01
2.154674e-02 2.056512e+08 4.55675639e-06 5.268411e-01
2.154674e-02 2.595024e+08 4.83838184e-06 6.029391e-01
2.154674e-02 3.274549e+08 5.13853679e-06 6.900288e-01
2.154674e-02 4.132012e+08 5.45850883e-06 7.896978e-01
2.154674e-02 5.214008e+08 5.79967847e-06 9.037633e-01
2.154674e-02 6.579332e+08 6.16352499e-06 1.034305e+00
2.154674e-02 8.302176e+08 6.55163406e-06 1.183701e+00
2.154674e-02 1.047616e+09 6.96570461e-06 1.354678e+00
2.154674e-02 1.321941e+09 7.40755635e-06 1.550350e+00
2.154674e-02 1.668101e+09 7.87913852e-06 1.774285e+00
2.154674e-02 2.104904e+09 8.38253720e-06 2.030566e+00
2.154674e-02 2.656088e+09 8.91998503e-06 2.323865e+00
2.154674e-02 3.351603e+09 9.49386972e-06 2.659529e+00
2.154674e-02 4.229243e+09 1.01067427e-05 3.043676e+00
2.154674e-02 5.336699e+09 1.07613300e-05 3.483310e+00
2.154674e-02 6.734151e+09 1.14605395e-05 3.986446e+00
2.154674e-02 8.497534e+09 1.22074716e-05 4.562256e+00
2.154674e-02 1.072267e+10 1.26591892e-05 5.151267e+00
2.154674e-02 1.353048e+10 1.34889837e-05 5.895326e+00
2.154674e-02 1.707353e+10 1.43754884e-05 6.746858e+00
2.154674e-02 2.154435e+10 1.53225474e-05 7.721387e+00
2.154674e-02 2.718588e+10 1.58993662e-05 8.718257e+00
2.154674e-02 3.430469e+10 1.69511845e-05 9.977539e+00
2.154674e-02 4.328761e+10 1.80744674e-05 1.141871e+01
2.154674e-02 5.462277e+10 1.92738157e-05 1.306805e+01
2.154674e-02 6.892612e+10 2.00068326e-05 1.475521e+01
2.154674e-02 8.697490e+10 2.13365464e-05 1.688648e+01
2.154674e-02 1.097499e+11 2.27548550e-05 1.932559e+01
2.154674e-02 1.384886e+11 2.36208611e-05 2.182063e+01
2.154674e-02 1.747528e+11 2.51890067e-05 2.497244e+01
2.154674e-02 2.205131e+11 2.68586270e-05 2.857950e+01
2.154674e-02 2.782559e+11 2.78724773e-05 3.226926e+01
2.154674e-02 3.511192e+11 2.97099295e-05 3.693030e+01
2.154674e-02 4.430621e+11 3.16605290e-05 4.226458e+01
2.154674e-02 5.590810e+11 3.28305529e-05 4.772115e+01
2.154674e-02 7.054802e+11 3.49612776e-05 5.461409e+01
2.154674e-02 8.902151e+11 3.62219549e-05 6.166505e+01
2.154674e-02 1.123324e+12 3.85326292e-05 7.057206e+01
2.154674e-02 1.417474e+12 4.09630763e-05 8.076563e+01
2.154674e-02 1.788650e+12 4.23538036e-05 9.119288e+01
2.154674e-02 2.257020e+12 4.49475553e-05 1.043650e+02
2.154674e-02 2.848036e+12 4.63797249e-05 1.178390e+02
2.154674e-02 3.593814e+12 4.91042218e-05 1.348599e+02
2.154674e-02 4.534879e+12 5.19123827e-05 1.543393e+02
2.154674e-02 5.722368e+12 5.33291568e-05 1.742653e+02
2.154674e-02 7.220809e+12 5.61722365e-05 1.994365e+02
2.154674e-02 9.111628e+12 5.74607603e-05 2.251848e+02
2.154674e-02 1.149757e+13 6.02279408e-05 2.577109e+02
2.154674e-02 1.450829e+13 6.12614893e-05 2.909827e+02
2.154674e-02 1.830738e+13 6.37930591e-05 3.330128e+02
2.154674e-02 2.310130e+13 6.43994146e-05 3.760065e+02
2.154674e-02 2.915053e+13 6.64777769e-05 4.303176e+02
2.154674e-02 3.678380e+13 6.64356362e-05 4.858738e+02
2.154674e-02 4.641589e+13 6.77832278e-05 5.560543e+02
2.154674e-02 5.857021e+13 6.86575327e-05 6.363718e+02
2.154674e-02 7.390722e+13 6.71233827e-05 7.185307e+02
2.154674e-02 9.326033e+13 6.67610755e-05 8.223166e+02
2.154674e-02 1.176812e+14 6.39002316e-05 9.284819e+02
2.154674e-02 1.484968e+14 6.20053006e-05 1.062594e+03
2.154674e-02 1.873817e+14 5.76631499e-05 1.199780e+03
2.154674e-02 2.364489e+14 5.41010796e-05 1.373078e+03
2.154674e-02 2.983647e+14 4.83682128e-05 1.550350e+03
2.154674e-02 3.764936e+14 4.33306420e-05 1.774285e+03
2.154674e-02 4.750810e+14 3.66914835e-05 2.003355e+03
2.154674e-02 5.994843e+14 3.08323524e-05 2.292723e+03
2.154674e-02 7.564633e+14 2.42067162e-05 2.588725e+03
2.154674e-02 9.545485e+14 1.86032707e-05 2.962645e+03
2.154674e-02 1.204504e+15 1.31430224e-05 3.345138e+03
2.154674e-02 1.519911e+15 8.90877430e-06 3.828316e+03
2.154674e-02 1.917910e+15 5.41217395e-06 4.322572e+03
2.154674e-02 2.420128e+15 3.05922574e-06 4.946932e+03
2.154674e-02 3.053856e+15 1.49674179e-06 5.585606e+03
2.154674e-02 3.853529e+15 6.54853628e-07 6.392402e+03
2.154674e-02 4.862602e+15 2.36046111e-07 7.217694e+03
2.154674e-02 6.135907e+15 7.11564228e-08 8.260231e+03
2.154674e-02 7.742637e+15 1.65691708e-08 9.453354e+03
2.154674e-02 9.770100e+15 2.71652278e-09 1.067383e+04
2.154674e-02 1.232847e+16 3.06432148e-10 1.221558e+04
2.154674e-02 1.555676e+16 2.06577262e-11 1.379267e+04
2.154674e-02 1.963041e+16 7.96768583e-13 1.578491e+04
2.154674e-02 2.477076e+16 1.48889308e-14 1.782283e+04
2.154674e-02 3.125716e+16 1.24294785e-16 2.039719e+04
2.154674e-02 3.944206e+16 3.70729459e-19 2.303057e+04
2.154674e-02 4.977024e+16 3.34998677e-22 2.635715e+04
2.154674e-02 6.280291e+16 6.70219079e-26 3.016423e+04
2.154674e-02 7.924829e+16 1.98311392e-30 3.405858e+04
2.154674e-02 1.000000e+17 5.58931165e-36 3.897807e+04
2.310410e-02 1.261857e+07 2.42578735e-06 1.043650e-01
2.310410e-02 1.592283e+07 2.63945877e-06 1.210620e-01
2.310410e-02 2.009233e+07 2.79605915e-06 1.385484e-01
2.310410e-02 2.535364e+07 3.04358470e-06 1.607144e-01
2.310410e-02 3.199267e+07 3.22548650e-06 1.839282e-01
2.310410e-02 4.037017e+07 3.41897033e-06 2.104952e-01
2.310410e-02 5.094138e+07 3.72396123e-06 2.441717e-01
2.310410e-02 6.428073e+07 3.94900632e-06 2.794403e-01
2.310410e-02 8.111308e+07 4.18854069e-06 3.198032e-01
2.310410e-02 1.023531e+08 4.56508857e-06 3.709676e-01
2.310410e-02 1.291550e+08 4.84406842e-06 4.245508e-01
2.310410e-02 1.629751e+08 5.14120797e-06 4.858738e-01
2.310410e-02 2.056512e+08 5.45775888e-06 5.560543e-01
2.310410e-02 2.595024e+08 5.79506314e-06 6.363718e-01
2.310410e-02 3.274549e+08 6.15455925e-06 7.282906e-01
2.310410e-02 4.132012e+08 6.53778916e-06 8.334862e-01
2.310410e-02 5.214008e+08 6.94640606e-06 9.538766e-01
2.310410e-02 6.579332e+08 7.38218137e-06 1.091656e+00
2.310410e-02 8.302176e+08 7.84701392e-06 1.249337e+00
2.310410e-02 1.047616e+09 8.34293809e-06 1.429794e+00
2.310410e-02 1.321941e+09 8.87213291e-06 1.636316e+00
2.310410e-02 1.668101e+09 9.43693242e-06 1.872669e+00
2.310410e-02 2.104904e+09 1.00398345e-05 2.143160e+00
2.310410e-02 2.656088e+09 1.06835123e-05 2.452723e+00
2.310410e-02 3.351603e+09 1.13708249e-05 2.806999e+00
2.310410e-02 4.229243e+09 1.21048271e-05 3.212447e+00
2.310410e-02 5.336699e+09 1.28887825e-05 3.676459e+00
2.310410e-02 6.734151e+09 1.33607458e-05 4.151108e+00
2.310410e-02 8.497534e+09 1.42314674e-05 4.750702e+00
2.310410e-02 1.072267e+10 1.51616610e-05 5.436903e+00
2.310410e-02 1.353048e+10 1.61554163e-05 6.222219e+00
2.310410e-02 1.707353e+10 1.72170763e-05 7.120968e+00
2.310410e-02 2.154435e+10 1.78626838e-05 8.040322e+00
2.310410e-02 2.718588e+10 1.90419668e-05 9.201681e+00
2.310410e-02 3.430469e+10 2.03015565e-05 1.053079e+01
2.310410e-02 4.328761e+10 2.10704162e-05 1.189037e+01
2.310410e-02 5.462277e+10 2.24683989e-05 1.360784e+01
2.310410e-02 6.892612e+10 2.39606207e-05 1.557338e+01
2.310410e-02 8.697490e+10 2.48726099e-05 1.758398e+01
2.310410e-02 1.097499e+11 2.65257238e-05 2.012384e+01
2.310410e-02 1.384886e+11 2.82880644e-05 2.303057e+01
2.310410e-02 1.747528e+11 2.93626331e-05 2.600393e+01
2.310410e-02 2.205131e+11 3.13085203e-05 2.975999e+01
2.310410e-02 2.782559e+11 3.33785428e-05 3.405858e+01
2.310410e-02 3.511192e+11 3.46312750e-05 3.845572e+01
2.310410e-02 4.430621e+11 3.69044109e-05 4.401034e+01
2.310410e-02 5.590810e+11 3.82675750e-05 4.969230e+01
2.310410e-02 7.054802e+11 4.07504112e-05 5.686995e+01
2.310410e-02 8.902151e+11 4.33737072e-05 6.508435e+01
2.310410e-02 1.123324e+12 4.49112281e-05 7.348707e+01
2.310410e-02 1.417474e+12 4.77428471e-05 8.410168e+01
2.310410e-02 1.788650e+12 4.93624395e-05 9.495964e+01
2.310410e-02 2.257020e+12 5.23838712e-05 1.086758e+02
2.310410e-02 2.848036e+12 5.40512508e-05 1.227064e+02
2.310410e-02 3.593814e+12 5.72243780e-05 1.404303e+02
2.310410e-02 4.534879e+12 6.04945597e-05 1.607144e+02
2.310410e-02 5.722368e+12 6.21428896e-05 1.814634e+02
2.310410e-02 7.220809e+12 6.54527447e-05 2.076743e+02
2.310410e-02 9.111628e+12 6.69506426e-05 2.344861e+02
2.310410e-02 1.149757e+13 7.01707592e-05 2.683558e+02
2.310410e-02 1.450829e+13 7.13703334e-05 3.030019e+02
2.310410e-02 1.830738e+13 7.43143184e-05 3.467680e+02
2.310410e-02 2.310130e+13 7.50146971e-05 3.915376e+02
2.310410e-02 2.915053e+13 7.74287601e-05 4.480920e+02
2.310410e-02 3.678380e+13 7.73719881e-05 5.059430e+02
2.310410e-02 4.641589e+13 7.89326321e-05 5.790223e+02
2.310410e-02 5.857021e+13 7.78125370e-05 6.537771e+02
2.310410e-02 7.390722e+13 7.81435308e-05 7.482099e+02
2.310410e-02 9.326033e+13 7.56406262e-05 8.448076e+02
2.310410e-02 1.176812e+14 7.43661763e-05 9.668332e+02
2.310410e-02 1.484968e+14 7.02255822e-05 1.091656e+03
2.310410e-02 1.873817e+14 6.70786172e-05 1.249337e+03
2.310410e-02 2.364489e+14 6.29185139e-05 1.429794e+03
2.310410e-02 2.983647e+14 5.62345817e-05 1.614388e+03
2.310410e-02 3.764936e+14 5.03606073e-05 1.847573e+03
2.310410e-02 4.750810e+14 4.26277002e-05 2.086104e+03
2.310410e-02 5.994843e+14 3.58045955e-05 2.387425e+03
2.310410e-02 7.564633e+14 2.80959508e-05 2.695653e+03
2.310410e-02 9.545485e+14 2.15793262e-05 3.085019e+03
2.310410e-02 1.204504e+15 1.52350213e-05 3.483310e+03
2.310410e-02 1.519911e+15 1.03184786e-05 3.986446e+03
2.310410e-02 1.917910e+15 6.26268521e-06 4.501117e+03
2.310410e-02 2.420128e+15 3.53607707e-06 5.151267e+03
2.310410e-02 3.053856e+15 1.72780899e-06 5.816322e+03
2.310410e-02 3.853529e+15 7.54801780e-07 6.656443e+03
2.310410e-02 4.862602e+15 2.71584754e-07 7.515823e+03
2.310410e-02 6.135907e+15 8.16948003e-08 8.601423e+03
2.310410e-02 7.742637e+15 1.84692737e-08 9.711911e+03
2.310410e-02 9.770100e+15 3.10127281e-09 1.111472e+04
2.310410e-02 1.232847e+16 3.39250359e-10 1.254968e+04
2.310410e-02 1.555676e+16 2.33897283e-11 1.436238e+04
2.310410e-02 1.963041e+16 8.73345200e-13 1.621664e+04
2.310410e-02 2.477076e+16 1.66563001e-14 1.855900e+04
2.310410e-02 3.125716e+16 1.37951799e-16 2.123970e+04
2.310410e-02 3.944206e+16 4.07556336e-19 2.398186e+04
2.310410e-02 4.977024e+16 3.64058831e-22 2.744584e+04
2.310410e-02 6.280291e+16 6.99140213e-26 3.098924e+04
2.310410e-02 7.924829e+16 2.08942550e-30 3.546539e+04
2.310410e-02 1.000000e+17 5.61384497e-36 4.004415e+04
2.477401e-02 1.261857e+07 2.98549263e-06 1.116482e-01
2.477401e-02 1.592283e+07 3.24846354e-06 1.295104e-01
2.477401e-02 2.009233e+07 3.44119501e-06 1.482171e-01
2.477401e-02 2.535364e+07 3.64610663e-06 1.696259e-01
2.477401e-02 3.199267e+07 3.96970031e-06 1.967639e-01
2.477401e-02 4.037017e+07 4.20782403e-06 2.251848e-01
2.477401e-02 5.094138e+07 4.46116571e-06 2.577109e-01
2.477401e-02 6.428073e+07 4.86014772e-06 2.989413e-01
2.477401e-02 8.111308e+07 5.15494500e-06 3.421210e-01
2.477401e-02 1.023531e+08 5.46879164e-06 3.915376e-01
2.477401e-02 1.291550e+08 5.80299269e-06 4.480920e-01
2.477401e-02 1.629751e+08 6.15894711e-06 5.128153e-01
2.477401e-02 2.056512e+08 6.53815410e-06 5.868873e-01
2.477401e-02 2.595024e+08 6.94222110e-06 6.716584e-01
2.477401e-02 3.274549e+08 7.57452475e-06 7.791150e-01
2.477401e-02 4.132012e+08 8.04616075e-06 8.916518e-01
2.477401e-02 5.214008e+08 8.54903838e-06 1.020444e+00
2.477401e-02 6.579332e+08 8.84346189e-06 1.152188e+00
2.477401e-02 8.302176e+08 9.40028896e-06 1.318612e+00
2.477401e-02 1.047616e+09 9.99435833e-06 1.509075e+00
2.477401e-02 1.321941e+09 1.06282797e-05 1.727049e+00
2.477401e-02 1.668101e+09 1.13048484e-05 1.976507e+00
2.477401e-02 2.104904e+09 1.20270557e-05 2.261998e+00
2.477401e-02 2.656088e+09 1.27981032e-05 2.588725e+00
2.477401e-02 3.351603e+09 1.36214145e-05 2.962645e+00
2.477401e-02 4.229243e+09 1.41146024e-05 3.345138e+00
2.477401e-02 5.336699e+09 1.50286652e-05 3.828316e+00
2.477401e-02 6.734151e+09 1.60050228e-05 4.381286e+00
2.477401e-02 8.497534e+09 1.70480014e-05 5.014127e+00
2.477401e-02 1.072267e+10 1.81622068e-05 5.738377e+00
2.477401e-02 1.353048e+10 1.88373204e-05 6.479231e+00
2.477401e-02 1.707353e+10 2.00751169e-05 7.415103e+00
2.477401e-02 2.154435e+10 2.13974324e-05 8.486155e+00
2.477401e-02 2.718588e+10 2.22026759e-05 9.581761e+00
2.477401e-02 3.430469e+10 2.36711819e-05 1.096577e+01
2.477401e-02 4.328761e+10 2.52394170e-05 1.254968e+01
2.477401e-02 5.462277e+10 2.61972777e-05 1.416991e+01
2.477401e-02 6.892612e+10 2.79369117e-05 1.621664e+01
2.477401e-02 8.697490e+10 2.97931495e-05 1.855900e+01
2.477401e-02 1.097499e+11 3.09270990e-05 2.095507e+01
2.477401e-02 1.384886e+11 3.29815018e-05 2.398186e+01
2.477401e-02 1.747528e+11 3.51702767e-05 2.744584e+01
2.477401e-02 2.205131e+11 3.65021939e-05 3.098924e+01
2.477401e-02 2.782559e+11 3.89150586e-05 3.546539e+01
2.477401e-02 3.511192e+11 4.03749636e-05 4.004415e+01
2.477401e-02 4.430621e+11 4.30243863e-05 4.582820e+01
2.477401e-02 5.590810e+11 4.58329892e-05 5.244771e+01
2.477401e-02 7.054802e+11 4.75063694e-05 5.921898e+01
2.477401e-02 8.902151e+11 5.05634779e-05 6.777268e+01
2.477401e-02 1.123324e+12 5.23546169e-05 7.652248e+01
2.477401e-02 1.417474e+12 5.56540847e-05 8.757554e+01
2.477401e-02 1.788650e+12 5.75404070e-05 9.888199e+01
2.477401e-02 2.257020e+12 6.10604887e-05 1.131647e+02
2.477401e-02 2.848036e+12 6.47250223e-05 1.295104e+02
2.477401e-02 3.593814e+12 6.66979236e-05 1.462309e+02
2.477401e-02 4.534879e+12 7.05065399e-05 1.673527e+02
2.477401e-02 5.722368e+12 7.24243329e-05 1.889588e+02
2.477401e-02 7.220809e+12 7.62779139e-05 2.162524e+02
2.477401e-02 9.111628e+12 7.80191527e-05 2.441717e+02
2.477401e-02 1.149757e+13 8.17665270e-05 2.794403e+02
2.477401e-02 1.450829e+13 8.31585729e-05 3.155175e+02
2.477401e-02 1.830738e+13 8.65821520e-05 3.610914e+02
2.477401e-02 2.310130e+13 8.73906609e-05 4.077102e+02
2.477401e-02 2.915053e+13 9.01943769e-05 4.666006e+02
2.477401e-02 3.678380e+13 9.01186208e-05 5.268411e+02
2.477401e-02 4.641589e+13 9.19253816e-05 6.029391e+02
2.477401e-02 5.857021e+13 9.06087589e-05 6.807816e+02
2.477401e-02 7.390722e+13 9.09804653e-05 7.791150e+02
2.477401e-02 9.326033e+13 8.80514404e-05 8.797027e+02
2.477401e-02 1.176812e+14 8.65512806e-05 1.006769e+03
2.477401e-02 1.484968e+14 8.17144972e-05 1.136748e+03
2.477401e-02 1.873817e+14 7.80334665e-05 1.300942e+03
2.477401e-02 2.364489e+14 7.12253921e-05 1.468900e+03
2.477401e-02 2.983647e+14 6.53792433e-05 1.681071e+03
2.477401e-02 3.764936e+14 5.69705000e-05 1.898105e+03
2.477401e-02 4.750810e+14 4.95208288e-05 2.172271e+03
2.477401e-02 5.994843e+14 4.04675581e-05 2.452723e+03
2.477401e-02 7.564633e+14 3.26054153e-05 2.806999e+03
2.477401e-02 9.545485e+14 2.43605180e-05 3.169396e+03
2.477401e-02 1.204504e+15 1.76557950e-05 3.627190e+03
2.477401e-02 1.519911e+15 1.16296039e-05 4.095479e+03
2.477401e-02 1.917910e+15 7.24417993e-06 4.687038e+03
2.477401e-02 2.420128e+15 3.97664934e-06 5.292158e+03
2.477401e-02 3.053856e+15 1.99345691e-06 6.056568e+03
2.477401e-02 3.853529e+15 8.46283568e-07 6.838501e+03
2.477401e-02 4.862602e+15 3.12225833e-07 7.826267e+03
2.477401e-02 6.135907e+15 9.12098382e-08 8.836679e+03
2.477401e-02 7.742637e+15 2.11261515e-08 1.011307e+04
2.477401e-02 9.770100e+15 3.53565102e-09 1.157382e+04
2.477401e-02 1.232847e+16 3.85218338e-10 1.306805e+04
2.477401e-02 1.555676e+16 2.64303838e-11 1.495563e+04
2.477401e-02 1.963041e+16 9.81109263e-13 1.688648e+04
2.477401e-02 2.477076e+16 1.85797347e-14 1.932559e+04
2.477401e-02 3.125716e+16 1.48515764e-16 2.182063e+04
2.477401e-02 3.944206e+16 4.46168367e-19 2.497244e+04
2.477401e-02 4.977024e+16 3.83167797e-22 2.819651e+04
2.477401e-02 6.280291e+16 7.44708538e-26 3.226926e+04
2.477401e-02 7.924829e+16 2.12712263e-30 3.643539e+04
2.477401e-02 1.000000e+17 5.74131233e-36 4.169819e+04
2.656463e-02 1.261857e+07 3.67508501e-06 1.194396e-01
2.656463e-02 1.592283e+07 3.89233719e-06 1.366917e-01
2.656463e-02 2.009233e+07 4.23604237e-06 1.585606e-01
2.656463e-02 2.535364e+07 4.48828219e-06 1.814634e-01
2.656463e-02 3.199267e+07 4.75652202e-06 2.076743e-01
2.656463e-02 4.037017e+07 5.17973849e-06 2.408995e-01
2.656463e-02 5.094138e+07 5.49159264e-06 2.756955e-01
2.656463e-02 6.428073e+07 5.82344987e-06 3.155175e-01
2.656463e-02 8.111308e+07 6.17667197e-06 3.610914e-01
2.656463e-02 1.023531e+08 6.55271789e-06 4.132482e-01
2.656463e-02 1.291550e+08 6.95315117e-06 4.729385e-01
2.656463e-02 1.629751e+08 7.58148683e-06 5.486025e-01
2.656463e-02 2.056512e+08 8.04826988e-06 6.278437e-01
2.656463e-02 2.595024e+08 8.54565270e-06 7.185307e-01
2.656463e-02 3.274549e+08 9.07575587e-06 8.223166e-01
2.656463e-02 4.132012e+08 9.64085240e-06 9.410936e-01
2.656463e-02 5.214008e+08 1.02433792e-05 1.077027e+00
2.656463e-02 6.579332e+08 1.05961350e-05 1.216077e+00
2.656463e-02 8.302176e+08 1.12632960e-05 1.391729e+00
2.656463e-02 1.047616e+09 1.19750754e-05 1.592753e+00
2.656463e-02 1.321941e+09 1.27345993e-05 1.822813e+00
2.656463e-02 1.668101e+09 1.35452159e-05 2.086104e+00
2.656463e-02 2.104904e+09 1.44105085e-05 2.387425e+00
2.656463e-02 2.656088e+09 1.53343115e-05 2.732269e+00
2.656463e-02 3.351603e+09 1.58862251e-05 3.085019e+00
2.656463e-02 4.229243e+09 1.69115872e-05 3.530625e+00
2.656463e-02 5.336699e+09 1.80067141e-05 4.040595e+00
2.656463e-02 6.734151e+09 1.91764654e-05 4.624226e+00
2.656463e-02 8.497534e+09 1.98822277e-05 5.221237e+00
2.656463e-02 1.072267e+10 2.11815670e-05 5.975403e+00
2.656463e-02 1.353048e+10 2.25696627e-05 6.838501e+00
2.656463e-02 1.707353e+10 2.40525744e-05 7.826267e+00
2.656463e-02 2.154435e+10 2.49542045e-05 8.836679e+00
2.656463e-02 2.718588e+10 2.66013238e-05 1.011307e+01
2.656463e-02 3.430469e+10 2.83605563e-05 1.157382e+01
2.656463e-02 4.328761e+10 2.94341828e-05 1.306805e+01
2.656463e-02 5.462277e+10 3.13865733e-05 1.495563e+01
2.656463e-02 6.892612e+10 3.25794238e-05 1.688648e+01
2.656463e-02 8.697490e+10 3.47437823e-05 1.932559e+01
2.656463e-02 1.097499e+11 3.70521930e-05 2.211702e+01
2.656463e-02 1.384886e+11 3.84610653e-05 2.497244e+01
2.656463e-02 1.747528e+11 4.10129607e-05 2.857950e+01
2.656463e-02 2.205131e+11 4.37297528e-05 3.270758e+01
2.656463e-02 2.782559e+11 4.53785303e-05 3.693030e+01
2.656463e-02 3.511192e+11 4.83678160e-05 4.226458e+01
2.656463e-02 4.430621e+11 5.01686563e-05 4.772115e+01
2.656463e-02 5.590810e+11 5.34425851e-05 5.461409e+01
2.656463e-02 7.054802e+11 5.53926093e-05 6.166505e+01
2.656463e-02 8.902151e+11 5.89558306e-05 7.057206e+01
2.656463e-02 1.123324e+12 6.10426945e-05 7.968328e+01
2.656463e-02 1.417474e+12 6.48878795e-05 9.119288e+01
2.656463e-02 1.788650e+12 6.89199368e-05 1.043650e+02
2.656463e-02 2.257020e+12 7.11866931e-05 1.178390e+02
2.656463e-02 2.848036e+12 7.54561520e-05 1.348599e+02
2.656463e-02 3.593814e+12 7.77529812e-05 1.522710e+02
2.656463e-02 4.534879e+12 8.21891764e-05 1.742653e+02
2.656463e-02 5.722368e+12 8.44205564e-05 1.967639e+02
2.656463e-02 7.220809e+12 8.89075705e-05 2.251848e+02
2.656463e-02 9.111628e+12 9.09316079e-05 2.542573e+02
2.656463e-02 1.149757e+13 9.52927943e-05 2.909827e+02
2.656463e-02 1.450829e+13 9.69079073e-05 3.285501e+02
2.656463e-02 1.830738e+13 1.00889191e-04 3.760065e+02
2.656463e-02 2.310130e+13 1.01821922e-04 4.245508e+02
2.656463e-02 2.915053e+13 1.05077836e-04 4.858738e+02
2.656463e-02 3.678380e+13 1.04977530e-04 5.486025e+02
2.656463e-02 4.641589e+13 1.07068433e-04 6.278437e+02
2.656463e-02 5.857021e+13 1.05519709e-04 7.089016e+02
2.656463e-02 7.390722e+13 1.05935417e-04 8.112967e+02
2.656463e-02 9.326033e+13 1.02506216e-04 9.160392e+02
2.656463e-02 1.176812e+14 1.00739016e-04 1.048354e+03
2.656463e-02 1.484968e+14 9.50871854e-05 1.183701e+03
2.656463e-02 1.873817e+14 9.07797163e-05 1.354678e+03
2.656463e-02 2.364489e+14 8.28346461e-05 1.529573e+03
2.656463e-02 2.983647e+14 7.60095173e-05 1.750508e+03
2.656463e-02 3.764936e+14 6.62075726e-05 1.976507e+03
2.656463e-02 4.750810e+14 5.75241398e-05 2.261998e+03
2.656463e-02 5.994843e+14 4.69834155e-05 2.554033e+03
2.656463e-02 7.564633e+14 3.78327878e-05 2.922943e+03
2.656463e-02 9.545485e+14 2.82465686e-05 3.300310e+03
2.656463e-02 1.204504e+15 2.04559254e-05 3.777013e+03
2.656463e-02 1.519911e+15 1.34614692e-05 4.264644e+03
2.656463e-02 1.917910e+15 8.37615270e-06 4.880638e+03
2.656463e-02 2.420128e+15 4.59219064e-06 5.510753e+03
2.656463e-02 3.053856e+15 2.29858835e-06 6.306737e+03
2.656463e-02 3.853529e+15 9.74109726e-07 7.120968e+03
2.656463e-02 4.862602e+15 3.58640953e-07 8.149535e+03
2.656463e-02 6.135907e+15 1.04510709e-07 9.201681e+03
2.656463e-02 7.742637e+15 2.41354136e-08 1.053079e+04
2.656463e-02 9.770100e+15 3.91774521e-09 1.189037e+04
2.656463e-02 1.232847e+16 4.36635985e-10 1.360784e+04
2.656463e-02 1.555676e+16 2.90089125e-11 1.536468e+04
2.656463e-02 1.963041e+16 1.09932725e-12 1.758398e+04
2.656463e-02 2.477076e+16 2.01108554e-14 1.985416e+04
2.656463e-02 3.125716e+16 1.63647405e-16 2.272193e+04
2.656463e-02 3.944206e+16 4.73294171e-19 2.565545e+04
2.656463e-02 4.977024e+16 4.12063052e-22 2.936118e+04
2.656463e-02 6.280291e+16 7.88061774e-26 3.360216e+04
2.656463e-02 7.924829e+16 2.20717028e-30 3.794037e+04
2.656463e-02 1.000000e+17 5.81558957e-36 4.342055e+04
2.848467e-02 1.261857e+07 4.52493970e-06 1.277748e-01
2.848467e-02 1.592283e+07 4.79242884e-06 1.462309e-01
2.848467e-02 2.009233e+07 5.21561227e-06 1.696259e-01
2.848467e-02 2.535364e+07 5.52617860e-06 1.941270e-01
2.848467e-02 3.199267e+07 5.85644416e-06 2.221671e-01
2.848467e-02 4.037017e+07 6.20773660e-06 2.542573e-01
2.848467e-02 5.094138e+07 6.58147797e-06 2.909827e-01
2.848467e-02 6.428073e+07 6.97919120e-06 3.330128e-01
2.848467e-02 8.111308e+07 7.60497240e-06 3.862905e-01
2.848467e-02 1.023531e+08 8.06796745e-06 4.420871e-01
2.848467e-02 1.291550e+08 8.56098739e-06 5.059430e-01
2.848467e-02 1.629751e+08 9.08609547e-06 5.790223e-01
2.848467e-02 2.056512e+08 9.64550273e-06 6.626574e-01
2.848467e-02 2.595024e+08 1.02415798e-05 7.583729e-01
2.848467e-02 3.274549e+08 1.08768675e-05 8.679137e-01
2.848467e-02 4.132012e+08 1.15540895e-05 9.932768e-01
2.848467e-02 5.214008e+08 1.19493420e-05 1.121514e+00
2.848467e-02 6.579332e+08 1.26988999e-05 1.283508e+00
2.848467e-02 8.302176e+08 1.34984273e-05 1.468900e+00
2.848467e-02 1.047616e+09 1.43514210e-05 1.681071e+00
2.848467e-02 1.321941e+09 1.52616265e-05 1.923888e+00
2.848467e-02 1.668101e+09 1.62330552e-05 2.201778e+00
2.848467e-02 2.104904e+09 1.68102273e-05 2.486038e+00
2.848467e-02 2.656088e+09 1.78878091e-05 2.845126e+00
2.848467e-02 3.351603e+09 1.90384158e-05 3.256082e+00
2.848467e-02 4.229243e+09 2.02671562e-05 3.726396e+00
2.848467e-02 5.336699e+09 2.10049852e-05 4.207493e+00
2.848467e-02 6.734151e+09 2.23694106e-05 4.815232e+00
2.848467e-02 8.497534e+09 2.38269077e-05 5.510753e+00
2.848467e-02 1.072267e+10 2.53839069e-05 6.306737e+00
2.848467e-02 1.353048e+10 2.63271745e-05 7.120968e+00
2.848467e-02 1.707353e+10 2.80567977e-05 8.149535e+00
2.848467e-02 2.154435e+10 2.99044725e-05 9.326669e+00
2.848467e-02 2.718588e+10 3.10294311e-05 1.053079e+01
2.848467e-02 3.430469e+10 3.30812526e-05 1.205188e+01
2.848467e-02 4.328761e+10 3.52723413e-05 1.379267e+01
2.848467e-02 5.462277e+10 3.66103186e-05 1.557338e+01
2.848467e-02 6.892612e+10 3.90406885e-05 1.782283e+01
2.848467e-02 8.697490e+10 4.05254424e-05 2.012384e+01
2.848467e-02 1.097499e+11 4.32174897e-05 2.303057e+01
2.848467e-02 1.384886e+11 4.60871861e-05 2.635715e+01
2.848467e-02 1.747528e+11 4.78360480e-05 2.975999e+01
2.848467e-02 2.205131e+11 5.10040552e-05 3.405858e+01
2.848467e-02 2.782559e+11 5.29262411e-05 3.845572e+01
2.848467e-02 3.511192e+11 5.64117290e-05 4.401034e+01
2.848467e-02 4.430621e+11 5.85109323e-05 4.969230e+01
2.848467e-02 5.590810e+11 6.23279521e-05 5.686995e+01
2.848467e-02 7.054802e+11 6.46007012e-05 6.421215e+01
2.848467e-02 8.902151e+11 6.87545193e-05 7.348707e+01
2.848467e-02 1.123324e+12 7.31332687e-05 8.410168e+01
2.848467e-02 1.417474e+12 7.56681358e-05 9.495964e+01
2.848467e-02 1.788650e+12 8.03674105e-05 1.086758e+02
2.848467e-02 2.257020e+12 8.30076608e-05 1.227064e+02
2.848467e-02 2.848036e+12 8.79825827e-05 1.404303e+02
2.848467e-02 3.593814e+12 9.06567328e-05 1.585606e+02
2.848467e-02 4.534879e+12 9.58245238e-05 1.814634e+02
2.848467e-02 5.722368e+12 9.84208514e-05 2.048913e+02
2.848467e-02 7.220809e+12 1.03645893e-04 2.344861e+02
2.848467e-02 9.111628e+12 1.05998558e-04 2.647595e+02
2.848467e-02 1.149757e+13 1.11074364e-04 3.030019e+02
2.848467e-02 1.450829e+13 1.12947921e-04 3.421210e+02
2.848467e-02 1.830738e+13 1.17577724e-04 3.915376e+02
2.848467e-02 2.310130e+13 1.18652995e-04 4.420871e+02
2.848467e-02 2.915053e+13 1.22433590e-04 5.059430e+02
2.848467e-02 3.678380e+13 1.22301626e-04 5.712628e+02
2.848467e-02 4.641589e+13 1.24720357e-04 6.537771e+02
2.848467e-02 5.857021e+13 1.22897256e-04 7.381830e+02
2.848467e-02 7.390722e+13 1.23359935e-04 8.448076e+02
2.848467e-02 9.326033e+13 1.19343268e-04 9.538766e+02
2.848467e-02 1.176812e+14 1.17259812e-04 1.091656e+03
2.848467e-02 1.484968e+14 1.10653349e-04 1.232595e+03
2.848467e-02 1.873817e+14 1.02799043e-04 1.391729e+03
2.848467e-02 2.364489e+14 9.63364147e-05 1.592753e+03
2.848467e-02 2.983647e+14 8.60136602e-05 1.798386e+03
2.848467e-02 3.764936e+14 7.69383121e-05 2.058148e+03
2.848467e-02 4.750810e+14 6.50363758e-05 2.323865e+03
2.848467e-02 5.994843e+14 5.45416243e-05 2.659529e+03
2.848467e-02 7.564633e+14 4.27223078e-05 3.002888e+03
2.848467e-02 9.545485e+14 3.27452986e-05 3.436630e+03
2.848467e-02 1.204504e+15 2.30627083e-05 3.880317e+03
2.848467e-02 1.519911e+15 1.55764254e-05 4.440797e+03
2.848467e-02 1.917910e+15 9.42309638e-06 5.014127e+03
2.848467e-02 2.420128e+15 5.30021604e-06 5.738377e+03
2.848467e-02 3.053856e+15 2.57821607e-06 6.479231e+03
2.848467e-02 3.853529e+15 1.12037982e-06 7.415103e+03
2.848467e-02 4.862602e+15 4.00617716e-07 8.372431e+03
2.848467e-02 6.135907e+15 1.19618297e-07 9.581761e+03
2.848467e-02 7.742637e+15 2.68035223e-08 1.081881e+04
2.848467e-02 9.770100e+15 4.45273951e-09 1.238151e+04
2.848467e-02 1.232847e+16 4.80815733e-10 1.398002e+04
2.848467e-02 1.555676e+16 3.26342663e-11 1.599932e+04
2.848467e-02 1.963041e+16 1.19566250e-12 1.806492e+04
2.848467e-02 2.477076e+16 2.22886626e-14 2.067425e+04
2.848467e-02 3.125716e+16 1.79594033e-16 2.366047e+04
2.848467e-02 3.944206e+16 5.13298754e-19 2.671516e+04
2.848467e-02 4.977024e+16 4.40548562e-22 3.057395e+04
2.848467e-02 6.280291e+16 8.06021709e-26 3.452120e+04
2.848467e-02 7.924829e+16 2.27076278e-30 3.950751e+04
2.848467e-02 1.000000e+17 5.67501482e-36 4.460813e+04
3.054349e-02 1.261857e+07 5.57260807e-06 1.366917e-01
3.054349e-02 1.592283e+07 5.90202671e-06 1.564357e-01
3.054349e-02 2.009233e+07 6.25218493e-06 1.790316e-01
3.054349e-02 2.535364e+07 6.62447055e-06 2.048913e-01
3.054349e-02 3.199267e+07 7.02036956e-06 2.344861e-01
3.054349e-02 4.037017e+07 7.64500332e-06 2.720009e-01
3.054349e-02 5.094138e+07 8.10526977e-06 3.112892e-01
3.054349e-02 6.428073e+07 8.59505671e-06 3.562524e-01
3.054349e-02 8.111308e+07 9.11637354e-06 4.077102e-01
3.054349e-02 1.023531e+08 9.67137303e-06 4.666006e-01
3.054349e-02 1.291550e+08 1.02623622e-05 5.339973e-01
3.054349e-02 1.629751e+08 1.08918138e-05 6.111289e-01
3.054349e-02 2.056512e+08 1.15623780e-05 6.994015e-01
3.054349e-02 2.595024e+08 1.22768960e-05 8.004244e-01
3.054349e-02 3.274549e+08 1.30384129e-05 9.160392e-01
3.054349e-02 4.132012e+08 1.34814645e-05 1.034305e+00
3.054349e-02 5.214008e+08 1.43239640e-05 1.183701e+00
3.054349e-02 6.579332e+08 1.52224442e-05 1.354678e+00
3.054349e-02 8.302176e+08 1.61808169e-05 1.550350e+00
3.054349e-02 1.047616e+09 1.72032727e-05 1.774285e+00
3.054349e-02 1.321941e+09 1.82942999e-05 2.030566e+00
3.054349e-02 1.668101e+09 1.89406638e-05 2.292723e+00
3.054349e-02 2.104904e+09 2.01505017e-05 2.623888e+00
3.054349e-02 2.656088e+09 2.14421294e-05 3.002888e+00
3.054349e-02 3.351603e+09 2.28212762e-05 3.436630e+00
3.054349e-02 4.229243e+09 2.36472917e-05 3.880317e+00
3.054349e-02 5.336699e+09 2.51783811e-05 4.440797e+00
3.054349e-02 6.734151e+09 2.68137704e-05 5.082234e+00
3.054349e-02 8.497534e+09 2.78003350e-05 5.738377e+00
3.054349e-02 1.072267e+10 2.96168169e-05 6.567239e+00
3.054349e-02 1.353048e+10 3.15573323e-05 7.515823e+00
3.054349e-02 1.707353e+10 3.27350143e-05 8.486155e+00
3.054349e-02 2.154435e+10 3.48905244e-05 9.711911e+00
3.054349e-02 2.718588e+10 3.71929454e-05 1.111472e+01
3.054349e-02 3.430469e+10 3.85963591e-05 1.254968e+01
3.054349e-02 4.328761e+10 4.11523614e-05 1.436238e+01
3.054349e-02 5.462277e+10 4.27129662e-05 1.621664e+01
3.054349e-02 6.892612e+10 4.55479760e-05 1.855900e+01
3.054349e-02 8.697490e+10 4.85727986e-05 2.123970e+01
3.054349e-02 1.097499e+11 5.04197537e-05 2.398186e+01
3.054349e-02 1.384886e+11 5.37669593e-05 2.744584e+01
3.054349e-02 1.747528e+11 5.58064201e-05 3.098924e+01
3.054349e-02 2.205131e+11 5.95013204e-05 3.546539e+01
3.054349e-02 2.782559e+11 6.17426626e-05 4.004415e+01
3.054349e-02 3.511192e+11 6.58075077e-05 4.582820e+01
3.054349e-02 4.430621e+11 6.82549313e-05 5.174486e+01
3.054349e-02 5.590810e+11 7.27059636e-05 5.921898e+01
3.054349e-02 7.054802e+11 7.74163009e-05 6.777268e+01
3.054349e-02 8.902151e+11 8.01984438e-05 7.652248e+01
3.054349e-02 1.123324e+12 8.53034954e-05 8.757554e+01
3.054349e-02 1.417474e+12 8.82573342e-05 9.888199e+01
3.054349e-02 1.788650e+12 9.37351156e-05 1.131647e+02
3.054349e-02 2.257020e+12 9.68107505e-05 1.277748e+02
3.054349e-02 2.848036e+12 1.02608541e-04 1.462309e+02
3.054349e-02 3.593814e+12 1.05722250e-04 1.651100e+02
3.054349e-02 4.534879e+12 1.11743033e-04 1.889588e+02
3.054349e-02 5.722368e+12 1.14764093e-04 2.133544e+02
3.054349e-02 7.220809e+12 1.20849132e-04 2.441717e+02
3.054349e-02 9.111628e+12 1.23583647e-04 2.756955e+02
3.054349e-02 1.149757e+13 1.29491486e-04 3.155175e+02
3.054349e-02 1.450829e+13 1.31664370e-04 3.562524e+02
3.054349e-02 1.830738e+13 1.33399684e-04 4.022464e+02
3.054349e-02 2.310130e+13 1.38286882e-04 4.603477e+02
3.054349e-02 2.915053e+13 1.38877714e-04 5.197809e+02
3.054349e-02 3.678380e+13 1.42503440e-04 5.948590e+02
3.054349e-02 4.641589e+13 1.41431849e-04 6.716584e+02
3.054349e-02 5.857021e+13 1.43152344e-04 7.686740e+02
3.054349e-02 7.390722e+13 1.39839649e-04 8.679137e+02
3.054349e-02 9.326033e+13 1.38957259e-04 9.932768e+02
3.054349e-02 1.176812e+14 1.32864909e-04 1.121514e+03
3.054349e-02 1.484968e+14 1.28773742e-04 1.283508e+03
3.054349e-02 1.873817e+14 1.19596640e-04 1.449215e+03
3.054349e-02 2.364489e+14 1.12039018e-04 1.658542e+03
3.054349e-02 2.983647e+14 9.99940038e-05 1.872669e+03
3.054349e-02 3.764936e+14 8.94030250e-05 2.143160e+03
3.054349e-02 4.750810e+14 7.55335824e-05 2.419853e+03
3.054349e-02 5.994843e+14 6.33070717e-05 2.769382e+03
3.054349e-02 7.564633e+14 4.95541000e-05 3.126923e+03
3.054349e-02 9.545485e+14 3.79514027e-05 3.578582e+03
3.054349e-02 1.204504e+15 2.67047076e-05 4.040595e+03
3.054349e-02 1.519911e+15 1.80168187e-05 4.624226e+03
3.054349e-02 1.917910e+15 1.08857488e-05 5.221237e+03
3.054349e-02 2.420128e+15 6.11391672e-06 5.975403e+03
3.054349e-02 3.053856e+15 2.96890399e-06 6.746858e+03
3.054349e-02 3.853529e+15 1.28754126e-06 7.721387e+03
3.054349e-02 4.862602e+15 4.59287861e-07 8.718257e+03
3.054349e-02 6.135907e+15 1.36745725e-07 9.977539e+03
3.054349e-02 7.742637e+15 3.05367926e-08 1.126569e+04
3.054349e-02 9.770100e+15 5.05206723e-09 1.289293e+04
3.054349e-02 1.232847e+16 5.42820448e-10 1.455747e+04
3.054349e-02 1.555676e+16 3.66212452e-11 1.666018e+04
3.054349e-02 1.963041e+16 1.33200243e-12 1.881109e+04
3.054349e-02 2.477076e+16 2.46131573e-14 2.152820e+04
3.054349e-02 3.125716e+16 1.91014029e-16 2.430761e+04
3.054349e-02 3.944206e+16 5.53774000e-19 2.781864e+04
3.054349e-02 4.977024e+16 4.55577712e-22 3.141017e+04
3.054349e-02 6.280291e+16 8.40513212e-26 3.594712e+04
3.054349e-02 7.924829e+16 2.25316696e-30 4.058807e+04
3.054349e-02 1.000000e+17 5.62625720e-36 4.645069e+04
3.275111e-02 1.261857e+07 6.68178354e-06 1.442712e-01
3.275111e-02 1.592283e+07 7.07676626e-06 1.651100e-01
3.275111e-02 2.009233e+07 7.49661566e-06 1.889588e-01
3.275111e-02 2.535364e+07 8.16024268e-06 2.191898e-01
3.275111e-02 3.199267e+07 8.64791800e-06 2.508500e-01
3.275111e-02 4.037017e+07 9.16663989e-06 2.870832e-01
3.275111e-02 5.094138e+07 9.71850771e-06 3.285501e-01
3.275111e-02 6.428073e+07 1.03057697e-05 3.760065e-01
3.275111e-02 8.111308e+07 1.09308349e-05 4.303176e-01
3.275111e-02 1.023531e+08 1.15962841e-05 4.924734e-01
3.275111e-02 1.291550e+08 1.23048831e-05 5.636072e-01
3.275111e-02 1.629751e+08 1.30595964e-05 6.450157e-01
3.275111e-02 2.056512e+08 1.38636008e-05 7.381830e-01
3.275111e-02 2.595024e+08 1.47203023e-05 8.448076e-01
3.275111e-02 3.274549e+08 1.52171508e-05 9.538766e-01
3.275111e-02 4.132012e+08 1.61645486e-05 1.091656e+00
3.275111e-02 5.214008e+08 1.71746856e-05 1.249337e+00
3.275111e-02 6.579332e+08 1.82519368e-05 1.429794e+00
3.275111e-02 8.302176e+08 1.94009909e-05 1.636316e+00
3.275111e-02 1.047616e+09 2.00777298e-05 1.847573e+00
3.275111e-02 1.321941e+09 2.13509910e-05 2.114440e+00
3.275111e-02 1.668101e+09 2.27098777e-05 2.419853e+00
3.275111e-02 2.104904e+09 2.41603908e-05 2.769382e+00
3.275111e-02 2.656088e+09 2.50245122e-05 3.126923e+00
3.275111e-02 3.351603e+09 2.66339677e-05 3.578582e+00
3.275111e-02 4.229243e+09 2.83526848e-05 4.095479e+00
3.275111e-02 5.336699e+09 2.93845989e-05 4.624226e+00
3.275111e-02 6.734151e+09 3.12930298e-05 5.292158e+00
3.275111e-02 8.497534e+09 3.33315944e-05 6.056568e+00
3.275111e-02 1.072267e+10 3.45639263e-05 6.838501e+00
3.275111e-02 1.353048e+10 3.68283399e-05 7.826267e+00
3.275111e-02 1.707353e+10 3.92473265e-05 8.956708e+00
3.275111e-02 2.154435e+10 4.07176751e-05 1.011307e+01
3.275111e-02 2.718588e+10 4.34042700e-05 1.157382e+01
3.275111e-02 3.430469e+10 4.50416540e-05 1.306805e+01
3.275111e-02 4.328761e+10 4.80240226e-05 1.495563e+01
3.275111e-02 5.462277e+10 5.12079846e-05 1.711585e+01
3.275111e-02 6.892612e+10 5.31524548e-05 1.932559e+01
3.275111e-02 8.697490e+10 5.66815856e-05 2.211702e+01
3.275111e-02 1.097499e+11 5.88360816e-05 2.497244e+01
3.275111e-02 1.384886e+11 6.27411036e-05 2.857950e+01
3.275111e-02 1.747528e+11 6.51199328e-05 3.226926e+01
3.275111e-02 2.205131e+11 6.94302741e-05 3.693030e+01
3.275111e-02 2.782559e+11 7.20442732e-05 4.169819e+01
3.275111e-02 3.511192e+11 7.67857547e-05 4.772115e+01
3.275111e-02 4.430621e+11 8.18178946e-05 5.461409e+01
3.275111e-02 5.590810e+11 8.48310748e-05 6.166505e+01
3.275111e-02 7.054802e+11 9.03245478e-05 7.057206e+01
3.275111e-02 8.902151e+11 9.35678588e-05 7.968328e+01
3.275111e-02 1.123324e+12 9.95207773e-05 9.119288e+01
3.275111e-02 1.417474e+12 1.02963336e-04 1.029663e+02
3.275111e-02 1.788650e+12 1.09349683e-04 1.178390e+02
3.275111e-02 2.257020e+12 1.12932927e-04 1.330526e+02
3.275111e-02 2.848036e+12 1.19690725e-04 1.522710e+02
3.275111e-02 3.593814e+12 1.23316552e-04 1.719300e+02
3.275111e-02 4.534879e+12 1.30332036e-04 1.967639e+02
3.275111e-02 5.722368e+12 1.33847420e-04 2.221671e+02
3.275111e-02 7.220809e+12 1.37182659e-04 2.508500e+02
3.275111e-02 9.111628e+12 1.44112866e-04 2.870832e+02
3.275111e-02 1.149757e+13 1.46969768e-04 3.241471e+02
3.275111e-02 1.450829e+13 1.53508927e-04 3.709676e+02
3.275111e-02 1.830738e+13 1.55516160e-04 4.188614e+02
3.275111e-02 2.310130e+13 1.61195162e-04 4.793625e+02
3.275111e-02 2.915053e+13 1.61863206e-04 5.412507e+02
3.275111e-02 3.678380e+13 1.66065335e-04 6.194299e+02
3.275111e-02 4.641589e+13 1.64790247e-04 6.994015e+02
3.275111e-02 5.857021e+13 1.66765017e-04 8.004244e+02
3.275111e-02 7.390722e+13 1.62873098e-04 9.037633e+02
3.275111e-02 9.326033e+13 1.61808654e-04 1.034305e+03
3.275111e-02 1.176812e+14 1.54674795e-04 1.167839e+03
3.275111e-02 1.484968e+14 1.49868603e-04 1.336523e+03
3.275111e-02 1.873817e+14 1.39142394e-04 1.509075e+03
3.275111e-02 2.364489e+14 1.30300871e-04 1.727049e+03
3.275111e-02 2.983647e+14 1.16242979e-04 1.950020e+03
3.275111e-02 3.764936e+14 1.01114733e-04 2.201778e+03
3.275111e-02 4.750810e+14 8.77158859e-05 2.519806e+03
3.275111e-02 5.994843e+14 7.15142381e-05 2.845126e+03
3.275111e-02 7.564633e+14 5.74667771e-05 3.256082e+03
3.275111e-02 9.545485e+14 4.28030068e-05 3.676459e+03
3.275111e-02 1.204504e+15 3.09115984e-05 4.207493e+03
3.275111e-02 1.519911e+15 2.02763895e-05 4.750702e+03
3.275111e-02 1.917910e+15 1.25690623e-05 5.436903e+03
3.275111e-02 2.420128e+15 6.86054388e-06 6.138835e+03
3.275111e-02 3.053856e+15 3.41624066e-06 7.025540e+03
3.275111e-02 3.853529e+15 1.43895580e-06 7.932573e+03
3.275111e-02 4.862602e+15 5.25981680e-07 9.078369e+03
3.275111e-02 6.135907e+15 1.51966821e-07 1.025043e+04
3.275111e-02 7.742637e+15 3.47360866e-08 1.173102e+04
3.275111e-02 9.770100e+15 5.56908000e-09 1.324556e+04
3.275111e-02 1.232847e+16 6.11451665e-10 1.515877e+04
3.275111e-02 1.555676e+16 3.98937632e-11 1.711585e+04
3.275111e-02 1.963041e+16 1.47909082e-12 1.958809e+04
3.275111e-02 2.477076e+16 2.63535062e-14 2.211702e+04
3.275111e-02 3.125716e+16 2.07739191e-16 2.531164e+04
3.275111e-02 3.944206e+16 5.78257334e-19 2.857950e+04
3.275111e-02 4.977024e+16 4.80720514e-22 3.270758e+04
3.275111e-02 6.280291e+16 8.46170112e-26 3.693030e+04
3.275111e-02 7.924829e+16 2.27418675e-30 4.226458e+04
3.275111e-02 1.000000e+17 5.36458721e-36 4.772115e+04
3.511830e-02 1.261857e+07 8.23301777e-06 1.543393e-01
3.511830e-02 1.592283e+07 8.71969436e-06 1.766324e-01
3.511830e-02 2.009233e+07 9.23700941e-06 2.021455e-01
3.511830e-02 2.535364e+07 9.78701294e-06 2.313438e-01
3.511830e-02 3.199267e+07 1.03718998e-05 2.647595e-01
3.511830e-02 4.037017e+07 1.09940206e-05 3.030019e-01
3.511830e-02 5.094138e+07 1.16558929e-05 3.467680e-01
3.511830e-02 6.428073e+07 1.23602126e-05 3.968559e-01
3.511830e-02 8.111308e+07 1.31098687e-05 4.541785e-01
3.511830e-02 1.023531e+08 1.39079559e-05 5.197809e-01
3.511830e-02 1.291550e+08 1.47577907e-05 5.948590e-01
3.511830e-02 1.629751e+08 1.56629280e-05 6.807816e-01
3.511830e-02 2.056512e+08 1.61845182e-05 7.686740e-01
3.511830e-02 2.595024e+08 1.71846100e-05 8.797027e-01
3.511830e-02 3.274549e+08 1.82504760e-05 1.006769e+00
3.511830e-02 4.132012e+08 1.93866829e-05 1.152188e+00
3.511830e-02 5.214008e+08 2.05981264e-05 1.318612e+00
3.511830e-02 6.579332e+08 2.18900518e-05 1.509075e+00
3.511830e-02 8.302176e+08 2.26486236e-05 1.703905e+00
3.511830e-02 1.047616e+09 2.40796393e-05 1.950020e+00
3.511830e-02 1.321941e+09 2.56066063e-05 2.231685e+00
3.511830e-02 1.668101e+09 2.65111478e-05 2.519806e+00
3.511830e-02 2.104904e+09 2.82043481e-05 2.883772e+00
3.511830e-02 2.656088e+09 3.00119852e-05 3.300310e+00
3.511830e-02 3.351603e+09 3.19420709e-05 3.777013e+00
3.511830e-02 4.229243e+09 3.30979109e-05 4.264644e+00
3.511830e-02 5.336699e+09 3.52405505e-05 4.880638e+00
3.511830e-02 6.734151e+09 3.65299750e-05 5.510753e+00
3.511830e-02 8.497534e+09 3.89094637e-05 6.306737e+00
3.511830e-02 1.072267e+10 4.14513005e-05 7.217694e+00
3.511830e-02 1.353048e+10 4.29907908e-05 8.149535e+00
3.511830e-02 1.707353e+10 4.58141961e-05 9.326669e+00
3.511830e-02 2.154435e+10 4.88301596e-05 1.067383e+01
3.511830e-02 2.718588e+10 5.06658125e-05 1.205188e+01
3.511830e-02 3.430469e+10 5.40146352e-05 1.379267e+01
3.511830e-02 4.328761e+10 5.60573243e-05 1.557338e+01
3.511830e-02 5.462277e+10 5.97732120e-05 1.782283e+01
3.511830e-02 6.892612e+10 6.20421589e-05 2.012384e+01
3.511830e-02 8.697490e+10 6.61606521e-05 2.303057e+01
3.511830e-02 1.097499e+11 6.86744584e-05 2.600393e+01
3.511830e-02 1.384886e+11 7.32313141e-05 2.975999e+01
3.511830e-02 1.747528e+11 7.80854193e-05 3.405858e+01
3.511830e-02 2.205131e+11 8.10360122e-05 3.845572e+01
3.511830e-02 2.782559e+11 8.63850541e-05 4.401034e+01
3.511830e-02 3.511192e+11 8.96172231e-05 4.969230e+01
3.511830e-02 4.430621e+11 9.54879769e-05 5.686995e+01
3.511830e-02 5.590810e+11 9.90020026e-05 6.421215e+01
3.511830e-02 7.054802e+11 1.05410136e-04 7.348707e+01
3.511830e-02 8.902151e+11 1.09191714e-04 8.297463e+01
3.511830e-02 1.123324e+12 1.16134670e-04 9.495964e+01
3.511830e-02 1.417474e+12 1.20147422e-04 1.072194e+02
3.511830e-02 1.788650e+12 1.27594376e-04 1.227064e+02
3.511830e-02 2.257020e+12 1.31769531e-04 1.385484e+02
3.511830e-02 2.848036e+12 1.35929789e-04 1.564357e+02
3.511830e-02 3.593814e+12 1.43870113e-04 1.790316e+02
3.511830e-02 4.534879e+12 1.47997902e-04 2.021455e+02
3.511830e-02 5.722368e+12 1.56136473e-04 2.313438e+02
3.511830e-02 7.220809e+12 1.60015406e-04 2.612114e+02
3.511830e-02 9.111628e+12 1.68085475e-04 2.989413e+02
3.511830e-02 1.149757e+13 1.71402242e-04 3.375362e+02
3.511830e-02 1.450829e+13 1.79010670e-04 3.862905e+02
3.511830e-02 1.830738e+13 1.81331304e-04 4.361626e+02
3.511830e-02 2.310130e+13 1.87929865e-04 4.991628e+02
3.511830e-02 2.915053e+13 1.88682800e-04 5.636072e+02
3.511830e-02 3.678380e+13 1.93551498e-04 6.450157e+02
3.511830e-02 4.641589e+13 1.92032382e-04 7.282906e+02
3.511830e-02 5.857021e+13 1.89123499e-04 8.223166e+02
3.511830e-02 7.390722e+13 1.89720644e-04 9.410936e+02
3.511830e-02 9.326033e+13 1.83418130e-04 1.062594e+03
3.511830e-02 1.176812e+14 1.80077380e-04 1.216077e+03
3.511830e-02 1.484968e+14 1.69783743e-04 1.373078e+03
3.511830e-02 1.873817e+14 1.61886277e-04 1.571408e+03
3.511830e-02 2.364489e+14 1.47504206e-04 1.774285e+03
3.511830e-02 2.983647e+14 1.35127371e-04 2.030566e+03
3.511830e-02 3.764936e+14 1.17479815e-04 2.292723e+03
3.511830e-02 4.750810e+14 1.01851151e-04 2.623888e+03
3.511830e-02 5.994843e+14 8.29812567e-05 2.962645e+03
3.511830e-02 7.564633e+14 6.66282269e-05 3.390576e+03
3.511830e-02 9.545485e+14 4.95810323e-05 3.828316e+03
3.511830e-02 1.204504e+15 3.57683265e-05 4.381286e+03
3.511830e-02 1.519911e+15 2.34329791e-05 4.946932e+03
3.511830e-02 1.917910e+15 1.41185484e-05 5.585606e+03
3.511830e-02 2.420128e+15 7.90361626e-06 6.392402e+03
3.511830e-02 3.053856e+15 3.82323293e-06 7.217694e+03
3.511830e-02 3.853529e+15 1.65055414e-06 8.260231e+03
3.511830e-02 4.862602e+15 5.85639459e-07 9.326669e+03
3.511830e-02 6.135907e+15 1.73258626e-07 1.067383e+04
3.511830e-02 7.742637e+15 3.83964866e-08 1.205188e+04
3.511830e-02 9.770100e+15 6.29423898e-09 1.379267e+04
3.511830e-02 1.232847e+16 6.68806401e-10 1.557338e+04
3.511830e-02 1.555676e+16 4.45178675e-11 1.782283e+04
3.511830e-02 1.963041e+16 1.59311832e-12 2.012384e+04
3.511830e-02 2.477076e+16 2.88669574e-14 2.303057e+04
3.511830e-02 3.125716e+16 2.18802955e-16 2.600393e+04
3.511830e-02 3.944206e+16 6.16566928e-19 2.975999e+04
3.511830e-02 4.977024e+16 4.90133449e-22 3.360216e+04
3.511830e-02 6.280291e+16 8.67448234e-26 3.845572e+04
3.511830e-02 7.924829e+16 2.21052009e-30 4.342055e+04
3.511830e-02 1.000000e+17 5.18734990e-36 4.969230e+04
3.765658e-02 1.261857e+07 9.87707640e-06 1.628974e-01
3.765658e-02 1.592283e+07 1.04609316e-05 1.864266e-01
3.765658e-02 2.009233e+07 1.10815419e-05 2.133544e-01
3.765658e-02 2.535364e+07 1.17413665e-05 2.441717e-01
3.765658e-02 3.199267e+07 1.24430381e-05 2.794403e-01
3.765658e-02 4.037017e+07 1.31893763e-05 3.198032e-01
3.765658e-02 5.094138e+07 1.39834011e-05 3.659962e-01
3.765658e-02 6.428073e+07 1.48283462e-05 4.188614e-01
3.765658e-02 8.111308e+07 1.57276768e-05 4.793625e-01
3.765658e-02 1.023531e+08 1.66851050e-05 5.486025e-01
3.765658e-02 1.291550e+08 1.77046090e-05 6.278437e-01
3.765658e-02 1.629751e+08 1.82902013e-05 7.089016e-01
3.765658e-02 2.056512e+08 1.94161575e-05 8.112967e-01
3.765658e-02 2.595024e+08 2.06159023e-05 9.284819e-01
3.765658e-02 3.274549e+08 2.18945461e-05 1.062594e+00
3.765658e-02 4.132012e+08 2.32575659e-05 1.216077e+00
3.765658e-02 5.214008e+08 2.40529662e-05 1.373078e+00
3.765658e-02 6.579332e+08 2.55615120e-05 1.571408e+00
3.765658e-02 8.302176e+08 2.71705883e-05 1.798386e+00
3.765658e-02 1.047616e+09 2.88872252e-05 2.058148e+00
3.765658e-02 1.321941e+09 2.99011320e-05 2.323865e+00
3.765658e-02 1.668101e+09 3.18039652e-05 2.659529e+00
3.765658e-02 2.104904e+09 3.38350681e-05 3.043676e+00
3.765658e-02 2.656088e+09 3.50449197e-05 3.436630e+00
3.765658e-02 3.351603e+09 3.72985001e-05 3.933024e+00
3.765658e-02 4.229243e+09 3.97050196e-05 4.501117e+00
3.765658e-02 5.336699e+09 4.11496713e-05 5.082234e+00
3.765658e-02 6.734151e+09 4.38216997e-05 5.816322e+00
3.765658e-02 8.497534e+09 4.54332218e-05 6.567239e+00
3.765658e-02 1.072267e+10 4.84008978e-05 7.515823e+00
3.765658e-02 1.353048e+10 5.15710721e-05 8.601423e+00
3.765658e-02 1.707353e+10 5.34944215e-05 9.711911e+00
3.765658e-02 2.154435e+10 5.70154721e-05 1.111472e+01
3.765658e-02 2.718588e+10 5.91582653e-05 1.254968e+01
3.765658e-02 3.430469e+10 6.30677531e-05 1.436238e+01
3.765658e-02 4.328761e+10 6.54520707e-05 1.621664e+01
3.765658e-02 5.462277e+10 6.97898599e-05 1.855900e+01
3.765658e-02 6.892612e+10 7.44193106e-05 2.123970e+01
3.765658e-02 8.697490e+10 7.72455620e-05 2.398186e+01
3.765658e-02 1.097499e+11 8.23722616e-05 2.744584e+01
3.765658e-02 1.384886e+11 8.54981026e-05 3.098924e+01
3.765658e-02 1.747528e+11 9.11636301e-05 3.546539e+01
3.765658e-02 2.205131e+11 9.46065137e-05 4.004415e+01
3.765658e-02 2.782559e+11 1.00849125e-04 4.582820e+01
3.765658e-02 3.511192e+11 1.04619998e-04 5.174486e+01
3.765658e-02 4.430621e+11 1.11470690e-04 5.921898e+01
3.765658e-02 5.590810e+11 1.15569632e-04 6.686446e+01
3.765658e-02 7.054802e+11 1.23046355e-04 7.652248e+01
3.765658e-02 8.902151e+11 1.27456340e-04 8.640193e+01
3.765658e-02 1.123324e+12 1.31946813e-04 9.755686e+01
3.765658e-02 1.417474e+12 1.40233801e-04 1.116482e+02
3.765658e-02 1.788650e+12 1.44954543e-04 1.260625e+02
3.765658e-02 2.257020e+12 1.53784646e-04 1.442712e+02
3.765658e-02 2.848036e+12 1.58631511e-04 1.628974e+02
3.765658e-02 3.593814e+12 1.67888106e-04 1.864266e+02
3.765658e-02 4.534879e+12 1.72693838e-04 2.104952e+02
3.765658e-02 5.722368e+12 1.82177482e-04 2.408995e+02
3.765658e-02 7.220809e+12 1.86688660e-04 2.720009e+02
3.765658e-02 9.111628e+12 1.96086868e-04 3.112892e+02
3.765658e-02 1.149757e+13 1.99936889e-04 3.514782e+02
3.765658e-02 1.450829e+13 2.08789603e-04 4.022464e+02
3.765658e-02 1.830738e+13 2.11471125e-04 4.541785e+02
3.765658e-02 2.310130e+13 2.13303426e-04 5.128153e+02
3.765658e-02 2.915053e+13 2.19982914e-04 5.868873e+02
3.765658e-02 3.678380e+13 2.19615381e-04 6.626574e+02
3.765658e-02 4.641589e+13 2.23809852e-04 7.583729e+02
3.765658e-02 5.857021e+13 2.20373929e-04 8.562827e+02
3.765658e-02 7.390722e+13 2.21018247e-04 9.799658e+02
3.765658e-02 9.326033e+13 2.13619950e-04 1.106484e+03
3.765658e-02 1.176812e+14 2.09666961e-04 1.266307e+03
3.765658e-02 1.484968e+14 1.97615621e-04 1.429794e+03
3.765658e-02 1.873817e+14 1.83337451e-04 1.614388e+03
3.765658e-02 2.364489e+14 1.71544323e-04 1.847573e+03
3.765658e-02 2.983647e+14 1.52891100e-04 2.086104e+03
3.765658e-02 3.764936e+14 1.36482151e-04 2.387425e+03
3.765658e-02 4.750810e+14 1.15100948e-04 2.695653e+03
3.765658e-02 5.994843e+14 9.62695185e-05 3.085019e+03
3.765658e-02 7.564633e+14 7.51754486e-05 3.483310e+03
3.765658e-02 9.545485e+14 5.74145117e-05 3.986446e+03
3.765658e-02 1.204504e+15 4.02704729e-05 4.501117e+03
3.765658e-02 1.519911e+15 2.70678150e-05 5.151267e+03
3.765658e-02 1.917910e+15 1.62830975e-05 5.816322e+03
3.765658e-02 2.420128e+15 9.09867839e-06 6.656443e+03
3.765658e-02 3.053856e+15 4.39188970e-06 7.515823e+03
3.765658e-02 3.853529e+15 1.89127474e-06 8.601423e+03
3.765658e-02 4.862602e+15 6.69052542e-07 9.711911e+03
3.765658e-02 6.135907e+15 1.91984096e-07 1.096577e+04
3.765658e-02 7.742637e+15 4.35245188e-08 1.254968e+04
3.765658e-02 9.770100e+15 6.90940727e-09 1.416991e+04
3.765658e-02 1.232847e+16 7.49591459e-10 1.621664e+04
3.765658e-02 1.555676e+16 4.82039944e-11 1.831029e+04
3.765658e-02 1.963041e+16 1.75622967e-12 2.095507e+04
3.765658e-02 2.477076e+16 3.06388581e-14 2.366047e+04
3.765658e-02 3.125716e+16 2.35468423e-16 2.707804e+04
3.765658e-02 3.944206e+16 6.35715378e-19 3.057395e+04
3.765658e-02 4.977024e+16 5.09346025e-22 3.499011e+04
3.765658e-02 6.280291e+16 8.80805047e-26 4.004415e+04
3.765658e-02 7.924829e+16 2.18207375e-30 4.521405e+04
3.765658e-02 1.000000e+17 4.94635214e-36 5.174486e+04
4.037832e-02 1.261857e+07 1.18529683e-05 1.719300e-01
4.037832e-02 1.592283e+07 1.25536146e-05 1.967639e-01
4.037832e-02 2.009233e+07 1.32983667e-05 2.251848e-01
4.037832e-02 2.535364e+07 1.40901754e-05 2.577109e-01
4.037832e-02 3.199267e+07 1.49321999e-05 2.949352e-01
4.037832e-02 4.037017e+07 1.58278231e-05 3.375362e-01
4.037832e-02 5.094138e+07 1.67806685e-05 3.862905e-01
4.037832e-02 6.428073e+07 1.77946164e-05 4.420871e-01
4.037832e-02 8.111308e+07 1.88738242e-05 5.059430e-01
4.037832e-02 1.023531e+08 1.94896879e-05 5.712628e-01
4.037832e-02 1.291550e+08 2.06805259e-05 6.537771e-01
4.037832e-02 1.629751e+08 2.19488470e-05 7.482099e-01
4.037832e-02 2.056512e+08 2.32999868e-05 8.562827e-01
4.037832e-02 2.595024e+08 2.47396658e-05 9.799658e-01
4.037832e-02 3.274549e+08 2.55745317e-05 1.106484e+00
4.037832e-02 4.132012e+08 2.71665776e-05 1.266307e+00
4.037832e-02 5.214008e+08 2.88640252e-05 1.449215e+00
4.037832e-02 6.579332e+08 3.06742200e-05 1.658542e+00
4.037832e-02 8.302176e+08 3.17370028e-05 1.872669e+00
4.037832e-02 1.047616e+09 3.37420301e-05 2.143160e+00
4.037832e-02 1.321941e+09 3.58814638e-05 2.452723e+00
4.037832e-02 1.668101e+09 3.71486726e-05 2.769382e+00
4.037832e-02 2.104904e+09 3.95209340e-05 3.169396e+00
4.037832e-02 2.656088e+09 4.20534786e-05 3.627190e+00
4.037832e-02 3.351603e+09 4.35659578e-05 4.095479e+00
4.037832e-02 4.229243e+09 4.63766023e-05 4.687038e+00
4.037832e-02 5.336699e+09 4.93782906e-05 5.364042e+00
4.037832e-02 6.734151e+09 5.11843696e-05 6.056568e+00
4.037832e-02 8.497534e+09 5.45176850e-05 6.931390e+00
4.037832e-02 1.072267e+10 5.65321200e-05 7.826267e+00
4.037832e-02 1.353048e+10 6.02343850e-05 8.956708e+00
4.037832e-02 1.707353e+10 6.24802837e-05 1.011307e+01
4.037832e-02 2.154435e+10 6.65921572e-05 1.157382e+01
4.037832e-02 2.718588e+10 6.90941547e-05 1.306805e+01
4.037832e-02 3.430469e+10 7.36594349e-05 1.495563e+01
4.037832e-02 4.328761e+10 7.85340341e-05 1.711585e+01
4.037832e-02 5.462277e+10 8.15084045e-05 1.932559e+01
4.037832e-02 6.892612e+10 8.69139578e-05 2.211702e+01
4.037832e-02 8.697490e+10 9.02133301e-05 2.497244e+01
4.037832e-02 1.097499e+11 9.61990729e-05 2.857950e+01
4.037832e-02 1.384886e+11 9.98477919e-05 3.226926e+01
4.037832e-02 1.747528e+11 1.06462094e-04 3.693030e+01
4.037832e-02 2.205131e+11 1.10480360e-04 4.169819e+01
4.037832e-02 2.782559e+11 1.17767648e-04 4.772115e+01
4.037832e-02 3.511192e+11 1.22168008e-04 5.388220e+01
4.037832e-02 4.430621e+11 1.30164152e-04 6.166505e+01
4.037832e-02 5.590810e+11 1.34946383e-04 6.962632e+01
4.037832e-02 7.054802e+11 1.39846991e-04 7.861543e+01
4.037832e-02 8.902151e+11 1.48815729e-04 8.997080e+01
4.037832e-02 1.123324e+12 1.54052619e-04 1.015865e+02
4.037832e-02 1.417474e+12 1.63720868e-04 1.162598e+02
4.037832e-02 1.788650e+12 1.69224212e-04 1.312696e+02
4.037832e-02 2.257020e+12 1.79523359e-04 1.502304e+02
4.037832e-02 2.848036e+12 1.85170813e-04 1.696259e+02
4.037832e-02 3.593814e+12 1.95963680e-04 1.941270e+02
4.037832e-02 4.534879e+12 2.01559049e-04 2.191898e+02
4.037832e-02 5.722368e+12 2.12611547e-04 2.508500e+02
4.037832e-02 7.220809e+12 2.17857895e-04 2.832360e+02
4.037832e-02 9.111628e+12 2.22712418e-04 3.198032e+02
4.037832e-02 1.149757e+13 2.33271953e-04 3.659962e+02
4.037832e-02 1.450829e+13 2.37088067e-04 4.132482e+02
4.037832e-02 1.830738e+13 2.46669281e-04 4.729385e+02
4.037832e-02 2.310130e+13 2.48771107e-04 5.339973e+02
4.037832e-02 2.915053e+13 2.56520479e-04 6.111289e+02
4.037832e-02 3.678380e+13 2.56046433e-04 6.900288e+02
4.037832e-02 4.641589e+13 2.60884839e-04 7.896978e+02
4.037832e-02 5.857021e+13 2.56822465e-04 8.916518e+02
4.037832e-02 7.390722e+13 2.50653230e-04 1.006769e+03
4.037832e-02 9.326033e+13 2.48818739e-04 1.152188e+03
4.037832e-02 1.176812e+14 2.37636988e-04 1.300942e+03
4.037832e-02 1.484968e+14 2.30020914e-04 1.488852e+03
4.037832e-02 1.873817e+14 2.13314035e-04 1.681071e+03
4.037832e-02 2.364489e+14 1.99499752e-04 1.923888e+03
4.037832e-02 2.983647e+14 1.77712355e-04 2.172271e+03
4.037832e-02 3.764936e+14 1.58543210e-04 2.486038e+03
4.037832e-02 4.750810e+14 1.33612925e-04 2.806999e+03
4.037832e-02 5.994843e+14 1.08690650e-04 3.169396e+03
4.037832e-02 7.564633e+14 8.71159407e-05 3.627190e+03
4.037832e-02 9.545485e+14 6.46936182e-05 4.095479e+03
4.037832e-02 1.204504e+15 4.65594770e-05 4.687038e+03
4.037832e-02 1.519911e+15 3.04179913e-05 5.292158e+03
4.037832e-02 1.917910e+15 1.87673464e-05 6.056568e+03
4.037832e-02 2.420128e+15 1.01875697e-05 6.838501e+03
4.037832e-02 3.053856e+15 5.04034102e-06 7.826267e+03
4.037832e-02 3.853529e+15 2.10700406e-06 8.836679e+03
4.037832e-02 4.862602e+15 7.63302141e-07 1.011307e+04
4.037832e-02 6.135907e+15 2.18194502e-07 1.141871e+04
4.037832e-02 7.742637e+15 4.92408708e-08 1.306805e+04
4.037832e-02 9.770100e+15 7.77387218e-09 1.475521e+04
4.037832e-02 1.232847e+16 8.37769989e-10 1.688648e+04
4.037832e-02 1.555676e+16 5.34415724e-11 1.906661e+04
4.037832e-02 1.963041e+16 1.92816755e-12 2.182063e+04
4.037832e-02 2.477076e+16 3.32455173e-14 2.463778e+04
4.037832e-02 3.125716e+16 2.51912049e-16 2.819651e+04
4.037832e-02 3.944206e+16 6.68618975e-19 3.183682e+04
4.037832e-02 4.977024e+16 5.24802746e-22 3.643539e+04
4.037832e-02 6.280291e+16 8.61624780e-26 4.113939e+04
4.037832e-02 7.924829e+16 2.12732927e-30 4.708164e+04
4.037832e-02 1.000000e+17 4.52225426e-36 5.316012e+04
4.329679e-02 1.261857e+07 1.42286439e-05 1.814634e-01
4.329679e-02 1.592283e+07 1.50697093e-05 2.076743e-01
4.329679e-02 2.009233e+07 1.59637180e-05 2.376712e-01
4.329679e-02 2.535364e+07 1.69142117e-05 2.720009e-01
4.329679e-02 3.199267e+07 1.79249821e-05 3.112892e-01
4.329679e-02 4.037017e+07 1.90000897e-05 3.562524e-01
4.329679e-02 5.094138e+07 2.01438835e-05 4.077102e-01
4.329679e-02 6.428073e+07 2.13610205e-05 4.666006e-01
4.329679e-02 8.111308e+07 2.20533156e-05 5.268411e-01
4.329679e-02 1.023531e+08 2.33957478e-05 6.029391e-01
4.329679e-02 1.291550e+08 2.48252064e-05 6.900288e-01
4.329679e-02 1.629751e+08 2.63476675e-05 7.896978e-01
4.329679e-02 2.056512e+08 2.79695346e-05 9.037633e-01
4.329679e-02 2.595024e+08 2.89070427e-05 1.020444e+00
4.329679e-02 3.274549e+08 3.06997760e-05 1.167839e+00
4.329679e-02 4.132012e+08 3.26107878e-05 1.336523e+00
4.329679e-02 5.214008e+08 3.37258767e-05 1.509075e+00
4.329679e-02 6.579332e+08 3.58408678e-05 1.727049e+00
4.329679e-02 8.302176e+08 3.80967711e-05 1.976507e+00
4.329679e-02 1.047616e+09 3.94251283e-05 2.231685e+00
4.329679e-02 1.321941e+09 4.19247349e-05 2.554033e+00
4.329679e-02 1.668101e+09 4.45923485e-05 2.922943e+00
4.329679e-02 2.104904e+09 4.61767606e-05 3.300310e+00
4.329679e-02 2.656088e+09 4.91355691e-05 3.777013e+00
4.329679e-02 3.351603e+09 5.22947034e-05 4.322572e+00
4.329679e-02 4.229243e+09 5.41861186e-05 4.880638e+00
4.329679e-02 5.336699e+09 5.76929023e-05 5.585606e+00
4.329679e-02 6.734151e+09 5.98026854e-05 6.306737e+00
4.329679e-02 8.497534e+09 6.36967804e-05 7.217694e+00
4.329679e-02 1.072267e+10 6.60498490e-05 8.149535e+00
4.329679e-02 1.353048e+10 7.03748094e-05 9.326669e+00
4.329679e-02 1.707353e+10 7.49946659e-05 1.067383e+01
4.329679e-02 2.154435e+10 7.78013724e-05 1.205188e+01
4.329679e-02 2.718588e+10 8.29314782e-05 1.379267e+01
4.329679e-02 3.430469e+10 8.60562672e-05 1.557338e+01
4.329679e-02 4.328761e+10 9.17500618e-05 1.782283e+01
4.329679e-02 5.462277e+10 9.52236255e-05 2.012384e+01
4.329679e-02 6.892612e+10 1.01537202e-04 2.303057e+01
4.329679e-02 8.697490e+10 1.05389940e-04 2.600393e+01
4.329679e-02 1.097499e+11 1.12380637e-04 2.975999e+01
4.329679e-02 1.384886e+11 1.16640817e-04 3.360216e+01
4.329679e-02 1.747528e+11 1.24364903e-04 3.845572e+01
4.329679e-02 2.205131e+11 1.29055896e-04 4.342055e+01
4.329679e-02 2.782559e+11 1.37564955e-04 4.969230e+01
4.329679e-02 3.511192e+11 1.42701116e-04 5.610783e+01
4.329679e-02 4.430621e+11 1.47989027e-04 6.335163e+01
4.329679e-02 5.590810e+11 1.57617317e-04 7.250226e+01
4.329679e-02 7.054802e+11 1.63335397e-04 8.186268e+01
4.329679e-02 8.902151e+11 1.73803727e-04 9.368708e+01
4.329679e-02 1.123324e+12 1.79912280e-04 1.057826e+02
4.329679e-02 1.417474e+12 1.91194534e-04 1.210620e+02
4.329679e-02 1.788650e+12 1.97611261e-04 1.366917e+02
4.329679e-02 2.257020e+12 2.09626289e-04 1.564357e+02
4.329679e-02 2.848036e+12 2.16207368e-04 1.766324e+02
4.329679e-02 3.593814e+12 2.22702599e-04 1.994365e+02
4.329679e-02 4.534879e+12 2.35308842e-04 2.282435e+02
4.329679e-02 5.722368e+12 2.41584015e-04 2.577109e+02
4.329679e-02 7.220809e+12 2.54292648e-04 2.949352e+02
4.329679e-02 9.111628e+12 2.59932831e-04 3.330128e+02
4.329679e-02 1.149757e+13 2.72226695e-04 3.811138e+02
4.329679e-02 1.450829e+13 2.76645780e-04 4.303176e+02
4.329679e-02 1.830738e+13 2.87785956e-04 4.924734e+02
4.329679e-02 2.310130e+13 2.90193623e-04 5.560543e+02
4.329679e-02 2.915053e+13 2.91217144e-04 6.278437e+02
4.329679e-02 3.678380e+13 2.98572208e-04 7.185307e+02
4.329679e-02 4.641589e+13 2.96051883e-04 8.112967e+02
4.329679e-02 5.857021e+13 2.99341215e-04 9.284819e+02
4.329679e-02 7.390722e+13 2.92071812e-04 1.048354e+03
4.329679e-02 9.326033e+13 2.89846077e-04 1.199780e+03
4.329679e-02 1.176812e+14 2.76725602e-04 1.354678e+03
4.329679e-02 1.484968e+14 2.60624477e-04 1.529573e+03
4.329679e-02 1.873817e+14 2.48195952e-04 1.750508e+03
4.329679e-02 2.364489e+14 2.25829792e-04 1.976507e+03
4.329679e-02 2.983647e+14 2.06550898e-04 2.261998e+03
4.329679e-02 3.764936e+14 1.79248138e-04 2.554033e+03
4.329679e-02 4.750810e+14 1.55077568e-04 2.922943e+03
4.329679e-02 5.994843e+14 1.26043019e-04 3.300310e+03
4.329679e-02 7.564633e+14 1.00923709e-04 3.777013e+03
4.329679e-02 9.545485e+14 7.48615227e-05 4.264644e+03
4.329679e-02 1.204504e+15 5.23731258e-05 4.815232e+03
4.329679e-02 1.519911e+15 3.50975483e-05 5.510753e+03
4.329679e-02 1.917910e+15 2.10399412e-05 6.222219e+03
4.329679e-02 2.420128e+15 1.17087646e-05 7.120968e+03
4.329679e-02 3.053856e+15 5.62474420e-06 8.040322e+03
4.329679e-02 3.853529e+15 2.40856406e-06 9.201681e+03
4.329679e-02 4.862602e+15 8.46391352e-07 1.038967e+04
4.329679e-02 6.135907e+15 2.47544540e-07 1.189037e+04
4.329679e-02 7.742637e+15 5.41101113e-08 1.342548e+04
4.329679e-02 9.770100e+15 8.72431468e-09 1.536468e+04
4.329679e-02 1.232847e+16 9.08621457e-10 1.734834e+04
4.329679e-02 1.555676e+16 5.90317132e-11 1.985416e+04
4.329679e-02 1.963041e+16 2.05152653e-12 2.241744e+04
4.329679e-02 2.477076e+16 3.58833279e-14 2.565545e+04
4.329679e-02 3.125716e+16 2.60661990e-16 2.896770e+04
4.329679e-02 3.944206e+16 6.97850580e-19 3.315185e+04
4.329679e-02 4.977024e+16 5.21492566e-22 3.743193e+04
4.329679e-02 6.280291e+16 8.56324923e-26 4.283867e+04
4.329679e-02 7.924829e+16 1.99177400e-30 4.836936e+04
4.329679e-02 1.000000e+17 4.17898438e-36 5.535592e+04
4.642620e-02 1.261857e+07 1.70862350e-05 1.915255e-01
4.642620e-02 1.592283e+07 1.80962009e-05 2.191898e-01
4.642620e-02 2.009233e+07 1.91697395e-05 2.508500e-01
4.642620e-02 2.535364e+07 2.03111031e-05 2.870832e-01
4.642620e-02 3.199267e+07 2.15248442e-05 3.285501e-01
4.642620e-02 4.037017e+07 2.28158382e-05 3.760065e-01
4.642620e-02 5.094138e+07 2.35453236e-05 4.245508e-01
4.642620e-02 6.428073e+07 2.49679474e-05 4.858738e-01
4.642620e-02 8.111308e+07 2.64821233e-05 5.560543e-01
4.642620e-02 1.023531e+08 2.80940982e-05 6.363718e-01
4.642620e-02 1.291550e+08 2.98105657e-05 7.282906e-01
4.642620e-02 1.629751e+08 3.07963950e-05 8.223166e-01
4.642620e-02 2.056512e+08 3.26920365e-05 9.410936e-01
4.642620e-02 2.595024e+08 3.47118764e-05 1.077027e+00
4.642620e-02 3.274549e+08 3.68645116e-05 1.232595e+00
4.642620e-02 4.132012e+08 3.81166362e-05 1.391729e+00
4.642620e-02 5.214008e+08 4.04980319e-05 1.592753e+00
4.642620e-02 6.579332e+08 4.30375673e-05 1.822813e+00
4.642620e-02 8.302176e+08 4.45283931e-05 2.058148e+00
4.642620e-02 1.047616e+09 4.73411705e-05 2.355431e+00
4.642620e-02 1.321941e+09 4.90022003e-05 2.659529e+00
4.642620e-02 1.668101e+09 5.21199003e-05 3.043676e+00
4.642620e-02 2.104904e+09 5.54476640e-05 3.483310e+00
4.642620e-02 2.656088e+09 5.74294506e-05 3.933024e+00
4.642620e-02 3.351603e+09 6.11214731e-05 4.501117e+00
4.642620e-02 4.229243e+09 6.33317342e-05 5.082234e+00
4.642620e-02 5.336699e+09 6.74299328e-05 5.816322e+00
4.642620e-02 6.734151e+09 7.18069590e-05 6.656443e+00
4.642620e-02 8.497534e+09 7.44459496e-05 7.515823e+00
4.642620e-02 1.072267e+10 7.93067917e-05 8.601423e+00
4.642620e-02 1.353048e+10 8.22494367e-05 9.711911e+00
4.642620e-02 1.707353e+10 8.76479248e-05 1.111472e+01
4.642620e-02 2.154435e+10 9.09271793e-05 1.254968e+01
4.642620e-02 2.718588e+10 9.69216207e-05 1.436238e+01
4.642620e-02 3.430469e+10 1.00572243e-04 1.621664e+01
4.642620e-02 4.328761e+10 1.07224961e-04 1.855900e+01
4.642620e-02 5.462277e+10 1.11282694e-04 2.095507e+01
4.642620e-02 6.892612e+10 1.18659070e-04 2.398186e+01
4.642620e-02 8.697490e+10 1.23159276e-04 2.707804e+01
4.642620e-02 1.097499e+11 1.31326091e-04 3.098924e+01
4.642620e-02 1.384886e+11 1.36301586e-04 3.499011e+01
4.642620e-02 1.747528e+11 1.45324295e-04 4.004415e+01
4.642620e-02 2.205131e+11 1.50802103e-04 4.521405e+01
4.642620e-02 2.782559e+11 1.56461256e-04 5.105142e+01
4.642620e-02 3.511192e+11 1.66737110e-04 5.842538e+01
4.642620e-02 4.430621e+11 1.72910118e-04 6.596840e+01
4.642620e-02 5.590810e+11 1.84153316e-04 7.549700e+01
4.642620e-02 7.054802e+11 1.90826744e-04 8.524405e+01
4.642620e-02 8.902151e+11 2.03048496e-04 9.755686e+01
4.642620e-02 1.123324e+12 2.10175240e-04 1.101519e+02
4.642620e-02 1.417474e+12 2.23344041e-04 1.260625e+02
4.642620e-02 1.788650e+12 2.30827016e-04 1.423378e+02
4.642620e-02 2.257020e+12 2.38328325e-04 1.607144e+02
4.642620e-02 2.848036e+12 2.52516799e-04 1.839282e+02
4.642620e-02 3.593814e+12 2.60083800e-04 2.076743e+02
4.642620e-02 4.534879e+12 2.74783892e-04 2.376712e+02
4.642620e-02 5.722368e+12 2.82086707e-04 2.683558e+02
4.642620e-02 7.220809e+12 2.96896859e-04 3.071176e+02
4.642620e-02 9.111628e+12 3.03449051e-04 3.467680e+02
4.642620e-02 1.149757e+13 3.09303173e-04 3.915376e+02
4.642620e-02 1.450829e+13 3.22878043e-04 4.480920e+02
4.642620e-02 1.830738e+13 3.26889449e-04 5.059430e+02
4.642620e-02 2.310130e+13 3.38583836e-04 5.790223e+02
4.642620e-02 2.915053e+13 3.39715476e-04 6.537771e+02
4.642620e-02 3.678380e+13 3.48223781e-04 7.482099e+02
4.642620e-02 4.641589e+13 3.45204821e-04 8.448076e+02
4.642620e-02 5.857021e+13 3.39660143e-04 9.538766e+02
4.642620e-02 7.390722e+13 3.40377103e-04 1.091656e+03
4.642620e-02 9.326033e+13 3.28683026e-04 1.232595e+03
4.642620e-02 1.176812e+14 3.22268237e-04 1.410633e+03
4.642620e-02 1.484968e+14 3.03390368e-04 1.592753e+03
4.642620e-02 1.873817e+14 2.88785436e-04 1.822813e+03
4.642620e-02 2.364489e+14 2.62619851e-04 2.058148e+03
4.642620e-02 2.983647e+14 2.33661694e-04 2.323865e+03
4.642620e-02 3.764936e+14 2.08174935e-04 2.659529e+03
4.642620e-02 4.750810e+14 1.75167654e-04 3.002888e+03
4.642620e-02 5.994843e+14 1.46130207e-04 3.436630e+03
4.642620e-02 7.564633e+14 1.13771025e-04 3.880317e+03
4.642620e-02 9.545485e+14 8.65923305e-05 4.440797e+03
4.642620e-02 1.204504e+15 6.04932649e-05 5.014127e+03
4.642620e-02 1.519911e+15 3.93941950e-05 5.661476e+03
4.642620e-02 1.917910e+15 2.42143502e-05 6.479231e+03
4.642620e-02 2.420128e+15 1.30867077e-05 7.315732e+03
4.642620e-02 3.053856e+15 6.44138911e-06 8.372431e+03
4.642620e-02 3.853529e+15 2.67639664e-06 9.453354e+03
4.642620e-02 4.862602e+15 9.62649814e-07 1.081881e+04
4.642620e-02 6.135907e+15 2.72842150e-07 1.221558e+04
4.642620e-02 7.742637e+15 6.09472082e-08 1.398002e+04
4.642620e-02 9.770100e+15 9.50415446e-09 1.578491e+04
4.642620e-02 1.232847e+16 1.00908732e-09 1.806492e+04
4.642620e-02 1.555676e+16 6.32198553e-11 2.039719e+04
4.642620e-02 1.963041e+16 2.23182900e-12 2.334340e+04
4.642620e-02 2.477076e+16 3.74840621e-14 2.635715e+04
4.642620e-02 3.125716e+16 2.75190274e-16 3.016423e+04
4.642620e-02 3.944206e+16 7.03115729e-19 3.405858e+04
4.642620e-02 4.977024e+16 5.27088785e-22 3.897807e+04
4.642620e-02 6.280291e+16 8.18492984e-26 4.401034e+04
4.642620e-02 7.924829e+16 1.88822698e-30 5.036727e+04
4.642620e-02 1.000000e+17 3.69341170e-36 5.686995e+04
4.978179e-02 1.261857e+07 2.05250857e-05 2.021455e-01
4.978179e-02 1.592283e+07 2.17383038e-05 2.313438e-01
4.978179e-02 2.009233e+07 2.30278851e-05 2.647595e-01
4.978179e-02 2.535364e+07 2.43989369e-05 3.030019e-01
4.978179e-02 3.199267e+07 2.58569272e-05 3.467680e-01
4.978179e-02 4.037017e+07 2.66780462e-05 3.915376e-01
4.978179e-02 5.094138e+07 2.82839718e-05 4.480920e-01
4.978179e-02 6.428073e+07 2.99928615e-05 5.128153e-01
4.978179e-02 8.111308e+07 3.18117183e-05 5.868873e-01
4.978179e-02 1.023531e+08 3.28495832e-05 6.626574e-01
4.978179e-02 1.291550e+08 3.48565261e-05 7.583729e-01
4.978179e-02 1.629751e+08 3.69940223e-05 8.679137e-01
4.978179e-02 2.056512e+08 3.92710576e-05 9.932768e-01
4.978179e-02 2.595024e+08 4.05871746e-05 1.121514e+00
4.978179e-02 3.274549e+08 4.31040394e-05 1.283508e+00
4.978179e-02 4.132012e+08 4.57869226e-05 1.468900e+00
4.978179e-02 5.214008e+08 4.73522469e-05 1.658542e+00
4.978179e-02 6.579332e+08 5.03214099e-05 1.898105e+00
4.978179e-02 8.302176e+08 5.34883422e-05 2.172271e+00
4.978179e-02 1.047616e+09 5.53529145e-05 2.452723e+00
4.978179e-02 1.321941e+09 5.88618373e-05 2.806999e+00
4.978179e-02 1.668101e+09 6.09397792e-05 3.169396e+00
4.978179e-02 2.104904e+09 6.48303238e-05 3.627190e+00
4.978179e-02 2.656088e+09 6.71470664e-05 4.095479e+00
4.978179e-02 3.351603e+09 7.14633598e-05 4.687038e+00
4.978179e-02 4.229243e+09 7.60723372e-05 5.364042e+00
4.978179e-02 5.336699e+09 7.88380955e-05 6.056568e+00
4.978179e-02 6.734151e+09 8.39549754e-05 6.931390e+00
4.978179e-02 8.497534e+09 8.70396627e-05 7.826267e+00
4.978179e-02 1.072267e+10 9.27219209e-05 8.956708e+00
4.978179e-02 1.353048e+10 9.61613497e-05 1.011307e+01
4.978179e-02 1.707353e+10 1.02471826e-04 1.157382e+01
4.978179e-02 2.154435e+10 1.06304434e-04 1.306805e+01
4.978179e-02 2.718588e+10 1.13311170e-04 1.495563e+01
4.978179e-02 3.430469e+10 1.17577474e-04 1.688648e+01
4.978179e-02 4.328761e+10 1.25353167e-04 1.932559e+01
4.978179e-02 5.462277e+10 1.30094796e-04 2.182063e+01
4.978179e-02 6.892612e+10 1.38715665e-04 2.497244e+01
4.978179e-02 8.697490e+10 1.43973749e-04 2.819651e+01
4.978179e-02 1.097499e+11 1.53517577e-04 3.226926e+01
4.978179e-02 1.384886e+11 1.59330207e-04 3.643539e+01
4.978179e-02 1.747528e+11 1.65350665e-04 4.113939e+01
4.978179e-02 2.205131e+11 1.76271537e-04 4.708164e+01
4.978179e-02 2.782559e+11 1.82881130e-04 5.316012e+01
4.978179e-02 3.511192e+11 1.94885942e-04 6.083867e+01
4.978179e-02 4.430621e+11 2.02094066e-04 6.869325e+01
4.978179e-02 5.590810e+11 2.15226746e-04 7.861543e+01
4.978179e-02 7.054802e+11 2.23016997e-04 8.876509e+01
4.978179e-02 8.902151e+11 2.37289685e-04 1.015865e+02
4.978179e-02 1.123324e+12 2.45606099e-04 1.147018e+02
4.978179e-02 1.417474e+12 2.54032736e-04 1.295104e+02
4.978179e-02 1.788650e+12 2.69708673e-04 1.482171e+02
4.978179e-02 2.257020e+12 2.78455389e-04 1.673527e+02
4.978179e-02 2.848036e+12 2.95011633e-04 1.915255e+02
4.978179e-02 3.593814e+12 3.03828112e-04 2.162524e+02
4.978179e-02 4.534879e+12 3.12427669e-04 2.441717e+02
4.978179e-02 5.722368e+12 3.29471630e-04 2.794403e+02
4.978179e-02 7.220809e+12 3.37501999e-04 3.155175e+02
4.978179e-02 9.111628e+12 3.54343528e-04 3.610914e+02
4.978179e-02 1.149757e+13 3.61132729e-04 4.077102e+02
4.978179e-02 1.450829e+13 3.76928156e-04 4.666006e+02
4.978179e-02 1.830738e+13 3.81550140e-04 5.268411e+02
4.978179e-02 2.310130e+13 3.84610359e-04 5.948590e+02
4.978179e-02 2.915053e+13 3.96371784e-04 6.807816e+02
4.978179e-02 3.678380e+13 3.95394724e-04 7.686740e+02
4.978179e-02 4.641589e+13 4.02587551e-04 8.797027e+02
4.978179e-02 5.857021e+13 3.96011010e-04 9.932768e+02
4.978179e-02 7.390722e+13 3.86161033e-04 1.121514e+03
4.978179e-02 9.326033e+13 3.82957991e-04 1.283508e+03
4.978179e-02 1.176812e+14 3.65342217e-04 1.449215e+03
4.978179e-02 1.484968e+14 3.53189175e-04 1.658542e+03
4.978179e-02 1.873817e+14 3.27069715e-04 1.872669e+03
4.978179e-02 2.364489e+14 3.05393008e-04 2.143160e+03
4.978179e-02 2.983647e+14 2.71538510e-04 2.419853e+03
4.978179e-02 3.764936e+14 2.35301538e-04 2.732269e+03
4.978179e-02 4.750810e+14 2.03231969e-04 3.126923e+03
4.978179e-02 5.994843e+14 1.64864066e-04 3.530625e+03
4.978179e-02 7.564633e+14 1.31715489e-04 4.040595e+03
4.978179e-02 9.545485e+14 9.74514394e-05 4.562256e+03
4.978179e-02 1.204504e+15 6.98336323e-05 5.221237e+03
4.978179e-02 1.519911e+15 4.53952016e-05 5.895326e+03
4.978179e-02 1.917910e+15 2.78445211e-05 6.746858e+03
4.978179e-02 2.420128e+15 1.50117447e-05 7.617912e+03
4.978179e-02 3.053856e+15 7.17151909e-06 8.601423e+03
4.978179e-02 3.853529e+15 3.05091685e-06 9.843829e+03
4.978179e-02 4.862602e+15 1.06387790e-06 1.111472e+04
4.978179e-02 6.135907e+15 3.08308961e-07 1.272015e+04
4.978179e-02 7.742637e+15 6.66548533e-08 1.436238e+04
4.978179e-02 9.770100e+15 1.06052997e-08 1.643692e+04
4.978179e-02 1.232847e+16 1.08694357e-09 1.855900e+04
4.978179e-02 1.555676e+16 6.92596554e-11 2.123970e+04
4.978179e-02 1.963041e+16 2.35120180e-12 2.398186e+04
4.978179e-02 2.477076e+16 3.99788218e-14 2.744584e+04
4.978179e-02 3.125716e+16 2.80694922e-16 3.098924e+04
4.978179e-02 3.944206e+16 7.21302457e-19 3.546539e+04
4.978179e-02 4.977024e+16 5.12996796e-22 4.004415e+04
4.978179e-02 6.280291e+16 7.93345537e-26 4.582820e+04
4.978179e-02 7.924829e+16 1.71526036e-30 5.174486e+04
4.978179e-02 1.000000e+17 3.29038676e-36 5.921898e+04
5.337992e-02 1.261857e+07 2.46654516e-05 2.133544e-01
5.337992e-02 1.592283e+07 2.61233793e-05 2.441717e-01
5.337992e-02 2.009233e+07 2.76730686e-05 2.794403e-01
5.337992e-02 2.535364e+07 2.85400634e-05 3.155175e-01
5.337992e-02 3.199267e+07 3.02454744e-05 3.610914e-01
5.337992e-02 4.037017e+07 3.20594199e-05 4.132482e-01
5.337992e-02 5.094138e+07 3.39892339e-05 4.729385e-01
5.337992e-02 6.428073e+07 3.50832166e-05 5.339973e-01
5.337992e-02 8.111308e+07 3.72106995e-05 6.111289e-01
5.337992e-02 1.023531e+08 3.94755734e-05 6.994015e-01
5.337992e-02 1.291550e+08 4.18872387e-05 8.004244e-01
5.337992e-02 1.629751e+08 4.32722415e-05 9.037633e-01
5.337992e-02 2.056512e+08 4.59355903e-05 1.034305e+00
5.337992e-02 2.595024e+08 4.87734009e-05 1.183701e+00
5.337992e-02 3.274549e+08 5.04187529e-05 1.336523e+00
5.337992e-02 4.132012e+08 5.35567390e-05 1.529573e+00
5.337992e-02 5.214008e+08 5.69023799e-05 1.750508e+00
5.337992e-02 6.579332e+08 5.88602599e-05 1.976507e+00
5.337992e-02 8.302176e+08 6.25643094e-05 2.261998e+00
5.337992e-02 1.047616e+09 6.47449647e-05 2.554033e+00
5.337992e-02 1.321941e+09 6.88489216e-05 2.922943e+00
5.337992e-02 1.668101e+09 7.32285775e-05 3.345138e+00
5.337992e-02 2.104904e+09 7.58292243e-05 3.777013e+00
5.337992e-02 2.656088e+09 8.06866081e-05 4.322572e+00
5.337992e-02 3.351603e+09 8.35864950e-05 4.880638e+00
5.337992e-02 4.229243e+09 8.89766849e-05 5.585606e+00
5.337992e-02 5.336699e+09 9.22108659e-05 6.306737e+00
5.337992e-02 6.734151e+09 9.81948353e-05 7.217694e+00
5.337992e-02 8.497534e+09 1.01801771e-04 8.149535e+00
5.337992e-02 1.072267e+10 1.08446651e-04 9.326669e+00
5.337992e-02 1.353048e+10 1.12468139e-04 1.053079e+01
5.337992e-02 1.707353e+10 1.19847306e-04 1.205188e+01
5.337992e-02 2.154435e+10 1.24328187e-04 1.360784e+01
5.337992e-02 2.718588e+10 1.32521062e-04 1.557338e+01
5.337992e-02 3.430469e+10 1.37508570e-04 1.758398e+01
5.337992e-02 4.328761e+10 1.46599966e-04 2.012384e+01
5.337992e-02 5.462277e+10 1.52142589e-04 2.272193e+01
5.337992e-02 6.892612e+10 1.62221368e-04 2.600393e+01
5.337992e-02 8.697490e+10 1.68366946e-04 2.936118e+01
5.337992e-02 1.097499e+11 1.74744322e-04 3.315185e+01
5.337992e-02 1.384886e+11 1.86316445e-04 3.794037e+01
5.337992e-02 1.747528e+11 1.93351455e-04 4.283867e+01
5.337992e-02 2.205131e+11 2.06115715e-04 4.902636e+01
5.337992e-02 2.782559e+11 2.13837622e-04 5.535592e+01
5.337992e-02 3.511192e+11 2.27866676e-04 6.335163e+01
5.337992e-02 4.430621e+11 2.36285793e-04 7.153065e+01
5.337992e-02 5.590810e+11 2.44931026e-04 8.076563e+01
5.337992e-02 7.054802e+11 2.60726343e-04 9.243157e+01
5.337992e-02 8.902151e+11 2.70013762e-04 1.043650e+02
5.337992e-02 1.123324e+12 2.87105682e-04 1.194396e+02
5.337992e-02 1.417474e+12 2.96938819e-04 1.348599e+02
5.337992e-02 1.788650e+12 3.15242248e-04 1.543393e+02
5.337992e-02 2.257020e+12 3.25442777e-04 1.742653e+02
5.337992e-02 2.848036e+12 3.35587593e-04 1.967639e+02
5.337992e-02 3.593814e+12 3.55039442e-04 2.251848e+02
5.337992e-02 4.534879e+12 3.65054360e-04 2.542573e+02
5.337992e-02 5.722368e+12 3.84929595e-04 2.909827e+02
5.337992e-02 7.220809e+12 3.94266771e-04 3.285501e+02
5.337992e-02 9.111628e+12 4.02869962e-04 3.709676e+02
5.337992e-02 1.149757e+13 4.21760005e-04 4.245508e+02
5.337992e-02 1.450829e+13 4.28421397e-04 4.793625e+02
5.337992e-02 1.830738e+13 4.45459511e-04 5.486025e+02
5.337992e-02 2.310130e+13 4.48946337e-04 6.194299e+02
5.337992e-02 2.915053e+13 4.50261374e-04 6.994015e+02
5.337992e-02 3.678380e+13 4.61326024e-04 8.004244e+02
5.337992e-02 4.641589e+13 4.57090998e-04 9.037633e+02
5.337992e-02 5.857021e+13 4.61783283e-04 1.034305e+03
5.337992e-02 7.390722e+13 4.50145709e-04 1.167839e+03
5.337992e-02 9.326033e+13 4.46242584e-04 1.336523e+03
5.337992e-02 1.176812e+14 4.25533417e-04 1.509075e+03
5.337992e-02 1.484968e+14 4.00232056e-04 1.703905e+03
5.337992e-02 1.873817e+14 3.80561349e-04 1.950020e+03
5.337992e-02 2.364489e+14 3.45663080e-04 2.201778e+03
5.337992e-02 2.983647e+14 3.15525382e-04 2.519806e+03
5.337992e-02 3.764936e+14 2.73195459e-04 2.845126e+03
5.337992e-02 4.750810e+14 2.29464753e-04 3.212447e+03
5.337992e-02 5.994843e+14 1.91030181e-04 3.676459e+03
5.337992e-02 7.564633e+14 1.48373392e-04 4.151108e+03
5.337992e-02 9.545485e+14 1.12617039e-04 4.750702e+03
5.337992e-02 1.204504e+15 7.84224061e-05 5.364042e+03
5.337992e-02 1.519911e+15 5.22714188e-05 6.138835e+03
5.337992e-02 1.917910e+15 3.11382660e-05 6.931390e+03
5.337992e-02 2.420128e+15 1.72011044e-05 7.932573e+03
5.337992e-02 3.053856e+15 8.19199455e-06 8.956708e+03
5.337992e-02 3.853529e+15 3.37992000e-06 1.011307e+04
5.337992e-02 4.862602e+15 1.20563295e-06 1.157382e+04
5.337992e-02 6.135907e+15 3.38348314e-07 1.306805e+04
5.337992e-02 7.742637e+15 7.46895159e-08 1.495563e+04
5.337992e-02 9.770100e+15 1.14819282e-08 1.688648e+04
5.337992e-02 1.232847e+16 1.19819379e-09 1.932559e+04
5.337992e-02 1.555676e+16 7.35148416e-11 2.182063e+04
5.337992e-02 1.963041e+16 2.53056707e-12 2.497244e+04
5.337992e-02 2.477076e+16 4.12272939e-14 2.819651e+04
5.337992e-02 3.125716e+16 2.91779711e-16 3.226926e+04
5.337992e-02 3.944206e+16 7.13311189e-19 3.643539e+04
5.337992e-02 4.977024e+16 5.06986491e-22 4.169819e+04
5.337992e-02 6.280291e+16 7.38046493e-26 4.708164e+04
5.337992e-02 7.924829e+16 1.57380434e-30 5.388220e+04
5.337992e-02 1.000000e+17 2.79524808e-36 6.083867e+04
5.723812e-02 1.261857e+07 2.96530176e-05 2.251848e-01
5.723812e-02 1.592283e+07 3.05696177e-05 2.542573e-01
5.723812e-02 2.009233e+07 3.23830311e-05 2.909827e-01
5.723812e-02 2.535364e+07 3.43109965e-05 3.330128e-01
5.723812e-02 3.199267e+07 3.63612004e-05 3.811138e-01
5.723812e-02 4.037017e+07 3.85418737e-05 4.361626e-01
5.723812e-02 5.094138e+07 3.97739821e-05 4.924734e-01
5.723812e-02 6.428073e+07 4.21769399e-05 5.636072e-01
5.723812e-02 8.111308e+07 4.47345047e-05 6.450157e-01
5.723812e-02 1.023531e+08 4.61937853e-05 7.282906e-01
5.723812e-02 1.291550e+08 4.90157671e-05 8.334862e-01
5.723812e-02 1.629751e+08 5.20212866e-05 9.538766e-01
5.723812e-02 2.056512e+08 5.37527913e-05 1.077027e+00
5.723812e-02 2.595024e+08 5.70733580e-05 1.232595e+00
5.723812e-02 3.274549e+08 6.06121633e-05 1.410633e+00
5.723812e-02 4.132012e+08 6.26702585e-05 1.592753e+00
5.723812e-02 5.214008e+08 6.65849509e-05 1.822813e+00
5.723812e-02 6.579332e+08 6.88756922e-05 2.058148e+00
5.723812e-02 8.302176e+08 7.32096702e-05 2.355431e+00
5.723812e-02 1.047616e+09 7.78331078e-05 2.695653e+00
5.723812e-02 1.321941e+09 8.05627744e-05 3.043676e+00
5.723812e-02 1.668101e+09 8.56870765e-05 3.483310e+00
5.723812e-02 2.104904e+09 8.87296135e-05 3.933024e+00
5.723812e-02 2.656088e+09 9.44127091e-05 4.501117e+00
5.723812e-02 3.351603e+09 9.78051894e-05 5.082234e+00
5.723812e-02 4.229243e+09 1.04111457e-04 5.816322e+00
5.723812e-02 5.336699e+09 1.07894833e-04 6.567239e+00
5.723812e-02 6.734151e+09 1.14895528e-04 7.515823e+00
5.723812e-02 8.497534e+09 1.19114715e-04 8.486155e+00
5.723812e-02 1.072267e+10 1.26888270e-04 9.711911e+00
5.723812e-02 1.353048e+10 1.31592064e-04 1.096577e+01
5.723812e-02 1.707353e+10 1.40224179e-04 1.254968e+01
5.723812e-02 2.154435e+10 1.45464900e-04 1.416991e+01
5.723812e-02 2.718588e+10 1.55048298e-04 1.621664e+01
5.723812e-02 3.430469e+10 1.60881020e-04 1.831029e+01
5.723812e-02 4.328761e+10 1.71514670e-04 2.095507e+01
5.723812e-02 5.462277e+10 1.77995870e-04 2.366047e+01
5.723812e-02 6.892612e+10 1.84730862e-04 2.671516e+01
5.723812e-02 8.697490e+10 1.96968712e-04 3.057395e+01
5.723812e-02 1.097499e+11 2.04424485e-04 3.452120e+01
5.723812e-02 1.384886e+11 2.17956361e-04 3.950751e+01
5.723812e-02 1.747528e+11 2.26179547e-04 4.460813e+01
5.723812e-02 2.205131e+11 2.41103451e-04 5.105142e+01
5.723812e-02 2.782559e+11 2.50127635e-04 5.764242e+01
5.723812e-02 3.511192e+11 2.59432005e-04 6.508435e+01
5.723812e-02 4.430621e+11 2.76364064e-04 7.448526e+01
5.723812e-02 5.590810e+11 2.86463075e-04 8.410168e+01
5.723812e-02 7.054802e+11 3.04922093e-04 9.624949e+01
5.723812e-02 8.902151e+11 3.15767240e-04 1.086758e+02
5.723812e-02 1.123324e+12 3.26797903e-04 1.227064e+02
5.723812e-02 1.417474e+12 3.47212925e-04 1.404303e+02
5.723812e-02 1.788650e+12 3.58777026e-04 1.585606e+02
5.723812e-02 2.257020e+12 3.80487799e-04 1.814634e+02
5.723812e-02 2.848036e+12 3.92315881e-04 2.048913e+02
5.723812e-02 3.593814e+12 4.03969084e-04 2.313438e+02
5.723812e-02 4.534879e+12 4.26681754e-04 2.647595e+02
5.723812e-02 5.722368e+12 4.37885776e-04 2.989413e+02
5.723812e-02 7.220809e+12 4.60717998e-04 3.421210e+02
5.723812e-02 9.111628e+12 4.70707322e-04 3.862905e+02
5.723812e-02 1.149757e+13 4.79587028e-04 4.361626e+02
5.723812e-02 1.450829e+13 5.00402542e-04 4.991628e+02
5.723812e-02 1.830738e+13 5.06357618e-04 5.636072e+02
5.723812e-02 2.310130e+13 5.24170639e-04 6.450157e+02
5.723812e-02 2.915053e+13 5.25585073e-04 7.282906e+02
5.723812e-02 3.678380e+13 5.38362294e-04 8.334862e+02
5.723812e-02 4.641589e+13 5.33266572e-04 9.410936e+02
5.723812e-02 5.857021e+13 5.24228883e-04 1.062594e+03
5.723812e-02 7.390722e+13 5.24803837e-04 1.216077e+03
5.723812e-02 9.326033e+13 5.06195878e-04 1.373078e+03
5.723812e-02 1.176812e+14 4.95677895e-04 1.571408e+03
5.723812e-02 1.484968e+14 4.65962410e-04 1.774285e+03
5.723812e-02 1.873817e+14 4.31010219e-04 2.003355e+03
5.723812e-02 2.364489e+14 4.01922139e-04 2.292723e+03
5.723812e-02 2.983647e+14 3.56837704e-04 2.588725e+03
5.723812e-02 3.764936e+14 3.17137142e-04 2.962645e+03
5.723812e-02 4.750810e+14 2.66104499e-04 3.345138e+03
5.723812e-02 5.994843e+14 2.15385589e-04 3.777013e+03
5.723812e-02 7.564633e+14 1.71636546e-04 4.322572e+03
5.723812e-02 9.545485e+14 1.26610264e-04 4.880638e+03
5.723812e-02 1.204504e+15 9.04162237e-05 5.585606e+03
5.723812e-02 1.519911e+15 5.85392094e-05 6.306737e+03
5.723812e-02 1.917910e+15 3.57387188e-05 7.217694e+03
5.723812e-02 2.420128e+15 1.91621881e-05 8.149535e+03
5.723812e-02 3.053856e+15 9.09552226e-06 9.201681e+03
5.723812e-02 3.853529e+15 3.84022814e-06 1.053079e+04
5.723812e-02 4.862602e+15 1.32718299e-06 1.189037e+04
5.723812e-02 6.135907e+15 3.80539392e-07 1.360784e+04
5.723812e-02 7.742637e+15 8.12271913e-08 1.536468e+04
5.723812e-02 9.770100e+15 1.27265131e-08 1.758398e+04
5.723812e-02 1.232847e+16 1.28029954e-09 1.985416e+04
5.723812e-02 1.555676e+16 7.97641712e-11 2.272193e+04
5.723812e-02 1.963041e+16 2.63515966e-12 2.565545e+04
5.723812e-02 2.477076e+16 4.33619150e-14 2.936118e+04
5.723812e-02 3.125716e+16 2.92663760e-16 3.315185e+04
5.723812e-02 3.944206e+16 7.17138623e-19 3.794037e+04
5.723812e-02 4.977024e+16 4.81587922e-22 4.283867e+04
5.723812e-02 6.280291e+16 6.94729866e-26 4.902636e+04
5.723812e-02 7.924829e+16 1.37998749e-30 5.535592e+04
5.723812e-02 1.000000e+17 2.38591742e-36 6.335163e+04
6.137518e-02 1.261857e+07 3.47149422e-05 2.344861e-01
6.137518e-02 1.592283e+07 3.67668014e-05 2.683558e-01
6.137518e-02 2.009233e+07 3.89477904e-05 3.071176e-01
6.137518e-02 2.535364e+07 4.12665427e-05 3.514782e-01
6.137518e-02 3.199267e+07 4.25680327e-05 3.968559e-01
6.137518e-02 4.037017e+07 4.51208723e-05 4.541785e-01
6.137518e-02 5.094138e+07 4.78367551e-05 5.197809e-01
6.137518e-02 6.428073e+07 4.93762499e-05 5.868873e-01
6.137518e-02 8.111308e+07 5.23702606e-05 6.716584e-01
6.137518e-02 1.023531e+08 5.55575877e-05 7.686740e-01
6.137518e-02 1.291550e+08 5.73820112e-05 8.679137e-01
6.137518e-02 1.629751e+08 6.09003562e-05 9.932768e-01
6.137518e-02 2.056512e+08 6.46483118e-05 1.136748e+00
6.137518e-02 2.595024e+08 6.68142964e-05 1.283508e+00
6.137518e-02 3.274549e+08 7.09568276e-05 1.468900e+00
6.137518e-02 4.132012e+08 7.33658899e-05 1.658542e+00
6.137518e-02 5.214008e+08 7.79483526e-05 1.898105e+00
6.137518e-02 6.579332e+08 8.28349440e-05 2.172271e+00
6.137518e-02 8.302176e+08 8.57028253e-05 2.452723e+00
6.137518e-02 1.047616e+09 9.11147554e-05 2.806999e+00
6.137518e-02 1.321941e+09 9.43096681e-05 3.169396e+00
6.137518e-02 1.668101e+09 1.00307725e-04 3.627190e+00
6.137518e-02 2.104904e+09 1.03868695e-04 4.095479e+00
6.137518e-02 2.656088e+09 1.10520625e-04 4.687038e+00
6.137518e-02 3.351603e+09 1.14490986e-04 5.292158e+00
6.137518e-02 4.229243e+09 1.21872065e-04 6.056568e+00
6.137518e-02 5.336699e+09 1.26299674e-04 6.838501e+00
6.137518e-02 6.734151e+09 1.34493198e-04 7.826267e+00
6.137518e-02 8.497534e+09 1.39430527e-04 8.836679e+00
6.137518e-02 1.072267e+10 1.48528159e-04 1.011307e+01
6.137518e-02 1.353048e+10 1.54032185e-04 1.141871e+01
6.137518e-02 1.707353e+10 1.64134048e-04 1.306805e+01
6.137518e-02 2.154435e+10 1.70265828e-04 1.475521e+01
6.137518e-02 2.718588e+10 1.81480204e-04 1.688648e+01
6.137518e-02 3.430469e+10 1.88303961e-04 1.906661e+01
6.137518e-02 4.328761e+10 1.95401965e-04 2.152820e+01
6.137518e-02 5.462277e+10 2.08327882e-04 2.463778e+01
6.137518e-02 6.892612e+10 2.16205754e-04 2.781864e+01
6.137518e-02 8.697490e+10 2.30523143e-04 3.183682e+01
6.137518e-02 1.097499e+11 2.39242760e-04 3.594712e+01
6.137518e-02 1.384886e+11 2.55072161e-04 4.113939e+01
6.137518e-02 1.747528e+11 2.64687475e-04 4.645069e+01
6.137518e-02 2.205131e+11 2.74631349e-04 5.244771e+01
6.137518e-02 2.782559e+11 2.92692229e-04 6.002336e+01
6.137518e-02 3.511192e+11 3.03567820e-04 6.777268e+01
6.137518e-02 4.430621e+11 3.23366376e-04 7.756190e+01
6.137518e-02 5.590810e+11 3.35167059e-04 8.757554e+01
6.137518e-02 7.054802e+11 3.47248455e-04 9.888199e+01
6.137518e-02 8.902151e+11 3.69413415e-04 1.131647e+02
6.137518e-02 1.123324e+12 3.82294419e-04 1.277748e+02
6.137518e-02 1.417474e+12 4.06148758e-04 1.462309e+02
6.137518e-02 1.788650e+12 4.19644553e-04 1.651100e+02
6.137518e-02 2.257020e+12 4.33155192e-04 1.864266e+02
6.137518e-02 2.848036e+12 4.58794822e-04 2.133544e+02
6.137518e-02 3.593814e+12 4.72376122e-04 2.408995e+02
6.137518e-02 4.534879e+12 4.98880725e-04 2.756955e+02
6.137518e-02 5.722368e+12 5.11919280e-04 3.112892e+02
6.137518e-02 7.220809e+12 5.24203168e-04 3.514782e+02
6.137518e-02 9.111628e+12 5.50136732e-04 4.022464e+02
6.137518e-02 1.149757e+13 5.60424034e-04 4.541785e+02
6.137518e-02 1.450829e+13 5.84643013e-04 5.197809e+02
6.137518e-02 1.830738e+13 5.91482433e-04 5.868873e+02
6.137518e-02 2.310130e+13 5.95856756e-04 6.626574e+02
6.137518e-02 2.915053e+13 6.13653545e-04 7.583729e+02
6.137518e-02 3.678380e+13 6.11668024e-04 8.562827e+02
6.137518e-02 4.641589e+13 6.22256648e-04 9.799658e+02
6.137518e-02 5.857021e+13 6.11497979e-04 1.106484e+03
6.137518e-02 7.390722e+13 5.95638112e-04 1.249337e+03
6.137518e-02 9.326033e+13 5.89972117e-04 1.429794e+03
6.137518e-02 1.176812e+14 5.62053480e-04 1.614388e+03
6.137518e-02 1.484968e+14 5.42504348e-04 1.847573e+03
6.137518e-02 1.873817e+14 5.01490300e-04 2.086104e+03
6.137518e-02 2.364489e+14 4.54865187e-04 2.355431e+03
6.137518e-02 2.983647e+14 4.14543948e-04 2.695653e+03
6.137518e-02 3.764936e+14 3.58275414e-04 3.043676e+03
6.137518e-02 4.750810e+14 3.08510173e-04 3.483310e+03
6.137518e-02 5.994843e+14 2.49397463e-04 3.933024e+03
6.137518e-02 7.564633e+14 1.93170908e-04 4.440797e+03
6.137518e-02 9.545485e+14 1.46149518e-04 5.082234e+03
6.137518e-02 1.204504e+15 1.01395424e-04 5.738377e+03
6.137518e-02 1.519911e+15 6.72918452e-05 6.567239e+03
6.137518e-02 1.917910e+15 3.98838425e-05 7.415103e+03
6.137518e-02 2.420128e+15 2.19022517e-05 8.486155e+03
6.137518e-02 3.053856e+15 1.03587625e-05 9.581761e+03
6.137518e-02 3.853529e+15 4.23916090e-06 1.081881e+04
6.137518e-02 4.862602e+15 1.49761344e-06 1.238151e+04
6.137518e-02 6.135907e+15 4.15493942e-07 1.398002e+04
6.137518e-02 7.742637e+15 9.04663311e-08 1.599932e+04
6.137518e-02 9.770100e+15 1.36785853e-08 1.806492e+04
6.137518e-02 1.232847e+16 1.39908906e-09 2.067425e+04
6.137518e-02 1.555676e+16 8.37835524e-11 2.334340e+04
6.137518e-02 1.963041e+16 2.80076112e-12 2.671516e+04
6.137518e-02 2.477076e+16 4.40454804e-14 3.016423e+04
6.137518e-02 3.125716e+16 2.98744085e-16 3.452120e+04
6.137518e-02 3.944206e+16 6.93864774e-19 3.897807e+04
6.137518e-02 4.977024e+16 4.63592518e-22 4.460813e+04
6.137518e-02 6.280291e+16 6.26146779e-26 5.036727e+04
6.137518e-02 7.924829e+16 1.21866131e-30 5.764242e+04
6.137518e-02 1.000000e+17 1.93517016e-36 6.508435e+04
6.581126e-02 1.261857e+07 4.17715394e-05 2.474883e-01
6.581126e-02 1.592283e+07 4.42404344e-05 2.832360e-01
6.581126e-02 2.009233e+07 4.56170344e-05 3.198032e-01
6.581126e-02 2.535364e+07 4.83327699e-05 3.659962e-01
6.581126e-02 3.199267e+07 5.12206681e-05 4.188614e-01
6.581126e-02 4.037017e+07 5.28469142e-05 4.729385e-01
6.581126e-02 5.094138e+07 5.60277287e-05 5.412507e-01
6.581126e-02 6.428073e+07 5.94124188e-05 6.194299e-01
6.581126e-02 8.111308e+07 6.13372221e-05 6.994015e-01
6.581126e-02 1.023531e+08 6.50701250e-05 8.004244e-01
6.581126e-02 1.291550e+08 6.90448939e-05 9.160392e-01
6.581126e-02 1.629751e+08 7.13272637e-05 1.034305e+00
6.581126e-02 2.056512e+08 7.57166662e-05 1.183701e+00
6.581126e-02 2.595024e+08 7.82532048e-05 1.336523e+00
6.581126e-02 3.274549e+08 8.31046314e-05 1.529573e+00
6.581126e-02 4.132012e+08 8.82758963e-05 1.750508e+00
6.581126e-02 5.214008e+08 9.12922982e-05 1.976507e+00
6.581126e-02 6.579332e+08 9.70149398e-05 2.261998e+00
6.581126e-02 8.302176e+08 1.00373214e-04 2.554033e+00
6.581126e-02 1.047616e+09 1.06710921e-04 2.922943e+00
6.581126e-02 1.321941e+09 1.10452011e-04 3.300310e+00
6.581126e-02 1.668101e+09 1.17475912e-04 3.777013e+00
6.581126e-02 2.104904e+09 1.21645460e-04 4.264644e+00
6.581126e-02 2.656088e+09 1.29434811e-04 4.880638e+00
6.581126e-02 3.351603e+09 1.34083490e-04 5.510753e+00
6.581126e-02 4.229243e+09 1.42726338e-04 6.306737e+00
6.581126e-02 5.336699e+09 1.47910090e-04 7.120968e+00
6.581126e-02 6.734151e+09 1.57503843e-04 8.149535e+00
6.581126e-02 8.497534e+09 1.63283981e-04 9.201681e+00
6.581126e-02 1.072267e+10 1.73935798e-04 1.053079e+01
6.581126e-02 1.353048e+10 1.80378869e-04 1.189037e+01
6.581126e-02 1.707353e+10 1.92205755e-04 1.360784e+01
6.581126e-02 2.154435e+10 1.99383031e-04 1.536468e+01
6.581126e-02 2.718588e+10 2.06853858e-04 1.734834e+01
6.581126e-02 3.430469e+10 2.20497851e-04 1.985416e+01
6.581126e-02 4.328761e+10 2.28804698e-04 2.241744e+01
6.581126e-02 5.462277e+10 2.43934807e-04 2.565545e+01
6.581126e-02 6.892612e+10 2.53153057e-04 2.896770e+01
6.581126e-02 8.697490e+10 2.69910096e-04 3.315185e+01
6.581126e-02 1.097499e+11 2.80111605e-04 3.743193e+01
6.581126e-02 1.384886e+11 2.90685424e-04 4.226458e+01
6.581126e-02 1.747528e+11 3.09883051e-04 4.836936e+01
6.581126e-02 2.205131e+11 3.21513167e-04 5.461409e+01
6.581126e-02 2.782559e+11 3.42643640e-04 6.250265e+01
6.581126e-02 3.511192e+11 3.55359981e-04 7.057206e+01
6.581126e-02 4.430621e+11 3.68441479e-04 7.968328e+01
6.581126e-02 5.590810e+11 3.92311924e-04 9.119288e+01
6.581126e-02 7.054802e+11 4.06430447e-04 1.029663e+02
6.581126e-02 8.902151e+11 4.32346610e-04 1.178390e+02
6.581126e-02 1.123324e+12 4.47392137e-04 1.330526e+02
6.581126e-02 1.417474e+12 4.62620644e-04 1.502304e+02
6.581126e-02 1.788650e+12 4.91027038e-04 1.719300e+02
6.581126e-02 2.257020e+12 5.06791287e-04 1.941270e+02
6.581126e-02 2.848036e+12 5.22448400e-04 2.191898e+02
6.581126e-02 3.593814e+12 5.52567600e-04 2.508500e+02
6.581126e-02 4.534879e+12 5.67968969e-04 2.832360e+02
6.581126e-02 5.722368e+12 5.98676271e-04 3.241471e+02
6.581126e-02 7.220809e+12 6.12954546e-04 3.659962e+02
6.581126e-02 9.111628e+12 6.26054337e-04 4.132482e+02
6.581126e-02 1.149757e+13 6.55090072e-04 4.729385e+02
6.581126e-02 1.450829e+13 6.65077274e-04 5.339973e+02
6.581126e-02 1.830738e+13 6.91111957e-04 6.111289e+02
6.581126e-02 2.310130e+13 6.96056188e-04 6.900288e+02
6.581126e-02 2.915053e+13 6.97574844e-04 7.791150e+02
6.581126e-02 3.678380e+13 7.14121905e-04 8.916518e+02
6.581126e-02 4.641589e+13 7.06906770e-04 1.006769e+03
6.581126e-02 5.857021e+13 6.94423985e-04 1.136748e+03
6.581126e-02 7.390722e+13 6.94620819e-04 1.300942e+03
6.581126e-02 9.326033e+13 6.69378511e-04 1.468900e+03
6.581126e-02 1.176812e+14 6.54792594e-04 1.681071e+03
6.581126e-02 1.484968e+14 6.14818609e-04 1.898105e+03
6.581126e-02 1.873817e+14 5.67946324e-04 2.143160e+03
6.581126e-02 2.364489e+14 5.28817882e-04 2.452723e+03
6.581126e-02 2.983647e+14 4.68691968e-04 2.769382e+03
6.581126e-02 3.764936e+14 4.15728122e-04 3.169396e+03
6.581126e-02 4.750810e+14 3.48044659e-04 3.578582e+03
6.581126e-02 5.994843e+14 2.80978667e-04 4.040595e+03
6.581126e-02 7.564633e+14 2.23238122e-04 4.624226e+03
6.581126e-02 9.545485e+14 1.64106844e-04 5.221237e+03
6.581126e-02 1.204504e+15 1.16724850e-04 5.975403e+03
6.581126e-02 1.519911e+15 7.52207084e-05 6.746858e+03
6.581126e-02 1.917910e+15 4.56733705e-05 7.721387e+03
6.581126e-02 2.420128e+15 2.43331871e-05 8.718257e+03
6.581126e-02 3.053856e+15 1.14639086e-05 9.843829e+03
6.581126e-02 3.853529e+15 4.79779253e-06 1.126569e+04
6.581126e-02 4.862602e+15 1.64096895e-06 1.272015e+04
6.581126e-02 6.135907e+15 4.64726405e-07 1.455747e+04
6.581126e-02 7.742637e+15 9.77374343e-08 1.643692e+04
6.581126e-02 9.770100e+15 1.50420675e-08 1.881109e+04
6.581126e-02 1.232847e+16 1.48089389e-09 2.123970e+04
6.581126e-02 1.555676e+16 8.98805717e-11 2.430761e+04
6.581126e-02 1.963041e+16 2.87706086e-12 2.744584e+04
6.581126e-02 2.477076e+16 4.55737710e-14 3.141017e+04
6.581126e-02 3.125716e+16 2.93809368e-16 3.546539e+04
6.581126e-02 3.944206e+16 6.63133947e-19 4.004415e+04
6.581126e-02 4.977024e+16 4.28002994e-22 4.582820e+04
6.581126e-02 6.280291e+16 5.54355054e-26 5.174486e+04
6.581126e-02 7.924829e+16 1.02522571e-30 5.921898e+04
6.581126e-02 1.000000e+17 1.52919518e-36 6.686446e+04
7.056797e-02 1.261857e+07 4.89480348e-05 2.577109e-01
7.056797e-02 1.592283e+07 5.18410294e-05 2.949352e-01
7.056797e-02 2.009233e+07 5.49160665e-05 3.375362e-01
7.056797e-02 2.535364e+07 5.66362685e-05 3.811138e-01
7.056797e-02 3.199267e+07 6.00201995e-05 4.361626e-01
7.056797e-02 4.037017e+07 6.36194264e-05 4.991628e-01
7.056797e-02 5.094138e+07 6.56528329e-05 5.636072e-01
7.056797e-02 6.428073e+07 6.96188242e-05 6.450157e-01
7.056797e-02 8.111308e+07 7.38399179e-05 7.381830e-01
7.056797e-02 1.023531e+08 7.62480588e-05 8.334862e-01
7.056797e-02 1.291550e+08 8.09053808e-05 9.538766e-01
7.056797e-02 1.629751e+08 8.35795396e-05 1.077027e+00
7.056797e-02 2.056512e+08 8.87226161e-05 1.232595e+00
7.056797e-02 2.595024e+08 9.42024174e-05 1.410633e+00
7.056797e-02 3.274549e+08 9.73788308e-05 1.592753e+00
7.056797e-02 4.132012e+08 1.03437847e-04 1.822813e+00
7.056797e-02 5.214008e+08 1.06971803e-04 2.058148e+00
7.056797e-02 6.579332e+08 1.13676699e-04 2.355431e+00
7.056797e-02 8.302176e+08 1.17611051e-04 2.659529e+00
7.056797e-02 1.047616e+09 1.25036390e-04 3.043676e+00
7.056797e-02 1.321941e+09 1.29419053e-04 3.436630e+00
7.056797e-02 1.668101e+09 1.37648095e-04 3.933024e+00
7.056797e-02 2.104904e+09 1.42532472e-04 4.440797e+00
7.056797e-02 2.656088e+09 1.51657975e-04 5.082234e+00
7.056797e-02 3.351603e+09 1.57103338e-04 5.738377e+00
7.056797e-02 4.229243e+09 1.67228328e-04 6.567239e+00
7.056797e-02 5.336699e+09 1.73300090e-04 7.415103e+00
7.056797e-02 6.734151e+09 1.84538516e-04 8.486155e+00
7.056797e-02 8.497534e+09 1.91308346e-04 9.581761e+00
7.056797e-02 1.072267e+10 2.03785523e-04 1.096577e+01
7.056797e-02 1.353048e+10 2.11331166e-04 1.238151e+01
7.056797e-02 1.707353e+10 2.19188887e-04 1.398002e+01
7.056797e-02 2.154435e+10 2.33588534e-04 1.599932e+01
7.056797e-02 2.718588e+10 2.42336461e-04 1.806492e+01
7.056797e-02 3.430469e+10 2.58315599e-04 2.067425e+01
7.056797e-02 4.328761e+10 2.68041234e-04 2.334340e+01
7.056797e-02 5.462277e+10 2.78151426e-04 2.635715e+01
7.056797e-02 6.892612e+10 2.96550163e-04 3.016423e+01
7.056797e-02 8.697490e+10 3.07753598e-04 3.405858e+01
7.056797e-02 1.097499e+11 3.28110847e-04 3.897807e+01
7.056797e-02 1.384886e+11 3.40485270e-04 4.401034e+01
7.056797e-02 1.747528e+11 3.53295809e-04 4.969230e+01
7.056797e-02 2.205131e+11 3.76566037e-04 5.686995e+01
7.056797e-02 2.782559e+11 3.90613979e-04 6.421215e+01
7.056797e-02 3.511192e+11 4.16171368e-04 7.348707e+01
7.056797e-02 4.430621e+11 4.31469606e-04 8.297463e+01
7.056797e-02 5.590810e+11 4.47167742e-04 9.368708e+01
7.056797e-02 7.054802e+11 4.75902253e-04 1.072194e+02
7.056797e-02 8.902151e+11 4.92738189e-04 1.210620e+02
7.056797e-02 1.123324e+12 5.23793335e-04 1.385484e+02
7.056797e-02 1.417474e+12 5.41579686e-04 1.564357e+02
7.056797e-02 1.788650e+12 5.59482436e-04 1.766324e+02
7.056797e-02 2.257020e+12 5.93181679e-04 2.021455e+02
7.056797e-02 2.848036e+12 6.11444042e-04 2.282435e+02
7.056797e-02 3.593814e+12 6.29404988e-04 2.577109e+02
7.056797e-02 4.534879e+12 6.64558589e-04 2.949352e+02
7.056797e-02 5.722368e+12 6.81744235e-04 3.330128e+02
7.056797e-02 7.220809e+12 7.16984306e-04 3.811138e+02
7.056797e-02 9.111628e+12 7.32182809e-04 4.303176e+02
7.056797e-02 1.149757e+13 7.45603493e-04 4.858738e+02
7.056797e-02 1.450829e+13 7.77511797e-04 5.560543e+02
7.056797e-02 1.830738e+13 7.86255413e-04 6.278437e+02
7.056797e-02 2.310130e+13 7.91675556e-04 7.089016e+02
7.056797e-02 2.915053e+13 8.14867992e-04 8.112967e+02
7.056797e-02 3.678380e+13 8.11727258e-04 9.160392e+02
7.056797e-02 4.641589e+13 8.25205342e-04 1.048354e+03
7.056797e-02 5.857021e+13 8.10305723e-04 1.183701e+03
7.056797e-02 7.390722e+13 7.88598136e-04 1.336523e+03
7.056797e-02 9.326033e+13 7.80325843e-04 1.529573e+03
7.056797e-02 1.176812e+14 7.42571103e-04 1.727049e+03
7.056797e-02 1.484968e+14 7.15839686e-04 1.976507e+03
7.056797e-02 1.873817e+14 6.60774962e-04 2.231685e+03
7.056797e-02 2.364489e+14 5.98366015e-04 2.519806e+03
7.056797e-02 2.983647e+14 5.44313224e-04 2.883772e+03
7.056797e-02 3.764936e+14 4.69433390e-04 3.256082e+03
7.056797e-02 4.750810e+14 4.03246201e-04 3.726396e+03
7.056797e-02 5.994843e+14 3.25071342e-04 4.207493e+03
7.056797e-02 7.564633e+14 2.50973992e-04 4.750702e+03
7.056797e-02 9.545485e+14 1.89176060e-04 5.436903e+03
7.056797e-02 1.204504e+15 1.30680313e-04 6.138835e+03
7.056797e-02 1.519911e+15 8.62917675e-05 7.025540e+03
7.056797e-02 1.917910e+15 5.08454807e-05 7.932573e+03
7.056797e-02 2.420128e+15 2.69922167e-05 8.956708e+03
7.056797e-02 3.053856e+15 1.30098869e-05 1.025043e+04
7.056797e-02 3.853529e+15 5.27383014e-06 1.157382e+04
7.056797e-02 4.862602e+15 1.84237499e-06 1.324556e+04
7.056797e-02 6.135907e+15 5.04372170e-07 1.495563e+04
7.056797e-02 7.742637e+15 1.08076614e-07 1.711585e+04
7.056797e-02 9.770100e+15 1.60294145e-08 1.932559e+04
7.056797e-02 1.232847e+16 1.60177752e-09 2.211702e+04
7.056797e-02 1.555676e+16 9.32552782e-11 2.497244e+04
7.056797e-02 1.963041e+16 2.93280835e-12 2.819651e+04
7.056797e-02 2.477076e+16 4.54777757e-14 3.226926e+04
7.056797e-02 3.125716e+16 2.85766886e-16 3.643539e+04
7.056797e-02 3.944206e+16 6.42467950e-19 4.169819e+04
7.056797e-02 4.977024e+16 3.88852994e-22 4.708164e+04
7.056797e-02 6.280291e+16 4.94561934e-26 5.388220e+04
7.056797e-02 7.924829e+16 8.42597521e-31 6.083867e+04
7.056797e-02 1.000000e+17 1.20686483e-36 6.962632e+04
7.566848e-02 1.261857e+07 5.89563453e-05 2.720009e-01
7.566848e-02 1.592283e+07 6.07784423e-05 3.071176e-01
7.566848e-02 2.009233e+07 6.43835185e-05 3.514782e-01
7.566848e-02 2.535364e+07 6.82162637e-05 4.022464e-01
7.566848e-02 3.199267e+07 7.03673449e-05 4.541785e-01
7.566848e-02 4.037017e+07 7.45869035e-05 5.197809e-01
7.566848e-02 5.094138e+07 7.90758843e-05 5.948590e-01
7.566848e-02 6.428073e+07 8.16201582e-05 6.716584e-01
7.566848e-02 8.111308e+07 8.65686731e-05 7.686740e-01
7.566848e-02 1.023531e+08 8.93916687e-05 8.679137e-01
7.566848e-02 1.291550e+08 9.48515074e-05 9.932768e-01
7.566848e-02 1.629751e+08 1.00666277e-04 1.136748e+00
7.566848e-02 2.056512e+08 1.04015470e-04 1.283508e+00
7.566848e-02 2.595024e+08 1.10439342e-04 1.468900e+00
7.566848e-02 3.274549e+08 1.14162726e-04 1.658542e+00
7.566848e-02 4.132012e+08 1.21265452e-04 1.898105e+00
7.566848e-02 5.214008e+08 1.25407813e-04 2.143160e+00
7.566848e-02 6.579332e+08 1.33267484e-04 2.452723e+00
7.566848e-02 8.302176e+08 1.37879003e-04 2.769382e+00
7.566848e-02 1.047616e+09 1.46582951e-04 3.169396e+00
7.566848e-02 1.321941e+09 1.51719723e-04 3.578582e+00
7.566848e-02 1.668101e+09 1.61365451e-04 4.095479e+00
7.566848e-02 2.104904e+09 1.67089984e-04 4.624226e+00
7.566848e-02 2.656088e+09 1.77786097e-04 5.292158e+00
7.566848e-02 3.351603e+09 1.84167745e-04 5.975403e+00
7.566848e-02 4.229243e+09 1.96034844e-04 6.838501e+00
7.566848e-02 5.336699e+09 2.03150124e-04 7.721387e+00
7.566848e-02 6.734151e+09 2.16321555e-04 8.836679e+00
7.566848e-02 8.497534e+09 2.24254263e-04 9.977539e+00
7.566848e-02 1.072267e+10 2.32517105e-04 1.126569e+01
7.566848e-02 1.353048e+10 2.47717615e-04 1.289293e+01
7.566848e-02 1.707353e+10 2.56923787e-04 1.455747e+01
7.566848e-02 2.154435e+10 2.73797280e-04 1.666018e+01
7.566848e-02 2.718588e+10 2.84045246e-04 1.881109e+01
7.566848e-02 3.430469e+10 2.94707420e-04 2.123970e+01
7.566848e-02 4.328761e+10 3.14159666e-04 2.430761e+01
7.566848e-02 5.462277e+10 3.26000957e-04 2.744584e+01
7.566848e-02 6.892612e+10 3.47555024e-04 3.141017e+01
7.566848e-02 8.697490e+10 3.60674415e-04 3.546539e+01
7.566848e-02 1.097499e+11 3.74282656e-04 4.004415e+01
7.566848e-02 1.384886e+11 3.99007106e-04 4.582820e+01
7.566848e-02 1.747528e+11 4.14003373e-04 5.174486e+01
7.566848e-02 2.205131e+11 4.41253494e-04 5.921898e+01
7.566848e-02 2.782559e+11 4.57693546e-04 6.686446e+01
7.566848e-02 3.511192e+11 4.74633813e-04 7.549700e+01
7.566848e-02 4.430621e+11 5.05512267e-04 8.640193e+01
7.566848e-02 5.590810e+11 5.23873065e-04 9.755686e+01
7.566848e-02 7.054802e+11 5.42658177e-04 1.101519e+02
7.566848e-02 8.902151e+11 5.77181874e-04 1.260625e+02
7.566848e-02 1.123324e+12 5.97178142e-04 1.423378e+02
7.566848e-02 1.417474e+12 6.34290301e-04 1.628974e+02
7.566848e-02 1.788650e+12 6.55196592e-04 1.839282e+02
7.566848e-02 2.257020e+12 6.76098037e-04 2.076743e+02
7.566848e-02 2.848036e+12 7.15893723e-04 2.376712e+02
7.566848e-02 3.593814e+12 7.36831656e-04 2.683558e+02
7.566848e-02 4.534879e+12 7.57170061e-04 3.030019e+02
7.566848e-02 5.722368e+12 7.97875465e-04 3.467680e+02
7.566848e-02 7.220809e+12 8.16643394e-04 3.915376e+02
7.566848e-02 9.111628e+12 8.56606493e-04 4.480920e+02
7.566848e-02 1.149757e+13 8.72130485e-04 5.059430e+02
7.566848e-02 1.450829e+13 8.85041857e-04 5.712628e+02
7.566848e-02 1.830738e+13 9.19243071e-04 6.537771e+02
7.566848e-02 2.310130e+13 9.25321768e-04 7.381830e+02
7.566848e-02 2.915053e+13 9.26784849e-04 8.334862e+02
7.566848e-02 3.678380e+13 9.48133687e-04 9.538766e+02
7.566848e-02 4.641589e+13 9.37850752e-04 1.077027e+03
7.566848e-02 5.857021e+13 9.45692175e-04 1.232595e+03
7.566848e-02 7.390722e+13 9.19906233e-04 1.391729e+03
7.566848e-02 9.326033e+13 8.85533567e-04 1.571408e+03
7.566848e-02 1.176812e+14 8.65196657e-04 1.798386e+03
7.566848e-02 1.484968e+14 8.11273189e-04 2.030566e+03
7.566848e-02 1.873817e+14 7.48267734e-04 2.292723e+03
7.566848e-02 2.364489e+14 6.95494091e-04 2.623888e+03
7.566848e-02 2.983647e+14 6.15184707e-04 2.962645e+03
7.566848e-02 3.764936e+14 5.44419456e-04 3.390576e+03
7.566848e-02 4.750810e+14 4.54590114e-04 3.828316e+03
7.566848e-02 5.994843e+14 3.65888501e-04 4.322572e+03
7.566848e-02 7.564633e+14 2.89690385e-04 4.946932e+03
7.566848e-02 9.545485e+14 2.12103090e-04 5.585606e+03
7.566848e-02 1.204504e+15 1.50161675e-04 6.392402e+03
7.566848e-02 1.519911e+15 9.62446453e-05 7.217694e+03
7.566848e-02 1.917910e+15 5.65238005e-05 8.149535e+03
7.566848e-02 2.420128e+15 3.07089140e-05 9.326669e+03
7.566848e-02 3.053856e+15 1.43423390e-05 1.053079e+04
7.566848e-02 3.853529e+15 5.94135602e-06 1.205188e+04
7.566848e-02 4.862602e+15 2.00767763e-06 1.360784e+04
7.566848e-02 6.135907e+15 5.60459095e-07 1.557338e+04
7.566848e-02 7.742637e+15 1.15856482e-07 1.758398e+04
7.566848e-02 9.770100e+15 1.74638928e-08 2.012384e+04
7.566848e-02 1.232847e+16 1.67665076e-09 2.272193e+04
7.566848e-02 1.555676e+16 9.60863223e-11 2.565545e+04
7.566848e-02 1.963041e+16 3.04588295e-12 2.936118e+04
7.566848e-02 2.477076e+16 4.49294339e-14 3.315185e+04
7.566848e-02 3.125716e+16 2.82128566e-16 3.794037e+04
7.566848e-02 3.944206e+16 5.97167815e-19 4.283867e+04
7.566848e-02 4.977024e+16 3.56681692e-22 4.902636e+04
7.566848e-02 6.280291e+16 4.20558859e-26 5.535592e+04
7.566848e-02 7.924829e+16 6.93662464e-31 6.335163e+04
7.566848e-02 1.000000e+17 8.99154679e-37 7.153065e+04
8.113765e-02 1.261857e+07 6.91578734e-05 2.832360e-01
8.113765e-02 1.592283e+07 7.32451281e-05 3.241471e-01
8.113765e-02 2.009233e+07 7.55239003e-05 3.659962e-01
8.113765e-02 2.535364e+07 8.00196833e-05 4.188614e-01
8.113765e-02 3.199267e+07 8.48004046e-05 4.793625e-01
8.113765e-02 4.037017e+07 8.74922544e-05 5.412507e-01
8.113765e-02 5.094138e+07 9.27577078e-05 6.194299e-01
8.113765e-02 6.428073e+07 9.57419349e-05 6.994015e-01
8.113765e-02 8.111308e+07 1.01546330e-04 8.004244e-01
8.113765e-02 1.023531e+08 1.07725335e-04 9.160392e-01
8.113765e-02 1.291550e+08 1.11261459e-04 1.034305e+00
8.113765e-02 1.629751e+08 1.18081766e-04 1.183701e+00
8.113765e-02 2.056512e+08 1.22009863e-04 1.336523e+00
8.113765e-02 2.595024e+08 1.29544456e-04 1.529573e+00
8.113765e-02 3.274549e+08 1.33911290e-04 1.727049e+00
8.113765e-02 4.132012e+08 1.42241922e-04 1.976507e+00
8.113765e-02 5.214008e+08 1.47099970e-04 2.231685e+00
8.113765e-02 6.579332e+08 1.56318164e-04 2.554033e+00
8.113765e-02 8.302176e+08 1.61726211e-04 2.883772e+00
8.113765e-02 1.047616e+09 1.71934300e-04 3.300310e+00
8.113765e-02 1.321941e+09 1.77958047e-04 3.726396e+00
8.113765e-02 1.668101e+09 1.89270264e-04 4.264644e+00
8.113765e-02 2.104904e+09 1.95982903e-04 4.815232e+00
8.113765e-02 2.656088e+09 2.08526464e-04 5.510753e+00
8.113765e-02 3.351603e+09 2.16009182e-04 6.222219e+00
8.113765e-02 4.229243e+09 2.23804100e-04 7.025540e+00
8.113765e-02 5.336699e+09 2.38267646e-04 8.040322e+00
8.113765e-02 6.734151e+09 2.46957969e-04 9.078369e+00
8.113765e-02 8.497534e+09 2.63012411e-04 1.038967e+01
8.113765e-02 1.072267e+10 2.72698942e-04 1.173102e+01
8.113765e-02 1.353048e+10 2.90521235e-04 1.342548e+01
8.113765e-02 1.707353e+10 3.01312493e-04 1.515877e+01
8.113765e-02 2.154435e+10 3.12546304e-04 1.711585e+01
8.113765e-02 2.718588e+10 3.33105614e-04 1.958809e+01
8.113765e-02 3.430469e+10 3.45601127e-04 2.211702e+01
8.113765e-02 4.328761e+10 3.68403121e-04 2.531164e+01
8.113765e-02 5.462277e+10 3.82278267e-04 2.857950e+01
8.113765e-02 6.892612e+10 3.96691046e-04 3.226926e+01
8.113765e-02 8.697490e+10 4.22910671e-04 3.693030e+01
8.113765e-02 1.097499e+11 4.38851440e-04 4.169819e+01
8.113765e-02 1.384886e+11 4.55368405e-04 4.708164e+01
8.113765e-02 1.747528e+11 4.85385312e-04 5.388220e+01
8.113765e-02 2.205131e+11 5.03538059e-04 6.083867e+01
8.113765e-02 2.782559e+11 5.36557264e-04 6.962632e+01
8.113765e-02 3.511192e+11 5.56386318e-04 7.861543e+01
8.113765e-02 4.430621e+11 5.76773214e-04 8.876509e+01
8.113765e-02 5.590810e+11 6.14030929e-04 1.015865e+02
8.113765e-02 7.054802e+11 6.36004240e-04 1.147018e+02
8.113765e-02 8.902151e+11 6.58406710e-04 1.295104e+02
8.113765e-02 1.123324e+12 6.99790024e-04 1.482171e+02
8.113765e-02 1.417474e+12 7.23424538e-04 1.673527e+02
8.113765e-02 1.788650e+12 7.67629722e-04 1.915255e+02
8.113765e-02 2.257020e+12 7.92030323e-04 2.162524e+02
8.113765e-02 2.848036e+12 8.16223676e-04 2.441717e+02
8.113765e-02 3.593814e+12 8.62957962e-04 2.794403e+02
8.113765e-02 4.534879e+12 8.86647310e-04 3.155175e+02
8.113765e-02 5.722368e+12 9.09291987e-04 3.562524e+02
8.113765e-02 7.220809e+12 9.55964231e-04 4.077102e+02
8.113765e-02 9.111628e+12 9.75856017e-04 4.603477e+02
8.113765e-02 1.149757e+13 9.93323093e-04 5.197809e+02
8.113765e-02 1.450829e+13 1.03534689e-03 5.948590e+02
8.113765e-02 1.830738e+13 1.04644446e-03 6.716584e+02
8.113765e-02 2.310130e+13 1.08184876e-03 7.686740e+02
8.113765e-02 2.915053e+13 1.08319549e-03 8.679137e+02
8.113765e-02 3.678380e+13 1.07824088e-03 9.799658e+02
8.113765e-02 4.641589e+13 1.09525763e-03 1.121514e+03
8.113765e-02 5.857021e+13 1.07450639e-03 1.266307e+03
8.113765e-02 7.390722e+13 1.04465477e-03 1.429794e+03
8.113765e-02 9.326033e+13 1.03250923e-03 1.636316e+03
8.113765e-02 1.176812e+14 9.81279000e-04 1.847573e+03
8.113765e-02 1.484968e+14 9.44566503e-04 2.114440e+03
8.113765e-02 1.873817e+14 8.70456233e-04 2.387425e+03
8.113765e-02 2.364489e+14 7.86751511e-04 2.695653e+03
8.113765e-02 2.983647e+14 7.14136995e-04 3.085019e+03
8.113765e-02 3.764936e+14 6.14376051e-04 3.483310e+03
8.113765e-02 4.750810e+14 5.12250706e-04 3.933024e+03
8.113765e-02 5.994843e+14 4.22860001e-04 4.501117e+03
8.113765e-02 7.564633e+14 3.25250246e-04 5.082234e+03
8.113765e-02 9.545485e+14 2.44102225e-04 5.816322e+03
8.113765e-02 1.204504e+15 1.67776536e-04 6.567239e+03
8.113765e-02 1.519911e+15 1.07208405e-04 7.415103e+03
8.113765e-02 1.917910e+15 6.44556525e-05 8.486155e+03
8.113765e-02 2.420128e+15 3.39446306e-05 9.581761e+03
8.113765e-02 3.053856e+15 1.62079975e-05 1.096577e+04
8.113765e-02 3.853529e+15 6.49812101e-06 1.238151e+04
8.113765e-02 4.862602e+15 2.24065191e-06 1.416991e+04
8.113765e-02 6.135907e+15 6.03958256e-07 1.599932e+04
8.113765e-02 7.742637e+15 1.23648871e-07 1.806492e+04
8.113765e-02 9.770100e+15 1.84228132e-08 2.067425e+04
8.113765e-02 1.232847e+16 1.74399274e-09 2.334340e+04
8.113765e-02 1.555676e+16 1.00945611e-10 2.671516e+04
8.113765e-02 1.963041e+16 3.05131768e-12 3.016423e+04
8.113765e-02 2.477076e+16 4.51081049e-14 3.452120e+04
8.113765e-02 3.125716e+16 2.67599367e-16 3.897807e+04
8.113765e-02 3.944206e+16 5.61352471e-19 4.460813e+04
8.113765e-02 4.977024e+16 3.12499731e-22 5.036727e+04
8.113765e-02 6.280291e+16 3.59142917e-26 5.764242e+04
8.113765e-02 7.924829e+16 5.40791969e-31 6.508435e+04
8.113765e-02 1.000000e+17 6.65727665e-37 7.448526e+04
8.700213e-02 1.261857e+07 8.11709249e-05 2.949352e-01
8.700213e-02 1.592283e+07 8.59680148e-05 3.375362e-01
8.700213e-02 2.009233e+07 9.10668941e-05 3.862905e-01
8.700213e-02 2.535364e+07 9.39189689e-05 4.361626e-01
8.700213e-02 3.199267e+07 9.95298715e-05 4.991628e-01
8.700213e-02 4.037017e+07 1.02689031e-04 5.636072e-01
8.700213e-02 5.094138e+07 1.08868762e-04 6.450157e-01
8.700213e-02 6.428073e+07 1.15444418e-04 7.381830e-01
8.700213e-02 8.111308e+07 1.19183138e-04 8.334862e-01
8.700213e-02 1.023531e+08 1.26434879e-04 9.538766e-01
8.700213e-02 1.291550e+08 1.30584647e-04 1.077027e+00
8.700213e-02 1.629751e+08 1.38588880e-04 1.232595e+00
8.700213e-02 2.056512e+08 1.43198511e-04 1.391729e+00
8.700213e-02 2.595024e+08 1.52040831e-04 1.592753e+00
8.700213e-02 3.274549e+08 1.57165153e-04 1.798386e+00
8.700213e-02 4.132012e+08 1.66941436e-04 2.058148e+00
8.700213e-02 5.214008e+08 1.72641965e-04 2.323865e+00
8.700213e-02 6.579332e+08 1.83459521e-04 2.659529e+00
8.700213e-02 8.302176e+08 1.89805155e-04 3.002888e+00
8.700213e-02 1.047616e+09 2.01783958e-04 3.436630e+00
8.700213e-02 1.321941e+09 2.08851682e-04 3.880317e+00
8.700213e-02 1.668101e+09 2.22125627e-04 4.440797e+00
8.700213e-02 2.104904e+09 2.30001183e-04 5.014127e+00
8.700213e-02 2.656088e+09 2.38204280e-04 5.661476e+00
8.700213e-02 3.351603e+09 2.53497810e-04 6.479231e+00
8.700213e-02 4.229243e+09 2.62642190e-04 7.315732e+00
8.700213e-02 5.336699e+09 2.79611826e-04 8.372431e+00
8.700213e-02 6.734151e+09 2.89805774e-04 9.453354e+00
8.700213e-02 8.497534e+09 3.08640730e-04 1.081881e+01
8.700213e-02 1.072267e+10 3.20002146e-04 1.221558e+01
8.700213e-02 1.353048e+10 3.31833630e-04 1.379267e+01
8.700213e-02 1.707353e+10 3.53565247e-04 1.578491e+01
8.700213e-02 2.154435e+10 3.66739126e-04 1.782283e+01
8.700213e-02 2.718588e+10 3.80448384e-04 2.012384e+01
8.700213e-02 3.430469e+10 4.05505269e-04 2.303057e+01
8.700213e-02 4.328761e+10 4.20739986e-04 2.600393e+01
8.700213e-02 5.462277e+10 4.48513711e-04 2.975999e+01
8.700213e-02 6.892612e+10 4.65408478e-04 3.360216e+01
8.700213e-02 8.697490e+10 4.82943542e-04 3.794037e+01
8.700213e-02 1.097499e+11 5.14834051e-04 4.342055e+01
8.700213e-02 1.384886e+11 5.34188412e-04 4.902636e+01
8.700213e-02 1.747528e+11 5.54216831e-04 5.535592e+01
8.700213e-02 2.205131e+11 5.90639754e-04 6.335163e+01
8.700213e-02 2.782559e+11 6.12582178e-04 7.153065e+01
8.700213e-02 3.511192e+11 6.52556401e-04 8.186268e+01
8.700213e-02 4.430621e+11 6.76423988e-04 9.243157e+01
8.700213e-02 5.590810e+11 7.00898629e-04 1.043650e+02
8.700213e-02 7.054802e+11 7.45780038e-04 1.194396e+02
8.700213e-02 8.902151e+11 7.71985190e-04 1.348599e+02
8.700213e-02 1.123324e+12 7.98590833e-04 1.522710e+02
8.700213e-02 1.417474e+12 8.48057749e-04 1.742653e+02
8.700213e-02 1.788650e+12 8.75826238e-04 1.967639e+02
8.700213e-02 2.257020e+12 9.03558159e-04 2.221671e+02
8.700213e-02 2.848036e+12 9.56500640e-04 2.542573e+02
8.700213e-02 3.593814e+12 9.84202132e-04 2.870832e+02
8.700213e-02 4.534879e+12 1.01105912e-03 3.241471e+02
8.700213e-02 5.722368e+12 1.06505408e-03 3.709676e+02
8.700213e-02 7.220809e+12 1.08970050e-03 4.188614e+02
8.700213e-02 9.111628e+12 1.14255487e-03 4.793625e+02
8.700213e-02 1.149757e+13 1.16273010e-03 5.412507e+02
8.700213e-02 1.450829e+13 1.17934623e-03 6.111289e+02
8.700213e-02 1.830738e+13 1.22423131e-03 6.994015e+02
8.700213e-02 2.310130e+13 1.23155513e-03 7.896978e+02
8.700213e-02 2.915053e+13 1.23264111e-03 8.916518e+02
8.700213e-02 3.678380e+13 1.26005177e-03 1.020444e+03
8.700213e-02 4.641589e+13 1.24529764e-03 1.152188e+03
8.700213e-02 5.857021e+13 1.22108234e-03 1.300942e+03
8.700213e-02 7.390722e+13 1.21893111e-03 1.488852e+03
8.700213e-02 9.326033e+13 1.17193043e-03 1.681071e+03
8.700213e-02 1.176812e+14 1.14341352e-03 1.923888e+03
8.700213e-02 1.484968e+14 1.07045202e-03 2.172271e+03
8.700213e-02 1.873817e+14 9.85544338e-04 2.452723e+03
8.700213e-02 2.364489e+14 9.14164781e-04 2.806999e+03
8.700213e-02 2.983647e+14 8.06722145e-04 3.169396e+03
8.700213e-02 3.764936e+14 6.93067839e-04 3.578582e+03
8.700213e-02 4.750810e+14 5.92725849e-04 4.095479e+03
8.700213e-02 5.994843e+14 4.75397857e-04 4.624226e+03
8.700213e-02 7.564633e+14 3.74872923e-04 5.292158e+03
8.700213e-02 9.545485e+14 2.73189480e-04 5.975403e+03
8.700213e-02 1.204504e+15 1.87240262e-04 6.746858e+03
8.700213e-02 1.519911e+15 1.22515373e-04 7.721387e+03
8.700213e-02 1.917910e+15 7.14232910e-05 8.718257e+03
8.700213e-02 2.420128e+15 3.84698659e-05 9.977539e+03
8.700213e-02 3.053856e+15 1.77858912e-05 1.126569e+04
8.700213e-02 3.853529e+15 7.28058347e-06 1.289293e+04
8.700213e-02 4.862602e+15 2.42582379e-06 1.455747e+04
8.700213e-02 6.135907e+15 6.48208079e-07 1.643692e+04
8.700213e-02 7.742637e+15 1.34924012e-07 1.881109e+04
8.700213e-02 9.770100e+15 1.93231867e-08 2.123970e+04
8.700213e-02 1.232847e+16 1.85091522e-09 2.430761e+04
8.700213e-02 1.555676e+16 1.02382712e-10 2.744584e+04
8.700213e-02 1.963041e+16 3.10957476e-12 3.141017e+04
8.700213e-02 2.477076e+16 4.35634606e-14 3.546539e+04
8.700213e-02 3.125716e+16 2.50238020e-16 4.004415e+04
8.700213e-02 3.944206e+16 5.04943193e-19 4.582820e+04
8.700213e-02 4.977024e+16 2.68227621e-22 5.174486e+04
8.700213e-02 6.280291e+16 2.91242359e-26 5.921898e+04
8.700213e-02 7.924829e+16 4.09223509e-31 6.686446e+04
8.700213e-02 1.000000e+17 4.62774650e-37 7.652248e+04
9.329047e-02 1.261857e+07 9.53280853e-05 3.071176e-01
9.329047e-02 1.592283e+07 1.00961663e-04 3.514782e-01
9.329047e-02 2.009233e+07 1.06949624e-04 4.022464e-01
9.329047e-02 2.535364e+07 1.10298878e-04 4.541785e-01
9.329047e-02 3.199267e+07 1.16888064e-04 5.197809e-01
9.329047e-02 4.037017e+07 1.20597864e-04 5.868873e-01
9.329047e-02 5.094138e+07 1.27854955e-04 6.716584e-01
9.329047e-02 6.428073e+07 1.35576937e-04 7.686740e-01
9.329047e-02 8.111308e+07 1.39967164e-04 8.679137e-01
9.329047e-02 1.023531e+08 1.48482945e-04 9.932768e-01
9.329047e-02 1.291550e+08 1.53355718e-04 1.121514e+00
9.329047e-02 1.629751e+08 1.62754968e-04 1.283508e+00
9.329047e-02 2.056512e+08 1.68167557e-04 1.449215e+00
9.329047e-02 2.595024e+08 1.78550722e-04 1.658542e+00
9.329047e-02 3.274549e+08 1.84567443e-04 1.872669e+00
9.329047e-02 4.132012e+08 1.96047013e-04 2.143160e+00
9.329047e-02 5.214008e+08 2.02740015e-04 2.419853e+00
9.329047e-02 6.579332e+08 2.15441883e-04 2.769382e+00
9.329047e-02 8.302176e+08 2.22891955e-04 3.126923e+00
9.329047e-02 1.047616e+09 2.30648430e-04 3.530625e+00
9.329047e-02 1.321941e+09 2.45254235e-04 4.040595e+00
9.329047e-02 1.668101e+09 2.53894940e-04 4.562256e+00
9.329047e-02 2.104904e+09 2.70084360e-04 5.221237e+00
9.329047e-02 2.656088e+09 2.79713727e-04 5.895326e+00
9.329047e-02 3.351603e+09 2.97668495e-04 6.746858e+00
9.329047e-02 4.229243e+09 3.08401972e-04 7.617912e+00
9.329047e-02 5.336699e+09 3.19582475e-04 8.601423e+00
9.329047e-02 6.734151e+09 3.40287657e-04 9.843829e+00
9.329047e-02 8.497534e+09 3.52749234e-04 1.111472e+01
9.329047e-02 1.072267e+10 3.75730371e-04 1.272015e+01
9.329047e-02 1.353048e+10 3.89614369e-04 1.436238e+01
9.329047e-02 1.707353e+10 4.04069276e-04 1.621664e+01
9.329047e-02 2.154435e+10 4.30578079e-04 1.855900e+01
9.329047e-02 2.718588e+10 4.46662230e-04 2.095507e+01
9.329047e-02 3.430469e+10 4.76066789e-04 2.398186e+01
9.329047e-02 4.328761e+10 4.93937579e-04 2.707804e+01
9.329047e-02 5.462277e+10 5.12508485e-04 3.057395e+01
9.329047e-02 6.892612e+10 5.46339995e-04 3.499011e+01
9.329047e-02 8.697490e+10 5.66902521e-04 3.950751e+01
9.329047e-02 1.097499e+11 5.88223598e-04 4.460813e+01
9.329047e-02 1.384886e+11 6.27001743e-04 5.105142e+01
9.329047e-02 1.747528e+11 6.50478064e-04 5.764242e+01
9.329047e-02 2.205131e+11 6.74735673e-04 6.508435e+01
9.329047e-02 2.782559e+11 7.18900636e-04 7.448526e+01
9.329047e-02 3.511192e+11 7.45377602e-04 8.410168e+01
9.329047e-02 4.430621e+11 7.72586913e-04 9.495964e+01
9.329047e-02 5.590810e+11 8.22374544e-04 1.086758e+02
9.329047e-02 7.054802e+11 8.51668955e-04 1.227064e+02
9.329047e-02 8.902151e+11 9.05625925e-04 1.404303e+02
9.329047e-02 1.123324e+12 9.36745508e-04 1.585606e+02
9.329047e-02 1.417474e+12 9.68182796e-04 1.790316e+02
9.329047e-02 1.788650e+12 1.02711140e-03 2.048913e+02
9.329047e-02 2.257020e+12 1.05949683e-03 2.313438e+02
9.329047e-02 2.848036e+12 1.09156222e-03 2.612114e+02
9.329047e-02 3.593814e+12 1.15371507e-03 2.989413e+02
9.329047e-02 4.534879e+12 1.18499426e-03 3.375362e+02
9.329047e-02 5.722368e+12 1.21481565e-03 3.811138e+02
9.329047e-02 7.220809e+12 1.27665578e-03 4.361626e+02
9.329047e-02 9.111628e+12 1.30264046e-03 4.924734e+02
9.329047e-02 1.149757e+13 1.32530305e-03 5.560543e+02
9.329047e-02 1.450829e+13 1.38061624e-03 6.363718e+02
9.329047e-02 1.830738e+13 1.39456672e-03 7.185307e+02
9.329047e-02 2.310130e+13 1.40241672e-03 8.112967e+02
9.329047e-02 2.915053e+13 1.44147948e-03 9.284819e+02
9.329047e-02 3.678380e+13 1.43367713e-03 1.048354e+03
9.329047e-02 4.641589e+13 1.45493000e-03 1.199780e+03
9.329047e-02 5.857021e+13 1.42585452e-03 1.354678e+03
9.329047e-02 7.390722e+13 1.38459391e-03 1.529573e+03
9.329047e-02 9.326033e+13 1.36666369e-03 1.750508e+03
9.329047e-02 1.176812e+14 1.29689027e-03 1.976507e+03
9.329047e-02 1.484968e+14 1.21305653e-03 2.231685e+03
9.329047e-02 1.873817e+14 1.14622741e-03 2.554033e+03
9.329047e-02 2.364489e+14 1.03371853e-03 2.883772e+03
9.329047e-02 2.983647e+14 9.11032622e-04 3.256082e+03
9.329047e-02 3.764936e+14 8.02888568e-04 3.726396e+03
9.329047e-02 4.750810e+14 6.67222204e-04 4.207493e+03
9.329047e-02 5.994843e+14 5.48702783e-04 4.815232e+03
9.329047e-02 7.564633e+14 4.20203007e-04 5.436903e+03
9.329047e-02 9.545485e+14 3.05421069e-04 6.138835e+03
9.329047e-02 1.204504e+15 2.14402908e-04 7.025540e+03
9.329047e-02 1.519911e+15 1.36070517e-04 7.932573e+03
9.329047e-02 1.917910e+15 8.11585972e-05 9.078369e+03
9.329047e-02 2.420128e+15 4.23440574e-05 1.025043e+04
9.329047e-02 3.053856e+15 1.94661376e-05 1.157382e+04
9.329047e-02 3.853529e+15 7.91531901e-06 1.324556e+04
9.329047e-02 4.862602e+15 2.61656970e-06 1.495563e+04
9.329047e-02 6.135907e+15 7.11584105e-07 1.711585e+04
9.329047e-02 7.742637e+15 1.42558259e-07 1.932559e+04
9.329047e-02 9.770100e+15 2.06921594e-08 2.211702e+04
9.329047e-02 1.232847e+16 1.89786959e-09 2.497244e+04
9.329047e-02 1.555676e+16 1.02915996e-10 2.819651e+04
9.329047e-02 1.963041e+16 3.05168849e-12 3.226926e+04
9.329047e-02 2.477076e+16 4.15339278e-14 3.643539e+04
9.329047e-02 3.125716e+16 2.36718118e-16 4.169819e+04
9.329047e-02 3.944206e+16 4.45851040e-19 4.708164e+04
9.329047e-02 4.977024e+16 2.31305460e-22 5.388220e+04
9.329047e-02 6.280291e+16 2.29919285e-26 6.083867e+04
9.329047e-02 7.924829e+16 3.07989070e-31 6.962632e+04
9.329047e-02 1.000000e+17 3.09325241e-37 7.861543e+04
1.000333e-01 1.261857e+07 1.15089491e-04 3.241471e-01
1.000333e-01 1.592283e+07 1.18645616e-04 3.659962e-01
1.000333e-01 2.009233e+07 1.25682125e-04 4.188614e-01
1.000333e-01 2.535364e+07 1.29617698e-04 4.729385e-01
1.000333e-01 3.199267e+07 1.37360612e-04 5.412507e-01
1.000333e-01 4.037017e+07 1.41719757e-04 6.111289e-01
1.000333e-01 5.094138e+07 1.50247396e-04 6.994015e-01
1.000333e-01 6.428073e+07 1.59321242e-04 8.004244e-01
1.000333e-01 8.111308e+07 1.64479720e-04 9.037633e-01
1.000333e-01 1.023531e+08 1.74486145e-04 1.034305e+00
1.000333e-01 1.291550e+08 1.80211445e-04 1.167839e+00
1.000333e-01 1.629751e+08 1.91255746e-04 1.336523e+00
1.000333e-01 2.056512e+08 1.97615093e-04 1.509075e+00
1.000333e-01 2.595024e+08 2.09815208e-04 1.727049e+00
1.000333e-01 3.274549e+08 2.16884089e-04 1.950020e+00
1.000333e-01 4.132012e+08 2.24238969e-04 2.201778e+00
1.000333e-01 5.214008e+08 2.38235155e-04 2.519806e+00
1.000333e-01 6.579332e+08 2.46419039e-04 2.845126e+00
1.000333e-01 8.302176e+08 2.61910844e-04 3.256082e+00
1.000333e-01 1.047616e+09 2.71022593e-04 3.676459e+00
1.000333e-01 1.321941e+09 2.88182155e-04 4.207493e+00
1.000333e-01 1.668101e+09 2.98331997e-04 4.750702e+00
1.000333e-01 2.104904e+09 3.17351138e-04 5.436903e+00
1.000333e-01 2.656088e+09 3.28661495e-04 6.138835e+00
1.000333e-01 3.351603e+09 3.40442008e-04 6.931390e+00
1.000333e-01 4.229243e+09 3.62359509e-04 7.932573e+00
1.000333e-01 5.336699e+09 3.75490059e-04 8.956708e+00
1.000333e-01 6.734151e+09 3.99810407e-04 1.025043e+01
1.000333e-01 8.497534e+09 4.14443924e-04 1.157382e+01
1.000333e-01 1.072267e+10 4.29683215e-04 1.306805e+01
1.000333e-01 1.353048e+10 4.57737221e-04 1.495563e+01
1.000333e-01 1.707353e+10 4.74708209e-04 1.688648e+01
1.000333e-01 2.154435e+10 4.92371477e-04 1.906661e+01
1.000333e-01 2.718588e+10 5.24719065e-04 2.182063e+01
1.000333e-01 3.430469e+10 5.44356797e-04 2.463778e+01
1.000333e-01 4.328761e+10 5.64772641e-04 2.781864e+01
1.000333e-01 5.462277e+10 6.02013225e-04 3.183682e+01
1.000333e-01 6.892612e+10 6.24643998e-04 3.594712e+01
1.000333e-01 8.697490e+10 6.65853472e-04 4.113939e+01
1.000333e-01 1.097499e+11 6.90864926e-04 4.645069e+01
1.000333e-01 1.384886e+11 7.16769384e-04 5.244771e+01
1.000333e-01 1.747528e+11 7.63904414e-04 6.002336e+01
1.000333e-01 2.205131e+11 7.92346130e-04 6.777268e+01
1.000333e-01 2.782559e+11 8.21682598e-04 7.652248e+01
1.000333e-01 3.511192e+11 8.75186466e-04 8.757554e+01
1.000333e-01 4.430621e+11 9.07066699e-04 9.888199e+01
1.000333e-01 5.590810e+11 9.39739488e-04 1.116482e+02
1.000333e-01 7.054802e+11 9.99744093e-04 1.277748e+02
1.000333e-01 8.902151e+11 1.03467993e-03 1.442712e+02
1.000333e-01 1.123324e+12 1.07012068e-03 1.628974e+02
1.000333e-01 1.417474e+12 1.13615307e-03 1.864266e+02
1.000333e-01 1.788650e+12 1.17306762e-03 2.104952e+02
1.000333e-01 2.257020e+12 1.20988630e-03 2.376712e+02
1.000333e-01 2.848036e+12 1.28039974e-03 2.720009e+02
1.000333e-01 3.593814e+12 1.31705433e-03 3.071176e+02
1.000333e-01 4.534879e+12 1.35251084e-03 3.467680e+02
1.000333e-01 5.722368e+12 1.42417954e-03 3.968559e+02
1.000333e-01 7.220809e+12 1.45650263e-03 4.480920e+02
1.000333e-01 9.111628e+12 1.48577646e-03 5.059430e+02
1.000333e-01 1.149757e+13 1.55253942e-03 5.790223e+02
1.000333e-01 1.450829e+13 1.57379553e-03 6.537771e+02
1.000333e-01 1.830738e+13 1.58915569e-03 7.381830e+02
1.000333e-01 2.310130e+13 1.64118691e-03 8.448076e+02
1.000333e-01 2.915053e+13 1.64129544e-03 9.538766e+02
1.000333e-01 3.678380e+13 1.67626604e-03 1.091656e+03
1.000333e-01 4.641589e+13 1.65495030e-03 1.232595e+03
1.000333e-01 5.857021e+13 1.62091455e-03 1.391729e+03
1.000333e-01 7.390722e+13 1.61598059e-03 1.592753e+03
1.000333e-01 9.326033e+13 1.55142234e-03 1.798386e+03
1.000333e-01 1.176812e+14 1.47096691e-03 2.030566e+03
1.000333e-01 1.484968e+14 1.41215449e-03 2.323865e+03
1.000333e-01 1.873817e+14 1.29741793e-03 2.623888e+03
1.000333e-01 2.364489e+14 1.16861954e-03 2.962645e+03
1.000333e-01 2.983647e+14 1.05659811e-03 3.390576e+03
1.000333e-01 3.764936e+14 9.04921419e-04 3.828316e+03
1.000333e-01 4.750810e+14 7.71153148e-04 4.381286e+03
1.000333e-01 5.994843e+14 6.15976457e-04 4.946932e+03
1.000333e-01 7.564633e+14 4.70565893e-04 5.585606e+03
1.000333e-01 9.545485e+14 3.50386213e-04 6.392402e+03
1.000333e-01 1.204504e+15 2.38633241e-04 7.217694e+03
1.000333e-01 1.519911e+15 1.54995710e-04 8.260231e+03
1.000333e-01 1.917910e+15 8.95836876e-05 9.326669e+03
1.000333e-01 2.420128e+15 4.64957293e-05 1.053079e+04
1.000333e-01 3.053856e+15 2.18249121e-05 1.205188e+04
1.000333e-01 3.853529e+15 8.57603359e-06 1.360784e+04
1.000333e-01 4.862602e+15 2.88777550e-06 1.557338e+04
1.000333e-01 6.135907e+15 7.56710272e-07 1.758398e+04
1.000333e-01 7.742637e+15 1.49765438e-07 1.985416e+04
1.000333e-01 9.770100e+15 2.14217499e-08 2.272193e+04
1.000333e-01 1.232847e+16 1.93024441e-09 2.565545e+04
1.000333e-01 1.555676e+16 1.05251607e-10 2.936118e+04
1.000333e-01 1.963041e+16 2.96012756e-12 3.315185e+04
1.000333e-01 2.477076e+16 4.01163080e-14 3.794037e+04
1.000333e-01 3.125716e+16 2.14333714e-16 4.283867e+04
1.000333e-01 3.944206e+16 3.96357535e-19 4.902636e+04
1.000333e-01 4.977024e+16 1.89499734e-22 5.535592e+04
1.000333e-01 6.280291e+16 1.76281817e-26 6.250265e+04
1.000333e-01 7.924829e+16 2.17813791e-31 7.153065e+04
1.000333e-01 1.000000e+17 1.98128045e-37 8.076563e+04
1.072635e-01 1.261857e+07 1.35338689e-04 3.375362e-01
1.072635e-01 1.592283e+07 1.39520190e-04 3.811138e-01
1.072635e-01 2.009233e+07 1.47794354e-04 4.361626e-01
1.072635e-01 2.535364e+07 1.52421941e-04 4.924734e-01
1.072635e-01 3.199267e+07 1.61526633e-04 5.636072e-01
1.072635e-01 4.037017e+07 1.66652155e-04 6.363718e-01
1.072635e-01 5.094138e+07 1.76679421e-04 7.282906e-01
1.072635e-01 6.428073e+07 1.82361133e-04 8.223166e-01
1.072635e-01 8.111308e+07 1.93413993e-04 9.410936e-01
1.072635e-01 1.023531e+08 1.99717328e-04 1.062594e+00
1.072635e-01 1.291550e+08 2.11911126e-04 1.216077e+00
1.072635e-01 1.629751e+08 2.18909590e-04 1.373078e+00
1.072635e-01 2.056512e+08 2.32373504e-04 1.571408e+00
1.072635e-01 2.595024e+08 2.40149642e-04 1.774285e+00
1.072635e-01 3.274549e+08 2.55028329e-04 2.030566e+00
1.072635e-01 4.132012e+08 2.63674770e-04 2.292723e+00
1.072635e-01 5.214008e+08 2.80130129e-04 2.623888e+00
1.072635e-01 6.579332e+08 2.89750657e-04 2.962645e+00
1.072635e-01 8.302176e+08 3.07963707e-04 3.390576e+00
1.072635e-01 1.047616e+09 3.18674352e-04 3.828316e+00
1.072635e-01 1.321941e+09 3.29826197e-04 4.322572e+00
1.072635e-01 1.668101e+09 3.50777284e-04 4.946932e+00
1.072635e-01 2.104904e+09 3.63201249e-04 5.585606e+00
1.072635e-01 2.656088e+09 3.86428189e-04 6.392402e+00
1.072635e-01 3.351603e+09 4.00273265e-04 7.217694e+00
1.072635e-01 4.229243e+09 4.14693566e-04 8.149535e+00
1.072635e-01 5.336699e+09 4.41465947e-04 9.326669e+00
1.072635e-01 6.734151e+09 4.57536643e-04 1.053079e+01
1.072635e-01 8.497534e+09 4.87245041e-04 1.205188e+01
1.072635e-01 1.072267e+10 5.05150094e-04 1.360784e+01
1.072635e-01 1.353048e+10 5.23792353e-04 1.536468e+01
1.072635e-01 1.707353e+10 5.58055257e-04 1.758398e+01
1.072635e-01 2.154435e+10 5.78803601e-04 1.985416e+01
1.072635e-01 2.718588e+10 6.00389820e-04 2.241744e+01
1.072635e-01 3.430469e+10 6.39874329e-04 2.565545e+01
1.072635e-01 4.328761e+10 6.63849037e-04 2.896770e+01
1.072635e-01 5.462277e+10 6.88757480e-04 3.270758e+01
1.072635e-01 6.892612e+10 7.34164864e-04 3.743193e+01
1.072635e-01 8.697490e+10 7.61730604e-04 4.226458e+01
1.072635e-01 1.097499e+11 7.90304922e-04 4.772115e+01
1.072635e-01 1.384886e+11 8.42319265e-04 5.461409e+01
1.072635e-01 1.747528e+11 8.73760823e-04 6.166505e+01
1.072635e-01 2.205131e+11 9.06236041e-04 6.962632e+01
1.072635e-01 2.782559e+11 9.65427546e-04 7.968328e+01
1.072635e-01 3.511192e+11 1.00084144e-03 8.997080e+01
1.072635e-01 4.430621e+11 1.03721520e-03 1.015865e+02
1.072635e-01 5.590810e+11 1.10386934e-03 1.162598e+02
1.072635e-01 7.054802e+11 1.14297990e-03 1.312696e+02
1.072635e-01 8.902151e+11 1.18279701e-03 1.482171e+02
1.072635e-01 1.123324e+12 1.25662555e-03 1.696259e+02
1.072635e-01 1.417474e+12 1.29848429e-03 1.915255e+02
1.072635e-01 1.788650e+12 1.34048867e-03 2.162524e+02
1.072635e-01 2.257020e+12 1.42016189e-03 2.474883e+02
1.072635e-01 2.848036e+12 1.46267594e-03 2.794403e+02
1.072635e-01 3.593814e+12 1.50427433e-03 3.155175e+02
1.072635e-01 4.534879e+12 1.58670307e-03 3.610914e+02
1.072635e-01 5.722368e+12 1.62594089e-03 4.077102e+02
1.072635e-01 7.220809e+12 1.70790562e-03 4.666006e+02
1.072635e-01 9.111628e+12 1.74176143e-03 5.268411e+02
1.072635e-01 1.149757e+13 1.77104283e-03 5.948590e+02
1.072635e-01 1.450829e+13 1.84378068e-03 6.807816e+02
1.072635e-01 1.830738e+13 1.86108903e-03 7.686740e+02
1.072635e-01 2.310130e+13 1.87008623e-03 8.679137e+02
1.072635e-01 2.915053e+13 1.92048189e-03 9.932768e+02
1.072635e-01 3.678380e+13 1.90820692e-03 1.121514e+03
1.072635e-01 4.641589e+13 1.88286327e-03 1.266307e+03
1.072635e-01 5.857021e+13 1.89336248e-03 1.449215e+03
1.072635e-01 7.390722e+13 1.83602050e-03 1.636316e+03
1.072635e-01 9.326033e+13 1.76123895e-03 1.847573e+03
1.072635e-01 1.176812e+14 1.71400154e-03 2.114440e+03
1.072635e-01 1.484968e+14 1.60000229e-03 2.387425e+03
1.072635e-01 1.873817e+14 1.46827197e-03 2.695653e+03
1.072635e-01 2.364489e+14 1.35686460e-03 3.085019e+03
1.072635e-01 2.983647e+14 1.19231469e-03 3.483310e+03
1.072635e-01 3.764936e+14 1.04725428e-03 3.986446e+03
1.072635e-01 4.750810e+14 8.66949191e-04 4.501117e+03
1.072635e-01 5.994843e+14 6.90903835e-04 5.082234e+03
1.072635e-01 7.564633e+14 5.40804741e-04 5.816322e+03
1.072635e-01 9.545485e+14 3.90765529e-04 6.567239e+03
1.072635e-01 1.204504e+15 2.65188787e-04 7.415103e+03
1.072635e-01 1.519911e+15 1.71532130e-04 8.486155e+03
1.072635e-01 1.917910e+15 9.86630559e-05 9.581761e+03
1.072635e-01 2.420128e+15 5.23117272e-05 1.096577e+04
1.072635e-01 3.053856e+15 2.37430591e-05 1.238151e+04
1.072635e-01 3.853529e+15 9.25721177e-06 1.398002e+04
1.072635e-01 4.862602e+15 3.08852208e-06 1.599932e+04
1.072635e-01 6.135907e+15 8.00479302e-07 1.806492e+04
1.072635e-01 7.742637e+15 1.60634125e-07 2.067425e+04
1.072635e-01 9.770100e+15 2.20128036e-08 2.334340e+04
1.072635e-01 1.232847e+16 1.99904763e-09 2.671516e+04
1.072635e-01 1.555676e+16 1.03668249e-10 3.016423e+04
1.072635e-01 1.963041e+16 2.83502632e-12 3.405858e+04
1.072635e-01 2.477076e+16 3.71445708e-14 3.897807e+04
1.072635e-01 3.125716e+16 1.90545506e-16 4.401034e+04
1.072635e-01 3.944206e+16 3.35519642e-19 5.036727e+04
1.072635e-01 4.977024e+16 1.51201431e-22 5.686995e+04
1.072635e-01 6.280291e+16 1.34507580e-26 6.508435e+04
1.072635e-01 7.924829e+16 1.48243998e-31 7.348707e+04
1.072635e-01 1.000000e+17 1.24464707e-37 8.410168e+04
1.150163e-01 1.261857e+07 1.59262468e-04 3.514782e-01
1.150163e-01 1.592283e+07 1.64182745e-04 3.968559e-01
1.150163e-01 2.009233e+07 1.73919053e-04 4.541785e-01
1.150163e-01 2.535364e+07 1.79364112e-04 5.128153e-01
1.150163e-01 3.199267e+07 1.90077550e-04 5.868873e-01
1.150163e-01 4.037017e+07 1.96108358e-04 6.626574e-01
1.150163e-01 5.094138e+07 2.07907173e-04 7.583729e-01
1.150163e-01 6.428073e+07 2.14592219e-04 8.562827e-01
1.150163e-01 8.111308e+07 2.27597557e-04 9.799658e-01
1.150163e-01 1.023531e+08 2.35013760e-04 1.106484e+00
1.150163e-01 1.291550e+08 2.49361241e-04 1.266307e+00
1.150163e-01 1.629751e+08 2.57594996e-04 1.429794e+00
1.150163e-01 2.056512e+08 2.73436488e-04 1.636316e+00
1.150163e-01 2.595024e+08 2.82584798e-04 1.847573e+00
1.150163e-01 3.274549e+08 3.00090339e-04 2.114440e+00
1.150163e-01 4.132012e+08 3.10262032e-04 2.387425e+00
1.150163e-01 5.214008e+08 3.20846501e-04 2.695653e+00
1.150163e-01 6.579332e+08 3.40938881e-04 3.085019e+00
1.150163e-01 8.302176e+08 3.52718651e-04 3.483310e+00
1.150163e-01 1.047616e+09 3.74964298e-04 3.986446e+00
1.150163e-01 1.321941e+09 3.88081321e-04 4.501117e+00
1.150163e-01 1.668101e+09 4.01739625e-04 5.082234e+00
1.150163e-01 2.104904e+09 4.27339670e-04 5.816322e+00
1.150163e-01 2.656088e+09 4.42557147e-04 6.567239e+00
1.150163e-01 3.351603e+09 4.70943495e-04 7.515823e+00
1.150163e-01 4.229243e+09 4.87901171e-04 8.486155e+00
1.150163e-01 5.336699e+09 5.05562390e-04 9.581761e+00
1.150163e-01 6.734151e+09 5.38286212e-04 1.096577e+01
1.150163e-01 8.497534e+09 5.57964300e-04 1.238151e+01
1.150163e-01 1.072267e+10 5.78454245e-04 1.398002e+01
1.150163e-01 1.353048e+10 6.16190828e-04 1.599932e+01
1.150163e-01 1.707353e+10 6.39002230e-04 1.806492e+01
1.150163e-01 2.154435e+10 6.80866556e-04 2.067425e+01
1.150163e-01 2.718588e+10 7.06236055e-04 2.334340e+01
1.150163e-01 3.430469e+10 7.32617228e-04 2.635715e+01
1.150163e-01 4.328761e+10 7.80825302e-04 3.016423e+01
1.150163e-01 5.462277e+10 8.10089224e-04 3.405858e+01
1.150163e-01 6.892612e+10 8.40469287e-04 3.845572e+01
1.150163e-01 8.697490e+10 8.95833381e-04 4.401034e+01
1.150163e-01 1.097499e+11 9.29389081e-04 4.969230e+01
1.150163e-01 1.384886e+11 9.64130773e-04 5.610783e+01
1.150163e-01 1.747528e+11 1.02740924e-03 6.421215e+01
1.150163e-01 2.205131e+11 1.06552297e-03 7.250226e+01
1.150163e-01 2.782559e+11 1.10481721e-03 8.186268e+01
1.150163e-01 3.511192e+11 1.17657591e-03 9.368708e+01
1.150163e-01 4.430621e+11 1.21922991e-03 1.057826e+02
1.150163e-01 5.590810e+11 1.26291550e-03 1.194396e+02
1.150163e-01 7.054802e+11 1.34328703e-03 1.366917e+02
1.150163e-01 8.902151e+11 1.38992426e-03 1.543393e+02
1.150163e-01 1.123324e+12 1.43718982e-03 1.742653e+02
1.150163e-01 1.417474e+12 1.52547351e-03 1.994365e+02
1.150163e-01 1.788650e+12 1.57458621e-03 2.251848e+02
1.150163e-01 2.257020e+12 1.62349683e-03 2.542573e+02
1.150163e-01 2.848036e+12 1.71752286e-03 2.909827e+02
1.150163e-01 3.593814e+12 1.76602055e-03 3.285501e+02
1.150163e-01 4.534879e+12 1.81280568e-03 3.709676e+02
1.150163e-01 5.722368e+12 1.90798540e-03 4.245508e+02
1.150163e-01 7.220809e+12 1.95029598e-03 4.793625e+02
1.150163e-01 9.111628e+12 1.98837497e-03 5.412507e+02
1.150163e-01 1.149757e+13 2.07642735e-03 6.194299e+02
1.150163e-01 1.450829e+13 2.10340125e-03 6.994015e+02
1.150163e-01 1.830738e+13 2.12229925e-03 7.896978e+02
1.150163e-01 2.310130e+13 2.18991300e-03 9.037633e+02
1.150163e-01 2.915053e+13 2.18797073e-03 1.020444e+03
1.150163e-01 3.678380e+13 2.17278306e-03 1.152188e+03
1.150163e-01 4.641589e+13 2.20119929e-03 1.318612e+03
1.150163e-01 5.857021e+13 2.15304851e-03 1.488852e+03
1.150163e-01 7.390722e+13 2.08621177e-03 1.681071e+03
1.150163e-01 9.326033e+13 2.05416745e-03 1.923888e+03
1.150163e-01 1.176812e+14 1.94392137e-03 2.172271e+03
1.150163e-01 1.484968e+14 1.81259177e-03 2.452723e+03
1.150163e-01 1.873817e+14 1.70667569e-03 2.806999e+03
1.150163e-01 2.364489e+14 1.53296642e-03 3.169396e+03
1.150163e-01 2.983647e+14 1.34483560e-03 3.578582e+03
1.150163e-01 3.764936e+14 1.17898928e-03 4.095479e+03
1.150163e-01 4.750810e+14 9.73891855e-04 4.624226e+03
1.150163e-01 5.994843e+14 7.95375460e-04 5.292158e+03
1.150163e-01 7.564633e+14 6.04268452e-04 5.975403e+03
1.150163e-01 9.545485e+14 4.35175776e-04 6.746858e+03
1.150163e-01 1.204504e+15 3.02239380e-04 7.721387e+03
1.150163e-01 1.519911e+15 1.89442407e-04 8.718257e+03
1.150163e-01 1.917910e+15 1.08396296e-04 9.843829e+03
1.150163e-01 2.420128e+15 5.71215033e-05 1.126569e+04
1.150163e-01 3.053856e+15 2.57405923e-05 1.272015e+04
1.150163e-01 3.853529e+15 1.02238222e-05 1.455747e+04
1.150163e-01 4.862602e+15 3.28723838e-06 1.643692e+04
1.150163e-01 6.135907e+15 8.64953992e-07 1.881109e+04
1.150163e-01 7.742637e+15 1.66564370e-07 2.123970e+04
1.150163e-01 9.770100e+15 2.24372616e-08 2.398186e+04
1.150163e-01 1.232847e+16 1.99576224e-09 2.744584e+04
1.150163e-01 1.555676e+16 1.00932991e-10 3.098924e+04
1.150163e-01 1.963041e+16 2.75104989e-12 3.546539e+04
1.150163e-01 2.477076e+16 3.38257067e-14 4.004415e+04
1.150163e-01 3.125716e+16 1.70592299e-16 4.582820e+04
1.150163e-01 3.944206e+16 2.77296309e-19 5.174486e+04
1.150163e-01 4.977024e+16 1.17219561e-22 5.842538e+04
1.150163e-01 6.280291e+16 9.64986023e-27 6.686446e+04
1.150163e-01 7.924829e+16 9.67662252e-32 7.549700e+04
1.150163e-01 1.000000e+17 7.23573633e-38 8.640193e+04
1.233295e-01 1.261857e+07 1.82560407e-04 3.610914e-01
1.233295e-01 1.592283e+07 1.93347381e-04 4.132482e-01
1.233295e-01 2.009233e+07 2.04812612e-04 4.729385e-01
1.233295e-01 2.535364e+07 2.11224218e-04 5.339973e-01
1.233295e-01 3.199267e+07 2.23839884e-04 6.111289e-01
1.233295e-01 4.037017e+07 2.30941025e-04 6.900288e-01
1.233295e-01 5.094138e+07 2.44834516e-04 7.896978e-01
1.233295e-01 6.428073e+07 2.52705767e-04 8.916518e-01
1.233295e-01 8.111308e+07 2.68019635e-04 1.020444e+00
1.233295e-01 1.023531e+08 2.76751477e-04 1.152188e+00
1.233295e-01 1.291550e+08 2.85827684e-04 1.300942e+00
1.233295e-01 1.629751e+08 3.03339331e-04 1.488852e+00
1.233295e-01 2.056512e+08 3.13419487e-04 1.681071e+00
1.233295e-01 2.595024e+08 3.32762052e-04 1.923888e+00
1.233295e-01 3.274549e+08 3.43965364e-04 2.172271e+00
1.233295e-01 4.132012e+08 3.65347581e-04 2.486038e+00
1.233295e-01 5.214008e+08 3.77807654e-04 2.806999e+00
1.233295e-01 6.579332e+08 3.90774963e-04 3.169396e+00
1.233295e-01 8.302176e+08 4.15329246e-04 3.627190e+00
1.233295e-01 1.047616e+09 4.29763976e-04 4.095479e+00
1.233295e-01 1.321941e+09 4.56957606e-04 4.687038e+00
1.233295e-01 1.668101e+09 4.73033305e-04 5.292158e+00
1.233295e-01 2.104904e+09 4.89773068e-04 5.975403e+00
1.233295e-01 2.656088e+09 5.21077913e-04 6.838501e+00
1.233295e-01 3.351603e+09 5.39728882e-04 7.721387e+00
1.233295e-01 4.229243e+09 5.74445927e-04 8.836679e+00
1.233295e-01 5.336699e+09 5.95227624e-04 9.977539e+00
1.233295e-01 6.734151e+09 6.16869274e-04 1.126569e+01
1.233295e-01 8.497534e+09 6.56892927e-04 1.289293e+01
1.233295e-01 1.072267e+10 6.80998080e-04 1.455747e+01
1.233295e-01 1.353048e+10 7.06091772e-04 1.643692e+01
1.233295e-01 1.707353e+10 7.52235556e-04 1.881109e+01
1.233295e-01 2.154435e+10 7.80154255e-04 2.123970e+01
1.233295e-01 2.718588e+10 8.09194554e-04 2.398186e+01
1.233295e-01 3.430469e+10 8.62347421e-04 2.744584e+01
1.233295e-01 4.328761e+10 8.94586262e-04 3.098924e+01
1.233295e-01 5.462277e+10 9.28071985e-04 3.499011e+01
1.233295e-01 6.892612e+10 9.89163857e-04 4.004415e+01
1.233295e-01 8.697490e+10 1.02619983e-03 4.521405e+01
1.233295e-01 1.097499e+11 1.06457774e-03 5.105142e+01
1.233295e-01 1.384886e+11 1.13450785e-03 5.842538e+01
1.233295e-01 1.747528e+11 1.17670324e-03 6.596840e+01
1.233295e-01 2.205131e+11 1.22026576e-03 7.448526e+01
1.233295e-01 2.782559e+11 1.29976886e-03 8.524405e+01
1.233295e-01 3.511192e+11 1.34722201e-03 9.624949e+01
1.233295e-01 4.430621e+11 1.39593027e-03 1.086758e+02
1.233295e-01 5.590810e+11 1.48534161e-03 1.243731e+02
1.233295e-01 7.054802e+11 1.53763490e-03 1.404303e+02
1.233295e-01 8.902151e+11 1.59082397e-03 1.585606e+02
1.233295e-01 1.123324e+12 1.68968390e-03 1.814634e+02
1.233295e-01 1.417474e+12 1.74547378e-03 2.048913e+02
1.233295e-01 1.788650e+12 1.80137882e-03 2.313438e+02
1.233295e-01 2.257020e+12 1.90779612e-03 2.647595e+02
1.233295e-01 2.848036e+12 1.96417374e-03 2.989413e+02
1.233295e-01 3.593814e+12 2.01920459e-03 3.375362e+02
1.233295e-01 4.534879e+12 2.12888592e-03 3.862905e+02
1.233295e-01 5.722368e+12 2.18044314e-03 4.361626e+02
1.233295e-01 7.220809e+12 2.22815731e-03 4.924734e+02
1.233295e-01 9.111628e+12 2.33305412e-03 5.636072e+02
1.233295e-01 1.149757e+13 2.37067594e-03 6.363718e+02
1.233295e-01 1.450829e+13 2.40053817e-03 7.185307e+02
1.233295e-01 1.830738e+13 2.48727689e-03 8.223166e+02
1.233295e-01 2.310130e+13 2.49698936e-03 9.284819e+02
1.233295e-01 2.915053e+13 2.49343688e-03 1.048354e+03
1.233295e-01 3.678380e+13 2.54232899e-03 1.199780e+03
1.233295e-01 4.641589e+13 2.50532874e-03 1.354678e+03
1.233295e-01 5.857021e+13 2.44868258e-03 1.529573e+03
1.233295e-01 7.390722e+13 2.43550292e-03 1.750508e+03
1.233295e-01 9.326033e+13 2.33202815e-03 1.976507e+03
1.233295e-01 1.176812e+14 2.20449822e-03 2.231685e+03
1.233295e-01 1.484968e+14 2.10921810e-03 2.554033e+03
1.233295e-01 1.873817e+14 1.93043171e-03 2.883772e+03
1.233295e-01 2.364489e+14 1.73122927e-03 3.256082e+03
1.233295e-01 2.983647e+14 1.55751742e-03 3.726396e+03
1.233295e-01 3.764936e+14 1.32637593e-03 4.207493e+03
1.233295e-01 4.750810e+14 1.09307358e-03 4.750702e+03
1.233295e-01 5.994843e+14 8.90308545e-04 5.436903e+03
1.233295e-01 7.564633e+14 6.74293886e-04 6.138835e+03
1.233295e-01 9.545485e+14 4.97099287e-04 7.025540e+03
1.233295e-01 1.204504e+15 3.34658444e-04 7.932573e+03
1.233295e-01 1.519911e+15 2.08748011e-04 8.956708e+03
1.233295e-01 1.917910e+15 1.22016752e-04 1.025043e+04
1.233295e-01 2.420128e+15 6.21738358e-05 1.157382e+04
1.233295e-01 3.053856e+15 2.85607686e-05 1.324556e+04
1.233295e-01 3.853529e+15 1.09414904e-05 1.495563e+04
1.233295e-01 4.862602e+15 3.48019700e-06 1.688648e+04
1.233295e-01 6.135907e+15 9.04034289e-07 1.932559e+04
1.233295e-01 7.742637e+15 1.71429488e-07 2.182063e+04
1.233295e-01 9.770100e+15 2.32878341e-08 2.497244e+04
1.233295e-01 1.232847e+16 1.97151033e-09 2.819651e+04
1.233295e-01 1.555676e+16 9.70349610e-11 3.183682e+04
1.233295e-01 1.963041e+16 2.55944269e-12 3.643539e+04
1.233295e-01 2.477076e+16 3.02493923e-14 4.113939e+04
1.233295e-01 3.125716e+16 1.45461167e-16 4.708164e+04
1.233295e-01 3.944206e+16 2.23265652e-19 5.316012e+04
1.233295e-01 4.977024e+16 9.04749892e-23 6.083867e+04
1.233295e-01 6.280291e+16 6.66638078e-27 6.869325e+04
1.233295e-01 7.924829e+16 6.20023212e-32 7.861543e+04
1.233295e-01 1.000000e+17 3.98105358e-38 8.876509e+04
1.322435e-01 1.261857e+07 2.15156476e-04 3.760065e-01
1.322435e-01 1.592283e+07 2.27868808e-04 4.303176e-01
1.322435e-01 2.009233e+07 2.34954174e-04 4.858738e-01
1.322435e-01 2.535364e+07 2.48935836e-04 5.560543e-01
1.322435e-01 3.199267e+07 2.56779750e-04 6.278437e-01
1.322435e-01 4.037017e+07 2.72170668e-04 7.185307e-01
1.322435e-01 5.094138e+07 2.80861450e-04 8.112967e-01
1.322435e-01 6.428073e+07 2.97818190e-04 9.284819e-01
1.322435e-01 8.111308e+07 3.07454999e-04 1.048354e+00
1.322435e-01 1.023531e+08 3.26152767e-04 1.199780e+00
1.322435e-01 1.291550e+08 3.36846941e-04 1.354678e+00
1.322435e-01 1.629751e+08 3.57481852e-04 1.550350e+00
1.322435e-01 2.056512e+08 3.69358392e-04 1.750508e+00
1.322435e-01 2.595024e+08 3.81709917e-04 1.976507e+00
1.322435e-01 3.274549e+08 4.05349125e-04 2.261998e+00
1.322435e-01 4.132012e+08 4.19080858e-04 2.554033e+00
1.322435e-01 5.214008e+08 4.45221943e-04 2.922943e+00
1.322435e-01 6.579332e+08 4.60497889e-04 3.300310e+00
1.322435e-01 8.302176e+08 4.76397406e-04 3.726396e+00
1.322435e-01 1.047616e+09 5.06430578e-04 4.264644e+00
1.322435e-01 1.321941e+09 5.24132276e-04 4.815232e+00
1.322435e-01 1.668101e+09 5.57402363e-04 5.510753e+00
1.322435e-01 2.104904e+09 5.77118240e-04 6.222219e+00
1.322435e-01 2.656088e+09 5.97648811e-04 7.025540e+00
1.322435e-01 3.351603e+09 6.35959462e-04 8.040322e+00
1.322435e-01 4.229243e+09 6.58832699e-04 9.078369e+00
1.322435e-01 5.336699e+09 6.82651928e-04 1.025043e+01
1.322435e-01 6.734151e+09 7.26804500e-04 1.173102e+01
1.322435e-01 8.497534e+09 7.53336384e-04 1.324556e+01
1.322435e-01 1.072267e+10 7.80958538e-04 1.495563e+01
1.322435e-01 1.353048e+10 8.31857123e-04 1.711585e+01
1.322435e-01 1.707353e+10 8.62597867e-04 1.932559e+01
1.322435e-01 2.154435e+10 8.94580715e-04 2.182063e+01
1.322435e-01 2.718588e+10 9.53221924e-04 2.497244e+01
1.322435e-01 3.430469e+10 9.88749999e-04 2.819651e+01
1.322435e-01 4.328761e+10 1.02566815e-03 3.183682e+01
1.322435e-01 5.462277e+10 1.09310999e-03 3.643539e+01
1.322435e-01 6.892612e+10 1.13398870e-03 4.113939e+01
1.322435e-01 8.697490e+10 1.17637975e-03 4.645069e+01
1.322435e-01 1.097499e+11 1.25367435e-03 5.316012e+01
1.322435e-01 1.384886e+11 1.30036966e-03 6.002336e+01
1.322435e-01 1.747528e+11 1.34863514e-03 6.777268e+01
1.322435e-01 2.205131e+11 1.43670015e-03 7.756190e+01
1.322435e-01 2.782559e+11 1.48943483e-03 8.757554e+01
1.322435e-01 3.511192e+11 1.54366708e-03 9.888199e+01
1.322435e-01 4.430621e+11 1.64305610e-03 1.131647e+02
1.322435e-01 5.590810e+11 1.70156166e-03 1.277748e+02
1.322435e-01 7.054802e+11 1.76125226e-03 1.442712e+02
1.322435e-01 8.902151e+11 1.87176497e-03 1.651100e+02
1.322435e-01 1.123324e+12 1.93487363e-03 1.864266e+02
1.322435e-01 1.417474e+12 1.99844034e-03 2.104952e+02
1.322435e-01 1.788650e+12 2.11848675e-03 2.408995e+02
1.322435e-01 2.257020e+12 2.18348716e-03 2.720009e+02
1.322435e-01 2.848036e+12 2.24753846e-03 3.071176e+02
1.322435e-01 3.593814e+12 2.37315305e-03 3.514782e+02
1.322435e-01 4.534879e+12 2.43482833e-03 3.968559e+02
1.322435e-01 5.722368e+12 2.49309401e-03 4.480920e+02
1.322435e-01 7.220809e+12 2.61651794e-03 5.128153e+02
1.322435e-01 9.111628e+12 2.66584512e-03 5.790223e+02
1.322435e-01 1.149757e+13 2.70780427e-03 6.537771e+02
1.322435e-01 1.450829e+13 2.74075779e-03 7.381830e+02
1.322435e-01 1.830738e+13 2.83846026e-03 8.448076e+02
1.322435e-01 2.310130e+13 2.84805944e-03 9.538766e+02
1.322435e-01 2.915053e+13 2.84235546e-03 1.077027e+03
1.322435e-01 3.678380e+13 2.89620884e-03 1.232595e+03
1.322435e-01 4.641589e+13 2.85198570e-03 1.391729e+03
1.322435e-01 5.857021e+13 2.78523132e-03 1.571408e+03
1.322435e-01 7.390722e+13 2.76770469e-03 1.798386e+03
1.322435e-01 9.326033e+13 2.64738407e-03 2.030566e+03
1.322435e-01 1.176812e+14 2.56806484e-03 2.323865e+03
1.322435e-01 1.484968e+14 2.38850834e-03 2.623888e+03
1.322435e-01 1.873817e+14 2.18278345e-03 2.962645e+03
1.322435e-01 2.364489e+14 2.00766597e-03 3.390576e+03
1.322435e-01 2.983647e+14 1.75472696e-03 3.828316e+03
1.322435e-01 3.764936e+14 1.49101272e-03 4.322572e+03
1.322435e-01 4.750810e+14 1.25915807e-03 4.946932e+03
1.322435e-01 5.994843e+14 9.95371527e-04 5.585606e+03
1.322435e-01 7.564633e+14 7.51333752e-04 6.306737e+03
1.322435e-01 9.545485e+14 5.51744221e-04 7.217694e+03
1.322435e-01 1.204504e+15 3.69774899e-04 8.149535e+03
1.322435e-01 1.519911e+15 2.35720022e-04 9.326669e+03
1.322435e-01 1.917910e+15 1.33294430e-04 1.053079e+04
1.322435e-01 2.420128e+15 6.74346712e-05 1.189037e+04
1.322435e-01 3.053856e+15 3.07177991e-05 1.360784e+04
1.322435e-01 3.853529e+15 1.16519359e-05 1.536468e+04
1.322435e-01 4.862602e+15 3.66307561e-06 1.734834e+04
1.322435e-01 6.135907e+15 9.38390154e-07 1.985416e+04
1.322435e-01 7.742637e+15 1.75001178e-07 2.241744e+04
1.322435e-01 9.770100e+15 2.32998459e-08 2.565545e+04
1.322435e-01 1.232847e+16 1.92514882e-09 2.896770e+04
1.322435e-01 1.555676e+16 9.45233448e-11 3.315185e+04
1.322435e-01 1.963041e+16 2.34211385e-12 3.743193e+04
1.322435e-01 2.477076e+16 2.65202674e-14 4.226458e+04
1.322435e-01 3.125716e+16 1.21118761e-16 4.836936e+04
1.322435e-01 3.944206e+16 1.74707361e-19 5.461409e+04
1.322435e-01 4.977024e+16 6.56835788e-23 6.250265e+04
1.322435e-01 6.280291e+16 4.41933152e-27 7.057206e+04
1.322435e-01 7.924829e+16 3.67950458e-32 8.076563e+04
1.322435e-01 1.000000e+17 2.06260018e-38 9.119288e+04
1.418018e-01 1.261857e+07 2.53777920e-04 3.915376e-01
1.418018e-01 1.592283e+07 2.68771322e-04 4.480920e-01
1.418018e-01 2.009233e+07 2.77127551e-04 5.059430e-01
1.418018e-01 2.535364e+07 2.93617746e-04 5.790223e-01
1.418018e-01 3.199267e+07 3.02868307e-04 6.537771e-01
1.418018e-01 4.037017e+07 3.21020215e-04 7.482099e-01
1.418018e-01 5.094138e+07 3.31269165e-04 8.448076e-01
1.418018e-01 6.428073e+07 3.41915642e-04 9.538766e-01
1.418018e-01 8.111308e+07 3.62631449e-04 1.091656e+00
1.418018e-01 1.023531e+08 3.74441006e-04 1.232595e+00
1.418018e-01 1.291550e+08 3.97292741e-04 1.410633e+00
1.418018e-01 1.629751e+08 4.10402453e-04 1.592753e+00
1.418018e-01 2.056512e+08 4.35631289e-04 1.822813e+00
1.418018e-01 2.595024e+08 4.50194966e-04 2.058148e+00
1.418018e-01 3.274549e+08 4.65343292e-04 2.323865e+00
1.418018e-01 4.132012e+08 4.94260863e-04 2.659529e+00
1.418018e-01 5.214008e+08 5.11106343e-04 3.002888e+00
1.418018e-01 6.579332e+08 5.43094954e-04 3.436630e+00
1.418018e-01 8.302176e+08 5.61838828e-04 3.880317e+00
1.418018e-01 1.047616e+09 5.81349509e-04 4.381286e+00
1.418018e-01 1.321941e+09 6.18116487e-04 5.014127e+00
1.418018e-01 1.668101e+09 6.39841244e-04 5.661476e+00
1.418018e-01 2.104904e+09 6.62461136e-04 6.392402e+00
1.418018e-01 2.656088e+09 7.04777411e-04 7.315732e+00
1.418018e-01 3.351603e+09 7.29974173e-04 8.260231e+00
1.418018e-01 4.229243e+09 7.76894656e-04 9.453354e+00
1.418018e-01 5.336699e+09 8.04962611e-04 1.067383e+01
1.418018e-01 6.734151e+09 8.34187744e-04 1.205188e+01
1.418018e-01 8.497534e+09 8.88262937e-04 1.379267e+01
1.418018e-01 1.072267e+10 9.20804097e-04 1.557338e+01
1.418018e-01 1.353048e+10 9.54673477e-04 1.758398e+01
1.418018e-01 1.707353e+10 1.01699237e-03 2.012384e+01
1.418018e-01 2.154435e+10 1.05465894e-03 2.272193e+01
1.418018e-01 2.718588e+10 1.09382944e-03 2.565545e+01
1.418018e-01 3.430469e+10 1.16557757e-03 2.936118e+01
1.418018e-01 4.328761e+10 1.20903897e-03 3.315185e+01
1.418018e-01 5.462277e+10 1.25416745e-03 3.743193e+01
1.418018e-01 6.892612e+10 1.30099450e-03 4.226458e+01
1.418018e-01 8.697490e+10 1.38645574e-03 4.836936e+01
1.418018e-01 1.097499e+11 1.43812014e-03 5.461409e+01
1.418018e-01 1.384886e+11 1.49157629e-03 6.166505e+01
1.418018e-01 1.747528e+11 1.58912241e-03 7.057206e+01
1.418018e-01 2.205131e+11 1.64767962e-03 7.968328e+01
1.418018e-01 2.782559e+11 1.70799801e-03 8.997080e+01
1.418018e-01 3.511192e+11 1.81841862e-03 1.029663e+02
1.418018e-01 4.430621e+11 1.88375985e-03 1.162598e+02
1.418018e-01 5.590810e+11 1.95059965e-03 1.312696e+02
1.418018e-01 7.054802e+11 2.07397384e-03 1.502304e+02
1.418018e-01 8.902151e+11 2.14511946e-03 1.696259e+02
1.418018e-01 1.123324e+12 2.21709408e-03 1.915255e+02
1.418018e-01 1.417474e+12 2.35215708e-03 2.191898e+02
1.418018e-01 1.788650e+12 2.42660908e-03 2.474883e+02
1.418018e-01 2.257020e+12 2.50054353e-03 2.794403e+02
1.418018e-01 2.848036e+12 2.57330789e-03 3.155175e+02
1.418018e-01 3.593814e+12 2.71644764e-03 3.610914e+02
1.418018e-01 4.534879e+12 2.78627449e-03 4.077102e+02
1.418018e-01 5.722368e+12 2.85208110e-03 4.603477e+02
1.418018e-01 7.220809e+12 2.99227032e-03 5.268411e+02
1.418018e-01 9.111628e+12 3.04754747e-03 5.948590e+02
1.418018e-01 1.149757e+13 3.09423966e-03 6.716584e+02
1.418018e-01 1.450829e+13 3.21608617e-03 7.686740e+02
1.418018e-01 1.830738e+13 3.24041518e-03 8.679137e+02
1.418018e-01 2.310130e+13 3.24953761e-03 9.799658e+02
1.418018e-01 2.915053e+13 3.32963128e-03 1.121514e+03
1.418018e-01 3.678380e+13 3.30007153e-03 1.266307e+03
1.418018e-01 4.641589e+13 3.24712398e-03 1.429794e+03
1.418018e-01 5.857021e+13 3.25497793e-03 1.636316e+03
1.418018e-01 7.390722e+13 3.14526161e-03 1.847573e+03
1.418018e-01 9.326033e+13 3.00516637e-03 2.086104e+03
1.418018e-01 1.176812e+14 2.91145128e-03 2.387425e+03
1.418018e-01 1.484968e+14 2.70402178e-03 2.695653e+03
1.418018e-01 1.873817e+14 2.46712229e-03 3.043676e+03
1.418018e-01 2.364489e+14 2.26501782e-03 3.483310e+03
1.418018e-01 2.983647e+14 1.97550354e-03 3.933024e+03
1.418018e-01 3.764936e+14 1.67458507e-03 4.440797e+03
1.418018e-01 4.750810e+14 1.41029923e-03 5.082234e+03
1.418018e-01 5.994843e+14 1.11132935e-03 5.738377e+03
1.418018e-01 7.564633e+14 8.58669505e-04 6.567239e+03
1.418018e-01 9.545485e+14 6.11197991e-04 7.415103e+03
1.418018e-01 1.204504e+15 4.07623052e-04 8.372431e+03
1.418018e-01 1.519911e+15 2.58372848e-04 9.581761e+03
1.418018e-01 1.917910e+15 1.45136603e-04 1.081881e+04
1.418018e-01 2.420128e+15 7.28568980e-05 1.221558e+04
1.418018e-01 3.053856e+15 3.28864204e-05 1.398002e+04
1.418018e-01 3.853529e+15 1.23414645e-05 1.578491e+04
1.418018e-01 4.862602e+15 3.93576493e-06 1.806492e+04
1.418018e-01 6.135907e+15 9.66716996e-07 2.039719e+04
1.418018e-01 7.742637e+15 1.77055111e-07 2.303057e+04
1.418018e-01 9.770100e+15 2.30653135e-08 2.635715e+04
1.418018e-01 1.232847e+16 1.85622049e-09 2.975999e+04
1.418018e-01 1.555676e+16 8.82802994e-11 3.405858e+04
1.418018e-01 1.963041e+16 2.10481477e-12 3.845572e+04
1.418018e-01 2.477076e+16 2.33747422e-14 4.401034e+04
1.418018e-01 3.125716e+16 9.82637262e-17 4.969230e+04
1.418018e-01 3.944206e+16 1.32514665e-19 5.610783e+04
1.418018e-01 4.977024e+16 4.59333154e-23 6.421215e+04
1.418018e-01 6.280291e+16 2.80071198e-27 7.250226e+04
1.418018e-01 7.924829e+16 2.06822760e-32 8.297463e+04
1.418018e-01 1.000000e+17 1.00076668e-38 9.368708e+04
1.520510e-01 1.261857e+07 2.99585353e-04 4.077102e-01
1.520510e-01 1.592283e+07 3.08837064e-04 4.603477e-01
1.520510e-01 2.009233e+07 3.27147255e-04 5.268411e-01
1.520510e-01 2.535364e+07 3.37384634e-04 5.948590e-01
1.520510e-01 3.199267e+07 3.57530894e-04 6.807816e-01
1.520510e-01 4.037017e+07 3.68868172e-04 7.686740e-01
1.520510e-01 5.094138e+07 3.91053494e-04 8.797027e-01
1.520510e-01 6.428073e+07 4.03618921e-04 9.932768e-01
1.520510e-01 8.111308e+07 4.28070374e-04 1.136748e+00
1.520510e-01 1.023531e+08 4.42007889e-04 1.283508e+00
1.520510e-01 1.291550e+08 4.56494075e-04 1.449215e+00
1.520510e-01 1.629751e+08 4.84450687e-04 1.658542e+00
1.520510e-01 2.056512e+08 5.00536789e-04 1.872669e+00
1.520510e-01 2.595024e+08 5.31412857e-04 2.143160e+00
1.520510e-01 3.274549e+08 5.49288197e-04 2.419853e+00
1.520510e-01 4.132012e+08 5.67883558e-04 2.732269e+00
1.520510e-01 5.214008e+08 6.03292189e-04 3.126923e+00
1.520510e-01 6.579332e+08 6.23975631e-04 3.530625e+00
1.520510e-01 8.302176e+08 6.45501604e-04 3.986446e+00
1.520510e-01 1.047616e+09 6.86174940e-04 4.562256e+00
1.520510e-01 1.321941e+09 7.10136445e-04 5.151267e+00
1.520510e-01 1.668101e+09 7.55187091e-04 5.895326e+00
1.520510e-01 2.104904e+09 7.81869394e-04 6.656443e+00
1.520510e-01 2.656088e+09 8.09650978e-04 7.515823e+00
1.520510e-01 3.351603e+09 8.61513726e-04 8.601423e+00
1.520510e-01 4.229243e+09 8.92457199e-04 9.711911e+00
1.520510e-01 5.336699e+09 9.24675680e-04 1.096577e+01
1.520510e-01 6.734151e+09 9.84427718e-04 1.254968e+01
1.520510e-01 8.497534e+09 1.02030352e-03 1.416991e+01
1.520510e-01 1.072267e+10 1.05764662e-03 1.599932e+01
1.520510e-01 1.353048e+10 1.12650025e-03 1.831029e+01
1.520510e-01 1.707353e+10 1.16804203e-03 2.067425e+01
1.520510e-01 2.154435e+10 1.21125210e-03 2.334340e+01
1.520510e-01 2.718588e+10 1.29053894e-03 2.671516e+01
1.520510e-01 3.430469e+10 1.33851297e-03 3.016423e+01
1.520510e-01 4.328761e+10 1.38834882e-03 3.405858e+01
1.520510e-01 5.462277e+10 1.47947477e-03 3.897807e+01
1.520510e-01 6.892612e+10 1.53461847e-03 4.401034e+01
1.520510e-01 8.697490e+10 1.59177938e-03 4.969230e+01
1.520510e-01 1.097499e+11 1.65097394e-03 5.610783e+01
1.520510e-01 1.384886e+11 1.75903609e-03 6.421215e+01
1.520510e-01 1.747528e+11 1.82402339e-03 7.250226e+01
1.520510e-01 2.205131e+11 1.89105910e-03 8.186268e+01
1.520510e-01 2.782559e+11 2.01369721e-03 9.368708e+01
1.520510e-01 3.511192e+11 2.08657381e-03 1.057826e+02
1.520510e-01 4.430621e+11 2.16128952e-03 1.194396e+02
1.520510e-01 5.590810e+11 2.29888427e-03 1.366917e+02
1.520510e-01 7.054802e+11 2.37887207e-03 1.543393e+02
1.520510e-01 8.902151e+11 2.46009084e-03 1.742653e+02
1.520510e-01 1.123324e+12 2.54219747e-03 1.967639e+02
1.520510e-01 1.417474e+12 2.69655912e-03 2.251848e+02
1.520510e-01 1.788650e+12 2.78134024e-03 2.542573e+02
1.520510e-01 2.257020e+12 2.86543622e-03 2.870832e+02
1.520510e-01 2.848036e+12 3.02872082e-03 3.285501e+02
1.520510e-01 3.593814e+12 3.11122764e-03 3.709676e+02
1.520510e-01 4.534879e+12 3.19024561e-03 4.188614e+02
1.520510e-01 5.722368e+12 3.35380086e-03 4.793625e+02
1.520510e-01 7.220809e+12 3.42372582e-03 5.412507e+02
1.520510e-01 9.111628e+12 3.48556667e-03 6.111289e+02
1.520510e-01 1.149757e+13 3.63413928e-03 6.994015e+02
1.520510e-01 1.450829e+13 3.67486453e-03 7.896978e+02
1.520510e-01 1.830738e+13 3.70062625e-03 8.916518e+02
1.520510e-01 2.310130e+13 3.81020906e-03 1.020444e+03
1.520510e-01 2.915053e+13 3.79758916e-03 1.152188e+03
1.520510e-01 3.678380e+13 3.76100427e-03 1.300942e+03
1.520510e-01 4.641589e+13 3.79863213e-03 1.488852e+03
1.520510e-01 5.857021e+13 3.70289808e-03 1.681071e+03
1.520510e-01 7.390722e+13 3.57423470e-03 1.898105e+03
1.520510e-01 9.326033e+13 3.50418564e-03 2.172271e+03
1.520510e-01 1.176812e+14 3.30000851e-03 2.452723e+03
1.520510e-01 1.484968e+14 3.06015376e-03 2.769382e+03
1.520510e-01 1.873817e+14 2.86338486e-03 3.169396e+03
1.520510e-01 2.364489e+14 2.55372757e-03 3.578582e+03
1.520510e-01 2.983647e+14 2.22224490e-03 4.040595e+03
1.520510e-01 3.764936e+14 1.93023301e-03 4.624226e+03
1.520510e-01 4.750810e+14 1.57760916e-03 5.221237e+03
1.520510e-01 5.994843e+14 1.23891545e-03 5.895326e+03
1.520510e-01 7.564633e+14 9.53472669e-04 6.746858e+03
1.520510e-01 9.545485e+14 6.75584307e-04 7.617912e+03
1.520510e-01 1.204504e+15 4.48182197e-04 8.601423e+03
1.520510e-01 1.519911e+15 2.82334239e-04 9.843829e+03
1.520510e-01 1.917910e+15 1.57458091e-04 1.111472e+04
1.520510e-01 2.420128e+15 8.05221355e-05 1.272015e+04
1.520510e-01 3.053856e+15 3.50306131e-05 1.436238e+04
1.520510e-01 3.853529e+15 1.29941367e-05 1.621664e+04
1.520510e-01 4.862602e+15 4.08735158e-06 1.855900e+04
1.520510e-01 6.135907e+15 9.87669888e-07 2.095507e+04
1.520510e-01 7.742637e+15 1.82234243e-07 2.398186e+04
1.520510e-01 9.770100e+15 2.25685587e-08 2.707804e+04
1.520510e-01 1.232847e+16 1.76509897e-09 3.057395e+04
1.520510e-01 1.555676e+16 8.10954952e-11 3.499011e+04
1.520510e-01 1.963041e+16 1.85446865e-12 3.950751e+04
1.520510e-01 2.477076e+16 1.95838806e-14 4.521405e+04
1.520510e-01 3.125716e+16 7.74876265e-17 5.105142e+04
1.520510e-01 3.944206e+16 9.71430453e-20 5.764242e+04
1.520510e-01 4.977024e+16 3.08334185e-23 6.596840e+04
1.520510e-01 6.280291e+16 1.68966737e-27 7.448526e+04
1.520510e-01 7.924829e+16 1.09556750e-32 8.524405e+04
1.520510e-01 1.000000e+17 4.51960399e-39 9.624949e+04
1.630409e-01 1.261857e+07 3.44549505e-04 4.188614e-01
1.630409e-01 1.592283e+07 3.64903101e-04 4.793625e-01
1.630409e-01 2.009233e+07 3.76245085e-04 5.412507e-01
1.630409e-01 2.535364e+07 3.98629643e-04 6.194299e-01
1.630409e-01 3.199267e+07 4.11184665e-04 6.994015e-01
1.630409e-01 4.037017e+07 4.35823713e-04 8.004244e-01
1.630409e-01 5.094138e+07 4.49732696e-04 9.037633e-01
1.630409e-01 6.428073e+07 4.76876247e-04 1.034305e+00
1.630409e-01 8.111308e+07 4.92297328e-04 1.167839e+00
1.630409e-01 1.023531e+08 5.08322041e-04 1.318612e+00
1.630409e-01 1.291550e+08 5.39335666e-04 1.509075e+00
1.630409e-01 1.629751e+08 5.57122682e-04 1.703905e+00
1.630409e-01 2.056512e+08 5.91359673e-04 1.950020e+00
1.630409e-01 2.595024e+08 6.11116971e-04 2.201778e+00
1.630409e-01 3.274549e+08 6.31666012e-04 2.486038e+00
1.630409e-01 4.132012e+08 6.70903158e-04 2.845126e+00
1.630409e-01 5.214008e+08 6.93750974e-04 3.212447e+00
1.630409e-01 6.579332e+08 7.37150095e-04 3.676459e+00
1.630409e-01 8.302176e+08 7.62568325e-04 4.151108e+00
1.630409e-01 1.047616e+09 7.89023861e-04 4.687038e+00
1.630409e-01 1.321941e+09 8.38895473e-04 5.364042e+00
1.630409e-01 1.668101e+09 8.68346873e-04 6.056568e+00
1.630409e-01 2.104904e+09 8.99008116e-04 6.838501e+00
1.630409e-01 2.656088e+09 9.56392094e-04 7.826267e+00
1.630409e-01 3.351603e+09 9.90537181e-04 8.836679e+00
1.630409e-01 4.229243e+09 1.02608734e-03 9.977539e+00
1.630409e-01 5.336699e+09 1.09217580e-03 1.141871e+01
1.630409e-01 6.734151e+09 1.13176079e-03 1.289293e+01
1.630409e-01 8.497534e+09 1.17296640e-03 1.455747e+01
1.630409e-01 1.072267e+10 1.24910727e-03 1.666018e+01
1.630409e-01 1.353048e+10 1.29495493e-03 1.881109e+01
1.630409e-01 1.707353e+10 1.34265188e-03 2.123970e+01
1.630409e-01 2.154435e+10 1.43033698e-03 2.430761e+01
1.630409e-01 2.718588e+10 1.48331950e-03 2.744584e+01
1.630409e-01 3.430469e+10 1.53837760e-03 3.098924e+01
1.630409e-01 4.328761e+10 1.59556255e-03 3.499011e+01
1.630409e-01 5.462277e+10 1.70018277e-03 4.004415e+01
1.630409e-01 6.892612e+10 1.76343325e-03 4.521405e+01
1.630409e-01 8.697490e+10 1.82898262e-03 5.105142e+01
1.630409e-01 1.097499e+11 1.94872738e-03 5.842538e+01
1.630409e-01 1.384886e+11 2.02082801e-03 6.596840e+01
1.630409e-01 1.747528e+11 2.09529065e-03 7.448526e+01
1.630409e-01 2.205131e+11 2.23148246e-03 8.524405e+01
1.630409e-01 2.782559e+11 2.31268077e-03 9.624949e+01
1.630409e-01 3.511192e+11 2.39608890e-03 1.086758e+02
1.630409e-01 4.430621e+11 2.54943458e-03 1.243731e+02
1.630409e-01 5.590810e+11 2.63916871e-03 1.404303e+02
1.630409e-01 7.054802e+11 2.73057022e-03 1.585606e+02
1.630409e-01 8.902151e+11 2.82331533e-03 1.790316e+02
1.630409e-01 1.123324e+12 2.99678345e-03 2.048913e+02
1.630409e-01 1.417474e+12 3.09349012e-03 2.313438e+02
1.630409e-01 1.788650e+12 3.19003838e-03 2.612114e+02
1.630409e-01 2.257020e+12 3.37555278e-03 2.989413e+02
1.630409e-01 2.848036e+12 3.47198495e-03 3.375362e+02
1.630409e-01 3.593814e+12 3.56551238e-03 3.811138e+02
1.630409e-01 4.534879e+12 3.75484179e-03 4.361626e+02
1.630409e-01 5.722368e+12 3.84087510e-03 4.924734e+02
1.630409e-01 7.220809e+12 3.91940219e-03 5.560543e+02
1.630409e-01 9.111628e+12 3.98844881e-03 6.278437e+02
1.630409e-01 1.149757e+13 4.15644049e-03 7.185307e+02
1.630409e-01 1.450829e+13 4.20075867e-03 8.112967e+02
1.630409e-01 1.830738e+13 4.22768007e-03 9.160392e+02
1.630409e-01 2.310130e+13 4.34997642e-03 1.048354e+03
1.630409e-01 2.915053e+13 4.33235574e-03 1.183701e+03
1.630409e-01 3.678380e+13 4.28706762e-03 1.336523e+03
1.630409e-01 4.641589e+13 4.32594770e-03 1.529573e+03
1.630409e-01 5.857021e+13 4.21254377e-03 1.727049e+03
1.630409e-01 7.390722e+13 4.06142548e-03 1.950020e+03
1.630409e-01 9.326033e+13 3.97659372e-03 2.231685e+03
1.630409e-01 1.176812e+14 3.73933400e-03 2.519806e+03
1.630409e-01 1.484968e+14 3.46172624e-03 2.845126e+03
1.630409e-01 1.873817e+14 3.23296869e-03 3.256082e+03
1.630409e-01 2.364489e+14 2.87710137e-03 3.676459e+03
1.630409e-01 2.983647e+14 2.49746573e-03 4.151108e+03
1.630409e-01 3.764936e+14 2.16317104e-03 4.750702e+03
1.630409e-01 4.750810e+14 1.76227916e-03 5.364042e+03
1.630409e-01 5.994843e+14 1.37879920e-03 6.056568e+03
1.630409e-01 7.564633e+14 1.05658623e-03 6.931390e+03
1.630409e-01 9.545485e+14 7.44942804e-04 7.826267e+03
1.630409e-01 1.204504e+15 5.04799903e-04 8.956708e+03
1.630409e-01 1.519911e+15 3.07469834e-04 1.011307e+04
1.630409e-01 1.917910e+15 1.70141145e-04 1.141871e+04
1.630409e-01 2.420128e+15 8.62156712e-05 1.306805e+04
1.630409e-01 3.053856e+15 3.71072643e-05 1.475521e+04
1.630409e-01 3.853529e+15 1.35918639e-05 1.666018e+04
1.630409e-01 4.862602e+15 4.21209879e-06 1.906661e+04
1.630409e-01 6.135907e+15 9.99918541e-07 2.152820e+04
1.630409e-01 7.742637e+15 1.80613423e-07 2.463778e+04
1.630409e-01 9.770100e+15 2.18018788e-08 2.781864e+04
1.630409e-01 1.232847e+16 1.65310410e-09 3.141017e+04
1.630409e-01 1.555676e+16 7.31553846e-11 3.594712e+04
1.630409e-01 1.963041e+16 1.59882758e-12 4.058807e+04
1.630409e-01 2.477076e+16 1.59871307e-14 4.645069e+04
1.630409e-01 3.125716e+16 5.92319272e-17 5.244771e+04
1.630409e-01 3.944206e+16 7.04807029e-20 6.002336e+04
1.630409e-01 4.977024e+16 1.97905415e-23 6.777268e+04
1.630409e-01 6.280291e+16 9.65911901e-28 7.652248e+04
1.630409e-01 7.924829e+16 5.43856434e-33 8.757554e+04
1.630409e-01 1.000000e+17 1.88706675e-39 9.888199e+04
1.748252e-01 1.261857e+07 4.07474172e-04 4.361626e-01
1.748252e-01 1.592283e+07 4.20054281e-04 4.924734e-01
1.748252e-01 2.009233e+07 4.44954312e-04 5.636072e-01
1.748252e-01 2.535364e+07 4.58873737e-04 6.363718e-01
1.748252e-01 3.199267e+07 4.86269285e-04 7.282906e-01
1.748252e-01 4.037017e+07 5.01682992e-04 8.223166e-01
1.748252e-01 5.094138e+07 5.31849601e-04 9.410936e-01
1.748252e-01 6.428073e+07 5.48931516e-04 1.062594e+00
1.748252e-01 8.111308e+07 5.66678229e-04 1.199780e+00
1.748252e-01 1.023531e+08 6.01122554e-04 1.373078e+00
1.748252e-01 1.291550e+08 6.20812485e-04 1.550350e+00
1.748252e-01 1.629751e+08 6.58819622e-04 1.774285e+00
1.748252e-01 2.056512e+08 6.80681451e-04 2.003355e+00
1.748252e-01 2.595024e+08 7.03414710e-04 2.261998e+00
1.748252e-01 3.274549e+08 7.46943649e-04 2.588725e+00
1.748252e-01 4.132012e+08 7.72210054e-04 2.922943e+00
1.748252e-01 5.214008e+08 8.20335551e-04 3.345138e+00
1.748252e-01 6.579332e+08 8.48434175e-04 3.777013e+00
1.748252e-01 8.302176e+08 8.77674526e-04 4.264644e+00
1.748252e-01 1.047616e+09 9.32943907e-04 4.880638e+00
1.748252e-01 1.321941e+09 9.65485546e-04 5.510753e+00
1.748252e-01 1.668101e+09 9.99359555e-04 6.222219e+00
1.748252e-01 2.104904e+09 1.06292042e-03 7.120968e+00
1.748252e-01 2.656088e+09 1.10063530e-03 8.040322e+00
1.748252e-01 3.351603e+09 1.13989923e-03 9.078369e+00
1.748252e-01 4.229243e+09 1.21307053e-03 1.038967e+01
1.748252e-01 5.336699e+09 1.25678742e-03 1.173102e+01
1.748252e-01 6.734151e+09 1.30229431e-03 1.324556e+01
1.748252e-01 8.497534e+09 1.38657345e-03 1.515877e+01
1.748252e-01 1.072267e+10 1.43721287e-03 1.711585e+01
1.748252e-01 1.353048e+10 1.48990114e-03 1.932559e+01
1.748252e-01 1.707353e+10 1.54470724e-03 2.182063e+01
1.748252e-01 2.154435e+10 1.64550603e-03 2.497244e+01
1.748252e-01 2.718588e+10 1.70636693e-03 2.819651e+01
1.748252e-01 3.430469e+10 1.76960110e-03 3.183682e+01
1.748252e-01 4.328761e+10 1.88546151e-03 3.643539e+01
1.748252e-01 5.462277e+10 1.95546977e-03 4.113939e+01
1.748252e-01 6.892612e+10 2.02806785e-03 4.645069e+01
1.748252e-01 8.697490e+10 2.16081247e-03 5.316012e+01
1.748252e-01 1.097499e+11 2.24079545e-03 6.002336e+01
1.748252e-01 1.384886e+11 2.32348391e-03 6.777268e+01
1.748252e-01 1.747528e+11 2.40885298e-03 7.652248e+01
1.748252e-01 2.205131e+11 2.56514180e-03 8.757554e+01
1.748252e-01 2.782559e+11 2.65816098e-03 9.888199e+01
1.748252e-01 3.511192e+11 2.75366818e-03 1.116482e+02
1.748252e-01 4.430621e+11 2.92948028e-03 1.277748e+02
1.748252e-01 5.590810e+11 3.03211953e-03 1.442712e+02
1.748252e-01 7.054802e+11 3.13659780e-03 1.628974e+02
1.748252e-01 8.902151e+11 3.33121885e-03 1.864266e+02
1.748252e-01 1.123324e+12 3.44106161e-03 2.104952e+02
1.748252e-01 1.417474e+12 3.55131826e-03 2.376712e+02
1.748252e-01 1.788650e+12 3.66126666e-03 2.683558e+02
1.748252e-01 2.257020e+12 3.87315391e-03 3.071176e+02
1.748252e-01 2.848036e+12 3.98263731e-03 3.467680e+02
1.748252e-01 3.593814e+12 4.08860665e-03 3.915376e+02
1.748252e-01 4.534879e+12 4.30418980e-03 4.480920e+02
1.748252e-01 5.722368e+12 4.40109383e-03 5.059430e+02
1.748252e-01 7.220809e+12 4.48914214e-03 5.712628e+02
1.748252e-01 9.111628e+12 4.69093760e-03 6.537771e+02
1.748252e-01 1.149757e+13 4.75586646e-03 7.381830e+02
1.748252e-01 1.450829e+13 4.80376858e-03 8.334862e+02
1.748252e-01 1.830738e+13 4.83141773e-03 9.410936e+02
1.748252e-01 2.310130e+13 4.96758959e-03 1.077027e+03
1.748252e-01 2.915053e+13 4.94348510e-03 1.216077e+03
1.748252e-01 3.678380e+13 4.88741115e-03 1.373078e+03
1.748252e-01 4.641589e+13 4.92677467e-03 1.571408e+03
1.748252e-01 5.857021e+13 4.79220825e-03 1.774285e+03
1.748252e-01 7.390722e+13 4.61443876e-03 2.003355e+03
1.748252e-01 9.326033e+13 4.51160646e-03 2.292723e+03
1.748252e-01 1.176812e+14 4.23558998e-03 2.588725e+03
1.748252e-01 1.484968e+14 3.91399222e-03 2.922943e+03
1.748252e-01 1.873817e+14 3.64779103e-03 3.345138e+03
1.748252e-01 2.364489e+14 3.23863215e-03 3.777013e+03
1.748252e-01 2.983647e+14 2.80376043e-03 4.264644e+03
1.748252e-01 3.764936e+14 2.42103158e-03 4.880638e+03
1.748252e-01 4.750810e+14 1.96543106e-03 5.510753e+03
1.748252e-01 5.994843e+14 1.53154424e-03 6.222219e+03
1.748252e-01 7.564633e+14 1.16818333e-03 7.120968e+03
1.748252e-01 9.545485e+14 8.19201901e-04 8.040322e+03
1.748252e-01 1.204504e+15 5.51665223e-04 9.201681e+03
1.748252e-01 1.519911e+15 3.33581993e-04 1.038967e+04
1.748252e-01 1.917910e+15 1.83030616e-04 1.173102e+04
1.748252e-01 2.420128e+15 9.18303939e-05 1.342548e+04
1.748252e-01 3.053856e+15 3.90660866e-05 1.515877e+04
1.748252e-01 3.853529e+15 1.41146652e-05 1.711585e+04
1.748252e-01 4.862602e+15 4.30387818e-06 1.958809e+04
1.748252e-01 6.135907e+15 1.00221728e-06 2.211702e+04
1.748252e-01 7.742637e+15 1.76898059e-07 2.531164e+04
1.748252e-01 9.770100e+15 2.07674411e-08 2.857950e+04
1.748252e-01 1.232847e+16 1.52256791e-09 3.226926e+04
1.748252e-01 1.555676e+16 6.46912671e-11 3.693030e+04
1.748252e-01 1.963041e+16 1.34600866e-12 4.169819e+04
1.748252e-01 2.477076e+16 1.26845249e-14 4.772115e+04
1.748252e-01 3.125716e+16 4.37587078e-17 5.388220e+04
1.748252e-01 3.944206e+16 4.65081944e-20 6.083867e+04
1.748252e-01 4.977024e+16 1.20941362e-23 6.962632e+04
1.748252e-01 6.280291e+16 5.20528035e-28 7.861543e+04
1.748252e-01 7.924829e+16 2.51447244e-33 8.997080e+04
1.748252e-01 1.000000e+17 7.23020124e-40 1.015865e+05
1.874612e-01 1.261857e+07 4.69508833e-04 4.480920e-01
1.874612e-01 1.592283e+07 4.97239709e-04 5.128153e-01
1.874612e-01 2.009233e+07 5.12689961e-04 5.790223e-01
1.874612e-01 2.535364e+07 5.43186400e-04 6.626574e-01
1.874612e-01 3.199267e+07 5.60287699e-04 7.482099e-01
1.874612e-01 4.037017e+07 5.93853673e-04 8.562827e-01
1.874612e-01 5.094138e+07 6.12797473e-04 9.668332e-01
1.874612e-01 6.428073e+07 6.32474214e-04 1.091656e+00
1.874612e-01 8.111308e+07 6.70773919e-04 1.249337e+00
1.874612e-01 1.023531e+08 6.92595758e-04 1.410633e+00
1.874612e-01 1.291550e+08 7.34837937e-04 1.614388e+00
1.874612e-01 1.629751e+08 7.59056512e-04 1.822813e+00
1.874612e-01 2.056512e+08 7.84235176e-04 2.058148e+00
1.874612e-01 2.595024e+08 8.32581960e-04 2.355431e+00
1.874612e-01 3.274549e+08 8.60554913e-04 2.659529e+00
1.874612e-01 4.132012e+08 9.13983632e-04 3.043676e+00
1.874612e-01 5.214008e+08 9.45080277e-04 3.436630e+00
1.874612e-01 6.579332e+08 9.77434617e-04 3.880317e+00
1.874612e-01 8.302176e+08 1.03875614e-03 4.440797e+00
1.874612e-01 1.047616e+09 1.07475148e-03 5.014127e+00
1.874612e-01 1.321941e+09 1.11221504e-03 5.661476e+00
1.874612e-01 1.668101e+09 1.18269629e-03 6.479231e+00
1.874612e-01 2.104904e+09 1.22439738e-03 7.315732e+00
1.874612e-01 2.656088e+09 1.26780699e-03 8.260231e+00
1.874612e-01 3.351603e+09 1.34890714e-03 9.453354e+00
1.874612e-01 4.229243e+09 1.39723362e-03 1.067383e+01
1.874612e-01 5.336699e+09 1.44753759e-03 1.205188e+01
1.874612e-01 6.734151e+09 1.49989567e-03 1.360784e+01
1.874612e-01 8.497534e+09 1.59689883e-03 1.557338e+01
1.874612e-01 1.072267e+10 1.65514812e-03 1.758398e+01
1.874612e-01 1.353048e+10 1.71574593e-03 1.985416e+01
1.874612e-01 1.707353e+10 1.82742100e-03 2.272193e+01
1.874612e-01 2.154435e+10 1.89473974e-03 2.565545e+01
1.874612e-01 2.718588e+10 1.96470351e-03 2.896770e+01
1.874612e-01 3.430469e+10 2.09310578e-03 3.315185e+01
1.874612e-01 4.328761e+10 2.17062562e-03 3.743193e+01
1.874612e-01 5.462277e+10 2.25105512e-03 4.226458e+01
1.874612e-01 6.892612e+10 2.33443944e-03 4.772115e+01
1.874612e-01 8.697490e+10 2.48702080e-03 5.461409e+01
1.874612e-01 1.097499e+11 2.57883520e-03 6.166505e+01
1.874612e-01 1.384886e+11 2.67372426e-03 6.962632e+01
1.874612e-01 1.747528e+11 2.84746093e-03 7.968328e+01
1.874612e-01 2.205131e+11 2.95112588e-03 8.997080e+01
1.874612e-01 2.782559e+11 3.05774108e-03 1.015865e+02
1.874612e-01 3.511192e+11 3.25377752e-03 1.162598e+02
1.874612e-01 4.430621e+11 3.36884203e-03 1.312696e+02
1.874612e-01 5.590810e+11 3.48628513e-03 1.482171e+02
1.874612e-01 7.054802e+11 3.60574710e-03 1.673527e+02
1.874612e-01 8.902151e+11 3.82870651e-03 1.915255e+02
1.874612e-01 1.123324e+12 3.95408230e-03 2.162524e+02
1.874612e-01 1.417474e+12 4.07979360e-03 2.441717e+02
1.874612e-01 1.788650e+12 4.32000323e-03 2.794403e+02
1.874612e-01 2.257020e+12 4.44706015e-03 3.155175e+02
1.874612e-01 2.848036e+12 4.57131326e-03 3.562524e+02
1.874612e-01 3.593814e+12 4.69130668e-03 4.022464e+02
1.874612e-01 4.534879e+12 4.93676993e-03 4.603477e+02
1.874612e-01 5.722368e+12 5.04577644e-03 5.197809e+02
1.874612e-01 7.220809e+12 5.14431461e-03 5.868873e+02
1.874612e-01 9.111628e+12 5.37278145e-03 6.716584e+02
1.874612e-01 1.149757e+13 5.44402924e-03 7.583729e+02
1.874612e-01 1.450829e+13 5.49537143e-03 8.562827e+02
1.874612e-01 1.830738e+13 5.67416451e-03 9.799658e+02
1.874612e-01 2.310130e+13 5.67431384e-03 1.106484e+03
1.874612e-01 2.915053e+13 5.64184041e-03 1.249337e+03
1.874612e-01 3.678380e+13 5.57239554e-03 1.410633e+03
1.874612e-01 4.641589e+13 5.61113472e-03 1.614388e+03
1.874612e-01 5.857021e+13 5.45118535e-03 1.822813e+03
1.874612e-01 7.390722e+13 5.24174020e-03 2.058148e+03
1.874612e-01 9.326033e+13 5.11697839e-03 2.355431e+03
1.874612e-01 1.176812e+14 4.79551456e-03 2.659529e+03
1.874612e-01 1.484968e+14 4.42262523e-03 3.002888e+03
1.874612e-01 1.873817e+14 4.11257130e-03 3.436630e+03
1.874612e-01 2.364489e+14 3.64195481e-03 3.880317e+03
1.874612e-01 2.983647e+14 3.14374847e-03 4.381286e+03
1.874612e-01 3.764936e+14 2.70557892e-03 5.014127e+03
1.874612e-01 4.750810e+14 2.18805823e-03 5.661476e+03
1.874612e-01 5.994843e+14 1.69755589e-03 6.392402e+03
1.874612e-01 7.564633e+14 1.28827318e-03 7.315732e+03
1.874612e-01 9.545485e+14 8.98147095e-04 8.260231e+03
1.874612e-01 1.204504e+15 6.00738856e-04 9.453354e+03
1.874612e-01 1.519911e+15 3.60398756e-04 1.067383e+04
1.874612e-01 1.917910e+15 1.95929469e-04 1.205188e+04
1.874612e-01 2.420128e+15 9.72467266e-05 1.379267e+04
1.874612e-01 3.053856e+15 4.08499404e-05 1.557338e+04
1.874612e-01 3.853529e+15 1.45411229e-05 1.758398e+04
1.874612e-01 4.862602e+15 4.35661293e-06 2.012384e+04
1.874612e-01 6.135907e+15 9.93489205e-07 2.272193e+04
1.874612e-01 7.742637e+15 1.71014506e-07 2.600393e+04
1.874612e-01 9.770100e+15 1.94788626e-08 2.936118e+04
1.874612e-01 1.232847e+16 1.37683120e-09 3.315185e+04
1.874612e-01 1.555676e+16 5.59684869e-11 3.794037e+04
1.874612e-01 1.963041e+16 1.10394058e-12 4.283867e+04
1.874612e-01 2.477076e+16 9.75445421e-15 4.902636e+04
1.874612e-01 3.125716e+16 3.11399150e-17 5.535592e+04
1.874612e-01 3.944206e+16 3.01455416e-20 6.250265e+04
1.874612e-01 4.977024e+16 7.00342397e-24 7.153065e+04
1.874612e-01 6.280291e+16 2.62933552e-28 8.076563e+04
1.874612e-01 7.924829e+16 1.07534946e-33 9.243157e+04
1.874612e-01 1.000000e+17 2.52113704e-40 1.043650e+05
2.010105e-01 1.261857e+07 5.56333340e-04 4.666006e-01
2.010105e-01 1.592283e+07 5.73503541e-04 5.268411e-01
2.010105e-01 2.009233e+07 6.07493137e-04 6.029391e-01
2.010105e-01 2.535364e+07 6.26489763e-04 6.807816e-01
2.010105e-01 3.199267e+07 6.63883626e-04 7.791150e-01
2.010105e-01 4.037017e+07 6.84917606e-04 8.797027e-01
2.010105e-01 5.094138e+07 7.06760595e-04 9.932768e-01
2.010105e-01 6.428073e+07 7.49399003e-04 1.136748e+00
2.010105e-01 8.111308e+07 7.73612637e-04 1.283508e+00
2.010105e-01 1.023531e+08 8.20618810e-04 1.468900e+00
2.010105e-01 1.291550e+08 8.47480258e-04 1.658542e+00
2.010105e-01 1.629751e+08 8.75400650e-04 1.872669e+00
2.010105e-01 2.056512e+08 9.29163475e-04 2.143160e+00
2.010105e-01 2.595024e+08 9.60169504e-04 2.419853e+00
2.010105e-01 3.274549e+08 9.92413952e-04 2.732269e+00
2.010105e-01 4.132012e+08 1.05401193e-03 3.126923e+00
2.010105e-01 5.214008e+08 1.08985340e-03 3.530625e+00
2.010105e-01 6.579332e+08 1.12714235e-03 3.986446e+00
2.010105e-01 8.302176e+08 1.19783135e-03 4.562256e+00
2.010105e-01 1.047616e+09 1.23931139e-03 5.151267e+00
2.010105e-01 1.321941e+09 1.28248036e-03 5.816322e+00
2.010105e-01 1.668101e+09 1.36371606e-03 6.656443e+00
2.010105e-01 2.104904e+09 1.41176042e-03 7.515823e+00
2.010105e-01 2.656088e+09 1.46176886e-03 8.486155e+00
2.010105e-01 3.351603e+09 1.55522617e-03 9.711911e+00
2.010105e-01 4.229243e+09 1.61088813e-03 1.096577e+01
2.010105e-01 5.336699e+09 1.66882146e-03 1.238151e+01
2.010105e-01 6.734151e+09 1.77640595e-03 1.416991e+01
2.010105e-01 8.497534e+09 1.84086034e-03 1.599932e+01
2.010105e-01 1.072267e+10 1.90791855e-03 1.806492e+01
2.010105e-01 1.353048e+10 2.03176093e-03 2.067425e+01
2.010105e-01 1.707353e+10 2.10627780e-03 2.334340e+01
2.010105e-01 2.154435e+10 2.18373967e-03 2.635715e+01
2.010105e-01 2.718588e+10 2.26422989e-03 2.975999e+01
2.010105e-01 3.430469e+10 2.41204069e-03 3.405858e+01
2.010105e-01 4.328761e+10 2.50118546e-03 3.845572e+01
2.010105e-01 5.462277e+10 2.59365354e-03 4.342055e+01
2.010105e-01 6.892612e+10 2.76305266e-03 4.969230e+01
2.010105e-01 8.697490e+10 2.86500924e-03 5.610783e+01
2.010105e-01 1.097499e+11 2.97047267e-03 6.335163e+01
2.010105e-01 1.384886e+11 3.07942890e-03 7.153065e+01
2.010105e-01 1.747528e+11 3.27913130e-03 8.186268e+01
2.010105e-01 2.205131e+11 3.39806527e-03 9.243157e+01
2.010105e-01 2.782559e+11 3.52032438e-03 1.043650e+02
2.010105e-01 3.511192e+11 3.74543601e-03 1.194396e+02
2.010105e-01 4.430621e+11 3.87723160e-03 1.348599e+02
2.010105e-01 5.590810e+11 4.01165877e-03 1.522710e+02
2.010105e-01 7.054802e+11 4.14828965e-03 1.719300e+02
2.010105e-01 8.902151e+11 4.40383063e-03 1.967639e+02
2.010105e-01 1.123324e+12 4.54694924e-03 2.221671e+02
2.010105e-01 1.417474e+12 4.69027893e-03 2.508500e+02
2.010105e-01 1.788650e+12 4.96500598e-03 2.870832e+02
2.010105e-01 2.257020e+12 5.10942335e-03 3.241471e+02
2.010105e-01 2.848036e+12 5.25036696e-03 3.659962e+02
2.010105e-01 3.593814e+12 5.38613684e-03 4.132482e+02
2.010105e-01 4.534879e+12 5.66558428e-03 4.729385e+02
2.010105e-01 5.722368e+12 5.78801310e-03 5.339973e+02
2.010105e-01 7.220809e+12 5.89804279e-03 6.029391e+02
2.010105e-01 9.111628e+12 6.15651816e-03 6.900288e+02
2.010105e-01 1.149757e+13 6.23427345e-03 7.791150e+02
2.010105e-01 1.450829e+13 6.28872188e-03 8.797027e+02
2.010105e-01 1.830738e+13 6.48834535e-03 1.006769e+03
2.010105e-01 2.310130e+13 6.48297752e-03 1.136748e+03
2.010105e-01 2.915053e+13 6.43974295e-03 1.283508e+03
2.010105e-01 3.678380e+13 6.35371790e-03 1.449215e+03
2.010105e-01 4.641589e+13 6.39028123e-03 1.658542e+03
2.010105e-01 5.857021e+13 6.19984461e-03 1.872669e+03
2.010105e-01 7.390722e+13 5.95270328e-03 2.114440e+03
2.010105e-01 9.326033e+13 5.80121608e-03 2.419853e+03
2.010105e-01 1.176812e+14 5.42641448e-03 2.732269e+03
2.010105e-01 1.484968e+14 4.99368785e-03 3.085019e+03
2.010105e-01 1.873817e+14 4.63225575e-03 3.530625e+03
2.010105e-01 2.364489e+14 4.09077809e-03 3.986446e+03
2.010105e-01 2.983647e+14 3.51999769e-03 4.501117e+03
2.010105e-01 3.764936e+14 3.01842995e-03 5.151267e+03
2.010105e-01 4.750810e+14 2.43095015e-03 5.816322e+03
2.010105e-01 5.994843e+14 1.87701638e-03 6.567239e+03
2.010105e-01 7.564633e+14 1.41664911e-03 7.515823e+03
2.010105e-01 9.545485e+14 9.81384817e-04 8.486155e+03
2.010105e-01 1.204504e+15 6.34241965e-04 9.581761e+03
2.010105e-01 1.519911e+15 3.87562915e-04 1.096577e+04
2.010105e-01 1.917910e+15 2.08595132e-04 1.238151e+04
2.010105e-01 2.420128e+15 1.02325164e-04 1.416991e+04
2.010105e-01 3.053856e+15 4.23956900e-05 1.599932e+04
2.010105e-01 3.853529e+15 1.48490778e-05 1.806492e+04
2.010105e-01 4.862602e+15 4.36460615e-06 2.067425e+04
2.010105e-01 6.135907e+15 9.72921636e-07 2.334340e+04
2.010105e-01 7.742637e+15 1.58630404e-07 2.635715e+04
2.010105e-01 9.770100e+15 1.79622226e-08 3.016423e+04
2.010105e-01 1.232847e+16 1.22015298e-09 3.405858e+04
2.010105e-01 1.555676e+16 4.72709183e-11 3.897807e+04
2.010105e-01 1.963041e+16 8.79772619e-13 4.401034e+04
2.010105e-01 2.477076e+16 7.05501416e-15 4.969230e+04
2.010105e-01 3.125716e+16 2.12674317e-17 5.686995e+04
2.010105e-01 3.944206e+16 1.86003133e-20 6.421215e+04
2.010105e-01 4.977024e+16 3.82274377e-24 7.348707e+04
2.010105e-01 6.280291e+16 1.23707763e-28 8.297463e+04
2.010105e-01 7.924829e+16 4.22171957e-34 9.495964e+04
2.010105e-01 1.000000e+17 7.92755892e-41 1.072194e+05
2.155392e-01 1.261857e+07 6.42319171e-04 4.793625e-01
2.155392e-01 1.592283e+07 6.80249338e-04 5.486025e-01
2.155392e-01 2.009233e+07 7.01377594e-04 6.194299e-01
2.155392e-01 2.535364e+07 7.23305009e-04 6.994015e-01
2.155392e-01 3.199267e+07 7.66471766e-04 8.004244e-01
2.155392e-01 4.037017e+07 7.90749550e-04 9.037633e-01
2.155392e-01 5.094138e+07 8.38277501e-04 1.034305e+00
2.155392e-01 6.428073e+07 8.65178305e-04 1.167839e+00
2.155392e-01 8.111308e+07 8.93123441e-04 1.318612e+00
2.155392e-01 1.023531e+08 9.47380504e-04 1.509075e+00
2.155392e-01 1.291550e+08 9.78379185e-04 1.703905e+00
2.155392e-01 1.629751e+08 1.03823922e-03 1.950020e+00
2.155392e-01 2.056512e+08 1.07264913e-03 2.201778e+00
2.155392e-01 2.595024e+08 1.10842600e-03 2.486038e+00
2.155392e-01 3.274549e+08 1.17696383e-03 2.845126e+00
2.155392e-01 4.132012e+08 1.21671586e-03 3.212447e+00
2.155392e-01 5.214008e+08 1.25806547e-03 3.627190e+00
2.155392e-01 6.579332e+08 1.33666796e-03 4.151108e+00
2.155392e-01 8.302176e+08 1.38264870e-03 4.687038e+00
2.155392e-01 1.047616e+09 1.43049390e-03 5.292158e+00
2.155392e-01 1.321941e+09 1.52077027e-03 6.056568e+00
2.155392e-01 1.668101e+09 1.57400383e-03 6.838501e+00
2.155392e-01 2.104904e+09 1.62940700e-03 7.721387e+00
2.155392e-01 2.656088e+09 1.73321226e-03 8.836679e+00
2.155392e-01 3.351603e+09 1.79486781e-03 9.977539e+00
2.155392e-01 4.229243e+09 1.85903567e-03 1.126569e+01
2.155392e-01 5.336699e+09 1.92581409e-03 1.272015e+01
2.155392e-01 6.734151e+09 2.04987538e-03 1.455747e+01
2.155392e-01 8.497534e+09 2.12415075e-03 1.643692e+01
2.155392e-01 1.072267e+10 2.20141517e-03 1.855900e+01
2.155392e-01 1.353048e+10 2.34417808e-03 2.123970e+01
2.155392e-01 1.707353e+10 2.43000747e-03 2.398186e+01
2.155392e-01 2.154435e+10 2.51921199e-03 2.707804e+01
2.155392e-01 2.718588e+10 2.68332186e-03 3.098924e+01
2.155392e-01 3.430469e+10 2.78218071e-03 3.499011e+01
2.155392e-01 4.328761e+10 2.88476971e-03 3.950751e+01
2.155392e-01 5.462277e+10 2.99115468e-03 4.460813e+01
2.155392e-01 6.892612e+10 3.18621133e-03 5.105142e+01
2.155392e-01 8.697490e+10 3.30344065e-03 5.764242e+01
2.155392e-01 1.097499e+11 3.42465917e-03 6.508435e+01
2.155392e-01 1.384886e+11 3.64693426e-03 7.448526e+01
2.155392e-01 1.747528e+11 3.77955377e-03 8.410168e+01
2.155392e-01 2.205131e+11 3.91607712e-03 9.495964e+01
2.155392e-01 2.782559e+11 4.05634238e-03 1.072194e+02
2.155392e-01 3.511192e+11 4.31499982e-03 1.227064e+02
2.155392e-01 4.430621e+11 4.46601431e-03 1.385484e+02
2.155392e-01 5.590810e+11 4.61992739e-03 1.564357e+02
2.155392e-01 7.054802e+11 4.77622894e-03 1.766324e+02
2.155392e-01 8.902151e+11 5.06923998e-03 2.021455e+02
2.155392e-01 1.123324e+12 5.23261640e-03 2.282435e+02
2.155392e-01 1.417474e+12 5.39601753e-03 2.577109e+02
2.155392e-01 1.788650e+12 5.71029484e-03 2.949352e+02
2.155392e-01 2.257020e+12 5.87437424e-03 3.330128e+02
2.155392e-01 2.848036e+12 6.03414544e-03 3.760065e+02
2.155392e-01 3.593814e+12 6.18762045e-03 4.245508e+02
2.155392e-01 4.534879e+12 6.50568544e-03 4.858738e+02
2.155392e-01 5.722368e+12 6.64293067e-03 5.486025e+02
2.155392e-01 7.220809e+12 6.76546060e-03 6.194299e+02
2.155392e-01 9.111628e+12 7.05762347e-03 7.089016e+02
2.155392e-01 1.149757e+13 7.14191280e-03 8.004244e+02
2.155392e-01 1.450829e+13 7.19887093e-03 9.037633e+02
2.155392e-01 1.830738e+13 7.42118205e-03 1.034305e+03
2.155392e-01 2.310130e+13 7.40815201e-03 1.167839e+03
2.155392e-01 2.915053e+13 7.35112540e-03 1.318612e+03
2.155392e-01 3.678380e+13 7.24453609e-03 1.488852e+03
2.155392e-01 4.641589e+13 7.27679515e-03 1.703905e+03
2.155392e-01 5.857021e+13 7.04969412e-03 1.923888e+03
2.155392e-01 7.390722e+13 6.75763887e-03 2.172271e+03
2.155392e-01 9.326033e+13 6.57357526e-03 2.486038e+03
2.155392e-01 1.176812e+14 6.13613152e-03 2.806999e+03
2.155392e-01 1.484968e+14 5.63357144e-03 3.169396e+03
2.155392e-01 1.873817e+14 5.21193405e-03 3.627190e+03
2.155392e-01 2.364489e+14 4.58878675e-03 4.095479e+03
2.155392e-01 2.983647e+14 3.93492028e-03 4.624226e+03
2.155392e-01 3.764936e+14 3.36094955e-03 5.292158e+03
2.155392e-01 4.750810e+14 2.69459788e-03 5.975403e+03
2.155392e-01 5.994843e+14 2.06980656e-03 6.746858e+03
2.155392e-01 7.564633e+14 1.55282821e-03 7.721387e+03
2.155392e-01 9.545485e+14 1.06830238e-03 8.718257e+03
2.155392e-01 1.204504e+15 6.84893843e-04 9.843829e+03
2.155392e-01 1.519911e+15 4.14622073e-04 1.126569e+04
2.155392e-01 1.917910e+15 2.20737285e-04 1.272015e+04
2.155392e-01 2.420128e+15 1.04061162e-04 1.436238e+04
2.155392e-01 3.053856e+15 4.36357353e-05 1.643692e+04
2.155392e-01 3.853529e+15 1.50165935e-05 1.855900e+04
2.155392e-01 4.862602e+15 4.32293880e-06 2.123970e+04
2.155392e-01 6.135907e+15 9.40067686e-07 2.398186e+04
2.155392e-01 7.742637e+15 1.48792466e-07 2.707804e+04
2.155392e-01 9.770100e+15 1.62562385e-08 3.098924e+04
2.155392e-01 1.232847e+16 1.05752165e-09 3.499011e+04
2.155392e-01 1.555676e+16 3.88816478e-11 4.004415e+04
2.155392e-01 1.963041e+16 6.79315098e-13 4.521405e+04
2.155392e-01 2.477076e+16 5.04785027e-15 5.105142e+04
2.155392e-01 3.125716e+16 1.38828752e-17 5.842538e+04
2.155392e-01 3.944206e+16 1.08716694e-20 6.596840e+04
2.155392e-01 4.977024e+16 1.95535593e-24 7.549700e+04
2.155392e-01 6.280291e+16 5.38327189e-29 8.524405e+04
2.155392e-01 7.924829e+16 1.46851583e-34 9.624949e+04
2.155392e-01 1.000000e+17 2.22511624e-41 1.101519e+05
2.311179e-01 1.261857e+07 7.42375285e-04 4.924734e-01
2.311179e-01 1.592283e+07 7.86208866e-04 5.636072e-01
2.311179e-01 2.009233e+07 8.10622445e-04 6.363718e-01
2.311179e-01 2.535364e+07 8.58822884e-04 7.282906e-01
2.311179e-01 3.199267e+07 8.85841246e-04 8.223166e-01
2.311179e-01 4.037017e+07 9.13891680e-04 9.284819e-01
2.311179e-01 5.094138e+07 9.68811475e-04 1.062594e+00
2.311179e-01 6.428073e+07 9.99890440e-04 1.199780e+00
2.311179e-01 8.111308e+07 1.06040552e-03 1.373078e+00
2.311179e-01 1.023531e+08 1.09486535e-03 1.550350e+00
2.311179e-01 1.291550e+08 1.13067441e-03 1.750508e+00
2.311179e-01 1.629751e+08 1.19983466e-03 2.003355e+00
2.311179e-01 2.056512e+08 1.23958057e-03 2.261998e+00
2.311179e-01 2.595024e+08 1.28090329e-03 2.554033e+00
2.311179e-01 3.274549e+08 1.36008087e-03 2.922943e+00
2.311179e-01 4.132012e+08 1.40598969e-03 3.300310e+00
2.311179e-01 5.214008e+08 1.45374052e-03 3.726396e+00
2.311179e-01 6.579332e+08 1.54453287e-03 4.264644e+00
2.311179e-01 8.302176e+08 1.59762430e-03 4.815232e+00
2.311179e-01 1.047616e+09 1.65286421e-03 5.436903e+00
2.311179e-01 1.321941e+09 1.75712334e-03 6.222219e+00
2.311179e-01 1.668101e+09 1.81857378e-03 7.025540e+00
2.311179e-01 2.104904e+09 1.88252254e-03 7.932573e+00
2.311179e-01 2.656088e+09 2.00238100e-03 9.078369e+00
2.311179e-01 3.351603e+09 2.07353125e-03 1.025043e+01
2.311179e-01 4.229243e+09 2.14757180e-03 1.157382e+01
2.311179e-01 5.336699e+09 2.28545953e-03 1.324556e+01
2.311179e-01 6.734151e+09 2.36780986e-03 1.495563e+01
2.311179e-01 8.497534e+09 2.45347707e-03 1.688648e+01
2.311179e-01 1.072267e+10 2.54257724e-03 1.906661e+01
2.311179e-01 1.353048e+10 2.70730019e-03 2.182063e+01
2.311179e-01 1.707353e+10 2.80624093e-03 2.463778e+01
2.311179e-01 2.154435e+10 2.90905103e-03 2.781864e+01
2.311179e-01 2.718588e+10 3.09831965e-03 3.183682e+01
2.311179e-01 3.430469e+10 3.21220279e-03 3.594712e+01
2.311179e-01 4.328761e+10 3.33035125e-03 4.058807e+01
2.311179e-01 5.462277e+10 3.45283546e-03 4.582820e+01
2.311179e-01 6.892612e+10 3.67761509e-03 5.244771e+01
2.311179e-01 8.697490e+10 3.81249375e-03 5.921898e+01
2.311179e-01 1.097499e+11 3.95190808e-03 6.686446e+01
2.311179e-01 1.384886e+11 4.09582164e-03 7.549700e+01
2.311179e-01 1.747528e+11 4.36023462e-03 8.640193e+01
2.311179e-01 2.205131e+11 4.51702700e-03 9.755686e+01
2.311179e-01 2.782559e+11 4.67802238e-03 1.101519e+02
2.311179e-01 3.511192e+11 4.97540292e-03 1.260625e+02
2.311179e-01 4.430621e+11 5.14849475e-03 1.423378e+02
2.311179e-01 5.590810e+11 5.32476191e-03 1.607144e+02
2.311179e-01 7.054802e+11 5.50359482e-03 1.814634e+02
2.311179e-01 8.902151e+11 5.83970549e-03 2.076743e+02
2.311179e-01 1.123324e+12 6.02619629e-03 2.344861e+02
2.311179e-01 1.417474e+12 6.21244271e-03 2.647595e+02
2.311179e-01 1.788650e+12 6.57202760e-03 3.030019e+02
2.311179e-01 2.257020e+12 6.75833906e-03 3.421210e+02
2.311179e-01 2.848036e+12 6.93930193e-03 3.862905e+02
2.311179e-01 3.593814e+12 7.11258791e-03 4.361626e+02
2.311179e-01 4.534879e+12 7.47448548e-03 4.991628e+02
2.311179e-01 5.722368e+12 7.62799155e-03 5.636072e+02
2.311179e-01 7.220809e+12 7.76399868e-03 6.363718e+02
2.311179e-01 9.111628e+12 8.09387588e-03 7.282906e+02
2.311179e-01 1.149757e+13 8.18448833e-03 8.223166e+02
2.311179e-01 1.450829e+13 8.24300152e-03 9.284819e+02
2.311179e-01 1.830738e+13 8.26380251e-03 1.048354e+03
2.311179e-01 2.310130e+13 8.46633696e-03 1.199780e+03
2.311179e-01 2.915053e+13 8.39168404e-03 1.354678e+03
2.311179e-01 3.678380e+13 8.25958520e-03 1.529573e+03
2.311179e-01 4.641589e+13 8.28466616e-03 1.750508e+03
2.311179e-01 5.857021e+13 8.01342223e-03 1.976507e+03
2.311179e-01 7.390722e+13 7.66779782e-03 2.231685e+03
2.311179e-01 9.326033e+13 7.44402538e-03 2.554033e+03
2.311179e-01 1.176812e+14 6.93297268e-03 2.883772e+03
2.311179e-01 1.484968e+14 6.34889769e-03 3.256082e+03
2.311179e-01 1.873817e+14 5.70079529e-03 3.676459e+03
2.311179e-01 2.364489e+14 5.13950649e-03 4.207493e+03
2.311179e-01 2.983647e+14 4.39063550e-03 4.750702e+03
2.311179e-01 3.764936e+14 3.63470554e-03 5.364042e+03
2.311179e-01 4.750810e+14 2.97907812e-03 6.138835e+03
2.311179e-01 5.994843e+14 2.27541320e-03 6.931390e+03
2.311179e-01 7.564633e+14 1.65083144e-03 7.826267e+03
2.311179e-01 9.545485e+14 1.15802522e-03 8.956708e+03
2.311179e-01 1.204504e+15 7.35952425e-04 1.011307e+04
2.311179e-01 1.519911e+15 4.41020881e-04 1.157382e+04
2.311179e-01 1.917910e+15 2.32017896e-04 1.306805e+04
2.311179e-01 2.420128e+15 1.07868265e-04 1.475521e+04
2.311179e-01 3.053856e+15 4.45003511e-05 1.688648e+04
2.311179e-01 3.853529e+15 1.50232025e-05 1.906661e+04
2.311179e-01 4.862602e+15 4.11536558e-06 2.152820e+04
2.311179e-01 6.135907e+15 8.94945624e-07 2.463778e+04
2.311179e-01 7.742637e+15 1.37146238e-07 2.781864e+04
2.311179e-01 9.770100e+15 1.44113581e-08 3.183682e+04
2.311179e-01 1.232847e+16 8.94367666e-10 3.594712e+04
2.311179e-01 1.555676e+16 3.02346249e-11 4.058807e+04
2.311179e-01 1.963041e+16 5.06588810e-13 4.645069e+04
2.311179e-01 2.477076e+16 3.46458783e-15 5.244771e+04
2.311179e-01 3.125716e+16 8.62247935e-18 6.002336e+04
2.311179e-01 3.944206e+16 5.98669667e-21 6.777268e+04
2.311179e-01 4.977024e+16 9.06388966e-25 7.652248e+04
2.311179e-01 6.280291e+16 2.14981644e-29 8.757554e+04
2.311179e-01 7.924829e+16 4.73233226e-35 9.888199e+04
2.311179e-01 1.000000e+17 5.51206280e-42 1.131647e+05
2.478227e-01 1.261857e+07 8.82438321e-04 5.128153e-01
2.478227e-01 1.592283e+07 9.09655407e-04 5.790223e-01
2.478227e-01 2.009233e+07 9.37894892e-04 6.537771e-01
2.478227e-01 2.535364e+07 9.93654552e-04 7.482099e-01
2.478227e-01 3.199267e+07 1.02490512e-03 8.448076e-01
2.478227e-01 4.037017e+07 1.08626763e-03 9.668332e-01
2.478227e-01 5.094138e+07 1.12087676e-03 1.091656e+00
2.478227e-01 6.428073e+07 1.15682014e-03 1.232595e+00
2.478227e-01 8.111308e+07 1.22681707e-03 1.410633e+00
2.478227e-01 1.023531e+08 1.26666713e-03 1.592753e+00
2.478227e-01 1.291550e+08 1.30807552e-03 1.798386e+00
2.478227e-01 1.629751e+08 1.38806439e-03 2.058148e+00
2.478227e-01 2.056512e+08 1.43402053e-03 2.323865e+00
2.478227e-01 2.595024e+08 1.48179714e-03 2.623888e+00
2.478227e-01 3.274549e+08 1.57336073e-03 3.002888e+00
2.478227e-01 4.132012e+08 1.62643307e-03 3.390576e+00
2.478227e-01 5.214008e+08 1.68163100e-03 3.828316e+00
2.478227e-01 6.579332e+08 1.78661069e-03 4.381286e+00
2.478227e-01 8.302176e+08 1.84797269e-03 4.946932e+00
2.478227e-01 1.047616e+09 1.91181243e-03 5.585606e+00
2.478227e-01 1.321941e+09 2.03234105e-03 6.392402e+00
2.478227e-01 1.668101e+09 2.10334471e-03 7.217694e+00
2.478227e-01 2.104904e+09 2.17722730e-03 8.149535e+00
2.478227e-01 2.656088e+09 2.31575782e-03 9.326669e+00
2.478227e-01 3.351603e+09 2.39794123e-03 1.053079e+01
2.478227e-01 4.229243e+09 2.48345190e-03 1.189037e+01
2.478227e-01 5.336699e+09 2.64277491e-03 1.360784e+01
2.478227e-01 6.734151e+09 2.73785468e-03 1.536468e+01
2.478227e-01 8.497534e+09 2.83674771e-03 1.734834e+01
2.478227e-01 1.072267e+10 2.93958533e-03 1.958809e+01
2.478227e-01 1.353048e+10 3.12982061e-03 2.241744e+01
2.478227e-01 1.707353e+10 3.24397002e-03 2.531164e+01
2.478227e-01 2.154435e+10 3.36255657e-03 2.857950e+01
2.478227e-01 2.718588e+10 3.48569548e-03 3.226926e+01
2.478227e-01 3.430469e+10 3.71232280e-03 3.693030e+01
2.478227e-01 4.328761e+10 3.84849093e-03 4.169819e+01
2.478227e-01 5.462277e+10 3.98961070e-03 4.708164e+01
2.478227e-01 6.892612e+10 4.24884973e-03 5.388220e+01
2.478227e-01 8.697490e+10 4.40413492e-03 6.083867e+01
2.478227e-01 1.097499e+11 4.56457366e-03 6.869325e+01
2.478227e-01 1.384886e+11 4.73011235e-03 7.756190e+01
2.478227e-01 1.747528e+11 5.03468120e-03 8.876509e+01
2.478227e-01 2.205131e+11 5.21483598e-03 1.002251e+02
2.478227e-01 2.782559e+11 5.39970085e-03 1.131647e+02
2.478227e-01 3.511192e+11 5.58893826e-03 1.277748e+02
2.478227e-01 4.430621e+11 5.94025025e-03 1.462309e+02
2.478227e-01 5.590810e+11 6.14215548e-03 1.651100e+02
2.478227e-01 7.054802e+11 6.34678557e-03 1.864266e+02
2.478227e-01 8.902151e+11 6.73247458e-03 2.133544e+02
2.478227e-01 1.123324e+12 6.94531605e-03 2.408995e+02
2.478227e-01 1.417474e+12 7.15753429e-03 2.720009e+02
2.478227e-01 1.788650e+12 7.36749653e-03 3.071176e+02
2.478227e-01 2.257020e+12 7.78040112e-03 3.514782e+02
2.478227e-01 2.848036e+12 7.98515200e-03 3.968559e+02
2.478227e-01 3.593814e+12 8.18052495e-03 4.480920e+02
2.478227e-01 4.534879e+12 8.59210280e-03 5.128153e+02
2.478227e-01 5.722368e+12 8.76332655e-03 5.790223e+02
2.478227e-01 7.220809e+12 8.91369995e-03 6.537771e+02
2.478227e-01 9.111628e+12 9.03845074e-03 7.381830e+02
2.478227e-01 1.149757e+13 9.38204589e-03 8.448076e+02
2.478227e-01 1.450829e+13 9.44067682e-03 9.538766e+02
2.478227e-01 1.830738e+13 9.45510731e-03 1.077027e+03
2.478227e-01 2.310130e+13 9.67614392e-03 1.232595e+03
2.478227e-01 2.915053e+13 9.57902145e-03 1.391729e+03
2.478227e-01 3.678380e+13 9.41527675e-03 1.571408e+03
2.478227e-01 4.641589e+13 9.17831418e-03 1.774285e+03
2.478227e-01 5.857021e+13 9.10490627e-03 2.030566e+03
2.478227e-01 7.390722e+13 8.69533428e-03 2.292723e+03
2.478227e-01 9.326033e+13 8.19892180e-03 2.588725e+03
2.478227e-01 1.176812e+14 7.82559150e-03 2.962645e+03
2.478227e-01 1.484968e+14 7.14637028e-03 3.345138e+03
2.478227e-01 1.873817e+14 6.39660888e-03 3.777013e+03
2.478227e-01 2.364489e+14 5.74612281e-03 4.322572e+03
2.478227e-01 2.983647e+14 4.88879264e-03 4.880638e+03
2.478227e-01 3.764936e+14 4.02818913e-03 5.510753e+03
2.478227e-01 4.750810e+14 3.28391390e-03 6.306737e+03
2.478227e-01 5.994843e+14 2.49282220e-03 7.120968e+03
2.478227e-01 7.564633e+14 1.79575113e-03 8.040322e+03
2.478227e-01 9.545485e+14 1.24937341e-03 9.201681e+03
2.478227e-01 1.204504e+15 7.86474504e-04 1.038967e+04
2.478227e-01 1.519911e+15 4.53688292e-04 1.173102e+04
2.478227e-01 1.917910e+15 2.42054424e-04 1.342548e+04
2.478227e-01 2.420128e+15 1.10841050e-04 1.515877e+04
2.478227e-01 3.053856e+15 4.37250238e-05 1.711585e+04
2.478227e-01 3.853529e+15 1.48514222e-05 1.958809e+04
2.478227e-01 4.862602e+15 3.96903572e-06 2.211702e+04
2.478227e-01 6.135907e+15 8.38124879e-07 2.531164e+04
2.478227e-01 7.742637e+15 1.23993349e-07 2.857950e+04
2.478227e-01 9.770100e+15 1.21551434e-08 3.226926e+04
2.478227e-01 1.232847e+16 7.36191960e-10 3.693030e+04
2.478227e-01 1.555676e+16 2.33886163e-11 4.169819e+04
2.478227e-01 1.963041e+16 3.53877195e-13 4.708164e+04
2.478227e-01 2.477076e+16 2.27135706e-15 5.388220e+04
2.478227e-01 3.125716e+16 4.93458547e-18 6.083867e+04
2.478227e-01 3.944206e+16 3.08717082e-21 6.962632e+04
2.478227e-01 4.977024e+16 3.98959523e-25 7.861543e+04
2.478227e-01 6.280291e+16 7.60266665e-30 8.876509e+04
2.478227e-01 7.924829e+16 1.36087644e-35 1.015865e+05
2.478227e-01 1.000000e+17 1.15831369e-42 1.147018e+05
2.657348e-01 1.261857e+07 1.02213317e-03 5.268411e-01
2.657348e-01 1.592283e+07 1.05365037e-03 5.948590e-01
2.657348e-01 2.009233e+07 1.08635051e-03 6.716584e-01
2.657348e-01 2.535364e+07 1.15092513e-03 7.686740e-01
2.657348e-01 3.199267e+07 1.18710956e-03 8.679137e-01
2.657348e-01 4.037017e+07 1.25816931e-03 9.932768e-01
2.657348e-01 5.094138e+07 1.29823950e-03 1.121514e+00
2.657348e-01 6.428073e+07 1.33985272e-03 1.266307e+00
2.657348e-01 8.111308e+07 1.42090432e-03 1.449215e+00
2.657348e-01 1.023531e+08 1.46703622e-03 1.636316e+00
2.657348e-01 1.291550e+08 1.51496965e-03 1.847573e+00
2.657348e-01 1.629751e+08 1.60758127e-03 2.114440e+00
2.657348e-01 2.056512e+08 1.66077309e-03 2.387425e+00
2.657348e-01 2.595024e+08 1.71606857e-03 2.695653e+00
2.657348e-01 3.274549e+08 1.82206745e-03 3.085019e+00
2.657348e-01 4.132012e+08 1.88348363e-03 3.483310e+00
2.657348e-01 5.214008e+08 1.94735472e-03 3.933024e+00
2.657348e-01 6.579332e+08 2.06886495e-03 4.501117e+00
2.657348e-01 8.302176e+08 2.13985670e-03 5.082234e+00
2.657348e-01 1.047616e+09 2.21370811e-03 5.738377e+00
2.657348e-01 1.321941e+09 2.35318750e-03 6.567239e+00
2.657348e-01 1.668101e+09 2.43530924e-03 7.415103e+00
2.657348e-01 2.104904e+09 2.52075083e-03 8.372431e+00
2.657348e-01 2.656088e+09 2.68102239e-03 9.581761e+00
2.657348e-01 3.351603e+09 2.77603895e-03 1.081881e+01
2.657348e-01 4.229243e+09 2.87488809e-03 1.221558e+01
2.657348e-01 5.336699e+09 2.97771491e-03 1.379267e+01
2.657348e-01 6.734151e+09 3.16903312e-03 1.578491e+01
2.657348e-01 8.497534e+09 3.28329452e-03 1.782283e+01
2.657348e-01 1.072267e+10 3.40209026e-03 2.012384e+01
2.657348e-01 1.353048e+10 3.62199252e-03 2.303057e+01
2.657348e-01 1.707353e+10 3.75379715e-03 2.600393e+01
2.657348e-01 2.154435e+10 3.89069105e-03 2.936118e+01
2.657348e-01 2.718588e+10 4.03280152e-03 3.315185e+01
2.657348e-01 3.430469e+10 4.29457533e-03 3.794037e+01
2.657348e-01 4.328761e+10 4.45162525e-03 4.283867e+01
2.657348e-01 5.462277e+10 4.61432874e-03 4.836936e+01
2.657348e-01 6.892612e+10 4.78273618e-03 5.461409e+01
2.657348e-01 8.697490e+10 5.09243797e-03 6.250265e+01
2.657348e-01 1.097499e+11 5.27717880e-03 7.057206e+01
2.657348e-01 1.384886e+11 5.46769369e-03 7.968328e+01
2.657348e-01 1.747528e+11 5.81875405e-03 9.119288e+01
2.657348e-01 2.205131e+11 6.02584006e-03 1.029663e+02
2.657348e-01 2.782559e+11 6.23818961e-03 1.162598e+02
2.657348e-01 3.511192e+11 6.45538906e-03 1.312696e+02
2.657348e-01 4.430621e+11 6.85951872e-03 1.502304e+02
2.657348e-01 5.590810e+11 7.09081589e-03 1.696259e+02
2.657348e-01 7.054802e+11 7.32496386e-03 1.915255e+02
2.657348e-01 8.902151e+11 7.56088423e-03 2.162524e+02
2.657348e-01 1.123324e+12 8.01052713e-03 2.474883e+02
2.657348e-01 1.417474e+12 8.25222707e-03 2.794403e+02
2.657348e-01 1.788650e+12 8.49084690e-03 3.155175e+02
2.657348e-01 2.257020e+12 8.96271123e-03 3.610914e+02
2.657348e-01 2.848036e+12 9.19407546e-03 4.077102e+02
2.657348e-01 3.593814e+12 9.41396293e-03 4.603477e+02
2.657348e-01 4.534879e+12 9.61866968e-03 5.197809e+02
2.657348e-01 5.722368e+12 1.00721013e-02 5.948590e+02
2.657348e-01 7.220809e+12 1.02375628e-02 6.716584e+02
2.657348e-01 9.111628e+12 1.03725893e-02 7.583729e+02
2.657348e-01 1.149757e+13 1.04710369e-02 8.562827e+02
2.657348e-01 1.450829e+13 1.08140947e-02 9.799658e+02
2.657348e-01 1.830738e+13 1.08188921e-02 1.106484e+03
2.657348e-01 2.310130e+13 1.07640628e-02 1.249337e+03
2.657348e-01 2.915053e+13 1.09327679e-02 1.429794e+03
2.657348e-01 3.678380e+13 1.07297673e-02 1.614388e+03
2.657348e-01 4.641589e+13 1.04421727e-02 1.822813e+03
2.657348e-01 5.857021e+13 1.03391727e-02 2.086104e+03
2.657348e-01 7.390722e+13 9.85321366e-03 2.355431e+03
2.657348e-01 9.326033e+13 9.26859391e-03 2.659529e+03
2.657348e-01 1.176812e+14 8.58791911e-03 3.002888e+03
2.657348e-01 1.484968e+14 8.03256275e-03 3.436630e+03
2.657348e-01 1.873817e+14 7.16506930e-03 3.880317e+03
2.657348e-01 2.364489e+14 6.24056060e-03 4.381286e+03
2.657348e-01 2.983647e+14 5.43034809e-03 5.014127e+03
2.657348e-01 3.764936e+14 4.45160900e-03 5.661476e+03
2.657348e-01 4.750810e+14 3.51185937e-03 6.392402e+03
2.657348e-01 5.994843e+14 2.72039901e-03 7.315732e+03
2.657348e-01 7.564633e+14 1.94454814e-03 8.260231e+03
2.657348e-01 9.545485e+14 1.30512455e-03 9.326669e+03
2.657348e-01 1.204504e+15 8.35308664e-04 1.067383e+04
2.657348e-01 1.519911e+15 4.76062208e-04 1.205188e+04
2.657348e-01 1.917910e+15 2.43760231e-04 1.360784e+04
2.657348e-01 2.420128e+15 1.12793864e-04 1.557338e+04
2.657348e-01 3.053856e+15 4.36406109e-05 1.758398e+04
2.657348e-01 3.853529e+15 1.41027628e-05 1.985416e+04
2.657348e-01 4.862602e+15 3.76907712e-06 2.272193e+04
2.657348e-01 6.135907e+15 7.50264602e-07 2.565545e+04
2.657348e-01 7.742637e+15 1.09732154e-07 2.936118e+04
2.657348e-01 9.770100e+15 1.02701764e-08 3.315185e+04
2.657348e-01 1.232847e+16 5.72483839e-10 3.743193e+04
2.657348e-01 1.555676e+16 1.74609264e-11 4.283867e+04
2.657348e-01 1.963041e+16 2.43426579e-13 4.836936e+04
2.657348e-01 2.477076e+16 1.41562050e-15 5.535592e+04
2.657348e-01 3.125716e+16 2.73095622e-18 6.250265e+04
2.657348e-01 3.944206e+16 1.44132643e-21 7.057206e+04
2.657348e-01 4.977024e+16 1.61004450e-25 8.076563e+04
2.657348e-01 6.280291e+16 2.48866807e-30 9.119288e+04
2.657348e-01 7.924829e+16 3.45181225e-36 1.043650e+05
2.657348e-01 1.000000e+17 2.14892139e-43 1.178390e+05
2.849416e-01 1.261857e+07 1.18528237e-03 5.412507e-01
2.849416e-01 1.592283e+07 1.22181920e-03 6.111289e-01
2.849416e-01 2.009233e+07 1.25972609e-03 6.900288e-01
2.849416e-01 2.535364e+07 1.33459224e-03 7.896978e-01
2.849416e-01 3.199267e+07 1.37653512e-03 8.916518e-01
2.849416e-01 4.037017e+07 1.45891550e-03 1.020444e+00
2.849416e-01 5.094138e+07 1.50535865e-03 1.152188e+00
2.849416e-01 6.428073e+07 1.55358801e-03 1.300942e+00
2.849416e-01 8.111308e+07 1.64754302e-03 1.488852e+00
2.849416e-01 1.023531e+08 1.70100405e-03 1.681071e+00
2.849416e-01 1.291550e+08 1.75654973e-03 1.898105e+00
2.849416e-01 1.629751e+08 1.86389239e-03 2.172271e+00
2.849416e-01 2.056512e+08 1.92552390e-03 2.452723e+00
2.849416e-01 2.595024e+08 1.98958848e-03 2.769382e+00
2.849416e-01 3.274549e+08 2.11242993e-03 3.169396e+00
2.849416e-01 4.132012e+08 2.18357510e-03 3.578582e+00
2.849416e-01 5.214008e+08 2.25755791e-03 4.040595e+00
2.849416e-01 6.579332e+08 2.39835010e-03 4.624226e+00
2.849416e-01 8.302176e+08 2.48056563e-03 5.221237e+00
2.849416e-01 1.047616e+09 2.56608416e-03 5.895326e+00
2.849416e-01 1.321941e+09 2.72766112e-03 6.746858e+00
2.849416e-01 1.668101e+09 2.82273484e-03 7.617912e+00
2.849416e-01 2.104904e+09 2.92163945e-03 8.601423e+00
2.849416e-01 2.656088e+09 3.02452842e-03 9.711911e+00
2.849416e-01 3.351603e+09 3.21720876e-03 1.111472e+01
2.849416e-01 4.229243e+09 3.33158307e-03 1.254968e+01
2.849416e-01 5.336699e+09 3.45053952e-03 1.416991e+01
2.849416e-01 6.734151e+09 3.67200177e-03 1.621664e+01
2.849416e-01 8.497534e+09 3.80413590e-03 1.831029e+01
2.849416e-01 1.072267e+10 3.94148413e-03 2.067425e+01
2.849416e-01 1.353048e+10 4.08420958e-03 2.334340e+01
2.849416e-01 1.707353e+10 4.34823073e-03 2.671516e+01
2.849416e-01 2.154435e+10 4.50638348e-03 3.016423e+01
2.849416e-01 2.718588e+10 4.67051399e-03 3.405858e+01
2.849416e-01 3.430469e+10 4.84074568e-03 3.845572e+01
2.849416e-01 4.328761e+10 5.15440549e-03 4.401034e+01
2.849416e-01 5.462277e+10 5.34211958e-03 4.969230e+01
2.849416e-01 6.892612e+10 5.53633187e-03 5.610783e+01
2.849416e-01 8.697490e+10 5.89395991e-03 6.421215e+01
2.849416e-01 1.097499e+11 6.10679941e-03 7.250226e+01
2.849416e-01 1.384886e+11 6.32616652e-03 8.186268e+01
2.849416e-01 1.747528e+11 6.55187982e-03 9.243157e+01
2.849416e-01 2.205131e+11 6.96920963e-03 1.057826e+02
2.849416e-01 2.782559e+11 7.21320223e-03 1.194396e+02
2.849416e-01 3.511192e+11 7.46254863e-03 1.348599e+02
2.849416e-01 4.430621e+11 7.71659373e-03 1.522710e+02
2.849416e-01 5.590810e+11 8.19261946e-03 1.742653e+02
2.849416e-01 7.054802e+11 8.46051313e-03 1.967639e+02
2.849416e-01 8.902151e+11 8.73003738e-03 2.221671e+02
2.849416e-01 1.123324e+12 8.99962716e-03 2.508500e+02
2.849416e-01 1.417474e+12 9.52087591e-03 2.870832e+02
2.849416e-01 1.788650e+12 9.79182368e-03 3.241471e+02
2.849416e-01 2.257020e+12 1.00559130e-02 3.659962e+02
2.849416e-01 2.848036e+12 1.05919658e-02 4.188614e+02
2.849416e-01 3.593814e+12 1.08389116e-02 4.729385e+02
2.849416e-01 4.534879e+12 1.10674426e-02 5.339973e+02
2.849416e-01 5.722368e+12 1.12725994e-02 6.029391e+02
2.849416e-01 7.220809e+12 1.17619079e-02 6.900288e+02
2.849416e-01 9.111628e+12 1.19066871e-02 7.791150e+02
2.849416e-01 1.149757e+13 1.20081388e-02 8.797027e+02
2.849416e-01 1.450829e+13 1.20585281e-02 9.932768e+02
2.849416e-01 1.830738e+13 1.23791654e-02 1.136748e+03
2.849416e-01 2.310130e+13 1.23002136e-02 1.283508e+03
2.849416e-01 2.915053e+13 1.21425572e-02 1.449215e+03
2.849416e-01 3.678380e+13 1.22229786e-02 1.658542e+03
2.849416e-01 4.641589e+13 1.18735605e-02 1.872669e+03
2.849416e-01 5.857021e+13 1.14199440e-02 2.114440e+03
2.849416e-01 7.390722e+13 1.11550451e-02 2.419853e+03
2.849416e-01 9.326033e+13 1.04659175e-02 2.732269e+03
2.849416e-01 1.176812e+14 9.66887841e-03 3.085019e+03
2.849416e-01 1.484968e+14 8.77366022e-03 3.483310e+03
2.849416e-01 1.873817e+14 8.00994839e-03 3.986446e+03
2.849416e-01 2.364489e+14 6.94660843e-03 4.501117e+03
2.849416e-01 2.983647e+14 5.85514785e-03 5.082234e+03
2.849416e-01 3.764936e+14 4.90368633e-03 5.816322e+03
2.849416e-01 4.750810e+14 3.84384215e-03 6.567239e+03
2.849416e-01 5.994843e+14 2.87706971e-03 7.415103e+03
2.849416e-01 7.564633e+14 2.09496310e-03 8.486155e+03
2.849416e-01 9.545485e+14 1.39237796e-03 9.581761e+03
2.849416e-01 1.204504e+15 8.57633495e-04 1.081881e+04
2.849416e-01 1.519911e+15 4.95561311e-04 1.238151e+04
2.849416e-01 1.917910e+15 2.49858634e-04 1.398002e+04
2.849416e-01 2.420128e+15 1.10523266e-04 1.578491e+04
2.849416e-01 3.053856e+15 4.30109391e-05 1.806492e+04
2.849416e-01 3.853529e+15 1.35573699e-05 2.039719e+04
2.849416e-01 4.862602e+15 3.42457166e-06 2.303057e+04
2.849416e-01 6.135907e+15 6.76236198e-07 2.635715e+04
2.849416e-01 7.742637e+15 9.23157214e-08 2.975999e+04
2.849416e-01 9.770100e+15 8.43861298e-09 3.405858e+04
2.849416e-01 1.232847e+16 4.42479295e-10 3.845572e+04
2.849416e-01 1.555676e+16 1.21995743e-11 4.342055e+04
2.849416e-01 1.963041e+16 1.59789762e-13 4.969230e+04
2.849416e-01 2.477076e+16 8.12111427e-16 5.610783e+04
2.849416e-01 3.125716e+16 1.41371486e-18 6.421215e+04
2.849416e-01 3.944206e+16 6.38195002e-22 7.250226e+04
2.849416e-01 4.977024e+16 5.74650304e-26 8.186268e+04
2.849416e-01 6.280291e+16 7.26084583e-31 9.368708e+04
2.849416e-01 7.924829e+16 7.41983105e-37 1.057826e+05
2.849416e-01 1.000000e+17 3.37261221e-44 1.210620e+05
3.055367e-01 1.261857e+07 1.33942159e-03 5.486025e-01
3.055367e-01 1.592283e+07 1.41845894e-03 6.278437e-01
3.055367e-01 2.009233e+07 1.46245049e-03 7.089016e-01
3.055367e-01 2.535364e+07 1.54934618e-03 8.112967e-01
3.055367e-01 3.199267e+07 1.59801760e-03 9.160392e-01
3.055367e-01 4.037017e+07 1.64854036e-03 1.034305e+00
3.055367e-01 5.094138e+07 1.74751786e-03 1.183701e+00
3.055367e-01 6.428073e+07 1.80347624e-03 1.336523e+00
3.055367e-01 8.111308e+07 1.91250990e-03 1.529573e+00
3.055367e-01 1.023531e+08 1.97453140e-03 1.727049e+00
3.055367e-01 1.291550e+08 2.03896737e-03 1.950020e+00
3.055367e-01 1.629751e+08 2.16352099e-03 2.231685e+00
3.055367e-01 2.056512e+08 2.23500712e-03 2.519806e+00
3.055367e-01 2.595024e+08 2.30930977e-03 2.845126e+00
3.055367e-01 3.274549e+08 2.45182433e-03 3.256082e+00
3.055367e-01 4.132012e+08 2.53432542e-03 3.676459e+00
3.055367e-01 5.214008e+08 2.62010919e-03 4.151108e+00
3.055367e-01 6.579332e+08 2.70931519e-03 4.687038e+00
3.055367e-01 8.302176e+08 2.87872733e-03 5.364042e+00
3.055367e-01 1.047616e+09 2.97785552e-03 6.056568e+00
3.055367e-01 1.321941e+09 3.08095977e-03 6.838501e+00
3.055367e-01 1.668101e+09 3.27540275e-03 7.826267e+00
3.055367e-01 2.104904e+09 3.39000257e-03 8.836679e+00
3.055367e-01 2.656088e+09 3.50920116e-03 9.977539e+00
3.055367e-01 3.351603e+09 3.73254717e-03 1.141871e+01
3.055367e-01 4.229243e+09 3.86500734e-03 1.289293e+01
3.055367e-01 5.336699e+09 4.00274843e-03 1.455747e+01
3.055367e-01 6.734151e+09 4.14595777e-03 1.643692e+01
3.055367e-01 8.497534e+09 4.41228830e-03 1.881109e+01
3.055367e-01 1.072267e+10 4.57122111e-03 2.123970e+01
3.055367e-01 1.353048e+10 4.73633395e-03 2.398186e+01
3.055367e-01 1.707353e+10 4.90780176e-03 2.707804e+01
3.055367e-01 2.154435e+10 5.22488814e-03 3.098924e+01
3.055367e-01 2.718588e+10 5.41459160e-03 3.499011e+01
3.055367e-01 3.430469e+10 5.61127662e-03 3.950751e+01
3.055367e-01 4.328761e+10 5.81505067e-03 4.460813e+01
3.055367e-01 5.462277e+10 6.19080389e-03 5.105142e+01
3.055367e-01 6.892612e+10 6.41490804e-03 5.764242e+01
3.055367e-01 8.697490e+10 6.64639716e-03 6.508435e+01
3.055367e-01 1.097499e+11 7.07351429e-03 7.448526e+01
3.055367e-01 1.384886e+11 7.32621319e-03 8.410168e+01
3.055367e-01 1.747528e+11 7.58604204e-03 9.495964e+01
3.055367e-01 2.205131e+11 7.85266125e-03 1.072194e+02
3.055367e-01 2.782559e+11 8.34784916e-03 1.227064e+02
3.055367e-01 3.511192e+11 8.63413587e-03 1.385484e+02
3.055367e-01 4.430621e+11 8.92549825e-03 1.564357e+02
3.055367e-01 5.590810e+11 9.22093353e-03 1.766324e+02
3.055367e-01 7.054802e+11 9.77956082e-03 2.021455e+02
3.055367e-01 8.902151e+11 1.00873489e-02 2.282435e+02
3.055367e-01 1.123324e+12 1.03946251e-02 2.577109e+02
3.055367e-01 1.417474e+12 1.06991516e-02 2.909827e+02
3.055367e-01 1.788650e+12 1.12990871e-02 3.330128e+02
3.055367e-01 2.257020e+12 1.15976387e-02 3.760065e+02
3.055367e-01 2.848036e+12 1.18836986e-02 4.245508e+02
3.055367e-01 3.593814e+12 1.21529405e-02 4.793625e+02
3.055367e-01 4.534879e+12 1.27395581e-02 5.486025e+02
3.055367e-01 5.722368e+12 1.29655972e-02 6.194299e+02
3.055367e-01 7.220809e+12 1.31569083e-02 6.994015e+02
3.055367e-01 9.111628e+12 1.36701381e-02 8.004244e+02
3.055367e-01 1.149757e+13 1.37721176e-02 9.037633e+02
3.055367e-01 1.450829e+13 1.38137880e-02 1.020444e+03
3.055367e-01 1.830738e+13 1.37856937e-02 1.152188e+03
3.055367e-01 2.310130e+13 1.40521559e-02 1.318612e+03
3.055367e-01 2.915053e+13 1.38497887e-02 1.488852e+03
3.055367e-01 3.678380e+13 1.35460504e-02 1.681071e+03
3.055367e-01 4.641589e+13 1.34916248e-02 1.923888e+03
3.055367e-01 5.857021e+13 1.29470452e-02 2.172271e+03
3.055367e-01 7.390722e+13 1.22789737e-02 2.452723e+03
3.055367e-01 9.326033e+13 1.14876875e-02 2.769382e+03
3.055367e-01 1.176812e+14 1.08681565e-02 3.169396e+03
3.055367e-01 1.484968e+14 9.82614869e-03 3.578582e+03
3.055367e-01 1.873817e+14 8.69610649e-03 4.040595e+03
3.055367e-01 2.364489e+14 7.71175522e-03 4.624226e+03
3.055367e-01 2.983647e+14 6.46547552e-03 5.221237e+03
3.055367e-01 3.764936e+14 5.23862782e-03 5.895326e+03
3.055367e-01 4.750810e+14 4.18931766e-03 6.746858e+03
3.055367e-01 5.994843e+14 3.11056343e-03 7.617912e+03
3.055367e-01 7.564633e+14 2.18436403e-03 8.601423e+03
3.055367e-01 9.545485e+14 1.47562591e-03 9.843829e+03
3.055367e-01 1.204504e+15 8.97698060e-04 1.111472e+04
3.055367e-01 1.519911e+15 4.97660733e-04 1.254968e+04
3.055367e-01 1.917910e+15 2.53468182e-04 1.436238e+04
3.055367e-01 2.420128e+15 1.09928079e-04 1.621664e+04
3.055367e-01 3.053856e+15 4.06874718e-05 1.831029e+04
3.055367e-01 3.853529e+15 1.28219245e-05 2.095507e+04
3.055367e-01 4.862602e+15 3.13627615e-06 2.366047e+04
3.055367e-01 6.135907e+15 5.80186790e-07 2.671516e+04
3.055367e-01 7.742637e+15 7.77223833e-08 3.057395e+04
3.055367e-01 9.770100e+15 6.54354613e-09 3.452120e+04
3.055367e-01 1.232847e+16 3.29701518e-10 3.950751e+04
3.055367e-01 1.555676e+16 8.38401396e-12 4.460813e+04
3.055367e-01 1.963041e+16 9.69425063e-14 5.036727e+04
3.055367e-01 2.477076e+16 4.49942143e-16 5.764242e+04
3.055367e-01 3.125716e+16 6.61617266e-19 6.508435e+04
3.055367e-01 3.944206e+16 2.51788145e-22 7.348707e+04
3.055367e-01 4.977024e+16 1.89532990e-26 8.410168e+04
3.055367e-01 6.280291e+16 1.81576334e-31 9.495964e+04
3.055367e-01 7.924829e+16 1.40600918e-37 1.086758e+05
3.055367e-01 1.000000e+17 4.28288882e-45 1.227064e+05
3.276203e-01 1.261857e+07 1.55681964e-03 5.636072e-01
3.276203e-01 1.592283e+07 1.64866659e-03 6.450157e-01
3.276203e-01 2.009233e+07 1.69977677e-03 7.282906e-01
3.276203e-01 2.535364e+07 1.75280916e-03 8.223166e-01
3.276203e-01 3.199267e+07 1.85729210e-03 9.410936e-01
3.276203e-01 4.037017e+07 1.91598218e-03 1.062594e+00
3.276203e-01 5.094138e+07 2.03098256e-03 1.216077e+00
3.276203e-01 6.428073e+07 2.09597989e-03 1.373078e+00
3.276203e-01 8.111308e+07 2.16348123e-03 1.550350e+00
3.276203e-01 1.023531e+08 2.29468504e-03 1.774285e+00
3.276203e-01 1.291550e+08 2.36951501e-03 2.003355e+00
3.276203e-01 1.629751e+08 2.44726473e-03 2.261998e+00
3.276203e-01 2.056512e+08 2.59720422e-03 2.588725e+00
3.276203e-01 2.595024e+08 2.68347235e-03 2.922943e+00
3.276203e-01 3.274549e+08 2.77314359e-03 3.300310e+00
3.276203e-01 4.132012e+08 2.94476049e-03 3.777013e+00
3.276203e-01 5.214008e+08 3.04433033e-03 4.264644e+00
3.276203e-01 6.579332e+08 3.14786119e-03 4.815232e+00
3.276203e-01 8.302176e+08 3.25551920e-03 5.436903e+00
3.276203e-01 1.047616e+09 3.45957889e-03 6.222219e+00
3.276203e-01 1.321941e+09 3.57919513e-03 7.025540e+00
3.276203e-01 1.668101e+09 3.70359537e-03 7.932573e+00
3.276203e-01 2.104904e+09 3.93780496e-03 9.078369e+00
3.276203e-01 2.656088e+09 4.07602925e-03 1.025043e+01
3.276203e-01 3.351603e+09 4.21976777e-03 1.157382e+01
3.276203e-01 4.229243e+09 4.36922597e-03 1.306805e+01
3.276203e-01 5.336699e+09 4.64836232e-03 1.495563e+01
3.276203e-01 6.734151e+09 4.81429752e-03 1.688648e+01
3.276203e-01 8.497534e+09 4.98674313e-03 1.906661e+01
3.276203e-01 1.072267e+10 5.30719616e-03 2.182063e+01
3.276203e-01 1.353048e+10 5.49836132e-03 2.463778e+01
3.276203e-01 1.707353e+10 5.69682356e-03 2.781864e+01
3.276203e-01 2.154435e+10 5.90276206e-03 3.141017e+01
3.276203e-01 2.718588e+10 6.28362394e-03 3.594712e+01
3.276203e-01 3.430469e+10 6.51102638e-03 4.058807e+01
3.276203e-01 4.328761e+10 6.74652380e-03 4.582820e+01
3.276203e-01 5.462277e+10 6.99018565e-03 5.174486e+01
3.276203e-01 6.892612e+10 7.44010992e-03 5.921898e+01
3.276203e-01 8.697490e+10 7.70722199e-03 6.686446e+01
3.276203e-01 1.097499e+11 7.98259963e-03 7.549700e+01
3.276203e-01 1.384886e+11 8.26604908e-03 8.524405e+01
3.276203e-01 1.747528e+11 8.79132050e-03 9.755686e+01
3.276203e-01 2.205131e+11 9.09806577e-03 1.101519e+02
3.276203e-01 2.782559e+11 9.41179020e-03 1.243731e+02
3.276203e-01 3.511192e+11 9.73174361e-03 1.404303e+02
3.276203e-01 4.430621e+11 1.03320403e-02 1.607144e+02
3.276203e-01 5.590810e+11 1.06703692e-02 1.814634e+02
3.276203e-01 7.054802e+11 1.10114041e-02 2.048913e+02
3.276203e-01 8.902151e+11 1.16638496e-02 2.344861e+02
3.276203e-01 1.123324e+12 1.20137930e-02 2.647595e+02
3.276203e-01 1.417474e+12 1.23597315e-02 2.989413e+02
3.276203e-01 1.788650e+12 1.26985073e-02 3.375362e+02
3.276203e-01 2.257020e+12 1.33827020e-02 3.862905e+02
3.276203e-01 2.848036e+12 1.37039998e-02 4.361626e+02
3.276203e-01 3.593814e+12 1.40046124e-02 4.924734e+02
3.276203e-01 4.534879e+12 1.42787014e-02 5.560543e+02
3.276203e-01 5.722368e+12 1.49167693e-02 6.363718e+02
3.276203e-01 7.220809e+12 1.51226170e-02 7.185307e+02
3.276203e-01 9.111628e+12 1.52783052e-02 8.112967e+02
3.276203e-01 1.149757e+13 1.53745603e-02 9.160392e+02
3.276203e-01 1.450829e+13 1.58226400e-02 1.048354e+03
3.276203e-01 1.830738e+13 1.57680869e-02 1.183701e+03
3.276203e-01 2.310130e+13 1.56203094e-02 1.336523e+03
3.276203e-01 2.915053e+13 1.57886596e-02 1.529573e+03
3.276203e-01 3.678380e+13 1.54121260e-02 1.727049e+03
3.276203e-01 4.641589e+13 1.49087734e-02 1.950020e+03
3.276203e-01 5.857021e+13 1.42718231e-02 2.201778e+03
3.276203e-01 7.390722e+13 1.38672002e-02 2.519806e+03
3.276203e-01 9.326033e+13 1.29332379e-02 2.845126e+03
3.276203e-01 1.176812e+14 1.18682296e-02 3.212447e+03
3.276203e-01 1.484968e+14 1.09800949e-02 3.676459e+03
3.276203e-01 1.873817e+14 9.67364866e-03 4.151108e+03
3.276203e-01 2.364489e+14 8.30758506e-03 4.687038e+03
3.276203e-01 2.983647e+14 7.11384743e-03 5.364042e+03
3.276203e-01 3.764936e+14 5.72562712e-03 6.056568e+03
3.276203e-01 4.750810e+14 4.42291152e-03 6.838501e+03
3.276203e-01 5.994843e+14 3.25526535e-03 7.721387e+03
3.276203e-01 7.564633e+14 2.32483011e-03 8.836679e+03
3.276203e-01 9.545485e+14 1.51090770e-03 9.977539e+03
3.276203e-01 1.204504e+15 9.06763544e-04 1.126569e+04
3.276203e-01 1.519911e+15 5.08336992e-04 1.289293e+04
3.276203e-01 1.917910e+15 2.47404827e-04 1.455747e+04
3.276203e-01 2.420128e+15 1.05005634e-04 1.643692e+04
3.276203e-01 3.053856e+15 3.89298989e-05 1.881109e+04
3.276203e-01 3.853529e+15 1.15910375e-05 2.123970e+04
3.276203e-01 4.862602e+15 2.81202142e-06 2.430761e+04
3.276203e-01 6.135907e+15 4.98872318e-07 2.744584e+04
3.276203e-01 7.742637e+15 6.18668935e-08 3.098924e+04
3.276203e-01 9.770100e+15 5.03705862e-09 3.546539e+04
3.276203e-01 1.232847e+16 2.29616706e-10 4.004415e+04
3.276203e-01 1.555676e+16 5.34455955e-12 4.521405e+04
3.276203e-01 1.963041e+16 5.70533701e-14 5.174486e+04
3.276203e-01 2.477076e+16 2.26596933e-16 5.842538e+04
3.276203e-01 3.125716e+16 2.93127731e-19 6.686446e+04
3.276203e-01 3.944206e+16 9.25444722e-23 7.549700e+04
3.276203e-01 4.977024e+16 5.41186112e-27 8.524405e+04
3.276203e-01 6.280291e+16 4.05276176e-32 9.755686e+04
3.276203e-01 7.924829e+16 2.18946478e-38 1.101519e+05
3.276203e-01 1.000000e+17 4.55472811e-46 1.260625e+05
3.513000e-01 1.261857e+07 1.81163643e-03 5.790223e-01
3.513000e-01 1.592283e+07 1.86741687e-03 6.537771e-01
3.513000e-01 2.009233e+07 1.97793980e-03 7.482099e-01
3.513000e-01 2.535364e+07 2.03962026e-03 8.448076e-01
3.513000e-01 3.199267e+07 2.16116476e-03 9.668332e-01
3.513000e-01 4.037017e+07 2.22941829e-03 1.091656e+00
3.513000e-01 5.094138e+07 2.30027297e-03 1.232595e+00
3.513000e-01 6.428073e+07 2.43876666e-03 1.410633e+00
3.513000e-01 8.111308e+07 2.51725262e-03 1.592753e+00
3.513000e-01 1.023531e+08 2.59876981e-03 1.798386e+00
3.513000e-01 1.291550e+08 2.75684270e-03 2.058148e+00
3.513000e-01 1.629751e+08 2.84722438e-03 2.323865e+00
3.513000e-01 2.056512e+08 2.94113820e-03 2.623888e+00
3.513000e-01 2.595024e+08 3.12184693e-03 3.002888e+00
3.513000e-01 3.274549e+08 3.22605841e-03 3.390576e+00
3.513000e-01 4.132012e+08 3.33438240e-03 3.828316e+00
3.513000e-01 5.214008e+08 3.54127050e-03 4.381286e+00
3.513000e-01 6.579332e+08 3.66154863e-03 4.946932e+00
3.513000e-01 8.302176e+08 3.78660556e-03 5.585606e+00
3.513000e-01 1.047616e+09 3.91663802e-03 6.306737e+00
3.513000e-01 1.321941e+09 4.16266943e-03 7.217694e+00
3.513000e-01 1.668101e+09 4.30711061e-03 8.149535e+00
3.513000e-01 2.104904e+09 4.45730249e-03 9.201681e+00
3.513000e-01 2.656088e+09 4.73964912e-03 1.053079e+01
3.513000e-01 3.351603e+09 4.90645283e-03 1.189037e+01
3.513000e-01 4.229243e+09 5.07985750e-03 1.342548e+01
3.513000e-01 5.336699e+09 5.26009741e-03 1.515877e+01
3.513000e-01 6.734151e+09 5.59639594e-03 1.734834e+01
3.513000e-01 8.497534e+09 5.79632380e-03 1.958809e+01
3.513000e-01 1.072267e+10 6.00397848e-03 2.211702e+01
3.513000e-01 1.353048e+10 6.21958015e-03 2.497244e+01
3.513000e-01 1.707353e+10 6.61956661e-03 2.857950e+01
3.513000e-01 2.154435e+10 6.85801523e-03 3.226926e+01
3.513000e-01 2.718588e+10 7.10520790e-03 3.643539e+01
3.513000e-01 3.430469e+10 7.56262281e-03 4.169819e+01
3.513000e-01 4.328761e+10 7.83494081e-03 4.708164e+01
3.513000e-01 5.462277e+10 8.11655361e-03 5.316012e+01
3.513000e-01 6.892612e+10 8.40746307e-03 6.002336e+01
3.513000e-01 8.697490e+10 8.94576006e-03 6.869325e+01
3.513000e-01 1.097499e+11 9.26342834e-03 7.756190e+01
3.513000e-01 1.384886e+11 9.59015797e-03 8.757554e+01
3.513000e-01 1.747528e+11 9.92556347e-03 9.888199e+01
3.513000e-01 2.205131e+11 1.05499829e-02 1.131647e+02
3.513000e-01 2.782559e+11 1.09105781e-02 1.277748e+02
3.513000e-01 3.511192e+11 1.12778942e-02 1.442712e+02
3.513000e-01 4.430621e+11 1.16507645e-02 1.628974e+02
3.513000e-01 5.590810e+11 1.23567125e-02 1.864266e+02
3.513000e-01 7.054802e+11 1.27464114e-02 2.104952e+02
3.513000e-01 8.902151e+11 1.31363266e-02 2.376712e+02
3.513000e-01 1.123324e+12 1.35238340e-02 2.683558e+02
3.513000e-01 1.417474e+12 1.42861547e-02 3.071176e+02
3.513000e-01 1.788650e+12 1.46691497e-02 3.467680e+02
3.513000e-01 2.257020e+12 1.50383071e-02 3.915376e+02
3.513000e-01 2.848036e+12 1.53885279e-02 4.420871e+02
3.513000e-01 3.593814e+12 1.61437368e-02 5.059430e+02
3.513000e-01 4.534879e+12 1.64457097e-02 5.712628e+02
3.513000e-01 5.722368e+12 1.67075735e-02 6.450157e+02
3.513000e-01 7.220809e+12 1.69206508e-02 7.282906e+02
3.513000e-01 9.111628e+12 1.75423802e-02 8.334862e+02
3.513000e-01 1.149757e+13 1.76306249e-02 9.410936e+02
3.513000e-01 1.450829e+13 1.76367035e-02 1.062594e+03
3.513000e-01 1.830738e+13 1.80285748e-02 1.216077e+03
3.513000e-01 2.310130e+13 1.78287721e-02 1.373078e+03
3.513000e-01 2.915053e+13 1.75074104e-02 1.550350e+03
3.513000e-01 3.678380e+13 1.70531803e-02 1.750508e+03
3.513000e-01 4.641589e+13 1.69067001e-02 2.003355e+03
3.513000e-01 5.857021e+13 1.61408104e-02 2.261998e+03
3.513000e-01 7.390722e+13 1.52194987e-02 2.554033e+03
3.513000e-01 9.326033e+13 1.45330370e-02 2.922943e+03
3.513000e-01 1.176812e+14 1.32850606e-02 3.300310e+03
3.513000e-01 1.484968e+14 1.19117118e-02 3.726396e+03
3.513000e-01 1.873817e+14 1.04427378e-02 4.207493e+03
3.513000e-01 2.364489e+14 9.16178837e-03 4.815232e+03
3.513000e-01 2.983647e+14 7.58775368e-03 5.436903e+03
3.513000e-01 3.764936e+14 6.06257216e-03 6.138835e+03
3.513000e-01 4.750810e+14 4.77114414e-03 7.025540e+03
3.513000e-01 5.994843e+14 3.47791836e-03 7.932573e+03
3.513000e-01 7.564633e+14 2.39103830e-03 8.956708e+03
3.513000e-01 9.545485e+14 1.57609330e-03 1.025043e+04
3.513000e-01 1.204504e+15 9.31919990e-04 1.157382e+04
3.513000e-01 1.519911e+15 4.99804274e-04 1.306805e+04
3.513000e-01 1.917910e+15 2.44904898e-04 1.495563e+04
3.513000e-01 2.420128e+15 1.01514583e-04 1.688648e+04
3.513000e-01 3.053856e+15 3.56314522e-05 1.906661e+04
3.513000e-01 3.853529e+15 1.05493555e-05 2.182063e+04
3.513000e-01 4.862602e+15 2.39698867e-06 2.463778e+04
3.513000e-01 6.135907e+15 4.06185419e-07 2.781864e+04
3.513000e-01 7.742637e+15 4.89833661e-08 3.183682e+04
3.513000e-01 9.770100e+15 3.63314781e-09 3.594712e+04
3.513000e-01 1.232847e+16 1.52871337e-10 4.058807e+04
3.513000e-01 1.555676e+16 3.31800051e-12 4.645069e+04
3.513000e-01 1.963041e+16 3.06691430e-14 5.244771e+04
3.513000e-01 2.477076e+16 1.08672913e-16 6.002336e+04
3.513000e-01 3.125716e+16 1.15460431e-19 6.777268e+04
3.513000e-01 3.944206e+16 2.97082086e-23 7.652248e+04
3.513000e-01 4.977024e+16 1.39426062e-27 8.757554e+04
3.513000e-01 6.280291e+16 7.53450516e-33 9.888199e+04
3.513000e-01 7.924829e+16 2.82661230e-39 1.116482e+05
3.513000e-01 1.000000e+17 3.75997221e-47 1.277748e+05
3.766913e-01 1.261857e+07 2.11066022e-03 5.948590e-01
3.766913e-01 1.592283e+07 2.17561631e-03 6.716584e-01
3.766913e-01 2.009233e+07 2.24299647e-03 7.583729e-01
3.766913e-01 2.535364e+07 2.37616335e-03 8.679137e-01
3.766913e-01 3.199267e+07 2.45068919e-03 9.799658e-01
3.766913e-01 4.037017e+07 2.59718083e-03 1.121514e+00
3.766913e-01 5.094138e+07 2.67966729e-03 1.266307e+00
3.766913e-01 6.428073e+07 2.76530585e-03 1.429794e+00
3.766913e-01 8.111308e+07 2.93229666e-03 1.636316e+00
3.766913e-01 1.023531e+08 3.02717521e-03 1.847573e+00
3.766913e-01 1.291550e+08 3.12572506e-03 2.086104e+00
3.766913e-01 1.629751e+08 3.31639399e-03 2.387425e+00
3.766913e-01 2.056512e+08 3.42567198e-03 2.695653e+00
3.766913e-01 2.595024e+08 3.53922426e-03 3.043676e+00
3.766913e-01 3.274549e+08 3.75725981e-03 3.483310e+00
3.766913e-01 4.132012e+08 3.88326466e-03 3.933024e+00
3.766913e-01 5.214008e+08 4.01423921e-03 4.440797e+00
3.766913e-01 6.579332e+08 4.15038990e-03 5.014127e+00
3.766913e-01 8.302176e+08 4.40931765e-03 5.738377e+00
3.766913e-01 1.047616e+09 4.56049157e-03 6.479231e+00
3.766913e-01 1.321941e+09 4.71765965e-03 7.315732e+00
3.766913e-01 1.668101e+09 5.01456018e-03 8.372431e+00
3.766913e-01 2.104904e+09 5.18907996e-03 9.453354e+00
3.766913e-01 2.656088e+09 5.37050372e-03 1.067383e+01
3.766913e-01 3.351603e+09 5.55908752e-03 1.205188e+01
3.766913e-01 4.229243e+09 5.91249474e-03 1.379267e+01
3.766913e-01 5.336699e+09 6.12174148e-03 1.557338e+01
3.766913e-01 6.734151e+09 6.33913482e-03 1.758398e+01
3.766913e-01 8.497534e+09 6.56493178e-03 1.985416e+01
3.766913e-01 1.072267e+10 6.98534954e-03 2.272193e+01
3.766913e-01 1.353048e+10 7.23534361e-03 2.565545e+01
3.766913e-01 1.707353e+10 7.49469671e-03 2.896770e+01
3.766913e-01 2.154435e+10 7.97595370e-03 3.315185e+01
3.766913e-01 2.718588e+10 8.26223015e-03 3.743193e+01
3.766913e-01 3.430469e+10 8.55865475e-03 4.226458e+01
3.766913e-01 4.328761e+10 8.86532519e-03 4.772115e+01
3.766913e-01 5.462277e+10 9.43342344e-03 5.461409e+01
3.766913e-01 6.892612e+10 9.76958595e-03 6.166505e+01
3.766913e-01 8.697490e+10 1.01161715e-02 6.962632e+01
3.766913e-01 1.097499e+11 1.04729615e-02 7.861543e+01
3.766913e-01 1.384886e+11 1.11360896e-02 8.997080e+01
3.766913e-01 1.747528e+11 1.15224121e-02 1.015865e+02
3.766913e-01 2.205131e+11 1.19177008e-02 1.147018e+02
3.766913e-01 2.782559e+11 1.23210783e-02 1.295104e+02
3.766913e-01 3.511192e+11 1.30796424e-02 1.482171e+02
3.766913e-01 4.430621e+11 1.35069457e-02 1.673527e+02
3.766913e-01 5.590810e+11 1.39382160e-02 1.889588e+02
3.766913e-01 7.054802e+11 1.43713099e-02 2.133544e+02
3.766913e-01 8.902151e+11 1.52085402e-02 2.441717e+02
3.766913e-01 1.123324e+12 1.56487707e-02 2.756955e+02
3.766913e-01 1.417474e+12 1.60813350e-02 3.112892e+02
3.766913e-01 1.788650e+12 1.65018544e-02 3.514782e+02
3.766913e-01 2.257020e+12 1.73676034e-02 4.022464e+02
3.766913e-01 2.848036e+12 1.77583559e-02 4.541785e+02
3.766913e-01 3.593814e+12 1.81185206e-02 5.128153e+02
3.766913e-01 4.534879e+12 1.84402252e-02 5.790223e+02
3.766913e-01 5.722368e+12 1.92264704e-02 6.626574e+02
3.766913e-01 7.220809e+12 1.94496186e-02 7.482099e+02
3.766913e-01 9.111628e+12 1.96028889e-02 8.448076e+02
3.766913e-01 1.149757e+13 1.96742250e-02 9.538766e+02
3.766913e-01 1.450829e+13 2.01882785e-02 1.091656e+03
3.766913e-01 1.830738e+13 2.00532244e-02 1.232595e+03
3.766913e-01 2.310130e+13 1.97934217e-02 1.391729e+03
3.766913e-01 2.915053e+13 1.99261158e-02 1.592753e+03
3.766913e-01 3.678380e+13 1.93634113e-02 1.798386e+03
3.766913e-01 4.641589e+13 1.86367777e-02 2.030566e+03
3.766913e-01 5.857021e+13 1.77399737e-02 2.292723e+03
3.766913e-01 7.390722e+13 1.71278938e-02 2.623888e+03
3.766913e-01 9.326033e+13 1.58605008e-02 2.962645e+03
3.766913e-01 1.176812e+14 1.44374691e-02 3.345138e+03
3.766913e-01 1.484968e+14 1.28833368e-02 3.777013e+03
3.766913e-01 1.873817e+14 1.15408109e-02 4.322572e+03
3.766913e-01 2.364489e+14 9.79514604e-03 4.880638e+03
3.766913e-01 2.983647e+14 8.05559962e-03 5.510753e+03
3.766913e-01 3.764936e+14 6.55962990e-03 6.306737e+03
3.766913e-01 4.750810e+14 4.97894249e-03 7.120968e+03
3.766913e-01 5.994843e+14 3.59128308e-03 8.040322e+03
3.766913e-01 7.564633e+14 2.50583366e-03 9.201681e+03
3.766913e-01 9.545485e+14 1.58533904e-03 1.038967e+04
3.766913e-01 1.204504e+15 9.22225725e-04 1.173102e+04
3.766913e-01 1.519911e+15 4.98580992e-04 1.342548e+04
3.766913e-01 1.917910e+15 2.32590251e-04 1.515877e+04
3.766913e-01 2.420128e+15 9.39420070e-05 1.711585e+04
3.766913e-01 3.053856e+15 3.28607181e-05 1.958809e+04
3.766913e-01 3.853529e+15 9.13738089e-06 2.211702e+04
3.766913e-01 4.862602e+15 1.99027563e-06 2.497244e+04
3.766913e-01 6.135907e+15 3.29504538e-07 2.857950e+04
3.766913e-01 7.742637e+15 3.64172381e-08 3.226926e+04
3.766913e-01 9.770100e+15 2.51193129e-09 3.643539e+04
3.766913e-01 1.232847e+16 9.94578106e-11 4.169819e+04
3.766913e-01 1.555676e+16 1.88949160e-12 4.708164e+04
3.766913e-01 1.963041e+16 1.53622325e-14 5.316012e+04
3.766913e-01 2.477076e+16 4.66344515e-17 6.083867e+04
3.766913e-01 3.125716e+16 4.11290440e-20 6.869325e+04
3.766913e-01 3.944206e+16 8.68784376e-24 7.861543e+04
3.766913e-01 4.977024e+16 3.02757679e-28 8.876509e+04
3.766913e-01 6.280291e+16 1.17849157e-33 1.002251e+05
3.766913e-01 7.924829e+16 3.04540232e-40 1.147018e+05
3.766913e-01 1.000000e+17 2.41520832e-48 1.295104e+05
4.039178e-01 1.261857e+07 2.39641412e-03 6.029391e-01
4.039178e-01 1.592283e+07 2.53768403e-03 6.900288e-01
4.039178e-01 2.009233e+07 2.61623181e-03 7.791150e-01
4.039178e-01 2.535364e+07 2.69772063e-03 8.797027e-01
4.039178e-01 3.199267e+07 2.85837253e-03 1.006769e+00
4.039178e-01 4.037017e+07 2.94852303e-03 1.136748e+00
4.039178e-01 5.094138e+07 3.04209647e-03 1.283508e+00
4.039178e-01 6.428073e+07 3.22509888e-03 1.468900e+00
4.039178e-01 8.111308e+07 3.32871955e-03 1.658542e+00
4.039178e-01 1.023531e+08 3.43632454e-03 1.872669e+00
4.039178e-01 1.291550e+08 3.64512579e-03 2.143160e+00
4.039178e-01 1.629751e+08 3.76438902e-03 2.419853e+00
4.039178e-01 2.056512e+08 3.88828841e-03 2.732269e+00
4.039178e-01 2.595024e+08 4.12688819e-03 3.126923e+00
4.039178e-01 3.274549e+08 4.26431277e-03 3.530625e+00
4.039178e-01 4.132012e+08 4.40712591e-03 3.986446e+00
4.039178e-01 5.214008e+08 4.68014931e-03 4.562256e+00
4.039178e-01 6.579332e+08 4.83863759e-03 5.151267e+00
4.039178e-01 8.302176e+08 5.00337389e-03 5.816322e+00
4.039178e-01 1.047616e+09 5.17460993e-03 6.567239e+00
4.039178e-01 1.321941e+09 5.49900158e-03 7.515823e+00
4.039178e-01 1.668101e+09 5.68907766e-03 8.486155e+00
4.039178e-01 2.104904e+09 5.88664369e-03 9.581761e+00
4.039178e-01 2.656088e+09 6.25860022e-03 1.096577e+01
4.039178e-01 3.351603e+09 6.47782565e-03 1.238151e+01
4.039178e-01 4.229243e+09 6.70561512e-03 1.398002e+01
4.039178e-01 5.336699e+09 6.94225874e-03 1.578491e+01
4.039178e-01 6.734151e+09 7.38464064e-03 1.806492e+01
4.039178e-01 8.497534e+09 7.64682271e-03 2.039719e+01
4.039178e-01 1.072267e+10 7.91895648e-03 2.303057e+01
4.039178e-01 1.353048e+10 8.20130125e-03 2.600393e+01
4.039178e-01 1.707353e+10 8.72641589e-03 2.975999e+01
4.039178e-01 2.154435e+10 9.03817087e-03 3.360216e+01
4.039178e-01 2.718588e+10 9.36105900e-03 3.794037e+01
4.039178e-01 3.430469e+10 9.69521576e-03 4.283867e+01
4.039178e-01 4.328761e+10 1.03153435e-02 4.902636e+01
4.039178e-01 5.462277e+10 1.06819713e-02 5.535592e+01
4.039178e-01 6.892612e+10 1.10601995e-02 6.250265e+01
4.039178e-01 8.697490e+10 1.14498550e-02 7.057206e+01
4.039178e-01 1.097499e+11 1.21747666e-02 8.076563e+01
4.039178e-01 1.384886e+11 1.25975032e-02 9.119288e+01
4.039178e-01 1.747528e+11 1.30306017e-02 1.029663e+02
4.039178e-01 2.205131e+11 1.34732331e-02 1.162598e+02
4.039178e-01 2.782559e+11 1.43051695e-02 1.330526e+02
4.039178e-01 3.511192e+11 1.47759135e-02 1.502304e+02
4.039178e-01 4.430621e+11 1.52522521e-02 1.696259e+02
4.039178e-01 5.590810e+11 1.57320863e-02 1.915255e+02
4.039178e-01 7.054802e+11 1.66563130e-02 2.191898e+02
4.039178e-01 8.902151e+11 1.71481171e-02 2.474883e+02
4.039178e-01 1.123324e+12 1.76340776e-02 2.794403e+02
4.039178e-01 1.417474e+12 1.81098313e-02 3.155175e+02
4.039178e-01 1.788650e+12 1.90781913e-02 3.610914e+02
4.039178e-01 2.257020e+12 1.95294359e-02 4.077102e+02
4.039178e-01 2.848036e+12 1.99518938e-02 4.603477e+02
4.039178e-01 3.593814e+12 2.03375875e-02 5.197809e+02
4.039178e-01 4.534879e+12 2.12430373e-02 5.948590e+02
4.039178e-01 5.722368e+12 2.15348093e-02 6.716584e+02
4.039178e-01 7.220809e+12 2.17576456e-02 7.583729e+02
4.039178e-01 9.111628e+12 2.24979211e-02 8.679137e+02
4.039178e-01 1.149757e+13 2.25454618e-02 9.799658e+02
4.039178e-01 1.450829e+13 2.24806929e-02 1.106484e+03
4.039178e-01 1.830738e+13 2.22885391e-02 1.249337e+03
4.039178e-01 2.310130e+13 2.25544809e-02 1.429794e+03
4.039178e-01 2.915053e+13 2.20499912e-02 1.614388e+03
4.039178e-01 3.678380e+13 2.13718933e-02 1.822813e+03
4.039178e-01 4.641589e+13 2.05103917e-02 2.058148e+03
4.039178e-01 5.857021e+13 1.99923924e-02 2.355431e+03
4.039178e-01 7.390722e+13 1.87203109e-02 2.659529e+03
4.039178e-01 9.326033e+13 1.72640533e-02 3.002888e+03
4.039178e-01 1.176812e+14 1.60702823e-02 3.436630e+03
4.039178e-01 1.484968e+14 1.42654291e-02 3.880317e+03
4.039178e-01 1.873817e+14 1.23649801e-02 4.381286e+03
4.039178e-01 2.364489e+14 1.04240022e-02 4.946932e+03
4.039178e-01 2.983647e+14 8.73970640e-03 5.661476e+03
4.039178e-01 3.764936e+14 6.86655447e-03 6.392402e+03
4.039178e-01 4.750810e+14 5.15962771e-03 7.217694e+03
4.039178e-01 5.994843e+14 3.77935935e-03 8.260231e+03
4.039178e-01 7.564633e+14 2.53281538e-03 9.326669e+03
4.039178e-01 9.545485e+14 1.57787051e-03 1.053079e+04
4.039178e-01 1.204504e+15 9.26260763e-04 1.205188e+04
4.039178e-01 1.519911e+15 4.77384349e-04 1.360784e+04
4.039178e-01 1.917910e+15 2.17351828e-04 1.536468e+04
4.039178e-01 2.420128e+15 8.76577666e-05 1.758398e+04
4.039178e-01 3.053856e+15 2.88666022e-05 1.985416e+04
4.039178e-01 3.853529e+15 7.71789222e-06 2.241744e+04
4.039178e-01 4.862602e+15 1.64882004e-06 2.565545e+04
4.039178e-01 6.135907e+15 2.51447783e-07 2.896770e+04
4.039178e-01 7.742637e+15 2.60127287e-08 3.270758e+04
4.039178e-01 9.770100e+15 1.70216257e-09 3.743193e+04
4.039178e-01 1.232847e+16 5.95758087e-11 4.226458e+04
4.039178e-01 1.555676e+16 1.00730111e-12 4.772115e+04
4.039178e-01 1.963041e+16 7.30881405e-15 5.461409e+04
4.039178e-01 2.477076e+16 1.82252779e-17 6.166505e+04
4.039178e-01 3.125716e+16 1.31030521e-20 6.962632e+04
4.039178e-01 3.944206e+16 2.16398850e-24 7.968328e+04
4.039178e-01 4.977024e+16 5.60308430e-29 8.997080e+04
4.039178e-01 6.280291e+16 1.56324543e-34 1.029663e+05
4.039178e-01 7.924829e+16 2.53579057e-41 1.162598e+05
4.039178e-01 1.000000e+17 1.17438087e-49 1.312696e+05
4.331122e-01 1.261857e+07 2.79857645e-03 6.194299e-01
4.331122e-01 1.592283e+07 2.88460356e-03 6.994015e-01
4.331122e-01 2.009233e+07 2.97383061e-03 7.896978e-01
4.331122e-01 2.535364e+07 3.15026067e-03 9.037633e-01
4.331122e-01 3.199267e+07 3.24892481e-03 1.020444e+00
4.331122e-01 4.037017e+07 3.35131056e-03 1.152188e+00
4.331122e-01 5.094138e+07 3.55214274e-03 1.318612e+00
4.331122e-01 6.428073e+07 3.66546767e-03 1.488852e+00
4.331122e-01 8.111308e+07 3.78312196e-03 1.681071e+00
4.331122e-01 1.023531e+08 4.01210113e-03 1.923888e+00
4.331122e-01 1.291550e+08 4.14244023e-03 2.172271e+00
4.331122e-01 1.629751e+08 4.27781414e-03 2.452723e+00
4.331122e-01 2.056512e+08 4.53928176e-03 2.806999e+00
4.331122e-01 2.595024e+08 4.68936318e-03 3.169396e+00
4.331122e-01 3.274549e+08 4.84529381e-03 3.578582e+00
4.331122e-01 4.132012e+08 5.14426974e-03 4.095479e+00
4.331122e-01 5.214008e+08 5.31723853e-03 4.624226e+00
4.331122e-01 6.579332e+08 5.49698792e-03 5.221237e+00
4.331122e-01 8.302176e+08 5.83924731e-03 5.975403e+00
4.331122e-01 1.047616e+09 6.03869499e-03 6.746858e+00
4.331122e-01 1.321941e+09 6.24597274e-03 7.617912e+00
4.331122e-01 1.668101e+09 6.46138189e-03 8.601423e+00
4.331122e-01 2.104904e+09 6.86807427e-03 9.843829e+00
4.331122e-01 2.656088e+09 7.10702883e-03 1.111472e+01
4.331122e-01 3.351603e+09 7.35528918e-03 1.254968e+01
4.331122e-01 4.229243e+09 7.82140069e-03 1.436238e+01
4.331122e-01 5.336699e+09 8.09655323e-03 1.621664e+01
4.331122e-01 6.734151e+09 8.38223839e-03 1.831029e+01
4.331122e-01 8.497534e+09 8.67876530e-03 2.067425e+01
4.331122e-01 1.072267e+10 9.23221422e-03 2.366047e+01
4.331122e-01 1.353048e+10 9.56001467e-03 2.671516e+01
4.331122e-01 1.707353e+10 9.89979262e-03 3.016423e+01
4.331122e-01 2.154435e+10 1.02517677e-02 3.405858e+01
4.331122e-01 2.718588e+10 1.09064746e-02 3.897807e+01
4.331122e-01 3.430469e+10 1.12936233e-02 4.401034e+01
4.331122e-01 4.328761e+10 1.16936637e-02 4.969230e+01
4.331122e-01 5.462277e+10 1.21065668e-02 5.610783e+01
4.331122e-01 6.892612e+10 1.28749695e-02 6.421215e+01
4.331122e-01 8.697490e+10 1.33250747e-02 7.250226e+01
4.331122e-01 1.097499e+11 1.37876010e-02 8.186268e+01
4.331122e-01 1.384886e+11 1.42619717e-02 9.243157e+01
4.331122e-01 1.747528e+11 1.51507548e-02 1.057826e+02
4.331122e-01 2.205131e+11 1.56597728e-02 1.194396e+02
4.331122e-01 2.782559e+11 1.61777619e-02 1.348599e+02
4.331122e-01 3.511192e+11 1.67030482e-02 1.522710e+02
4.331122e-01 4.430621e+11 1.77049236e-02 1.742653e+02
4.331122e-01 5.590810e+11 1.82527670e-02 1.967639e+02
4.331122e-01 7.054802e+11 1.88003267e-02 2.221671e+02
4.331122e-01 8.902151e+11 1.93439170e-02 2.508500e+02
4.331122e-01 1.123324e+12 2.04228932e-02 2.870832e+02
4.331122e-01 1.417474e+12 2.09589986e-02 3.241471e+02
4.331122e-01 1.788650e+12 2.14751977e-02 3.659962e+02
4.331122e-01 2.257020e+12 2.19644375e-02 4.132482e+02
4.331122e-01 2.848036e+12 2.30318015e-02 4.729385e+02
4.331122e-01 3.593814e+12 2.34529815e-02 5.339973e+02
4.331122e-01 4.534879e+12 2.38180905e-02 6.029391e+02
4.331122e-01 5.722368e+12 2.41152762e-02 6.807816e+02
4.331122e-01 7.220809e+12 2.49969641e-02 7.791150e+02
4.331122e-01 9.111628e+12 2.51213072e-02 8.797027e+02
4.331122e-01 1.149757e+13 2.51323077e-02 9.932768e+02
4.331122e-01 1.450829e+13 2.50136873e-02 1.121514e+03
4.331122e-01 1.830738e+13 2.54257946e-02 1.283508e+03
4.331122e-01 2.310130e+13 2.49869362e-02 1.449215e+03
4.331122e-01 2.915053e+13 2.43658262e-02 1.636316e+03
4.331122e-01 3.678380e+13 2.35493811e-02 1.847573e+03
4.331122e-01 4.641589e+13 2.31444293e-02 2.114440e+03
4.331122e-01 5.857021e+13 2.18810786e-02 2.387425e+03
4.331122e-01 7.390722e+13 2.04068601e-02 2.695653e+03
4.331122e-01 9.326033e+13 1.87346745e-02 3.043676e+03
4.331122e-01 1.176812e+14 1.73506442e-02 3.483310e+03
4.331122e-01 1.484968e+14 1.53135499e-02 3.933024e+03
4.331122e-01 1.873817e+14 1.31870813e-02 4.440797e+03
4.331122e-01 2.364489e+14 1.13366586e-02 5.082234e+03
4.331122e-01 2.983647e+14 9.17392109e-03 5.738377e+03
4.331122e-01 3.764936e+14 7.13836882e-03 6.479231e+03
4.331122e-01 4.750810e+14 5.44987637e-03 7.415103e+03
4.331122e-01 5.994843e+14 3.83653878e-03 8.372431e+03
4.331122e-01 7.564633e+14 2.53369414e-03 9.453354e+03
4.331122e-01 9.545485e+14 1.55188177e-03 1.067383e+04
4.331122e-01 1.204504e+15 8.93268312e-04 1.221558e+04
4.331122e-01 1.519911e+15 4.49966207e-04 1.379267e+04
4.331122e-01 1.917910e+15 1.99467843e-04 1.557338e+04
4.331122e-01 2.420128e+15 7.79688798e-05 1.782283e+04
4.331122e-01 3.053856e+15 2.47516678e-05 2.012384e+04
4.331122e-01 3.853529e+15 6.33849154e-06 2.272193e+04
4.331122e-01 4.862602e+15 1.28688574e-06 2.600393e+04
4.331122e-01 6.135907e+15 1.84713502e-07 2.936118e+04
4.331122e-01 7.742637e+15 1.77705143e-08 3.315185e+04
4.331122e-01 9.770100e+15 1.06537026e-09 3.794037e+04
4.331122e-01 1.232847e+16 3.35430588e-11 4.283867e+04
4.331122e-01 1.555676e+16 4.98985252e-13 4.836936e+04
4.331122e-01 1.963041e+16 3.10177605e-15 5.535592e+04
4.331122e-01 2.477076e+16 6.41902236e-18 6.250265e+04
4.331122e-01 3.125716e+16 3.78790381e-21 7.153065e+04
4.331122e-01 3.944206e+16 4.64677279e-25 8.076563e+04
4.331122e-01 4.977024e+16 8.68165016e-30 9.119288e+04
4.331122e-01 6.280291e+16 1.63097986e-35 1.043650e+05
4.331122e-01 7.924829e+16 1.63400144e-42 1.178390e+05
4.331122e-01 1.000000e+17 4.30563576e-51 1.348599e+05
4.644167e-01 1.261857e+07 3.18494643e-03 6.278437e-01
4.644167e-01 1.592283e+07 3.28278228e-03 7.089016e-01
4.644167e-01 2.009233e+07 3.47681219e-03 8.112967e-01
4.644167e-01 2.535364e+07 3.58494360e-03 9.160392e-01
4.644167e-01 3.199267e+07 3.69712647e-03 1.034305e+00
4.644167e-01 4.037017e+07 3.91783425e-03 1.183701e+00
4.644167e-01 5.094138e+07 4.04194270e-03 1.336523e+00
4.644167e-01 6.428073e+07 4.17076106e-03 1.509075e+00
4.644167e-01 8.111308e+07 4.42221838e-03 1.727049e+00
4.644167e-01 1.023531e+08 4.56485593e-03 1.950020e+00
4.644167e-01 1.291550e+08 4.71296733e-03 2.201778e+00
4.644167e-01 1.629751e+08 4.99989169e-03 2.519806e+00
4.644167e-01 2.056512e+08 5.16401547e-03 2.845126e+00
4.644167e-01 2.595024e+08 5.33449524e-03 3.212447e+00
4.644167e-01 3.274549e+08 5.66233958e-03 3.676459e+00
4.644167e-01 4.132012e+08 5.85135928e-03 4.151108e+00
4.644167e-01 5.214008e+08 6.04774482e-03 4.687038e+00
4.644167e-01 6.579332e+08 6.42278377e-03 5.364042e+00
4.644167e-01 8.302176e+08 6.64059706e-03 6.056568e+00
4.644167e-01 1.047616e+09 6.86691604e-03 6.838501e+00
4.644167e-01 1.321941e+09 7.10206838e-03 7.721387e+00
4.644167e-01 1.668101e+09 7.54731740e-03 8.836679e+00
4.644167e-01 2.104904e+09 7.80808461e-03 9.977539e+00
4.644167e-01 2.656088e+09 8.07896754e-03 1.126569e+01
4.644167e-01 3.351603e+09 8.58897847e-03 1.289293e+01
4.644167e-01 4.229243e+09 8.88913505e-03 1.455747e+01
4.644167e-01 5.336699e+09 9.20075731e-03 1.643692e+01
4.644167e-01 6.734151e+09 9.52418960e-03 1.855900e+01
4.644167e-01 8.497534e+09 1.01294352e-02 2.123970e+01
4.644167e-01 1.072267e+10 1.04869809e-02 2.398186e+01
4.644167e-01 1.353048e+10 1.08576144e-02 2.707804e+01
4.644167e-01 1.707353e+10 1.12415966e-02 3.057395e+01
4.644167e-01 2.154435e+10 1.19574837e-02 3.499011e+01
4.644167e-01 2.718588e+10 1.23800087e-02 3.950751e+01
4.644167e-01 3.430469e+10 1.28167367e-02 4.460813e+01
4.644167e-01 4.328761e+10 1.32676846e-02 5.036727e+01
4.644167e-01 5.462277e+10 1.41083685e-02 5.764242e+01
4.644167e-01 6.892612e+10 1.46004815e-02 6.508435e+01
4.644167e-01 8.697490e+10 1.51065469e-02 7.348707e+01
4.644167e-01 1.097499e+11 1.56260296e-02 8.297463e+01
4.644167e-01 1.384886e+11 1.66001303e-02 9.495964e+01
4.644167e-01 1.747528e+11 1.71588628e-02 1.072194e+02
4.644167e-01 2.205131e+11 1.77283127e-02 1.210620e+02
4.644167e-01 2.782559e+11 1.83068437e-02 1.366917e+02
4.644167e-01 3.511192e+11 1.94091518e-02 1.564357e+02
4.644167e-01 4.430621e+11 2.00154580e-02 1.766324e+02
4.644167e-01 5.590810e+11 2.06233962e-02 1.994365e+02
4.644167e-01 7.054802e+11 2.12292914e-02 2.251848e+02
4.644167e-01 8.902151e+11 2.18287855e-02 2.542573e+02
4.644167e-01 1.123324e+12 2.30298669e-02 2.909827e+02
4.644167e-01 1.417474e+12 2.36159211e-02 3.285501e+02
4.644167e-01 1.788650e+12 2.41768557e-02 3.709676e+02
4.644167e-01 2.257020e+12 2.47044741e-02 4.188614e+02
4.644167e-01 2.848036e+12 2.58783731e-02 4.793625e+02
4.644167e-01 3.593814e+12 2.63218773e-02 5.412507e+02
4.644167e-01 4.534879e+12 2.66984870e-02 6.111289e+02
4.644167e-01 5.722368e+12 2.69946889e-02 6.900288e+02
4.644167e-01 7.220809e+12 2.79395054e-02 7.896978e+02
4.644167e-01 9.111628e+12 2.80317779e-02 8.916518e+02
4.644167e-01 1.149757e+13 2.79924504e-02 1.006769e+03
4.644167e-01 1.450829e+13 2.85639791e-02 1.152188e+03
4.644167e-01 1.830738e+13 2.81976539e-02 1.300942e+03
4.644167e-01 2.310130e+13 2.76412375e-02 1.468900e+03
4.644167e-01 2.915053e+13 2.68786143e-02 1.658542e+03
4.644167e-01 3.678380e+13 2.66050212e-02 1.898105e+03
4.644167e-01 4.641589e+13 2.53623992e-02 2.143160e+03
4.644167e-01 5.857021e+13 2.38840139e-02 2.419853e+03
4.644167e-01 7.390722e+13 2.21768281e-02 2.732269e+03
4.644167e-01 9.326033e+13 2.08128729e-02 3.126923e+03
4.644167e-01 1.176812e+14 1.86573508e-02 3.530625e+03
4.644167e-01 1.484968e+14 1.63628448e-02 3.986446e+03
4.644167e-01 1.873817e+14 1.43724506e-02 4.562256e+03
4.644167e-01 2.364489e+14 1.19289598e-02 5.151267e+03
4.644167e-01 2.983647e+14 9.56382191e-03 5.816322e+03
4.644167e-01 3.764936e+14 7.36305019e-03 6.567239e+03
4.644167e-01 4.750810e+14 5.55333784e-03 7.515823e+03
4.644167e-01 5.994843e+14 3.85501961e-03 8.486155e+03
4.644167e-01 7.564633e+14 2.50515201e-03 9.581761e+03
4.644167e-01 9.545485e+14 1.54724312e-03 1.096577e+04
4.644167e-01 1.204504e+15 8.48343934e-04 1.238151e+04
4.644167e-01 1.519911e+15 4.16716811e-04 1.398002e+04
4.644167e-01 1.917910e+15 1.84286116e-04 1.599932e+04
4.644167e-01 2.420128e+15 6.77467497e-05 1.806492e+04
4.644167e-01 3.053856e+15 2.06566922e-05 2.039719e+04
4.644167e-01 3.853529e+15 5.04490200e-06 2.303057e+04
4.644167e-01 4.862602e+15 9.68455214e-07 2.635715e+04
4.644167e-01 6.135907e+15 1.30046057e-07 2.975999e+04
4.644167e-01 7.742637e+15 1.18668344e-08 3.405858e+04
4.644167e-01 9.770100e+15 6.28942018e-10 3.845572e+04
4.644167e-01 1.232847e+16 1.76263125e-11 4.342055e+04
4.644167e-01 1.555676e+16 2.33999868e-13 4.969230e+04
4.644167e-01 1.963041e+16 1.19441918e-15 5.610783e+04
4.644167e-01 2.477076e+16 2.01359527e-18 6.335163e+04
4.644167e-01 3.125716e+16 9.28312258e-22 7.250226e+04
4.644167e-01 3.944206e+16 8.45916905e-26 8.186268e+04
4.644167e-01 4.977024e+16 1.10388989e-30 9.243157e+04
4.644167e-01 6.280291e+16 1.34243307e-36 1.057826e+05
4.644167e-01 7.924829e+16 7.91674478e-44 1.194396e+05
4.644167e-01 1.000000e+17 1.08921570e-52 1.366917e+05
4.979838e-01 1.261857e+07 3.62884319e-03 6.363718e-01
4.979838e-01 1.592283e+07 3.74022686e-03 7.185307e-01
4.979838e-01 2.009233e+07 3.96119420e-03 8.223166e-01
4.979838e-01 2.535364e+07 4.08427960e-03 9.284819e-01
4.979838e-01 3.199267e+07 4.32716620e-03 1.062594e+00
4.979838e-01 4.037017e+07 4.46326883e-03 1.199780e+00
4.979838e-01 5.094138e+07 4.60450170e-03 1.354678e+00
4.979838e-01 6.428073e+07 4.88102472e-03 1.550350e+00
4.979838e-01 8.111308e+07 5.03733102e-03 1.750508e+00
4.979838e-01 1.023531e+08 5.19959552e-03 1.976507e+00
4.979838e-01 1.291550e+08 5.51488658e-03 2.261998e+00
4.979838e-01 1.629751e+08 5.69460467e-03 2.554033e+00
4.979838e-01 2.056512e+08 5.88123669e-03 2.883772e+00
4.979838e-01 2.595024e+08 6.24122456e-03 3.300310e+00
4.979838e-01 3.274549e+08 6.44805300e-03 3.726396e+00
4.979838e-01 4.132012e+08 6.66289014e-03 4.207493e+00
4.979838e-01 5.214008e+08 6.88605775e-03 4.750702e+00
4.979838e-01 6.579332e+08 7.31256597e-03 5.436903e+00
4.979838e-01 8.302176e+08 7.55998181e-03 6.138835e+00
4.979838e-01 1.047616e+09 7.81700085e-03 6.931390e+00
4.979838e-01 1.321941e+09 8.30508960e-03 7.932573e+00
4.979838e-01 1.668101e+09 8.58999583e-03 8.956708e+00
4.979838e-01 2.104904e+09 8.88590320e-03 1.011307e+01
4.979838e-01 2.656088e+09 9.19319667e-03 1.141871e+01
4.979838e-01 3.351603e+09 9.77242791e-03 1.306805e+01
4.979838e-01 4.229243e+09 1.01127002e-02 1.475521e+01
4.979838e-01 5.336699e+09 1.04658373e-02 1.666018e+01
4.979838e-01 6.734151e+09 1.08322085e-02 1.881109e+01
4.979838e-01 8.497534e+09 1.15188268e-02 2.152820e+01
4.979838e-01 1.072267e+10 1.19234691e-02 2.430761e+01
4.979838e-01 1.353048e+10 1.23427064e-02 2.744584e+01
4.979838e-01 1.707353e+10 1.31262541e-02 3.141017e+01
4.979838e-01 2.154435e+10 1.35876925e-02 3.546539e+01
4.979838e-01 2.718588e+10 1.40647480e-02 4.004415e+01
4.979838e-01 3.430469e+10 1.45574806e-02 4.521405e+01
4.979838e-01 4.328761e+10 1.50658513e-02 5.105142e+01
4.979838e-01 5.462277e+10 1.60160874e-02 5.842538e+01
4.979838e-01 6.892612e+10 1.65698457e-02 6.596840e+01
4.979838e-01 8.697490e+10 1.71386985e-02 7.448526e+01
4.979838e-01 1.097499e+11 1.77219451e-02 8.410168e+01
4.979838e-01 1.384886e+11 1.88196728e-02 9.624949e+01
4.979838e-01 1.747528e+11 1.94452475e-02 1.086758e+02
4.979838e-01 2.205131e+11 2.00817740e-02 1.227064e+02
4.979838e-01 2.782559e+11 2.07272521e-02 1.385484e+02
4.979838e-01 3.511192e+11 2.19639635e-02 1.585606e+02
4.979838e-01 4.430621e+11 2.26373799e-02 1.790316e+02
4.979838e-01 5.590810e+11 2.33107319e-02 2.021455e+02
4.979838e-01 7.054802e+11 2.39796463e-02 2.282435e+02
4.979838e-01 8.902151e+11 2.53128577e-02 2.612114e+02
4.979838e-01 1.123324e+12 2.59741399e-02 2.949352e+02
4.979838e-01 1.417474e+12 2.66121400e-02 3.330128e+02
4.979838e-01 1.788650e+12 2.72185347e-02 3.760065e+02
4.979838e-01 2.257020e+12 2.85437021e-02 4.303176e+02
4.979838e-01 2.848036e+12 2.90710413e-02 4.858738e+02
4.979838e-01 3.593814e+12 2.95324806e-02 5.486025e+02
4.979838e-01 4.534879e+12 2.99140624e-02 6.194299e+02
4.979838e-01 5.722368e+12 3.10264038e-02 7.089016e+02
4.979838e-01 7.220809e+12 3.12055258e-02 8.004244e+02
4.979838e-01 9.111628e+12 3.12511888e-02 9.037633e+02
4.979838e-01 1.149757e+13 3.11440675e-02 1.020444e+03
4.979838e-01 1.450829e+13 3.17085543e-02 1.167839e+03
4.979838e-01 1.830738e+13 3.12238666e-02 1.318612e+03
4.979838e-01 2.310130e+13 3.05229041e-02 1.488852e+03
4.979838e-01 2.915053e+13 2.95891524e-02 1.681071e+03
4.979838e-01 3.678380e+13 2.91870765e-02 1.923888e+03
4.979838e-01 4.641589e+13 2.77166820e-02 2.172271e+03
4.979838e-01 5.857021e+13 2.59884160e-02 2.452723e+03
4.979838e-01 7.390722e+13 2.40138731e-02 2.769382e+03
4.979838e-01 9.326033e+13 2.24140333e-02 3.169396e+03
4.979838e-01 1.176812e+14 1.99691041e-02 3.578582e+03
4.979838e-01 1.484968e+14 1.73915050e-02 4.040595e+03
4.979838e-01 1.873817e+14 1.51556181e-02 4.624226e+03
4.979838e-01 2.364489e+14 1.24663839e-02 5.221237e+03
4.979838e-01 2.983647e+14 9.89280293e-03 5.895326e+03
4.979838e-01 3.764936e+14 7.52767221e-03 6.656443e+03
4.979838e-01 4.750810e+14 5.60183693e-03 7.617912e+03
4.979838e-01 5.994843e+14 3.82919622e-03 8.601423e+03
4.979838e-01 7.564633e+14 2.44455370e-03 9.711911e+03
4.979838e-01 9.545485e+14 1.47913131e-03 1.111472e+04
4.979838e-01 1.204504e+15 7.91917474e-04 1.254968e+04
4.979838e-01 1.519911e+15 3.78369239e-04 1.416991e+04
4.979838e-01 1.917910e+15 1.62001187e-04 1.621664e+04
4.979838e-01 2.420128e+15 5.73418616e-05 1.831029e+04
4.979838e-01 3.053856e+15 1.67249460e-05 2.067425e+04
4.979838e-01 3.853529e+15 3.87693014e-06 2.334340e+04
4.979838e-01 4.862602e+15 6.99730973e-07 2.671516e+04
4.979838e-01 6.135907e+15 8.73143679e-08 3.016423e+04
4.979838e-01 7.742637e+15 7.10265664e-09 3.405858e+04
4.979838e-01 9.770100e+15 3.47847495e-10 3.897807e+04
4.979838e-01 1.232847e+16 8.57601744e-12 4.401034e+04
4.979838e-01 1.555676e+16 9.75029576e-14 5.036727e+04
4.979838e-01 1.963041e+16 4.12706048e-16 5.686995e+04
4.979838e-01 2.477076e+16 5.55170072e-19 6.421215e+04
4.979838e-01 3.125716e+16 1.95038143e-22 7.348707e+04
4.979838e-01 3.944206e+16 1.28115889e-26 8.297463e+04
4.979838e-01 4.977024e+16 1.12620947e-31 9.368708e+04
4.979838e-01 6.280291e+16 8.48486130e-38 1.072194e+05
4.979838e-01 7.924829e+16 2.79204441e-45 1.210620e+05
4.979838e-01 1.000000e+17 1.82840463e-54 1.366917e+05
5.339771e-01 1.261857e+07 4.13928533e-03 6.450157e-01
5.339771e-01 1.592283e+07 4.26622281e-03 7.282906e-01
5.339771e-01 2.009233e+07 4.51813613e-03 8.334862e-01
5.339771e-01 2.535364e+07 4.65838458e-03 9.410936e-01
5.339771e-01 3.199267e+07 4.93525047e-03 1.077027e+00
5.339771e-01 4.037017e+07 5.09030034e-03 1.216077e+00
5.339771e-01 5.094138e+07 5.25117705e-03 1.373078e+00
5.339771e-01 6.428073e+07 5.56631200e-03 1.571408e+00
5.339771e-01 8.111308e+07 5.74431596e-03 1.774285e+00
5.339771e-01 1.023531e+08 5.92908089e-03 2.003355e+00
5.339771e-01 1.291550e+08 6.28829622e-03 2.292723e+00
5.339771e-01 1.629751e+08 6.49287572e-03 2.588725e+00
5.339771e-01 2.056512e+08 6.70529179e-03 2.922943e+00
5.339771e-01 2.595024e+08 7.11529066e-03 3.345138e+00
5.339771e-01 3.274549e+08 7.35061081e-03 3.777013e+00
5.339771e-01 4.132012e+08 7.59499566e-03 4.264644e+00
5.339771e-01 5.214008e+08 8.06347508e-03 4.880638e+00
5.339771e-01 6.579332e+08 8.33428524e-03 5.510753e+00
5.339771e-01 8.302176e+08 8.61554276e-03 6.222219e+00
5.339771e-01 1.047616e+09 8.90764307e-03 7.025540e+00
5.339771e-01 1.321941e+09 9.46291552e-03 8.040322e+00
5.339771e-01 1.668101e+09 9.78652746e-03 9.078369e+00
5.339771e-01 2.104904e+09 1.01225301e-02 1.025043e+01
5.339771e-01 2.656088e+09 1.07577439e-02 1.173102e+01
5.339771e-01 3.351603e+09 1.11296902e-02 1.324556e+01
5.339771e-01 4.229243e+09 1.15156497e-02 1.495563e+01
5.339771e-01 5.336699e+09 1.19160334e-02 1.688648e+01
5.339771e-01 6.734151e+09 1.26685022e-02 1.932559e+01
5.339771e-01 8.497534e+09 1.31106592e-02 2.182063e+01
5.339771e-01 1.072267e+10 1.35687631e-02 2.463778e+01
5.339771e-01 1.353048e+10 1.40431171e-02 2.781864e+01
5.339771e-01 1.707353e+10 1.49314875e-02 3.183682e+01
5.339771e-01 2.154435e+10 1.54529089e-02 3.594712e+01
5.339771e-01 2.718588e+10 1.59915770e-02 4.058807e+01
5.339771e-01 3.430469e+10 1.65474953e-02 4.582820e+01
5.339771e-01 4.328761e+10 1.75888067e-02 5.244771e+01
5.339771e-01 5.462277e+10 1.81948595e-02 5.921898e+01
5.339771e-01 6.892612e+10 1.88177909e-02 6.686446e+01
5.339771e-01 8.697490e+10 1.94569402e-02 7.549700e+01
5.339771e-01 1.097499e+11 2.06614583e-02 8.640193e+01
5.339771e-01 1.384886e+11 2.13483091e-02 9.755686e+01
5.339771e-01 1.747528e+11 2.20480738e-02 1.101519e+02
5.339771e-01 2.205131e+11 2.27587708e-02 1.243731e+02
5.339771e-01 2.782559e+11 2.34779529e-02 1.404303e+02
5.339771e-01 3.511192e+11 2.48646000e-02 1.607144e+02
5.339771e-01 4.430621e+11 2.56110721e-02 1.814634e+02
5.339771e-01 5.590810e+11 2.63551061e-02 2.048913e+02
5.339771e-01 7.054802e+11 2.70914922e-02 2.313438e+02
5.339771e-01 8.902151e+11 2.85748516e-02 2.647595e+02
5.339771e-01 1.123324e+12 2.92957755e-02 2.989413e+02
5.339771e-01 1.417474e+12 2.99867675e-02 3.375362e+02
5.339771e-01 1.788650e+12 3.06381024e-02 3.811138e+02
5.339771e-01 2.257020e+12 3.20931016e-02 4.361626e+02
5.339771e-01 2.848036e+12 3.26451349e-02 4.924734e+02
5.339771e-01 3.593814e+12 3.31177726e-02 5.560543e+02
5.339771e-01 4.534879e+12 3.34950487e-02 6.278437e+02
5.339771e-01 5.722368e+12 3.46828258e-02 7.185307e+02
5.339771e-01 7.220809e+12 3.48191590e-02 8.112967e+02
5.339771e-01 9.111628e+12 3.47995812e-02 9.160392e+02
5.339771e-01 1.149757e+13 3.46027214e-02 1.034305e+03
5.339771e-01 1.450829e+13 3.51425987e-02 1.183701e+03
5.339771e-01 1.830738e+13 3.45102645e-02 1.336523e+03
5.339771e-01 2.310130e+13 3.36324038e-02 1.509075e+03
5.339771e-01 2.915053e+13 3.24925346e-02 1.703905e+03
5.339771e-01 3.678380e+13 3.19292543e-02 1.950020e+03
5.339771e-01 4.641589e+13 3.01919364e-02 2.201778e+03
5.339771e-01 5.857021e+13 2.81746202e-02 2.486038e+03
5.339771e-01 7.390722e+13 2.58948887e-02 2.806999e+03
5.339771e-01 9.326033e+13 2.40244382e-02 3.212447e+03
5.339771e-01 1.176812e+14 2.12587382e-02 3.627190e+03
5.339771e-01 1.484968e+14 1.83727856e-02 4.095479e+03
5.339771e-01 1.873817e+14 1.58717107e-02 4.687038e+03
5.339771e-01 2.364489e+14 1.29266345e-02 5.292158e+03
5.339771e-01 2.983647e+14 1.01428121e-02 5.975403e+03
5.339771e-01 3.764936e+14 7.61893029e-03 6.746858e+03
5.339771e-01 4.750810e+14 5.58651067e-03 7.721387e+03
5.339771e-01 5.994843e+14 3.75437054e-03 8.718257e+03
5.339771e-01 7.564633e+14 2.35030386e-03 9.843829e+03
5.339771e-01 9.545485e+14 1.39027755e-03 1.126569e+04
5.339771e-01 1.204504e+15 7.25064803e-04 1.272015e+04
5.339771e-01 1.519911e+15 3.36007466e-04 1.436238e+04
5.339771e-01 1.917910e+15 1.35128441e-04 1.621664e+04
5.339771e-01 2.420128e+15 4.71298272e-05 1.855900e+04
5.339771e-01 3.053856e+15 1.30899683e-05 2.095507e+04
5.339771e-01 3.853529e+15 2.86468015e-06 2.366047e+04
5.339771e-01 4.862602e+15 4.83056864e-07 2.707804e+04
5.339771e-01 6.135907e+15 5.55947399e-08 3.057395e+04
5.339771e-01 7.742637e+15 4.10471688e-09 3.452120e+04
5.339771e-01 9.770100e+15 1.78863626e-10 3.950751e+04
5.339771e-01 1.232847e+16 3.82893973e-12 4.460813e+04
5.339771e-01 1.555676e+16 3.57183959e-14 5.036727e+04
5.339771e-01 1.963041e+16 1.26359568e-16 5.764242e+04
5.339771e-01 2.477076e+16 1.32540532e-19 6.508435e+04
5.339771e-01 3.125716e+16 3.35921708e-23 7.348707e+04
5.339771e-01 3.944206e+16 1.58040842e-27 8.410168e+04
5.339771e-01 4.977024e+16 8.98828437e-33 9.495964e+04
5.339771e-01 6.280291e+16 3.88867624e-39 1.072194e+05
5.339771e-01 7.924829e+16 6.91099360e-47 1.227064e+05
5.339771e-01 1.000000e+17 2.05710278e-56 1.385484e+05
5.725719e-01 1.261857e+07 4.72673091e-03 6.537771e-01
5.725719e-01 1.592283e+07 4.87153589e-03 7.381830e-01
5.725719e-01 2.009233e+07 5.15902478e-03 8.448076e-01
5.725719e-01 2.535364e+07 5.31898274e-03 9.538766e-01
5.725719e-01 3.199267e+07 5.63490147e-03 1.091656e+00
5.725719e-01 4.037017e+07 5.81170149e-03 1.232595e+00
5.725719e-01 5.094138e+07 5.99512334e-03 1.391729e+00
5.725719e-01 6.428073e+07 6.35461588e-03 1.592753e+00
5.725719e-01 8.111308e+07 6.55751085e-03 1.798386e+00
5.725719e-01 1.023531e+08 6.76808127e-03 2.030566e+00
5.725719e-01 1.291550e+08 7.17773017e-03 2.323865e+00
5.725719e-01 1.629751e+08 7.41080735e-03 2.623888e+00
5.725719e-01 2.056512e+08 7.65276978e-03 2.962645e+00
5.725719e-01 2.595024e+08 8.12015393e-03 3.390576e+00
5.725719e-01 3.274549e+08 8.38810155e-03 3.828316e+00
5.725719e-01 4.132012e+08 8.66631074e-03 4.322572e+00
5.725719e-01 5.214008e+08 9.20011259e-03 4.946932e+00
5.725719e-01 6.579332e+08 9.50825773e-03 5.585606e+00
5.725719e-01 8.302176e+08 9.82820630e-03 6.306737e+00
5.725719e-01 1.047616e+09 1.01603956e-02 7.120968e+00
5.725719e-01 1.321941e+09 1.07925956e-02 8.149535e+00
5.725719e-01 1.668101e+09 1.11603909e-02 9.201681e+00
5.725719e-01 2.104904e+09 1.15421358e-02 1.038967e+01
5.725719e-01 2.656088e+09 1.22648098e-02 1.189037e+01
5.725719e-01 3.351603e+09 1.26870635e-02 1.342548e+01
5.725719e-01 4.229243e+09 1.31250359e-02 1.515877e+01
5.725719e-01 5.336699e+09 1.35791638e-02 1.711585e+01
5.725719e-01 6.734151e+09 1.44341335e-02 1.958809e+01
5.725719e-01 8.497534e+09 1.49351148e-02 2.211702e+01
5.725719e-01 1.072267e+10 1.54538573e-02 2.497244e+01
5.725719e-01 1.353048e+10 1.59906560e-02 2.819651e+01
5.725719e-01 1.707353e+10 1.69982786e-02 3.226926e+01
5.725719e-01 2.154435e+10 1.75874801e-02 3.643539e+01
5.725719e-01 2.718588e+10 1.81956650e-02 4.113939e+01
5.725719e-01 3.430469e+10 1.88227560e-02 4.645069e+01
5.725719e-01 4.328761e+10 2.00010089e-02 5.316012e+01
5.725719e-01 5.462277e+10 2.06832239e-02 6.002336e+01
5.725719e-01 6.892612e+10 2.13835913e-02 6.777268e+01
5.725719e-01 8.697490e+10 2.21012314e-02 7.652248e+01
5.725719e-01 1.097499e+11 2.28349659e-02 8.640193e+01
5.725719e-01 1.384886e+11 2.42282968e-02 9.888199e+01
5.725719e-01 1.747528e+11 2.50100724e-02 1.116482e+02
5.725719e-01 2.205131e+11 2.58023985e-02 1.260625e+02
5.725719e-01 2.782559e+11 2.66022796e-02 1.423378e+02
5.725719e-01 3.511192e+11 2.81556730e-02 1.628974e+02
5.725719e-01 4.430621e+11 2.89810649e-02 1.839282e+02
5.725719e-01 5.590810e+11 2.98007686e-02 2.076743e+02
5.725719e-01 7.054802e+11 3.06085720e-02 2.344861e+02
5.725719e-01 8.902151e+11 3.22559583e-02 2.683558e+02
5.725719e-01 1.123324e+12 3.30378565e-02 3.030019e+02
5.725719e-01 1.417474e+12 3.37814889e-02 3.421210e+02
5.725719e-01 1.788650e+12 3.44754927e-02 3.862905e+02
5.725719e-01 2.257020e+12 3.60671916e-02 4.420871e+02
5.725719e-01 2.848036e+12 3.66368714e-02 4.991628e+02
5.725719e-01 3.593814e+12 3.71109105e-02 5.636072e+02
5.725719e-01 4.534879e+12 3.74710830e-02 6.363718e+02
5.725719e-01 5.722368e+12 3.87286332e-02 7.282906e+02
5.725719e-01 7.220809e+12 3.88021933e-02 8.223166e+02
5.725719e-01 9.111628e+12 3.86937371e-02 9.284819e+02
5.725719e-01 1.149757e+13 3.83797954e-02 1.048354e+03
5.725719e-01 1.450829e+13 3.88719384e-02 1.199780e+03
5.725719e-01 1.830738e+13 3.80565964e-02 1.354678e+03
5.725719e-01 2.310130e+13 3.69633499e-02 1.529573e+03
5.725719e-01 2.915053e+13 3.55763705e-02 1.727049e+03
5.725719e-01 3.678380e+13 3.48130255e-02 1.976507e+03
5.725719e-01 4.641589e+13 3.27644661e-02 2.231685e+03
5.725719e-01 5.857021e+13 3.04146783e-02 2.519806e+03
5.725719e-01 7.390722e+13 2.77888706e-02 2.845126e+03
5.725719e-01 9.326033e+13 2.56105767e-02 3.256082e+03
5.725719e-01 1.176812e+14 2.24927430e-02 3.676459e+03
5.725719e-01 1.484968e+14 1.92748949e-02 4.151108e+03
5.725719e-01 1.873817e+14 1.60524443e-02 4.687038e+03
5.725719e-01 2.364489e+14 1.32852569e-02 5.364042e+03
5.725719e-01 2.983647e+14 1.02950435e-02 6.056568e+03
5.725719e-01 3.764936e+14 7.62389643e-03 6.838501e+03
5.725719e-01 4.750810e+14 5.35323256e-03 7.721387e+03
5.725719e-01 5.994843e+14 3.62732155e-03 8.836679e+03
5.725719e-01 7.564633e+14 2.22221943e-03 9.977539e+03
5.725719e-01 9.545485e+14 1.24795280e-03 1.126569e+04
5.725719e-01 1.204504e+15 6.49552593e-04 1.289293e+04
5.725719e-01 1.519911e+15 2.91037997e-04 1.455747e+04
5.725719e-01 1.917910e+15 1.12527604e-04 1.643692e+04
5.725719e-01 2.420128e+15 3.74808595e-05 1.881109e+04
5.725719e-01 3.053856e+15 9.86287389e-06 2.123970e+04
5.725719e-01 3.853529e+15 2.02567844e-06 2.398186e+04
5.725719e-01 4.862602e+15 3.08460244e-07 2.707804e+04
5.725719e-01 6.135907e+15 3.33581383e-08 3.098924e+04
5.725719e-01 7.742637e+15 2.21316144e-09 3.499011e+04
5.725719e-01 9.770100e+15 8.25197189e-11 3.950751e+04
5.725719e-01 1.232847e+16 1.55292171e-12 4.521405e+04
5.725719e-01 1.555676e+16 1.19974916e-14 5.105142e+04
5.725719e-01 1.963041e+16 3.28999373e-17 5.764242e+04
5.725719e-01 2.477076e+16 2.69425355e-20 6.596840e+04
5.725719e-01 3.125716e+16 4.90673543e-24 7.448526e+04
5.725719e-01 3.944206e+16 1.50916298e-28 8.410168e+04
5.725719e-01 4.977024e+16 5.45383850e-34 9.624949e+04
5.725719e-01 6.280291e+16 1.31810930e-40 1.086758e+05
5.725719e-01 7.924829e+16 1.15229017e-48 1.243731e+05
5.725719e-01 1.000000e+17 1.43694847e-58 1.404303e+05
6.139563e-01 1.261857e+07 5.40330316e-03 6.626574e-01
6.139563e-01 1.592283e+07 5.56864365e-03 7.482099e-01
6.139563e-01 2.009233e+07 5.89705480e-03 8.562827e-01
6.139563e-01 2.535364e+07 6.07965675e-03 9.668332e-01
6.139563e-01 3.199267e+07 6.26902227e-03 1.091656e+00
6.139563e-01 4.037017e+07 6.64226269e-03 1.249337e+00
6.139563e-01 5.094138e+07 6.85156930e-03 1.410633e+00
6.139563e-01 6.428073e+07 7.26204618e-03 1.614388e+00
6.139563e-01 8.111308e+07 7.49350467e-03 1.822813e+00
6.139563e-01 1.023531e+08 7.73367975e-03 2.058148e+00
6.139563e-01 1.291550e+08 8.20126201e-03 2.355431e+00
6.139563e-01 1.629751e+08 8.46701229e-03 2.659529e+00
6.139563e-01 2.056512e+08 8.74283873e-03 3.002888e+00
6.139563e-01 2.595024e+08 9.02914010e-03 3.390576e+00
6.139563e-01 3.274549e+08 9.58140912e-03 3.880317e+00
6.139563e-01 4.132012e+08 9.89834062e-03 4.381286e+00
6.139563e-01 5.214008e+08 1.02273331e-02 4.946932e+00
6.139563e-01 6.579332e+08 1.08579061e-02 5.661476e+00
6.139563e-01 8.302176e+08 1.12220857e-02 6.392402e+00
6.139563e-01 1.047616e+09 1.16000794e-02 7.217694e+00
6.139563e-01 1.321941e+09 1.23203739e-02 8.260231e+00
6.139563e-01 1.668101e+09 1.27385909e-02 9.326669e+00
6.139563e-01 2.104904e+09 1.31725013e-02 1.053079e+01
6.139563e-01 2.656088e+09 1.36226002e-02 1.189037e+01
6.139563e-01 3.351603e+09 1.44747278e-02 1.360784e+01
6.139563e-01 4.229243e+09 1.49718771e-02 1.536468e+01
6.139563e-01 5.336699e+09 1.54870955e-02 1.734834e+01
6.139563e-01 6.734151e+09 1.60208088e-02 1.958809e+01
6.139563e-01 8.497534e+09 1.70266974e-02 2.241744e+01
6.139563e-01 1.072267e+10 1.76141426e-02 2.531164e+01
6.139563e-01 1.353048e+10 1.82215985e-02 2.857950e+01
6.139563e-01 1.707353e+10 1.88492559e-02 3.226926e+01
6.139563e-01 2.154435e+10 2.00304657e-02 3.693030e+01
6.139563e-01 2.718588e+10 2.07169417e-02 4.169819e+01
6.139563e-01 3.430469e+10 2.14240369e-02 4.708164e+01
6.139563e-01 4.328761e+10 2.21513841e-02 5.316012e+01
6.139563e-01 5.462277e+10 2.35246875e-02 6.083867e+01
6.139563e-01 6.892612e+10 2.43114828e-02 6.869325e+01
6.139563e-01 8.697490e+10 2.51164675e-02 7.756190e+01
6.139563e-01 1.097499e+11 2.59381254e-02 8.757554e+01
6.139563e-01 1.384886e+11 2.75068390e-02 1.002251e+02
6.139563e-01 1.747528e+11 2.83788138e-02 1.131647e+02
6.139563e-01 2.205131e+11 2.92604533e-02 1.277748e+02
6.139563e-01 2.782559e+11 3.01480901e-02 1.442712e+02
6.139563e-01 3.511192e+11 3.18862194e-02 1.651100e+02
6.139563e-01 4.430621e+11 3.27960442e-02 1.864266e+02
6.139563e-01 5.590810e+11 3.36958037e-02 2.104952e+02
6.139563e-01 7.054802e+11 3.45780868e-02 2.376712e+02
6.139563e-01 8.902151e+11 3.54342852e-02 2.683558e+02
6.139563e-01 1.123324e+12 3.72460590e-02 3.071176e+02
6.139563e-01 1.417474e+12 3.80400031e-02 3.467680e+02
6.139563e-01 1.788650e+12 3.87720036e-02 3.915376e+02
6.139563e-01 2.257020e+12 3.94271049e-02 4.420871e+02
6.139563e-01 2.848036e+12 4.10823197e-02 5.059430e+02
6.139563e-01 3.593814e+12 4.15440268e-02 5.712628e+02
6.139563e-01 4.534879e+12 4.18698415e-02 6.450157e+02
6.139563e-01 5.722368e+12 4.20373986e-02 7.282906e+02
6.139563e-01 7.220809e+12 4.31723499e-02 8.334862e+02
6.139563e-01 9.111628e+12 4.29453188e-02 9.410936e+02
6.139563e-01 1.149757e+13 4.24805212e-02 1.062594e+03
6.139563e-01 1.450829e+13 4.17530971e-02 1.199780e+03
6.139563e-01 1.830738e+13 4.18543856e-02 1.373078e+03
6.139563e-01 2.310130e+13 4.05003791e-02 1.550350e+03
6.139563e-01 2.915053e+13 3.88187460e-02 1.750508e+03
6.139563e-01 3.678380e+13 3.68031853e-02 1.976507e+03
6.139563e-01 4.641589e+13 3.54005162e-02 2.261998e+03
6.139563e-01 5.857021e+13 3.26709643e-02 2.554033e+03
6.139563e-01 7.390722e+13 2.96558955e-02 2.883772e+03
6.139563e-01 9.326033e+13 2.64086369e-02 3.256082e+03
6.139563e-01 1.176812e+14 2.36310919e-02 3.726396e+03
6.139563e-01 1.484968e+14 2.00612483e-02 4.207493e+03
6.139563e-01 1.873817e+14 1.65305447e-02 4.750702e+03
6.139563e-01 2.364489e+14 1.31566896e-02 5.364042e+03
6.139563e-01 2.983647e+14 1.03309595e-02 6.138835e+03
6.139563e-01 3.764936e+14 7.53101565e-03 6.931390e+03
6.139563e-01 4.750810e+14 5.19350345e-03 7.826267e+03
6.139563e-01 5.994843e+14 3.35515241e-03 8.836679e+03
6.139563e-01 7.564633e+14 2.06187338e-03 1.011307e+04
6.139563e-01 9.545485e+14 1.12639014e-03 1.141871e+04
6.139563e-01 1.204504e+15 5.52701230e-04 1.289293e+04
6.139563e-01 1.519911e+15 2.45117586e-04 1.475521e+04
6.139563e-01 1.917910e+15 9.07414054e-05 1.666018e+04
6.139563e-01 2.420128e+15 2.79604539e-05 1.881109e+04
6.139563e-01 3.053856e+15 7.12119223e-06 2.152820e+04
6.139563e-01 3.853529e+15 1.36352335e-06 2.430761e+04
6.139563e-01 4.862602e+15 1.91120106e-07 2.744584e+04
6.139563e-01 6.135907e+15 1.82298104e-08 3.098924e+04
6.139563e-01 7.742637e+15 1.10411229e-09 3.546539e+04
6.139563e-01 9.770100e+15 3.57045755e-11 4.004415e+04
6.139563e-01 1.232847e+16 5.50592091e-13 4.521405e+04
6.139563e-01 1.555676e+16 3.54853423e-15 5.174486e+04
6.139563e-01 1.963041e+16 7.56679520e-18 5.842538e+04
6.139563e-01 2.477076e+16 4.45395267e-21 6.596840e+04
6.139563e-01 3.125716e+16 5.78447431e-25 7.549700e+04
6.139563e-01 3.944206e+16 1.14617239e-29 8.524405e+04
6.139563e-01 4.977024e+16 2.37139665e-35 9.624949e+04
6.139563e-01 6.280291e+16 3.09483311e-42 1.101519e+05
6.139563e-01 7.924829e+16 1.20270989e-50 1.243731e+05
6.139563e-01 1.000000e+17 5.73681939e-61 1.404303e+05
6.583319e-01 1.261857e+07 6.18304998e-03 6.716584e-01
6.583319e-01 1.592283e+07 6.37200130e-03 7.583729e-01
6.583319e-01 2.009233e+07 6.56787225e-03 8.562827e-01
6.583319e-01 2.535364e+07 6.95613452e-03 9.799658e-01
6.583319e-01 3.199267e+07 7.17245861e-03 1.106484e+00
6.583319e-01 4.037017e+07 7.59910112e-03 1.266307e+00
6.583319e-01 5.094138e+07 7.83813417e-03 1.429794e+00
6.583319e-01 6.428073e+07 8.08607535e-03 1.614388e+00
6.583319e-01 8.111308e+07 8.57147816e-03 1.847573e+00
6.583319e-01 1.023531e+08 8.84562147e-03 2.086104e+00
6.583319e-01 1.291550e+08 9.13005980e-03 2.355431e+00
6.583319e-01 1.629751e+08 9.68298723e-03 2.695653e+00
6.583319e-01 2.056512e+08 9.99762739e-03 3.043676e+00
6.583319e-01 2.595024e+08 1.03241394e-02 3.436630e+00
6.583319e-01 3.274549e+08 1.09546210e-02 3.933024e+00
6.583319e-01 4.132012e+08 1.13158769e-02 4.440797e+00
6.583319e-01 5.214008e+08 1.16907728e-02 5.014127e+00
6.583319e-01 6.579332e+08 1.20798101e-02 5.661476e+00
6.583319e-01 8.302176e+08 1.28249314e-02 6.479231e+00
6.583319e-01 1.047616e+09 1.32552408e-02 7.315732e+00
6.583319e-01 1.321941e+09 1.37016612e-02 8.260231e+00
6.583319e-01 1.668101e+09 1.45521401e-02 9.453354e+00
6.583319e-01 2.104904e+09 1.50455052e-02 1.067383e+01
6.583319e-01 2.656088e+09 1.55570382e-02 1.205188e+01
6.583319e-01 3.351603e+09 1.60872539e-02 1.360784e+01
6.583319e-01 4.229243e+09 1.70916684e-02 1.557338e+01
6.583319e-01 5.336699e+09 1.76762563e-02 1.758398e+01
6.583319e-01 6.734151e+09 1.82814468e-02 1.985416e+01
6.583319e-01 8.497534e+09 1.89076175e-02 2.241744e+01
6.583319e-01 1.072267e+10 2.00899249e-02 2.565545e+01
6.583319e-01 1.353048e+10 2.07771990e-02 2.896770e+01
6.583319e-01 1.707353e+10 2.14867067e-02 3.270758e+01
6.583319e-01 2.154435e+10 2.22184491e-02 3.693030e+01
6.583319e-01 2.718588e+10 2.36005857e-02 4.226458e+01
6.583319e-01 3.430469e+10 2.43973787e-02 4.772115e+01
6.583319e-01 4.328761e+10 2.52159614e-02 5.388220e+01
6.583319e-01 5.462277e+10 2.60555122e-02 6.083867e+01
6.583319e-01 6.892612e+10 2.76510532e-02 6.962632e+01
6.583319e-01 8.697490e+10 2.85528286e-02 7.861543e+01
6.583319e-01 1.097499e+11 2.94715338e-02 8.876509e+01
6.583319e-01 1.384886e+11 3.04047433e-02 1.002251e+02
6.583319e-01 1.747528e+11 3.22068956e-02 1.147018e+02
6.583319e-01 2.205131e+11 3.31855466e-02 1.295104e+02
6.583319e-01 2.782559e+11 3.41677990e-02 1.462309e+02
6.583319e-01 3.511192e+11 3.51483057e-02 1.651100e+02
6.583319e-01 4.430621e+11 3.61207526e-02 1.864266e+02
6.583319e-01 5.590810e+11 3.80918456e-02 2.133544e+02
6.583319e-01 7.054802e+11 3.90502845e-02 2.408995e+02
6.583319e-01 8.902151e+11 3.99737864e-02 2.720009e+02
6.583319e-01 1.123324e+12 4.08506379e-02 3.071176e+02
6.583319e-01 1.417474e+12 4.28071413e-02 3.514782e+02
6.583319e-01 1.788650e+12 4.35692439e-02 3.968559e+02
6.583319e-01 2.257020e+12 4.42369043e-02 4.480920e+02
6.583319e-01 2.848036e+12 4.47908829e-02 5.059430e+02
6.583319e-01 3.593814e+12 4.64465886e-02 5.790223e+02
6.583319e-01 4.534879e+12 4.67152171e-02 6.537771e+02
6.583319e-01 5.722368e+12 4.67967162e-02 7.381830e+02
6.583319e-01 7.220809e+12 4.66647606e-02 8.334862e+02
6.583319e-01 9.111628e+12 4.62924037e-02 9.410936e+02
6.583319e-01 1.149757e+13 4.69015555e-02 1.077027e+03
6.583319e-01 1.450829e+13 4.59440552e-02 1.216077e+03
6.583319e-01 1.830738e+13 4.46628542e-02 1.373078e+03
6.583319e-01 2.310130e+13 4.30395653e-02 1.550350e+03
6.583319e-01 2.915053e+13 4.21859762e-02 1.774285e+03
6.583319e-01 3.678380e+13 3.97904893e-02 2.003355e+03
6.583319e-01 4.641589e+13 3.70414767e-02 2.261998e+03
6.583319e-01 5.857021e+13 3.39659306e-02 2.554033e+03
6.583319e-01 7.390722e+13 3.14463668e-02 2.922943e+03
6.583319e-01 9.326033e+13 2.77760575e-02 3.300310e+03
6.583319e-01 1.176812e+14 2.39718876e-02 3.726396e+03
6.583319e-01 1.484968e+14 2.01403770e-02 4.207493e+03
6.583319e-01 1.873817e+14 1.68501807e-02 4.815232e+03
6.583319e-01 2.364489e+14 1.32329172e-02 5.436903e+03
6.583319e-01 2.983647e+14 9.96121891e-03 6.138835e+03
6.583319e-01 3.764936e+14 7.33132429e-03 7.025540e+03
6.583319e-01 4.750810e+14 4.95593661e-03 7.932573e+03
6.583319e-01 5.994843e+14 3.12912768e-03 8.956708e+03
6.583319e-01 7.564633e+14 1.82299011e-03 1.011307e+04
6.583319e-01 9.545485e+14 9.92372005e-04 1.157382e+04
6.583319e-01 1.204504e+15 4.70009706e-04 1.306805e+04
6.583319e-01 1.519911e+15 1.94709776e-04 1.475521e+04
6.583319e-01 1.917910e+15 6.86972552e-05 1.666018e+04
6.583319e-01 2.420128e+15 2.05571265e-05 1.906661e+04
6.583319e-01 3.053856e+15 4.77092919e-06 2.152820e+04
6.583319e-01 3.853529e+15 8.45334569e-07 2.430761e+04
6.583319e-01 4.862602e+15 1.11069276e-07 2.781864e+04
6.583319e-01 6.135907e+15 9.50007078e-09 3.141017e+04
6.583319e-01 7.742637e+15 4.91480653e-10 3.546539e+04
6.583319e-01 9.770100e+15 1.39493037e-11 4.058807e+04
6.583319e-01 1.232847e+16 1.77816909e-13 4.582820e+04
6.583319e-01 1.555676e+16 8.86042688e-16 5.174486e+04
6.583319e-01 1.963041e+16 1.46969111e-18 5.921898e+04
6.583319e-01 2.477076e+16 6.18618829e-22 6.686446e+04
6.583319e-01 3.125716e+16 5.22249848e-26 7.549700e+04
6.583319e-01 3.944206e+16 6.53740285e-31 8.640193e+04
6.583319e-01 4.977024e+16 7.52073178e-37 9.755686e+04
6.583319e-01 6.280291e+16 4.69096333e-44 1.101519e+05
6.583319e-01 7.924829e+16 7.87221494e-53 1.260625e+05
6.583319e-01 1.000000e+17 1.29731705e-63 1.423378e+05
7.059148e-01 1.261857e+07 6.89369386e-03 6.716584e-01
7.059148e-01 1.592283e+07 7.29834670e-03 7.686740e-01
7.059148e-01 2.009233e+07 7.52233542e-03 8.679137e-01
7.059148e-01 2.535364e+07 7.75452530e-03 9.799658e-01
7.059148e-01 3.199267e+07 8.21392232e-03 1.121514e+00
7.059148e-01 4.037017e+07 8.47034333e-03 1.266307e+00
7.059148e-01 5.094138e+07 8.73624569e-03 1.429794e+00
7.059148e-01 6.428073e+07 9.25849259e-03 1.636316e+00
7.059148e-01 8.111308e+07 9.55232763e-03 1.847573e+00
7.059148e-01 1.023531e+08 1.01267091e-02 2.114440e+00
7.059148e-01 1.291550e+08 1.04515146e-02 2.387425e+00
7.059148e-01 1.629751e+08 1.07884631e-02 2.695653e+00
7.059148e-01 2.056512e+08 1.14426566e-02 3.085019e+00
7.059148e-01 2.595024e+08 1.18152288e-02 3.483310e+00
7.059148e-01 3.274549e+08 1.22017601e-02 3.933024e+00
7.059148e-01 4.132012e+08 1.26027693e-02 4.440797e+00
7.059148e-01 5.214008e+08 1.33748595e-02 5.082234e+00
7.059148e-01 6.579332e+08 1.38182235e-02 5.738377e+00
7.059148e-01 8.302176e+08 1.42781150e-02 6.479231e+00
7.059148e-01 1.047616e+09 1.51586586e-02 7.415103e+00
7.059148e-01 1.321941e+09 1.56668173e-02 8.372431e+00
7.059148e-01 1.668101e+09 1.61936812e-02 9.453354e+00
7.059148e-01 2.104904e+09 1.67398125e-02 1.067383e+01
7.059148e-01 2.656088e+09 1.77790846e-02 1.221558e+01
7.059148e-01 3.351603e+09 1.83814061e-02 1.379267e+01
7.059148e-01 4.229243e+09 1.90051300e-02 1.557338e+01
7.059148e-01 5.336699e+09 2.01881849e-02 1.782283e+01
7.059148e-01 6.734151e+09 2.08743234e-02 2.012384e+01
7.059148e-01 8.497534e+09 2.15837036e-02 2.272193e+01
7.059148e-01 1.072267e+10 2.23165928e-02 2.565545e+01
7.059148e-01 1.353048e+10 2.37042204e-02 2.936118e+01
7.059148e-01 1.707353e+10 2.45058258e-02 3.315185e+01
7.059148e-01 2.154435e+10 2.53316629e-02 3.743193e+01
7.059148e-01 2.718588e+10 2.61814234e-02 4.226458e+01
7.059148e-01 3.430469e+10 2.77945398e-02 4.836936e+01
7.059148e-01 4.328761e+10 2.87147958e-02 5.461409e+01
7.059148e-01 5.462277e+10 2.96571441e-02 6.166505e+01
7.059148e-01 6.892612e+10 3.06200929e-02 6.962632e+01
7.059148e-01 8.697490e+10 3.16017243e-02 7.861543e+01
7.059148e-01 1.097499e+11 3.34912494e-02 8.997080e+01
7.059148e-01 1.384886e+11 3.45301022e-02 1.015865e+02
7.059148e-01 1.747528e+11 3.55788865e-02 1.147018e+02
7.059148e-01 2.205131e+11 3.66331174e-02 1.295104e+02
7.059148e-01 2.782559e+11 3.87182260e-02 1.482171e+02
7.059148e-01 3.511192e+11 3.97949926e-02 1.673527e+02
7.059148e-01 4.430621e+11 4.08577391e-02 1.889588e+02
7.059148e-01 5.590810e+11 4.18975885e-02 2.133544e+02
7.059148e-01 7.054802e+11 4.40777413e-02 2.441717e+02
7.059148e-01 8.902151e+11 4.50657845e-02 2.756955e+02
7.059148e-01 1.123324e+12 4.59938422e-02 3.112892e+02
7.059148e-01 1.417474e+12 4.68462894e-02 3.514782e+02
7.059148e-01 1.788650e+12 4.76055856e-02 3.968559e+02
7.059148e-01 2.257020e+12 4.95719493e-02 4.541785e+02
7.059148e-01 2.848036e+12 5.00984285e-02 5.128153e+02
7.059148e-01 3.593814e+12 5.04630253e-02 5.790223e+02
7.059148e-01 4.534879e+12 5.06399149e-02 6.537771e+02
7.059148e-01 5.722368e+12 5.19858234e-02 7.482099e+02
7.059148e-01 7.220809e+12 5.16968542e-02 8.448076e+02
7.059148e-01 9.111628e+12 5.11288809e-02 9.538766e+02
7.059148e-01 1.149757e+13 5.02536067e-02 1.077027e+03
7.059148e-01 1.450829e+13 5.03864208e-02 1.232595e+03
7.059148e-01 1.830738e+13 4.87797278e-02 1.391729e+03
7.059148e-01 2.310130e+13 4.67918047e-02 1.571408e+03
7.059148e-01 2.915053e+13 4.44154590e-02 1.774285e+03
7.059148e-01 3.678380e+13 4.16554230e-02 2.003355e+03
7.059148e-01 4.641589e+13 3.95852638e-02 2.292723e+03
7.059148e-01 5.857021e+13 3.60404365e-02 2.588725e+03
7.059148e-01 7.390722e+13 3.22195083e-02 2.922943e+03
7.059148e-01 9.326033e+13 2.82035328e-02 3.300310e+03
7.059148e-01 1.176812e+14 2.47535352e-02 3.777013e+03
7.059148e-01 1.484968e+14 2.05593161e-02 4.264644e+03
7.059148e-01 1.873817e+14 1.65259409e-02 4.815232e+03
7.059148e-01 2.364489e+14 1.27874619e-02 5.436903e+03
7.059148e-01 2.983647e+14 9.72367284e-03 6.222219e+03
7.059148e-01 3.764936e+14 6.83293797e-03 7.025540e+03
7.059148e-01 4.750810e+14 4.51810982e-03 7.932573e+03
7.059148e-01 5.994843e+14 2.85726171e-03 9.078369e+03
7.059148e-01 7.564633e+14 1.61662730e-03 1.025043e+04
7.059148e-01 9.545485e+14 8.28139395e-04 1.157382e+04
7.059148e-01 1.204504e+15 3.77152942e-04 1.306805e+04
7.059148e-01 1.519911e+15 1.53360791e-04 1.495563e+04
7.059148e-01 1.917910e+15 5.13035224e-05 1.688648e+04
7.059148e-01 2.420128e+15 1.40409581e-05 1.906661e+04
7.059148e-01 3.053856e+15 3.11196743e-06 2.182063e+04
7.059148e-01 3.853529e+15 5.06017135e-07 2.463778e+04
7.059148e-01 4.862602e+15 5.84720556e-08 2.781864e+04
7.059148e-01 6.135907e+15 4.43265359e-09 3.141017e+04
7.059148e-01 7.742637e+15 2.03867871e-10 3.594712e+04
7.059148e-01 9.770100e+15 4.73112153e-12 4.058807e+04
7.059148e-01 1.232847e+16 4.88470173e-14 4.582820e+04
7.059148e-01 1.555676e+16 1.93776786e-16 5.244771e+04
7.059148e-01 1.963041e+16 2.29931635e-19 5.921898e+04
7.059148e-01 2.477076e+16 6.67658231e-23 6.686446e+04
7.059148e-01 3.125716e+16 3.70336176e-27 7.652248e+04
7.059148e-01 3.944206e+16 2.63390400e-32 8.640193e+04
7.059148e-01 4.977024e+16 1.58214019e-38 9.755686e+04
7.059148e-01 6.280291e+16 4.61271299e-46 1.116482e+05
7.059148e-01 7.924829e+16 2.88627290e-55 1.260625e+05
7.059148e-01 1.000000e+17 1.46647658e-66 1.423378e+05
7.569370e-01 1.261857e+07 7.90354430e-03 6.807816e-01
7.569370e-01 1.592283e+07 8.14429664e-03 7.686740e-01
7.569370e-01 2.009233e+07 8.39379384e-03 8.679137e-01
7.569370e-01 2.535364e+07 8.88903379e-03 9.932768e-01
7.569370e-01 3.199267e+07 9.16441076e-03 1.121514e+00
7.569370e-01 4.037017e+07 9.70834859e-03 1.283508e+00
7.569370e-01 5.094138e+07 1.00124185e-02 1.449215e+00
7.569370e-01 6.428073e+07 1.03276983e-02 1.636316e+00
7.569370e-01 8.111308e+07 1.09460391e-02 1.872669e+00
7.569370e-01 1.023531e+08 1.12943419e-02 2.114440e+00
7.569370e-01 1.291550e+08 1.16555567e-02 2.387425e+00
7.569370e-01 1.629751e+08 1.23592122e-02 2.732269e+00
7.569370e-01 2.056512e+08 1.27583732e-02 3.085019e+00
7.569370e-01 2.595024e+08 1.31723626e-02 3.483310e+00
7.569370e-01 3.274549e+08 1.39737446e-02 3.986446e+00
7.569370e-01 4.132012e+08 1.44312199e-02 4.501117e+00
7.569370e-01 5.214008e+08 1.49056446e-02 5.082234e+00
7.569370e-01 6.579332e+08 1.58187423e-02 5.816322e+00
7.569370e-01 8.302176e+08 1.63427837e-02 6.567239e+00
7.569370e-01 1.047616e+09 1.68860576e-02 7.415103e+00
7.569370e-01 1.321941e+09 1.74491677e-02 8.372431e+00
7.569370e-01 1.668101e+09 1.85259178e-02 9.581761e+00
7.569370e-01 2.104904e+09 1.91470043e-02 1.081881e+01
7.569370e-01 2.656088e+09 1.97902476e-02 1.221558e+01
7.569370e-01 3.351603e+09 2.10156800e-02 1.398002e+01
7.569370e-01 4.229243e+09 2.17236612e-02 1.578491e+01
7.569370e-01 5.336699e+09 2.24559255e-02 1.782283e+01
7.569370e-01 6.734151e+09 2.32128567e-02 2.012384e+01
7.569370e-01 8.497534e+09 2.46510270e-02 2.303057e+01
7.569370e-01 1.072267e+10 2.54801512e-02 2.600393e+01
7.569370e-01 1.353048e+10 2.63351812e-02 2.936118e+01
7.569370e-01 1.707353e+10 2.72160223e-02 3.315185e+01
7.569370e-01 2.154435e+10 2.88915576e-02 3.794037e+01
7.569370e-01 2.718588e+10 2.98484142e-02 4.283867e+01
7.569370e-01 3.430469e+10 3.08301752e-02 4.836936e+01
7.569370e-01 4.328761e+10 3.18357300e-02 5.461409e+01
7.569370e-01 5.462277e+10 3.37624362e-02 6.250265e+01
7.569370e-01 6.892612e+10 3.48393633e-02 7.057206e+01
7.569370e-01 8.697490e+10 3.59347660e-02 7.968328e+01
7.569370e-01 1.097499e+11 3.70455750e-02 8.997080e+01
7.569370e-01 1.384886e+11 3.81680543e-02 1.015865e+02
7.569370e-01 1.747528e+11 4.03725138e-02 1.162598e+02
7.569370e-01 2.205131e+11 4.15348737e-02 1.312696e+02
7.569370e-01 2.782559e+11 4.26925167e-02 1.482171e+02
7.569370e-01 3.511192e+11 4.38377621e-02 1.673527e+02
7.569370e-01 4.430621e+11 4.61913953e-02 1.915255e+02
7.569370e-01 5.590810e+11 4.73134584e-02 2.162524e+02
7.569370e-01 7.054802e+11 4.83907182e-02 2.441717e+02
7.569370e-01 8.902151e+11 4.94092164e-02 2.756955e+02
7.569370e-01 1.123324e+12 5.03531377e-02 3.112892e+02
7.569370e-01 1.417474e+12 5.26051884e-02 3.562524e+02
7.569370e-01 1.788650e+12 5.33647908e-02 4.022464e+02
7.569370e-01 2.257020e+12 5.39866495e-02 4.541785e+02
7.569370e-01 2.848036e+12 5.44461924e-02 5.128153e+02
7.569370e-01 3.593814e+12 5.62134638e-02 5.868873e+02
7.569370e-01 4.534879e+12 5.62686765e-02 6.626574e+02
7.569370e-01 5.722368e+12 5.60708172e-02 7.482099e+02
7.569370e-01 7.220809e+12 5.55891896e-02 8.448076e+02
7.569370e-01 9.111628e+12 5.62921719e-02 9.668332e+02
7.569370e-01 1.149757e+13 5.51227988e-02 1.091656e+03
7.569370e-01 1.450829e+13 5.35756344e-02 1.232595e+03
7.569370e-01 1.830738e+13 5.16304369e-02 1.391729e+03
7.569370e-01 2.310130e+13 4.92750936e-02 1.571408e+03
7.569370e-01 2.915053e+13 4.77805463e-02 1.798386e+03
7.569370e-01 3.678380e+13 4.45291625e-02 2.030566e+03
7.569370e-01 4.641589e+13 4.08996995e-02 2.292723e+03
7.569370e-01 5.857021e+13 3.69436558e-02 2.588725e+03
7.569370e-01 7.390722e+13 3.36301516e-02 2.962645e+03
7.569370e-01 9.326033e+13 2.91454839e-02 3.345138e+03
7.569370e-01 1.176812e+14 2.46200304e-02 3.777013e+03
7.569370e-01 1.484968e+14 2.01893563e-02 4.264644e+03
7.569370e-01 1.873817e+14 1.64332004e-02 4.880638e+03
7.569370e-01 2.364489e+14 1.25085731e-02 5.510753e+03
7.569370e-01 2.983647e+14 9.08674727e-03 6.222219e+03
7.569370e-01 3.764936e+14 6.25030752e-03 7.025540e+03
7.569370e-01 4.750810e+14 4.14317250e-03 8.040322e+03
7.569370e-01 5.994843e+14 2.47963126e-03 9.078369e+03
7.569370e-01 7.564633e+14 1.35820892e-03 1.025043e+04
7.569370e-01 9.545485e+14 6.70175654e-04 1.157382e+04
7.569370e-01 1.204504e+15 3.00231267e-04 1.324556e+04
7.569370e-01 1.519911e+15 1.12974924e-04 1.495563e+04
7.569370e-01 1.917910e+15 3.56276820e-05 1.688648e+04
7.569370e-01 2.420128e+15 9.34901773e-06 1.932559e+04
7.569370e-01 3.053856e+15 1.86004547e-06 2.182063e+04
7.569370e-01 3.853529e+15 2.74987586e-07 2.463778e+04
7.569370e-01 4.862602e+15 2.83957969e-08 2.781864e+04
7.569370e-01 6.135907e+15 1.93457936e-09 3.183682e+04
7.569370e-01 7.742637e+15 7.37782653e-11 3.594712e+04
7.569370e-01 9.770100e+15 1.41131074e-12 4.058807e+04
7.569370e-01 1.232847e+16 1.18506846e-14 4.645069e+04
7.569370e-01 1.555676e+16 3.44942342e-17 5.244771e+04
7.569370e-01 1.963041e+16 2.90929429e-20 5.921898e+04
7.569370e-01 2.477076e+16 5.59786458e-24 6.686446e+04
7.569370e-01 3.125716e+16 1.89185733e-28 7.652248e+04
7.569370e-01 3.944206e+16 7.40873493e-34 8.640193e+04
7.569370e-01 4.977024e+16 2.16565435e-40 9.755686e+04
7.569370e-01 6.280291e+16 2.63766719e-48 1.116482e+05
7.569370e-01 7.924829e+16 5.69764337e-58 1.260625e+05
7.569370e-01 1.000000e+17 7.85657042e-70 1.423378e+05
8.116469e-01 1.261857e+07 8.82775450e-03 6.807816e-01
8.116469e-01 1.592283e+07 9.09613262e-03 7.686740e-01
8.116469e-01 2.009233e+07 9.63060323e-03 8.797027e-01
8.116469e-01 2.535364e+07 9.92664611e-03 9.932768e-01
8.116469e-01 3.199267e+07 1.02334544e-02 1.121514e+00
8.116469e-01 4.037017e+07 1.08400398e-02 1.283508e+00
8.116469e-01 5.094138e+07 1.11786734e-02 1.449215e+00
8.116469e-01 6.428073e+07 1.18450567e-02 1.658542e+00
8.116469e-01 8.111308e+07 1.22189279e-02 1.872669e+00
8.116469e-01 1.023531e+08 1.26065374e-02 2.114440e+00
8.116469e-01 1.291550e+08 1.33641950e-02 2.419853e+00
8.116469e-01 1.629751e+08 1.37922512e-02 2.732269e+00
8.116469e-01 2.056512e+08 1.42360662e-02 3.085019e+00
8.116469e-01 2.595024e+08 1.50981678e-02 3.530625e+00
8.116469e-01 3.274549e+08 1.55882844e-02 3.986446e+00
8.116469e-01 4.132012e+08 1.60963942e-02 4.501117e+00
8.116469e-01 5.214008e+08 1.70777708e-02 5.151267e+00
8.116469e-01 6.579332e+08 1.76386579e-02 5.816322e+00
8.116469e-01 8.302176e+08 1.82199441e-02 6.567239e+00
8.116469e-01 1.047616e+09 1.93370681e-02 7.515823e+00
8.116469e-01 1.321941e+09 1.99781150e-02 8.486155e+00
8.116469e-01 1.668101e+09 2.06420417e-02 9.581761e+00
8.116469e-01 2.104904e+09 2.13294505e-02 1.081881e+01
8.116469e-01 2.656088e+09 2.26437479e-02 1.238151e+01
8.116469e-01 3.351603e+09 2.33999204e-02 1.398002e+01
8.116469e-01 4.229243e+09 2.41818278e-02 1.578491e+01
8.116469e-01 5.336699e+09 2.49898833e-02 1.782283e+01
8.116469e-01 6.734151e+09 2.65307262e-02 2.039719e+01
8.116469e-01 8.497534e+09 2.74154908e-02 2.303057e+01
8.116469e-01 1.072267e+10 2.83277544e-02 2.600393e+01
8.116469e-01 1.353048e+10 2.92674384e-02 2.936118e+01
8.116469e-01 1.707353e+10 3.10612033e-02 3.360216e+01
8.116469e-01 2.154435e+10 3.20818603e-02 3.794037e+01
8.116469e-01 2.718588e+10 3.31291070e-02 4.283867e+01
8.116469e-01 3.430469e+10 3.42018286e-02 4.836936e+01
8.116469e-01 4.328761e+10 3.62639792e-02 5.535592e+01
8.116469e-01 5.462277e+10 3.74133421e-02 6.250265e+01
8.116469e-01 6.892612e+10 3.85828652e-02 7.057206e+01
8.116469e-01 8.697490e+10 3.97694517e-02 7.968328e+01
8.116469e-01 1.097499e+11 4.20898582e-02 9.119288e+01
8.116469e-01 1.384886e+11 4.33314976e-02 1.029663e+02
8.116469e-01 1.747528e+11 4.45764947e-02 1.162598e+02
8.116469e-01 2.205131e+11 4.58182259e-02 1.312696e+02
8.116469e-01 2.782559e+11 4.70489115e-02 1.482171e+02
8.116469e-01 3.511192e+11 4.95794167e-02 1.696259e+02
8.116469e-01 4.430621e+11 5.07916489e-02 1.915255e+02
8.116469e-01 5.590810e+11 5.19600318e-02 2.162524e+02
8.116469e-01 7.054802e+11 5.30704058e-02 2.441717e+02
8.116469e-01 8.902151e+11 5.55865750e-02 2.794403e+02
8.116469e-01 1.123324e+12 5.65565723e-02 3.155175e+02
8.116469e-01 1.417474e+12 5.74111882e-02 3.562524e+02
8.116469e-01 1.788650e+12 5.81274908e-02 4.022464e+02
8.116469e-01 2.257020e+12 5.86803656e-02 4.541785e+02
8.116469e-01 2.848036e+12 6.06574925e-02 5.197809e+02
8.116469e-01 3.593814e+12 6.08040433e-02 5.868873e+02
8.116469e-01 4.534879e+12 6.06937110e-02 6.626574e+02
8.116469e-01 5.722368e+12 6.02944029e-02 7.482099e+02
8.116469e-01 7.220809e+12 6.12034810e-02 8.562827e+02
8.116469e-01 9.111628e+12 6.01020529e-02 9.668332e+02
8.116469e-01 1.149757e+13 5.86104998e-02 1.091656e+03
8.116469e-01 1.450829e+13 5.67050175e-02 1.232595e+03
8.116469e-01 1.830738e+13 5.43691469e-02 1.391729e+03
8.116469e-01 2.310130e+13 5.30078003e-02 1.592753e+03
8.116469e-01 2.915053e+13 4.97179625e-02 1.798386e+03
8.116469e-01 3.678380e+13 4.60107816e-02 2.030566e+03
8.116469e-01 4.641589e+13 4.19303865e-02 2.292723e+03
8.116469e-01 5.857021e+13 3.85701588e-02 2.623888e+03
8.116469e-01 7.390722e+13 3.38405550e-02 2.962645e+03
8.116469e-01 9.326033e+13 2.90040877e-02 3.345138e+03
8.116469e-01 1.176812e+14 2.41957652e-02 3.777013e+03
8.116469e-01 1.484968e+14 2.00976255e-02 4.322572e+03
8.116469e-01 1.873817e+14 1.56696137e-02 4.880638e+03
8.116469e-01 2.364489e+14 1.17118823e-02 5.510753e+03
8.116469e-01 2.983647e+14 8.33311014e-03 6.222219e+03
8.116469e-01 3.764936e+14 5.75061033e-03 7.120968e+03
8.116469e-01 4.750810e+14 3.61094966e-03 8.040322e+03
8.116469e-01 5.994843e+14 2.09465477e-03 9.078369e+03
8.116469e-01 7.564633e+14 1.10678913e-03 1.025043e+04
8.116469e-01 9.545485e+14 5.38204522e-04 1.173102e+04
8.116469e-01 1.204504e+15 2.23644902e-04 1.324556e+04
8.116469e-01 1.519911e+15 7.95652514e-05 1.495563e+04
8.116469e-01 1.917910e+15 2.35011375e-05 1.688648e+04
8.116469e-01 2.420128e+15 5.71197577e-06 1.932559e+04
8.116469e-01 3.053856e+15 1.03878065e-06 2.182063e+04
8.116469e-01 3.853529e+15 1.38177460e-07 2.463778e+04
8.116469e-01 4.862602e+15 1.25944166e-08 2.781864e+04
8.116469e-01 6.135907e+15 7.39666095e-10 3.183682e+04
8.116469e-01 7.742637e+15 2.36111319e-11 3.594712e+04
8.116469e-01 9.770100e+15 3.64490351e-13 4.058807e+04
8.116469e-01 1.232847e+16 2.36160299e-15 4.645069e+04
8.116469e-01 1.555676e+16 5.02352012e-18 5.244771e+04
8.116469e-01 1.963041e+16 2.90092422e-21 5.921898e+04
8.116469e-01 2.477076e+16 3.63221988e-25 6.777268e+04
8.116469e-01 3.125716e+16 6.89524690e-30 7.652248e+04
8.116469e-01 3.944206e+16 1.39265336e-35 8.640193e+04
8.116469e-01 4.977024e+16 1.83059349e-42 9.755686e+04
8.116469e-01 6.280291e+16 8.46407353e-51 1.116482e+05
8.116469e-01 7.924829e+16 5.61702031e-61 1.260625e+05
8.116469e-01 1.000000e+17 1.82198504e-73 1.423378e+05
8.703112e-01 1.261857e+07 9.86800230e-03 6.807816e-01
8.703112e-01 1.592283e+07 1.01673336e-02 7.686740e-01
8.703112e-01 2.009233e+07 1.07639898e-02 8.797027e-01
8.703112e-01 2.535364e+07 1.10940449e-02 9.932768e-01
8.703112e-01 3.199267e+07 1.17488121e-02 1.136748e+00
8.703112e-01 4.037017e+07 1.21128753e-02 1.283508e+00
8.703112e-01 5.094138e+07 1.24901533e-02 1.449215e+00
8.703112e-01 6.428073e+07 1.32334578e-02 1.658542e+00
8.703112e-01 8.111308e+07 1.36497720e-02 1.872669e+00
8.703112e-01 1.023531e+08 1.44663911e-02 2.143160e+00
8.703112e-01 1.291550e+08 1.49258418e-02 2.419853e+00
8.703112e-01 1.629751e+08 1.54020468e-02 2.732269e+00
8.703112e-01 2.056512e+08 1.63303666e-02 3.126923e+00
8.703112e-01 2.595024e+08 1.68558927e-02 3.530625e+00
8.703112e-01 3.274549e+08 1.74005243e-02 3.986446e+00
8.703112e-01 4.132012e+08 1.84562633e-02 4.562256e+00
8.703112e-01 5.214008e+08 1.90570490e-02 5.151267e+00
8.703112e-01 6.579332e+08 1.96794688e-02 5.816322e+00
8.703112e-01 8.302176e+08 2.03241889e-02 6.567239e+00
8.703112e-01 1.047616e+09 2.15660092e-02 7.515823e+00
8.703112e-01 1.321941e+09 2.22761881e-02 8.486155e+00
8.703112e-01 1.668101e+09 2.30112412e-02 9.581761e+00
8.703112e-01 2.104904e+09 2.44219416e-02 1.096577e+01
8.703112e-01 2.656088e+09 2.52300038e-02 1.238151e+01
8.703112e-01 3.351603e+09 2.60653121e-02 1.398002e+01
8.703112e-01 4.229243e+09 2.69283006e-02 1.578491e+01
8.703112e-01 5.336699e+09 2.85801928e-02 1.806492e+01
8.703112e-01 6.734151e+09 2.95246020e-02 2.039719e+01
8.703112e-01 8.497534e+09 3.04981363e-02 2.303057e+01
8.703112e-01 1.072267e+10 3.15007269e-02 2.600393e+01
8.703112e-01 1.353048e+10 3.34218837e-02 2.975999e+01
8.703112e-01 1.707353e+10 3.45105322e-02 3.360216e+01
8.703112e-01 2.154435e+10 3.56274422e-02 3.794037e+01
8.703112e-01 2.718588e+10 3.67714839e-02 4.283867e+01
8.703112e-01 3.430469e+10 3.89788592e-02 4.902636e+01
8.703112e-01 4.328761e+10 4.02048074e-02 5.535592e+01
8.703112e-01 5.462277e+10 4.14525060e-02 6.250265e+01
8.703112e-01 6.892612e+10 4.27188010e-02 7.057206e+01
8.703112e-01 8.697490e+10 4.52032690e-02 8.076563e+01
8.703112e-01 1.097499e+11 4.65297117e-02 9.119288e+01
8.703112e-01 1.384886e+11 4.78608238e-02 1.029663e+02
8.703112e-01 1.747528e+11 4.91898533e-02 1.162598e+02
8.703112e-01 2.205131e+11 5.05088790e-02 1.312696e+02
8.703112e-01 2.782559e+11 5.32256731e-02 1.502304e+02
8.703112e-01 3.511192e+11 5.45302650e-02 1.696259e+02
8.703112e-01 4.430621e+11 5.57914864e-02 1.915255e+02
8.703112e-01 5.590810e+11 5.69949188e-02 2.162524e+02
8.703112e-01 7.054802e+11 5.97139500e-02 2.474883e+02
8.703112e-01 8.902151e+11 6.07790365e-02 2.794403e+02
8.703112e-01 1.123324e+12 6.17278947e-02 3.155175e+02
8.703112e-01 1.417474e+12 6.25371083e-02 3.562524e+02
8.703112e-01 1.788650e+12 6.31809874e-02 4.022464e+02
8.703112e-01 2.257020e+12 6.53720360e-02 4.603477e+02
8.703112e-01 2.848036e+12 6.56058871e-02 5.197809e+02
8.703112e-01 3.593814e+12 6.55782780e-02 5.868873e+02
8.703112e-01 4.534879e+12 6.52558202e-02 6.626574e+02
8.703112e-01 5.722368e+12 6.63718645e-02 7.583729e+02
8.703112e-01 7.220809e+12 6.53319697e-02 8.562827e+02
8.703112e-01 9.111628e+12 6.38896746e-02 9.668332e+02
8.703112e-01 1.149757e+13 6.20180456e-02 1.091656e+03
8.703112e-01 1.450829e+13 5.96968105e-02 1.232595e+03
8.703112e-01 1.830738e+13 5.84717764e-02 1.410633e+03
8.703112e-01 2.310130e+13 5.51425946e-02 1.592753e+03
8.703112e-01 2.915053e+13 5.13598816e-02 1.798386e+03
8.703112e-01 3.678380e+13 4.71609727e-02 2.030566e+03
8.703112e-01 4.641589e+13 4.37707636e-02 2.323865e+03
8.703112e-01 5.857021e+13 3.88102311e-02 2.623888e+03
8.703112e-01 7.390722e+13 3.36798686e-02 2.962645e+03
8.703112e-01 9.326033e+13 2.85124234e-02 3.345138e+03
8.703112e-01 1.176812e+14 2.34569447e-02 3.777013e+03
8.703112e-01 1.484968e+14 1.91798463e-02 4.322572e+03
8.703112e-01 1.873817e+14 1.46897980e-02 4.880638e+03
8.703112e-01 2.364489e+14 1.07593543e-02 5.510753e+03
8.703112e-01 2.983647e+14 7.48071680e-03 6.222219e+03
8.703112e-01 3.764936e+14 5.02804917e-03 7.120968e+03
8.703112e-01 4.750810e+14 3.06330016e-03 8.040322e+03
8.703112e-01 5.994843e+14 1.71636838e-03 9.078369e+03
8.703112e-01 7.564633e+14 8.71364776e-04 1.025043e+04
8.703112e-01 9.545485e+14 4.04593211e-04 1.173102e+04
8.703112e-01 1.204504e+15 1.59356097e-04 1.324556e+04
8.703112e-01 1.519911e+15 5.32680682e-05 1.495563e+04
8.703112e-01 1.917910e+15 1.46297069e-05 1.688648e+04
8.703112e-01 2.420128e+15 3.26556773e-06 1.932559e+04
8.703112e-01 3.053856e+15 5.37460191e-07 2.182063e+04
8.703112e-01 3.853529e+15 6.35760438e-08 2.463778e+04
8.703112e-01 4.862602e+15 5.04453701e-09 2.781864e+04
8.703112e-01 6.135907e+15 2.51218725e-10 3.183682e+04
8.703112e-01 7.742637e+15 6.58116111e-12 3.594712e+04
8.703112e-01 9.770100e+15 8.00604533e-14 4.058807e+04
8.703112e-01 1.232847e+16 3.88911660e-16 4.645069e+04
8.703112e-01 1.555676e+16 5.83909587e-19 5.244771e+04
8.703112e-01 1.963041e+16 2.21369216e-22 5.921898e+04
8.703112e-01 2.477076e+16 1.62451902e-26 6.686446e+04
8.703112e-01 3.125716e+16 1.72018463e-31 7.652248e+04
8.703112e-01 3.944206e+16 1.66502002e-37 8.640193e+04
8.703112e-01 4.977024e+16 9.00710475e-45 9.755686e+04
8.703112e-01 6.280291e+16 1.41999945e-53 1.116482e+05
8.703112e-01 7.924829e+16 2.54000824e-64 1.260625e+05
8.703112e-01 1.000000e+17 1.65077717e-77 1.423378e+05
9.332156e-01 1.261857e+07 1.10390227e-02 6.807816e-01
9.332156e-01 1.592283e+07 1.13730166e-02 7.686740e-01
9.332156e-01 2.009233e+07 1.20394624e-02 8.797027e-01
9.332156e-01 2.535364e+07 1.24075723e-02 9.932768e-01
9.332156e-01 3.199267e+07 1.31386780e-02 1.136748e+00
9.332156e-01 4.037017e+07 1.35445120e-02 1.283508e+00
9.332156e-01 5.094138e+07 1.39649610e-02 1.449215e+00
9.332156e-01 6.428073e+07 1.47944362e-02 1.658542e+00
9.332156e-01 8.111308e+07 1.52581085e-02 1.872669e+00
9.332156e-01 1.023531e+08 1.61689804e-02 2.143160e+00
9.332156e-01 1.291550e+08 1.66803480e-02 2.419853e+00
9.332156e-01 1.629751e+08 1.72101654e-02 2.732269e+00
9.332156e-01 2.056512e+08 1.82448008e-02 3.126923e+00
9.332156e-01 2.595024e+08 1.88290123e-02 3.530625e+00
9.332156e-01 3.274549e+08 1.94341895e-02 3.986446e+00
9.332156e-01 4.132012e+08 2.06096981e-02 4.562256e+00
9.332156e-01 5.214008e+08 2.12766072e-02 5.151267e+00
9.332156e-01 6.579332e+08 2.19671514e-02 5.816322e+00
9.332156e-01 8.302176e+08 2.33023863e-02 6.656443e+00
9.332156e-01 1.047616e+09 2.40624734e-02 7.515823e+00
9.332156e-01 1.321941e+09 2.48488893e-02 8.486155e+00
9.332156e-01 1.668101e+09 2.56622581e-02 9.581761e+00
9.332156e-01 2.104904e+09 2.72280361e-02 1.096577e+01
9.332156e-01 2.656088e+09 2.81207423e-02 1.238151e+01
9.332156e-01 3.351603e+09 2.90427115e-02 1.398002e+01
9.332156e-01 4.229243e+09 3.08146659e-02 1.599932e+01
9.332156e-01 5.336699e+09 3.18229559e-02 1.806492e+01
9.332156e-01 6.734151e+09 3.28620228e-02 2.039719e+01
9.332156e-01 8.497534e+09 3.39317962e-02 2.303057e+01
9.332156e-01 1.072267e+10 3.59901529e-02 2.635715e+01
9.332156e-01 1.353048e+10 3.71511791e-02 2.975999e+01
9.332156e-01 1.707353e+10 3.83421125e-02 3.360216e+01
9.332156e-01 2.154435e+10 3.95617873e-02 3.794037e+01
9.332156e-01 2.718588e+10 4.19247898e-02 4.342055e+01
9.332156e-01 3.430469e+10 4.32315927e-02 4.902636e+01
9.332156e-01 4.328761e+10 4.45616243e-02 5.535592e+01
9.332156e-01 5.462277e+10 4.59116360e-02 6.250265e+01
9.332156e-01 6.892612e+10 4.72776716e-02 7.057206e+01
9.332156e-01 8.697490e+10 4.99857116e-02 8.076563e+01
9.332156e-01 1.097499e+11 5.14063792e-02 9.119288e+01
9.332156e-01 1.384886e+11 5.28258440e-02 1.029663e+02
9.332156e-01 1.747528e+11 5.42359871e-02 1.162598e+02
9.332156e-01 2.205131e+11 5.71488089e-02 1.330526e+02
9.332156e-01 2.782559e+11 5.85477145e-02 1.502304e+02
9.332156e-01 3.511192e+11 5.99031886e-02 1.696259e+02
9.332156e-01 4.430621e+11 6.12004915e-02 1.915255e+02
9.332156e-01 5.590810e+11 6.24229072e-02 2.162524e+02
9.332156e-01 7.054802e+11 6.52897975e-02 2.474883e+02
9.332156e-01 8.902151e+11 6.63314862e-02 2.794403e+02
9.332156e-01 1.123324e+12 6.72313311e-02 3.155175e+02
9.332156e-01 1.417474e+12 6.79630221e-02 3.562524e+02
9.332156e-01 1.788650e+12 7.03714420e-02 4.077102e+02
9.332156e-01 2.257020e+12 7.06873736e-02 4.603477e+02
9.332156e-01 2.848036e+12 7.07363233e-02 5.197809e+02
9.332156e-01 3.593814e+12 7.04836785e-02 5.868873e+02
9.332156e-01 4.534879e+12 6.98943188e-02 6.626574e+02
9.332156e-01 5.722368e+12 7.08190656e-02 7.583729e+02
9.332156e-01 7.220809e+12 6.94172030e-02 8.562827e+02
9.332156e-01 9.111628e+12 6.75707184e-02 9.668332e+02
9.332156e-01 1.149757e+13 6.52560188e-02 1.091656e+03
9.332156e-01 1.450829e+13 6.24582621e-02 1.232595e+03
9.332156e-01 1.830738e+13 6.07928606e-02 1.410633e+03
9.332156e-01 2.310130e+13 5.69321217e-02 1.592753e+03
9.332156e-01 2.915053e+13 5.26155652e-02 1.798386e+03
9.332156e-01 3.678380e+13 4.78963948e-02 2.030566e+03
9.332156e-01 4.641589e+13 4.40240666e-02 2.323865e+03
9.332156e-01 5.857021e+13 3.86128697e-02 2.623888e+03
9.332156e-01 7.390722e+13 3.31022493e-02 2.962645e+03
9.332156e-01 9.326033e+13 2.76413677e-02 3.345138e+03
9.332156e-01 1.176812e+14 2.23909974e-02 3.777013e+03
9.332156e-01 1.484968e+14 1.79906291e-02 4.322572e+03
9.332156e-01 1.873817e+14 1.35083704e-02 4.880638e+03
9.332156e-01 2.364489e+14 9.67354645e-03 5.510753e+03
9.332156e-01 2.983647e+14 6.55529547e-03 6.222219e+03
9.332156e-01 3.764936e+14 4.27869161e-03 7.120968e+03
9.332156e-01 4.750810e+14 2.52063273e-03 8.040322e+03
9.332156e-01 5.994843e+14 1.35883746e-03 9.078369e+03
9.332156e-01 7.564633e+14 6.59848192e-04 1.025043e+04
9.332156e-01 9.545485e+14 2.91035445e-04 1.173102e+04
9.332156e-01 1.204504e+15 1.07999817e-04 1.324556e+04
9.332156e-01 1.519911e+15 3.36834961e-05 1.495563e+04
9.332156e-01 1.917910e+15 8.53184963e-06 1.688648e+04
9.332156e-01 2.420128e+15 1.73237973e-06 1.932559e+04
9.332156e-01 3.053856e+15 2.55162769e-07 2.182063e+04
9.332156e-01 3.853529e+15 2.64899426e-08 2.463778e+04
9.332156e-01 4.862602e+15 1.80153143e-09 2.781864e+04
9.332156e-01 6.135907e+15 7.46813342e-11 3.183682e+04
9.332156e-01 7.742637e+15 1.57038524e-12 3.594712e+04
9.332156e-01 9.770100e+15 1.46577259e-14 4.058807e+04
9.332156e-01 1.232847e+16 5.03113700e-17 4.582820e+04
9.332156e-01 1.555676e+16 5.26753070e-20 5.244771e+04
9.332156e-01 1.963041e+16 1.25063524e-23 5.921898e+04
9.332156e-01 2.477076e+16 5.22068764e-28 6.686446e+04
9.332156e-01 3.125716e+16 2.72818953e-33 7.549700e+04
9.332156e-01 3.944206e+16 1.19722078e-39 8.640193e+04
9.332156e-01 4.977024e+16 2.41284025e-47 9.755686e+04
9.332156e-01 6.280291e+16 1.11902852e-56 1.101519e+05
9.332156e-01 7.924829e+16 4.78514627e-68 1.260625e+05
9.332156e-01 1.000000e+17 5.20345470e-82 1.423378e+05
1.000667e+00 1.261857e+07 1.23573284e-02 6.807816e-01
1.000667e+00 1.592283e+07 1.27301111e-02 7.686740e-01
1.000667e+00 2.009233e+07 1.31161135e-02 8.679137e-01
1.000667e+00 2.535364e+07 1.38855009e-02 9.932768e-01
1.000667e+00 3.199267e+07 1.43107709e-02 1.121514e+00
1.000667e+00 4.037017e+07 1.51546584e-02 1.283508e+00
1.000667e+00 5.094138e+07 1.56232839e-02 1.449215e+00
1.000667e+00 6.428073e+07 1.65492294e-02 1.658542e+00
1.000667e+00 8.111308e+07 1.70656788e-02 1.872669e+00
1.000667e+00 1.023531e+08 1.76005731e-02 2.114440e+00
1.000667e+00 1.291550e+08 1.86510979e-02 2.419853e+00
1.000667e+00 1.629751e+08 1.92405191e-02 2.732269e+00
1.000667e+00 2.056512e+08 2.03938453e-02 3.126923e+00
1.000667e+00 2.595024e+08 2.10431775e-02 3.530625e+00
1.000667e+00 3.274549e+08 2.17154695e-02 3.986446e+00
1.000667e+00 4.132012e+08 2.30244004e-02 4.562256e+00
1.000667e+00 5.214008e+08 2.37644369e-02 5.151267e+00
1.000667e+00 6.579332e+08 2.45302237e-02 5.816322e+00
1.000667e+00 8.302176e+08 2.53224529e-02 6.567239e+00
1.000667e+00 1.047616e+09 2.68567867e-02 7.515823e+00
1.000667e+00 1.321941e+09 2.77270228e-02 8.486155e+00
1.000667e+00 1.668101e+09 2.86263444e-02 9.581761e+00
1.000667e+00 2.104904e+09 3.03636397e-02 1.096577e+01
1.000667e+00 2.656088e+09 3.13488692e-02 1.238151e+01
1.000667e+00 3.351603e+09 3.23653478e-02 1.398002e+01
1.000667e+00 4.229243e+09 3.34133139e-02 1.578491e+01
1.000667e+00 5.336699e+09 3.54362679e-02 1.806492e+01
1.000667e+00 6.734151e+09 3.65777016e-02 2.039719e+01
1.000667e+00 8.497534e+09 3.77511968e-02 2.303057e+01
1.000667e+00 1.072267e+10 4.00216861e-02 2.635715e+01
1.000667e+00 1.353048e+10 4.12911560e-02 2.975999e+01
1.000667e+00 1.707353e+10 4.25909110e-02 3.360216e+01
1.000667e+00 2.154435e+10 4.39193194e-02 3.794037e+01
1.000667e+00 2.718588e+10 4.65125630e-02 4.342055e+01
1.000667e+00 3.430469e+10 4.79291298e-02 4.902636e+01
1.000667e+00 4.328761e+10 4.93668848e-02 5.535592e+01
1.000667e+00 5.462277e+10 5.08217234e-02 6.250265e+01
1.000667e+00 6.892612e+10 5.22887142e-02 7.057206e+01
1.000667e+00 8.697490e+10 5.52324108e-02 8.076563e+01
1.000667e+00 1.097499e+11 5.67452778e-02 9.119288e+01
1.000667e+00 1.384886e+11 5.82490972e-02 1.029663e+02
1.000667e+00 1.747528e+11 5.97341369e-02 1.162598e+02
1.000667e+00 2.205131e+11 6.28627264e-02 1.330526e+02
1.000667e+00 2.782559e+11 6.43134365e-02 1.502304e+02
1.000667e+00 3.511192e+11 6.57049109e-02 1.696259e+02
1.000667e+00 4.430621e+11 6.70200016e-02 1.915255e+02
1.000667e+00 5.590810e+11 6.82394062e-02 2.162524e+02
1.000667e+00 7.054802e+11 7.12381012e-02 2.474883e+02
1.000667e+00 8.902151e+11 7.22253726e-02 2.794403e+02
1.000667e+00 1.123324e+12 7.30406349e-02 3.155175e+02
1.000667e+00 1.417474e+12 7.36545392e-02 3.562524e+02
1.000667e+00 1.788650e+12 7.40355409e-02 4.022464e+02
1.000667e+00 2.257020e+12 7.61782719e-02 4.603477e+02
1.000667e+00 2.848036e+12 7.59866669e-02 5.197809e+02
1.000667e+00 3.593814e+12 7.54491589e-02 5.868873e+02
1.000667e+00 4.534879e+12 7.45295512e-02 6.626574e+02
1.000667e+00 5.722368e+12 7.31932834e-02 7.482099e+02
1.000667e+00 7.220809e+12 7.33622353e-02 8.562827e+02
1.000667e+00 9.111628e+12 7.10427098e-02 9.668332e+02
1.000667e+00 1.149757e+13 6.82183429e-02 1.091656e+03
1.000667e+00 1.450829e+13 6.48820643e-02 1.232595e+03
1.000667e+00 1.830738e+13 6.27107876e-02 1.410633e+03
1.000667e+00 2.310130e+13 5.82725264e-02 1.592753e+03
1.000667e+00 2.915053e+13 5.33893548e-02 1.798386e+03
1.000667e+00 3.678380e+13 4.81329768e-02 2.030566e+03
1.000667e+00 4.641589e+13 4.26006793e-02 2.292723e+03
1.000667e+00 5.857021e+13 3.79244119e-02 2.623888e+03
1.000667e+00 7.390722e+13 3.20731606e-02 2.962645e+03
1.000667e+00 9.326033e+13 2.63756449e-02 3.345138e+03
1.000667e+00 1.176812e+14 2.10004328e-02 3.777013e+03
1.000667e+00 1.484968e+14 1.61070793e-02 4.264644e+03
1.000667e+00 1.873817e+14 1.21534152e-02 4.880638e+03
1.000667e+00 2.364489e+14 8.48751763e-03 5.510753e+03
1.000667e+00 2.983647e+14 5.58945559e-03 6.222219e+03
1.000667e+00 3.764936e+14 3.43704085e-03 7.025540e+03
1.000667e+00 4.750810e+14 2.00379481e-03 8.040322e+03
1.000667e+00 5.994843e+14 1.03477208e-03 9.078369e+03
1.000667e+00 7.564633e+14 4.78206820e-04 1.025043e+04
1.000667e+00 9.545485e+14 1.93887232e-04 1.157382e+04
1.000667e+00 1.204504e+15 6.73313658e-05 1.306805e+04
1.000667e+00 1.519911e+15 1.99715013e-05 1.495563e+04
1.000667e+00 1.917910e+15 4.62282661e-06 1.688648e+04
1.000667e+00 2.420128e+15 8.22245204e-07 1.906661e+04
1.000667e+00 3.053856e+15 1.07027272e-07 2.152820e+04
1.000667e+00 3.853529e+15 9.87110720e-09 2.463778e+04
1.000667e+00 4.862602e+15 5.65414342e-10 2.781864e+04
1.000667e+00 6.135907e+15 1.86005806e-11 3.141017e+04
1.000667e+00 7.742637e+15 3.06226615e-13 3.546539e+04
1.000667e+00 9.770100e+15 2.18637521e-15 4.058807e+04
1.000667e+00 1.232847e+16 5.25340616e-18 4.582820e+04
1.000667e+00 1.555676e+16 3.47790698e-21 5.174486e+04
1.000667e+00 1.963041e+16 4.90407901e-25 5.842538e+04
1.000667e+00 2.477076e+16 1.12226215e-29 6.686446e+04
1.000667e+00 3.125716e+16 2.75312022e-35 7.549700e+04
1.000667e+00 3.944206e+16 4.73021487e-42 8.524405e+04
1.000667e+00 4.977024e+16 3.26246986e-50 9.755686e+04
1.000667e+00 6.280291e+16 3.99296507e-60 1.101519e+05
1.000667e+00 7.924829e+16 3.27839486e-72 1.243731e+05
1.000667e+00 1.000000e+17 4.87092044e-87 1.404303e+05
1.072993e+00 1.261857e+07 1.34728999e-02 6.716584e-01
1.072993e+00 1.592283e+07 1.42575417e-02 7.686740e-01
1.072993e+00 2.009233e+07 1.46883262e-02 8.679137e-01
1.072993e+00 2.535364e+07 1.55482207e-02 9.932768e-01
1.072993e+00 3.199267e+07 1.60225388e-02 1.121514e+00
1.072993e+00 4.037017e+07 1.65136028e-02 1.266307e+00
1.072993e+00 5.094138e+07 1.74875783e-02 1.449215e+00
1.072993e+00 6.428073e+07 1.80283454e-02 1.636316e+00
1.072993e+00 8.111308e+07 1.90966095e-02 1.872669e+00
1.072993e+00 1.023531e+08 1.96920756e-02 2.114440e+00
1.072993e+00 1.291550e+08 2.08639698e-02 2.419853e+00
1.072993e+00 1.629751e+08 2.15195303e-02 2.732269e+00
1.072993e+00 2.056512e+08 2.21980664e-02 3.085019e+00
1.072993e+00 2.595024e+08 2.35266375e-02 3.530625e+00
1.072993e+00 3.274549e+08 2.42731526e-02 3.986446e+00
1.072993e+00 4.132012e+08 2.50454740e-02 4.501117e+00
1.072993e+00 5.214008e+08 2.65511789e-02 5.151267e+00
1.072993e+00 6.579332e+08 2.73998297e-02 5.816322e+00
1.072993e+00 8.302176e+08 2.82771222e-02 6.567239e+00
1.072993e+00 1.047616e+09 2.99818946e-02 7.515823e+00
1.072993e+00 1.321941e+09 3.09439548e-02 8.486155e+00
1.072993e+00 1.668101e+09 3.19372416e-02 9.581761e+00
1.072993e+00 2.104904e+09 3.29622060e-02 1.081881e+01
1.072993e+00 2.656088e+09 3.49496479e-02 1.238151e+01
1.072993e+00 3.351603e+09 3.60686794e-02 1.398002e+01
1.072993e+00 4.229243e+09 3.72209148e-02 1.578491e+01
1.072993e+00 5.336699e+09 3.94566857e-02 1.806492e+01
1.072993e+00 6.734151e+09 4.07080977e-02 2.039719e+01
1.072993e+00 8.497534e+09 4.19925718e-02 2.303057e+01
1.072993e+00 1.072267e+10 4.33092005e-02 2.600393e+01
1.072993e+00 1.353048e+10 4.58781121e-02 2.975999e+01
1.072993e+00 1.707353e+10 4.72924910e-02 3.360216e+01
1.072993e+00 2.154435e+10 4.87346580e-02 3.794037e+01
1.072993e+00 2.718588e+10 5.02018302e-02 4.283867e+01
1.072993e+00 3.430469e+10 5.31043527e-02 4.902636e+01
1.072993e+00 4.328761e+10 5.46517025e-02 5.535592e+01
1.072993e+00 5.462277e+10 5.62117914e-02 6.250265e+01
1.072993e+00 6.892612e+10 5.77785085e-02 7.057206e+01
1.072993e+00 8.697490e+10 5.93446470e-02 7.968328e+01
1.072993e+00 1.097499e+11 6.25674781e-02 9.119288e+01
1.072993e+00 1.384886e+11 6.41478640e-02 1.029663e+02
1.072993e+00 1.747528e+11 6.56973047e-02 1.162598e+02
1.072993e+00 2.205131e+11 6.72024799e-02 1.312696e+02
1.072993e+00 2.782559e+11 7.05257902e-02 1.502304e+02
1.072993e+00 3.511192e+11 7.19323309e-02 1.696259e+02
1.072993e+00 4.430621e+11 7.32402842e-02 1.915255e+02
1.072993e+00 5.590810e+11 7.44274759e-02 2.162524e+02
1.072993e+00 7.054802e+11 7.54693383e-02 2.441717e+02
1.072993e+00 8.902151e+11 7.84268112e-02 2.794403e+02
1.072993e+00 1.123324e+12 7.91129518e-02 3.155175e+02
1.072993e+00 1.417474e+12 7.95594678e-02 3.562524e+02
1.072993e+00 1.788650e+12 7.97319367e-02 4.022464e+02
1.072993e+00 2.257020e+12 7.95944151e-02 4.541785e+02
1.072993e+00 2.848036e+12 8.12738432e-02 5.197809e+02
1.072993e+00 3.593814e+12 8.03823651e-02 5.868873e+02
1.072993e+00 4.534879e+12 7.90606659e-02 6.626574e+02
1.072993e+00 5.722368e+12 7.72755116e-02 7.482099e+02
1.072993e+00 7.220809e+12 7.49987681e-02 8.448076e+02
1.072993e+00 9.111628e+12 7.41848570e-02 9.668332e+02
1.072993e+00 1.149757e+13 7.07830585e-02 1.091656e+03
1.072993e+00 1.450829e+13 6.68481407e-02 1.232595e+03
1.072993e+00 1.830738e+13 6.24009354e-02 1.391729e+03
1.072993e+00 2.310130e+13 5.74829063e-02 1.571408e+03
1.072993e+00 2.915053e+13 5.35855336e-02 1.798386e+03
1.072993e+00 3.678380e+13 4.77914892e-02 2.030566e+03
1.072993e+00 4.641589e+13 4.17915433e-02 2.292723e+03
1.072993e+00 5.857021e+13 3.57279308e-02 2.588725e+03
1.072993e+00 7.390722e+13 2.97610757e-02 2.922943e+03
1.072993e+00 9.326033e+13 2.47185948e-02 3.345138e+03
1.072993e+00 1.176812e+14 1.93062872e-02 3.777013e+03
1.072993e+00 1.484968e+14 1.44893316e-02 4.264644e+03
1.072993e+00 1.873817e+14 1.03828048e-02 4.815232e+03
1.072993e+00 2.364489e+14 7.05089609e-03 5.436903e+03
1.072993e+00 2.983647e+14 4.62070240e-03 6.222219e+03
1.072993e+00 3.764936e+14 2.73974294e-03 7.025540e+03
1.072993e+00 4.750810e+14 1.49123406e-03 7.932573e+03
1.072993e+00 5.994843e+14 7.34055384e-04 8.956708e+03
1.072993e+00 7.564633e+14 3.29796502e-04 1.025043e+04
1.072993e+00 9.545485e+14 1.25452596e-04 1.157382e+04
1.072993e+00 1.204504e+15 4.04608780e-05 1.306805e+04
1.072993e+00 1.519911e+15 1.07188223e-05 1.475521e+04
1.072993e+00 1.917910e+15 2.24403285e-06 1.666018e+04
1.072993e+00 2.420128e+15 3.64591165e-07 1.906661e+04
1.072993e+00 3.053856e+15 4.13490909e-08 2.152820e+04
1.072993e+00 3.853529e+15 3.15700655e-09 2.430761e+04
1.072993e+00 4.862602e+15 1.49339029e-10 2.744584e+04
1.072993e+00 6.135907e+15 4.01974329e-12 3.141017e+04
1.072993e+00 7.742637e+15 5.03803811e-14 3.546539e+04
1.072993e+00 9.770100e+15 2.52030255e-16 4.004415e+04
1.072993e+00 1.232847e+16 4.06952570e-19 4.521405e+04
1.072993e+00 1.555676e+16 1.71133462e-22 5.174486e+04
1.072993e+00 1.963041e+16 1.35011812e-26 5.842538e+04
1.072993e+00 2.477076e+16 1.49337167e-31 6.596840e+04
1.072993e+00 3.125716e+16 1.57713334e-37 7.448526e+04
1.072993e+00 3.944206e+16 1.00883017e-44 8.524405e+04
1.072993e+00 4.977024e+16 1.98921210e-53 9.624949e+04
1.072993e+00 6.280291e+16 5.51576766e-64 1.086758e+05
1.072993e+00 7.924829e+16 7.41764263e-77 1.227064e+05
1.072993e+00 1.000000e+17 1.23165321e-92 1.404303e+05
1.150547e+00 1.261857e+07 1.50988817e-02 6.716584e-01
1.150547e+00 1.592283e+07 1.55510849e-02 7.583729e-01
1.150547e+00 2.009233e+07 1.64571776e-02 8.679137e-01
1.150547e+00 2.535364e+07 1.69547050e-02 9.799658e-01
1.150547e+00 3.199267e+07 1.74695983e-02 1.106484e+00
1.150547e+00 4.037017e+07 1.84948504e-02 1.266307e+00
1.150547e+00 5.094138e+07 1.90614070e-02 1.429794e+00
1.150547e+00 6.428073e+07 2.01851094e-02 1.636316e+00
1.150547e+00 8.111308e+07 2.08084572e-02 1.847573e+00
1.150547e+00 1.023531e+08 2.20402562e-02 2.114440e+00
1.150547e+00 1.291550e+08 2.27259212e-02 2.387425e+00
1.150547e+00 1.629751e+08 2.34353026e-02 2.695653e+00
1.150547e+00 2.056512e+08 2.48301671e-02 3.085019e+00
1.150547e+00 2.595024e+08 2.56099051e-02 3.483310e+00
1.150547e+00 3.274549e+08 2.71387237e-02 3.986446e+00
1.150547e+00 4.132012e+08 2.79951285e-02 4.501117e+00
1.150547e+00 5.214008e+08 2.88802807e-02 5.082234e+00
1.150547e+00 6.579332e+08 3.06097680e-02 5.816322e+00
1.150547e+00 8.302176e+08 3.15802364e-02 6.567239e+00
1.150547e+00 1.047616e+09 3.25821769e-02 7.415103e+00
1.150547e+00 1.321941e+09 3.36161099e-02 8.372431e+00
1.150547e+00 1.668101e+09 3.56310613e-02 9.581761e+00
1.150547e+00 2.104904e+09 3.67602312e-02 1.081881e+01
1.150547e+00 2.656088e+09 3.79232460e-02 1.221558e+01
1.150547e+00 3.351603e+09 4.01901115e-02 1.398002e+01
1.150547e+00 4.229243e+09 4.14544024e-02 1.578491e+01
1.150547e+00 5.336699e+09 4.27529661e-02 1.782283e+01
1.150547e+00 6.734151e+09 4.40851472e-02 2.012384e+01
1.150547e+00 8.497534e+09 4.66930699e-02 2.303057e+01
1.150547e+00 1.072267e+10 4.81274039e-02 2.600393e+01
1.150547e+00 1.353048e+10 4.95921075e-02 2.936118e+01
1.150547e+00 1.707353e+10 5.10848805e-02 3.315185e+01
1.150547e+00 2.154435e+10 5.40415763e-02 3.794037e+01
1.150547e+00 2.718588e+10 5.56233214e-02 4.283867e+01
1.150547e+00 3.430469e+10 5.72229361e-02 4.836936e+01
1.150547e+00 4.328761e+10 5.88351702e-02 5.461409e+01
1.150547e+00 5.462277e+10 6.21072438e-02 6.250265e+01
1.150547e+00 6.892612e+10 6.37691601e-02 7.057206e+01
1.150547e+00 8.697490e+10 6.54213166e-02 7.968328e+01
1.150547e+00 1.097499e+11 6.70535140e-02 8.997080e+01
1.150547e+00 1.384886e+11 7.05317573e-02 1.029663e+02
1.150547e+00 1.747528e+11 7.21296589e-02 1.162598e+02
1.150547e+00 2.205131e+11 7.36654741e-02 1.312696e+02
1.150547e+00 2.782559e+11 7.51214394e-02 1.482171e+02
1.150547e+00 3.511192e+11 7.64776039e-02 1.673527e+02
1.150547e+00 4.430621e+11 7.98371914e-02 1.915255e+02
1.150547e+00 5.590810e+11 8.09543629e-02 2.162524e+02
1.150547e+00 7.054802e+11 8.18930645e-02 2.441717e+02
1.150547e+00 8.902151e+11 8.26230968e-02 2.756955e+02
1.150547e+00 1.123324e+12 8.31119818e-02 3.112892e+02
1.150547e+00 1.417474e+12 8.56042483e-02 3.562524e+02
1.150547e+00 1.788650e+12 8.55031426e-02 4.022464e+02
1.150547e+00 2.257020e+12 8.50438701e-02 4.541785e+02
1.150547e+00 2.848036e+12 8.41884366e-02 5.128153e+02
1.150547e+00 3.593814e+12 8.29000457e-02 5.790223e+02
1.150547e+00 4.534879e+12 8.33640349e-02 6.626574e+02
1.150547e+00 5.722368e+12 8.10507604e-02 7.482099e+02
1.150547e+00 7.220809e+12 7.82047256e-02 8.448076e+02
1.150547e+00 9.111628e+12 7.48130965e-02 9.538766e+02
1.150547e+00 1.149757e+13 7.08762016e-02 1.077027e+03
1.150547e+00 1.450829e+13 6.64108416e-02 1.216077e+03
1.150547e+00 1.830738e+13 6.31343599e-02 1.391729e+03
1.150547e+00 2.310130e+13 5.75968995e-02 1.571408e+03
1.150547e+00 2.915053e+13 5.17009708e-02 1.774285e+03
1.150547e+00 3.678380e+13 4.55586430e-02 2.003355e+03
1.150547e+00 4.641589e+13 3.93063735e-02 2.261998e+03
1.150547e+00 5.857021e+13 3.40059262e-02 2.588725e+03
1.150547e+00 7.390722e+13 2.78514381e-02 2.922943e+03
1.150547e+00 9.326033e+13 2.20921627e-02 3.300310e+03
1.150547e+00 1.176812e+14 1.68885643e-02 3.726396e+03
1.150547e+00 1.484968e+14 1.23710622e-02 4.207493e+03
1.150547e+00 1.873817e+14 8.86040742e-03 4.815232e+03
1.150547e+00 2.364489e+14 5.83203439e-03 5.436903e+03
1.150547e+00 2.983647e+14 3.59016880e-03 6.138835e+03
1.150547e+00 3.764936e+14 2.04394459e-03 6.931390e+03
1.150547e+00 4.750810e+14 1.06191772e-03 7.826267e+03
1.150547e+00 5.994843e+14 5.09063425e-04 8.956708e+03
1.150547e+00 7.564633e+14 2.09324133e-04 1.011307e+04
1.150547e+00 9.545485e+14 7.41554871e-05 1.141871e+04
1.150547e+00 1.204504e+15 2.20224668e-05 1.289293e+04
1.150547e+00 1.519911e+15 5.30013614e-06 1.455747e+04
1.150547e+00 1.917910e+15 1.01911170e-06 1.666018e+04
1.150547e+00 2.420128e+15 1.41362552e-07 1.881109e+04
1.150547e+00 3.053856e+15 1.37477914e-08 2.123970e+04
1.150547e+00 3.853529e+15 8.76103195e-10 2.398186e+04
1.150547e+00 4.862602e+15 3.43912774e-11 2.744584e+04
1.150547e+00 6.135907e+15 6.98969598e-13 3.098924e+04
1.150547e+00 7.742637e+15 6.46185892e-15 3.499011e+04
1.150547e+00 9.770100e+15 2.24002321e-17 3.950751e+04
1.150547e+00 1.232847e+16 2.32134623e-20 4.460813e+04
1.150547e+00 1.555676e+16 5.70902400e-24 5.105142e+04
1.150547e+00 1.963041e+16 2.35618939e-28 5.764242e+04
1.150547e+00 2.477076e+16 1.19344659e-33 6.508435e+04
1.150547e+00 3.125716e+16 4.92172462e-40 7.348707e+04
1.150547e+00 3.944206e+16 1.01445444e-47 8.410168e+04
1.150547e+00 4.977024e+16 5.09851042e-57 9.495964e+04
1.150547e+00 6.280291e+16 2.69731346e-68 1.072194e+05
1.150547e+00 7.924829e+16 4.81917459e-82 1.210620e+05
1.150547e+00 1.000000e+17 6.73397382e-99 1.385484e+05
1.233706e+00 1.261857e+07 1.64779690e-02 6.626574e-01
1.233706e+00 1.592283e+07 1.69692904e-02 7.482099e-01
1.233706e+00 2.009233e+07 1.79555719e-02 8.562827e-01
1.233706e+00 2.535364e+07 1.84957369e-02 9.668332e-01
1.233706e+00 3.199267e+07 1.95756861e-02 1.106484e+00
1.233706e+00 4.037017e+07 2.01695521e-02 1.249337e+00
1.233706e+00 5.094138e+07 2.13523259e-02 1.429794e+00
1.233706e+00 6.428073e+07 2.20051503e-02 1.614388e+00
1.233706e+00 8.111308e+07 2.33007032e-02 1.847573e+00
1.233706e+00 1.023531e+08 2.40181374e-02 2.086104e+00
1.233706e+00 1.291550e+08 2.47600365e-02 2.355431e+00
1.233706e+00 1.629751e+08 2.62253121e-02 2.695653e+00
1.233706e+00 2.056512e+08 2.70399984e-02 3.043676e+00
1.233706e+00 2.595024e+08 2.86446234e-02 3.483310e+00
1.233706e+00 3.274549e+08 2.95385029e-02 3.933024e+00
1.233706e+00 4.132012e+08 3.04619021e-02 4.440797e+00
1.233706e+00 5.214008e+08 3.22747240e-02 5.082234e+00
1.233706e+00 6.579332e+08 3.32860332e-02 5.738377e+00
1.233706e+00 8.302176e+08 3.43295596e-02 6.479231e+00
1.233706e+00 1.047616e+09 3.63741751e-02 7.415103e+00
1.233706e+00 1.321941e+09 3.75138716e-02 8.372431e+00
1.233706e+00 1.668101e+09 3.86878870e-02 9.453354e+00
1.233706e+00 2.104904e+09 4.09875734e-02 1.081881e+01
1.233706e+00 2.656088e+09 4.22645244e-02 1.221558e+01
1.233706e+00 3.351603e+09 4.35766718e-02 1.379267e+01
1.233706e+00 4.229243e+09 4.49235641e-02 1.557338e+01
1.233706e+00 5.336699e+09 4.75709390e-02 1.782283e+01
1.233706e+00 6.734151e+09 4.90234893e-02 2.012384e+01
1.233706e+00 8.497534e+09 5.05084466e-02 2.272193e+01
1.233706e+00 1.072267e+10 5.20239053e-02 2.565545e+01
1.233706e+00 1.353048e+10 5.50325599e-02 2.936118e+01
1.233706e+00 1.707353e+10 5.66440970e-02 3.315185e+01
1.233706e+00 2.154435e+10 5.82776489e-02 3.743193e+01
1.233706e+00 2.718588e+10 5.99286822e-02 4.226458e+01
1.233706e+00 3.430469e+10 6.32763678e-02 4.836936e+01
1.233706e+00 4.328761e+10 6.49907927e-02 5.461409e+01
1.233706e+00 5.462277e+10 6.67033413e-02 6.166505e+01
1.233706e+00 6.892612e+10 6.84050460e-02 6.962632e+01
1.233706e+00 8.697490e+10 7.20024253e-02 7.968328e+01
1.233706e+00 1.097499e+11 7.36948154e-02 8.997080e+01
1.233706e+00 1.384886e+11 7.53391580e-02 1.015865e+02
1.233706e+00 1.747528e+11 7.69195547e-02 1.147018e+02
1.233706e+00 2.205131e+11 7.84180737e-02 1.295104e+02
1.233706e+00 2.782559e+11 8.19975982e-02 1.482171e+02
1.233706e+00 3.511192e+11 8.33045495e-02 1.673527e+02
1.233706e+00 4.430621e+11 8.44582971e-02 1.889588e+02
1.233706e+00 5.590810e+11 8.54309674e-02 2.133544e+02
1.233706e+00 7.054802e+11 8.61922863e-02 2.408995e+02
1.233706e+00 8.902151e+11 8.90812978e-02 2.756955e+02
1.233706e+00 1.123324e+12 8.93268589e-02 3.112892e+02
1.233706e+00 1.417474e+12 8.92493137e-02 3.514782e+02
1.233706e+00 1.788650e+12 8.88106080e-02 3.968559e+02
1.233706e+00 2.257020e+12 8.79725948e-02 4.480920e+02
1.233706e+00 2.848036e+12 8.90694660e-02 5.128153e+02
1.233706e+00 3.593814e+12 8.72764649e-02 5.790223e+02
1.233706e+00 4.534879e+12 8.49688231e-02 6.537771e+02
1.233706e+00 5.722368e+12 8.21225071e-02 7.381830e+02
1.233706e+00 7.220809e+12 7.87230145e-02 8.334862e+02
1.233706e+00 9.111628e+12 7.47683725e-02 9.410936e+02
1.233706e+00 1.149757e+13 7.21943447e-02 1.077027e+03
1.233706e+00 1.450829e+13 6.70527443e-02 1.216077e+03
1.233706e+00 1.830738e+13 6.14445819e-02 1.373078e+03
1.233706e+00 2.310130e+13 5.54505812e-02 1.550350e+03
1.233706e+00 2.915053e+13 4.91771033e-02 1.750508e+03
1.233706e+00 3.678380e+13 4.39245546e-02 2.003355e+03
1.233706e+00 4.641589e+13 3.73307319e-02 2.261998e+03
1.233706e+00 5.857021e+13 3.09117368e-02 2.554033e+03
1.233706e+00 7.390722e+13 2.48430872e-02 2.883772e+03
1.233706e+00 9.326033e+13 1.92912285e-02 3.256082e+03
1.233706e+00 1.176812e+14 1.43979302e-02 3.676459e+03
1.233706e+00 1.484968e+14 1.05453707e-02 4.207493e+03
1.233706e+00 1.873817e+14 7.12937509e-03 4.750702e+03
1.233706e+00 2.364489e+14 4.53173685e-03 5.364042e+03
1.233706e+00 2.983647e+14 2.68101229e-03 6.056568e+03
1.233706e+00 3.764936e+14 1.45860623e-03 6.838501e+03
1.233706e+00 4.750810e+14 7.39089195e-04 7.826267e+03
1.233706e+00 5.994843e+14 3.24877390e-04 8.836679e+03
1.233706e+00 7.564633e+14 1.24705114e-04 9.977539e+03
1.233706e+00 9.545485e+14 4.08019566e-05 1.126569e+04
1.233706e+00 1.204504e+15 1.10503893e-05 1.272015e+04
1.233706e+00 1.519911e+15 2.45442020e-06 1.455747e+04
1.233706e+00 1.917910e+15 4.05327212e-07 1.643692e+04
1.233706e+00 2.420128e+15 4.85637310e-08 1.855900e+04
1.233706e+00 3.053856e+15 3.97778614e-09 2.095507e+04
1.233706e+00 3.853529e+15 2.07156343e-10 2.366047e+04
1.233706e+00 4.862602e+15 6.40656984e-12 2.707804e+04
1.233706e+00 6.135907e+15 9.80490409e-14 3.057395e+04
1.233706e+00 7.742637e+15 6.45248418e-16 3.452120e+04
1.233706e+00 9.770100e+15 1.48492046e-18 3.897807e+04
1.233706e+00 1.232847e+16 9.37716568e-22 4.401034e+04
1.233706e+00 1.555676e+16 1.26675192e-25 5.036727e+04
1.233706e+00 1.963041e+16 2.53547851e-30 5.686995e+04
1.233706e+00 2.477076e+16 5.36786028e-36 6.421215e+04
1.233706e+00 3.125716e+16 7.74454550e-43 7.250226e+04
1.233706e+00 3.944206e+16 4.50599739e-51 8.297463e+04
1.233706e+00 4.977024e+16 4.91999144e-61 9.368708e+04
1.233706e+00 6.280291e+16 4.09195062e-73 1.057826e+05
1.233706e+00 7.924829e+16 7.67181259e-88 1.194396e+05
1.233706e+00 1.000000e+17 6.57542183e-106 1.348599e+05
1.322876e+00 1.261857e+07 1.79895400e-02 6.537771e-01
1.322876e+00 1.592283e+07 1.85232052e-02 7.381830e-01
1.322876e+00 2.009233e+07 1.95967560e-02 8.448076e-01
1.322876e+00 2.535364e+07 2.01829787e-02 9.538766e-01
1.322876e+00 3.199267e+07 2.13577379e-02 1.091656e+00
1.322876e+00 4.037017e+07 2.20016303e-02 1.232595e+00
1.322876e+00 5.094138e+07 2.32873244e-02 1.410633e+00
1.322876e+00 6.428073e+07 2.39943889e-02 1.592753e+00
1.322876e+00 8.111308e+07 2.54015482e-02 1.822813e+00
1.322876e+00 1.023531e+08 2.61776592e-02 2.058148e+00
1.322876e+00 1.291550e+08 2.77176245e-02 2.355431e+00
1.322876e+00 1.629751e+08 2.85689924e-02 2.659529e+00
1.322876e+00 2.056512e+08 2.94484594e-02 3.002888e+00
1.322876e+00 2.595024e+08 3.11870023e-02 3.436630e+00
1.322876e+00 3.274549e+08 3.21503761e-02 3.880317e+00
1.322876e+00 4.132012e+08 3.40511950e-02 4.440797e+00
1.322876e+00 5.214008e+08 3.51050452e-02 5.014127e+00
1.322876e+00 6.579332e+08 3.61918058e-02 5.661476e+00
1.322876e+00 8.302176e+08 3.83324483e-02 6.479231e+00
1.322876e+00 1.047616e+09 3.95178724e-02 7.315732e+00
1.322876e+00 1.321941e+09 4.07381981e-02 8.260231e+00
1.322876e+00 1.668101e+09 4.31420819e-02 9.453354e+00
1.322876e+00 2.104904e+09 4.44676266e-02 1.067383e+01
1.322876e+00 2.656088e+09 4.58287662e-02 1.205188e+01
1.322876e+00 3.351603e+09 4.72249663e-02 1.360784e+01
1.322876e+00 4.229243e+09 4.99861653e-02 1.557338e+01
1.322876e+00 5.336699e+09 5.14897122e-02 1.758398e+01
1.322876e+00 6.734151e+09 5.30256613e-02 1.985416e+01
1.322876e+00 8.497534e+09 5.45919748e-02 2.241744e+01
1.322876e+00 1.072267e+10 5.77228272e-02 2.565545e+01
1.322876e+00 1.353048e+10 5.93858720e-02 2.896770e+01
1.322876e+00 1.707353e+10 6.10703091e-02 3.270758e+01
1.322876e+00 2.154435e+10 6.27714167e-02 3.693030e+01
1.322876e+00 2.718588e+10 6.62472633e-02 4.226458e+01
1.322876e+00 3.430469e+10 6.80108413e-02 4.772115e+01
1.322876e+00 4.328761e+10 6.97710718e-02 5.388220e+01
1.322876e+00 5.462277e+10 7.15187426e-02 6.083867e+01
1.322876e+00 6.892612e+10 7.52465000e-02 6.962632e+01
1.322876e+00 8.697490e+10 7.69818578e-02 7.861543e+01
1.322876e+00 1.097499e+11 7.86666549e-02 8.876509e+01
1.322876e+00 1.384886e+11 8.02847626e-02 1.002251e+02
1.322876e+00 1.747528e+11 8.18180060e-02 1.131647e+02
1.322876e+00 2.205131e+11 8.55229047e-02 1.295104e+02
1.322876e+00 2.782559e+11 8.68587456e-02 1.462309e+02
1.322876e+00 3.511192e+11 8.80377119e-02 1.651100e+02
1.322876e+00 4.430621e+11 8.90317882e-02 1.864266e+02
1.322876e+00 5.590810e+11 8.98105941e-02 2.104952e+02
1.322876e+00 7.054802e+11 9.28124394e-02 2.408995e+02
1.322876e+00 8.902151e+11 9.30677441e-02 2.720009e+02
1.322876e+00 1.123324e+12 9.29958139e-02 3.071176e+02
1.322876e+00 1.417474e+12 9.25586062e-02 3.467680e+02
1.322876e+00 1.788650e+12 9.17179740e-02 3.915376e+02
1.322876e+00 2.257020e+12 9.29103110e-02 4.480920e+02
1.322876e+00 2.848036e+12 9.11058932e-02 5.059430e+02
1.322876e+00 3.593814e+12 8.87820480e-02 5.712628e+02
1.322876e+00 4.534879e+12 8.59141254e-02 6.450157e+02
1.322876e+00 5.722368e+12 8.24866251e-02 7.282906e+02
1.322876e+00 7.220809e+12 7.84960795e-02 8.223166e+02
1.322876e+00 9.111628e+12 7.59768468e-02 9.410936e+02
1.322876e+00 1.149757e+13 7.07749302e-02 1.062594e+03
1.322876e+00 1.450829e+13 6.50896642e-02 1.199780e+03
1.322876e+00 1.830738e+13 5.89974542e-02 1.354678e+03
1.322876e+00 2.310130e+13 5.25998684e-02 1.529573e+03
1.322876e+00 2.915053e+13 4.60230691e-02 1.727049e+03
1.322876e+00 3.678380e+13 4.04929197e-02 1.976507e+03
1.322876e+00 4.641589e+13 3.38399376e-02 2.231685e+03
1.322876e+00 5.857021e+13 2.74980803e-02 2.519806e+03
1.322876e+00 7.390722e+13 2.16371408e-02 2.845126e+03
1.322876e+00 9.326033e+13 1.64067666e-02 3.212447e+03
1.322876e+00 1.176812e+14 1.19210590e-02 3.627190e+03
1.322876e+00 1.484968e+14 8.47054109e-03 4.151108e+03
1.322876e+00 1.873817e+14 5.53328637e-03 4.687038e+03
1.322876e+00 2.364489e+14 3.38259225e-03 5.292158e+03
1.322876e+00 2.983647e+14 1.91417105e-03 5.975403e+03
1.322876e+00 3.764936e+14 9.89858040e-04 6.746858e+03
1.322876e+00 4.750810e+14 4.73237863e-04 7.721387e+03
1.322876e+00 5.994843e+14 1.94578832e-04 8.718257e+03
1.322876e+00 7.564633e+14 6.91584788e-05 9.843829e+03
1.322876e+00 9.545485e+14 2.07030514e-05 1.111472e+04
1.322876e+00 1.204504e+15 5.05795892e-06 1.254968e+04
1.322876e+00 1.519911e+15 9.69968562e-07 1.416991e+04
1.322876e+00 1.917910e+15 1.43071398e-07 1.621664e+04
1.322876e+00 2.420128e+15 1.45525852e-08 1.831029e+04
1.322876e+00 3.053856e+15 9.83770635e-10 2.067425e+04
1.322876e+00 3.853529e+15 4.08820804e-11 2.334340e+04
1.322876e+00 4.862602e+15 9.42642811e-13 2.635715e+04
1.322876e+00 6.135907e+15 1.07931070e-14 3.016423e+04
1.322876e+00 7.742637e+15 4.85721158e-17 3.405858e+04
1.322876e+00 9.770100e+15 7.07034498e-20 3.845572e+04
1.322876e+00 1.232847e+16 2.56623146e-23 4.342055e+04
1.322876e+00 1.555676e+16 1.72695219e-27 4.902636e+04
1.322876e+00 1.963041e+16 1.58121366e-32 5.610783e+04
1.322876e+00 2.477076e+16 1.26230088e-38 6.335163e+04
1.322876e+00 3.125716e+16 5.62861709e-46 7.153065e+04
1.322876e+00 3.944206e+16 7.75036541e-55 8.076563e+04
1.322876e+00 4.977024e+16 1.53533157e-65 9.119288e+04
1.322876e+00 6.280291e+16 1.65778899e-78 1.043650e+05
1.322876e+00 7.924829e+16 2.49959393e-94 1.178390e+05
1.322876e+00 1.000000e+17 9.74200582e-114 1.330526e+05
1.418491e+00 1.261857e+07 1.91221312e-02 6.363718e-01
1.418491e+00 1.592283e+07 2.02245111e-02 7.282906e-01
1.418491e+00 2.009233e+07 2.13928650e-02 8.334862e-01
1.418491e+00 2.535364e+07 2.20286868e-02 9.410936e-01
1.418491e+00 3.199267e+07 2.33062625e-02 1.077027e+00
1.418491e+00 4.037017e+07 2.40038803e-02 1.216077e+00
1.418491e+00 5.094138e+07 2.54009678e-02 1.391729e+00
1.418491e+00 6.428073e+07 2.61661003e-02 1.571408e+00
1.418491e+00 8.111308e+07 2.76937865e-02 1.798386e+00
1.418491e+00 1.023531e+08 2.85324882e-02 2.030566e+00
1.418491e+00 1.291550e+08 3.02026448e-02 2.323865e+00
1.418491e+00 1.629751e+08 3.11212504e-02 2.623888e+00
1.418491e+00 2.056512e+08 3.20693679e-02 2.962645e+00
1.418491e+00 2.595024e+08 3.39515201e-02 3.390576e+00
1.418491e+00 3.274549e+08 3.49881478e-02 3.828316e+00
1.418491e+00 4.132012e+08 3.70431161e-02 4.381286e+00
1.418491e+00 5.214008e+08 3.81746701e-02 4.946932e+00
1.418491e+00 6.579332e+08 3.93401743e-02 5.585606e+00
1.418491e+00 8.302176e+08 4.16487339e-02 6.392402e+00
1.418491e+00 1.047616e+09 4.29166865e-02 7.217694e+00
1.418491e+00 1.321941e+09 4.42200416e-02 8.149535e+00
1.418491e+00 1.668101e+09 4.68047072e-02 9.326669e+00
1.418491e+00 2.104904e+09 4.82157464e-02 1.053079e+01
1.418491e+00 2.656088e+09 4.96619704e-02 1.189037e+01
1.418491e+00 3.351603e+09 5.11424383e-02 1.342548e+01
1.418491e+00 4.229243e+09 5.40960388e-02 1.536468e+01
1.418491e+00 5.336699e+09 5.56829803e-02 1.734834e+01
1.418491e+00 6.734151e+09 5.72998447e-02 1.958809e+01
1.418491e+00 8.497534e+09 6.05560564e-02 2.241744e+01
1.418491e+00 1.072267e+10 6.22695658e-02 2.531164e+01
1.418491e+00 1.353048e+10 6.40034179e-02 2.857950e+01
1.418491e+00 1.707353e+10 6.57526645e-02 3.226926e+01
1.418491e+00 2.154435e+10 6.93579425e-02 3.693030e+01
1.418491e+00 2.718588e+10 7.11675873e-02 4.169819e+01
1.418491e+00 3.430469e+10 7.29717730e-02 4.708164e+01
1.418491e+00 4.328761e+10 7.47610109e-02 5.316012e+01
1.418491e+00 5.462277e+10 7.65243795e-02 6.002336e+01
1.418491e+00 6.892612e+10 8.03895925e-02 6.869325e+01
1.418491e+00 8.697490e+10 8.21078636e-02 7.756190e+01
1.418491e+00 1.097499e+11 8.37557412e-02 8.757554e+01
1.418491e+00 1.384886e+11 8.53147698e-02 9.888199e+01
1.418491e+00 1.747528e+11 8.67643377e-02 1.116482e+02
1.418491e+00 2.205131e+11 9.04907053e-02 1.277748e+02
1.418491e+00 2.782559e+11 9.16822563e-02 1.442712e+02
1.418491e+00 3.511192e+11 9.26838635e-02 1.628974e+02
1.418491e+00 4.430621e+11 9.34650170e-02 1.839282e+02
1.418491e+00 5.590810e+11 9.39930435e-02 2.076743e+02
1.418491e+00 7.054802e+11 9.68107315e-02 2.376712e+02
1.418491e+00 8.902151e+11 9.67250450e-02 2.683558e+02
1.418491e+00 1.123324e+12 9.62688332e-02 3.030019e+02
1.418491e+00 1.417474e+12 9.54041007e-02 3.421210e+02
1.418491e+00 1.788650e+12 9.40938915e-02 3.862905e+02
1.418491e+00 2.257020e+12 9.48282687e-02 4.420871e+02
1.418491e+00 2.848036e+12 9.24648152e-02 4.991628e+02
1.418491e+00 3.593814e+12 8.95523149e-02 5.636072e+02
1.418491e+00 4.534879e+12 8.60749008e-02 6.363718e+02
1.418491e+00 5.722368e+12 8.20283679e-02 7.185307e+02
1.418491e+00 7.220809e+12 7.74231474e-02 8.112967e+02
1.418491e+00 9.111628e+12 7.22873194e-02 9.160392e+02
1.418491e+00 1.149757e+13 6.84928725e-02 1.048354e+03
1.418491e+00 1.450829e+13 6.22992153e-02 1.183701e+03
1.418491e+00 1.830738e+13 5.57812116e-02 1.336523e+03
1.418491e+00 2.310130e+13 4.90608929e-02 1.509075e+03
1.418491e+00 2.915053e+13 4.22821176e-02 1.703905e+03
1.418491e+00 3.678380e+13 3.56054405e-02 1.923888e+03
1.418491e+00 4.641589e+13 2.99986080e-02 2.201778e+03
1.418491e+00 5.857021e+13 2.38676497e-02 2.486038e+03
1.418491e+00 7.390722e+13 1.83409992e-02 2.806999e+03
1.418491e+00 9.326033e+13 1.35418729e-02 3.169396e+03
1.418491e+00 1.176812e+14 9.54836484e-03 3.578582e+03
1.418491e+00 1.484968e+14 6.38361991e-03 4.040595e+03
1.418491e+00 1.873817e+14 4.12246719e-03 4.624226e+03
1.418491e+00 2.364489e+14 2.41241601e-03 5.221237e+03
1.418491e+00 2.983647e+14 1.29889676e-03 5.895326e+03
1.418491e+00 3.764936e+14 6.34580971e-04 6.656443e+03
1.418491e+00 4.750810e+14 2.76699261e-04 7.515823e+03
1.418491e+00 5.994843e+14 1.05573649e-04 8.486155e+03
1.418491e+00 7.564633e+14 3.53689199e-05 9.711911e+03
1.418491e+00 9.545485e+14 9.58510209e-06 1.096577e+04
1.418491e+00 1.204504e+15 2.08661950e-06 1.238151e+04
1.418491e+00 1.519911e+15 3.49900877e-07 1.398002e+04
1.418491e+00 1.917910e+15 4.29529282e-08 1.578491e+04
1.418491e+00 2.420128e+15 3.63731605e-09 1.782283e+04
1.418491e+00 3.053856e+15 2.03768613e-10 2.039719e+04
1.418491e+00 3.853529e+15 6.57769341e-12 2.303057e+04
1.418491e+00 4.862602e+15 1.12535661e-13 2.600393e+04
1.418491e+00 6.135907e+15 8.79459432e-16 2.936118e+04
1.418491e+00 7.742637e+15 2.58667621e-18 3.315185e+04
1.418491e+00 9.770100e+15 2.25509595e-21 3.743193e+04
1.418491e+00 1.232847e+16 4.52441441e-25 4.283867e+04
1.418491e+00 1.555676e+16 1.43867004e-29 4.836936e+04
1.418491e+00 1.963041e+16 5.18445655e-35 5.461409e+04
1.418491e+00 2.477076e+16 1.38941692e-41 6.166505e+04
1.418491e+00 3.125716e+16 1.66474887e-49 6.962632e+04
1.418491e+00 3.944206e+16 4.83782703e-59 7.968328e+04
1.418491e+00 4.977024e+16 1.41875375e-70 8.997080e+04
1.418491e+00 6.280291e+16 1.47269886e-84 1.015865e+05
1.418491e+00 7.924829e+16 1.32250724e-101 1.147018e+05
1.418491e+00 1.000000e+17 1.62180377e-122 1.295104e+05
1.521016e+00 1.261857e+07 2.08856500e-02 6.278437e-01
1.521016e+00 1.592283e+07 2.14974733e-02 7.089016e-01
1.521016e+00 2.009233e+07 2.27347516e-02 8.112967e-01
1.521016e+00 2.535364e+07 2.40456028e-02 9.284819e-01
1.521016e+00 3.199267e+07 2.47572766e-02 1.048354e+00
1.521016e+00 4.037017e+07 2.61894830e-02 1.199780e+00
1.521016e+00 5.094138e+07 2.69691777e-02 1.354678e+00
1.521016e+00 6.428073e+07 2.85338109e-02 1.550350e+00
1.521016e+00 8.111308e+07 2.93874859e-02 1.750508e+00
1.521016e+00 1.023531e+08 3.10963652e-02 2.003355e+00
1.521016e+00 1.291550e+08 3.20302233e-02 2.261998e+00
1.521016e+00 1.629751e+08 3.38958621e-02 2.588725e+00
1.521016e+00 2.056512e+08 3.49162490e-02 2.922943e+00
1.521016e+00 2.595024e+08 3.69517505e-02 3.345138e+00
1.521016e+00 3.274549e+08 3.80650001e-02 3.777013e+00
1.521016e+00 4.132012e+08 3.92114202e-02 4.264644e+00
1.521016e+00 5.214008e+08 4.14960892e-02 4.880638e+00
1.521016e+00 6.579332e+08 4.27429618e-02 5.510753e+00
1.521016e+00 8.302176e+08 4.40246005e-02 6.222219e+00
1.521016e+00 1.047616e+09 4.65810519e-02 7.120968e+00
1.521016e+00 1.321941e+09 4.79687882e-02 8.040322e+00
1.521016e+00 1.668101e+09 4.93914300e-02 9.078369e+00
1.521016e+00 2.104904e+09 5.22389619e-02 1.038967e+01
1.521016e+00 2.656088e+09 5.37696012e-02 1.173102e+01
1.521016e+00 3.351603e+09 5.53327951e-02 1.324556e+01
1.521016e+00 4.229243e+09 5.84836689e-02 1.515877e+01
1.521016e+00 5.336699e+09 6.01502838e-02 1.711585e+01
1.521016e+00 6.734151e+09 6.18430820e-02 1.932559e+01
1.521016e+00 8.497534e+09 6.35584863e-02 2.182063e+01
1.521016e+00 1.072267e+10 6.70780027e-02 2.497244e+01
1.521016e+00 1.353048e+10 6.88727412e-02 2.819651e+01
1.521016e+00 1.707353e+10 7.06749339e-02 3.183682e+01
1.521016e+00 2.154435e+10 7.24774090e-02 3.594712e+01
1.521016e+00 2.718588e+10 7.63032467e-02 4.113939e+01
1.521016e+00 3.430469e+10 7.81286800e-02 4.645069e+01
1.521016e+00 4.328761e+10 7.99247593e-02 5.244771e+01
1.521016e+00 5.462277e+10 8.16786438e-02 5.921898e+01
1.521016e+00 6.892612e+10 8.56561985e-02 6.777268e+01
1.521016e+00 8.697490e+10 8.73246975e-02 7.652248e+01
1.521016e+00 1.097499e+11 8.88992872e-02 8.640193e+01
1.521016e+00 1.384886e+11 9.03590391e-02 9.755686e+01
1.521016e+00 1.747528e+11 9.16808029e-02 1.101519e+02
1.521016e+00 2.205131e+11 9.53784052e-02 1.260625e+02
1.521016e+00 2.782559e+11 9.63722034e-02 1.423378e+02
1.521016e+00 3.511192e+11 9.71390813e-02 1.607144e+02
1.521016e+00 4.430621e+11 9.76462993e-02 1.814634e+02
1.521016e+00 5.590810e+11 9.78593110e-02 2.048913e+02
1.521016e+00 7.054802e+11 9.77421877e-02 2.313438e+02
1.521016e+00 8.902151e+11 9.99183055e-02 2.647595e+02
1.521016e+00 1.123324e+12 9.90065353e-02 2.989413e+02
1.521016e+00 1.417474e+12 9.76436330e-02 3.375362e+02
1.521016e+00 1.788650e+12 9.57955204e-02 3.811138e+02
1.521016e+00 2.257020e+12 9.34322932e-02 4.303176e+02
1.521016e+00 2.848036e+12 9.05302300e-02 4.858738e+02
1.521016e+00 3.593814e+12 8.94556602e-02 5.560543e+02
1.521016e+00 4.534879e+12 8.53315921e-02 6.278437e+02
1.521016e+00 5.722368e+12 8.06441386e-02 7.089016e+02
1.521016e+00 7.220809e+12 7.54204986e-02 8.004244e+02
1.521016e+00 9.111628e+12 6.97077259e-02 9.037633e+02
1.521016e+00 1.149757e+13 6.35749126e-02 1.020444e+03
1.521016e+00 1.450829e+13 5.71144487e-02 1.152188e+03
1.521016e+00 1.830738e+13 5.18214970e-02 1.318612e+03
1.521016e+00 2.310130e+13 4.48888513e-02 1.488852e+03
1.521016e+00 2.915053e+13 3.80360050e-02 1.681071e+03
1.521016e+00 3.678380e+13 3.14299148e-02 1.898105e+03
1.521016e+00 4.641589e+13 2.52368467e-02 2.143160e+03
1.521016e+00 5.857021e+13 1.96097390e-02 2.419853e+03
1.521016e+00 7.390722e+13 1.50756973e-02 2.769382e+03
1.521016e+00 9.326033e+13 1.08036128e-02 3.126923e+03
1.521016e+00 1.176812e+14 7.36552289e-03 3.530625e+03
1.521016e+00 1.484968e+14 4.74049420e-03 3.986446e+03
1.521016e+00 1.873817e+14 2.85417201e-03 4.501117e+03
1.521016e+00 2.364489e+14 1.59043553e-03 5.082234e+03
1.521016e+00 2.983647e+14 8.09888139e-04 5.738377e+03
1.521016e+00 3.764936e+14 3.81418909e-04 6.567239e+03
1.521016e+00 4.750810e+14 1.54614639e-04 7.415103e+03
1.521016e+00 5.994843e+14 5.42523404e-05 8.372431e+03
1.521016e+00 7.564633e+14 1.60642024e-05 9.453354e+03
1.521016e+00 9.545485e+14 3.89418546e-06 1.067383e+04
1.521016e+00 1.204504e+15 7.44968163e-07 1.205188e+04
1.521016e+00 1.519911e+15 1.07483878e-07 1.360784e+04
1.521016e+00 1.917910e+15 1.13734759e-08 1.557338e+04
1.521016e+00 2.420128e+15 7.84337447e-10 1.758398e+04
1.521016e+00 3.053856e+15 3.36198000e-11 1.985416e+04
1.521016e+00 3.853529e+15 8.17765640e-13 2.241744e+04
1.521016e+00 4.862602e+15 1.00151019e-14 2.531164e+04
1.521016e+00 6.135907e+15 5.25872404e-17 2.857950e+04
1.521016e+00 7.742637e+15 9.60442850e-20 3.226926e+04
1.521016e+00 9.770100e+15 4.84397508e-23 3.693030e+04
1.521016e+00 1.232847e+16 4.72417010e-27 4.169819e+04
1.521016e+00 1.555676e+16 6.48599466e-32 4.708164e+04
1.521016e+00 1.963041e+16 8.47558898e-38 5.316012e+04
1.521016e+00 2.477076e+16 6.68714666e-45 6.002336e+04
1.521016e+00 3.125716e+16 1.83819829e-53 6.777268e+04
1.521016e+00 3.944206e+16 9.07173693e-64 7.756190e+04
1.521016e+00 4.977024e+16 3.13001784e-76 8.757554e+04
1.521016e+00 6.280291e+16 2.42904990e-91 9.888199e+04
1.521016e+00 7.924829e+16 9.25407515e-110 1.116482e+05
1.521016e+00 1.000000e+17 2.35557302e-132 1.260625e+05
1.630952e+00 1.261857e+07 2.22060850e-02 6.111289e-01
1.630952e+00 1.592283e+07 2.34765690e-02 6.994015e-01
1.630952e+00 2.009233e+07 2.41611715e-02 7.896978e-01
1.630952e+00 2.535364e+07 2.55480241e-02 9.037633e-01
1.630952e+00 3.199267e+07 2.70166418e-02 1.034305e+00
1.630952e+00 4.037017e+07 2.78111305e-02 1.167839e+00
1.630952e+00 5.094138e+07 2.94139697e-02 1.336523e+00
1.630952e+00 6.428073e+07 3.02827648e-02 1.509075e+00
1.630952e+00 8.111308e+07 3.20315642e-02 1.727049e+00
1.630952e+00 1.023531e+08 3.29807102e-02 1.950020e+00
1.630952e+00 1.291550e+08 3.48878492e-02 2.231685e+00
1.630952e+00 1.629751e+08 3.59234821e-02 2.519806e+00
1.630952e+00 2.056512e+08 3.80018652e-02 2.883772e+00
1.630952e+00 2.595024e+08 3.91300493e-02 3.256082e+00
1.630952e+00 3.274549e+08 4.02909304e-02 3.676459e+00
1.630952e+00 4.132012e+08 4.26194096e-02 4.207493e+00
1.630952e+00 5.214008e+08 4.38799076e-02 4.750702e+00
1.630952e+00 6.579332e+08 4.64099679e-02 5.436903e+00
1.630952e+00 8.302176e+08 4.77746463e-02 6.138835e+00
1.630952e+00 1.047616e+09 4.91737180e-02 6.931390e+00
1.630952e+00 1.321941e+09 5.19907018e-02 7.932573e+00
1.630952e+00 1.668101e+09 5.34965516e-02 8.956708e+00
1.630952e+00 2.104904e+09 5.50349791e-02 1.011307e+01
1.630952e+00 2.656088e+09 5.81525657e-02 1.157382e+01
1.630952e+00 3.351603e+09 5.97946684e-02 1.306805e+01
1.630952e+00 4.229243e+09 6.14639743e-02 1.475521e+01
1.630952e+00 5.336699e+09 6.48847713e-02 1.688648e+01
1.630952e+00 6.734151e+09 6.66453776e-02 1.906661e+01
1.630952e+00 8.497534e+09 6.84223024e-02 2.152820e+01
1.630952e+00 1.072267e+10 7.02101499e-02 2.430761e+01
1.630952e+00 1.353048e+10 7.39719342e-02 2.781864e+01
1.630952e+00 1.707353e+10 7.58106262e-02 3.141017e+01
1.630952e+00 2.154435e+10 7.76378379e-02 3.546539e+01
1.630952e+00 2.718588e+10 7.94436034e-02 4.004415e+01
1.630952e+00 3.430469e+10 8.34378857e-02 4.582820e+01
1.630952e+00 4.328761e+10 8.52123648e-02 5.174486e+01
1.630952e+00 5.462277e+10 8.69249258e-02 5.842538e+01
1.630952e+00 6.892612e+10 8.85587992e-02 6.596840e+01
1.630952e+00 8.697490e+10 9.00952734e-02 7.448526e+01
1.630952e+00 1.097499e+11 9.40165550e-02 8.524405e+01
1.630952e+00 1.384886e+11 9.53287946e-02 9.624949e+01
1.630952e+00 1.747528e+11 9.64704695e-02 1.086758e+02
1.630952e+00 2.205131e+11 9.74137038e-02 1.227064e+02
1.630952e+00 2.782559e+11 9.81285139e-02 1.385484e+02
1.630952e+00 3.511192e+11 9.85829846e-02 1.564357e+02
1.630952e+00 4.430621e+11 1.01444268e-01 1.790316e+02
1.630952e+00 5.590810e+11 1.01271561e-01 2.021455e+02
1.630952e+00 7.054802e+11 1.00724804e-01 2.282435e+02
1.630952e+00 8.902151e+11 9.97677897e-02 2.577109e+02
1.630952e+00 1.123324e+12 9.83655282e-02 2.909827e+02
1.630952e+00 1.417474e+12 9.64855680e-02 3.285501e+02
1.630952e+00 1.788650e+12 9.66732962e-02 3.760065e+02
1.630952e+00 2.257020e+12 9.36793492e-02 4.245508e+02
1.630952e+00 2.848036e+12 9.01282675e-02 4.793625e+02
1.630952e+00 3.593814e+12 8.60165956e-02 5.412507e+02
1.630952e+00 4.534879e+12 8.13545019e-02 6.111289e+02
1.630952e+00 5.722368e+12 7.61684674e-02 6.900288e+02
1.630952e+00 7.220809e+12 7.05037866e-02 7.791150e+02
1.630952e+00 9.111628e+12 6.61887101e-02 8.916518e+02
1.630952e+00 1.149757e+13 5.96120713e-02 1.006769e+03
1.630952e+00 1.450829e+13 5.28152897e-02 1.136748e+03
1.630952e+00 1.830738e+13 4.59320764e-02 1.283508e+03
1.630952e+00 2.310130e+13 3.91126239e-02 1.449215e+03
1.630952e+00 2.915053e+13 3.25169020e-02 1.636316e+03
1.630952e+00 3.678380e+13 2.63053455e-02 1.847573e+03
1.630952e+00 4.641589e+13 2.11914889e-02 2.114440e+03
1.630952e+00 5.857021e+13 1.60351852e-02 2.387425e+03
1.630952e+00 7.390722e+13 1.16474161e-02 2.695653e+03
1.630952e+00 9.326033e+13 8.07193658e-03 3.043676e+03
1.630952e+00 1.176812e+14 5.29927893e-03 3.436630e+03
1.630952e+00 1.484968e+14 3.26819566e-03 3.880317e+03
1.630952e+00 1.873817e+14 1.87487434e-03 4.381286e+03
1.630952e+00 2.364489e+14 9.88923480e-04 4.946932e+03
1.630952e+00 2.983647e+14 4.85995205e-04 5.661476e+03
1.630952e+00 3.764936e+14 2.07431092e-04 6.392402e+03
1.630952e+00 4.750810e+14 7.74817350e-05 7.217694e+03
1.630952e+00 5.994843e+14 2.47494687e-05 8.149535e+03
1.630952e+00 7.564633e+14 6.57668818e-06 9.201681e+03
1.630952e+00 9.545485e+14 1.40690433e-06 1.038967e+04
1.630952e+00 1.204504e+15 2.32831683e-07 1.173102e+04
1.630952e+00 1.519911e+15 2.83805246e-08 1.324556e+04
1.630952e+00 1.917910e+15 2.46659172e-09 1.515877e+04
1.630952e+00 2.420128e+15 1.35113588e-10 1.711585e+04
1.630952e+00 3.053856e+15 4.42131604e-12 1.932559e+04
1.630952e+00 3.853529e+15 7.82997945e-14 2.182063e+04
1.630952e+00 4.862602e+15 6.59128888e-16 2.463778e+04
1.630952e+00 6.135907e+15 2.21579413e-18 2.781864e+04
1.630952e+00 7.742637e+15 2.37173189e-21 3.141017e+04
1.630952e+00 9.770100e+15 6.28217585e-25 3.594712e+04
1.630952e+00 1.232847e+16 2.81239525e-29 4.058807e+04
1.630952e+00 1.555676e+16 1.50559657e-34 4.582820e+04
1.630952e+00 1.963041e+16 6.30788115e-41 5.174486e+04
1.630952e+00 2.477076e+16 1.26311490e-48 5.842538e+04
1.630952e+00 3.125716e+16 6.66244027e-58 6.596840e+04
1.630952e+00 3.944206e+16 4.38287860e-69 7.448526e+04
1.630952e+00 4.977024e+16 1.37221639e-82 8.410168e+04
1.630952e+00 6.280291e+16 5.97068845e-99 9.624949e+04
1.630952e+00 7.924829e+16 6.57631960e-119 1.086758e+05
1.630952e+00 1.000000e+17 2.17112727e-143 1.227064e+05
1.748834e+00 1.261857e+07 2.36089485e-02 5.948590e-01
1.748834e+00 1.592283e+07 2.49534181e-02 6.807816e-01
1.748834e+00 2.009233e+07 2.56742862e-02 7.686740e-01
1.748834e+00 2.535364e+07 2.71404181e-02 8.797027e-01
1.748834e+00 3.199267e+07 2.86921370e-02 1.006769e+00
1.748834e+00 4.037017e+07 2.95267454e-02 1.136748e+00
1.748834e+00 5.094138e+07 3.12182566e-02 1.300942e+00
1.748834e+00 6.428073e+07 3.21292664e-02 1.468900e+00
1.748834e+00 8.111308e+07 3.39723383e-02 1.681071e+00
1.748834e+00 1.023531e+08 3.49655613e-02 1.898105e+00
1.748834e+00 1.291550e+08 3.69724767e-02 2.172271e+00
1.748834e+00 1.629751e+08 3.80536796e-02 2.452723e+00
1.748834e+00 2.056512e+08 4.02370760e-02 2.806999e+00
1.748834e+00 2.595024e+08 4.14117756e-02 3.169396e+00
1.748834e+00 3.274549e+08 4.37843990e-02 3.627190e+00
1.748834e+00 4.132012e+08 4.50575721e-02 4.095479e+00
1.748834e+00 5.214008e+08 4.76319178e-02 4.687038e+00
1.748834e+00 6.579332e+08 4.90076004e-02 5.292158e+00
1.748834e+00 8.302176e+08 5.04164754e-02 5.975403e+00
1.748834e+00 1.047616e+09 5.32761459e-02 6.838501e+00
1.748834e+00 1.321941e+09 5.47891622e-02 7.721387e+00
1.748834e+00 1.668101e+09 5.63330700e-02 8.718257e+00
1.748834e+00 2.104904e+09 5.94898824e-02 9.977539e+00
1.748834e+00 2.656088e+09 6.11336186e-02 1.126569e+01
1.748834e+00 3.351603e+09 6.28022842e-02 1.272015e+01
1.748834e+00 4.229243e+09 6.62564876e-02 1.455747e+01
1.748834e+00 5.336699e+09 6.80111579e-02 1.643692e+01
1.748834e+00 6.734151e+09 6.97791998e-02 1.855900e+01
1.748834e+00 8.497534e+09 7.15550125e-02 2.095507e+01
1.748834e+00 1.072267e+10 7.53377736e-02 2.398186e+01
1.748834e+00 1.353048e+10 7.71570140e-02 2.707804e+01
1.748834e+00 1.707353e+10 7.89609468e-02 3.057395e+01
1.748834e+00 2.154435e+10 8.07394382e-02 3.452120e+01
1.748834e+00 2.718588e+10 8.47368993e-02 3.950751e+01
1.748834e+00 3.430469e+10 8.64747555e-02 4.460813e+01
1.748834e+00 4.328761e+10 8.81462896e-02 5.036727e+01
1.748834e+00 5.462277e+10 8.97347161e-02 5.686995e+01
1.748834e+00 6.892612e+10 9.37163711e-02 6.508435e+01
1.748834e+00 8.697490e+10 9.51180250e-02 7.348707e+01
1.748834e+00 1.097499e+11 9.63707579e-02 8.297463e+01
1.748834e+00 1.384886e+11 9.74492725e-02 9.368708e+01
1.748834e+00 1.747528e+11 9.83262022e-02 1.057826e+02
1.748834e+00 2.205131e+11 9.89722401e-02 1.194396e+02
1.748834e+00 2.782559e+11 1.02073784e-01 1.366917e+02
1.748834e+00 3.511192e+11 1.02165803e-01 1.543393e+02
1.748834e+00 4.430621e+11 1.01920771e-01 1.742653e+02
1.748834e+00 5.590810e+11 1.01303743e-01 1.967639e+02
1.748834e+00 7.054802e+11 1.00280119e-01 2.221671e+02
1.748834e+00 8.902151e+11 9.88166725e-02 2.508500e+02
1.748834e+00 1.123324e+12 9.95326367e-02 2.870832e+02
1.748834e+00 1.417474e+12 9.70354876e-02 3.241471e+02
1.748834e+00 1.788650e+12 9.40069610e-02 3.659962e+02
1.748834e+00 2.257020e+12 9.04343528e-02 4.132482e+02
1.748834e+00 2.848036e+12 8.63155721e-02 4.666006e+02
1.748834e+00 3.593814e+12 8.16616204e-02 5.268411e+02
1.748834e+00 4.534879e+12 7.64990750e-02 5.948590e+02
1.748834e+00 5.722368e+12 7.28107955e-02 6.807816e+02
1.748834e+00 7.220809e+12 6.66192725e-02 7.686740e+02
1.748834e+00 9.111628e+12 6.01040486e-02 8.679137e+02
1.748834e+00 1.149757e+13 5.33735538e-02 9.799658e+02
1.748834e+00 1.450829e+13 4.65556442e-02 1.106484e+03
1.748834e+00 1.830738e+13 3.97937899e-02 1.249337e+03
1.748834e+00 2.310130e+13 3.32409406e-02 1.410633e+03
1.748834e+00 2.915053e+13 2.70510168e-02 1.592753e+03
1.748834e+00 3.678380e+13 2.13683472e-02 1.798386e+03
1.748834e+00 4.641589e+13 1.67621172e-02 2.058148e+03
1.748834e+00 5.857021e+13 1.23111892e-02 2.323865e+03
1.748834e+00 7.390722e+13 8.64838171e-03 2.623888e+03
1.748834e+00 9.326033e+13 5.77234832e-03 2.962645e+03
1.748834e+00 1.176812e+14 3.63230374e-03 3.345138e+03
1.748834e+00 1.484968e+14 2.13535217e-03 3.777013e+03
1.748834e+00 1.873817e+14 1.16028410e-03 4.264644e+03
1.748834e+00 2.364489e+14 5.75417664e-04 4.815232e+03
1.748834e+00 2.983647e+14 2.56592127e-04 5.436903e+03
1.748834e+00 3.764936e+14 1.03844369e-04 6.222219e+03
1.748834e+00 4.750810e+14 3.53858216e-05 7.025540e+03
1.748834e+00 5.994843e+14 1.01716623e-05 7.932573e+03
1.748834e+00 7.564633e+14 2.39371538e-06 8.956708e+03
1.748834e+00 9.545485e+14 4.45014622e-07 1.011307e+04
1.748834e+00 1.204504e+15 6.25884984e-08 1.141871e+04
1.748834e+00 1.519911e+15 6.31353820e-09 1.289293e+04
1.748834e+00 1.917910e+15 4.28238568e-10 1.455747e+04
1.748834e+00 2.420128e+15 1.81145644e-11 1.643692e+04
1.748834e+00 3.053856e+15 4.49777965e-13 1.881109e+04
1.748834e+00 3.853529e+15 5.57828851e-15 2.123970e+04
1.748834e+00 4.862602e+15 3.08285092e-17 2.398186e+04
1.748834e+00 6.135907e+15 6.28242585e-20 2.707804e+04
1.748834e+00 7.742637e+15 3.69139354e-23 3.057395e+04
1.748834e+00 9.770100e+15 4.61934620e-27 3.452120e+04
1.748834e+00 1.232847e+16 8.62940953e-32 3.897807e+04
1.748834e+00 1.555676e+16 1.60513193e-37 4.401034e+04
1.748834e+00 1.963041e+16 1.87575909e-44 4.969230e+04
1.748834e+00 2.477076e+16 8.27995239e-53 5.686995e+04
1.748834e+00 3.125716e+16 6.84656601e-63 6.421215e+04
1.748834e+00 3.944206e+16 4.83533446e-75 7.250226e+04
1.748834e+00 4.977024e+16 1.02398728e-89 8.186268e+04
1.748834e+00 6.280291e+16 1.65781243e-107 9.243157e+04
1.748834e+00 7.924829e+16 3.42088386e-129 1.043650e+05
1.748834e+00 1.000000e+17 8.60482197e-156 1.178390e+05
1.875237e+00 1.261857e+07 2.44279444e-02 5.712628e-01
1.875237e+00 1.592283e+07 2.58116317e-02 6.537771e-01
1.875237e+00 2.009233e+07 2.72754003e-02 7.482099e-01
1.875237e+00 2.535364e+07 2.88237804e-02 8.562827e-01
1.875237e+00 3.199267e+07 2.96505568e-02 9.668332e-01
1.875237e+00 4.037017e+07 3.13365215e-02 1.106484e+00
1.875237e+00 5.094138e+07 3.31193708e-02 1.266307e+00
1.875237e+00 6.428073e+07 3.40724748e-02 1.429794e+00
1.875237e+00 8.111308e+07 3.60120969e-02 1.636316e+00
1.875237e+00 1.023531e+08 3.70487578e-02 1.847573e+00
1.875237e+00 1.291550e+08 3.91571715e-02 2.114440e+00
1.875237e+00 1.629751e+08 4.02826296e-02 2.387425e+00
1.875237e+00 2.056512e+08 4.25719938e-02 2.732269e+00
1.875237e+00 2.595024e+08 4.37910235e-02 3.085019e+00
1.875237e+00 3.274549e+08 4.62733248e-02 3.530625e+00
1.875237e+00 4.132012e+08 4.75898849e-02 3.986446e+00
1.875237e+00 5.214008e+08 5.02764950e-02 4.562256e+00
1.875237e+00 6.579332e+08 5.16932523e-02 5.151267e+00
1.875237e+00 8.302176e+08 5.31408727e-02 5.816322e+00
1.875237e+00 1.047616e+09 5.61120100e-02 6.656443e+00
1.875237e+00 1.321941e+09 5.76586153e-02 7.515823e+00
1.875237e+00 1.668101e+09 5.92321820e-02 8.486155e+00
1.875237e+00 2.104904e+09 6.24940750e-02 9.711911e+00
1.875237e+00 2.656088e+09 6.41582047e-02 1.096577e+01
1.875237e+00 3.351603e+09 6.58410861e-02 1.238151e+01
1.875237e+00 4.229243e+09 6.93857774e-02 1.416991e+01
1.875237e+00 5.336699e+09 7.11396253e-02 1.599932e+01
1.875237e+00 6.734151e+09 7.28975947e-02 1.806492e+01
1.875237e+00 8.497534e+09 7.66947565e-02 2.067425e+01
1.875237e+00 1.072267e+10 7.84874597e-02 2.334340e+01
1.875237e+00 1.353048e+10 8.02604151e-02 2.635715e+01
1.875237e+00 1.707353e+10 8.20032929e-02 2.975999e+01
1.875237e+00 2.154435e+10 8.59937925e-02 3.405858e+01
1.875237e+00 2.718588e+10 8.76850440e-02 3.845572e+01
1.875237e+00 3.430469e+10 8.93047960e-02 4.342055e+01
1.875237e+00 4.328761e+10 9.08362501e-02 4.902636e+01
1.875237e+00 5.462277e+10 9.22607970e-02 5.535592e+01
1.875237e+00 6.892612e+10 9.61168633e-02 6.335163e+01
1.875237e+00 8.697490e+10 9.72957067e-02 7.153065e+01
1.875237e+00 1.097499e+11 9.82957914e-02 8.076563e+01
1.875237e+00 1.384886e+11 9.90902950e-02 9.119288e+01
1.875237e+00 1.747528e+11 9.96505923e-02 1.029663e+02
1.875237e+00 2.205131e+11 1.02680105e-01 1.178390e+02
1.875237e+00 2.782559e+11 1.02680146e-01 1.330526e+02
1.875237e+00 3.511192e+11 1.02343067e-01 1.502304e+02
1.875237e+00 4.430621e+11 1.01635466e-01 1.696259e+02
1.875237e+00 5.590810e+11 1.00524502e-01 1.915255e+02
1.875237e+00 7.054802e+11 9.89788981e-02 2.162524e+02
1.875237e+00 8.902151e+11 9.69701769e-02 2.441717e+02
1.875237e+00 1.123324e+12 9.70580753e-02 2.794403e+02
1.875237e+00 1.417474e+12 9.39744107e-02 3.155175e+02
1.875237e+00 1.788650e+12 9.03608482e-02 3.562524e+02
1.875237e+00 2.257020e+12 8.62171951e-02 4.022464e+02
1.875237e+00 2.848036e+12 8.15559066e-02 4.541785e+02
1.875237e+00 3.593814e+12 7.64043629e-02 5.128153e+02
1.875237e+00 4.534879e+12 7.08069434e-02 5.790223e+02
1.875237e+00 5.722368e+12 6.48266566e-02 6.537771e+02
1.875237e+00 7.220809e+12 5.85460218e-02 7.381830e+02
1.875237e+00 9.111628e+12 5.34909210e-02 8.448076e+02
1.875237e+00 1.149757e+13 4.67532648e-02 9.538766e+02
1.875237e+00 1.450829e+13 4.00715153e-02 1.077027e+03
1.875237e+00 1.830738e+13 3.35916505e-02 1.216077e+03
1.875237e+00 2.310130e+13 2.74605992e-02 1.373078e+03
1.875237e+00 2.915053e+13 2.18165385e-02 1.550350e+03
1.875237e+00 3.678380e+13 1.67780485e-02 1.750508e+03
1.875237e+00 4.641589e+13 1.24333201e-02 1.976507e+03
1.875237e+00 5.857021e+13 8.83104530e-03 2.231685e+03
1.875237e+00 7.390722e+13 5.97484009e-03 2.519806e+03
1.875237e+00 9.326033e+13 3.92743278e-03 2.883772e+03
1.875237e+00 1.176812e+14 2.35639808e-03 3.256082e+03
1.875237e+00 1.484968e+14 1.31267126e-03 3.676459e+03
1.875237e+00 1.873817e+14 6.71063789e-04 4.151108e+03
1.875237e+00 2.364489e+14 3.10525808e-04 4.687038e+03
1.875237e+00 2.983647e+14 1.27966070e-04 5.292158e+03
1.875237e+00 3.764936e+14 4.60667142e-05 5.975403e+03
1.875237e+00 4.750810e+14 1.41586625e-05 6.746858e+03
1.875237e+00 5.994843e+14 3.61507299e-06 7.617912e+03
1.875237e+00 7.564633e+14 7.42187711e-07 8.601423e+03
1.875237e+00 9.545485e+14 1.17848717e-07 9.711911e+03
1.875237e+00 1.204504e+15 1.41831716e-08 1.111472e+04
1.875237e+00 1.519911e+15 1.15662578e-09 1.254968e+04
1.875237e+00 1.917910e+15 6.12074914e-11 1.416991e+04
1.875237e+00 2.420128e+15 1.93649443e-12 1.599932e+04
1.875237e+00 3.053856e+15 3.32971865e-14 1.806492e+04
1.875237e+00 3.853529e+15 2.76752536e-16 2.039719e+04
1.875237e+00 4.862602e+15 9.53253608e-19 2.303057e+04
1.875237e+00 6.135907e+15 1.10699756e-21 2.600393e+04
1.875237e+00 7.742637e+15 3.31560687e-25 2.936118e+04
1.875237e+00 9.770100e+15 1.84179914e-29 3.315185e+04
1.875237e+00 1.232847e+16 1.28883502e-34 3.743193e+04
1.875237e+00 1.555676e+16 7.31009205e-41 4.226458e+04
1.875237e+00 1.963041e+16 2.09081959e-48 4.836936e+04
1.875237e+00 2.477076e+16 1.59393706e-57 5.461409e+04
1.875237e+00 3.125716e+16 1.64356630e-68 6.166505e+04
1.875237e+00 3.944206e+16 9.45977603e-82 6.962632e+04
1.875237e+00 4.977024e+16 9.71610221e-98 7.861543e+04
1.875237e+00 6.280291e+16 4.01812444e-117 8.876509e+04
1.875237e+00 7.924829e+16 9.50513347e-141 1.002251e+05
1.875237e+00 1.000000e+17 9.97468224e-170 1.131647e+05
2.010775e+00 1.261857e+07 2.59583402e-02 5.560543e-01
2.010775e+00 1.592283e+07 2.66897182e-02 6.278437e-01
2.010775e+00 2.009233e+07 2.81935358e-02 7.185307e-01
2.010775e+00 2.535364e+07 2.97832029e-02 8.223166e-01
2.010775e+00 3.199267e+07 3.14634110e-02 9.410936e-01
2.010775e+00 4.037017e+07 3.23541443e-02 1.062594e+00
2.010775e+00 5.094138e+07 3.41803729e-02 1.216077e+00
2.010775e+00 6.428073e+07 3.61096113e-02 1.391729e+00
2.010775e+00 8.111308e+07 3.71316222e-02 1.571408e+00
2.010775e+00 1.023531e+08 3.92258027e-02 1.798386e+00
2.010775e+00 1.291550e+08 4.03332079e-02 2.030566e+00
2.010775e+00 1.629751e+08 4.26037032e-02 2.323865e+00
2.010775e+00 2.056512e+08 4.38006559e-02 2.623888e+00
2.010775e+00 2.595024e+08 4.62585399e-02 3.002888e+00
2.010775e+00 3.274549e+08 4.75482887e-02 3.390576e+00
2.010775e+00 4.132012e+08 5.02038860e-02 3.880317e+00
2.010775e+00 5.214008e+08 5.15882968e-02 4.381286e+00
2.010775e+00 6.579332e+08 5.44505658e-02 5.014127e+00
2.010775e+00 8.302176e+08 5.59294883e-02 5.661476e+00
2.010775e+00 1.047616e+09 5.90051943e-02 6.479231e+00
2.010775e+00 1.321941e+09 6.05756385e-02 7.315732e+00
2.010775e+00 1.668101e+09 6.21679252e-02 8.260231e+00
2.010775e+00 2.104904e+09 6.55233408e-02 9.453354e+00
2.010775e+00 2.656088e+09 6.71938778e-02 1.067383e+01
2.010775e+00 3.351603e+09 6.88754539e-02 1.205188e+01
2.010775e+00 4.229243e+09 7.24928752e-02 1.379267e+01
2.010775e+00 5.336699e+09 7.42264573e-02 1.557338e+01
2.010775e+00 6.734151e+09 7.59529883e-02 1.758398e+01
2.010775e+00 8.497534e+09 7.76644675e-02 1.985416e+01
2.010775e+00 1.072267e+10 8.15221377e-02 2.272193e+01
2.010775e+00 1.353048e+10 8.32202628e-02 2.565545e+01
2.010775e+00 1.707353e+10 8.48711504e-02 2.896770e+01
2.010775e+00 2.154435e+10 8.64615047e-02 3.270758e+01
2.010775e+00 2.718588e+10 9.03827451e-02 3.743193e+01
2.010775e+00 3.430469e+10 9.18449406e-02 4.226458e+01
2.010775e+00 4.328761e+10 9.31943218e-02 4.772115e+01
2.010775e+00 5.462277e+10 9.44105479e-02 5.388220e+01
2.010775e+00 6.892612e+10 9.54715078e-02 6.083867e+01
2.010775e+00 8.697490e+10 9.89886560e-02 6.962632e+01
2.010775e+00 1.097499e+11 9.96842452e-02 7.861543e+01
2.010775e+00 1.384886e+11 1.00141622e-01 8.876509e+01
2.010775e+00 1.747528e+11 1.00331518e-01 1.002251e+02
2.010775e+00 2.205131e+11 1.00223631e-01 1.131647e+02
2.010775e+00 2.782559e+11 9.97870671e-02 1.277748e+02
2.010775e+00 3.511192e+11 1.01698421e-01 1.462309e+02
2.010775e+00 4.430621e+11 1.00480209e-01 1.651100e+02
2.010775e+00 5.590810e+11 9.88325603e-02 1.864266e+02
2.010775e+00 7.054802e+11 9.67293479e-02 2.104952e+02
2.010775e+00 8.902151e+11 9.41488622e-02 2.376712e+02
2.010775e+00 1.123324e+12 9.10754512e-02 2.683558e+02
2.010775e+00 1.417474e+12 8.75013567e-02 3.030019e+02
2.010775e+00 1.788650e+12 8.34287029e-02 3.421210e+02
2.010775e+00 2.257020e+12 8.10287534e-02 3.915376e+02
2.010775e+00 2.848036e+12 7.58780075e-02 4.420871e+02
2.010775e+00 3.593814e+12 7.03032755e-02 4.991628e+02
2.010775e+00 4.534879e+12 6.43671149e-02 5.636072e+02
2.010775e+00 5.722368e+12 5.81503516e-02 6.363718e+02
2.010775e+00 7.220809e+12 5.17517259e-02 7.185307e+02
2.010775e+00 9.111628e+12 4.52861769e-02 8.112967e+02
2.010775e+00 1.149757e+13 3.88814689e-02 9.160392e+02
2.010775e+00 1.450829e+13 3.26729617e-02 1.034305e+03
2.010775e+00 1.830738e+13 2.67965121e-02 1.167839e+03
2.010775e+00 2.310130e+13 2.13797689e-02 1.318612e+03
2.010775e+00 2.915053e+13 1.69846672e-02 1.509075e+03
2.010775e+00 3.678380e+13 1.26743473e-02 1.703905e+03
2.010775e+00 4.641589e+13 9.08139889e-03 1.923888e+03
2.010775e+00 5.857021e+13 6.21173850e-03 2.172271e+03
2.010775e+00 7.390722e+13 4.02872038e-03 2.452723e+03
2.010775e+00 9.326033e+13 2.45801220e-03 2.769382e+03
2.010775e+00 1.176812e+14 1.39781715e-03 3.126923e+03
2.010775e+00 1.484968e+14 7.32923547e-04 3.530625e+03
2.010775e+00 1.873817e+14 3.49843268e-04 3.986446e+03
2.010775e+00 2.364489e+14 1.49750516e-04 4.501117e+03
2.010775e+00 2.983647e+14 5.64713186e-05 5.082234e+03
2.010775e+00 3.764936e+14 1.83700929e-05 5.738377e+03
2.010775e+00 4.750810e+14 5.02743796e-06 6.479231e+03
2.010775e+00 5.994843e+14 1.12345700e-06 7.315732e+03
2.010775e+00 7.564633e+14 1.97823806e-07 8.260231e+03
2.010775e+00 9.545485e+14 2.63064171e-08 9.326669e+03
2.010775e+00 1.204504e+15 2.57765628e-09 1.067383e+04
2.010775e+00 1.519911e+15 1.65491646e-10 1.205188e+04
2.010775e+00 1.917910e+15 6.62451041e-12 1.360784e+04
2.010775e+00 2.420128e+15 1.51188839e-13 1.536468e+04
2.010775e+00 3.053856e+15 1.77267661e-15 1.734834e+04
2.010775e+00 3.853529e+15 9.39379436e-18 1.958809e+04
2.010775e+00 4.862602e+15 1.90127430e-20 2.211702e+04
2.010775e+00 6.135907e+15 1.17306898e-23 2.497244e+04
2.010775e+00 7.742637e+15 1.64680480e-27 2.819651e+04
2.010775e+00 9.770100e+15 3.67011431e-32 3.183682e+04
2.010775e+00 1.232847e+16 8.51287700e-38 3.594712e+04
2.010775e+00 1.555676e+16 1.26986472e-44 4.058807e+04
2.010775e+00 1.963041e+16 7.04454915e-53 4.582820e+04
2.010775e+00 2.477076e+16 7.68254309e-63 5.174486e+04
2.010775e+00 3.125716e+16 7.62246680e-75 5.842538e+04
2.010775e+00 3.944206e+16 2.61654805e-89 6.596840e+04
2.010775e+00 4.977024e+16 8.94159676e-107 7.448526e+04
2.010775e+00 6.280291e+16 6.14628974e-128 8.524405e+04
2.010775e+00 7.924829e+16 9.55448495e-154 9.624949e+04
2.010775e+00 1.000000e+17 2.11420270e-185 1.086758e+05
2.156110e+00 1.261857e+07 2.61227169e-02 5.268411e-01
2.156110e+00 1.592283e+07 2.75829719e-02 6.029391e-01
2.156110e+00 2.009233e+07 2.91256176e-02 6.900288e-01
2.156110e+00 2.535364e+07 3.07550662e-02 7.896978e-01
2.156110e+00 3.199267e+07 3.24759115e-02 9.037633e-01
2.156110e+00 4.037017e+07 3.33799584e-02 1.020444e+00
2.156110e+00 5.094138e+07 3.52470225e-02 1.167839e+00
2.156110e+00 6.428073e+07 3.72174840e-02 1.336523e+00
2.156110e+00 8.111308e+07 3.82502935e-02 1.509075e+00
2.156110e+00 1.023531e+08 4.03846841e-02 1.727049e+00
2.156110e+00 1.291550e+08 4.26350634e-02 1.976507e+00
2.156110e+00 1.629751e+08 4.38085604e-02 2.231685e+00
2.156110e+00 2.056512e+08 4.62404431e-02 2.554033e+00
2.156110e+00 2.595024e+08 4.75017157e-02 2.883772e+00
2.156110e+00 3.274549e+08 5.01243156e-02 3.300310e+00
2.156110e+00 4.132012e+08 5.14743789e-02 3.726396e+00
2.156110e+00 5.214008e+08 5.42953910e-02 4.264644e+00
2.156110e+00 6.579332e+08 5.57331507e-02 4.815232e+00
2.156110e+00 8.302176e+08 5.87579234e-02 5.510753e+00
2.156110e+00 1.047616e+09 6.02793592e-02 6.222219e+00
2.156110e+00 1.321941e+09 6.18190191e-02 7.025540e+00
2.156110e+00 1.668101e+09 6.51069424e-02 8.040322e+00
2.156110e+00 2.104904e+09 6.67154799e-02 9.078369e+00
2.156110e+00 2.656088e+09 6.83308551e-02 1.025043e+01
2.156110e+00 3.351603e+09 7.18609155e-02 1.173102e+01
2.156110e+00 4.229243e+09 7.35174536e-02 1.324556e+01
2.156110e+00 5.336699e+09 7.51622751e-02 1.495563e+01
2.156110e+00 6.734151e+09 7.88875121e-02 1.711585e+01
2.156110e+00 8.497534e+09 8.05273331e-02 1.932559e+01
2.156110e+00 1.072267e+10 8.21269674e-02 2.182063e+01
2.156110e+00 1.353048e+10 8.36746431e-02 2.463778e+01
2.156110e+00 1.707353e+10 8.74863695e-02 2.819651e+01
2.156110e+00 2.154435e+10 8.89277598e-02 3.183682e+01
2.156110e+00 2.718588e+10 9.02709285e-02 3.594712e+01
2.156110e+00 3.430469e+10 9.14978359e-02 4.058807e+01
2.156110e+00 4.328761e+10 9.25888397e-02 4.582820e+01
2.156110e+00 5.462277e+10 9.60805789e-02 5.244771e+01
2.156110e+00 6.892612e+10 9.68549981e-02 5.921898e+01
2.156110e+00 8.697490e+10 9.74194775e-02 6.686446e+01
2.156110e+00 1.097499e+11 9.77476421e-02 7.549700e+01
2.156110e+00 1.384886e+11 9.78120120e-02 8.524405e+01
2.156110e+00 1.747528e+11 9.75843051e-02 9.624949e+01
2.156110e+00 2.205131e+11 9.96899337e-02 1.101519e+02
2.156110e+00 2.782559e+11 9.87680140e-02 1.243731e+02
2.156110e+00 3.511192e+11 9.74595048e-02 1.404303e+02
2.156110e+00 4.430621e+11 9.57383636e-02 1.585606e+02
2.156110e+00 5.590810e+11 9.35816897e-02 1.790316e+02
2.156110e+00 7.054802e+11 9.09710579e-02 2.021455e+02
2.156110e+00 8.902151e+11 8.78940381e-02 2.282435e+02
2.156110e+00 1.123324e+12 8.43458760e-02 2.577109e+02
2.156110e+00 1.417474e+12 8.25284118e-02 2.949352e+02
2.156110e+00 1.788650e+12 7.79413028e-02 3.330128e+02
2.156110e+00 2.257020e+12 7.29213548e-02 3.760065e+02
2.156110e+00 2.848036e+12 6.75134378e-02 4.245508e+02
2.156110e+00 3.593814e+12 6.17785405e-02 4.793625e+02
2.156110e+00 4.534879e+12 5.57942152e-02 5.412507e+02
2.156110e+00 5.722368e+12 4.96540663e-02 6.111289e+02
2.156110e+00 7.220809e+12 4.34660030e-02 6.900288e+02
2.156110e+00 9.111628e+12 3.73490130e-02 7.791150e+02
2.156110e+00 1.149757e+13 3.14283083e-02 8.797027e+02
2.156110e+00 1.450829e+13 2.58288543e-02 9.932768e+02
2.156110e+00 1.830738e+13 2.06675392e-02 1.121514e+03
2.156110e+00 2.310130e+13 1.60445502e-02 1.266307e+03
2.156110e+00 2.915053e+13 1.23640259e-02 1.449215e+03
2.156110e+00 3.678380e+13 8.91848587e-03 1.636316e+03
2.156110e+00 4.641589e+13 6.15257716e-03 1.847573e+03
2.156110e+00 5.857021e+13 4.03358180e-03 2.086104e+03
2.156110e+00 7.390722e+13 2.49443345e-03 2.355431e+03
2.156110e+00 9.326033e+13 1.44258736e-03 2.659529e+03
2.156110e+00 1.176812e+14 7.72333881e-04 3.002888e+03
2.156110e+00 1.484968e+14 3.78272382e-04 3.390576e+03
2.156110e+00 1.873817e+14 1.67139061e-04 3.828316e+03
2.156110e+00 2.364489e+14 6.55355635e-05 4.322572e+03
2.156110e+00 2.983647e+14 2.23641538e-05 4.880638e+03
2.156110e+00 3.764936e+14 6.49072529e-06 5.510753e+03
2.156110e+00 4.750810e+14 1.55880877e-06 6.222219e+03
2.156110e+00 5.994843e+14 2.99806774e-07 7.025540e+03
2.156110e+00 7.564633e+14 4.44129182e-08 7.932573e+03
2.156110e+00 9.545485e+14 4.83709833e-09 8.956708e+03
2.156110e+00 1.204504e+15 3.66037614e-10 1.011307e+04
2.156110e+00 1.519911e+15 1.79538994e-11 1.141871e+04
2.156110e+00 1.917910e+15 5.24895235e-13 1.289293e+04
2.156110e+00 2.420128e+15 8.29421217e-15 1.455747e+04
2.156110e+00 3.053856e+15 6.32001022e-17 1.643692e+04
2.156110e+00 3.853529e+15 2.01793051e-19 1.855900e+04
2.156110e+00 4.862602e+15 2.24489836e-22 2.095507e+04
2.156110e+00 6.135907e+15 6.79709813e-26 2.366047e+04
2.156110e+00 7.742637e+15 4.06646550e-30 2.671516e+04
2.156110e+00 9.770100e+15 3.24194334e-35 3.016423e+04
2.156110e+00 1.232847e+16 2.16983351e-41 3.405858e+04
2.156110e+00 1.555676e+16 7.19829594e-49 3.845572e+04
2.156110e+00 1.963041e+16 6.49800294e-58 4.342055e+04
2.156110e+00 2.477076e+16 8.15853179e-69 4.969230e+04
2.156110e+00 3.125716e+16 5.80522670e-82 5.610783e+04
2.156110e+00 3.944206e+16 8.34167687e-98 6.335163e+04
2.156110e+00 4.977024e+16 6.18663290e-117 7.153065e+04
2.156110e+00 6.280291e+16 3.99032527e-140 8.076563e+04
2.156110e+00 7.924829e+16 2.16901791e-168 9.119288e+04
2.156110e+00 1.000000e+17 4.66899793e-203 1.029663e+05
2.311950e+00 1.261857e+07 2.62703814e-02 4.991628e-01
2.311950e+00 1.592283e+07 2.77269888e-02 5.712628e-01
2.311950e+00 2.009233e+07 2.92644889e-02 6.537771e-01
2.311950e+00 2.535364e+07 3.08870617e-02 7.482099e-01
2.311950e+00 3.199267e+07 3.25990383e-02 8.562827e-01
2.311950e+00 4.037017e+07 3.44048948e-02 9.799658e-01
2.311950e+00 5.094138e+07 3.63092428e-02 1.121514e+00
2.311950e+00 6.428073e+07 3.72967216e-02 1.266307e+00
2.311950e+00 8.111308e+07 3.93560365e-02 1.449215e+00
2.311950e+00 1.023531e+08 4.15253364e-02 1.658542e+00
2.311950e+00 1.291550e+08 4.26431538e-02 1.872669e+00
2.311950e+00 1.629751e+08 4.49830237e-02 2.143160e+00
2.311950e+00 2.056512e+08 4.74441792e-02 2.452723e+00
2.311950e+00 2.595024e+08 4.86993529e-02 2.769382e+00
2.311950e+00 3.274549e+08 5.13447138e-02 3.169396e+00
2.311950e+00 4.132012e+08 5.26806254e-02 3.578582e+00
2.311950e+00 5.214008e+08 5.55153427e-02 4.095479e+00
2.311950e+00 6.579332e+08 5.69285492e-02 4.624226e+00
2.311950e+00 8.302176e+08 5.99548034e-02 5.292158e+00
2.311950e+00 1.047616e+09 6.14384121e-02 5.975403e+00
2.311950e+00 1.321941e+09 6.29329572e-02 6.746858e+00
2.311950e+00 1.668101e+09 6.61967677e-02 7.721387e+00
2.311950e+00 2.104904e+09 6.77416974e-02 8.718257e+00
2.311950e+00 2.656088e+09 6.92835868e-02 9.843829e+00
2.311950e+00 3.351603e+09 7.27531351e-02 1.126569e+01
2.311950e+00 4.229243e+09 7.43110506e-02 1.272015e+01
2.311950e+00 5.336699e+09 7.58441720e-02 1.436238e+01
2.311950e+00 6.734151e+09 7.94587733e-02 1.643692e+01
2.311950e+00 8.497534e+09 8.09536481e-02 1.855900e+01
2.311950e+00 1.072267e+10 8.23915257e-02 2.095507e+01
2.311950e+00 1.353048e+10 8.37594790e-02 2.366047e+01
2.311950e+00 1.707353e+10 8.73692600e-02 2.707804e+01
2.311950e+00 2.154435e+10 8.85856303e-02 3.057395e+01
2.311950e+00 2.718588e+10 8.96819762e-02 3.452120e+01
2.311950e+00 3.430469e+10 9.06393299e-02 3.897807e+01
2.311950e+00 4.328761e+10 9.39381723e-02 4.460813e+01
2.311950e+00 5.462277e+10 9.45718105e-02 5.036727e+01
2.311950e+00 6.892612e+10 9.49956102e-02 5.686995e+01
2.311950e+00 8.697490e+10 9.51847498e-02 6.421215e+01
2.311950e+00 1.097499e+11 9.51135265e-02 7.250226e+01
2.311950e+00 1.384886e+11 9.47557423e-02 8.186268e+01
2.311950e+00 1.747528e+11 9.40851299e-02 9.243157e+01
2.311950e+00 2.205131e+11 9.56216728e-02 1.057826e+02
2.311950e+00 2.782559e+11 9.42119987e-02 1.194396e+02
2.311950e+00 3.511192e+11 9.24065185e-02 1.348599e+02
2.311950e+00 4.430621e+11 9.01856476e-02 1.522710e+02
2.311950e+00 5.590810e+11 8.75343533e-02 1.719300e+02
2.311950e+00 7.054802e+11 8.44435592e-02 1.941270e+02
2.311950e+00 8.902151e+11 8.09116770e-02 2.191898e+02
2.311950e+00 1.123324e+12 7.69462174e-02 2.474883e+02
2.311950e+00 1.417474e+12 7.25654036e-02 2.794403e+02
2.311950e+00 1.788650e+12 6.96540541e-02 3.198032e+02
2.311950e+00 2.257020e+12 6.44076783e-02 3.610914e+02
2.311950e+00 2.848036e+12 5.88708363e-02 4.077102e+02
2.311950e+00 3.593814e+12 5.31182827e-02 4.603477e+02
2.311950e+00 4.534879e+12 4.72390008e-02 5.197809e+02
2.311950e+00 5.722368e+12 4.13343928e-02 5.868873e+02
2.311950e+00 7.220809e+12 3.55151543e-02 6.626574e+02
2.311950e+00 9.111628e+12 2.98967252e-02 7.482099e+02
2.311950e+00 1.149757e+13 2.45933612e-02 8.448076e+02
2.311950e+00 1.450829e+13 1.97110821e-02 9.538766e+02
2.311950e+00 1.830738e+13 1.53400157e-02 1.077027e+03
2.311950e+00 2.310130e+13 1.15469435e-02 1.216077e+03
2.311950e+00 2.915053e+13 8.36908978e-03 1.373078e+03
2.311950e+00 3.678380e+13 5.81031176e-03 1.550350e+03
2.311950e+00 4.641589e+13 3.84072494e-03 1.750508e+03
2.311950e+00 5.857021e+13 2.40038320e-03 1.976507e+03
2.311950e+00 7.390722e+13 1.40690416e-03 2.231685e+03
2.311950e+00 9.326033e+13 7.66016186e-04 2.519806e+03
2.311950e+00 1.176812e+14 3.83153845e-04 2.845126e+03
2.311950e+00 1.484968e+14 1.73783496e-04 3.212447e+03
2.311950e+00 1.873817e+14 7.03861260e-05 3.627190e+03
2.311950e+00 2.364489e+14 2.50011898e-05 4.095479e+03
2.311950e+00 2.983647e+14 7.62347211e-06 4.624226e+03
2.311950e+00 3.764936e+14 1.94568393e-06 5.221237e+03
2.311950e+00 4.750810e+14 4.03317534e-07 5.895326e+03
2.311950e+00 5.994843e+14 6.55057105e-08 6.656443e+03
2.311950e+00 7.564633e+14 7.98702937e-09 7.515823e+03
2.311950e+00 9.545485e+14 6.94657876e-10 8.486155e+03
2.311950e+00 1.204504e+15 4.05022896e-11 9.581761e+03
2.311950e+00 1.519911e+15 1.46686059e-12 1.081881e+04
2.311950e+00 1.917910e+15 3.00995032e-14 1.221558e+04
2.311950e+00 2.420128e+15 3.14327850e-16 1.379267e+04
2.311950e+00 3.053856e+15 1.47387985e-18 1.557338e+04
2.311950e+00 3.853529e+15 2.65933501e-21 1.758398e+04
2.311950e+00 4.862602e+15 1.50746644e-24 1.985416e+04
2.311950e+00 6.135907e+15 2.04686209e-28 2.241744e+04
2.311950e+00 7.742637e+15 4.68455886e-33 2.531164e+04
2.311950e+00 9.770100e+15 1.17300073e-38 2.857950e+04
2.311950e+00 1.232847e+16 1.93563302e-45 3.226926e+04
2.311950e+00 1.555676e+16 1.18063205e-53 3.643539e+04
2.311950e+00 1.963041e+16 1.37821234e-63 4.113939e+04
2.311950e+00 2.477076e+16 1.43082755e-75 4.645069e+04
2.311950e+00 3.125716e+16 5.23089189e-90 5.244771e+04
2.311950e+00 3.944206e+16 2.10564689e-107 5.921898e+04
2.311950e+00 4.977024e+16 2.08723773e-128 6.686446e+04
2.311950e+00 6.280291e+16 7.21222081e-154 7.549700e+04
2.311950e+00 7.924829e+16 6.70065036e-185 8.524405e+04
2.311950e+00 1.000000e+17 5.83328423e-223 9.624949e+04
2.479053e+00 1.261857e+07 2.63952987e-02 4.729385e-01
2.479053e+00 1.592283e+07 2.78451747e-02 5.412507e-01
2.479053e+00 2.009233e+07 2.93740958e-02 6.194299e-01
2.479053e+00 2.535364e+07 3.09859731e-02 7.089016e-01
2.479053e+00 3.199267e+07 3.26848348e-02 8.112967e-01
2.479053e+00 4.037017e+07 3.44748167e-02 9.284819e-01
2.479053e+00 5.094138e+07 3.63601479e-02 1.062594e+00
2.479053e+00 6.428073e+07 3.83451322e-02 1.216077e+00
2.479053e+00 8.111308e+07 3.93576671e-02 1.373078e+00
2.479053e+00 1.023531e+08 4.14965645e-02 1.571408e+00
2.479053e+00 1.291550e+08 4.37452445e-02 1.798386e+00
2.479053e+00 1.629751e+08 4.48804224e-02 2.030566e+00
2.479053e+00 2.056512e+08 4.72952223e-02 2.323865e+00
2.479053e+00 2.595024e+08 4.98289319e-02 2.659529e+00
2.479053e+00 3.274549e+08 5.10879615e-02 3.002888e+00
2.479053e+00 4.132012e+08 5.37962656e-02 3.436630e+00
2.479053e+00 5.214008e+08 5.51226304e-02 3.880317e+00
2.479053e+00 6.579332e+08 5.80060565e-02 4.440797e+00
2.479053e+00 8.302176e+08 5.93919092e-02 5.014127e+00
2.479053e+00 1.047616e+09 6.24467898e-02 5.738377e+00
2.479053e+00 1.321941e+09 6.38797846e-02 6.479231e+00
2.479053e+00 1.668101e+09 6.53105349e-02 7.315732e+00
2.479053e+00 2.104904e+09 6.85588262e-02 8.372431e+00
2.479053e+00 2.656088e+09 7.00066310e-02 9.453354e+00
2.479053e+00 3.351603e+09 7.14331358e-02 1.067383e+01
2.479053e+00 4.229243e+09 7.48223343e-02 1.221558e+01
2.479053e+00 5.336699e+09 7.62185665e-02 1.379267e+01
2.479053e+00 6.734151e+09 7.75654159e-02 1.557338e+01
2.479053e+00 8.497534e+09 8.10082848e-02 1.782283e+01
2.479053e+00 1.072267e+10 8.22546558e-02 2.012384e+01
2.479053e+00 1.353048e+10 8.34120443e-02 2.272193e+01
2.479053e+00 1.707353e+10 8.44652346e-02 2.565545e+01
2.479053e+00 2.154435e+10 8.77334247e-02 2.936118e+01
2.479053e+00 2.718588e+10 8.85491797e-02 3.315185e+01
2.479053e+00 3.430469e+10 8.92031653e-02 3.743193e+01
2.479053e+00 4.328761e+10 8.96746848e-02 4.226458e+01
2.479053e+00 5.462277e+10 8.99419685e-02 4.772115e+01
2.479053e+00 6.892612e+10 8.99824020e-02 5.388220e+01
2.479053e+00 8.697490e+10 9.22281291e-02 6.166505e+01
2.479053e+00 1.097499e+11 9.17317681e-02 6.962632e+01
2.479053e+00 1.384886e+11 9.09305533e-02 7.861543e+01
2.479053e+00 1.747528e+11 8.98014259e-02 8.876509e+01
2.479053e+00 2.205131e+11 8.83228667e-02 1.002251e+02
2.479053e+00 2.782559e+11 8.64757364e-02 1.131647e+02
2.479053e+00 3.511192e+11 8.42442744e-02 1.277748e+02
2.479053e+00 4.430621e+11 8.16172344e-02 1.442712e+02
2.479053e+00 5.590810e+11 8.07386115e-02 1.651100e+02
2.479053e+00 7.054802e+11 7.72173541e-02 1.864266e+02
2.479053e+00 8.902151e+11 7.32961832e-02 2.104952e+02
2.479053e+00 1.123324e+12 6.89956675e-02 2.376712e+02
2.479053e+00 1.417474e+12 6.43477842e-02 2.683558e+02
2.479053e+00 1.788650e+12 5.93969202e-02 3.030019e+02
2.479053e+00 2.257020e+12 5.42004478e-02 3.421210e+02
2.479053e+00 2.848036e+12 4.88286887e-02 3.862905e+02
2.479053e+00 3.593814e+12 4.33640711e-02 4.361626e+02
2.479053e+00 4.534879e+12 3.78992933e-02 4.924734e+02
2.479053e+00 5.722368e+12 3.25343504e-02 5.560543e+02
2.479053e+00 7.220809e+12 2.73723611e-02 6.278437e+02
2.479053e+00 9.111628e+12 2.25142672e-02 7.089016e+02
2.479053e+00 1.149757e+13 1.80526575e-02 8.004244e+02
2.479053e+00 1.450829e+13 1.40651885e-02 9.037633e+02
2.479053e+00 1.830738e+13 1.06083001e-02 1.020444e+03
2.479053e+00 2.310130e+13 7.71210661e-03 1.152188e+03
2.479053e+00 2.915053e+13 5.37741149e-03 1.300942e+03
2.479053e+00 3.678380e+13 3.57567496e-03 1.468900e+03
2.479053e+00 4.641589e+13 2.25239923e-03 1.658542e+03
2.479053e+00 5.857021e+13 1.33379635e-03 1.872669e+03
2.479053e+00 7.390722e+13 7.35862474e-04 2.114440e+03
2.479053e+00 9.326033e+13 3.74303329e-04 2.387425e+03
2.479053e+00 1.176812e+14 1.73403006e-04 2.695653e+03
2.479053e+00 1.484968e+14 7.21213321e-05 3.043676e+03
2.479053e+00 1.873817e+14 2.64800172e-05 3.436630e+03
2.479053e+00 2.364489e+14 8.41361640e-06 3.880317e+03
2.479053e+00 2.983647e+14 2.25968479e-06 4.381286e+03
2.479053e+00 3.764936e+14 4.98904448e-07 4.946932e+03
2.479053e+00 4.750810e+14 8.76001955e-08 5.585606e+03
2.479053e+00 5.994843e+14 1.17583826e-08 6.306737e+03
2.479053e+00 7.564633e+14 1.15105848e-09 7.120968e+03
2.479053e+00 9.545485e+14 7.76826640e-11 8.040322e+03
2.479053e+00 1.204504e+15 3.37558568e-12 9.078369e+03
2.479053e+00 1.519911e+15 8.68409734e-14 1.025043e+04
2.479053e+00 1.917910e+15 1.19545557e-15 1.157382e+04
2.479053e+00 2.420128e+15 7.82575436e-18 1.306805e+04
2.479053e+00 3.053856e+15 2.12245464e-20 1.475521e+04
2.479053e+00 3.853529e+15 2.01209057e-23 1.666018e+04
2.479053e+00 4.862602e+15 5.33273923e-27 1.881109e+04
2.479053e+00 6.135907e+15 2.93139759e-31 2.123970e+04
2.479053e+00 7.742637e+15 2.27042372e-36 2.398186e+04
2.479053e+00 9.770100e+15 1.54035191e-42 2.707804e+04
2.479053e+00 1.232847e+16 5.24181063e-50 3.057395e+04
2.479053e+00 1.555676e+16 4.61025190e-59 3.405858e+04
2.479053e+00 1.963041e+16 5.36126235e-70 3.845572e+04
2.479053e+00 2.477076e+16 3.45231437e-83 4.342055e+04
2.479053e+00 3.125716e+16 4.44061100e-99 4.902636e+04
2.479053e+00 3.944206e+16 3.17392123e-118 5.535592e+04
2.479053e+00 4.977024e+16 2.42519045e-141 6.250265e+04
2.479053e+00 6.280291e+16 2.30422704e-169 7.057206e+04
2.479053e+00 7.924829e+16 1.62340338e-203 7.968328e+04
2.479053e+00 1.000000e+17 2.11000566e-245 8.997080e+04
2.658234e+00 1.261857e+07 2.57852643e-02 4.420871e-01
2.658234e+00 1.592283e+07 2.71863965e-02 5.059430e-01
2.658234e+00 2.009233e+07 2.86622820e-02 5.790223e-01
2.658234e+00 2.535364e+07 3.02164269e-02 6.626574e-01
2.658234e+00 3.199267e+07 3.18524151e-02 7.583729e-01
2.658234e+00 4.037017e+07 3.35738944e-02 8.679137e-01
2.658234e+00 5.094138e+07 3.53845588e-02 9.932768e-01
2.658234e+00 6.428073e+07 3.72881252e-02 1.136748e+00
2.658234e+00 8.111308e+07 3.92883095e-02 1.300942e+00
2.658234e+00 1.023531e+08 4.13887942e-02 1.488852e+00
2.658234e+00 1.291550e+08 4.24326263e-02 1.681071e+00
2.658234e+00 1.629751e+08 4.46828885e-02 1.923888e+00
2.658234e+00 2.056512e+08 4.70409454e-02 2.201778e+00
2.658234e+00 2.595024e+08 4.81917400e-02 2.486038e+00
2.658234e+00 3.274549e+08 5.07054170e-02 2.845126e+00
2.658234e+00 4.132012e+08 5.33319241e-02 3.256082e+00
2.658234e+00 5.214008e+08 5.45803019e-02 3.676459e+00
2.658234e+00 6.579332e+08 5.73614099e-02 4.207493e+00
2.658234e+00 8.302176e+08 5.86518539e-02 4.750702e+00
2.658234e+00 1.047616e+09 6.15797326e-02 5.436903e+00
2.658234e+00 1.321941e+09 6.28965956e-02 6.138835e+00
2.658234e+00 1.668101e+09 6.42011916e-02 6.931390e+00
2.658234e+00 2.104904e+09 6.72785520e-02 7.932573e+00
2.658234e+00 2.656088e+09 6.85740809e-02 8.956708e+00
2.658234e+00 3.351603e+09 6.98359170e-02 1.011307e+01
2.658234e+00 4.229243e+09 7.29988057e-02 1.157382e+01
2.658234e+00 5.336699e+09 7.41982596e-02 1.306805e+01
2.658234e+00 6.734151e+09 7.53335111e-02 1.475521e+01
2.658234e+00 8.497534e+09 7.84820987e-02 1.688648e+01
2.658234e+00 1.072267e+10 7.94788374e-02 1.906661e+01
2.658234e+00 1.353048e+10 8.03697691e-02 2.152820e+01
2.658234e+00 1.707353e+10 8.11393990e-02 2.430761e+01
2.658234e+00 2.154435e+10 8.40076502e-02 2.781864e+01
2.658234e+00 2.718588e+10 8.44969348e-02 3.141017e+01
2.658234e+00 3.430469e+10 8.48074273e-02 3.546539e+01
2.658234e+00 4.328761e+10 8.49192809e-02 4.004415e+01
2.658234e+00 5.462277e+10 8.48120279e-02 4.521405e+01
2.658234e+00 6.892612e+10 8.67750700e-02 5.174486e+01
2.658234e+00 8.697490e+10 8.61506733e-02 5.842538e+01
2.658234e+00 1.097499e+11 8.52376739e-02 6.596840e+01
2.658234e+00 1.384886e+11 8.40163090e-02 7.448526e+01
2.658234e+00 1.747528e+11 8.24685334e-02 8.410168e+01
2.658234e+00 2.205131e+11 8.05788423e-02 9.495964e+01
2.658234e+00 2.782559e+11 7.83351714e-02 1.072194e+02
2.658234e+00 3.511192e+11 7.57299243e-02 1.210620e+02
2.658234e+00 4.430621e+11 7.27610883e-02 1.366917e+02
2.658234e+00 5.590810e+11 6.94334080e-02 1.543393e+02
2.658234e+00 7.054802e+11 6.75581461e-02 1.766324e+02
2.658234e+00 8.902151e+11 6.34505548e-02 1.994365e+02
2.658234e+00 1.123324e+12 5.90423619e-02 2.251848e+02
2.658234e+00 1.417474e+12 5.43772846e-02 2.542573e+02
2.658234e+00 1.788650e+12 4.95104002e-02 2.870832e+02
2.658234e+00 2.257020e+12 4.45078884e-02 3.241471e+02
2.658234e+00 2.848036e+12 3.94460431e-02 3.659962e+02
2.658234e+00 3.593814e+12 3.44094089e-02 4.132482e+02
2.658234e+00 4.534879e+12 2.94879428e-02 4.666006e+02
2.658234e+00 5.722368e+12 2.47731780e-02 5.268411e+02
2.658234e+00 7.220809e+12 2.03534863e-02 5.948590e+02
2.658234e+00 9.111628e+12 1.63086892e-02 6.716584e+02
2.658234e+00 1.149757e+13 1.27044501e-02 7.583729e+02
2.658234e+00 1.450829e+13 9.58705344e-03 8.562827e+02
2.658234e+00 1.830738e+13 6.97931291e-03 9.668332e+02
2.658234e+00 2.310130e+13 4.87837879e-03 1.091656e+03
2.658234e+00 2.915053e+13 3.25608890e-03 1.232595e+03
2.658234e+00 3.678380e+13 2.06218883e-03 1.391729e+03
2.658234e+00 4.641589e+13 1.23024507e-03 1.571408e+03
2.658234e+00 5.857021e+13 6.85478574e-04 1.774285e+03
2.658234e+00 7.390722e+13 3.53214634e-04 2.003355e+03
2.658234e+00 9.326033e+13 1.66384743e-04 2.261998e+03
2.658234e+00 1.176812e+14 7.06895968e-05 2.554033e+03
2.658234e+00 1.484968e+14 2.59520095e-05 2.845126e+03
2.658234e+00 1.873817e+14 8.52932614e-06 3.212447e+03
2.658234e+00 2.364489e+14 2.38967942e-06 3.627190e+03
2.658234e+00 2.983647e+14 5.56139893e-07 4.095479e+03
2.658234e+00 3.764936e+14 1.04256802e-07 4.624226e+03
2.658234e+00 4.750810e+14 1.51785912e-08 5.221237e+03
2.658234e+00 5.994843e+14 1.64299199e-09 5.895326e+03
2.658234e+00 7.564633e+14 1.25535023e-10 6.656443e+03
2.658234e+00 9.545485e+14 6.36306383e-12 7.515823e+03
2.658234e+00 1.204504e+15 1.98421703e-13 8.486155e+03
2.658234e+00 1.519911e+15 3.47002771e-15 9.581761e+03
2.658234e+00 1.917910e+15 3.04432642e-17 1.081881e+04
2.658234e+00 2.420128e+15 1.17646059e-19 1.221558e+04
2.658234e+00 3.053856e+15 1.72011341e-22 1.379267e+04
2.658234e+00 3.853529e+15 7.88743004e-26 1.557338e+04
2.658234e+00 4.862602e+15 8.86392761e-30 1.758398e+04
2.658234e+00 6.135907e+15 1.70937487e-34 1.958809e+04
2.658234e+00 7.742637e+15 3.89799730e-40 2.211702e+04
2.658234e+00 9.770100e+15 6.05826130e-47 2.497244e+04
2.658234e+00 1.232847e+16 3.47073659e-55 2.819651e+04
2.658234e+00 1.555676e+16 3.63469172e-65 3.183682e+04
2.658234e+00 1.963041e+16 3.13053348e-77 3.594712e+04
2.658234e+00 2.477076e+16 8.74698430e-92 4.058807e+04
2.658234e+00 3.125716e+16 2.57464288e-109 4.582820e+04
2.658234e+00 3.944206e+16 1.94638794e-130 5.174486e+04
2.658234e+00 4.977024e+16 6.13463862e-156 5.842538e+04
2.658234e+00 6.280291e+16 7.51218920e-187 6.596840e+04
2.658234e+00 7.924829e+16 1.59420927e-224 7.448526e+04
2.658234e+00 1.000000e+17 9.70663656e-271 8.297463e+04
2.850366e+00 1.261857e+07 2.44836590e-02 4.077102e-01
2.850366e+00 1.592283e+07 2.57975481e-02 4.666006e-01
2.850366e+00 2.009233e+07 2.71797742e-02 5.339973e-01
2.850366e+00 2.535364e+07 2.86333344e-02 6.111289e-01
2.850366e+00 3.199267e+07 3.09861954e-02 7.089016e-01
2.850366e+00 4.037017e+07 3.26354490e-02 8.112967e-01
2.850366e+00 5.094138e+07 3.43673715e-02 9.284819e-01
2.850366e+00 6.428073e+07 3.61850654e-02 1.062594e+00
2.850366e+00 8.111308e+07 3.80915749e-02 1.216077e+00
2.850366e+00 1.023531e+08 3.90225512e-02 1.373078e+00
2.850366e+00 1.291550e+08 4.10596810e-02 1.571408e+00
2.850366e+00 1.629751e+08 4.31914212e-02 1.798386e+00
2.850366e+00 2.056512e+08 4.54200868e-02 2.058148e+00
2.850366e+00 2.595024e+08 4.64765236e-02 2.323865e+00
2.850366e+00 3.274549e+08 4.88400613e-02 2.659529e+00
2.850366e+00 4.132012e+08 5.13026415e-02 3.043676e+00
2.850366e+00 5.214008e+08 5.24308420e-02 3.436630e+00
2.850366e+00 6.579332e+08 5.50217933e-02 3.933024e+00
2.850366e+00 8.302176e+08 5.61725225e-02 4.440797e+00
2.850366e+00 1.047616e+09 5.88800157e-02 5.082234e+00
2.850366e+00 1.321941e+09 6.00348045e-02 5.738377e+00
2.850366e+00 1.668101e+09 6.28403438e-02 6.567239e+00
2.850366e+00 2.104904e+09 6.39743320e-02 7.415103e+00
2.850366e+00 2.656088e+09 6.68510778e-02 8.486155e+00
2.850366e+00 3.351603e+09 6.79316410e-02 9.581761e+00
2.850366e+00 4.229243e+09 6.89565082e-02 1.081881e+01
2.850366e+00 5.336699e+09 7.18278030e-02 1.238151e+01
2.850366e+00 6.734151e+09 7.27341501e-02 1.398002e+01
2.850366e+00 8.497534e+09 7.35493143e-02 1.578491e+01
2.850366e+00 1.072267e+10 7.42601106e-02 1.782283e+01
2.850366e+00 1.353048e+10 7.68997056e-02 2.039719e+01
2.850366e+00 1.707353e+10 7.73711267e-02 2.303057e+01
2.850366e+00 2.154435e+10 7.76892273e-02 2.600393e+01
2.850366e+00 2.718588e+10 7.78370760e-02 2.936118e+01
2.850366e+00 3.430469e+10 7.99249925e-02 3.360216e+01
2.850366e+00 4.328761e+10 7.96728120e-02 3.794037e+01
2.850366e+00 5.462277e+10 7.91910352e-02 4.283867e+01
2.850366e+00 6.892612e+10 7.84615579e-02 4.836936e+01
2.850366e+00 8.697490e+10 7.74669931e-02 5.461409e+01
2.850366e+00 1.097499e+11 7.61911922e-02 6.166505e+01
2.850366e+00 1.384886e+11 7.46198934e-02 6.962632e+01
2.850366e+00 1.747528e+11 7.27414067e-02 7.861543e+01
2.850366e+00 2.205131e+11 7.24769755e-02 8.997080e+01
2.850366e+00 2.782559e+11 6.98948043e-02 1.015865e+02
2.850366e+00 3.511192e+11 6.69857050e-02 1.147018e+02
2.850366e+00 4.430621e+11 6.37573507e-02 1.295104e+02
2.850366e+00 5.590810e+11 6.02247966e-02 1.462309e+02
2.850366e+00 7.054802e+11 5.64113846e-02 1.651100e+02
2.850366e+00 8.902151e+11 5.23494775e-02 1.864266e+02
2.850366e+00 1.123324e+12 4.80809215e-02 2.104952e+02
2.850366e+00 1.417474e+12 4.36571179e-02 2.376712e+02
2.850366e+00 1.788650e+12 3.91385780e-02 2.683558e+02
2.850366e+00 2.257020e+12 3.45938378e-02 3.030019e+02
2.850366e+00 2.848036e+12 3.00976276e-02 3.421210e+02
2.850366e+00 3.593814e+12 2.57282379e-02 3.862905e+02
2.850366e+00 4.534879e+12 2.15640926e-02 4.361626e+02
2.850366e+00 5.722368e+12 1.76796423e-02 4.924734e+02
2.850366e+00 7.220809e+12 1.41408209e-02 5.560543e+02
2.850366e+00 9.111628e+12 1.10004466e-02 6.278437e+02
2.850366e+00 1.149757e+13 8.29408207e-03 7.089016e+02
2.850366e+00 1.450829e+13 6.03695648e-03 8.004244e+02
2.850366e+00 1.830738e+13 4.22254635e-03 9.037633e+02
2.850366e+00 2.310130e+13 2.82328907e-03 1.020444e+03
2.850366e+00 2.915053e+13 1.79362218e-03 1.152188e+03
2.850366e+00 3.678380e+13 1.07513623e-03 1.300942e+03
2.850366e+00 4.641589e+13 5.87106208e-04 1.449215e+03
2.850366e+00 5.857021e+13 3.05383069e-04 1.636316e+03
2.850366e+00 7.390722e+13 1.45672755e-04 1.847573e+03
2.850366e+00 9.326033e+13 6.29178698e-05 2.086104e+03
2.850366e+00 1.176812e+14 2.42409320e-05 2.355431e+03
2.850366e+00 1.484968e+14 8.18658467e-06 2.659529e+03
2.850366e+00 1.873817e+14 2.37409333e-06 3.002888e+03
2.850366e+00 2.364489e+14 5.77032088e-07 3.390576e+03
2.850366e+00 2.983647e+14 1.14224385e-07 3.828316e+03
2.850366e+00 3.764936e+14 1.78000898e-08 4.322572e+03
2.850366e+00 4.750810e+14 2.09722872e-09 4.880638e+03
2.850366e+00 5.994843e+14 1.78034730e-10 5.510753e+03
2.850366e+00 7.564633e+14 1.00081206e-11 6.138835e+03
2.850366e+00 9.545485e+14 3.67132890e-13 6.931390e+03
2.850366e+00 1.204504e+15 7.87006723e-15 7.826267e+03
2.850366e+00 1.519911e+15 8.89976709e-17 8.836679e+03
2.850366e+00 1.917910e+15 4.69404569e-19 9.977539e+03
2.850366e+00 2.420128e+15 1.00018982e-21 1.126569e+04
2.850366e+00 3.053856e+15 7.27748202e-25 1.272015e+04
2.850366e+00 3.853529e+15 1.46920764e-28 1.436238e+04
2.850366e+00 4.862602e+15 6.26488876e-33 1.621664e+04
2.850366e+00 6.135907e+15 3.91979056e-38 1.831029e+04
2.850366e+00 7.742637e+15 2.18657161e-44 2.039719e+04
2.850366e+00 9.770100e+15 6.43278055e-52 2.303057e+04
2.850366e+00 1.232847e+16 4.92607166e-61 2.600393e+04
2.850366e+00 1.555676e+16 4.52332474e-72 2.936118e+04
2.850366e+00 1.963041e+16 2.06000306e-85 3.315185e+04
2.850366e+00 2.477076e+16 1.66377287e-101 3.743193e+04
2.850366e+00 3.125716e+16 6.87220420e-121 4.226458e+04
2.850366e+00 3.944206e+16 3.04926173e-144 4.772115e+04
2.850366e+00 4.977024e+16 1.89553202e-172 5.316012e+04
2.850366e+00 6.280291e+16 1.26412196e-206 6.002336e+04
2.850366e+00 7.924829e+16 2.82877425e-248 6.777268e+04
2.850366e+00 1.000000e+17 2.35107311e-299 7.652248e+04
3.056385e+00 1.261857e+07 2.19876067e-02 3.659962e-01
3.056385e+00 1.592283e+07 2.37838034e-02 4.245508e-01
3.056385e+00 2.009233e+07 2.50389214e-02 4.858738e-01
3.056385e+00 2.535364e+07 2.63567640e-02 5.560543e-01
3.056385e+00 3.199267e+07 2.84984560e-02 6.450157e-01
3.056385e+00 4.037017e+07 2.99886600e-02 7.381830e-01
3.056385e+00 5.094138e+07 3.15506670e-02 8.448076e-01
3.056385e+00 6.428073e+07 3.31868108e-02 9.668332e-01
3.056385e+00 8.111308e+07 3.48993156e-02 1.106484e+00
3.056385e+00 1.023531e+08 3.66902552e-02 1.266307e+00
3.056385e+00 1.291550e+08 3.85615099e-02 1.449215e+00
3.056385e+00 1.629751e+08 4.05147163e-02 1.658542e+00
3.056385e+00 2.056512e+08 4.25512059e-02 1.898105e+00
3.056385e+00 2.595024e+08 4.46719415e-02 2.172271e+00
3.056385e+00 3.274549e+08 4.56294382e-02 2.452723e+00
3.056385e+00 4.132012e+08 4.78587058e-02 2.806999e+00
3.056385e+00 5.214008e+08 5.01698307e-02 3.212447e+00
3.056385e+00 6.579332e+08 5.11621367e-02 3.627190e+00
3.056385e+00 8.302176e+08 5.35663265e-02 4.151108e+00
3.056385e+00 1.047616e+09 5.45516434e-02 4.687038e+00
3.056385e+00 1.321941e+09 5.70301949e-02 5.364042e+00
3.056385e+00 1.668101e+09 5.79847248e-02 6.056568e+00
3.056385e+00 2.104904e+09 6.05113557e-02 6.931390e+00
3.056385e+00 2.656088e+09 6.14043881e-02 7.826267e+00
3.056385e+00 3.351603e+09 6.39436524e-02 8.956708e+00
3.056385e+00 4.229243e+09 6.47363852e-02 1.011307e+01
3.056385e+00 5.336699e+09 6.54518623e-02 1.141871e+01
3.056385e+00 6.734151e+09 6.78864513e-02 1.306805e+01
3.056385e+00 8.497534e+09 6.84282489e-02 1.475521e+01
3.056385e+00 1.072267e+10 6.88546568e-02 1.666018e+01
3.056385e+00 1.353048e+10 6.91522342e-02 1.881109e+01
3.056385e+00 1.707353e+10 7.12025412e-02 2.152820e+01
3.056385e+00 2.154435e+10 7.11997920e-02 2.430761e+01
3.056385e+00 2.718588e+10 7.10201146e-02 2.744584e+01
3.056385e+00 3.430469e+10 7.06481550e-02 3.098924e+01
3.056385e+00 4.328761e+10 7.00687299e-02 3.499011e+01
3.056385e+00 5.462277e+10 7.11616423e-02 4.004415e+01
3.056385e+00 6.892612e+10 7.00956980e-02 4.521405e+01
3.056385e+00 8.697490e+10 6.87745595e-02 5.105142e+01
3.056385e+00 1.097499e+11 6.71874207e-02 5.764242e+01
3.056385e+00 1.384886e+11 6.53261051e-02 6.508435e+01
3.056385e+00 1.747528e+11 6.31857485e-02 7.348707e+01
3.056385e+00 2.205131e+11 6.07655872e-02 8.297463e+01
3.056385e+00 2.782559e+11 5.80697492e-02 9.368708e+01
3.056385e+00 3.511192e+11 5.51080596e-02 1.057826e+02
3.056385e+00 4.430621e+11 5.18968019e-02 1.194396e+02
3.056385e+00 5.590810e+11 4.84593745e-02 1.348599e+02
3.056385e+00 7.054802e+11 4.48267760e-02 1.522710e+02
3.056385e+00 8.902151e+11 4.10378289e-02 1.719300e+02
3.056385e+00 1.123324e+12 3.71390497e-02 1.941270e+02
3.056385e+00 1.417474e+12 3.31840669e-02 2.191898e+02
3.056385e+00 1.788650e+12 2.92324970e-02 2.474883e+02
3.056385e+00 2.257020e+12 2.53482123e-02 2.794403e+02
3.056385e+00 2.848036e+12 2.15969745e-02 3.155175e+02
3.056385e+00 3.593814e+12 1.80434710e-02 3.562524e+02
3.056385e+00 4.534879e+12 1.47478774e-02 4.022464e+02
3.056385e+00 5.722368e+12 1.17621689e-02 4.541785e+02
3.056385e+00 7.220809e+12 9.12650986e-03 5.128153e+02
3.056385e+00 9.111628e+12 6.86614323e-03 5.790223e+02
3.056385e+00 1.149757e+13 4.98924657e-03 6.537771e+02
3.056385e+00 1.450829e+13 3.48619933e-03 7.381830e+02
3.056385e+00 1.830738e+13 2.33057914e-03 8.334862e+02
3.056385e+00 2.310130e+13 1.48197193e-03 9.410936e+02
3.056385e+00 2.915053e+13 8.90359558e-04 1.062594e+03
3.056385e+00 3.678380e+13 5.01502483e-04 1.199780e+03
3.056385e+00 4.641589e+13 2.62460760e-04 1.354678e+03
3.056385e+00 5.857021e+13 1.22940645e-04 1.509075e+03
3.056385e+00 7.390722e+13 5.37450621e-05 1.703905e+03
3.056385e+00 9.326033e+13 2.10442133e-05 1.923888e+03
3.056385e+00 1.176812e+14 7.25929612e-06 2.172271e+03
3.056385e+00 1.484968e+14 2.16372115e-06 2.452723e+03
3.056385e+00 1.873817e+14 5.44692410e-07 2.769382e+03
3.056385e+00 2.364489e+14 1.12738656e-07 3.126923e+03
3.056385e+00 2.983647e+14 1.85853898e-08 3.530625e+03
3.056385e+00 3.764936e+14 2.28762346e-09 3.933024e+03
3.056385e+00 4.750810e+14 2.12183325e-10 4.440797e+03
3.056385e+00 5.994843e+14 1.36852555e-11 5.014127e+03
3.056385e+00 7.564633e+14 5.75964475e-13 5.661476e+03
3.056385e+00 9.545485e+14 1.46593528e-14 6.392402e+03
3.056385e+00 1.204504e+15 2.05716242e-16 7.217694e+03
3.056385e+00 1.519911e+15 1.42110560e-18 8.149535e+03
3.056385e+00 1.917910e+15 4.10451167e-21 9.078369e+03
3.056385e+00 2.420128e+15 4.46193041e-24 1.025043e+04
3.056385e+00 3.053856e+15 1.47506644e-27 1.157382e+04
3.056385e+00 3.853529e+15 1.17807314e-31 1.306805e+04
3.056385e+00 4.862602e+15 1.67979395e-36 1.475521e+04
3.056385e+00 6.135907e+15 2.85591125e-42 1.666018e+04
3.056385e+00 7.742637e+15 3.43529619e-49 1.881109e+04
3.056385e+00 9.770100e+15 1.49880288e-57 2.095507e+04
3.056385e+00 1.232847e+16 1.18007265e-67 2.366047e+04
3.056385e+00 1.555676e+16 6.91726895e-80 2.671516e+04
3.056385e+00 1.963041e+16 1.13533004e-94 3.016423e+04
3.056385e+00 2.477076e+16 1.66976586e-112 3.405858e+04
3.056385e+00 3.125716e+16 5.54882623e-134 3.845572e+04
3.056385e+00 3.944206e+16 7.19794586e-160 4.283867e+04
3.056385e+00 4.977024e+16 4.14931267e-191 4.836936e+04
3.056385e+00 6.280291e+16 5.65627228e-229 5.461409e+04
3.056385e+00 7.924829e+16 4.04402243e-275 6.166505e+04
3.277294e+00 1.261857e+07 1.91791479e-02 3.241471e-01
3.277294e+00 1.592283e+07 2.07286001e-02 3.760065e-01
3.277294e+00 2.009233e+07 2.18033842e-02 4.303176e-01
3.277294e+00 2.535364e+07 2.35570026e-02 4.991628e-01
3.277294e+00 3.199267e+07 2.47691782e-02 5.712628e-01
3.277294e+00 4.037017e+07 2.67501455e-02 6.626574e-01
3.277294e+00 5.094138e+07 2.81135336e-02 7.583729e-01
3.277294e+00 6.428073e+07 2.95383748e-02 8.679137e-01
3.277294e+00 8.111308e+07 3.18746817e-02 1.006769e+00
3.277294e+00 1.023531e+08 3.34689568e-02 1.152188e+00
3.277294e+00 1.291550e+08 3.51301238e-02 1.318612e+00
3.277294e+00 1.629751e+08 3.68589173e-02 1.509075e+00
3.277294e+00 2.056512e+08 3.86557189e-02 1.727049e+00
3.277294e+00 2.595024e+08 3.94417324e-02 1.950020e+00
3.277294e+00 3.274549e+08 4.13225132e-02 2.231685e+00
3.277294e+00 4.132012e+08 4.32678712e-02 2.554033e+00
3.277294e+00 5.214008e+08 4.52760840e-02 2.922943e+00
3.277294e+00 6.579332e+08 4.60842377e-02 3.300310e+00
3.277294e+00 8.302176e+08 4.81532883e-02 3.777013e+00
3.277294e+00 1.047616e+09 5.02736701e-02 4.322572e+00
3.277294e+00 1.321941e+09 5.10440113e-02 4.880638e+00
3.277294e+00 1.668101e+09 5.31912763e-02 5.585606e+00
3.277294e+00 2.104904e+09 5.38953242e-02 6.306737e+00
3.277294e+00 2.656088e+09 5.60366316e-02 7.217694e+00
3.277294e+00 3.351603e+09 5.66395210e-02 8.149535e+00
3.277294e+00 4.229243e+09 5.71692028e-02 9.201681e+00
3.277294e+00 5.336699e+09 5.91920667e-02 1.053079e+01
3.277294e+00 6.734151e+09 5.95560789e-02 1.189037e+01
3.277294e+00 8.497534e+09 5.98140179e-02 1.342548e+01
3.277294e+00 1.072267e+10 6.15943671e-02 1.536468e+01
3.277294e+00 1.353048e+10 6.16061268e-02 1.734834e+01
3.277294e+00 1.707353e+10 6.14729596e-02 1.958809e+01
3.277294e+00 2.154435e+10 6.11824590e-02 2.211702e+01
3.277294e+00 2.718588e+10 6.23831141e-02 2.531164e+01
3.277294e+00 3.430469e+10 6.17237951e-02 2.857950e+01
3.277294e+00 4.328761e+10 6.08662612e-02 3.226926e+01
3.277294e+00 5.462277e+10 5.97998981e-02 3.643539e+01
3.277294e+00 6.892612e+10 5.85155564e-02 4.113939e+01
3.277294e+00 8.697490e+10 5.70060187e-02 4.645069e+01
3.277294e+00 1.097499e+11 5.67781143e-02 5.316012e+01
3.277294e+00 1.384886e+11 5.47530824e-02 6.002336e+01
3.277294e+00 1.747528e+11 5.24921082e-02 6.777268e+01
3.277294e+00 2.205131e+11 5.00016372e-02 7.652248e+01
3.277294e+00 2.782559e+11 4.72931462e-02 8.640193e+01
3.277294e+00 3.511192e+11 4.43837056e-02 9.755686e+01
3.277294e+00 4.430621e+11 4.12964281e-02 1.101519e+02
3.277294e+00 5.590810e+11 3.80607416e-02 1.243731e+02
3.277294e+00 7.054802e+11 3.47124194e-02 1.404303e+02
3.277294e+00 8.902151e+11 3.12932922e-02 1.585606e+02
3.277294e+00 1.123324e+12 2.78505703e-02 1.790316e+02
3.277294e+00 1.417474e+12 2.44357134e-02 2.021455e+02
3.277294e+00 1.788650e+12 2.11028126e-02 2.282435e+02
3.277294e+00 2.257020e+12 1.79064846e-02 2.577109e+02
3.277294e+00 2.848036e+12 1.48993341e-02 2.909827e+02
3.277294e+00 3.593814e+12 1.21291095e-02 3.285501e+02
3.277294e+00 4.534879e+12 9.63575659e-03 3.709676e+02
3.277294e+00 5.722368e+12 7.44864937e-03 4.188614e+02
3.277294e+00 7.220809e+12 5.43566734e-03 4.666006e+02
3.277294e+00 9.111628e+12 3.93747212e-03 5.268411e+02
3.277294e+00 1.149757e+13 2.74403458e-03 5.948590e+02
3.277294e+00 1.450829e+13 1.83078505e-03 6.716584e+02
3.277294e+00 1.830738e+13 1.16282953e-03 7.583729e+02
3.277294e+00 2.310130e+13 6.98578850e-04 8.562827e+02
3.277294e+00 2.915053e+13 3.94001220e-04 9.668332e+02
3.277294e+00 3.678380e+13 2.06834405e-04 1.091656e+03
3.277294e+00 4.641589e+13 1.00060207e-04 1.232595e+03
3.277294e+00 5.857021e+13 4.29209688e-05 1.373078e+03
3.277294e+00 7.390722e+13 1.69995623e-05 1.550350e+03
3.277294e+00 9.326033e+13 5.95699254e-06 1.750508e+03
3.277294e+00 1.176812e+14 1.81326566e-06 1.976507e+03
3.277294e+00 1.484968e+14 4.69233571e-07 2.231685e+03
3.277294e+00 1.873817e+14 1.00650609e-07 2.519806e+03
3.277294e+00 2.364489e+14 1.73694083e-08 2.845126e+03
3.277294e+00 2.983647e+14 2.26600989e-09 3.169396e+03
3.277294e+00 3.764936e+14 2.26223842e-10 3.578582e+03
3.277294e+00 4.750810e+14 1.60072325e-11 4.040595e+03
3.277294e+00 5.994843e+14 7.56595861e-13 4.562256e+03
3.277294e+00 7.564633e+14 2.22601919e-14 5.151267e+03
3.277294e+00 9.545485e+14 3.64689406e-16 5.738377e+03
3.277294e+00 1.204504e+15 3.16888045e-18 6.479231e+03
3.277294e+00 1.519911e+15 1.25345033e-20 7.315732e+03
3.277294e+00 1.917910e+15 1.94015014e-23 8.260231e+03
3.277294e+00 2.420128e+15 9.85002103e-27 9.326669e+03
3.277294e+00 3.053856e+15 1.33389426e-30 1.053079e+04
3.277294e+00 3.853529e+15 3.63188688e-35 1.173102e+04
3.277294e+00 4.862602e+15 1.49966655e-40 1.324556e+04
3.277294e+00 6.135907e+15 5.83869719e-47 1.495563e+04
3.277294e+00 7.742637e+15 1.20089537e-54 1.688648e+04
3.277294e+00 9.770100e+15 6.40575189e-64 1.906661e+04
3.277294e+00 1.232847e+16 3.74415660e-75 2.123970e+04
3.277294e+00 1.555676e+16 9.76219779e-89 2.398186e+04
3.277294e+00 1.963041e+16 3.73260176e-105 2.707804e+04
3.277294e+00 2.477076e+16 5.90780869e-125 3.057395e+04
3.277294e+00 3.125716e+16 8.16191228e-149 3.405858e+04
3.277294e+00 3.944206e+16 1.52390327e-177 3.845572e+04
3.277294e+00 4.977024e+16 3.15862221e-212 4.342055e+04
3.277294e+00 6.280291e+16 2.88483202e-254 4.902636e+04
3.277294e+00 7.924829e+16 1.69393672e-305 5.535592e+04
3.514171e+00 1.261857e+07 1.53886975e-02 2.756955e-01
3.514171e+00 1.592283e+07 1.66160676e-02 3.198032e-01
3.514171e+00 2.009233e+07 1.79376925e-02 3.709676e-01
3.514171e+00 2.535364e+07 1.93600772e-02 4.303176e-01
3.514171e+00 3.199267e+07 2.08900409e-02 4.991628e-01
3.514171e+00 4.037017e+07 2.19347729e-02 5.712628e-01
3.514171e+00 5.094138e+07 2.36545106e-02 6.626574e-01
3.514171e+00 6.428073e+07 2.48216767e-02 7.583729e-01
3.514171e+00 8.111308e+07 2.67490229e-02 8.797027e-01
3.514171e+00 1.023531e+08 2.80473342e-02 1.006769e+00
3.514171e+00 1.291550e+08 2.93957368e-02 1.152188e+00
3.514171e+00 1.629751e+08 3.07941610e-02 1.318612e+00
3.514171e+00 2.056512e+08 3.31240273e-02 1.529573e+00
3.514171e+00 2.595024e+08 3.46617337e-02 1.750508e+00
3.514171e+00 3.274549e+08 3.52831423e-02 1.976507e+00
3.514171e+00 4.132012e+08 3.68728852e-02 2.261998e+00
3.514171e+00 5.214008e+08 3.85056673e-02 2.588725e+00
3.514171e+00 6.579332e+08 4.01782601e-02 2.962645e+00
3.514171e+00 8.302176e+08 4.18866253e-02 3.390576e+00
3.514171e+00 1.047616e+09 4.24643804e-02 3.828316e+00
3.514171e+00 1.321941e+09 4.41814625e-02 4.381286e+00
3.514171e+00 1.668101e+09 4.59158373e-02 5.014127e+00
3.514171e+00 2.104904e+09 4.63905742e-02 5.661476e+00
3.514171e+00 2.656088e+09 4.80874654e-02 6.479231e+00
3.514171e+00 3.351603e+09 4.84484334e-02 7.315732e+00
3.514171e+00 4.229243e+09 5.00673288e-02 8.372431e+00
3.514171e+00 5.336699e+09 5.02755597e-02 9.453354e+00
3.514171e+00 6.734151e+09 5.03893491e-02 1.067383e+01
3.514171e+00 8.497534e+09 5.17779917e-02 1.221558e+01
3.514171e+00 1.072267e+10 5.16723707e-02 1.379267e+01
3.514171e+00 1.353048e+10 5.14409559e-02 1.557338e+01
3.514171e+00 1.707353e+10 5.24710089e-02 1.782283e+01
3.514171e+00 2.154435e+10 5.19452965e-02 2.012384e+01
3.514171e+00 2.718588e+10 5.12615879e-02 2.272193e+01
3.514171e+00 3.430469e+10 5.04114506e-02 2.565545e+01
3.514171e+00 4.328761e+10 4.93875246e-02 2.896770e+01
3.514171e+00 5.462277e+10 4.95017208e-02 3.315185e+01
3.514171e+00 6.892612e+10 4.80762271e-02 3.743193e+01
3.514171e+00 8.697490e+10 4.64598882e-02 4.226458e+01
3.514171e+00 1.097499e+11 4.46535297e-02 4.772115e+01
3.514171e+00 1.384886e+11 4.26612429e-02 5.388220e+01
3.514171e+00 1.747528e+11 4.04908367e-02 6.083867e+01
3.514171e+00 2.205131e+11 3.81542908e-02 6.869325e+01
3.514171e+00 2.782559e+11 3.56681149e-02 7.756190e+01
3.514171e+00 3.511192e+11 3.30536060e-02 8.757554e+01
3.514171e+00 4.430621e+11 3.03369443e-02 9.888199e+01
3.514171e+00 5.590810e+11 2.75490738e-02 1.116482e+02
3.514171e+00 7.054802e+11 2.47253205e-02 1.260625e+02
3.514171e+00 8.902151e+11 2.19046936e-02 1.423378e+02
3.514171e+00 1.123324e+12 1.91288400e-02 1.607144e+02
3.514171e+00 1.417474e+12 1.64406343e-02 1.814634e+02
3.514171e+00 1.788650e+12 1.38824279e-02 2.048913e+02
3.514171e+00 2.257020e+12 1.14940187e-02 2.313438e+02
3.514171e+00 2.848036e+12 9.31046018e-03 2.612114e+02
3.514171e+00 3.593814e+12 7.35987986e-03 2.949352e+02
3.514171e+00 4.534879e+12 5.66153073e-03 3.330128e+02
3.514171e+00 5.722368e+12 4.22432784e-03 3.760065e+02
3.514171e+00 7.220809e+12 2.96502553e-03 4.188614e+02
3.514171e+00 9.111628e+12 2.05762947e-03 4.729385e+02
3.514171e+00 1.149757e+13 1.36766949e-03 5.339973e+02
3.514171e+00 1.450829e+13 8.65959420e-04 6.029391e+02
3.514171e+00 1.830738e+13 5.19033340e-04 6.807816e+02
3.514171e+00 2.310130e+13 2.92379352e-04 7.686740e+02
3.514171e+00 2.915053e+13 1.53514180e-04 8.679137e+02
3.514171e+00 3.678380e+13 7.24303228e-05 9.668332e+02
3.514171e+00 4.641589e+13 3.20539981e-05 1.091656e+03
3.514171e+00 5.857021e+13 1.27856787e-05 1.232595e+03
3.514171e+00 7.390722e+13 4.52834826e-06 1.391729e+03
3.514171e+00 9.326033e+13 1.39940149e-06 1.571408e+03
3.514171e+00 1.176812e+14 3.69707149e-07 1.774285e+03
3.514171e+00 1.484968e+14 7.93531056e-08 1.976507e+03
3.514171e+00 1.873817e+14 1.41993454e-08 2.231685e+03
3.514171e+00 2.364489e+14 1.99451431e-09 2.519806e+03
3.514171e+00 2.983647e+14 2.11463272e-10 2.845126e+03
3.514171e+00 3.764936e+14 1.61538616e-11 3.212447e+03
3.514171e+00 4.750810e+14 8.18912922e-13 3.578582e+03
3.514171e+00 5.994843e+14 2.72230320e-14 4.040595e+03
3.514171e+00 7.564633e+14 5.34024133e-16 4.562256e+03
3.514171e+00 9.545485e+14 5.62750162e-18 5.151267e+03
3.514171e+00 1.204504e+15 2.84183741e-20 5.816322e+03
3.514171e+00 1.519911e+15 5.81975692e-23 6.479231e+03
3.514171e+00 1.917910e+15 4.31159100e-26 7.315732e+03
3.514171e+00 2.420128e+15 9.24401778e-30 8.260231e+03
3.514171e+00 3.053856e+15 4.55715874e-34 9.326669e+03
3.514171e+00 3.853529e+15 3.78299510e-39 1.038967e+04
3.514171e+00 4.862602e+15 3.83991370e-45 1.173102e+04
3.514171e+00 6.135907e+15 2.81737297e-52 1.324556e+04
3.514171e+00 7.742637e+15 7.84518524e-61 1.495563e+04
3.514171e+00 9.770100e+15 3.65854976e-71 1.666018e+04
3.514171e+00 1.232847e+16 1.19234603e-83 1.881109e+04
3.514171e+00 1.555676e+16 9.16352353e-99 2.123970e+04
3.514171e+00 1.963041e+16 4.96561569e-117 2.398186e+04
3.514171e+00 2.477076e+16 4.52258758e-139 2.671516e+04
3.514171e+00 3.125716e+16 1.33289515e-165 3.016423e+04
3.514171e+00 3.944206e+16 1.46284145e-197 3.405858e+04
3.514171e+00 4.977024e+16 3.82147325e-236 3.845572e+04
3.514171e+00 6.280291e+16 6.38954370e-283 4.283867e+04
3.768168e+00 1.261857e+07 1.10498696e-02 2.221671e-01
3.768168e+00 1.592283e+07 1.19181907e-02 2.577109e-01
3.768168e+00 2.009233e+07 1.32029623e-02 3.030019e-01
3.768168e+00 2.535364e+07 1.42328457e-02 3.514782e-01
3.768168e+00 3.199267e+07 1.53383357e-02 4.077102e-01
3.768168e+00 4.037017e+07 1.69760569e-02 4.793625e-01
3.768168e+00 5.094138e+07 1.82816836e-02 5.560543e-01
3.768168e+00 6.428073e+07 1.91558513e-02 6.363718e-01
3.768168e+00 8.111308e+07 2.06117137e-02 7.381830e-01
3.768168e+00 1.023531e+08 2.21675692e-02 8.562827e-01
3.768168e+00 1.291550e+08 2.31940168e-02 9.799658e-01
3.768168e+00 1.629751e+08 2.49175392e-02 1.136748e+00
3.768168e+00 2.056512e+08 2.60403226e-02 1.300942e+00
3.768168e+00 2.595024e+08 2.71953619e-02 1.488852e+00
3.768168e+00 3.274549e+08 2.83808349e-02 1.703905e+00
3.768168e+00 4.132012e+08 2.95944179e-02 1.950020e+00
3.768168e+00 5.214008e+08 3.08332243e-02 2.231685e+00
3.768168e+00 6.579332e+08 3.20937345e-02 2.554033e+00
3.768168e+00 8.302176e+08 3.33717276e-02 2.922943e+00
3.768168e+00 1.047616e+09 3.46622055e-02 3.345138e+00
3.768168e+00 1.321941e+09 3.59593155e-02 3.828316e+00
3.768168e+00 1.668101e+09 3.62644156e-02 4.322572e+00
3.768168e+00 2.104904e+09 3.75191161e-02 4.946932e+00
3.768168e+00 2.656088e+09 3.77256255e-02 5.585606e+00
3.768168e+00 3.351603e+09 3.89055684e-02 6.392402e+00
3.768168e+00 4.229243e+09 4.00494519e-02 7.315732e+00
3.768168e+00 5.336699e+09 4.00500608e-02 8.260231e+00
3.768168e+00 6.734151e+09 3.99645581e-02 9.326669e+00
3.768168e+00 8.497534e+09 4.08741316e-02 1.067383e+01
3.768168e+00 1.072267e+10 4.05878681e-02 1.205188e+01
3.768168e+00 1.353048e+10 4.12911606e-02 1.379267e+01
3.768168e+00 1.707353e+10 4.07648299e-02 1.557338e+01
3.768168e+00 2.154435e+10 4.01127321e-02 1.758398e+01
3.768168e+00 2.718588e+10 3.93293690e-02 1.985416e+01
3.768168e+00 3.430469e+10 3.94607918e-02 2.272193e+01
3.768168e+00 4.328761e+10 3.83737489e-02 2.565545e+01
3.768168e+00 5.462277e+10 3.71422412e-02 2.896770e+01
3.768168e+00 6.892612e+10 3.57665417e-02 3.270758e+01
3.768168e+00 8.697490e+10 3.42492115e-02 3.693030e+01
3.768168e+00 1.097499e+11 3.25954345e-02 4.169819e+01
3.768168e+00 1.384886e+11 3.08133455e-02 4.708164e+01
3.768168e+00 1.747528e+11 2.97051169e-02 5.388220e+01
3.768168e+00 2.205131e+11 2.76491256e-02 6.083867e+01
3.768168e+00 2.782559e+11 2.55069314e-02 6.869325e+01
3.768168e+00 3.511192e+11 2.33009112e-02 7.756190e+01
3.768168e+00 4.430621e+11 2.10568167e-02 8.757554e+01
3.768168e+00 5.590810e+11 1.88033518e-02 9.888199e+01
3.768168e+00 7.054802e+11 1.65715098e-02 1.116482e+02
3.768168e+00 8.902151e+11 1.43936544e-02 1.260625e+02
3.768168e+00 1.123324e+12 1.19748278e-02 1.404303e+02
3.768168e+00 1.417474e+12 1.00539775e-02 1.585606e+02
3.768168e+00 1.788650e+12 8.27577045e-03 1.790316e+02
3.768168e+00 2.257020e+12 6.66383625e-03 2.021455e+02
3.768168e+00 2.848036e+12 5.23608720e-03 2.282435e+02
3.768168e+00 3.593814e+12 4.00347739e-03 2.577109e+02
3.768168e+00 4.534879e+12 2.96917795e-03 2.909827e+02
3.768168e+00 5.722368e+12 2.12832776e-03 3.285501e+02
3.768168e+00 7.220809e+12 1.46847142e-03 3.709676e+02
3.768168e+00 9.111628e+12 9.70713631e-04 4.188614e+02
3.768168e+00 1.149757e+13 5.95228666e-04 4.666006e+02
3.768168e+00 1.450829e+13 3.55169051e-04 5.268411e+02
3.768168e+00 1.830738e+13 1.99338918e-04 5.948590e+02
3.768168e+00 2.310130e+13 1.04392088e-04 6.716584e+02
3.768168e+00 2.915053e+13 5.05410358e-05 7.583729e+02
3.768168e+00 3.678380e+13 2.17853026e-05 8.448076e+02
3.768168e+00 4.641589e+13 8.71550760e-06 9.538766e+02
3.768168e+00 5.857021e+13 3.10513032e-06 1.077027e+03
3.768168e+00 7.390722e+13 9.68888161e-07 1.216077e+03
3.768168e+00 9.326033e+13 2.59666735e-07 1.373078e+03
3.768168e+00 1.176812e+14 5.68720334e-08 1.529573e+03
3.768168e+00 1.484968e+14 1.04607529e-08 1.727049e+03
3.768168e+00 1.873817e+14 1.52426238e-09 1.950020e+03
3.768168e+00 2.364489e+14 1.69560023e-10 2.201778e+03
3.768168e+00 2.983647e+14 1.34168270e-11 2.452723e+03
3.768168e+00 3.764936e+14 7.56798287e-13 2.769382e+03
3.768168e+00 4.750810e+14 2.78511370e-14 3.126923e+03
3.768168e+00 5.994843e+14 6.21362803e-16 3.530625e+03
3.768168e+00 7.564633e+14 7.49509511e-18 3.933024e+03
3.768168e+00 9.545485e+14 4.64628467e-20 4.440797e+03
3.768168e+00 1.204504e+15 1.26858485e-22 5.014127e+03
3.768168e+00 1.519911e+15 1.30519904e-25 5.661476e+03
3.768168e+00 1.917910e+15 4.08421736e-29 6.306737e+03
3.768168e+00 2.420128e+15 3.29709541e-33 7.120968e+03
3.768168e+00 3.053856e+15 5.17266308e-38 8.040322e+03
3.768168e+00 3.853529e+15 1.14830778e-43 9.078369e+03
3.768168e+00 4.862602e+15 2.31398544e-50 1.011307e+04
3.768168e+00 6.135907e+15 2.56236272e-58 1.141871e+04
3.768168e+00 7.742637e+15 7.40311721e-68 1.289293e+04
3.768168e+00 9.770100e+15 2.25016828e-79 1.436238e+04
3.768168e+00 1.232847e+16 2.70101740e-93 1.621664e+04
3.768168e+00 1.555676e+16 3.82832148e-110 1.831029e+04
3.768168e+00 1.963041e+16 1.66881462e-130 2.067425e+04
3.768168e+00 2.477076e+16 4.54004910e-155 2.303057e+04
3.768168e+00 3.125716e+16 1.22140390e-184 2.600393e+04
3.768168e+00 3.944206e+16 2.92846231e-220 2.936118e+04
3.768168e+00 4.977024e+16 2.84195123e-263 3.270758e+04
4.040524e+00 1.261857e+07 6.20081666e-03 1.585606e-01
4.040524e+00 1.592283e+07 7.05016080e-03 1.889588e-01
4.040524e+00 2.009233e+07 8.01331766e-03 2.251848e-01
4.040524e+00 2.535364e+07 8.86252711e-03 2.647595e-01
4.040524e+00 3.199267e+07 9.79805582e-03 3.112892e-01
4.040524e+00 4.037017e+07 1.08279147e-02 3.659962e-01
4.040524e+00 5.094138e+07 1.16422773e-02 4.245508e-01
4.040524e+00 6.428073e+07 1.28540475e-02 4.991628e-01
4.040524e+00 8.111308e+07 1.38068646e-02 5.790223e-01
4.040524e+00 1.023531e+08 1.48218573e-02 6.716584e-01
4.040524e+00 1.291550e+08 1.59016246e-02 7.791150e-01
4.040524e+00 1.629751e+08 1.70486080e-02 9.037633e-01
4.040524e+00 2.056512e+08 1.77787653e-02 1.034305e+00
4.040524e+00 2.595024e+08 1.90322652e-02 1.199780e+00
4.040524e+00 3.274549e+08 1.98147862e-02 1.373078e+00
4.040524e+00 4.132012e+08 2.11740918e-02 1.592753e+00
4.040524e+00 5.214008e+08 2.20021738e-02 1.822813e+00
4.040524e+00 6.579332e+08 2.28377928e-02 2.086104e+00
4.040524e+00 8.302176e+08 2.36772325e-02 2.387425e+00
4.040524e+00 1.047616e+09 2.45162024e-02 2.732269e+00
4.040524e+00 1.321941e+09 2.53497922e-02 3.126923e+00
4.040524e+00 1.668101e+09 2.61724294e-02 3.578582e+00
4.040524e+00 2.104904e+09 2.69778386e-02 4.095479e+00
4.040524e+00 2.656088e+09 2.77590095e-02 4.687038e+00
4.040524e+00 3.351603e+09 2.77492100e-02 5.292158e+00
4.040524e+00 4.229243e+09 2.84389568e-02 6.056568e+00
4.040524e+00 5.336699e+09 2.90801699e-02 6.931390e+00
4.040524e+00 6.734151e+09 2.88733531e-02 7.826267e+00
4.040524e+00 8.497534e+09 2.93737716e-02 8.956708e+00
4.040524e+00 1.072267e+10 2.90032047e-02 1.011307e+01
4.040524e+00 1.353048e+10 2.93280443e-02 1.157382e+01
4.040524e+00 1.707353e+10 2.87681926e-02 1.306805e+01
4.040524e+00 2.154435e+10 2.81138634e-02 1.475521e+01
4.040524e+00 2.718588e+10 2.81112501e-02 1.688648e+01
4.040524e+00 3.430469e+10 2.72391809e-02 1.906661e+01
4.040524e+00 4.328761e+10 2.62666797e-02 2.152820e+01
4.040524e+00 5.462277e+10 2.51953254e-02 2.430761e+01
4.040524e+00 6.892612e+10 2.46856159e-02 2.781864e+01
4.040524e+00 8.697490e+10 2.33939972e-02 3.141017e+01
4.040524e+00 1.097499e+11 2.20171082e-02 3.546539e+01
4.040524e+00 1.384886e+11 2.05647905e-02 4.004415e+01
4.040524e+00 1.747528e+11 1.90492741e-02 4.521405e+01
4.040524e+00 2.205131e+11 1.74851843e-02 5.105142e+01
4.040524e+00 2.782559e+11 1.58894332e-02 5.764242e+01
4.040524e+00 3.511192e+11 1.42809856e-02 6.508435e+01
4.040524e+00 4.430621e+11 1.26804778e-02 7.348707e+01
4.040524e+00 5.590810e+11 1.11096745e-02 8.297463e+01
4.040524e+00 7.054802e+11 9.59076553e-03 9.368708e+01
4.040524e+00 8.902151e+11 8.14551103e-03 1.057826e+02
4.040524e+00 1.123324e+12 6.79427030e-03 1.194396e+02
4.040524e+00 1.417474e+12 5.55496536e-03 1.348599e+02
4.040524e+00 1.788650e+12 4.44205693e-03 1.522710e+02
4.040524e+00 2.257020e+12 3.46562885e-03 1.719300e+02
4.040524e+00 2.848036e+12 2.63068988e-03 1.941270e+02
4.040524e+00 3.593814e+12 1.93680114e-03 2.191898e+02
4.040524e+00 4.534879e+12 1.37811857e-03 2.474883e+02
4.040524e+00 5.722368e+12 9.18770496e-04 2.756955e+02
4.040524e+00 7.220809e+12 6.02971225e-04 3.112892e+02
4.040524e+00 9.111628e+12 3.77201116e-04 3.514782e+02
4.040524e+00 1.149757e+13 2.23590058e-04 3.968559e+02
4.040524e+00 1.450829e+13 1.24732436e-04 4.480920e+02
4.040524e+00 1.830738e+13 6.32478682e-05 4.991628e+02
4.040524e+00 2.310130e+13 3.04926033e-05 5.636072e+02
4.040524e+00 2.915053e+13 1.34654093e-05 6.363718e+02
4.040524e+00 3.678380e+13 5.38195074e-06 7.185307e+02
4.040524e+00 4.641589e+13 1.92024725e-06 8.112967e+02
4.040524e+00 5.857021e+13 5.85858711e-07 9.037633e+02
4.040524e+00 7.390722e+13 1.58338719e-07 1.020444e+03
4.040524e+00 9.326033e+13 3.61058004e-08 1.152188e+03
4.040524e+00 1.176812e+14 6.77203370e-09 1.300942e+03
4.040524e+00 1.484968e+14 9.87069787e-10 1.449215e+03
4.040524e+00 1.873817e+14 1.13941553e-10 1.636316e+03
4.040524e+00 2.364489e+14 9.72895143e-12 1.847573e+03
4.040524e+00 2.983647e+14 5.85197943e-13 2.086104e+03
4.040524e+00 3.764936e+14 2.27801874e-14 2.323865e+03
4.040524e+00 4.750810e+14 5.65455670e-16 2.623888e+03
4.040524e+00 5.994843e+14 8.02608655e-18 2.962645e+03
4.040524e+00 7.564633e+14 5.75099604e-20 3.300310e+03
4.040524e+00 9.545485e+14 1.95336086e-22 3.726396e+03
4.040524e+00 1.204504e+15 2.65556447e-25 4.207493e+03
4.040524e+00 1.519911e+15 1.18173877e-28 4.687038e+03
4.040524e+00 1.917910e+15 1.47412026e-32 5.292158e+03
4.040524e+00 2.420128e+15 3.93140139e-37 5.975403e+03
4.040524e+00 3.053856e+15 1.68380231e-42 6.746858e+03
4.040524e+00 3.853529e+15 7.90911852e-49 7.515823e+03
4.040524e+00 4.862602e+15 2.69915046e-56 8.486155e+03
4.040524e+00 6.135907e+15 3.50184552e-65 9.581761e+03
4.040524e+00 7.742637e+15 7.54415912e-76 1.067383e+04
4.040524e+00 9.770100e+15 1.06520465e-88 1.205188e+04
4.040524e+00 1.232847e+16 3.02681019e-104 1.360784e+04
4.040524e+00 1.555676e+16 4.51200004e-123 1.515877e+04
4.040524e+00 1.963041e+16 8.29496254e-146 1.711585e+04
4.040524e+00 2.477076e+16 3.09497022e-173 1.906661e+04
4.040524e+00 3.125716e+16 2.97758200e-206 2.152820e+04
4.040524e+00 3.944206e+16 5.04540192e-246 2.430761e+04
4.040524e+00 4.977024e+16 4.78583775e-294 2.707804e+04
4.332565e+00 1.261857e+07 2.18996412e-03 8.997080e-02
4.332565e+00 1.592283e+07 2.62426166e-03 1.101519e-01
4.332565e+00 2.009233e+07 3.05979448e-03 1.330526e-01
4.332565e+00 2.535364e+07 3.66366357e-03 1.628974e-01
4.332565e+00 3.199267e+07 4.15437342e-03 1.941270e-01
4.332565e+00 4.037017e+07 4.70850581e-03 2.313438e-01
4.332565e+00 5.094138e+07 5.33372475e-03 2.756955e-01
4.332565e+00 6.428073e+07 6.03849777e-03 3.285501e-01
4.332565e+00 8.111308e+07 6.65026198e-03 3.862905e-01
4.332565e+00 1.023531e+08 7.31908434e-03 4.541785e-01
4.332565e+00 1.291550e+08 8.04931737e-03 5.339973e-01
4.332565e+00 1.629751e+08 8.84545022e-03 6.278437e-01
4.332565e+00 2.056512e+08 9.45350630e-03 7.282906e-01
4.332565e+00 2.595024e+08 1.03701615e-02 8.562827e-01
4.332565e+00 3.274549e+08 1.10618525e-02 9.932768e-01
4.332565e+00 4.132012e+08 1.17870108e-02 1.152188e+00
4.332565e+00 5.214008e+08 1.25451279e-02 1.336523e+00
4.332565e+00 6.579332e+08 1.29802272e-02 1.529573e+00
4.332565e+00 8.302176e+08 1.37790197e-02 1.774285e+00
4.332565e+00 1.047616e+09 1.42166554e-02 2.030566e+00
4.332565e+00 1.321941e+09 1.50454361e-02 2.355431e+00
4.332565e+00 1.668101e+09 1.54719835e-02 2.695653e+00
4.332565e+00 2.104904e+09 1.58810058e-02 3.085019e+00
4.332565e+00 2.656088e+09 1.62679782e-02 3.530625e+00
4.332565e+00 3.351603e+09 1.66279810e-02 4.040595e+00
4.332565e+00 4.229243e+09 1.69557132e-02 4.624226e+00
4.332565e+00 5.336699e+09 1.72455184e-02 5.292158e+00
4.332565e+00 6.734151e+09 1.74914249e-02 6.056568e+00
4.332565e+00 8.497534e+09 1.72163257e-02 6.838501e+00
4.332565e+00 1.072267e+10 1.73518702e-02 7.826267e+00
4.332565e+00 1.353048e+10 1.74260892e-02 8.956708e+00
4.332565e+00 1.707353e+10 1.69686340e-02 1.011307e+01
4.332565e+00 2.154435e+10 1.69034689e-02 1.157382e+01
4.332565e+00 2.718588e+10 1.63149605e-02 1.306805e+01
4.332565e+00 3.430469e+10 1.56681186e-02 1.475521e+01
4.332565e+00 4.328761e+10 1.53741094e-02 1.688648e+01
4.332565e+00 5.462277e+10 1.45965710e-02 1.906661e+01
4.332565e+00 6.892612e+10 1.37682652e-02 2.152820e+01
4.332565e+00 8.697490e+10 1.32473863e-02 2.463778e+01
4.332565e+00 1.097499e+11 1.23104826e-02 2.781864e+01
4.332565e+00 1.384886e+11 1.13425519e-02 3.141017e+01
4.332565e+00 1.747528e+11 1.03533513e-02 3.546539e+01
4.332565e+00 2.205131e+11 9.35385668e-03 4.004415e+01
4.332565e+00 2.782559e+11 8.58460956e-03 4.582820e+01
4.332565e+00 3.511192e+11 7.57435962e-03 5.174486e+01
4.332565e+00 4.430621e+11 6.59240046e-03 5.842538e+01
4.332565e+00 5.590810e+11 5.65209535e-03 6.596840e+01
4.332565e+00 7.054802e+11 4.76616872e-03 7.448526e+01
4.332565e+00 8.902151e+11 3.94611457e-03 8.410168e+01
4.332565e+00 1.123324e+12 3.20159524e-03 9.495964e+01
4.332565e+00 1.417474e+12 2.53987974e-03 1.072194e+02
4.332565e+00 1.788650e+12 1.96538006e-03 1.210620e+02
4.332565e+00 2.257020e+12 1.47934630e-03 1.366917e+02
4.332565e+00 2.848036e+12 1.05102956e-03 1.522710e+02
4.332565e+00 3.593814e+12 7.41301571e-04 1.719300e+02
4.332565e+00 4.534879e+12 5.03229008e-04 1.941270e+02
4.332565e+00 5.722368e+12 3.27318306e-04 2.191898e+02
4.332565e+00 7.220809e+12 2.02948016e-04 2.474883e+02
4.332565e+00 9.111628e+12 1.19254913e-04 2.794403e+02
4.332565e+00 1.149757e+13 6.59710864e-05 3.155175e+02
4.332565e+00 1.450829e+13 3.31887524e-05 3.514782e+02
4.332565e+00 1.830738e+13 1.58867042e-05 3.968559e+02
4.332565e+00 2.310130e+13 6.97277915e-06 4.480920e+02
4.332565e+00 2.915053e+13 2.77387927e-06 5.059430e+02
4.332565e+00 3.678380e+13 9.60646791e-07 5.636072e+02
4.332565e+00 4.641589e+13 3.00997298e-07 6.363718e+02
4.332565e+00 5.857021e+13 8.15792667e-08 7.185307e+02
4.332565e+00 7.390722e+13 1.87308785e-08 8.112967e+02
4.332565e+00 9.326033e+13 3.46111149e-09 9.037633e+02
4.332565e+00 1.176812e+14 5.28004944e-10 1.020444e+03
4.332565e+00 1.484968e+14 6.26074817e-11 1.152188e+03
4.332565e+00 1.873817e+14 5.54829603e-12 1.300942e+03
4.332565e+00 2.364489e+14 3.41553425e-13 1.449215e+03
4.332565e+00 2.983647e+14 1.45967102e-14 1.636316e+03
4.332565e+00 3.764936e+14 3.95130344e-16 1.847573e+03
4.332565e+00 4.750810e+14 6.10649738e-18 2.058148e+03
4.332565e+00 5.994843e+14 5.18839308e-20 2.323865e+03
4.332565e+00 7.564633e+14 2.11503193e-22 2.623888e+03
4.332565e+00 9.545485e+14 3.53296466e-25 2.922943e+03
4.332565e+00 1.204504e+15 2.17704885e-28 3.300310e+03
4.332565e+00 1.519911e+15 3.96471883e-32 3.726396e+03
4.332565e+00 1.917910e+15 1.64426098e-36 4.151108e+03
4.332565e+00 2.420128e+15 1.24787292e-41 4.687038e+03
4.332565e+00 3.053856e+15 1.22492828e-47 5.292158e+03
4.332565e+00 3.853529e+15 1.01827661e-54 5.895326e+03
4.332565e+00 4.862602e+15 4.49331176e-63 6.656443e+03
4.332565e+00 6.135907e+15 4.98030741e-73 7.415103e+03
4.332565e+00 7.742637e+15 5.97363159e-85 8.372431e+03
4.332565e+00 9.770100e+15 2.51311971e-99 9.453354e+03
4.332565e+00 1.232847e+16 9.93744873e-117 1.053079e+04
4.332565e+00 1.555676e+16 8.93520746e-138 1.189037e+04
4.332565e+00 1.963041e+16 3.31637525e-163 1.342548e+04
4.332565e+00 2.477076e+16 6.98307248e-194 1.495563e+04
4.332565e+00 3.125716e+16 8.24850326e-231 1.688648e+04
4.332565e+00 3.944206e+16 2.65337896e-275 1.881109e+04
4.645714e+00 1.261857e+07 1.22837861e-04 2.039719e-02
4.645714e+00 1.592283e+07 1.82367283e-04 2.781864e-02
4.645714e+00 2.009233e+07 2.56403724e-04 3.693030e-02
4.645714e+00 2.535364e+07 3.50725204e-04 4.836936e-02
4.645714e+00 3.199267e+07 4.66721127e-04 6.250265e-02
4.645714e+00 4.037017e+07 6.04194937e-04 7.968328e-02
4.645714e+00 5.094138e+07 7.81671887e-04 1.015865e-01
4.645714e+00 6.428073e+07 9.57503930e-04 1.260625e-01
4.645714e+00 8.111308e+07 1.17203219e-03 1.564357e-01
4.645714e+00 1.023531e+08 1.39533218e-03 1.915255e-01
4.645714e+00 1.291550e+08 1.65976477e-03 2.344861e-01
4.645714e+00 1.629751e+08 1.97250112e-03 2.870832e-01
4.645714e+00 2.056512e+08 2.21881391e-03 3.421210e-01
4.645714e+00 2.595024e+08 2.56141411e-03 4.132482e-01
4.645714e+00 3.274549e+08 2.87488142e-03 4.924734e-01
4.645714e+00 4.132012e+08 3.22270463e-03 5.868873e-01
4.645714e+00 5.214008e+08 3.51172084e-03 6.900288e-01
4.645714e+00 6.579332e+08 3.92563190e-03 8.223166e-01
4.645714e+00 8.302176e+08 4.15128799e-03 9.538766e-01
4.645714e+00 1.047616e+09 4.50237556e-03 1.121514e+00
4.645714e+00 1.321941e+09 4.87425652e-03 1.318612e+00
4.645714e+00 1.668101e+09 5.12625303e-03 1.529573e+00
4.645714e+00 2.104904e+09 5.37979615e-03 1.774285e+00
4.645714e+00 2.656088e+09 5.63287376e-03 2.058148e+00
4.645714e+00 3.351603e+09 5.88315435e-03 2.387425e+00
4.645714e+00 4.229243e+09 6.12797162e-03 2.769382e+00
4.645714e+00 5.336699e+09 6.19488077e-03 3.169396e+00
4.645714e+00 6.734151e+09 6.41341930e-03 3.676459e+00
4.645714e+00 8.497534e+09 6.44069524e-03 4.207493e+00
4.645714e+00 1.072267e+10 6.44397245e-03 4.815232e+00
4.645714e+00 1.353048e+10 6.42115412e-03 5.510753e+00
4.645714e+00 1.707353e+10 6.54451095e-03 6.392402e+00
4.645714e+00 2.154435e+10 6.28959342e-03 7.217694e+00
4.645714e+00 2.718588e+10 6.17763256e-03 8.260231e+00
4.645714e+00 3.430469e+10 6.03330849e-03 9.453354e+00
4.645714e+00 4.328761e+10 5.85600776e-03 1.081881e+01
4.645714e+00 5.462277e+10 5.64568632e-03 1.238151e+01
4.645714e+00 6.892612e+10 5.25912851e-03 1.398002e+01
4.645714e+00 8.697490e+10 4.99268688e-03 1.599932e+01
4.645714e+00 1.097499e+11 4.57313562e-03 1.806492e+01
4.645714e+00 1.384886e+11 4.26215643e-03 2.067425e+01
4.645714e+00 1.747528e+11 3.82598192e-03 2.334340e+01
4.645714e+00 2.205131e+11 3.48778031e-03 2.671516e+01
4.645714e+00 2.782559e+11 3.05575725e-03 3.016423e+01
4.645714e+00 3.511192e+11 2.64012515e-03 3.405858e+01
4.645714e+00 4.430621e+11 2.24625044e-03 3.845572e+01
4.645714e+00 5.590810e+11 1.93046127e-03 4.401034e+01
4.645714e+00 7.054802e+11 1.58503790e-03 4.969230e+01
4.645714e+00 8.902151e+11 1.27487438e-03 5.610783e+01
4.645714e+00 1.123324e+12 1.00230068e-03 6.335163e+01
4.645714e+00 1.417474e+12 7.68369805e-04 7.153065e+01
4.645714e+00 1.788650e+12 5.72785437e-04 8.076563e+01
4.645714e+00 2.257020e+12 4.13924679e-04 9.119288e+01
4.645714e+00 2.848036e+12 2.88965218e-04 1.029663e+02
4.645714e+00 3.593814e+12 1.94113557e-04 1.162598e+02
4.645714e+00 4.534879e+12 1.24916010e-04 1.312696e+02
4.645714e+00 5.722368e+12 7.66194106e-05 1.482171e+02
4.645714e+00 7.220809e+12 4.45374391e-05 1.673527e+02
4.645714e+00 9.111628e+12 2.43746586e-05 1.889588e+02
4.645714e+00 1.149757e+13 1.24663297e-05 2.133544e+02
4.645714e+00 1.450829e+13 5.90771009e-06 2.408995e+02
4.645714e+00 1.830738e+13 2.50041611e-06 2.683558e+02
4.645714e+00 2.310130e+13 9.86444081e-07 3.030019e+02
4.645714e+00 2.915053e+13 3.48543000e-07 3.421210e+02
4.645714e+00 3.678380e+13 1.08659944e-07 3.862905e+02
4.645714e+00 4.641589e+13 2.93761253e-08 4.361626e+02
4.645714e+00 5.857021e+13 6.57037141e-09 4.858738e+02
4.645714e+00 7.390722e+13 1.25356275e-09 5.486025e+02
4.645714e+00 9.326033e+13 1.93245819e-10 6.194299e+02
4.645714e+00 1.176812e+14 2.33155033e-11 6.994015e+02
4.645714e+00 1.484968e+14 2.06447590e-12 7.791150e+02
4.645714e+00 1.873817e+14 1.35511350e-13 8.797027e+02
4.645714e+00 2.364489e+14 6.09468834e-15 9.932768e+02
4.645714e+00 2.983647e+14 1.71974375e-16 1.106484e+03
4.645714e+00 3.764936e+14 2.98871400e-18 1.249337e+03
4.645714e+00 4.750810e+14 2.85677630e-20 1.410633e+03
4.645714e+00 5.994843e+14 1.31924080e-22 1.571408e+03
4.645714e+00 7.564633e+14 2.74880232e-25 1.774285e+03
4.645714e+00 9.545485e+14 2.17269841e-28 2.003355e+03
4.645714e+00 1.204504e+15 5.30626350e-32 2.231685e+03
4.645714e+00 1.519911e+15 3.39795765e-36 2.519806e+03
4.645714e+00 1.917910e+15 4.27498108e-41 2.845126e+03
4.645714e+00 2.420128e+15 7.57933833e-47 3.169396e+03
4.645714e+00 3.053856e+15 1.39657431e-53 3.578582e+03
4.645714e+00 3.853529e+15 1.66931555e-61 4.040595e+03
4.645714e+00 4.862602e+15 7.02642004e-71 4.501117e+03
4.645714e+00 6.135907e+15 5.05002439e-82 5.082234e+03
4.645714e+00 7.742637e+15 2.15252158e-95 5.661476e+03
4.645714e+00 9.770100e+15 1.67615299e-111 6.392402e+03
4.645714e+00 1.232847e+16 5.47454274e-131 7.217694e+03
4.645714e+00 1.555676e+16 1.40230129e-154 8.040322e+03
4.645714e+00 1.963041e+16 4.53263818e-183 9.078369e+03
4.645714e+00 2.477076e+16 1.95480812e-217 1.011307e+04
4.645714e+00 3.125716e+16 8.36810967e-259 1.141871e+04
4.645714e+00 3.944206e+16 1.36842503e-308 1.272015e+04
4.981498e+00 6.579332e+08 6.59725654e-15 1.048354e-06
4.981498e+00 8.302176e+08 5.69907328e-14 3.483310e-06
4.981498e+00 1.047616e+09 4.17918288e-13 1.067383e-05
4.981498e+00 1.321941e+09 2.53185868e-12 2.975999e-05
4.981498e+00 1.668101e+09 1.33725351e-11 7.756190e-05
4.981498e+00 2.104904e+09 5.99262352e-11 1.864266e-04
4.981498e+00 2.656088e+09 2.34035978e-10 4.188614e-04
4.981498e+00 3.351603e+09 8.18156809e-10 8.916518e-04
4.981498e+00 4.229243e+09 2.55963283e-09 1.798386e-03
4.981498e+00 5.336699e+09 7.16466378e-09 3.436630e-03
4.981498e+00 6.734151e+09 1.84284819e-08 6.306737e-03
4.981498e+00 8.497534e+09 4.23846858e-08 1.096577e-02
4.981498e+00 1.072267e+10 8.95219284e-08 1.831029e-02
4.981498e+00 1.353048e+10 1.78325287e-07 2.975999e-02
4.981498e+00 1.707353e+10 3.34878940e-07 4.708164e-02
4.981498e+00 2.154435e+10 5.76829362e-07 7.153065e-02
4.981498e+00 2.718588e+10 9.35845147e-07 1.057826e-01
4.981498e+00 3.430469e+10 1.42932583e-06 1.522710e-01
4.981498e+00 4.328761e+10 2.05390468e-06 2.133544e-01
4.981498e+00 5.462277e+10 2.85099165e-06 2.949352e-01
4.981498e+00 6.892612e+10 3.71841525e-06 3.968559e-01
4.981498e+00 8.697490e+10 4.67791423e-06 5.268411e-01
4.981498e+00 1.097499e+11 5.67168086e-06 6.900288e-01
4.981498e+00 1.384886e+11 6.62110767e-06 8.916518e-01
4.981498e+00 1.747528e+11 7.43463419e-06 1.136748e+00
4.981498e+00 2.205131e+11 8.23985631e-06 1.449215e+00
4.981498e+00 2.782559e+11 8.52944780e-06 1.798386e+00
4.981498e+00 3.511192e+11 8.69134969e-06 2.231685e+00
4.981498e+00 4.430621e+11 8.47260476e-06 2.732269e+00
4.981498e+00 5.590810e+11 8.10341168e-06 3.345138e+00
4.981498e+00 7.054802e+11 7.38706874e-06 4.040595e+00
4.981498e+00 8.902151e+11 6.57959589e-06 4.880638e+00
4.981498e+00 1.123324e+12 5.55990963e-06 5.816322e+00
4.981498e+00 1.417474e+12 4.56672374e-06 6.931390e+00
4.981498e+00 1.788650e+12 3.63472507e-06 8.260231e+00
4.981498e+00 2.257020e+12 2.71921143e-06 9.711911e+00
4.981498e+00 2.848036e+12 1.95676779e-06 1.141871e+01
4.981498e+00 3.593814e+12 1.34847231e-06 1.342548e+01
4.981498e+00 4.534879e+12 8.61908563e-07 1.557338e+01
4.981498e+00 5.722368e+12 5.36255779e-07 1.831029e+01
4.981498e+00 7.220809e+12 3.05730519e-07 2.123970e+01
4.981498e+00 9.111628e+12 1.62889796e-07 2.463778e+01
4.981498e+00 1.149757e+13 8.04267594e-08 2.857950e+01
4.981498e+00 1.450829e+13 3.64501343e-08 3.315185e+01
4.981498e+00 1.830738e+13 1.45982889e-08 3.794037e+01
4.981498e+00 2.310130e+13 5.38476307e-09 4.401034e+01
4.981498e+00 2.915053e+13 1.70821923e-09 5.036727e+01
4.981498e+00 3.678380e+13 4.70829697e-10 5.764242e+01
4.981498e+00 4.641589e+13 1.10583925e-10 6.596840e+01
4.981498e+00 5.857021e+13 2.16391578e-11 7.549700e+01
4.981498e+00 7.390722e+13 3.43655518e-12 8.640193e+01
4.981498e+00 9.326033e+13 4.29598542e-13 9.888199e+01
4.981498e+00 1.176812e+14 4.07881082e-14 1.131647e+02
4.981498e+00 1.484968e+14 2.82056144e-15 1.295104e+02
4.981498e+00 1.873817e+14 1.31630922e-16 1.462309e+02
4.981498e+00 2.364489e+14 4.12882144e-18 1.673527e+02
4.981498e+00 2.983647e+14 7.70035180e-20 1.889588e+02
4.981498e+00 3.764936e+14 8.30897133e-22 2.162524e+02
4.981498e+00 4.750810e+14 4.46188957e-24 2.441717e+02
4.981498e+00 5.994843e+14 1.12158734e-26 2.794403e+02
4.981498e+00 7.564633e+14 1.09008317e-29 3.155175e+02
4.981498e+00 9.545485e+14 3.57059105e-33 3.562524e+02
4.981498e+00 1.204504e+15 3.31559048e-37 4.077102e+02
4.981498e+00 1.519911e+15 6.47456107e-42 4.603477e+02
4.981498e+00 1.917910e+15 2.03688239e-47 5.197809e+02
4.981498e+00 2.420128e+15 7.33046258e-54 5.868873e+02
4.981498e+00 3.053856e+15 2.01858626e-61 6.626574e+02
4.981498e+00 3.853529e+15 2.58309517e-70 7.482099e+02
4.981498e+00 4.862602e+15 7.97617628e-81 8.448076e+02
4.981498e+00 6.135907e+15 2.48311262e-93 9.538766e+02
4.981498e+00 7.742637e+15 2.52844044e-108 1.077027e+03
4.981498e+00 9.770100e+15 2.11595028e-126 1.216077e+03
4.981498e+00 1.232847e+16 2.87966645e-148 1.373078e+03
4.981498e+00 1.555676e+16 1.00157478e-174 1.550350e+03
4.981498e+00 1.963041e+16 1.07933590e-206 1.750508e+03
4.981498e+00 2.477076e+16 3.07863857e-245 1.976507e+03
4.981498e+00 3.125716e+16 1.18561123e-291 2.231685e+03
