# zs=2.0000 kappathrH=3.56252411e-04
1.072278e-02 1.261857e+07 1.60726578e-06 1.260625e-01
1.072278e-02 1.592283e+07 1.70228504e-06 1.442712e-01
1.072278e-02 2.009233e+07 1.80328796e-06 1.651100e-01
1.072278e-02 2.535364e+07 1.96293363e-06 1.915255e-01
1.072278e-02 3.199267e+07 2.08025762e-06 2.191898e-01
1.072278e-02 4.037017e+07 2.20505326e-06 2.508500e-01
1.072278e-02 5.094138e+07 2.33782615e-06 2.870832e-01
1.072278e-02 6.428073e+07 2.47911780e-06 3.285501e-01
1.072278e-02 8.111308e+07 2.62950850e-06 3.760065e-01
1.072278e-02 1.023531e+08 2.78962001e-06 4.303176e-01
1.072278e-02 1.291550e+08 3.04108023e-06 4.991628e-01
1.072278e-02 1.629751e+08 3.22764739e-06 5.712628e-01
1.072278e-02 2.056512e+08 3.42640631e-06 6.537771e-01
1.072278e-02 2.595024e+08 3.63820044e-06 7.482099e-01
1.072278e-02 3.274549e+08 3.76106588e-06 8.448076e-01
1.072278e-02 4.132012e+08 3.99530148e-06 9.668332e-01
1.072278e-02 5.214008e+08 4.24506044e-06 1.106484e+00
1.072278e-02 6.579332e+08 4.51142689e-06 1.266307e+00
1.072278e-02 8.302176e+08 4.79556307e-06 1.449215e+00
1.072278e-02 1.047616e+09 5.09871433e-06 1.658542e+00
1.072278e-02 1.321941e+09 5.42221478e-06 1.898105e+00
1.072278e-02 1.668101e+09 5.76749366e-06 2.172271e+00
1.072278e-02 2.104904e+09 5.97272223e-06 2.452723e+00
1.072278e-02 2.656088e+09 6.35577825e-06 2.806999e+00
1.072278e-02 3.351603e+09 6.76482090e-06 3.212447e+00
1.072278e-02 4.229243e+09 7.20167245e-06 3.676459e+00
1.072278e-02 5.336699e+09 7.46413044e-06 4.151108e+00
1.072278e-02 6.734151e+09 7.94930223e-06 4.750702e+00
1.072278e-02 8.497534e+09 8.46761735e-06 5.436903e+00
1.072278e-02 1.072267e+10 9.02137316e-06 6.222219e+00
1.072278e-02 1.353048e+10 9.35708928e-06 7.025540e+00
1.072278e-02 1.707353e+10 9.97237970e-06 8.040322e+00
1.072278e-02 2.154435e+10 1.06297497e-05 9.201681e+00
1.072278e-02 2.718588e+10 1.10303441e-05 1.038967e+01
1.072278e-02 3.430469e+10 1.17605578e-05 1.189037e+01
1.072278e-02 4.328761e+10 1.25404628e-05 1.360784e+01
1.072278e-02 5.462277e+10 1.30172393e-05 1.536468e+01
1.072278e-02 6.892612e+10 1.38826385e-05 1.758398e+01
1.072278e-02 8.697490e+10 1.44120187e-05 1.985416e+01
1.072278e-02 1.097499e+11 1.53710220e-05 2.272193e+01
1.072278e-02 1.384886e+11 1.63935702e-05 2.600393e+01
1.072278e-02 1.747528e+11 1.70177901e-05 2.936118e+01
1.072278e-02 2.205131e+11 1.81472943e-05 3.360216e+01
1.072278e-02 2.782559e+11 1.88340096e-05 3.794037e+01
1.072278e-02 3.511192e+11 2.00775854e-05 4.342055e+01
1.072278e-02 4.430621e+11 2.08283935e-05 4.902636e+01
1.072278e-02 5.590810e+11 2.21914301e-05 5.610783e+01
1.072278e-02 7.054802e+11 2.30054669e-05 6.335163e+01
1.072278e-02 8.902151e+11 2.44903486e-05 7.250226e+01
1.072278e-02 1.123324e+12 2.60566156e-05 8.297463e+01
1.072278e-02 1.417474e+12 2.69671950e-05 9.368708e+01
1.072278e-02 1.788650e+12 2.86506171e-05 1.072194e+02
1.072278e-02 2.257020e+12 2.96016734e-05 1.210620e+02
1.072278e-02 2.848036e+12 3.13872399e-05 1.385484e+02
1.072278e-02 3.593814e+12 3.23542017e-05 1.564357e+02
1.072278e-02 4.534879e+12 3.42136340e-05 1.790316e+02
1.072278e-02 5.722368e+12 3.51577721e-05 2.021455e+02
1.072278e-02 7.220809e+12 3.70441955e-05 2.313438e+02
1.072278e-02 9.111628e+12 3.79076365e-05 2.612114e+02
1.072278e-02 1.149757e+13 3.97490881e-05 2.989413e+02
1.072278e-02 1.450829e+13 4.04491666e-05 3.375362e+02
1.072278e-02 1.830738e+13 4.21414842e-05 3.862905e+02
1.072278e-02 2.310130e+13 4.25654267e-05 4.361626e+02
1.072278e-02 2.915053e+13 4.39660821e-05 4.991628e+02
1.072278e-02 3.678380e+13 4.39683172e-05 5.636072e+02
1.072278e-02 4.641589e+13 4.48945927e-05 6.450157e+02
1.072278e-02 5.857021e+13 4.43011355e-05 7.282906e+02
1.072278e-02 7.390722e+13 4.45388788e-05 8.334862e+02
1.072278e-02 9.326033e+13 4.31661428e-05 9.410936e+02
1.072278e-02 1.176812e+14 4.24986813e-05 1.077027e+03
1.072278e-02 1.484968e+14 4.01964664e-05 1.216077e+03
1.072278e-02 1.873817e+14 3.84646981e-05 1.391729e+03
1.072278e-02 2.364489e+14 3.51909960e-05 1.571408e+03
1.072278e-02 2.983647e+14 3.23887590e-05 1.798386e+03
1.072278e-02 3.764936e+14 2.83092298e-05 2.030566e+03
1.072278e-02 4.750810e+14 2.46935394e-05 2.323865e+03
1.072278e-02 5.994843e+14 2.02603483e-05 2.623888e+03
1.072278e-02 7.564633e+14 1.63998837e-05 3.002888e+03
1.072278e-02 9.545485e+14 1.23186415e-05 3.390576e+03
1.072278e-02 1.204504e+15 8.98381498e-06 3.880317e+03
1.072278e-02 1.519911e+15 5.96043903e-06 4.381286e+03
1.072278e-02 1.917910e+15 3.74428964e-06 5.014127e+03
1.072278e-02 2.420128e+15 2.07582169e-06 5.661476e+03
1.072278e-02 3.053856e+15 1.05272261e-06 6.479231e+03
1.072278e-02 3.853529e+15 4.53047320e-07 7.315732e+03
1.072278e-02 4.862602e+15 1.69860741e-07 8.372431e+03
1.072278e-02 6.135907e+15 5.05813617e-08 9.453354e+03
1.072278e-02 7.742637e+15 1.19879969e-08 1.081881e+04
1.072278e-02 9.770100e+15 2.00772840e-09 1.221558e+04
1.072278e-02 1.232847e+16 2.32384342e-10 1.398002e+04
1.072278e-02 1.555676e+16 1.61614858e-11 1.578491e+04
1.072278e-02 1.963041e+16 6.47247713e-13 1.806492e+04
1.072278e-02 2.477076e+16 1.26561230e-14 2.039719e+04
1.072278e-02 3.125716e+16 1.11585764e-16 2.334340e+04
1.072278e-02 3.944206e+16 3.55451570e-19 2.635715e+04
1.072278e-02 4.977024e+16 3.47736251e-22 3.016423e+04
1.072278e-02 6.280291e+16 7.45584821e-26 3.405858e+04
1.072278e-02 7.924829e+16 2.54842409e-30 3.897807e+04
1.072278e-02 1.000000e+17 8.29334281e-36 4.460813e+04
1.149780e-02 1.261857e+07 1.92249842e-06 1.330526e-01
1.149780e-02 1.592283e+07 2.09184381e-06 1.543393e-01
1.149780e-02 2.009233e+07 2.21596029e-06 1.766324e-01
1.149780e-02 2.535364e+07 2.34792199e-06 2.021455e-01
1.149780e-02 3.199267e+07 2.48825604e-06 2.313438e-01
1.149780e-02 4.037017e+07 2.63752701e-06 2.647595e-01
1.149780e-02 5.094138e+07 2.87282166e-06 3.071176e-01
1.149780e-02 6.428073e+07 3.04644596e-06 3.514782e-01
1.149780e-02 8.111308e+07 3.23125133e-06 4.022464e-01
1.149780e-02 1.023531e+08 3.42800180e-06 4.603477e-01
1.149780e-02 1.291550e+08 3.63751617e-06 5.268411e-01
1.149780e-02 1.629751e+08 3.86067225e-06 6.029391e-01
1.149780e-02 2.056512e+08 4.09841082e-06 6.900288e-01
1.149780e-02 2.595024e+08 4.35174067e-06 7.896978e-01
1.149780e-02 3.274549e+08 4.62174321e-06 9.037633e-01
1.149780e-02 4.132012e+08 4.77887189e-06 1.020444e+00
1.149780e-02 5.214008e+08 5.07761066e-06 1.167839e+00
1.149780e-02 6.579332e+08 5.39621324e-06 1.336523e+00
1.149780e-02 8.302176e+08 5.73606965e-06 1.529573e+00
1.149780e-02 1.047616e+09 6.09866936e-06 1.750508e+00
1.149780e-02 1.321941e+09 6.48560793e-06 2.003355e+00
1.149780e-02 1.668101e+09 6.71493603e-06 2.261998e+00
1.149780e-02 2.104904e+09 7.14406359e-06 2.588725e+00
1.149780e-02 2.656088e+09 7.60223304e-06 2.962645e+00
1.149780e-02 3.351603e+09 8.09148340e-06 3.390576e+00
1.149780e-02 4.229243e+09 8.38466686e-06 3.828316e+00
1.149780e-02 5.336699e+09 8.92790822e-06 4.381286e+00
1.149780e-02 6.734151e+09 9.50820962e-06 5.014127e+00
1.149780e-02 8.497534e+09 9.85851253e-06 5.661476e+00
1.149780e-02 1.072267e+10 1.05032071e-05 6.479231e+00
1.149780e-02 1.353048e+10 1.11920036e-05 7.415103e+00
1.149780e-02 1.707353e+10 1.16103707e-05 8.372431e+00
1.149780e-02 2.154435e+10 1.23756834e-05 9.581761e+00
1.149780e-02 2.718588e+10 1.31932789e-05 1.096577e+01
1.149780e-02 3.430469e+10 1.36921463e-05 1.238151e+01
1.149780e-02 4.328761e+10 1.46000969e-05 1.416991e+01
1.149780e-02 5.462277e+10 1.55696289e-05 1.621664e+01
1.149780e-02 6.892612e+10 1.61625898e-05 1.831029e+01
1.149780e-02 8.697490e+10 1.72377537e-05 2.095507e+01
1.149780e-02 1.097499e+11 1.78952537e-05 2.366047e+01
1.149780e-02 1.384886e+11 1.90856300e-05 2.707804e+01
1.149780e-02 1.747528e+11 1.98122486e-05 3.057395e+01
1.149780e-02 2.205131e+11 2.11271022e-05 3.499011e+01
1.149780e-02 2.782559e+11 2.25261414e-05 4.004415e+01
1.149780e-02 3.511192e+11 2.33740367e-05 4.521405e+01
1.149780e-02 4.430621e+11 2.49111317e-05 5.174486e+01
1.149780e-02 5.590810e+11 2.58345332e-05 5.842538e+01
1.149780e-02 7.054802e+11 2.75144725e-05 6.686446e+01
1.149780e-02 8.902151e+11 2.85103173e-05 7.549700e+01
1.149780e-02 1.123324e+12 3.03333501e-05 8.640193e+01
1.149780e-02 1.417474e+12 3.13930120e-05 9.755686e+01
1.149780e-02 1.788650e+12 3.33522803e-05 1.116482e+02
1.149780e-02 2.257020e+12 3.44589152e-05 1.260625e+02
1.149780e-02 2.848036e+12 3.65368951e-05 1.442712e+02
1.149780e-02 3.593814e+12 3.76618534e-05 1.628974e+02
1.149780e-02 4.534879e+12 3.98255635e-05 1.864266e+02
1.149780e-02 5.722368e+12 4.09237048e-05 2.104952e+02
1.149780e-02 7.220809e+12 4.31185035e-05 2.408995e+02
1.149780e-02 9.111628e+12 4.41223935e-05 2.720009e+02
1.149780e-02 1.149757e+13 4.62644246e-05 3.112892e+02
1.149780e-02 1.450829e+13 4.70777674e-05 3.514782e+02
1.149780e-02 1.830738e+13 4.90456916e-05 4.022464e+02
1.149780e-02 2.310130e+13 4.95371544e-05 4.541785e+02
1.149780e-02 2.915053e+13 5.11649907e-05 5.197809e+02
1.149780e-02 3.678380e+13 5.11650995e-05 5.868873e+02
1.149780e-02 4.641589e+13 5.22401397e-05 6.716584e+02
1.149780e-02 5.857021e+13 5.15464286e-05 7.583729e+02
1.149780e-02 7.390722e+13 5.18194896e-05 8.679137e+02
1.149780e-02 9.326033e+13 5.02184656e-05 9.799658e+02
1.149780e-02 1.176812e+14 4.94376305e-05 1.121514e+03
1.149780e-02 1.484968e+14 4.67548919e-05 1.266307e+03
1.149780e-02 1.873817e+14 4.47355425e-05 1.449215e+03
1.149780e-02 2.364489e+14 4.09229030e-05 1.636316e+03
1.149780e-02 2.983647e+14 3.66561748e-05 1.847573e+03
1.149780e-02 3.764936e+14 3.29099542e-05 2.114440e+03
1.149780e-02 4.750810e+14 2.79370702e-05 2.387425e+03
1.149780e-02 5.994843e+14 2.35433252e-05 2.732269e+03
1.149780e-02 7.564633e+14 1.85452616e-05 3.085019e+03
1.149780e-02 9.545485e+14 1.43069361e-05 3.530625e+03
1.149780e-02 1.204504e+15 1.01526264e-05 3.986446e+03
1.149780e-02 1.519911e+15 6.91740092e-06 4.562256e+03
1.149780e-02 1.917910e+15 4.22780459e-06 5.151267e+03
1.149780e-02 2.420128e+15 2.40668683e-06 5.895326e+03
1.149780e-02 3.053856e+15 1.18727000e-06 6.656443e+03
1.149780e-02 3.853529e+15 5.24534628e-07 7.617912e+03
1.149780e-02 4.862602e+15 1.91259202e-07 8.601423e+03
1.149780e-02 6.135907e+15 5.84498574e-08 9.843829e+03
1.149780e-02 7.742637e+15 1.34671380e-08 1.111472e+04
1.149780e-02 9.770100e+15 2.31363466e-09 1.272015e+04
1.149780e-02 1.232847e+16 2.60185249e-10 1.436238e+04
1.149780e-02 1.555676e+16 1.85487124e-11 1.643692e+04
1.149780e-02 1.963041e+16 7.21144137e-13 1.855900e+04
1.149780e-02 2.477076e+16 1.44400890e-14 2.123970e+04
1.149780e-02 3.125716e+16 1.26820932e-16 2.430761e+04
1.149780e-02 3.944206e+16 4.02096846e-19 2.744584e+04
1.149780e-02 4.977024e+16 3.91153741e-22 3.141017e+04
1.149780e-02 6.280291e+16 8.32955935e-26 3.546539e+04
1.149780e-02 7.924829e+16 2.82341375e-30 4.058807e+04
1.149780e-02 1.000000e+17 8.85262363e-36 4.582820e+04
1.232884e-02 1.261857e+07 2.36268279e-06 1.423378e-01
1.232884e-02 1.592283e+07 2.50236036e-06 1.628974e-01
1.232884e-02 2.009233e+07 2.72333605e-06 1.889588e-01
1.232884e-02 2.535364e+07 2.88551161e-06 2.162524e-01
1.232884e-02 3.199267e+07 3.05797633e-06 2.474883e-01
1.232884e-02 4.037017e+07 3.24142401e-06 2.832360e-01
1.232884e-02 5.094138e+07 3.43659782e-06 3.241471e-01
1.232884e-02 6.428073e+07 3.64429370e-06 3.709676e-01
1.232884e-02 8.111308e+07 3.86536461e-06 4.245508e-01
1.232884e-02 1.023531e+08 4.10072443e-06 4.858738e-01
1.232884e-02 1.291550e+08 4.35135260e-06 5.560543e-01
1.232884e-02 1.629751e+08 4.61829913e-06 6.363718e-01
1.232884e-02 2.056512e+08 4.90268935e-06 7.282906e-01
1.232884e-02 2.595024e+08 5.20572992e-06 8.334862e-01
1.232884e-02 3.274549e+08 5.52871436e-06 9.538766e-01
1.232884e-02 4.132012e+08 5.71667391e-06 1.077027e+00
1.232884e-02 5.214008e+08 6.07403223e-06 1.232595e+00
1.232884e-02 6.579332e+08 6.45515140e-06 1.410633e+00
1.232884e-02 8.302176e+08 6.86169404e-06 1.614388e+00
1.232884e-02 1.047616e+09 7.29544170e-06 1.847573e+00
1.232884e-02 1.321941e+09 7.55175648e-06 2.086104e+00
1.232884e-02 1.668101e+09 8.03262347e-06 2.387425e+00
1.232884e-02 2.104904e+09 8.54594896e-06 2.732269e+00
1.232884e-02 2.656088e+09 9.09401295e-06 3.126923e+00
1.232884e-02 3.351603e+09 9.42156710e-06 3.530625e+00
1.232884e-02 4.229243e+09 1.00299522e-05 4.040595e+00
1.232884e-02 5.336699e+09 1.06797729e-05 4.624226e+00
1.232884e-02 6.734151e+09 1.10711181e-05 5.221237e+00
1.232884e-02 8.497534e+09 1.17929376e-05 5.975403e+00
1.232884e-02 1.072267e+10 1.25641057e-05 6.838501e+00
1.232884e-02 1.353048e+10 1.30315992e-05 7.721387e+00
1.232884e-02 1.707353e+10 1.38884439e-05 8.836679e+00
1.232884e-02 2.154435e+10 1.44097595e-05 9.977539e+00
1.232884e-02 2.718588e+10 1.53616893e-05 1.141871e+01
1.232884e-02 3.430469e+10 1.63785365e-05 1.306805e+01
1.232884e-02 4.328761e+10 1.69996122e-05 1.475521e+01
1.232884e-02 5.462277e+10 1.81284163e-05 1.688648e+01
1.232884e-02 6.892612e+10 1.88187488e-05 1.906661e+01
1.232884e-02 8.697490e+10 2.00705142e-05 2.182063e+01
1.232884e-02 1.097499e+11 2.14058414e-05 2.497244e+01
1.232884e-02 1.384886e+11 2.22218329e-05 2.819651e+01
1.232884e-02 1.747528e+11 2.36986372e-05 3.226926e+01
1.232884e-02 2.205131e+11 2.45984671e-05 3.643539e+01
1.232884e-02 2.782559e+11 2.62272002e-05 4.169819e+01
1.232884e-02 3.511192e+11 2.72142012e-05 4.708164e+01
1.232884e-02 4.430621e+11 2.90035916e-05 5.388220e+01
1.232884e-02 5.590810e+11 3.00784235e-05 6.083867e+01
1.232884e-02 7.054802e+11 3.20340179e-05 6.962632e+01
1.232884e-02 8.902151e+11 3.31930875e-05 7.861543e+01
1.232884e-02 1.123324e+12 3.53151390e-05 8.997080e+01
1.232884e-02 1.417474e+12 3.65483678e-05 1.015865e+02
1.232884e-02 1.788650e+12 3.88288437e-05 1.162598e+02
1.232884e-02 2.257020e+12 4.01165761e-05 1.312696e+02
1.232884e-02 2.848036e+12 4.25350128e-05 1.502304e+02
1.232884e-02 3.593814e+12 4.38438369e-05 1.696259e+02
1.232884e-02 4.534879e+12 4.63617597e-05 1.941270e+02
1.232884e-02 5.722368e+12 4.76390536e-05 2.191898e+02
1.232884e-02 7.220809e+12 5.01927553e-05 2.508500e+02
1.232884e-02 9.111628e+12 5.13599326e-05 2.832360e+02
1.232884e-02 1.149757e+13 5.38516829e-05 3.241471e+02
1.232884e-02 1.450829e+13 5.47965543e-05 3.659962e+02
1.232884e-02 1.830738e+13 5.70849849e-05 4.188614e+02
1.232884e-02 2.310130e+13 5.76545867e-05 4.729385e+02
1.232884e-02 2.915053e+13 5.95463828e-05 5.412507e+02
1.232884e-02 3.678380e+13 5.95433960e-05 6.111289e+02
1.232884e-02 4.641589e+13 6.07909154e-05 6.994015e+02
1.232884e-02 5.857021e+13 5.99797168e-05 7.896978e+02
1.232884e-02 7.390722e+13 5.86878428e-05 8.916518e+02
1.232884e-02 9.326033e+13 5.84253169e-05 1.020444e+03
1.232884e-02 1.176812e+14 5.59803670e-05 1.152188e+03
1.232884e-02 1.484968e+14 5.43848243e-05 1.318612e+03
1.232884e-02 1.873817e+14 5.06444952e-05 1.488852e+03
1.232884e-02 2.364489e+14 4.75888427e-05 1.703905e+03
1.232884e-02 2.983647e+14 4.26204384e-05 1.923888e+03
1.232884e-02 3.764936e+14 3.82578336e-05 2.201778e+03
1.232884e-02 4.750810e+14 3.24701956e-05 2.486038e+03
1.232884e-02 5.994843e+14 2.73570632e-05 2.845126e+03
1.232884e-02 7.564633e+14 2.15435173e-05 3.212447e+03
1.232884e-02 9.545485e+14 1.66147505e-05 3.676459e+03
1.232884e-02 1.204504e+15 1.17860235e-05 4.151108e+03
1.232884e-02 1.519911e+15 8.02689494e-06 4.750702e+03
1.232884e-02 1.917910e+15 4.90347923e-06 5.364042e+03
1.232884e-02 2.420128e+15 2.78969741e-06 6.138835e+03
1.232884e-02 3.053856e+15 1.37528137e-06 6.931390e+03
1.232884e-02 3.853529e+15 6.07111928e-07 7.932573e+03
1.232884e-02 4.862602e+15 2.21159873e-07 8.956708e+03
1.232884e-02 6.135907e+15 6.75116765e-08 1.025043e+04
1.232884e-02 7.742637e+15 1.55340677e-08 1.157382e+04
1.232884e-02 9.770100e+15 2.66439592e-09 1.324556e+04
1.232884e-02 1.232847e+16 2.99042556e-10 1.495563e+04
1.232884e-02 1.555676e+16 2.12682314e-11 1.711585e+04
1.232884e-02 1.963041e+16 8.24502872e-13 1.932559e+04
1.232884e-02 2.477076e+16 1.64526543e-14 2.211702e+04
1.232884e-02 3.125716e+16 1.40064277e-16 2.497244e+04
1.232884e-02 3.944206e+16 4.53946585e-19 2.857950e+04
1.232884e-02 4.977024e+16 4.27238150e-22 3.226926e+04
1.232884e-02 6.280291e+16 9.27838752e-26 3.693030e+04
1.232884e-02 7.924829e+16 3.03401803e-30 4.169819e+04
1.232884e-02 1.000000e+17 9.66644014e-36 4.772115e+04
1.321995e-02 1.261857e+07 2.90395705e-06 1.522710e-01
1.321995e-02 1.592283e+07 3.07563319e-06 1.742653e-01
1.321995e-02 2.009233e+07 3.25812001e-06 1.994365e-01
1.321995e-02 2.535364e+07 3.45214129e-06 2.282435e-01
1.321995e-02 3.199267e+07 3.65847202e-06 2.612114e-01
1.321995e-02 4.037017e+07 3.87794219e-06 2.989413e-01
1.321995e-02 5.094138e+07 4.11144088e-06 3.421210e-01
1.321995e-02 6.428073e+07 4.35992028e-06 3.915376e-01
1.321995e-02 8.111308e+07 4.62440078e-06 4.480920e-01
1.321995e-02 1.023531e+08 4.90597565e-06 5.128153e-01
1.321995e-02 1.291550e+08 5.20581662e-06 5.868873e-01
1.321995e-02 1.629751e+08 5.52517976e-06 6.716584e-01
1.321995e-02 2.056512e+08 5.86541131e-06 7.686740e-01
1.321995e-02 2.595024e+08 6.22795475e-06 8.797027e-01
1.321995e-02 3.274549e+08 6.43826595e-06 9.932768e-01
1.321995e-02 4.132012e+08 6.83922037e-06 1.136748e+00
1.321995e-02 5.214008e+08 7.26674480e-06 1.300942e+00
1.321995e-02 6.579332e+08 7.72269452e-06 1.488852e+00
1.321995e-02 8.302176e+08 8.20905843e-06 1.703905e+00
1.321995e-02 1.047616e+09 8.49560627e-06 1.923888e+00
1.321995e-02 1.321941e+09 9.03460170e-06 2.201778e+00
1.321995e-02 1.668101e+09 9.60987860e-06 2.519806e+00
1.321995e-02 2.104904e+09 9.95179561e-06 2.845126e+00
1.321995e-02 2.656088e+09 1.05900030e-05 3.256082e+00
1.321995e-02 3.351603e+09 1.12715002e-05 3.726396e+00
1.321995e-02 4.229243e+09 1.16798683e-05 4.207493e+00
1.321995e-02 5.336699e+09 1.24365606e-05 4.815232e+00
1.321995e-02 6.734151e+09 1.32448680e-05 5.510753e+00
1.321995e-02 8.497534e+09 1.37327797e-05 6.222219e+00
1.321995e-02 1.072267e+10 1.46307642e-05 7.120968e+00
1.321995e-02 1.353048e+10 1.55901677e-05 8.149535e+00
1.321995e-02 1.707353e+10 1.61728557e-05 9.201681e+00
1.321995e-02 2.154435e+10 1.72388109e-05 1.053079e+01
1.321995e-02 2.718588e+10 1.78883134e-05 1.189037e+01
1.321995e-02 3.430469e+10 1.90723402e-05 1.360784e+01
1.321995e-02 4.328761e+10 2.03369116e-05 1.557338e+01
1.321995e-02 5.462277e+10 2.11098580e-05 1.758398e+01
1.321995e-02 6.892612e+10 2.25129805e-05 2.012384e+01
1.321995e-02 8.697490e+10 2.33711397e-05 2.272193e+01
1.321995e-02 1.097499e+11 2.49259319e-05 2.600393e+01
1.321995e-02 1.384886e+11 2.58759609e-05 2.936118e+01
1.321995e-02 1.747528e+11 2.75954370e-05 3.360216e+01
1.321995e-02 2.205131e+11 2.86430329e-05 3.794037e+01
1.321995e-02 2.782559e+11 3.05393425e-05 4.342055e+01
1.321995e-02 3.511192e+11 3.16883663e-05 4.902636e+01
1.321995e-02 4.430621e+11 3.37716461e-05 5.610783e+01
1.321995e-02 5.590810e+11 3.50228401e-05 6.335163e+01
1.321995e-02 7.054802e+11 3.72995133e-05 7.250226e+01
1.321995e-02 8.902151e+11 3.86486599e-05 8.186268e+01
1.321995e-02 1.123324e+12 4.11189748e-05 9.368708e+01
1.321995e-02 1.417474e+12 4.25542947e-05 1.057826e+02
1.321995e-02 1.788650e+12 4.52088382e-05 1.210620e+02
1.321995e-02 2.257020e+12 4.67073887e-05 1.366917e+02
1.321995e-02 2.848036e+12 4.95222569e-05 1.564357e+02
1.321995e-02 3.593814e+12 5.10450646e-05 1.766324e+02
1.321995e-02 4.534879e+12 5.39753639e-05 2.021455e+02
1.321995e-02 5.722368e+12 5.54610736e-05 2.282435e+02
1.321995e-02 7.220809e+12 5.84325126e-05 2.612114e+02
1.321995e-02 9.111628e+12 5.97895265e-05 2.949352e+02
1.321995e-02 1.149757e+13 6.26881862e-05 3.375362e+02
1.321995e-02 1.450829e+13 6.37857798e-05 3.811138e+02
1.321995e-02 1.830738e+13 6.64469333e-05 4.361626e+02
1.321995e-02 2.310130e+13 6.71069275e-05 4.924734e+02
1.321995e-02 2.915053e+13 6.74603067e-05 5.560543e+02
1.321995e-02 3.678380e+13 6.92980316e-05 6.363718e+02
1.321995e-02 4.641589e+13 6.88620484e-05 7.185307e+02
1.321995e-02 5.857021e+13 6.97965241e-05 8.223166e+02
1.321995e-02 7.390722e+13 6.82877977e-05 9.284819e+02
1.321995e-02 9.326033e+13 6.79762582e-05 1.062594e+03
1.321995e-02 1.176812e+14 6.51250584e-05 1.199780e+03
1.321995e-02 1.484968e+14 6.32616548e-05 1.373078e+03
1.321995e-02 1.873817e+14 5.89031920e-05 1.550350e+03
1.321995e-02 2.364489e+14 5.53410973e-05 1.774285e+03
1.321995e-02 2.983647e+14 4.95550139e-05 2.003355e+03
1.321995e-02 3.764936e+14 4.44740497e-05 2.292723e+03
1.321995e-02 4.750810e+14 3.77377161e-05 2.588725e+03
1.321995e-02 5.994843e+14 3.17870540e-05 2.962645e+03
1.321995e-02 7.564633e+14 2.50248059e-05 3.345138e+03
1.321995e-02 9.545485e+14 1.87794422e-05 3.777013e+03
1.321995e-02 1.204504e+15 1.36805952e-05 4.322572e+03
1.321995e-02 1.519911e+15 9.06501877e-06 4.880638e+03
1.321995e-02 1.917910e+15 5.68608309e-06 5.585606e+03
1.321995e-02 2.420128e+15 3.14685532e-06 6.306737e+03
1.321995e-02 3.053856e+15 1.59262238e-06 7.217694e+03
1.321995e-02 3.853529e+15 6.83751462e-07 8.149535e+03
1.321995e-02 4.862602e+15 2.55631160e-07 9.326669e+03
1.321995e-02 6.135907e+15 7.58652921e-08 1.053079e+04
1.321995e-02 7.742637e+15 1.79076910e-08 1.205188e+04
1.321995e-02 9.770100e+15 2.98453457e-09 1.360784e+04
1.321995e-02 1.232847e+16 3.43410204e-10 1.557338e+04
1.321995e-02 1.555676e+16 2.37128743e-11 1.758398e+04
1.321995e-02 1.963041e+16 9.41509122e-13 2.012384e+04
1.321995e-02 2.477076e+16 1.82194405e-14 2.272193e+04
1.321995e-02 3.125716e+16 1.58635790e-16 2.600393e+04
1.321995e-02 3.944206e+16 4.97758133e-19 2.936118e+04
1.321995e-02 4.977024e+16 4.78163107e-22 3.360216e+04
1.321995e-02 6.280291e+16 1.00284646e-25 3.794037e+04
1.321995e-02 7.924829e+16 3.33675986e-30 4.342055e+04
1.321995e-02 1.000000e+17 1.05064279e-35 4.969230e+04
1.417546e-02 1.261857e+07 3.47459918e-06 1.607144e-01
1.417546e-02 1.592283e+07 3.68000978e-06 1.839282e-01
1.417546e-02 2.009233e+07 3.89835523e-06 2.104952e-01
1.417546e-02 2.535364e+07 4.13050148e-06 2.408995e-01
1.417546e-02 3.199267e+07 4.37737577e-06 2.756955e-01
1.417546e-02 4.037017e+07 4.63997115e-06 3.155175e-01
1.417546e-02 5.094138e+07 4.91935135e-06 3.610914e-01
1.417546e-02 6.428073e+07 5.21665561e-06 4.132482e-01
1.417546e-02 8.111308e+07 5.53310475e-06 4.729385e-01
1.417546e-02 1.023531e+08 5.87000681e-06 5.412507e-01
1.417546e-02 1.291550e+08 6.22876363e-06 6.194299e-01
1.417546e-02 1.629751e+08 6.61087804e-06 7.089016e-01
1.417546e-02 2.056512e+08 7.01796065e-06 8.112967e-01
1.417546e-02 2.595024e+08 7.25335366e-06 9.160392e-01
1.417546e-02 3.274549e+08 7.70336967e-06 1.048354e+00
1.417546e-02 4.132012e+08 8.18310393e-06 1.199780e+00
1.417546e-02 5.214008e+08 8.69462768e-06 1.373078e+00
1.417546e-02 6.579332e+08 9.24016052e-06 1.571408e+00
1.417546e-02 8.302176e+08 9.56059230e-06 1.774285e+00
1.417546e-02 1.047616e+09 1.01649227e-05 2.030566e+00
1.417546e-02 1.321941e+09 1.08098129e-05 2.323865e+00
1.417546e-02 1.668101e+09 1.11920009e-05 2.623888e+00
1.417546e-02 2.104904e+09 1.19071932e-05 3.002888e+00
1.417546e-02 2.656088e+09 1.26707801e-05 3.436630e+00
1.417546e-02 3.351603e+09 1.31271214e-05 3.880317e+00
1.417546e-02 4.229243e+09 1.39747379e-05 4.440797e+00
1.417546e-02 5.336699e+09 1.48800760e-05 5.082234e+00
1.417546e-02 6.734151e+09 1.54252711e-05 5.738377e+00
1.417546e-02 8.497534e+09 1.64309002e-05 6.567239e+00
1.417546e-02 1.072267e+10 1.70392340e-05 7.415103e+00
1.417546e-02 1.353048e+10 1.81565216e-05 8.486155e+00
1.417546e-02 1.707353e+10 1.93502258e-05 9.711911e+00
1.417546e-02 2.154435e+10 2.00764300e-05 1.096577e+01
1.417546e-02 2.718588e+10 2.14025645e-05 1.254968e+01
1.417546e-02 3.430469e+10 2.22116089e-05 1.416991e+01
1.417546e-02 4.328761e+10 2.36842294e-05 1.621664e+01
1.417546e-02 5.462277e+10 2.45842886e-05 1.831029e+01
1.417546e-02 6.892612e+10 2.62182223e-05 2.095507e+01
1.417546e-02 8.697490e+10 2.72174774e-05 2.366047e+01
1.417546e-02 1.097499e+11 2.90279872e-05 2.707804e+01
1.417546e-02 1.384886e+11 3.01341768e-05 3.057395e+01
1.417546e-02 1.747528e+11 3.21363992e-05 3.499011e+01
1.417546e-02 2.205131e+11 3.33561392e-05 3.950751e+01
1.417546e-02 2.782559e+11 3.55641977e-05 4.521405e+01
1.417546e-02 3.511192e+11 3.69019598e-05 5.105142e+01
1.417546e-02 4.430621e+11 3.93276252e-05 5.842538e+01
1.417546e-02 5.590810e+11 4.07842416e-05 6.596840e+01
1.417546e-02 7.054802e+11 4.34349494e-05 7.549700e+01
1.417546e-02 8.902151e+11 4.50054662e-05 8.524405e+01
1.417546e-02 1.123324e+12 4.78814477e-05 9.755686e+01
1.417546e-02 1.417474e+12 4.95520933e-05 1.101519e+02
1.417546e-02 1.788650e+12 5.26423116e-05 1.260625e+02
1.417546e-02 2.257020e+12 5.43862991e-05 1.423378e+02
1.417546e-02 2.848036e+12 5.76628229e-05 1.628974e+02
1.417546e-02 3.593814e+12 5.94346808e-05 1.839282e+02
1.417546e-02 4.534879e+12 6.28451137e-05 2.104952e+02
1.417546e-02 5.722368e+12 6.45732899e-05 2.376712e+02
1.417546e-02 7.220809e+12 6.80309798e-05 2.720009e+02
1.417546e-02 9.111628e+12 6.96086923e-05 3.071176e+02
1.417546e-02 1.149757e+13 7.29808257e-05 3.514782e+02
1.417546e-02 1.450829e+13 7.42557294e-05 3.968559e+02
1.417546e-02 1.830738e+13 7.52910632e-05 4.480920e+02
1.417546e-02 2.310130e+13 7.81148482e-05 5.128153e+02
1.417546e-02 2.915053e+13 7.85219592e-05 5.790223e+02
1.417546e-02 3.678380e+13 8.06561600e-05 6.626574e+02
1.417546e-02 4.641589e+13 8.01433103e-05 7.482099e+02
1.417546e-02 5.857021e+13 8.12247270e-05 8.562827e+02
1.417546e-02 7.390722e+13 7.94622054e-05 9.668332e+02
1.417546e-02 9.326033e+13 7.90921031e-05 1.106484e+03
1.417546e-02 1.176812e+14 7.57664567e-05 1.249337e+03
1.417546e-02 1.484968e+14 7.35895565e-05 1.429794e+03
1.417546e-02 1.873817e+14 6.85100198e-05 1.614388e+03
1.417546e-02 2.364489e+14 6.26434417e-05 1.822813e+03
1.417546e-02 2.983647e+14 5.76176969e-05 2.086104e+03
1.417546e-02 3.764936e+14 5.03230201e-05 2.355431e+03
1.417546e-02 4.750810e+14 4.38582957e-05 2.695653e+03
1.417546e-02 5.994843e+14 3.59492371e-05 3.043676e+03
1.417546e-02 7.564633e+14 2.90665067e-05 3.483310e+03
1.417546e-02 9.545485e+14 2.18045705e-05 3.933024e+03
1.417546e-02 1.204504e+15 1.58776932e-05 4.501117e+03
1.417546e-02 1.519911e+15 1.05157137e-05 5.082234e+03
1.417546e-02 1.917910e+15 6.59227371e-06 5.816322e+03
1.417546e-02 2.420128e+15 3.64593118e-06 6.567239e+03
1.417546e-02 3.053856e+15 1.84375832e-06 7.515823e+03
1.417546e-02 3.853529e+15 7.90840660e-07 8.486155e+03
1.417546e-02 4.862602e+15 2.95346127e-07 9.711911e+03
1.417546e-02 6.135907e+15 8.75381890e-08 1.096577e+04
1.417546e-02 7.742637e+15 2.06309468e-08 1.254968e+04
1.417546e-02 9.770100e+15 3.43196316e-09 1.416991e+04
1.417546e-02 1.232847e+16 3.93999215e-10 1.621664e+04
1.417546e-02 1.555676e+16 2.71316462e-11 1.831029e+04
1.417546e-02 1.963041e+16 1.07368951e-12 2.095507e+04
1.417546e-02 2.477076e+16 2.06945434e-14 2.366047e+04
1.417546e-02 3.125716e+16 1.79322549e-16 2.707804e+04
1.417546e-02 3.944206e+16 5.59420462e-19 3.057395e+04
1.417546e-02 4.977024e+16 5.33656407e-22 3.499011e+04
1.417546e-02 6.280291e+16 1.10979479e-25 3.950751e+04
1.417546e-02 7.924829e+16 3.65470330e-30 4.521405e+04
1.417546e-02 1.000000e+17 1.10603423e-35 5.105142e+04
1.520003e-02 1.261857e+07 4.27159298e-06 1.719300e-01
1.520003e-02 1.592283e+07 4.52411909e-06 1.967639e-01
1.520003e-02 2.009233e+07 4.79254673e-06 2.251848e-01
1.520003e-02 2.535364e+07 5.07794047e-06 2.577109e-01
1.520003e-02 3.199267e+07 5.38144016e-06 2.949352e-01
1.520003e-02 4.037017e+07 5.70426658e-06 3.375362e-01
1.520003e-02 5.094138e+07 5.88672103e-06 3.811138e-01
1.520003e-02 6.428073e+07 6.24248624e-06 4.361626e-01
1.520003e-02 8.111308e+07 6.62116046e-06 4.991628e-01
1.520003e-02 1.023531e+08 7.02430886e-06 5.712628e-01
1.520003e-02 1.291550e+08 7.45360882e-06 6.537771e-01
1.520003e-02 1.629751e+08 7.91085855e-06 7.482099e-01
1.520003e-02 2.056512e+08 8.17440886e-06 8.448076e-01
1.520003e-02 2.595024e+08 8.67965987e-06 9.668332e-01
1.520003e-02 3.274549e+08 9.21815997e-06 1.106484e+00
1.520003e-02 4.132012e+08 9.79222049e-06 1.266307e+00
1.520003e-02 5.214008e+08 1.01273295e-05 1.429794e+00
1.520003e-02 6.579332e+08 1.07627440e-05 1.636316e+00
1.520003e-02 8.302176e+08 1.14405408e-05 1.872669e+00
1.520003e-02 1.047616e+09 1.21636889e-05 2.143160e+00
1.520003e-02 1.321941e+09 1.25909956e-05 2.419853e+00
1.520003e-02 1.668101e+09 1.33926880e-05 2.769382e+00
1.520003e-02 2.104904e+09 1.42484866e-05 3.169396e+00
1.520003e-02 2.656088e+09 1.47585335e-05 3.578582e+00
1.520003e-02 3.351603e+09 1.57082320e-05 4.095479e+00
1.520003e-02 4.229243e+09 1.62772813e-05 4.624226e+00
1.520003e-02 5.336699e+09 1.73317500e-05 5.292158e+00
1.520003e-02 6.734151e+09 1.84581347e-05 6.056568e+00
1.520003e-02 8.497534e+09 1.91379988e-05 6.838501e+00
1.520003e-02 1.072267e+10 2.03893228e-05 7.826267e+00
1.520003e-02 1.353048e+10 2.11478080e-05 8.836679e+00
1.520003e-02 1.707353e+10 2.25381031e-05 1.011307e+01
1.520003e-02 2.154435e+10 2.33838659e-05 1.141871e+01
1.520003e-02 2.718588e+10 2.49283777e-05 1.306805e+01
1.520003e-02 3.430469e+10 2.65781783e-05 1.495563e+01
1.520003e-02 4.328761e+10 2.75856865e-05 1.688648e+01
1.520003e-02 5.462277e+10 2.94170329e-05 1.932559e+01
1.520003e-02 6.892612e+10 3.05367961e-05 2.182063e+01
1.520003e-02 8.697490e+10 3.25674995e-05 2.497244e+01
1.520003e-02 1.097499e+11 3.38089805e-05 2.819651e+01
1.520003e-02 1.384886e+11 3.60570642e-05 3.226926e+01
1.520003e-02 1.747528e+11 3.74288405e-05 3.643539e+01
1.520003e-02 2.205131e+11 3.99117060e-05 4.169819e+01
1.520003e-02 2.782559e+11 4.14204756e-05 4.708164e+01
1.520003e-02 3.511192e+11 4.41536102e-05 5.388220e+01
1.520003e-02 4.430621e+11 4.58027304e-05 6.083867e+01
1.520003e-02 5.590810e+11 4.87977721e-05 6.962632e+01
1.520003e-02 7.054802e+11 5.05851380e-05 7.861543e+01
1.520003e-02 8.902151e+11 5.24135001e-05 8.876509e+01
1.520003e-02 1.123324e+12 5.57620728e-05 1.015865e+02
1.520003e-02 1.417474e+12 5.77067723e-05 1.147018e+02
1.520003e-02 1.788650e+12 6.13044796e-05 1.312696e+02
1.520003e-02 2.257020e+12 6.33342324e-05 1.482171e+02
1.520003e-02 2.848036e+12 6.71484255e-05 1.696259e+02
1.520003e-02 3.593814e+12 6.92101657e-05 1.915255e+02
1.520003e-02 4.534879e+12 7.31796748e-05 2.191898e+02
1.520003e-02 5.722368e+12 7.51899410e-05 2.474883e+02
1.520003e-02 7.220809e+12 7.92136743e-05 2.832360e+02
1.520003e-02 9.111628e+12 8.10479598e-05 3.198032e+02
1.520003e-02 1.149757e+13 8.27088942e-05 3.610914e+02
1.520003e-02 1.450829e+13 8.64517798e-05 4.132482e+02
1.520003e-02 1.830738e+13 8.76530734e-05 4.666006e+02
1.520003e-02 2.310130e+13 9.09357733e-05 5.339973e+02
1.520003e-02 2.915053e+13 9.14044098e-05 6.029391e+02
1.520003e-02 3.678380e+13 9.38826762e-05 6.900288e+02
1.520003e-02 4.641589e+13 9.32789679e-05 7.791150e+02
1.520003e-02 5.857021e+13 9.45299478e-05 8.916518e+02
1.520003e-02 7.390722e+13 9.24702626e-05 1.006769e+03
1.520003e-02 9.326033e+13 8.95800175e-05 1.136748e+03
1.520003e-02 1.176812e+14 8.81501923e-05 1.300942e+03
1.520003e-02 1.484968e+14 8.33271609e-05 1.468900e+03
1.520003e-02 1.873817e+14 7.96853377e-05 1.681071e+03
1.520003e-02 2.364489e+14 7.28494380e-05 1.898105e+03
1.520003e-02 2.983647e+14 6.69919188e-05 2.172271e+03
1.520003e-02 3.764936e+14 5.84974721e-05 2.452723e+03
1.520003e-02 4.750810e+14 5.09696860e-05 2.806999e+03
1.520003e-02 5.994843e+14 4.17660304e-05 3.169396e+03
1.520003e-02 7.564633e+14 3.37582800e-05 3.627190e+03
1.520003e-02 9.545485e+14 2.53143129e-05 4.095479e+03
1.520003e-02 1.204504e+15 1.79345874e-05 4.624226e+03
1.520003e-02 1.519911e+15 1.21964508e-05 5.292158e+03
1.520003e-02 1.917910e+15 7.43780689e-06 5.975403e+03
1.520003e-02 2.420128e+15 4.22303957e-06 6.838501e+03
1.520003e-02 3.053856e+15 2.07699916e-06 7.721387e+03
1.520003e-02 3.853529e+15 9.14345021e-07 8.836679e+03
1.520003e-02 4.862602e+15 3.31990411e-07 9.977539e+03
1.520003e-02 6.135907e+15 1.00949927e-07 1.141871e+04
1.520003e-02 7.742637e+15 2.31198109e-08 1.289293e+04
1.520003e-02 9.770100e+15 3.94323786e-09 1.475521e+04
1.520003e-02 1.232847e+16 4.39572611e-10 1.666018e+04
1.520003e-02 1.555676e+16 3.10064642e-11 1.906661e+04
1.520003e-02 1.963041e+16 1.19012436e-12 2.152820e+04
1.520003e-02 2.477076e+16 2.34653559e-14 2.463778e+04
1.520003e-02 3.125716e+16 1.96900390e-16 2.781864e+04
1.520003e-02 3.944206e+16 6.27147652e-19 3.183682e+04
1.520003e-02 4.977024e+16 5.77984944e-22 3.594712e+04
1.520003e-02 6.280291e+16 1.22367990e-25 4.113939e+04
1.520003e-02 7.924829e+16 3.87924556e-30 4.645069e+04
1.520003e-02 1.000000e+17 1.18982373e-35 5.316012e+04
1.629866e-02 1.261857e+07 5.11224594e-06 1.814634e-01
1.629866e-02 1.592283e+07 5.41446808e-06 2.076743e-01
1.629866e-02 2.009233e+07 5.73572088e-06 2.376712e-01
1.629866e-02 2.535364e+07 6.07727831e-06 2.720009e-01
1.629866e-02 3.199267e+07 6.44050450e-06 3.112892e-01
1.629866e-02 4.037017e+07 6.82686040e-06 3.562524e-01
1.629866e-02 5.094138e+07 7.04521875e-06 4.022464e-01
1.629866e-02 6.428073e+07 7.47099454e-06 4.603477e-01
1.629866e-02 8.111308e+07 7.92418702e-06 5.268411e-01
1.629866e-02 1.023531e+08 8.40666922e-06 6.029391e-01
1.629866e-02 1.291550e+08 8.92044849e-06 6.900288e-01
1.629866e-02 1.629751e+08 9.21562238e-06 7.791150e-01
1.629866e-02 2.056512e+08 9.78308525e-06 8.916518e-01
1.629866e-02 2.595024e+08 1.03877584e-05 1.020444e+00
1.629866e-02 3.274549e+08 1.10322221e-05 1.167839e+00
1.629866e-02 4.132012e+08 1.14072452e-05 1.318612e+00
1.629866e-02 5.214008e+08 1.21202850e-05 1.509075e+00
1.629866e-02 6.579332e+08 1.28807283e-05 1.727049e+00
1.629866e-02 8.302176e+08 1.33273769e-05 1.950020e+00
1.629866e-02 1.047616e+09 1.41697719e-05 2.231685e+00
1.629866e-02 1.321941e+09 1.50686989e-05 2.554033e+00
1.629866e-02 1.668101e+09 1.56014158e-05 2.883772e+00
1.629866e-02 2.104904e+09 1.65983252e-05 3.300310e+00
1.629866e-02 2.656088e+09 1.76626840e-05 3.777013e+00
1.629866e-02 3.351603e+09 1.82987404e-05 4.264644e+00
1.629866e-02 4.229243e+09 1.94802076e-05 4.880638e+00
1.629866e-02 5.336699e+09 2.01899098e-05 5.510753e+00
1.629866e-02 6.734151e+09 2.15019918e-05 6.306737e+00
1.629866e-02 8.497534e+09 2.29036649e-05 7.217694e+00
1.629866e-02 1.072267e+10 2.37515108e-05 8.149535e+00
1.629866e-02 1.353048e+10 2.53087778e-05 9.326669e+00
1.629866e-02 1.707353e+10 2.62544509e-05 1.053079e+01
1.629866e-02 2.154435e+10 2.79845954e-05 1.205188e+01
1.629866e-02 2.718588e+10 2.90386380e-05 1.360784e+01
1.629866e-02 3.430469e+10 3.09603277e-05 1.557338e+01
1.629866e-02 4.328761e+10 3.21338000e-05 1.758398e+01
1.629866e-02 5.462277e+10 3.42669094e-05 2.012384e+01
1.629866e-02 6.892612e+10 3.55710866e-05 2.272193e+01
1.629866e-02 8.697490e+10 3.79363430e-05 2.600393e+01
1.629866e-02 1.097499e+11 3.93822283e-05 2.936118e+01
1.629866e-02 1.384886e+11 4.20005996e-05 3.360216e+01
1.629866e-02 1.747528e+11 4.35981587e-05 3.794037e+01
1.629866e-02 2.205131e+11 4.64898793e-05 4.342055e+01
1.629866e-02 2.782559e+11 4.82468804e-05 4.902636e+01
1.629866e-02 3.511192e+11 5.14299438e-05 5.610783e+01
1.629866e-02 4.430621e+11 5.33502528e-05 6.335163e+01
1.629866e-02 5.590810e+11 5.68381536e-05 7.250226e+01
1.629866e-02 7.054802e+11 5.89192601e-05 8.186268e+01
1.629866e-02 8.902151e+11 6.10479891e-05 9.243157e+01
1.629866e-02 1.123324e+12 6.49471930e-05 1.057826e+02
1.629866e-02 1.417474e+12 6.72110834e-05 1.194396e+02
1.629866e-02 1.788650e+12 7.14000058e-05 1.366917e+02
1.629866e-02 2.257020e+12 7.37625097e-05 1.543393e+02
1.629866e-02 2.848036e+12 7.82029735e-05 1.766324e+02
1.629866e-02 3.593814e+12 8.06021458e-05 1.994365e+02
1.629866e-02 4.534879e+12 8.52227185e-05 2.282435e+02
1.629866e-02 5.722368e+12 8.75611845e-05 2.577109e+02
1.629866e-02 7.220809e+12 8.97881255e-05 2.909827e+02
1.629866e-02 9.111628e+12 9.43764566e-05 3.330128e+02
1.629866e-02 1.149757e+13 9.63066247e-05 3.760065e+02
1.629866e-02 1.450829e+13 1.00660323e-04 4.303176e+02
1.629866e-02 1.830738e+13 1.02053942e-04 4.858738e+02
1.629866e-02 2.310130e+13 1.05870067e-04 5.560543e+02
1.629866e-02 2.915053e+13 1.06409050e-04 6.278437e+02
1.629866e-02 3.678380e+13 1.09286546e-04 7.185307e+02
1.629866e-02 4.641589e+13 1.08575337e-04 8.112967e+02
1.629866e-02 5.857021e+13 1.07092786e-04 9.160392e+02
1.629866e-02 7.390722e+13 1.07614063e-04 1.048354e+03
1.629866e-02 9.326033e+13 1.04238961e-04 1.183701e+03
1.629866e-02 1.176812e+14 1.02562356e-04 1.354678e+03
1.629866e-02 1.484968e+14 9.69370846e-05 1.529573e+03
1.629866e-02 1.873817e+14 9.26855812e-05 1.750508e+03
1.629866e-02 2.364489e+14 8.47189950e-05 1.976507e+03
1.629866e-02 2.983647e+14 7.58172416e-05 2.231685e+03
1.629866e-02 3.764936e+14 6.79983222e-05 2.554033e+03
1.629866e-02 4.750810e+14 5.76548675e-05 2.883772e+03
1.629866e-02 5.994843e+14 4.85210217e-05 3.300310e+03
1.629866e-02 7.564633e+14 3.81602728e-05 3.726396e+03
1.629866e-02 9.545485e+14 2.93856112e-05 4.264644e+03
1.629866e-02 1.204504e+15 2.08089249e-05 4.815232e+03
1.629866e-02 1.519911e+15 1.41431738e-05 5.510753e+03
1.629866e-02 1.917910e+15 8.61930726e-06 6.222219e+03
1.629866e-02 2.420128e+15 4.89010156e-06 7.120968e+03
1.629866e-02 3.053856e+15 2.40290426e-06 8.040322e+03
1.629866e-02 3.853529e+15 1.05669234e-06 9.201681e+03
1.629866e-02 4.862602e+15 3.83193734e-07 1.038967e+04
1.629866e-02 6.135907e+15 1.13248108e-07 1.173102e+04
1.629866e-02 7.742637e+15 2.65980575e-08 1.342548e+04
1.629866e-02 9.770100e+15 4.40617664e-09 1.515877e+04
1.629866e-02 1.232847e+16 5.03296626e-10 1.734834e+04
1.629866e-02 1.555676e+16 3.44472597e-11 1.958809e+04
1.629866e-02 1.963041e+16 1.35318107e-12 2.241744e+04
1.629866e-02 2.477076e+16 2.58507741e-14 2.531164e+04
1.629866e-02 3.125716e+16 2.21618247e-16 2.896770e+04
1.629866e-02 3.944206e+16 6.82514488e-19 3.270758e+04
1.629866e-02 4.977024e+16 6.41031041e-22 3.743193e+04
1.629866e-02 6.280291e+16 1.30819317e-25 4.226458e+04
1.629866e-02 7.924829e+16 4.21021065e-30 4.836936e+04
1.629866e-02 1.000000e+17 1.23875458e-35 5.461409e+04
1.747670e-02 1.261857e+07 6.11917563e-06 1.915255e-01
1.747670e-02 1.592283e+07 6.48092307e-06 2.191898e-01
1.747670e-02 2.009233e+07 6.86544908e-06 2.508500e-01
1.747670e-02 2.535364e+07 7.27427851e-06 2.870832e-01
1.747670e-02 3.199267e+07 7.70904407e-06 3.285501e-01
1.747670e-02 4.037017e+07 8.17149437e-06 3.760065e-01
1.747670e-02 5.094138e+07 8.43285728e-06 4.245508e-01
1.747670e-02 6.428073e+07 8.94249015e-06 4.858738e-01
1.747670e-02 8.111308e+07 9.48493874e-06 5.560543e-01
1.747670e-02 1.023531e+08 1.00624448e-05 6.363718e-01
1.747670e-02 1.291550e+08 1.03931502e-05 7.185307e-01
1.747670e-02 1.629751e+08 1.10307139e-05 8.223166e-01
1.747670e-02 2.056512e+08 1.17099340e-05 9.410936e-01
1.747670e-02 2.595024e+08 1.24336911e-05 1.077027e+00
1.747670e-02 3.274549e+08 1.28535198e-05 1.216077e+00
1.747670e-02 4.132012e+08 1.36539453e-05 1.391729e+00
1.747670e-02 5.214008e+08 1.45074049e-05 1.592753e+00
1.747670e-02 6.579332e+08 1.50071439e-05 1.798386e+00
1.747670e-02 8.302176e+08 1.59521965e-05 2.058148e+00
1.747670e-02 1.047616e+09 1.69604765e-05 2.355431e+00
1.747670e-02 1.321941e+09 1.75562408e-05 2.659529e+00
1.747670e-02 1.668101e+09 1.86740197e-05 3.043676e+00
1.747670e-02 2.104904e+09 1.93383109e-05 3.436630e+00
1.747670e-02 2.656088e+09 2.05783295e-05 3.933024e+00
1.747670e-02 3.351603e+09 2.19024374e-05 4.501117e+00
1.747670e-02 4.229243e+09 2.26957788e-05 5.082234e+00
1.747670e-02 5.336699e+09 2.41659326e-05 5.816322e+00
1.747670e-02 6.734151e+09 2.50511669e-05 6.567239e+00
1.747670e-02 8.497534e+09 2.66841265e-05 7.515823e+00
1.747670e-02 1.072267e+10 2.76718304e-05 8.486155e+00
1.747670e-02 1.353048e+10 2.94860329e-05 9.711911e+00
1.747670e-02 1.707353e+10 3.05876784e-05 1.096577e+01
1.747670e-02 2.154435e+10 3.26032488e-05 1.254968e+01
1.747670e-02 2.718588e+10 3.38311075e-05 1.416991e+01
1.747670e-02 3.430469e+10 3.60697799e-05 1.621664e+01
1.747670e-02 4.328761e+10 3.74367235e-05 1.831029e+01
1.747670e-02 5.462277e+10 3.99216329e-05 2.095507e+01
1.747670e-02 6.892612e+10 4.14407786e-05 2.366047e+01
1.747670e-02 8.697490e+10 4.41960474e-05 2.707804e+01
1.747670e-02 1.097499e+11 4.58801896e-05 3.057395e+01
1.747670e-02 1.384886e+11 4.89302118e-05 3.499011e+01
1.747670e-02 1.747528e+11 5.07909285e-05 3.950751e+01
1.747670e-02 2.205131e+11 5.41592330e-05 4.521405e+01
1.747670e-02 2.782559e+11 5.62055316e-05 5.105142e+01
1.747670e-02 3.511192e+11 5.99130220e-05 5.842538e+01
1.747670e-02 4.430621e+11 6.21493501e-05 6.596840e+01
1.747670e-02 5.590810e+11 6.62116702e-05 7.549700e+01
1.747670e-02 7.054802e+11 6.86350302e-05 8.524405e+01
1.747670e-02 8.902151e+11 7.11137053e-05 9.624949e+01
1.747670e-02 1.123324e+12 7.56545599e-05 1.101519e+02
1.747670e-02 1.417474e+12 7.82902553e-05 1.243731e+02
1.747670e-02 1.788650e+12 8.31680249e-05 1.423378e+02
1.747670e-02 2.257020e+12 8.59180290e-05 1.607144e+02
1.747670e-02 2.848036e+12 9.10880544e-05 1.839282e+02
1.747670e-02 3.593814e+12 9.38800373e-05 2.076743e+02
1.747670e-02 4.534879e+12 9.66163446e-05 2.344861e+02
1.747670e-02 5.722368e+12 1.01979202e-04 2.683558e+02
1.747670e-02 7.220809e+12 1.04569116e-04 3.030019e+02
1.747670e-02 9.111628e+12 1.09908455e-04 3.467680e+02
1.747670e-02 1.149757e+13 1.12151390e-04 3.915376e+02
1.747670e-02 1.450829e+13 1.17215706e-04 4.480920e+02
1.747670e-02 1.830738e+13 1.18832139e-04 5.059430e+02
1.747670e-02 2.310130e+13 1.19986550e-04 5.712628e+02
1.747670e-02 2.915053e+13 1.23887558e-04 6.537771e+02
1.747670e-02 3.678380e+13 1.23841062e-04 7.381830e+02
1.747670e-02 4.641589e+13 1.26389682e-04 8.448076e+02
1.747670e-02 5.857021e+13 1.24652200e-04 9.538766e+02
1.747670e-02 7.390722e+13 1.25245750e-04 1.091656e+03
1.747670e-02 9.326033e+13 1.21303264e-04 1.232595e+03
1.747670e-02 1.176812e+14 1.16159152e-04 1.391729e+03
1.747670e-02 1.484968e+14 1.12773812e-04 1.592753e+03
1.747670e-02 1.873817e+14 1.04939015e-04 1.798386e+03
1.747670e-02 2.364489e+14 9.85233855e-05 2.058148e+03
1.747670e-02 2.983647e+14 8.81514706e-05 2.323865e+03
1.747670e-02 3.764936e+14 7.90403650e-05 2.659529e+03
1.747670e-02 4.750810e+14 6.69976617e-05 3.002888e+03
1.747670e-02 5.994843e+14 5.63647413e-05 3.436630e+03
1.747670e-02 7.564633e+14 4.43119267e-05 3.880317e+03
1.747670e-02 9.545485e+14 3.31994139e-05 4.381286e+03
1.747670e-02 1.204504e+15 2.41400523e-05 5.014127e+03
1.747670e-02 1.519911e+15 1.59607669e-05 5.661476e+03
1.747670e-02 1.917910e+15 9.98598509e-06 6.479231e+03
1.747670e-02 2.420128e+15 5.51008385e-06 7.315732e+03
1.747670e-02 3.053856e+15 2.77890662e-06 8.372431e+03
1.747670e-02 3.853529e+15 1.18815059e-06 9.453354e+03
1.747670e-02 4.862602e+15 4.42052819e-07 1.081881e+04
1.747670e-02 6.135907e+15 1.30433631e-07 1.221558e+04
1.747670e-02 7.742637e+15 3.05754607e-08 1.398002e+04
1.747670e-02 9.770100e+15 5.05333068e-09 1.578491e+04
1.747670e-02 1.232847e+16 5.75601259e-10 1.806492e+04
1.747670e-02 1.555676e+16 3.92625759e-11 2.039719e+04
1.747670e-02 1.963041e+16 1.53603079e-12 2.334340e+04
1.747670e-02 2.477076e+16 2.91992357e-14 2.635715e+04
1.747670e-02 3.125716e+16 2.48839562e-16 3.016423e+04
1.747670e-02 3.944206e+16 7.60875373e-19 3.405858e+04
1.747670e-02 4.977024e+16 7.08474021e-22 3.897807e+04
1.747670e-02 6.280291e+16 1.43074993e-25 4.401034e+04
1.747670e-02 7.924829e+16 4.54619115e-30 5.036727e+04
1.747670e-02 1.000000e+17 1.31681836e-35 5.686995e+04
1.873988e-02 1.261857e+07 7.32550366e-06 2.021455e-01
1.873988e-02 1.592283e+07 7.75856347e-06 2.313438e-01
1.873988e-02 2.009233e+07 8.21889184e-06 2.647595e-01
1.873988e-02 2.535364e+07 8.70831412e-06 3.030019e-01
1.873988e-02 3.199267e+07 9.22878480e-06 3.467680e-01
1.873988e-02 4.037017e+07 9.52196402e-06 3.915376e-01
1.873988e-02 5.094138e+07 1.00952793e-05 4.480920e-01
1.873988e-02 6.428073e+07 1.07053736e-05 5.128153e-01
1.873988e-02 8.111308e+07 1.13547514e-05 5.868873e-01
1.873988e-02 1.023531e+08 1.17253976e-05 6.626574e-01
1.873988e-02 1.291550e+08 1.24419862e-05 7.583729e-01
1.873988e-02 1.629751e+08 1.32052246e-05 8.679137e-01
1.873988e-02 2.056512e+08 1.40183290e-05 9.932768e-01
1.873988e-02 2.595024e+08 1.44884766e-05 1.121514e+00
1.873988e-02 3.274549e+08 1.53873217e-05 1.283508e+00
1.873988e-02 4.132012e+08 1.63455163e-05 1.468900e+00
1.873988e-02 5.214008e+08 1.69048356e-05 1.658542e+00
1.873988e-02 6.579332e+08 1.79654231e-05 1.898105e+00
1.873988e-02 8.302176e+08 1.85883369e-05 2.143160e+00
1.873988e-02 1.047616e+09 1.97632076e-05 2.452723e+00
1.873988e-02 1.321941e+09 2.10169138e-05 2.806999e+00
1.873988e-02 1.668101e+09 2.17598401e-05 3.169396e+00
1.873988e-02 2.104904e+09 2.31501779e-05 3.627190e+00
1.873988e-02 2.656088e+09 2.39787341e-05 4.095479e+00
1.873988e-02 3.351603e+09 2.55215821e-05 4.687038e+00
1.873988e-02 4.229243e+09 2.71692668e-05 5.364042e+00
1.873988e-02 5.336699e+09 2.81589518e-05 6.056568e+00
1.873988e-02 6.734151e+09 2.99887513e-05 6.931390e+00
1.873988e-02 8.497534e+09 3.10930489e-05 7.826267e+00
1.873988e-02 1.072267e+10 3.31257327e-05 8.956708e+00
1.873988e-02 1.353048e+10 3.43576631e-05 1.011307e+01
1.873988e-02 1.707353e+10 3.66159934e-05 1.157382e+01
1.873988e-02 2.154435e+10 3.79895873e-05 1.306805e+01
1.873988e-02 2.718588e+10 4.04982868e-05 1.495563e+01
1.873988e-02 3.430469e+10 4.20284137e-05 1.688648e+01
1.873988e-02 4.328761e+10 4.48140016e-05 1.932559e+01
1.873988e-02 5.462277e+10 4.65160553e-05 2.182063e+01
1.873988e-02 6.892612e+10 4.96064854e-05 2.497244e+01
1.873988e-02 8.697490e+10 5.14958483e-05 2.819651e+01
1.873988e-02 1.097499e+11 5.34577549e-05 3.183682e+01
1.873988e-02 1.384886e+11 5.70110512e-05 3.643539e+01
1.873988e-02 1.747528e+11 5.91785388e-05 4.113939e+01
1.873988e-02 2.205131e+11 6.31024733e-05 4.708164e+01
1.873988e-02 2.782559e+11 6.54859836e-05 5.316012e+01
1.873988e-02 3.511192e+11 6.98048390e-05 6.083867e+01
1.873988e-02 4.430621e+11 7.24094842e-05 6.869325e+01
1.873988e-02 5.590810e+11 7.71413912e-05 7.861543e+01
1.873988e-02 7.054802e+11 7.99635871e-05 8.876509e+01
1.873988e-02 8.902151e+11 8.28500276e-05 1.002251e+02
1.873988e-02 1.123324e+12 8.81387124e-05 1.147018e+02
1.873988e-02 1.417474e+12 9.12075534e-05 1.295104e+02
1.873988e-02 1.788650e+12 9.68880397e-05 1.482171e+02
1.873988e-02 2.257020e+12 1.00089348e-04 1.673527e+02
1.873988e-02 2.848036e+12 1.06109372e-04 1.915255e+02
1.873988e-02 3.593814e+12 1.09358667e-04 2.162524e+02
1.873988e-02 4.534879e+12 1.12542598e-04 2.441717e+02
1.873988e-02 5.722368e+12 1.18785361e-04 2.794403e+02
1.873988e-02 7.220809e+12 1.21797437e-04 3.155175e+02
1.873988e-02 9.111628e+12 1.28011050e-04 3.610914e+02
1.873988e-02 1.149757e+13 1.30617293e-04 4.077102e+02
1.873988e-02 1.450829e+13 1.32874152e-04 4.603477e+02
1.873988e-02 1.830738e+13 1.38382852e-04 5.268411e+02
1.873988e-02 2.310130e+13 1.39718206e-04 5.948590e+02
1.873988e-02 2.915053e+13 1.44250383e-04 6.807816e+02
1.873988e-02 3.678380e+13 1.44184689e-04 7.686740e+02
1.873988e-02 4.641589e+13 1.47138771e-04 8.797027e+02
1.873988e-02 5.857021e+13 1.45101444e-04 9.932768e+02
1.873988e-02 7.390722e+13 1.41894932e-04 1.121514e+03
1.873988e-02 9.326033e+13 1.41169134e-04 1.283508e+03
1.873988e-02 1.176812e+14 1.35163109e-04 1.449215e+03
1.873988e-02 1.484968e+14 1.31202537e-04 1.658542e+03
1.873988e-02 1.873817e+14 1.22064863e-04 1.872669e+03
1.873988e-02 2.364489e+14 1.14578121e-04 2.143160e+03
1.873988e-02 2.983647e+14 1.02491489e-04 2.419853e+03
1.873988e-02 3.764936e+14 8.94271485e-05 2.732269e+03
1.873988e-02 4.750810e+14 7.78506715e-05 3.126923e+03
1.873988e-02 5.994843e+14 6.37286304e-05 3.530625e+03
1.873988e-02 7.564633e+14 5.14500224e-05 4.040595e+03
1.873988e-02 9.545485e+14 3.85288649e-05 4.562256e+03
1.873988e-02 1.204504e+15 2.79995733e-05 5.221237e+03
1.873988e-02 1.519911e+15 1.85005467e-05 5.895326e+03
1.873988e-02 1.917910e+15 1.12583091e-05 6.656443e+03
1.873988e-02 2.420128e+15 6.37636451e-06 7.617912e+03
1.873988e-02 3.053856e+15 3.12692407e-06 8.601423e+03
1.873988e-02 3.853529e+15 1.37183260e-06 9.843829e+03
1.873988e-02 4.862602e+15 4.96084628e-07 1.111472e+04
1.873988e-02 6.135907e+15 1.50120918e-07 1.272015e+04
1.873988e-02 7.742637e+15 3.41828688e-08 1.436238e+04
1.873988e-02 9.770100e+15 5.78962118e-09 1.643692e+04
1.873988e-02 1.232847e+16 6.39981131e-10 1.855900e+04
1.873988e-02 1.555676e+16 4.46848507e-11 2.123970e+04
1.873988e-02 1.963041e+16 1.69414608e-12 2.398186e+04
1.873988e-02 2.477076e+16 3.29106354e-14 2.744584e+04
1.873988e-02 3.125716e+16 2.71262782e-16 3.098924e+04
1.873988e-02 3.944206e+16 8.45591245e-19 3.546539e+04
1.873988e-02 4.977024e+16 7.59306862e-22 4.004415e+04
1.873988e-02 6.280291e+16 1.55770753e-25 4.582820e+04
1.873988e-02 7.924829e+16 4.75217648e-30 5.174486e+04
1.873988e-02 1.000000e+17 1.39053763e-35 5.921898e+04
2.009436e-02 1.261857e+07 8.77101398e-06 2.133544e-01
2.009436e-02 1.592283e+07 9.28952484e-06 2.441717e-01
2.009436e-02 2.009233e+07 9.84068434e-06 2.794403e-01
2.009436e-02 2.535364e+07 1.04266779e-05 3.198032e-01
2.009436e-02 3.199267e+07 1.07556697e-05 3.610914e-01
2.009436e-02 4.037017e+07 1.14008707e-05 4.132482e-01
2.009436e-02 5.094138e+07 1.20873082e-05 4.729385e-01
2.009436e-02 6.428073e+07 1.28177806e-05 5.412507e-01
2.009436e-02 8.111308e+07 1.32333442e-05 6.111289e-01
2.009436e-02 1.023531e+08 1.40390592e-05 6.994015e-01
2.009436e-02 1.291550e+08 1.48970340e-05 8.004244e-01
2.009436e-02 1.629751e+08 1.58108611e-05 9.160392e-01
2.009436e-02 2.056512e+08 1.63375463e-05 1.034305e+00
2.009436e-02 2.595024e+08 1.73472895e-05 1.183701e+00
2.009436e-02 3.274549e+08 1.79329903e-05 1.336523e+00
2.009436e-02 4.132012e+08 1.90496856e-05 1.529573e+00
2.009436e-02 5.214008e+08 2.02403636e-05 1.750508e+00
2.009436e-02 6.579332e+08 2.09375304e-05 1.976507e+00
2.009436e-02 8.302176e+08 2.22559754e-05 2.261998e+00
2.009436e-02 1.047616e+09 2.30326585e-05 2.554033e+00
2.009436e-02 1.321941e+09 2.44937234e-05 2.922943e+00
2.009436e-02 1.668101e+09 2.60531044e-05 3.345138e+00
2.009436e-02 2.104904e+09 2.69797833e-05 3.777013e+00
2.009436e-02 2.656088e+09 2.87096664e-05 4.322572e+00
2.009436e-02 3.351603e+09 2.97433360e-05 4.880638e+00
2.009436e-02 4.229243e+09 3.16634953e-05 5.585606e+00
2.009436e-02 5.336699e+09 3.28167961e-05 6.306737e+00
2.009436e-02 6.734151e+09 3.49491594e-05 7.217694e+00
2.009436e-02 8.497534e+09 3.62359964e-05 8.149535e+00
2.009436e-02 1.072267e+10 3.86047564e-05 9.326669e+00
2.009436e-02 1.353048e+10 4.00402921e-05 1.053079e+01
2.009436e-02 1.707353e+10 4.26719606e-05 1.205188e+01
2.009436e-02 2.154435e+10 4.42725316e-05 1.360784e+01
2.009436e-02 2.718588e+10 4.71958997e-05 1.557338e+01
2.009436e-02 3.430469e+10 4.89788151e-05 1.758398e+01
2.009436e-02 4.328761e+10 5.22247612e-05 2.012384e+01
2.009436e-02 5.462277e+10 5.42079349e-05 2.272193e+01
2.009436e-02 6.892612e+10 5.78090001e-05 2.600393e+01
2.009436e-02 8.697490e+10 6.00103245e-05 2.936118e+01
2.009436e-02 1.097499e+11 6.22961139e-05 3.315185e+01
2.009436e-02 1.384886e+11 6.64363044e-05 3.794037e+01
2.009436e-02 1.747528e+11 6.89614681e-05 4.283867e+01
2.009436e-02 2.205131e+11 7.35333110e-05 4.902636e+01
2.009436e-02 2.782559e+11 7.63099507e-05 5.535592e+01
2.009436e-02 3.511192e+11 8.13416514e-05 6.335163e+01
2.009436e-02 4.430621e+11 8.43756367e-05 7.153065e+01
2.009436e-02 5.590810e+11 8.74951434e-05 8.076563e+01
2.009436e-02 7.054802e+11 9.31752424e-05 9.243157e+01
2.009436e-02 8.902151e+11 9.65368902e-05 1.043650e+02
2.009436e-02 1.123324e+12 1.02697298e-04 1.194396e+02
2.009436e-02 1.417474e+12 1.06270811e-04 1.348599e+02
2.009436e-02 1.788650e+12 1.12886848e-04 1.543393e+02
2.009436e-02 2.257020e+12 1.16613829e-04 1.742653e+02
2.009436e-02 2.848036e+12 1.20333104e-04 1.967639e+02
2.009436e-02 3.593814e+12 1.27406050e-04 2.251848e+02
2.009436e-02 4.534879e+12 1.31111006e-04 2.542573e+02
2.009436e-02 5.722368e+12 1.38378620e-04 2.909827e+02
2.009436e-02 7.220809e+12 1.41881704e-04 3.285501e+02
2.009436e-02 9.111628e+12 1.45143381e-04 3.709676e+02
2.009436e-02 1.149757e+13 1.52141381e-04 4.245508e+02
2.009436e-02 1.450829e+13 1.54761502e-04 4.793625e+02
2.009436e-02 1.830738e+13 1.61167609e-04 5.486025e+02
2.009436e-02 2.310130e+13 1.62711588e-04 6.194299e+02
2.009436e-02 2.915053e+13 1.67976683e-04 7.089016e+02
2.009436e-02 3.678380e+13 1.67885728e-04 8.004244e+02
2.009436e-02 4.641589e+13 1.66748198e-04 9.037633e+02
2.009436e-02 5.857021e+13 1.68918628e-04 1.034305e+03
2.009436e-02 7.390722e+13 1.65165716e-04 1.167839e+03
2.009436e-02 9.326033e+13 1.64298384e-04 1.336523e+03
2.009436e-02 1.176812e+14 1.57284002e-04 1.509075e+03
2.009436e-02 1.484968e+14 1.48584616e-04 1.703905e+03
2.009436e-02 1.873817e+14 1.41989029e-04 1.950020e+03
2.009436e-02 2.364489e+14 1.29702689e-04 2.201778e+03
2.009436e-02 2.983647e+14 1.19163155e-04 2.519806e+03
2.009436e-02 3.764936e+14 1.03943108e-04 2.845126e+03
2.009436e-02 4.750810e+14 9.04569792e-05 3.256082e+03
2.009436e-02 5.994843e+14 7.40194358e-05 3.676459e+03
2.009436e-02 7.564633e+14 5.81411624e-05 4.151108e+03
2.009436e-02 9.545485e+14 4.47073022e-05 4.750702e+03
2.009436e-02 1.204504e+15 3.16056216e-05 5.364042e+03
2.009436e-02 1.519911e+15 2.14394136e-05 6.138835e+03
2.009436e-02 1.917910e+15 1.30360871e-05 6.931390e+03
2.009436e-02 2.420128e+15 7.37619732e-06 7.932573e+03
2.009436e-02 3.053856e+15 3.61318638e-06 8.956708e+03
2.009436e-02 3.853529e+15 1.58307748e-06 1.025043e+04
2.009436e-02 4.862602e+15 5.71585099e-07 1.157382e+04
2.009436e-02 6.135907e+15 1.68051874e-07 1.306805e+04
2.009436e-02 7.742637e+15 3.92252307e-08 1.495563e+04
2.009436e-02 9.770100e+15 6.44950499e-09 1.688648e+04
2.009436e-02 1.232847e+16 7.30057271e-10 1.932559e+04
2.009436e-02 1.555676e+16 4.94232546e-11 2.182063e+04
2.009436e-02 1.963041e+16 1.91596281e-12 2.497244e+04
2.009436e-02 2.477076e+16 3.60228428e-14 2.819651e+04
2.009436e-02 3.125716e+16 3.02949129e-16 3.226926e+04
2.009436e-02 3.944206e+16 9.11655726e-19 3.643539e+04
2.009436e-02 4.977024e+16 8.32669332e-22 4.169819e+04
2.009436e-02 6.280291e+16 1.64274433e-25 4.708164e+04
2.009436e-02 7.924829e+16 5.07335340e-30 5.388220e+04
2.009436e-02 1.000000e+17 1.41911694e-35 6.083867e+04
2.154674e-02 1.261857e+07 1.05035109e-05 2.251848e-01
2.154674e-02 1.592283e+07 1.11244371e-05 2.577109e-01
2.154674e-02 2.009233e+07 1.17844601e-05 2.949352e-01
2.154674e-02 2.535364e+07 1.24861966e-05 3.375362e-01
2.154674e-02 3.199267e+07 1.28801662e-05 3.811138e-01
2.154674e-02 4.037017e+07 1.36528026e-05 4.361626e-01
2.154674e-02 5.094138e+07 1.44748190e-05 4.991628e-01
2.154674e-02 6.428073e+07 1.49409207e-05 5.636072e-01
2.154674e-02 8.111308e+07 1.58472019e-05 6.450157e-01
2.154674e-02 1.023531e+08 1.68120495e-05 7.381830e-01
2.154674e-02 1.291550e+08 1.73645429e-05 8.334862e-01
2.154674e-02 1.629751e+08 1.84297176e-05 9.538766e-01
2.154674e-02 2.056512e+08 1.95644801e-05 1.091656e+00
2.154674e-02 2.595024e+08 2.02205931e-05 1.232595e+00
2.154674e-02 3.274549e+08 2.14750023e-05 1.410633e+00
2.154674e-02 4.132012e+08 2.28122313e-05 1.614388e+00
2.154674e-02 5.214008e+08 2.35927691e-05 1.822813e+00
2.154674e-02 6.579332e+08 2.50728765e-05 2.086104e+00
2.154674e-02 8.302176e+08 2.59421450e-05 2.355431e+00
2.154674e-02 1.047616e+09 2.75817173e-05 2.695653e+00
2.154674e-02 1.321941e+09 2.85504175e-05 3.043676e+00
2.154674e-02 1.668101e+09 3.03680032e-05 3.483310e+00
2.154674e-02 2.104904e+09 3.14480875e-05 3.933024e+00
2.154674e-02 2.656088e+09 3.34643871e-05 4.501117e+00
2.154674e-02 3.351603e+09 3.56173839e-05 5.151267e+00
2.154674e-02 4.229243e+09 3.69072096e-05 5.816322e+00
2.154674e-02 5.336699e+09 3.92975930e-05 6.656443e+00
2.154674e-02 6.734151e+09 4.07367437e-05 7.515823e+00
2.154674e-02 8.497534e+09 4.22365291e-05 8.486155e+00
2.154674e-02 1.072267e+10 4.49973709e-05 9.711911e+00
2.154674e-02 1.353048e+10 4.66704222e-05 1.096577e+01
2.154674e-02 1.707353e+10 4.97376325e-05 1.254968e+01
2.154674e-02 2.154435e+10 5.16029729e-05 1.416991e+01
2.154674e-02 2.718588e+10 5.50100845e-05 1.621664e+01
2.154674e-02 3.430469e+10 5.70878648e-05 1.831029e+01
2.154674e-02 4.328761e+10 6.08708350e-05 2.095507e+01
2.154674e-02 5.462277e+10 6.31819029e-05 2.366047e+01
2.154674e-02 6.892612e+10 6.73786163e-05 2.707804e+01
2.154674e-02 8.697490e+10 6.99437839e-05 3.057395e+01
2.154674e-02 1.097499e+11 7.26073060e-05 3.452120e+01
2.154674e-02 1.384886e+11 7.74320444e-05 3.950751e+01
2.154674e-02 1.747528e+11 8.03743164e-05 4.460813e+01
2.154674e-02 2.205131e+11 8.57018225e-05 5.105142e+01
2.154674e-02 2.782559e+11 8.89368657e-05 5.764242e+01
2.154674e-02 3.511192e+11 9.47998982e-05 6.596840e+01
2.154674e-02 4.430621e+11 9.83344441e-05 7.448526e+01
2.154674e-02 5.590810e+11 1.01968422e-04 8.410168e+01
2.154674e-02 7.054802e+11 1.08586240e-04 9.624949e+01
2.154674e-02 8.902151e+11 1.12501778e-04 1.086758e+02
2.154674e-02 1.123324e+12 1.19678502e-04 1.243731e+02
2.154674e-02 1.417474e+12 1.23840106e-04 1.404303e+02
2.154674e-02 1.788650e+12 1.28044571e-04 1.585606e+02
2.154674e-02 2.257020e+12 1.35886034e-04 1.814634e+02
2.154674e-02 2.848036e+12 1.40215789e-04 2.048913e+02
2.154674e-02 3.593814e+12 1.48452523e-04 2.344861e+02
2.154674e-02 4.534879e+12 1.52763979e-04 2.647595e+02
2.154674e-02 5.722368e+12 1.56933159e-04 2.989413e+02
2.154674e-02 7.220809e+12 1.65299567e-04 3.421210e+02
2.154674e-02 9.111628e+12 1.69091341e-04 3.862905e+02
2.154674e-02 1.149757e+13 1.77234398e-04 4.420871e+02
2.154674e-02 1.450829e+13 1.80275849e-04 4.991628e+02
2.154674e-02 1.830738e+13 1.82727822e-04 5.636072e+02
2.154674e-02 2.310130e+13 1.89509907e-04 6.450157e+02
2.154674e-02 2.915053e+13 1.90417885e-04 7.282906e+02
2.154674e-02 3.678380e+13 1.95501952e-04 8.334862e+02
2.154674e-02 4.641589e+13 1.94157198e-04 9.410936e+02
2.154674e-02 5.857021e+13 1.91425898e-04 1.062594e+03
2.154674e-02 7.390722e+13 1.92267148e-04 1.216077e+03
2.154674e-02 9.326033e+13 1.86138335e-04 1.373078e+03
2.154674e-02 1.176812e+14 1.83034806e-04 1.571408e+03
2.154674e-02 1.484968e+14 1.72878632e-04 1.774285e+03
2.154674e-02 1.873817e+14 1.65169408e-04 2.030566e+03
2.154674e-02 2.364489e+14 1.50840663e-04 2.292723e+03
2.154674e-02 2.983647e+14 1.34856704e-04 2.588725e+03
2.154674e-02 3.764936e+14 1.20811318e-04 2.962645e+03
2.154674e-02 4.750810e+14 1.02300504e-04 3.345138e+03
2.154674e-02 5.994843e+14 8.59645040e-05 3.828316e+03
2.154674e-02 7.564633e+14 6.74913908e-05 4.322572e+03
2.154674e-02 9.545485e+14 5.18682751e-05 4.946932e+03
2.154674e-02 1.204504e+15 3.66444113e-05 5.585606e+03
2.154674e-02 1.519911e+15 2.41775175e-05 6.306737e+03
2.154674e-02 1.917910e+15 1.50898265e-05 7.217694e+03
2.154674e-02 2.420128e+15 8.30243101e-06 8.149535e+03
2.154674e-02 3.053856e+15 4.17310569e-06 9.326669e+03
2.154674e-02 3.853529e+15 1.77720689e-06 1.053079e+04
2.154674e-02 4.862602e+15 6.58126456e-07 1.205188e+04
2.154674e-02 6.135907e+15 1.93111375e-07 1.360784e+04
2.154674e-02 7.742637e+15 4.49670633e-08 1.557338e+04
2.154674e-02 9.770100e+15 7.37236962e-09 1.758398e+04
2.154674e-02 1.232847e+16 8.09485969e-10 1.985416e+04
2.154674e-02 1.555676e+16 5.60629915e-11 2.272193e+04
2.154674e-02 1.963041e+16 2.10478239e-12 2.565545e+04
2.154674e-02 2.477076e+16 4.04070608e-14 2.936118e+04
2.154674e-02 3.125716e+16 3.28343111e-16 3.315185e+04
2.154674e-02 3.944206e+16 1.00612247e-18 3.794037e+04
2.154674e-02 4.977024e+16 8.84948692e-22 4.283867e+04
2.154674e-02 6.280291e+16 1.77048311e-25 4.902636e+04
2.154674e-02 7.924829e+16 5.23868955e-30 5.535592e+04
2.154674e-02 1.000000e+17 1.47649957e-35 6.335163e+04
2.310410e-02 1.261857e+07 1.25804587e-05 2.376712e-01
2.310410e-02 1.592283e+07 1.33241613e-05 2.720009e-01
2.310410e-02 2.009233e+07 1.41146903e-05 3.112892e-01
2.310410e-02 2.535364e+07 1.45570338e-05 3.514782e-01
2.310410e-02 3.199267e+07 1.54270444e-05 4.022464e-01
2.310410e-02 4.037017e+07 1.63524501e-05 4.603477e-01
2.310410e-02 5.094138e+07 1.68754418e-05 5.197809e-01
2.310410e-02 6.428073e+07 1.78952524e-05 5.948590e-01
2.310410e-02 8.111308e+07 1.89807225e-05 6.807816e-01
2.310410e-02 1.023531e+08 1.96002544e-05 7.686740e-01
2.310410e-02 1.291550e+08 2.07980572e-05 8.797027e-01
2.310410e-02 1.629751e+08 2.20738289e-05 1.006769e+00
2.310410e-02 2.056512e+08 2.28090972e-05 1.136748e+00
2.310410e-02 2.595024e+08 2.42187611e-05 1.300942e+00
2.310410e-02 3.274549e+08 2.50364044e-05 1.468900e+00
2.310410e-02 4.132012e+08 2.65953623e-05 1.681071e+00
2.310410e-02 5.214008e+08 2.82575931e-05 1.923888e+00
2.310410e-02 6.579332e+08 2.92308175e-05 2.172271e+00
2.310410e-02 8.302176e+08 3.10713893e-05 2.486038e+00
2.310410e-02 1.047616e+09 3.21555929e-05 2.806999e+00
2.310410e-02 1.321941e+09 3.41952308e-05 3.212447e+00
2.310410e-02 1.668101e+09 3.54037769e-05 3.627190e+00
2.310410e-02 2.104904e+09 3.76656358e-05 4.151108e+00
2.310410e-02 2.656088e+09 3.90134230e-05 4.687038e+00
2.310410e-02 3.351603e+09 4.15233107e-05 5.364042e+00
2.310410e-02 4.229243e+09 4.30268785e-05 6.056568e+00
2.310410e-02 5.336699e+09 4.58134654e-05 6.931390e+00
2.310410e-02 6.734151e+09 4.74910697e-05 7.826267e+00
2.310410e-02 8.497534e+09 5.05860690e-05 8.956708e+00
2.310410e-02 1.072267e+10 5.24577045e-05 1.011307e+01
2.310410e-02 1.353048e+10 5.58959903e-05 1.157382e+01
2.310410e-02 1.707353e+10 5.79833301e-05 1.306805e+01
2.310410e-02 2.154435e+10 6.01575944e-05 1.475521e+01
2.310410e-02 2.718588e+10 6.41291604e-05 1.688648e+01
2.310410e-02 3.430469e+10 6.65509617e-05 1.906661e+01
2.310410e-02 4.328761e+10 7.09605321e-05 2.182063e+01
2.310410e-02 5.462277e+10 7.36541338e-05 2.463778e+01
2.310410e-02 6.892612e+10 7.85458176e-05 2.819651e+01
2.310410e-02 8.697490e+10 8.15354285e-05 3.183682e+01
2.310410e-02 1.097499e+11 8.46395788e-05 3.594712e+01
2.310410e-02 1.384886e+11 9.02629413e-05 4.113939e+01
2.310410e-02 1.747528e+11 9.36917279e-05 4.645069e+01
2.310410e-02 2.205131e+11 9.99007602e-05 5.316012e+01
2.310410e-02 2.782559e+11 1.03670423e-04 6.002336e+01
2.310410e-02 3.511192e+11 1.10503169e-04 6.869325e+01
2.310410e-02 4.430621e+11 1.14621418e-04 7.756190e+01
2.310410e-02 5.590810e+11 1.18855270e-04 8.757554e+01
2.310410e-02 7.054802e+11 1.26566711e-04 1.002251e+02
2.310410e-02 8.902151e+11 1.31127957e-04 1.131647e+02
2.310410e-02 1.123324e+12 1.39489793e-04 1.295104e+02
2.310410e-02 1.417474e+12 1.44336797e-04 1.462309e+02
2.310410e-02 1.788650e+12 1.49233170e-04 1.651100e+02
2.310410e-02 2.257020e+12 1.58367602e-04 1.889588e+02
2.310410e-02 2.848036e+12 1.63408445e-04 2.133544e+02
2.310410e-02 3.593814e+12 1.68395732e-04 2.408995e+02
2.310410e-02 4.534879e+12 1.78018985e-04 2.756955e+02
2.310410e-02 5.722368e+12 1.82869570e-04 3.112892e+02
2.310410e-02 7.220809e+12 1.92609570e-04 3.562524e+02
2.310410e-02 9.111628e+12 1.97017475e-04 4.022464e+02
2.310410e-02 1.149757e+13 2.00996005e-04 4.541785e+02
2.310410e-02 1.450829e+13 2.10023420e-04 5.197809e+02
2.310410e-02 1.830738e+13 2.12864750e-04 5.868873e+02
2.310410e-02 2.310130e+13 2.20747788e-04 6.716584e+02
2.310410e-02 2.915053e+13 2.21785707e-04 7.583729e+02
2.310410e-02 3.678380e+13 2.21623090e-04 8.562827e+02
2.310410e-02 4.641589e+13 2.26093374e-04 9.799658e+02
2.310410e-02 5.857021e+13 2.22884992e-04 1.106484e+03
2.310410e-02 7.390722e+13 2.23833085e-04 1.266307e+03
2.310410e-02 9.326033e+13 2.16663805e-04 1.429794e+03
2.310410e-02 1.176812e+14 2.07342319e-04 1.614388e+03
2.310410e-02 1.484968e+14 2.01153039e-04 1.847573e+03
2.310410e-02 1.873817e+14 1.87023681e-04 2.086104e+03
2.310410e-02 2.364489e+14 1.75424786e-04 2.387425e+03
2.310410e-02 2.983647e+14 1.56789137e-04 2.695653e+03
2.310410e-02 3.764936e+14 1.36673624e-04 3.043676e+03
2.310410e-02 4.750810e+14 1.18851428e-04 3.483310e+03
2.310410e-02 5.994843e+14 9.71700713e-05 3.933024e+03
2.310410e-02 7.564633e+14 7.83350696e-05 4.501117e+03
2.310410e-02 9.545485e+14 5.85641210e-05 5.082234e+03
2.310410e-02 1.204504e+15 4.24771692e-05 5.816322e+03
2.310410e-02 1.519911e+15 2.80033132e-05 6.567239e+03
2.310410e-02 1.917910e+15 1.69962978e-05 7.415103e+03
2.310410e-02 2.420128e+15 9.59655755e-06 8.486155e+03
2.310410e-02 3.053856e+15 4.68909983e-06 9.581761e+03
2.310410e-02 3.853529e+15 2.04845612e-06 1.096577e+04
2.310410e-02 4.862602e+15 7.37053710e-07 1.238151e+04
2.310410e-02 6.135907e+15 2.21711472e-07 1.416991e+04
2.310410e-02 7.742637e+15 5.01237515e-08 1.599932e+04
2.310410e-02 9.770100e+15 8.41654251e-09 1.831029e+04
2.310410e-02 1.232847e+16 9.20691356e-10 2.067425e+04
2.310410e-02 1.555676e+16 6.34773702e-11 2.366047e+04
2.310410e-02 1.963041e+16 2.37017104e-12 2.671516e+04
2.310410e-02 2.477076e+16 4.52035234e-14 3.057395e+04
2.310410e-02 3.125716e+16 3.64420139e-16 3.452120e+04
2.310410e-02 3.944206e+16 1.10606691e-18 3.950751e+04
2.310410e-02 4.977024e+16 9.61715400e-22 4.460813e+04
2.310410e-02 6.280291e+16 1.89739623e-25 5.105142e+04
2.310410e-02 7.924829e+16 5.51952738e-30 5.764242e+04
2.310410e-02 1.000000e+17 1.52354107e-35 6.596840e+04
2.477401e-02 1.261857e+07 1.50709630e-05 2.508500e-01
2.477401e-02 1.592283e+07 1.59618875e-05 2.870832e-01
2.477401e-02 2.009233e+07 1.64587476e-05 3.241471e-01
2.477401e-02 2.535364e+07 1.74388108e-05 3.709676e-01
2.477401e-02 3.199267e+07 1.84810427e-05 4.245508e-01
2.477401e-02 4.037017e+07 1.90681065e-05 4.793625e-01
2.477401e-02 5.094138e+07 2.02161455e-05 5.486025e-01
2.477401e-02 6.428073e+07 2.14378249e-05 6.278437e-01
2.477401e-02 8.111308e+07 2.21328090e-05 7.089016e-01
2.477401e-02 1.023531e+08 2.34803127e-05 8.112967e-01
2.477401e-02 1.291550e+08 2.42519003e-05 9.160392e-01
2.477401e-02 1.629751e+08 2.57395070e-05 1.048354e+00
2.477401e-02 2.056512e+08 2.73242911e-05 1.199780e+00
2.477401e-02 2.595024e+08 2.82405689e-05 1.354678e+00
2.477401e-02 3.274549e+08 2.99924290e-05 1.550350e+00
2.477401e-02 4.132012e+08 3.10117450e-05 1.750508e+00
2.477401e-02 5.214008e+08 3.29499505e-05 2.003355e+00
2.477401e-02 6.579332e+08 3.40847261e-05 2.261998e+00
2.477401e-02 8.302176e+08 3.62308651e-05 2.588725e+00
2.477401e-02 1.047616e+09 3.74950266e-05 2.922943e+00
2.477401e-02 1.321941e+09 3.98732582e-05 3.345138e+00
2.477401e-02 1.668101e+09 4.12823814e-05 3.777013e+00
2.477401e-02 2.104904e+09 4.39196958e-05 4.322572e+00
2.477401e-02 2.656088e+09 4.54911441e-05 4.880638e+00
2.477401e-02 3.351603e+09 4.84176223e-05 5.585606e+00
2.477401e-02 4.229243e+09 5.01706698e-05 6.306737e+00
2.477401e-02 5.336699e+09 5.34197264e-05 7.217694e+00
2.477401e-02 6.734151e+09 5.53756450e-05 8.149535e+00
2.477401e-02 8.497534e+09 5.89842378e-05 9.326669e+00
2.477401e-02 1.072267e+10 6.11663221e-05 1.053079e+01
2.477401e-02 1.353048e+10 6.51750877e-05 1.205188e+01
2.477401e-02 1.707353e+10 6.76085830e-05 1.360784e+01
2.477401e-02 2.154435e+10 7.20618508e-05 1.557338e+01
2.477401e-02 2.718588e+10 7.47737342e-05 1.758398e+01
2.477401e-02 3.430469e+10 7.75970022e-05 1.985416e+01
2.477401e-02 4.328761e+10 8.27378667e-05 2.272193e+01
2.477401e-02 5.462277e+10 8.58778503e-05 2.565545e+01
2.477401e-02 6.892612e+10 9.15805813e-05 2.936118e+01
2.477401e-02 8.697490e+10 9.50654408e-05 3.315185e+01
2.477401e-02 1.097499e+11 9.86837022e-05 3.743193e+01
2.477401e-02 1.384886e+11 1.05238991e-04 4.283867e+01
2.477401e-02 1.747528e+11 1.09235370e-04 4.836936e+01
2.477401e-02 2.205131e+11 1.16472988e-04 5.535592e+01
2.477401e-02 2.782559e+11 1.20866289e-04 6.250265e+01
2.477401e-02 3.511192e+11 1.25400608e-04 7.057206e+01
2.477401e-02 4.430621e+11 1.33629451e-04 8.076563e+01
2.477401e-02 5.590810e+11 1.38562890e-04 9.119288e+01
2.477401e-02 7.054802e+11 1.47550043e-04 1.043650e+02
2.477401e-02 8.902151e+11 1.52864165e-04 1.178390e+02
2.477401e-02 1.123324e+12 1.58279160e-04 1.330526e+02
2.477401e-02 1.417474e+12 1.68254154e-04 1.522710e+02
2.477401e-02 1.788650e+12 1.73956908e-04 1.719300e+02
2.477401e-02 2.257020e+12 1.84598865e-04 1.967639e+02
2.477401e-02 2.848036e+12 1.90468082e-04 2.221671e+02
2.477401e-02 3.593814e+12 1.96273792e-04 2.508500e+02
2.477401e-02 4.534879e+12 2.07481511e-04 2.870832e+02
2.477401e-02 5.722368e+12 2.13125053e-04 3.241471e+02
2.477401e-02 7.220809e+12 2.18489241e-04 3.659962e+02
2.477401e-02 9.111628e+12 2.29589081e-04 4.188614e+02
2.477401e-02 1.149757e+13 2.34210737e-04 4.729385e+02
2.477401e-02 1.450829e+13 2.44712992e-04 5.412507e+02
2.477401e-02 1.830738e+13 2.48004537e-04 6.111289e+02
2.477401e-02 2.310130e+13 2.50320417e-04 6.900288e+02
2.477401e-02 2.915053e+13 2.58351337e-04 7.896978e+02
2.477401e-02 3.678380e+13 2.58134342e-04 8.916518e+02
2.477401e-02 4.641589e+13 2.63309599e-04 1.020444e+03
2.477401e-02 5.857021e+13 2.59538286e-04 1.152188e+03
2.477401e-02 7.390722e+13 2.53665061e-04 1.300942e+03
2.477401e-02 9.326033e+13 2.52213143e-04 1.488852e+03
2.477401e-02 1.176812e+14 2.41315933e-04 1.681071e+03
2.477401e-02 1.484968e+14 2.34061704e-04 1.923888e+03
2.477401e-02 1.873817e+14 2.17567189e-04 2.172271e+03
2.477401e-02 2.364489e+14 1.98585415e-04 2.452723e+03
2.477401e-02 2.983647e+14 1.82285612e-04 2.806999e+03
2.477401e-02 3.764936e+14 1.58840970e-04 3.169396e+03
2.477401e-02 4.750810e+14 1.38070343e-04 3.627190e+03
2.477401e-02 5.994843e+14 1.12828678e-04 4.095479e+03
2.477401e-02 7.564633e+14 8.84878181e-05 4.624226e+03
2.477401e-02 9.545485e+14 6.79202098e-05 5.292158e+03
2.477401e-02 1.204504e+15 4.79160520e-05 5.975403e+03
2.477401e-02 1.519911e+15 3.24248087e-05 6.838501e+03
2.477401e-02 1.917910e+15 1.96599758e-05 7.721387e+03
2.477401e-02 2.420128e+15 1.10874021e-05 8.836679e+03
2.477401e-02 3.053856e+15 5.41004159e-06 9.977539e+03
2.477401e-02 3.853529e+15 2.29672850e-06 1.126569e+04
2.477401e-02 4.862602e+15 8.47349510e-07 1.289293e+04
2.477401e-02 6.135907e+15 2.47534328e-07 1.455747e+04
2.477401e-02 7.742637e+15 5.73342504e-08 1.666018e+04
2.477401e-02 9.770100e+15 9.33994657e-09 1.881109e+04
2.477401e-02 1.232847e+16 1.04544383e-09 2.152820e+04
2.477401e-02 1.555676e+16 6.98197790e-11 2.430761e+04
2.477401e-02 1.963041e+16 2.66263187e-12 2.781864e+04
2.477401e-02 2.477076e+16 4.90811251e-14 3.141017e+04
2.477401e-02 3.125716e+16 4.03056847e-16 3.594712e+04
2.477401e-02 3.944206e+16 1.17861992e-18 4.058807e+04
2.477401e-02 4.977024e+16 1.03987887e-21 4.645069e+04
2.477401e-02 6.280291e+16 1.96725806e-25 5.244771e+04
2.477401e-02 7.924829e+16 5.77279689e-30 6.002336e+04
2.477401e-02 1.000000e+17 1.51665281e-35 6.777268e+04
2.656463e-02 1.261857e+07 1.75774103e-05 2.612114e-01
2.656463e-02 1.592283e+07 1.86164966e-05 2.989413e-01
2.656463e-02 2.009233e+07 1.97210051e-05 3.421210e-01
2.656463e-02 2.535364e+07 2.08953141e-05 3.915376e-01
2.656463e-02 3.199267e+07 2.15545774e-05 4.420871e-01
2.656463e-02 4.037017e+07 2.28475209e-05 5.059430e-01
2.656463e-02 5.094138e+07 2.35782091e-05 5.712628e-01
2.656463e-02 6.428073e+07 2.50030415e-05 6.537771e-01
2.656463e-02 8.111308e+07 2.65196041e-05 7.482099e-01
2.656463e-02 1.023531e+08 2.73851561e-05 8.448076e-01
2.656463e-02 1.291550e+08 2.90586491e-05 9.668332e-01
2.656463e-02 1.629751e+08 3.00199963e-05 1.091656e+00
2.656463e-02 2.056512e+08 3.18682915e-05 1.249337e+00
2.656463e-02 2.595024e+08 3.38377509e-05 1.429794e+00
2.656463e-02 3.274549e+08 3.49800403e-05 1.614388e+00
2.656463e-02 4.132012e+08 3.71580516e-05 1.847573e+00
2.656463e-02 5.214008e+08 3.84292581e-05 2.086104e+00
2.656463e-02 6.579332e+08 4.08399293e-05 2.387425e+00
2.656463e-02 8.302176e+08 4.22555976e-05 2.695653e+00
2.656463e-02 1.047616e+09 4.49259229e-05 3.085019e+00
2.656463e-02 1.321941e+09 4.65034618e-05 3.483310e+00
2.656463e-02 1.668101e+09 4.94636241e-05 3.986446e+00
2.656463e-02 2.104904e+09 5.12224745e-05 4.501117e+00
2.656463e-02 2.656088e+09 5.45061529e-05 5.151267e+00
2.656463e-02 3.351603e+09 5.64679421e-05 5.816322e+00
2.656463e-02 4.229243e+09 5.85122594e-05 6.567239e+00
2.656463e-02 5.336699e+09 6.23012799e-05 7.515823e+00
2.656463e-02 6.734151e+09 6.45821222e-05 8.486155e+00
2.656463e-02 8.497534e+09 6.87903538e-05 9.711911e+00
2.656463e-02 1.072267e+10 7.13348638e-05 1.096577e+01
2.656463e-02 1.353048e+10 7.60096651e-05 1.254968e+01
2.656463e-02 1.707353e+10 7.88472528e-05 1.416991e+01
2.656463e-02 2.154435e+10 8.40402778e-05 1.621664e+01
2.656463e-02 2.718588e+10 8.72023622e-05 1.831029e+01
2.656463e-02 3.430469e+10 9.04942523e-05 2.067425e+01
2.656463e-02 4.328761e+10 9.64888171e-05 2.366047e+01
2.656463e-02 5.462277e+10 1.00149816e-04 2.671516e+01
2.656463e-02 6.892612e+10 1.06799298e-04 3.057395e+01
2.656463e-02 8.697490e+10 1.10862162e-04 3.452120e+01
2.656463e-02 1.097499e+11 1.15080415e-04 3.897807e+01
2.656463e-02 1.384886e+11 1.22723451e-04 4.460813e+01
2.656463e-02 1.747528e+11 1.27382164e-04 5.036727e+01
2.656463e-02 2.205131e+11 1.35820249e-04 5.764242e+01
2.656463e-02 2.782559e+11 1.40941188e-04 6.508435e+01
2.656463e-02 3.511192e+11 1.46226211e-04 7.348707e+01
2.656463e-02 4.430621e+11 1.55818841e-04 8.410168e+01
2.656463e-02 5.590810e+11 1.61568319e-04 9.495964e+01
2.656463e-02 7.054802e+11 1.67463658e-04 1.072194e+02
2.656463e-02 8.902151e+11 1.78236035e-04 1.227064e+02
2.656463e-02 1.123324e+12 1.84545069e-04 1.385484e+02
2.656463e-02 1.417474e+12 1.96169882e-04 1.585606e+02
2.656463e-02 1.788650e+12 2.02812571e-04 1.790316e+02
2.656463e-02 2.257020e+12 2.09483016e-04 2.021455e+02
2.656463e-02 2.848036e+12 2.22046869e-04 2.313438e+02
2.656463e-02 3.593814e+12 2.28805811e-04 2.612114e+02
2.656463e-02 4.534879e+12 2.35421368e-04 2.949352e+02
2.656463e-02 5.722368e+12 2.48426666e-04 3.375362e+02
2.656463e-02 7.220809e+12 2.54665429e-04 3.811138e+02
2.656463e-02 9.111628e+12 2.67586914e-04 4.361626e+02
2.656463e-02 1.149757e+13 2.72955162e-04 4.924734e+02
2.656463e-02 1.450829e+13 2.77581466e-04 5.560543e+02
2.656463e-02 1.830738e+13 2.88985391e-04 6.363718e+02
2.656463e-02 2.310130e+13 2.91657091e-04 7.185307e+02
2.656463e-02 2.915053e+13 2.92970317e-04 8.112967e+02
2.656463e-02 3.678380e+13 3.00695964e-04 9.284819e+02
2.656463e-02 4.641589e+13 2.98520354e-04 1.048354e+03
2.656463e-02 5.857021e+13 3.02248973e-04 1.199780e+03
2.656463e-02 7.390722e+13 2.95361360e-04 1.354678e+03
2.656463e-02 9.326033e+13 2.85800314e-04 1.529573e+03
2.656463e-02 1.176812e+14 2.80873138e-04 1.750508e+03
2.656463e-02 1.484968e+14 2.65115117e-04 1.976507e+03
2.656463e-02 1.873817e+14 2.53105348e-04 2.261998e+03
2.656463e-02 2.364489e+14 2.30953486e-04 2.554033e+03
2.656463e-02 2.983647e+14 2.06282186e-04 2.883772e+03
2.656463e-02 3.764936e+14 1.84595099e-04 3.300310e+03
2.656463e-02 4.750810e+14 1.56114730e-04 3.726396e+03
2.656463e-02 5.994843e+14 1.30995713e-04 4.264644e+03
2.656463e-02 7.564633e+14 1.02674381e-04 4.815232e+03
2.656463e-02 9.545485e+14 7.66583464e-05 5.436903e+03
2.656463e-02 1.204504e+15 5.55153243e-05 6.222219e+03
2.656463e-02 1.519911e+15 3.65330736e-05 7.025540e+03
2.656463e-02 1.917910e+15 2.27320360e-05 8.040322e+03
2.656463e-02 2.420128e+15 1.24627436e-05 9.078369e+03
2.656463e-02 3.053856e+15 6.23813761e-06 1.038967e+04
2.656463e-02 3.853529e+15 2.64363583e-06 1.173102e+04
2.656463e-02 4.862602e+15 9.47403272e-07 1.324556e+04
2.656463e-02 6.135907e+15 2.83631554e-07 1.515877e+04
2.656463e-02 7.742637e+15 6.37572747e-08 1.711585e+04
2.656463e-02 9.770100e+15 1.06323665e-08 1.958809e+04
2.656463e-02 1.232847e+16 1.15343872e-09 2.211702e+04
2.656463e-02 1.555676e+16 7.87272712e-11 2.531164e+04
2.656463e-02 1.963041e+16 2.90403599e-12 2.857950e+04
2.656463e-02 2.477076e+16 5.45788389e-14 3.270758e+04
2.656463e-02 3.125716e+16 4.32298893e-16 3.693030e+04
2.656463e-02 3.944206e+16 1.28447278e-18 4.226458e+04
2.656463e-02 4.977024e+16 1.08852567e-21 4.772115e+04
2.656463e-02 6.280291e+16 2.08178206e-25 5.461409e+04
2.656463e-02 7.924829e+16 5.83056767e-30 6.166505e+04
2.656463e-02 1.000000e+17 1.53627424e-35 7.057206e+04
2.848467e-02 1.261857e+07 2.10659741e-05 2.756955e-01
2.848467e-02 1.592283e+07 2.23112767e-05 3.155175e-01
2.848467e-02 2.009233e+07 2.30057581e-05 3.562524e-01
2.848467e-02 2.535364e+07 2.43756478e-05 4.077102e-01
2.848467e-02 3.199267e+07 2.58324297e-05 4.666006e-01
2.848467e-02 4.037017e+07 2.66529805e-05 5.268411e-01
2.848467e-02 5.094138e+07 2.82576429e-05 6.029391e-01
2.848467e-02 6.428073e+07 2.99652287e-05 6.900288e-01
2.848467e-02 8.111308e+07 3.09366043e-05 7.791150e-01
2.848467e-02 1.023531e+08 3.28200424e-05 8.916518e-01
2.848467e-02 1.291550e+08 3.38984708e-05 1.006769e+00
2.848467e-02 1.629751e+08 3.59777124e-05 1.152188e+00
2.848467e-02 2.056512e+08 3.71759751e-05 1.300942e+00
2.848467e-02 2.595024e+08 3.94733924e-05 1.488852e+00
2.848467e-02 3.274549e+08 4.08058650e-05 1.681071e+00
2.848467e-02 4.132012e+08 4.33465440e-05 1.923888e+00
2.848467e-02 5.214008e+08 4.48293808e-05 2.172271e+00
2.848467e-02 6.579332e+08 4.76414367e-05 2.486038e+00
2.848467e-02 8.302176e+08 4.92927639e-05 2.806999e+00
2.848467e-02 1.047616e+09 5.24076764e-05 3.212447e+00
2.848467e-02 1.321941e+09 5.42477926e-05 3.627190e+00
2.848467e-02 1.668101e+09 5.77007578e-05 4.151108e+00
2.848467e-02 2.104904e+09 5.97523288e-05 4.687038e+00
2.848467e-02 2.656088e+09 6.35826174e-05 5.364042e+00
2.848467e-02 3.351603e+09 6.58708560e-05 6.056568e+00
2.848467e-02 4.229243e+09 7.01221647e-05 6.931390e+00
2.848467e-02 5.336699e+09 7.26749731e-05 7.826267e+00
2.848467e-02 6.734151e+09 7.53352600e-05 8.836679e+00
2.848467e-02 8.497534e+09 8.02437901e-05 1.011307e+01
2.848467e-02 1.072267e+10 8.32115220e-05 1.141871e+01
2.848467e-02 1.353048e+10 8.86641390e-05 1.306805e+01
2.848467e-02 1.707353e+10 9.19735819e-05 1.475521e+01
2.848467e-02 2.154435e+10 9.80304839e-05 1.688648e+01
2.848467e-02 2.718588e+10 1.01718234e-04 1.906661e+01
2.848467e-02 3.430469e+10 1.05557281e-04 2.152820e+01
2.848467e-02 4.328761e+10 1.12548714e-04 2.463778e+01
2.848467e-02 5.462277e+10 1.16817998e-04 2.781864e+01
2.848467e-02 6.892612e+10 1.21256483e-04 3.141017e+01
2.848467e-02 8.697490e+10 1.29310566e-04 3.594712e+01
2.848467e-02 1.097499e+11 1.34229211e-04 4.058807e+01
2.848467e-02 1.384886e+11 1.43142202e-04 4.645069e+01
2.848467e-02 1.747528e+11 1.48573992e-04 5.244771e+01
2.848467e-02 2.205131e+11 1.54196124e-04 5.921898e+01
2.848467e-02 2.782559e+11 1.64383624e-04 6.777268e+01
2.848467e-02 3.511192e+11 1.70544674e-04 7.652248e+01
2.848467e-02 4.430621e+11 1.81729118e-04 8.757554e+01
2.848467e-02 5.590810e+11 1.88430677e-04 9.888199e+01
2.848467e-02 7.054802e+11 1.95301681e-04 1.116482e+02
2.848467e-02 8.902151e+11 2.07859558e-04 1.277748e+02
2.848467e-02 1.123324e+12 2.15211257e-04 1.442712e+02
2.848467e-02 1.417474e+12 2.22670679e-04 1.628974e+02
2.848467e-02 1.788650e+12 2.36499363e-04 1.864266e+02
2.848467e-02 2.257020e+12 2.44268899e-04 2.104952e+02
2.848467e-02 2.848036e+12 2.52015908e-04 2.376712e+02
2.848467e-02 3.593814e+12 2.66778031e-04 2.720009e+02
2.848467e-02 4.534879e+12 2.74478240e-04 3.071176e+02
2.848467e-02 5.722368e+12 2.89625714e-04 3.514782e+02
2.848467e-02 7.220809e+12 2.96881644e-04 3.968559e+02
2.848467e-02 9.111628e+12 3.03620582e-04 4.480920e+02
2.848467e-02 1.149757e+13 3.18159639e-04 5.128153e+02
2.848467e-02 1.450829e+13 3.23526227e-04 5.790223e+02
2.848467e-02 1.830738e+13 3.27821587e-04 6.537771e+02
2.848467e-02 2.310130e+13 3.39867750e-04 7.482099e+02
2.848467e-02 2.915053e+13 3.41360357e-04 8.448076e+02
2.848467e-02 3.678380e+13 3.50318830e-04 9.668332e+02
2.848467e-02 4.641589e+13 3.47736152e-04 1.091656e+03
2.848467e-02 5.857021e+13 3.42653117e-04 1.232595e+03
2.848467e-02 7.390722e+13 3.43943123e-04 1.410633e+03
2.848467e-02 9.326033e+13 3.32744147e-04 1.592753e+03
2.848467e-02 1.176812e+14 3.18231337e-04 1.798386e+03
2.848467e-02 1.484968e+14 3.08515552e-04 2.058148e+03
2.848467e-02 1.873817e+14 2.86616752e-04 2.323865e+03
2.848467e-02 2.364489e+14 2.68598127e-04 2.659529e+03
2.848467e-02 2.983647e+14 2.39816980e-04 3.002888e+03
2.848467e-02 3.764936e+14 2.08802842e-04 3.390576e+03
2.848467e-02 4.750810e+14 1.81329654e-04 3.880317e+03
2.848467e-02 5.994843e+14 1.48020483e-04 4.381286e+03
2.848467e-02 7.564633e+14 1.19115205e-04 5.014127e+03
2.848467e-02 9.545485e+14 8.88674473e-05 5.661476e+03
2.848467e-02 1.204504e+15 6.25898710e-05 6.392402e+03
2.848467e-02 1.519911e+15 4.22728519e-05 7.315732e+03
2.848467e-02 1.917910e+15 2.55733359e-05 8.260231e+03
2.848467e-02 2.420128e+15 1.43842533e-05 9.453354e+03
2.848467e-02 3.053856e+15 6.99701911e-06 1.067383e+04
2.848467e-02 3.853529e+15 3.04059816e-06 1.221558e+04
2.848467e-02 4.862602e+15 1.08723619e-06 1.379267e+04
2.848467e-02 6.135907e+15 3.24632029e-07 1.578491e+04
2.848467e-02 7.742637e+15 7.27420639e-08 1.782283e+04
2.848467e-02 9.770100e+15 1.17625719e-08 2.012384e+04
2.848467e-02 1.232847e+16 1.30488554e-09 2.303057e+04
2.848467e-02 1.555676e+16 8.62082548e-11 2.600393e+04
2.848467e-02 1.963041e+16 3.24490778e-12 2.975999e+04
2.848467e-02 2.477076e+16 5.88788082e-14 3.360216e+04
2.848467e-02 3.125716e+16 4.74424275e-16 3.845572e+04
2.848467e-02 3.944206e+16 1.35595479e-18 4.342055e+04
2.848467e-02 4.977024e+16 1.16377437e-21 4.969230e+04
2.848467e-02 6.280291e+16 2.12922589e-25 5.610783e+04
2.848467e-02 7.924829e+16 5.99855669e-30 6.421215e+04
2.848467e-02 1.000000e+17 1.49913934e-35 7.250226e+04
3.054349e-02 1.261857e+07 2.52527395e-05 2.909827e-01
3.054349e-02 1.592283e+07 2.60334917e-05 3.285501e-01
3.054349e-02 2.009233e+07 2.75780189e-05 3.760065e-01
3.054349e-02 2.535364e+07 2.92201488e-05 4.303176e-01
3.054349e-02 3.199267e+07 3.01420284e-05 4.858738e-01
3.054349e-02 4.037017e+07 3.19500416e-05 5.560543e-01
3.054349e-02 5.094138e+07 3.29717861e-05 6.278437e-01
3.054349e-02 6.428073e+07 3.49642121e-05 7.185307e-01
3.054349e-02 8.111308e+07 3.60976028e-05 8.112967e-01
3.054349e-02 1.023531e+08 3.82952037e-05 9.284819e-01
3.054349e-02 1.291550e+08 4.06353109e-05 1.062594e+00
3.054349e-02 1.629751e+08 4.19795433e-05 1.199780e+00
3.054349e-02 2.056512e+08 4.45640512e-05 1.373078e+00
3.054349e-02 2.595024e+08 4.60582386e-05 1.550350e+00
3.054349e-02 3.274549e+08 4.89151601e-05 1.774285e+00
3.054349e-02 4.132012e+08 5.05773211e-05 2.003355e+00
3.054349e-02 5.214008e+08 5.37380583e-05 2.292723e+00
3.054349e-02 6.579332e+08 5.55884277e-05 2.588725e+00
3.054349e-02 8.302176e+08 5.90881569e-05 2.962645e+00
3.054349e-02 1.047616e+09 6.11494175e-05 3.345138e+00
3.054349e-02 1.321941e+09 6.32962957e-05 3.777013e+00
3.054349e-02 1.668101e+09 6.73250130e-05 4.322572e+00
3.054349e-02 2.104904e+09 6.97185528e-05 4.880638e+00
3.054349e-02 2.656088e+09 7.41874447e-05 5.585606e+00
3.054349e-02 3.351603e+09 7.68570440e-05 6.306737e+00
3.054349e-02 4.229243e+09 8.18170673e-05 7.217694e+00
3.054349e-02 5.336699e+09 8.47952554e-05 8.149535e+00
3.054349e-02 6.734151e+09 8.78987879e-05 9.201681e+00
3.054349e-02 8.497534e+09 9.36254202e-05 1.053079e+01
3.054349e-02 1.072267e+10 9.70875138e-05 1.189037e+01
3.054349e-02 1.353048e+10 1.03448759e-04 1.360784e+01
3.054349e-02 1.707353e+10 1.07309343e-04 1.536468e+01
3.054349e-02 2.154435e+10 1.11330394e-04 1.734834e+01
3.054349e-02 2.718588e+10 1.18677072e-04 1.985416e+01
3.054349e-02 3.430469e+10 1.23155153e-04 2.241744e+01
3.054349e-02 4.328761e+10 1.31310970e-04 2.565545e+01
3.054349e-02 5.462277e+10 1.36290625e-04 2.896770e+01
3.054349e-02 6.892612e+10 1.41467469e-04 3.270758e+01
3.054349e-02 8.697490e+10 1.50862266e-04 3.743193e+01
3.054349e-02 1.097499e+11 1.56598724e-04 4.226458e+01
3.054349e-02 1.384886e+11 1.62548972e-04 4.772115e+01
3.054349e-02 1.747528e+11 1.73329173e-04 5.461409e+01
3.054349e-02 2.205131e+11 1.79885167e-04 6.166505e+01
3.054349e-02 2.782559e+11 1.91766550e-04 7.057206e+01
3.054349e-02 3.511192e+11 1.98950114e-04 7.968328e+01
3.054349e-02 4.430621e+11 2.06349197e-04 8.997080e+01
3.054349e-02 5.590810e+11 2.19805616e-04 1.029663e+02
3.054349e-02 7.054802e+11 2.27815053e-04 1.162598e+02
3.054349e-02 8.902151e+11 2.36002140e-04 1.312696e+02
3.054349e-02 1.123324e+12 2.51024914e-04 1.502304e+02
3.054349e-02 1.417474e+12 2.59717256e-04 1.696259e+02
3.054349e-02 1.788650e+12 2.68493372e-04 1.915255e+02
3.054349e-02 2.257020e+12 2.84887627e-04 2.191898e+02
3.054349e-02 2.848036e+12 2.93910270e-04 2.474883e+02
3.054349e-02 3.593814e+12 3.11111739e-04 2.832360e+02
3.054349e-02 4.534879e+12 3.20074964e-04 3.198032e+02
3.054349e-02 5.722368e+12 3.28728440e-04 3.610914e+02
3.054349e-02 7.220809e+12 3.46158328e-04 4.132482e+02
3.054349e-02 9.111628e+12 3.53991029e-04 4.666006e+02
3.054349e-02 1.149757e+13 3.61038665e-04 5.268411e+02
3.054349e-02 1.450829e+13 3.77137323e-04 6.029391e+02
3.054349e-02 1.830738e+13 3.82107930e-04 6.807816e+02
3.054349e-02 2.310130e+13 3.85561342e-04 7.686740e+02
3.054349e-02 2.915053e+13 3.97799111e-04 8.797027e+02
3.054349e-02 3.678380e+13 3.97317642e-04 9.932768e+02
3.054349e-02 4.641589e+13 4.05115135e-04 1.136748e+03
3.054349e-02 5.857021e+13 3.99126866e-04 1.283508e+03
3.054349e-02 7.390722e+13 3.89890654e-04 1.449215e+03
3.054349e-02 9.326033e+13 3.87430440e-04 1.658542e+03
3.054349e-02 1.176812e+14 3.70444197e-04 1.872669e+03
3.054349e-02 1.484968e+14 3.59037505e-04 2.143160e+03
3.054349e-02 1.873817e+14 3.33450581e-04 2.419853e+03
3.054349e-02 2.364489e+14 3.04062628e-04 2.732269e+03
3.054349e-02 2.983647e+14 2.78795948e-04 3.126923e+03
3.054349e-02 3.764936e+14 2.42630819e-04 3.530625e+03
3.054349e-02 4.750810e+14 2.04990546e-04 3.986446e+03
3.054349e-02 5.994843e+14 1.71809026e-04 4.562256e+03
3.054349e-02 7.564633e+14 1.34484844e-04 5.151267e+03
3.054349e-02 9.545485e+14 1.02996290e-04 5.895326e+03
3.054349e-02 1.204504e+15 7.24738907e-05 6.656443e+03
3.054349e-02 1.519911e+15 4.88958340e-05 7.617912e+03
3.054349e-02 1.917910e+15 2.95428275e-05 8.601423e+03
3.054349e-02 2.420128e+15 1.61508178e-05 9.711911e+03
3.054349e-02 3.053856e+15 8.05730685e-06 1.111472e+04
3.054349e-02 3.853529e+15 3.40123121e-06 1.254968e+04
3.054349e-02 4.862602e+15 1.24646107e-06 1.436238e+04
3.054349e-02 6.135907e+15 3.61234114e-07 1.621664e+04
3.054349e-02 7.742637e+15 8.28737840e-08 1.855900e+04
3.054349e-02 9.770100e+15 1.33457849e-08 2.095507e+04
3.054349e-02 1.232847e+16 1.43394073e-09 2.366047e+04
3.054349e-02 1.555676e+16 9.67404508e-11 2.707804e+04
3.054349e-02 1.963041e+16 3.51868199e-12 3.057395e+04
3.054349e-02 2.477076e+16 6.50193058e-14 3.499011e+04
3.054349e-02 3.125716e+16 5.04591890e-16 3.950751e+04
3.054349e-02 3.944206e+16 1.46287616e-18 4.521405e+04
3.054349e-02 4.977024e+16 1.20347610e-21 5.105142e+04
3.054349e-02 6.280291e+16 2.22034032e-25 5.842538e+04
3.054349e-02 7.924829e+16 5.95207471e-30 6.596840e+04
3.054349e-02 1.000000e+17 1.48625929e-35 7.549700e+04
3.275111e-02 1.261857e+07 2.94729530e-05 3.030019e-01
3.275111e-02 1.592283e+07 3.12151985e-05 3.467680e-01
3.275111e-02 2.009233e+07 3.21867959e-05 3.915376e-01
3.275111e-02 2.535364e+07 3.41033329e-05 4.480920e-01
3.275111e-02 3.199267e+07 3.61414284e-05 5.128153e-01
3.275111e-02 4.037017e+07 3.72893807e-05 5.790223e-01
3.275111e-02 5.094138e+07 3.95343482e-05 6.626574e-01
3.275111e-02 6.428073e+07 4.08071894e-05 7.482099e-01
3.275111e-02 8.111308e+07 4.32822256e-05 8.562827e-01
3.275111e-02 1.023531e+08 4.46947330e-05 9.668332e-01
3.275111e-02 1.291550e+08 4.74258356e-05 1.106484e+00
3.275111e-02 1.629751e+08 4.89946325e-05 1.249337e+00
3.275111e-02 2.056512e+08 5.20109510e-05 1.429794e+00
3.275111e-02 2.595024e+08 5.37547356e-05 1.614388e+00
3.275111e-02 3.274549e+08 5.70889552e-05 1.847573e+00
3.275111e-02 4.132012e+08 5.90287491e-05 2.086104e+00
3.275111e-02 5.214008e+08 6.27175084e-05 2.387425e+00
3.275111e-02 6.579332e+08 6.48769174e-05 2.695653e+00
3.275111e-02 8.302176e+08 6.89612560e-05 3.085019e+00
3.275111e-02 1.047616e+09 7.13667395e-05 3.483310e+00
3.275111e-02 1.321941e+09 7.58925750e-05 3.986446e+00
3.275111e-02 1.668101e+09 7.85737165e-05 4.501117e+00
3.275111e-02 2.104904e+09 8.13668878e-05 5.082234e+00
3.275111e-02 2.656088e+09 8.65821012e-05 5.816322e+00
3.275111e-02 3.351603e+09 8.96973513e-05 6.567239e+00
3.275111e-02 4.229243e+09 9.54856127e-05 7.515823e+00
3.275111e-02 5.336699e+09 9.89608727e-05 8.486155e+00
3.275111e-02 6.734151e+09 1.02582343e-04 9.581761e+00
3.275111e-02 8.497534e+09 1.09265005e-04 1.096577e+01
3.275111e-02 1.072267e+10 1.13304738e-04 1.238151e+01
3.275111e-02 1.353048e+10 1.20727760e-04 1.416991e+01
3.275111e-02 1.707353e+10 1.25232292e-04 1.599932e+01
3.275111e-02 2.154435e+10 1.29923952e-04 1.806492e+01
3.275111e-02 2.718588e+10 1.38496471e-04 2.067425e+01
3.275111e-02 3.430469e+10 1.43721116e-04 2.334340e+01
3.275111e-02 4.328761e+10 1.53237404e-04 2.671516e+01
3.275111e-02 5.462277e+10 1.59046891e-04 3.016423e+01
3.275111e-02 6.892612e+10 1.65086221e-04 3.405858e+01
3.275111e-02 8.697490e+10 1.76047349e-04 3.897807e+01
3.275111e-02 1.097499e+11 1.82738999e-04 4.401034e+01
3.275111e-02 1.384886e+11 1.89679722e-04 4.969230e+01
3.275111e-02 1.747528e+11 2.02256014e-04 5.686995e+01
3.275111e-02 2.205131e+11 2.09902509e-04 6.421215e+01
3.275111e-02 2.782559e+11 2.17805185e-04 7.250226e+01
3.275111e-02 3.511192e+11 2.32139694e-04 8.297463e+01
3.275111e-02 4.430621e+11 2.40767742e-04 9.368708e+01
3.275111e-02 5.590810e+11 2.49634709e-04 1.057826e+02
3.275111e-02 7.054802e+11 2.65800501e-04 1.210620e+02
3.275111e-02 8.902151e+11 2.75344681e-04 1.366917e+02
3.275111e-02 1.123324e+12 2.92862496e-04 1.564357e+02
3.275111e-02 1.417474e+12 3.02993007e-04 1.766324e+02
3.275111e-02 1.788650e+12 3.13219489e-04 1.994365e+02
3.275111e-02 2.257020e+12 3.32330794e-04 2.282435e+02
3.275111e-02 2.848036e+12 3.42840208e-04 2.577109e+02
3.275111e-02 3.593814e+12 3.53225966e-04 2.909827e+02
3.275111e-02 4.534879e+12 3.73321007e-04 3.330128e+02
3.275111e-02 5.722368e+12 3.83390418e-04 3.760065e+02
3.275111e-02 7.220809e+12 3.92943822e-04 4.245508e+02
3.275111e-02 9.111628e+12 4.12794598e-04 4.858738e+02
3.275111e-02 1.149757e+13 4.20977863e-04 5.486025e+02
3.275111e-02 1.450829e+13 4.28002332e-04 6.194299e+02
3.275111e-02 1.830738e+13 4.45458012e-04 7.089016e+02
3.275111e-02 2.310130e+13 4.49432528e-04 8.004244e+02
3.275111e-02 2.915053e+13 4.63638390e-04 9.160392e+02
3.275111e-02 3.678380e+13 4.63011188e-04 1.034305e+03
3.275111e-02 4.641589e+13 4.59456082e-04 1.167839e+03
3.275111e-02 5.857021e+13 4.64961990e-04 1.336523e+03
3.275111e-02 7.390722e+13 4.54110828e-04 1.509075e+03
3.275111e-02 9.326033e+13 4.39132414e-04 1.703905e+03
3.275111e-02 1.176812e+14 4.31252920e-04 1.950020e+03
3.275111e-02 1.484968e+14 4.06728315e-04 2.201778e+03
3.275111e-02 1.873817e+14 3.87946618e-04 2.519806e+03
3.275111e-02 2.364489e+14 3.53623460e-04 2.845126e+03
3.275111e-02 2.983647e+14 3.15471753e-04 3.212447e+03
3.275111e-02 3.764936e+14 2.81920683e-04 3.676459e+03
3.275111e-02 4.750810e+14 2.38052093e-04 4.151108e+03
3.275111e-02 5.994843e+14 1.94082450e-04 4.687038e+03
3.275111e-02 7.564633e+14 1.55959054e-04 5.364042e+03
3.275111e-02 9.545485e+14 1.16163056e-04 6.056568e+03
3.275111e-02 1.204504e+15 8.38909692e-05 6.931390e+03
3.275111e-02 1.519911e+15 5.50280818e-05 7.826267e+03
3.275111e-02 1.917910e+15 3.32030424e-05 8.836679e+03
3.275111e-02 2.420128e+15 1.86188261e-05 1.011307e+04
3.275111e-02 3.053856e+15 9.02450641e-06 1.141871e+04
3.275111e-02 3.853529e+15 3.90518133e-06 1.306805e+04
3.275111e-02 4.862602e+15 1.38945862e-06 1.475521e+04
3.275111e-02 6.135907e+15 4.12422668e-07 1.688648e+04
3.275111e-02 7.742637e+15 9.17605247e-08 1.906661e+04
3.275111e-02 9.770100e+15 1.51139230e-08 2.182063e+04
3.275111e-02 1.232847e+16 1.61524026e-09 2.463778e+04
3.275111e-02 1.555676e+16 1.05385293e-10 2.781864e+04
3.275111e-02 1.963041e+16 3.90723779e-12 3.183682e+04
3.275111e-02 2.477076e+16 6.96166953e-14 3.594712e+04
3.275111e-02 3.125716e+16 5.48773884e-16 4.113939e+04
3.275111e-02 3.944206e+16 1.52755252e-18 4.645069e+04
3.275111e-02 4.977024e+16 1.26989454e-21 5.316012e+04
3.275111e-02 6.280291e+16 2.23528385e-25 6.002336e+04
3.275111e-02 7.924829e+16 6.00760160e-30 6.869325e+04
3.275111e-02 1.000000e+17 1.41713528e-35 7.756190e+04
3.511830e-02 1.261857e+07 3.53485459e-05 3.198032e-01
3.511830e-02 1.592283e+07 3.64413966e-05 3.610914e-01
3.511830e-02 2.009233e+07 3.86033626e-05 4.132482e-01
3.511830e-02 2.535364e+07 3.98130237e-05 4.666006e-01
3.511830e-02 3.199267e+07 4.21923111e-05 5.339973e-01
3.511830e-02 4.037017e+07 4.47230638e-05 6.111289e-01
3.511830e-02 5.094138e+07 4.61531978e-05 6.900288e-01
3.511830e-02 6.428073e+07 4.89420539e-05 7.896978e-01
3.511830e-02 8.111308e+07 5.05284343e-05 8.916518e-01
3.511830e-02 1.023531e+08 5.36044451e-05 1.020444e+00
3.511830e-02 1.291550e+08 5.53656110e-05 1.152188e+00
3.511830e-02 1.629751e+08 5.87613416e-05 1.318612e+00
3.511830e-02 2.056512e+08 6.07181493e-05 1.488852e+00
3.511830e-02 2.595024e+08 6.27537495e-05 1.681071e+00
3.511830e-02 3.274549e+08 6.66460163e-05 1.923888e+00
3.511830e-02 4.132012e+08 6.89103976e-05 2.172271e+00
3.511830e-02 5.214008e+08 7.32165007e-05 2.486038e+00
3.511830e-02 6.579332e+08 7.57372077e-05 2.806999e+00
3.511830e-02 8.302176e+08 8.05050390e-05 3.212447e+00
3.511830e-02 1.047616e+09 8.33129434e-05 3.627190e+00
3.511830e-02 1.321941e+09 8.85960837e-05 4.151108e+00
3.511830e-02 1.668101e+09 9.17256992e-05 4.687038e+00
3.511830e-02 2.104904e+09 9.49860473e-05 5.292158e+00
3.511830e-02 2.656088e+09 1.01073772e-04 6.056568e+00
3.511830e-02 3.351603e+09 1.04709978e-04 6.838501e+00
3.511830e-02 4.229243e+09 1.11466492e-04 7.826267e+00
3.511830e-02 5.336699e+09 1.15522794e-04 8.836679e+00
3.511830e-02 6.734151e+09 1.19749684e-04 9.977539e+00
3.511830e-02 8.497534e+09 1.27549936e-04 1.141871e+01
3.511830e-02 1.072267e+10 1.32264840e-04 1.289293e+01
3.511830e-02 1.353048e+10 1.40929021e-04 1.475521e+01
3.511830e-02 1.707353e+10 1.46186181e-04 1.666018e+01
3.511830e-02 2.154435e+10 1.51661604e-04 1.881109e+01
3.511830e-02 2.718588e+10 1.61666956e-04 2.152820e+01
3.511830e-02 3.430469e+10 1.67764068e-04 2.430761e+01
3.511830e-02 4.328761e+10 1.74108456e-04 2.744584e+01
3.511830e-02 5.462277e+10 1.85649633e-04 3.141017e+01
3.511830e-02 6.892612e+10 1.92696755e-04 3.546539e+01
3.511830e-02 8.697490e+10 2.00017745e-04 4.004415e+01
3.511830e-02 1.097499e+11 2.13296016e-04 4.582820e+01
3.511830e-02 1.384886e+11 2.21393863e-04 5.174486e+01
3.511830e-02 1.747528e+11 2.29784085e-04 5.842538e+01
3.511830e-02 2.205131e+11 2.44989128e-04 6.686446e+01
3.511830e-02 2.782559e+11 2.54207646e-04 7.549700e+01
3.511830e-02 3.511192e+11 2.70931956e-04 8.640193e+01
3.511830e-02 4.430621e+11 2.80995065e-04 9.755686e+01
3.511830e-02 5.590810e+11 2.91335883e-04 1.101519e+02
3.511830e-02 7.054802e+11 3.10193273e-04 1.260625e+02
3.511830e-02 8.902151e+11 3.21321425e-04 1.423378e+02
3.511830e-02 1.123324e+12 3.32654298e-04 1.607144e+02
3.511830e-02 1.417474e+12 3.53561083e-04 1.839282e+02
3.511830e-02 1.788650e+12 3.65479297e-04 2.076743e+02
3.511830e-02 2.257020e+12 3.77438546e-04 2.344861e+02
3.511830e-02 2.848036e+12 4.00004284e-04 2.683558e+02
3.511830e-02 3.593814e+12 4.12099261e-04 3.030019e+02
3.511830e-02 4.534879e+12 4.23922833e-04 3.421210e+02
3.511830e-02 5.722368e+12 4.47234826e-04 3.915376e+02
3.511830e-02 7.220809e+12 4.58345579e-04 4.420871e+02
3.511830e-02 9.111628e+12 4.68643594e-04 4.991628e+02
3.511830e-02 1.149757e+13 4.90961851e-04 5.712628e+02
3.511830e-02 1.450829e+13 4.99104421e-04 6.450157e+02
3.511830e-02 1.830738e+13 5.05574645e-04 7.282906e+02
3.511830e-02 2.310130e+13 5.23972267e-04 8.334862e+02
3.511830e-02 2.915053e+13 5.26071547e-04 9.410936e+02
3.511830e-02 3.678380e+13 5.39646092e-04 1.077027e+03
3.511830e-02 4.641589e+13 5.35410605e-04 1.216077e+03
3.511830e-02 5.857021e+13 5.27300269e-04 1.373078e+03
3.511830e-02 7.390722e+13 5.28965186e-04 1.571408e+03
3.511830e-02 9.326033e+13 5.11392978e-04 1.774285e+03
3.511830e-02 1.176812e+14 4.88711899e-04 2.003355e+03
3.511830e-02 1.484968e+14 4.73378582e-04 2.292723e+03
3.511830e-02 1.873817e+14 4.39343075e-04 2.588725e+03
3.511830e-02 2.364489e+14 4.00311581e-04 2.922943e+03
3.511830e-02 2.983647e+14 3.66722095e-04 3.345138e+03
3.511830e-02 3.764936e+14 3.18828404e-04 3.777013e+03
3.511830e-02 4.750810e+14 2.76413781e-04 4.322572e+03
3.511830e-02 5.994843e+14 2.25202785e-04 4.880638e+03
3.511830e-02 7.564633e+14 1.76008344e-04 5.510753e+03
3.511830e-02 9.545485e+14 1.34557935e-04 6.306737e+03
3.511830e-02 1.204504e+15 9.44873396e-05 7.120968e+03
3.511830e-02 1.519911e+15 6.35947488e-05 8.149535e+03
3.511830e-02 1.917910e+15 3.83163204e-05 9.201681e+03
3.511830e-02 2.420128e+15 2.08785746e-05 1.038967e+04
3.511830e-02 3.053856e+15 1.03758697e-05 1.189037e+04
3.511830e-02 3.853529e+15 4.36018357e-06 1.342548e+04
3.511830e-02 4.862602e+15 1.58936659e-06 1.536468e+04
3.511830e-02 6.135907e+15 4.57688360e-07 1.734834e+04
3.511830e-02 7.742637e+15 1.04204203e-07 1.985416e+04
3.511830e-02 9.770100e+15 1.66271658e-08 2.241744e+04
3.511830e-02 1.232847e+16 1.76675131e-09 2.531164e+04
3.511830e-02 1.555676e+16 1.17600550e-10 2.896770e+04
3.511830e-02 1.963041e+16 4.20845834e-12 3.270758e+04
3.511830e-02 2.477076e+16 7.62563495e-14 3.743193e+04
3.511830e-02 3.125716e+16 5.78000459e-16 4.226458e+04
3.511830e-02 3.944206e+16 1.62875299e-18 4.836936e+04
3.511830e-02 4.977024e+16 1.29476020e-21 5.461409e+04
3.511830e-02 6.280291e+16 2.29149317e-25 6.250265e+04
3.511830e-02 7.924829e+16 5.83941667e-30 7.057206e+04
3.511830e-02 1.000000e+17 1.37031541e-35 8.076563e+04
3.765658e-02 1.261857e+07 4.12783342e-05 3.330128e-01
3.765658e-02 1.592283e+07 4.37183852e-05 3.811138e-01
3.765658e-02 2.009233e+07 4.50790956e-05 4.303176e-01
3.765658e-02 2.535364e+07 4.77632251e-05 4.924734e-01
3.765658e-02 3.199267e+07 4.92700135e-05 5.560543e-01
3.765658e-02 4.037017e+07 5.22252480e-05 6.363718e-01
3.765658e-02 5.094138e+07 5.38952280e-05 7.185307e-01
3.765658e-02 6.428073e+07 5.71518398e-05 8.223166e-01
3.765658e-02 8.111308e+07 5.90042541e-05 9.284819e-01
3.765658e-02 1.023531e+08 6.25961605e-05 1.062594e+00
3.765658e-02 1.291550e+08 6.46526513e-05 1.199780e+00
3.765658e-02 1.629751e+08 6.86178705e-05 1.373078e+00
3.765658e-02 2.056512e+08 7.09027835e-05 1.550350e+00
3.765658e-02 2.595024e+08 7.52839413e-05 1.774285e+00
3.765658e-02 3.274549e+08 7.78246535e-05 2.003355e+00
3.765658e-02 4.132012e+08 8.26695380e-05 2.292723e+00
3.765658e-02 5.214008e+08 8.54968062e-05 2.588725e+00
3.765658e-02 6.579332e+08 8.84400622e-05 2.922943e+00
3.765658e-02 8.302176e+08 9.40072919e-05 3.345138e+00
3.765658e-02 1.047616e+09 9.72858273e-05 3.777013e+00
3.765658e-02 1.321941e+09 1.03454677e-04 4.322572e+00
3.765658e-02 1.668101e+09 1.07108767e-04 4.880638e+00
3.765658e-02 2.104904e+09 1.10915452e-04 5.510753e+00
3.765658e-02 2.656088e+09 1.18023590e-04 6.306737e+00
3.765658e-02 3.351603e+09 1.22269002e-04 7.120968e+00
3.765658e-02 4.229243e+09 1.30157864e-04 8.149535e+00
3.765658e-02 5.336699e+09 1.34893608e-04 9.201681e+00
3.765658e-02 6.734151e+09 1.39828426e-04 1.038967e+01
3.765658e-02 8.497534e+09 1.48935605e-04 1.189037e+01
3.765658e-02 1.072267e+10 1.54439955e-04 1.342548e+01
3.765658e-02 1.353048e+10 1.60174604e-04 1.515877e+01
3.765658e-02 1.707353e+10 1.70692620e-04 1.734834e+01
3.765658e-02 2.154435e+10 1.77084368e-04 1.958809e+01
3.765658e-02 2.718588e+10 1.83739669e-04 2.211702e+01
3.765658e-02 3.430469e+10 1.95882148e-04 2.531164e+01
3.765658e-02 4.328761e+10 2.03287601e-04 2.857950e+01
3.765658e-02 5.462277e+10 2.16760341e-04 3.270758e+01
3.765658e-02 6.892612e+10 2.24985429e-04 3.693030e+01
3.765658e-02 8.697490e+10 2.33529789e-04 4.169819e+01
3.765658e-02 1.097499e+11 2.49028894e-04 4.772115e+01
3.765658e-02 1.384886e+11 2.58478978e-04 5.388220e+01
3.765658e-02 1.747528e+11 2.68269692e-04 6.083867e+01
3.765658e-02 2.205131e+11 2.86015644e-04 6.962632e+01
3.765658e-02 2.782559e+11 2.96771460e-04 7.861543e+01
3.765658e-02 3.511192e+11 3.07868112e-04 8.876509e+01
3.765658e-02 4.430621e+11 3.28027830e-04 1.015865e+02
3.765658e-02 5.590810e+11 3.40089897e-04 1.147018e+02
3.765658e-02 7.054802e+11 3.52452019e-04 1.295104e+02
3.765658e-02 8.902151e+11 3.75069236e-04 1.482171e+02
3.765658e-02 1.123324e+12 3.88283472e-04 1.673527e+02
3.765658e-02 1.417474e+12 4.01683467e-04 1.889588e+02
3.765658e-02 1.788650e+12 4.26561672e-04 2.162524e+02
3.765658e-02 2.257020e+12 4.40498290e-04 2.441717e+02
3.765658e-02 2.848036e+12 4.54381574e-04 2.756955e+02
3.765658e-02 3.593814e+12 4.80896017e-04 3.155175e+02
3.765658e-02 4.534879e+12 4.94661478e-04 3.562524e+02
3.765658e-02 5.722368e+12 5.07933894e-04 4.022464e+02
3.765658e-02 7.220809e+12 5.34748024e-04 4.603477e+02
3.765658e-02 9.111628e+12 5.46715027e-04 5.197809e+02
3.765658e-02 1.149757e+13 5.57449372e-04 5.868873e+02
3.765658e-02 1.450829e+13 5.82131859e-04 6.716584e+02
3.765658e-02 1.830738e+13 5.89608284e-04 7.583729e+02
3.765658e-02 2.310130e+13 5.94716969e-04 8.562827e+02
3.765658e-02 2.915053e+13 6.13340228e-04 9.799658e+02
3.765658e-02 3.678380e+13 6.12315501e-04 1.106484e+03
3.765658e-02 4.641589e+13 6.07397429e-04 1.249337e+03
3.765658e-02 5.857021e+13 6.14430428e-04 1.429794e+03
3.765658e-02 7.390722e+13 5.99821294e-04 1.614388e+03
3.765658e-02 9.326033e+13 5.95599477e-04 1.847573e+03
3.765658e-02 1.176812e+14 5.69015045e-04 2.086104e+03
3.765658e-02 1.484968e+14 5.36308920e-04 2.355431e+03
3.765658e-02 1.873817e+14 5.11168035e-04 2.695653e+03
3.765658e-02 2.364489e+14 4.65554040e-04 3.043676e+03
3.765658e-02 2.983647e+14 4.14931068e-04 3.436630e+03
3.765658e-02 3.764936e+14 3.70398832e-04 3.933024e+03
3.765658e-02 4.750810e+14 3.12372398e-04 4.440797e+03
3.765658e-02 5.994843e+14 2.61265791e-04 5.082234e+03
3.765658e-02 7.564633e+14 2.04018607e-04 5.738377e+03
3.765658e-02 9.545485e+14 1.51668948e-04 6.479231e+03
3.765658e-02 1.204504e+15 1.09290013e-04 7.415103e+03
3.765658e-02 1.519911e+15 7.15036480e-05 8.372431e+03
3.765658e-02 1.917910e+15 4.41906892e-05 9.581761e+03
3.765658e-02 2.420128e+15 2.40355085e-05 1.081881e+04
3.765658e-02 3.053856e+15 1.16018281e-05 1.221558e+04
3.765658e-02 3.853529e+15 4.99608275e-06 1.398002e+04
3.765658e-02 4.862602e+15 1.76740152e-06 1.578491e+04
3.765658e-02 6.135907e+15 5.21025528e-07 1.806492e+04
3.765658e-02 7.742637e+15 1.14976472e-07 2.039719e+04
3.765658e-02 9.770100e+15 1.87514365e-08 2.334340e+04
3.765658e-02 1.232847e+16 1.98015702e-09 2.635715e+04
3.765658e-02 1.555676e+16 1.27338001e-10 2.975999e+04
3.765658e-02 1.963041e+16 4.63934115e-12 3.405858e+04
3.765658e-02 2.477076e+16 8.09370880e-14 3.845572e+04
3.765658e-02 3.125716e+16 6.22024764e-16 4.401034e+04
3.765658e-02 3.944206e+16 1.67933646e-18 4.969230e+04
3.765658e-02 4.977024e+16 1.34551307e-21 5.686995e+04
3.765658e-02 6.280291e+16 2.26483227e-25 6.421215e+04
3.765658e-02 7.924829e+16 5.76427145e-30 7.348707e+04
3.765658e-02 1.000000e+17 1.27186578e-35 8.297463e+04
4.037832e-02 1.261857e+07 4.82172149e-05 3.467680e-01
4.037832e-02 1.592283e+07 5.10674050e-05 3.968559e-01
4.037832e-02 2.009233e+07 5.26568112e-05 4.480920e-01
4.037832e-02 2.535364e+07 5.57920926e-05 5.128153e-01
4.037832e-02 3.199267e+07 5.91262104e-05 5.868873e-01
4.037832e-02 4.037017e+07 6.10040527e-05 6.626574e-01
4.037832e-02 5.094138e+07 6.29546782e-05 7.482099e-01
4.037832e-02 6.428073e+07 6.67586244e-05 8.562827e-01
4.037832e-02 8.111308e+07 6.89223227e-05 9.668332e-01
4.037832e-02 1.023531e+08 7.31178874e-05 1.106484e+00
4.037832e-02 1.291550e+08 7.55199300e-05 1.249337e+00
4.037832e-02 1.629751e+08 8.01515103e-05 1.429794e+00
4.037832e-02 2.056512e+08 8.28203241e-05 1.614388e+00
4.037832e-02 2.595024e+08 8.79376953e-05 1.847573e+00
4.037832e-02 3.274549e+08 9.09052446e-05 2.086104e+00
4.037832e-02 4.132012e+08 9.65642075e-05 2.387425e+00
4.037832e-02 5.214008e+08 9.98664002e-05 2.695653e+00
4.037832e-02 6.579332e+08 1.03304033e-04 3.043676e+00
4.037832e-02 8.302176e+08 1.09806591e-04 3.483310e+00
4.037832e-02 1.047616e+09 1.13635744e-04 3.933024e+00
4.037832e-02 1.321941e+09 1.20840886e-04 4.501117e+00
4.037832e-02 1.668101e+09 1.25108567e-04 5.082234e+00
4.037832e-02 2.104904e+09 1.29554410e-04 5.738377e+00
4.037832e-02 2.656088e+09 1.37856398e-04 6.567239e+00
4.037832e-02 3.351603e+09 1.42814488e-04 7.415103e+00
4.037832e-02 4.229243e+09 1.47980734e-04 8.372431e+00
4.037832e-02 5.336699e+09 1.57558668e-04 9.581761e+00
4.037832e-02 6.734151e+09 1.63321593e-04 1.081881e+01
4.037832e-02 8.497534e+09 1.73957700e-04 1.238151e+01
4.037832e-02 1.072267e+10 1.80385458e-04 1.398002e+01
4.037832e-02 1.353048e+10 1.87081990e-04 1.578491e+01
4.037832e-02 1.707353e+10 1.99365150e-04 1.806492e+01
4.037832e-02 2.154435e+10 2.06828596e-04 2.039719e+01
4.037832e-02 2.718588e+10 2.14599550e-04 2.303057e+01
4.037832e-02 3.430469e+10 2.28778855e-04 2.635715e+01
4.037832e-02 4.328761e+10 2.37425115e-04 2.975999e+01
4.037832e-02 5.462277e+10 2.46417270e-04 3.360216e+01
4.037832e-02 6.892612e+10 2.62759409e-04 3.845572e+01
4.037832e-02 8.697490e+10 2.72734115e-04 4.342055e+01
4.037832e-02 1.097499e+11 2.83087626e-04 4.902636e+01
4.037832e-02 1.384886e+11 3.01861145e-04 5.610783e+01
4.037832e-02 1.747528e+11 3.13288896e-04 6.335163e+01
4.037832e-02 2.205131e+11 3.25113558e-04 7.153065e+01
4.037832e-02 2.782559e+11 3.46558057e-04 8.186268e+01
4.037832e-02 3.511192e+11 3.59507116e-04 9.243157e+01
4.037832e-02 4.430621e+11 3.72840122e-04 1.043650e+02
4.037832e-02 5.590810e+11 3.97110389e-04 1.194396e+02
4.037832e-02 7.054802e+11 4.11531542e-04 1.348599e+02
4.037832e-02 8.902151e+11 4.26265403e-04 1.522710e+02
4.037832e-02 1.123324e+12 4.53334828e-04 1.742653e+02
4.037832e-02 1.417474e+12 4.68959447e-04 1.967639e+02
4.037832e-02 1.788650e+12 4.84723136e-04 2.221671e+02
4.037832e-02 2.257020e+12 5.14223851e-04 2.542573e+02
4.037832e-02 2.848036e+12 5.30400326e-04 2.870832e+02
4.037832e-02 3.593814e+12 5.46371562e-04 3.241471e+02
4.037832e-02 4.534879e+12 5.77342530e-04 3.709676e+02
4.037832e-02 5.722368e+12 5.92787923e-04 4.188614e+02
4.037832e-02 7.220809e+12 6.07415407e-04 4.729385e+02
4.037832e-02 9.111628e+12 6.37933903e-04 5.412507e+02
4.037832e-02 1.149757e+13 6.50391752e-04 6.111289e+02
4.037832e-02 1.450829e+13 6.61031562e-04 6.900288e+02
4.037832e-02 1.830738e+13 6.87745200e-04 7.896978e+02
4.037832e-02 2.310130e+13 6.93605357e-04 8.916518e+02
4.037832e-02 2.915053e+13 6.96170782e-04 1.006769e+03
4.037832e-02 3.678380e+13 7.13889886e-04 1.152188e+03
4.037832e-02 4.641589e+13 7.08015217e-04 1.300942e+03
4.037832e-02 5.857021e+13 6.96990342e-04 1.468900e+03
4.037832e-02 7.390722e+13 6.98852954e-04 1.681071e+03
4.037832e-02 9.326033e+13 6.75269033e-04 1.898105e+03
4.037832e-02 1.176812e+14 6.62562023e-04 2.172271e+03
4.037832e-02 1.484968e+14 6.24253629e-04 2.452723e+03
4.037832e-02 1.873817e+14 5.78912837e-04 2.769382e+03
4.037832e-02 2.364489e+14 5.41422263e-04 3.169396e+03
4.037832e-02 2.983647e+14 4.82293459e-04 3.578582e+03
4.037832e-02 3.764936e+14 4.18815406e-04 4.040595e+03
4.037832e-02 4.750810e+14 3.62612040e-04 4.624226e+03
4.037832e-02 5.994843e+14 2.94975492e-04 5.221237e+03
4.037832e-02 7.564633e+14 2.36423902e-04 5.975403e+03
4.037832e-02 9.545485e+14 1.75571974e-04 6.746858e+03
4.037832e-02 1.204504e+15 1.22993764e-04 7.617912e+03
4.037832e-02 1.519911e+15 8.25513692e-05 8.718257e+03
4.037832e-02 1.917910e+15 4.95767292e-05 9.843829e+03
4.037832e-02 2.420128e+15 2.76480395e-05 1.126569e+04
4.037832e-02 3.053856e+15 1.33148084e-05 1.272015e+04
4.037832e-02 3.853529e+15 5.56596375e-06 1.436238e+04
4.037832e-02 4.862602e+15 2.01637582e-06 1.643692e+04
4.037832e-02 6.135907e+15 5.76393140e-07 1.855900e+04
4.037832e-02 7.742637e+15 1.30077064e-07 2.123970e+04
4.037832e-02 9.770100e+15 2.05358364e-08 2.398186e+04
4.037832e-02 1.232847e+16 2.15417533e-09 2.707804e+04
4.037832e-02 1.555676e+16 1.41173840e-10 3.098924e+04
4.037832e-02 1.963041e+16 4.95793718e-12 3.499011e+04
4.037832e-02 2.477076e+16 8.78229650e-14 4.004415e+04
4.037832e-02 3.125716e+16 6.47746673e-16 4.521405e+04
4.037832e-02 3.944206e+16 1.76625619e-18 5.174486e+04
4.037832e-02 4.977024e+16 1.34943618e-21 5.842538e+04
4.037832e-02 6.280291e+16 2.27610965e-25 6.686446e+04
4.037832e-02 7.924829e+16 5.47004583e-30 7.549700e+04
4.037832e-02 1.000000e+17 1.19462054e-35 8.640193e+04
4.329679e-02 1.261857e+07 5.78813313e-05 3.659962e-01
4.329679e-02 1.592283e+07 5.96706990e-05 4.132482e-01
4.329679e-02 2.009233e+07 6.32106561e-05 4.729385e-01
4.329679e-02 2.535364e+07 6.51912429e-05 5.339973e-01
4.329679e-02 3.199267e+07 6.90869833e-05 6.111289e-01
4.329679e-02 4.037017e+07 7.12811013e-05 6.900288e-01
4.329679e-02 5.094138e+07 7.55721800e-05 7.896978e-01
4.329679e-02 6.428073e+07 7.80049202e-05 8.916518e-01
4.329679e-02 8.111308e+07 8.27356421e-05 1.020444e+00
4.329679e-02 1.023531e+08 8.54352178e-05 1.152188e+00
4.329679e-02 1.291550e+08 8.82417513e-05 1.300942e+00
4.329679e-02 1.629751e+08 9.36533733e-05 1.488852e+00
4.329679e-02 2.056512e+08 9.67715595e-05 1.681071e+00
4.329679e-02 2.595024e+08 1.02750729e-04 1.923888e+00
4.329679e-02 3.274549e+08 1.06217899e-04 2.172271e+00
4.329679e-02 4.132012e+08 1.12829793e-04 2.486038e+00
4.329679e-02 5.214008e+08 1.16687879e-04 2.806999e+00
4.329679e-02 6.579332e+08 1.20704168e-04 3.169396e+00
4.329679e-02 8.302176e+08 1.28301555e-04 3.627190e+00
4.329679e-02 1.047616e+09 1.32775170e-04 4.095479e+00
4.329679e-02 1.321941e+09 1.41193296e-04 4.687038e+00
4.329679e-02 1.668101e+09 1.46179121e-04 5.292158e+00
4.329679e-02 2.104904e+09 1.51373016e-04 5.975403e+00
4.329679e-02 2.656088e+09 1.61072348e-04 6.838501e+00
4.329679e-02 3.351603e+09 1.66864501e-04 7.721387e+00
4.329679e-02 4.229243e+09 1.72899721e-04 8.718257e+00
4.329679e-02 5.336699e+09 1.84089338e-04 9.977539e+00
4.329679e-02 6.734151e+09 1.90821338e-04 1.126569e+01
4.329679e-02 8.497534e+09 1.97835844e-04 1.272015e+01
4.329679e-02 1.072267e+10 2.10755093e-04 1.455747e+01
4.329679e-02 1.353048e+10 2.18577136e-04 1.643692e+01
4.329679e-02 1.707353e+10 2.26724851e-04 1.855900e+01
4.329679e-02 2.154435e+10 2.41643300e-04 2.123970e+01
4.329679e-02 2.718588e+10 2.50719525e-04 2.398186e+01
4.329679e-02 3.430469e+10 2.60166428e-04 2.707804e+01
4.329679e-02 4.328761e+10 2.77379982e-04 3.098924e+01
4.329679e-02 5.462277e+10 2.87881305e-04 3.499011e+01
4.329679e-02 6.892612e+10 2.98796283e-04 3.950751e+01
4.329679e-02 8.697490e+10 3.18616239e-04 4.521405e+01
4.329679e-02 1.097499e+11 3.30705555e-04 5.105142e+01
4.329679e-02 1.384886e+11 3.43242102e-04 5.764242e+01
4.329679e-02 1.747528e+11 3.65971980e-04 6.596840e+01
4.329679e-02 2.205131e+11 3.79776291e-04 7.448526e+01
4.329679e-02 2.782559e+11 3.94038867e-04 8.410168e+01
4.329679e-02 3.511192e+11 4.19930453e-04 9.624949e+01
4.329679e-02 4.430621e+11 4.35491330e-04 1.086758e+02
4.329679e-02 5.590810e+11 4.51476532e-04 1.227064e+02
4.329679e-02 7.054802e+11 4.80651512e-04 1.404303e+02
4.329679e-02 8.902151e+11 4.97840628e-04 1.585606e+02
4.329679e-02 1.123324e+12 5.15337870e-04 1.790316e+02
4.329679e-02 1.417474e+12 5.47654578e-04 2.048913e+02
4.329679e-02 1.788650e+12 5.66034548e-04 2.313438e+02
4.329679e-02 2.257020e+12 5.84464645e-04 2.612114e+02
4.329679e-02 2.848036e+12 6.19300940e-04 2.989413e+02
4.329679e-02 3.593814e+12 6.37905778e-04 3.375362e+02
4.329679e-02 4.534879e+12 6.56070858e-04 3.811138e+02
4.329679e-02 5.722368e+12 6.91989403e-04 4.361626e+02
4.329679e-02 7.220809e+12 7.09000112e-04 4.924734e+02
4.329679e-02 9.111628e+12 7.24725658e-04 5.560543e+02
4.329679e-02 1.149757e+13 7.59002508e-04 6.363718e+02
4.329679e-02 1.450829e+13 7.71323477e-04 7.185307e+02
4.329679e-02 1.830738e+13 7.81022143e-04 8.112967e+02
4.329679e-02 2.310130e+13 8.09096579e-04 9.284819e+02
4.329679e-02 2.915053e+13 8.11950285e-04 1.048354e+03
4.329679e-02 3.678380e+13 8.10294946e-04 1.183701e+03
4.329679e-02 4.641589e+13 8.25430150e-04 1.354678e+03
4.329679e-02 5.857021e+13 8.12381953e-04 1.529573e+03
4.329679e-02 7.390722e+13 7.92653524e-04 1.727049e+03
4.329679e-02 9.326033e+13 7.86613103e-04 1.976507e+03
4.329679e-02 1.176812e+14 7.51005454e-04 2.231685e+03
4.329679e-02 1.484968e+14 7.07308620e-04 2.519806e+03
4.329679e-02 1.873817e+14 6.73578852e-04 2.883772e+03
4.329679e-02 2.364489e+14 6.12879344e-04 3.256082e+03
4.329679e-02 2.983647e+14 5.60558364e-04 3.726396e+03
4.329679e-02 3.764936e+14 4.86461419e-04 4.207493e+03
4.329679e-02 4.750810e+14 4.09660396e-04 4.750702e+03
4.329679e-02 5.994843e+14 3.42068077e-04 5.436903e+03
4.329679e-02 7.564633e+14 2.66604947e-04 6.138835e+03
4.329679e-02 9.545485e+14 1.97757816e-04 6.931390e+03
4.329679e-02 1.204504e+15 1.42135396e-04 7.932573e+03
4.329679e-02 1.519911e+15 9.27153794e-05 8.956708e+03
4.329679e-02 1.917910e+15 5.71002845e-05 1.025043e+04
4.329679e-02 2.420128e+15 3.09304383e-05 1.157382e+04
4.329679e-02 3.053856e+15 1.48585961e-05 1.306805e+04
4.329679e-02 3.853529e+15 6.36257919e-06 1.495563e+04
4.329679e-02 4.862602e+15 2.23586829e-06 1.688648e+04
4.329679e-02 6.135907e+15 6.53925619e-07 1.932559e+04
4.329679e-02 7.742637e+15 1.42939885e-07 2.182063e+04
4.329679e-02 9.770100e+15 2.30465712e-08 2.497244e+04
4.329679e-02 1.232847e+16 2.40025835e-09 2.819651e+04
4.329679e-02 1.555676e+16 1.51789467e-10 3.183682e+04
4.329679e-02 1.963041e+16 5.41941162e-12 3.643539e+04
4.329679e-02 2.477076e+16 9.22675446e-14 4.113939e+04
4.329679e-02 3.125716e+16 6.88577309e-16 4.708164e+04
4.329679e-02 3.944206e+16 1.79439766e-18 5.316012e+04
4.329679e-02 4.977024e+16 1.37759996e-21 6.083867e+04
4.329679e-02 6.280291e+16 2.20188602e-25 6.869325e+04
4.329679e-02 7.924829e+16 5.26156644e-30 7.861543e+04
4.329679e-02 1.000000e+17 1.07455091e-35 8.876509e+04
4.642620e-02 1.261857e+07 6.76554250e-05 3.811138e-01
4.642620e-02 1.592283e+07 6.97469000e-05 4.303176e-01
4.642620e-02 2.009233e+07 7.38845634e-05 4.924734e-01
4.642620e-02 2.535364e+07 7.61995243e-05 5.560543e-01
4.642620e-02 3.199267e+07 8.07530190e-05 6.363718e-01
4.642620e-02 4.037017e+07 8.33175380e-05 7.185307e-01
4.642620e-02 5.094138e+07 8.83330882e-05 8.223166e-01
4.642620e-02 6.428073e+07 9.11764839e-05 9.284819e-01
4.642620e-02 8.111308e+07 9.67058627e-05 1.062594e+00
4.642620e-02 1.023531e+08 9.98611001e-05 1.199780e+00
4.642620e-02 1.291550e+08 1.05962322e-04 1.373078e+00
4.642620e-02 1.629751e+08 1.09466475e-04 1.550350e+00
4.642620e-02 2.056512e+08 1.13110904e-04 1.750508e+00
4.642620e-02 2.595024e+08 1.20099332e-04 2.003355e+00
4.642620e-02 3.274549e+08 1.24151575e-04 2.261998e+00
4.642620e-02 4.132012e+08 1.31879432e-04 2.588725e+00
4.642620e-02 5.214008e+08 1.36388473e-04 2.922943e+00
4.642620e-02 6.579332e+08 1.41082360e-04 3.300310e+00
4.642620e-02 8.302176e+08 1.49961844e-04 3.777013e+00
4.642620e-02 1.047616e+09 1.55190093e-04 4.264644e+00
4.642620e-02 1.321941e+09 1.60635149e-04 4.815232e+00
4.642620e-02 1.668101e+09 1.70855348e-04 5.510753e+00
4.642620e-02 2.104904e+09 1.76925122e-04 6.222219e+00
4.642620e-02 2.656088e+09 1.83248704e-04 7.025540e+00
4.642620e-02 3.351603e+09 1.95029390e-04 8.040322e+00
4.642620e-02 4.229243e+09 2.02081999e-04 9.078369e+00
4.642620e-02 5.336699e+09 2.15158732e-04 1.038967e+01
4.642620e-02 6.734151e+09 2.23025250e-04 1.173102e+01
4.642620e-02 8.497534e+09 2.31221692e-04 1.324556e+01
4.642620e-02 1.072267e+10 2.46318982e-04 1.515877e+01
4.642620e-02 1.353048e+10 2.55458544e-04 1.711585e+01
4.642620e-02 1.707353e+10 2.64978348e-04 1.932559e+01
4.642620e-02 2.154435e+10 2.82410746e-04 2.211702e+01
4.642620e-02 2.718588e+10 2.93014706e-04 2.497244e+01
4.642620e-02 3.430469e+10 3.04051314e-04 2.819651e+01
4.642620e-02 4.328761e+10 3.24163898e-04 3.226926e+01
4.642620e-02 5.462277e+10 3.36431290e-04 3.643539e+01
4.642620e-02 6.892612e+10 3.49181270e-04 4.113939e+01
4.642620e-02 8.697490e+10 3.62424150e-04 4.645069e+01
4.642620e-02 1.097499e+11 3.86456857e-04 5.316012e+01
4.642620e-02 1.384886e+11 4.01098382e-04 6.002336e+01
4.642620e-02 1.747528e+11 4.16264596e-04 6.777268e+01
4.642620e-02 2.205131e+11 4.43769446e-04 7.756190e+01
4.642620e-02 2.782559e+11 4.60422790e-04 8.757554e+01
4.642620e-02 3.511192e+11 4.77599123e-04 9.888199e+01
4.642620e-02 4.430621e+11 5.08827303e-04 1.131647e+02
4.642620e-02 5.590810e+11 5.27485825e-04 1.277748e+02
4.642620e-02 7.054802e+11 5.46601086e-04 1.442712e+02
4.642620e-02 8.902151e+11 5.81608879e-04 1.651100e+02
4.642620e-02 1.123324e+12 6.02022608e-04 1.864266e+02
4.642620e-02 1.417474e+12 6.22711475e-04 2.104952e+02
4.642620e-02 1.788650e+12 6.61177228e-04 2.408995e+02
4.642620e-02 2.257020e+12 6.82663857e-04 2.720009e+02
4.642620e-02 2.848036e+12 7.04048820e-04 3.071176e+02
4.642620e-02 3.593814e+12 7.44979895e-04 3.514782e+02
4.642620e-02 4.534879e+12 7.66132296e-04 3.968559e+02
4.642620e-02 5.722368e+12 7.86493470e-04 4.480920e+02
4.642620e-02 7.220809e+12 8.27786048e-04 5.128153e+02
4.642620e-02 9.111628e+12 8.46054392e-04 5.790223e+02
4.642620e-02 1.149757e+13 8.62376425e-04 6.537771e+02
4.642620e-02 1.450829e+13 9.00224881e-04 7.482099e+02
4.642620e-02 1.830738e+13 9.11409189e-04 8.448076e+02
4.642620e-02 2.310130e+13 9.18882480e-04 9.538766e+02
4.642620e-02 2.915053e+13 9.47169776e-04 1.091656e+03
4.642620e-02 3.678380e+13 9.45044322e-04 1.232595e+03
4.642620e-02 4.641589e+13 9.36851167e-04 1.391729e+03
4.642620e-02 5.857021e+13 9.47015503e-04 1.592753e+03
4.642620e-02 7.390722e+13 9.23749227e-04 1.798386e+03
4.642620e-02 9.326033e+13 8.92012678e-04 2.030566e+03
4.642620e-02 1.176812e+14 8.74603585e-04 2.323865e+03
4.642620e-02 1.484968e+14 8.23370946e-04 2.623888e+03
4.642620e-02 1.873817e+14 7.62869563e-04 2.962645e+03
4.642620e-02 2.364489e+14 7.12723865e-04 3.390576e+03
4.642620e-02 2.983647e+14 6.34134339e-04 3.828316e+03
4.642620e-02 3.764936e+14 5.49924968e-04 4.322572e+03
4.642620e-02 4.750810e+14 4.75387395e-04 4.946932e+03
4.642620e-02 5.994843e+14 3.86024616e-04 5.585606e+03
4.642620e-02 7.564633e+14 3.08763121e-04 6.392402e+03
4.642620e-02 9.545485e+14 2.28746484e-04 7.217694e+03
4.642620e-02 1.204504e+15 1.59801932e-04 8.149535e+03
4.642620e-02 1.519911e+15 1.06911883e-04 9.326669e+03
4.642620e-02 1.917910e+15 6.39657975e-05 1.053079e+04
4.642620e-02 2.420128e+15 3.45704795e-05 1.189037e+04
4.642620e-02 3.053856e+15 1.70158847e-05 1.360784e+04
4.642620e-02 3.853529e+15 7.07009869e-06 1.536468e+04
4.642620e-02 4.862602e+15 2.54298227e-06 1.758398e+04
4.642620e-02 6.135907e+15 7.20753007e-07 1.985416e+04
4.642620e-02 7.742637e+15 1.61001090e-07 2.272193e+04
4.642620e-02 9.770100e+15 2.51066337e-08 2.565545e+04
4.642620e-02 1.232847e+16 2.59468714e-09 2.896770e+04
4.642620e-02 1.555676e+16 1.67004625e-10 3.315185e+04
4.642620e-02 1.963041e+16 5.73874815e-12 3.743193e+04
4.642620e-02 2.477076e+16 9.90197097e-14 4.283867e+04
4.642620e-02 3.125716e+16 7.07602454e-16 4.836936e+04
4.642620e-02 3.944206e+16 1.85738449e-18 5.535592e+04
4.642620e-02 4.977024e+16 1.35531432e-21 6.250265e+04
4.642620e-02 6.280291e+16 2.16217062e-25 7.153065e+04
4.642620e-02 7.924829e+16 4.85523715e-30 8.076563e+04
4.642620e-02 1.000000e+17 9.75669482e-36 9.243157e+04
4.978179e-02 1.261857e+07 7.91083780e-05 3.968559e-01
4.978179e-02 1.592283e+07 8.37843982e-05 4.541785e-01
4.978179e-02 2.009233e+07 8.63918560e-05 5.128153e-01
4.978179e-02 2.535364e+07 8.90986049e-05 5.790223e-01
4.978179e-02 3.199267e+07 9.44228081e-05 6.626574e-01
4.978179e-02 4.037017e+07 9.74213224e-05 7.482099e-01
4.978179e-02 5.094138e+07 1.03285747e-04 8.562827e-01
4.978179e-02 6.428073e+07 1.06610297e-04 9.668332e-01
4.978179e-02 8.111308e+07 1.13075464e-04 1.106484e+00
4.978179e-02 1.023531e+08 1.16764578e-04 1.249337e+00
4.978179e-02 1.291550e+08 1.23898301e-04 1.429794e+00
4.978179e-02 1.629751e+08 1.27995309e-04 1.614388e+00
4.978179e-02 2.056512e+08 1.32256293e-04 1.822813e+00
4.978179e-02 2.595024e+08 1.40427227e-04 2.086104e+00
4.978179e-02 3.274549e+08 1.45164934e-04 2.355431e+00
4.978179e-02 4.132012e+08 1.50095079e-04 2.659529e+00
4.978179e-02 5.214008e+08 1.59471963e-04 3.043676e+00
4.978179e-02 6.579332e+08 1.64959678e-04 3.436630e+00
4.978179e-02 8.302176e+08 1.75341266e-04 3.933024e+00
4.978179e-02 1.047616e+09 1.81453560e-04 4.440797e+00
4.978179e-02 1.321941e+09 1.87819234e-04 5.014127e+00
4.978179e-02 1.668101e+09 1.99767979e-04 5.738377e+00
4.978179e-02 2.104904e+09 2.06863773e-04 6.479231e+00
4.978179e-02 2.656088e+09 2.14256148e-04 7.315732e+00
4.978179e-02 3.351603e+09 2.28028789e-04 8.372431e+00
4.978179e-02 4.229243e+09 2.36273089e-04 9.453354e+00
4.978179e-02 5.336699e+09 2.44863259e-04 1.067383e+01
4.978179e-02 6.734151e+09 2.60755777e-04 1.221558e+01
4.978179e-02 8.497534e+09 2.70336508e-04 1.379267e+01
4.978179e-02 1.072267e+10 2.80318119e-04 1.557338e+01
4.978179e-02 1.353048e+10 2.98667558e-04 1.782283e+01
4.978179e-02 1.707353e+10 3.09794158e-04 2.012384e+01
4.978179e-02 2.154435e+10 3.21380949e-04 2.272193e+01
4.978179e-02 2.718588e+10 3.42563806e-04 2.600393e+01
4.978179e-02 3.430469e+10 3.55461750e-04 2.936118e+01
4.978179e-02 4.328761e+10 3.68880172e-04 3.315185e+01
4.978179e-02 5.462277e+10 3.93304281e-04 3.794037e+01
4.978179e-02 6.892612e+10 4.08202356e-04 4.283867e+01
4.978179e-02 8.697490e+10 4.23675465e-04 4.836936e+01
4.978179e-02 1.097499e+11 4.39733302e-04 5.461409e+01
4.978179e-02 1.384886e+11 4.68865329e-04 6.250265e+01
4.978179e-02 1.747528e+11 4.86581896e-04 7.057206e+01
4.978179e-02 2.205131e+11 5.04909383e-04 7.968328e+01
4.978179e-02 2.782559e+11 5.38169272e-04 9.119288e+01
4.978179e-02 3.511192e+11 5.58228189e-04 1.029663e+02
4.978179e-02 4.430621e+11 5.78875024e-04 1.162598e+02
4.978179e-02 5.590810e+11 6.16492062e-04 1.330526e+02
4.978179e-02 7.054802e+11 6.38806334e-04 1.502304e+02
4.978179e-02 8.902151e+11 6.61593700e-04 1.696259e+02
4.978179e-02 1.123324e+12 7.03510199e-04 1.941270e+02
4.978179e-02 1.417474e+12 7.27647324e-04 2.191898e+02
4.978179e-02 1.788650e+12 7.51981942e-04 2.474883e+02
4.978179e-02 2.257020e+12 7.97603182e-04 2.832360e+02
4.978179e-02 2.848036e+12 8.22529801e-04 3.198032e+02
4.978179e-02 3.593814e+12 8.47111262e-04 3.610914e+02
4.978179e-02 4.534879e+12 8.71087915e-04 4.077102e+02
4.978179e-02 5.722368e+12 9.18608638e-04 4.666006e+02
4.978179e-02 7.220809e+12 9.40998323e-04 5.268411e+02
4.978179e-02 9.111628e+12 9.61652700e-04 5.948590e+02
4.978179e-02 1.149757e+13 1.00688379e-03 6.807816e+02
4.978179e-02 1.450829e+13 1.02294511e-03 7.686740e+02
4.978179e-02 1.830738e+13 1.03548871e-03 8.679137e+02
4.978179e-02 2.310130e+13 1.07234240e-03 9.932768e+02
4.978179e-02 2.915053e+13 1.07571316e-03 1.121514e+03
4.978179e-02 3.678380e+13 1.07306152e-03 1.266307e+03
4.978179e-02 4.641589e+13 1.09258212e-03 1.449215e+03
4.978179e-02 5.857021e+13 1.07473405e-03 1.636316e+03
4.978179e-02 7.390722e+13 1.04800221e-03 1.847573e+03
4.978179e-02 9.326033e+13 1.03930947e-03 2.114440e+03
4.978179e-02 1.176812e+14 9.91502036e-04 2.387425e+03
4.978179e-02 1.484968e+14 9.33001591e-04 2.695653e+03
4.978179e-02 1.873817e+14 8.87634313e-04 3.085019e+03
4.978179e-02 2.364489e+14 8.06740926e-04 3.483310e+03
4.978179e-02 2.983647e+14 7.36928209e-04 3.986446e+03
4.978179e-02 3.764936e+14 6.38584710e-04 4.501117e+03
4.978179e-02 4.750810e+14 5.36867390e-04 5.082234e+03
4.978179e-02 5.994843e+14 4.47424496e-04 5.816322e+03
4.978179e-02 7.564633e+14 3.47946001e-04 6.567239e+03
4.978179e-02 9.545485e+14 2.57432431e-04 7.415103e+03
4.978179e-02 1.204504e+15 1.84475897e-04 8.486155e+03
4.978179e-02 1.519911e+15 1.19918158e-04 9.581761e+03
4.978179e-02 1.917910e+15 7.35554323e-05 1.096577e+04
4.978179e-02 2.420128e+15 3.96557501e-05 1.238151e+04
4.978179e-02 3.053856e+15 1.89446314e-05 1.398002e+04
4.978179e-02 3.853529e+15 8.05944938e-06 1.599932e+04
4.978179e-02 4.862602e+15 2.81039127e-06 1.806492e+04
4.978179e-02 6.135907e+15 8.14443848e-07 2.067425e+04
4.978179e-02 7.742637e+15 1.76078681e-07 2.334340e+04
4.978179e-02 9.770100e+15 2.72696268e-08 2.635715e+04
4.978179e-02 1.232847e+16 2.87132267e-09 3.016423e+04
4.978179e-02 1.555676e+16 1.78088787e-10 3.405858e+04
4.978179e-02 1.963041e+16 6.21104828e-12 3.897807e+04
4.978179e-02 2.477076e+16 1.02798373e-13 4.401034e+04
4.978179e-02 3.125716e+16 7.41497270e-16 5.036727e+04
4.978179e-02 3.944206e+16 1.85469996e-18 5.686995e+04
4.978179e-02 4.977024e+16 1.35515712e-21 6.508435e+04
4.978179e-02 6.280291e+16 2.03994582e-25 7.348707e+04
4.978179e-02 7.924829e+16 4.41048452e-30 8.297463e+04
4.978179e-02 1.000000e+17 8.46063967e-36 9.495964e+04
5.337992e-02 1.261857e+07 9.25353819e-05 4.132482e-01
5.337992e-02 1.592283e+07 9.80049716e-05 4.729385e-01
5.337992e-02 2.009233e+07 1.01054887e-04 5.339973e-01
5.337992e-02 2.535364e+07 1.07071450e-04 6.111289e-01
5.337992e-02 3.199267e+07 1.10448647e-04 6.900288e-01
5.337992e-02 4.037017e+07 1.13955925e-04 7.791150e-01
5.337992e-02 5.094138e+07 1.20815492e-04 8.916518e-01
5.337992e-02 6.428073e+07 1.24704078e-04 1.006769e+00
5.337992e-02 8.111308e+07 1.32266263e-04 1.152188e+00
5.337992e-02 1.023531e+08 1.36581207e-04 1.300942e+00
5.337992e-02 1.291550e+08 1.41067017e-04 1.468900e+00
5.337992e-02 1.629751e+08 1.49717267e-04 1.681071e+00
5.337992e-02 2.056512e+08 1.54700975e-04 1.898105e+00
5.337992e-02 2.595024e+08 1.64258098e-04 2.172271e+00
5.337992e-02 3.274549e+08 1.69799282e-04 2.452723e+00
5.337992e-02 4.132012e+08 1.75565479e-04 2.769382e+00
5.337992e-02 5.214008e+08 1.86532895e-04 3.169396e+00
5.337992e-02 6.579332e+08 1.92951063e-04 3.578582e+00
5.337992e-02 8.302176e+08 1.99633263e-04 4.040595e+00
5.337992e-02 1.047616e+09 2.12241838e-04 4.624226e+00
5.337992e-02 1.321941e+09 2.19686511e-04 5.221237e+00
5.337992e-02 1.668101e+09 2.27440655e-04 5.895326e+00
5.337992e-02 2.104904e+09 2.41959603e-04 6.746858e+00
5.337992e-02 2.656088e+09 2.50604554e-04 7.617912e+00
5.337992e-02 3.351603e+09 2.59611314e-04 8.601423e+00
5.337992e-02 4.229243e+09 2.76352705e-04 9.843829e+00
5.337992e-02 5.336699e+09 2.86397749e-04 1.111472e+01
5.337992e-02 6.734151e+09 2.96863905e-04 1.254968e+01
5.337992e-02 8.497534e+09 3.16186143e-04 1.436238e+01
5.337992e-02 1.072267e+10 3.27857329e-04 1.621664e+01
5.337992e-02 1.353048e+10 3.40015144e-04 1.831029e+01
5.337992e-02 1.707353e+10 3.62323938e-04 2.095507e+01
5.337992e-02 2.154435e+10 3.75870596e-04 2.366047e+01
5.337992e-02 2.718588e+10 3.89973331e-04 2.671516e+01
5.337992e-02 3.430469e+10 4.15717701e-04 3.057395e+01
5.337992e-02 4.328761e+10 4.31403704e-04 3.452120e+01
5.337992e-02 5.462277e+10 4.47714131e-04 3.897807e+01
5.337992e-02 6.892612e+10 4.77373229e-04 4.460813e+01
5.337992e-02 8.697490e+10 4.95457989e-04 5.036727e+01
5.337992e-02 1.097499e+11 5.14224866e-04 5.686995e+01
5.337992e-02 1.384886e+11 5.33681856e-04 6.421215e+01
5.337992e-02 1.747528e+11 5.68980580e-04 7.348707e+01
5.337992e-02 2.205131e+11 5.90394571e-04 8.297463e+01
5.337992e-02 2.782559e+11 6.12513078e-04 9.368708e+01
5.337992e-02 3.511192e+11 6.52697678e-04 1.072194e+02
5.337992e-02 4.430621e+11 6.76813261e-04 1.210620e+02
5.337992e-02 5.590810e+11 7.01576529e-04 1.366917e+02
5.337992e-02 7.054802e+11 7.46820384e-04 1.564357e+02
5.337992e-02 8.902151e+11 7.73423118e-04 1.766324e+02
5.337992e-02 1.123324e+12 8.00487007e-04 1.994365e+02
5.337992e-02 1.417474e+12 8.27903039e-04 2.251848e+02
5.337992e-02 1.788650e+12 8.78935316e-04 2.577109e+02
5.337992e-02 2.257020e+12 9.07375684e-04 2.909827e+02
5.337992e-02 2.848036e+12 9.35660715e-04 3.285501e+02
5.337992e-02 3.593814e+12 9.89894937e-04 3.760065e+02
5.337992e-02 4.534879e+12 1.01781780e-03 4.245508e+02
5.337992e-02 5.722368e+12 1.04466021e-03 4.793625e+02
5.337992e-02 7.220809e+12 1.09926570e-03 5.486025e+02
5.337992e-02 9.111628e+12 1.12325248e-03 6.194299e+02
5.337992e-02 1.149757e+13 1.14461424e-03 6.994015e+02
5.337992e-02 1.450829e+13 1.19449312e-03 8.004244e+02
5.337992e-02 1.830738e+13 1.20893231e-03 9.037633e+02
5.337992e-02 2.310130e+13 1.21839521e-03 1.020444e+03
5.337992e-02 2.915053e+13 1.25538574e-03 1.167839e+03
5.337992e-02 3.678380e+13 1.25199243e-03 1.318612e+03
5.337992e-02 4.641589e+13 1.24049900e-03 1.488852e+03
5.337992e-02 5.857021e+13 1.25323339e-03 1.703905e+03
5.337992e-02 7.390722e+13 1.22165018e-03 1.923888e+03
5.337992e-02 9.326033e+13 1.17881597e-03 2.172271e+03
5.337992e-02 1.176812e+14 1.15485490e-03 2.486038e+03
5.337992e-02 1.484968e+14 1.08618955e-03 2.806999e+03
5.337992e-02 1.873817e+14 1.00530925e-03 3.169396e+03
5.337992e-02 2.364489e+14 9.38094836e-04 3.627190e+03
5.337992e-02 2.983647e+14 8.33507095e-04 4.095479e+03
5.337992e-02 3.764936e+14 7.21686325e-04 4.624226e+03
5.337992e-02 4.750810e+14 6.22744263e-04 5.292158e+03
5.337992e-02 5.994843e+14 5.04634556e-04 5.975403e+03
5.337992e-02 7.564633e+14 3.91950321e-04 6.746858e+03
5.337992e-02 9.545485e+14 2.97494612e-04 7.721387e+03
5.337992e-02 1.204504e+15 2.07164417e-04 8.718257e+03
5.337992e-02 1.519911e+15 1.38082706e-04 9.977539e+03
5.337992e-02 1.917910e+15 8.22563481e-05 1.126569e+04
5.337992e-02 2.420128e+15 4.42295561e-05 1.272015e+04
5.337992e-02 3.053856e+15 2.16403686e-05 1.455747e+04
5.337992e-02 3.853529e+15 8.92856000e-06 1.643692e+04
5.337992e-02 4.862602e+15 3.18485827e-06 1.881109e+04
5.337992e-02 6.135907e+15 8.93797256e-07 2.123970e+04
5.337992e-02 7.742637e+15 1.92050700e-07 2.398186e+04
5.337992e-02 9.770100e+15 3.03312165e-08 2.744584e+04
5.337992e-02 1.232847e+16 3.08094051e-09 3.098924e+04
5.337992e-02 1.555676e+16 1.94200358e-10 3.546539e+04
5.337992e-02 1.963041e+16 6.50689955e-12 4.004415e+04
5.337992e-02 2.477076e+16 1.08908012e-13 4.582820e+04
5.337992e-02 3.125716e+16 7.50259218e-16 5.174486e+04
5.337992e-02 3.944206e+16 1.83415184e-18 5.842538e+04
5.337992e-02 4.977024e+16 1.30362487e-21 6.686446e+04
5.337992e-02 6.280291e+16 1.89775424e-25 7.549700e+04
5.337992e-02 7.924829e+16 4.04675571e-30 8.640193e+04
5.337992e-02 1.000000e+17 7.18747932e-36 9.755686e+04
5.723812e-02 1.261857e+07 1.08285148e-04 4.303176e-01
5.723812e-02 1.592283e+07 1.14685565e-04 4.924734e-01
5.723812e-02 2.009233e+07 1.18254451e-04 5.560543e-01
5.723812e-02 2.535364e+07 1.25294882e-04 6.363718e-01
5.723812e-02 3.199267e+07 1.29246700e-04 7.185307e-01
5.723812e-02 4.037017e+07 1.33350707e-04 8.112967e-01
5.723812e-02 5.094138e+07 1.41377509e-04 9.284819e-01
5.723812e-02 6.428073e+07 1.45927643e-04 1.048354e+00
5.723812e-02 8.111308e+07 1.54776540e-04 1.199780e+00
5.723812e-02 1.023531e+08 1.59825493e-04 1.354678e+00
5.723812e-02 1.291550e+08 1.65074334e-04 1.529573e+00
5.723812e-02 1.629751e+08 1.75196263e-04 1.750508e+00
5.723812e-02 2.056512e+08 1.81027591e-04 1.976507e+00
5.723812e-02 2.595024e+08 1.87093382e-04 2.231685e+00
5.723812e-02 3.274549e+08 1.98694015e-04 2.554033e+00
5.723812e-02 4.132012e+08 2.05440700e-04 2.883772e+00
5.723812e-02 5.214008e+08 2.18273536e-04 3.300310e+00
5.723812e-02 6.579332e+08 2.25782863e-04 3.726396e+00
5.723812e-02 8.302176e+08 2.33601001e-04 4.207493e+00
5.723812e-02 1.047616e+09 2.48353693e-04 4.815232e+00
5.723812e-02 1.321941e+09 2.57063647e-04 5.436903e+00
5.723812e-02 1.668101e+09 2.66135510e-04 6.138835e+00
5.723812e-02 2.104904e+09 2.83122797e-04 7.025540e+00
5.723812e-02 2.656088e+09 2.93236454e-04 7.932573e+00
5.723812e-02 3.351603e+09 3.03773160e-04 8.956708e+00
5.723812e-02 4.229243e+09 3.14751114e-04 1.011307e+01
5.723812e-02 5.336699e+09 3.35110585e-04 1.157382e+01
5.723812e-02 6.734151e+09 3.47353657e-04 1.306805e+01
5.723812e-02 8.497534e+09 3.60109158e-04 1.475521e+01
5.723812e-02 1.072267e+10 3.83610271e-04 1.688648e+01
5.723812e-02 1.353048e+10 3.97830843e-04 1.906661e+01
5.723812e-02 1.707353e+10 4.12641502e-04 2.152820e+01
5.723812e-02 2.154435e+10 4.39771380e-04 2.463778e+01
5.723812e-02 2.718588e+10 4.56264841e-04 2.781864e+01
5.723812e-02 3.430469e+10 4.73428948e-04 3.141017e+01
5.723812e-02 4.328761e+10 5.04720881e-04 3.594712e+01
5.723812e-02 5.462277e+10 5.23793283e-04 4.058807e+01
5.723812e-02 6.892612e+10 5.43612528e-04 4.582820e+01
5.723812e-02 8.697490e+10 5.64194040e-04 5.174486e+01
5.723812e-02 1.097499e+11 6.01565489e-04 5.921898e+01
5.723812e-02 1.384886e+11 6.24310730e-04 6.686446e+01
5.723812e-02 1.747528e+11 6.47865093e-04 7.549700e+01
5.723812e-02 2.205131e+11 6.90612886e-04 8.640193e+01
5.723812e-02 2.782559e+11 7.16461613e-04 9.755686e+01
5.723812e-02 3.511192e+11 7.43112902e-04 1.101519e+02
5.723812e-02 4.430621e+11 7.91612824e-04 1.260625e+02
5.723812e-02 5.590810e+11 8.20540268e-04 1.423378e+02
5.723812e-02 7.054802e+11 8.50161418e-04 1.607144e+02
5.723812e-02 8.902151e+11 8.80399061e-04 1.814634e+02
5.723812e-02 1.123324e+12 9.36074708e-04 2.076743e+02
5.723812e-02 1.417474e+12 9.68073614e-04 2.344861e+02
5.723812e-02 1.788650e+12 1.00031579e-03 2.647595e+02
5.723812e-02 2.257020e+12 1.06084818e-03 3.030019e+02
5.723812e-02 2.848036e+12 1.09382637e-03 3.421210e+02
5.723812e-02 3.593814e+12 1.12631698e-03 3.862905e+02
5.723812e-02 4.534879e+12 1.18964278e-03 4.420871e+02
5.723812e-02 5.722368e+12 1.22088101e-03 4.991628e+02
5.723812e-02 7.220809e+12 1.25034231e-03 5.636072e+02
5.723812e-02 9.111628e+12 1.27745233e-03 6.363718e+02
5.723812e-02 1.149757e+13 1.33714938e-03 7.282906e+02
5.723812e-02 1.450829e+13 1.35804217e-03 8.223166e+02
5.723812e-02 1.830738e+13 1.37420365e-03 9.284819e+02
5.723812e-02 2.310130e+13 1.42254640e-03 1.062594e+03
5.723812e-02 2.915053e+13 1.42638503e-03 1.199780e+03
5.723812e-02 3.678380e+13 1.42216385e-03 1.354678e+03
5.723812e-02 4.641589e+13 1.44723185e-03 1.550350e+03
5.723812e-02 5.857021e+13 1.42270447e-03 1.750508e+03
5.723812e-02 7.390722e+13 1.38634717e-03 1.976507e+03
5.723812e-02 9.326033e+13 1.37376471e-03 2.261998e+03
5.723812e-02 1.176812e+14 1.30940668e-03 2.554033e+03
5.723812e-02 1.484968e+14 1.23090882e-03 2.883772e+03
5.723812e-02 1.873817e+14 1.16971839e-03 3.300310e+03
5.723812e-02 2.364489e+14 1.06173694e-03 3.726396e+03
5.723812e-02 2.983647e+14 9.42639721e-04 4.207493e+03
5.723812e-02 3.764936e+14 8.37764798e-04 4.815232e+03
5.723812e-02 4.750810e+14 7.02954503e-04 5.436903e+03
5.723812e-02 5.994843e+14 5.84534827e-04 6.222219e+03
5.723812e-02 7.564633e+14 4.53403395e-04 7.025540e+03
5.723812e-02 9.545485e+14 3.34459792e-04 7.932573e+03
5.723812e-02 1.204504e+15 2.38847866e-04 9.078369e+03
5.723812e-02 1.519911e+15 1.54640004e-04 1.025043e+04
5.723812e-02 1.917910e+15 9.18957084e-05 1.157382e+04
5.723812e-02 2.420128e+15 5.06197620e-05 1.324556e+04
5.723812e-02 3.053856e+15 2.40271711e-05 1.495563e+04
5.723812e-02 3.853529e+15 1.01445322e-05 1.711585e+04
5.723812e-02 4.862602e+15 3.50595071e-06 1.932559e+04
5.723812e-02 6.135907e+15 9.78488825e-07 2.182063e+04
5.723812e-02 7.742637e+15 2.14573674e-07 2.497244e+04
5.723812e-02 9.770100e+15 3.27239470e-08 2.819651e+04
5.723812e-02 1.232847e+16 3.38210113e-09 3.226926e+04
5.723812e-02 1.555676e+16 2.05099266e-10 3.643539e+04
5.723812e-02 1.963041e+16 6.96116508e-12 4.169819e+04
5.723812e-02 2.477076e+16 1.11497391e-13 4.708164e+04
5.723812e-02 3.125716e+16 7.52532391e-16 5.316012e+04
5.723812e-02 3.944206e+16 1.84399340e-18 6.083867e+04
5.723812e-02 4.977024e+16 1.23831700e-21 6.869325e+04
5.723812e-02 6.280291e+16 1.78637330e-25 7.861543e+04
5.723812e-02 7.924829e+16 3.54839042e-30 8.876509e+04
5.723812e-02 1.000000e+17 6.13495890e-36 1.015865e+05
6.137518e-02 1.261857e+07 1.26769987e-04 4.480920e-01
6.137518e-02 1.592283e+07 1.34262846e-04 5.128153e-01
6.137518e-02 2.009233e+07 1.38440792e-04 5.790223e-01
6.137518e-02 2.535364e+07 1.46682848e-04 6.626574e-01
6.137518e-02 3.199267e+07 1.51309024e-04 7.482099e-01
6.137518e-02 4.037017e+07 1.56113330e-04 8.448076e-01
6.137518e-02 5.094138e+07 1.65509990e-04 9.668332e-01
6.137518e-02 6.428073e+07 1.70836475e-04 1.091656e+00
6.137518e-02 8.111308e+07 1.76371531e-04 1.232595e+00
6.137518e-02 1.023531e+08 1.87105748e-04 1.410633e+00
6.137518e-02 1.291550e+08 1.93250006e-04 1.592753e+00
6.137518e-02 1.629751e+08 2.05099019e-04 1.822813e+00
6.137518e-02 2.056512e+08 2.11924998e-04 2.058148e+00
6.137518e-02 2.595024e+08 2.19025358e-04 2.323865e+00
6.137518e-02 3.274549e+08 2.32605077e-04 2.659529e+00
6.137518e-02 4.132012e+08 2.40502276e-04 3.002888e+00
6.137518e-02 5.214008e+08 2.48721421e-04 3.390576e+00
6.137518e-02 6.579332e+08 2.64313797e-04 3.880317e+00
6.137518e-02 8.302176e+08 2.73464773e-04 4.381286e+00
6.137518e-02 1.047616e+09 2.82993339e-04 4.946932e+00
6.137518e-02 1.321941e+09 3.00927908e-04 5.661476e+00
6.137518e-02 1.668101e+09 3.11545786e-04 6.392402e+00
6.137518e-02 2.104904e+09 3.22605802e-04 7.217694e+00
6.137518e-02 2.656088e+09 3.43266033e-04 8.260231e+00
6.137518e-02 3.351603e+09 3.55597579e-04 9.326669e+00
6.137518e-02 4.229243e+09 3.68445213e-04 1.053079e+01
6.137518e-02 5.336699e+09 3.92274185e-04 1.205188e+01
6.137518e-02 6.734151e+09 4.06601589e-04 1.360784e+01
6.137518e-02 8.497534e+09 4.21528184e-04 1.536468e+01
6.137518e-02 1.072267e+10 4.37077851e-04 1.734834e+01
6.137518e-02 1.353048e+10 4.65672106e-04 1.985416e+01
6.137518e-02 1.707353e+10 4.83001723e-04 2.241744e+01
6.137518e-02 2.154435e+10 5.01045878e-04 2.531164e+01
6.137518e-02 2.718588e+10 5.34046728e-04 2.896770e+01
6.137518e-02 3.430469e+10 5.54127183e-04 3.270758e+01
6.137518e-02 4.328761e+10 5.75014672e-04 3.693030e+01
6.137518e-02 5.462277e+10 5.96731067e-04 4.169819e+01
6.137518e-02 6.892612e+10 6.36234548e-04 4.772115e+01
6.137518e-02 8.697490e+10 6.60306820e-04 5.388220e+01
6.137518e-02 1.097499e+11 6.85283150e-04 6.083867e+01
6.137518e-02 1.384886e+11 7.30624634e-04 6.962632e+01
6.137518e-02 1.747528e+11 7.58166587e-04 7.861543e+01
6.137518e-02 2.205131e+11 7.86649661e-04 8.876509e+01
6.137518e-02 2.782559e+11 8.16063008e-04 1.002251e+02
6.137518e-02 3.511192e+11 8.69534829e-04 1.147018e+02
6.137518e-02 4.430621e+11 9.01586415e-04 1.295104e+02
6.137518e-02 5.590810e+11 9.34488215e-04 1.462309e+02
6.137518e-02 7.054802e+11 9.94652942e-04 1.673527e+02
6.137518e-02 8.902151e+11 1.02997139e-03 1.889588e+02
6.137518e-02 1.123324e+12 1.06588526e-03 2.133544e+02
6.137518e-02 1.417474e+12 1.13239418e-03 2.441717e+02
6.137518e-02 1.788650e+12 1.17002217e-03 2.756955e+02
6.137518e-02 2.257020e+12 1.20769154e-03 3.112892e+02
6.137518e-02 2.848036e+12 1.24512301e-03 3.514782e+02
6.137518e-02 3.593814e+12 1.31704446e-03 4.022464e+02
6.137518e-02 4.534879e+12 1.35391212e-03 4.541785e+02
6.137518e-02 5.722368e+12 1.38929744e-03 5.128153e+02
6.137518e-02 7.220809e+12 1.46154483e-03 5.868873e+02
6.137518e-02 9.111628e+12 1.49301576e-03 6.626574e+02
6.137518e-02 1.149757e+13 1.52093447e-03 7.482099e+02
6.137518e-02 1.450829e+13 1.58666234e-03 8.562827e+02
6.137518e-02 1.830738e+13 1.60522384e-03 9.668332e+02
6.137518e-02 2.310130e+13 1.61709531e-03 1.091656e+03
6.137518e-02 2.915053e+13 1.66539401e-03 1.249337e+03
6.137518e-02 3.678380e+13 1.66000550e-03 1.410633e+03
6.137518e-02 4.641589e+13 1.64378323e-03 1.592753e+03
6.137518e-02 5.857021e+13 1.61536261e-03 1.798386e+03
6.137518e-02 7.390722e+13 1.61650193e-03 2.058148e+03
6.137518e-02 9.326033e+13 1.55849885e-03 2.323865e+03
6.137518e-02 1.176812e+14 1.48474763e-03 2.623888e+03
6.137518e-02 1.484968e+14 1.43310570e-03 3.002888e+03
6.137518e-02 1.873817e+14 1.32476101e-03 3.390576e+03
6.137518e-02 2.364489e+14 1.23445837e-03 3.880317e+03
6.137518e-02 2.983647e+14 1.09507932e-03 4.381286e+03
6.137518e-02 3.764936e+14 9.46437646e-04 4.946932e+03
6.137518e-02 4.750810e+14 8.14975379e-04 5.661476e+03
6.137518e-02 5.994843e+14 6.58820388e-04 6.392402e+03
6.137518e-02 7.564633e+14 5.10289605e-04 7.217694e+03
6.137518e-02 9.545485e+14 3.86075629e-04 8.260231e+03
6.137518e-02 1.204504e+15 2.67851052e-04 9.326669e+03
6.137518e-02 1.519911e+15 1.73028916e-04 1.053079e+04
6.137518e-02 1.917910e+15 1.05359086e-04 1.205188e+04
6.137518e-02 2.420128e+15 5.63177137e-05 1.360784e+04
6.137518e-02 3.053856e+15 2.73642075e-05 1.557338e+04
6.137518e-02 3.853529e+15 1.11983723e-05 1.758398e+04
6.137518e-02 4.862602e+15 3.85084446e-06 1.985416e+04
6.137518e-02 6.135907e+15 1.09758888e-06 2.272193e+04
6.137518e-02 7.742637e+15 2.32617952e-07 2.565545e+04
6.137518e-02 9.770100e+15 3.61340120e-08 2.936118e+04
6.137518e-02 1.232847e+16 3.59750669e-09 3.315185e+04
6.137518e-02 1.555676e+16 2.15434385e-10 3.743193e+04
6.137518e-02 1.963041e+16 7.20165511e-12 4.283867e+04
6.137518e-02 2.477076e+16 1.13255056e-13 4.836936e+04
6.137518e-02 3.125716e+16 7.68166858e-16 5.535592e+04
6.137518e-02 3.944206e+16 1.78414887e-18 6.250265e+04
6.137518e-02 4.977024e+16 1.19204505e-21 7.153065e+04
6.137518e-02 6.280291e+16 1.61002419e-25 8.076563e+04
6.137518e-02 7.924829e+16 3.13356909e-30 9.243157e+04
6.137518e-02 1.000000e+17 4.97594314e-36 1.043650e+05
6.581126e-02 1.261857e+07 1.48477871e-04 4.666006e-01
6.581126e-02 1.592283e+07 1.57253613e-04 5.339973e-01
6.581126e-02 2.009233e+07 1.62146768e-04 6.029391e-01
6.581126e-02 2.535364e+07 1.67226148e-04 6.807816e-01
6.581126e-02 3.199267e+07 1.77217962e-04 7.791150e-01
6.581126e-02 4.037017e+07 1.82844598e-04 8.797027e-01
6.581126e-02 5.094138e+07 1.93849871e-04 1.006769e+00
6.581126e-02 6.428073e+07 2.00087973e-04 1.136748e+00
6.581126e-02 8.111308e+07 2.06570287e-04 1.283508e+00
6.581126e-02 1.023531e+08 2.19141884e-04 1.468900e+00
6.581126e-02 1.291550e+08 2.26337527e-04 1.658542e+00
6.581126e-02 1.629751e+08 2.33819412e-04 1.872669e+00
6.581126e-02 2.056512e+08 2.48208405e-04 2.143160e+00
6.581126e-02 2.595024e+08 2.56523486e-04 2.419853e+00
6.581126e-02 3.274549e+08 2.65174328e-04 2.732269e+00
6.581126e-02 4.132012e+08 2.81675054e-04 3.126923e+00
6.581126e-02 5.214008e+08 2.91299937e-04 3.530625e+00
6.581126e-02 6.579332e+08 3.01318723e-04 3.986446e+00
6.581126e-02 8.302176e+08 3.20275768e-04 4.562256e+00
6.581126e-02 1.047616e+09 3.31433475e-04 5.151267e+00
6.581126e-02 1.321941e+09 3.43052926e-04 5.816322e+00
6.581126e-02 1.668101e+09 3.64868460e-04 6.656443e+00
6.581126e-02 2.104904e+09 3.77818663e-04 7.515823e+00
6.581126e-02 2.656088e+09 3.91309006e-04 8.486155e+00
6.581126e-02 3.351603e+09 4.16449943e-04 9.711911e+00
6.581126e-02 4.229243e+09 4.31492125e-04 1.096577e+01
6.581126e-02 5.336699e+09 4.47163710e-04 1.238151e+01
6.581126e-02 6.734151e+09 4.63490839e-04 1.398002e+01
6.581126e-02 8.497534e+09 4.93642257e-04 1.599932e+01
6.581126e-02 1.072267e+10 5.11845598e-04 1.806492e+01
6.581126e-02 1.353048e+10 5.30805801e-04 2.039719e+01
6.581126e-02 1.707353e+10 5.65609100e-04 2.334340e+01
6.581126e-02 2.154435e+10 5.86729865e-04 2.635715e+01
6.581126e-02 2.718588e+10 6.08714469e-04 2.975999e+01
6.581126e-02 3.430469e+10 6.31590531e-04 3.360216e+01
6.581126e-02 4.328761e+10 6.73309803e-04 3.845572e+01
6.581126e-02 5.462277e+10 6.98722975e-04 4.342055e+01
6.581126e-02 6.892612e+10 7.25127583e-04 4.902636e+01
6.581126e-02 8.697490e+10 7.73126179e-04 5.610783e+01
6.581126e-02 1.097499e+11 8.02347220e-04 6.335163e+01
6.581126e-02 1.384886e+11 8.32634697e-04 7.153065e+01
6.581126e-02 1.747528e+11 8.63993198e-04 8.076563e+01
6.581126e-02 2.205131e+11 9.20937194e-04 9.243157e+01
6.581126e-02 2.782559e+11 9.55333870e-04 1.043650e+02
6.581126e-02 3.511192e+11 9.90788639e-04 1.178390e+02
6.581126e-02 4.430621e+11 1.05535790e-03 1.348599e+02
6.581126e-02 5.590810e+11 1.09381534e-03 1.522710e+02
6.581126e-02 7.054802e+11 1.13317957e-03 1.719300e+02
6.581126e-02 8.902151e+11 1.17334522e-03 1.941270e+02
6.581126e-02 1.123324e+12 1.24738595e-03 2.221671e+02
6.581126e-02 1.417474e+12 1.28984495e-03 2.508500e+02
6.581126e-02 1.788650e+12 1.33259800e-03 2.832360e+02
6.581126e-02 2.257020e+12 1.41299830e-03 3.241471e+02
6.581126e-02 2.848036e+12 1.45665231e-03 3.659962e+02
6.581126e-02 3.593814e+12 1.49961289e-03 4.132482e+02
6.581126e-02 4.534879e+12 1.54141066e-03 4.666006e+02
6.581126e-02 5.722368e+12 1.62474719e-03 5.339973e+02
6.581126e-02 7.220809e+12 1.66349699e-03 6.029391e+02
6.581126e-02 9.111628e+12 1.69904851e-03 6.807816e+02
6.581126e-02 1.149757e+13 1.77784857e-03 7.791150e+02
6.581126e-02 1.450829e+13 1.80495284e-03 8.797027e+02
6.581126e-02 1.830738e+13 1.82567474e-03 9.932768e+02
6.581126e-02 2.310130e+13 1.88902649e-03 1.136748e+03
6.581126e-02 2.915053e+13 1.89314797e-03 1.283508e+03
6.581126e-02 3.678380e+13 1.88645893e-03 1.449215e+03
6.581126e-02 4.641589e+13 1.91847388e-03 1.658542e+03
6.581126e-02 5.857021e+13 1.88459686e-03 1.872669e+03
6.581126e-02 7.390722e+13 1.83494392e-03 2.114440e+03
6.581126e-02 9.326033e+13 1.81662596e-03 2.419853e+03
6.581126e-02 1.176812e+14 1.72973176e-03 2.732269e+03
6.581126e-02 1.484968e+14 1.62413454e-03 3.085019e+03
6.581126e-02 1.873817e+14 1.54134921e-03 3.530625e+03
6.581126e-02 2.364489e+14 1.39695087e-03 3.986446e+03
6.581126e-02 2.983647e+14 1.23811935e-03 4.501117e+03
6.581126e-02 3.764936e+14 1.09820749e-03 5.151267e+03
6.581126e-02 4.750810e+14 9.19411588e-04 5.816322e+03
6.581126e-02 5.994843e+14 7.42246823e-04 6.567239e+03
6.581126e-02 7.564633e+14 5.89716611e-04 7.515823e+03
6.581126e-02 9.545485e+14 4.33512570e-04 8.486155e+03
6.581126e-02 1.204504e+15 3.00137026e-04 9.581761e+03
6.581126e-02 1.519911e+15 1.98706658e-04 1.096577e+04
6.581126e-02 1.917910e+15 1.17440884e-04 1.238151e+04
6.581126e-02 2.420128e+15 6.42797229e-05 1.416991e+04
6.581126e-02 3.053856e+15 3.02836149e-05 1.599932e+04
6.581126e-02 3.853529e+15 1.23366634e-05 1.806492e+04
6.581126e-02 4.862602e+15 4.33486287e-06 2.067425e+04
6.581126e-02 6.135907e+15 1.19496064e-06 2.334340e+04
6.581126e-02 7.742637e+15 2.58187929e-07 2.671516e+04
6.581126e-02 9.770100e+15 3.86779800e-08 3.016423e+04
6.581126e-02 1.232847e+16 3.80785314e-09 3.405858e+04
6.581126e-02 1.555676e+16 2.31111777e-10 3.897807e+04
6.581126e-02 1.963041e+16 7.39784622e-12 4.401034e+04
6.581126e-02 2.477076e+16 1.17184782e-13 5.036727e+04
6.581126e-02 3.125716e+16 7.55478117e-16 5.686995e+04
6.581126e-02 3.944206e+16 1.75176668e-18 6.508435e+04
6.581126e-02 4.977024e+16 1.10053297e-21 7.348707e+04
6.581126e-02 6.280291e+16 1.42542464e-25 8.297463e+04
6.581126e-02 7.924829e+16 2.63618410e-30 9.495964e+04
6.581126e-02 1.000000e+17 3.93205125e-36 1.072194e+05
7.056797e-02 1.261857e+07 1.73986884e-04 4.858738e-01
7.056797e-02 1.592283e+07 1.84270098e-04 5.560543e-01
7.056797e-02 2.009233e+07 1.90003640e-04 6.278437e-01
7.056797e-02 2.535364e+07 1.95955353e-04 7.089016e-01
7.056797e-02 3.199267e+07 2.07663388e-04 8.112967e-01
7.056797e-02 4.037017e+07 2.14256250e-04 9.160392e-01
7.056797e-02 5.094138e+07 2.21104316e-04 1.034305e+00
7.056797e-02 6.428073e+07 2.34460904e-04 1.183701e+00
7.056797e-02 8.111308e+07 2.42056197e-04 1.336523e+00
7.056797e-02 1.023531e+08 2.49950374e-04 1.509075e+00
7.056797e-02 1.291550e+08 2.65217640e-04 1.727049e+00
7.056797e-02 1.629751e+08 2.73983857e-04 1.950020e+00
7.056797e-02 2.056512e+08 2.83100469e-04 2.201778e+00
7.056797e-02 2.595024e+08 3.00585687e-04 2.519806e+00
7.056797e-02 3.274549e+08 3.10721143e-04 2.845126e+00
7.056797e-02 4.132012e+08 3.21267631e-04 3.212447e+00
7.056797e-02 5.214008e+08 3.41330868e-04 3.676459e+00
7.056797e-02 6.579332e+08 3.53068484e-04 4.151108e+00
7.056797e-02 8.302176e+08 3.65288190e-04 4.687038e+00
7.056797e-02 1.047616e+09 3.88350552e-04 5.364042e+00
7.056797e-02 1.321941e+09 4.01962666e-04 6.056568e+00
7.056797e-02 1.668101e+09 4.16139512e-04 6.838501e+00
7.056797e-02 2.104904e+09 4.42691636e-04 7.826267e+00
7.056797e-02 2.656088e+09 4.58494365e-04 8.836679e+00
7.056797e-02 3.351603e+09 4.74956857e-04 9.977539e+00
7.056797e-02 4.229243e+09 4.92107345e-04 1.126569e+01
7.056797e-02 5.336699e+09 5.23923090e-04 1.289293e+01
7.056797e-02 6.734151e+09 5.43046507e-04 1.455747e+01
7.056797e-02 8.497534e+09 5.62968268e-04 1.643692e+01
7.056797e-02 1.072267e+10 5.99685197e-04 1.881109e+01
7.056797e-02 1.353048e+10 6.21889964e-04 2.123970e+01
7.056797e-02 1.707353e+10 6.45013094e-04 2.398186e+01
7.056797e-02 2.154435e+10 6.69087275e-04 2.707804e+01
7.056797e-02 2.718588e+10 7.13130091e-04 3.098924e+01
7.056797e-02 3.430469e+10 7.39915087e-04 3.499011e+01
7.056797e-02 4.328761e+10 7.67773041e-04 3.950751e+01
7.056797e-02 5.462277e+10 8.18523761e-04 4.521405e+01
7.056797e-02 6.892612e+10 8.49433562e-04 5.105142e+01
7.056797e-02 8.697490e+10 8.81524504e-04 5.764242e+01
7.056797e-02 1.097499e+11 9.14814603e-04 6.508435e+01
7.056797e-02 1.384886e+11 9.75280584e-04 7.448526e+01
7.056797e-02 1.747528e+11 1.01197489e-03 8.410168e+01
7.056797e-02 2.205131e+11 1.04991381e-03 9.495964e+01
7.056797e-02 2.782559e+11 1.11886846e-03 1.086758e+02
7.056797e-02 3.511192e+11 1.16033849e-03 1.227064e+02
7.056797e-02 4.430621e+11 1.20299191e-03 1.385484e+02
7.056797e-02 5.590810e+11 1.24676031e-03 1.564357e+02
7.056797e-02 7.054802e+11 1.32687576e-03 1.790316e+02
7.056797e-02 8.902151e+11 1.37381648e-03 2.021455e+02
7.056797e-02 1.123324e+12 1.42152243e-03 2.282435e+02
7.056797e-02 1.417474e+12 1.46979280e-03 2.577109e+02
7.056797e-02 1.788650e+12 1.55990790e-03 2.949352e+02
7.056797e-02 2.257020e+12 1.60983542e-03 3.330128e+02
7.056797e-02 2.848036e+12 1.65939764e-03 3.760065e+02
7.056797e-02 3.593814e+12 1.75486083e-03 4.303176e+02
7.056797e-02 4.534879e+12 1.80354518e-03 4.858738e+02
7.056797e-02 5.722368e+12 1.85018529e-03 5.486025e+02
7.056797e-02 7.220809e+12 1.94582330e-03 6.278437e+02
7.056797e-02 9.111628e+12 1.98707051e-03 7.089016e+02
7.056797e-02 1.149757e+13 2.02349290e-03 8.004244e+02
7.056797e-02 1.450829e+13 2.05391273e-03 9.037633e+02
7.056797e-02 1.830738e+13 2.13381812e-03 1.034305e+03
7.056797e-02 2.310130e+13 2.14852784e-03 1.167839e+03
7.056797e-02 2.915053e+13 2.15259466e-03 1.318612e+03
7.056797e-02 3.678380e+13 2.20294614e-03 1.509075e+03
7.056797e-02 4.641589e+13 2.17990230e-03 1.703905e+03
7.056797e-02 5.857021e+13 2.14054275e-03 1.923888e+03
7.056797e-02 7.390722e+13 2.14017603e-03 2.201778e+03
7.056797e-02 9.326033e+13 2.06134645e-03 2.486038e+03
7.056797e-02 1.176812e+14 1.96161171e-03 2.806999e+03
7.056797e-02 1.484968e+14 1.89099670e-03 3.212447e+03
7.056797e-02 1.873817e+14 1.74553507e-03 3.627190e+03
7.056797e-02 2.364489e+14 1.58067258e-03 4.095479e+03
7.056797e-02 2.983647e+14 1.43788411e-03 4.687038e+03
7.056797e-02 3.764936e+14 1.24007793e-03 5.292158e+03
7.056797e-02 4.750810e+14 1.03687531e-03 5.975403e+03
7.056797e-02 5.994843e+14 8.58724166e-04 6.838501e+03
7.056797e-02 7.564633e+14 6.62985025e-04 7.721387e+03
7.056797e-02 9.545485e+14 4.86432325e-04 8.718257e+03
7.056797e-02 1.204504e+15 3.45211430e-04 9.977539e+03
7.056797e-02 1.519911e+15 2.21883810e-04 1.126569e+04
7.056797e-02 1.917910e+15 1.34315879e-04 1.289293e+04
7.056797e-02 2.420128e+15 7.13039440e-05 1.455747e+04
7.056797e-02 3.053856e+15 3.34525919e-05 1.643692e+04
7.056797e-02 3.853529e+15 1.39316045e-05 1.881109e+04
7.056797e-02 4.862602e+15 4.73733700e-06 2.123970e+04
7.056797e-02 6.135907e+15 1.29690261e-06 2.398186e+04
7.056797e-02 7.742637e+15 2.77899638e-07 2.744584e+04
7.056797e-02 9.770100e+15 4.12167657e-08 3.098924e+04
7.056797e-02 1.232847e+16 4.11868374e-09 3.546539e+04
7.056797e-02 1.555676e+16 2.39789229e-10 4.004415e+04
7.056797e-02 1.963041e+16 7.74744824e-12 4.582820e+04
7.056797e-02 2.477076e+16 1.16937947e-13 5.174486e+04
7.056797e-02 3.125716e+16 7.34798317e-16 5.842538e+04
7.056797e-02 3.944206e+16 1.65199115e-18 6.686446e+04
7.056797e-02 4.977024e+16 9.99865762e-22 7.549700e+04
7.056797e-02 6.280291e+16 1.27167735e-25 8.640193e+04
7.056797e-02 7.924829e+16 2.16658847e-30 9.755686e+04
7.056797e-02 1.000000e+17 3.10323655e-36 1.116482e+05
7.566848e-02 1.261857e+07 2.03982567e-04 5.059430e-01
7.566848e-02 1.592283e+07 2.10286826e-04 5.712628e-01
7.566848e-02 2.009233e+07 2.22759999e-04 6.537771e-01
7.566848e-02 2.535364e+07 2.29737388e-04 7.381830e-01
7.566848e-02 3.199267e+07 2.36981757e-04 8.334862e-01
7.566848e-02 4.037017e+07 2.51192303e-04 9.538766e-01
7.566848e-02 5.094138e+07 2.59220329e-04 1.077027e+00
7.566848e-02 6.428073e+07 2.74878760e-04 1.232595e+00
7.566848e-02 8.111308e+07 2.83782598e-04 1.391729e+00
7.566848e-02 1.023531e+08 2.93036720e-04 1.571408e+00
7.566848e-02 1.291550e+08 3.10934733e-04 1.798386e+00
7.566848e-02 1.629751e+08 3.21210887e-04 2.030566e+00
7.566848e-02 2.056512e+08 3.31897656e-04 2.292723e+00
7.566848e-02 2.595024e+08 3.52395262e-04 2.623888e+00
7.566848e-02 3.274549e+08 3.64276018e-04 2.962645e+00
7.566848e-02 4.132012e+08 3.76638393e-04 3.345138e+00
7.566848e-02 5.214008e+08 3.89504154e-04 3.777013e+00
7.566848e-02 6.579332e+08 4.13915507e-04 4.322572e+00
7.566848e-02 8.302176e+08 4.28238425e-04 4.880638e+00
7.566848e-02 1.047616e+09 4.43151487e-04 5.510753e+00
7.566848e-02 1.321941e+09 4.71226321e-04 6.306737e+00
7.566848e-02 1.668101e+09 4.87842133e-04 7.120968e+00
7.566848e-02 2.104904e+09 5.05148615e-04 8.040322e+00
7.566848e-02 2.656088e+09 5.37485244e-04 9.201681e+00
7.566848e-02 3.351603e+09 5.56778327e-04 1.038967e+01
7.566848e-02 4.229243e+09 5.76877061e-04 1.173102e+01
7.566848e-02 5.336699e+09 5.97815392e-04 1.324556e+01
7.566848e-02 6.734151e+09 6.36575318e-04 1.515877e+01
7.566848e-02 8.497534e+09 6.59919116e-04 1.711585e+01
7.566848e-02 1.072267e+10 6.84234404e-04 1.932559e+01
7.566848e-02 1.353048e+10 7.09558390e-04 2.182063e+01
7.566848e-02 1.707353e+10 7.56056611e-04 2.497244e+01
7.566848e-02 2.154435e+10 7.84260569e-04 2.819651e+01
7.566848e-02 2.718588e+10 8.13614679e-04 3.183682e+01
7.566848e-02 3.430469e+10 8.67243534e-04 3.643539e+01
7.566848e-02 4.328761e+10 8.99873943e-04 4.113939e+01
7.566848e-02 5.462277e+10 9.33791947e-04 4.645069e+01
7.566848e-02 6.892612e+10 9.69027431e-04 5.244771e+01
7.566848e-02 8.697490e+10 1.03311005e-03 6.002336e+01
7.566848e-02 1.097499e+11 1.07208928e-03 6.777268e+01
7.566848e-02 1.384886e+11 1.11248235e-03 7.652248e+01
7.566848e-02 1.747528e+11 1.15429384e-03 8.640193e+01
7.566848e-02 2.205131e+11 1.23027063e-03 9.888199e+01
7.566848e-02 2.782559e+11 1.27610758e-03 1.116482e+02
7.566848e-02 3.511192e+11 1.32333919e-03 1.260625e+02
7.566848e-02 4.430621e+11 1.40943223e-03 1.442712e+02
7.566848e-02 5.590810e+11 1.46062446e-03 1.628974e+02
7.566848e-02 7.054802e+11 1.51299973e-03 1.839282e+02
7.566848e-02 8.902151e+11 1.56641356e-03 2.076743e+02
7.566848e-02 1.123324e+12 1.66500830e-03 2.376712e+02
7.566848e-02 1.417474e+12 1.72140009e-03 2.683558e+02
7.566848e-02 1.788650e+12 1.77813766e-03 3.030019e+02
7.566848e-02 2.257020e+12 1.83486208e-03 3.421210e+02
7.566848e-02 2.848036e+12 1.94286357e-03 3.915376e+02
7.566848e-02 3.593814e+12 1.99968701e-03 4.420871e+02
7.566848e-02 4.534879e+12 2.05488340e-03 4.991628e+02
7.566848e-02 5.722368e+12 2.16535377e-03 5.712628e+02
7.566848e-02 7.220809e+12 2.21628804e-03 6.450157e+02
7.566848e-02 9.111628e+12 2.26285310e-03 7.282906e+02
7.566848e-02 1.149757e+13 2.36687443e-03 8.334862e+02
7.566848e-02 1.450829e+13 2.40191459e-03 9.410936e+02
7.566848e-02 1.830738e+13 2.42831692e-03 1.062594e+03
7.566848e-02 2.310130e+13 2.44437470e-03 1.199780e+03
7.566848e-02 2.915053e+13 2.51520087e-03 1.373078e+03
7.566848e-02 3.678380e+13 2.50463576e-03 1.550350e+03
7.566848e-02 4.641589e+13 2.47747186e-03 1.750508e+03
7.566848e-02 5.857021e+13 2.49818615e-03 2.003355e+03
7.566848e-02 7.390722e+13 2.43006875e-03 2.261998e+03
7.566848e-02 9.326033e+13 2.33926826e-03 2.554033e+03
7.566848e-02 1.176812e+14 2.28554530e-03 2.922943e+03
7.566848e-02 1.484968e+14 2.14309846e-03 3.300310e+03
7.566848e-02 1.873817e+14 1.97666020e-03 3.726396e+03
7.566848e-02 2.364489e+14 1.83725080e-03 4.264644e+03
7.566848e-02 2.983647e+14 1.62510165e-03 4.815232e+03
7.566848e-02 3.764936e+14 1.39987703e-03 5.436903e+03
7.566848e-02 4.750810e+14 1.20086721e-03 6.222219e+03
7.566848e-02 5.994843e+14 9.66548743e-04 7.025540e+03
7.566848e-02 7.564633e+14 7.44886890e-04 7.932573e+03
7.566848e-02 9.545485e+14 5.60301772e-04 9.078369e+03
7.566848e-02 1.204504e+15 3.86113826e-04 1.025043e+04
7.566848e-02 1.519911e+15 2.47475851e-04 1.157382e+04
7.566848e-02 1.917910e+15 1.49316003e-04 1.324556e+04
7.566848e-02 2.420128e+15 7.89624668e-05 1.495563e+04
7.566848e-02 3.053856e+15 3.78874158e-05 1.711585e+04
7.566848e-02 3.853529e+15 1.52771319e-05 1.932559e+04
7.566848e-02 4.862602e+15 5.16238310e-06 2.182063e+04
7.566848e-02 6.135907e+15 1.44112009e-06 2.497244e+04
7.566848e-02 7.742637e+15 2.97904173e-07 2.819651e+04
7.566848e-02 9.770100e+15 4.49052695e-08 3.226926e+04
7.566848e-02 1.232847e+16 4.31120684e-09 3.643539e+04
7.566848e-02 1.555676e+16 2.47068752e-10 4.113939e+04
7.566848e-02 1.963041e+16 7.83194194e-12 4.708164e+04
7.566848e-02 2.477076e+16 1.15527985e-13 5.316012e+04
7.566848e-02 3.125716e+16 7.25443027e-16 6.083867e+04
7.566848e-02 3.944206e+16 1.53550998e-18 6.869325e+04
7.566848e-02 4.977024e+16 9.17143026e-22 7.861543e+04
7.566848e-02 6.280291e+16 1.08139171e-25 8.876509e+04
7.566848e-02 7.924829e+16 1.78362867e-30 1.015865e+05
7.566848e-02 1.000000e+17 2.31201506e-36 1.147018e+05
8.113765e-02 1.261857e+07 2.39278749e-04 5.268411e-01
8.113765e-02 1.592283e+07 2.46673498e-04 5.948590e-01
8.113765e-02 2.009233e+07 2.61304513e-04 6.807816e-01
8.113765e-02 2.535364e+07 2.69488712e-04 7.686740e-01
8.113765e-02 3.199267e+07 2.77986000e-04 8.679137e-01
8.113765e-02 4.037017e+07 2.94654689e-04 9.932768e-01
8.113765e-02 5.094138e+07 3.04071004e-04 1.121514e+00
8.113765e-02 6.428073e+07 3.13853662e-04 1.266307e+00
8.113765e-02 8.111308e+07 3.32881173e-04 1.449215e+00
8.113765e-02 1.023531e+08 3.43735274e-04 1.636316e+00
8.113765e-02 1.291550e+08 3.55018514e-04 1.847573e+00
8.113765e-02 1.629751e+08 3.76781083e-04 2.114440e+00
8.113765e-02 2.056512e+08 3.89315048e-04 2.387425e+00
8.113765e-02 2.595024e+08 4.02352154e-04 2.695653e+00
8.113765e-02 3.274549e+08 4.15915105e-04 3.043676e+00
8.113765e-02 4.132012e+08 4.41789219e-04 3.483310e+00
8.113765e-02 5.214008e+08 4.56877830e-04 3.933024e+00
8.113765e-02 6.579332e+08 4.72583109e-04 4.440797e+00
8.113765e-02 8.302176e+08 5.02305473e-04 5.082234e+00
8.113765e-02 1.047616e+09 5.19794015e-04 5.738377e+00
8.113765e-02 1.321941e+09 5.38005084e-04 6.479231e+00
8.113765e-02 1.668101e+09 5.72204327e-04 7.415103e+00
8.113765e-02 2.104904e+09 5.92498066e-04 8.372431e+00
8.113765e-02 2.656088e+09 6.13636492e-04 9.453354e+00
8.113765e-02 3.351603e+09 6.35656090e-04 1.067383e+01
8.113765e-02 4.229243e+09 6.76607469e-04 1.221558e+01
8.113765e-02 5.336699e+09 7.01156676e-04 1.379267e+01
8.113765e-02 6.734151e+09 7.26729926e-04 1.557338e+01
8.113765e-02 8.497534e+09 7.53368560e-04 1.758398e+01
8.113765e-02 1.072267e+10 8.02478588e-04 2.012384e+01
8.113765e-02 1.353048e+10 8.32164397e-04 2.272193e+01
8.113765e-02 1.707353e+10 8.63074705e-04 2.565545e+01
8.113765e-02 2.154435e+10 9.19738502e-04 2.936118e+01
8.113765e-02 2.718588e+10 9.54142416e-04 3.315185e+01
8.113765e-02 3.430469e+10 9.89934363e-04 3.743193e+01
8.113765e-02 4.328761e+10 1.02715456e-03 4.226458e+01
8.113765e-02 5.462277e+10 1.09499178e-03 4.836936e+01
8.113765e-02 6.892612e+10 1.13627551e-03 5.461409e+01
8.113765e-02 8.697490e+10 1.17912852e-03 6.166505e+01
8.113765e-02 1.097499e+11 1.22357340e-03 6.962632e+01
8.113765e-02 1.384886e+11 1.30435001e-03 7.968328e+01
8.113765e-02 1.747528e+11 1.35331573e-03 8.997080e+01
8.113765e-02 2.205131e+11 1.40392789e-03 1.015865e+02
8.113765e-02 2.782559e+11 1.45616245e-03 1.147018e+02
8.113765e-02 3.511192e+11 1.55127553e-03 1.312696e+02
8.113765e-02 4.430621e+11 1.60811678e-03 1.482171e+02
8.113765e-02 5.590810e+11 1.66641819e-03 1.673527e+02
8.113765e-02 7.054802e+11 1.77326038e-03 1.915255e+02
8.113765e-02 8.902151e+11 1.83572131e-03 2.162524e+02
8.113765e-02 1.123324e+12 1.89915975e-03 2.441717e+02
8.113765e-02 1.417474e+12 1.96330144e-03 2.756955e+02
8.113765e-02 1.788650e+12 2.08326987e-03 3.155175e+02
8.113765e-02 2.257020e+12 2.14949064e-03 3.562524e+02
8.113765e-02 2.848036e+12 2.21514897e-03 4.022464e+02
8.113765e-02 3.593814e+12 2.27963145e-03 4.541785e+02
8.113765e-02 4.534879e+12 2.40627163e-03 5.197809e+02
8.113765e-02 5.722368e+12 2.46772701e-03 5.868873e+02
8.113765e-02 7.220809e+12 2.52532130e-03 6.626574e+02
8.113765e-02 9.111628e+12 2.64837509e-03 7.583729e+02
8.113765e-02 1.149757e+13 2.69577898e-03 8.562827e+02
8.113765e-02 1.450829e+13 2.73502236e-03 9.668332e+02
8.113765e-02 1.830738e+13 2.76433825e-03 1.091656e+03
8.113765e-02 2.310130e+13 2.85786396e-03 1.249337e+03
8.113765e-02 2.915053e+13 2.86142155e-03 1.410633e+03
8.113765e-02 3.678380e+13 2.84833321e-03 1.592753e+03
8.113765e-02 4.641589e+13 2.89328549e-03 1.822813e+03
8.113765e-02 5.857021e+13 2.83846800e-03 2.058148e+03
8.113765e-02 7.390722e+13 2.75961051e-03 2.323865e+03
8.113765e-02 9.326033e+13 2.72752627e-03 2.659529e+03
8.113765e-02 1.176812e+14 2.59219402e-03 3.002888e+03
8.113765e-02 1.484968e+14 2.42878342e-03 3.390576e+03
8.113765e-02 1.873817e+14 2.29943925e-03 3.880317e+03
8.113765e-02 2.364489e+14 2.07832081e-03 4.381286e+03
8.113765e-02 2.983647e+14 1.83627526e-03 4.946932e+03
8.113765e-02 3.764936e+14 1.62296546e-03 5.661476e+03
8.113765e-02 4.750810e+14 1.35318622e-03 6.392402e+03
8.113765e-02 5.994843e+14 1.08730868e-03 7.217694e+03
8.113765e-02 7.564633e+14 8.59196766e-04 8.260231e+03
8.113765e-02 9.545485e+14 6.27665109e-04 9.326669e+03
8.113765e-02 1.204504e+15 4.31407283e-04 1.053079e+04
8.113765e-02 1.519911e+15 2.83206903e-04 1.205188e+04
8.113765e-02 1.917910e+15 1.65736155e-04 1.360784e+04
8.113765e-02 2.420128e+15 8.96697763e-05 1.557338e+04
8.113765e-02 3.053856e+15 4.16759599e-05 1.758398e+04
8.113765e-02 3.853529e+15 1.67087532e-05 1.985416e+04
8.113765e-02 4.862602e+15 5.76143470e-06 2.272193e+04
8.113765e-02 6.135907e+15 1.55297038e-06 2.565545e+04
8.113765e-02 7.742637e+15 3.17940904e-07 2.896770e+04
8.113765e-02 9.770100e+15 4.73709614e-08 3.315185e+04
8.113765e-02 1.232847e+16 4.48436467e-09 3.743193e+04
8.113765e-02 1.555676e+16 2.59563542e-10 4.283867e+04
8.113765e-02 1.963041e+16 7.84591638e-12 4.836936e+04
8.113765e-02 2.477076e+16 1.15987405e-13 5.535592e+04
8.113765e-02 3.125716e+16 6.88083797e-16 6.250265e+04
8.113765e-02 3.944206e+16 1.40498970e-18 7.057206e+04
8.113765e-02 4.977024e+16 8.03537034e-22 8.076563e+04
8.113765e-02 6.280291e+16 8.98886391e-26 9.119288e+04
8.113765e-02 7.924829e+16 1.39054960e-30 1.043650e+05
8.113765e-02 1.000000e+17 1.66622676e-36 1.178390e+05
8.700213e-02 1.261857e+07 2.80842606e-04 5.486025e-01
8.700213e-02 1.592283e+07 2.89521385e-04 6.194299e-01
8.700213e-02 2.009233e+07 2.98528312e-04 6.994015e-01
8.700213e-02 2.535364e+07 3.16298452e-04 8.004244e-01
8.700213e-02 3.199267e+07 3.26270977e-04 9.037633e-01
8.700213e-02 4.037017e+07 3.36627086e-04 1.020444e+00
8.700213e-02 5.094138e+07 3.56884992e-04 1.167839e+00
8.700213e-02 6.428073e+07 3.68365705e-04 1.318612e+00
8.700213e-02 8.111308e+07 3.80295395e-04 1.488852e+00
8.700213e-02 1.023531e+08 4.03434605e-04 1.703905e+00
8.700213e-02 1.291550e+08 4.16675889e-04 1.923888e+00
8.700213e-02 1.629751e+08 4.30443233e-04 2.172271e+00
8.700213e-02 2.056512e+08 4.44760286e-04 2.452723e+00
8.700213e-02 2.595024e+08 4.72223652e-04 2.806999e+00
8.700213e-02 3.274549e+08 4.88139284e-04 3.169396e+00
8.700213e-02 4.132012e+08 5.04699523e-04 3.578582e+00
8.700213e-02 5.214008e+08 5.36208716e-04 4.095479e+00
8.700213e-02 6.579332e+08 5.54637214e-04 4.624226e+00
8.700213e-02 8.302176e+08 5.73821416e-04 5.221237e+00
8.700213e-02 1.047616e+09 6.10035889e-04 5.975403e+00
8.700213e-02 1.321941e+09 6.31403125e-04 6.746858e+00
8.700213e-02 1.668101e+09 6.53655119e-04 7.617912e+00
8.700213e-02 2.104904e+09 6.76830731e-04 8.601423e+00
8.700213e-02 2.656088e+09 7.20142281e-04 9.843829e+00
8.700213e-02 3.351603e+09 7.45974894e-04 1.111472e+01
8.700213e-02 4.229243e+09 7.72884310e-04 1.254968e+01
8.700213e-02 5.336699e+09 8.00915661e-04 1.416991e+01
8.700213e-02 6.734151e+09 8.52819328e-04 1.621664e+01
8.700213e-02 8.497534e+09 8.84065592e-04 1.831029e+01
8.700213e-02 1.072267e+10 9.16609049e-04 2.067425e+01
8.700213e-02 1.353048e+10 9.50498964e-04 2.334340e+01
8.700213e-02 1.707353e+10 1.01274666e-03 2.671516e+01
8.700213e-02 2.154435e+10 1.05048171e-03 3.016423e+01
8.700213e-02 2.718588e+10 1.08975029e-03 3.405858e+01
8.700213e-02 3.430469e+10 1.13060005e-03 3.845572e+01
8.700213e-02 4.328761e+10 1.20516092e-03 4.401034e+01
8.700213e-02 5.462277e+10 1.25051304e-03 4.969230e+01
8.700213e-02 6.892612e+10 1.29761779e-03 5.610783e+01
8.700213e-02 8.697490e+10 1.38333579e-03 6.421215e+01
8.700213e-02 1.097499e+11 1.43542255e-03 7.250226e+01
8.700213e-02 1.384886e+11 1.48938495e-03 8.186268e+01
8.700213e-02 1.747528e+11 1.54522672e-03 9.243157e+01
8.700213e-02 2.205131e+11 1.64677845e-03 1.057826e+02
8.700213e-02 2.782559e+11 1.70795671e-03 1.194396e+02
8.700213e-02 3.511192e+11 1.77097245e-03 1.348599e+02
8.700213e-02 4.430621e+11 1.83574668e-03 1.522710e+02
8.700213e-02 5.590810e+11 1.95419416e-03 1.742653e+02
8.700213e-02 7.054802e+11 2.02397202e-03 1.967639e+02
8.700213e-02 8.902151e+11 2.09509017e-03 2.221671e+02
8.700213e-02 1.123324e+12 2.16729521e-03 2.508500e+02
8.700213e-02 1.417474e+12 2.30154344e-03 2.870832e+02
8.700213e-02 1.788650e+12 2.37690433e-03 3.241471e+02
8.700213e-02 2.257020e+12 2.45216597e-03 3.659962e+02
8.700213e-02 2.848036e+12 2.59584654e-03 4.188614e+02
8.700213e-02 3.593814e+12 2.67102561e-03 4.729385e+02
8.700213e-02 4.534879e+12 2.74391277e-03 5.339973e+02
8.700213e-02 5.722368e+12 2.81349833e-03 6.029391e+02
8.700213e-02 7.220809e+12 2.95733758e-03 6.900288e+02
8.700213e-02 9.111628e+12 3.01822815e-03 7.791150e+02
8.700213e-02 1.149757e+13 3.07152402e-03 8.797027e+02
8.700213e-02 1.450829e+13 3.20062706e-03 1.006769e+03
8.700213e-02 1.830738e+13 3.23398859e-03 1.136748e+03
8.700213e-02 2.310130e+13 3.25333555e-03 1.283508e+03
8.700213e-02 2.915053e+13 3.25620433e-03 1.449215e+03
8.700213e-02 3.678380e+13 3.32861363e-03 1.658542e+03
8.700213e-02 4.641589e+13 3.28963842e-03 1.872669e+03
8.700213e-02 5.857021e+13 3.22567011e-03 2.114440e+03
8.700213e-02 7.390722e+13 3.21998731e-03 2.419853e+03
8.700213e-02 9.326033e+13 3.09582805e-03 2.732269e+03
8.700213e-02 1.176812e+14 2.94008287e-03 3.085019e+03
8.700213e-02 1.484968e+14 2.82775778e-03 3.530625e+03
8.700213e-02 1.873817e+14 2.60346155e-03 3.986446e+03
8.700213e-02 2.364489e+14 2.35061085e-03 4.501117e+03
8.700213e-02 2.983647e+14 2.13107620e-03 5.151267e+03
8.700213e-02 3.764936e+14 1.83084149e-03 5.816322e+03
8.700213e-02 4.750810e+14 1.52408826e-03 6.567239e+03
8.700213e-02 5.994843e+14 1.25583395e-03 7.515823e+03
8.700213e-02 7.564633e+14 9.63918516e-04 8.486155e+03
8.700213e-02 9.545485e+14 7.02457770e-04 9.581761e+03
8.700213e-02 1.204504e+15 4.94622924e-04 1.096577e+04
8.700213e-02 1.519911e+15 3.15026317e-04 1.238151e+04
8.700213e-02 1.917910e+15 1.83652188e-04 1.398002e+04
8.700213e-02 2.420128e+15 9.89183633e-05 1.599932e+04
8.700213e-02 3.053856e+15 4.57332307e-05 1.806492e+04
8.700213e-02 3.853529e+15 1.87207152e-05 2.067425e+04
8.700213e-02 4.862602e+15 6.23757098e-06 2.334340e+04
8.700213e-02 6.135907e+15 1.66675087e-06 2.635715e+04
8.700213e-02 7.742637e+15 3.46932909e-07 3.016423e+04
8.700213e-02 9.770100e+15 4.96861104e-08 3.405858e+04
8.700213e-02 1.232847e+16 4.75929666e-09 3.897807e+04
8.700213e-02 1.555676e+16 2.63258789e-10 4.401034e+04
8.700213e-02 1.963041e+16 7.78284716e-12 4.969230e+04
8.700213e-02 2.477076e+16 1.12015629e-13 5.686995e+04
8.700213e-02 3.125716e+16 6.43442207e-16 6.421215e+04
8.700213e-02 3.944206e+16 1.29837090e-18 7.348707e+04
8.700213e-02 4.977024e+16 6.89699239e-22 8.297463e+04
8.700213e-02 6.280291e+16 7.48877513e-26 9.495964e+04
8.700213e-02 7.924829e+16 1.05224489e-30 1.072194e+05
8.700213e-02 1.000000e+17 1.15826267e-36 1.210620e+05
9.329047e-02 1.261857e+07 3.21044046e-04 5.636072e-01
9.329047e-02 1.592283e+07 3.40016699e-04 6.450157e-01
9.329047e-02 2.009233e+07 3.50593823e-04 7.282906e-01
9.329047e-02 2.535364e+07 3.61573085e-04 8.223166e-01
9.329047e-02 3.199267e+07 3.83173234e-04 9.410936e-01
9.329047e-02 4.037017e+07 3.95334408e-04 1.062594e+00
9.329047e-02 5.094138e+07 4.07965853e-04 1.199780e+00
9.329047e-02 6.428073e+07 4.32605531e-04 1.373078e+00
9.329047e-02 8.111308e+07 4.46614082e-04 1.550350e+00
9.329047e-02 1.023531e+08 4.61173211e-04 1.750508e+00
9.329047e-02 1.291550e+08 4.76307558e-04 1.976507e+00
9.329047e-02 1.629751e+08 5.05500692e-04 2.261998e+00
9.329047e-02 2.056512e+08 5.22311653e-04 2.554033e+00
9.329047e-02 2.595024e+08 5.39796868e-04 2.883772e+00
9.329047e-02 3.274549e+08 5.73248064e-04 3.300310e+00
9.329047e-02 4.132012e+08 5.92691884e-04 3.726396e+00
9.329047e-02 5.214008e+08 6.12926255e-04 4.207493e+00
9.329047e-02 6.579332e+08 6.33986683e-04 4.750702e+00
9.329047e-02 8.302176e+08 6.73849862e-04 5.436903e+00
9.329047e-02 1.047616e+09 6.97299338e-04 6.138835e+00
9.329047e-02 1.321941e+09 7.21716302e-04 6.931390e+00
9.329047e-02 1.668101e+09 7.67578490e-04 7.932573e+00
9.329047e-02 2.104904e+09 7.94784585e-04 8.956708e+00
9.329047e-02 2.656088e+09 8.23121185e-04 1.011307e+01
9.329047e-02 3.351603e+09 8.52636896e-04 1.141871e+01
9.329047e-02 4.229243e+09 9.07542865e-04 1.306805e+01
9.329047e-02 5.336699e+09 9.40444034e-04 1.475521e+01
9.329047e-02 6.734151e+09 9.74714545e-04 1.666018e+01
9.329047e-02 8.497534e+09 1.01040929e-03 1.881109e+01
9.329047e-02 1.072267e+10 1.07623609e-03 2.152820e+01
9.329047e-02 1.353048e+10 1.11600519e-03 2.430761e+01
9.329047e-02 1.707353e+10 1.15740960e-03 2.744584e+01
9.329047e-02 2.154435e+10 1.20050622e-03 3.098924e+01
9.329047e-02 2.718588e+10 1.27941218e-03 3.546539e+01
9.329047e-02 3.430469e+10 1.32733451e-03 4.004415e+01
9.329047e-02 4.328761e+10 1.37716053e-03 4.521405e+01
9.329047e-02 5.462277e+10 1.42893857e-03 5.105142e+01
9.329047e-02 6.892612e+10 1.52326511e-03 5.842538e+01
9.329047e-02 8.697490e+10 1.58059604e-03 6.596840e+01
9.329047e-02 1.097499e+11 1.64004190e-03 7.448526e+01
9.329047e-02 1.384886e+11 1.70161967e-03 8.410168e+01
9.329047e-02 1.747528e+11 1.81361524e-03 9.624949e+01
9.329047e-02 2.205131e+11 1.88124852e-03 1.086758e+02
9.329047e-02 2.782559e+11 1.95102403e-03 1.227064e+02
9.329047e-02 3.511192e+11 2.02287985e-03 1.385484e+02
9.329047e-02 4.430621e+11 2.15407017e-03 1.585606e+02
9.329047e-02 5.590810e+11 2.23184181e-03 1.790316e+02
9.329047e-02 7.054802e+11 2.31134389e-03 2.021455e+02
9.329047e-02 8.902151e+11 2.45777768e-03 2.313438e+02
9.329047e-02 1.123324e+12 2.54223310e-03 2.612114e+02
9.329047e-02 1.417474e+12 2.62755074e-03 2.949352e+02
9.329047e-02 1.788650e+12 2.71326711e-03 3.330128e+02
9.329047e-02 2.257020e+12 2.87536784e-03 3.811138e+02
9.329047e-02 2.848036e+12 2.96239008e-03 4.303176e+02
9.329047e-02 3.593814e+12 3.04770948e-03 4.858738e+02
9.329047e-02 4.534879e+12 3.13033809e-03 5.486025e+02
9.329047e-02 5.722368e+12 3.29688749e-03 6.278437e+02
9.329047e-02 7.220809e+12 3.37247559e-03 7.089016e+02
9.329047e-02 9.111628e+12 3.44111798e-03 8.004244e+02
9.329047e-02 1.149757e+13 3.59673918e-03 9.160392e+02
9.329047e-02 1.450829e+13 3.64710257e-03 1.034305e+03
9.329047e-02 1.830738e+13 3.68395485e-03 1.167839e+03
9.329047e-02 2.310130e+13 3.70469177e-03 1.318612e+03
9.329047e-02 2.915053e+13 3.80788185e-03 1.509075e+03
9.329047e-02 3.678380e+13 3.78727079e-03 1.703905e+03
9.329047e-02 4.641589e+13 3.74109167e-03 1.923888e+03
9.329047e-02 5.857021e+13 3.76660621e-03 2.201778e+03
9.329047e-02 7.390722e+13 3.65761019e-03 2.486038e+03
9.329047e-02 9.326033e+13 3.51413067e-03 2.806999e+03
9.329047e-02 1.176812e+14 3.42592801e-03 3.212447e+03
9.329047e-02 1.484968e+14 3.20446874e-03 3.627190e+03
9.329047e-02 1.873817e+14 2.94731830e-03 4.095479e+03
9.329047e-02 2.364489e+14 2.73072081e-03 4.687038e+03
9.329047e-02 2.983647e+14 2.40662780e-03 5.292158e+03
9.329047e-02 3.764936e+14 2.06448401e-03 5.975403e+03
9.329047e-02 4.750810e+14 1.76256641e-03 6.838501e+03
9.329047e-02 5.994843e+14 1.41089084e-03 7.721387e+03
9.329047e-02 7.564633e+14 1.08047670e-03 8.718257e+03
9.329047e-02 9.545485e+14 8.06815053e-04 9.977539e+03
9.329047e-02 1.204504e+15 5.51298640e-04 1.126569e+04
9.329047e-02 1.519911e+15 3.49880939e-04 1.272015e+04
9.329047e-02 1.917910e+15 2.08684783e-04 1.455747e+04
9.329047e-02 2.420128e+15 1.08880152e-04 1.643692e+04
9.329047e-02 3.053856e+15 5.00536830e-05 1.855900e+04
9.329047e-02 3.853529e+15 2.03528238e-05 2.123970e+04
9.329047e-02 4.862602e+15 6.72803991e-06 2.398186e+04
9.329047e-02 6.135907e+15 1.82971095e-06 2.744584e+04
9.329047e-02 7.742637e+15 3.66563006e-07 3.098924e+04
9.329047e-02 9.770100e+15 5.17896905e-08 3.499011e+04
9.329047e-02 1.232847e+16 4.88003140e-09 4.004415e+04
9.329047e-02 1.555676e+16 2.64630033e-10 4.521405e+04
9.329047e-02 1.963041e+16 7.84686987e-12 5.174486e+04
9.329047e-02 2.477076e+16 1.06797049e-13 5.842538e+04
9.329047e-02 3.125716e+16 5.92473595e-16 6.596840e+04
9.329047e-02 3.944206e+16 1.14642602e-18 7.549700e+04
9.329047e-02 4.977024e+16 5.78926439e-22 8.524405e+04
9.329047e-02 6.280291e+16 5.91196222e-26 9.755686e+04
9.329047e-02 7.924829e+16 7.70855197e-31 1.101519e+05
9.329047e-02 1.000000e+17 7.95374401e-37 1.260625e+05
1.000333e-01 1.261857e+07 3.77277295e-04 5.868873e-01
1.000333e-01 1.592283e+07 3.88934704e-04 6.626574e-01
1.000333e-01 2.009233e+07 4.12001232e-04 7.583729e-01
1.000333e-01 2.535364e+07 4.24902516e-04 8.562827e-01
1.000333e-01 3.199267e+07 4.38296970e-04 9.668332e-01
1.000333e-01 4.037017e+07 4.64574533e-04 1.106484e+00
1.000333e-01 5.094138e+07 4.79416751e-04 1.249337e+00
1.000333e-01 6.428073e+07 4.94835880e-04 1.410633e+00
1.000333e-01 8.111308e+07 5.10857600e-04 1.592753e+00
1.000333e-01 1.023531e+08 5.41936558e-04 1.822813e+00
1.000333e-01 1.291550e+08 5.59718766e-04 2.058148e+00
1.000333e-01 1.629751e+08 5.78206864e-04 2.323865e+00
1.000333e-01 2.056512e+08 6.13772762e-04 2.659529e+00
1.000333e-01 2.595024e+08 6.34316069e-04 3.002888e+00
1.000333e-01 3.274549e+08 6.55686803e-04 3.390576e+00
1.000333e-01 4.132012e+08 6.77922173e-04 3.828316e+00
1.000333e-01 5.214008e+08 7.20235625e-04 4.381286e+00
1.000333e-01 6.579332e+08 7.44977247e-04 4.946932e+00
1.000333e-01 8.302176e+08 7.70732159e-04 5.585606e+00
1.000333e-01 1.047616e+09 7.97545550e-04 6.306737e+00
1.000333e-01 1.321941e+09 8.48041459e-04 7.217694e+00
1.000333e-01 1.668101e+09 8.77909675e-04 8.149535e+00
1.000333e-01 2.104904e+09 9.09015545e-04 9.201681e+00
1.000333e-01 2.656088e+09 9.67161113e-04 1.053079e+01
1.000333e-01 3.351603e+09 1.00182795e-03 1.189037e+01
1.000333e-01 4.229243e+09 1.03793681e-03 1.342548e+01
1.000333e-01 5.336699e+09 1.07554774e-03 1.515877e+01
1.000333e-01 6.734151e+09 1.14521056e-03 1.734834e+01
1.000333e-01 8.497534e+09 1.18712657e-03 1.958809e+01
1.000333e-01 1.072267e+10 1.23077776e-03 2.211702e+01
1.000333e-01 1.353048e+10 1.27622935e-03 2.497244e+01
1.000333e-01 1.707353e+10 1.35974663e-03 2.857950e+01
1.000333e-01 2.154435e+10 1.41034102e-03 3.226926e+01
1.000333e-01 2.718588e+10 1.46298322e-03 3.643539e+01
1.000333e-01 3.430469e+10 1.51773570e-03 4.113939e+01
1.000333e-01 4.328761e+10 1.61772576e-03 4.708164e+01
1.000333e-01 5.462277e+10 1.67848912e-03 5.316012e+01
1.000333e-01 6.892612e+10 1.74158659e-03 6.002336e+01
1.000333e-01 8.697490e+10 1.80705936e-03 6.777268e+01
1.000333e-01 1.097499e+11 1.92621892e-03 7.756190e+01
1.000333e-01 1.384886e+11 1.99844383e-03 8.757554e+01
1.000333e-01 1.747528e+11 2.07315975e-03 9.888199e+01
1.000333e-01 2.205131e+11 2.15034771e-03 1.116482e+02
1.000333e-01 2.782559e+11 2.29095516e-03 1.277748e+02
1.000333e-01 3.511192e+11 2.37516805e-03 1.442712e+02
1.000333e-01 4.430621e+11 2.46168780e-03 1.628974e+02
1.000333e-01 5.590810e+11 2.55035846e-03 1.839282e+02
1.000333e-01 7.054802e+11 2.71320493e-03 2.104952e+02
1.000333e-01 8.902151e+11 2.80801727e-03 2.376712e+02
1.000333e-01 1.123324e+12 2.90419989e-03 2.683558e+02
1.000333e-01 1.417474e+12 3.00131684e-03 3.030019e+02
1.000333e-01 1.788650e+12 3.18358756e-03 3.467680e+02
1.000333e-01 2.257020e+12 3.28350973e-03 3.915376e+02
1.000333e-01 2.848036e+12 3.38236582e-03 4.420871e+02
1.000333e-01 3.593814e+12 3.47919436e-03 4.991628e+02
1.000333e-01 4.534879e+12 3.67057840e-03 5.712628e+02
1.000333e-01 5.722368e+12 3.76218149e-03 6.450157e+02
1.000333e-01 7.220809e+12 3.84756772e-03 7.282906e+02
1.000333e-01 9.111628e+12 4.03224788e-03 8.334862e+02
1.000333e-01 1.149757e+13 4.10126314e-03 9.410936e+02
1.000333e-01 1.450829e+13 4.15741431e-03 1.062594e+03
1.000333e-01 1.830738e+13 4.19799045e-03 1.199780e+03
1.000333e-01 2.310130e+13 4.33543864e-03 1.373078e+03
1.000333e-01 2.915053e+13 4.33572535e-03 1.550350e+03
1.000333e-01 3.678380e+13 4.31021760e-03 1.750508e+03
1.000333e-01 4.641589e+13 4.37179668e-03 2.003355e+03
1.000333e-01 5.857021e+13 4.28188621e-03 2.261998e+03
1.000333e-01 7.390722e+13 4.15520439e-03 2.554033e+03
1.000333e-01 9.326033e+13 3.98920441e-03 2.883772e+03
1.000333e-01 1.176812e+14 3.88577726e-03 3.300310e+03
1.000333e-01 1.484968e+14 3.63110210e-03 3.726396e+03
1.000333e-01 1.873817e+14 3.33607761e-03 4.207493e+03
1.000333e-01 2.364489e+14 3.08708184e-03 4.815232e+03
1.000333e-01 2.983647e+14 2.71685261e-03 5.436903e+03
1.000333e-01 3.764936e+14 2.32684320e-03 6.138835e+03
1.000333e-01 4.750810e+14 1.98288207e-03 7.025540e+03
1.000333e-01 5.994843e+14 1.58387303e-03 7.932573e+03
1.000333e-01 7.564633e+14 1.20997583e-03 8.956708e+03
1.000333e-01 9.545485e+14 9.00955332e-04 1.025043e+04
1.000333e-01 1.204504e+15 6.13602597e-04 1.157382e+04
1.000333e-01 1.519911e+15 3.87933404e-04 1.306805e+04
1.000333e-01 1.917910e+15 2.30348392e-04 1.495563e+04
1.000333e-01 2.420128e+15 1.19555432e-04 1.688648e+04
1.000333e-01 3.053856e+15 5.61188489e-05 1.932559e+04
1.000333e-01 3.853529e+15 2.20517329e-05 2.182063e+04
1.000333e-01 4.862602e+15 7.22771347e-06 2.463778e+04
1.000333e-01 6.135907e+15 1.94574480e-06 2.819651e+04
1.000333e-01 7.742637e+15 3.85094974e-07 3.183682e+04
1.000333e-01 9.770100e+15 5.50821896e-08 3.643539e+04
1.000333e-01 1.232847e+16 4.96327745e-09 4.113939e+04
1.000333e-01 1.555676e+16 2.63430608e-10 4.645069e+04
1.000333e-01 1.963041e+16 7.61143735e-12 5.316012e+04
1.000333e-01 2.477076e+16 1.00405721e-13 6.002336e+04
1.000333e-01 3.125716e+16 5.51120721e-16 6.869325e+04
1.000333e-01 3.944206e+16 9.92029572e-19 7.756190e+04
1.000333e-01 4.977024e+16 4.74292334e-22 8.757554e+04
1.000333e-01 6.280291e+16 4.53277089e-26 1.002251e+05
1.000333e-01 7.924829e+16 5.45158608e-31 1.131647e+05
1.000333e-01 1.000000e+17 5.09450748e-37 1.295104e+05
1.072635e-01 1.261857e+07 4.31845318e-04 6.029391e-01
1.072635e-01 1.592283e+07 4.57364087e-04 6.900288e-01
1.072635e-01 2.009233e+07 4.71589464e-04 7.791150e-01
1.072635e-01 2.535364e+07 4.86355394e-04 8.797027e-01
1.072635e-01 3.199267e+07 5.15407093e-04 1.006769e+00
1.072635e-01 4.037017e+07 5.31761859e-04 1.136748e+00
1.072635e-01 5.094138e+07 5.48748654e-04 1.283508e+00
1.072635e-01 6.428073e+07 5.81886835e-04 1.468900e+00
1.072635e-01 8.111308e+07 6.00724563e-04 1.658542e+00
1.072635e-01 1.023531e+08 6.20302095e-04 1.872669e+00
1.072635e-01 1.291550e+08 6.58174813e-04 2.143160e+00
1.072635e-01 1.629751e+08 6.79911344e-04 2.419853e+00
1.072635e-01 2.056512e+08 7.02514605e-04 2.732269e+00
1.072635e-01 2.595024e+08 7.26023527e-04 3.085019e+00
1.072635e-01 3.274549e+08 7.71004967e-04 3.530625e+00
1.072635e-01 4.132012e+08 7.97144998e-04 3.986446e+00
1.072635e-01 5.214008e+08 8.24346543e-04 4.501117e+00
1.072635e-01 6.579332e+08 8.52657132e-04 5.082234e+00
1.072635e-01 8.302176e+08 9.06253171e-04 5.816322e+00
1.072635e-01 1.047616e+09 9.37771676e-04 6.567239e+00
1.072635e-01 1.321941e+09 9.70588514e-04 7.415103e+00
1.072635e-01 1.668101e+09 1.00476086e-03 8.372431e+00
1.072635e-01 2.104904e+09 1.06880219e-03 9.581761e+00
1.072635e-01 2.656088e+09 1.10687875e-03 1.081881e+01
1.072635e-01 3.351603e+09 1.14653636e-03 1.221558e+01
1.072635e-01 4.229243e+09 1.18784164e-03 1.379267e+01
1.072635e-01 5.336699e+09 1.26452803e-03 1.578491e+01
1.072635e-01 6.734151e+09 1.31056067e-03 1.782283e+01
1.072635e-01 8.497534e+09 1.35850089e-03 2.012384e+01
1.072635e-01 1.072267e+10 1.40842245e-03 2.272193e+01
1.072635e-01 1.353048e+10 1.50034247e-03 2.600393e+01
1.072635e-01 1.707353e+10 1.55592874e-03 2.936118e+01
1.072635e-01 2.154435e+10 1.61377775e-03 3.315185e+01
1.072635e-01 2.718588e+10 1.67396287e-03 3.743193e+01
1.072635e-01 3.430469e+10 1.78405068e-03 4.283867e+01
1.072635e-01 4.328761e+10 1.85089520e-03 4.836936e+01
1.072635e-01 5.462277e+10 1.92034310e-03 5.461409e+01
1.072635e-01 6.892612e+10 1.99244961e-03 6.166505e+01
1.072635e-01 8.697490e+10 2.12380141e-03 7.057206e+01
1.072635e-01 1.097499e+11 2.20347023e-03 7.968328e+01
1.072635e-01 1.384886e+11 2.28596977e-03 8.997080e+01
1.072635e-01 1.747528e+11 2.37129900e-03 1.015865e+02
1.072635e-01 2.205131e+11 2.52670087e-03 1.162598e+02
1.072635e-01 2.782559e+11 2.62007327e-03 1.312696e+02
1.072635e-01 3.511192e+11 2.71618302e-03 1.482171e+02
1.072635e-01 4.430621e+11 2.81489774e-03 1.673527e+02
1.072635e-01 5.590810e+11 2.99579037e-03 1.915255e+02
1.072635e-01 7.054802e+11 3.10193250e-03 2.162524e+02
1.072635e-01 8.902151e+11 3.20999214e-03 2.441717e+02
1.072635e-01 1.123324e+12 3.31956278e-03 2.756955e+02
1.072635e-01 1.417474e+12 3.52395577e-03 3.155175e+02
1.072635e-01 1.788650e+12 3.63795145e-03 3.562524e+02
1.072635e-01 2.257020e+12 3.75156826e-03 4.022464e+02
1.072635e-01 2.848036e+12 3.86387544e-03 4.541785e+02
1.072635e-01 3.593814e+12 4.08244925e-03 5.197809e+02
1.072635e-01 4.534879e+12 4.19151150e-03 5.868873e+02
1.072635e-01 5.722368e+12 4.29516402e-03 6.626574e+02
1.072635e-01 7.220809e+12 4.39157312e-03 7.482099e+02
1.072635e-01 9.111628e+12 4.60112116e-03 8.562827e+02
1.072635e-01 1.149757e+13 4.67847232e-03 9.668332e+02
1.072635e-01 1.450829e+13 4.74095148e-03 1.091656e+03
1.072635e-01 1.830738e+13 4.91634271e-03 1.249337e+03
1.072635e-01 2.310130e+13 4.94011014e-03 1.410633e+03
1.072635e-01 2.915053e+13 4.93817489e-03 1.592753e+03
1.072635e-01 3.678380e+13 4.90661200e-03 1.798386e+03
1.072635e-01 4.641589e+13 4.97386259e-03 2.058148e+03
1.072635e-01 5.857021e+13 4.86844217e-03 2.323865e+03
1.072635e-01 7.390722e+13 4.72099756e-03 2.623888e+03
1.072635e-01 9.326033e+13 4.65257392e-03 3.002888e+03
1.072635e-01 1.176812e+14 4.40724767e-03 3.390576e+03
1.072635e-01 1.484968e+14 4.11411903e-03 3.828316e+03
1.072635e-01 1.873817e+14 3.87865818e-03 4.381286e+03
1.072635e-01 2.364489e+14 3.48893406e-03 4.946932e+03
1.072635e-01 2.983647e+14 3.06582348e-03 5.585606e+03
1.072635e-01 3.764936e+14 2.69282663e-03 6.392402e+03
1.072635e-01 4.750810e+14 2.22920442e-03 7.217694e+03
1.072635e-01 5.994843e+14 1.77653535e-03 8.149535e+03
1.072635e-01 7.564633e+14 1.39058244e-03 9.326669e+03
1.072635e-01 9.545485e+14 1.00478350e-03 1.053079e+04
1.072635e-01 1.204504e+15 6.81885423e-04 1.189037e+04
1.072635e-01 1.519911e+15 4.41064122e-04 1.360784e+04
1.072635e-01 1.917910e+15 2.53694360e-04 1.536468e+04
1.072635e-01 2.420128e+15 1.30929214e-04 1.734834e+04
1.072635e-01 3.053856e+15 6.10510198e-05 1.985416e+04
1.072635e-01 3.853529e+15 2.38032605e-05 2.241744e+04
1.072635e-01 4.862602e+15 7.73015515e-06 2.531164e+04
1.072635e-01 6.135907e+15 2.05828902e-06 2.896770e+04
1.072635e-01 7.742637e+15 4.02045598e-07 3.270758e+04
1.072635e-01 9.770100e+15 5.66019781e-08 3.743193e+04
1.072635e-01 1.232847e+16 5.00334722e-09 4.226458e+04
1.072635e-01 1.555676e+16 2.59467676e-10 4.772115e+04
1.072635e-01 1.963041e+16 7.28976193e-12 5.461409e+04
1.072635e-01 2.477076e+16 9.29678622e-14 6.166505e+04
1.072635e-01 3.125716e+16 4.89953608e-16 7.057206e+04
1.072635e-01 3.944206e+16 8.39760514e-19 7.968328e+04
1.072635e-01 4.977024e+16 3.88787373e-22 9.119288e+04
1.072635e-01 6.280291e+16 3.36654373e-26 1.029663e+05
1.072635e-01 7.924829e+16 3.71034779e-31 1.162598e+05
1.072635e-01 1.000000e+17 3.11518412e-37 1.330526e+05
1.150163e-01 1.261857e+07 5.08182484e-04 6.278437e-01
1.150163e-01 1.592283e+07 5.23882346e-04 7.089016e-01
1.150163e-01 2.009233e+07 5.54949434e-04 8.112967e-01
1.150163e-01 2.535364e+07 5.72323795e-04 9.160392e-01
1.150163e-01 3.199267e+07 5.90361905e-04 1.034305e+00
1.150163e-01 4.037017e+07 6.25752153e-04 1.183701e+00
1.150163e-01 5.094138e+07 6.45738937e-04 1.336523e+00
1.150163e-01 6.428073e+07 6.66502021e-04 1.509075e+00
1.150163e-01 8.111308e+07 6.88075897e-04 1.703905e+00
1.150163e-01 1.023531e+08 7.29929290e-04 1.950020e+00
1.150163e-01 1.291550e+08 7.53872151e-04 2.201778e+00
1.150163e-01 1.629751e+08 7.78764547e-04 2.486038e+00
1.150163e-01 2.056512e+08 8.04648984e-04 2.806999e+00
1.150163e-01 2.595024e+08 8.54314041e-04 3.212447e+00
1.150163e-01 3.274549e+08 8.83083997e-04 3.627190e+00
1.150163e-01 4.132012e+08 9.13016513e-04 4.095479e+00
1.150163e-01 5.214008e+08 9.69987319e-04 4.687038e+00
1.150163e-01 6.579332e+08 1.00329011e-03 5.292158e+00
1.150163e-01 8.302176e+08 1.03795476e-03 5.975403e+00
1.150163e-01 1.047616e+09 1.07404176e-03 6.746858e+00
1.150163e-01 1.321941e+09 1.14201745e-03 7.721387e+00
1.150163e-01 1.668101e+09 1.18221011e-03 8.718257e+00
1.150163e-01 2.104904e+09 1.22406494e-03 9.843829e+00
1.150163e-01 2.656088e+09 1.26765364e-03 1.111472e+01
1.150163e-01 3.351603e+09 1.34896305e-03 1.272015e+01
1.150163e-01 4.229243e+09 1.39753634e-03 1.436238e+01
1.150163e-01 5.336699e+09 1.44812486e-03 1.621664e+01
1.150163e-01 6.734151e+09 1.50081014e-03 1.831029e+01
1.150163e-01 8.497534e+09 1.55567514e-03 2.067425e+01
1.150163e-01 1.072267e+10 1.65691512e-03 2.366047e+01
1.150163e-01 1.353048e+10 1.71801808e-03 2.671516e+01
1.150163e-01 1.707353e+10 1.78161916e-03 3.016423e+01
1.150163e-01 2.154435e+10 1.84780336e-03 3.405858e+01
1.150163e-01 2.718588e+10 1.96907558e-03 3.897807e+01
1.150163e-01 3.430469e+10 2.04262963e-03 4.401034e+01
1.150163e-01 4.328761e+10 2.11908134e-03 4.969230e+01
1.150163e-01 5.462277e+10 2.19850068e-03 5.610783e+01
1.150163e-01 6.892612e+10 2.34333483e-03 6.421215e+01
1.150163e-01 8.697490e+10 2.43120170e-03 7.250226e+01
1.150163e-01 1.097499e+11 2.52226850e-03 8.186268e+01
1.150163e-01 1.384886e+11 2.61655396e-03 9.243157e+01
1.150163e-01 1.747528e+11 2.78828535e-03 1.057826e+02
1.150163e-01 2.205131e+11 2.89172218e-03 1.194396e+02
1.150163e-01 2.782559e+11 2.99836280e-03 1.348599e+02
1.150163e-01 3.511192e+11 3.10809978e-03 1.522710e+02
1.150163e-01 4.430621e+11 3.30886737e-03 1.742653e+02
1.150163e-01 5.590810e+11 3.42742565e-03 1.967639e+02
1.150163e-01 7.054802e+11 3.54849194e-03 2.221671e+02
1.150163e-01 8.902151e+11 3.67169109e-03 2.508500e+02
1.150163e-01 1.123324e+12 3.90038863e-03 2.870832e+02
1.150163e-01 1.417474e+12 4.02976454e-03 3.241471e+02
1.150163e-01 1.788650e+12 4.15950301e-03 3.659962e+02
1.150163e-01 2.257020e+12 4.28870767e-03 4.132482e+02
1.150163e-01 2.848036e+12 4.53709139e-03 4.729385e+02
1.150163e-01 3.593814e+12 4.66520523e-03 5.339973e+02
1.150163e-01 4.534879e+12 4.78879509e-03 6.029391e+02
1.150163e-01 5.722368e+12 4.90604239e-03 6.807816e+02
1.150163e-01 7.220809e+12 5.15199609e-03 7.791150e+02
1.150163e-01 9.111628e+12 5.25258740e-03 8.797027e+02
1.150163e-01 1.149757e+13 5.33916068e-03 9.932768e+02
1.150163e-01 1.450829e+13 5.40851922e-03 1.121514e+03
1.150163e-01 1.830738e+13 5.60636825e-03 1.283508e+03
1.150163e-01 2.310130e+13 5.63096868e-03 1.449215e+03
1.150163e-01 2.915053e+13 5.62597448e-03 1.636316e+03
1.150163e-01 3.678380e+13 5.73972872e-03 1.872669e+03
1.150163e-01 4.641589e+13 5.65998935e-03 2.114440e+03
1.150163e-01 5.857021e+13 5.53617826e-03 2.387425e+03
1.150163e-01 7.390722e+13 5.51103783e-03 2.732269e+03
1.150163e-01 9.326033e+13 5.28192332e-03 3.085019e+03
1.150163e-01 1.176812e+14 4.99844530e-03 3.483310e+03
1.150163e-01 1.484968e+14 4.66075478e-03 3.933024e+03
1.150163e-01 1.873817e+14 4.38841056e-03 4.501117e+03
1.150163e-01 2.364489e+14 3.94174833e-03 5.082234e+03
1.150163e-01 2.983647e+14 3.45800364e-03 5.738377e+03
1.150163e-01 3.764936e+14 3.03155957e-03 6.567239e+03
1.150163e-01 4.750810e+14 2.50418831e-03 7.415103e+03
1.150163e-01 5.994843e+14 1.99071774e-03 8.372431e+03
1.150163e-01 7.564633e+14 1.55376799e-03 9.581761e+03
1.150163e-01 9.545485e+14 1.11897649e-03 1.081881e+04
1.150163e-01 1.204504e+15 7.56464497e-04 1.221558e+04
1.150163e-01 1.519911e+15 4.87117188e-04 1.398002e+04
1.150163e-01 1.917910e+15 2.78721643e-04 1.578491e+04
1.150163e-01 2.420128e+15 1.42967436e-04 1.782283e+04
1.150163e-01 3.053856e+15 6.61873184e-05 2.039719e+04
1.150163e-01 3.853529e+15 2.55888511e-05 2.303057e+04
1.150163e-01 4.862602e+15 8.45254417e-06 2.635715e+04
1.150163e-01 6.135907e+15 2.16486345e-06 2.975999e+04
1.150163e-01 7.742637e+15 4.16888205e-07 3.360216e+04
1.150163e-01 9.770100e+15 5.76933958e-08 3.845572e+04
1.150163e-01 1.232847e+16 4.99512433e-09 4.342055e+04
1.150163e-01 1.555676e+16 2.59531092e-10 4.969230e+04
1.150163e-01 1.963041e+16 6.88550766e-12 5.610783e+04
1.150163e-01 2.477076e+16 8.46611919e-14 6.335163e+04
1.150163e-01 3.125716e+16 4.26969569e-16 7.250226e+04
1.150163e-01 3.944206e+16 6.94035346e-19 8.186268e+04
1.150163e-01 4.977024e+16 3.01409087e-22 9.368708e+04
1.150163e-01 6.280291e+16 2.41523016e-26 1.057826e+05
1.150163e-01 7.924829e+16 2.48817000e-31 1.210620e+05
1.150163e-01 1.000000e+17 1.81100743e-37 1.366917e+05
1.233295e-01 1.261857e+07 5.82522690e-04 6.450157e-01
1.233295e-01 1.592283e+07 6.16942293e-04 7.381830e-01
1.233295e-01 2.009233e+07 6.36127538e-04 8.334862e-01
1.233295e-01 2.535364e+07 6.56041347e-04 9.410936e-01
1.233295e-01 3.199267e+07 6.95224346e-04 1.077027e+00
1.233295e-01 4.037017e+07 7.17279781e-04 1.216077e+00
1.233295e-01 5.094138e+07 7.40186897e-04 1.373078e+00
1.233295e-01 6.428073e+07 7.84878898e-04 1.571408e+00
1.233295e-01 8.111308e+07 8.10280451e-04 1.774285e+00
1.233295e-01 1.023531e+08 8.36678671e-04 2.003355e+00
1.233295e-01 1.291550e+08 8.64117978e-04 2.261998e+00
1.233295e-01 1.629751e+08 9.17059417e-04 2.588725e+00
1.233295e-01 2.056512e+08 9.47533875e-04 2.922943e+00
1.233295e-01 2.595024e+08 9.79227934e-04 3.300310e+00
1.233295e-01 3.274549e+08 1.01219622e-03 3.726396e+00
1.233295e-01 4.132012e+08 1.07511825e-03 4.264644e+00
1.233295e-01 5.214008e+08 1.11178485e-03 4.815232e+00
1.233295e-01 6.579332e+08 1.14994410e-03 5.436903e+00
1.233295e-01 8.302176e+08 1.18966248e-03 6.138835e+00
1.233295e-01 1.047616e+09 1.26467813e-03 7.025540e+00
1.233295e-01 1.321941e+09 1.30890209e-03 7.932573e+00
1.233295e-01 1.668101e+09 1.35494906e-03 8.956708e+00
1.233295e-01 2.104904e+09 1.40289818e-03 1.011307e+01
1.233295e-01 2.656088e+09 1.49256727e-03 1.157382e+01
1.233295e-01 3.351603e+09 1.54599081e-03 1.306805e+01
1.233295e-01 4.229243e+09 1.60162801e-03 1.475521e+01
1.233295e-01 5.336699e+09 1.65957001e-03 1.666018e+01
1.233295e-01 6.734151e+09 1.76695052e-03 1.906661e+01
1.233295e-01 8.497534e+09 1.83150069e-03 2.152820e+01
1.233295e-01 1.072267e+10 1.89870891e-03 2.430761e+01
1.233295e-01 1.353048e+10 1.96867330e-03 2.744584e+01
1.233295e-01 1.707353e+10 2.04149165e-03 3.098924e+01
1.233295e-01 2.154435e+10 2.17516888e-03 3.546539e+01
1.233295e-01 2.718588e+10 2.25613691e-03 4.004415e+01
1.233295e-01 3.430469e+10 2.34032418e-03 4.521405e+01
1.233295e-01 4.328761e+10 2.42781715e-03 5.105142e+01
1.233295e-01 5.462277e+10 2.58758225e-03 5.842538e+01
1.233295e-01 6.892612e+10 2.68449123e-03 6.596840e+01
1.233295e-01 8.697490e+10 2.78500314e-03 7.448526e+01
1.233295e-01 1.097499e+11 2.88915692e-03 8.410168e+01
1.233295e-01 1.384886e+11 3.07894020e-03 9.624949e+01
1.233295e-01 1.747528e+11 3.19345425e-03 1.086758e+02
1.233295e-01 2.205131e+11 3.31167856e-03 1.227064e+02
1.233295e-01 2.782559e+11 3.43353222e-03 1.385484e+02
1.233295e-01 3.511192e+11 3.65622504e-03 1.585606e+02
1.233295e-01 4.430621e+11 3.78841437e-03 1.790316e+02
1.233295e-01 5.590810e+11 3.92375018e-03 2.021455e+02
1.233295e-01 7.054802e+11 4.06189065e-03 2.282435e+02
1.233295e-01 8.902151e+11 4.20239746e-03 2.577109e+02
1.233295e-01 1.123324e+12 4.46355064e-03 2.949352e+02
1.233295e-01 1.417474e+12 4.61092787e-03 3.330128e+02
1.233295e-01 1.788650e+12 4.75860934e-03 3.760065e+02
1.233295e-01 2.257020e+12 5.03972643e-03 4.303176e+02
1.233295e-01 2.848036e+12 5.18865627e-03 4.858738e+02
1.233295e-01 3.593814e+12 5.33402840e-03 5.486025e+02
1.233295e-01 4.534879e+12 5.47404848e-03 6.194299e+02
1.233295e-01 5.722368e+12 5.75996397e-03 7.089016e+02
1.233295e-01 7.220809e+12 5.88600802e-03 8.004244e+02
1.233295e-01 9.111628e+12 5.99903042e-03 9.037633e+02
1.233295e-01 1.149757e+13 6.09576816e-03 1.020444e+03
1.233295e-01 1.450829e+13 6.34137763e-03 1.167839e+03
1.233295e-01 1.830738e+13 6.39558662e-03 1.318612e+03
1.233295e-01 2.310130e+13 6.42056049e-03 1.488852e+03
1.233295e-01 2.915053e+13 6.41142592e-03 1.681071e+03
1.233295e-01 3.678380e+13 6.53714323e-03 1.923888e+03
1.233295e-01 4.641589e+13 6.44200372e-03 2.172271e+03
1.233295e-01 5.857021e+13 6.29634826e-03 2.452723e+03
1.233295e-01 7.390722e+13 6.26245912e-03 2.806999e+03
1.233295e-01 9.326033e+13 5.99639232e-03 3.169396e+03
1.233295e-01 1.176812e+14 5.66847196e-03 3.578582e+03
1.233295e-01 1.484968e+14 5.42347621e-03 4.095479e+03
1.233295e-01 1.873817e+14 4.96375907e-03 4.624226e+03
1.233295e-01 2.364489e+14 4.45154571e-03 5.221237e+03
1.233295e-01 2.983647e+14 4.00487681e-03 5.975403e+03
1.233295e-01 3.764936e+14 3.41053792e-03 6.746858e+03
1.233295e-01 4.750810e+14 2.81064276e-03 7.617912e+03
1.233295e-01 5.994843e+14 2.22832248e-03 8.601423e+03
1.233295e-01 7.564633e+14 1.73382584e-03 9.843829e+03
1.233295e-01 9.545485e+14 1.24417262e-03 1.111472e+04
1.233295e-01 1.204504e+15 8.60514192e-04 1.272015e+04
1.233295e-01 1.519911e+15 5.36758087e-04 1.436238e+04
1.233295e-01 1.917910e+15 3.05391511e-04 1.621664e+04
1.233295e-01 2.420128e+15 1.59868873e-04 1.855900e+04
1.233295e-01 3.053856e+15 7.14837605e-05 2.095507e+04
1.233295e-01 3.853529e+15 2.73850781e-05 2.366047e+04
1.233295e-01 4.862602e+15 8.94870267e-06 2.707804e+04
1.233295e-01 6.135907e+15 2.26267617e-06 3.057395e+04
1.233295e-01 7.742637e+15 4.29064940e-07 3.452120e+04
1.233295e-01 9.770100e+15 5.82863149e-08 3.950751e+04
1.233295e-01 1.232847e+16 4.93442505e-09 4.460813e+04
1.233295e-01 1.555676e+16 2.49508006e-10 5.105142e+04
1.233295e-01 1.963041e+16 6.40594062e-12 5.764242e+04
1.233295e-01 2.477076e+16 7.57101583e-14 6.508435e+04
1.233295e-01 3.125716e+16 3.64069726e-16 7.448526e+04
1.233295e-01 3.944206e+16 5.58803883e-19 8.410168e+04
1.233295e-01 4.977024e+16 2.26446723e-22 9.624949e+04
1.233295e-01 6.280291e+16 1.66850540e-26 1.086758e+05
1.233295e-01 7.924829e+16 1.55183466e-31 1.243731e+05
1.233295e-01 1.000000e+17 9.96404138e-38 1.404303e+05
1.322435e-01 1.261857e+07 6.86531821e-04 6.716584e-01
1.322435e-01 1.592283e+07 7.07737782e-04 7.583729e-01
1.322435e-01 2.009233e+07 7.29744222e-04 8.562827e-01
1.322435e-01 2.535364e+07 7.73169868e-04 9.799658e-01
1.322435e-01 3.199267e+07 7.97532283e-04 1.106484e+00
1.322435e-01 4.037017e+07 8.22829909e-04 1.249337e+00
1.322435e-01 5.094138e+07 8.72327639e-04 1.429794e+00
1.322435e-01 6.428073e+07 9.00367832e-04 1.614388e+00
1.322435e-01 8.111308e+07 9.29501959e-04 1.822813e+00
1.322435e-01 1.023531e+08 9.59778612e-04 2.058148e+00
1.322435e-01 1.291550e+08 1.01836006e-03 2.355431e+00
1.322435e-01 1.629751e+08 1.05197156e-03 2.659529e+00
1.322435e-01 2.056512e+08 1.08692098e-03 3.002888e+00
1.322435e-01 2.595024e+08 1.12326815e-03 3.390576e+00
1.322435e-01 3.274549e+08 1.19283189e-03 3.880317e+00
1.322435e-01 4.132012e+08 1.23324063e-03 4.381286e+00
1.322435e-01 5.214008e+08 1.27528664e-03 4.946932e+00
1.322435e-01 6.579332e+08 1.31904282e-03 5.585606e+00
1.322435e-01 8.302176e+08 1.40190759e-03 6.392402e+00
1.322435e-01 1.047616e+09 1.45061168e-03 7.217694e+00
1.322435e-01 1.321941e+09 1.50131614e-03 8.149535e+00
1.322435e-01 1.668101e+09 1.55410839e-03 9.201681e+00
1.322435e-01 2.104904e+09 1.65308829e-03 1.053079e+01
1.322435e-01 2.656088e+09 1.71189573e-03 1.189037e+01
1.322435e-01 3.351603e+09 1.77313553e-03 1.342548e+01
1.322435e-01 4.229243e+09 1.83690902e-03 1.515877e+01
1.322435e-01 5.336699e+09 1.95537731e-03 1.734834e+01
1.322435e-01 6.734151e+09 2.02642301e-03 1.958809e+01
1.322435e-01 8.497534e+09 2.10039726e-03 2.211702e+01
1.322435e-01 1.072267e+10 2.17741133e-03 2.497244e+01
1.322435e-01 1.353048e+10 2.25757657e-03 2.819651e+01
1.322435e-01 1.707353e+10 2.40503212e-03 3.226926e+01
1.322435e-01 2.154435e+10 2.49420435e-03 3.643539e+01
1.322435e-01 2.718588e+10 2.58694844e-03 4.113939e+01
1.322435e-01 3.430469e+10 2.68336806e-03 4.645069e+01
1.322435e-01 4.328761e+10 2.85969273e-03 5.316012e+01
1.322435e-01 5.462277e+10 2.96659057e-03 6.002336e+01
1.322435e-01 6.892612e+10 3.07753128e-03 6.777268e+01
1.322435e-01 8.697490e+10 3.19257633e-03 7.652248e+01
1.322435e-01 1.097499e+11 3.40234612e-03 8.757554e+01
1.322435e-01 1.384886e+11 3.52907248e-03 9.888199e+01
1.322435e-01 1.747528e+11 3.66006013e-03 1.116482e+02
1.322435e-01 2.205131e+11 3.79525654e-03 1.260625e+02
1.322435e-01 2.782559e+11 3.93456301e-03 1.423378e+02
1.322435e-01 3.511192e+11 4.18935720e-03 1.628974e+02
1.322435e-01 4.430621e+11 4.34037639e-03 1.839282e+02
1.322435e-01 5.590810e+11 4.49492749e-03 2.076743e+02
1.322435e-01 7.054802e+11 4.65260908e-03 2.344861e+02
1.322435e-01 8.902151e+11 4.94454479e-03 2.683558e+02
1.322435e-01 1.123324e+12 5.11125568e-03 3.030019e+02
1.322435e-01 1.417474e+12 5.27917656e-03 3.421210e+02
1.322435e-01 1.788650e+12 5.44730888e-03 3.862905e+02
1.322435e-01 2.257020e+12 5.76800519e-03 4.420871e+02
1.322435e-01 2.848036e+12 5.93720620e-03 4.991628e+02
1.322435e-01 3.593814e+12 6.10213762e-03 5.636072e+02
1.322435e-01 4.534879e+12 6.26072454e-03 6.363718e+02
1.322435e-01 5.722368e+12 6.58587762e-03 7.282906e+02
1.322435e-01 7.220809e+12 6.72790681e-03 8.223166e+02
1.322435e-01 9.111628e+12 6.85474280e-03 9.284819e+02
1.322435e-01 1.149757e+13 6.96263325e-03 1.048354e+03
1.322435e-01 1.450829e+13 7.24011822e-03 1.199780e+03
1.322435e-01 1.830738e+13 7.29859169e-03 1.354678e+03
1.322435e-01 2.310130e+13 7.32327425e-03 1.529573e+03
1.322435e-01 2.915053e+13 7.50850353e-03 1.750508e+03
1.322435e-01 3.678380e+13 7.44708180e-03 1.976507e+03
1.322435e-01 4.641589e+13 7.33336993e-03 2.231685e+03
1.322435e-01 5.857021e+13 7.16172302e-03 2.519806e+03
1.322435e-01 7.390722e+13 7.11665642e-03 2.883772e+03
1.322435e-01 9.326033e+13 6.80727351e-03 3.256082e+03
1.322435e-01 1.176812e+14 6.42752071e-03 3.676459e+03
1.322435e-01 1.484968e+14 6.14162099e-03 4.207493e+03
1.322435e-01 1.873817e+14 5.61263631e-03 4.750702e+03
1.322435e-01 2.364489e+14 5.02491776e-03 5.364042e+03
1.322435e-01 2.983647e+14 4.51196579e-03 6.138835e+03
1.322435e-01 3.764936e+14 3.83387191e-03 6.931390e+03
1.322435e-01 4.750810e+14 3.15150321e-03 7.826267e+03
1.322435e-01 5.994843e+14 2.55941944e-03 8.956708e+03
1.322435e-01 7.564633e+14 1.93192005e-03 1.011307e+04
1.322435e-01 9.545485e+14 1.38094154e-03 1.141871e+04
1.322435e-01 1.204504e+15 9.50809860e-04 1.306805e+04
1.322435e-01 1.519911e+15 5.89975494e-04 1.475521e+04
1.322435e-01 1.917910e+15 3.33618021e-04 1.666018e+04
1.322435e-01 2.420128e+15 1.73396167e-04 1.906661e+04
1.322435e-01 3.053856e+15 7.68825176e-05 2.152820e+04
1.322435e-01 3.853529e+15 2.91632276e-05 2.430761e+04
1.322435e-01 4.862602e+15 9.41894223e-06 2.781864e+04
1.322435e-01 6.135907e+15 2.34866428e-06 3.141017e+04
1.322435e-01 7.742637e+15 4.38004399e-07 3.546539e+04
1.322435e-01 9.770100e+15 5.83163788e-08 4.058807e+04
1.322435e-01 1.232847e+16 4.81838842e-09 4.582820e+04
1.322435e-01 1.555676e+16 2.36579212e-10 5.244771e+04
1.322435e-01 1.963041e+16 5.86199579e-12 5.921898e+04
1.322435e-01 2.477076e+16 6.63766605e-14 6.686446e+04
1.322435e-01 3.125716e+16 3.03143961e-16 7.652248e+04
1.322435e-01 3.944206e+16 4.37269015e-19 8.640193e+04
1.322435e-01 4.977024e+16 1.64397159e-22 9.888199e+04
1.322435e-01 6.280291e+16 1.10609921e-26 1.116482e+05
1.322435e-01 7.924829e+16 9.20930481e-32 1.277748e+05
1.322435e-01 1.000000e+17 5.16241069e-38 1.442712e+05
1.418018e-01 1.261857e+07 7.88208898e-04 6.900288e-01
1.418018e-01 1.592283e+07 8.34776909e-04 7.896978e-01
1.418018e-01 2.009233e+07 8.60730523e-04 8.916518e-01
1.418018e-01 2.535364e+07 8.87668994e-04 1.006769e+00
1.418018e-01 3.199267e+07 9.15635409e-04 1.136748e+00
1.418018e-01 4.037017e+07 9.70512494e-04 1.300942e+00
1.418018e-01 5.094138e+07 1.00149725e-03 1.468900e+00
1.418018e-01 6.428073e+07 1.03368382e-03 1.658542e+00
1.418018e-01 8.111308e+07 1.06712542e-03 1.872669e+00
1.418018e-01 1.023531e+08 1.13201493e-03 2.143160e+00
1.418018e-01 1.291550e+08 1.16912415e-03 2.419853e+00
1.418018e-01 1.629751e+08 1.20770245e-03 2.732269e+00
1.418018e-01 2.056512e+08 1.24781532e-03 3.085019e+00
1.418018e-01 2.595024e+08 1.32480096e-03 3.530625e+00
1.418018e-01 3.274549e+08 1.36937835e-03 3.986446e+00
1.418018e-01 4.132012e+08 1.41575294e-03 4.501117e+00
1.418018e-01 5.214008e+08 1.46400487e-03 5.082234e+00
1.418018e-01 6.579332e+08 1.55563254e-03 5.816322e+00
1.418018e-01 8.302176e+08 1.60932219e-03 6.567239e+00
1.418018e-01 1.047616e+09 1.66520827e-03 7.415103e+00
1.418018e-01 1.321941e+09 1.72338706e-03 8.372431e+00
1.418018e-01 1.668101e+09 1.83275107e-03 9.581761e+00
1.418018e-01 2.104904e+09 1.89754313e-03 1.081881e+01
1.418018e-01 2.656088e+09 1.96500869e-03 1.221558e+01
1.418018e-01 3.351603e+09 2.03526046e-03 1.379267e+01
1.418018e-01 4.229243e+09 2.10841397e-03 1.557338e+01
1.418018e-01 5.336699e+09 2.24433772e-03 1.782283e+01
1.418018e-01 6.734151e+09 2.32582109e-03 2.012384e+01
1.418018e-01 8.497534e+09 2.41065628e-03 2.272193e+01
1.418018e-01 1.072267e+10 2.49896971e-03 2.565545e+01
1.418018e-01 1.353048e+10 2.66175058e-03 2.936118e+01
1.418018e-01 1.707353e+10 2.76001501e-03 3.315185e+01
1.418018e-01 2.154435e+10 2.86223829e-03 3.743193e+01
1.418018e-01 2.718588e+10 2.96854310e-03 4.226458e+01
1.418018e-01 3.430469e+10 3.16326032e-03 4.836936e+01
1.418018e-01 4.328761e+10 3.28121016e-03 5.461409e+01
1.418018e-01 5.462277e+10 3.40368432e-03 6.166505e+01
1.418018e-01 6.892612e+10 3.53076823e-03 6.962632e+01
1.418018e-01 8.697490e+10 3.66252848e-03 7.861543e+01
1.418018e-01 1.097499e+11 3.90291344e-03 8.997080e+01
1.418018e-01 1.384886e+11 4.04798805e-03 1.015865e+02
1.418018e-01 1.747528e+11 4.19790254e-03 1.147018e+02
1.418018e-01 2.205131e+11 4.35259009e-03 1.295104e+02
1.418018e-01 2.782559e+11 4.63533482e-03 1.482171e+02
1.418018e-01 3.511192e+11 4.80362249e-03 1.673527e+02
1.418018e-01 4.430621e+11 4.97623105e-03 1.889588e+02
1.418018e-01 5.590810e+11 5.15279830e-03 2.133544e+02
1.418018e-01 7.054802e+11 5.33285191e-03 2.408995e+02
1.418018e-01 8.902151e+11 5.66665121e-03 2.756955e+02
1.418018e-01 1.123324e+12 5.85678286e-03 3.112892e+02
1.418018e-01 1.417474e+12 6.04815025e-03 3.514782e+02
1.418018e-01 1.788650e+12 6.23959023e-03 3.968559e+02
1.418018e-01 2.257020e+12 6.60555661e-03 4.541785e+02
1.418018e-01 2.848036e+12 6.79777447e-03 5.128153e+02
1.418018e-01 3.593814e+12 6.98485812e-03 5.790223e+02
1.418018e-01 4.534879e+12 7.16440535e-03 6.537771e+02
1.418018e-01 5.722368e+12 7.53419524e-03 7.482099e+02
1.418018e-01 7.220809e+12 7.69408669e-03 8.448076e+02
1.418018e-01 9.111628e+12 7.83622196e-03 9.538766e+02
1.418018e-01 1.149757e+13 8.17389299e-03 1.091656e+03
1.418018e-01 1.450829e+13 8.26958901e-03 1.232595e+03
1.418018e-01 1.830738e+13 8.33214670e-03 1.391729e+03
1.418018e-01 2.310130e+13 8.35560340e-03 1.571408e+03
1.418018e-01 2.915053e+13 8.56154992e-03 1.798386e+03
1.418018e-01 3.678380e+13 8.48554230e-03 2.030566e+03
1.418018e-01 4.641589e+13 8.34939718e-03 2.292723e+03
1.418018e-01 5.857021e+13 8.14677175e-03 2.588725e+03
1.418018e-01 7.390722e+13 8.08747636e-03 2.962645e+03
1.418018e-01 9.326033e+13 7.72724656e-03 3.345138e+03
1.418018e-01 1.176812e+14 7.28697076e-03 3.777013e+03
1.418018e-01 1.484968e+14 6.95290723e-03 4.322572e+03
1.418018e-01 1.873817e+14 6.34376266e-03 4.880638e+03
1.418018e-01 2.364489e+14 5.66903480e-03 5.510753e+03
1.418018e-01 2.983647e+14 5.07965319e-03 6.306737e+03
1.418018e-01 3.764936e+14 4.30589528e-03 7.120968e+03
1.418018e-01 4.750810e+14 3.52978920e-03 8.040322e+03
1.418018e-01 5.994843e+14 2.85758420e-03 9.201681e+03
1.418018e-01 7.564633e+14 2.14913422e-03 1.038967e+04
1.418018e-01 9.545485e+14 1.52974632e-03 1.173102e+04
1.418018e-01 1.204504e+15 1.04812960e-03 1.342548e+04
1.418018e-01 1.519911e+15 6.46672469e-04 1.515877e+04
1.418018e-01 1.917910e+15 3.63257386e-04 1.711585e+04
1.418018e-01 2.420128e+15 1.87338452e-04 1.958809e+04
1.418018e-01 3.053856e+15 8.23102847e-05 2.211702e+04
1.418018e-01 3.853529e+15 3.08890250e-05 2.497244e+04
1.418018e-01 4.862602e+15 9.85068999e-06 2.857950e+04
1.418018e-01 6.135907e+15 2.41956255e-06 3.226926e+04
1.418018e-01 7.742637e+15 4.43145115e-07 3.643539e+04
1.418018e-01 9.770100e+15 5.77293758e-08 4.169819e+04
1.418018e-01 1.232847e+16 4.64587010e-09 4.708164e+04
1.418018e-01 1.555676e+16 2.20953710e-10 5.388220e+04
1.418018e-01 1.963041e+16 5.26806813e-12 6.083867e+04
1.418018e-01 2.477076e+16 5.69463088e-14 6.869325e+04
1.418018e-01 3.125716e+16 2.45940883e-16 7.861543e+04
1.418018e-01 3.944206e+16 3.31666373e-19 8.876509e+04
1.418018e-01 4.977024e+16 1.14964907e-22 1.015865e+05
1.418018e-01 6.280291e+16 7.00980519e-27 1.147018e+05
1.418018e-01 7.924829e+16 5.17649536e-32 1.312696e+05
1.418018e-01 1.000000e+17 2.50478433e-38 1.482171e+05
1.520510e-01 1.261857e+07 9.30482216e-04 7.185307e-01
1.520510e-01 1.592283e+07 9.59217105e-04 8.112967e-01
1.520510e-01 2.009233e+07 9.89035842e-04 9.160392e-01
1.520510e-01 2.535364e+07 1.01998562e-03 1.034305e+00
1.520510e-01 3.199267e+07 1.08089206e-03 1.183701e+00
1.520510e-01 4.037017e+07 1.11516706e-03 1.336523e+00
1.520510e-01 5.094138e+07 1.15076375e-03 1.509075e+00
1.520510e-01 6.428073e+07 1.18774037e-03 1.703905e+00
1.520510e-01 8.111308e+07 1.25969432e-03 1.950020e+00
1.520510e-01 1.023531e+08 1.30070863e-03 2.201778e+00
1.520510e-01 1.291550e+08 1.34333752e-03 2.486038e+00
1.520510e-01 1.629751e+08 1.38765283e-03 2.806999e+00
1.520510e-01 2.056512e+08 1.47294321e-03 3.212447e+00
1.520510e-01 2.595024e+08 1.52217052e-03 3.627190e+00
1.520510e-01 3.274549e+08 1.57337236e-03 4.095479e+00
1.520510e-01 4.132012e+08 1.62663662e-03 4.624226e+00
1.520510e-01 5.214008e+08 1.72806054e-03 5.292158e+00
1.520510e-01 6.579332e+08 1.78730586e-03 5.975403e+00
1.520510e-01 8.302176e+08 1.84896451e-03 6.746858e+00
1.520510e-01 1.047616e+09 1.91314265e-03 7.617912e+00
1.520510e-01 1.321941e+09 1.97995036e-03 8.601423e+00
1.520510e-01 1.668101e+09 2.10555727e-03 9.843829e+00
1.520510e-01 2.104904e+09 2.17995091e-03 1.111472e+01
1.520510e-01 2.656088e+09 2.25740948e-03 1.254968e+01
1.520510e-01 3.351603e+09 2.33806161e-03 1.416991e+01
1.520510e-01 4.229243e+09 2.48828371e-03 1.621664e+01
1.520510e-01 5.336699e+09 2.57811292e-03 1.831029e+01
1.520510e-01 6.734151e+09 2.67163783e-03 2.067425e+01
1.520510e-01 8.497534e+09 2.76900115e-03 2.334340e+01
1.520510e-01 1.072267e+10 2.87034657e-03 2.635715e+01
1.520510e-01 1.353048e+10 3.05720840e-03 3.016423e+01
1.520510e-01 1.707353e+10 3.16994860e-03 3.405858e+01
1.520510e-01 2.154435e+10 3.28721638e-03 3.845572e+01
1.520510e-01 2.718588e+10 3.40915003e-03 4.342055e+01
1.520510e-01 3.430469e+10 3.63258958e-03 4.969230e+01
1.520510e-01 4.328761e+10 3.76783906e-03 5.610783e+01
1.520510e-01 5.462277e+10 3.90825205e-03 6.335163e+01
1.520510e-01 6.892612e+10 4.05392230e-03 7.153065e+01
1.520510e-01 8.697490e+10 4.20492134e-03 8.076563e+01
1.520510e-01 1.097499e+11 4.48057724e-03 9.243157e+01
1.520510e-01 1.384886e+11 4.64675474e-03 1.043650e+02
1.520510e-01 1.747528e+11 4.81842833e-03 1.178390e+02
1.520510e-01 2.205131e+11 4.99551310e-03 1.330526e+02
1.520510e-01 2.782559e+11 5.31947986e-03 1.522710e+02
1.520510e-01 3.511192e+11 5.51199419e-03 1.719300e+02
1.520510e-01 4.430621e+11 5.70936683e-03 1.941270e+02
1.520510e-01 5.590810e+11 5.91116877e-03 2.191898e+02
1.520510e-01 7.054802e+11 6.28414340e-03 2.508500e+02
1.520510e-01 8.902151e+11 6.49869484e-03 2.832360e+02
1.520510e-01 1.123324e+12 6.71559167e-03 3.198032e+02
1.520510e-01 1.417474e+12 6.93371835e-03 3.610914e+02
1.520510e-01 1.788650e+12 7.34732278e-03 4.132482e+02
1.520510e-01 2.257020e+12 7.56947478e-03 4.666006e+02
1.520510e-01 2.848036e+12 7.78781261e-03 5.268411e+02
1.520510e-01 3.593814e+12 7.99996411e-03 5.948590e+02
1.520510e-01 4.534879e+12 8.20314464e-03 6.716584e+02
1.520510e-01 5.722368e+12 8.62369765e-03 7.686740e+02
1.520510e-01 7.220809e+12 8.80349716e-03 8.679137e+02
1.520510e-01 9.111628e+12 8.96250980e-03 9.799658e+02
1.520510e-01 1.149757e+13 9.34453765e-03 1.121514e+03
1.520510e-01 1.450829e+13 9.44925532e-03 1.266307e+03
1.520510e-01 1.830738e+13 9.51549696e-03 1.429794e+03
1.520510e-01 2.310130e+13 9.53644055e-03 1.614388e+03
1.520510e-01 2.915053e+13 9.76481970e-03 1.847573e+03
1.520510e-01 3.678380e+13 9.67074823e-03 2.086104e+03
1.520510e-01 4.641589e+13 9.50746505e-03 2.355431e+03
1.520510e-01 5.857021e+13 9.26785559e-03 2.659529e+03
1.520510e-01 7.390722e+13 9.19050376e-03 3.043676e+03
1.520510e-01 9.326033e+13 8.77050511e-03 3.436630e+03
1.520510e-01 1.176812e+14 8.25947723e-03 3.880317e+03
1.520510e-01 1.484968e+14 7.86863678e-03 4.440797e+03
1.520510e-01 1.873817e+14 7.16666699e-03 5.014127e+03
1.520510e-01 2.364489e+14 6.39163645e-03 5.661476e+03
1.520510e-01 2.983647e+14 5.71410436e-03 6.479231e+03
1.520510e-01 3.764936e+14 4.83111348e-03 7.315732e+03
1.520510e-01 4.750810e+14 3.94854344e-03 8.260231e+03
1.520510e-01 5.994843e+14 3.18564896e-03 9.453354e+03
1.520510e-01 7.564633e+14 2.38641378e-03 1.067383e+04
1.520510e-01 9.545485e+14 1.69089661e-03 1.205188e+04
1.520510e-01 1.204504e+15 1.15242017e-03 1.379267e+04
1.520510e-01 1.519911e+15 7.06644608e-04 1.557338e+04
1.520510e-01 1.917910e+15 3.94096413e-04 1.758398e+04
1.520510e-01 2.420128e+15 2.01536069e-04 2.012384e+04
1.520510e-01 3.053856e+15 8.76769107e-05 2.272193e+04
1.520510e-01 3.853529e+15 3.25225755e-05 2.565545e+04
1.520510e-01 4.862602e+15 1.02300910e-05 2.936118e+04
1.520510e-01 6.135907e+15 2.47200482e-06 3.315185e+04
1.520510e-01 7.742637e+15 4.43965003e-07 3.743193e+04
1.520510e-01 9.770100e+15 5.64860654e-08 4.283867e+04
1.520510e-01 1.232847e+16 4.41780520e-09 4.836936e+04
1.520510e-01 1.555676e+16 2.02971111e-10 5.535592e+04
1.520510e-01 1.963041e+16 4.64148548e-12 6.250265e+04
1.520510e-01 2.477076e+16 4.77108883e-14 7.057206e+04
1.520510e-01 3.125716e+16 1.93941102e-16 8.076563e+04
1.520510e-01 3.944206e+16 2.43135970e-19 9.119288e+04
1.520510e-01 4.977024e+16 7.71718972e-23 1.043650e+05
1.520510e-01 6.280291e+16 4.22901006e-27 1.178390e+05
1.520510e-01 7.924829e+16 2.66905725e-32 1.330526e+05
1.520510e-01 1.000000e+17 1.13119606e-38 1.522710e+05
1.630409e-01 1.261857e+07 1.07013639e-03 7.381830e-01
1.630409e-01 1.592283e+07 1.10317981e-03 8.334862e-01
1.630409e-01 2.009233e+07 1.13746904e-03 9.410936e-01
1.630409e-01 2.535364e+07 1.20514233e-03 1.077027e+00
1.630409e-01 3.199267e+07 1.24309883e-03 1.216077e+00
1.630409e-01 4.037017e+07 1.28251028e-03 1.373078e+00
1.630409e-01 5.094138e+07 1.32344063e-03 1.550350e+00
1.630409e-01 6.428073e+07 1.40331669e-03 1.774285e+00
1.630409e-01 8.111308e+07 1.44869673e-03 2.003355e+00
1.630409e-01 1.023531e+08 1.49585308e-03 2.261998e+00
1.630409e-01 1.291550e+08 1.54486449e-03 2.554033e+00
1.630409e-01 1.629751e+08 1.63946006e-03 2.922943e+00
1.630409e-01 2.056512e+08 1.69388123e-03 3.300310e+00
1.630409e-01 2.595024e+08 1.75047372e-03 3.726396e+00
1.630409e-01 3.274549e+08 1.80933406e-03 4.207493e+00
1.630409e-01 4.132012e+08 1.87056298e-03 4.750702e+00
1.630409e-01 5.214008e+08 1.98716924e-03 5.436903e+00
1.630409e-01 6.579332e+08 2.05526784e-03 6.138835e+00
1.630409e-01 8.302176e+08 2.12613708e-03 6.931390e+00
1.630409e-01 1.047616e+09 2.19989847e-03 7.826267e+00
1.630409e-01 1.321941e+09 2.33894684e-03 8.956708e+00
1.630409e-01 1.668101e+09 2.42106107e-03 1.011307e+01
1.630409e-01 2.104904e+09 2.50654850e-03 1.141871e+01
1.630409e-01 2.656088e+09 2.59555196e-03 1.289293e+01
1.630409e-01 3.351603e+09 2.68821829e-03 1.455747e+01
1.630409e-01 4.229243e+09 2.86086147e-03 1.666018e+01
1.630409e-01 5.336699e+09 2.96405529e-03 1.881109e+01
1.630409e-01 6.734151e+09 3.07148496e-03 2.123970e+01
1.630409e-01 8.497534e+09 3.18331283e-03 2.398186e+01
1.630409e-01 1.072267e+10 3.38995151e-03 2.744584e+01
1.630409e-01 1.353048e+10 3.51437744e-03 3.098924e+01
1.630409e-01 1.707353e+10 3.64382218e-03 3.499011e+01
1.630409e-01 2.154435e+10 3.77844729e-03 3.950751e+01
1.630409e-01 2.718588e+10 3.91840847e-03 4.460813e+01
1.630409e-01 3.430469e+10 4.17500209e-03 5.105142e+01
1.630409e-01 4.328761e+10 4.33019629e-03 5.764242e+01
1.630409e-01 5.462277e+10 4.49128497e-03 6.508435e+01
1.630409e-01 6.892612e+10 4.65837047e-03 7.348707e+01
1.630409e-01 8.697490e+10 4.96367490e-03 8.410168e+01
1.630409e-01 1.097499e+11 5.14785242e-03 9.495964e+01
1.630409e-01 1.384886e+11 5.33831691e-03 1.072194e+02
1.630409e-01 1.747528e+11 5.53502104e-03 1.210620e+02
1.630409e-01 2.205131e+11 5.73785709e-03 1.366917e+02
1.630409e-01 2.782559e+11 6.10928926e-03 1.564357e+02
1.630409e-01 3.511192e+11 6.32962423e-03 1.766324e+02
1.630409e-01 4.430621e+11 6.55541398e-03 1.994365e+02
1.630409e-01 5.590810e+11 6.78614921e-03 2.251848e+02
1.630409e-01 7.054802e+11 7.21320623e-03 2.577109e+02
1.630409e-01 8.902151e+11 7.45820621e-03 2.909827e+02
1.630409e-01 1.123324e+12 7.70569138e-03 3.285501e+02
1.630409e-01 1.417474e+12 7.95435525e-03 3.709676e+02
1.630409e-01 1.788650e+12 8.20261180e-03 4.188614e+02
1.630409e-01 2.257020e+12 8.67962881e-03 4.793625e+02
1.630409e-01 2.848036e+12 8.92758686e-03 5.412507e+02
1.630409e-01 3.593814e+12 9.16807588e-03 6.111289e+02
1.630409e-01 4.534879e+12 9.39786372e-03 6.900288e+02
1.630409e-01 5.722368e+12 9.87612173e-03 7.896978e+02
1.630409e-01 7.220809e+12 1.00780401e-02 8.916518e+02
1.630409e-01 9.111628e+12 1.02555811e-02 1.006769e+03
1.630409e-01 1.149757e+13 1.04030112e-02 1.136748e+03
1.630409e-01 1.450829e+13 1.08014978e-02 1.300942e+03
1.630409e-01 1.830738e+13 1.08707214e-02 1.468900e+03
1.630409e-01 2.310130e+13 1.08874056e-02 1.658542e+03
1.630409e-01 2.915053e+13 1.11398761e-02 1.898105e+03
1.630409e-01 3.678380e+13 1.10234258e-02 2.143160e+03
1.630409e-01 4.641589e+13 1.08272650e-02 2.419853e+03
1.630409e-01 5.857021e+13 1.05434302e-02 2.732269e+03
1.630409e-01 7.390722e+13 1.04432275e-02 3.126923e+03
1.630409e-01 9.326033e+13 9.95287895e-03 3.530625e+03
1.630409e-01 1.176812e+14 9.35904981e-03 3.986446e+03
1.630409e-01 1.484968e+14 8.90120842e-03 4.562256e+03
1.630409e-01 1.873817e+14 8.09168559e-03 5.151267e+03
1.630409e-01 2.364489e+14 7.20099755e-03 5.816322e+03
1.630409e-01 2.983647e+14 6.25082063e-03 6.567239e+03
1.630409e-01 3.764936e+14 5.41412603e-03 7.515823e+03
1.630409e-01 4.750810e+14 4.41074760e-03 8.486155e+03
1.630409e-01 5.994843e+14 3.45094886e-03 9.581761e+03
1.630409e-01 7.564633e+14 2.64449315e-03 1.096577e+04
1.630409e-01 9.545485e+14 1.86449159e-03 1.238151e+04
1.630409e-01 1.204504e+15 1.22980998e-03 1.398002e+04
1.630409e-01 1.519911e+15 7.69555619e-04 1.599932e+04
1.630409e-01 1.917910e+15 4.25840391e-04 1.806492e+04
1.630409e-01 2.420128e+15 2.10041429e-04 2.039719e+04
1.630409e-01 3.053856e+15 9.28744890e-05 2.334340e+04
1.630409e-01 3.853529e+15 3.40186063e-05 2.635715e+04
1.630409e-01 4.862602e+15 1.05423165e-05 3.016423e+04
1.630409e-01 6.135907e+15 2.50266155e-06 3.405858e+04
1.630409e-01 7.742637e+15 4.40016308e-07 3.845572e+04
1.630409e-01 9.770100e+15 5.45671688e-08 4.401034e+04
1.630409e-01 1.232847e+16 4.13749710e-09 4.969230e+04
1.630409e-01 1.555676e+16 1.78223533e-10 5.610783e+04
1.630409e-01 1.963041e+16 4.00165028e-12 6.421215e+04
1.630409e-01 2.477076e+16 3.89483690e-14 7.250226e+04
1.630409e-01 3.125716e+16 1.48249543e-16 8.297463e+04
1.630409e-01 3.944206e+16 1.71707386e-19 9.368708e+04
1.630409e-01 4.977024e+16 4.82143623e-23 1.057826e+05
1.630409e-01 6.280291e+16 2.41754751e-27 1.210620e+05
1.630409e-01 7.924829e+16 1.32496077e-32 1.366917e+05
1.630409e-01 1.000000e+17 4.72307413e-39 1.564357e+05
1.748252e-01 1.261857e+07 1.23188122e-03 7.583729e-01
1.748252e-01 1.592283e+07 1.26991357e-03 8.562827e-01
1.748252e-01 2.009233e+07 1.30937915e-03 9.668332e-01
1.748252e-01 2.535364e+07 1.38727306e-03 1.106484e+00
1.748252e-01 3.199267e+07 1.43095784e-03 1.249337e+00
1.748252e-01 4.037017e+07 1.47631618e-03 1.410633e+00
1.748252e-01 5.094138e+07 1.52342153e-03 1.592753e+00
1.748252e-01 6.428073e+07 1.61535569e-03 1.822813e+00
1.748252e-01 8.111308e+07 1.66757942e-03 2.058148e+00
1.748252e-01 1.023531e+08 1.72184587e-03 2.323865e+00
1.748252e-01 1.291550e+08 1.77824539e-03 2.623888e+00
1.748252e-01 1.629751e+08 1.88711243e-03 3.002888e+00
1.748252e-01 2.056512e+08 1.94973311e-03 3.390576e+00
1.748252e-01 2.595024e+08 2.01484989e-03 3.828316e+00
1.748252e-01 3.274549e+08 2.08257351e-03 4.322572e+00
1.748252e-01 4.132012e+08 2.21190618e-03 4.946932e+00
1.748252e-01 5.214008e+08 2.28719942e-03 5.585606e+00
1.748252e-01 6.579332e+08 2.36554195e-03 6.306737e+00
1.748252e-01 8.302176e+08 2.44706775e-03 7.120968e+00
1.748252e-01 1.047616e+09 2.53191594e-03 8.040322e+00
1.748252e-01 1.321941e+09 2.69189600e-03 9.201681e+00
1.748252e-01 1.668101e+09 2.78634102e-03 1.038967e+01
1.748252e-01 2.104904e+09 2.88465912e-03 1.173102e+01
1.748252e-01 2.656088e+09 2.98701351e-03 1.324556e+01
1.748252e-01 3.351603e+09 3.17818344e-03 1.515877e+01
1.748252e-01 4.229243e+09 3.29215142e-03 1.711585e+01
1.748252e-01 5.336699e+09 3.41079467e-03 1.932559e+01
1.748252e-01 6.734151e+09 3.53429579e-03 2.182063e+01
1.748252e-01 8.497534e+09 3.66283944e-03 2.463778e+01
1.748252e-01 1.072267e+10 3.90045120e-03 2.819651e+01
1.748252e-01 1.353048e+10 4.04344185e-03 3.183682e+01
1.748252e-01 1.707353e+10 4.19218011e-03 3.594712e+01
1.748252e-01 2.154435e+10 4.34684824e-03 4.058807e+01
1.748252e-01 2.718588e+10 4.50762134e-03 4.582820e+01
1.748252e-01 3.430469e+10 4.80251943e-03 5.244771e+01
1.748252e-01 4.328761e+10 4.98072622e-03 5.921898e+01
1.748252e-01 5.462277e+10 5.16566343e-03 6.686446e+01
1.748252e-01 6.892612e+10 5.35744204e-03 7.549700e+01
1.748252e-01 8.697490e+10 5.55614189e-03 8.524405e+01
1.748252e-01 1.097499e+11 5.91939354e-03 9.755686e+01
1.748252e-01 1.384886e+11 6.13782736e-03 1.101519e+02
1.748252e-01 1.747528e+11 6.36334243e-03 1.243731e+02
1.748252e-01 2.205131e+11 6.59580227e-03 1.404303e+02
1.748252e-01 2.782559e+11 7.02192649e-03 1.607144e+02
1.748252e-01 3.511192e+11 7.27422291e-03 1.814634e+02
1.748252e-01 4.430621e+11 7.53263334e-03 2.048913e+02
1.748252e-01 5.590810e+11 7.79655179e-03 2.313438e+02
1.748252e-01 7.054802e+11 8.06519891e-03 2.612114e+02
1.748252e-01 8.902151e+11 8.56563207e-03 2.989413e+02
1.748252e-01 1.123324e+12 8.84807302e-03 3.375362e+02
1.748252e-01 1.417474e+12 9.13157823e-03 3.811138e+02
1.748252e-01 1.788650e+12 9.41429083e-03 4.303176e+02
1.748252e-01 2.257020e+12 9.95912092e-03 4.924734e+02
1.748252e-01 2.848036e+12 1.02406379e-02 5.560543e+02
1.748252e-01 3.593814e+12 1.05131190e-02 6.278437e+02
1.748252e-01 4.534879e+12 1.07728079e-02 7.089016e+02
1.748252e-01 5.722368e+12 1.13166238e-02 8.112967e+02
1.748252e-01 7.220809e+12 1.15430242e-02 9.160392e+02
1.748252e-01 9.111628e+12 1.17407856e-02 1.034305e+03
1.748252e-01 1.149757e+13 1.19032938e-02 1.167839e+03
1.748252e-01 1.450829e+13 1.23520297e-02 1.336523e+03
1.748252e-01 1.830738e+13 1.24231245e-02 1.509075e+03
1.748252e-01 2.310130e+13 1.24332082e-02 1.703905e+03
1.748252e-01 2.915053e+13 1.23728780e-02 1.923888e+03
1.748252e-01 3.678380e+13 1.25671016e-02 2.201778e+03
1.748252e-01 4.641589e+13 1.23310540e-02 2.486038e+03
1.748252e-01 5.857021e+13 1.19942524e-02 2.806999e+03
1.748252e-01 7.390722e+13 1.18652020e-02 3.212447e+03
1.748252e-01 9.326033e+13 1.12919438e-02 3.627190e+03
1.748252e-01 1.176812e+14 1.06011117e-02 4.095479e+03
1.748252e-01 1.484968e+14 9.79619581e-03 4.624226e+03
1.748252e-01 1.873817e+14 9.12993007e-03 5.292158e+03
1.748252e-01 2.364489e+14 8.10586045e-03 5.975403e+03
1.748252e-01 2.983647e+14 7.01743505e-03 6.746858e+03
1.748252e-01 3.764936e+14 6.05951624e-03 7.721387e+03
1.748252e-01 4.750810e+14 4.91920947e-03 8.718257e+03
1.748252e-01 5.994843e+14 3.83324914e-03 9.843829e+03
1.748252e-01 7.564633e+14 2.92380568e-03 1.126569e+04
1.748252e-01 9.545485e+14 2.05035212e-03 1.272015e+04
1.748252e-01 1.204504e+15 1.34398480e-03 1.436238e+04
1.748252e-01 1.519911e+15 8.34910840e-04 1.643692e+04
1.748252e-01 1.917910e+15 4.58101001e-04 1.855900e+04
1.748252e-01 2.420128e+15 2.23720199e-04 2.095507e+04
1.748252e-01 3.053856e+15 9.77771576e-05 2.398186e+04
1.748252e-01 3.853529e+15 3.53271076e-05 2.707804e+04
1.748252e-01 4.862602e+15 1.04852483e-05 3.057395e+04
1.748252e-01 6.135907e+15 2.50841500e-06 3.499011e+04
1.748252e-01 7.742637e+15 4.30964817e-07 3.950751e+04
1.748252e-01 9.770100e+15 5.05943169e-08 4.460813e+04
1.748252e-01 1.232847e+16 3.81078258e-09 5.105142e+04
1.748252e-01 1.555676e+16 1.57602974e-10 5.764242e+04
1.748252e-01 1.963041e+16 3.36887854e-12 6.596840e+04
1.748252e-01 2.477076e+16 3.09024530e-14 7.448526e+04
1.748252e-01 3.125716e+16 1.06606390e-16 8.410168e+04
1.748252e-01 3.944206e+16 1.16403752e-19 9.624949e+04
1.748252e-01 4.977024e+16 2.94641288e-23 1.086758e+05
1.748252e-01 6.280291e+16 1.30281162e-27 1.243731e+05
1.748252e-01 7.924829e+16 6.12583973e-33 1.404303e+05
1.748252e-01 1.000000e+17 1.80962208e-39 1.607144e+05
1.874612e-01 1.261857e+07 1.41942522e-03 7.791150e-01
1.874612e-01 1.592283e+07 1.46324080e-03 8.797027e-01
1.874612e-01 2.009233e+07 1.50870668e-03 9.932768e-01
1.874612e-01 2.535364e+07 1.59844938e-03 1.136748e+00
1.874612e-01 3.199267e+07 1.64877384e-03 1.283508e+00
1.874612e-01 4.037017e+07 1.70102500e-03 1.449215e+00
1.874612e-01 5.094138e+07 1.75528732e-03 1.636316e+00
1.874612e-01 6.428073e+07 1.86119906e-03 1.872669e+00
1.874612e-01 8.111308e+07 1.92135413e-03 2.114440e+00
1.874612e-01 1.023531e+08 1.98386026e-03 2.387425e+00
1.874612e-01 1.291550e+08 2.04882125e-03 2.695653e+00
1.874612e-01 1.629751e+08 2.17422938e-03 3.085019e+00
1.874612e-01 2.056512e+08 2.24635075e-03 3.483310e+00
1.874612e-01 2.595024e+08 2.32134396e-03 3.933024e+00
1.874612e-01 3.274549e+08 2.39933610e-03 4.440797e+00
1.874612e-01 4.132012e+08 2.54830214e-03 5.082234e+00
1.874612e-01 5.214008e+08 2.63500352e-03 5.738377e+00
1.874612e-01 6.579332e+08 2.72521152e-03 6.479231e+00
1.874612e-01 8.302176e+08 2.81907970e-03 7.315732e+00
1.874612e-01 1.047616e+09 2.91676743e-03 8.260231e+00
1.874612e-01 1.321941e+09 3.10099642e-03 9.453354e+00
1.874612e-01 1.668101e+09 3.20971878e-03 1.067383e+01
1.874612e-01 2.104904e+09 3.32289135e-03 1.205188e+01
1.874612e-01 2.656088e+09 3.44070068e-03 1.360784e+01
1.874612e-01 3.351603e+09 3.56333827e-03 1.536468e+01
1.874612e-01 4.229243e+09 3.79195154e-03 1.758398e+01
1.874612e-01 5.336699e+09 3.92847146e-03 1.985416e+01
1.874612e-01 6.734151e+09 4.07056599e-03 2.241744e+01
1.874612e-01 8.497534e+09 4.21844511e-03 2.531164e+01
1.874612e-01 1.072267e+10 4.49190554e-03 2.896770e+01
1.874612e-01 1.353048e+10 4.65636192e-03 3.270758e+01
1.874612e-01 1.707353e+10 4.82740362e-03 3.693030e+01
1.874612e-01 2.154435e+10 5.00523604e-03 4.169819e+01
1.874612e-01 2.718588e+10 5.19005573e-03 4.708164e+01
1.874612e-01 3.430469e+10 5.52924936e-03 5.388220e+01
1.874612e-01 4.328761e+10 5.73402953e-03 6.083867e+01
1.874612e-01 5.462277e+10 5.94649599e-03 6.869325e+01
1.874612e-01 6.892612e+10 6.16676804e-03 7.756190e+01
1.874612e-01 8.697490e+10 6.39492811e-03 8.757554e+01
1.874612e-01 1.097499e+11 6.81237568e-03 1.002251e+02
1.874612e-01 1.384886e+11 7.06303921e-03 1.131647e+02
1.874612e-01 1.747528e+11 7.32173531e-03 1.277748e+02
1.874612e-01 2.205131e+11 7.58829114e-03 1.442712e+02
1.874612e-01 2.782559e+11 7.86243300e-03 1.628974e+02
1.874612e-01 3.511192e+11 8.36650557e-03 1.864266e+02
1.874612e-01 4.430621e+11 8.66237333e-03 2.104952e+02
1.874612e-01 5.590810e+11 8.96435719e-03 2.376712e+02
1.874612e-01 7.054802e+11 9.27153223e-03 2.683558e+02
1.874612e-01 8.902151e+11 9.84483240e-03 3.071176e+02
1.874612e-01 1.123324e+12 1.01672138e-02 3.467680e+02
1.874612e-01 1.417474e+12 1.04904578e-02 3.915376e+02
1.874612e-01 1.788650e+12 1.08123867e-02 4.420871e+02
1.874612e-01 2.257020e+12 1.14348179e-02 5.059430e+02
1.874612e-01 2.848036e+12 1.17543125e-02 5.712628e+02
1.874612e-01 3.593814e+12 1.20628541e-02 6.450157e+02
1.874612e-01 4.534879e+12 1.23560708e-02 7.282906e+02
1.874612e-01 5.722368e+12 1.26288994e-02 8.223166e+02
1.874612e-01 7.220809e+12 1.32276828e-02 9.410936e+02
1.874612e-01 9.111628e+12 1.34473490e-02 1.062594e+03
1.874612e-01 1.149757e+13 1.36256726e-02 1.199780e+03
1.874612e-01 1.450829e+13 1.41303625e-02 1.373078e+03
1.874612e-01 1.830738e+13 1.42016702e-02 1.550350e+03
1.874612e-01 2.310130e+13 1.42020439e-02 1.750508e+03
1.874612e-01 2.915053e+13 1.41207673e-02 1.976507e+03
1.874612e-01 3.678380e+13 1.43284161e-02 2.261998e+03
1.874612e-01 4.641589e+13 1.40439151e-02 2.554033e+03
1.874612e-01 5.857021e+13 1.36435834e-02 2.883772e+03
1.874612e-01 7.390722e+13 1.31193704e-02 3.256082e+03
1.874612e-01 9.326033e+13 1.28071083e-02 3.726396e+03
1.874612e-01 1.176812e+14 1.20025276e-02 4.207493e+03
1.874612e-01 1.484968e+14 1.10692358e-02 4.750702e+03
1.874612e-01 1.873817e+14 1.02932125e-02 5.436903e+03
1.874612e-01 2.364489e+14 9.11532279e-03 6.138835e+03
1.874612e-01 2.983647e+14 7.86837937e-03 6.931390e+03
1.874612e-01 3.764936e+14 6.59141955e-03 7.826267e+03
1.874612e-01 4.750810e+14 5.47641532e-03 8.956708e+03
1.874612e-01 5.994843e+14 4.24875395e-03 1.011307e+04
1.874612e-01 7.564633e+14 3.13853313e-03 1.141871e+04
1.874612e-01 9.545485e+14 2.24794132e-03 1.306805e+04
1.874612e-01 1.204504e+15 1.46353959e-03 1.475521e+04
1.874612e-01 1.519911e+15 8.78015198e-04 1.666018e+04
1.874612e-01 1.917910e+15 4.90385095e-04 1.906661e+04
1.874612e-01 2.420128e+15 2.36915645e-04 2.152820e+04
1.874612e-01 3.053856e+15 9.95199565e-05 2.430761e+04
1.874612e-01 3.853529e+15 3.63944738e-05 2.781864e+04
1.874612e-01 4.862602e+15 1.06137224e-05 3.141017e+04
1.874612e-01 6.135907e+15 2.48656979e-06 3.594712e+04
1.874612e-01 7.742637e+15 4.16631114e-07 4.058807e+04
1.874612e-01 9.770100e+15 4.74550400e-08 4.582820e+04
1.874612e-01 1.232847e+16 3.44602322e-09 5.244771e+04
1.874612e-01 1.555676e+16 1.36352252e-10 5.921898e+04
1.874612e-01 1.963041e+16 2.68945602e-12 6.686446e+04
1.874612e-01 2.477076e+16 2.37641193e-14 7.652248e+04
1.874612e-01 3.125716e+16 7.58640759e-17 8.640193e+04
1.874612e-01 3.944206e+16 7.54502341e-20 9.888199e+04
1.874612e-01 4.977024e+16 1.70619698e-23 1.116482e+05
1.874612e-01 6.280291e+16 6.40567291e-28 1.260625e+05
1.874612e-01 7.924829e+16 2.61980140e-33 1.442712e+05
1.874612e-01 1.000000e+17 6.14207625e-40 1.628974e+05
2.010105e-01 1.261857e+07 1.63713724e-03 8.004244e-01
2.010105e-01 1.592283e+07 1.68766446e-03 9.037633e-01
2.010105e-01 2.009233e+07 1.74009367e-03 1.020444e+00
2.010105e-01 2.535364e+07 1.84358845e-03 1.167839e+00
2.010105e-01 3.199267e+07 1.90161768e-03 1.318612e+00
2.010105e-01 4.037017e+07 1.96186708e-03 1.488852e+00
2.010105e-01 5.094138e+07 2.02443379e-03 1.681071e+00
2.010105e-01 6.428073e+07 2.14656657e-03 1.923888e+00
2.010105e-01 8.111308e+07 2.21592372e-03 2.172271e+00
2.010105e-01 1.023531e+08 2.28798918e-03 2.452723e+00
2.010105e-01 1.291550e+08 2.36288231e-03 2.769382e+00
2.010105e-01 1.629751e+08 2.50748368e-03 3.169396e+00
2.010105e-01 2.056512e+08 2.59062546e-03 3.578582e+00
2.010105e-01 2.595024e+08 2.67707420e-03 4.040595e+00
2.010105e-01 3.274549e+08 2.76697580e-03 4.562256e+00
2.010105e-01 4.132012e+08 2.86048238e-03 5.151267e+00
2.010105e-01 5.214008e+08 3.03864932e-03 5.895326e+00
2.010105e-01 6.579332e+08 3.14261564e-03 6.656443e+00
2.010105e-01 8.302176e+08 3.25079381e-03 7.515823e+00
2.010105e-01 1.047616e+09 3.36336648e-03 8.486155e+00
2.010105e-01 1.321941e+09 3.57571770e-03 9.711911e+00
2.010105e-01 1.668101e+09 3.70098823e-03 1.096577e+01
2.010105e-01 2.104904e+09 3.83137581e-03 1.238151e+01
2.010105e-01 2.656088e+09 3.96709369e-03 1.398002e+01
2.010105e-01 3.351603e+09 4.10836061e-03 1.578491e+01
2.010105e-01 4.229243e+09 4.37178838e-03 1.806492e+01
2.010105e-01 5.336699e+09 4.52901361e-03 2.039719e+01
2.010105e-01 6.734151e+09 4.69263980e-03 2.303057e+01
2.010105e-01 8.497534e+09 4.86290562e-03 2.600393e+01
2.010105e-01 1.072267e+10 5.04004982e-03 2.936118e+01
2.010105e-01 1.353048e+10 5.36719786e-03 3.360216e+01
2.010105e-01 1.707353e+10 5.56404520e-03 3.794037e+01
2.010105e-01 2.154435e+10 5.76867222e-03 4.283867e+01
2.010105e-01 2.718588e+10 5.98129909e-03 4.836936e+01
2.010105e-01 3.430469e+10 6.20213022e-03 5.461409e+01
2.010105e-01 4.328761e+10 6.60725238e-03 6.250265e+01
2.010105e-01 5.462277e+10 6.85152052e-03 7.057206e+01
2.010105e-01 6.892612e+10 7.10469457e-03 7.968328e+01
2.010105e-01 8.697490e+10 7.36685762e-03 8.997080e+01
2.010105e-01 1.097499e+11 7.63803794e-03 1.015865e+02
2.010105e-01 1.384886e+11 8.13476819e-03 1.162598e+02
2.010105e-01 1.747528e+11 8.43169827e-03 1.312696e+02
2.010105e-01 2.205131e+11 8.73751566e-03 1.482171e+02
2.010105e-01 2.782559e+11 9.05188303e-03 1.673527e+02
2.010105e-01 3.511192e+11 9.63071723e-03 1.915255e+02
2.010105e-01 4.430621e+11 9.96960597e-03 2.162524e+02
2.010105e-01 5.590810e+11 1.03152613e-02 2.441717e+02
2.010105e-01 7.054802e+11 1.06665832e-02 2.756955e+02
2.010105e-01 8.902151e+11 1.10221955e-02 3.112892e+02
2.010105e-01 1.123324e+12 1.16916648e-02 3.562524e+02
2.010105e-01 1.417474e+12 1.20602114e-02 4.022464e+02
2.010105e-01 1.788650e+12 1.24267418e-02 4.541785e+02
2.010105e-01 2.257020e+12 1.27881991e-02 5.128153e+02
2.010105e-01 2.848036e+12 1.35003774e-02 5.868873e+02
2.010105e-01 3.593814e+12 1.38494853e-02 6.626574e+02
2.010105e-01 4.534879e+12 1.41801951e-02 7.482099e+02
2.010105e-01 5.722368e+12 1.44866179e-02 8.448076e+02
2.010105e-01 7.220809e+12 1.51657597e-02 9.668332e+02
2.010105e-01 9.111628e+12 1.54089365e-02 1.091656e+03
2.010105e-01 1.149757e+13 1.56035475e-02 1.232595e+03
2.010105e-01 1.450829e+13 1.57398246e-02 1.391729e+03
2.010105e-01 1.830738e+13 1.62394553e-02 1.592753e+03
2.010105e-01 2.310130e+13 1.62260203e-02 1.798386e+03
2.010105e-01 2.915053e+13 1.61178100e-02 2.030566e+03
2.010105e-01 3.678380e+13 1.59025009e-02 2.292723e+03
2.010105e-01 4.641589e+13 1.59940140e-02 2.623888e+03
2.010105e-01 5.857021e+13 1.55173767e-02 2.962645e+03
2.010105e-01 7.390722e+13 1.48988153e-02 3.345138e+03
2.010105e-01 9.326033e+13 1.41331117e-02 3.777013e+03
2.010105e-01 1.176812e+14 1.35815852e-02 4.322572e+03
2.010105e-01 1.484968e+14 1.24985287e-02 4.880638e+03
2.010105e-01 1.873817e+14 1.12852525e-02 5.510753e+03
2.010105e-01 2.364489e+14 1.02386671e-02 6.306737e+03
2.010105e-01 2.983647e+14 8.81008053e-03 7.120968e+03
2.010105e-01 3.764936e+14 7.35359745e-03 8.040322e+03
2.010105e-01 4.750810e+14 6.08434109e-03 9.201681e+03
2.010105e-01 5.994843e+14 4.69791941e-03 1.038967e+04
2.010105e-01 7.564633e+14 3.45128675e-03 1.173102e+04
2.010105e-01 9.545485e+14 2.39088168e-03 1.324556e+04
2.010105e-01 1.204504e+15 1.58742229e-03 1.515877e+04
2.010105e-01 1.519911e+15 9.44193408e-04 1.711585e+04
2.010105e-01 1.917910e+15 5.08186260e-04 1.932559e+04
2.010105e-01 2.420128e+15 2.49287900e-04 2.211702e+04
2.010105e-01 3.053856e+15 1.03285762e-04 2.497244e+04
2.010105e-01 3.853529e+15 3.71652436e-05 2.857950e+04
2.010105e-01 4.862602e+15 1.06331958e-05 3.226926e+04
2.010105e-01 6.135907e+15 2.37026340e-06 3.643539e+04
2.010105e-01 7.742637e+15 3.97030553e-07 4.169819e+04
2.010105e-01 9.770100e+15 4.37601523e-08 4.708164e+04
2.010105e-01 1.232847e+16 2.97257647e-09 5.316012e+04
2.010105e-01 1.555676e+16 1.15162952e-10 6.083867e+04
2.010105e-01 1.963041e+16 2.14333073e-12 6.869325e+04
2.010105e-01 2.477076e+16 1.76577511e-14 7.861543e+04
2.010105e-01 3.125716e+16 5.18124104e-17 8.876509e+04
2.010105e-01 3.944206e+16 4.53146896e-20 1.002251e+05
2.010105e-01 4.977024e+16 9.31309298e-24 1.147018e+05
2.010105e-01 6.280291e+16 3.01380884e-28 1.295104e+05
2.010105e-01 7.924829e+16 1.02850908e-33 1.482171e+05
2.010105e-01 1.000000e+17 1.93133775e-40 1.673527e+05
2.155392e-01 1.261857e+07 1.89017008e-03 8.223166e-01
2.155392e-01 1.592283e+07 1.94849537e-03 9.284819e-01
2.155392e-01 2.009233e+07 2.00901481e-03 1.048354e+00
2.155392e-01 2.535364e+07 2.12848931e-03 1.199780e+00
2.155392e-01 3.199267e+07 2.19546952e-03 1.354678e+00
2.155392e-01 4.037017e+07 2.26501042e-03 1.529573e+00
2.155392e-01 5.094138e+07 2.33722385e-03 1.727049e+00
2.155392e-01 6.428073e+07 2.47820296e-03 1.976507e+00
2.155392e-01 8.111308e+07 2.55824856e-03 2.231685e+00
2.155392e-01 1.023531e+08 2.64141685e-03 2.519806e+00
2.155392e-01 1.291550e+08 2.72784509e-03 2.845126e+00
2.155392e-01 1.629751e+08 2.81767684e-03 3.212447e+00
2.155392e-01 2.056512e+08 2.99068165e-03 3.676459e+00
2.155392e-01 2.595024e+08 3.09043210e-03 4.151108e+00
2.155392e-01 3.274549e+08 3.19416147e-03 4.687038e+00
2.155392e-01 4.132012e+08 3.30204447e-03 5.292158e+00
2.155392e-01 5.214008e+08 3.50764589e-03 6.056568e+00
2.155392e-01 6.579332e+08 3.62758242e-03 6.838501e+00
2.155392e-01 8.302176e+08 3.75236952e-03 7.721387e+00
2.155392e-01 1.047616e+09 3.88221657e-03 8.718257e+00
2.155392e-01 1.321941e+09 4.01734023e-03 9.843829e+00
2.155392e-01 1.668101e+09 4.27168810e-03 1.126569e+01
2.155392e-01 2.104904e+09 4.42204672e-03 1.272015e+01
2.155392e-01 2.656088e+09 4.57853725e-03 1.436238e+01
2.155392e-01 3.351603e+09 4.74140954e-03 1.621664e+01
2.155392e-01 4.229243e+09 4.91091845e-03 1.831029e+01
2.155392e-01 5.336699e+09 5.22646577e-03 2.095507e+01
2.155392e-01 6.734151e+09 5.41504986e-03 2.366047e+01
2.155392e-01 8.497534e+09 5.61125927e-03 2.671516e+01
2.155392e-01 1.072267e+10 5.81536468e-03 3.016423e+01
2.155392e-01 1.353048e+10 6.02763368e-03 3.405858e+01
2.155392e-01 1.707353e+10 6.41922514e-03 3.897807e+01
2.155392e-01 2.154435e+10 6.65487213e-03 4.401034e+01
2.155392e-01 2.718588e+10 6.89968110e-03 4.969230e+01
2.155392e-01 3.430469e+10 7.15387891e-03 5.610783e+01
2.155392e-01 4.328761e+10 7.41766813e-03 6.335163e+01
2.155392e-01 5.462277e+10 7.90157875e-03 7.250226e+01
2.155392e-01 6.892612e+10 8.19277122e-03 8.186268e+01
2.155392e-01 8.697490e+10 8.49420540e-03 9.243157e+01
2.155392e-01 1.097499e+11 8.80589709e-03 1.043650e+02
2.155392e-01 1.384886e+11 9.12778569e-03 1.178390e+02
2.155392e-01 1.747528e+11 9.71844493e-03 1.348599e+02
2.155392e-01 2.205131e+11 1.00694903e-02 1.522710e+02
2.155392e-01 2.782559e+11 1.04301572e-02 1.719300e+02
2.155392e-01 3.511192e+11 1.07998639e-02 1.941270e+02
2.155392e-01 4.430621e+11 1.14835551e-02 2.221671e+02
2.155392e-01 5.590810e+11 1.18793150e-02 2.508500e+02
2.155392e-01 7.054802e+11 1.22812165e-02 2.832360e+02
2.155392e-01 8.902151e+11 1.26876255e-02 3.198032e+02
2.155392e-01 1.123324e+12 1.30965347e-02 3.610914e+02
2.155392e-01 1.417474e+12 1.38748917e-02 4.132482e+02
2.155392e-01 1.788650e+12 1.42920996e-02 4.666006e+02
2.155392e-01 2.257020e+12 1.47027682e-02 5.268411e+02
2.155392e-01 2.848036e+12 1.51026540e-02 5.948590e+02
2.155392e-01 3.593814e+12 1.59103567e-02 6.807816e+02
2.155392e-01 4.534879e+12 1.62828552e-02 7.686740e+02
2.155392e-01 5.722368e+12 1.66263615e-02 8.679137e+02
2.155392e-01 7.220809e+12 1.69330375e-02 9.799658e+02
2.155392e-01 9.111628e+12 1.76642818e-02 1.121514e+03
2.155392e-01 1.149757e+13 1.78752467e-02 1.266307e+03
2.155392e-01 1.450829e+13 1.80178052e-02 1.429794e+03
2.155392e-01 1.830738e+13 1.80797256e-02 1.614388e+03
2.155392e-01 2.310130e+13 1.85416076e-02 1.847573e+03
2.155392e-01 2.915053e+13 1.83988776e-02 2.086104e+03
2.155392e-01 3.678380e+13 1.81320989e-02 2.355431e+03
2.155392e-01 4.641589e+13 1.77279656e-02 2.659529e+03
2.155392e-01 5.857021e+13 1.76444357e-02 3.043676e+03
2.155392e-01 7.390722e+13 1.69134607e-02 3.436630e+03
2.155392e-01 9.326033e+13 1.60147583e-02 3.880317e+03
2.155392e-01 1.176812e+14 1.49490436e-02 4.381286e+03
2.155392e-01 1.484968e+14 1.41000712e-02 5.014127e+03
2.155392e-01 1.873817e+14 1.26974836e-02 5.661476e+03
2.155392e-01 2.364489e+14 1.11793519e-02 6.392402e+03
2.155392e-01 2.983647e+14 9.84857596e-03 7.315732e+03
2.155392e-01 3.764936e+14 8.18805486e-03 8.260231e+03
2.155392e-01 4.750810e+14 6.56466720e-03 9.326669e+03
2.155392e-01 5.994843e+14 5.18044728e-03 1.067383e+04
2.155392e-01 7.564633e+14 3.78305070e-03 1.205188e+04
2.155392e-01 9.545485e+14 2.60263309e-03 1.360784e+04
2.155392e-01 1.204504e+15 1.66856071e-03 1.536468e+04
2.155392e-01 1.519911e+15 1.01011581e-03 1.758398e+04
2.155392e-01 1.917910e+15 5.37767369e-04 1.985416e+04
2.155392e-01 2.420128e+15 2.53517195e-04 2.241744e+04
2.155392e-01 3.053856e+15 1.06306801e-04 2.565545e+04
2.155392e-01 3.853529e+15 3.65839146e-05 2.896770e+04
2.155392e-01 4.862602e+15 1.05316844e-05 3.315185e+04
2.155392e-01 6.135907e+15 2.29022354e-06 3.743193e+04
2.155392e-01 7.742637e+15 3.62493057e-07 4.226458e+04
2.155392e-01 9.770100e+15 3.96039782e-08 4.836936e+04
2.155392e-01 1.232847e+16 2.57636872e-09 5.461409e+04
2.155392e-01 1.555676e+16 9.22029171e-11 6.166505e+04
2.155392e-01 1.963041e+16 1.65496959e-12 7.057206e+04
2.155392e-01 2.477076e+16 1.22977374e-14 7.968328e+04
2.155392e-01 3.125716e+16 3.38219131e-17 9.119288e+04
2.155392e-01 3.944206e+16 2.64859154e-20 1.029663e+05
2.155392e-01 4.977024e+16 4.63687964e-24 1.162598e+05
2.155392e-01 6.280291e+16 1.31149025e-28 1.330526e+05
2.155392e-01 7.924829e+16 3.57764613e-34 1.502304e+05
2.155392e-01 1.000000e+17 5.42090072e-41 1.719300e+05
2.311179e-01 1.261857e+07 2.18460793e-03 8.448076e-01
2.311179e-01 1.592283e+07 2.25200415e-03 9.538766e-01
2.311179e-01 2.009233e+07 2.32193402e-03 1.077027e+00
2.311179e-01 2.535364e+07 2.39450698e-03 1.216077e+00
2.311179e-01 3.199267e+07 2.53738956e-03 1.391729e+00
2.311179e-01 4.037017e+07 2.61773677e-03 1.571408e+00
2.311179e-01 5.094138e+07 2.70116911e-03 1.774285e+00
2.311179e-01 6.428073e+07 2.78782120e-03 2.003355e+00
2.311179e-01 8.111308e+07 2.95654489e-03 2.292723e+00
2.311179e-01 1.023531e+08 3.05262329e-03 2.588725e+00
2.311179e-01 1.291550e+08 3.15246346e-03 2.922943e+00
2.311179e-01 1.629751e+08 3.25623060e-03 3.300310e+00
2.311179e-01 2.056512e+08 3.36409701e-03 3.726396e+00
2.311179e-01 2.595024e+08 3.57132063e-03 4.264644e+00
2.311179e-01 3.274549e+08 3.69112270e-03 4.815232e+00
2.311179e-01 4.132012e+08 3.81571463e-03 5.436903e+00
2.311179e-01 5.214008e+08 3.94530557e-03 6.138835e+00
2.311179e-01 6.579332e+08 4.19170688e-03 7.025540e+00
2.311179e-01 8.302176e+08 4.33579167e-03 7.932573e+00
2.311179e-01 1.047616e+09 4.48570724e-03 8.956708e+00
2.311179e-01 1.321941e+09 4.64170192e-03 1.011307e+01
2.311179e-01 1.668101e+09 4.80403236e-03 1.141871e+01
2.311179e-01 2.104904e+09 5.10897686e-03 1.306805e+01
2.311179e-01 2.656088e+09 5.28958640e-03 1.475521e+01
2.311179e-01 3.351603e+09 5.47754034e-03 1.666018e+01
2.311179e-01 4.229243e+09 5.67312945e-03 1.881109e+01
2.311179e-01 5.336699e+09 5.87664944e-03 2.123970e+01
2.311179e-01 6.734151e+09 6.25492094e-03 2.430761e+01
2.311179e-01 8.497534e+09 6.48122358e-03 2.744584e+01
2.311179e-01 1.072267e+10 6.71659488e-03 3.098924e+01
2.311179e-01 1.353048e+10 6.96133709e-03 3.499011e+01
2.311179e-01 1.707353e+10 7.21574546e-03 3.950751e+01
2.311179e-01 2.154435e+10 7.68468977e-03 4.521405e+01
2.311179e-01 2.718588e+10 7.96677353e-03 5.105142e+01
2.311179e-01 3.430469e+10 8.25960359e-03 5.764242e+01
2.311179e-01 4.328761e+10 8.56340118e-03 6.508435e+01
2.311179e-01 5.462277e+10 8.87834738e-03 7.348707e+01
2.311179e-01 6.892612e+10 9.45632790e-03 8.410168e+01
2.311179e-01 8.697490e+10 9.80314420e-03 9.495964e+01
2.311179e-01 1.097499e+11 1.01616231e-02 1.072194e+02
2.311179e-01 1.384886e+11 1.05316711e-02 1.210620e+02
2.311179e-01 1.747528e+11 1.09130805e-02 1.366917e+02
2.311179e-01 2.205131e+11 1.16147251e-02 1.564357e+02
2.311179e-01 2.782559e+11 1.20286959e-02 1.766324e+02
2.311179e-01 3.511192e+11 1.24527640e-02 1.994365e+02
2.311179e-01 4.430621e+11 1.28859895e-02 2.251848e+02
2.311179e-01 5.590810e+11 1.33271625e-02 2.542573e+02
2.311179e-01 7.054802e+11 1.41515074e-02 2.909827e+02
2.311179e-01 8.902151e+11 1.46159970e-02 3.285501e+02
2.311179e-01 1.123324e+12 1.50827584e-02 3.709676e+02
2.311179e-01 1.417474e+12 1.55489081e-02 4.188614e+02
2.311179e-01 1.788650e+12 1.64489007e-02 4.793625e+02
2.311179e-01 2.257020e+12 1.69152132e-02 5.412507e+02
2.311179e-01 2.848036e+12 1.73681389e-02 6.111289e+02
2.311179e-01 3.593814e+12 1.78018504e-02 6.900288e+02
2.311179e-01 4.534879e+12 1.82095852e-02 7.791150e+02
2.311179e-01 5.722368e+12 1.90918364e-02 8.916518e+02
2.311179e-01 7.220809e+12 1.94322439e-02 1.006769e+03
2.311179e-01 9.111628e+12 1.97185643e-02 1.136748e+03
2.311179e-01 1.149757e+13 1.99393173e-02 1.283508e+03
2.311179e-01 1.450829e+13 2.06311235e-02 1.468900e+03
2.311179e-01 1.830738e+13 2.06831856e-02 1.658542e+03
2.311179e-01 2.310130e+13 2.06259661e-02 1.872669e+03
2.311179e-01 2.915053e+13 2.04440942e-02 2.114440e+03
2.311179e-01 3.678380e+13 2.06726303e-02 2.419853e+03
2.311179e-01 4.641589e+13 2.01833738e-02 2.732269e+03
2.311179e-01 5.857021e+13 1.95225605e-02 3.085019e+03
2.311179e-01 7.390722e+13 1.91914661e-02 3.530625e+03
2.311179e-01 9.326033e+13 1.81353773e-02 3.986446e+03
2.311179e-01 1.176812e+14 1.68903340e-02 4.501117e+03
2.311179e-01 1.484968e+14 1.54673915e-02 5.082234e+03
2.311179e-01 1.873817e+14 1.42683235e-02 5.816322e+03
2.311179e-01 2.364489e+14 1.25210333e-02 6.567239e+03
2.311179e-01 2.983647e+14 1.06966093e-02 7.415103e+03
2.311179e-01 3.764936e+14 9.09717885e-03 8.486155e+03
2.311179e-01 4.750810e+14 7.25772723e-03 9.581761e+03
2.311179e-01 5.994843e+14 5.54343581e-03 1.081881e+04
2.311179e-01 7.564633e+14 4.02180938e-03 1.221558e+04
2.311179e-01 9.545485e+14 2.82121880e-03 1.398002e+04
2.311179e-01 1.204504e+15 1.79295129e-03 1.578491e+04
2.311179e-01 1.519911e+15 1.04582532e-03 1.782283e+04
2.311179e-01 1.917910e+15 5.65249560e-04 2.039719e+04
2.311179e-01 2.420128e+15 2.62792183e-04 2.303057e+04
2.311179e-01 3.053856e+15 1.05526963e-04 2.600393e+04
2.311179e-01 3.853529e+15 3.66000157e-05 2.975999e+04
2.311179e-01 4.862602e+15 1.00259878e-05 3.360216e+04
2.311179e-01 6.135907e+15 2.12225052e-06 3.794037e+04
2.311179e-01 7.742637e+15 3.34120136e-07 4.342055e+04
2.311179e-01 9.770100e+15 3.41747156e-08 4.902636e+04
2.311179e-01 1.232847e+16 2.17888766e-09 5.610783e+04
2.311179e-01 1.555676e+16 7.36585787e-11 6.335163e+04
2.311179e-01 1.963041e+16 1.20131138e-12 7.153065e+04
2.311179e-01 2.477076e+16 8.44054182e-15 8.186268e+04
2.311179e-01 3.125716e+16 2.04471208e-17 9.243157e+04
2.311179e-01 3.944206e+16 1.41966951e-20 1.043650e+05
2.311179e-01 4.977024e+16 2.20817435e-24 1.194396e+05
2.311179e-01 6.280291e+16 5.09801818e-29 1.348599e+05
2.311179e-01 7.924829e+16 1.15290621e-34 1.543393e+05
2.311179e-01 1.000000e+17 1.30711608e-41 1.742653e+05
2.478227e-01 1.261857e+07 2.46034981e-03 8.562827e-01
2.478227e-01 1.592283e+07 2.60560246e-03 9.799658e-01
2.478227e-01 2.009233e+07 2.68649119e-03 1.106484e+00
2.478227e-01 2.535364e+07 2.77043475e-03 1.249337e+00
2.478227e-01 3.199267e+07 2.85756530e-03 1.410633e+00
2.478227e-01 4.037017e+07 3.02865174e-03 1.614388e+00
2.478227e-01 5.094138e+07 3.12514640e-03 1.822813e+00
2.478227e-01 6.428073e+07 3.22536107e-03 2.058148e+00
2.478227e-01 8.111308e+07 3.32945814e-03 2.323865e+00
2.478227e-01 1.023531e+08 3.53162839e-03 2.659529e+00
2.478227e-01 1.291550e+08 3.64708024e-03 3.002888e+00
2.478227e-01 1.629751e+08 3.76706715e-03 3.390576e+00
2.478227e-01 2.056512e+08 3.89178749e-03 3.828316e+00
2.478227e-01 2.595024e+08 4.02144841e-03 4.322572e+00
2.478227e-01 3.274549e+08 4.26994280e-03 4.946932e+00
2.478227e-01 4.132012e+08 4.41397577e-03 5.585606e+00
2.478227e-01 5.214008e+08 4.56377741e-03 6.306737e+00
2.478227e-01 6.579332e+08 4.71959713e-03 7.120968e+00
2.478227e-01 8.302176e+08 4.88169396e-03 8.040322e+00
2.478227e-01 1.047616e+09 5.18846667e-03 9.201681e+00
2.478227e-01 1.321941e+09 5.36873032e-03 1.038967e+01
2.478227e-01 1.668101e+09 5.55629701e-03 1.173102e+01
2.478227e-01 2.104904e+09 5.75146884e-03 1.324556e+01
2.478227e-01 2.656088e+09 5.95455608e-03 1.495563e+01
2.478227e-01 3.351603e+09 6.33451743e-03 1.711585e+01
2.478227e-01 4.229243e+09 6.56040654e-03 1.932559e+01
2.478227e-01 5.336699e+09 6.79542189e-03 2.182063e+01
2.478227e-01 6.734151e+09 7.03990247e-03 2.463778e+01
2.478227e-01 8.497534e+09 7.29418817e-03 2.781864e+01
2.478227e-01 1.072267e+10 7.76535065e-03 3.183682e+01
2.478227e-01 1.353048e+10 8.04777258e-03 3.594712e+01
2.478227e-01 1.707353e+10 8.34128733e-03 4.058807e+01
2.478227e-01 2.154435e+10 8.64621140e-03 4.582820e+01
2.478227e-01 2.718588e+10 8.96284101e-03 5.174486e+01
2.478227e-01 3.430469e+10 9.54557255e-03 5.921898e+01
2.478227e-01 4.328761e+10 9.89570448e-03 6.686446e+01
2.478227e-01 5.462277e+10 1.02585687e-02 7.549700e+01
2.478227e-01 6.892612e+10 1.06342991e-02 8.524405e+01
2.478227e-01 8.697490e+10 1.10229570e-02 9.624949e+01
2.478227e-01 1.097499e+11 1.17369828e-02 1.101519e+02
2.478227e-01 1.384886e+11 1.21626359e-02 1.243731e+02
2.478227e-01 1.747528e+11 1.26011295e-02 1.404303e+02
2.478227e-01 2.205131e+11 1.30520327e-02 1.585606e+02
2.478227e-01 2.782559e+11 1.35147246e-02 1.790316e+02
2.478227e-01 3.511192e+11 1.43709528e-02 2.048913e+02
2.478227e-01 4.430621e+11 1.48676470e-02 2.313438e+02
2.478227e-01 5.590810e+11 1.53729886e-02 2.612114e+02
2.478227e-01 7.054802e+11 1.58851502e-02 2.949352e+02
2.478227e-01 8.902151e+11 1.64018740e-02 3.330128e+02
2.478227e-01 1.123324e+12 1.73831915e-02 3.811138e+02
2.478227e-01 1.417474e+12 1.79143452e-02 4.303176e+02
2.478227e-01 1.788650e+12 1.84398524e-02 4.858738e+02
2.478227e-01 2.257020e+12 1.89548668e-02 5.486025e+02
2.478227e-01 2.848036e+12 1.99857609e-02 6.278437e+02
2.478227e-01 3.593814e+12 2.04747531e-02 7.089016e+02
2.478227e-01 4.534879e+12 2.09323609e-02 8.004244e+02
2.478227e-01 5.722368e+12 2.13495018e-02 9.037633e+02
2.478227e-01 7.220809e+12 2.23097915e-02 1.034305e+03
2.478227e-01 9.111628e+12 2.26220259e-02 1.167839e+03
2.478227e-01 1.149757e+13 2.28568460e-02 1.318612e+03
2.478227e-01 1.450829e+13 2.29996846e-02 1.488852e+03
2.478227e-01 1.830738e+13 2.36648612e-02 1.703905e+03
2.478227e-01 2.310130e+13 2.35733372e-02 1.923888e+03
2.478227e-01 2.915053e+13 2.33367243e-02 2.172271e+03
2.478227e-01 3.678380e+13 2.29378041e-02 2.452723e+03
2.478227e-01 4.641589e+13 2.29720853e-02 2.806999e+03
2.478227e-01 5.857021e+13 2.21816695e-02 3.169396e+03
2.478227e-01 7.390722e+13 2.11838568e-02 3.578582e+03
2.478227e-01 9.326033e+13 1.99744806e-02 4.040595e+03
2.478227e-01 1.176812e+14 1.90649611e-02 4.624226e+03
2.478227e-01 1.484968e+14 1.74102202e-02 5.221237e+03
2.478227e-01 1.873817e+14 1.55836271e-02 5.895326e+03
2.478227e-01 2.364489e+14 1.36262045e-02 6.656443e+03
2.478227e-01 2.983647e+14 1.19102360e-02 7.617912e+03
2.478227e-01 3.764936e+14 9.81360567e-03 8.601423e+03
2.478227e-01 4.750810e+14 7.78738708e-03 9.711911e+03
2.478227e-01 5.994843e+14 6.07309471e-03 1.111472e+04
2.478227e-01 7.564633e+14 4.37486744e-03 1.254968e+04
2.478227e-01 9.545485e+14 2.96273126e-03 1.416991e+04
2.478227e-01 1.204504e+15 1.91603482e-03 1.621664e+04
2.478227e-01 1.519911e+15 1.10529021e-03 1.831029e+04
2.478227e-01 1.917910e+15 5.74001497e-04 2.067425e+04
2.478227e-01 2.420128e+15 2.70034578e-04 2.366047e+04
2.478227e-01 3.053856e+15 1.06524328e-04 2.671516e+04
2.478227e-01 3.853529e+15 3.52182720e-05 3.016423e+04
2.478227e-01 4.862602e+15 9.66949420e-06 3.452120e+04
2.478227e-01 6.135907e+15 1.98750730e-06 3.897807e+04
2.478227e-01 7.742637e+15 2.94034567e-07 4.401034e+04
2.478227e-01 9.770100e+15 2.96127566e-08 5.036727e+04
2.478227e-01 1.232847e+16 1.74578626e-09 5.686995e+04
2.478227e-01 1.555676e+16 5.54631496e-11 6.421215e+04
2.478227e-01 1.963041e+16 8.62127158e-13 7.348707e+04
2.478227e-01 2.477076e+16 5.38623641e-15 8.297463e+04
2.478227e-01 3.125716e+16 1.20217980e-17 9.495964e+04
2.478227e-01 3.944206e+16 7.32083570e-21 1.072194e+05
2.478227e-01 4.977024e+16 9.46082123e-25 1.210620e+05
2.478227e-01 6.280291e+16 1.85218643e-29 1.385484e+05
2.478227e-01 7.924829e+16 3.22714661e-35 1.564357e+05
2.478227e-01 1.000000e+17 2.82192158e-42 1.790316e+05
2.657348e-01 1.261857e+07 2.84983675e-03 8.797027e-01
2.657348e-01 1.592283e+07 2.93771069e-03 9.932768e-01
2.657348e-01 2.009233e+07 3.11172509e-03 1.136748e+00
2.657348e-01 2.535364e+07 3.20892506e-03 1.283508e+00
2.657348e-01 3.199267e+07 3.30981181e-03 1.449215e+00
2.657348e-01 4.037017e+07 3.41454497e-03 1.636316e+00
2.657348e-01 5.094138e+07 3.61965616e-03 1.872669e+00
2.657348e-01 6.428073e+07 3.73567908e-03 2.114440e+00
2.657348e-01 8.111308e+07 3.85619143e-03 2.387425e+00
2.657348e-01 1.023531e+08 3.98138875e-03 2.695653e+00
2.657348e-01 1.291550e+08 4.11147527e-03 3.043676e+00
2.657348e-01 1.629751e+08 4.36281390e-03 3.483310e+00
2.657348e-01 2.056512e+08 4.50717114e-03 3.933024e+00
2.657348e-01 2.595024e+08 4.65723752e-03 4.440797e+00
2.657348e-01 3.274549e+08 4.81326142e-03 5.014127e+00
2.657348e-01 4.132012e+08 4.97550136e-03 5.661476e+00
2.657348e-01 5.214008e+08 5.28492488e-03 6.479231e+00
2.657348e-01 6.579332e+08 5.46521362e-03 7.315732e+00
2.657348e-01 8.302176e+08 5.65274885e-03 8.260231e+00
2.657348e-01 1.047616e+09 5.84783831e-03 9.326669e+00
2.657348e-01 1.321941e+09 6.05079977e-03 1.053079e+01
2.657348e-01 1.668101e+09 6.43323055e-03 1.205188e+01
2.657348e-01 2.104904e+09 6.65893719e-03 1.360784e+01
2.657348e-01 2.656088e+09 6.89376843e-03 1.536468e+01
2.657348e-01 3.351603e+09 7.13808648e-03 1.734834e+01
2.657348e-01 4.229243e+09 7.39225932e-03 1.958809e+01
2.657348e-01 5.336699e+09 7.86607559e-03 2.241744e+01
2.657348e-01 6.734151e+09 8.14860054e-03 2.531164e+01
2.657348e-01 8.497534e+09 8.44240323e-03 2.857950e+01
2.657348e-01 1.072267e+10 8.74786518e-03 3.226926e+01
2.657348e-01 1.353048e+10 9.06535987e-03 3.643539e+01
2.657348e-01 1.707353e+10 9.65221641e-03 4.169819e+01
2.657348e-01 2.154435e+10 1.00042145e-02 4.708164e+01
2.657348e-01 2.718588e+10 1.03696261e-02 5.316012e+01
2.657348e-01 3.430469e+10 1.07487441e-02 6.002336e+01
2.657348e-01 4.328761e+10 1.11418189e-02 6.777268e+01
2.657348e-01 5.462277e+10 1.18649191e-02 7.756190e+01
2.657348e-01 6.892612e+10 1.22979487e-02 8.757554e+01
2.657348e-01 8.697490e+10 1.27456869e-02 9.888199e+01
2.657348e-01 1.097499e+11 1.32080684e-02 1.116482e+02
2.657348e-01 1.384886e+11 1.36849015e-02 1.260625e+02
2.657348e-01 1.747528e+11 1.45635584e-02 1.442712e+02
2.657348e-01 2.205131e+11 1.50818668e-02 1.628974e+02
2.657348e-01 2.782559e+11 1.56133491e-02 1.839282e+02
2.657348e-01 3.511192e+11 1.61569701e-02 2.076743e+02
2.657348e-01 4.430621e+11 1.67113831e-02 2.344861e+02
2.657348e-01 5.590810e+11 1.77473580e-02 2.683558e+02
2.657348e-01 7.054802e+11 1.83333988e-02 3.030019e+02
2.657348e-01 8.902151e+11 1.89238758e-02 3.421210e+02
2.657348e-01 1.123324e+12 1.95155073e-02 3.862905e+02
2.657348e-01 1.417474e+12 2.01043446e-02 4.361626e+02
2.657348e-01 1.788650e+12 2.12514472e-02 4.991628e+02
2.657348e-01 2.257020e+12 2.18352493e-02 5.636072e+02
2.657348e-01 2.848036e+12 2.23989063e-02 6.363718e+02
2.657348e-01 3.593814e+12 2.29346034e-02 7.185307e+02
2.657348e-01 4.534879e+12 2.40742358e-02 8.223166e+02
2.657348e-01 5.722368e+12 2.45379815e-02 9.284819e+02
2.657348e-01 7.220809e+12 2.49410843e-02 1.048354e+03
2.657348e-01 9.111628e+12 2.52700402e-02 1.183701e+03
2.657348e-01 1.149757e+13 2.62075963e-02 1.354678e+03
2.657348e-01 1.450829e+13 2.63456501e-02 1.529573e+03
2.657348e-01 1.830738e+13 2.63573376e-02 1.727049e+03
2.657348e-01 2.310130e+13 2.62237606e-02 1.950020e+03
2.657348e-01 2.915053e+13 2.66347657e-02 2.231685e+03
2.657348e-01 3.678380e+13 2.61402089e-02 2.519806e+03
2.657348e-01 4.641589e+13 2.54395615e-02 2.845126e+03
2.657348e-01 5.857021e+13 2.45180422e-02 3.212447e+03
2.657348e-01 7.390722e+13 2.40047203e-02 3.676459e+03
2.657348e-01 9.326033e+13 2.25804506e-02 4.151108e+03
2.657348e-01 1.176812e+14 2.09221685e-02 4.687038e+03
2.657348e-01 1.484968e+14 1.90482081e-02 5.292158e+03
2.657348e-01 1.873817e+14 1.74557754e-02 6.056568e+03
2.657348e-01 2.364489e+14 1.52034572e-02 6.838501e+03
2.657348e-01 2.983647e+14 1.28773847e-02 7.721387e+03
2.657348e-01 3.764936e+14 1.08451550e-02 8.836679e+03
2.657348e-01 4.750810e+14 8.55570627e-03 9.977539e+03
2.657348e-01 5.994843e+14 6.45108267e-03 1.126569e+04
2.657348e-01 7.564633e+14 4.61125033e-03 1.272015e+04
2.657348e-01 9.545485e+14 3.17958697e-03 1.455747e+04
2.657348e-01 1.204504e+15 1.98082900e-03 1.643692e+04
2.657348e-01 1.519911e+15 1.12892140e-03 1.855900e+04
2.657348e-01 1.917910e+15 5.93856622e-04 2.123970e+04
2.657348e-01 2.420128e+15 2.67476404e-04 2.398186e+04
2.657348e-01 3.053856e+15 1.03488197e-04 2.707804e+04
2.657348e-01 3.853529e+15 3.43576106e-05 3.098924e+04
2.657348e-01 4.862602e+15 8.93789039e-06 3.499011e+04
2.657348e-01 6.135907e+15 1.77915775e-06 3.950751e+04
2.657348e-01 7.742637e+15 2.60215945e-07 4.521405e+04
2.657348e-01 9.770100e+15 2.43544263e-08 5.105142e+04
2.657348e-01 1.232847e+16 1.35757312e-09 5.764242e+04
2.657348e-01 1.555676e+16 4.14063817e-11 6.596840e+04
2.657348e-01 1.963041e+16 5.77255388e-13 7.448526e+04
2.657348e-01 2.477076e+16 3.35696523e-15 8.524405e+04
2.657348e-01 3.125716e+16 6.47611778e-18 9.624949e+04
2.657348e-01 3.944206e+16 3.41792360e-21 1.086758e+05
2.657348e-01 4.977024e+16 3.81801719e-25 1.243731e+05
2.657348e-01 6.280291e+16 5.90156202e-30 1.404303e+05
2.657348e-01 7.924829e+16 8.18553680e-36 1.607144e+05
2.657348e-01 1.000000e+17 5.09589567e-43 1.814634e+05
2.849416e-01 1.261857e+07 3.30471739e-03 9.037633e-01
2.849416e-01 1.592283e+07 3.40658668e-03 1.020444e+00
2.849416e-01 2.009233e+07 3.51227591e-03 1.152188e+00
2.849416e-01 2.535364e+07 3.62194911e-03 1.300942e+00
2.849416e-01 3.199267e+07 3.83795428e-03 1.488852e+00
2.849416e-01 4.037017e+07 3.95934995e-03 1.681071e+00
2.849416e-01 5.094138e+07 4.08539199e-03 1.898105e+00
2.849416e-01 6.428073e+07 4.21628163e-03 2.143160e+00
2.849416e-01 8.111308e+07 4.47126607e-03 2.452723e+00
2.849416e-01 1.023531e+08 4.61635393e-03 2.769382e+00
2.849416e-01 1.291550e+08 4.76709930e-03 3.126923e+00
2.849416e-01 1.629751e+08 4.92374821e-03 3.530625e+00
2.849416e-01 2.056512e+08 5.08655698e-03 3.986446e+00
2.849416e-01 2.595024e+08 5.39954303e-03 4.562256e+00
2.849416e-01 3.274549e+08 5.58029696e-03 5.151267e+00
2.849416e-01 4.132012e+08 5.76823750e-03 5.816322e+00
2.849416e-01 5.214008e+08 5.96367406e-03 6.567239e+00
2.849416e-01 6.579332e+08 6.16692730e-03 7.415103e+00
2.849416e-01 8.302176e+08 6.55278202e-03 8.486155e+00
2.849416e-01 1.047616e+09 6.77869192e-03 9.581761e+00
2.849416e-01 1.321941e+09 7.01369157e-03 1.081881e+01
2.849416e-01 1.668101e+09 7.25815658e-03 1.221558e+01
2.849416e-01 2.104904e+09 7.51247206e-03 1.379267e+01
2.849416e-01 2.656088e+09 7.98974043e-03 1.578491e+01
2.849416e-01 3.351603e+09 8.27247556e-03 1.782283e+01
2.849416e-01 4.229243e+09 8.56656859e-03 2.012384e+01
2.849416e-01 5.336699e+09 8.87244377e-03 2.272193e+01
2.849416e-01 6.734151e+09 9.19052629e-03 2.565545e+01
2.849416e-01 8.497534e+09 9.52124024e-03 2.896770e+01
2.849416e-01 1.072267e+10 1.01348198e-02 3.315185e+01
2.849416e-01 1.353048e+10 1.05018127e-02 3.743193e+01
2.849416e-01 1.707353e+10 1.08830364e-02 4.226458e+01
2.849416e-01 2.154435e+10 1.12788714e-02 4.772115e+01
2.849416e-01 2.718588e+10 1.16896680e-02 5.388220e+01
2.849416e-01 3.430469e+10 1.24471097e-02 6.166505e+01
2.849416e-01 4.328761e+10 1.29007833e-02 6.962632e+01
2.849416e-01 5.462277e+10 1.33706064e-02 7.861543e+01
2.849416e-01 6.892612e+10 1.38566937e-02 8.876509e+01
2.849416e-01 8.697490e+10 1.43590573e-02 1.002251e+02
2.849416e-01 1.097499e+11 1.52844971e-02 1.147018e+02
2.849416e-01 1.384886e+11 1.58335435e-02 1.295104e+02
2.849416e-01 1.747528e+11 1.63984735e-02 1.462309e+02
2.849416e-01 2.205131e+11 1.69786157e-02 1.651100e+02
2.849416e-01 2.782559e+11 1.75730384e-02 1.864266e+02
2.849416e-01 3.511192e+11 1.86777550e-02 2.133544e+02
2.849416e-01 4.430621e+11 1.93135957e-02 2.408995e+02
2.849416e-01 5.590810e+11 1.99591266e-02 2.720009e+02
2.849416e-01 7.054802e+11 2.06117779e-02 3.071176e+02
2.849416e-01 8.902151e+11 2.12684016e-02 3.467680e+02
2.849416e-01 1.123324e+12 2.25248557e-02 3.968559e+02
2.849416e-01 1.417474e+12 2.31950683e-02 4.480920e+02
2.849416e-01 1.788650e+12 2.38551600e-02 5.059430e+02
2.849416e-01 2.257020e+12 2.44985431e-02 5.712628e+02
2.849416e-01 2.848036e+12 2.58044923e-02 6.537771e+02
2.849416e-01 3.593814e+12 2.64061098e-02 7.381830e+02
2.849416e-01 4.534879e+12 2.69628644e-02 8.334862e+02
2.849416e-01 5.722368e+12 2.74626740e-02 9.410936e+02
2.849416e-01 7.220809e+12 2.78918792e-02 1.062594e+03
2.849416e-01 9.111628e+12 2.90074593e-02 1.216077e+03
2.849416e-01 1.149757e+13 2.92546192e-02 1.373078e+03
2.849416e-01 1.450829e+13 2.93773793e-02 1.550350e+03
2.849416e-01 1.830738e+13 2.93556274e-02 1.750508e+03
2.849416e-01 2.310130e+13 2.99661814e-02 2.003355e+03
2.849416e-01 2.915053e+13 2.95820936e-02 2.261998e+03
2.849416e-01 3.678380e+13 2.89852501e-02 2.554033e+03
2.849416e-01 4.641589e+13 2.81566492e-02 2.883772e+03
2.849416e-01 5.857021e+13 2.78216397e-02 3.300310e+03
2.849416e-01 7.390722e+13 2.64527805e-02 3.726396e+03
2.849416e-01 9.326033e+13 2.48186016e-02 4.207493e+03
2.849416e-01 1.176812e+14 2.35556368e-02 4.815232e+03
2.849416e-01 1.484968e+14 2.13746770e-02 5.436903e+03
2.849416e-01 1.873817e+14 1.89945810e-02 6.138835e+03
2.849416e-01 2.364489e+14 1.64730046e-02 6.931390e+03
2.849416e-01 2.983647e+14 1.42645021e-02 7.932573e+03
2.849416e-01 3.764936e+14 1.16284728e-02 8.956708e+03
2.849416e-01 4.750810e+14 9.11518620e-03 1.011307e+04
2.849416e-01 5.994843e+14 7.00921102e-03 1.157382e+04
2.849416e-01 7.564633e+14 4.96794041e-03 1.306805e+04
2.849416e-01 9.545485e+14 3.30184849e-03 1.475521e+04
2.849416e-01 1.204504e+15 2.03376952e-03 1.666018e+04
2.849416e-01 1.519911e+15 1.17516106e-03 1.906661e+04
2.849416e-01 1.917910e+15 5.92508194e-04 2.152820e+04
2.849416e-01 2.420128e+15 2.62091967e-04 2.430761e+04
2.849416e-01 3.053856e+15 1.01995010e-04 2.781864e+04
2.849416e-01 3.853529e+15 3.21495906e-05 3.141017e+04
2.849416e-01 4.862602e+15 8.12093919e-06 3.546539e+04
2.849416e-01 6.135907e+15 1.60360874e-06 4.058807e+04
2.849416e-01 7.742637e+15 2.18915074e-07 4.582820e+04
2.849416e-01 9.770100e+15 1.94783569e-08 5.174486e+04
2.849416e-01 1.232847e+16 1.04928377e-09 5.921898e+04
2.849416e-01 1.555676e+16 2.89297497e-11 6.686446e+04
2.849416e-01 1.963041e+16 3.78921240e-13 7.652248e+04
2.849416e-01 2.477076e+16 1.92581968e-15 8.640193e+04
2.849416e-01 3.125716e+16 3.26319535e-18 9.755686e+04
2.849416e-01 3.944206e+16 1.51339885e-21 1.116482e+05
2.849416e-01 4.977024e+16 1.36271062e-25 1.260625e+05
2.849416e-01 6.280291e+16 1.72181789e-30 1.442712e+05
2.849416e-01 7.924829e+16 1.75951923e-36 1.628974e+05
2.849416e-01 1.000000e+17 7.78480356e-44 1.839282e+05
3.055367e-01 1.261857e+07 3.73447706e-03 9.160392e-01
3.055367e-01 1.592283e+07 3.84955490e-03 1.034305e+00
3.055367e-01 2.009233e+07 4.07749721e-03 1.183701e+00
3.055367e-01 2.535364e+07 4.20476970e-03 1.336523e+00
3.055367e-01 3.199267e+07 4.33685907e-03 1.509075e+00
3.055367e-01 4.037017e+07 4.47397276e-03 1.703905e+00
3.055367e-01 5.094138e+07 4.74258774e-03 1.950020e+00
3.055367e-01 6.428073e+07 4.89445314e-03 2.201778e+00
3.055367e-01 8.111308e+07 5.05217856e-03 2.486038e+00
3.055367e-01 1.023531e+08 5.21601755e-03 2.806999e+00
3.055367e-01 1.291550e+08 5.38623473e-03 3.169396e+00
3.055367e-01 1.629751e+08 5.71526158e-03 3.627190e+00
3.055367e-01 2.056512e+08 5.90410279e-03 4.095479e+00
3.055367e-01 2.595024e+08 6.10038427e-03 4.624226e+00
3.055367e-01 3.274549e+08 6.30442670e-03 5.221237e+00
3.055367e-01 4.132012e+08 6.51656346e-03 5.895326e+00
3.055367e-01 5.214008e+08 6.92140703e-03 6.746858e+00
3.055367e-01 6.579332e+08 7.15705793e-03 7.617912e+00
3.055367e-01 8.302176e+08 7.40213125e-03 8.601423e+00
3.055367e-01 1.047616e+09 7.65702161e-03 9.711911e+00
3.055367e-01 1.321941e+09 7.92213571e-03 1.096577e+01
3.055367e-01 1.668101e+09 8.42211097e-03 1.254968e+01
3.055367e-01 2.104904e+09 8.71678386e-03 1.416991e+01
3.055367e-01 2.656088e+09 9.02328167e-03 1.599932e+01
3.055367e-01 3.351603e+09 9.34206329e-03 1.806492e+01
3.055367e-01 4.229243e+09 9.67359327e-03 2.039719e+01
3.055367e-01 5.336699e+09 1.02923500e-02 2.334340e+01
3.055367e-01 6.734151e+09 1.06605871e-02 2.635715e+01
3.055367e-01 8.497534e+09 1.10433638e-02 2.975999e+01
3.055367e-01 1.072267e+10 1.14411513e-02 3.360216e+01
3.055367e-01 1.353048e+10 1.18544065e-02 3.794037e+01
3.055367e-01 1.707353e+10 1.22835674e-02 4.283867e+01
3.055367e-01 2.154435e+10 1.30771919e-02 4.902636e+01
3.055367e-01 2.718588e+10 1.35519941e-02 5.535592e+01
3.055367e-01 3.430469e+10 1.40442703e-02 6.250265e+01
3.055367e-01 4.328761e+10 1.45542893e-02 7.057206e+01
3.055367e-01 5.462277e+10 1.50822382e-02 7.968328e+01
3.055367e-01 6.892612e+10 1.60556516e-02 9.119288e+01
3.055367e-01 8.697490e+10 1.66350377e-02 1.029663e+02
3.055367e-01 1.097499e+11 1.72327261e-02 1.162598e+02
3.055367e-01 1.384886e+11 1.78483594e-02 1.312696e+02
3.055367e-01 1.747528e+11 1.84813629e-02 1.482171e+02
3.055367e-01 2.205131e+11 1.96541544e-02 1.696259e+02
3.055367e-01 2.782559e+11 2.03373023e-02 1.915255e+02
3.055367e-01 3.511192e+11 2.10347633e-02 2.162524e+02
3.055367e-01 4.430621e+11 2.17445898e-02 2.441717e+02
3.055367e-01 5.590810e+11 2.24643388e-02 2.756955e+02
3.055367e-01 7.054802e+11 2.38252849e-02 3.155175e+02
3.055367e-01 8.902151e+11 2.45751282e-02 3.562524e+02
3.055367e-01 1.123324e+12 2.53237245e-02 4.022464e+02
3.055367e-01 1.417474e+12 2.60656218e-02 4.541785e+02
3.055367e-01 1.788650e+12 2.67943581e-02 5.128153e+02
3.055367e-01 2.257020e+12 2.82545455e-02 5.868873e+02
3.055367e-01 2.848036e+12 2.89514540e-02 6.626574e+02
3.055367e-01 3.593814e+12 2.96073898e-02 7.482099e+02
3.055367e-01 4.534879e+12 3.02102532e-02 8.448076e+02
3.055367e-01 5.722368e+12 3.15872106e-02 9.668332e+02
3.055367e-01 7.220809e+12 3.20532890e-02 1.091656e+03
3.055367e-01 9.111628e+12 3.24170060e-02 1.232595e+03
3.055367e-01 1.149757e+13 3.26588376e-02 1.391729e+03
3.055367e-01 1.450829e+13 3.36536007e-02 1.592753e+03
3.055367e-01 1.830738e+13 3.35851564e-02 1.798386e+03
3.055367e-01 2.310130e+13 3.33229130e-02 2.030566e+03
3.055367e-01 2.915053e+13 3.28430248e-02 2.292723e+03
3.055367e-01 3.678380e+13 3.30013296e-02 2.623888e+03
3.055367e-01 4.641589e+13 3.19936843e-02 2.962645e+03
3.055367e-01 5.857021e+13 3.07022826e-02 3.345138e+03
3.055367e-01 7.390722e+13 2.91180354e-02 3.777013e+03
3.055367e-01 9.326033e+13 2.79866788e-02 4.322572e+03
3.055367e-01 1.176812e+14 2.57724605e-02 4.880638e+03
3.055367e-01 1.484968e+14 2.33014706e-02 5.510753e+03
3.055367e-01 1.873817e+14 2.06217183e-02 6.222219e+03
3.055367e-01 2.364489e+14 1.82874535e-02 7.120968e+03
3.055367e-01 2.983647e+14 1.53320587e-02 8.040322e+03
3.055367e-01 3.764936e+14 1.24227443e-02 9.078369e+03
3.055367e-01 4.750810e+14 9.93443774e-03 1.038967e+04
3.055367e-01 5.994843e+14 7.37630832e-03 1.173102e+04
3.055367e-01 7.564633e+14 5.17994342e-03 1.324556e+04
3.055367e-01 9.545485e+14 3.40610100e-03 1.495563e+04
3.055367e-01 1.204504e+15 2.12877757e-03 1.711585e+04
3.055367e-01 1.519911e+15 1.18013958e-03 1.932559e+04
3.055367e-01 1.917910e+15 5.85065784e-04 2.182063e+04
3.055367e-01 2.420128e+15 2.60680557e-04 2.497244e+04
3.055367e-01 3.053856e+15 9.64852007e-05 2.819651e+04
3.055367e-01 3.853529e+15 2.95960987e-05 3.183682e+04
3.055367e-01 4.862602e+15 7.43728279e-06 3.643539e+04
3.055367e-01 6.135907e+15 1.37583970e-06 4.113939e+04
3.055367e-01 7.742637e+15 1.79402033e-07 4.645069e+04
3.055367e-01 9.770100e+15 1.55171932e-08 5.316012e+04
3.055367e-01 1.232847e+16 7.61030736e-10 6.002336e+04
3.055367e-01 1.555676e+16 1.93523292e-11 6.777268e+04
3.055367e-01 1.963041e+16 2.29886910e-13 7.756190e+04
3.055367e-01 2.477076e+16 1.03857514e-15 8.757554e+04
3.055367e-01 3.125716e+16 1.56894179e-18 1.002251e+05
3.055367e-01 3.944206e+16 5.97083787e-22 1.131647e+05
3.055367e-01 4.977024e+16 4.37487918e-26 1.277748e+05
3.055367e-01 6.280291e+16 4.30585344e-31 1.462309e+05
3.055367e-01 7.924829e+16 3.24540879e-37 1.651100e+05
3.055367e-01 1.000000e+17 1.01563299e-44 1.889588e+05
3.276203e-01 1.261857e+07 4.34061035e-03 9.410936e-01
3.276203e-01 1.592283e+07 4.47431531e-03 1.062594e+00
3.276203e-01 2.009233e+07 4.61302320e-03 1.199780e+00
3.276203e-01 2.535364e+07 4.75694779e-03 1.354678e+00
3.276203e-01 3.199267e+07 4.90631255e-03 1.529573e+00
3.276203e-01 4.037017e+07 5.19978295e-03 1.750508e+00
3.276203e-01 5.094138e+07 5.36514167e-03 1.976507e+00
3.276203e-01 6.428073e+07 5.53684176e-03 2.231685e+00
3.276203e-01 8.111308e+07 5.71515656e-03 2.519806e+00
3.276203e-01 1.023531e+08 6.06175087e-03 2.883772e+00
3.276203e-01 1.291550e+08 6.25942535e-03 3.256082e+00
3.276203e-01 1.629751e+08 6.46481277e-03 3.676459e+00
3.276203e-01 2.056512e+08 6.67824503e-03 4.151108e+00
3.276203e-01 2.595024e+08 6.90006807e-03 4.687038e+00
3.276203e-01 3.274549e+08 7.32567011e-03 5.364042e+00
3.276203e-01 4.132012e+08 7.57192368e-03 6.056568e+00
3.276203e-01 5.214008e+08 7.82794968e-03 6.838501e+00
3.276203e-01 6.579332e+08 8.09416071e-03 7.721387e+00
3.276203e-01 8.302176e+08 8.37098399e-03 8.718257e+00
3.276203e-01 1.047616e+09 8.65886041e-03 9.843829e+00
3.276203e-01 1.321941e+09 9.20325862e-03 1.126569e+01
3.276203e-01 1.668101e+09 9.52313152e-03 1.272015e+01
3.276203e-01 2.104904e+09 9.85579591e-03 1.436238e+01
3.276203e-01 2.656088e+09 1.02017527e-02 1.621664e+01
3.276203e-01 3.351603e+09 1.05615109e-02 1.831029e+01
3.276203e-01 4.229243e+09 1.12346813e-02 2.095507e+01
3.276203e-01 5.336699e+09 1.16342254e-02 2.366047e+01
3.276203e-01 6.734151e+09 1.20495388e-02 2.671516e+01
3.276203e-01 8.497534e+09 1.24811470e-02 3.016423e+01
3.276203e-01 1.072267e+10 1.29295643e-02 3.405858e+01
3.276203e-01 1.353048e+10 1.37616585e-02 3.897807e+01
3.276203e-01 1.707353e+10 1.42583828e-02 4.401034e+01
3.276203e-01 2.154435e+10 1.47738191e-02 4.969230e+01
3.276203e-01 2.718588e+10 1.53083695e-02 5.610783e+01
3.276203e-01 3.430469e+10 1.58623747e-02 6.335163e+01
3.276203e-01 4.328761e+10 1.68856412e-02 7.250226e+01
3.276203e-01 5.462277e+10 1.74954940e-02 8.186268e+01
3.276203e-01 6.892612e+10 1.81258383e-02 9.243157e+01
3.276203e-01 8.697490e+10 1.87765855e-02 1.043650e+02
3.276203e-01 1.097499e+11 1.94474694e-02 1.178390e+02
3.276203e-01 1.384886e+11 2.01380182e-02 1.330526e+02
3.276203e-01 1.747528e+11 2.14177016e-02 1.522710e+02
3.276203e-01 2.205131e+11 2.21650044e-02 1.719300e+02
3.276203e-01 2.782559e+11 2.29293101e-02 1.941270e+02
3.276203e-01 3.511192e+11 2.37087910e-02 2.191898e+02
3.276203e-01 4.430621e+11 2.45011286e-02 2.474883e+02
3.276203e-01 5.590810e+11 2.59955014e-02 2.832360e+02
3.276203e-01 7.054802e+11 2.68263417e-02 3.198032e+02
3.276203e-01 8.902151e+11 2.76593462e-02 3.610914e+02
3.276203e-01 1.123324e+12 2.84891927e-02 4.077102e+02
3.276203e-01 1.417474e+12 3.01111807e-02 4.666006e+02
3.276203e-01 1.788650e+12 3.09365174e-02 5.268411e+02
3.276203e-01 2.257020e+12 3.17353875e-02 5.948590e+02
3.276203e-01 2.848036e+12 3.24973048e-02 6.716584e+02
3.276203e-01 3.593814e+12 3.32101697e-02 7.583729e+02
3.276203e-01 4.534879e+12 3.47862378e-02 8.679137e+02
3.276203e-01 5.722368e+12 3.53732344e-02 9.799658e+02
3.276203e-01 7.220809e+12 3.58613763e-02 1.106484e+03
3.276203e-01 9.111628e+12 3.62305712e-02 1.249337e+03
3.276203e-01 1.149757e+13 3.74560051e-02 1.429794e+03
3.276203e-01 1.450829e+13 3.75213925e-02 1.614388e+03
3.276203e-01 1.830738e+13 3.73920267e-02 1.822813e+03
3.276203e-01 2.310130e+13 3.70415911e-02 2.058148e+03
3.276203e-01 2.915053e+13 3.74408123e-02 2.355431e+03
3.276203e-01 3.678380e+13 3.65479102e-02 2.659529e+03
3.276203e-01 4.641589e+13 3.53542733e-02 3.002888e+03
3.276203e-01 5.857021e+13 3.38438261e-02 3.390576e+03
3.276203e-01 7.390722e+13 3.28843138e-02 3.880317e+03
3.276203e-01 9.326033e+13 3.06695402e-02 4.381286e+03
3.276203e-01 1.176812e+14 2.81440076e-02 4.946932e+03
3.276203e-01 1.484968e+14 2.53447110e-02 5.585606e+03
3.276203e-01 1.873817e+14 2.29398361e-02 6.392402e+03
3.276203e-01 2.364489e+14 1.97003888e-02 7.217694e+03
3.276203e-01 2.983647e+14 1.64204780e-02 8.149535e+03
3.276203e-01 3.764936e+14 1.32161303e-02 9.201681e+03
3.276203e-01 4.750810e+14 1.04883761e-02 1.053079e+04
3.276203e-01 5.994843e+14 7.71945066e-03 1.189037e+04
3.276203e-01 7.564633e+14 5.36626941e-03 1.342548e+04
3.276203e-01 9.545485e+14 3.58292680e-03 1.536468e+04
3.276203e-01 1.204504e+15 2.15027523e-03 1.734834e+04
3.276203e-01 1.519911e+15 1.17336455e-03 1.958809e+04
3.276203e-01 1.917910e+15 5.86689301e-04 2.241744e+04
3.276203e-01 2.420128e+15 2.49007599e-04 2.531164e+04
3.276203e-01 3.053856e+15 8.98596092e-05 2.857950e+04
3.276203e-01 3.853529e+15 2.74866815e-05 3.270758e+04
3.276203e-01 4.862602e+15 6.49082461e-06 3.693030e+04
3.276203e-01 6.135907e+15 1.15151780e-06 4.169819e+04
3.276203e-01 7.742637e+15 1.46709525e-07 4.772115e+04
3.276203e-01 9.770100e+15 1.16267479e-08 5.388220e+04
3.276203e-01 1.232847e+16 5.30010816e-10 6.083867e+04
3.276203e-01 1.555676e+16 1.26739480e-11 6.962632e+04
3.276203e-01 1.963041e+16 1.31692958e-13 7.861543e+04
3.276203e-01 2.477076e+16 5.23040451e-16 8.876509e+04
3.276203e-01 3.125716e+16 6.76609601e-19 1.015865e+05
3.276203e-01 3.944206e+16 2.13614994e-22 1.147018e+05
3.276203e-01 4.977024e+16 1.24918826e-26 1.295104e+05
3.276203e-01 6.280291e+16 9.35475298e-32 1.482171e+05
3.276203e-01 7.924829e+16 5.05381352e-38 1.673527e+05
3.276203e-01 1.000000e+17 1.05134126e-45 1.915255e+05
3.513000e-01 1.261857e+07 4.91659907e-03 9.538766e-01
3.513000e-01 1.592283e+07 5.06798157e-03 1.077027e+00
3.513000e-01 2.009233e+07 5.22502135e-03 1.216077e+00
3.513000e-01 2.535364e+07 5.38795944e-03 1.373078e+00
3.513000e-01 3.199267e+07 5.70903726e-03 1.571408e+00
3.513000e-01 4.037017e+07 5.88933908e-03 1.774285e+00
3.513000e-01 5.094138e+07 6.07651222e-03 2.003355e+00
3.513000e-01 6.428073e+07 6.27085125e-03 2.261998e+00
3.513000e-01 8.111308e+07 6.64969614e-03 2.588725e+00
3.513000e-01 1.023531e+08 6.86503592e-03 2.922943e+00
3.513000e-01 1.291550e+08 7.08872677e-03 3.300310e+00
3.513000e-01 1.629751e+08 7.32112705e-03 3.726396e+00
3.513000e-01 2.056512e+08 7.56260960e-03 4.207493e+00
3.513000e-01 2.595024e+08 8.02726970e-03 4.815232e+00
3.513000e-01 3.274549e+08 8.29523084e-03 5.436903e+00
3.513000e-01 4.132012e+08 8.57376656e-03 6.138835e+00
3.513000e-01 5.214008e+08 8.86332352e-03 6.931390e+00
3.513000e-01 6.579332e+08 9.16436349e-03 7.826267e+00
3.513000e-01 8.302176e+08 9.73657735e-03 8.956708e+00
3.513000e-01 1.047616e+09 1.00709325e-02 1.011307e+01
3.513000e-01 1.321941e+09 1.04186014e-02 1.141871e+01
3.513000e-01 1.668101e+09 1.07801183e-02 1.289293e+01
3.513000e-01 2.104904e+09 1.11560283e-02 1.455747e+01
3.513000e-01 2.656088e+09 1.15468877e-02 1.643692e+01
3.513000e-01 3.351603e+09 1.22801912e-02 1.881109e+01
3.513000e-01 4.229243e+09 1.27141997e-02 2.123970e+01
3.513000e-01 5.336699e+09 1.31653160e-02 2.398186e+01
3.513000e-01 6.734151e+09 1.36341222e-02 2.707804e+01
3.513000e-01 8.497534e+09 1.41211930e-02 3.057395e+01
3.513000e-01 1.072267e+10 1.50271502e-02 3.499011e+01
3.513000e-01 1.353048e+10 1.55667722e-02 3.950751e+01
3.513000e-01 1.707353e+10 1.61268040e-02 4.460813e+01
3.513000e-01 2.154435e+10 1.67077203e-02 5.036727e+01
3.513000e-01 2.718588e+10 1.73099391e-02 5.686995e+01
3.513000e-01 3.430469e+10 1.84243082e-02 6.508435e+01
3.513000e-01 4.328761e+10 1.90877382e-02 7.348707e+01
3.513000e-01 5.462277e+10 1.97738125e-02 8.297463e+01
3.513000e-01 6.892612e+10 2.04825356e-02 9.368708e+01
3.513000e-01 8.697490e+10 2.12137402e-02 1.057826e+02
3.513000e-01 1.097499e+11 2.19670504e-02 1.194396e+02
3.513000e-01 1.384886e+11 2.33638555e-02 1.366917e+02
3.513000e-01 1.747528e+11 2.41809813e-02 1.543393e+02
3.513000e-01 2.205131e+11 2.50179520e-02 1.742653e+02
3.513000e-01 2.782559e+11 2.58730581e-02 1.967639e+02
3.513000e-01 3.511192e+11 2.67441017e-02 2.221671e+02
3.513000e-01 4.430621e+11 2.83839723e-02 2.542573e+02
3.513000e-01 5.590810e+11 2.93023831e-02 2.870832e+02
3.513000e-01 7.054802e+11 3.02265049e-02 3.241471e+02
3.513000e-01 8.902151e+11 3.11511395e-02 3.659962e+02
3.513000e-01 1.123324e+12 3.20700645e-02 4.132482e+02
3.513000e-01 1.417474e+12 3.38778117e-02 4.729385e+02
3.513000e-01 1.788650e+12 3.47860358e-02 5.339973e+02
3.513000e-01 2.257020e+12 3.56614460e-02 6.029391e+02
3.513000e-01 2.848036e+12 3.64919504e-02 6.807816e+02
3.513000e-01 3.593814e+12 3.82828331e-02 7.791150e+02
3.513000e-01 4.534879e+12 3.89989235e-02 8.797027e+02
3.513000e-01 5.722368e+12 3.96199004e-02 9.932768e+02
3.513000e-01 7.220809e+12 4.01251864e-02 1.121514e+03
3.513000e-01 9.111628e+12 4.04920505e-02 1.266307e+03
3.513000e-01 1.149757e+13 4.18088003e-02 1.449215e+03
3.513000e-01 1.450829e+13 4.18232149e-02 1.636316e+03
3.513000e-01 1.830738e+13 4.16143050e-02 1.847573e+03
3.513000e-01 2.310130e+13 4.11531122e-02 2.086104e+03
3.513000e-01 2.915053e+13 4.15166126e-02 2.387425e+03
3.513000e-01 3.678380e+13 4.04394634e-02 2.695653e+03
3.513000e-01 4.641589e+13 3.90247474e-02 3.043676e+03
3.513000e-01 5.857021e+13 3.72568888e-02 3.436630e+03
3.513000e-01 7.390722e+13 3.60911190e-02 3.933024e+03
3.513000e-01 9.326033e+13 3.35457595e-02 4.440797e+03
3.513000e-01 1.176812e+14 3.06651285e-02 5.014127e+03
3.513000e-01 1.484968e+14 2.74951078e-02 5.661476e+03
3.513000e-01 1.873817e+14 2.47636337e-02 6.479231e+03
3.513000e-01 2.364489e+14 2.11476204e-02 7.315732e+03
3.513000e-01 2.983647e+14 1.75143681e-02 8.260231e+03
3.513000e-01 3.764936e+14 1.43766242e-02 9.453354e+03
3.513000e-01 4.750810e+14 1.10129530e-02 1.067383e+04
3.513000e-01 5.994843e+14 8.02787559e-03 1.205188e+04
3.513000e-01 7.564633e+14 5.51909390e-03 1.360784e+04
3.513000e-01 9.545485e+14 3.63800400e-03 1.557338e+04
3.513000e-01 1.204504e+15 2.15109642e-03 1.758398e+04
3.513000e-01 1.519911e+15 1.15366898e-03 1.985416e+04
3.513000e-01 1.917910e+15 5.65299656e-04 2.272193e+04
3.513000e-01 2.420128e+15 2.34320177e-04 2.565545e+04
3.513000e-01 3.053856e+15 8.22459976e-05 2.896770e+04
3.513000e-01 3.853529e+15 2.43504605e-05 3.315185e+04
3.513000e-01 4.862602e+15 5.53282879e-06 3.743193e+04
3.513000e-01 6.135907e+15 9.37574053e-07 4.226458e+04
3.513000e-01 7.742637e+15 1.13065440e-07 4.836936e+04
3.513000e-01 9.770100e+15 8.38618264e-09 5.461409e+04
3.513000e-01 1.232847e+16 3.52863969e-10 6.166505e+04
3.513000e-01 1.555676e+16 7.65874657e-12 7.057206e+04
3.513000e-01 1.963041e+16 7.07917895e-14 7.968328e+04
3.513000e-01 2.477076e+16 2.44165224e-16 8.997080e+04
3.513000e-01 3.125716e+16 2.66510562e-19 1.029663e+05
3.513000e-01 3.944206e+16 6.85737207e-23 1.162598e+05
3.513000e-01 4.977024e+16 3.13261094e-27 1.312696e+05
3.513000e-01 6.280291e+16 1.73914577e-32 1.502304e+05
3.513000e-01 7.924829e+16 6.52450388e-39 1.696259e+05
3.513000e-01 1.000000e+17 8.67892398e-47 1.941270e+05
3.766913e-01 1.261857e+07 5.57562203e-03 9.668332e-01
3.766913e-01 1.592283e+07 5.74721316e-03 1.091656e+00
3.766913e-01 2.009233e+07 5.92520786e-03 1.232595e+00
3.766913e-01 2.535364e+07 6.27698793e-03 1.410633e+00
3.766913e-01 3.199267e+07 6.47385899e-03 1.592753e+00
3.766913e-01 4.037017e+07 6.67818489e-03 1.798386e+00
3.766913e-01 5.094138e+07 6.89028402e-03 2.030566e+00
3.766913e-01 6.428073e+07 7.11048823e-03 2.292723e+00
3.766913e-01 8.111308e+07 7.53987518e-03 2.623888e+00
3.766913e-01 1.023531e+08 7.78383836e-03 2.962645e+00
3.766913e-01 1.291550e+08 8.03724163e-03 3.345138e+00
3.766913e-01 1.629751e+08 8.30048787e-03 3.777013e+00
3.766913e-01 2.056512e+08 8.57399599e-03 4.264644e+00
3.766913e-01 2.595024e+08 9.10048068e-03 4.880638e+00
3.766913e-01 3.274549e+08 9.40391569e-03 5.510753e+00
3.766913e-01 4.132012e+08 9.71928888e-03 6.222219e+00
3.766913e-01 5.214008e+08 1.00471005e-02 7.025540e+00
3.766913e-01 6.579332e+08 1.03878674e-02 7.932573e+00
3.766913e-01 8.302176e+08 1.10359287e-02 9.078369e+00
3.766913e-01 1.047616e+09 1.14142967e-02 1.025043e+01
3.766913e-01 1.321941e+09 1.18076672e-02 1.157382e+01
3.766913e-01 1.668101e+09 1.22166350e-02 1.306805e+01
3.766913e-01 2.104904e+09 1.26418058e-02 1.475521e+01
3.766913e-01 2.656088e+09 1.34416481e-02 1.688648e+01
3.766913e-01 3.351603e+09 1.39136480e-02 1.906661e+01
3.766913e-01 4.229243e+09 1.44042124e-02 2.152820e+01
3.766913e-01 5.336699e+09 1.49139862e-02 2.430761e+01
3.766913e-01 6.734151e+09 1.54436069e-02 2.744584e+01
3.766913e-01 8.497534e+09 1.59937008e-02 3.098924e+01
3.766913e-01 1.072267e+10 1.70179363e-02 3.546539e+01
3.766913e-01 1.353048e+10 1.76269800e-02 4.004415e+01
3.766913e-01 1.707353e+10 1.82588244e-02 4.521405e+01
3.766913e-01 2.154435e+10 1.89139669e-02 5.105142e+01
3.766913e-01 2.718588e+10 1.95928353e-02 5.764242e+01
3.766913e-01 3.430469e+10 2.08508737e-02 6.596840e+01
3.766913e-01 4.328761e+10 2.15979942e-02 7.448526e+01
3.766913e-01 5.462277e+10 2.23701723e-02 8.410168e+01
3.766913e-01 6.892612e+10 2.31673392e-02 9.495964e+01
3.766913e-01 8.697490e+10 2.39892230e-02 1.072194e+02
3.766913e-01 1.097499e+11 2.55145702e-02 1.227064e+02
3.766913e-01 1.384886e+11 2.64078301e-02 1.385484e+02
3.766913e-01 1.747528e+11 2.73239451e-02 1.564357e+02
3.766913e-01 2.205131e+11 2.82613222e-02 1.766324e+02
3.766913e-01 2.782559e+11 2.92178811e-02 1.994365e+02
3.766913e-01 3.511192e+11 3.10167201e-02 2.282435e+02
3.766913e-01 4.430621e+11 3.20300160e-02 2.577109e+02
3.766913e-01 5.590810e+11 3.30527190e-02 2.909827e+02
3.766913e-01 7.054802e+11 3.40797465e-02 3.285501e+02
3.766913e-01 8.902151e+11 3.51049840e-02 3.709676e+02
3.766913e-01 1.123324e+12 3.71090834e-02 4.245508e+02
3.766913e-01 1.417474e+12 3.81348549e-02 4.793625e+02
3.766913e-01 1.788650e+12 3.91320635e-02 5.412507e+02
3.766913e-01 2.257020e+12 4.00886234e-02 6.111289e+02
3.766913e-01 2.848036e+12 4.09905746e-02 6.900288e+02
3.766913e-01 3.593814e+12 4.29657834e-02 7.896978e+02
3.766913e-01 4.534879e+12 4.37286651e-02 8.916518e+02
3.766913e-01 5.722368e+12 4.43793374e-02 1.006769e+03
3.766913e-01 7.220809e+12 4.48944172e-02 1.136748e+03
3.766913e-01 9.111628e+12 4.52482021e-02 1.283508e+03
3.766913e-01 1.149757e+13 4.66549398e-02 1.468900e+03
3.766913e-01 1.450829e+13 4.65994227e-02 1.658542e+03
3.766913e-01 1.830738e+13 4.62876852e-02 1.872669e+03
3.766913e-01 2.310130e+13 4.56879979e-02 2.114440e+03
3.766913e-01 2.915053e+13 4.59942879e-02 2.419853e+03
3.766913e-01 3.678380e+13 4.46954301e-02 2.732269e+03
3.766913e-01 4.641589e+13 4.30181843e-02 3.085019e+03
3.766913e-01 5.857021e+13 4.09481440e-02 3.483310e+03
3.766913e-01 7.390722e+13 3.95353158e-02 3.986446e+03
3.766913e-01 9.326033e+13 3.66098665e-02 4.501117e+03
3.766913e-01 1.176812e+14 3.33251658e-02 5.082234e+03
3.766913e-01 1.484968e+14 2.97378530e-02 5.738377e+03
3.766913e-01 1.873817e+14 2.66389790e-02 6.567239e+03
3.766913e-01 2.364489e+14 2.26095628e-02 7.415103e+03
3.766913e-01 2.983647e+14 1.85942696e-02 8.372431e+03
3.766913e-01 3.764936e+14 1.51412101e-02 9.581761e+03
3.766913e-01 4.750810e+14 1.14926018e-02 1.081881e+04
3.766913e-01 5.994843e+14 8.28954874e-03 1.221558e+04
3.766913e-01 7.564633e+14 5.63008223e-03 1.379267e+04
3.766913e-01 9.545485e+14 3.65934541e-03 1.578491e+04
3.766913e-01 1.204504e+15 2.12871971e-03 1.782283e+04
3.766913e-01 1.519911e+15 1.12020683e-03 2.012384e+04
3.766913e-01 1.917910e+15 5.36874477e-04 2.303057e+04
3.766913e-01 2.420128e+15 2.16840842e-04 2.600393e+04
3.766913e-01 3.053856e+15 7.38311359e-05 2.936118e+04
3.766913e-01 3.853529e+15 2.10912820e-05 3.360216e+04
3.766913e-01 4.862602e+15 4.59403685e-06 3.794037e+04
3.766913e-01 6.135907e+15 7.40327532e-07 4.283867e+04
3.766913e-01 7.742637e+15 8.40597814e-08 4.902636e+04
3.766913e-01 9.770100e+15 5.79814412e-09 5.535592e+04
3.766913e-01 1.232847e+16 2.23460823e-10 6.250265e+04
3.766913e-01 1.555676e+16 4.36140298e-12 7.153065e+04
3.766913e-01 1.963041e+16 3.54597431e-14 8.076563e+04
3.766913e-01 2.477076e+16 1.04777823e-16 9.119288e+04
3.766913e-01 3.125716e+16 9.49357673e-20 1.043650e+05
3.766913e-01 3.944206e+16 1.95197613e-23 1.178390e+05
3.766913e-01 4.977024e+16 6.80232953e-28 1.330526e+05
3.766913e-01 6.280291e+16 2.72024318e-33 1.522710e+05
3.766913e-01 7.924829e+16 6.84237975e-40 1.719300e+05
3.766913e-01 1.000000e+17 5.57488413e-48 1.967639e+05
4.039178e-01 1.261857e+07 6.33048334e-03 9.799658e-01
4.039178e-01 1.592283e+07 6.52519954e-03 1.106484e+00
4.039178e-01 2.009233e+07 6.72717108e-03 1.249337e+00
4.039178e-01 2.535364e+07 7.12642917e-03 1.429794e+00
4.039178e-01 3.199267e+07 7.34979252e-03 1.614388e+00
4.039178e-01 4.037017e+07 7.58159836e-03 1.822813e+00
4.039178e-01 5.094138e+07 7.82220568e-03 2.058148e+00
4.039178e-01 6.428073e+07 8.07198851e-03 2.323865e+00
4.039178e-01 8.111308e+07 8.55920557e-03 2.659529e+00
4.039178e-01 1.023531e+08 8.83589250e-03 3.002888e+00
4.039178e-01 1.291550e+08 9.12325934e-03 3.390576e+00
4.039178e-01 1.629751e+08 9.42175915e-03 3.828316e+00
4.039178e-01 2.056512e+08 9.73186266e-03 4.322572e+00
4.039178e-01 2.595024e+08 1.03290458e-02 4.946932e+00
4.039178e-01 3.274549e+08 1.06730010e-02 5.585606e+00
4.039178e-01 4.132012e+08 1.10304431e-02 6.306737e+00
4.039178e-01 5.214008e+08 1.14019323e-02 7.120968e+00
4.039178e-01 6.579332e+08 1.17880466e-02 8.040322e+00
4.039178e-01 8.302176e+08 1.25227715e-02 9.201681e+00
4.039178e-01 1.047616e+09 1.29513523e-02 1.038967e+01
4.039178e-01 1.321941e+09 1.33968469e-02 1.173102e+01
4.039178e-01 1.668101e+09 1.38599164e-02 1.324556e+01
4.039178e-01 2.104904e+09 1.43412332e-02 1.495563e+01
4.039178e-01 2.656088e+09 1.52474059e-02 1.711585e+01
4.039178e-01 3.351603e+09 1.57814900e-02 1.932559e+01
4.039178e-01 4.229243e+09 1.63364381e-02 2.182063e+01
4.039178e-01 5.336699e+09 1.69129571e-02 2.463778e+01
4.039178e-01 6.734151e+09 1.75117426e-02 2.781864e+01
4.039178e-01 8.497534e+09 1.81334743e-02 3.141017e+01
4.039178e-01 1.072267e+10 1.92924199e-02 3.594712e+01
4.039178e-01 1.353048e+10 1.99802774e-02 4.058807e+01
4.039178e-01 1.707353e+10 2.06935932e-02 4.582820e+01
4.039178e-01 2.154435e+10 2.14328807e-02 5.174486e+01
4.039178e-01 2.718588e+10 2.21985692e-02 5.842538e+01
4.039178e-01 3.430469e+10 2.36198007e-02 6.686446e+01
4.039178e-01 4.328761e+10 2.44615343e-02 7.549700e+01
4.039178e-01 5.462277e+10 2.53309459e-02 8.524405e+01
4.039178e-01 6.892612e+10 2.62278662e-02 9.624949e+01
4.039178e-01 8.697490e+10 2.71518852e-02 1.086758e+02
4.039178e-01 1.097499e+11 2.88709214e-02 1.243731e+02
4.039178e-01 1.384886e+11 2.98733879e-02 1.404303e+02
4.039178e-01 1.747528e+11 3.09004263e-02 1.585606e+02
4.039178e-01 2.205131e+11 3.19500707e-02 1.790316e+02
4.039178e-01 2.782559e+11 3.30197863e-02 2.021455e+02
4.039178e-01 3.511192e+11 3.41063771e-02 2.282435e+02
4.039178e-01 4.430621e+11 3.61687895e-02 2.612114e+02
4.039178e-01 5.590810e+11 3.73066557e-02 2.949352e+02
4.039178e-01 7.054802e+11 3.84467933e-02 3.330128e+02
4.039178e-01 8.902151e+11 3.95819960e-02 3.760065e+02
4.039178e-01 1.123324e+12 4.07037103e-02 4.245508e+02
4.039178e-01 1.417474e+12 4.29451778e-02 4.858738e+02
4.039178e-01 1.788650e+12 4.40370734e-02 5.486025e+02
4.039178e-01 2.257020e+12 4.50786549e-02 6.194299e+02
4.039178e-01 2.848036e+12 4.60537897e-02 6.994015e+02
4.039178e-01 3.593814e+12 4.82280203e-02 8.004244e+02
4.039178e-01 4.534879e+12 4.90340609e-02 9.037633e+02
4.039178e-01 5.722368e+12 4.97075412e-02 1.020444e+03
4.039178e-01 7.220809e+12 5.02219012e-02 1.152188e+03
4.039178e-01 9.111628e+12 5.05481063e-02 1.300942e+03
4.039178e-01 1.149757e+13 5.20403711e-02 1.488852e+03
4.039178e-01 1.450829e+13 5.18908689e-02 1.681071e+03
4.039178e-01 1.830738e+13 5.14473315e-02 1.898105e+03
4.039178e-01 2.310130e+13 5.06751841e-02 2.143160e+03
4.039178e-01 2.915053e+13 5.08967053e-02 2.452723e+03
4.039178e-01 3.678380e+13 4.93314915e-02 2.769382e+03
4.039178e-01 4.641589e+13 4.73429377e-02 3.126923e+03
4.039178e-01 5.857021e+13 4.49187091e-02 3.530625e+03
4.039178e-01 7.390722e+13 4.32109989e-02 4.040595e+03
4.039178e-01 9.326033e+13 3.98496048e-02 4.562256e+03
4.039178e-01 1.176812e+14 3.61065510e-02 5.151267e+03
4.039178e-01 1.484968e+14 3.20514248e-02 5.816322e+03
4.039178e-01 1.873817e+14 2.85413604e-02 6.656443e+03
4.039178e-01 2.364489e+14 2.40611146e-02 7.515823e+03
4.039178e-01 2.983647e+14 1.96362857e-02 8.486155e+03
4.039178e-01 3.764936e+14 1.54277065e-02 9.581761e+03
4.039178e-01 4.750810e+14 1.19096670e-02 1.096577e+04
4.039178e-01 5.994843e+14 8.49142714e-03 1.238151e+04
4.039178e-01 7.564633e+14 5.69070450e-03 1.398002e+04
4.039178e-01 9.545485e+14 3.64210623e-03 1.599932e+04
4.039178e-01 1.204504e+15 2.08111351e-03 1.806492e+04
4.039178e-01 1.519911e+15 1.07258242e-03 2.039719e+04
4.039178e-01 1.917910e+15 4.88343934e-04 2.303057e+04
4.039178e-01 2.420128e+15 1.96948601e-04 2.635715e+04
4.039178e-01 3.053856e+15 6.48571957e-05 2.975999e+04
4.039178e-01 3.853529e+15 1.73404838e-05 3.360216e+04
4.039178e-01 4.862602e+15 3.70455253e-06 3.845572e+04
4.039178e-01 6.135907e+15 5.64950388e-07 4.342055e+04
4.039178e-01 7.742637e+15 5.84451412e-08 4.902636e+04
4.039178e-01 9.770100e+15 3.82440200e-09 5.610783e+04
4.039178e-01 1.232847e+16 1.33854337e-10 6.335163e+04
4.039178e-01 1.555676e+16 2.26319416e-12 7.153065e+04
4.039178e-01 1.963041e+16 1.64213710e-14 8.186268e+04
4.039178e-01 2.477076e+16 4.09483739e-17 9.243157e+04
4.039178e-01 3.125716e+16 2.94398076e-20 1.043650e+05
4.039178e-01 3.944206e+16 4.86202792e-24 1.194396e+05
4.039178e-01 4.977024e+16 1.25889543e-28 1.348599e+05
4.039178e-01 6.280291e+16 3.51228435e-34 1.543393e+05
4.039178e-01 7.924829e+16 5.69738913e-41 1.742653e+05
4.039178e-01 1.000000e+17 2.63858731e-49 1.967639e+05
4.331122e-01 1.261857e+07 7.19603761e-03 9.932768e-01
4.331122e-01 1.592283e+07 7.41724090e-03 1.121514e+00
4.331122e-01 2.009233e+07 7.64667228e-03 1.266307e+00
4.331122e-01 2.535364e+07 7.88467852e-03 1.429794e+00
4.331122e-01 3.199267e+07 8.35402770e-03 1.636316e+00
4.331122e-01 4.037017e+07 8.61729430e-03 1.847573e+00
4.331122e-01 5.094138e+07 8.89053527e-03 2.086104e+00
4.331122e-01 6.428073e+07 9.17417231e-03 2.355431e+00
4.331122e-01 8.111308e+07 9.46864516e-03 2.659529e+00
4.331122e-01 1.023531e+08 1.00417492e-02 3.043676e+00
4.331122e-01 1.291550e+08 1.03679705e-02 3.436630e+00
4.331122e-01 1.629751e+08 1.07067931e-02 3.880317e+00
4.331122e-01 2.056512e+08 1.10587462e-02 4.381286e+00
4.331122e-01 2.595024e+08 1.14243794e-02 4.946932e+00
4.331122e-01 3.274549e+08 1.21271184e-02 5.661476e+00
4.331122e-01 4.132012e+08 1.25326376e-02 6.392402e+00
4.331122e-01 5.214008e+08 1.29540298e-02 7.217694e+00
4.331122e-01 6.579332e+08 1.33919412e-02 8.149535e+00
4.331122e-01 8.302176e+08 1.38470375e-02 9.201681e+00
4.331122e-01 1.047616e+09 1.47116656e-02 1.053079e+01
4.331122e-01 1.321941e+09 1.52166424e-02 1.189037e+01
4.331122e-01 1.668101e+09 1.57414292e-02 1.342548e+01
4.331122e-01 2.104904e+09 1.62867707e-02 1.515877e+01
4.331122e-01 2.656088e+09 1.68534213e-02 1.711585e+01
4.331122e-01 3.351603e+09 1.79191953e-02 1.958809e+01
4.331122e-01 4.229243e+09 1.85474639e-02 2.211702e+01
4.331122e-01 5.336699e+09 1.91999534e-02 2.497244e+01
4.331122e-01 6.734151e+09 1.98774197e-02 2.819651e+01
4.331122e-01 8.497534e+09 2.05805958e-02 3.183682e+01
4.331122e-01 1.072267e+10 2.18930300e-02 3.643539e+01
4.331122e-01 1.353048e+10 2.26703674e-02 4.113939e+01
4.331122e-01 1.707353e+10 2.34761079e-02 4.645069e+01
4.331122e-01 2.154435e+10 2.43107723e-02 5.244771e+01
4.331122e-01 2.718588e+10 2.51747776e-02 5.921898e+01
4.331122e-01 3.430469e+10 2.60684102e-02 6.686446e+01
4.331122e-01 4.328761e+10 2.77300467e-02 7.652248e+01
4.331122e-01 5.462277e+10 2.87091942e-02 8.640193e+01
4.331122e-01 6.892612e+10 2.97185393e-02 9.755686e+01
4.331122e-01 8.697490e+10 3.07574908e-02 1.101519e+02
4.331122e-01 1.097499e+11 3.18251133e-02 1.243731e+02
4.331122e-01 1.384886e+11 3.38204646e-02 1.423378e+02
4.331122e-01 1.747528e+11 3.49716014e-02 1.607144e+02
4.331122e-01 2.205131e+11 3.61465380e-02 1.814634e+02
4.331122e-01 2.782559e+11 3.73421819e-02 2.048913e+02
4.331122e-01 3.511192e+11 3.85546695e-02 2.313438e+02
4.331122e-01 4.430621e+11 4.08672399e-02 2.647595e+02
4.331122e-01 5.590810e+11 4.21317948e-02 2.989413e+02
4.331122e-01 7.054802e+11 4.33956948e-02 3.375362e+02
4.331122e-01 8.902151e+11 4.46504326e-02 3.811138e+02
4.331122e-01 1.123324e+12 4.58859542e-02 4.303176e+02
4.331122e-01 1.417474e+12 4.83784310e-02 4.924734e+02
4.331122e-01 1.788650e+12 4.95699432e-02 5.560543e+02
4.331122e-01 2.257020e+12 5.06992268e-02 6.278437e+02
4.331122e-01 2.848036e+12 5.17476235e-02 7.089016e+02
4.331122e-01 3.593814e+12 5.26939265e-02 8.004244e+02
4.331122e-01 4.534879e+12 5.49779057e-02 9.160392e+02
4.331122e-01 5.722368e+12 5.56638818e-02 1.034305e+03
4.331122e-01 7.220809e+12 5.61629313e-02 1.167839e+03
4.331122e-01 9.111628e+12 5.64423042e-02 1.318612e+03
4.331122e-01 1.149757e+13 5.64670198e-02 1.488852e+03
4.331122e-01 1.450829e+13 5.77376318e-02 1.703905e+03
4.331122e-01 1.830738e+13 5.71264234e-02 1.923888e+03
4.331122e-01 2.310130e+13 5.61404008e-02 2.172271e+03
4.331122e-01 2.915053e+13 5.47448969e-02 2.452723e+03
4.331122e-01 3.678380e+13 5.43576594e-02 2.806999e+03
4.331122e-01 4.641589e+13 5.20006744e-02 3.169396e+03
4.331122e-01 5.857021e+13 4.91621906e-02 3.578582e+03
4.331122e-01 7.390722e+13 4.58499311e-02 4.040595e+03
4.331122e-01 9.326033e+13 4.32441537e-02 4.624226e+03
4.331122e-01 1.176812e+14 3.89832554e-02 5.221237e+03
4.331122e-01 1.484968e+14 3.44063321e-02 5.895326e+03
4.331122e-01 1.873817e+14 2.96286036e-02 6.656443e+03
4.331122e-01 2.364489e+14 2.54710923e-02 7.617912e+03
4.331122e-01 2.983647e+14 2.06118750e-02 8.601423e+03
4.331122e-01 3.764936e+14 1.60384163e-02 9.711911e+03
4.331122e-01 4.750810e+14 1.19187415e-02 1.096577e+04
4.331122e-01 5.994843e+14 8.61989733e-03 1.254968e+04
4.331122e-01 7.564633e+14 5.69267889e-03 1.416991e+04
4.331122e-01 9.545485e+14 3.48675258e-03 1.599932e+04
4.331122e-01 1.204504e+15 2.00698639e-03 1.831029e+04
4.331122e-01 1.519911e+15 1.01097962e-03 2.067425e+04
4.331122e-01 1.917910e+15 4.48162374e-04 2.334340e+04
4.331122e-01 2.420128e+15 1.75179707e-04 2.671516e+04
4.331122e-01 3.053856e+15 5.56118019e-05 3.016423e+04
4.331122e-01 3.853529e+15 1.42412600e-05 3.405858e+04
4.331122e-01 4.862602e+15 2.81438650e-06 3.845572e+04
4.331122e-01 6.135907e+15 4.15012467e-07 4.401034e+04
4.331122e-01 7.742637e+15 3.99266154e-08 4.969230e+04
4.331122e-01 9.770100e+15 2.32993775e-09 5.610783e+04
4.331122e-01 1.232847e+16 7.53642122e-11 6.421215e+04
4.331122e-01 1.555676e+16 1.12111512e-12 7.250226e+04
4.331122e-01 1.963041e+16 6.78350560e-15 8.186268e+04
4.331122e-01 2.477076e+16 1.44221958e-17 9.368708e+04
4.331122e-01 3.125716e+16 8.28404963e-21 1.057826e+05
4.331122e-01 3.944206e+16 1.04403231e-24 1.210620e+05
4.331122e-01 4.977024e+16 1.95058456e-29 1.366917e+05
4.331122e-01 6.280291e+16 3.56691161e-35 1.543393e+05
4.331122e-01 7.924829e+16 3.67125825e-42 1.766324e+05
4.331122e-01 1.000000e+17 9.41631627e-51 1.994365e+05
4.644167e-01 1.261857e+07 7.97149232e-03 9.932768e-01
4.644167e-01 1.592283e+07 8.44108612e-03 1.136748e+00
4.644167e-01 2.009233e+07 8.70199305e-03 1.283508e+00
4.644167e-01 2.535364e+07 8.97263140e-03 1.449215e+00
4.644167e-01 3.199267e+07 9.25341005e-03 1.636316e+00
4.644167e-01 4.037017e+07 9.80581191e-03 1.872669e+00
4.644167e-01 5.094138e+07 1.01164387e-02 2.114440e+00
4.644167e-01 6.428073e+07 1.04388537e-02 2.387425e+00
4.644167e-01 8.111308e+07 1.07735526e-02 2.695653e+00
4.644167e-01 1.023531e+08 1.11210508e-02 3.043676e+00
4.644167e-01 1.291550e+08 1.17959230e-02 3.483310e+00
4.644167e-01 1.629751e+08 1.21808991e-02 3.933024e+00
4.644167e-01 2.056512e+08 1.25807428e-02 4.440797e+00
4.644167e-01 2.595024e+08 1.29960712e-02 5.014127e+00
4.644167e-01 3.274549e+08 1.34275232e-02 5.661476e+00
4.644167e-01 4.132012e+08 1.42552722e-02 6.479231e+00
4.644167e-01 5.214008e+08 1.47337131e-02 7.315732e+00
4.644167e-01 6.579332e+08 1.52308205e-02 8.260231e+00
4.644167e-01 8.302176e+08 1.57473373e-02 9.326669e+00
4.644167e-01 1.047616e+09 1.62840241e-02 1.053079e+01
4.644167e-01 1.321941e+09 1.73022905e-02 1.205188e+01
4.644167e-01 1.668101e+09 1.78975100e-02 1.360784e+01
4.644167e-01 2.104904e+09 1.85158865e-02 1.536468e+01
4.644167e-01 2.656088e+09 1.91582512e-02 1.734834e+01
4.644167e-01 3.351603e+09 1.98254368e-02 1.958809e+01
4.644167e-01 4.229243e+09 2.05182707e-02 2.211702e+01
4.644167e-01 5.336699e+09 2.18184340e-02 2.531164e+01
4.644167e-01 6.734151e+09 2.25854128e-02 2.857950e+01
4.644167e-01 8.497534e+09 2.33811830e-02 3.226926e+01
4.644167e-01 1.072267e+10 2.42064847e-02 3.643539e+01
4.644167e-01 1.353048e+10 2.50619965e-02 4.113939e+01
4.644167e-01 1.707353e+10 2.66580266e-02 4.708164e+01
4.644167e-01 2.154435e+10 2.76007605e-02 5.316012e+01
4.644167e-01 2.718588e+10 2.85760502e-02 6.002336e+01
4.644167e-01 3.430469e+10 2.95841239e-02 6.777268e+01
4.644167e-01 4.328761e+10 3.06250206e-02 7.652248e+01
4.644167e-01 5.462277e+10 3.25655219e-02 8.757554e+01
4.644167e-01 6.892612e+10 3.37014377e-02 9.888199e+01
4.644167e-01 8.697490e+10 3.48695589e-02 1.116482e+02
4.644167e-01 1.097499e+11 3.60686505e-02 1.260625e+02
4.644167e-01 1.384886e+11 3.72970082e-02 1.423378e+02
4.644167e-01 1.747528e+11 3.85523629e-02 1.607144e+02
4.644167e-01 2.205131e+11 4.09212275e-02 1.839282e+02
4.644167e-01 2.782559e+11 4.22566168e-02 2.076743e+02
4.644167e-01 3.511192e+11 4.36082899e-02 2.344861e+02
4.644167e-01 4.430621e+11 4.49705326e-02 2.647595e+02
4.644167e-01 5.590810e+11 4.63364422e-02 2.989413e+02
4.644167e-01 7.054802e+11 4.90023320e-02 3.421210e+02
4.644167e-01 8.902151e+11 5.03861092e-02 3.862905e+02
4.644167e-01 1.123324e+12 5.17432767e-02 4.361626e+02
4.644167e-01 1.417474e+12 5.30600176e-02 4.924734e+02
4.644167e-01 1.788650e+12 5.43203199e-02 5.560543e+02
4.644167e-01 2.257020e+12 5.70238929e-02 6.363718e+02
4.644167e-01 2.848036e+12 5.81432722e-02 7.185307e+02
4.644167e-01 3.593814e+12 5.91397331e-02 8.112967e+02
4.644167e-01 4.534879e+12 5.99858962e-02 9.160392e+02
4.644167e-01 5.722368e+12 6.06513995e-02 1.034305e+03
4.644167e-01 7.220809e+12 6.27742038e-02 1.183701e+03
4.644167e-01 9.111628e+12 6.29815208e-02 1.336523e+03
4.644167e-01 1.149757e+13 6.28931602e-02 1.509075e+03
4.644167e-01 1.450829e+13 6.24686984e-02 1.703905e+03
4.644167e-01 1.830738e+13 6.33542095e-02 1.950020e+03
4.644167e-01 2.310130e+13 6.21040585e-02 2.201778e+03
4.644167e-01 2.915053e+13 6.03906042e-02 2.486038e+03
4.644167e-01 3.678380e+13 5.81845072e-02 2.806999e+03
4.644167e-01 4.641589e+13 5.69839872e-02 3.212447e+03
4.644167e-01 5.857021e+13 5.36623659e-02 3.627190e+03
4.644167e-01 7.390722e+13 4.98266776e-02 4.095479e+03
4.644167e-01 9.326033e+13 4.55172254e-02 4.624226e+03
4.644167e-01 1.176812e+14 4.08031534e-02 5.221237e+03
4.644167e-01 1.484968e+14 3.67638776e-02 5.975403e+03
4.644167e-01 1.873817e+14 3.14321852e-02 6.746858e+03
4.644167e-01 2.364489e+14 2.60883328e-02 7.617912e+03
4.644167e-01 2.983647e+14 2.14879003e-02 8.718257e+03
4.644167e-01 3.764936e+14 1.65432282e-02 9.843829e+03
4.644167e-01 4.750810e+14 1.21450091e-02 1.111472e+04
4.644167e-01 5.994843e+14 8.43083019e-03 1.254968e+04
4.644167e-01 7.564633e+14 5.62855071e-03 1.436238e+04
4.644167e-01 9.545485e+14 3.38378148e-03 1.621664e+04
4.644167e-01 1.204504e+15 1.85530668e-03 1.831029e+04
4.644167e-01 1.519911e+15 9.36275203e-04 2.095507e+04
4.644167e-01 1.917910e+15 4.03029066e-04 2.366047e+04
4.644167e-01 2.420128e+15 1.48160425e-04 2.671516e+04
4.644167e-01 3.053856e+15 4.51756624e-05 3.016423e+04
4.644167e-01 3.853529e+15 1.13348358e-05 3.452120e+04
4.644167e-01 4.862602e+15 2.11798701e-06 3.897807e+04
4.644167e-01 6.135907e+15 2.84407430e-07 4.401034e+04
4.644167e-01 7.742637e+15 2.59524661e-08 5.036727e+04
4.644167e-01 9.770100e+15 1.37548025e-09 5.686995e+04
4.644167e-01 1.232847e+16 3.85482986e-11 6.421215e+04
4.644167e-01 1.555676e+16 5.11751781e-13 7.348707e+04
4.644167e-01 1.963041e+16 2.61216448e-15 8.297463e+04
4.644167e-01 2.477076e+16 4.40368183e-18 9.368708e+04
4.644167e-01 3.125716e+16 2.03019538e-21 1.072194e+05
4.644167e-01 3.944206e+16 1.84999883e-25 1.210620e+05
4.644167e-01 4.977024e+16 2.41417922e-30 1.366917e+05
4.644167e-01 6.280291e+16 2.93586710e-36 1.564357e+05
4.644167e-01 7.924829e+16 1.73137202e-43 1.766324e+05
4.644167e-01 1.000000e+17 2.38208712e-52 2.021455e+05
4.979838e-01 1.261857e+07 9.08250617e-03 1.006769e+00
4.979838e-01 1.592283e+07 9.36128451e-03 1.136748e+00
4.979838e-01 2.009233e+07 9.65039044e-03 1.283508e+00
4.979838e-01 2.535364e+07 1.02224022e-02 1.468900e+00
4.979838e-01 3.199267e+07 1.05419833e-02 1.658542e+00
4.979838e-01 4.037017e+07 1.08735610e-02 1.872669e+00
4.979838e-01 5.094138e+07 1.12176371e-02 2.114440e+00
4.979838e-01 6.428073e+07 1.18913115e-02 2.419853e+00
4.979838e-01 8.111308e+07 1.22721100e-02 2.732269e+00
4.979838e-01 1.023531e+08 1.26674241e-02 3.085019e+00
4.979838e-01 1.291550e+08 1.30778570e-02 3.483310e+00
4.979838e-01 1.629751e+08 1.35040358e-02 3.933024e+00
4.979838e-01 2.056512e+08 1.43280605e-02 4.501117e+00
4.979838e-01 2.595024e+08 1.48002758e-02 5.082234e+00
4.979838e-01 3.274549e+08 1.52907433e-02 5.738377e+00
4.979838e-01 4.132012e+08 1.58002025e-02 6.479231e+00
4.979838e-01 5.214008e+08 1.63294163e-02 7.315732e+00
4.979838e-01 6.579332e+08 1.73408267e-02 8.372431e+00
4.979838e-01 8.302176e+08 1.79275421e-02 9.453354e+00
4.979838e-01 1.047616e+09 1.85370303e-02 1.067383e+01
4.979838e-01 1.321941e+09 1.91701527e-02 1.205188e+01
4.979838e-01 1.668101e+09 1.98277851e-02 1.360784e+01
4.979838e-01 2.104904e+09 2.10717972e-02 1.557338e+01
4.979838e-01 2.656088e+09 2.18005048e-02 1.758398e+01
4.979838e-01 3.351603e+09 2.25571239e-02 1.985416e+01
4.979838e-01 4.229243e+09 2.33425545e-02 2.241744e+01
4.979838e-01 5.336699e+09 2.41576803e-02 2.531164e+01
4.979838e-01 6.734151e+09 2.50033536e-02 2.857950e+01
4.979838e-01 8.497534e+09 2.65882345e-02 3.270758e+01
4.979838e-01 1.072267e+10 2.75222465e-02 3.693030e+01
4.979838e-01 1.353048e+10 2.84899474e-02 4.169819e+01
4.979838e-01 1.707353e+10 2.94919377e-02 4.708164e+01
4.979838e-01 2.154435e+10 3.05286929e-02 5.316012e+01
4.979838e-01 2.718588e+10 3.24648353e-02 6.083867e+01
4.979838e-01 3.430469e+10 3.36021813e-02 6.869325e+01
4.979838e-01 4.328761e+10 3.47756236e-02 7.756190e+01
4.979838e-01 5.462277e+10 3.59847864e-02 8.757554e+01
4.979838e-01 6.892612e+10 3.72289652e-02 9.888199e+01
4.979838e-01 8.697490e+10 3.85070580e-02 1.116482e+02
4.979838e-01 1.097499e+11 4.09065296e-02 1.277748e+02
4.979838e-01 1.384886e+11 4.22838544e-02 1.442712e+02
4.979838e-01 1.747528e+11 4.36893894e-02 1.628974e+02
4.979838e-01 2.205131e+11 4.51195308e-02 1.839282e+02
4.979838e-01 2.782559e+11 4.65697846e-02 2.076743e+02
4.979838e-01 3.511192e+11 4.93484155e-02 2.376712e+02
4.979838e-01 4.430621e+11 5.08614408e-02 2.683558e+02
4.979838e-01 5.590810e+11 5.23743214e-02 3.030019e+02
4.979838e-01 7.054802e+11 5.38772317e-02 3.421210e+02
4.979838e-01 8.902151e+11 5.53585783e-02 3.862905e+02
4.979838e-01 1.123324e+12 5.83584402e-02 4.420871e+02
4.979838e-01 1.417474e+12 5.97918926e-02 4.991628e+02
4.979838e-01 1.788650e+12 6.11543341e-02 5.636072e+02
4.979838e-01 2.257020e+12 6.24243531e-02 6.363718e+02
4.979838e-01 2.848036e+12 6.35776305e-02 7.185307e+02
4.979838e-01 3.593814e+12 6.63532848e-02 8.223166e+02
4.979838e-01 4.534879e+12 6.72106190e-02 9.284819e+02
4.979838e-01 5.722368e+12 6.78539588e-02 1.048354e+03
4.979838e-01 7.220809e+12 6.82456941e-02 1.183701e+03
4.979838e-01 9.111628e+12 6.83455578e-02 1.336523e+03
4.979838e-01 1.149757e+13 6.99741822e-02 1.529573e+03
4.979838e-01 1.450829e+13 6.93458046e-02 1.727049e+03
4.979838e-01 1.830738e+13 6.82858049e-02 1.950020e+03
4.979838e-01 2.310130e+13 6.67528178e-02 2.201778e+03
4.979838e-01 2.915053e+13 6.64806144e-02 2.519806e+03
4.979838e-01 3.678380e+13 6.38313965e-02 2.845126e+03
4.979838e-01 4.641589e+13 6.06156810e-02 3.212447e+03
4.979838e-01 5.857021e+13 5.68360072e-02 3.627190e+03
4.979838e-01 7.390722e+13 5.25177318e-02 4.095479e+03
4.979838e-01 9.326033e+13 4.90189228e-02 4.687038e+03
4.979838e-01 1.176812e+14 4.36719246e-02 5.292158e+03
4.979838e-01 1.484968e+14 3.80347806e-02 5.975403e+03
4.979838e-01 1.873817e+14 3.22625473e-02 6.746858e+03
4.979838e-01 2.364489e+14 2.72636656e-02 7.721387e+03
4.979838e-01 2.983647e+14 2.16353093e-02 8.718257e+03
4.979838e-01 3.764936e+14 1.64628283e-02 9.843829e+03
4.979838e-01 4.750810e+14 1.22510754e-02 1.126569e+04
4.979838e-01 5.994843e+14 8.37435509e-03 1.272015e+04
4.979838e-01 7.564633e+14 5.34617698e-03 1.436238e+04
4.979838e-01 9.545485e+14 3.14870323e-03 1.621664e+04
4.979838e-01 1.204504e+15 1.73190344e-03 1.855900e+04
4.979838e-01 1.519911e+15 8.27483935e-04 2.095507e+04
4.979838e-01 1.917910e+15 3.44860295e-04 2.366047e+04
4.979838e-01 2.420128e+15 1.25405198e-04 2.707804e+04
4.979838e-01 3.053856e+15 3.65770329e-05 3.057395e+04
4.979838e-01 3.853529e+15 8.47874795e-06 3.452120e+04
4.979838e-01 4.862602e+15 1.48955347e-06 3.897807e+04
4.979838e-01 6.135907e+15 1.90954310e-07 4.460813e+04
4.979838e-01 7.742637e+15 1.55333300e-08 5.036727e+04
4.979838e-01 9.770100e+15 7.40480934e-10 5.686995e+04
4.979838e-01 1.232847e+16 1.87555328e-11 6.508435e+04
4.979838e-01 1.555676e+16 2.07559583e-13 7.348707e+04
4.979838e-01 1.963041e+16 8.78548687e-16 8.297463e+04
4.979838e-01 2.477076e+16 1.21414288e-18 9.495964e+04
4.979838e-01 3.125716e+16 4.15187772e-22 1.072194e+05
4.979838e-01 3.944206e+16 2.72726912e-26 1.210620e+05
4.979838e-01 4.977024e+16 2.46299157e-31 1.385484e+05
4.979838e-01 6.280291e+16 1.80621626e-37 1.564357e+05
4.979838e-01 7.924829e+16 6.10613037e-45 1.790316e+05
4.979838e-01 1.000000e+17 3.99867460e-54 2.021455e+05
5.339771e-01 1.261857e+07 1.00842619e-02 1.006769e+00
5.339771e-01 1.592283e+07 1.06777816e-02 1.152188e+00
5.339771e-01 2.009233e+07 1.10072305e-02 1.300942e+00
5.339771e-01 2.535364e+07 1.13489084e-02 1.468900e+00
5.339771e-01 3.199267e+07 1.17033232e-02 1.658542e+00
5.339771e-01 4.037017e+07 1.20710044e-02 1.872669e+00
5.339771e-01 5.094138e+07 1.27930887e-02 2.143160e+00
5.339771e-01 6.428073e+07 1.31998059e-02 2.419853e+00
5.339771e-01 8.111308e+07 1.36219198e-02 2.732269e+00
5.339771e-01 1.023531e+08 1.40600665e-02 3.085019e+00
5.339771e-01 1.291550e+08 1.49119003e-02 3.530625e+00
5.339771e-01 1.629751e+08 1.53970348e-02 3.986446e+00
5.339771e-01 2.056512e+08 1.59007526e-02 4.501117e+00
5.339771e-01 2.595024e+08 1.64238094e-02 5.082234e+00
5.339771e-01 3.274549e+08 1.69669851e-02 5.738377e+00
5.339771e-01 4.132012e+08 1.80105730e-02 6.567239e+00
5.339771e-01 5.214008e+08 1.86124480e-02 7.415103e+00
5.339771e-01 6.579332e+08 1.92375433e-02 8.372431e+00
5.339771e-01 8.302176e+08 1.98867536e-02 9.453354e+00
5.339771e-01 1.047616e+09 2.05609916e-02 1.067383e+01
5.339771e-01 1.321941e+09 2.18426946e-02 1.221558e+01
5.339771e-01 1.668101e+09 2.25896691e-02 1.379267e+01
5.339771e-01 2.104904e+09 2.33652444e-02 1.557338e+01
5.339771e-01 2.656088e+09 2.41703923e-02 1.758398e+01
5.339771e-01 3.351603e+09 2.50060776e-02 1.985416e+01
5.339771e-01 4.229243e+09 2.58732477e-02 2.241744e+01
5.339771e-01 5.336699e+09 2.75050830e-02 2.565545e+01
5.339771e-01 6.734151e+09 2.84634653e-02 2.896770e+01
5.339771e-01 8.497534e+09 2.94568992e-02 3.270758e+01
5.339771e-01 1.072267e+10 3.04861624e-02 3.693030e+01
5.339771e-01 1.353048e+10 3.15519364e-02 4.169819e+01
5.339771e-01 1.707353e+10 3.35479181e-02 4.772115e+01
5.339771e-01 2.154435e+10 3.47194426e-02 5.388220e+01
5.339771e-01 2.718588e+10 3.59297169e-02 6.083867e+01
5.339771e-01 3.430469e+10 3.71787486e-02 6.869325e+01
5.339771e-01 4.328761e+10 3.84662745e-02 7.756190e+01
5.339771e-01 5.462277e+10 3.97916965e-02 8.757554e+01
5.339771e-01 6.892612e+10 4.22796262e-02 1.002251e+02
5.339771e-01 8.697490e+10 4.37156606e-02 1.131647e+02
5.339771e-01 1.097499e+11 4.51860856e-02 1.277748e+02
5.339771e-01 1.384886e+11 4.66882110e-02 1.442712e+02
5.339771e-01 1.747528e+11 4.82185786e-02 1.628974e+02
5.339771e-01 2.205131e+11 5.11341807e-02 1.864266e+02
5.339771e-01 2.782559e+11 5.27500320e-02 2.104952e+02
5.339771e-01 3.511192e+11 5.43782500e-02 2.376712e+02
5.339771e-01 4.430621e+11 5.60107655e-02 2.683558e+02
5.339771e-01 5.590810e+11 5.76379490e-02 3.030019e+02
5.339771e-01 7.054802e+11 6.08688962e-02 3.467680e+02
5.339771e-01 8.902151e+11 6.24924763e-02 3.915376e+02
5.339771e-01 1.123324e+12 6.40691186e-02 4.420871e+02
5.339771e-01 1.417474e+12 6.55803005e-02 4.991628e+02
5.339771e-01 1.788650e+12 6.70047534e-02 5.636072e+02
5.339771e-01 2.257020e+12 7.01867998e-02 6.450157e+02
5.339771e-01 2.848036e+12 7.13940827e-02 7.282906e+02
5.339771e-01 3.593814e+12 7.24277293e-02 8.223166e+02
5.339771e-01 4.534879e+12 7.32528226e-02 9.284819e+02
5.339771e-01 5.722368e+12 7.38311231e-02 1.048354e+03
5.339771e-01 7.220809e+12 7.61486182e-02 1.199780e+03
5.339771e-01 9.111628e+12 7.61058021e-02 1.354678e+03
5.339771e-01 1.149757e+13 7.56752746e-02 1.529573e+03
5.339771e-01 1.450829e+13 7.48098654e-02 1.727049e+03
5.339771e-01 1.830738e+13 7.34637829e-02 1.950020e+03
5.339771e-01 2.310130e+13 7.35532147e-02 2.231685e+03
5.339771e-01 2.915053e+13 7.10603496e-02 2.519806e+03
5.339771e-01 3.678380e+13 6.79694531e-02 2.845126e+03
5.339771e-01 4.641589e+13 6.42711349e-02 3.212447e+03
5.339771e-01 5.857021e+13 6.16171803e-02 3.676459e+03
5.339771e-01 7.390722e+13 5.66314652e-02 4.151108e+03
5.339771e-01 9.326033e+13 5.11420627e-02 4.687038e+03
5.339771e-01 1.176812e+14 4.52545742e-02 5.292158e+03
5.339771e-01 1.484968e+14 4.01808163e-02 6.056568e+03
5.339771e-01 1.873817e+14 3.37869304e-02 6.838501e+03
5.339771e-01 2.364489e+14 2.75175946e-02 7.721387e+03
5.339771e-01 2.983647e+14 2.15915281e-02 8.718257e+03
5.339771e-01 3.764936e+14 1.66624074e-02 9.977539e+03
5.339771e-01 4.750810e+14 1.18922939e-02 1.126569e+04
5.339771e-01 5.994843e+14 7.99212253e-03 1.272015e+04
5.339771e-01 7.564633e+14 5.00321324e-03 1.436238e+04
5.339771e-01 9.545485e+14 2.95955564e-03 1.643692e+04
5.339771e-01 1.204504e+15 1.54348290e-03 1.855900e+04
5.339771e-01 1.519911e+15 7.15276452e-04 2.095507e+04
5.339771e-01 1.917910e+15 2.95522475e-04 2.398186e+04
5.339771e-01 2.420128e+15 1.00327698e-04 2.707804e+04
5.339771e-01 3.053856e+15 2.78652918e-05 3.057395e+04
5.339771e-01 3.853529e+15 6.09819263e-06 3.452120e+04
5.339771e-01 4.862602e+15 1.02830810e-06 3.950751e+04
5.339771e-01 6.135907e+15 1.18347395e-07 4.460813e+04
5.339771e-01 7.742637e+15 8.73792288e-09 5.036727e+04
5.339771e-01 9.770100e+15 3.80756242e-10 5.764242e+04
5.339771e-01 1.232847e+16 8.15086182e-12 6.508435e+04
5.339771e-01 1.555676e+16 7.60355947e-14 7.348707e+04
5.339771e-01 1.963041e+16 2.68988141e-16 8.410168e+04
5.339771e-01 2.477076e+16 2.82145878e-19 9.495964e+04
5.339771e-01 3.125716e+16 7.15093895e-23 1.072194e+05
5.339771e-01 3.944206e+16 3.36429705e-27 1.227064e+05
5.339771e-01 4.977024e+16 1.91338253e-32 1.385484e+05
5.339771e-01 6.280291e+16 8.27802600e-39 1.564357e+05
5.339771e-01 7.924829e+16 1.47117891e-46 1.790316e+05
5.339771e-01 1.000000e+17 4.37906097e-56 2.021455e+05
5.725719e-01 1.261857e+07 1.12088454e-02 1.006769e+00
5.725719e-01 1.592283e+07 1.18681945e-02 1.152188e+00
5.725719e-01 2.009233e+07 1.22339757e-02 1.300942e+00
5.725719e-01 2.535364e+07 1.26132958e-02 1.468900e+00
5.725719e-01 3.199267e+07 1.30067136e-02 1.658542e+00
5.725719e-01 4.037017e+07 1.37817161e-02 1.898105e+00
5.725719e-01 5.094138e+07 1.42166779e-02 2.143160e+00
5.725719e-01 6.428073e+07 1.46679883e-02 2.419853e+00
5.725719e-01 8.111308e+07 1.51363189e-02 2.732269e+00
5.725719e-01 1.023531e+08 1.60496500e-02 3.126923e+00
5.725719e-01 1.291550e+08 1.65679349e-02 3.530625e+00
5.725719e-01 1.629751e+08 1.71059333e-02 3.986446e+00
5.725719e-01 2.056512e+08 1.76644410e-02 4.501117e+00
5.725719e-01 2.595024e+08 1.82442814e-02 5.082234e+00
5.725719e-01 3.274549e+08 1.93617643e-02 5.816322e+00
5.725719e-01 4.132012e+08 2.00039383e-02 6.567239e+00
5.725719e-01 5.214008e+08 2.06707218e-02 7.415103e+00
5.725719e-01 6.579332e+08 2.13630593e-02 8.372431e+00
5.725719e-01 8.302176e+08 2.20819165e-02 9.453354e+00
5.725719e-01 1.047616e+09 2.34526470e-02 1.081881e+01
5.725719e-01 1.321941e+09 2.42486969e-02 1.221558e+01
5.725719e-01 1.668101e+09 2.50750558e-02 1.379267e+01
5.725719e-01 2.104904e+09 2.59327564e-02 1.557338e+01
5.725719e-01 2.656088e+09 2.68228281e-02 1.758398e+01
5.725719e-01 3.351603e+09 2.85051687e-02 2.012384e+01
5.725719e-01 4.229243e+09 2.94892007e-02 2.272193e+01
5.725719e-01 5.336699e+09 3.05095306e-02 2.565545e+01
5.725719e-01 6.734151e+09 3.15670842e-02 2.896770e+01
5.725719e-01 8.497534e+09 3.26627175e-02 3.270758e+01
5.725719e-01 1.072267e+10 3.37971943e-02 3.693030e+01
5.725719e-01 1.353048e+10 3.59276474e-02 4.226458e+01
5.725719e-01 1.707353e+10 3.71748046e-02 4.772115e+01
5.725719e-01 2.154435e+10 3.84633733e-02 5.388220e+01
5.725719e-01 2.718588e+10 3.97934581e-02 6.083867e+01
5.725719e-01 3.430469e+10 4.11648904e-02 6.869325e+01
5.725719e-01 4.328761e+10 4.37416996e-02 7.861543e+01
5.725719e-01 5.462277e+10 4.52336864e-02 8.876509e+01
5.725719e-01 6.892612e+10 4.67653722e-02 1.002251e+02
5.725719e-01 8.697490e+10 4.83348329e-02 1.131647e+02
5.725719e-01 1.097499e+11 4.99394917e-02 1.277748e+02
5.725719e-01 1.384886e+11 5.15760271e-02 1.442712e+02
5.725719e-01 1.747528e+11 5.46963945e-02 1.651100e+02
5.725719e-01 2.205131e+11 5.64291914e-02 1.864266e+02
5.725719e-01 2.782559e+11 5.81785112e-02 2.104952e+02
5.725719e-01 3.511192e+11 5.99364356e-02 2.376712e+02
5.725719e-01 4.430621e+11 6.16934901e-02 2.683558e+02
5.725719e-01 5.590810e+11 6.51735256e-02 3.071176e+02
5.725719e-01 7.054802e+11 6.69401711e-02 3.467680e+02
5.725719e-01 8.902151e+11 6.86649247e-02 3.915376e+02
5.725719e-01 1.123324e+12 7.03293920e-02 4.420871e+02
5.725719e-01 1.417474e+12 7.19124006e-02 4.991628e+02
5.725719e-01 1.788650e+12 7.53970287e-02 5.712628e+02
5.725719e-01 2.257020e+12 7.67780940e-02 6.450157e+02
5.725719e-01 2.848036e+12 7.79908009e-02 7.282906e+02
5.725719e-01 3.593814e+12 7.89999125e-02 8.223166e+02
5.725719e-01 4.534879e+12 7.97666303e-02 9.284819e+02
5.725719e-01 5.722368e+12 8.24436422e-02 1.062594e+03
5.725719e-01 7.220809e+12 8.26002336e-02 1.199780e+03
5.725719e-01 9.111628e+12 8.23693571e-02 1.354678e+03
5.725719e-01 1.149757e+13 8.17010531e-02 1.529573e+03
5.725719e-01 1.450829e+13 8.05457163e-02 1.727049e+03
5.725719e-01 1.830738e+13 8.10130428e-02 1.976507e+03
5.725719e-01 2.310130e+13 7.86857926e-02 2.231685e+03
5.725719e-01 2.915053e+13 7.57332579e-02 2.519806e+03
5.725719e-01 3.678380e+13 7.21353292e-02 2.845126e+03
5.725719e-01 4.641589e+13 6.97474116e-02 3.256082e+03
5.725719e-01 5.857021e+13 6.47452970e-02 3.676459e+03
5.725719e-01 7.390722e+13 5.91556044e-02 4.151108e+03
5.725719e-01 9.326033e+13 5.30671309e-02 4.687038e+03
5.725719e-01 1.176812e+14 4.66067340e-02 5.292158e+03
5.725719e-01 1.484968e+14 4.10314645e-02 6.056568e+03
5.725719e-01 1.873817e+14 3.41716675e-02 6.838501e+03
5.725719e-01 2.364489e+14 2.75280980e-02 7.721387e+03
5.725719e-01 2.983647e+14 2.13321406e-02 8.718257e+03
5.725719e-01 3.764936e+14 1.62293822e-02 9.977539e+03
5.725719e-01 4.750810e+14 1.13957027e-02 1.126569e+04
5.725719e-01 5.994843e+14 7.51609579e-03 1.272015e+04
5.725719e-01 7.564633e+14 4.73055332e-03 1.455747e+04
5.725719e-01 9.545485e+14 2.65658160e-03 1.643692e+04
5.725719e-01 1.204504e+15 1.34592410e-03 1.855900e+04
5.725719e-01 1.519911e+15 6.03053640e-04 2.095507e+04
5.725719e-01 1.917910e+15 2.39543324e-04 2.398186e+04
5.725719e-01 2.420128e+15 7.76632913e-05 2.707804e+04
5.725719e-01 3.053856e+15 2.04366511e-05 3.057395e+04
5.725719e-01 3.853529e+15 4.31216635e-06 3.499011e+04
5.725719e-01 4.862602e+15 6.56635256e-07 3.950751e+04
5.725719e-01 6.135907e+15 6.91206883e-08 4.460813e+04
5.725719e-01 7.742637e+15 4.58584471e-09 5.036727e+04
5.725719e-01 9.770100e+15 1.75663989e-10 5.764242e+04
5.725719e-01 1.232847e+16 3.21777603e-12 6.508435e+04
5.725719e-01 1.555676e+16 2.48597469e-14 7.348707e+04
5.725719e-01 1.963041e+16 7.00357962e-17 8.410168e+04
5.725719e-01 2.477076e+16 5.58270544e-20 9.495964e+04
5.725719e-01 3.125716e+16 1.01671421e-23 1.072194e+05
5.725719e-01 3.944206e+16 3.21263321e-28 1.227064e+05
5.725719e-01 4.977024e+16 1.13007827e-33 1.385484e+05
5.725719e-01 6.280291e+16 2.73122623e-40 1.564357e+05
5.725719e-01 7.924829e+16 2.38763593e-48 1.790316e+05
5.725719e-01 1.000000e+17 2.97747034e-58 2.021455e+05
6.139563e-01 1.261857e+07 1.24721287e-02 1.006769e+00
6.139563e-01 1.592283e+07 1.32053351e-02 1.152188e+00
6.139563e-01 2.009233e+07 1.36118268e-02 1.300942e+00
6.139563e-01 2.535364e+07 1.40333162e-02 1.468900e+00
6.139563e-01 3.199267e+07 1.44704175e-02 1.658542e+00
6.139563e-01 4.037017e+07 1.53319466e-02 1.898105e+00
6.139563e-01 5.094138e+07 1.58150768e-02 2.143160e+00
6.139563e-01 6.428073e+07 1.63162934e-02 2.419853e+00
6.139563e-01 8.111308e+07 1.68363320e-02 2.732269e+00
6.139563e-01 1.023531e+08 1.78512008e-02 3.126923e+00
6.139563e-01 1.291550e+08 1.84265142e-02 3.530625e+00
6.139563e-01 1.629751e+08 1.90235993e-02 3.986446e+00
6.139563e-01 2.056512e+08 1.96433234e-02 4.501117e+00
6.139563e-01 2.595024e+08 2.02865825e-02 5.082234e+00
6.139563e-01 3.274549e+08 2.15274151e-02 5.816322e+00
6.139563e-01 4.132012e+08 2.22394936e-02 6.567239e+00
6.139563e-01 5.214008e+08 2.29786706e-02 7.415103e+00
6.139563e-01 6.579332e+08 2.37459653e-02 8.372431e+00
6.139563e-01 8.302176e+08 2.45424171e-02 9.453354e+00
6.139563e-01 1.047616e+09 2.60629435e-02 1.081881e+01
6.139563e-01 1.321941e+09 2.69443455e-02 1.221558e+01
6.139563e-01 1.668101e+09 2.78589754e-02 1.379267e+01
6.139563e-01 2.104904e+09 2.88079264e-02 1.557338e+01
6.139563e-01 2.656088e+09 2.97922814e-02 1.758398e+01
6.139563e-01 3.351603e+09 3.16558627e-02 2.012384e+01
6.139563e-01 4.229243e+09 3.27431157e-02 2.272193e+01
6.139563e-01 5.336699e+09 3.38698853e-02 2.565545e+01
6.139563e-01 6.734151e+09 3.50371028e-02 2.896770e+01
6.139563e-01 8.497534e+09 3.62456105e-02 3.270758e+01
6.139563e-01 1.072267e+10 3.74961353e-02 3.693030e+01
6.139563e-01 1.353048e+10 3.98501742e-02 4.226458e+01
6.139563e-01 1.707353e+10 4.12228449e-02 4.772115e+01
6.139563e-01 2.154435e+10 4.26398871e-02 5.388220e+01
6.139563e-01 2.718588e+10 4.41012241e-02 6.083867e+01
6.139563e-01 3.430469e+10 4.56064542e-02 6.869325e+01
6.139563e-01 4.328761e+10 4.84445157e-02 7.861543e+01
6.139563e-01 5.462277e+10 5.00782177e-02 8.876509e+01
6.139563e-01 6.892612e+10 5.17531094e-02 1.002251e+02
6.139563e-01 8.697490e+10 5.34667219e-02 1.131647e+02
6.139563e-01 1.097499e+11 5.52158275e-02 1.277748e+02
6.139563e-01 1.384886e+11 5.69963357e-02 1.442712e+02
6.139563e-01 1.747528e+11 6.04114470e-02 1.651100e+02
6.139563e-01 2.205131e+11 6.22882386e-02 1.864266e+02
6.139563e-01 2.782559e+11 6.41777970e-02 2.104952e+02
6.139563e-01 3.511192e+11 6.60707566e-02 2.376712e+02
6.139563e-01 4.430621e+11 6.79559851e-02 2.683558e+02
6.139563e-01 5.590810e+11 7.17299980e-02 3.071176e+02
6.139563e-01 7.054802e+11 7.36081597e-02 3.467680e+02
6.139563e-01 8.902151e+11 7.54307936e-02 3.915376e+02
6.139563e-01 1.123324e+12 7.71767661e-02 4.420871e+02
6.139563e-01 1.417474e+12 7.88218808e-02 4.991628e+02
6.139563e-01 1.788650e+12 8.25359670e-02 5.712628e+02
6.139563e-01 2.257020e+12 8.39305151e-02 6.450157e+02
6.139563e-01 2.848036e+12 8.51258003e-02 7.282906e+02
6.139563e-01 3.593814e+12 8.60824937e-02 8.223166e+02
6.139563e-01 4.534879e+12 8.67576075e-02 9.284819e+02
6.139563e-01 5.722368e+12 8.94871821e-02 1.062594e+03
6.139563e-01 7.220809e+12 8.94565075e-02 1.199780e+03
6.139563e-01 9.111628e+12 8.89860812e-02 1.354678e+03
6.139563e-01 1.149757e+13 8.80229839e-02 1.529573e+03
6.139563e-01 1.450829e+13 8.65157040e-02 1.727049e+03
6.139563e-01 1.830738e+13 8.67255817e-02 1.976507e+03
6.139563e-01 2.310130e+13 8.39199735e-02 2.231685e+03
6.139563e-01 2.915053e+13 8.04354974e-02 2.519806e+03
6.139563e-01 3.678380e+13 7.62590970e-02 2.845126e+03
6.139563e-01 4.641589e+13 7.33526563e-02 3.256082e+03
6.139563e-01 5.857021e+13 6.76968099e-02 3.676459e+03
6.139563e-01 7.390722e+13 6.14493498e-02 4.151108e+03
6.139563e-01 9.326033e+13 5.47207746e-02 4.687038e+03
6.139563e-01 1.176812e+14 4.76618932e-02 5.292158e+03
6.139563e-01 1.484968e+14 4.15684856e-02 6.056568e+03
6.139563e-01 1.873817e+14 3.42525898e-02 6.838501e+03
6.139563e-01 2.364489e+14 2.72616965e-02 7.721387e+03
6.139563e-01 2.983647e+14 2.08366625e-02 8.718257e+03
6.139563e-01 3.764936e+14 1.56048572e-02 9.977539e+03
6.139563e-01 4.750810e+14 1.07613480e-02 1.126569e+04
6.139563e-01 5.994843e+14 6.95213990e-03 1.272015e+04
6.139563e-01 7.564633e+14 4.15862244e-03 1.436238e+04
6.139563e-01 9.545485e+14 2.33396904e-03 1.643692e+04
6.139563e-01 1.204504e+15 1.14524046e-03 1.855900e+04
6.139563e-01 1.519911e+15 4.94381227e-04 2.095507e+04
6.139563e-01 1.917910e+15 1.88023335e-04 2.398186e+04
6.139563e-01 2.420128e+15 5.79362615e-05 2.707804e+04
6.139563e-01 3.053856e+15 1.43628363e-05 3.057395e+04
6.139563e-01 3.853529e+15 2.75011010e-06 3.452120e+04
6.139563e-01 4.862602e+15 3.96015905e-07 3.950751e+04
6.139563e-01 6.135907e+15 3.77736021e-08 4.460813e+04
6.139563e-01 7.742637e+15 2.22690014e-09 5.036727e+04
6.139563e-01 9.770100e+15 7.39826909e-11 5.764242e+04
6.139563e-01 1.232847e+16 1.14087015e-12 6.508435e+04
6.139563e-01 1.555676e+16 7.15709034e-15 7.348707e+04
6.139563e-01 1.963041e+16 1.56789953e-17 8.410168e+04
6.139563e-01 2.477076e+16 9.22894053e-21 9.495964e+04
6.139563e-01 3.125716e+16 1.16667904e-24 1.072194e+05
6.139563e-01 3.944206e+16 2.37495941e-29 1.227064e+05
6.139563e-01 4.977024e+16 4.91372053e-35 1.385484e+05
6.139563e-01 6.280291e+16 6.24201394e-42 1.564357e+05
6.139563e-01 7.924829e+16 2.49210956e-50 1.790316e+05
6.139563e-01 1.000000e+17 1.18871414e-60 2.021455e+05
6.583319e-01 1.261857e+07 1.38920154e-02 1.006769e+00
6.583319e-01 1.592283e+07 1.43165494e-02 1.136748e+00
6.583319e-01 2.009233e+07 1.51602355e-02 1.300942e+00
6.583319e-01 2.535364e+07 1.56289741e-02 1.468900e+00
6.583319e-01 3.199267e+07 1.61150089e-02 1.658542e+00
6.583319e-01 4.037017e+07 1.66190416e-02 1.872669e+00
6.583319e-01 5.094138e+07 1.76106422e-02 2.143160e+00
6.583319e-01 6.428073e+07 1.81677140e-02 2.419853e+00
6.583319e-01 8.111308e+07 1.87456055e-02 2.732269e+00
6.583319e-01 1.023531e+08 1.93451500e-02 3.085019e+00
6.583319e-01 1.291550e+08 2.05133279e-02 3.530625e+00
6.583319e-01 1.629751e+08 2.11764477e-02 3.986446e+00
6.583319e-01 2.056512e+08 2.18645577e-02 4.501117e+00
6.583319e-01 2.595024e+08 2.25786311e-02 5.082234e+00
6.583319e-01 3.274549e+08 2.33196676e-02 5.738377e+00
6.583319e-01 4.132012e+08 2.47475359e-02 6.567239e+00
6.583319e-01 5.214008e+08 2.55674239e-02 7.415103e+00
6.583319e-01 6.579332e+08 2.64182386e-02 8.372431e+00
6.583319e-01 8.302176e+08 2.73010941e-02 9.453354e+00
6.583319e-01 1.047616e+09 2.82171158e-02 1.067383e+01
6.583319e-01 1.321941e+09 2.99651858e-02 1.221558e+01
6.583319e-01 1.668101e+09 3.09778924e-02 1.379267e+01
6.583319e-01 2.104904e+09 3.20281442e-02 1.557338e+01
6.583319e-01 2.656088e+09 3.31170710e-02 1.758398e+01
6.583319e-01 3.351603e+09 3.42457686e-02 1.985416e+01
6.583319e-01 4.229243e+09 3.63839176e-02 2.272193e+01
6.583319e-01 5.336699e+09 3.76283600e-02 2.565545e+01
6.583319e-01 6.734151e+09 3.89166603e-02 2.896770e+01
6.583319e-01 8.497534e+09 4.02496221e-02 3.270758e+01
6.583319e-01 1.072267e+10 4.16279057e-02 3.693030e+01
6.583319e-01 1.353048e+10 4.42294969e-02 4.226458e+01
6.583319e-01 1.707353e+10 4.57398625e-02 4.772115e+01
6.583319e-01 2.154435e+10 4.72975604e-02 5.388220e+01
6.583319e-01 2.718588e+10 4.89022713e-02 6.083867e+01
6.583319e-01 3.430469e+10 5.05532891e-02 6.869325e+01
6.583319e-01 4.328761e+10 5.22494569e-02 7.756190e+01
6.583319e-01 5.462277e+10 5.54657150e-02 8.876509e+01
6.583319e-01 6.892612e+10 5.72951589e-02 1.002251e+02
6.583319e-01 8.697490e+10 5.91637085e-02 1.131647e+02
6.583319e-01 1.097499e+11 6.10673380e-02 1.277748e+02
6.583319e-01 1.384886e+11 6.30010215e-02 1.442712e+02
6.583319e-01 1.747528e+11 6.67352230e-02 1.651100e+02
6.583319e-01 2.205131e+11 6.87630648e-02 1.864266e+02
6.583319e-01 2.782559e+11 7.07983692e-02 2.104952e+02
6.583319e-01 3.511192e+11 7.28300562e-02 2.376712e+02
6.583319e-01 4.430621e+11 7.48450427e-02 2.683558e+02
6.583319e-01 5.590810e+11 7.68279977e-02 3.030019e+02
6.583319e-01 7.054802e+11 8.09152634e-02 3.467680e+02
6.583319e-01 8.902151e+11 8.28288321e-02 3.915376e+02
6.583319e-01 1.123324e+12 8.46457373e-02 4.420871e+02
6.583319e-01 1.417474e+12 8.63383463e-02 4.991628e+02
6.583319e-01 1.788650e+12 8.78754422e-02 5.636072e+02
6.583319e-01 2.257020e+12 9.16623479e-02 6.450157e+02
6.583319e-01 2.848036e+12 9.28102352e-02 7.282906e+02
6.583319e-01 3.593814e+12 9.36788005e-02 8.223166e+02
6.583319e-01 4.534879e+12 9.42206012e-02 9.284819e+02
6.583319e-01 5.722368e+12 9.43849781e-02 1.048354e+03
6.583319e-01 7.220809e+12 9.66930573e-02 1.199780e+03
6.583319e-01 9.111628e+12 9.59215044e-02 1.354678e+03
6.583319e-01 1.149757e+13 9.45964299e-02 1.529573e+03
6.583319e-01 1.450829e+13 9.26652336e-02 1.727049e+03
6.583319e-01 1.830738e+13 9.00811607e-02 1.950020e+03
6.583319e-01 2.310130e+13 8.91813672e-02 2.231685e+03
6.583319e-01 2.915053e+13 8.50855094e-02 2.519806e+03
6.583319e-01 3.678380e+13 8.02540171e-02 2.845126e+03
6.583319e-01 4.641589e+13 7.47094934e-02 3.212447e+03
6.583319e-01 5.857021e+13 7.03800819e-02 3.676459e+03
6.583319e-01 7.390722e+13 6.34246349e-02 4.151108e+03
6.583319e-01 9.326033e+13 5.60219347e-02 4.687038e+03
6.583319e-01 1.176812e+14 4.83492490e-02 5.292158e+03
6.583319e-01 1.484968e+14 4.06214195e-02 5.975403e+03
6.583319e-01 1.873817e+14 3.39853746e-02 6.838501e+03
6.583319e-01 2.364489e+14 2.66896634e-02 7.721387e+03
6.583319e-01 2.983647e+14 2.00909274e-02 8.718257e+03
6.583319e-01 3.764936e+14 1.43929952e-02 9.843829e+03
6.583319e-01 4.750810e+14 9.99570068e-03 1.126569e+04
6.583319e-01 5.994843e+14 6.31118315e-03 1.272015e+04
6.583319e-01 7.564633e+14 3.67681529e-03 1.436238e+04
6.583319e-01 9.545485e+14 1.94824358e-03 1.621664e+04
6.583319e-01 1.204504e+15 9.47969416e-04 1.855900e+04
6.583319e-01 1.519911e+15 3.92712981e-04 2.095507e+04
6.583319e-01 1.917910e+15 1.38556494e-04 2.366047e+04
6.583319e-01 2.420128e+15 4.14619677e-05 2.707804e+04
6.583319e-01 3.053856e+15 9.62255652e-06 3.057395e+04
6.583319e-01 3.853529e+15 1.70496760e-06 3.452120e+04
6.583319e-01 4.862602e+15 2.18053314e-07 3.897807e+04
6.583319e-01 6.135907e+15 1.91608310e-08 4.460813e+04
6.583319e-01 7.742637e+15 9.91274483e-10 5.036727e+04
6.583319e-01 9.770100e+15 2.73855381e-11 5.686995e+04
6.583319e-01 1.232847e+16 3.58641512e-13 6.508435e+04
6.583319e-01 1.555676e+16 1.78707239e-15 7.348707e+04
6.583319e-01 1.963041e+16 2.88532553e-18 8.297463e+04
6.583319e-01 2.477076e+16 1.24770132e-21 9.495964e+04
6.583319e-01 3.125716e+16 1.05333332e-25 1.072194e+05
6.583319e-01 3.944206e+16 1.28343535e-30 1.210620e+05
6.583319e-01 4.977024e+16 1.47648436e-36 1.366917e+05
6.583319e-01 6.280291e+16 9.46127221e-44 1.564357e+05
6.583319e-01 7.924829e+16 1.54548820e-52 1.766324e+05
6.583319e-01 1.000000e+17 2.54691748e-63 1.994365e+05
7.059148e-01 1.261857e+07 1.54886831e-02 1.006769e+00
7.059148e-01 1.592283e+07 1.59612993e-02 1.136748e+00
7.059148e-01 2.009233e+07 1.64511569e-02 1.283508e+00
7.059148e-01 2.535364e+07 1.69589503e-02 1.449215e+00
7.059148e-01 3.199267e+07 1.79636399e-02 1.658542e+00
7.059148e-01 4.037017e+07 1.85244262e-02 1.872669e+00
7.059148e-01 5.094138e+07 1.91059479e-02 2.114440e+00
7.059148e-01 6.428073e+07 1.97090315e-02 2.387425e+00
7.059148e-01 8.111308e+07 2.08906984e-02 2.732269e+00
7.059148e-01 1.023531e+08 2.15572489e-02 3.085019e+00
7.059148e-01 1.291550e+08 2.22486791e-02 3.483310e+00
7.059148e-01 1.629751e+08 2.29659588e-02 3.933024e+00
7.059148e-01 2.056512e+08 2.43585742e-02 4.501117e+00
7.059148e-01 2.595024e+08 2.51516879e-02 5.082234e+00
7.059148e-01 3.274549e+08 2.59745171e-02 5.738377e+00
7.059148e-01 4.132012e+08 2.68281661e-02 6.479231e+00
7.059148e-01 5.214008e+08 2.77137618e-02 7.315732e+00
7.059148e-01 6.579332e+08 2.94155663e-02 8.372431e+00
7.059148e-01 8.302176e+08 3.03945611e-02 9.453354e+00
7.059148e-01 1.047616e+09 3.14099339e-02 1.067383e+01
7.059148e-01 1.321941e+09 3.24628787e-02 1.205188e+01
7.059148e-01 1.668101e+09 3.35545822e-02 1.360784e+01
7.059148e-01 2.104904e+09 3.56349038e-02 1.557338e+01
7.059148e-01 2.656088e+09 3.68396628e-02 1.758398e+01
7.059148e-01 3.351603e+09 3.80877203e-02 1.985416e+01
7.059148e-01 4.229243e+09 3.93801255e-02 2.241744e+01
7.059148e-01 5.336699e+09 4.07178440e-02 2.531164e+01
7.059148e-01 6.734151e+09 4.32532413e-02 2.896770e+01
7.059148e-01 8.497534e+09 4.47231329e-02 3.270758e+01
7.059148e-01 1.072267e+10 4.62417370e-02 3.693030e+01
7.059148e-01 1.353048e+10 4.78093872e-02 4.169819e+01
7.059148e-01 1.707353e+10 4.94261567e-02 4.708164e+01
7.059148e-01 2.154435e+10 5.24891995e-02 5.388220e+01
7.059148e-01 2.718588e+10 5.42499702e-02 6.083867e+01
7.059148e-01 3.430469e+10 5.60592119e-02 6.869325e+01
7.059148e-01 4.328761e+10 5.79152897e-02 7.756190e+01
7.059148e-01 5.462277e+10 5.98159255e-02 8.757554e+01
7.059148e-01 6.892612e+10 6.17581109e-02 9.888199e+01
7.059148e-01 8.697490e+10 6.54812602e-02 1.131647e+02
7.059148e-01 1.097499e+11 6.75489884e-02 1.277748e+02
7.059148e-01 1.384886e+11 6.96442658e-02 1.442712e+02
7.059148e-01 1.747528e+11 7.17595740e-02 1.628974e+02
7.059148e-01 2.205131e+11 7.38858677e-02 1.839282e+02
7.059148e-01 2.782559e+11 7.80913536e-02 2.104952e+02
7.059148e-01 3.511192e+11 8.02630998e-02 2.376712e+02
7.059148e-01 4.430621e+11 8.24065686e-02 2.683558e+02
7.059148e-01 5.590810e+11 8.45038562e-02 3.030019e+02
7.059148e-01 7.054802e+11 8.65342595e-02 3.421210e+02
7.059148e-01 8.902151e+11 8.84740046e-02 3.862905e+02
7.059148e-01 1.123324e+12 9.27656497e-02 4.420871e+02
7.059148e-01 1.417474e+12 9.44849629e-02 4.991628e+02
7.059148e-01 1.788650e+12 9.60163985e-02 5.636072e+02
7.059148e-01 2.257020e+12 9.73205931e-02 6.363718e+02
7.059148e-01 2.848036e+12 9.83541871e-02 7.185307e+02
7.059148e-01 3.593814e+12 1.01779610e-01 8.223166e+02
7.059148e-01 4.534879e+12 1.02136381e-01 9.284819e+02
7.059148e-01 5.722368e+12 1.02059557e-01 1.048354e+03
7.059148e-01 7.220809e+12 1.01492247e-01 1.183701e+03
7.059148e-01 9.111628e+12 1.00377191e-01 1.336523e+03
7.059148e-01 1.149757e+13 1.01357231e-01 1.529573e+03
7.059148e-01 1.450829e+13 9.89195790e-02 1.727049e+03
7.059148e-01 1.830738e+13 9.57652888e-02 1.950020e+03
7.059148e-01 2.310130e+13 9.18625603e-02 2.201778e+03
7.059148e-01 2.915053e+13 8.71972732e-02 2.486038e+03
7.059148e-01 3.678380e+13 8.40154290e-02 2.845126e+03
7.059148e-01 4.641589e+13 7.77145424e-02 3.212447e+03
7.059148e-01 5.857021e+13 7.07552700e-02 3.627190e+03
7.059148e-01 7.390722e+13 6.32539510e-02 4.095479e+03
7.059148e-01 9.326033e+13 5.68841159e-02 4.687038e+03
7.059148e-01 1.176812e+14 4.85966108e-02 5.292158e+03
7.059148e-01 1.484968e+14 4.03624401e-02 5.975403e+03
7.059148e-01 1.873817e+14 3.24440413e-02 6.746858e+03
7.059148e-01 2.364489e+14 2.51045883e-02 7.617912e+03
7.059148e-01 2.983647e+14 1.90896993e-02 8.718257e+03
7.059148e-01 3.764936e+14 1.34145537e-02 9.843829e+03
7.059148e-01 4.750810e+14 8.87003907e-03 1.111472e+04
7.059148e-01 5.994843e+14 5.46009276e-03 1.254968e+04
7.059148e-01 7.564633e+14 3.17379344e-03 1.436238e+04
7.059148e-01 9.545485e+14 1.62581900e-03 1.621664e+04
7.059148e-01 1.204504e+15 7.40433824e-04 1.831029e+04
7.059148e-01 1.519911e+15 3.01080820e-04 2.095507e+04
7.059148e-01 1.917910e+15 1.00720050e-04 2.366047e+04
7.059148e-01 2.420128e+15 2.75654758e-05 2.671516e+04
7.059148e-01 3.053856e+15 5.94682342e-06 3.016423e+04
7.059148e-01 3.853529e+15 9.93422457e-07 3.452120e+04
7.059148e-01 4.862602e+15 1.14793451e-07 3.897807e+04
7.059148e-01 6.135907e+15 8.70226979e-09 4.401034e+04
7.059148e-01 7.742637e+15 3.89581915e-10 4.969230e+04
7.059148e-01 9.770100e+15 9.28822771e-12 5.686995e+04
7.059148e-01 1.232847e+16 9.58973928e-14 6.421215e+04
7.059148e-01 1.555676e+16 3.70298325e-16 7.250226e+04
7.059148e-01 1.963041e+16 4.51406157e-19 8.297463e+04
7.059148e-01 2.477076e+16 1.31075933e-22 9.368708e+04
7.059148e-01 3.125716e+16 7.07695018e-27 1.057826e+05
7.059148e-01 3.944206e+16 5.17093039e-32 1.210620e+05
7.059148e-01 4.977024e+16 3.10608770e-38 1.366917e+05
7.059148e-01 6.280291e+16 8.81467761e-46 1.543393e+05
7.059148e-01 7.924829e+16 5.66638581e-55 1.766324e+05
7.059148e-01 1.000000e+17 2.87901470e-66 1.994365e+05
7.569370e-01 1.261857e+07 1.68246831e-02 9.932768e-01
7.569370e-01 1.592283e+07 1.73371850e-02 1.121514e+00
7.569370e-01 2.009233e+07 1.78683026e-02 1.266307e+00
7.569370e-01 2.535364e+07 1.89225455e-02 1.449215e+00
7.569370e-01 3.199267e+07 1.95087546e-02 1.636316e+00
7.569370e-01 4.037017e+07 2.01164625e-02 1.847573e+00
7.569370e-01 5.094138e+07 2.07465193e-02 2.086104e+00
7.569370e-01 6.428073e+07 2.19851050e-02 2.387425e+00
7.569370e-01 8.111308e+07 2.26810547e-02 2.695653e+00
7.569370e-01 1.023531e+08 2.34027654e-02 3.043676e+00
7.569370e-01 1.291550e+08 2.41512309e-02 3.436630e+00
7.569370e-01 1.629751e+08 2.56092607e-02 3.933024e+00
7.569370e-01 2.056512e+08 2.64363535e-02 4.440797e+00
7.569370e-01 2.595024e+08 2.72941722e-02 5.014127e+00
7.569370e-01 3.274549e+08 2.81838489e-02 5.661476e+00
7.569370e-01 4.132012e+08 2.99026237e-02 6.479231e+00
7.569370e-01 5.214008e+08 3.08856689e-02 7.315732e+00
7.569370e-01 6.579332e+08 3.19050516e-02 8.260231e+00
7.569370e-01 8.302176e+08 3.29619982e-02 9.326669e+00
7.569370e-01 1.047616e+09 3.40577354e-02 1.053079e+01
7.569370e-01 1.321941e+09 3.61560491e-02 1.205188e+01
7.569370e-01 1.668101e+09 3.73651932e-02 1.360784e+01
7.569370e-01 2.104904e+09 3.86178717e-02 1.536468e+01
7.569370e-01 2.656088e+09 3.99152385e-02 1.734834e+01
7.569370e-01 3.351603e+09 4.12583823e-02 1.958809e+01
7.569370e-01 4.229243e+09 4.38147684e-02 2.241744e+01
7.569370e-01 5.336699e+09 4.52916830e-02 2.531164e+01
7.569370e-01 6.734151e+09 4.68183485e-02 2.857950e+01
7.569370e-01 8.497534e+09 4.83953648e-02 3.226926e+01
7.569370e-01 1.072267e+10 5.00231172e-02 3.643539e+01
7.569370e-01 1.353048e+10 5.31158103e-02 4.169819e+01
7.569370e-01 1.707353e+10 5.48923914e-02 4.708164e+01
7.569370e-01 2.154435e+10 5.67204550e-02 5.316012e+01
7.569370e-01 2.718588e+10 5.85989741e-02 6.002336e+01
7.569370e-01 3.430469e+10 6.05263860e-02 6.777268e+01
7.569370e-01 4.328761e+10 6.25005102e-02 7.652248e+01
7.569370e-01 5.462277e+10 6.62830565e-02 8.757554e+01
7.569370e-01 6.892612e+10 6.83973002e-02 9.888199e+01
7.569370e-01 8.697490e+10 7.05478156e-02 1.116482e+02
7.569370e-01 1.097499e+11 7.27285770e-02 1.260625e+02
7.569370e-01 1.384886e+11 7.49322496e-02 1.423378e+02
7.569370e-01 1.747528e+11 7.92600865e-02 1.628974e+02
7.569370e-01 2.205131e+11 8.15420535e-02 1.839282e+02
7.569370e-01 2.782559e+11 8.38147603e-02 2.076743e+02
7.569370e-01 3.511192e+11 8.60631278e-02 2.344861e+02
7.569370e-01 4.430621e+11 8.82695842e-02 2.647595e+02
7.569370e-01 5.590810e+11 9.04137941e-02 2.989413e+02
7.569370e-01 7.054802e+11 9.50015776e-02 3.421210e+02
7.569370e-01 8.902151e+11 9.70011127e-02 3.862905e+02
7.569370e-01 1.123324e+12 9.88542370e-02 4.361626e+02
7.569370e-01 1.417474e+12 1.00526041e-01 4.924734e+02
7.569370e-01 1.788650e+12 1.01977606e-01 5.560543e+02
7.569370e-01 2.257020e+12 1.05987616e-01 6.363718e+02
7.569370e-01 2.848036e+12 1.06889800e-01 7.185307e+02
7.569370e-01 3.593814e+12 1.07421286e-01 8.112967e+02
7.569370e-01 4.534879e+12 1.07526795e-01 9.160392e+02
7.569370e-01 5.722368e+12 1.07148695e-01 1.034305e+03
7.569370e-01 7.220809e+12 1.09133754e-01 1.183701e+03
7.569370e-01 9.111628e+12 1.07571693e-01 1.336523e+03
7.569370e-01 1.149757e+13 1.05337076e-01 1.509075e+03
7.569370e-01 1.450829e+13 1.02380518e-01 1.703905e+03
7.569370e-01 1.830738e+13 9.86633370e-02 1.923888e+03
7.569370e-01 2.310130e+13 9.67378003e-02 2.201778e+03
7.569370e-01 2.915053e+13 9.13063772e-02 2.486038e+03
7.569370e-01 3.678380e+13 8.50931356e-02 2.806999e+03
7.569370e-01 4.641589e+13 7.81574024e-02 3.169396e+03
7.569370e-01 5.857021e+13 7.05975889e-02 3.578582e+03
7.569370e-01 7.390722e+13 6.42656383e-02 4.095479e+03
7.569370e-01 9.326033e+13 5.56956492e-02 4.624226e+03
7.569370e-01 1.176812e+14 4.70477203e-02 5.221237e+03
7.569370e-01 1.484968e+14 3.85809105e-02 5.895326e+03
7.569370e-01 1.873817e+14 3.14030731e-02 6.746858e+03
7.569370e-01 2.364489e+14 2.39032949e-02 7.617912e+03
7.569370e-01 2.983647e+14 1.73643467e-02 8.601423e+03
7.569370e-01 3.764936e+14 1.19440438e-02 9.711911e+03
7.569370e-01 4.750810e+14 7.70662569e-03 1.096577e+04
7.569370e-01 5.994843e+14 4.73845874e-03 1.254968e+04
7.569370e-01 7.564633e+14 2.59547338e-03 1.416991e+04
7.569370e-01 9.545485e+14 1.28067416e-03 1.599932e+04
7.569370e-01 1.204504e+15 5.58453696e-04 1.806492e+04
7.569370e-01 1.519911e+15 2.15889767e-04 2.067425e+04
7.569370e-01 1.917910e+15 6.80828249e-05 2.334340e+04
7.569370e-01 2.420128e+15 1.73899060e-05 2.635715e+04
7.569370e-01 3.053856e+15 3.55445942e-06 3.016423e+04
7.569370e-01 3.853529e+15 5.25488345e-07 3.405858e+04
7.569370e-01 4.862602e+15 5.42630326e-08 3.845572e+04
7.569370e-01 6.135907e+15 3.59846928e-09 4.342055e+04
7.569370e-01 7.742637e+15 1.40986796e-10 4.969230e+04
7.569370e-01 9.770100e+15 2.69694846e-12 5.610783e+04
7.569370e-01 1.232847e+16 2.20432025e-14 6.335163e+04
7.569370e-01 1.555676e+16 6.41619800e-17 7.153065e+04
7.569370e-01 1.963041e+16 5.55952458e-20 8.186268e+04
7.569370e-01 2.477076e+16 1.06972560e-23 9.243157e+04
7.569370e-01 3.125716e+16 3.51900295e-28 1.043650e+05
7.569370e-01 3.944206e+16 1.41577441e-33 1.194396e+05
7.569370e-01 4.977024e+16 4.13846362e-40 1.348599e+05
7.569370e-01 6.280291e+16 4.90626778e-48 1.522710e+05
7.569370e-01 7.924829e+16 1.08879286e-57 1.742653e+05
7.569370e-01 1.000000e+17 1.50135366e-69 1.967639e+05
8.116469e-01 1.261857e+07 1.82918022e-02 9.799658e-01
8.116469e-01 1.592283e+07 1.88479028e-02 1.106484e+00
8.116469e-01 2.009233e+07 1.94241038e-02 1.249337e+00
8.116469e-01 2.535364e+07 2.05687921e-02 1.429794e+00
8.116469e-01 3.199267e+07 2.12045230e-02 1.614388e+00
8.116469e-01 4.037017e+07 2.18634341e-02 1.822813e+00
8.116469e-01 5.094138e+07 2.25464291e-02 2.058148e+00
8.116469e-01 6.428073e+07 2.38904673e-02 2.355431e+00
8.116469e-01 8.111308e+07 2.46445335e-02 2.659529e+00
8.116469e-01 1.023531e+08 2.54263088e-02 3.002888e+00
8.116469e-01 1.291550e+08 2.62368417e-02 3.390576e+00
8.116469e-01 1.629751e+08 2.78177921e-02 3.880317e+00
8.116469e-01 2.056512e+08 2.87129291e-02 4.381286e+00
8.116469e-01 2.595024e+08 2.96410100e-02 4.946932e+00
8.116469e-01 3.274549e+08 3.06032163e-02 5.585606e+00
8.116469e-01 4.132012e+08 3.24650518e-02 6.392402e+00
8.116469e-01 5.214008e+08 3.35274043e-02 7.217694e+00
8.116469e-01 6.579332e+08 3.46285485e-02 8.149535e+00
8.116469e-01 8.302176e+08 3.57697406e-02 9.201681e+00
8.116469e-01 1.047616e+09 3.69522279e-02 1.038967e+01
8.116469e-01 1.321941e+09 3.92214150e-02 1.189037e+01
8.116469e-01 1.668101e+09 4.05248486e-02 1.342548e+01
8.116469e-01 2.104904e+09 4.18743827e-02 1.515877e+01
8.116469e-01 2.656088e+09 4.32711374e-02 1.711585e+01
8.116469e-01 3.351603e+09 4.47161475e-02 1.932559e+01
8.116469e-01 4.229243e+09 4.74742240e-02 2.211702e+01
8.116469e-01 5.336699e+09 4.90606139e-02 2.497244e+01
8.116469e-01 6.734151e+09 5.06989702e-02 2.819651e+01
8.116469e-01 8.497534e+09 5.23897137e-02 3.183682e+01
8.116469e-01 1.072267e+10 5.41330066e-02 3.594712e+01
8.116469e-01 1.353048e+10 5.74583913e-02 4.113939e+01
8.116469e-01 1.707353e+10 5.93564988e-02 4.645069e+01
8.116469e-01 2.154435e+10 6.13069264e-02 5.244771e+01
8.116469e-01 2.718588e+10 6.33081655e-02 5.921898e+01
8.116469e-01 3.430469e+10 6.53580861e-02 6.686446e+01
8.116469e-01 4.328761e+10 6.92987590e-02 7.652248e+01
8.116469e-01 5.462277e+10 7.14951374e-02 8.640193e+01
8.116469e-01 6.892612e+10 7.37300410e-02 9.755686e+01
8.116469e-01 8.697490e+10 7.59975521e-02 1.101519e+02
8.116469e-01 1.097499e+11 7.82904361e-02 1.243731e+02
8.116469e-01 1.384886e+11 8.05999828e-02 1.404303e+02
8.116469e-01 1.747528e+11 8.51835852e-02 1.607144e+02
8.116469e-01 2.205131e+11 8.75564751e-02 1.814634e+02
8.116469e-01 2.782559e+11 8.99082575e-02 2.048913e+02
8.116469e-01 3.511192e+11 9.22216022e-02 2.313438e+02
8.116469e-01 4.430621e+11 9.44764490e-02 2.612114e+02
8.116469e-01 5.590810e+11 9.92931774e-02 2.989413e+02
8.116469e-01 7.054802e+11 1.01415050e-01 3.375362e+02
8.116469e-01 8.902151e+11 1.03395388e-01 3.811138e+02
8.116469e-01 1.123324e+12 1.05199659e-01 4.303176e+02
8.116469e-01 1.417474e+12 1.06789311e-01 4.858738e+02
8.116469e-01 1.788650e+12 1.08121690e-01 5.486025e+02
8.116469e-01 2.257020e+12 1.12135419e-01 6.278437e+02
8.116469e-01 2.848036e+12 1.12827692e-01 7.089016e+02
8.116469e-01 3.593814e+12 1.13100288e-01 8.004244e+02
8.116469e-01 4.534879e+12 1.12895061e-01 9.037633e+02
8.116469e-01 5.722368e+12 1.12152317e-01 1.020444e+03
8.116469e-01 7.220809e+12 1.13843273e-01 1.167839e+03
8.116469e-01 9.111628e+12 1.11794531e-01 1.318612e+03
8.116469e-01 1.149757e+13 1.09020125e-01 1.488852e+03
8.116469e-01 1.450829e+13 1.05475778e-01 1.681071e+03
8.116469e-01 1.830738e+13 1.01130876e-01 1.898105e+03
8.116469e-01 2.310130e+13 9.85986645e-02 2.172271e+03
8.116469e-01 2.915053e+13 9.24793083e-02 2.452723e+03
8.116469e-01 3.678380e+13 8.55836612e-02 2.769382e+03
8.116469e-01 4.641589e+13 7.79938063e-02 3.126923e+03
8.116469e-01 5.857021e+13 6.98335190e-02 3.530625e+03
8.116469e-01 7.390722e+13 6.29460854e-02 4.040595e+03
8.116469e-01 9.326033e+13 5.39498770e-02 4.562256e+03
8.116469e-01 1.176812e+14 4.50060202e-02 5.151267e+03
8.116469e-01 1.484968e+14 3.63879216e-02 5.816322e+03
8.116469e-01 1.873817e+14 2.91467100e-02 6.656443e+03
8.116469e-01 2.364489e+14 2.17850193e-02 7.515823e+03
8.116469e-01 2.983647e+14 1.55002382e-02 8.486155e+03
8.116469e-01 3.764936e+14 1.04118149e-02 9.581761e+03
8.116469e-01 4.750810e+14 6.53783467e-03 1.081881e+04
8.116469e-01 5.994843e+14 3.89622209e-03 1.238151e+04
8.116469e-01 7.564633e+14 2.05871455e-03 1.398002e+04
8.116469e-01 9.545485e+14 9.74450635e-04 1.578491e+04
8.116469e-01 1.204504e+15 4.04922120e-04 1.782283e+04
8.116469e-01 1.519911e+15 1.47997606e-04 2.039719e+04
8.116469e-01 1.917910e+15 4.37139583e-05 2.303057e+04
8.116469e-01 2.420128e+15 1.03418648e-05 2.600393e+04
8.116469e-01 3.053856e+15 1.88077287e-06 2.936118e+04
8.116469e-01 3.853529e+15 2.57020909e-07 3.360216e+04
8.116469e-01 4.862602e+15 2.34266023e-08 3.794037e+04
8.116469e-01 6.135907e+15 1.33920854e-09 4.283867e+04
8.116469e-01 7.742637e+15 4.39185565e-11 4.902636e+04
8.116469e-01 9.770100e+15 6.77980630e-13 5.535592e+04
8.116469e-01 1.232847e+16 4.27581976e-15 6.250265e+04
8.116469e-01 1.555676e+16 9.09537576e-18 7.057206e+04
8.116469e-01 1.963041e+16 5.39594649e-21 8.076563e+04
8.116469e-01 2.477076e+16 6.57634565e-25 9.119288e+04
8.116469e-01 3.125716e+16 1.24842461e-29 1.029663e+05
8.116469e-01 3.944206e+16 2.59044443e-35 1.178390e+05
8.116469e-01 4.977024e+16 3.40504741e-42 1.330526e+05
8.116469e-01 6.280291e+16 1.53246981e-50 1.502304e+05
8.116469e-01 7.924829e+16 1.01699424e-60 1.696259e+05
8.116469e-01 1.000000e+17 3.38903502e-73 1.941270e+05
8.703112e-01 1.261857e+07 1.93730497e-02 9.538766e-01
8.703112e-01 1.592283e+07 2.05066430e-02 1.091656e+00
8.703112e-01 2.009233e+07 2.11320694e-02 1.232595e+00
8.703112e-01 2.535364e+07 2.17800399e-02 1.391729e+00
8.703112e-01 3.199267e+07 2.30654913e-02 1.592753e+00
8.703112e-01 4.037017e+07 2.37802271e-02 1.798386e+00
8.703112e-01 5.094138e+07 2.45209063e-02 2.030566e+00
8.703112e-01 6.428073e+07 2.52885156e-02 2.292723e+00
8.703112e-01 8.111308e+07 2.67974918e-02 2.623888e+00
8.703112e-01 1.023531e+08 2.76445931e-02 2.962645e+00
8.703112e-01 1.291550e+08 2.85225817e-02 3.345138e+00
8.703112e-01 1.629751e+08 2.94325872e-02 3.777013e+00
8.703112e-01 2.056512e+08 3.12065626e-02 4.322572e+00
8.703112e-01 2.595024e+08 3.22108183e-02 4.880638e+00
8.703112e-01 3.274549e+08 3.32515836e-02 5.510753e+00
8.703112e-01 4.132012e+08 3.43300967e-02 6.222219e+00
8.703112e-01 5.214008e+08 3.64171245e-02 7.120968e+00
8.703112e-01 6.579332e+08 3.76065394e-02 8.040322e+00
8.703112e-01 8.302176e+08 3.88385692e-02 9.078369e+00
8.703112e-01 1.047616e+09 4.01144678e-02 1.025043e+01
8.703112e-01 1.321941e+09 4.14354564e-02 1.157382e+01
8.703112e-01 1.668101e+09 4.39733998e-02 1.324556e+01
8.703112e-01 2.104904e+09 4.54267261e-02 1.495563e+01
8.703112e-01 2.656088e+09 4.69297851e-02 1.688648e+01
8.703112e-01 3.351603e+09 4.84835241e-02 1.906661e+01
8.703112e-01 4.229243e+09 5.00887503e-02 2.152820e+01
8.703112e-01 5.336699e+09 5.31613993e-02 2.463778e+01
8.703112e-01 6.734151e+09 5.49180745e-02 2.781864e+01
8.703112e-01 8.497534e+09 5.67289246e-02 3.141017e+01
8.703112e-01 1.072267e+10 5.85938218e-02 3.546539e+01
8.703112e-01 1.353048e+10 6.05122669e-02 4.004415e+01
8.703112e-01 1.707353e+10 6.41922956e-02 4.582820e+01
8.703112e-01 2.154435e+10 6.62698358e-02 5.174486e+01
8.703112e-01 2.718588e+10 6.83978429e-02 5.842538e+01
8.703112e-01 3.430469e+10 7.05734948e-02 6.596840e+01
8.703112e-01 4.328761e+10 7.27931454e-02 7.448526e+01
8.703112e-01 5.462277e+10 7.71049110e-02 8.524405e+01
8.703112e-01 6.892612e+10 7.94603190e-02 9.624949e+01
8.703112e-01 8.697490e+10 8.18431513e-02 1.086758e+02
8.703112e-01 1.097499e+11 8.42447531e-02 1.227064e+02
8.703112e-01 1.384886e+11 8.66548090e-02 1.385484e+02
8.703112e-01 1.747528e+11 8.90610944e-02 1.564357e+02
8.703112e-01 2.205131e+11 9.39504748e-02 1.790316e+02
8.703112e-01 2.782559e+11 9.63681812e-02 2.021455e+02
8.703112e-01 3.511192e+11 9.87302208e-02 2.282435e+02
8.703112e-01 4.430621e+11 1.01013736e-01 2.577109e+02
8.703112e-01 5.590810e+11 1.03192620e-01 2.909827e+02
8.703112e-01 7.054802e+11 1.08115584e-01 3.330128e+02
8.703112e-01 8.902151e+11 1.10043986e-01 3.760065e+02
8.703112e-01 1.123324e+12 1.11761949e-01 4.245508e+02
8.703112e-01 1.417474e+12 1.13227077e-01 4.793625e+02
8.703112e-01 1.788650e+12 1.14392858e-01 5.412507e+02
8.703112e-01 2.257020e+12 1.15208829e-01 6.111289e+02
8.703112e-01 2.848036e+12 1.18783280e-01 6.994015e+02
8.703112e-01 3.593814e+12 1.18733292e-01 7.896978e+02
8.703112e-01 4.534879e+12 1.18149463e-01 8.916518e+02
8.703112e-01 5.722368e+12 1.16970883e-01 1.006769e+03
8.703112e-01 7.220809e+12 1.15138218e-01 1.136748e+03
8.703112e-01 9.111628e+12 1.15675977e-01 1.300942e+03
8.703112e-01 1.149757e+13 1.12287284e-01 1.468900e+03
8.703112e-01 1.450829e+13 1.08084552e-01 1.658542e+03
8.703112e-01 1.830738e+13 1.03048112e-01 1.872669e+03
8.703112e-01 2.310130e+13 9.71809068e-02 2.114440e+03
8.703112e-01 2.915053e+13 9.29900570e-02 2.419853e+03
8.703112e-01 3.678380e+13 8.53876879e-02 2.732269e+03
8.703112e-01 4.641589e+13 7.71396872e-02 3.085019e+03
8.703112e-01 5.857021e+13 6.83974607e-02 3.483310e+03
8.703112e-01 7.390722e+13 5.93559334e-02 3.933024e+03
8.703112e-01 9.326033e+13 5.16234032e-02 4.501117e+03
8.703112e-01 1.176812e+14 4.24701646e-02 5.082234e+03
8.703112e-01 1.484968e+14 3.38017256e-02 5.738377e+03
8.703112e-01 1.873817e+14 2.58886602e-02 6.479231e+03
8.703112e-01 2.364489e+14 1.89618174e-02 7.315732e+03
8.703112e-01 2.983647e+14 1.35442735e-02 8.372431e+03
8.703112e-01 3.764936e+14 8.86121483e-03 9.453354e+03
8.703112e-01 4.750810e+14 5.39862677e-03 1.067383e+04
8.703112e-01 5.994843e+14 3.02485288e-03 1.205188e+04
8.703112e-01 7.564633e+14 1.57765668e-03 1.379267e+04
8.703112e-01 9.545485e+14 7.13037452e-04 1.557338e+04
8.703112e-01 1.204504e+15 2.80842244e-04 1.758398e+04
8.703112e-01 1.519911e+15 9.38773230e-05 1.985416e+04
8.703112e-01 1.917910e+15 2.64879364e-05 2.272193e+04
8.703112e-01 2.420128e+15 5.75509432e-06 2.565545e+04
8.703112e-01 3.053856e+15 9.47196430e-07 2.896770e+04
8.703112e-01 3.853529e+15 1.12043650e-07 3.270758e+04
8.703112e-01 4.862602e+15 9.13342806e-09 3.743193e+04
8.703112e-01 6.135907e+15 4.42736937e-10 4.226458e+04
8.703112e-01 7.742637e+15 1.15983517e-11 4.772115e+04
8.703112e-01 9.770100e+15 1.41095056e-13 5.388220e+04
8.703112e-01 1.232847e+16 6.85400968e-16 6.166505e+04
8.703112e-01 1.555676e+16 1.02905682e-18 6.962632e+04
8.703112e-01 1.963041e+16 3.90131464e-22 7.861543e+04
8.703112e-01 2.477076e+16 2.86298155e-26 8.876509e+04
8.703112e-01 3.125716e+16 3.03157846e-31 1.015865e+05
8.703112e-01 3.944206e+16 2.93435876e-37 1.147018e+05
8.703112e-01 4.977024e+16 1.58737291e-44 1.295104e+05
8.703112e-01 6.280291e+16 2.50254518e-53 1.482171e+05
8.703112e-01 7.924829e+16 4.47639988e-64 1.673527e+05
8.703112e-01 1.000000e+17 2.90925777e-77 1.889588e+05
9.332156e-01 1.261857e+07 2.05334476e-02 9.284819e-01
9.332156e-01 1.592283e+07 2.17333000e-02 1.062594e+00
9.332156e-01 2.009233e+07 2.23943439e-02 1.199780e+00
9.332156e-01 2.535364e+07 2.30790573e-02 1.354678e+00
9.332156e-01 3.199267e+07 2.44389712e-02 1.550350e+00
9.332156e-01 4.037017e+07 2.51938543e-02 1.750508e+00
9.332156e-01 5.094138e+07 2.59759224e-02 1.976507e+00
9.332156e-01 6.428073e+07 2.75188113e-02 2.261998e+00
9.332156e-01 8.111308e+07 2.83812781e-02 2.554033e+00
9.332156e-01 1.023531e+08 2.92748808e-02 2.883772e+00
9.332156e-01 1.291550e+08 3.02007416e-02 3.256082e+00
9.332156e-01 1.629751e+08 3.20122570e-02 3.726396e+00
9.332156e-01 2.056512e+08 3.30332744e-02 4.207493e+00
9.332156e-01 2.595024e+08 3.40910234e-02 4.750702e+00
9.332156e-01 3.274549e+08 3.51867319e-02 5.364042e+00
9.332156e-01 4.132012e+08 3.73150588e-02 6.138835e+00
9.332156e-01 5.214008e+08 3.85225366e-02 6.931390e+00
9.332156e-01 6.579332e+08 3.97728071e-02 7.826267e+00
9.332156e-01 8.302176e+08 4.10671107e-02 8.836679e+00
9.332156e-01 1.047616e+09 4.35665095e-02 1.011307e+01
9.332156e-01 1.321941e+09 4.49903613e-02 1.141871e+01
9.332156e-01 1.668101e+09 4.64630129e-02 1.289293e+01
9.332156e-01 2.104904e+09 4.79855048e-02 1.455747e+01
9.332156e-01 2.656088e+09 4.95587714e-02 1.643692e+01
9.332156e-01 3.351603e+09 5.25835207e-02 1.881109e+01
9.332156e-01 4.229243e+09 5.43064250e-02 2.123970e+01
9.332156e-01 5.336699e+09 5.60833913e-02 2.398186e+01
9.332156e-01 6.734151e+09 5.79145975e-02 2.707804e+01
9.332156e-01 8.497534e+09 5.97999196e-02 3.057395e+01
9.332156e-01 1.072267e+10 6.34274778e-02 3.499011e+01
9.332156e-01 1.353048e+10 6.54736197e-02 3.950751e+01
9.332156e-01 1.707353e+10 6.75724689e-02 4.460813e+01
9.332156e-01 2.154435e+10 6.97219706e-02 5.036727e+01
9.332156e-01 2.718588e+10 7.19193732e-02 5.686995e+01
9.332156e-01 3.430469e+10 7.61894758e-02 6.508435e+01
9.332156e-01 4.328761e+10 7.85334656e-02 7.348707e+01
9.332156e-01 5.462277e+10 8.09126673e-02 8.297463e+01
9.332156e-01 6.892612e+10 8.33201091e-02 9.368708e+01
9.332156e-01 8.697490e+10 8.57473840e-02 1.057826e+02
9.332156e-01 1.097499e+11 9.05963634e-02 1.210620e+02
9.332156e-01 1.384886e+11 9.30979664e-02 1.366917e+02
9.332156e-01 1.747528e+11 9.55831412e-02 1.543393e+02
9.332156e-01 2.205131e+11 9.80352325e-02 1.742653e+02
9.332156e-01 2.782559e+11 1.00434968e-01 1.967639e+02
9.332156e-01 3.511192e+11 1.02760200e-01 2.221671e+02
9.332156e-01 4.430621e+11 1.07857080e-01 2.542573e+02
9.332156e-01 5.590810e+11 1.10011413e-01 2.870832e+02
9.332156e-01 7.054802e+11 1.12000593e-01 3.241471e+02
9.332156e-01 8.902151e+11 1.13787545e-01 3.659962e+02
9.332156e-01 1.123324e+12 1.15331173e-01 4.132482e+02
9.332156e-01 1.417474e+12 1.19775070e-01 4.729385e+02
9.332156e-01 1.788650e+12 1.20717839e-01 5.339973e+02
9.332156e-01 2.257020e+12 1.21259799e-01 6.029391e+02
9.332156e-01 2.848036e+12 1.21343770e-01 6.807816e+02
9.332156e-01 3.593814e+12 1.20910373e-01 7.686740e+02
9.332156e-01 4.534879e+12 1.19899363e-01 8.679137e+02
9.332156e-01 5.722368e+12 1.21485709e-01 9.932768e+02
9.332156e-01 7.220809e+12 1.19080901e-01 1.121514e+03
9.332156e-01 9.111628e+12 1.15913371e-01 1.266307e+03
9.332156e-01 1.149757e+13 1.11942648e-01 1.429794e+03
9.332156e-01 1.450829e+13 1.07143270e-01 1.614388e+03
9.332156e-01 1.830738e+13 1.04286377e-01 1.847573e+03
9.332156e-01 2.310130e+13 9.76635191e-02 2.086104e+03
9.332156e-01 2.915053e+13 9.02587346e-02 2.355431e+03
9.332156e-01 3.678380e+13 8.21632907e-02 2.659529e+03
9.332156e-01 4.641589e+13 7.35099973e-02 3.002888e+03
9.332156e-01 5.857021e+13 6.62379800e-02 3.436630e+03
9.332156e-01 7.390722e+13 5.67848528e-02 3.880317e+03
9.332156e-01 9.326033e+13 4.74170496e-02 4.381286e+03
9.332156e-01 1.176812e+14 3.84103655e-02 4.946932e+03
9.332156e-01 1.484968e+14 3.00401847e-02 5.585606e+03
9.332156e-01 1.873817e+14 2.31727705e-02 6.392402e+03
9.332156e-01 2.364489e+14 1.65943682e-02 7.217694e+03
9.332156e-01 2.983647e+14 1.12452023e-02 8.149535e+03
9.332156e-01 3.764936e+14 7.14442424e-03 9.201681e+03
9.332156e-01 4.750810e+14 4.20887300e-03 1.038967e+04
9.332156e-01 5.994843e+14 2.33100127e-03 1.189037e+04
9.332156e-01 7.564633e+14 1.13192859e-03 1.342548e+04
9.332156e-01 9.545485e+14 4.85961804e-04 1.515877e+04
9.332156e-01 1.204504e+15 1.80334687e-04 1.711585e+04
9.332156e-01 1.519911e+15 5.77819457e-05 1.958809e+04
9.332156e-01 1.917910e+15 1.46358582e-05 2.211702e+04
9.332156e-01 2.420128e+15 2.89267300e-06 2.497244e+04
9.332156e-01 3.053856e+15 4.26062741e-07 2.819651e+04
9.332156e-01 3.853529e+15 4.54418513e-08 3.226926e+04
9.332156e-01 4.862602e+15 3.09041529e-09 3.643539e+04
9.332156e-01 6.135907e+15 1.24700535e-10 4.113939e+04
9.332156e-01 7.742637e+15 2.62217972e-12 4.645069e+04
9.332156e-01 9.770100e+15 2.51444184e-14 5.316012e+04
9.332156e-01 1.232847e+16 8.63060307e-17 6.002336e+04
9.332156e-01 1.555676e+16 8.79555656e-20 6.777268e+04
9.332156e-01 1.963041e+16 2.08827126e-23 7.652248e+04
9.332156e-01 2.477076e+16 8.95576542e-28 8.757554e+04
9.332156e-01 3.125716e+16 4.68003972e-33 9.888199e+04
9.332156e-01 3.944206e+16 1.99908148e-39 1.116482e+05
9.332156e-01 4.977024e+16 4.02888451e-47 1.260625e+05
9.332156e-01 6.280291e+16 1.91962392e-56 1.442712e+05
9.332156e-01 7.924829e+16 7.99008625e-68 1.628974e+05
9.332156e-01 1.000000e+17 8.68856447e-82 1.839282e+05
1.000667e+00 1.261857e+07 2.17780173e-02 9.037633e-01
1.000667e+00 1.592283e+07 2.24349933e-02 1.020444e+00
1.000667e+00 2.009233e+07 2.37474874e-02 1.167839e+00
1.000667e+00 2.535364e+07 2.44712020e-02 1.318612e+00
1.000667e+00 3.199267e+07 2.52206793e-02 1.488852e+00
1.000667e+00 4.037017e+07 2.67079099e-02 1.703905e+00
1.000667e+00 5.094138e+07 2.75337951e-02 1.923888e+00
1.000667e+00 6.428073e+07 2.83891753e-02 2.172271e+00
1.000667e+00 8.111308e+07 3.00758089e-02 2.486038e+00
1.000667e+00 1.023531e+08 3.10184833e-02 2.806999e+00
1.000667e+00 1.291550e+08 3.19948001e-02 3.169396e+00
1.000667e+00 1.629751e+08 3.39086527e-02 3.627190e+00
1.000667e+00 2.056512e+08 3.49843750e-02 4.095479e+00
1.000667e+00 2.595024e+08 3.60982642e-02 4.624226e+00
1.000667e+00 3.274549e+08 3.72515393e-02 5.221237e+00
1.000667e+00 4.132012e+08 3.94969291e-02 5.975403e+00
1.000667e+00 5.214008e+08 4.07664156e-02 6.746858e+00
1.000667e+00 6.579332e+08 4.20800753e-02 7.617912e+00
1.000667e+00 8.302176e+08 4.34390954e-02 8.601423e+00
1.000667e+00 1.047616e+09 4.60711497e-02 9.843829e+00
1.000667e+00 1.321941e+09 4.75639857e-02 1.111472e+01
1.000667e+00 1.668101e+09 4.91067161e-02 1.254968e+01
1.000667e+00 2.104904e+09 5.07002474e-02 1.416991e+01
1.000667e+00 2.656088e+09 5.23453527e-02 1.599932e+01
1.000667e+00 3.351603e+09 5.55207441e-02 1.831029e+01
1.000667e+00 4.229243e+09 5.73184648e-02 2.067425e+01
1.000667e+00 5.336699e+09 5.91703620e-02 2.334340e+01
1.000667e+00 6.734151e+09 6.10762919e-02 2.635715e+01
1.000667e+00 8.497534e+09 6.30357572e-02 2.975999e+01
1.000667e+00 1.072267e+10 6.68269486e-02 3.405858e+01
1.000667e+00 1.353048e+10 6.89466694e-02 3.845572e+01
1.000667e+00 1.707353e+10 7.11169593e-02 4.342055e+01
1.000667e+00 2.154435e+10 7.33350937e-02 4.902636e+01
1.000667e+00 2.718588e+10 7.55975588e-02 5.535592e+01
1.000667e+00 3.430469e+10 8.00305487e-02 6.335163e+01
1.000667e+00 4.328761e+10 8.24312665e-02 7.153065e+01
1.000667e+00 5.462277e+10 8.48605101e-02 8.076563e+01
1.000667e+00 6.892612e+10 8.73100452e-02 9.119288e+01
1.000667e+00 8.697490e+10 8.97700568e-02 1.029663e+02
1.000667e+00 1.097499e+11 9.47514743e-02 1.178390e+02
1.000667e+00 1.384886e+11 9.72625045e-02 1.330526e+02
1.000667e+00 1.747528e+11 9.97421771e-02 1.502304e+02
1.000667e+00 2.205131e+11 1.02171722e-01 1.696259e+02
1.000667e+00 2.782559e+11 1.04529583e-01 1.915255e+02
1.000667e+00 3.511192e+11 1.06791167e-01 2.162524e+02
1.000667e+00 4.430621e+11 1.11907884e-01 2.474883e+02
1.000667e+00 5.590810e+11 1.13944007e-01 2.794403e+02
1.000667e+00 7.054802e+11 1.15784343e-01 3.155175e+02
1.000667e+00 8.902151e+11 1.17388970e-01 3.562524e+02
1.000667e+00 1.123324e+12 1.18714028e-01 4.022464e+02
1.000667e+00 1.417474e+12 1.22986026e-01 4.603477e+02
1.000667e+00 1.788650e+12 1.23622210e-01 5.197809e+02
1.000667e+00 2.257020e+12 1.23813676e-01 5.868873e+02
1.000667e+00 2.848036e+12 1.23502257e-01 6.626574e+02
1.000667e+00 3.593814e+12 1.22628637e-01 7.482099e+02
1.000667e+00 4.534879e+12 1.21133985e-01 8.448076e+02
1.000667e+00 5.722368e+12 1.22215835e-01 9.668332e+02
1.000667e+00 7.220809e+12 1.19236730e-01 1.091656e+03
1.000667e+00 9.111628e+12 1.15466770e-01 1.232595e+03
1.000667e+00 1.149757e+13 1.10876285e-01 1.391729e+03
1.000667e+00 1.450829e+13 1.05453782e-01 1.571408e+03
1.000667e+00 1.830738e+13 1.01924774e-01 1.798386e+03
1.000667e+00 2.310130e+13 9.47112018e-02 2.030566e+03
1.000667e+00 2.915053e+13 8.67745105e-02 2.292723e+03
1.000667e+00 3.678380e+13 7.82312413e-02 2.588725e+03
1.000667e+00 4.641589e+13 6.92395161e-02 2.922943e+03
1.000667e+00 5.857021e+13 5.99981149e-02 3.300310e+03
1.000667e+00 7.390722e+13 5.21289838e-02 3.777013e+03
1.000667e+00 9.326033e+13 4.28687270e-02 4.264644e+03
1.000667e+00 1.176812e+14 3.41323150e-02 4.815232e+03
1.000667e+00 1.484968e+14 2.61790749e-02 5.436903e+03
1.000667e+00 1.873817e+14 1.92272461e-02 6.138835e+03
1.000667e+00 2.364489e+14 1.37948883e-02 7.025540e+03
1.000667e+00 2.983647e+14 9.08462511e-03 7.932573e+03
1.000667e+00 3.764936e+14 5.58627350e-03 8.956708e+03
1.000667e+00 4.750810e+14 3.17009296e-03 1.011307e+04
1.000667e+00 5.994843e+14 1.68183042e-03 1.157382e+04
1.000667e+00 7.564633e+14 7.77236641e-04 1.306805e+04
1.000667e+00 9.545485e+14 3.15127795e-04 1.475521e+04
1.000667e+00 1.204504e+15 1.09434668e-04 1.666018e+04
1.000667e+00 1.519911e+15 3.15958077e-05 1.881109e+04
1.000667e+00 1.917910e+15 7.51354868e-06 2.152820e+04
1.000667e+00 2.420128e+15 1.33640733e-06 2.430761e+04
1.000667e+00 3.053856e+15 1.73953012e-07 2.744584e+04
1.000667e+00 3.853529e+15 1.56165328e-08 3.098924e+04
1.000667e+00 4.862602e+15 9.18976319e-10 3.546539e+04
1.000667e+00 6.135907e+15 3.02317996e-11 4.004415e+04
1.000667e+00 7.742637e+15 4.97714660e-13 4.521405e+04
1.000667e+00 9.770100e+15 3.45894331e-15 5.105142e+04
1.000667e+00 1.232847e+16 8.53843898e-18 5.842538e+04
1.000667e+00 1.555676e+16 5.65269382e-21 6.596840e+04
1.000667e+00 1.963041e+16 7.97067238e-25 7.448526e+04
1.000667e+00 2.477076e+16 1.77546888e-29 8.410168e+04
1.000667e+00 3.125716e+16 4.47468715e-35 9.624949e+04
1.000667e+00 3.944206e+16 7.68808841e-42 1.086758e+05
1.000667e+00 4.977024e+16 5.16137314e-50 1.227064e+05
1.000667e+00 6.280291e+16 6.31704922e-60 1.385484e+05
1.000667e+00 7.924829e+16 5.32842381e-72 1.585606e+05
1.000667e+00 1.000000e+17 7.91677927e-87 1.790316e+05
1.072993e+00 1.261857e+07 2.24966232e-02 8.679137e-01
1.072993e+00 1.592283e+07 2.38067933e-02 9.932768e-01
1.072993e+00 2.009233e+07 2.45261036e-02 1.121514e+00
1.072993e+00 2.535364e+07 2.52707538e-02 1.266307e+00
1.072993e+00 3.199267e+07 2.67539297e-02 1.449215e+00
1.072993e+00 4.037017e+07 2.75738928e-02 1.636316e+00
1.072993e+00 5.094138e+07 2.84228205e-02 1.847573e+00
1.072993e+00 6.428073e+07 3.01031622e-02 2.114440e+00
1.072993e+00 8.111308e+07 3.10380028e-02 2.387425e+00
1.072993e+00 1.023531e+08 3.20058226e-02 2.695653e+00
1.072993e+00 1.291550e+08 3.39105196e-02 3.085019e+00
1.072993e+00 1.629751e+08 3.49760119e-02 3.483310e+00
1.072993e+00 2.056512e+08 3.60788466e-02 3.933024e+00
1.072993e+00 2.595024e+08 3.72201921e-02 4.440797e+00
1.072993e+00 3.274549e+08 3.94515151e-02 5.082234e+00
1.072993e+00 4.132012e+08 4.07067805e-02 5.738377e+00
1.072993e+00 5.214008e+08 4.20051519e-02 6.479231e+00
1.072993e+00 6.579332e+08 4.33477554e-02 7.315732e+00
1.072993e+00 8.302176e+08 4.59592263e-02 8.372431e+00
1.072993e+00 1.047616e+09 4.74326975e-02 9.453354e+00
1.072993e+00 1.321941e+09 4.89547196e-02 1.067383e+01
1.072993e+00 1.668101e+09 5.05261438e-02 1.205188e+01
1.072993e+00 2.104904e+09 5.35739625e-02 1.379267e+01
1.072993e+00 2.656088e+09 5.52919051e-02 1.557338e+01
1.072993e+00 3.351603e+09 5.70622631e-02 1.758398e+01
1.072993e+00 4.229243e+09 5.88851510e-02 1.985416e+01
1.072993e+00 5.336699e+09 6.24222405e-02 2.272193e+01
1.072993e+00 6.734151e+09 6.44020303e-02 2.565545e+01
1.072993e+00 8.497534e+09 6.64341256e-02 2.896770e+01
1.072993e+00 1.072267e+10 6.85170911e-02 3.270758e+01
1.072993e+00 1.353048e+10 7.06489219e-02 3.693030e+01
1.072993e+00 1.707353e+10 7.48188348e-02 4.226458e+01
1.072993e+00 2.154435e+10 7.71004073e-02 4.772115e+01
1.072993e+00 2.718588e+10 7.94215394e-02 5.388220e+01
1.072993e+00 3.430469e+10 8.17768014e-02 6.083867e+01
1.072993e+00 4.328761e+10 8.41596064e-02 6.869325e+01
1.072993e+00 5.462277e+10 8.89295667e-02 7.861543e+01
1.072993e+00 6.892612e+10 9.14081831e-02 8.876509e+01
1.072993e+00 8.697490e+10 9.38858843e-02 1.002251e+02
1.072993e+00 1.097499e+11 9.63493191e-02 1.131647e+02
1.072993e+00 1.384886e+11 9.87829974e-02 1.277748e+02
1.072993e+00 1.747528e+11 1.01169022e-01 1.442712e+02
1.072993e+00 2.205131e+11 1.06317327e-01 1.651100e+02
1.072993e+00 2.782559e+11 1.08604535e-01 1.864266e+02
1.072993e+00 3.511192e+11 1.10770504e-01 2.104952e+02
1.072993e+00 4.430621e+11 1.12784656e-01 2.376712e+02
1.072993e+00 5.590810e+11 1.14612844e-01 2.683558e+02
1.072993e+00 7.054802e+11 1.19395867e-01 3.071176e+02
1.072993e+00 8.902151e+11 1.20771527e-01 3.467680e+02
1.072993e+00 1.123324e+12 1.21828133e-01 3.915376e+02
1.072993e+00 1.417474e+12 1.22515735e-01 4.420871e+02
1.072993e+00 1.788650e+12 1.22781324e-01 4.991628e+02
1.072993e+00 2.257020e+12 1.22569551e-01 5.636072e+02
1.072993e+00 2.848036e+12 1.25155747e-01 6.450157e+02
1.072993e+00 3.593814e+12 1.23782936e-01 7.282906e+02
1.072993e+00 4.534879e+12 1.21747617e-01 8.223166e+02
1.072993e+00 5.722368e+12 1.18998610e-01 9.284819e+02
1.072993e+00 7.220809e+12 1.15492592e-01 1.048354e+03
1.072993e+00 9.111628e+12 1.11197882e-01 1.183701e+03
1.072993e+00 1.149757e+13 1.09000709e-01 1.354678e+03
1.072993e+00 1.450829e+13 1.02941225e-01 1.529573e+03
1.072993e+00 1.830738e+13 9.60928557e-02 1.727049e+03
1.072993e+00 2.310130e+13 8.85194522e-02 1.950020e+03
1.072993e+00 2.915053e+13 8.03209451e-02 2.201778e+03
1.072993e+00 3.678380e+13 7.35953820e-02 2.519806e+03
1.072993e+00 4.641589e+13 6.43559061e-02 2.845126e+03
1.072993e+00 5.857021e+13 5.50183883e-02 3.212447e+03
1.072993e+00 7.390722e+13 4.58298699e-02 3.627190e+03
1.072993e+00 9.326033e+13 3.70514346e-02 4.095479e+03
1.072993e+00 1.176812e+14 2.97302638e-02 4.687038e+03
1.072993e+00 1.484968e+14 2.23125061e-02 5.292158e+03
1.072993e+00 1.873817e+14 1.59887566e-02 5.975403e+03
1.072993e+00 2.364489e+14 1.08578619e-02 6.746858e+03
1.072993e+00 2.983647e+14 6.92610783e-03 7.617912e+03
1.072993e+00 3.764936e+14 4.10668193e-03 8.601423e+03
1.072993e+00 4.750810e+14 2.29639089e-03 9.843829e+03
1.072993e+00 5.994843e+14 1.13039136e-03 1.111472e+04
1.072993e+00 7.564633e+14 4.94341754e-04 1.254968e+04
1.072993e+00 9.545485e+14 1.88044616e-04 1.416991e+04
1.072993e+00 1.204504e+15 6.23067793e-05 1.621664e+04
1.072993e+00 1.519911e+15 1.65061988e-05 1.831029e+04
1.072993e+00 1.917910e+15 3.45564571e-06 2.067425e+04
1.072993e+00 2.420128e+15 5.46496507e-07 2.334340e+04
1.072993e+00 3.053856e+15 6.19793784e-08 2.635715e+04
1.072993e+00 3.853529e+15 4.86155813e-09 3.016423e+04
1.072993e+00 4.862602e+15 2.29971132e-10 3.405858e+04
1.072993e+00 6.135907e+15 6.02531240e-12 3.845572e+04
1.072993e+00 7.742637e+15 7.55166470e-14 4.342055e+04
1.072993e+00 9.770100e+15 3.88108074e-16 4.969230e+04
1.072993e+00 1.232847e+16 6.26677057e-19 5.610783e+04
1.072993e+00 1.555676e+16 2.56517021e-22 6.335163e+04
1.072993e+00 1.963041e+16 2.02373208e-26 7.153065e+04
1.072993e+00 2.477076e+16 2.23845908e-31 8.076563e+04
1.072993e+00 3.125716e+16 2.42866947e-37 9.243157e+04
1.072993e+00 3.944206e+16 1.51216545e-44 1.043650e+05
1.072993e+00 4.977024e+16 2.98168899e-53 1.178390e+05
1.072993e+00 6.280291e+16 8.26774768e-64 1.330526e+05
1.072993e+00 7.924829e+16 1.14226247e-76 1.522710e+05
1.072993e+00 1.000000e+17 1.84616151e-92 1.719300e+05
1.150547e+00 1.261857e+07 2.32511684e-02 8.334862e-01
1.150547e+00 1.592283e+07 2.39475282e-02 9.410936e-01
1.150547e+00 2.009233e+07 2.46681514e-02 1.062594e+00
1.150547e+00 2.535364e+07 2.61090000e-02 1.216077e+00
1.150547e+00 3.199267e+07 2.69018978e-02 1.373078e+00
1.150547e+00 4.037017e+07 2.84807107e-02 1.571408e+00
1.150547e+00 5.094138e+07 2.93531662e-02 1.774285e+00
1.150547e+00 6.428073e+07 3.02560589e-02 2.003355e+00
1.150547e+00 8.111308e+07 3.20434952e-02 2.292723e+00
1.150547e+00 1.023531e+08 3.30367935e-02 2.588725e+00
1.150547e+00 1.291550e+08 3.40645571e-02 2.922943e+00
1.150547e+00 1.629751e+08 3.60886442e-02 3.345138e+00
1.150547e+00 2.056512e+08 3.72186737e-02 3.777013e+00
1.150547e+00 2.595024e+08 3.83874461e-02 4.264644e+00
1.150547e+00 3.274549e+08 3.95960551e-02 4.815232e+00
1.150547e+00 4.132012e+08 4.19627282e-02 5.510753e+00
1.150547e+00 5.214008e+08 4.32895089e-02 6.222219e+00
1.150547e+00 6.579332e+08 4.46603928e-02 7.025540e+00
1.150547e+00 8.302176e+08 4.60763296e-02 7.932573e+00
1.150547e+00 1.047616e+09 4.88383910e-02 9.078369e+00
1.150547e+00 1.321941e+09 5.03881838e-02 1.025043e+01
1.150547e+00 1.668101e+09 5.19865812e-02 1.157382e+01
1.150547e+00 2.104904e+09 5.36340674e-02 1.306805e+01
1.150547e+00 2.656088e+09 5.68442778e-02 1.495563e+01
1.150547e+00 3.351603e+09 5.86383459e-02 1.688648e+01
1.150547e+00 4.229243e+09 6.04829770e-02 1.906661e+01
1.150547e+00 5.336699e+09 6.23776128e-02 2.152820e+01
1.150547e+00 6.734151e+09 6.60805342e-02 2.463778e+01
1.150547e+00 8.497534e+09 6.81263197e-02 2.781864e+01
1.150547e+00 1.072267e+10 7.02190478e-02 3.141017e+01
1.150547e+00 1.353048e+10 7.23560858e-02 3.546539e+01
1.150547e+00 1.707353e+10 7.45340777e-02 4.004415e+01
1.150547e+00 2.154435e+10 7.88479685e-02 4.582820e+01
1.150547e+00 2.718588e+10 8.11557729e-02 5.174486e+01
1.150547e+00 3.430469e+10 8.34896495e-02 5.842538e+01
1.150547e+00 4.328761e+10 8.58419381e-02 6.596840e+01
1.150547e+00 5.462277e+10 8.82035382e-02 7.448526e+01
1.150547e+00 6.892612e+10 9.30407489e-02 8.524405e+01
1.150547e+00 8.697490e+10 9.54512852e-02 9.624949e+01
1.150547e+00 1.097499e+11 9.78327007e-02 1.086758e+02
1.150547e+00 1.384886e+11 1.00167874e-01 1.227064e+02
1.150547e+00 1.747528e+11 1.02437183e-01 1.385484e+02
1.150547e+00 2.205131e+11 1.07479711e-01 1.585606e+02
1.150547e+00 2.782559e+11 1.09603999e-01 1.790316e+02
1.150547e+00 3.511192e+11 1.11582676e-01 2.021455e+02
1.150547e+00 4.430621e+11 1.13383276e-01 2.282435e+02
1.150547e+00 5.590810e+11 1.14969862e-01 2.577109e+02
1.150547e+00 7.054802e+11 1.16302988e-01 2.909827e+02
1.150547e+00 8.902151e+11 1.20549099e-01 3.330128e+02
1.150547e+00 1.123324e+12 1.21262394e-01 3.760065e+02
1.150547e+00 1.417474e+12 1.21573541e-01 4.245508e+02
1.150547e+00 1.788650e+12 1.21429953e-01 4.793625e+02
1.150547e+00 2.257020e+12 1.20777703e-01 5.412507e+02
1.150547e+00 2.848036e+12 1.19562832e-01 6.111289e+02
1.150547e+00 3.593814e+12 1.20953174e-01 6.994015e+02
1.150547e+00 4.534879e+12 1.18392033e-01 7.896978e+02
1.150547e+00 5.722368e+12 1.15106764e-01 8.916518e+02
1.150547e+00 7.220809e+12 1.11064879e-01 1.006769e+03
1.150547e+00 9.111628e+12 1.06248151e-01 1.136748e+03
1.150547e+00 1.149757e+13 1.03410094e-01 1.300942e+03
1.150547e+00 1.450829e+13 9.68950260e-02 1.468900e+03
1.150547e+00 1.830738e+13 8.96622291e-02 1.658542e+03
1.150547e+00 2.310130e+13 8.17980320e-02 1.872669e+03
1.150547e+00 2.915053e+13 7.34247451e-02 2.114440e+03
1.150547e+00 3.678380e+13 6.47015269e-02 2.387425e+03
1.150547e+00 4.641589e+13 5.73489507e-02 2.732269e+03
1.150547e+00 5.857021e+13 4.82945760e-02 3.085019e+03
1.150547e+00 7.390722e+13 3.95540880e-02 3.483310e+03
1.150547e+00 9.326033e+13 3.13748735e-02 3.933024e+03
1.150547e+00 1.176812e+14 2.39848211e-02 4.440797e+03
1.150547e+00 1.484968e+14 1.80496794e-02 5.082234e+03
1.150547e+00 1.873817e+14 1.25833838e-02 5.738377e+03
1.150547e+00 2.364489e+14 8.28254543e-03 6.479231e+03
1.150547e+00 2.983647e+14 5.09869013e-03 7.315732e+03
1.150547e+00 3.764936e+14 2.90277161e-03 8.260231e+03
1.150547e+00 4.750810e+14 1.50811555e-03 9.326669e+03
1.150547e+00 5.994843e+14 7.22962291e-04 1.067383e+04
1.150547e+00 7.564633e+14 2.97278192e-04 1.205188e+04
1.150547e+00 9.545485e+14 1.05314226e-04 1.360784e+04
1.150547e+00 1.204504e+15 3.12758926e-05 1.536468e+04
1.150547e+00 1.519911e+15 7.52715354e-06 1.734834e+04
1.150547e+00 1.917910e+15 1.44732324e-06 1.985416e+04
1.150547e+00 2.420128e+15 2.00760434e-07 2.241744e+04
1.150547e+00 3.053856e+15 1.95243544e-08 2.531164e+04
1.150547e+00 3.853529e+15 1.24422526e-09 2.857950e+04
1.150547e+00 4.862602e+15 4.88418446e-11 3.270758e+04
1.150547e+00 6.135907e+15 9.92663462e-13 3.693030e+04
1.150547e+00 7.742637e+15 9.17701036e-15 4.169819e+04
1.150547e+00 9.770100e+15 3.18123879e-17 4.708164e+04
1.150547e+00 1.232847e+16 3.29673220e-20 5.316012e+04
1.150547e+00 1.555676e+16 8.10784838e-24 6.083867e+04
1.150547e+00 1.963041e+16 3.34621581e-28 6.869325e+04
1.150547e+00 2.477076e+16 1.69491037e-33 7.756190e+04
1.150547e+00 3.125716e+16 6.98974063e-40 8.757554e+04
1.150547e+00 3.944206e+16 1.44070910e-47 1.002251e+05
1.150547e+00 4.977024e+16 7.24080849e-57 1.131647e+05
1.150547e+00 6.280291e+16 3.83067379e-68 1.277748e+05
1.150547e+00 7.924829e+16 6.84410100e-82 1.442712e+05
1.150547e+00 1.000000e+17 9.56346281e-99 1.651100e+05
1.233706e+00 1.261857e+07 2.27786866e-02 7.791150e-01
1.233706e+00 1.592283e+07 2.40994667e-02 8.916518e-01
1.233706e+00 2.009233e+07 2.48212840e-02 1.006769e+00
1.233706e+00 2.535364e+07 2.55679931e-02 1.136748e+00
1.233706e+00 3.199267e+07 2.70608848e-02 1.300942e+00
1.233706e+00 4.037017e+07 2.78818286e-02 1.468900e+00
1.233706e+00 5.094138e+07 2.95168623e-02 1.681071e+00
1.233706e+00 6.428073e+07 3.04193086e-02 1.898105e+00
1.233706e+00 8.111308e+07 3.13527239e-02 2.143160e+00
1.233706e+00 1.023531e+08 3.32020061e-02 2.452723e+00
1.233706e+00 1.291550e+08 3.42275868e-02 2.769382e+00
1.233706e+00 1.629751e+08 3.52879895e-02 3.126923e+00
1.233706e+00 2.056512e+08 3.73793428e-02 3.578582e+00
1.233706e+00 2.595024e+08 3.85433418e-02 4.040595e+00
1.233706e+00 3.274549e+08 3.97461192e-02 4.562256e+00
1.233706e+00 4.132012e+08 4.21096874e-02 5.221237e+00
1.233706e+00 5.214008e+08 4.34278958e-02 5.895326e+00
1.233706e+00 6.579332e+08 4.47886830e-02 6.656443e+00
1.233706e+00 8.302176e+08 4.61928206e-02 7.515823e+00
1.233706e+00 1.047616e+09 4.89439936e-02 8.601423e+00
1.233706e+00 1.321941e+09 5.04775349e-02 9.711911e+00
1.233706e+00 1.668101e+09 5.20572547e-02 1.096577e+01
1.233706e+00 2.104904e+09 5.51516434e-02 1.254968e+01
1.233706e+00 2.656088e+09 5.68698701e-02 1.416991e+01
1.233706e+00 3.351603e+09 5.86354561e-02 1.599932e+01
1.233706e+00 4.229243e+09 6.04477938e-02 1.806492e+01
1.233706e+00 5.336699e+09 6.40100216e-02 2.067425e+01
1.233706e+00 6.734151e+09 6.59645295e-02 2.334340e+01
1.233706e+00 8.497534e+09 6.79626433e-02 2.635715e+01
1.233706e+00 1.072267e+10 7.00017988e-02 2.975999e+01
1.233706e+00 1.353048e+10 7.20787448e-02 3.360216e+01
1.233706e+00 1.707353e+10 7.62185896e-02 3.845572e+01
1.233706e+00 2.154435e+10 7.84166478e-02 4.342055e+01
1.233706e+00 2.718588e+10 8.06382284e-02 4.902636e+01
1.233706e+00 3.430469e+10 8.28760496e-02 5.535592e+01
1.233706e+00 4.328761e+10 8.51215129e-02 6.250265e+01
1.233706e+00 5.462277e+10 8.97540055e-02 7.153065e+01
1.233706e+00 6.892612e+10 9.20437681e-02 8.076563e+01
1.233706e+00 8.697490e+10 9.43049795e-02 9.119288e+01
1.233706e+00 1.097499e+11 9.65215829e-02 1.029663e+02
1.233706e+00 1.384886e+11 9.86752561e-02 1.162598e+02
1.233706e+00 1.747528e+11 1.03500634e-01 1.330526e+02
1.233706e+00 2.205131e+11 1.05516996e-01 1.502304e+02
1.233706e+00 2.782559e+11 1.07396130e-01 1.696259e+02
1.233706e+00 3.511192e+11 1.09107906e-01 1.915255e+02
1.233706e+00 4.430621e+11 1.10619024e-01 2.162524e+02
1.233706e+00 5.590810e+11 1.11892976e-01 2.441717e+02
1.233706e+00 7.054802e+11 1.15977742e-01 2.794403e+02
1.233706e+00 8.902151e+11 1.16673986e-01 3.155175e+02
1.233706e+00 1.123324e+12 1.16995609e-01 3.562524e+02
1.233706e+00 1.417474e+12 1.16894045e-01 4.022464e+02
1.233706e+00 1.788650e+12 1.16319451e-01 4.541785e+02
1.233706e+00 2.257020e+12 1.18373272e-01 5.197809e+02
1.233706e+00 2.848036e+12 1.16658489e-01 5.868873e+02
1.233706e+00 3.593814e+12 1.14310111e-01 6.626574e+02
1.233706e+00 4.534879e+12 1.11287684e-01 7.482099e+02
1.233706e+00 5.722368e+12 1.07559729e-01 8.448076e+02
1.233706e+00 7.220809e+12 1.03107253e-01 9.538766e+02
1.233706e+00 9.111628e+12 1.00606068e-01 1.091656e+03
1.233706e+00 1.149757e+13 9.45563455e-02 1.232595e+03
1.233706e+00 1.450829e+13 8.78221484e-02 1.391729e+03
1.233706e+00 1.830738e+13 8.04768730e-02 1.571408e+03
1.233706e+00 2.310130e+13 7.26262471e-02 1.774285e+03
1.233706e+00 2.915053e+13 6.44095766e-02 2.003355e+03
1.233706e+00 3.678380e+13 5.75300653e-02 2.292723e+03
1.233706e+00 4.641589e+13 4.88938240e-02 2.588725e+03
1.233706e+00 5.857021e+13 4.04865628e-02 2.922943e+03
1.233706e+00 7.390722e+13 3.25381655e-02 3.300310e+03
1.233706e+00 9.326033e+13 2.52666338e-02 3.726396e+03
1.233706e+00 1.176812e+14 1.88576497e-02 4.207493e+03
1.233706e+00 1.484968e+14 1.38117704e-02 4.815232e+03
1.233706e+00 1.873817e+14 9.33767951e-03 5.436903e+03
1.233706e+00 2.364489e+14 5.93542994e-03 6.138835e+03
1.233706e+00 2.983647e+14 3.51144852e-03 6.931390e+03
1.233706e+00 3.764936e+14 1.91040552e-03 7.826267e+03
1.233706e+00 4.750810e+14 9.68020051e-04 8.956708e+03
1.233706e+00 5.994843e+14 4.25507273e-04 1.011307e+04
1.233706e+00 7.564633e+14 1.63332182e-04 1.141871e+04
1.233706e+00 9.545485e+14 5.34402511e-05 1.289293e+04
1.233706e+00 1.204504e+15 1.44732171e-05 1.455747e+04
1.233706e+00 1.519911e+15 3.12908720e-06 1.643692e+04
1.233706e+00 1.917910e+15 5.30876207e-07 1.881109e+04
1.233706e+00 2.420128e+15 6.36062139e-08 2.123970e+04
1.233706e+00 3.053856e+15 5.20989452e-09 2.398186e+04
1.233706e+00 3.853529e+15 2.71322454e-10 2.707804e+04
1.233706e+00 4.862602e+15 8.16759727e-12 3.057395e+04
1.233706e+00 6.135907e+15 1.28419463e-13 3.499011e+04
1.233706e+00 7.742637e+15 8.45112351e-16 3.950751e+04
1.233706e+00 9.770100e+15 1.94487050e-18 4.460813e+04
1.233706e+00 1.232847e+16 1.22817171e-21 5.036727e+04
1.233706e+00 1.555676e+16 1.61495461e-25 5.686995e+04
1.233706e+00 1.963041e+16 3.32083604e-30 6.508435e+04
1.233706e+00 2.477076e+16 7.03054031e-36 7.348707e+04
1.233706e+00 3.125716e+16 1.01433973e-42 8.297463e+04
1.233706e+00 3.944206e+16 5.74459857e-51 9.368708e+04
1.233706e+00 4.977024e+16 6.44394533e-61 1.072194e+05
1.233706e+00 6.280291e+16 5.35942113e-73 1.210620e+05
1.233706e+00 7.924829e+16 1.00481355e-87 1.366917e+05
1.233706e+00 1.000000e+17 8.61214075e-106 1.543393e+05
1.322876e+00 1.261857e+07 2.17295788e-02 7.185307e-01
1.322876e+00 1.592283e+07 2.29861447e-02 8.223166e-01
1.322876e+00 2.009233e+07 2.36709362e-02 9.284819e-01
1.322876e+00 2.535364e+07 2.50458203e-02 1.062594e+00
1.322876e+00 3.199267e+07 2.57980276e-02 1.199780e+00
1.322876e+00 4.037017e+07 2.73026538e-02 1.373078e+00
1.322876e+00 5.094138e+07 2.81287765e-02 1.550350e+00
1.322876e+00 6.428073e+07 2.97755433e-02 1.774285e+00
1.322876e+00 8.111308e+07 3.06825490e-02 2.003355e+00
1.322876e+00 1.023531e+08 3.16200141e-02 2.261998e+00
1.322876e+00 1.291550e+08 3.34801393e-02 2.588725e+00
1.322876e+00 1.629751e+08 3.45085073e-02 2.922943e+00
1.322876e+00 2.056512e+08 3.65437053e-02 3.345138e+00
1.322876e+00 2.595024e+08 3.76708034e-02 3.777013e+00
1.322876e+00 3.274549e+08 3.88344633e-02 4.264644e+00
1.322876e+00 4.132012e+08 4.11304638e-02 4.880638e+00
1.322876e+00 5.214008e+08 4.24034103e-02 5.510753e+00
1.322876e+00 6.579332e+08 4.37161092e-02 6.222219e+00
1.322876e+00 8.302176e+08 4.50691180e-02 7.025540e+00
1.322876e+00 1.047616e+09 4.77336676e-02 8.040322e+00
1.322876e+00 1.321941e+09 4.92076999e-02 9.078369e+00
1.322876e+00 1.668101e+09 5.07240122e-02 1.025043e+01
1.322876e+00 2.104904e+09 5.37124794e-02 1.173102e+01
1.322876e+00 2.656088e+09 5.53566009e-02 1.324556e+01
1.322876e+00 3.351603e+09 5.70430721e-02 1.495563e+01
1.322876e+00 4.229243e+09 5.87708973e-02 1.688648e+01
1.322876e+00 5.336699e+09 6.21944619e-02 1.932559e+01
1.322876e+00 6.734151e+09 6.40497359e-02 2.182063e+01
1.322876e+00 8.497534e+09 6.59416872e-02 2.463778e+01
1.322876e+00 1.072267e+10 6.78672254e-02 2.781864e+01
1.322876e+00 1.353048e+10 7.17322392e-02 3.183682e+01
1.322876e+00 1.707353e+10 7.37668720e-02 3.594712e+01
1.322876e+00 2.154435e+10 7.58216412e-02 4.058807e+01
1.322876e+00 2.718588e+10 7.78897737e-02 4.582820e+01
1.322876e+00 3.430469e+10 7.99632887e-02 5.174486e+01
1.322876e+00 4.328761e+10 8.42765298e-02 5.921898e+01
1.322876e+00 5.462277e+10 8.63875427e-02 6.686446e+01
1.322876e+00 6.892612e+10 8.84705656e-02 7.549700e+01
1.322876e+00 8.697490e+10 9.05109009e-02 8.524405e+01
1.322876e+00 1.097499e+11 9.24917898e-02 9.624949e+01
1.322876e+00 1.384886e+11 9.69760247e-02 1.101519e+02
1.322876e+00 1.747528e+11 9.88280306e-02 1.243731e+02
1.322876e+00 2.205131e+11 1.00552979e-01 1.404303e+02
1.322876e+00 2.782559e+11 1.02123585e-01 1.585606e+02
1.322876e+00 3.511192e+11 1.03509747e-01 1.790316e+02
1.322876e+00 4.430621e+11 1.07541564e-01 2.048913e+02
1.322876e+00 5.590810e+11 1.08482284e-01 2.313438e+02
1.322876e+00 7.054802e+11 1.09123601e-01 2.612114e+02
1.322876e+00 8.902151e+11 1.09423773e-01 2.949352e+02
1.322876e+00 1.123324e+12 1.09339202e-01 3.330128e+02
1.322876e+00 1.417474e+12 1.08825158e-01 3.760065e+02
1.322876e+00 1.788650e+12 1.10786209e-01 4.303176e+02
1.322876e+00 2.257020e+12 1.09238673e-01 4.858738e+02
1.322876e+00 2.848036e+12 1.07117140e-01 5.486025e+02
1.322876e+00 3.593814e+12 1.04384895e-01 6.194299e+02
1.322876e+00 4.534879e+12 1.01012954e-01 6.994015e+02
1.322876e+00 5.722368e+12 9.69830940e-02 7.896978e+02
1.322876e+00 7.220809e+12 9.48154731e-02 9.037633e+02
1.322876e+00 9.111628e+12 8.93292660e-02 1.020444e+03
1.322876e+00 1.149757e+13 8.32131476e-02 1.152188e+03
1.322876e+00 1.450829e+13 7.65287344e-02 1.300942e+03
1.322876e+00 1.830738e+13 6.93658595e-02 1.468900e+03
1.322876e+00 2.310130e+13 6.18439410e-02 1.658542e+03
1.322876e+00 2.915053e+13 5.55912995e-02 1.898105e+03
1.322876e+00 3.678380e+13 4.76092777e-02 2.143160e+03
1.322876e+00 4.641589e+13 3.97870788e-02 2.419853e+03
1.322876e+00 5.857021e+13 3.23306827e-02 2.732269e+03
1.322876e+00 7.390722e+13 2.54397226e-02 3.085019e+03
1.322876e+00 9.326033e+13 1.92901454e-02 3.483310e+03
1.322876e+00 1.176812e+14 1.43994561e-02 3.986446e+03
1.322876e+00 1.484968e+14 9.95918165e-03 4.501117e+03
1.322876e+00 1.873817e+14 6.50572419e-03 5.082234e+03
1.322876e+00 2.364489e+14 3.97706006e-03 5.738377e+03
1.322876e+00 2.983647e+14 2.25057372e-03 6.479231e+03
1.322876e+00 3.764936e+14 1.16381893e-03 7.315732e+03
1.322876e+00 4.750810e+14 5.56406230e-04 8.372431e+03
1.322876e+00 5.994843e+14 2.28774752e-04 9.453354e+03
1.322876e+00 7.564633e+14 8.13126157e-05 1.067383e+04
1.322876e+00 9.545485e+14 2.43414733e-05 1.205188e+04
1.322876e+00 1.204504e+15 5.94686114e-06 1.360784e+04
1.322876e+00 1.519911e+15 1.17162575e-06 1.557338e+04
1.322876e+00 1.917910e+15 1.68215233e-07 1.758398e+04
1.322876e+00 2.420128e+15 1.71101041e-08 1.985416e+04
1.322876e+00 3.053856e+15 1.15666170e-09 2.241744e+04
1.322876e+00 3.853529e+15 4.80668307e-11 2.531164e+04
1.322876e+00 4.862602e+15 1.10830594e-12 2.857950e+04
1.322876e+00 6.135907e+15 1.26899229e-14 3.270758e+04
1.322876e+00 7.742637e+15 5.71083381e-17 3.693030e+04
1.322876e+00 9.770100e+15 8.31291050e-20 4.169819e+04
1.322876e+00 1.232847e+16 3.01722935e-23 4.708164e+04
1.322876e+00 1.555676e+16 2.03045240e-27 5.316012e+04
1.322876e+00 1.963041e+16 1.85910131e-32 6.083867e+04
1.322876e+00 2.477076e+16 1.48414176e-38 6.869325e+04
1.322876e+00 3.125716e+16 6.61780864e-46 7.756190e+04
1.322876e+00 3.944206e+16 9.11243994e-55 8.757554e+04
1.322876e+00 4.977024e+16 1.80515575e-65 9.888199e+04
1.322876e+00 6.280291e+16 1.94913425e-78 1.131647e+05
1.322876e+00 7.924829e+16 2.93888074e-94 1.277748e+05
1.322876e+00 1.000000e+17 1.14540977e-113 1.442712e+05
1.418491e+00 1.261857e+07 2.01824457e-02 6.537771e-01
1.418491e+00 1.592283e+07 2.13459522e-02 7.482099e-01
1.418491e+00 2.009233e+07 2.19779762e-02 8.448076e-01
1.418491e+00 2.535364e+07 2.32501687e-02 9.668332e-01
1.418491e+00 3.199267e+07 2.39437067e-02 1.091656e+00
1.418491e+00 4.037017e+07 2.53348859e-02 1.249337e+00
1.418491e+00 5.094138e+07 2.60957038e-02 1.410633e+00
1.418491e+00 6.428073e+07 2.76170001e-02 1.614388e+00
1.418491e+00 8.111308e+07 2.84512328e-02 1.822813e+00
1.418491e+00 1.023531e+08 3.01146033e-02 2.086104e+00
1.418491e+00 1.291550e+08 3.10287103e-02 2.355431e+00
1.418491e+00 1.629751e+08 3.19724405e-02 2.659529e+00
1.418491e+00 2.056512e+08 3.38476015e-02 3.043676e+00
1.418491e+00 2.595024e+08 3.48801203e-02 3.436630e+00
1.418491e+00 3.274549e+08 3.69282266e-02 3.933024e+00
1.418491e+00 4.132012e+08 3.80562738e-02 4.440797e+00
1.418491e+00 5.214008e+08 3.92187766e-02 5.014127e+00
1.418491e+00 6.579332e+08 4.15215713e-02 5.738377e+00
1.418491e+00 8.302176e+08 4.27878588e-02 6.479231e+00
1.418491e+00 1.047616e+09 4.40904908e-02 7.315732e+00
1.418491e+00 1.321941e+09 4.66720252e-02 8.372431e+00
1.418491e+00 1.668101e+09 4.80848519e-02 9.453354e+00
1.418491e+00 2.104904e+09 4.95344841e-02 1.067383e+01
1.418491e+00 2.656088e+09 5.24157068e-02 1.221558e+01
1.418491e+00 3.351603e+09 5.39782660e-02 1.379267e+01
1.418491e+00 4.229243e+09 5.55756070e-02 1.557338e+01
1.418491e+00 5.336699e+09 5.72059526e-02 1.758398e+01
1.418491e+00 6.734151e+09 6.04770982e-02 2.012384e+01
1.418491e+00 8.497534e+09 6.22123110e-02 2.272193e+01
1.418491e+00 1.072267e+10 6.39726863e-02 2.565545e+01
1.418491e+00 1.353048e+10 6.57539606e-02 2.896770e+01
1.418491e+00 1.707353e+10 6.93986235e-02 3.315185e+01
1.418491e+00 2.154435e+10 7.12549355e-02 3.743193e+01
1.418491e+00 2.718588e+10 7.31140755e-02 4.226458e+01
1.418491e+00 3.430469e+10 7.49676070e-02 4.772115e+01
1.418491e+00 4.328761e+10 7.89064791e-02 5.461409e+01
1.418491e+00 5.462277e+10 8.07676258e-02 6.166505e+01
1.418491e+00 6.892612e+10 8.25883096e-02 6.962632e+01
1.418491e+00 8.697490e+10 8.43535767e-02 7.861543e+01
1.418491e+00 1.097499e+11 8.60465251e-02 8.876509e+01
1.418491e+00 1.384886e+11 9.00454398e-02 1.015865e+02
1.418491e+00 1.747528e+11 9.15753856e-02 1.147018e+02
1.418491e+00 2.205131e+11 9.29656956e-02 1.295104e+02
1.418491e+00 2.782559e+11 9.41898364e-02 1.462309e+02
1.418491e+00 3.511192e+11 9.52188384e-02 1.651100e+02
1.418491e+00 4.430621e+11 9.86476149e-02 1.889588e+02
1.418491e+00 5.590810e+11 9.92049203e-02 2.133544e+02
1.418491e+00 7.054802e+11 9.94585794e-02 2.408995e+02
1.418491e+00 8.902151e+11 9.93705493e-02 2.720009e+02
1.418491e+00 1.123324e+12 9.89018598e-02 3.071176e+02
1.418491e+00 1.417474e+12 9.80134761e-02 3.467680e+02
1.418491e+00 1.788650e+12 9.93113602e-02 3.968559e+02
1.418491e+00 2.257020e+12 9.74218947e-02 4.480920e+02
1.418491e+00 2.848036e+12 9.49937989e-02 5.059430e+02
1.418491e+00 3.593814e+12 9.20016395e-02 5.712628e+02
1.418491e+00 4.534879e+12 8.84291155e-02 6.450157e+02
1.418491e+00 5.722368e+12 8.42719067e-02 7.282906e+02
1.418491e+00 7.220809e+12 8.17162300e-02 8.334862e+02
1.418491e+00 9.111628e+12 7.62956224e-02 9.410936e+02
1.418491e+00 1.149757e+13 7.03662051e-02 1.062594e+03
1.418491e+00 1.450829e+13 6.40031467e-02 1.199780e+03
1.418491e+00 1.830738e+13 5.73068706e-02 1.354678e+03
1.418491e+00 2.310130e+13 5.04027460e-02 1.529573e+03
1.418491e+00 2.915053e+13 4.46266442e-02 1.750508e+03
1.418491e+00 3.678380e+13 3.75797480e-02 1.976507e+03
1.418491e+00 4.641589e+13 3.08190930e-02 2.231685e+03
1.418491e+00 5.857021e+13 2.45204482e-02 2.519806e+03
1.418491e+00 7.390722e+13 1.88426396e-02 2.845126e+03
1.418491e+00 9.326033e+13 1.39122535e-02 3.212447e+03
1.418491e+00 1.176812e+14 1.00778179e-02 3.676459e+03
1.418491e+00 1.484968e+14 6.73758909e-03 4.151108e+03
1.418491e+00 1.873817e+14 4.23521984e-03 4.687038e+03
1.418491e+00 2.364489e+14 2.47839744e-03 5.292158e+03
1.418491e+00 2.983647e+14 1.33442258e-03 5.975403e+03
1.418491e+00 3.764936e+14 6.51937248e-04 6.746858e+03
1.418491e+00 4.750810e+14 2.92042125e-04 7.721387e+03
1.418491e+00 5.994843e+14 1.11427665e-04 8.718257e+03
1.418491e+00 7.564633e+14 3.63362870e-05 9.843829e+03
1.418491e+00 9.545485e+14 9.84726200e-06 1.111472e+04
1.418491e+00 1.204504e+15 2.14369015e-06 1.254968e+04
1.418491e+00 1.519911e+15 3.59470935e-07 1.416991e+04
1.418491e+00 1.917910e+15 4.41277238e-08 1.599932e+04
1.418491e+00 2.420128e+15 3.83900377e-09 1.831029e+04
1.418491e+00 3.053856e+15 2.09341841e-10 2.067425e+04
1.418491e+00 3.853529e+15 6.75759838e-12 2.334340e+04
1.418491e+00 4.862602e+15 1.15613598e-13 2.635715e+04
1.418491e+00 6.135907e+15 9.03513323e-16 2.975999e+04
1.418491e+00 7.742637e+15 2.73010637e-18 3.405858e+04
1.418491e+00 9.770100e+15 2.38014012e-21 3.845572e+04
1.418491e+00 1.232847e+16 4.64816062e-25 4.342055e+04
1.418491e+00 1.555676e+16 1.47801877e-29 4.902636e+04
1.418491e+00 1.963041e+16 5.32625542e-35 5.535592e+04
1.418491e+00 2.477076e+16 1.42741855e-41 6.250265e+04
1.418491e+00 3.125716e+16 1.75705853e-49 7.153065e+04
1.418491e+00 3.944206e+16 4.97014531e-59 8.076563e+04
1.418491e+00 4.977024e+16 1.45755776e-70 9.119288e+04
1.418491e+00 6.280291e+16 1.51297831e-84 1.029663e+05
1.418491e+00 7.924829e+16 1.35867883e-101 1.162598e+05
1.418491e+00 1.000000e+17 1.71173214e-122 1.330526e+05
1.521016e+00 1.261857e+07 1.72908660e-02 5.712628e-01
1.521016e+00 1.592283e+07 1.82841560e-02 6.537771e-01
1.521016e+00 2.009233e+07 1.93364931e-02 7.482099e-01
1.521016e+00 2.535364e+07 1.99069359e-02 8.448076e-01
1.521016e+00 3.199267e+07 2.10567029e-02 9.668332e-01
1.521016e+00 4.037017e+07 2.16818171e-02 1.091656e+00
1.521016e+00 5.094138e+07 2.29379819e-02 1.249337e+00
1.521016e+00 6.428073e+07 2.42687427e-02 1.429794e+00
1.521016e+00 8.111308e+07 2.49948154e-02 1.614388e+00
1.521016e+00 1.023531e+08 2.64482614e-02 1.847573e+00
1.521016e+00 1.291550e+08 2.72425318e-02 2.086104e+00
1.521016e+00 1.629751e+08 2.88293058e-02 2.387425e+00
1.521016e+00 2.056512e+08 2.96971711e-02 2.695653e+00
1.521016e+00 2.595024e+08 3.14284177e-02 3.085019e+00
1.521016e+00 3.274549e+08 3.23752653e-02 3.483310e+00
1.521016e+00 4.132012e+08 3.33503251e-02 3.933024e+00
1.521016e+00 5.214008e+08 3.52934951e-02 4.501117e+00
1.521016e+00 6.579332e+08 3.63539924e-02 5.082234e+00
1.521016e+00 8.302176e+08 3.84681830e-02 5.816322e+00
1.521016e+00 1.047616e+09 3.96183872e-02 6.567239e+00
1.521016e+00 1.321941e+09 4.07986927e-02 7.415103e+00
1.521016e+00 1.668101e+09 4.31576561e-02 8.486155e+00
1.521016e+00 2.104904e+09 4.44305857e-02 9.581761e+00
1.521016e+00 2.656088e+09 4.57324339e-02 1.081881e+01
1.521016e+00 3.351603e+09 4.83491517e-02 1.238151e+01
1.521016e+00 4.229243e+09 4.97418701e-02 1.398002e+01
1.521016e+00 5.336699e+09 5.11593692e-02 1.578491e+01
1.521016e+00 6.734151e+09 5.40377646e-02 1.806492e+01
1.521016e+00 8.497534e+09 5.55366648e-02 2.039719e+01
1.521016e+00 1.072267e+10 5.70515730e-02 2.303057e+01
1.521016e+00 1.353048e+10 5.85780444e-02 2.600393e+01
1.521016e+00 1.707353e+10 6.17549338e-02 2.975999e+01
1.521016e+00 2.154435e+10 6.33299156e-02 3.360216e+01
1.521016e+00 2.718588e+10 6.48978811e-02 3.794037e+01
1.521016e+00 3.430469e+10 6.64504593e-02 4.283867e+01
1.521016e+00 4.328761e+10 6.98373235e-02 4.902636e+01
1.521016e+00 5.462277e+10 7.13698473e-02 5.535592e+01
1.521016e+00 6.892612e+10 7.28528081e-02 6.250265e+01
1.521016e+00 8.697490e+10 7.42719095e-02 7.057206e+01
1.521016e+00 1.097499e+11 7.76791614e-02 8.076563e+01
1.521016e+00 1.384886e+11 7.89546757e-02 9.119288e+01
1.521016e+00 1.747528e+11 8.01096175e-02 1.029663e+02
1.521016e+00 2.205131e+11 8.11217959e-02 1.162598e+02
1.521016e+00 2.782559e+11 8.19670469e-02 1.312696e+02
1.521016e+00 3.511192e+11 8.48789976e-02 1.502304e+02
1.521016e+00 4.430621e+11 8.53221987e-02 1.696259e+02
1.521016e+00 5.590810e+11 8.55083258e-02 1.915255e+02
1.521016e+00 7.054802e+11 8.54059849e-02 2.162524e+02
1.521016e+00 8.902151e+11 8.49830983e-02 2.441717e+02
1.521016e+00 1.123324e+12 8.65107571e-02 2.794403e+02
1.521016e+00 1.417474e+12 8.53198689e-02 3.155175e+02
1.521016e+00 1.788650e+12 8.37050097e-02 3.562524e+02
1.521016e+00 2.257020e+12 8.16400493e-02 4.022464e+02
1.521016e+00 2.848036e+12 7.91042602e-02 4.541785e+02
1.521016e+00 3.593814e+12 7.60843484e-02 5.128153e+02
1.521016e+00 4.534879e+12 7.45617511e-02 5.868873e+02
1.521016e+00 5.722368e+12 7.04659088e-02 6.626574e+02
1.521016e+00 7.220809e+12 6.59015530e-02 7.482099e+02
1.521016e+00 9.111628e+12 6.09097988e-02 8.448076e+02
1.521016e+00 1.149757e+13 5.55510180e-02 9.538766e+02
1.521016e+00 1.450829e+13 4.99059399e-02 1.077027e+03
1.521016e+00 1.830738e+13 4.40755210e-02 1.216077e+03
1.521016e+00 2.310130e+13 3.92233553e-02 1.391729e+03
1.521016e+00 2.915053e+13 3.32354181e-02 1.571408e+03
1.521016e+00 3.678380e+13 2.74630934e-02 1.774285e+03
1.521016e+00 4.641589e+13 2.20516626e-02 2.003355e+03
1.521016e+00 5.857021e+13 1.71347615e-02 2.261998e+03
1.521016e+00 7.390722e+13 1.28222698e-02 2.554033e+03
1.521016e+00 9.326033e+13 9.44007100e-03 2.922943e+03
1.521016e+00 1.176812e+14 6.43590809e-03 3.300310e+03
1.521016e+00 1.484968e+14 4.14218860e-03 3.726396e+03
1.521016e+00 1.873817e+14 2.49394225e-03 4.207493e+03
1.521016e+00 2.364489e+14 1.38970404e-03 4.750702e+03
1.521016e+00 2.983647e+14 7.07670821e-04 5.364042e+03
1.521016e+00 3.764936e+14 3.24406629e-04 6.056568e+03
1.521016e+00 4.750810e+14 1.35100470e-04 6.931390e+03
1.521016e+00 5.994843e+14 4.74050630e-05 7.826267e+03
1.521016e+00 7.564633e+14 1.40367129e-05 8.836679e+03
1.521016e+00 9.545485e+14 3.40269389e-06 9.977539e+03
1.521016e+00 1.204504e+15 6.50944502e-07 1.126569e+04
1.521016e+00 1.519911e+15 9.39181602e-08 1.272015e+04
1.521016e+00 1.917910e+15 9.93801072e-09 1.455747e+04
1.521016e+00 2.420128e+15 6.85344924e-10 1.643692e+04
1.521016e+00 3.053856e+15 2.93765895e-11 1.855900e+04
1.521016e+00 3.853529e+15 7.14554089e-13 2.095507e+04
1.521016e+00 4.862602e+15 8.75107932e-15 2.366047e+04
1.521016e+00 6.135907e+15 4.59501180e-17 2.671516e+04
1.521016e+00 7.742637e+15 8.39223773e-20 3.016423e+04
1.521016e+00 9.770100e+15 4.23260899e-23 3.452120e+04
1.521016e+00 1.232847e+16 4.12792480e-27 3.897807e+04
1.521016e+00 1.555676e+16 5.66738657e-32 4.401034e+04
1.521016e+00 1.963041e+16 7.40587091e-38 4.969230e+04
1.521016e+00 2.477076e+16 5.84315084e-45 5.610783e+04
1.521016e+00 3.125716e+16 1.60619625e-53 6.335163e+04
1.521016e+00 3.944206e+16 7.92677804e-64 7.250226e+04
1.521016e+00 4.977024e+16 2.73497312e-76 8.186268e+04
1.521016e+00 6.280291e+16 2.12247550e-91 9.243157e+04
1.521016e+00 7.924829e+16 8.08610305e-110 1.043650e+05
1.521016e+00 1.000000e+17 2.05827226e-132 1.178390e+05
1.630952e+00 1.261857e+07 1.32989009e-02 4.729385e-01
1.630952e+00 1.592283e+07 1.40597752e-02 5.412507e-01
1.630952e+00 2.009233e+07 1.48655331e-02 6.194299e-01
1.630952e+00 2.535364e+07 1.57188155e-02 7.089016e-01
1.630952e+00 3.199267e+07 1.66224052e-02 8.112967e-01
1.630952e+00 4.037017e+07 1.71112266e-02 9.160392e-01
1.630952e+00 5.094138e+07 1.80973981e-02 1.048354e+00
1.630952e+00 6.428073e+07 1.91415355e-02 1.199780e+00
1.630952e+00 8.111308e+07 1.97079135e-02 1.354678e+00
1.630952e+00 1.023531e+08 2.08468890e-02 1.550350e+00
1.630952e+00 1.291550e+08 2.20523789e-02 1.774285e+00
1.630952e+00 1.629751e+08 2.27069956e-02 2.003355e+00
1.630952e+00 2.056512e+08 2.40207279e-02 2.292723e+00
1.630952e+00 2.595024e+08 2.47338456e-02 2.588725e+00
1.630952e+00 3.274549e+08 2.61641901e-02 2.962645e+00
1.630952e+00 4.132012e+08 2.69394472e-02 3.345138e+00
1.630952e+00 5.214008e+08 2.84948060e-02 3.828316e+00
1.630952e+00 6.579332e+08 2.93354341e-02 4.322572e+00
1.630952e+00 8.302176e+08 3.10239777e-02 4.946932e+00
1.630952e+00 1.047616e+09 3.19325092e-02 5.585606e+00
1.630952e+00 1.321941e+09 3.37618068e-02 6.392402e+00
1.630952e+00 1.668101e+09 3.47396780e-02 7.217694e+00
1.630952e+00 2.104904e+09 3.57387045e-02 8.149535e+00
1.630952e+00 2.656088e+09 3.77632080e-02 9.326669e+00
1.630952e+00 3.351603e+09 3.88295593e-02 1.053079e+01
1.630952e+00 4.229243e+09 4.10052429e-02 1.205188e+01
1.630952e+00 5.336699e+09 4.21349787e-02 1.360784e+01
1.630952e+00 6.734151e+09 4.32782841e-02 1.536468e+01
1.630952e+00 8.497534e+09 4.56474408e-02 1.758398e+01
1.630952e+00 1.072267e+10 4.68401902e-02 1.985416e+01
1.630952e+00 1.353048e+10 4.80360154e-02 2.241744e+01
1.630952e+00 1.707353e+10 5.05765072e-02 2.565545e+01
1.630952e+00 2.154435e+10 5.17955182e-02 2.896770e+01
1.630952e+00 2.718588e+10 5.30002215e-02 3.270758e+01
1.630952e+00 3.430469e+10 5.41830303e-02 3.693030e+01
1.630952e+00 4.328761e+10 5.68488087e-02 4.226458e+01
1.630952e+00 5.462277e+10 5.79913313e-02 4.772115e+01
1.630952e+00 6.892612e+10 5.90813580e-02 5.388220e+01
1.630952e+00 8.697490e+10 6.01064056e-02 6.083867e+01
1.630952e+00 1.097499e+11 6.27224601e-02 6.962632e+01
1.630952e+00 1.384886e+11 6.35979112e-02 7.861543e+01
1.630952e+00 1.747528e+11 6.43595712e-02 8.876509e+01
1.630952e+00 2.205131e+11 6.49888432e-02 1.002251e+02
1.630952e+00 2.782559e+11 6.72562613e-02 1.147018e+02
1.630952e+00 3.511192e+11 6.75677508e-02 1.295104e+02
1.630952e+00 4.430621e+11 6.76778048e-02 1.462309e+02
1.630952e+00 5.590810e+11 6.75625841e-02 1.651100e+02
1.630952e+00 7.054802e+11 6.71978196e-02 1.864266e+02
1.630952e+00 8.902151e+11 6.83798039e-02 2.133544e+02
1.630952e+00 1.123324e+12 6.74187085e-02 2.408995e+02
1.630952e+00 1.417474e+12 6.61302033e-02 2.720009e+02
1.630952e+00 1.788650e+12 6.44948856e-02 3.071176e+02
1.630952e+00 2.257020e+12 6.24974957e-02 3.467680e+02
1.630952e+00 2.848036e+12 6.17729757e-02 3.968559e+02
1.630952e+00 3.593814e+12 5.89548786e-02 4.480920e+02
1.630952e+00 4.534879e+12 5.57595282e-02 5.059430e+02
1.630952e+00 5.722368e+12 5.22050742e-02 5.712628e+02
1.630952e+00 7.220809e+12 4.83225609e-02 6.450157e+02
1.630952e+00 9.111628e+12 4.41573160e-02 7.282906e+02
1.630952e+00 1.149757e+13 4.08574928e-02 8.334862e+02
1.630952e+00 1.450829e+13 3.61990494e-02 9.410936e+02
1.630952e+00 1.830738e+13 3.14813667e-02 1.062594e+03
1.630952e+00 2.310130e+13 2.68073851e-02 1.199780e+03
1.630952e+00 2.915053e+13 2.22867459e-02 1.354678e+03
1.630952e+00 3.678380e+13 1.80294098e-02 1.529573e+03
1.630952e+00 4.641589e+13 1.45244257e-02 1.750508e+03
1.630952e+00 5.857021e+13 1.09903489e-02 1.976507e+03
1.630952e+00 7.390722e+13 7.98301767e-03 2.231685e+03
1.630952e+00 9.326033e+13 5.53242125e-03 2.519806e+03
1.630952e+00 1.176812e+14 3.63207058e-03 2.845126e+03
1.630952e+00 1.484968e+14 2.23998726e-03 3.212447e+03
1.630952e+00 1.873817e+14 1.28501934e-03 3.627190e+03
1.630952e+00 2.364489e+14 6.96336144e-04 4.151108e+03
1.630952e+00 2.983647e+14 3.33096051e-04 4.687038e+03
1.630952e+00 3.764936e+14 1.42171110e-04 5.292158e+03
1.630952e+00 4.750810e+14 5.31051741e-05 5.975403e+03
1.630952e+00 5.994843e+14 1.69630280e-05 6.746858e+03
1.630952e+00 7.564633e+14 4.50759357e-06 7.617912e+03
1.630952e+00 9.545485e+14 9.64277575e-07 8.601423e+03
1.630952e+00 1.204504e+15 1.63945057e-07 9.843829e+03
1.630952e+00 1.519911e+15 1.99837353e-08 1.111472e+04
1.630952e+00 1.917910e+15 1.69057628e-09 1.254968e+04
1.630952e+00 2.420128e+15 9.26054462e-11 1.416991e+04
1.630952e+00 3.053856e+15 3.03032396e-12 1.599932e+04
1.630952e+00 3.853529e+15 5.36658636e-14 1.806492e+04
1.630952e+00 4.862602e+15 4.51760074e-16 2.039719e+04
1.630952e+00 6.135907e+15 1.56021934e-18 2.334340e+04
1.630952e+00 7.742637e+15 1.67002066e-21 2.635715e+04
1.630952e+00 9.770100e+15 4.30573789e-25 2.975999e+04
1.630952e+00 1.232847e+16 1.92758641e-29 3.360216e+04
1.630952e+00 1.555676e+16 1.03192021e-34 3.794037e+04
1.630952e+00 1.963041e+16 4.32335603e-41 4.283867e+04
1.630952e+00 2.477076e+16 8.65725792e-49 4.836936e+04
1.630952e+00 3.125716e+16 4.69126081e-58 5.535592e+04
1.630952e+00 3.944206e+16 3.08614048e-69 6.250265e+04
1.630952e+00 4.977024e+16 9.66226295e-83 7.057206e+04
1.630952e+00 6.280291e+16 4.09224767e-99 7.968328e+04
1.630952e+00 7.924829e+16 4.50734095e-119 8.997080e+04
1.630952e+00 1.000000e+17 1.48806802e-143 1.015865e+05
1.748834e+00 1.261857e+07 8.24224262e-03 3.514782e-01
1.748834e+00 1.592283e+07 8.71161740e-03 4.022464e-01
1.748834e+00 2.009233e+07 9.20843608e-03 4.603477e-01
1.748834e+00 2.535364e+07 9.73428446e-03 5.268411e-01
1.748834e+00 3.199267e+07 1.05722919e-02 6.111289e-01
1.748834e+00 4.037017e+07 1.11773945e-02 6.994015e-01
1.748834e+00 5.094138e+07 1.15031000e-02 7.896978e-01
1.748834e+00 6.428073e+07 1.21625828e-02 9.037633e-01
1.748834e+00 8.111308e+07 1.28602805e-02 1.034305e+00
1.748834e+00 1.023531e+08 1.35982886e-02 1.183701e+00
1.748834e+00 1.291550e+08 1.43787884e-02 1.354678e+00
1.748834e+00 1.629751e+08 1.52040454e-02 1.550350e+00
1.748834e+00 2.056512e+08 1.60764041e-02 1.774285e+00
1.748834e+00 2.595024e+08 1.65457459e-02 2.003355e+00
1.748834e+00 3.274549e+08 1.74937088e-02 2.292723e+00
1.748834e+00 4.132012e+08 1.84947743e-02 2.623888e+00
1.748834e+00 5.214008e+08 1.90309544e-02 2.962645e+00
1.748834e+00 6.579332e+08 2.01161418e-02 3.390576e+00
1.748834e+00 8.302176e+08 2.12604514e-02 3.880317e+00
1.748834e+00 1.047616e+09 2.18682510e-02 4.381286e+00
1.748834e+00 1.321941e+09 2.31043981e-02 5.014127e+00
1.748834e+00 1.668101e+09 2.37554586e-02 5.661476e+00
1.748834e+00 2.104904e+09 2.50866754e-02 6.479231e+00
1.748834e+00 2.656088e+09 2.57798332e-02 7.315732e+00
1.748834e+00 3.351603e+09 2.72078478e-02 8.372431e+00
1.748834e+00 4.229243e+09 2.79401291e-02 9.453354e+00
1.748834e+00 5.336699e+09 2.94644893e-02 1.081881e+01
1.748834e+00 6.734151e+09 3.02304585e-02 1.221558e+01
1.748834e+00 8.497534e+09 3.18476625e-02 1.398002e+01
1.748834e+00 1.072267e+10 3.26386007e-02 1.578491e+01
1.748834e+00 1.353048e+10 3.34267507e-02 1.782283e+01
1.748834e+00 1.707353e+10 3.51438913e-02 2.039719e+01
1.748834e+00 2.154435e+10 3.59354612e-02 2.303057e+01
1.748834e+00 2.718588e+10 3.67105861e-02 2.600393e+01
1.748834e+00 3.430469e+10 3.84881328e-02 2.975999e+01
1.748834e+00 4.328761e+10 3.92320982e-02 3.360216e+01
1.748834e+00 5.462277e+10 3.99390742e-02 3.794037e+01
1.748834e+00 6.892612e+10 4.17112268e-02 4.342055e+01
1.748834e+00 8.697490e+10 4.23350741e-02 4.902636e+01
1.748834e+00 1.097499e+11 4.28926397e-02 5.535592e+01
1.748834e+00 1.384886e+11 4.45589400e-02 6.335163e+01
1.748834e+00 1.747528e+11 4.49599185e-02 7.153065e+01
1.748834e+00 2.205131e+11 4.52553210e-02 8.076563e+01
1.748834e+00 2.782559e+11 4.66735104e-02 9.243157e+01
1.748834e+00 3.511192e+11 4.67155861e-02 1.043650e+02
1.748834e+00 4.430621e+11 4.66035447e-02 1.178390e+02
1.748834e+00 5.590810e+11 4.63214070e-02 1.330526e+02
1.748834e+00 7.054802e+11 4.58533524e-02 1.502304e+02
1.748834e+00 8.902151e+11 4.64200095e-02 1.719300e+02
1.748834e+00 1.123324e+12 4.55115639e-02 1.941270e+02
1.748834e+00 1.417474e+12 4.43697358e-02 2.191898e+02
1.748834e+00 1.788650e+12 4.29849339e-02 2.474883e+02
1.748834e+00 2.257020e+12 4.24823404e-02 2.832360e+02
1.748834e+00 2.848036e+12 4.05475066e-02 3.198032e+02
1.748834e+00 3.593814e+12 3.83612715e-02 3.610914e+02
1.748834e+00 4.534879e+12 3.59361199e-02 4.077102e+02
1.748834e+00 5.722368e+12 3.32929306e-02 4.603477e+02
1.748834e+00 7.220809e+12 3.12949950e-02 5.268411e+02
1.748834e+00 9.111628e+12 2.82344106e-02 5.948590e+02
1.748834e+00 1.149757e+13 2.50727010e-02 6.716584e+02
1.748834e+00 1.450829e+13 2.18699273e-02 7.583729e+02
1.748834e+00 1.830738e+13 1.86934862e-02 8.562827e+02
1.748834e+00 2.310130e+13 1.56152271e-02 9.668332e+02
1.748834e+00 2.915053e+13 1.30550140e-02 1.106484e+03
1.748834e+00 3.678380e+13 1.03125171e-02 1.249337e+03
1.748834e+00 4.641589e+13 7.87415344e-03 1.410633e+03
1.748834e+00 5.857021e+13 5.78329049e-03 1.592753e+03
1.748834e+00 7.390722e+13 4.06265412e-03 1.798386e+03
1.748834e+00 9.326033e+13 2.71161189e-03 2.030566e+03
1.748834e+00 1.176812e+14 1.70630694e-03 2.292723e+03
1.748834e+00 1.484968e+14 1.03053622e-03 2.623888e+03
1.748834e+00 1.873817e+14 5.59961401e-04 2.962645e+03
1.748834e+00 2.364489e+14 2.77700677e-04 3.345138e+03
1.748834e+00 2.983647e+14 1.23833195e-04 3.777013e+03
1.748834e+00 3.764936e+14 4.87818145e-05 4.264644e+03
1.748834e+00 4.750810e+14 1.66228040e-05 4.815232e+03
1.748834e+00 5.994843e+14 4.77822870e-06 5.436903e+03
1.748834e+00 7.564633e+14 1.15522415e-06 6.222219e+03
1.748834e+00 9.545485e+14 2.14767238e-07 7.025540e+03
1.748834e+00 1.204504e+15 3.02056567e-08 7.932573e+03
1.748834e+00 1.519911e+15 3.04695867e-09 8.956708e+03
1.748834e+00 1.917910e+15 2.06670994e-10 1.011307e+04
1.748834e+00 2.420128e+15 8.74221825e-12 1.141871e+04
1.748834e+00 3.053856e+15 2.11287194e-13 1.289293e+04
1.748834e+00 3.853529e+15 2.69212191e-15 1.475521e+04
1.748834e+00 4.862602e+15 1.48780589e-17 1.666018e+04
1.748834e+00 6.135907e+15 3.03194362e-20 1.881109e+04
1.748834e+00 7.742637e+15 1.78149291e-23 2.123970e+04
1.748834e+00 9.770100e+15 2.22932949e-27 2.398186e+04
1.748834e+00 1.232847e+16 4.16461472e-32 2.707804e+04
1.748834e+00 1.555676e+16 7.74648142e-38 3.057395e+04
1.748834e+00 1.963041e+16 9.05254742e-45 3.452120e+04
1.748834e+00 2.477076e+16 3.99596421e-53 3.950751e+04
1.748834e+00 3.125716e+16 3.30420170e-63 4.460813e+04
1.748834e+00 3.944206e+16 2.33356697e-75 5.036727e+04
1.748834e+00 4.977024e+16 4.94183581e-90 5.686995e+04
1.748834e+00 6.280291e+16 8.00072129e-108 6.421215e+04
1.748834e+00 7.924829e+16 1.65094300e-129 7.250226e+04
1.748834e+00 1.000000e+17 4.15274859e-156 8.186268e+04
1.875237e+00 1.261857e+07 2.53228115e-03 1.839282e-01
1.875237e+00 1.592283e+07 2.82408627e-03 2.162524e-01
1.875237e+00 2.009233e+07 3.06586045e-03 2.508500e-01
1.875237e+00 2.535364e+07 3.32851824e-03 2.909827e-01
1.875237e+00 3.199267e+07 3.61385192e-03 3.375362e-01
1.875237e+00 4.037017e+07 3.81933969e-03 3.862905e-01
1.875237e+00 5.094138e+07 4.14704099e-03 4.480920e-01
1.875237e+00 6.428073e+07 4.50295315e-03 5.197809e-01
1.875237e+00 8.111308e+07 4.75928991e-03 5.948590e-01
1.875237e+00 1.023531e+08 5.16779053e-03 6.900288e-01
1.875237e+00 1.291550e+08 5.46188514e-03 7.896978e-01
1.875237e+00 1.629751e+08 5.77255146e-03 9.037633e-01
1.875237e+00 2.056512e+08 6.26747687e-03 1.048354e+00
1.875237e+00 2.595024e+08 6.62327208e-03 1.199780e+00
1.875237e+00 3.274549e+08 6.99871334e-03 1.373078e+00
1.875237e+00 4.132012e+08 7.39470588e-03 1.571408e+00
1.875237e+00 5.214008e+08 7.81216205e-03 1.798386e+00
1.875237e+00 6.579332e+08 8.47769147e-03 2.086104e+00
1.875237e+00 8.302176e+08 8.95346586e-03 2.387425e+00
1.875237e+00 1.047616e+09 9.20236756e-03 2.695653e+00
1.875237e+00 1.321941e+09 9.71463993e-03 3.085019e+00
1.875237e+00 1.668101e+09 1.02527173e-02 3.530625e+00
1.875237e+00 2.104904e+09 1.08173304e-02 4.040595e+00
1.875237e+00 2.656088e+09 1.14091214e-02 4.624226e+00
1.875237e+00 3.351603e+09 1.20286181e-02 5.292158e+00
1.875237e+00 4.229243e+09 1.26762037e-02 6.056568e+00
1.875237e+00 5.336699e+09 1.29966171e-02 6.838501e+00
1.875237e+00 6.734151e+09 1.36820350e-02 7.826267e+00
1.875237e+00 8.497534e+09 1.43947184e-02 8.956708e+00
1.875237e+00 1.072267e+10 1.47311880e-02 1.011307e+01
1.875237e+00 1.353048e+10 1.54759619e-02 1.157382e+01
1.875237e+00 1.707353e+10 1.62444979e-02 1.324556e+01
1.875237e+00 2.154435e+10 1.65814823e-02 1.495563e+01
1.875237e+00 2.718588e+10 1.73700282e-02 1.711585e+01
1.875237e+00 3.430469e+10 1.76908941e-02 1.932559e+01
1.875237e+00 4.328761e+10 1.84864256e-02 2.211702e+01
1.875237e+00 5.462277e+10 1.87763405e-02 2.497244e+01
1.875237e+00 6.892612e+10 1.95611030e-02 2.857950e+01
1.875237e+00 8.697490e+10 1.98010138e-02 3.226926e+01
1.875237e+00 1.097499e+11 2.05516845e-02 3.693030e+01
1.875237e+00 1.384886e+11 2.07177993e-02 4.169819e+01
1.875237e+00 1.747528e+11 2.08349463e-02 4.708164e+01
1.875237e+00 2.205131e+11 2.14683568e-02 5.388220e+01
1.875237e+00 2.782559e+11 2.14683653e-02 6.083867e+01
1.875237e+00 3.511192e+11 2.19831375e-02 6.962632e+01
1.875237e+00 4.430621e+11 2.18311459e-02 7.861543e+01
1.875237e+00 5.590810e+11 2.15925125e-02 8.876509e+01
1.875237e+00 7.054802e+11 2.18420107e-02 1.015865e+02
1.875237e+00 8.902151e+11 2.13987393e-02 1.147018e+02
1.875237e+00 1.123324e+12 2.08479293e-02 1.295104e+02
1.875237e+00 1.417474e+12 2.07376534e-02 1.482171e+02
1.875237e+00 1.788650e+12 1.99402362e-02 1.673527e+02
1.875237e+00 2.257020e+12 1.90258422e-02 1.889588e+02
1.875237e+00 2.848036e+12 1.79972198e-02 2.133544e+02
1.875237e+00 3.593814e+12 1.73215563e-02 2.441717e+02
1.875237e+00 4.534879e+12 1.60525709e-02 2.756955e+02
1.875237e+00 5.722368e+12 1.46967861e-02 3.112892e+02
1.875237e+00 7.220809e+12 1.36359340e-02 3.562524e+02
1.875237e+00 9.111628e+12 1.21268729e-02 4.022464e+02
1.875237e+00 1.149757e+13 1.05993856e-02 4.541785e+02
1.875237e+00 1.450829e+13 9.08457292e-03 5.128153e+02
1.875237e+00 1.830738e+13 7.61552929e-03 5.790223e+02
1.875237e+00 2.310130e+13 6.39583880e-03 6.626574e+02
1.875237e+00 2.915053e+13 5.08128254e-03 7.482099e+02
1.875237e+00 3.678380e+13 3.90776955e-03 8.448076e+02
1.875237e+00 4.641589e+13 2.89584034e-03 9.538766e+02
1.875237e+00 5.857021e+13 2.05683575e-03 1.077027e+03
1.875237e+00 7.390722e+13 1.42965924e-03 1.232595e+03
1.875237e+00 9.326033e+13 9.14737030e-04 1.391729e+03
1.875237e+00 1.176812e+14 5.48827873e-04 1.571408e+03
1.875237e+00 1.484968e+14 3.05733815e-04 1.774285e+03
1.875237e+00 1.873817e+14 1.56297238e-04 2.003355e+03
1.875237e+00 2.364489e+14 7.43025896e-05 2.292723e+03
1.875237e+00 2.983647e+14 3.06197106e-05 2.588725e+03
1.875237e+00 3.764936e+14 1.10228396e-05 2.922943e+03
1.875237e+00 4.750810e+14 3.38788359e-06 3.300310e+03
1.875237e+00 5.994843e+14 8.65014365e-07 3.726396e+03
1.875237e+00 7.564633e+14 1.77590614e-07 4.207493e+03
1.875237e+00 9.545485e+14 2.89700911e-08 4.815232e+03
1.875237e+00 1.204504e+15 3.39374813e-09 5.436903e+03
1.875237e+00 1.519911e+15 2.76757321e-10 6.138835e+03
1.875237e+00 1.917910e+15 1.46457235e-11 6.931390e+03
1.875237e+00 2.420128e+15 4.63364227e-13 7.826267e+03
1.875237e+00 3.053856e+15 7.96734803e-15 8.836679e+03
1.875237e+00 3.853529e+15 6.62213239e-17 9.977539e+03
1.875237e+00 4.862602e+15 2.34333003e-19 1.141871e+04
1.875237e+00 6.135907e+15 2.72127019e-22 1.289293e+04
1.875237e+00 7.742637e+15 8.15057092e-26 1.455747e+04
1.875237e+00 9.770100e+15 4.52759182e-30 1.643692e+04
1.875237e+00 1.232847e+16 3.16827104e-35 1.855900e+04
1.875237e+00 1.555676e+16 1.79699904e-41 2.095507e+04
1.875237e+00 1.963041e+16 5.00291139e-49 2.366047e+04
1.875237e+00 2.477076e+16 3.81397127e-58 2.671516e+04
1.875237e+00 3.125716e+16 4.04028711e-69 3.057395e+04
1.875237e+00 3.944206e+16 2.32544383e-82 3.452120e+04
1.875237e+00 4.977024e+16 2.38845506e-98 3.897807e+04
1.875237e+00 6.280291e+16 9.87753057e-118 4.401034e+04
1.875237e+00 7.924829e+16 2.33659380e-141 4.969230e+04
1.875237e+00 1.000000e+17 2.45202035e-170 5.610783e+04
