# zs=0.5000 kappathrH=3.79403701e-05
1.072278e-02 1.261857e+07 4.20781317e-05 6.450157e-01
1.072278e-02 1.592283e+07 4.45657307e-05 7.381830e-01
1.072278e-02 2.009233e+07 4.59531285e-05 8.334862e-01
1.072278e-02 2.535364e+07 4.73934272e-05 9.410936e-01
1.072278e-02 3.199267e+07 4.88889682e-05 1.062594e+00
1.072278e-02 4.037017e+07 5.18218406e-05 1.216077e+00
1.072278e-02 5.094138e+07 5.34794844e-05 1.373078e+00
1.072278e-02 6.428073e+07 5.52018221e-05 1.550350e+00
1.072278e-02 8.111308e+07 5.69917613e-05 1.750508e+00
1.072278e-02 1.023531e+08 6.04620057e-05 2.003355e+00
1.072278e-02 1.291550e+08 6.24493436e-05 2.261998e+00
1.072278e-02 1.629751e+08 6.45159851e-05 2.554033e+00
1.072278e-02 2.056512e+08 6.66655339e-05 2.883772e+00
1.072278e-02 2.595024e+08 7.07862853e-05 3.300310e+00
1.072278e-02 3.274549e+08 7.31768045e-05 3.726396e+00
1.072278e-02 4.132012e+08 7.56646985e-05 4.207493e+00
1.072278e-02 5.214008e+08 7.82544201e-05 4.750702e+00
1.072278e-02 6.579332e+08 8.31646806e-05 5.436903e+00
1.072278e-02 8.302176e+08 8.60490058e-05 6.138835e+00
1.072278e-02 1.047616e+09 8.90529232e-05 6.931390e+00
1.072278e-02 1.321941e+09 9.21818599e-05 7.826267e+00
1.072278e-02 1.668101e+09 9.80518689e-05 8.956708e+00
1.072278e-02 2.104904e+09 1.01540914e-04 1.011307e+01
1.072278e-02 2.656088e+09 1.05176505e-04 1.141871e+01
1.072278e-02 3.351603e+09 1.08965133e-04 1.289293e+01
1.072278e-02 4.229243e+09 1.16001770e-04 1.475521e+01
1.072278e-02 5.336699e+09 1.20229342e-04 1.666018e+01
1.072278e-02 6.734151e+09 1.24635428e-04 1.881109e+01
1.072278e-02 8.497534e+09 1.29227509e-04 2.123970e+01
1.072278e-02 1.072267e+10 1.34013222e-04 2.398186e+01
1.072278e-02 1.353048e+10 1.42802077e-04 2.744584e+01
1.072278e-02 1.707353e+10 1.48140500e-04 3.098924e+01
1.072278e-02 2.154435e+10 1.53701918e-04 3.499011e+01
1.072278e-02 2.718588e+10 1.59494354e-04 3.950751e+01
1.072278e-02 3.430469e+10 1.70052950e-04 4.521405e+01
1.072278e-02 4.328761e+10 1.76502582e-04 5.105142e+01
1.072278e-02 5.462277e+10 1.83213044e-04 5.764242e+01
1.072278e-02 6.892612e+10 1.90191352e-04 6.508435e+01
1.072278e-02 8.697490e+10 2.02844070e-04 7.448526e+01
1.072278e-02 1.097499e+11 2.10582120e-04 8.410168e+01
1.072278e-02 1.384886e+11 2.18611773e-04 9.495964e+01
1.072278e-02 1.747528e+11 2.26935878e-04 1.072194e+02
1.072278e-02 2.205131e+11 2.41998058e-04 1.227064e+02
1.072278e-02 2.782559e+11 2.51155554e-04 1.385484e+02
1.072278e-02 3.511192e+11 2.60610994e-04 1.564357e+02
1.072278e-02 4.430621e+11 2.70356630e-04 1.766324e+02
1.072278e-02 5.590810e+11 2.80380490e-04 1.994365e+02
1.072278e-02 7.054802e+11 2.98615469e-04 2.282435e+02
1.072278e-02 8.902151e+11 3.09426473e-04 2.577109e+02
1.072278e-02 1.123324e+12 3.20451093e-04 2.909827e+02
1.072278e-02 1.417474e+12 3.31649637e-04 3.285501e+02
1.072278e-02 1.788650e+12 3.52352803e-04 3.760065e+02
1.072278e-02 2.257020e+12 3.64049143e-04 4.245508e+02
1.072278e-02 2.848036e+12 3.75731950e-04 4.793625e+02
1.072278e-02 3.593814e+12 3.97900457e-04 5.486025e+02
1.072278e-02 4.534879e+12 4.09566291e-04 6.194299e+02
1.072278e-02 5.722368e+12 4.20868427e-04 6.994015e+02
1.072278e-02 7.220809e+12 4.31644705e-04 7.896978e+02
1.072278e-02 9.111628e+12 4.53786642e-04 9.037633e+02
1.072278e-02 1.149757e+13 4.63162532e-04 1.020444e+03
1.072278e-02 1.450829e+13 4.71319956e-04 1.152188e+03
1.072278e-02 1.830738e+13 4.77966355e-04 1.300942e+03
1.072278e-02 2.310130e+13 4.95978946e-04 1.488852e+03
1.072278e-02 2.915053e+13 4.98660842e-04 1.681071e+03
1.072278e-02 3.678380e+13 4.98686193e-04 1.898105e+03
1.072278e-02 4.641589e+13 5.09191958e-04 2.172271e+03
1.072278e-02 5.857021e+13 5.02461000e-04 2.452723e+03
1.072278e-02 7.390722e+13 4.91708856e-04 2.769382e+03
1.072278e-02 9.326033e+13 4.89587976e-04 3.169396e+03
1.072278e-02 1.176812e+14 4.69185092e-04 3.578582e+03
1.072278e-02 1.484968e+14 4.43768659e-04 4.040595e+03
1.072278e-02 1.873817e+14 4.24649951e-04 4.624226e+03
1.072278e-02 2.364489e+14 3.88508306e-04 5.221237e+03
1.072278e-02 2.983647e+14 3.48052140e-04 5.895326e+03
1.072278e-02 3.764936e+14 3.12533665e-04 6.746858e+03
1.072278e-02 4.750810e+14 2.65358707e-04 7.617912e+03
1.072278e-02 5.994843e+14 2.17719289e-04 8.601423e+03
1.072278e-02 7.564633e+14 1.76234434e-04 9.843829e+03
1.072278e-02 9.545485e+14 1.32377086e-04 1.111472e+04
1.072278e-02 1.204504e+15 9.39706106e-05 1.254968e+04
1.072278e-02 1.519911e+15 6.40513444e-05 1.436238e+04
1.072278e-02 1.917910e+15 3.91652304e-05 1.621664e+04
1.072278e-02 2.420128e+15 2.17130732e-05 1.831029e+04
1.072278e-02 3.053856e+15 1.10114675e-05 2.095507e+04
1.072278e-02 3.853529e+15 4.73887022e-06 2.366047e+04
1.072278e-02 4.862602e+15 1.77674157e-06 2.707804e+04
1.072278e-02 6.135907e+15 5.29080514e-07 3.057395e+04
1.072278e-02 7.742637e+15 1.22055997e-07 3.452120e+04
1.072278e-02 9.770100e+15 2.10008180e-08 3.950751e+04
1.072278e-02 1.232847e+16 2.36602518e-09 4.460813e+04
1.072278e-02 1.555676e+16 1.69048973e-10 5.105142e+04
1.072278e-02 1.963041e+16 6.58996373e-12 5.764242e+04
1.072278e-02 2.477076e+16 1.28858534e-13 6.508435e+04
1.072278e-02 3.125716e+16 1.13611238e-15 7.448526e+04
1.072278e-02 3.944206e+16 3.61903628e-18 8.410168e+04
1.072278e-02 4.977024e+16 3.54048263e-21 9.624949e+04
1.072278e-02 6.280291e+16 7.59118469e-25 1.086758e+05
1.072278e-02 7.924829e+16 2.59468237e-29 1.243731e+05
1.072278e-02 1.000000e+17 8.21908302e-35 1.404303e+05
1.149780e-02 1.261857e+07 4.89909648e-05 6.716584e-01
1.149780e-02 1.592283e+07 5.18872320e-05 7.686740e-01
1.149780e-02 2.009233e+07 5.35025491e-05 8.679137e-01
1.149780e-02 2.535364e+07 5.51794559e-05 9.799658e-01
1.149780e-02 3.199267e+07 5.69206784e-05 1.106484e+00
1.149780e-02 4.037017e+07 6.03353610e-05 1.266307e+00
1.149780e-02 5.094138e+07 6.22653117e-05 1.429794e+00
1.149780e-02 6.428073e+07 6.42705813e-05 1.614388e+00
1.149780e-02 8.111308e+07 6.63545548e-05 1.822813e+00
1.149780e-02 1.023531e+08 7.03948748e-05 2.086104e+00
1.149780e-02 1.291550e+08 7.27086670e-05 2.355431e+00
1.149780e-02 1.629751e+08 7.51147859e-05 2.659529e+00
1.149780e-02 2.056512e+08 7.76174266e-05 3.002888e+00
1.149780e-02 2.595024e+08 8.24150938e-05 3.436630e+00
1.149780e-02 3.274549e+08 8.51982769e-05 3.880317e+00
1.149780e-02 4.132012e+08 8.80948232e-05 4.381286e+00
1.149780e-02 5.214008e+08 9.11099162e-05 4.946932e+00
1.149780e-02 6.579332e+08 9.42489679e-05 5.585606e+00
1.149780e-02 8.302176e+08 1.00184819e-04 6.392402e+00
1.149780e-02 1.047616e+09 1.03682113e-04 7.217694e+00
1.149780e-02 1.321941e+09 1.07324949e-04 8.149535e+00
1.149780e-02 1.668101e+09 1.11119910e-04 9.201681e+00
1.149780e-02 2.104904e+09 1.18221186e-04 1.053079e+01
1.149780e-02 2.656088e+09 1.22453846e-04 1.189037e+01
1.149780e-02 3.351603e+09 1.26864656e-04 1.342548e+01
1.149780e-02 4.229243e+09 1.31461418e-04 1.515877e+01
1.149780e-02 5.336699e+09 1.39978784e-04 1.734834e+01
1.149780e-02 6.734151e+09 1.45108381e-04 1.958809e+01
1.149780e-02 8.497534e+09 1.50454487e-04 2.211702e+01
1.149780e-02 1.072267e+10 1.56025983e-04 2.497244e+01
1.149780e-02 1.353048e+10 1.61831885e-04 2.819651e+01
1.149780e-02 1.707353e+10 1.72472987e-04 3.226926e+01
1.149780e-02 2.154435e+10 1.78947419e-04 3.643539e+01
1.149780e-02 2.718588e+10 1.85690739e-04 4.113939e+01
1.149780e-02 3.430469e+10 1.92712120e-04 4.645069e+01
1.149780e-02 4.328761e+10 2.05491205e-04 5.316012e+01
1.149780e-02 5.462277e+10 2.13303023e-04 6.002336e+01
1.149780e-02 6.892612e+10 2.21426553e-04 6.777268e+01
1.149780e-02 8.697490e+10 2.29869139e-04 7.652248e+01
1.149780e-02 1.097499e+11 2.38637043e-04 8.640193e+01
1.149780e-02 1.384886e+11 2.54510967e-04 9.888199e+01
1.149780e-02 1.747528e+11 2.64200581e-04 1.116482e+02
1.149780e-02 2.205131e+11 2.74233927e-04 1.260625e+02
1.149780e-02 2.782559e+11 2.84609444e-04 1.423378e+02
1.149780e-02 3.511192e+11 3.03399577e-04 1.628974e+02
1.149780e-02 4.430621e+11 3.14742912e-04 1.839282e+02
1.149780e-02 5.590810e+11 3.26409747e-04 2.076743e+02
1.149780e-02 7.054802e+11 3.38380198e-04 2.344861e+02
1.149780e-02 8.902151e+11 3.60217286e-04 2.683558e+02
1.149780e-02 1.123324e+12 3.73047495e-04 3.030019e+02
1.149780e-02 1.417474e+12 3.86079494e-04 3.421210e+02
1.149780e-02 1.788650e+12 3.99255154e-04 3.862905e+02
1.149780e-02 2.257020e+12 4.23784776e-04 4.420871e+02
1.149780e-02 2.848036e+12 4.37377702e-04 4.991628e+02
1.149780e-02 3.593814e+12 4.50844409e-04 5.636072e+02
1.149780e-02 4.534879e+12 4.64053636e-04 6.363718e+02
1.149780e-02 5.722368e+12 4.89891544e-04 7.282906e+02
1.149780e-02 7.220809e+12 5.02423482e-04 8.223166e+02
1.149780e-02 9.111628e+12 5.14120964e-04 9.284819e+02
1.149780e-02 1.149757e+13 5.39080243e-04 1.062594e+03
1.149780e-02 1.450829e+13 5.48557439e-04 1.199780e+03
1.149780e-02 1.830738e+13 5.56273490e-04 1.354678e+03
1.149780e-02 2.310130e+13 5.61847633e-04 1.529573e+03
1.149780e-02 2.915053e+13 5.80310461e-04 1.750508e+03
1.149780e-02 3.678380e+13 5.80311695e-04 1.976507e+03
1.149780e-02 4.641589e+13 5.76730713e-04 2.231685e+03
1.149780e-02 5.857021e+13 5.84636708e-04 2.554033e+03
1.149780e-02 7.390722e+13 5.72086739e-04 2.883772e+03
1.149780e-02 9.326033e+13 5.54411447e-04 3.256082e+03
1.149780e-02 1.176812e+14 5.31260647e-04 3.676459e+03
1.149780e-02 1.484968e+14 5.16173622e-04 4.207493e+03
1.149780e-02 1.873817e+14 4.80731642e-04 4.750702e+03
1.149780e-02 2.364489e+14 4.39760720e-04 5.364042e+03
1.149780e-02 2.983647e+14 4.04683869e-04 6.138835e+03
1.149780e-02 3.764936e+14 3.53652945e-04 6.931390e+03
1.149780e-02 4.750810e+14 3.00213944e-04 7.826267e+03
1.149780e-02 5.994843e+14 2.52998416e-04 8.956708e+03
1.149780e-02 7.564633e+14 1.99288833e-04 1.011307e+04
1.149780e-02 9.545485e+14 1.49650402e-04 1.141871e+04
1.149780e-02 1.204504e+15 1.09100918e-04 1.306805e+04
1.149780e-02 1.519911e+15 7.23559412e-05 1.475521e+04
1.149780e-02 1.917910e+15 4.54323191e-05 1.688648e+04
1.149780e-02 2.420128e+15 2.51739191e-05 1.906661e+04
1.149780e-02 3.053856e+15 1.24188318e-05 2.152820e+04
1.149780e-02 3.853529e+15 5.48662672e-06 2.463778e+04
1.149780e-02 4.862602e+15 2.00056925e-06 2.781864e+04
1.149780e-02 6.135907e+15 5.95108230e-07 3.141017e+04
1.149780e-02 7.742637e+15 1.40866123e-07 3.594712e+04
1.149780e-02 9.770100e+15 2.35563111e-08 4.058807e+04
1.149780e-02 1.232847e+16 2.72153499e-09 4.645069e+04
1.149780e-02 1.555676e+16 1.88854035e-10 5.244771e+04
1.149780e-02 1.963041e+16 7.54316013e-12 6.002336e+04
1.149780e-02 2.477076e+16 1.47022015e-13 6.777268e+04
1.149780e-02 3.125716e+16 1.25685359e-15 7.652248e+04
1.149780e-02 3.944206e+16 4.09395597e-18 8.757554e+04
1.149780e-02 4.977024e+16 3.87651294e-21 9.888199e+04
1.149780e-02 6.280291e+16 8.48075519e-25 1.131647e+05
1.149780e-02 7.924829e+16 2.79813249e-29 1.277748e+05
1.149780e-02 1.000000e+17 9.01331399e-35 1.462309e+05
1.232884e-02 1.261857e+07 5.70450439e-05 6.994015e-01
1.232884e-02 1.592283e+07 6.04174445e-05 8.004244e-01
1.232884e-02 2.009233e+07 6.22983056e-05 9.037633e-01
1.232884e-02 2.535364e+07 6.42508794e-05 1.020444e+00
1.232884e-02 3.199267e+07 6.62783396e-05 1.152188e+00
1.232884e-02 4.037017e+07 7.02543702e-05 1.318612e+00
1.232884e-02 5.094138e+07 7.25015781e-05 1.488852e+00
1.232884e-02 6.428073e+07 7.48364832e-05 1.681071e+00
1.232884e-02 8.111308e+07 7.72630265e-05 1.898105e+00
1.232884e-02 1.023531e+08 7.97853373e-05 2.143160e+00
1.232884e-02 1.291550e+08 8.46616595e-05 2.452723e+00
1.232884e-02 1.629751e+08 8.74632899e-05 2.769382e+00
1.232884e-02 2.056512e+08 9.03773028e-05 3.126923e+00
1.232884e-02 2.595024e+08 9.34088193e-05 3.530625e+00
1.232884e-02 3.274549e+08 9.92042784e-05 4.040595e+00
1.232884e-02 4.132012e+08 1.02576924e-04 4.562256e+00
1.232884e-02 5.214008e+08 1.06087592e-04 5.151267e+00
1.232884e-02 6.579332e+08 1.09742584e-04 5.816322e+00
1.232884e-02 8.302176e+08 1.16654125e-04 6.656443e+00
1.232884e-02 1.047616e+09 1.20726217e-04 7.515823e+00
1.232884e-02 1.321941e+09 1.24967758e-04 8.486155e+00
1.232884e-02 1.668101e+09 1.29386409e-04 9.581761e+00
1.232884e-02 2.104904e+09 1.33990126e-04 1.081881e+01
1.232884e-02 2.656088e+09 1.42583105e-04 1.238151e+01
1.232884e-02 3.351603e+09 1.47718757e-04 1.398002e+01
1.232884e-02 4.229243e+09 1.53070893e-04 1.578491e+01
1.232884e-02 5.336699e+09 1.58648883e-04 1.782283e+01
1.232884e-02 6.734151e+09 1.68960519e-04 2.039719e+01
1.232884e-02 8.497534e+09 1.75185033e-04 2.303057e+01
1.232884e-02 1.072267e+10 1.81671931e-04 2.600393e+01
1.232884e-02 1.353048e+10 1.88431699e-04 2.936118e+01
1.232884e-02 1.707353e+10 1.95474940e-04 3.315185e+01
1.232884e-02 2.154435e+10 2.08359345e-04 3.794037e+01
1.232884e-02 2.718588e+10 2.16210349e-04 4.283867e+01
1.232884e-02 3.430469e+10 2.24385012e-04 4.836936e+01
1.232884e-02 4.328761e+10 2.32893712e-04 5.461409e+01
1.232884e-02 5.462277e+10 2.48358264e-04 6.250265e+01
1.232884e-02 6.892612e+10 2.57815779e-04 7.057206e+01
1.232884e-02 8.697490e+10 2.67644608e-04 7.968328e+01
1.232884e-02 1.097499e+11 2.77852017e-04 8.997080e+01
1.232884e-02 1.384886e+11 2.88443746e-04 1.015865e+02
1.232884e-02 1.747528e+11 3.07612956e-04 1.162598e+02
1.232884e-02 2.205131e+11 3.19292924e-04 1.312696e+02
1.232884e-02 2.782559e+11 3.31370949e-04 1.482171e+02
1.232884e-02 3.511192e+11 3.43841341e-04 1.673527e+02
1.232884e-02 4.430621e+11 3.66449625e-04 1.915255e+02
1.232884e-02 5.590810e+11 3.80029727e-04 2.162524e+02
1.232884e-02 7.054802e+11 3.93962753e-04 2.441717e+02
1.232884e-02 8.902151e+11 4.08217295e-04 2.756955e+02
1.232884e-02 1.123324e+12 4.34314841e-04 3.155175e+02
1.232884e-02 1.417474e+12 4.49481413e-04 3.562524e+02
1.232884e-02 1.788650e+12 4.64814276e-04 4.022464e+02
1.232884e-02 2.257020e+12 4.80229527e-04 4.541785e+02
1.232884e-02 2.848036e+12 5.09180270e-04 5.197809e+02
1.232884e-02 3.593814e+12 5.24848009e-04 5.868873e+02
1.232884e-02 4.534879e+12 5.40214406e-04 6.626574e+02
1.232884e-02 5.722368e+12 5.55097633e-04 7.482099e+02
1.232884e-02 7.220809e+12 5.84853760e-04 8.562827e+02
1.232884e-02 9.111628e+12 5.98453891e-04 9.668332e+02
1.232884e-02 1.149757e+13 6.10782773e-04 1.091656e+03
1.232884e-02 1.450829e+13 6.21499452e-04 1.232595e+03
1.232884e-02 1.830738e+13 6.47454704e-04 1.410633e+03
1.232884e-02 2.310130e+13 6.53915095e-04 1.592753e+03
1.232884e-02 2.915053e+13 6.57391577e-04 1.798386e+03
1.232884e-02 3.678380e+13 6.75337865e-04 2.058148e+03
1.232884e-02 4.641589e+13 6.71131206e-04 2.323865e+03
1.232884e-02 5.857021e+13 6.62175581e-04 2.623888e+03
1.232884e-02 7.390722e+13 6.47913302e-04 2.962645e+03
1.232884e-02 9.326033e+13 6.45015019e-04 3.390576e+03
1.232884e-02 1.176812e+14 6.18022791e-04 3.828316e+03
1.232884e-02 1.484968e+14 5.84423580e-04 4.322572e+03
1.232884e-02 1.873817e+14 5.59114811e-04 4.946932e+03
1.232884e-02 2.364489e+14 5.11393429e-04 5.585606e+03
1.232884e-02 2.983647e+14 4.58002568e-04 6.306737e+03
1.232884e-02 3.764936e+14 4.11121674e-04 7.217694e+03
1.232884e-02 4.750810e+14 3.48927264e-04 8.149535e+03
1.232884e-02 5.994843e+14 2.86154594e-04 9.201681e+03
1.232884e-02 7.564633e+14 2.31508323e-04 1.053079e+04
1.232884e-02 9.545485e+14 1.73790116e-04 1.189037e+04
1.232884e-02 1.204504e+15 1.23281682e-04 1.342548e+04
1.232884e-02 1.519911e+15 8.39612371e-05 1.536468e+04
1.232884e-02 1.917910e+15 5.12903415e-05 1.734834e+04
1.232884e-02 2.420128e+15 2.91802057e-05 1.985416e+04
1.232884e-02 3.053856e+15 1.43854287e-05 2.241744e+04
1.232884e-02 3.853529e+15 6.18132055e-06 2.531164e+04
1.232884e-02 4.862602e+15 2.31332996e-06 2.896770e+04
1.232884e-02 6.135907e+15 6.87371297e-07 3.270758e+04
1.232884e-02 7.742637e+15 1.58160378e-07 3.693030e+04
1.232884e-02 9.770100e+15 2.71275930e-08 4.226458e+04
1.232884e-02 1.232847e+16 3.04470694e-09 4.772115e+04
1.232884e-02 1.555676e+16 2.16542864e-10 5.461409e+04
1.232884e-02 1.963041e+16 8.39469018e-12 6.166505e+04
1.232884e-02 2.477076e+16 1.67512983e-13 7.057206e+04
1.232884e-02 3.125716e+16 1.42606685e-15 7.968328e+04
1.232884e-02 3.944206e+16 4.49881882e-18 8.997080e+04
1.232884e-02 4.977024e+16 4.34993258e-21 1.029663e+05
1.232884e-02 6.280291e+16 9.19530751e-25 1.162598e+05
1.232884e-02 7.924829e+16 3.08909068e-29 1.330526e+05
1.232884e-02 1.000000e+17 9.57988545e-35 1.502304e+05
1.321995e-02 1.261857e+07 6.64301432e-05 7.282906e-01
1.321995e-02 1.592283e+07 6.84842633e-05 8.223166e-01
1.321995e-02 2.009233e+07 7.25476464e-05 9.410936e-01
1.321995e-02 2.535364e+07 7.48214401e-05 1.062594e+00
1.321995e-02 3.199267e+07 7.71824371e-05 1.199780e+00
1.321995e-02 4.037017e+07 7.96345134e-05 1.354678e+00
1.321995e-02 5.094138e+07 8.44294673e-05 1.550350e+00
1.321995e-02 6.428073e+07 8.71484763e-05 1.750508e+00
1.321995e-02 8.111308e+07 8.99741941e-05 1.976507e+00
1.321995e-02 1.023531e+08 9.29114288e-05 2.231685e+00
1.321995e-02 1.291550e+08 9.85899429e-05 2.554033e+00
1.321995e-02 1.629751e+08 1.01852434e-04 2.883772e+00
1.321995e-02 2.056512e+08 1.05245788e-04 3.256082e+00
1.321995e-02 2.595024e+08 1.08775966e-04 3.676459e+00
1.321995e-02 3.274549e+08 1.12449211e-04 4.151108e+00
1.321995e-02 4.132012e+08 1.19452185e-04 4.750702e+00
1.321995e-02 5.214008e+08 1.23540302e-04 5.364042e+00
1.321995e-02 6.579332e+08 1.27796470e-04 6.056568e+00
1.321995e-02 8.302176e+08 1.32228356e-04 6.838501e+00
1.321995e-02 1.047616e+09 1.40586745e-04 7.826267e+00
1.321995e-02 1.321941e+09 1.45525889e-04 8.836679e+00
1.321995e-02 1.668101e+09 1.50671254e-04 9.977539e+00
1.321995e-02 2.104904e+09 1.56032098e-04 1.126569e+01
1.321995e-02 2.656088e+09 1.61618040e-04 1.272015e+01
1.321995e-02 3.351603e+09 1.72018625e-04 1.455747e+01
1.321995e-02 4.229243e+09 1.78250885e-04 1.643692e+01
1.321995e-02 5.336699e+09 1.84746105e-04 1.855900e+01
1.321995e-02 6.734151e+09 1.91515481e-04 2.095507e+01
1.321995e-02 8.497534e+09 1.98570488e-04 2.366047e+01
1.321995e-02 1.072267e+10 2.11554984e-04 2.707804e+01
1.321995e-02 1.353048e+10 2.19426101e-04 3.057395e+01
1.321995e-02 1.707353e+10 2.27627229e-04 3.452120e+01
1.321995e-02 2.154435e+10 2.36170722e-04 3.897807e+01
1.321995e-02 2.718588e+10 2.51771689e-04 4.460813e+01
1.321995e-02 3.430469e+10 2.61289967e-04 5.036727e+01
1.321995e-02 4.328761e+10 2.71197075e-04 5.686995e+01
1.321995e-02 5.462277e+10 2.81504481e-04 6.421215e+01
1.321995e-02 6.892612e+10 2.92222900e-04 7.250226e+01
1.321995e-02 8.697490e+10 3.11659156e-04 8.297463e+01
1.321995e-02 1.097499e+11 3.23543481e-04 9.368708e+01
1.321995e-02 1.384886e+11 3.35875044e-04 1.057826e+02
1.321995e-02 1.747528e+11 3.48658113e-04 1.194396e+02
1.321995e-02 2.205131e+11 3.71792181e-04 1.366917e+02
1.321995e-02 2.782559e+11 3.85853268e-04 1.543393e+02
1.321995e-02 3.511192e+11 4.00370757e-04 1.742653e+02
1.321995e-02 4.430621e+11 4.15332561e-04 1.967639e+02
1.321995e-02 5.590810e+11 4.30720073e-04 2.221671e+02
1.321995e-02 7.054802e+11 4.58719197e-04 2.542573e+02
1.321995e-02 8.902151e+11 4.75311355e-04 2.870832e+02
1.321995e-02 1.123324e+12 4.92229092e-04 3.241471e+02
1.321995e-02 1.417474e+12 5.09411092e-04 3.659962e+02
1.321995e-02 1.788650e+12 5.41188234e-04 4.188614e+02
1.321995e-02 2.257020e+12 5.59127159e-04 4.729385e+02
1.321995e-02 2.848036e+12 5.77041009e-04 5.339973e+02
1.321995e-02 3.593814e+12 5.94785001e-04 6.029391e+02
1.321995e-02 4.534879e+12 6.28929302e-04 6.900288e+02
1.321995e-02 5.722368e+12 6.46241021e-04 7.791150e+02
1.321995e-02 7.220809e+12 6.62738288e-04 8.797027e+02
1.321995e-02 9.111628e+12 6.78129463e-04 9.932768e+02
1.321995e-02 1.149757e+13 7.11005900e-04 1.136748e+03
1.321995e-02 1.450829e+13 7.23454745e-04 1.283508e+03
1.321995e-02 1.830738e+13 7.33573598e-04 1.449215e+03
1.321995e-02 2.310130e+13 7.61123017e-04 1.658542e+03
1.321995e-02 2.915053e+13 7.65131023e-04 1.872669e+03
1.321995e-02 3.678380e+13 7.65049699e-04 2.114440e+03
1.321995e-02 4.641589e+13 7.60236448e-04 2.387425e+03
1.321995e-02 5.857021e+13 7.70553052e-04 2.732269e+03
1.321995e-02 7.390722e+13 7.53896726e-04 3.085019e+03
1.321995e-02 9.326033e+13 7.30478192e-04 3.483310e+03
1.321995e-02 1.176812e+14 7.18980109e-04 3.986446e+03
1.321995e-02 1.484968e+14 6.79814695e-04 4.501117e+03
1.321995e-02 1.873817e+14 6.32978312e-04 5.082234e+03
1.321995e-02 2.364489e+14 5.94699763e-04 5.816322e+03
1.321995e-02 2.983647e+14 5.32522058e-04 6.567239e+03
1.321995e-02 3.764936e+14 4.65198094e-04 7.415103e+03
1.321995e-02 4.750810e+14 4.05532452e-04 8.486155e+03
1.321995e-02 5.994843e+14 3.32492253e-04 9.581761e+03
1.321995e-02 7.564633e+14 2.61759207e-04 1.081881e+04
1.321995e-02 9.545485e+14 2.01805356e-04 1.238151e+04
1.321995e-02 1.204504e+15 1.43098882e-04 1.398002e+04
1.321995e-02 1.519911e+15 9.48200014e-05 1.578491e+04
1.321995e-02 1.917910e+15 5.94763697e-05 1.806492e+04
1.321995e-02 2.420128e+15 3.29160737e-05 2.039719e+04
1.321995e-02 3.053856e+15 1.62153122e-05 2.303057e+04
1.321995e-02 3.853529e+15 7.15203313e-06 2.635715e+04
1.321995e-02 4.862602e+15 2.60271306e-06 2.975999e+04
1.321995e-02 6.135907e+15 7.93550161e-07 3.405858e+04
1.321995e-02 7.742637e+15 1.82327464e-07 3.845572e+04
1.321995e-02 9.770100e+15 3.03870901e-08 4.342055e+04
1.321995e-02 1.232847e+16 3.49643691e-09 4.969230e+04
1.321995e-02 1.555676e+16 2.41433038e-10 5.610783e+04
1.321995e-02 1.963041e+16 9.58599134e-12 6.421215e+04
1.321995e-02 2.477076e+16 1.85501547e-13 7.250226e+04
1.321995e-02 3.125716e+16 1.57215343e-15 8.186268e+04
1.321995e-02 3.944206e+16 5.06793301e-18 9.368708e+04
1.321995e-02 4.977024e+16 4.73881566e-21 1.057826e+05
1.321995e-02 6.280291e+16 1.02104985e-24 1.210620e+05
1.321995e-02 7.924829e+16 3.30688203e-29 1.366917e+05
1.321995e-02 1.000000e+17 1.04123519e-34 1.564357e+05
1.417546e-02 1.261857e+07 7.73679275e-05 7.583729e-01
1.417546e-02 1.592283e+07 7.97602439e-05 8.562827e-01
1.417546e-02 2.009233e+07 8.44926460e-05 9.799658e-01
1.417546e-02 2.535364e+07 8.71407979e-05 1.106484e+00
1.417546e-02 3.199267e+07 8.98905069e-05 1.249337e+00
1.417546e-02 4.037017e+07 9.27462866e-05 1.410633e+00
1.417546e-02 5.094138e+07 9.83306912e-05 1.614388e+00
1.417546e-02 6.428073e+07 1.01497341e-04 1.822813e+00
1.417546e-02 8.111308e+07 1.04788263e-04 2.058148e+00
1.417546e-02 1.023531e+08 1.08209055e-04 2.323865e+00
1.417546e-02 1.291550e+08 1.11765586e-04 2.623888e+00
1.417546e-02 1.629751e+08 1.18622042e-04 3.002888e+00
1.417546e-02 2.056512e+08 1.22574020e-04 3.390576e+00
1.417546e-02 2.595024e+08 1.26685338e-04 3.828316e+00
1.417546e-02 3.274549e+08 1.30963264e-04 4.322572e+00
1.417546e-02 4.132012e+08 1.39119118e-04 4.946932e+00
1.417546e-02 5.214008e+08 1.43880186e-04 5.585606e+00
1.417546e-02 6.579332e+08 1.48836951e-04 6.306737e+00
1.417546e-02 8.302176e+08 1.53998343e-04 7.120968e+00
1.417546e-02 1.047616e+09 1.59373673e-04 8.040322e+00
1.417546e-02 1.321941e+09 1.69484770e-04 9.201681e+00
1.417546e-02 1.668101e+09 1.75477014e-04 1.038967e+01
1.417546e-02 2.104904e+09 1.81720176e-04 1.173102e+01
1.417546e-02 2.656088e+09 1.88225454e-04 1.324556e+01
1.417546e-02 3.351603e+09 1.95004440e-04 1.495563e+01
1.417546e-02 4.229243e+09 2.07595852e-04 1.711585e+01
1.417546e-02 5.336699e+09 2.15159933e-04 1.932559e+01
1.417546e-02 6.734151e+09 2.23043235e-04 2.182063e+01
1.417546e-02 8.497534e+09 2.31259114e-04 2.463778e+01
1.417546e-02 1.072267e+10 2.39821197e-04 2.781864e+01
1.417546e-02 1.353048e+10 2.55546626e-04 3.183682e+01
1.417546e-02 1.707353e+10 2.65096985e-04 3.594712e+01
1.417546e-02 2.154435e+10 2.75045940e-04 4.058807e+01
1.417546e-02 2.718588e+10 2.85407784e-04 4.582820e+01
1.417546e-02 3.430469e+10 2.96196565e-04 5.174486e+01
1.417546e-02 4.328761e+10 3.15834276e-04 5.921898e+01
1.417546e-02 5.462277e+10 3.27836757e-04 6.686446e+01
1.417546e-02 6.892612e+10 3.40317664e-04 7.549700e+01
1.417546e-02 8.697490e+10 3.53288191e-04 8.524405e+01
1.417546e-02 1.097499e+11 3.76788963e-04 9.755686e+01
1.417546e-02 1.384886e+11 3.91147521e-04 1.101519e+02
1.417546e-02 1.747528e+11 4.06031488e-04 1.243731e+02
1.417546e-02 2.205131e+11 4.21442450e-04 1.404303e+02
1.417546e-02 2.782559e+11 4.37377830e-04 1.585606e+02
1.417546e-02 3.511192e+11 4.66242578e-04 1.814634e+02
1.417546e-02 4.430621e+11 4.83661448e-04 2.048913e+02
1.417546e-02 5.590810e+11 5.01575299e-04 2.313438e+02
1.417546e-02 7.054802e+11 5.19953277e-04 2.612114e+02
1.417546e-02 8.902151e+11 5.53489027e-04 2.989413e+02
1.417546e-02 1.123324e+12 5.73181643e-04 3.375362e+02
1.417546e-02 1.417474e+12 5.93180691e-04 3.811138e+02
1.417546e-02 1.788650e+12 6.13396370e-04 4.303176e+02
1.417546e-02 2.257020e+12 6.51050245e-04 4.924734e+02
1.417546e-02 2.848036e+12 6.71896146e-04 5.560543e+02
1.417546e-02 3.593814e+12 6.92542109e-04 6.278437e+02
1.417546e-02 4.534879e+12 7.12785762e-04 7.089016e+02
1.417546e-02 5.722368e+12 7.52417978e-04 8.112967e+02
1.417546e-02 7.220809e+12 7.71603565e-04 9.160392e+02
1.417546e-02 9.111628e+12 7.89497892e-04 1.034305e+03
1.417546e-02 1.149757e+13 8.05707716e-04 1.167839e+03
1.417546e-02 1.450829e+13 8.42204327e-04 1.336523e+03
1.417546e-02 1.830738e+13 8.53947025e-04 1.509075e+03
1.417546e-02 2.310130e+13 8.62387282e-04 1.703905e+03
1.417546e-02 2.915053e+13 8.66881784e-04 1.923888e+03
1.417546e-02 3.678380e+13 8.90443343e-04 2.201778e+03
1.417546e-02 4.641589e+13 8.84781486e-04 2.486038e+03
1.417546e-02 5.857021e+13 8.72847275e-04 2.806999e+03
1.417546e-02 7.390722e+13 8.77262095e-04 3.212447e+03
1.417546e-02 9.326033e+13 8.49929932e-04 3.627190e+03
1.417546e-02 1.176812e+14 8.14192275e-04 4.095479e+03
1.417546e-02 1.484968e+14 7.90799135e-04 4.687038e+03
1.417546e-02 1.873817e+14 7.36214035e-04 5.292158e+03
1.417546e-02 2.364489e+14 6.73171328e-04 5.975403e+03
1.417546e-02 2.983647e+14 6.02680506e-04 6.746858e+03
1.417546e-02 3.764936e+14 5.40775113e-04 7.721387e+03
1.417546e-02 4.750810e+14 4.58757314e-04 8.718257e+03
1.417546e-02 5.994843e+14 3.76028644e-04 9.843829e+03
1.417546e-02 7.564633e+14 3.04035356e-04 1.126569e+04
1.417546e-02 9.545485e+14 2.28075579e-04 1.272015e+04
1.417546e-02 1.204504e+15 1.61659007e-04 1.436238e+04
1.417546e-02 1.519911e+15 1.09994256e-04 1.643692e+04
1.417546e-02 1.917910e+15 6.71193483e-05 1.855900e+04
1.417546e-02 2.420128e+15 3.81364020e-05 2.123970e+04
1.417546e-02 3.053856e+15 1.87722570e-05 2.398186e+04
1.417546e-02 3.853529e+15 8.05195779e-06 2.707804e+04
1.417546e-02 4.862602e+15 3.00707168e-06 3.098924e+04
1.417546e-02 6.135907e+15 8.91271579e-07 3.499011e+04
1.417546e-02 7.742637e+15 2.04462143e-07 3.950751e+04
1.417546e-02 9.770100e+15 3.49425920e-08 4.521405e+04
1.417546e-02 1.232847e+16 3.90471290e-09 5.105142e+04
1.417546e-02 1.555676e+16 2.76241322e-10 5.842538e+04
1.417546e-02 1.963041e+16 1.06407554e-11 6.596840e+04
1.417546e-02 2.477076e+16 2.10701850e-13 7.549700e+04
1.417546e-02 3.125716e+16 1.77716869e-15 8.524405e+04
1.417546e-02 3.944206e+16 5.54411331e-18 9.624949e+04
1.417546e-02 4.977024e+16 5.28877971e-21 1.101519e+05
1.417546e-02 6.280291e+16 1.09985753e-24 1.243731e+05
1.417546e-02 7.924829e+16 3.62197856e-29 1.423378e+05
1.417546e-02 1.000000e+17 1.09613064e-34 1.607144e+05
1.520003e-02 1.261857e+07 9.01173919e-05 7.896978e-01
1.520003e-02 1.592283e+07 9.29039177e-05 8.916518e-01
1.520003e-02 2.009233e+07 9.84161466e-05 1.020444e+00
1.520003e-02 2.535364e+07 1.01500657e-04 1.152188e+00
1.520003e-02 3.199267e+07 1.04703456e-04 1.300942e+00
1.520003e-02 4.037017e+07 1.08029798e-04 1.468900e+00
1.520003e-02 5.094138e+07 1.11485197e-04 1.658542e+00
1.520003e-02 6.428073e+07 1.18222828e-04 1.898105e+00
1.520003e-02 8.111308e+07 1.22055994e-04 2.143160e+00
1.520003e-02 1.023531e+08 1.26040422e-04 2.419853e+00
1.520003e-02 1.291550e+08 1.30182946e-04 2.732269e+00
1.520003e-02 1.629751e+08 1.34490736e-04 3.085019e+00
1.520003e-02 2.056512e+08 1.42772267e-04 3.530625e+00
1.520003e-02 2.595024e+08 1.47560955e-04 3.986446e+00
1.520003e-02 3.274549e+08 1.52543687e-04 4.501117e+00
1.520003e-02 4.132012e+08 1.57729321e-04 5.082234e+00
1.520003e-02 5.214008e+08 1.63127128e-04 5.738377e+00
1.520003e-02 6.579332e+08 1.73362141e-04 6.567239e+00
1.520003e-02 8.302176e+08 1.79373818e-04 7.415103e+00
1.520003e-02 1.047616e+09 1.85634654e-04 8.372431e+00
1.520003e-02 1.321941e+09 1.92155943e-04 9.453354e+00
1.520003e-02 1.668101e+09 1.98949454e-04 1.067383e+01
1.520003e-02 2.104904e+09 2.11662410e-04 1.221558e+01
1.520003e-02 2.656088e+09 2.19239199e-04 1.379267e+01
1.520003e-02 3.351603e+09 2.27134737e-04 1.557338e+01
1.520003e-02 4.229243e+09 2.35362961e-04 1.758398e+01
1.520003e-02 5.336699e+09 2.43938257e-04 1.985416e+01
1.520003e-02 6.734151e+09 2.59791724e-04 2.272193e+01
1.520003e-02 8.497534e+09 2.69360571e-04 2.565545e+01
1.520003e-02 1.072267e+10 2.79332554e-04 2.896770e+01
1.520003e-02 1.353048e+10 2.89723757e-04 3.270758e+01
1.520003e-02 1.707353e+10 3.00550435e-04 3.693030e+01
1.520003e-02 2.154435e+10 3.20357623e-04 4.226458e+01
1.520003e-02 2.718588e+10 3.32425259e-04 4.772115e+01
1.520003e-02 3.430469e+10 3.44989964e-04 5.388220e+01
1.520003e-02 4.328761e+10 3.58067617e-04 6.083867e+01
1.520003e-02 5.462277e+10 3.81838852e-04 6.962632e+01
1.520003e-02 6.892612e+10 3.96373599e-04 7.861543e+01
1.520003e-02 8.697490e+10 4.11478279e-04 8.876509e+01
1.520003e-02 1.097499e+11 4.27163932e-04 1.002251e+02
1.520003e-02 1.384886e+11 4.43439232e-04 1.131647e+02
1.520003e-02 1.747528e+11 4.72899520e-04 1.295104e+02
1.520003e-02 2.205131e+11 4.90844627e-04 1.462309e+02
1.520003e-02 2.782559e+11 5.09399872e-04 1.651100e+02
1.520003e-02 3.511192e+11 5.28556258e-04 1.864266e+02
1.520003e-02 4.430621e+11 5.48297629e-04 2.104952e+02
1.520003e-02 5.590810e+11 5.84150825e-04 2.408995e+02
1.520003e-02 7.054802e+11 6.05547115e-04 2.720009e+02
1.520003e-02 8.902151e+11 6.27434164e-04 3.071176e+02
1.520003e-02 1.123324e+12 6.49748311e-04 3.467680e+02
1.520003e-02 1.417474e+12 6.90799133e-04 3.968559e+02
1.520003e-02 1.788650e+12 7.14329294e-04 4.480920e+02
1.520003e-02 2.257020e+12 7.37980288e-04 5.059430e+02
1.520003e-02 2.848036e+12 7.61593684e-04 5.712628e+02
1.520003e-02 3.593814e+12 8.06447572e-04 6.537771e+02
1.520003e-02 4.534879e+12 8.29999776e-04 7.381830e+02
1.520003e-02 5.722368e+12 8.52800103e-04 8.334862e+02
1.520003e-02 7.220809e+12 8.74518314e-04 9.410936e+02
1.520003e-02 9.111628e+12 9.19241424e-04 1.077027e+03
1.520003e-02 1.149757e+13 9.38079649e-04 1.216077e+03
1.520003e-02 1.450829e+13 9.54426939e-04 1.373078e+03
1.520003e-02 1.830738e+13 9.67689210e-04 1.550350e+03
1.520003e-02 2.310130e+13 1.00393019e-03 1.774285e+03
1.520003e-02 2.915053e+13 1.00910393e-03 2.003355e+03
1.520003e-02 3.678380e+13 1.00887059e-03 2.261998e+03
1.520003e-02 4.641589e+13 1.02979904e-03 2.588725e+03
1.520003e-02 5.857021e+13 1.01582622e-03 2.922943e+03
1.520003e-02 7.390722e+13 9.93692681e-04 3.300310e+03
1.520003e-02 9.326033e+13 9.62633881e-04 3.726396e+03
1.520003e-02 1.176812e+14 9.47268867e-04 4.264644e+03
1.520003e-02 1.484968e+14 8.95440194e-04 4.815232e+03
1.520003e-02 1.873817e+14 8.33507799e-04 5.436903e+03
1.520003e-02 2.364489e+14 7.82845764e-04 6.222219e+03
1.520003e-02 2.983647e+14 7.00734770e-04 7.025540e+03
1.520003e-02 3.764936e+14 6.11882946e-04 7.932573e+03
1.520003e-02 4.750810e+14 5.33142382e-04 9.078369e+03
1.520003e-02 5.994843e+14 4.36872241e-04 1.025043e+04
1.520003e-02 7.564633e+14 3.43710509e-04 1.157382e+04
1.520003e-02 9.545485e+14 2.64787448e-04 1.324556e+04
1.520003e-02 1.204504e+15 1.87595596e-04 1.495563e+04
1.520003e-02 1.519911e+15 1.24178374e-04 1.688648e+04
1.520003e-02 1.917910e+15 7.77993823e-05 1.932559e+04
1.520003e-02 2.420128e+15 4.29969501e-05 2.182063e+04
1.520003e-02 3.053856e+15 2.11470027e-05 2.463778e+04
1.520003e-02 3.853529e+15 9.30941958e-06 2.819651e+04
1.520003e-02 4.862602e+15 3.38016609e-06 3.183682e+04
1.520003e-02 6.135907e+15 1.02782342e-06 3.643539e+04
1.520003e-02 7.742637e+15 2.35394753e-07 4.113939e+04
1.520003e-02 9.770100e+15 3.90792955e-08 4.645069e+04
1.520003e-02 1.232847e+16 4.47551611e-09 5.316012e+04
1.520003e-02 1.555676e+16 3.07288278e-10 6.002336e+04
1.520003e-02 1.963041e+16 1.21172717e-11 6.869325e+04
1.520003e-02 2.477076e+16 2.32552437e-13 7.756190e+04
1.520003e-02 3.125716e+16 1.95137315e-15 8.757554e+04
1.520003e-02 3.944206e+16 6.21532081e-18 1.002251e+05
1.520003e-02 4.977024e+16 5.72809584e-21 1.131647e+05
1.520003e-02 6.280291e+16 1.21272290e-24 1.295104e+05
1.520003e-02 7.924829e+16 3.84451024e-29 1.462309e+05
1.520003e-02 1.000000e+17 1.17916988e-34 1.673527e+05
1.629866e-02 1.261857e+07 1.04981250e-04 8.223166e-01
1.629866e-02 1.592283e+07 1.08227356e-04 9.284819e-01
1.629866e-02 2.009233e+07 1.11596483e-04 1.048354e+00
1.629866e-02 2.535364e+07 1.18241961e-04 1.199780e+00
1.629866e-02 3.199267e+07 1.21972981e-04 1.354678e+00
1.629866e-02 4.037017e+07 1.25847914e-04 1.529573e+00
1.629866e-02 5.094138e+07 1.29873182e-04 1.727049e+00
1.629866e-02 6.428073e+07 1.34055510e-04 1.950020e+00
1.629866e-02 8.111308e+07 1.42187352e-04 2.231685e+00
1.629866e-02 1.023531e+08 1.46828871e-04 2.519806e+00
1.629866e-02 1.291550e+08 1.51654548e-04 2.845126e+00
1.629866e-02 1.629751e+08 1.56672733e-04 3.212447e+00
1.629866e-02 2.056512e+08 1.61892168e-04 3.627190e+00
1.629866e-02 2.595024e+08 1.71898403e-04 4.151108e+00
1.629866e-02 3.274549e+08 1.77702790e-04 4.687038e+00
1.629866e-02 4.132012e+08 1.83743518e-04 5.292158e+00
1.629866e-02 5.214008e+08 1.90031385e-04 5.975403e+00
1.629866e-02 6.579332e+08 1.96577664e-04 6.746858e+00
1.629866e-02 8.302176e+08 2.08957124e-04 7.721387e+00
1.629866e-02 1.047616e+09 2.16250245e-04 8.718257e+00
1.629866e-02 1.321941e+09 2.23846730e-04 9.843829e+00
1.629866e-02 1.668101e+09 2.31760283e-04 1.111472e+01
1.629866e-02 2.104904e+09 2.40005127e-04 1.254968e+01
1.629866e-02 2.656088e+09 2.55395328e-04 1.436238e+01
1.629866e-02 3.351603e+09 2.64592449e-04 1.621664e+01
1.629866e-02 4.229243e+09 2.74177039e-04 1.831029e+01
1.629866e-02 5.336699e+09 2.84165846e-04 2.067425e+01
1.629866e-02 6.734151e+09 2.94576055e-04 2.334340e+01
1.629866e-02 8.497534e+09 3.13778896e-04 2.671516e+01
1.629866e-02 1.072267e+10 3.25394337e-04 3.016423e+01
1.629866e-02 1.353048e+10 3.37497977e-04 3.405858e+01
1.629866e-02 1.707353e+10 3.50108730e-04 3.845572e+01
1.629866e-02 2.154435e+10 3.63245533e-04 4.342055e+01
1.629866e-02 2.718588e+10 3.87236461e-04 4.969230e+01
1.629866e-02 3.430469e+10 4.01871121e-04 5.610783e+01
1.629866e-02 4.328761e+10 4.17103022e-04 6.335163e+01
1.629866e-02 5.462277e+10 4.32949693e-04 7.153065e+01
1.629866e-02 6.892612e+10 4.49427489e-04 8.076563e+01
1.629866e-02 8.697490e+10 4.79311627e-04 9.243157e+01
1.629866e-02 1.097499e+11 4.97579851e-04 1.043650e+02
1.629866e-02 1.384886e+11 5.16534388e-04 1.178390e+02
1.629866e-02 1.747528e+11 5.36181589e-04 1.330526e+02
1.629866e-02 2.205131e+11 5.56523385e-04 1.502304e+02
1.629866e-02 2.782559e+11 5.93352789e-04 1.719300e+02
1.629866e-02 3.511192e+11 6.15660158e-04 1.941270e+02
1.629866e-02 4.430621e+11 6.38647890e-04 2.191898e+02
1.629866e-02 5.590810e+11 6.62286970e-04 2.474883e+02
1.629866e-02 7.054802e+11 7.05313643e-04 2.832360e+02
1.629866e-02 8.902151e+11 7.30796339e-04 3.198032e+02
1.629866e-02 1.123324e+12 7.56774755e-04 3.610914e+02
1.629866e-02 1.417474e+12 7.83153956e-04 4.077102e+02
1.629866e-02 1.788650e+12 8.09814870e-04 4.603477e+02
1.629866e-02 2.257020e+12 8.59492190e-04 5.268411e+02
1.629866e-02 2.848036e+12 8.86973749e-04 5.948590e+02
1.629866e-02 3.593814e+12 9.14185027e-04 6.716584e+02
1.629866e-02 4.534879e+12 9.40858111e-04 7.583729e+02
1.629866e-02 5.722368e+12 9.93114055e-04 8.679137e+02
1.629866e-02 7.220809e+12 1.01837189e-03 9.799658e+02
1.629866e-02 9.111628e+12 1.04191531e-03 1.106484e+03
1.629866e-02 1.149757e+13 1.06322435e-03 1.249337e+03
1.629866e-02 1.450829e+13 1.11128914e-03 1.429794e+03
1.629866e-02 1.830738e+13 1.12667468e-03 1.614388e+03
1.629866e-02 2.310130e+13 1.13768802e-03 1.822813e+03
1.629866e-02 2.915053e+13 1.17475504e-03 2.086104e+03
1.629866e-02 3.678380e+13 1.17440178e-03 2.355431e+03
1.629866e-02 4.641589e+13 1.16675907e-03 2.659529e+03
1.629866e-02 5.857021e+13 1.15082747e-03 3.002888e+03
1.629866e-02 7.390722e+13 1.15642915e-03 3.436630e+03
1.629866e-02 9.326033e+13 1.12016004e-03 3.880317e+03
1.629866e-02 1.176812e+14 1.07280117e-03 4.381286e+03
1.629866e-02 1.484968e+14 1.04169350e-03 5.014127e+03
1.629866e-02 1.873817e+14 9.69490210e-04 5.661476e+03
1.629866e-02 2.364489e+14 8.86159801e-04 6.392402e+03
1.629866e-02 2.983647e+14 8.14738013e-04 7.315732e+03
1.629866e-02 3.764936e+14 7.11261739e-04 8.260231e+03
1.629866e-02 4.750810e+14 6.03069310e-04 9.326669e+03
1.629866e-02 5.994843e+14 5.07529379e-04 1.067383e+04
1.629866e-02 7.564633e+14 3.99156054e-04 1.205188e+04
1.629866e-02 9.545485e+14 2.99190107e-04 1.360784e+04
1.629866e-02 1.204504e+15 2.17661136e-04 1.557338e+04
1.629866e-02 1.519911e+15 1.43998968e-04 1.758398e+04
1.629866e-02 1.917910e+15 8.77576253e-05 1.985416e+04
1.629866e-02 2.420128e+15 4.97886533e-05 2.272193e+04
1.629866e-02 3.053856e+15 2.44652111e-05 2.565545e+04
1.629866e-02 3.853529e+15 1.04723056e-05 2.896770e+04
1.629866e-02 4.862602e+15 3.90149360e-06 3.315185e+04
1.629866e-02 6.135907e+15 1.15303756e-06 3.743193e+04
1.629866e-02 7.742637e+15 2.70808580e-07 4.283867e+04
1.629866e-02 9.770100e+15 4.48615633e-08 4.836936e+04
1.629866e-02 1.232847e+16 4.98790036e-09 5.461409e+04
1.629866e-02 1.555676e+16 3.50725367e-10 6.250265e+04
1.629866e-02 1.963041e+16 1.34106449e-11 7.057206e+04
1.629866e-02 2.477076e+16 2.63200102e-13 8.076563e+04
1.629866e-02 3.125716e+16 2.19633845e-15 9.119288e+04
1.629866e-02 3.944206e+16 6.76403156e-18 1.029663e+05
1.629866e-02 4.977024e+16 6.35291157e-21 1.178390e+05
1.629866e-02 6.280291e+16 1.29647942e-24 1.330526e+05
1.629866e-02 7.924829e+16 4.17251181e-29 1.522710e+05
1.629866e-02 1.000000e+17 1.22766259e-34 1.719300e+05
1.747670e-02 1.261857e+07 1.22313437e-04 8.562827e-01
1.747670e-02 1.592283e+07 1.26095436e-04 9.668332e-01
1.747670e-02 2.009233e+07 1.30020760e-04 1.091656e+00
1.747670e-02 2.535364e+07 1.34095723e-04 1.232595e+00
1.747670e-02 3.199267e+07 1.42110291e-04 1.410633e+00
1.747670e-02 4.037017e+07 1.46624902e-04 1.592753e+00
1.747670e-02 5.094138e+07 1.51314658e-04 1.798386e+00
1.747670e-02 6.428073e+07 1.56187391e-04 2.030566e+00
1.747670e-02 8.111308e+07 1.61251321e-04 2.292723e+00
1.747670e-02 1.023531e+08 1.71069372e-04 2.623888e+00
1.747670e-02 1.291550e+08 1.76691621e-04 2.962645e+00
1.747670e-02 1.629751e+08 1.82538140e-04 3.345138e+00
1.747670e-02 2.056512e+08 1.88619112e-04 3.777013e+00
1.747670e-02 2.595024e+08 1.94945213e-04 4.264644e+00
1.747670e-02 3.274549e+08 2.07039553e-04 4.880638e+00
1.747670e-02 4.132012e+08 2.14077320e-04 5.510753e+00
1.747670e-02 5.214008e+08 2.21402991e-04 6.222219e+00
1.747670e-02 6.579332e+08 2.29029696e-04 7.025540e+00
1.747670e-02 8.302176e+08 2.36971158e-04 7.932573e+00
1.747670e-02 1.047616e+09 2.51949239e-04 9.078369e+00
1.747670e-02 1.321941e+09 2.60799365e-04 1.025043e+01
1.747670e-02 1.668101e+09 2.70018838e-04 1.157382e+01
1.747670e-02 2.104904e+09 2.79624221e-04 1.306805e+01
1.747670e-02 2.656088e+09 2.89632717e-04 1.475521e+01
1.747670e-02 3.351603e+09 3.00062136e-04 1.666018e+01
1.747670e-02 4.229243e+09 3.19435066e-04 1.906661e+01
1.747670e-02 5.336699e+09 3.31071892e-04 2.152820e+01
1.747670e-02 6.734151e+09 3.43199550e-04 2.430761e+01
1.747670e-02 8.497534e+09 3.55838546e-04 2.744584e+01
1.747670e-02 1.072267e+10 3.69009789e-04 3.098924e+01
1.747670e-02 1.353048e+10 3.93202568e-04 3.546539e+01
1.747670e-02 1.707353e+10 4.07893247e-04 4.004415e+01
1.747670e-02 2.154435e+10 4.23196560e-04 4.521405e+01
1.747670e-02 2.718588e+10 4.39134406e-04 5.105142e+01
1.747670e-02 3.430469e+10 4.55728294e-04 5.764242e+01
1.747670e-02 4.328761e+10 4.85936008e-04 6.596840e+01
1.747670e-02 5.462277e+10 5.04395028e-04 7.448526e+01
1.747670e-02 6.892612e+10 5.23588870e-04 8.410168e+01
1.747670e-02 8.697490e+10 5.43534581e-04 9.495964e+01
1.747670e-02 1.097499e+11 5.64246604e-04 1.072194e+02
1.747670e-02 1.384886e+11 6.01756577e-04 1.227064e+02
1.747670e-02 1.747528e+11 6.24640159e-04 1.385484e+02
1.747670e-02 2.205131e+11 6.48332071e-04 1.564357e+02
1.747670e-02 2.782559e+11 6.72828006e-04 1.766324e+02
1.747670e-02 3.511192e+11 6.98115813e-04 1.994365e+02
1.747670e-02 4.430621e+11 7.43980566e-04 2.282435e+02
1.747670e-02 5.590810e+11 7.71508638e-04 2.577109e+02
1.747670e-02 7.054802e+11 7.99746005e-04 2.909827e+02
1.747670e-02 8.902151e+11 8.28627911e-04 3.285501e+02
1.747670e-02 1.123324e+12 8.81538652e-04 3.760065e+02
1.747670e-02 1.417474e+12 9.12250184e-04 4.245508e+02
1.747670e-02 1.788650e+12 9.43287084e-04 4.793625e+02
1.747670e-02 2.257020e+12 9.74477477e-04 5.412507e+02
1.747670e-02 2.848036e+12 1.03311562e-03 6.194299e+02
1.747670e-02 3.593814e+12 1.06478213e-03 6.994015e+02
1.747670e-02 4.534879e+12 1.09581717e-03 7.896978e+02
1.747670e-02 5.722368e+12 1.12584955e-03 8.916518e+02
1.747670e-02 7.220809e+12 1.15444218e-03 1.006769e+03
1.747670e-02 9.111628e+12 1.21338844e-03 1.152188e+03
1.747670e-02 1.149757e+13 1.23815043e-03 1.300942e+03
1.747670e-02 1.450829e+13 1.25960915e-03 1.468900e+03
1.747670e-02 1.830738e+13 1.31190584e-03 1.681071e+03
1.747670e-02 2.310130e+13 1.32465052e-03 1.898105e+03
1.747670e-02 2.915053e+13 1.33130539e-03 2.143160e+03
1.747670e-02 3.678380e+13 1.33080575e-03 2.419853e+03
1.747670e-02 4.641589e+13 1.35819341e-03 2.769382e+03
1.747670e-02 5.857021e+13 1.33952230e-03 3.126923e+03
1.747670e-02 7.390722e+13 1.31006924e-03 3.530625e+03
1.747670e-02 9.326033e+13 1.26883087e-03 3.986446e+03
1.747670e-02 1.176812e+14 1.24825534e-03 4.562256e+03
1.747670e-02 1.484968e+14 1.17961290e-03 5.151267e+03
1.747670e-02 1.873817e+14 1.09766099e-03 5.816322e+03
1.747670e-02 2.364489e+14 1.03055358e-03 6.656443e+03
1.747670e-02 2.983647e+14 9.22063460e-04 7.515823e+03
1.747670e-02 3.764936e+14 8.04750837e-04 8.486155e+03
1.747670e-02 4.750810e+14 7.00794840e-04 9.711911e+03
1.747670e-02 5.994843e+14 5.73878584e-04 1.096577e+04
1.747670e-02 7.564633e+14 4.51162645e-04 1.238151e+04
1.747670e-02 9.545485e+14 3.47265522e-04 1.416991e+04
1.747670e-02 1.204504e+15 2.45782358e-04 1.599932e+04
1.747670e-02 1.519911e+15 1.62504823e-04 1.806492e+04
1.747670e-02 1.917910e+15 1.01672479e-04 2.067425e+04
1.747670e-02 2.420128e+15 5.61010136e-05 2.334340e+04
1.747670e-02 3.053856e+15 2.75402389e-05 2.635715e+04
1.747670e-02 3.853529e+15 1.20971757e-05 3.016423e+04
1.747670e-02 4.862602e+15 4.38094614e-06 3.405858e+04
1.747670e-02 6.135907e+15 1.32801226e-06 3.897807e+04
1.747670e-02 7.742637e+15 3.03016836e-07 4.401034e+04
1.747670e-02 9.770100e+15 5.00808243e-08 4.969230e+04
1.747670e-02 1.232847e+16 5.70447243e-09 5.686995e+04
1.747670e-02 1.555676e+16 3.89110131e-10 6.421215e+04
1.747670e-02 1.963041e+16 1.52227695e-11 7.348707e+04
1.747670e-02 2.477076e+16 2.89377815e-13 8.297463e+04
1.747670e-02 3.125716e+16 2.40045975e-15 9.368708e+04
1.747670e-02 3.944206e+16 7.54062386e-18 1.072194e+05
1.747670e-02 4.977024e+16 6.83437697e-21 1.210620e+05
1.747670e-02 6.280291e+16 1.41793879e-24 1.385484e+05
1.747670e-02 7.924829e+16 4.38553612e-29 1.564357e+05
1.747670e-02 1.000000e+17 1.30502737e-34 1.790316e+05
1.873988e-02 1.261857e+07 1.42527934e-04 8.916518e-01
1.873988e-02 1.592283e+07 1.46934936e-04 1.006769e+00
1.873988e-02 2.009233e+07 1.51508942e-04 1.136748e+00
1.873988e-02 2.535364e+07 1.56257307e-04 1.283508e+00
1.873988e-02 3.199267e+07 1.61187745e-04 1.449215e+00
1.873988e-02 4.037017e+07 1.70857004e-04 1.658542e+00
1.873988e-02 5.094138e+07 1.76321730e-04 1.872669e+00
1.873988e-02 6.428073e+07 1.81999660e-04 2.114440e+00
1.873988e-02 8.111308e+07 1.87900368e-04 2.387425e+00
1.873988e-02 1.023531e+08 1.94033885e-04 2.695653e+00
1.873988e-02 1.291550e+08 2.05892115e-04 3.085019e+00
1.873988e-02 1.629751e+08 2.12704679e-04 3.483310e+00
1.873988e-02 2.056512e+08 2.19790415e-04 3.933024e+00
1.873988e-02 2.595024e+08 2.27161760e-04 4.440797e+00
1.873988e-02 3.274549e+08 2.34831733e-04 5.014127e+00
1.873988e-02 4.132012e+08 2.42813956e-04 5.661476e+00
1.873988e-02 5.214008e+08 2.57991086e-04 6.479231e+00
1.873988e-02 6.579332e+08 2.66877801e-04 7.315732e+00
1.873988e-02 8.302176e+08 2.76131234e-04 8.260231e+00
1.873988e-02 1.047616e+09 2.85768057e-04 9.326669e+00
1.873988e-02 1.321941e+09 2.95805636e-04 1.053079e+01
1.873988e-02 1.668101e+09 3.14638563e-04 1.205188e+01
1.873988e-02 2.104904e+09 3.25830573e-04 1.360784e+01
1.873988e-02 2.656088e+09 3.37492209e-04 1.536468e+01
1.873988e-02 3.351603e+09 3.49644212e-04 1.734834e+01
1.873988e-02 4.229243e+09 3.62307996e-04 1.958809e+01
1.873988e-02 5.336699e+09 3.75505657e-04 2.211702e+01
1.873988e-02 6.734151e+09 3.99906426e-04 2.531164e+01
1.873988e-02 8.497534e+09 4.14632472e-04 2.857950e+01
1.873988e-02 1.072267e+10 4.29978503e-04 3.226926e+01
1.873988e-02 1.353048e+10 4.45969201e-04 3.643539e+01
1.873988e-02 1.707353e+10 4.62629498e-04 4.113939e+01
1.873988e-02 2.154435e+10 4.93112289e-04 4.708164e+01
1.873988e-02 2.718588e+10 5.11680836e-04 5.316012e+01
1.873988e-02 3.430469e+10 5.31013422e-04 6.002336e+01
1.873988e-02 4.328761e+10 5.51134344e-04 6.777268e+01
1.873988e-02 5.462277e+10 5.72066647e-04 7.652248e+01
1.873988e-02 6.892612e+10 6.10073567e-04 8.757554e+01
1.873988e-02 8.697490e+10 6.33309447e-04 9.888199e+01
1.873988e-02 1.097499e+11 6.57437489e-04 1.116482e+02
1.873988e-02 1.384886e+11 6.82470760e-04 1.260625e+02
1.873988e-02 1.747528e+11 7.08417429e-04 1.423378e+02
1.873988e-02 2.205131e+11 7.55390262e-04 1.628974e+02
1.873988e-02 2.782559e+11 7.83922907e-04 1.839282e+02
1.873988e-02 3.511192e+11 8.13376798e-04 2.076743e+02
1.873988e-02 4.430621e+11 8.43726527e-04 2.344861e+02
1.873988e-02 5.590810e+11 8.74933342e-04 2.647595e+02
1.873988e-02 7.054802e+11 9.31748105e-04 3.030019e+02
1.873988e-02 8.902151e+11 9.65381356e-04 3.421210e+02
1.873988e-02 1.123324e+12 9.99664343e-04 3.862905e+02
1.873988e-02 1.417474e+12 1.03447097e-03 4.361626e+02
1.873988e-02 1.788650e+12 1.09889872e-03 4.991628e+02
1.873988e-02 2.257020e+12 1.13520779e-03 5.636072e+02
1.873988e-02 2.848036e+12 1.17144660e-03 6.363718e+02
1.873988e-02 3.593814e+12 1.20731879e-03 7.185307e+02
1.873988e-02 4.534879e+12 1.27645185e-03 8.223166e+02
1.873988e-02 5.722368e+12 1.31138941e-03 9.284819e+02
1.873988e-02 7.220809e+12 1.34464271e-03 1.048354e+03
1.873988e-02 9.111628e+12 1.37561677e-03 1.183701e+03
1.873988e-02 1.149757e+13 1.44201384e-03 1.354678e+03
1.873988e-02 1.450829e+13 1.46692954e-03 1.529573e+03
1.873988e-02 1.830738e+13 1.48707296e-03 1.727049e+03
1.873988e-02 2.310130e+13 1.50142277e-03 1.950020e+03
1.873988e-02 2.915053e+13 1.55012591e-03 2.231685e+03
1.873988e-02 3.678380e+13 1.54941995e-03 2.519806e+03
1.873988e-02 4.641589e+13 1.53907001e-03 2.845126e+03
1.873988e-02 5.857021e+13 1.51775958e-03 3.212447e+03
1.873988e-02 7.390722e+13 1.52481405e-03 3.676459e+03
1.873988e-02 9.326033e+13 1.47662767e-03 4.151108e+03
1.873988e-02 1.176812e+14 1.41380471e-03 4.687038e+03
1.873988e-02 1.484968e+14 1.37237717e-03 5.364042e+03
1.873988e-02 1.873817e+14 1.27679719e-03 6.056568e+03
1.873988e-02 2.364489e+14 1.16657911e-03 6.838501e+03
1.873988e-02 2.983647e+14 1.07205991e-03 7.826267e+03
1.873988e-02 3.764936e+14 9.35407037e-04 8.836679e+03
1.873988e-02 4.750810e+14 7.92637952e-04 9.977539e+03
1.873988e-02 5.994843e+14 6.66600807e-04 1.141871e+04
1.873988e-02 7.564633e+14 5.23839289e-04 1.289293e+04
1.873988e-02 9.545485e+14 3.92282301e-04 1.455747e+04
1.873988e-02 1.204504e+15 2.85078137e-04 1.666018e+04
1.873988e-02 1.519911e+15 1.88363635e-04 1.881109e+04
1.873988e-02 1.917910e+15 1.14626668e-04 2.123970e+04
1.873988e-02 2.420128e+15 6.49210651e-05 2.430761e+04
1.873988e-02 3.053856e+15 3.18368313e-05 2.744584e+04
1.873988e-02 3.853529e+15 1.35954901e-05 3.098924e+04
1.873988e-02 4.862602e+15 5.05089418e-06 3.546539e+04
1.873988e-02 6.135907e+15 1.48776714e-06 4.004415e+04
1.873988e-02 7.742637e+15 3.38767905e-07 4.521405e+04
1.873988e-02 9.770100e+15 5.73778008e-08 5.174486e+04
1.873988e-02 1.232847e+16 6.34250648e-09 5.842538e+04
1.873988e-02 1.555676e+16 4.42847361e-10 6.686446e+04
1.873988e-02 1.963041e+16 1.67897645e-11 7.549700e+04
1.873988e-02 2.477076e+16 3.17476268e-13 8.524405e+04
1.873988e-02 3.125716e+16 2.68833856e-15 9.755686e+04
1.873988e-02 3.944206e+16 8.15709420e-18 1.101519e+05
1.873988e-02 4.977024e+16 7.52507919e-21 1.260625e+05
1.873988e-02 6.280291e+16 1.50266067e-24 1.423378e+05
1.873988e-02 7.924829e+16 4.70962481e-29 1.628974e+05
1.873988e-02 1.000000e+17 1.34139828e-34 1.839282e+05
2.009436e-02 1.261857e+07 1.61686888e-04 9.160392e-01
2.009436e-02 1.592283e+07 1.71245237e-04 1.048354e+00
2.009436e-02 2.009233e+07 1.76575950e-04 1.183701e+00
2.009436e-02 2.535364e+07 1.82109859e-04 1.336523e+00
2.009436e-02 3.199267e+07 1.87855950e-04 1.509075e+00
2.009436e-02 4.037017e+07 1.93823650e-04 1.703905e+00
2.009436e-02 5.094138e+07 2.05493621e-04 1.950020e+00
2.009436e-02 6.428073e+07 2.12110825e-04 2.201778e+00
2.009436e-02 8.111308e+07 2.18987643e-04 2.486038e+00
2.009436e-02 1.023531e+08 2.26135766e-04 2.806999e+00
2.009436e-02 1.291550e+08 2.33567444e-04 3.169396e+00
2.009436e-02 1.629751e+08 2.41295528e-04 3.578582e+00
2.009436e-02 2.056512e+08 2.56152933e-04 4.095479e+00
2.009436e-02 2.595024e+08 2.64743543e-04 4.624226e+00
2.009436e-02 3.274549e+08 2.73682144e-04 5.221237e+00
2.009436e-02 4.132012e+08 2.82984606e-04 5.895326e+00
2.009436e-02 5.214008e+08 2.92667543e-04 6.656443e+00
2.009436e-02 6.579332e+08 3.11028693e-04 7.617912e+00
2.009436e-02 8.302176e+08 3.21812480e-04 8.601423e+00
2.009436e-02 1.047616e+09 3.33043007e-04 9.711911e+00
2.009436e-02 1.321941e+09 3.44740501e-04 1.096577e+01
2.009436e-02 1.668101e+09 3.56926037e-04 1.238151e+01
2.009436e-02 2.104904e+09 3.69621484e-04 1.398002e+01
2.009436e-02 2.656088e+09 3.93320784e-04 1.599932e+01
2.009436e-02 3.351603e+09 4.07481999e-04 1.806492e+01
2.009436e-02 4.229243e+09 4.22239497e-04 2.039719e+01
2.009436e-02 5.336699e+09 4.37619009e-04 2.303057e+01
2.009436e-02 6.734151e+09 4.53646938e-04 2.600393e+01
2.009436e-02 8.497534e+09 4.70350335e-04 2.936118e+01
2.009436e-02 1.072267e+10 5.01097305e-04 3.360216e+01
2.009436e-02 1.353048e+10 5.19730839e-04 3.794037e+01
2.009436e-02 1.707353e+10 5.39144399e-04 4.283867e+01
2.009436e-02 2.154435e+10 5.59367019e-04 4.836936e+01
2.009436e-02 2.718588e+10 5.80427552e-04 5.461409e+01
2.009436e-02 3.430469e+10 6.18829166e-04 6.250265e+01
2.009436e-02 4.328761e+10 6.42273809e-04 7.057206e+01
2.009436e-02 5.462277e+10 6.66663400e-04 7.968328e+01
2.009436e-02 6.892612e+10 6.92022886e-04 8.997080e+01
2.009436e-02 8.697490e+10 7.18374612e-04 1.015865e+02
2.009436e-02 1.097499e+11 7.66133946e-04 1.162598e+02
2.009436e-02 1.384886e+11 7.95299054e-04 1.312696e+02
2.009436e-02 1.747528e+11 8.25527411e-04 1.482171e+02
2.009436e-02 2.205131e+11 8.56821532e-04 1.673527e+02
2.009436e-02 2.782559e+11 8.89175368e-04 1.889588e+02
2.009436e-02 3.511192e+11 9.47805523e-04 2.162524e+02
2.009436e-02 4.430621e+11 9.83157990e-04 2.441717e+02
2.009436e-02 5.590810e+11 1.01950697e-03 2.756955e+02
2.009436e-02 7.054802e+11 1.05678838e-03 3.112892e+02
2.009436e-02 8.902151e+11 1.09491601e-03 3.514782e+02
2.009436e-02 1.123324e+12 1.16478700e-03 4.022464e+02
2.009436e-02 1.417474e+12 1.20531759e-03 4.541785e+02
2.009436e-02 1.788650e+12 1.24626988e-03 5.128153e+02
2.009436e-02 2.257020e+12 1.28741572e-03 5.790223e+02
2.009436e-02 2.848036e+12 1.36481133e-03 6.626574e+02
2.009436e-02 3.593814e+12 1.40656175e-03 7.482099e+02
2.009436e-02 4.534879e+12 1.44746443e-03 8.448076e+02
2.009436e-02 5.722368e+12 1.48702748e-03 9.538766e+02
2.009436e-02 7.220809e+12 1.56637285e-03 1.091656e+03
2.009436e-02 9.111628e+12 1.60238173e-03 1.232595e+03
2.009436e-02 1.149757e+13 1.63492319e-03 1.391729e+03
2.009436e-02 1.450829e+13 1.66307922e-03 1.571408e+03
2.009436e-02 1.830738e+13 1.73191974e-03 1.798386e+03
2.009436e-02 2.310130e+13 1.74851146e-03 2.030566e+03
2.009436e-02 2.915053e+13 1.75703434e-03 2.292723e+03
2.009436e-02 3.678380e+13 1.75608296e-03 2.588725e+03
2.009436e-02 4.641589e+13 1.79188918e-03 2.962645e+03
2.009436e-02 5.857021e+13 1.76688708e-03 3.345138e+03
2.009436e-02 7.390722e+13 1.72763166e-03 3.777013e+03
2.009436e-02 9.326033e+13 1.71855937e-03 4.322572e+03
2.009436e-02 1.176812e+14 1.64518901e-03 4.880638e+03
2.009436e-02 1.484968e+14 1.55419353e-03 5.510753e+03
2.009436e-02 1.873817e+14 1.44566374e-03 6.222219e+03
2.009436e-02 2.364489e+14 1.35668877e-03 7.120968e+03
2.009436e-02 2.983647e+14 1.21326171e-03 8.040322e+03
2.009436e-02 3.764936e+14 1.05829854e-03 9.078369e+03
2.009436e-02 4.750810e+14 9.20989292e-04 1.038967e+04
2.009436e-02 5.994843e+14 7.53630160e-04 1.173102e+04
2.009436e-02 7.564633e+14 5.91965246e-04 1.324556e+04
2.009436e-02 9.545485e+14 4.55188167e-04 1.515877e+04
2.009436e-02 1.204504e+15 3.21793180e-04 1.711585e+04
2.009436e-02 1.519911e+15 2.12474420e-04 1.932559e+04
2.009436e-02 1.917910e+15 1.32727145e-04 2.211702e+04
2.009436e-02 2.420128e+15 7.31014979e-05 2.497244e+04
2.009436e-02 3.053856e+15 3.58083339e-05 2.819651e+04
2.009436e-02 3.853529e+15 1.56890237e-05 3.226926e+04
2.009436e-02 4.862602e+15 5.66467044e-06 3.643539e+04
2.009436e-02 6.135907e+15 1.71102305e-06 4.169819e+04
2.009436e-02 7.742637e+15 3.88740023e-07 4.708164e+04
2.009436e-02 9.770100e+15 6.39175520e-08 5.316012e+04
2.009436e-02 1.232847e+16 7.23520233e-09 6.083867e+04
2.009436e-02 1.555676e+16 4.89807117e-10 6.869325e+04
2.009436e-02 1.963041e+16 1.89880701e-11 7.861543e+04
2.009436e-02 2.477076e+16 3.57002891e-13 8.876509e+04
2.009436e-02 3.125716e+16 2.92243397e-15 1.002251e+05
2.009436e-02 3.944206e+16 9.03492629e-18 1.147018e+05
2.009436e-02 4.977024e+16 8.03244146e-21 1.295104e+05
2.009436e-02 6.280291e+16 1.62803496e-24 1.482171e+05
2.009436e-02 7.924829e+16 4.89406931e-29 1.673527e+05
2.009436e-02 1.000000e+17 1.40640996e-34 1.915255e+05
2.154674e-02 1.261857e+07 1.88469353e-04 9.538766e-01
2.154674e-02 1.592283e+07 1.94296755e-04 1.077027e+00
2.154674e-02 2.009233e+07 2.05824557e-04 1.232595e+00
2.154674e-02 2.535364e+07 2.12275033e-04 1.391729e+00
2.154674e-02 3.199267e+07 2.18972823e-04 1.571408e+00
2.154674e-02 4.037017e+07 2.25928911e-04 1.774285e+00
2.154674e-02 5.094138e+07 2.33154817e-04 2.003355e+00
2.154674e-02 6.428073e+07 2.40662603e-04 2.261998e+00
2.154674e-02 8.111308e+07 2.55260632e-04 2.588725e+00
2.154674e-02 1.023531e+08 2.63592567e-04 2.922943e+00
2.154674e-02 1.291550e+08 2.72254994e-04 3.300310e+00
2.154674e-02 1.629751e+08 2.81262887e-04 3.726396e+00
2.154674e-02 2.056512e+08 2.90631920e-04 4.207493e+00
2.154674e-02 2.595024e+08 3.00378532e-04 4.750702e+00
2.154674e-02 3.274549e+08 3.19012882e-04 5.436903e+00
2.154674e-02 4.132012e+08 3.29855718e-04 6.138835e+00
2.154674e-02 5.214008e+08 3.41141981e-04 6.931390e+00
2.154674e-02 6.579332e+08 3.52891877e-04 7.826267e+00
2.154674e-02 8.302176e+08 3.65126524e-04 8.836679e+00
2.154674e-02 1.047616e+09 3.88202925e-04 1.011307e+01
2.154674e-02 1.321941e+09 4.01837038e-04 1.141871e+01
2.154674e-02 1.668101e+09 4.16039902e-04 1.289293e+01
2.154674e-02 2.104904e+09 4.30836996e-04 1.455747e+01
2.154674e-02 2.656088e+09 4.46254774e-04 1.643692e+01
2.154674e-02 3.351603e+09 4.62320624e-04 1.855900e+01
2.154674e-02 4.229243e+09 4.92165550e-04 2.123970e+01
2.154674e-02 5.336699e+09 5.10090459e-04 2.398186e+01
2.154674e-02 6.734151e+09 5.28770918e-04 2.707804e+01
2.154674e-02 8.497534e+09 5.48238426e-04 3.057395e+01
2.154674e-02 1.072267e+10 5.68525095e-04 3.452120e+01
2.154674e-02 1.353048e+10 5.89663478e-04 3.897807e+01
2.154674e-02 1.707353e+10 6.28416542e-04 4.460813e+01
2.154674e-02 2.154435e+10 6.51984427e-04 5.036727e+01
2.154674e-02 2.718588e+10 6.76528446e-04 5.686995e+01
2.154674e-02 3.430469e+10 7.02081533e-04 6.421215e+01
2.154674e-02 4.328761e+10 7.28675654e-04 7.250226e+01
2.154674e-02 5.462277e+10 7.77027612e-04 8.297463e+01
2.154674e-02 6.892612e+10 8.06579330e-04 9.368708e+01
2.154674e-02 8.697490e+10 8.37286567e-04 1.057826e+02
2.154674e-02 1.097499e+11 8.69171191e-04 1.194396e+02
2.154674e-02 1.384886e+11 9.02250176e-04 1.348599e+02
2.154674e-02 1.747528e+11 9.62148910e-04 1.543393e+02
2.154674e-02 2.205131e+11 9.98610912e-04 1.742653e+02
2.154674e-02 2.782559e+11 1.03630614e-03 1.967639e+02
2.154674e-02 3.511192e+11 1.07521514e-03 2.221671e+02
2.154674e-02 4.430621e+11 1.11530376e-03 2.508500e+02
2.154674e-02 5.590810e+11 1.18815185e-03 2.870832e+02
2.154674e-02 7.054802e+11 1.23157906e-03 3.241471e+02
2.154674e-02 8.902151e+11 1.27598887e-03 3.659962e+02
2.154674e-02 1.123324e+12 1.32124968e-03 4.132482e+02
2.154674e-02 1.417474e+12 1.36719375e-03 4.666006e+02
2.154674e-02 1.788650e+12 1.45227436e-03 5.339973e+02
2.154674e-02 2.257020e+12 1.50018070e-03 6.029391e+02
2.154674e-02 2.848036e+12 1.54798115e-03 6.807816e+02
2.154674e-02 3.593814e+12 1.59528243e-03 7.686740e+02
2.154674e-02 4.534879e+12 1.68651308e-03 8.797027e+02
2.154674e-02 5.722368e+12 1.73254078e-03 9.932768e+02
2.154674e-02 7.220809e+12 1.77632209e-03 1.121514e+03
2.154674e-02 9.111628e+12 1.81706879e-03 1.266307e+03
2.154674e-02 1.149757e+13 1.90457472e-03 1.449215e+03
2.154674e-02 1.450829e+13 1.93725839e-03 1.636316e+03
2.154674e-02 1.830738e+13 1.96360748e-03 1.847573e+03
2.154674e-02 2.310130e+13 1.98227165e-03 2.086104e+03
2.154674e-02 2.915053e+13 2.04624550e-03 2.387425e+03
2.154674e-02 3.678380e+13 2.04494837e-03 2.695653e+03
2.154674e-02 4.641589e+13 2.03088226e-03 3.043676e+03
2.154674e-02 5.857021e+13 2.00231289e-03 3.436630e+03
2.154674e-02 7.390722e+13 2.01111236e-03 3.933024e+03
2.154674e-02 9.326033e+13 1.94700503e-03 4.440797e+03
2.154674e-02 1.176812e+14 1.86357202e-03 5.014127e+03
2.154674e-02 1.484968e+14 1.80830868e-03 5.738377e+03
2.154674e-02 1.873817e+14 1.68167517e-03 6.479231e+03
2.154674e-02 2.364489e+14 1.53578680e-03 7.315732e+03
2.154674e-02 2.983647e+14 1.37304585e-03 8.260231e+03
2.154674e-02 3.764936e+14 1.23004252e-03 9.453354e+03
2.154674e-02 4.750810e+14 1.04157434e-03 1.067383e+04
2.154674e-02 5.994843e+14 8.51947655e-04 1.205188e+04
2.154674e-02 7.564633e+14 6.87164758e-04 1.379267e+04
2.154674e-02 9.545485e+14 5.14038391e-04 1.557338e+04
2.154674e-02 1.204504e+15 3.63162920e-04 1.758398e+04
2.154674e-02 1.519911e+15 2.46163811e-04 2.012384e+04
2.154674e-02 1.917910e+15 1.49547100e-04 2.272193e+04
2.154674e-02 2.420128e+15 8.45313442e-05 2.600393e+04
2.154674e-02 3.053856e+15 4.13573911e-05 2.936118e+04
2.154674e-02 3.853529e+15 1.76129352e-05 3.315185e+04
2.154674e-02 4.862602e+15 6.52233497e-06 3.794037e+04
2.154674e-02 6.135907e+15 1.91382228e-06 4.283867e+04
2.154674e-02 7.742637e+15 4.33780001e-07 4.836936e+04
2.154674e-02 9.770100e+15 7.30635636e-08 5.535592e+04
2.154674e-02 1.232847e+16 8.02237715e-09 6.250265e+04
2.154674e-02 1.555676e+16 5.55609954e-10 7.153065e+04
2.154674e-02 1.963041e+16 2.08593586e-11 8.076563e+04
2.154674e-02 2.477076e+16 3.89791407e-13 9.119288e+04
2.154674e-02 3.125716e+16 3.25403080e-15 1.043650e+05
2.154674e-02 3.944206e+16 9.70567729e-18 1.178390e+05
2.154674e-02 4.977024e+16 8.77024734e-21 1.348599e+05
2.154674e-02 6.280291e+16 1.70791710e-24 1.522710e+05
2.154674e-02 7.924829e+16 5.19178157e-29 1.742653e+05
2.154674e-02 1.000000e+17 1.42432247e-34 1.967639e+05
2.310410e-02 1.261857e+07 2.19727278e-04 9.932768e-01
2.310410e-02 1.592283e+07 2.26521084e-04 1.121514e+00
2.310410e-02 2.009233e+07 2.33572309e-04 1.266307e+00
2.310410e-02 2.535364e+07 2.40892285e-04 1.429794e+00
2.310410e-02 3.199267e+07 2.55289368e-04 1.636316e+00
2.310410e-02 4.037017e+07 2.63398976e-04 1.847573e+00
2.310410e-02 5.094138e+07 2.71823125e-04 2.086104e+00
2.310410e-02 6.428073e+07 2.80575877e-04 2.355431e+00
2.310410e-02 8.111308e+07 2.89671981e-04 2.659529e+00
2.310410e-02 1.023531e+08 2.99126892e-04 3.002888e+00
2.310410e-02 1.291550e+08 3.17407013e-04 3.436630e+00
2.310410e-02 1.629751e+08 3.27908498e-04 3.880317e+00
2.310410e-02 2.056512e+08 3.38830967e-04 4.381286e+00
2.310410e-02 2.595024e+08 3.50193574e-04 4.946932e+00
2.310410e-02 3.274549e+08 3.62016368e-04 5.585606e+00
2.310410e-02 4.132012e+08 3.74320327e-04 6.306737e+00
2.310410e-02 5.214008e+08 3.97715637e-04 7.217694e+00
2.310410e-02 6.579332e+08 4.11413427e-04 8.149535e+00
2.310410e-02 8.302176e+08 4.25676253e-04 9.201681e+00
2.310410e-02 1.047616e+09 4.40529779e-04 1.038967e+01
2.310410e-02 1.321941e+09 4.56000731e-04 1.173102e+01
2.310410e-02 1.668101e+09 4.72116953e-04 1.324556e+01
2.310410e-02 2.104904e+09 5.02279326e-04 1.515877e+01
2.310410e-02 2.656088e+09 5.20252357e-04 1.711585e+01
2.310410e-02 3.351603e+09 5.38980710e-04 1.932559e+01
2.310410e-02 4.229243e+09 5.58497315e-04 2.182063e+01
2.310410e-02 5.336699e+09 5.78836146e-04 2.463778e+01
2.310410e-02 6.734151e+09 6.00032055e-04 2.781864e+01
2.310410e-02 8.497534e+09 6.39136223e-04 3.183682e+01
2.310410e-02 1.072267e+10 6.62783644e-04 3.594712e+01
2.310410e-02 1.353048e+10 6.87423547e-04 4.058807e+01
2.310410e-02 1.707353e+10 7.13094200e-04 4.582820e+01
2.310410e-02 2.154435e+10 7.39833873e-04 5.174486e+01
2.310410e-02 2.718588e+10 7.88677233e-04 5.921898e+01
2.310410e-02 3.430469e+10 8.18461181e-04 6.686446e+01
2.310410e-02 4.328761e+10 8.49457907e-04 7.549700e+01
2.310410e-02 5.462277e+10 8.81702610e-04 8.524405e+01
2.310410e-02 6.892612e+10 9.15228034e-04 9.624949e+01
2.310410e-02 8.697490e+10 9.50063444e-04 1.086758e+02
2.310410e-02 1.097499e+11 1.01320773e-03 1.243731e+02
2.310410e-02 1.384886e+11 1.05175778e-03 1.404303e+02
2.310410e-02 1.747528e+11 1.09171053e-03 1.585606e+02
2.310410e-02 2.205131e+11 1.13306883e-03 1.790316e+02
2.310410e-02 2.782559e+11 1.17582414e-03 2.021455e+02
2.310410e-02 3.511192e+11 1.25332075e-03 2.313438e+02
2.310410e-02 4.430621e+11 1.30002971e-03 2.612114e+02
2.310410e-02 5.590810e+11 1.34804982e-03 2.949352e+02
2.310410e-02 7.054802e+11 1.39729545e-03 3.330128e+02
2.310410e-02 8.902151e+11 1.44765156e-03 3.760065e+02
2.310410e-02 1.123324e+12 1.53996617e-03 4.303176e+02
2.310410e-02 1.417474e+12 1.59347705e-03 4.858738e+02
2.310410e-02 1.788650e+12 1.64753297e-03 5.486025e+02
2.310410e-02 2.257020e+12 1.70183065e-03 6.194299e+02
2.310410e-02 2.848036e+12 1.80402789e-03 7.089016e+02
2.310410e-02 3.593814e+12 1.85908750e-03 8.004244e+02
2.310410e-02 4.534879e+12 1.91300595e-03 9.037633e+02
2.310410e-02 5.722368e+12 1.96513071e-03 1.020444e+03
2.310410e-02 7.220809e+12 2.06979752e-03 1.167839e+03
2.310410e-02 9.111628e+12 2.11716521e-03 1.318612e+03
2.310410e-02 1.149757e+13 2.15991880e-03 1.488852e+03
2.310410e-02 1.450829e+13 2.19684277e-03 1.681071e+03
2.310410e-02 1.830738e+13 2.28746127e-03 1.923888e+03
2.310410e-02 2.310130e+13 2.30901955e-03 2.172271e+03
2.310410e-02 2.915053e+13 2.31987617e-03 2.452723e+03
2.310410e-02 3.678380e+13 2.31817521e-03 2.769382e+03
2.310410e-02 4.641589e+13 2.36493433e-03 3.169396e+03
2.310410e-02 5.857021e+13 2.33137468e-03 3.578582e+03
2.310410e-02 7.390722e+13 2.27896041e-03 4.040595e+03
2.310410e-02 9.326033e+13 2.20596626e-03 4.562256e+03
2.310410e-02 1.176812e+14 2.16879849e-03 5.221237e+03
2.310410e-02 1.484968e+14 2.04804313e-03 5.895326e+03
2.310410e-02 1.873817e+14 1.90418483e-03 6.656443e+03
2.310410e-02 2.364489e+14 1.78609048e-03 7.617912e+03
2.310410e-02 2.983647e+14 1.59635130e-03 8.601423e+03
2.310410e-02 3.764936e+14 1.39154485e-03 9.711911e+03
2.310410e-02 4.750810e+14 1.21008786e-03 1.111472e+04
2.310410e-02 5.994843e+14 9.89338754e-04 1.254968e+04
2.310410e-02 7.564633e+14 7.76336461e-04 1.416991e+04
2.310410e-02 9.545485e+14 5.96271606e-04 1.621664e+04
2.310410e-02 1.204504e+15 4.20968225e-04 1.831029e+04
2.310410e-02 1.519911e+15 2.77525675e-04 2.067425e+04
2.310410e-02 1.917910e+15 1.73048099e-04 2.366047e+04
2.310410e-02 2.420128e+15 9.51062860e-05 2.671516e+04
2.310410e-02 3.053856e+15 4.64711296e-05 3.016423e+04
2.310410e-02 3.853529e+15 2.03011395e-05 3.452120e+04
2.310410e-02 4.862602e+15 7.30454026e-06 3.897807e+04
2.310410e-02 6.135907e+15 2.13876548e-06 4.401034e+04
2.310410e-02 7.742637e+15 4.96749362e-07 5.036727e+04
2.310410e-02 9.770100e+15 8.11911553e-08 5.686995e+04
2.310410e-02 1.232847e+16 9.12447353e-09 6.508435e+04
2.310410e-02 1.555676e+16 6.12341828e-10 7.348707e+04
2.310410e-02 1.963041e+16 2.28641304e-11 8.297463e+04
2.310410e-02 2.477076e+16 4.36061041e-13 9.495964e+04
2.310410e-02 3.125716e+16 3.51542121e-15 1.072194e+05
2.310410e-02 3.944206e+16 1.06698030e-17 1.227064e+05
2.310410e-02 4.977024e+16 9.27729936e-21 1.385484e+05
2.310410e-02 6.280291e+16 1.83034532e-24 1.585606e+05
2.310410e-02 7.924829e+16 5.32447622e-29 1.790316e+05
2.310410e-02 1.000000e+17 1.43057429e-34 2.021455e+05
2.477401e-02 1.261857e+07 2.56218069e-04 1.034305e+00
2.477401e-02 1.592283e+07 2.64140044e-04 1.167839e+00
2.477401e-02 2.009233e+07 2.72362169e-04 1.318612e+00
2.477401e-02 2.535364e+07 2.80897656e-04 1.488852e+00
2.477401e-02 3.199267e+07 2.89760359e-04 1.681071e+00
2.477401e-02 4.037017e+07 2.98964808e-04 1.898105e+00
2.477401e-02 5.094138e+07 3.16964669e-04 2.172271e+00
2.477401e-02 6.428073e+07 3.27170750e-04 2.452723e+00
2.477401e-02 8.111308e+07 3.37777165e-04 2.769382e+00
2.477401e-02 1.023531e+08 3.48801928e-04 3.126923e+00
2.477401e-02 1.291550e+08 3.60263923e-04 3.530625e+00
2.477401e-02 1.629751e+08 3.72182951e-04 3.986446e+00
2.477401e-02 2.056512e+08 3.95098292e-04 4.562256e+00
2.477401e-02 2.595024e+08 4.08347303e-04 5.151267e+00
2.477401e-02 3.274549e+08 4.22132840e-04 5.816322e+00
2.477401e-02 4.132012e+08 4.36479353e-04 6.567239e+00
2.477401e-02 5.214008e+08 4.51412433e-04 7.415103e+00
2.477401e-02 6.579332e+08 4.66958794e-04 8.372431e+00
2.477401e-02 8.302176e+08 4.96360775e-04 9.581761e+00
2.477401e-02 1.047616e+09 5.13679715e-04 1.081881e+01
2.477401e-02 1.321941e+09 5.31718444e-04 1.221558e+01
2.477401e-02 1.668101e+09 5.50509403e-04 1.379267e+01
2.477401e-02 2.104904e+09 5.70086260e-04 1.557338e+01
2.477401e-02 2.656088e+09 5.90483966e-04 1.758398e+01
2.477401e-02 3.351603e+09 6.28470226e-04 2.012384e+01
2.477401e-02 4.229243e+09 6.51225127e-04 2.272193e+01
2.477401e-02 5.336699e+09 6.74938434e-04 2.565545e+01
2.477401e-02 6.734151e+09 6.99650740e-04 2.896770e+01
2.477401e-02 8.497534e+09 7.25403626e-04 3.270758e+01
2.477401e-02 1.072267e+10 7.52239470e-04 3.693030e+01
2.477401e-02 1.353048e+10 8.01540321e-04 4.226458e+01
2.477401e-02 1.707353e+10 8.31468085e-04 4.772115e+01
2.477401e-02 2.154435e+10 8.62641629e-04 5.388220e+01
2.477401e-02 2.718588e+10 8.95105179e-04 6.083867e+01
2.477401e-02 3.430469e+10 9.28902097e-04 6.869325e+01
2.477401e-02 4.328761e+10 9.64074440e-04 7.756190e+01
2.477401e-02 5.462277e+10 1.02803089e-03 8.876509e+01
2.477401e-02 6.892612e+10 1.06711112e-03 1.002251e+02
2.477401e-02 8.697490e+10 1.10771724e-03 1.131647e+02
2.477401e-02 1.097499e+11 1.14987779e-03 1.277748e+02
2.477401e-02 1.384886e+11 1.19361475e-03 1.442712e+02
2.477401e-02 1.747528e+11 1.27282746e-03 1.651100e+02
2.477401e-02 2.205131e+11 1.32103012e-03 1.864266e+02
2.477401e-02 2.782559e+11 1.37085869e-03 2.104952e+02
2.477401e-02 3.511192e+11 1.42228668e-03 2.376712e+02
2.477401e-02 4.430621e+11 1.47526804e-03 2.683558e+02
2.477401e-02 5.590810e+11 1.57157254e-03 3.071176e+02
2.477401e-02 7.054802e+11 1.62895126e-03 3.467680e+02
2.477401e-02 8.902151e+11 1.68761913e-03 3.915376e+02
2.477401e-02 1.123324e+12 1.74740062e-03 4.420871e+02
2.477401e-02 1.417474e+12 1.80807231e-03 4.991628e+02
2.477401e-02 1.788650e+12 1.92048283e-03 5.712628e+02
2.477401e-02 2.257020e+12 1.98371385e-03 6.450157e+02
2.477401e-02 2.848036e+12 2.04678492e-03 7.282906e+02
2.477401e-02 3.593814e+12 2.10917354e-03 8.223166e+02
2.477401e-02 4.534879e+12 2.22961256e-03 9.410936e+02
2.477401e-02 5.722368e+12 2.29025850e-03 1.062594e+03
2.477401e-02 7.220809e+12 2.34790249e-03 1.199780e+03
2.477401e-02 9.111628e+12 2.40149938e-03 1.354678e+03
2.477401e-02 1.149757e+13 2.44984186e-03 1.529573e+03
2.477401e-02 1.450829e+13 2.55969534e-03 1.750508e+03
2.477401e-02 1.830738e+13 2.59412486e-03 1.976507e+03
2.477401e-02 2.310130e+13 2.61834894e-03 2.231685e+03
2.477401e-02 2.915053e+13 2.70235228e-03 2.554033e+03
2.477401e-02 3.678380e+13 2.70008251e-03 2.883772e+03
2.477401e-02 4.641589e+13 2.68089121e-03 3.256082e+03
2.477401e-02 5.857021e+13 2.64249352e-03 3.676459e+03
2.477401e-02 7.390722e+13 2.65333389e-03 4.207493e+03
2.477401e-02 9.326033e+13 2.56791246e-03 4.750702e+03
2.477401e-02 1.176812e+14 2.45696233e-03 5.364042e+03
2.477401e-02 1.484968e+14 2.31965882e-03 6.056568e+03
2.477401e-02 1.873817e+14 2.21516408e-03 6.931390e+03
2.477401e-02 2.364489e+14 2.02190082e-03 7.826267e+03
2.477401e-02 2.983647e+14 1.80653400e-03 8.836679e+03
2.477401e-02 3.764936e+14 1.61724207e-03 1.011307e+04
2.477401e-02 4.750810e+14 1.36834041e-03 1.141871e+04
2.477401e-02 5.994843e+14 1.11818394e-03 1.289293e+04
2.477401e-02 7.564633e+14 9.00940243e-04 1.475521e+04
2.477401e-02 9.545485e+14 6.73120425e-04 1.666018e+04
2.477401e-02 1.204504e+15 4.74870048e-04 1.881109e+04
2.477401e-02 1.519911e+15 3.21344723e-04 2.152820e+04
2.477401e-02 1.917910e+15 1.94839375e-04 2.430761e+04
2.477401e-02 2.420128e+15 1.06955912e-04 2.744584e+04
2.477401e-02 3.053856e+15 5.36159930e-05 3.141017e+04
2.477401e-02 3.853529e+15 2.27616326e-05 3.546539e+04
2.477401e-02 4.862602e+15 8.17405551e-06 4.004415e+04
2.477401e-02 6.135907e+15 2.45317870e-06 4.582820e+04
2.477401e-02 7.742637e+15 5.53081509e-07 5.174486e+04
2.477401e-02 9.770100e+15 9.25631534e-08 5.921898e+04
2.477401e-02 1.232847e+16 1.00849954e-08 6.686446e+04
2.477401e-02 1.555676e+16 6.73524611e-10 7.549700e+04
2.477401e-02 1.963041e+16 2.56853877e-11 8.640193e+04
2.477401e-02 2.477076e+16 4.73466776e-13 9.755686e+04
2.477401e-02 3.125716e+16 3.88813471e-15 1.116482e+05
2.477401e-02 3.944206e+16 1.13696940e-17 1.260625e+05
2.477401e-02 4.977024e+16 9.76425252e-21 1.423378e+05
2.477401e-02 6.280291e+16 1.89773835e-24 1.628974e+05
2.477401e-02 7.924829e+16 5.42053967e-29 1.839282e+05
2.477401e-02 1.000000e+17 1.46305675e-34 2.104952e+05
2.656463e-02 1.261857e+07 2.90873991e-04 1.062594e+00
2.656463e-02 1.592283e+07 2.99867367e-04 1.199780e+00
2.656463e-02 2.009233e+07 3.17658365e-04 1.373078e+00
2.656463e-02 2.535364e+07 3.27613209e-04 1.550350e+00
2.656463e-02 3.199267e+07 3.37949658e-04 1.750508e+00
2.656463e-02 4.037017e+07 3.48684654e-04 1.976507e+00
2.656463e-02 5.094138e+07 3.59835962e-04 2.231685e+00
2.656463e-02 6.428073e+07 3.71422186e-04 2.519806e+00
2.656463e-02 8.111308e+07 3.93950846e-04 2.883772e+00
2.656463e-02 1.023531e+08 4.06808690e-04 3.256082e+00
2.656463e-02 1.291550e+08 4.20176415e-04 3.676459e+00
2.656463e-02 1.629751e+08 4.34077110e-04 4.151108e+00
2.656463e-02 2.056512e+08 4.48534941e-04 4.687038e+00
2.656463e-02 2.595024e+08 4.63575248e-04 5.292158e+00
2.656463e-02 3.274549e+08 4.92331706e-04 6.056568e+00
2.656463e-02 4.132012e+08 5.09063178e-04 6.838501e+00
2.656463e-02 5.214008e+08 5.26478633e-04 7.721387e+00
2.656463e-02 6.579332e+08 5.44609210e-04 8.718257e+00
2.656463e-02 8.302176e+08 5.63487450e-04 9.843829e+00
2.656463e-02 1.047616e+09 5.83147285e-04 1.111472e+01
2.656463e-02 1.321941e+09 6.03624049e-04 1.254968e+01
2.656463e-02 1.668101e+09 6.42047535e-04 1.436238e+01
2.656463e-02 2.104904e+09 6.64877758e-04 1.621664e+01
2.656463e-02 2.656088e+09 6.88665030e-04 1.831029e+01
2.656463e-02 3.351603e+09 7.13451509e-04 2.067425e+01
2.656463e-02 4.229243e+09 7.39280699e-04 2.334340e+01
2.656463e-02 5.336699e+09 7.66197479e-04 2.635715e+01
2.656463e-02 6.734151e+09 8.15971165e-04 3.016423e+01
2.656463e-02 8.497534e+09 8.46001812e-04 3.405858e+01
2.656463e-02 1.072267e+10 8.77294864e-04 3.845572e+01
2.656463e-02 1.353048e+10 9.09900322e-04 4.342055e+01
2.656463e-02 1.707353e+10 9.43868660e-04 4.902636e+01
2.656463e-02 2.154435e+10 9.79250336e-04 5.535592e+01
2.656463e-02 2.718588e+10 1.04388642e-03 6.335163e+01
2.656463e-02 3.430469e+10 1.08329315e-03 7.153065e+01
2.656463e-02 4.328761e+10 1.12430265e-03 8.076563e+01
2.656463e-02 5.462277e+10 1.16696117e-03 9.119288e+01
2.656463e-02 6.892612e+10 1.21131167e-03 1.029663e+02
2.656463e-02 8.697490e+10 1.25739244e-03 1.162598e+02
2.656463e-02 1.097499e+11 1.34093482e-03 1.330526e+02
2.656463e-02 1.384886e+11 1.39192251e-03 1.502304e+02
2.656463e-02 1.747528e+11 1.44476137e-03 1.696259e+02
2.656463e-02 2.205131e+11 1.49945443e-03 1.915255e+02
2.656463e-02 2.782559e+11 1.55598955e-03 2.162524e+02
2.656463e-02 3.511192e+11 1.65848950e-03 2.474883e+02
2.656463e-02 4.430621e+11 1.72023872e-03 2.794403e+02
2.656463e-02 5.590810e+11 1.78371292e-03 3.155175e+02
2.656463e-02 7.054802e+11 1.84879741e-03 3.562524e+02
2.656463e-02 8.902151e+11 1.91533839e-03 4.022464e+02
2.656463e-02 1.123324e+12 2.03737605e-03 4.603477e+02
2.656463e-02 1.417474e+12 2.10805691e-03 5.197809e+02
2.656463e-02 1.788650e+12 2.17943976e-03 5.868873e+02
2.656463e-02 2.257020e+12 2.25112089e-03 6.626574e+02
2.656463e-02 2.848036e+12 2.38613304e-03 7.583729e+02
2.656463e-02 3.593814e+12 2.45876515e-03 8.562827e+02
2.656463e-02 4.534879e+12 2.52985645e-03 9.668332e+02
2.656463e-02 5.722368e+12 2.59854032e-03 1.091656e+03
2.656463e-02 7.220809e+12 2.66379772e-03 1.232595e+03
2.656463e-02 9.111628e+12 2.79895632e-03 1.410633e+03
2.656463e-02 1.149757e+13 2.85510814e-03 1.592753e+03
2.656463e-02 1.450829e+13 2.90349923e-03 1.798386e+03
2.656463e-02 1.830738e+13 2.94230973e-03 2.030566e+03
2.656463e-02 2.310130e+13 3.05073012e-03 2.323865e+03
2.656463e-02 2.915053e+13 3.06446645e-03 2.623888e+03
2.656463e-02 3.678380e+13 3.06154113e-03 2.962645e+03
2.656463e-02 4.641589e+13 3.03939012e-03 3.345138e+03
2.656463e-02 5.857021e+13 3.07735313e-03 3.828316e+03
2.656463e-02 7.390722e+13 3.00722677e-03 4.322572e+03
2.656463e-02 9.326033e+13 2.90988082e-03 4.880638e+03
2.656463e-02 1.176812e+14 2.85971469e-03 5.585606e+03
2.656463e-02 1.484968e+14 2.69927413e-03 6.306737e+03
2.656463e-02 1.873817e+14 2.50839006e-03 7.120968e+03
2.656463e-02 2.364489e+14 2.28885495e-03 8.040322e+03
2.656463e-02 2.983647e+14 2.10026563e-03 9.201681e+03
2.656463e-02 3.764936e+14 1.82942208e-03 1.038967e+04
2.656463e-02 4.750810e+14 1.54716857e-03 1.173102e+04
2.656463e-02 5.994843e+14 1.29822759e-03 1.342548e+04
2.656463e-02 7.564633e+14 1.01755020e-03 1.515877e+04
2.656463e-02 9.545485e+14 7.59719366e-04 1.711585e+04
2.656463e-02 1.204504e+15 5.50182321e-04 1.958809e+04
2.656463e-02 1.519911e+15 3.62059512e-04 2.211702e+04
2.656463e-02 1.917910e+15 2.19287227e-04 2.497244e+04
2.656463e-02 2.420128e+15 1.23511504e-04 2.857950e+04
2.656463e-02 3.053856e+15 6.01769194e-05 3.226926e+04
2.656463e-02 3.853529e+15 2.55021402e-05 3.643539e+04
2.656463e-02 4.862602e+15 9.38920087e-06 4.169819e+04
2.656463e-02 6.135907e+15 2.73608474e-06 4.708164e+04
2.656463e-02 7.742637e+15 6.31863829e-07 5.388220e+04
2.656463e-02 9.770100e+15 1.02566359e-07 6.083867e+04
2.656463e-02 1.232847e+16 1.11267806e-08 6.869325e+04
2.656463e-02 1.555676e+16 7.59451770e-10 7.861543e+04
2.656463e-02 1.963041e+16 2.80141206e-11 8.876509e+04
2.656463e-02 2.477076e+16 5.26501111e-13 1.015865e+05
2.656463e-02 3.125716e+16 4.17022150e-15 1.147018e+05
2.656463e-02 3.944206e+16 1.20609400e-17 1.295104e+05
2.656463e-02 4.977024e+16 1.05005893e-20 1.482171e+05
2.656463e-02 6.280291e+16 1.95475131e-24 1.673527e+05
2.656463e-02 7.924829e+16 5.62452485e-29 1.915255e+05
2.656463e-02 1.000000e+17 1.44253048e-34 2.162524e+05
2.848467e-02 1.261857e+07 3.39322608e-04 1.106484e+00
2.848467e-02 1.592283e+07 3.49813788e-04 1.249337e+00
2.848467e-02 2.009233e+07 3.60702414e-04 1.410633e+00
2.848467e-02 2.535364e+07 3.72005976e-04 1.592753e+00
2.848467e-02 3.199267e+07 3.94238475e-04 1.822813e+00
2.848467e-02 4.037017e+07 4.06761211e-04 2.058148e+00
2.848467e-02 5.094138e+07 4.19769550e-04 2.323865e+00
2.848467e-02 6.428073e+07 4.33285191e-04 2.623888e+00
2.848467e-02 8.111308e+07 4.47330893e-04 2.962645e+00
2.848467e-02 1.023531e+08 4.61930499e-04 3.345138e+00
2.848467e-02 1.291550e+08 4.90158296e-04 3.828316e+00
2.848467e-02 1.629751e+08 5.06373589e-04 4.322572e+00
2.848467e-02 2.056512e+08 5.23238713e-04 4.880638e+00
2.848467e-02 2.595024e+08 5.40783213e-04 5.510753e+00
2.848467e-02 3.274549e+08 5.59038011e-04 6.222219e+00
2.848467e-02 4.132012e+08 5.78035455e-04 7.025540e+00
2.848467e-02 5.214008e+08 5.97809401e-04 7.932573e+00
2.848467e-02 6.579332e+08 6.35308769e-04 9.078369e+00
2.848467e-02 8.302176e+08 6.57329571e-04 1.025043e+01
2.848467e-02 1.047616e+09 6.80261912e-04 1.157382e+01
2.848467e-02 1.321941e+09 7.04146980e-04 1.306805e+01
2.848467e-02 1.668101e+09 7.29027677e-04 1.475521e+01
2.848467e-02 2.104904e+09 7.54948517e-04 1.666018e+01
2.848467e-02 2.656088e+09 7.81955704e-04 1.881109e+01
2.848467e-02 3.351603e+09 8.32253840e-04 2.152820e+01
2.848467e-02 4.229243e+09 8.62380771e-04 2.430761e+01
2.848467e-02 5.336699e+09 8.93775879e-04 2.744584e+01
2.848467e-02 6.734151e+09 9.26492785e-04 3.098924e+01
2.848467e-02 8.497534e+09 9.60586399e-04 3.499011e+01
2.848467e-02 1.072267e+10 9.96112674e-04 3.950751e+01
2.848467e-02 1.353048e+10 1.06138514e-03 4.521405e+01
2.848467e-02 1.707353e+10 1.10100198e-03 5.105142e+01
2.848467e-02 2.154435e+10 1.14226639e-03 5.764242e+01
2.848467e-02 2.718588e+10 1.18523662e-03 6.508435e+01
2.848467e-02 3.430469e+10 1.22996979e-03 7.348707e+01
2.848467e-02 4.328761e+10 1.27652122e-03 8.297463e+01
2.848467e-02 5.462277e+10 1.36118141e-03 9.495964e+01
2.848467e-02 6.892612e+10 1.41289933e-03 1.072194e+02
2.848467e-02 8.697490e+10 1.46663321e-03 1.210620e+02
2.848467e-02 1.097499e+11 1.52242020e-03 1.366917e+02
2.848467e-02 1.384886e+11 1.58028873e-03 1.543393e+02
2.848467e-02 1.747528e+11 1.68511791e-03 1.766324e+02
2.848467e-02 2.205131e+11 1.74888381e-03 1.994365e+02
2.848467e-02 2.782559e+11 1.81479386e-03 2.251848e+02
2.848467e-02 3.511192e+11 1.88281180e-03 2.542573e+02
2.848467e-02 4.430621e+11 1.95287532e-03 2.870832e+02
2.848467e-02 5.590810e+11 2.02489080e-03 3.241471e+02
2.848467e-02 7.054802e+11 2.15612896e-03 3.709676e+02
2.848467e-02 8.902151e+11 2.23367509e-03 4.188614e+02
2.848467e-02 1.123324e+12 2.31267702e-03 4.729385e+02
2.848467e-02 1.417474e+12 2.39283655e-03 5.339973e+02
2.848467e-02 1.788650e+12 2.54144067e-03 6.111289e+02
2.848467e-02 2.257020e+12 2.62493271e-03 6.900288e+02
2.848467e-02 2.848036e+12 2.70818268e-03 7.791150e+02
2.848467e-02 3.593814e+12 2.79049542e-03 8.797027e+02
2.848467e-02 4.534879e+12 2.87103951e-03 9.932768e+02
2.848467e-02 5.722368e+12 3.02948194e-03 1.136748e+03
2.848467e-02 7.220809e+12 3.10537889e-03 1.283508e+03
2.848467e-02 9.111628e+12 3.17586811e-03 1.449215e+03
2.848467e-02 1.149757e+13 3.23934785e-03 1.636316e+03
2.848467e-02 1.450829e+13 3.38408095e-03 1.872669e+03
2.848467e-02 1.830738e+13 3.42901037e-03 2.114440e+03
2.848467e-02 2.310130e+13 3.46036934e-03 2.387425e+03
2.848467e-02 2.915053e+13 3.47556636e-03 2.695653e+03
2.848467e-02 3.678380e+13 3.56677720e-03 3.085019e+03
2.848467e-02 4.641589e+13 3.54048162e-03 3.483310e+03
2.848467e-02 5.857021e+13 3.48872861e-03 3.933024e+03
2.848467e-02 7.390722e+13 3.40863407e-03 4.440797e+03
2.848467e-02 9.326033e+13 3.38784026e-03 5.082234e+03
2.848467e-02 1.176812e+14 3.24007783e-03 5.738377e+03
2.848467e-02 1.484968e+14 3.05753059e-03 6.479231e+03
2.848467e-02 1.873817e+14 2.91819340e-03 7.415103e+03
2.848467e-02 2.364489e+14 2.66193061e-03 8.372431e+03
2.848467e-02 2.983647e+14 2.37669624e-03 9.453354e+03
2.848467e-02 3.764936e+14 2.06933191e-03 1.067383e+04
2.848467e-02 4.750810e+14 1.79706002e-03 1.221558e+04
2.848467e-02 5.994843e+14 1.46695086e-03 1.379267e+04
2.848467e-02 7.564633e+14 1.14905867e-03 1.557338e+04
2.848467e-02 9.545485e+14 8.80717154e-04 1.782283e+04
2.848467e-02 1.204504e+15 6.20294323e-04 2.012384e+04
2.848467e-02 1.519911e+15 4.07789978e-04 2.272193e+04
2.848467e-02 1.917910e+15 2.53443486e-04 2.600393e+04
2.848467e-02 2.420128e+15 1.38759371e-04 2.936118e+04
2.848467e-02 3.053856e+15 6.93436680e-05 3.360216e+04
2.848467e-02 3.853529e+15 2.93314835e-05 3.794037e+04
2.848467e-02 4.862602e+15 1.04881503e-05 4.283867e+04
2.848467e-02 6.135907e+15 3.13160059e-06 4.902636e+04
2.848467e-02 7.742637e+15 7.01714772e-07 5.535592e+04
2.848467e-02 9.770100e+15 1.13469016e-07 6.250265e+04
2.848467e-02 1.232847e+16 1.25877300e-08 7.153065e+04
2.848467e-02 1.555676e+16 8.31617948e-10 8.076563e+04
2.848467e-02 1.963041e+16 3.13023799e-11 9.243157e+04
2.848467e-02 2.477076e+16 5.67981265e-13 1.043650e+05
2.848467e-02 3.125716e+16 4.45474812e-15 1.178390e+05
2.848467e-02 3.944206e+16 1.30803755e-17 1.348599e+05
2.848467e-02 4.977024e+16 1.09276062e-20 1.522710e+05
2.848467e-02 6.280291e+16 2.05398250e-24 1.742653e+05
2.848467e-02 7.924829e+16 5.63252357e-29 1.967639e+05
2.848467e-02 1.000000e+17 1.44616218e-34 2.251848e+05
3.054349e-02 1.261857e+07 3.95932361e-04 1.152188e+00
3.054349e-02 1.592283e+07 4.08173609e-04 1.300942e+00
3.054349e-02 2.009233e+07 4.20878572e-04 1.468900e+00
3.054349e-02 2.535364e+07 4.34067654e-04 1.658542e+00
3.054349e-02 3.199267e+07 4.47762248e-04 1.872669e+00
3.054349e-02 4.037017e+07 4.61984791e-04 2.114440e+00
3.054349e-02 5.094138e+07 4.76758807e-04 2.387425e+00
3.054349e-02 6.428073e+07 5.05568488e-04 2.732269e+00
3.054349e-02 8.111308e+07 5.21956862e-04 3.085019e+00
3.054349e-02 1.023531e+08 5.38991460e-04 3.483310e+00
3.054349e-02 1.291550e+08 5.56701430e-04 3.933024e+00
3.054349e-02 1.629751e+08 5.75117337e-04 4.440797e+00
3.054349e-02 2.056512e+08 5.94271174e-04 5.014127e+00
3.054349e-02 2.595024e+08 6.30995229e-04 5.738377e+00
3.054349e-02 3.274549e+08 6.52294144e-04 6.479231e+00
3.054349e-02 4.132012e+08 6.74459416e-04 7.315732e+00
3.054349e-02 5.214008e+08 6.97530529e-04 8.260231e+00
3.054349e-02 6.579332e+08 7.21548687e-04 9.326669e+00
3.054349e-02 8.302176e+08 7.46556951e-04 1.053079e+01
3.054349e-02 1.047616e+09 7.72600215e-04 1.189037e+01
3.054349e-02 1.321941e+09 8.21598324e-04 1.360784e+01
3.054349e-02 1.668101e+09 8.50626573e-04 1.536468e+01
3.054349e-02 2.104904e+09 8.80868061e-04 1.734834e+01
3.054349e-02 2.656088e+09 9.12376651e-04 1.958809e+01
3.054349e-02 3.351603e+09 9.45208083e-04 2.211702e+01
3.054349e-02 4.229243e+09 9.79419865e-04 2.497244e+01
3.054349e-02 5.336699e+09 1.01507131e-03 2.819651e+01
3.054349e-02 6.734151e+09 1.08100235e-03 3.226926e+01
3.054349e-02 8.497534e+09 1.12077589e-03 3.643539e+01
3.054349e-02 1.072267e+10 1.16222009e-03 4.113939e+01
3.054349e-02 1.353048e+10 1.20540096e-03 4.645069e+01
3.054349e-02 1.707353e+10 1.25038508e-03 5.244771e+01
3.054349e-02 2.154435e+10 1.29723900e-03 5.921898e+01
3.054349e-02 2.718588e+10 1.38284363e-03 6.777268e+01
3.054349e-02 3.430469e+10 1.43502292e-03 7.652248e+01
3.054349e-02 4.328761e+10 1.48932168e-03 8.640193e+01
3.054349e-02 5.462277e+10 1.54580064e-03 9.755686e+01
3.054349e-02 6.892612e+10 1.60451611e-03 1.101519e+02
3.054349e-02 8.697490e+10 1.66551818e-03 1.243731e+02
3.054349e-02 1.097499e+11 1.77613397e-03 1.423378e+02
3.054349e-02 1.384886e+11 1.84362134e-03 1.607144e+02
3.054349e-02 1.747528e+11 1.91355264e-03 1.814634e+02
3.054349e-02 2.205131e+11 1.98593076e-03 2.048913e+02
3.054349e-02 2.782559e+11 2.06073835e-03 2.313438e+02
3.054349e-02 3.511192e+11 2.19640763e-03 2.647595e+02
3.054349e-02 4.430621e+11 2.27809344e-03 2.989413e+02
3.054349e-02 5.590810e+11 2.36204836e-03 3.375362e+02
3.054349e-02 7.054802e+11 2.44811839e-03 3.811138e+02
3.054349e-02 8.902151e+11 2.53609747e-03 4.303176e+02
3.054349e-02 1.123324e+12 2.69753338e-03 4.924734e+02
3.054349e-02 1.417474e+12 2.79094196e-03 5.560543e+02
3.054349e-02 1.788650e+12 2.88525079e-03 6.278437e+02
3.054349e-02 2.257020e+12 2.97992159e-03 7.089016e+02
3.054349e-02 2.848036e+12 3.07429835e-03 8.004244e+02
3.054349e-02 3.593814e+12 3.25422553e-03 9.160392e+02
3.054349e-02 4.534879e+12 3.34798077e-03 1.034305e+03
3.054349e-02 5.722368e+12 3.43849605e-03 1.167839e+03
3.054349e-02 7.220809e+12 3.52441698e-03 1.318612e+03
3.054349e-02 9.111628e+12 3.70274245e-03 1.509075e+03
3.054349e-02 1.149757e+13 3.77646066e-03 1.703905e+03
3.054349e-02 1.450829e+13 3.83983015e-03 1.923888e+03
3.054349e-02 1.830738e+13 3.89043846e-03 2.172271e+03
3.054349e-02 2.310130e+13 4.03296761e-03 2.486038e+03
3.054349e-02 2.915053e+13 4.05019850e-03 2.806999e+03
3.054349e-02 3.678380e+13 4.04529641e-03 3.169396e+03
3.054349e-02 4.641589e+13 4.01487676e-03 3.578582e+03
3.054349e-02 5.857021e+13 4.06371706e-03 4.095479e+03
3.054349e-02 7.390722e+13 3.96967840e-03 4.624226e+03
3.054349e-02 9.326033e+13 3.83961332e-03 5.221237e+03
3.054349e-02 1.176812e+14 3.67127186e-03 5.895326e+03
3.054349e-02 1.484968e+14 3.55822632e-03 6.746858e+03
3.054349e-02 1.873817e+14 3.30464817e-03 7.617912e+03
3.054349e-02 2.364489e+14 3.01340007e-03 8.601423e+03
3.054349e-02 2.983647e+14 2.76299569e-03 9.843829e+03
3.054349e-02 3.764936e+14 2.40458267e-03 1.111472e+04
3.054349e-02 4.750810e+14 2.03155031e-03 1.254968e+04
3.054349e-02 5.994843e+14 1.65737573e-03 1.416991e+04
3.054349e-02 7.564633e+14 1.33280647e-03 1.621664e+04
3.054349e-02 9.545485e+14 9.93565681e-04 1.831029e+04
3.054349e-02 1.204504e+15 6.99127808e-04 2.067425e+04
3.054349e-02 1.519911e+15 4.71679345e-04 2.366047e+04
3.054349e-02 1.917910e+15 2.84988318e-04 2.671516e+04
3.054349e-02 2.420128e+15 1.60062011e-04 3.057395e+04
3.054349e-02 3.053856e+15 7.77257468e-05 3.452120e+04
3.054349e-02 3.853529e+15 3.28103721e-05 3.897807e+04
3.054349e-02 4.862602e+15 1.20241315e-05 4.460813e+04
3.054349e-02 6.135907e+15 3.48468686e-06 5.036727e+04
3.054349e-02 7.742637e+15 7.78168092e-07 5.686995e+04
3.054349e-02 9.770100e+15 1.28741665e-07 6.508435e+04
3.054349e-02 1.232847e+16 1.38326758e-08 7.348707e+04
3.054349e-02 1.555676e+16 9.33218000e-10 8.410168e+04
3.054349e-02 1.963041e+16 3.39433747e-11 9.495964e+04
3.054349e-02 2.477076e+16 6.10518148e-13 1.072194e+05
3.054349e-02 3.125716e+16 4.86760430e-15 1.227064e+05
3.054349e-02 3.944206e+16 1.37361116e-17 1.385484e+05
3.054349e-02 4.977024e+16 1.16094720e-20 1.585606e+05
3.054349e-02 6.280291e+16 2.08485471e-24 1.790316e+05
3.054349e-02 7.924829e+16 5.58887793e-29 2.021455e+05
3.054349e-02 1.000000e+17 1.39556745e-34 2.313438e+05
3.275111e-02 1.261857e+07 4.49797878e-04 1.183701e+00
3.275111e-02 1.592283e+07 4.63704277e-04 1.336523e+00
3.275111e-02 2.009233e+07 4.78137433e-04 1.509075e+00
3.275111e-02 2.535364e+07 5.06607744e-04 1.727049e+00
3.275111e-02 3.199267e+07 5.22590563e-04 1.950020e+00
3.275111e-02 4.037017e+07 5.39189493e-04 2.201778e+00
3.275111e-02 5.094138e+07 5.56431981e-04 2.486038e+00
3.275111e-02 6.428073e+07 5.74346770e-04 2.806999e+00
3.275111e-02 8.111308e+07 5.92964009e-04 3.169396e+00
3.275111e-02 1.023531e+08 6.12315280e-04 3.578582e+00
3.275111e-02 1.291550e+08 6.49731229e-04 4.095479e+00
3.275111e-02 1.629751e+08 6.71223657e-04 4.624226e+00
3.275111e-02 2.056512e+08 6.93577178e-04 5.221237e+00
3.275111e-02 2.595024e+08 7.16830920e-04 5.895326e+00
3.275111e-02 3.274549e+08 7.41025828e-04 6.656443e+00
3.275111e-02 4.132012e+08 7.66204733e-04 7.515823e+00
3.275111e-02 5.214008e+08 7.92412461e-04 8.486155e+00
3.275111e-02 6.579332e+08 8.42115103e-04 9.711911e+00
3.275111e-02 8.302176e+08 8.71299897e-04 1.096577e+01
3.275111e-02 1.047616e+09 9.01692289e-04 1.238151e+01
3.275111e-02 1.321941e+09 9.33346791e-04 1.398002e+01
3.275111e-02 1.668101e+09 9.66320173e-04 1.578491e+01
3.275111e-02 2.104904e+09 1.00067133e-03 1.782283e+01
3.275111e-02 2.656088e+09 1.03646137e-03 2.012384e+01
3.275111e-02 3.351603e+09 1.10312155e-03 2.303057e+01
3.275111e-02 4.229243e+09 1.14304398e-03 2.600393e+01
3.275111e-02 5.336699e+09 1.18464579e-03 2.936118e+01
3.275111e-02 6.734151e+09 1.22799787e-03 3.315185e+01
3.275111e-02 8.497534e+09 1.27317276e-03 3.743193e+01
3.275111e-02 1.072267e+10 1.32024436e-03 4.226458e+01
3.275111e-02 1.353048e+10 1.40673856e-03 4.836936e+01
3.275111e-02 1.707353e+10 1.45922606e-03 5.461409e+01
3.275111e-02 2.154435e+10 1.51389402e-03 6.166505e+01
3.275111e-02 2.718588e+10 1.57081922e-03 6.962632e+01
3.275111e-02 3.430469e+10 1.63007685e-03 7.861543e+01
3.275111e-02 4.328761e+10 1.69173968e-03 8.876509e+01
3.275111e-02 5.462277e+10 1.80390093e-03 1.015865e+02
3.275111e-02 6.892612e+10 1.87239868e-03 1.147018e+02
3.275111e-02 8.697490e+10 1.94356129e-03 1.295104e+02
3.275111e-02 1.097499e+11 2.01743705e-03 1.462309e+02
3.275111e-02 1.384886e+11 2.09406257e-03 1.651100e+02
3.275111e-02 1.747528e+11 2.17345896e-03 1.864266e+02
3.275111e-02 2.205131e+11 2.31732197e-03 2.133544e+02
3.275111e-02 2.782559e+11 2.40456745e-03 2.408995e+02
3.275111e-02 3.511192e+11 2.49459132e-03 2.720009e+02
3.275111e-02 4.430621e+11 2.58730900e-03 3.071176e+02
3.275111e-02 5.590810e+11 2.68259413e-03 3.467680e+02
3.275111e-02 7.054802e+11 2.85631300e-03 3.968559e+02
3.275111e-02 8.902151e+11 2.95887550e-03 4.480920e+02
3.275111e-02 1.123324e+12 3.06333864e-03 5.059430e+02
3.275111e-02 1.417474e+12 3.16930368e-03 5.712628e+02
3.275111e-02 1.788650e+12 3.27627258e-03 6.450157e+02
3.275111e-02 2.257020e+12 3.47617662e-03 7.381830e+02
3.275111e-02 2.848036e+12 3.58610498e-03 8.334862e+02
3.275111e-02 3.593814e+12 3.69473991e-03 9.410936e+02
3.275111e-02 4.534879e+12 3.80097426e-03 1.062594e+03
3.275111e-02 5.722368e+12 3.90349615e-03 1.199780e+03
3.275111e-02 7.220809e+12 4.11018827e-03 1.373078e+03
3.275111e-02 9.111628e+12 4.20287530e-03 1.550350e+03
3.275111e-02 1.149757e+13 4.28619336e-03 1.750508e+03
3.275111e-02 1.450829e+13 4.35771312e-03 1.976507e+03
3.275111e-02 1.830738e+13 4.53543842e-03 2.261998e+03
3.275111e-02 2.310130e+13 4.57590502e-03 2.554033e+03
3.275111e-02 2.915053e+13 4.59486905e-03 2.883772e+03
3.275111e-02 3.678380e+13 4.58865319e-03 3.256082e+03
3.275111e-02 4.641589e+13 4.67796001e-03 3.726396e+03
3.275111e-02 5.857021e+13 4.60798653e-03 4.207493e+03
3.275111e-02 7.390722e+13 4.50044654e-03 4.750702e+03
3.275111e-02 9.326033e+13 4.35200359e-03 5.364042e+03
3.275111e-02 1.176812e+14 4.27391419e-03 6.138835e+03
3.275111e-02 1.484968e+14 4.03086411e-03 6.931390e+03
3.275111e-02 1.873817e+14 3.74237213e-03 7.826267e+03
3.275111e-02 2.364489e+14 3.50457065e-03 8.956708e+03
3.275111e-02 2.983647e+14 3.12646974e-03 1.011307e+04
3.275111e-02 3.764936e+14 2.71958062e-03 1.141871e+04
3.275111e-02 4.750810e+14 2.35920540e-03 1.306805e+04
3.275111e-02 5.994843e+14 1.92344608e-03 1.475521e+04
3.275111e-02 7.564633e+14 1.50447713e-03 1.666018e+04
3.275111e-02 9.545485e+14 1.12058042e-03 1.881109e+04
3.275111e-02 1.204504e+15 8.09263982e-04 2.152820e+04
3.275111e-02 1.519911e+15 5.30834786e-04 2.430761e+04
3.275111e-02 1.917910e+15 3.29057376e-04 2.781864e+04
3.275111e-02 2.420128e+15 1.79608670e-04 3.141017e+04
3.275111e-02 3.053856e+15 8.70559497e-05 3.546539e+04
3.275111e-02 3.853529e+15 3.76717855e-05 4.058807e+04
3.275111e-02 4.862602e+15 1.34035741e-05 4.582820e+04
3.275111e-02 6.135907e+15 3.87256555e-06 5.174486e+04
3.275111e-02 7.742637e+15 8.85178564e-07 5.921898e+04
3.275111e-02 9.770100e+15 1.41916685e-07 6.686446e+04
3.275111e-02 1.232847e+16 1.51667798e-08 7.549700e+04
3.275111e-02 1.555676e+16 1.01661147e-09 8.640193e+04
3.275111e-02 1.963041e+16 3.66881736e-11 9.755686e+04
3.275111e-02 2.477076e+16 6.71565540e-13 1.116482e+05
3.275111e-02 3.125716e+16 5.15287592e-15 1.260625e+05
3.275111e-02 3.944206e+16 1.43434096e-17 1.423378e+05
3.275111e-02 4.977024e+16 1.19240532e-20 1.628974e+05
3.275111e-02 6.280291e+16 2.09888639e-24 1.839282e+05
3.275111e-02 7.924829e+16 5.64101656e-29 2.104952e+05
3.275111e-02 1.000000e+17 1.33066140e-34 2.376712e+05
3.511830e-02 1.261857e+07 5.25105483e-04 1.232595e+00
3.511830e-02 1.592283e+07 5.41339868e-04 1.391729e+00
3.511830e-02 2.009233e+07 5.58189144e-04 1.571408e+00
3.511830e-02 2.535364e+07 5.75680359e-04 1.774285e+00
3.511830e-02 3.199267e+07 5.93841869e-04 2.003355e+00
3.511830e-02 4.037017e+07 6.12703410e-04 2.261998e+00
3.511830e-02 5.094138e+07 6.49589950e-04 2.588725e+00
3.511830e-02 6.428073e+07 6.70503333e-04 2.922943e+00
3.511830e-02 8.111308e+07 6.92236653e-04 3.300310e+00
3.511830e-02 1.023531e+08 7.14826763e-04 3.726396e+00
3.511830e-02 1.291550e+08 7.38312289e-04 4.207493e+00
3.511830e-02 1.629751e+08 7.62733730e-04 4.750702e+00
3.511830e-02 2.056512e+08 7.88133478e-04 5.364042e+00
3.511830e-02 2.595024e+08 8.36834700e-04 6.138835e+00
3.511830e-02 3.274549e+08 8.65078353e-04 6.931390e+00
3.511830e-02 4.132012e+08 8.94470467e-04 7.826267e+00
3.511830e-02 5.214008e+08 9.25063336e-04 8.836679e+00
3.511830e-02 6.579332e+08 9.56911534e-04 9.977539e+00
3.511830e-02 8.302176e+08 9.90072082e-04 1.126569e+01
3.511830e-02 1.047616e+09 1.02460443e-03 1.272015e+01
3.511830e-02 1.321941e+09 1.06057046e-03 1.436238e+01
3.511830e-02 1.668101e+09 1.12806670e-03 1.643692e+01
3.511830e-02 2.104904e+09 1.16816332e-03 1.855900e+01
3.511830e-02 2.656088e+09 1.20993900e-03 2.095507e+01
3.511830e-02 3.351603e+09 1.25346748e-03 2.366047e+01
3.511830e-02 4.229243e+09 1.29882483e-03 2.671516e+01
3.511830e-02 5.336699e+09 1.34608949e-03 3.016423e+01
3.511830e-02 6.734151e+09 1.43350554e-03 3.452120e+01
3.511830e-02 8.497534e+09 1.48623161e-03 3.897807e+01
3.511830e-02 1.072267e+10 1.54117040e-03 4.401034e+01
3.511830e-02 1.353048e+10 1.59840907e-03 4.969230e+01
3.511830e-02 1.707353e+10 1.65803548e-03 5.610783e+01
3.511830e-02 2.154435e+10 1.72013742e-03 6.335163e+01
3.511830e-02 2.718588e+10 1.78480187e-03 7.153065e+01
3.511830e-02 3.430469e+10 1.90277067e-03 8.186268e+01
3.511830e-02 4.328761e+10 1.97472836e-03 9.243157e+01
3.511830e-02 5.462277e+10 2.04957042e-03 1.043650e+02
3.511830e-02 6.892612e+10 2.12737059e-03 1.178390e+02
3.511830e-02 8.697490e+10 2.20819426e-03 1.330526e+02
3.511830e-02 1.097499e+11 2.29209568e-03 1.502304e+02
3.511830e-02 1.384886e+11 2.44418642e-03 1.719300e+02
3.511830e-02 1.747528e+11 2.53681441e-03 1.941270e+02
3.511830e-02 2.205131e+11 2.63267234e-03 2.191898e+02
3.511830e-02 2.782559e+11 2.73173527e-03 2.474883e+02
3.511830e-02 3.511192e+11 2.83394543e-03 2.794403e+02
3.511830e-02 4.430621e+11 3.01959496e-03 3.198032e+02
3.511830e-02 5.590810e+11 3.13071821e-03 3.610914e+02
3.511830e-02 7.054802e+11 3.24461839e-03 4.077102e+02
3.511830e-02 8.902151e+11 3.36101875e-03 4.603477e+02
3.511830e-02 1.123324e+12 3.47956047e-03 5.197809e+02
3.511830e-02 1.417474e+12 3.69824523e-03 5.948590e+02
3.511830e-02 1.788650e+12 3.82290962e-03 6.716584e+02
3.511830e-02 2.257020e+12 3.94800325e-03 7.583729e+02
3.511830e-02 2.848036e+12 4.07265050e-03 8.562827e+02
3.511830e-02 3.593814e+12 4.19579572e-03 9.668332e+02
3.511830e-02 4.534879e+12 4.43422840e-03 1.106484e+03
3.511830e-02 5.722368e+12 4.55352908e-03 1.249337e+03
3.511830e-02 7.220809e+12 4.66665340e-03 1.410633e+03
3.511830e-02 9.111628e+12 4.77150282e-03 1.592753e+03
3.511830e-02 1.149757e+13 4.86565708e-03 1.798386e+03
3.511830e-02 1.450829e+13 5.08164026e-03 2.058148e+03
3.511830e-02 1.830738e+13 5.14751695e-03 2.323865e+03
3.511830e-02 2.310130e+13 5.19280544e-03 2.623888e+03
3.511830e-02 2.915053e+13 5.21361027e-03 2.962645e+03
3.511830e-02 3.678380e+13 5.34814024e-03 3.390576e+03
3.511830e-02 4.641589e+13 5.30616461e-03 3.828316e+03
3.511830e-02 5.857021e+13 5.22578747e-03 4.322572e+03
3.511830e-02 7.390722e+13 5.24228756e-03 4.946932e+03
3.511830e-02 9.326033e+13 5.06813892e-03 5.585606e+03
3.511830e-02 1.176812e+14 4.84335902e-03 6.306737e+03
3.511830e-02 1.484968e+14 4.56650150e-03 7.120968e+03
3.511830e-02 1.873817e+14 4.35409134e-03 8.149535e+03
3.511830e-02 2.364489e+14 3.96727133e-03 9.201681e+03
3.511830e-02 2.983647e+14 3.53762730e-03 1.038967e+04
3.511830e-02 3.764936e+14 3.15973568e-03 1.189037e+04
3.511830e-02 4.750810e+14 2.66645766e-03 1.342548e+04
3.511830e-02 5.994843e+14 2.17244484e-03 1.515877e+04
3.511830e-02 7.564633e+14 1.69788494e-03 1.711585e+04
3.511830e-02 9.545485e+14 1.29802876e-03 1.958809e+04
3.511830e-02 1.204504e+15 9.11483101e-04 2.211702e+04
3.511830e-02 1.519911e+15 5.97141845e-04 2.497244e+04
3.511830e-02 1.917910e+15 3.69622837e-04 2.857950e+04
3.511830e-02 2.420128e+15 2.01407596e-04 3.226926e+04
3.511830e-02 3.053856e+15 1.00092032e-04 3.693030e+04
3.511830e-02 3.853529e+15 4.20610175e-05 4.169819e+04
3.511830e-02 4.862602e+15 1.49238313e-05 4.708164e+04
3.511830e-02 6.135907e+15 4.41514394e-06 5.388220e+04
3.511830e-02 7.742637e+15 9.78456420e-07 6.083867e+04
3.511830e-02 9.770100e+15 1.56125729e-07 6.869325e+04
3.511830e-02 1.232847e+16 1.70431718e-08 7.861543e+04
3.511830e-02 1.555676e+16 1.10424541e-09 8.876509e+04
3.511830e-02 1.963041e+16 4.05973824e-11 1.015865e+05
3.511830e-02 2.477076e+16 7.16031719e-13 1.147018e+05
3.511830e-02 3.125716e+16 5.42730756e-15 1.295104e+05
3.511830e-02 3.944206e+16 1.52936616e-17 1.482171e+05
3.511830e-02 4.977024e+16 1.21575368e-20 1.673527e+05
3.511830e-02 6.280291e+16 2.15166580e-24 1.915255e+05
3.511830e-02 7.924829e+16 5.48309430e-29 2.162524e+05
3.511830e-02 1.000000e+17 1.28669850e-34 2.474883e+05
3.765658e-02 1.261857e+07 5.96868161e-04 1.266307e+00
3.765658e-02 1.592283e+07 6.15320824e-04 1.429794e+00
3.765658e-02 2.009233e+07 6.51825647e-04 1.636316e+00
3.765658e-02 2.535364e+07 6.72250515e-04 1.847573e+00
3.765658e-02 3.199267e+07 6.93458029e-04 2.086104e+00
3.765658e-02 4.037017e+07 7.15482903e-04 2.355431e+00
3.765658e-02 5.094138e+07 7.38361534e-04 2.659529e+00
3.765658e-02 6.428073e+07 7.62132033e-04 3.002888e+00
3.765658e-02 8.111308e+07 7.86834375e-04 3.390576e+00
3.765658e-02 1.023531e+08 8.12510431e-04 3.828316e+00
3.765658e-02 1.291550e+08 8.62156961e-04 4.381286e+00
3.765658e-02 1.629751e+08 8.90673407e-04 4.946932e+00
3.765658e-02 2.056512e+08 9.20332026e-04 5.585606e+00
3.765658e-02 2.595024e+08 9.51184681e-04 6.306737e+00
3.765658e-02 3.274549e+08 9.83285638e-04 7.120968e+00
3.765658e-02 4.132012e+08 1.01669166e-03 8.040322e+00
3.765658e-02 5.214008e+08 1.05146215e-03 9.078369e+00
3.765658e-02 6.579332e+08 1.11740739e-03 1.038967e+01
3.765658e-02 8.302176e+08 1.15612633e-03 1.173102e+01
3.765658e-02 1.047616e+09 1.19644662e-03 1.324556e+01
3.765658e-02 1.321941e+09 1.23844045e-03 1.495563e+01
3.765658e-02 1.668101e+09 1.28218302e-03 1.688648e+01
3.765658e-02 2.104904e+09 1.32775228e-03 1.906661e+01
3.765658e-02 2.656088e+09 1.37522915e-03 2.152820e+01
3.765658e-02 3.351603e+09 1.42469735e-03 2.430761e+01
3.765658e-02 4.229243e+09 1.51661960e-03 2.781864e+01
3.765658e-02 5.336699e+09 1.57180121e-03 3.141017e+01
3.765658e-02 6.734151e+09 1.62930248e-03 3.546539e+01
3.765658e-02 8.497534e+09 1.68921930e-03 4.004415e+01
3.765658e-02 1.072267e+10 1.75164933e-03 4.521405e+01
3.765658e-02 1.353048e+10 1.81669140e-03 5.105142e+01
3.765658e-02 1.707353e+10 1.93598615e-03 5.842538e+01
3.765658e-02 2.154435e+10 2.00848099e-03 6.596840e+01
3.765658e-02 2.718588e+10 2.08396505e-03 7.448526e+01
3.765658e-02 3.430469e+10 2.16253731e-03 8.410168e+01
3.765658e-02 4.328761e+10 2.24429345e-03 9.495964e+01
3.765658e-02 5.462277e+10 2.32932360e-03 1.072194e+02
3.765658e-02 6.892612e+10 2.41771103e-03 1.210620e+02
3.765658e-02 8.697490e+10 2.57816695e-03 1.385484e+02
3.765658e-02 1.097499e+11 2.67608399e-03 1.564357e+02
3.765658e-02 1.384886e+11 2.77763533e-03 1.766324e+02
3.765658e-02 1.747528e+11 2.88284711e-03 1.994365e+02
3.765658e-02 2.205131e+11 2.99172065e-03 2.251848e+02
3.765658e-02 2.782559e+11 3.18912934e-03 2.577109e+02
3.765658e-02 3.511192e+11 3.30837483e-03 2.909827e+02
3.765658e-02 4.430621e+11 3.43116767e-03 3.285501e+02
3.765658e-02 5.590810e+11 3.55733676e-03 3.709676e+02
3.765658e-02 7.054802e+11 3.68664443e-03 4.188614e+02
3.765658e-02 8.902151e+11 3.81877388e-03 4.729385e+02
3.765658e-02 1.123324e+12 4.06144106e-03 5.412507e+02
3.765658e-02 1.417474e+12 4.20160486e-03 6.111289e+02
3.765658e-02 1.788650e+12 4.34304501e-03 6.900288e+02
3.765658e-02 2.257020e+12 4.48494092e-03 7.791150e+02
3.765658e-02 2.848036e+12 4.62629382e-03 8.797027e+02
3.765658e-02 3.593814e+12 4.89625107e-03 1.006769e+03
3.765658e-02 4.534879e+12 5.03640436e-03 1.136748e+03
3.765658e-02 5.722368e+12 5.17153769e-03 1.283508e+03
3.765658e-02 7.220809e+12 5.29959813e-03 1.449215e+03
3.765658e-02 9.111628e+12 5.56638846e-03 1.658542e+03
3.765658e-02 1.149757e+13 5.67568038e-03 1.872669e+03
3.765658e-02 1.450829e+13 5.76919366e-03 2.114440e+03
3.765658e-02 1.830738e+13 5.84328846e-03 2.387425e+03
3.765658e-02 2.310130e+13 6.05512106e-03 2.732269e+03
3.765658e-02 2.915053e+13 6.07848292e-03 3.085019e+03
3.765658e-02 3.678380e+13 6.06832740e-03 3.483310e+03
3.765658e-02 4.641589e+13 6.01958705e-03 3.933024e+03
3.765658e-02 5.857021e+13 6.08928730e-03 4.501117e+03
3.765658e-02 7.390722e+13 5.94450408e-03 5.082234e+03
3.765658e-02 9.326033e+13 5.74551957e-03 5.738377e+03
3.765658e-02 1.176812e+14 5.48906975e-03 6.479231e+03
3.765658e-02 1.484968e+14 5.31506733e-03 7.415103e+03
3.765658e-02 1.873817e+14 4.93104185e-03 8.372431e+03
3.765658e-02 2.364489e+14 4.49102114e-03 9.453354e+03
3.765658e-02 2.983647e+14 4.11215716e-03 1.081881e+04
3.765658e-02 3.764936e+14 3.57309537e-03 1.221558e+04
3.765658e-02 4.750810e+14 3.01333663e-03 1.379267e+04
3.765658e-02 5.994843e+14 2.45323301e-03 1.557338e+04
3.765658e-02 7.564633e+14 1.96808920e-03 1.782283e+04
3.765658e-02 9.545485e+14 1.46309213e-03 2.012384e+04
3.765658e-02 1.204504e+15 1.02621115e-03 2.272193e+04
3.765658e-02 1.519911e+15 6.89768249e-04 2.600393e+04
3.765658e-02 1.917910e+15 4.14941645e-04 2.936118e+04
3.765658e-02 2.420128e+15 2.25688570e-04 3.315185e+04
3.765658e-02 3.053856e+15 1.11918382e-04 3.794037e+04
3.765658e-02 3.853529e+15 4.69122078e-05 4.283867e+04
3.765658e-02 4.862602e+15 1.70494442e-05 4.902636e+04
3.765658e-02 6.135907e+15 4.89232447e-06 5.535592e+04
3.765658e-02 7.742637e+15 1.07960585e-06 6.250265e+04
3.765658e-02 9.770100e+15 1.76072201e-07 7.153065e+04
3.765658e-02 1.232847e+16 1.85932744e-08 8.076563e+04
3.765658e-02 1.555676e+16 1.19567811e-09 9.119288e+04
3.765658e-02 1.963041e+16 4.35624763e-11 1.043650e+05
3.765658e-02 2.477076e+16 7.59982908e-13 1.178390e+05
3.765658e-02 3.125716e+16 5.84068689e-15 1.348599e+05
3.765658e-02 3.944206e+16 1.57686301e-17 1.522710e+05
3.765658e-02 4.977024e+16 1.22977432e-20 1.719300e+05
3.765658e-02 6.280291e+16 2.12663176e-24 1.967639e+05
3.765658e-02 7.924829e+16 5.26843862e-29 2.221671e+05
3.765658e-02 1.000000e+17 1.19425627e-34 2.542573e+05
4.037832e-02 1.261857e+07 6.97201594e-04 1.318612e+00
4.037832e-02 1.592283e+07 7.18755680e-04 1.488852e+00
4.037832e-02 2.009233e+07 7.41126010e-04 1.681071e+00
4.037832e-02 2.535364e+07 7.64348470e-04 1.898105e+00
4.037832e-02 3.199267e+07 7.88460688e-04 2.143160e+00
4.037832e-02 4.037017e+07 8.13502118e-04 2.419853e+00
4.037832e-02 5.094138e+07 8.62475483e-04 2.769382e+00
4.037832e-02 6.428073e+07 8.90240565e-04 3.126923e+00
4.037832e-02 8.111308e+07 9.19093944e-04 3.530625e+00
4.037832e-02 1.023531e+08 9.49084509e-04 3.986446e+00
4.037832e-02 1.291550e+08 9.80263493e-04 4.501117e+00
4.037832e-02 1.629751e+08 1.01268461e-03 5.082234e+00
4.037832e-02 2.056512e+08 1.04640408e-03 5.738377e+00
4.037832e-02 2.595024e+08 1.08148084e-03 6.479231e+00
4.037832e-02 3.274549e+08 1.14855406e-03 7.415103e+00
4.037832e-02 4.132012e+08 1.18757195e-03 8.372431e+00
4.037832e-02 5.214008e+08 1.22818318e-03 9.453354e+00
4.037832e-02 6.579332e+08 1.27046009e-03 1.067383e+01
4.037832e-02 8.302176e+08 1.31447827e-03 1.205188e+01
4.037832e-02 1.047616e+09 1.36031648e-03 1.360784e+01
4.037832e-02 1.321941e+09 1.40805673e-03 1.536468e+01
4.037832e-02 1.668101e+09 1.45778441e-03 1.734834e+01
4.037832e-02 2.104904e+09 1.55087644e-03 1.985416e+01
4.037832e-02 2.656088e+09 1.60632410e-03 2.241744e+01
4.037832e-02 3.351603e+09 1.66409654e-03 2.531164e+01
4.037832e-02 4.229243e+09 1.72429444e-03 2.857950e+01
4.037832e-02 5.336699e+09 1.78702160e-03 3.226926e+01
4.037832e-02 6.734151e+09 1.85238437e-03 3.643539e+01
4.037832e-02 8.497534e+09 1.92049157e-03 4.113939e+01
4.037832e-02 1.072267e+10 2.04592176e-03 4.708164e+01
4.037832e-02 1.353048e+10 2.12187346e-03 5.316012e+01
4.037832e-02 1.707353e+10 2.20098961e-03 6.002336e+01
4.037832e-02 2.154435e+10 2.28338600e-03 6.777268e+01
4.037832e-02 2.718588e+10 2.36917727e-03 7.652248e+01
4.037832e-02 3.430469e+10 2.45847549e-03 8.640193e+01
4.037832e-02 4.328761e+10 2.55138887e-03 9.755686e+01
4.037832e-02 5.462277e+10 2.72044464e-03 1.116482e+02
4.037832e-02 6.892612e+10 2.82363318e-03 1.260625e+02
4.037832e-02 8.697490e+10 2.93082215e-03 1.423378e+02
4.037832e-02 1.097499e+11 3.04208179e-03 1.607144e+02
4.037832e-02 1.384886e+11 3.15746442e-03 1.814634e+02
4.037832e-02 1.747528e+11 3.27699857e-03 2.048913e+02
4.037832e-02 2.205131e+11 3.49369575e-03 2.344861e+02
4.037832e-02 2.782559e+11 3.62499365e-03 2.647595e+02
4.037832e-02 3.511192e+11 3.76044067e-03 2.989413e+02
4.037832e-02 4.430621e+11 3.89990378e-03 3.375362e+02
4.037832e-02 5.590810e+11 4.04318627e-03 3.811138e+02
4.037832e-02 7.054802e+11 4.30461562e-03 4.361626e+02
4.037832e-02 8.902151e+11 4.45873166e-03 4.924734e+02
4.037832e-02 1.123324e+12 4.61563636e-03 5.560543e+02
4.037832e-02 1.417474e+12 4.77471868e-03 6.278437e+02
4.037832e-02 1.788650e+12 4.93521695e-03 7.089016e+02
4.037832e-02 2.257020e+12 5.23557899e-03 8.112967e+02
4.037832e-02 2.848036e+12 5.40028005e-03 9.160392e+02
4.037832e-02 3.593814e+12 5.56289147e-03 1.034305e+03
4.037832e-02 4.534879e+12 5.72172922e-03 1.167839e+03
4.037832e-02 5.722368e+12 5.87480015e-03 1.318612e+03
4.037832e-02 7.220809e+12 6.18441042e-03 1.509075e+03
4.037832e-02 9.111628e+12 6.32221751e-03 1.703905e+03
4.037832e-02 1.149757e+13 6.44568051e-03 1.923888e+03
4.037832e-02 1.450829e+13 6.55112590e-03 2.172271e+03
4.037832e-02 1.830738e+13 6.81587031e-03 2.486038e+03
4.037832e-02 2.310130e+13 6.87394715e-03 2.806999e+03
4.037832e-02 2.915053e+13 6.89937169e-03 3.169396e+03
4.037832e-02 3.678380e+13 6.88662174e-03 3.578582e+03
4.037832e-02 4.641589e+13 7.01675547e-03 4.095479e+03
4.037832e-02 5.857021e+13 6.90749390e-03 4.624226e+03
4.037832e-02 7.390722e+13 6.74156623e-03 5.221237e+03
4.037832e-02 9.326033e+13 6.51406120e-03 5.895326e+03
4.037832e-02 1.176812e+14 6.39148154e-03 6.746858e+03
4.037832e-02 1.484968e+14 6.02193517e-03 7.617912e+03
4.037832e-02 1.873817e+14 5.58454995e-03 8.601423e+03
4.037832e-02 2.364489e+14 5.22289278e-03 9.843829e+03
4.037832e-02 2.983647e+14 4.65249990e-03 1.111472e+04
4.037832e-02 3.764936e+14 4.04015148e-03 1.254968e+04
4.037832e-02 4.750810e+14 3.40485381e-03 1.416991e+04
4.037832e-02 5.994843e+14 2.84551536e-03 1.621664e+04
4.037832e-02 7.564633e+14 2.21997268e-03 1.831029e+04
4.037832e-02 9.545485e+14 1.64858537e-03 2.067425e+04
4.037832e-02 1.204504e+15 1.18647364e-03 2.366047e+04
4.037832e-02 1.519911e+15 7.75140682e-04 2.671516e+04
4.037832e-02 1.917910e+15 4.65515473e-04 3.016423e+04
4.037832e-02 2.420128e+15 2.59609506e-04 3.452120e+04
4.037832e-02 3.053856e+15 1.25023361e-04 3.897807e+04
4.037832e-02 3.853529e+15 5.22632753e-05 4.401034e+04
4.037832e-02 4.862602e+15 1.89333617e-05 5.036727e+04
4.037832e-02 6.135907e+15 5.41221516e-06 5.686995e+04
4.037832e-02 7.742637e+15 1.22139735e-06 6.508435e+04
4.037832e-02 9.770100e+15 1.92827356e-07 7.348707e+04
4.037832e-02 1.232847e+16 2.02272713e-08 8.297463e+04
4.037832e-02 1.555676e+16 1.32559384e-09 9.495964e+04
4.037832e-02 1.963041e+16 4.65540287e-11 1.072194e+05
4.037832e-02 2.477076e+16 8.02685828e-13 1.210620e+05
4.037832e-02 3.125716e+16 6.08221042e-15 1.385484e+05
4.037832e-02 3.944206e+16 1.61432584e-17 1.564357e+05
4.037832e-02 4.977024e+16 1.26709331e-20 1.790316e+05
4.037832e-02 6.280291e+16 2.08032257e-24 2.021455e+05
4.037832e-02 7.924829e+16 5.13626255e-29 2.313438e+05
4.037832e-02 1.000000e+17 1.09186131e-34 2.612114e+05
4.329679e-02 1.261857e+07 7.92970922e-04 1.354678e+00
4.329679e-02 1.592283e+07 8.17485156e-04 1.529573e+00
4.329679e-02 2.009233e+07 8.42927647e-04 1.727049e+00
4.329679e-02 2.535364e+07 8.93116291e-04 1.976507e+00
4.329679e-02 3.199267e+07 9.21289729e-04 2.231685e+00
4.329679e-02 4.037017e+07 9.50548762e-04 2.519806e+00
4.329679e-02 5.094138e+07 9.80941707e-04 2.845126e+00
4.329679e-02 6.428073e+07 1.01251915e-03 3.212447e+00
4.329679e-02 8.111308e+07 1.04533416e-03 3.627190e+00
4.329679e-02 1.023531e+08 1.07944230e-03 4.095479e+00
4.329679e-02 1.291550e+08 1.11490181e-03 4.624226e+00
4.329679e-02 1.629751e+08 1.18327564e-03 5.292158e+00
4.329679e-02 2.056512e+08 1.22267277e-03 5.975403e+00
4.329679e-02 2.595024e+08 1.26365542e-03 6.746858e+00
4.329679e-02 3.274549e+08 1.30629558e-03 7.617912e+00
4.329679e-02 4.132012e+08 1.35066856e-03 8.601423e+00
4.329679e-02 5.214008e+08 1.39685314e-03 9.711911e+00
4.329679e-02 6.579332e+08 1.44493152e-03 1.096577e+01
4.329679e-02 8.302176e+08 1.49498959e-03 1.238151e+01
4.329679e-02 1.047616e+09 1.58943168e-03 1.416991e+01
4.329679e-02 1.321941e+09 1.64520615e-03 1.599932e+01
4.329679e-02 1.668101e+09 1.70330176e-03 1.806492e+01
4.329679e-02 2.104904e+09 1.76382183e-03 2.039719e+01
4.329679e-02 2.656088e+09 1.82687356e-03 2.303057e+01
4.329679e-02 3.351603e+09 1.89256783e-03 2.600393e+01
4.329679e-02 4.229243e+09 1.96101896e-03 2.936118e+01
4.329679e-02 5.336699e+09 2.03234478e-03 3.315185e+01
4.329679e-02 6.734151e+09 2.16428493e-03 3.794037e+01
4.329679e-02 8.497534e+09 2.24384308e-03 4.283867e+01
4.329679e-02 1.072267e+10 2.32673450e-03 4.836936e+01
4.329679e-02 1.353048e+10 2.41308979e-03 5.461409e+01
4.329679e-02 1.707353e+10 2.50304049e-03 6.166505e+01
4.329679e-02 2.154435e+10 2.59671782e-03 6.962632e+01
4.329679e-02 2.718588e+10 2.76794149e-03 7.968328e+01
4.329679e-02 3.430469e+10 2.87223523e-03 8.997080e+01
4.329679e-02 4.328761e+10 2.98074700e-03 1.015865e+02
4.329679e-02 5.462277e+10 3.09359504e-03 1.147018e+02
4.329679e-02 6.892612e+10 3.21088825e-03 1.295104e+02
4.329679e-02 8.697490e+10 3.33272253e-03 1.462309e+02
4.329679e-02 1.097499e+11 3.45917664e-03 1.651100e+02
4.329679e-02 1.384886e+11 3.68850650e-03 1.889588e+02
4.329679e-02 1.747528e+11 3.82806308e-03 2.133544e+02
4.329679e-02 2.205131e+11 3.97245603e-03 2.408995e+02
4.329679e-02 2.782559e+11 4.12164243e-03 2.720009e+02
4.329679e-02 3.511192e+11 4.27552913e-03 3.071176e+02
4.329679e-02 4.430621e+11 4.55523476e-03 3.514782e+02
4.329679e-02 5.590810e+11 4.72243980e-03 3.968559e+02
4.329679e-02 7.054802e+11 4.89376164e-03 4.480920e+02
4.329679e-02 8.902151e+11 5.06877293e-03 5.059430e+02
4.329679e-02 1.123324e+12 5.24692140e-03 5.712628e+02
4.329679e-02 1.417474e+12 5.42750800e-03 6.450157e+02
4.329679e-02 1.788650e+12 5.76309050e-03 7.381830e+02
4.329679e-02 2.257020e+12 5.95073685e-03 8.334862e+02
4.329679e-02 2.848036e+12 6.13755630e-03 9.410936e+02
4.329679e-02 3.593814e+12 6.32193878e-03 1.062594e+03
4.329679e-02 4.534879e+12 6.50196305e-03 1.199780e+03
4.329679e-02 5.722368e+12 6.85793231e-03 1.373078e+03
4.329679e-02 7.220809e+12 7.02651624e-03 1.550350e+03
4.329679e-02 9.111628e+12 7.18236360e-03 1.750508e+03
4.329679e-02 1.149757e+13 7.32180589e-03 1.976507e+03
4.329679e-02 1.450829e+13 7.64416936e-03 2.261998e+03
4.329679e-02 1.830738e+13 7.74028758e-03 2.554033e+03
4.329679e-02 2.310130e+13 7.80504416e-03 2.883772e+03
4.329679e-02 2.915053e+13 7.83257277e-03 3.256082e+03
4.329679e-02 3.678380e+13 8.03039449e-03 3.726396e+03
4.329679e-02 4.641589e+13 7.96260785e-03 4.207493e+03
4.329679e-02 5.857021e+13 7.83673691e-03 4.750702e+03
4.329679e-02 7.390722e+13 7.64642433e-03 5.364042e+03
4.329679e-02 9.326033e+13 7.58815470e-03 6.138835e+03
4.329679e-02 1.176812e+14 7.24466137e-03 6.931390e+03
4.329679e-02 1.484968e+14 6.82313479e-03 7.826267e+03
4.329679e-02 1.873817e+14 6.49775666e-03 8.956708e+03
4.329679e-02 2.364489e+14 5.91221181e-03 1.011307e+04
4.329679e-02 2.983647e+14 5.26352981e-03 1.141871e+04
4.329679e-02 3.764936e+14 4.56777446e-03 1.289293e+04
4.329679e-02 4.750810e+14 3.95183662e-03 1.475521e+04
4.329679e-02 5.994843e+14 3.21195015e-03 1.666018e+04
4.329679e-02 7.564633e+14 2.50336660e-03 1.881109e+04
4.329679e-02 9.545485e+14 1.90769375e-03 2.152820e+04
4.329679e-02 1.204504e+15 1.33462266e-03 2.430761e+04
4.329679e-02 1.519911e+15 8.70578685e-04 2.744584e+04
4.329679e-02 1.917910e+15 5.36160138e-04 3.141017e+04
4.329679e-02 2.420128e+15 2.90430568e-04 3.546539e+04
4.329679e-02 3.053856e+15 1.39519216e-04 4.004415e+04
4.329679e-02 3.853529e+15 5.97433334e-05 4.582820e+04
4.329679e-02 4.862602e+15 2.09943517e-05 5.174486e+04
4.329679e-02 6.135907e+15 5.97676049e-06 5.842538e+04
4.329679e-02 7.742637e+15 1.34217664e-06 6.686446e+04
4.329679e-02 9.770100e+15 2.10641443e-07 7.549700e+04
4.329679e-02 1.232847e+16 2.25379410e-08 8.640193e+04
4.329679e-02 1.555676e+16 1.42527244e-09 9.755686e+04
4.329679e-02 1.963041e+16 4.95324304e-11 1.101519e+05
4.329679e-02 2.477076e+16 8.66373606e-13 1.260625e+05
4.329679e-02 3.125716e+16 6.29347059e-15 1.423378e+05
4.329679e-02 3.944206e+16 1.68490316e-17 1.628974e+05
4.329679e-02 4.977024e+16 1.25910115e-20 1.839282e+05
4.329679e-02 6.280291e+16 2.01248353e-24 2.076743e+05
4.329679e-02 7.924829e+16 4.80897544e-29 2.376712e+05
4.329679e-02 1.000000e+17 9.82119870e-35 2.683558e+05
4.642620e-02 1.261857e+07 9.26875444e-04 1.410633e+00
4.642620e-02 1.592283e+07 9.55528532e-04 1.592753e+00
4.642620e-02 2.009233e+07 9.85266489e-04 1.798386e+00
4.642620e-02 2.535364e+07 1.01613699e-03 2.030566e+00
4.642620e-02 3.199267e+07 1.04819001e-03 2.292723e+00
4.642620e-02 4.037017e+07 1.08147797e-03 2.588725e+00
4.642620e-02 5.094138e+07 1.11605581e-03 2.922943e+00
4.642620e-02 6.428073e+07 1.15198106e-03 3.300310e+00
4.642620e-02 8.111308e+07 1.22184271e-03 3.777013e+00
4.642620e-02 1.023531e+08 1.26170797e-03 4.264644e+00
4.642620e-02 1.291550e+08 1.30315243e-03 4.815232e+00
4.642620e-02 1.629751e+08 1.34624741e-03 5.436903e+00
4.642620e-02 2.056512e+08 1.39106757e-03 6.138835e+00
4.642620e-02 2.595024e+08 1.43769112e-03 6.931390e+00
4.642620e-02 3.274549e+08 1.48619992e-03 7.826267e+00
4.642620e-02 4.132012e+08 1.53667957e-03 8.836679e+00
4.642620e-02 5.214008e+08 1.63268600e-03 1.011307e+01
4.642620e-02 6.579332e+08 1.68887581e-03 1.141871e+01
4.642620e-02 8.302176e+08 1.74737864e-03 1.289293e+01
4.642620e-02 1.047616e+09 1.80829900e-03 1.455747e+01
4.642620e-02 1.321941e+09 1.87174564e-03 1.643692e+01
4.642620e-02 1.668101e+09 1.93783179e-03 1.855900e+01
4.642620e-02 2.104904e+09 2.00667483e-03 2.095507e+01
4.642620e-02 2.656088e+09 2.07839654e-03 2.366047e+01
4.642620e-02 3.351603e+09 2.21201243e-03 2.707804e+01
4.642620e-02 4.229243e+09 2.29200273e-03 3.057395e+01
4.642620e-02 5.336699e+09 2.37535063e-03 3.452120e+01
4.642620e-02 6.734151e+09 2.46219693e-03 3.897807e+01
4.642620e-02 8.497534e+09 2.55268557e-03 4.401034e+01
4.642620e-02 1.072267e+10 2.64696306e-03 4.969230e+01
4.642620e-02 1.353048e+10 2.74517751e-03 5.610783e+01
4.642620e-02 1.707353e+10 2.92535878e-03 6.421215e+01
4.642620e-02 2.154435e+10 3.03480799e-03 7.250226e+01
4.642620e-02 2.718588e+10 3.14875897e-03 8.186268e+01
4.642620e-02 3.430469e+10 3.26735923e-03 9.243157e+01
4.642620e-02 4.328761e+10 3.39075098e-03 1.043650e+02
4.642620e-02 5.462277e+10 3.51906778e-03 1.178390e+02
4.642620e-02 6.892612e+10 3.65243243e-03 1.330526e+02
4.642620e-02 8.697490e+10 3.89463828e-03 1.522710e+02
4.642620e-02 1.097499e+11 4.04233468e-03 1.719300e+02
4.642620e-02 1.384886e+11 4.19548488e-03 1.941270e+02
4.642620e-02 1.747528e+11 4.35412331e-03 2.191898e+02
4.642620e-02 2.205131e+11 4.51824626e-03 2.474883e+02
4.642620e-02 2.782559e+11 4.68780257e-03 2.794403e+02
4.642620e-02 3.511192e+11 4.99568183e-03 3.198032e+02
4.642620e-02 4.430621e+11 5.18063395e-03 3.610914e+02
4.642620e-02 5.590810e+11 5.37060601e-03 4.077102e+02
4.642620e-02 7.054802e+11 5.56522837e-03 4.603477e+02
4.642620e-02 8.902151e+11 5.76401069e-03 5.197809e+02
4.642620e-02 1.123324e+12 6.12950355e-03 5.948590e+02
4.642620e-02 1.417474e+12 6.34014760e-03 6.716584e+02
4.642620e-02 1.788650e+12 6.55256952e-03 7.583729e+02
4.642620e-02 2.257020e+12 6.76551187e-03 8.562827e+02
4.642620e-02 2.848036e+12 6.97744665e-03 9.668332e+02
4.642620e-02 3.593814e+12 7.38309238e-03 1.106484e+03
4.642620e-02 4.534879e+12 7.59272237e-03 1.249337e+03
4.642620e-02 5.722368e+12 7.79451094e-03 1.410633e+03
4.642620e-02 7.220809e+12 7.98533430e-03 1.592753e+03
4.642620e-02 9.111628e+12 8.16156200e-03 1.798386e+03
4.642620e-02 1.149757e+13 8.54654583e-03 2.058148e+03
4.642620e-02 1.450829e+13 8.68412392e-03 2.323865e+03
4.642620e-02 1.830738e+13 8.79201465e-03 2.623888e+03
4.642620e-02 2.310130e+13 8.86410662e-03 2.962645e+03
4.642620e-02 2.915053e+13 9.13698331e-03 3.390576e+03
4.642620e-02 3.678380e+13 9.11647987e-03 3.828316e+03
4.642620e-02 4.641589e+13 9.03744364e-03 4.322572e+03
4.642620e-02 5.857021e+13 8.89228429e-03 4.880638e+03
4.642620e-02 7.390722e+13 8.91105425e-03 5.585606e+03
4.642620e-02 9.326033e+13 8.60490395e-03 6.306737e+03
4.642620e-02 1.176812e+14 8.21235100e-03 7.120968e+03
4.642620e-02 1.484968e+14 7.73128687e-03 8.040322e+03
4.642620e-02 1.873817e+14 7.35910988e-03 9.201681e+03
4.642620e-02 2.364489e+14 6.69233313e-03 1.038967e+04
4.642620e-02 2.983647e+14 5.95439336e-03 1.173102e+04
4.642620e-02 3.764936e+14 5.30491510e-03 1.342548e+04
4.642620e-02 4.750810e+14 4.46379162e-03 1.515877e+04
4.642620e-02 5.994843e+14 3.62469318e-03 1.711585e+04
4.642620e-02 7.564633e+14 2.89922334e-03 1.958809e+04
4.642620e-02 9.545485e+14 2.14788328e-03 2.211702e+04
4.642620e-02 1.204504e+15 1.50050786e-03 2.497244e+04
4.642620e-02 1.519911e+15 1.00388099e-03 2.857950e+04
4.642620e-02 1.917910e+15 6.00625918e-04 3.226926e+04
4.642620e-02 2.420128e+15 3.24609819e-04 3.643539e+04
4.642620e-02 3.053856e+15 1.59775721e-04 4.169819e+04
4.642620e-02 3.853529e+15 6.63867986e-05 4.708164e+04
4.642620e-02 4.862602e+15 2.32423925e-05 5.316012e+04
4.642620e-02 6.135907e+15 6.76772515e-06 6.083867e+04
4.642620e-02 7.742637e+15 1.47152050e-06 6.869325e+04
4.642620e-02 9.770100e+15 2.29470037e-07 7.756190e+04
4.642620e-02 1.232847e+16 2.43635881e-08 8.876509e+04
4.642620e-02 1.555676e+16 1.52639171e-09 1.002251e+05
4.642620e-02 1.963041e+16 5.38856859e-11 1.147018e+05
4.642620e-02 2.477076e+16 9.05022025e-13 1.295104e+05
4.642620e-02 3.125716e+16 6.46735693e-15 1.462309e+05
4.642620e-02 3.944206e+16 1.69761543e-17 1.673527e+05
4.642620e-02 4.977024e+16 1.23873248e-20 1.889588e+05
4.642620e-02 6.280291e+16 1.97618438e-24 2.162524e+05
4.642620e-02 7.924829e+16 4.43759790e-29 2.441717e+05
4.642620e-02 1.000000e+17 8.68003489e-35 2.756955e+05
4.978179e-02 1.261857e+07 1.05492718e-03 1.449215e+00
4.978179e-02 1.592283e+07 1.08753791e-03 1.636316e+00
4.978179e-02 2.009233e+07 1.12138322e-03 1.847573e+00
4.978179e-02 2.535364e+07 1.15651735e-03 2.086104e+00
4.978179e-02 3.199267e+07 1.19299717e-03 2.355431e+00
4.978179e-02 4.037017e+07 1.26454786e-03 2.695653e+00
4.978179e-02 5.094138e+07 1.30497712e-03 3.043676e+00
4.978179e-02 6.428073e+07 1.34698156e-03 3.436630e+00
4.978179e-02 8.111308e+07 1.39063171e-03 3.880317e+00
4.978179e-02 1.023531e+08 1.43600140e-03 4.381286e+00
4.978179e-02 1.291550e+08 1.48316802e-03 4.946932e+00
4.978179e-02 1.629751e+08 1.53221269e-03 5.585606e+00
4.978179e-02 2.056512e+08 1.58322029e-03 6.306737e+00
4.978179e-02 2.595024e+08 1.63627980e-03 7.120968e+00
4.978179e-02 3.274549e+08 1.73774770e-03 8.149535e+00
4.978179e-02 4.132012e+08 1.79676573e-03 9.201681e+00
4.978179e-02 5.214008e+08 1.85819202e-03 1.038967e+01
4.978179e-02 6.579332e+08 1.92213572e-03 1.173102e+01
4.978179e-02 8.302176e+08 1.98871083e-03 1.324556e+01
4.978179e-02 1.047616e+09 2.05803612e-03 1.495563e+01
4.978179e-02 1.321941e+09 2.13023524e-03 1.688648e+01
4.978179e-02 1.668101e+09 2.20543685e-03 1.906661e+01
4.978179e-02 2.104904e+09 2.34623733e-03 2.182063e+01
4.978179e-02 2.656088e+09 2.43008124e-03 2.463778e+01
4.978179e-02 3.351603e+09 2.51743595e-03 2.781864e+01
4.978179e-02 4.229243e+09 2.60845296e-03 3.141017e+01
4.978179e-02 5.336699e+09 2.70328836e-03 3.546539e+01
4.978179e-02 6.734151e+09 2.80210199e-03 4.004415e+01
4.978179e-02 8.497534e+09 2.90505728e-03 4.521405e+01
4.978179e-02 1.072267e+10 3.01232045e-03 5.105142e+01
4.978179e-02 1.353048e+10 3.20950495e-03 5.842538e+01
4.978179e-02 1.707353e+10 3.32907227e-03 6.596840e+01
4.978179e-02 2.154435e+10 3.45358483e-03 7.448526e+01
4.978179e-02 2.718588e+10 3.58321382e-03 8.410168e+01
4.978179e-02 3.430469e+10 3.71812618e-03 9.495964e+01
4.978179e-02 4.328761e+10 3.85848274e-03 1.072194e+02
4.978179e-02 5.462277e+10 4.11395866e-03 1.227064e+02
4.978179e-02 6.892612e+10 4.26979238e-03 1.385484e+02
4.978179e-02 8.697490e+10 4.43164093e-03 1.564357e+02
4.978179e-02 1.097499e+11 4.59960574e-03 1.766324e+02
4.978179e-02 1.384886e+11 4.77376042e-03 1.994365e+02
4.978179e-02 1.747528e+11 4.95414195e-03 2.251848e+02
4.978179e-02 2.205131e+11 5.14074358e-03 2.542573e+02
4.978179e-02 2.782559e+11 5.47937971e-03 2.909827e+02
4.978179e-02 3.511192e+11 5.68360992e-03 3.285501e+02
4.978179e-02 4.430621e+11 5.89382603e-03 3.709676e+02
4.978179e-02 5.590810e+11 6.10971903e-03 4.188614e+02
4.978179e-02 7.054802e+11 6.33086371e-03 4.729385e+02
4.978179e-02 8.902151e+11 6.73602764e-03 5.412507e+02
4.978179e-02 1.123324e+12 6.97210867e-03 6.111289e+02
4.978179e-02 1.417474e+12 7.21131865e-03 6.900288e+02
4.978179e-02 1.788650e+12 7.45248588e-03 7.791150e+02
4.978179e-02 2.257020e+12 7.69417178e-03 8.797027e+02
4.978179e-02 2.848036e+12 8.15164751e-03 1.006769e+03
4.978179e-02 3.593814e+12 8.39526106e-03 1.136748e+03
4.978179e-02 4.534879e+12 8.63288068e-03 1.283508e+03
4.978179e-02 5.722368e+12 8.86146496e-03 1.449215e+03
4.978179e-02 7.220809e+12 9.07744967e-03 1.636316e+03
4.978179e-02 9.111628e+12 9.53041924e-03 1.872669e+03
4.978179e-02 1.149757e+13 9.71302150e-03 2.114440e+03
4.978179e-02 1.450829e+13 9.86795886e-03 2.387425e+03
4.978179e-02 1.830738e+13 9.98896213e-03 2.695653e+03
4.978179e-02 2.310130e+13 1.03444755e-02 3.085019e+03
4.978179e-02 2.915053e+13 1.03769920e-02 3.483310e+03
4.978179e-02 3.678380e+13 1.03514126e-02 3.933024e+03
4.978179e-02 4.641589e+13 1.02591255e-02 4.440797e+03
4.978179e-02 5.857021e+13 1.03675469e-02 5.082234e+03
4.978179e-02 7.390722e+13 1.01096751e-02 5.738377e+03
4.978179e-02 9.326033e+13 9.75890603e-03 6.479231e+03
4.978179e-02 1.176812e+14 9.31000384e-03 7.315732e+03
4.978179e-02 1.484968e+14 9.00030826e-03 8.372431e+03
4.978179e-02 1.873817e+14 8.33470690e-03 9.453354e+03
4.978179e-02 2.364489e+14 7.57513434e-03 1.067383e+04
4.978179e-02 2.983647e+14 6.73538896e-03 1.205188e+04
4.978179e-02 3.764936e+14 5.99618144e-03 1.379267e+04
4.978179e-02 4.750810e+14 5.04107635e-03 1.557338e+04
4.978179e-02 5.994843e+14 4.08937801e-03 1.758398e+04
4.978179e-02 7.564633e+14 3.26714267e-03 2.012384e+04
4.978179e-02 9.545485e+14 2.41723853e-03 2.272193e+04
4.978179e-02 1.204504e+15 1.68607594e-03 2.565545e+04
4.978179e-02 1.519911e+15 1.12600728e-03 2.936118e+04
4.978179e-02 1.917910e+15 6.72283190e-04 3.315185e+04
4.978179e-02 2.420128e+15 3.62446298e-04 3.743193e+04
4.978179e-02 3.053856e+15 1.77886262e-04 4.283867e+04
4.978179e-02 3.853529e+15 7.36618924e-05 4.836936e+04
4.978179e-02 4.862602e+15 2.56864619e-05 5.461409e+04
4.978179e-02 6.135907e+15 7.44386773e-06 6.250265e+04
4.978179e-02 7.742637e+15 1.60932692e-06 7.057206e+04
4.978179e-02 9.770100e+15 2.56056287e-07 8.076563e+04
4.978179e-02 1.232847e+16 2.62433637e-08 9.119288e+04
4.978179e-02 1.555676e+16 1.62769892e-09 1.029663e+05
4.978179e-02 1.963041e+16 5.67678446e-11 1.178390e+05
4.978179e-02 2.477076e+16 9.39558316e-13 1.330526e+05
4.978179e-02 3.125716e+16 6.59672388e-15 1.502304e+05
4.978179e-02 3.944206e+16 1.69516182e-17 1.719300e+05
4.978179e-02 4.977024e+16 1.20561433e-20 1.941270e+05
4.978179e-02 6.280291e+16 1.86447315e-24 2.221671e+05
4.978179e-02 7.924829e+16 4.03110213e-29 2.508500e+05
4.978179e-02 1.000000e+17 7.73286982e-35 2.870832e+05
5.337992e-02 1.261857e+07 1.20112739e-03 1.488852e+00
5.337992e-02 1.592283e+07 1.23825647e-03 1.681071e+00
5.337992e-02 2.009233e+07 1.31171224e-03 1.923888e+00
5.337992e-02 2.535364e+07 1.35280806e-03 2.172271e+00
5.337992e-02 3.199267e+07 1.39547770e-03 2.452723e+00
5.337992e-02 4.037017e+07 1.43979085e-03 2.769382e+00
5.337992e-02 5.094138e+07 1.48582060e-03 3.126923e+00
5.337992e-02 6.428073e+07 1.53364345e-03 3.530625e+00
5.337992e-02 8.111308e+07 1.58333964e-03 3.986446e+00
5.337992e-02 1.023531e+08 1.63499319e-03 4.501117e+00
5.337992e-02 1.291550e+08 1.68869214e-03 5.082234e+00
5.337992e-02 1.629751e+08 1.79224300e-03 5.816322e+00
5.337992e-02 2.056512e+08 1.85190222e-03 6.567239e+00
5.337992e-02 2.595024e+08 1.91396080e-03 7.415103e+00
5.337992e-02 3.274549e+08 1.97852754e-03 8.372431e+00
5.337992e-02 4.132012e+08 2.04571616e-03 9.453354e+00
5.337992e-02 5.214008e+08 2.11564566e-03 1.067383e+01
5.337992e-02 6.579332e+08 2.18844016e-03 1.205188e+01
5.337992e-02 8.302176e+08 2.26422930e-03 1.360784e+01
5.337992e-02 1.047616e+09 2.34314815e-03 1.536468e+01
5.337992e-02 1.321941e+09 2.49167212e-03 1.758398e+01
5.337992e-02 1.668101e+09 2.57961918e-03 1.985416e+01
5.337992e-02 2.104904e+09 2.67123203e-03 2.241744e+01
5.337992e-02 2.656088e+09 2.76667222e-03 2.531164e+01
5.337992e-02 3.351603e+09 2.86610677e-03 2.857950e+01
5.337992e-02 4.229243e+09 2.96970781e-03 3.226926e+01
5.337992e-02 5.336699e+09 3.07765263e-03 3.643539e+01
5.337992e-02 6.734151e+09 3.19012276e-03 4.113939e+01
5.337992e-02 8.497534e+09 3.39776104e-03 4.708164e+01
5.337992e-02 1.072267e+10 3.52318052e-03 5.316012e+01
5.337992e-02 1.353048e+10 3.65382935e-03 6.002336e+01
5.337992e-02 1.707353e+10 3.78990459e-03 6.777268e+01
5.337992e-02 2.154435e+10 3.93160250e-03 7.652248e+01
5.337992e-02 2.718588e+10 4.07911696e-03 8.640193e+01
5.337992e-02 3.430469e+10 4.23263693e-03 9.755686e+01
5.337992e-02 4.328761e+10 4.51247822e-03 1.116482e+02
5.337992e-02 5.462277e+10 4.68308512e-03 1.260625e+02
5.337992e-02 6.892612e+10 4.86038375e-03 1.423378e+02
5.337992e-02 8.697490e+10 5.04451404e-03 1.607144e+02
5.337992e-02 1.097499e+11 5.23558933e-03 1.814634e+02
5.337992e-02 1.384886e+11 5.43369101e-03 2.048913e+02
5.337992e-02 1.747528e+11 5.79308557e-03 2.344861e+02
5.337992e-02 2.205131e+11 6.01111249e-03 2.647595e+02
5.337992e-02 2.782559e+11 6.23631245e-03 2.989413e+02
5.337992e-02 3.511192e+11 6.46853329e-03 3.375362e+02
5.337992e-02 4.430621e+11 6.70752978e-03 3.811138e+02
5.337992e-02 5.590810e+11 6.95294512e-03 4.303176e+02
5.337992e-02 7.054802e+11 7.40133247e-03 4.924734e+02
5.337992e-02 8.902151e+11 7.66497776e-03 5.560543e+02
5.337992e-02 1.123324e+12 7.93319331e-03 6.278437e+02
5.337992e-02 1.417474e+12 8.20489877e-03 7.089016e+02
5.337992e-02 1.788650e+12 8.47875166e-03 8.004244e+02
5.337992e-02 2.257020e+12 8.99250912e-03 9.160392e+02
5.337992e-02 2.848036e+12 9.27282675e-03 1.034305e+03
5.337992e-02 3.593814e+12 9.54913653e-03 1.167839e+03
5.337992e-02 4.534879e+12 9.81849764e-03 1.318612e+03
5.337992e-02 5.722368e+12 1.00774361e-02 1.488852e+03
5.337992e-02 7.220809e+12 1.06041943e-02 1.703905e+03
5.337992e-02 9.111628e+12 1.08355856e-02 1.923888e+03
5.337992e-02 1.149757e+13 1.10416543e-02 2.172271e+03
5.337992e-02 1.450829e+13 1.12160491e-02 2.452723e+03
5.337992e-02 1.830738e+13 1.13516302e-02 2.769382e+03
5.337992e-02 2.310130e+13 1.17533910e-02 3.169396e+03
5.337992e-02 2.915053e+13 1.17878185e-02 3.578582e+03
5.337992e-02 3.678380e+13 1.17559561e-02 4.040595e+03
5.337992e-02 4.641589e+13 1.16480350e-02 4.562256e+03
5.337992e-02 5.857021e+13 1.17676084e-02 5.221237e+03
5.337992e-02 7.390722e+13 1.14710485e-02 5.895326e+03
5.337992e-02 9.326033e+13 1.10688439e-02 6.656443e+03
5.337992e-02 1.176812e+14 1.08438542e-02 7.617912e+03
5.337992e-02 1.484968e+14 1.01991005e-02 8.601423e+03
5.337992e-02 1.873817e+14 9.43965077e-03 9.711911e+03
5.337992e-02 2.364489e+14 8.57401513e-03 1.096577e+04
5.337992e-02 2.983647e+14 7.82646326e-03 1.254968e+04
5.337992e-02 3.764936e+14 6.77648882e-03 1.416991e+04
5.337992e-02 4.750810e+14 5.69176860e-03 1.599932e+04
5.337992e-02 5.994843e+14 4.73841655e-03 1.831029e+04
5.337992e-02 7.564633e+14 3.68033434e-03 2.067425e+04
5.337992e-02 9.545485e+14 2.71904631e-03 2.334340e+04
5.337992e-02 1.204504e+15 1.89344486e-03 2.635715e+04
5.337992e-02 1.519911e+15 1.26205066e-03 3.016423e+04
5.337992e-02 1.917910e+15 7.51807969e-04 3.405858e+04
5.337992e-02 2.420128e+15 4.04250049e-04 3.845572e+04
5.337992e-02 3.053856e+15 1.97789009e-04 4.401034e+04
5.337992e-02 3.853529e+15 8.16054044e-05 4.969230e+04
5.337992e-02 4.862602e+15 2.91090217e-05 5.686995e+04
5.337992e-02 6.135907e+15 8.16914335e-06 6.421215e+04
5.337992e-02 7.742637e+15 1.75530825e-06 7.250226e+04
5.337992e-02 9.770100e+15 2.77221768e-07 8.297463e+04
5.337992e-02 1.232847e+16 2.81592325e-08 9.368708e+04
5.337992e-02 1.555676e+16 1.72770176e-09 1.057826e+05
5.337992e-02 1.963041e+16 5.94718711e-11 1.210620e+05
5.337992e-02 2.477076e+16 9.68899159e-13 1.366917e+05
5.337992e-02 3.125716e+16 6.85723195e-15 1.564357e+05
5.337992e-02 3.944206e+16 1.67638122e-17 1.766324e+05
5.337992e-02 4.977024e+16 1.15976871e-20 1.994365e+05
5.337992e-02 6.280291e+16 1.73451265e-24 2.282435e+05
5.337992e-02 7.924829e+16 3.60019263e-29 2.577109e+05
5.337992e-02 1.000000e+17 6.56922456e-35 2.949352e+05
5.723812e-02 1.261857e+07 1.40556245e-03 1.550350e+00
5.723812e-02 1.592283e+07 1.44900958e-03 1.750508e+00
5.723812e-02 2.009233e+07 1.49410114e-03 1.976507e+00
5.723812e-02 2.535364e+07 1.54090932e-03 2.231685e+00
5.723812e-02 3.199267e+07 1.58950981e-03 2.519806e+00
5.723812e-02 4.037017e+07 1.63998197e-03 2.845126e+00
5.723812e-02 5.094138e+07 1.69240899e-03 3.212447e+00
5.723812e-02 6.428073e+07 1.74687796e-03 3.627190e+00
5.723812e-02 8.111308e+07 1.80348022e-03 4.095479e+00
5.723812e-02 1.023531e+08 1.91324705e-03 4.687038e+00
5.723812e-02 1.291550e+08 1.97608014e-03 5.292158e+00
5.723812e-02 1.629751e+08 2.04141400e-03 5.975403e+00
5.723812e-02 2.056512e+08 2.10936153e-03 6.746858e+00
5.723812e-02 2.595024e+08 2.18004107e-03 7.617912e+00
5.723812e-02 3.274549e+08 2.25357639e-03 8.601423e+00
5.723812e-02 4.132012e+08 2.33009692e-03 9.711911e+00
5.723812e-02 5.214008e+08 2.40973804e-03 1.096577e+01
5.723812e-02 6.579332e+08 2.49264096e-03 1.238151e+01
5.723812e-02 8.302176e+08 2.64948948e-03 1.416991e+01
5.723812e-02 1.047616e+09 2.74182272e-03 1.599932e+01
5.723812e-02 1.321941e+09 2.83798054e-03 1.806492e+01
5.723812e-02 1.668101e+09 2.93813384e-03 2.039719e+01
5.723812e-02 2.104904e+09 3.04245974e-03 2.303057e+01
5.723812e-02 2.656088e+09 3.15114189e-03 2.600393e+01
5.723812e-02 3.351603e+09 3.26437015e-03 2.936118e+01
5.723812e-02 4.229243e+09 3.38234011e-03 3.315185e+01
5.723812e-02 5.336699e+09 3.60112458e-03 3.794037e+01
5.723812e-02 6.734151e+09 3.73268959e-03 4.283867e+01
5.723812e-02 8.497534e+09 3.86976120e-03 4.836936e+01
5.723812e-02 1.072267e+10 4.01255942e-03 5.461409e+01
5.723812e-02 1.353048e+10 4.16130645e-03 6.166505e+01
5.723812e-02 1.707353e+10 4.31622579e-03 6.962632e+01
5.723812e-02 2.154435e+10 4.47753988e-03 7.861543e+01
5.723812e-02 2.718588e+10 4.64546834e-03 8.876509e+01
5.723812e-02 3.430469e+10 4.95206185e-03 1.015865e+02
5.723812e-02 4.328761e+10 5.13882434e-03 1.147018e+02
5.723812e-02 5.462277e+10 5.33301033e-03 1.295104e+02
5.723812e-02 6.892612e+10 5.53480031e-03 1.462309e+02
5.723812e-02 8.697490e+10 5.74435133e-03 1.651100e+02
5.723812e-02 1.097499e+11 5.96178985e-03 1.864266e+02
5.723812e-02 1.384886e+11 6.35643045e-03 2.133544e+02
5.723812e-02 1.747528e+11 6.59624960e-03 2.408995e+02
5.723812e-02 2.205131e+11 6.84429039e-03 2.720009e+02
5.723812e-02 2.782559e+11 7.10046313e-03 3.071176e+02
5.723812e-02 3.511192e+11 7.36458962e-03 3.467680e+02
5.723812e-02 4.430621e+11 7.63638509e-03 3.915376e+02
5.723812e-02 5.590810e+11 8.13193033e-03 4.480920e+02
5.723812e-02 7.054802e+11 8.42548950e-03 5.059430e+02
5.723812e-02 8.902151e+11 8.72515842e-03 5.712628e+02
5.723812e-02 1.123324e+12 9.02995345e-03 6.450157e+02
5.723812e-02 1.417474e+12 9.33863461e-03 7.282906e+02
5.723812e-02 1.788650e+12 9.64966254e-03 8.223166e+02
5.723812e-02 2.257020e+12 1.02335952e-02 9.410936e+02
5.723812e-02 2.848036e+12 1.05517232e-02 1.062594e+03
5.723812e-02 3.593814e+12 1.08651476e-02 1.199780e+03
5.723812e-02 4.534879e+12 1.11705054e-02 1.354678e+03
5.723812e-02 5.722368e+12 1.14638261e-02 1.529573e+03
5.723812e-02 7.220809e+12 1.20615724e-02 1.750508e+03
5.723812e-02 9.111628e+12 1.23230924e-02 1.976507e+03
5.723812e-02 1.149757e+13 1.25555626e-02 2.231685e+03
5.723812e-02 1.450829e+13 1.27517417e-02 2.519806e+03
5.723812e-02 1.830738e+13 1.32564152e-02 2.883772e+03
5.723812e-02 2.310130e+13 1.33574234e-02 3.256082e+03
5.723812e-02 2.915053e+13 1.33934673e-02 3.676459e+03
5.723812e-02 3.678380e+13 1.33538313e-02 4.151108e+03
5.723812e-02 4.641589e+13 1.35892147e-02 4.750702e+03
5.723812e-02 5.857021e+13 1.33589076e-02 5.364042e+03
5.723812e-02 7.390722e+13 1.30175199e-02 6.056568e+03
5.723812e-02 9.326033e+13 1.25559580e-02 6.838501e+03
5.723812e-02 1.176812e+14 1.22950642e-02 7.826267e+03
5.723812e-02 1.484968e+14 1.15579852e-02 8.836679e+03
5.723812e-02 1.873817e+14 1.06910120e-02 9.977539e+03
5.723812e-02 2.364489e+14 9.70408136e-03 1.126569e+04
5.723812e-02 2.983647e+14 8.85119658e-03 1.289293e+04
5.723812e-02 3.764936e+14 7.65701694e-03 1.455747e+04
5.723812e-02 4.750810e+14 6.42487551e-03 1.643692e+04
5.723812e-02 5.994843e+14 5.34254135e-03 1.881109e+04
5.723812e-02 7.564633e+14 4.14402405e-03 2.123970e+04
5.723812e-02 9.545485e+14 3.05690129e-03 2.398186e+04
5.723812e-02 1.204504e+15 2.18302578e-03 2.744584e+04
5.723812e-02 1.519911e+15 1.41338134e-03 3.098924e+04
5.723812e-02 1.917910e+15 8.39909957e-04 3.499011e+04
5.723812e-02 2.420128e+15 4.62655361e-04 4.004415e+04
5.723812e-02 3.053856e+15 2.19603947e-04 4.521405e+04
5.723812e-02 3.853529e+15 9.02507408e-05 5.105142e+04
5.723812e-02 4.862602e+15 3.20437478e-05 5.842538e+04
5.723812e-02 6.135907e+15 8.94320879e-06 6.596840e+04
5.723812e-02 7.742637e+15 1.90895278e-06 7.448526e+04
5.723812e-02 9.770100e+15 2.99090887e-07 8.524405e+04
5.723812e-02 1.232847e+16 3.00888327e-08 9.624949e+04
5.723812e-02 1.555676e+16 1.82466380e-09 1.086758e+05
5.723812e-02 1.963041e+16 6.19299434e-11 1.243731e+05
5.723812e-02 2.477076e+16 9.91935547e-13 1.404303e+05
5.723812e-02 3.125716e+16 6.87800833e-15 1.607144e+05
5.723812e-02 3.944206e+16 1.64050709e-17 1.814634e+05
5.723812e-02 4.977024e+16 1.13179908e-20 2.076743e+05
5.723812e-02 6.280291e+16 1.58924542e-24 2.344861e+05
5.723812e-02 7.924829e+16 3.15682239e-29 2.647595e+05
5.723812e-02 1.000000e+17 5.45796074e-35 3.030019e+05
6.137518e-02 1.261857e+07 1.60169178e-03 1.592753e+00
6.137518e-02 1.592283e+07 1.65119969e-03 1.798386e+00
6.137518e-02 2.009233e+07 1.70258116e-03 2.030566e+00
6.137518e-02 2.535364e+07 1.75591842e-03 2.292723e+00
6.137518e-02 3.199267e+07 1.81129768e-03 2.588725e+00
6.137518e-02 4.037017e+07 1.86880930e-03 2.922943e+00
6.137518e-02 5.094138e+07 1.92854804e-03 3.300310e+00
6.137518e-02 6.428073e+07 2.04505787e-03 3.777013e+00
6.137518e-02 8.111308e+07 2.11131720e-03 4.264644e+00
6.137518e-02 1.023531e+08 2.18018517e-03 4.815232e+00
6.137518e-02 1.291550e+08 2.25177901e-03 5.436903e+00
6.137518e-02 1.629751e+08 2.32622159e-03 6.138835e+00
6.137518e-02 2.056512e+08 2.40364147e-03 6.931390e+00
6.137518e-02 2.595024e+08 2.48417336e-03 7.826267e+00
6.137518e-02 3.274549e+08 2.56795814e-03 8.836679e+00
6.137518e-02 4.132012e+08 2.65514315e-03 9.977539e+00
6.137518e-02 5.214008e+08 2.82098444e-03 1.141871e+01
6.137518e-02 6.579332e+08 2.91802214e-03 1.289293e+01
6.137518e-02 8.302176e+08 3.01904884e-03 1.455747e+01
6.137518e-02 1.047616e+09 3.12424414e-03 1.643692e+01
6.137518e-02 1.321941e+09 3.23379486e-03 1.855900e+01
6.137518e-02 1.668101e+09 3.34789540e-03 2.095507e+01
6.137518e-02 2.104904e+09 3.46674720e-03 2.366047e+01
6.137518e-02 2.656088e+09 3.59055911e-03 2.671516e+01
6.137518e-02 3.351603e+09 3.71954696e-03 3.016423e+01
6.137518e-02 4.229243e+09 3.95934111e-03 3.452120e+01
6.137518e-02 5.336699e+09 4.10318387e-03 3.897807e+01
6.137518e-02 6.734151e+09 4.25304836e-03 4.401034e+01
6.137518e-02 8.497534e+09 4.40918040e-03 4.969230e+01
6.137518e-02 1.072267e+10 4.57182975e-03 5.610783e+01
6.137518e-02 1.353048e+10 4.74124857e-03 6.335163e+01
6.137518e-02 1.707353e+10 4.91769035e-03 7.153065e+01
6.137518e-02 2.154435e+10 5.10140724e-03 8.076563e+01
6.137518e-02 2.718588e+10 5.43740595e-03 9.243157e+01
6.137518e-02 3.430469e+10 5.64185546e-03 1.043650e+02
6.137518e-02 4.328761e+10 5.85452178e-03 1.178390e+02
6.137518e-02 5.462277e+10 6.07562763e-03 1.330526e+02
6.137518e-02 6.892612e+10 6.30537612e-03 1.502304e+02
6.137518e-02 8.697490e+10 6.54394338e-03 1.696259e+02
6.137518e-02 1.097499e+11 6.97722219e-03 1.941270e+02
6.137518e-02 1.384886e+11 7.24082516e-03 2.191898e+02
6.137518e-02 1.747528e+11 7.51377854e-03 2.474883e+02
6.137518e-02 2.205131e+11 7.79605887e-03 2.794403e+02
6.137518e-02 2.782559e+11 8.08755862e-03 3.155175e+02
6.137518e-02 3.511192e+11 8.38806876e-03 3.562524e+02
6.137518e-02 4.430621e+11 8.69725811e-03 4.022464e+02
6.137518e-02 5.590810e+11 9.26120673e-03 4.603477e+02
6.137518e-02 7.054802e+11 9.59503518e-03 5.197809e+02
6.137518e-02 8.902151e+11 9.93573873e-03 5.868873e+02
6.137518e-02 1.123324e+12 1.02821860e-02 6.626574e+02
6.137518e-02 1.417474e+12 1.06329526e-02 7.482099e+02
6.137518e-02 1.788650e+12 1.12867548e-02 8.562827e+02
6.137518e-02 2.257020e+12 1.16501368e-02 9.668332e+02
6.137518e-02 2.848036e+12 1.20112238e-02 1.091656e+03
6.137518e-02 3.593814e+12 1.23667815e-02 1.232595e+03
6.137518e-02 4.534879e+12 1.27129613e-02 1.391729e+03
6.137518e-02 5.722368e+12 1.34020192e-02 1.592753e+03
6.137518e-02 7.220809e+12 1.37236107e-02 1.798386e+03
6.137518e-02 9.111628e+12 1.40191165e-02 2.030566e+03
6.137518e-02 1.149757e+13 1.42812674e-02 2.292723e+03
6.137518e-02 1.450829e+13 1.45018034e-02 2.588725e+03
6.137518e-02 1.830738e+13 1.50727276e-02 2.962645e+03
6.137518e-02 2.310130e+13 1.51841983e-02 3.345138e+03
6.137518e-02 2.915053e+13 1.52213965e-02 3.777013e+03
6.137518e-02 3.678380e+13 1.51721465e-02 4.264644e+03
6.137518e-02 4.641589e+13 1.54347925e-02 4.880638e+03
6.137518e-02 5.857021e+13 1.51679286e-02 5.510753e+03
6.137518e-02 7.390722e+13 1.47745318e-02 6.222219e+03
6.137518e-02 9.326033e+13 1.42443943e-02 7.025540e+03
6.137518e-02 1.176812e+14 1.39414803e-02 8.040322e+03
6.137518e-02 1.484968e+14 1.30983238e-02 9.078369e+03
6.137518e-02 1.873817e+14 1.21080732e-02 1.025043e+04
6.137518e-02 2.364489e+14 1.12827236e-02 1.173102e+04
6.137518e-02 2.983647e+14 1.00088246e-02 1.324556e+04
6.137518e-02 3.764936e+14 8.65026688e-03 1.495563e+04
6.137518e-02 4.750810e+14 7.25042123e-03 1.688648e+04
6.137518e-02 5.994843e+14 6.02149778e-03 1.932559e+04
6.137518e-02 7.564633e+14 4.66395360e-03 2.182063e+04
6.137518e-02 9.545485e+14 3.43471841e-03 2.463778e+04
6.137518e-02 1.204504e+15 2.44810960e-03 2.819651e+04
6.137518e-02 1.519911e+15 1.58145263e-03 3.183682e+04
6.137518e-02 1.917910e+15 9.37326170e-04 3.594712e+04
6.137518e-02 2.420128e+15 5.14733597e-04 4.113939e+04
6.137518e-02 3.053856e+15 2.43445429e-04 4.645069e+04
6.137518e-02 3.853529e+15 9.96262195e-05 5.244771e+04
6.137518e-02 4.862602e+15 3.51960137e-05 6.002336e+04
6.137518e-02 6.135907e+15 9.76468969e-06 6.777268e+04
6.137518e-02 7.742637e+15 2.06948354e-06 7.652248e+04
6.137518e-02 9.770100e+15 3.21465917e-07 8.757554e+04
6.137518e-02 1.232847e+16 3.20051863e-08 9.888199e+04
6.137518e-02 1.555676e+16 1.96903085e-09 1.131647e+05
6.137518e-02 1.963041e+16 6.40694608e-11 1.277748e+05
6.137518e-02 2.477076e+16 1.00757260e-12 1.442712e+05
6.137518e-02 3.125716e+16 6.83398963e-15 1.651100e+05
6.137518e-02 3.944206e+16 1.58726646e-17 1.864266e+05
6.137518e-02 4.977024e+16 1.06050182e-20 2.133544e+05
6.137518e-02 6.280291e+16 1.43235659e-24 2.408995e+05
6.137518e-02 7.924829e+16 2.71355903e-29 2.720009e+05
6.137518e-02 1.000000e+17 4.42684340e-35 3.112892e+05
6.581126e-02 1.261857e+07 1.82601979e-03 1.636316e+00
6.581126e-02 1.592283e+07 1.88245946e-03 1.847573e+00
6.581126e-02 2.009233e+07 1.94103469e-03 2.086104e+00
6.581126e-02 2.535364e+07 2.00183918e-03 2.355431e+00
6.581126e-02 3.199267e+07 2.06497115e-03 2.659529e+00
6.581126e-02 4.037017e+07 2.18880531e-03 3.043676e+00
6.581126e-02 5.094138e+07 2.25876873e-03 3.436630e+00
6.581126e-02 6.428073e+07 2.33145605e-03 3.880317e+00
6.581126e-02 8.111308e+07 2.40698899e-03 4.381286e+00
6.581126e-02 1.023531e+08 2.48549498e-03 4.946932e+00
6.581126e-02 1.291550e+08 2.56710756e-03 5.585606e+00
6.581126e-02 1.629751e+08 2.65196668e-03 6.306737e+00
6.581126e-02 2.056512e+08 2.74021875e-03 7.120968e+00
6.581126e-02 2.595024e+08 2.83201718e-03 8.040322e+00
6.581126e-02 3.274549e+08 2.92752241e-03 9.078369e+00
6.581126e-02 4.132012e+08 3.10969028e-03 1.038967e+01
6.581126e-02 5.214008e+08 3.21594891e-03 1.173102e+01
6.581126e-02 6.579332e+08 3.32655623e-03 1.324556e+01
6.581126e-02 8.302176e+08 3.44170848e-03 1.495563e+01
6.581126e-02 1.047616e+09 3.56161006e-03 1.688648e+01
6.581126e-02 1.321941e+09 3.68647360e-03 1.906661e+01
6.581126e-02 1.668101e+09 3.81652027e-03 2.152820e+01
6.581126e-02 2.104904e+09 3.95197926e-03 2.430761e+01
6.581126e-02 2.656088e+09 4.09308810e-03 2.744584e+01
6.581126e-02 3.351603e+09 4.35606204e-03 3.141017e+01
6.581126e-02 4.229243e+09 4.51340311e-03 3.546539e+01
6.581126e-02 5.336699e+09 4.67732773e-03 4.004415e+01
6.581126e-02 6.734151e+09 4.84810933e-03 4.521405e+01
6.581126e-02 8.497534e+09 5.02602714e-03 5.105142e+01
6.581126e-02 1.072267e+10 5.21136477e-03 5.764242e+01
6.581126e-02 1.353048e+10 5.40440840e-03 6.508435e+01
6.581126e-02 1.707353e+10 5.60544555e-03 7.348707e+01
6.581126e-02 2.154435e+10 5.97380022e-03 8.410168e+01
6.581126e-02 2.718588e+10 6.19763684e-03 9.495964e+01
6.581126e-02 3.430469e+10 6.43054987e-03 1.072194e+02
6.581126e-02 4.328761e+10 6.67280891e-03 1.210620e+02
6.581126e-02 5.462277e+10 6.92466509e-03 1.366917e+02
6.581126e-02 6.892612e+10 7.18634687e-03 1.543393e+02
6.581126e-02 8.697490e+10 7.45805152e-03 1.742653e+02
6.581126e-02 1.097499e+11 7.95162887e-03 1.994365e+02
6.581126e-02 1.384886e+11 8.25179167e-03 2.251848e+02
6.581126e-02 1.747528e+11 8.56256879e-03 2.542573e+02
6.581126e-02 2.205131e+11 8.88392766e-03 2.870832e+02
6.581126e-02 2.782559e+11 9.21573919e-03 3.241471e+02
6.581126e-02 3.511192e+11 9.55775773e-03 3.659962e+02
6.581126e-02 4.430621e+11 1.01806326e-02 4.188614e+02
6.581126e-02 5.590810e+11 1.05516168e-02 4.729385e+02
6.581126e-02 7.054802e+11 1.09313484e-02 5.339973e+02
6.581126e-02 8.902151e+11 1.13188110e-02 6.029391e+02
6.581126e-02 1.123324e+12 1.17127021e-02 6.807816e+02
6.581126e-02 1.417474e+12 1.21113836e-02 7.686740e+02
6.581126e-02 1.788650e+12 1.28550614e-02 8.797027e+02
6.581126e-02 2.257020e+12 1.32677686e-02 9.932768e+02
6.581126e-02 2.848036e+12 1.36776710e-02 1.121514e+03
6.581126e-02 3.593814e+12 1.40810622e-02 1.266307e+03
6.581126e-02 4.534879e+12 1.44735348e-02 1.429794e+03
6.581126e-02 5.722368e+12 1.52560479e-02 1.636316e+03
6.581126e-02 7.220809e+12 1.56199008e-02 1.847573e+03
6.581126e-02 9.111628e+12 1.59537223e-02 2.086104e+03
6.581126e-02 1.149757e+13 1.62492106e-02 2.355431e+03
6.581126e-02 1.450829e+13 1.69481425e-02 2.695653e+03
6.581126e-02 1.830738e+13 1.71427170e-02 3.043676e+03
6.581126e-02 2.310130e+13 1.72653565e-02 3.436630e+03
6.581126e-02 2.915053e+13 1.73030260e-02 3.880317e+03
6.581126e-02 3.678380e+13 1.72418894e-02 4.381286e+03
6.581126e-02 4.641589e+13 1.75345002e-02 5.014127e+03
6.581126e-02 5.857021e+13 1.72248704e-02 5.661476e+03
6.581126e-02 7.390722e+13 1.67710516e-02 6.392402e+03
6.581126e-02 9.326033e+13 1.61615967e-02 7.217694e+03
6.581126e-02 1.176812e+14 1.58094317e-02 8.260231e+03
6.581126e-02 1.484968e+14 1.48442925e-02 9.326669e+03
6.581126e-02 1.873817e+14 1.37125995e-02 1.053079e+04
6.581126e-02 2.364489e+14 1.27678753e-02 1.205188e+04
6.581126e-02 2.983647e+14 1.13161843e-02 1.360784e+04
6.581126e-02 3.764936e+14 9.77019323e-03 1.536468e+04
6.581126e-02 4.750810e+14 8.17953703e-03 1.734834e+04
6.581126e-02 5.994843e+14 6.78400013e-03 1.985416e+04
6.581126e-02 7.564633e+14 5.24640860e-03 2.241744e+04
6.581126e-02 9.545485e+14 3.85674073e-03 2.531164e+04
6.581126e-02 1.204504e+15 2.74319749e-03 2.896770e+04
6.581126e-02 1.519911e+15 1.76779202e-03 3.270758e+04
6.581126e-02 1.917910e+15 1.04481178e-03 3.693030e+04
6.581126e-02 2.420128e+15 5.71863985e-04 4.226458e+04
6.581126e-02 3.053856e+15 2.69417912e-04 4.772115e+04
6.581126e-02 3.853529e+15 1.09753016e-04 5.388220e+04
6.581126e-02 4.862602e+15 3.85650691e-05 6.166505e+04
6.581126e-02 6.135907e+15 1.06309567e-05 6.962632e+04
6.581126e-02 7.742637e+15 2.23581535e-06 7.861543e+04
6.581126e-02 9.770100e+15 3.44098306e-07 8.997080e+04
6.581126e-02 1.232847e+16 3.38765317e-08 1.015865e+05
6.581126e-02 1.555676e+16 2.05608387e-09 1.162598e+05
6.581126e-02 1.963041e+16 6.58148733e-11 1.312696e+05
6.581126e-02 2.477076e+16 1.01477840e-12 1.482171e+05
6.581126e-02 3.125716e+16 6.72110437e-15 1.696259e+05
6.581126e-02 3.944206e+16 1.51696744e-17 1.915255e+05
6.581126e-02 4.977024e+16 9.79088179e-21 2.191898e+05
6.581126e-02 6.280291e+16 1.26812776e-24 2.474883e+05
6.581126e-02 7.924829e+16 2.28284138e-29 2.794403e+05
6.581126e-02 1.000000e+17 3.49814591e-35 3.198032e+05
7.056797e-02 1.261857e+07 2.08277094e-03 1.681071e+00
7.056797e-02 1.592283e+07 2.14714373e-03 1.898105e+00
7.056797e-02 2.009233e+07 2.21395185e-03 2.143160e+00
7.056797e-02 2.535364e+07 2.28330213e-03 2.419853e+00
7.056797e-02 3.199267e+07 2.41972596e-03 2.769382e+00
7.056797e-02 4.037017e+07 2.49654702e-03 3.126923e+00
7.056797e-02 5.094138e+07 2.57634175e-03 3.530625e+00
7.056797e-02 6.428073e+07 2.65924245e-03 3.986446e+00
7.056797e-02 8.111308e+07 2.74538784e-03 4.501117e+00
7.056797e-02 1.023531e+08 2.83492316e-03 5.082234e+00
7.056797e-02 1.291550e+08 2.92800057e-03 5.738377e+00
7.056797e-02 1.629751e+08 3.02477953e-03 6.479231e+00
7.056797e-02 2.056512e+08 3.12542685e-03 7.315732e+00
7.056797e-02 2.595024e+08 3.23011733e-03 8.260231e+00
7.056797e-02 3.274549e+08 3.43035886e-03 9.453354e+00
7.056797e-02 4.132012e+08 3.54679201e-03 1.067383e+01
7.056797e-02 5.214008e+08 3.66796823e-03 1.205188e+01
7.056797e-02 6.579332e+08 3.79410157e-03 1.360784e+01
7.056797e-02 8.302176e+08 3.92541549e-03 1.536468e+01
7.056797e-02 1.047616e+09 4.06214271e-03 1.734834e+01
7.056797e-02 1.321941e+09 4.20452528e-03 1.958809e+01
7.056797e-02 1.668101e+09 4.35281495e-03 2.211702e+01
7.056797e-02 2.104904e+09 4.50727252e-03 2.497244e+01
7.056797e-02 2.656088e+09 4.79584626e-03 2.857950e+01
7.056797e-02 3.351603e+09 4.96804375e-03 3.226926e+01
7.056797e-02 4.229243e+09 5.14743768e-03 3.643539e+01
7.056797e-02 5.336699e+09 5.33433196e-03 4.113939e+01
7.056797e-02 6.734151e+09 5.52903736e-03 4.645069e+01
7.056797e-02 8.497534e+09 5.73187111e-03 5.244771e+01
7.056797e-02 1.072267e+10 5.94315529e-03 5.921898e+01
7.056797e-02 1.353048e+10 6.16321472e-03 6.686446e+01
7.056797e-02 1.707353e+10 6.39237554e-03 7.549700e+01
7.056797e-02 2.154435e+10 6.81232361e-03 8.640193e+01
7.056797e-02 2.718588e+10 7.06744621e-03 9.755686e+01
7.056797e-02 3.430469e+10 7.33289781e-03 1.101519e+02
7.056797e-02 4.328761e+10 7.60898291e-03 1.243731e+02
7.056797e-02 5.462277e+10 7.89598458e-03 1.404303e+02
7.056797e-02 6.892612e+10 8.19415956e-03 1.585606e+02
7.056797e-02 8.697490e+10 8.50372856e-03 1.790316e+02
7.056797e-02 1.097499e+11 9.06623221e-03 2.048913e+02
7.056797e-02 1.384886e+11 9.40815748e-03 2.313438e+02
7.056797e-02 1.747528e+11 9.76213335e-03 2.612114e+02
7.056797e-02 2.205131e+11 1.01281156e-02 2.949352e+02
7.056797e-02 2.782559e+11 1.05059488e-02 3.330128e+02
7.056797e-02 3.511192e+11 1.08953440e-02 3.760065e+02
7.056797e-02 4.430621e+11 1.16048013e-02 4.303176e+02
7.056797e-02 5.590810e+11 1.20270182e-02 4.858738e+02
7.056797e-02 7.054802e+11 1.24590954e-02 5.486025e+02
7.056797e-02 8.902151e+11 1.28998593e-02 6.194299e+02
7.056797e-02 1.123324e+12 1.33478085e-02 6.994015e+02
7.056797e-02 1.417474e+12 1.38010575e-02 7.896978e+02
7.056797e-02 1.788650e+12 1.46472201e-02 9.037633e+02
7.056797e-02 2.257020e+12 1.51160294e-02 1.020444e+03
7.056797e-02 2.848036e+12 1.55814086e-02 1.152188e+03
7.056797e-02 3.593814e+12 1.60391069e-02 1.300942e+03
7.056797e-02 4.534879e+12 1.64840729e-02 1.468900e+03
7.056797e-02 5.722368e+12 1.73728662e-02 1.681071e+03
7.056797e-02 7.220809e+12 1.77844689e-02 1.898105e+03
7.056797e-02 9.111628e+12 1.81614608e-02 2.143160e+03
7.056797e-02 1.149757e+13 1.84943548e-02 2.419853e+03
7.056797e-02 1.450829e+13 1.92858257e-02 2.769382e+03
7.056797e-02 1.830738e+13 1.95027071e-02 3.126923e+03
7.056797e-02 2.310130e+13 1.96371513e-02 3.530625e+03
7.056797e-02 2.915053e+13 1.96743213e-02 3.986446e+03
7.056797e-02 3.678380e+13 1.95984908e-02 4.501117e+03
7.056797e-02 4.641589e+13 1.99239081e-02 5.151267e+03
7.056797e-02 5.857021e+13 1.95641690e-02 5.816322e+03
7.056797e-02 7.390722e+13 1.90400571e-02 6.567239e+03
7.056797e-02 9.326033e+13 1.83387504e-02 7.415103e+03
7.056797e-02 1.176812e+14 1.79287720e-02 8.486155e+03
7.056797e-02 1.484968e+14 1.68232354e-02 9.581761e+03
7.056797e-02 1.873817e+14 1.55291373e-02 1.081881e+04
7.056797e-02 2.364489e+14 1.44470581e-02 1.238151e+04
7.056797e-02 2.983647e+14 1.27921233e-02 1.398002e+04
7.056797e-02 3.764936e+14 1.10323423e-02 1.578491e+04
7.056797e-02 4.750810e+14 9.22455203e-03 1.782283e+04
7.056797e-02 5.994843e+14 7.63963192e-03 2.039719e+04
7.056797e-02 7.564633e+14 5.89824040e-03 2.303057e+04
7.056797e-02 9.545485e+14 4.32754086e-03 2.600393e+04
7.056797e-02 1.204504e+15 3.07117043e-03 2.975999e+04
7.056797e-02 1.519911e+15 1.97398735e-03 3.360216e+04
7.056797e-02 1.917910e+15 1.16312759e-03 3.794037e+04
7.056797e-02 2.420128e+15 6.34354905e-04 4.342055e+04
7.056797e-02 3.053856e+15 2.97610687e-04 4.902636e+04
7.056797e-02 3.853529e+15 1.20642725e-04 5.535592e+04
7.056797e-02 4.862602e+15 4.21456766e-05 6.335163e+04
7.056797e-02 6.135907e+15 1.15378826e-05 7.153065e+04
7.056797e-02 7.742637e+15 2.40651172e-06 8.076563e+04
7.056797e-02 9.770100e+15 3.66684591e-07 9.243157e+04
7.056797e-02 1.232847e+16 3.56663317e-08 1.043650e+05
7.056797e-02 1.555676e+16 2.13328275e-09 1.194396e+05
7.056797e-02 1.963041e+16 6.70901377e-11 1.348599e+05
7.056797e-02 2.477076e+16 1.01264090e-12 1.522710e+05
7.056797e-02 3.125716e+16 6.53712671e-15 1.742653e+05
7.056797e-02 3.944206e+16 1.43056540e-17 1.967639e+05
7.056797e-02 4.977024e+16 8.89529688e-21 2.251848e+05
7.056797e-02 6.280291e+16 1.10122722e-24 2.542573e+05
7.056797e-02 7.924829e+16 1.87618832e-29 2.870832e+05
7.056797e-02 1.000000e+17 2.68729214e-35 3.285501e+05
7.566848e-02 1.261857e+07 2.37683648e-03 1.727049e+00
7.566848e-02 1.592283e+07 2.45029467e-03 1.950020e+00
7.566848e-02 2.009233e+07 2.52653144e-03 2.201778e+00
7.566848e-02 2.535364e+07 2.67693563e-03 2.519806e+00
7.566848e-02 3.199267e+07 2.76134814e-03 2.845126e+00
7.566848e-02 4.037017e+07 2.84900904e-03 3.212447e+00
7.566848e-02 5.094138e+07 2.94006246e-03 3.627190e+00
7.566848e-02 6.428073e+07 3.03465925e-03 4.095479e+00
7.566848e-02 8.111308e+07 3.13295755e-03 4.624226e+00
7.566848e-02 1.023531e+08 3.23512298e-03 5.221237e+00
7.566848e-02 1.291550e+08 3.34132898e-03 5.895326e+00
7.566848e-02 1.629751e+08 3.45175733e-03 6.656443e+00
7.566848e-02 2.056512e+08 3.56659819e-03 7.515823e+00
7.566848e-02 2.595024e+08 3.68605076e-03 8.486155e+00
7.566848e-02 3.274549e+08 3.91453860e-03 9.711911e+00
7.566848e-02 4.132012e+08 4.04738566e-03 1.096577e+01
7.566848e-02 5.214008e+08 4.18564213e-03 1.238151e+01
7.566848e-02 6.579332e+08 4.32955188e-03 1.398002e+01
7.566848e-02 8.302176e+08 4.47936945e-03 1.578491e+01
7.566848e-02 1.047616e+09 4.63535991e-03 1.782283e+01
7.566848e-02 1.321941e+09 4.79779891e-03 2.012384e+01
7.566848e-02 1.668101e+09 4.96697308e-03 2.272193e+01
7.566848e-02 2.104904e+09 5.14317932e-03 2.565545e+01
7.566848e-02 2.656088e+09 5.47241527e-03 2.936118e+01
7.566848e-02 3.351603e+09 5.66884812e-03 3.315185e+01
7.566848e-02 4.229243e+09 5.87348373e-03 3.743193e+01
7.566848e-02 5.336699e+09 6.08666770e-03 4.226458e+01
7.566848e-02 6.734151e+09 6.30875331e-03 4.772115e+01
7.566848e-02 8.497534e+09 6.54010105e-03 5.388220e+01
7.566848e-02 1.072267e+10 6.78107671e-03 6.083867e+01
7.566848e-02 1.353048e+10 7.03204902e-03 6.869325e+01
7.566848e-02 1.707353e+10 7.29338795e-03 7.756190e+01
7.566848e-02 2.154435e+10 7.77238187e-03 8.876509e+01
7.566848e-02 2.718588e+10 8.06329456e-03 1.002251e+02
7.566848e-02 3.430469e+10 8.36596552e-03 1.131647e+02
7.566848e-02 4.328761e+10 8.68073856e-03 1.277748e+02
7.566848e-02 5.462277e+10 9.00793252e-03 1.442712e+02
7.566848e-02 6.892612e+10 9.34783571e-03 1.628974e+02
7.566848e-02 8.697490e+10 9.70069468e-03 1.839282e+02
7.566848e-02 1.097499e+11 1.03420338e-02 2.104952e+02
7.566848e-02 1.384886e+11 1.07316903e-02 2.376712e+02
7.566848e-02 1.747528e+11 1.11350297e-02 2.683558e+02
7.566848e-02 2.205131e+11 1.15519927e-02 3.030019e+02
7.566848e-02 2.782559e+11 1.19823924e-02 3.421210e+02
7.566848e-02 3.511192e+11 1.24258877e-02 3.862905e+02
7.566848e-02 4.430621e+11 1.32342840e-02 4.420871e+02
7.566848e-02 5.590810e+11 1.37149687e-02 4.991628e+02
7.566848e-02 7.054802e+11 1.42067619e-02 5.636072e+02
7.566848e-02 8.902151e+11 1.47083069e-02 6.363718e+02
7.566848e-02 1.123324e+12 1.52178712e-02 7.185307e+02
7.566848e-02 1.417474e+12 1.57332818e-02 8.112967e+02
7.566848e-02 1.788650e+12 1.66963534e-02 9.284819e+02
7.566848e-02 2.257020e+12 1.72289843e-02 1.048354e+03
7.566848e-02 2.848036e+12 1.77574175e-02 1.183701e+03
7.566848e-02 3.593814e+12 1.82767733e-02 1.336523e+03
7.566848e-02 4.534879e+12 1.87812582e-02 1.509075e+03
7.566848e-02 5.722368e+12 1.97909372e-02 1.727049e+03
7.566848e-02 7.220809e+12 2.02564671e-02 1.950020e+03
7.566848e-02 9.111628e+12 2.06820633e-02 2.201778e+03
7.566848e-02 1.149757e+13 2.10568773e-02 2.486038e+03
7.566848e-02 1.450829e+13 2.13686119e-02 2.806999e+03
7.566848e-02 1.830738e+13 2.21943722e-02 3.212447e+03
7.566848e-02 2.310130e+13 2.23411374e-02 3.627190e+03
7.566848e-02 2.915053e+13 2.23764623e-02 4.095479e+03
7.566848e-02 3.678380e+13 2.22824698e-02 4.624226e+03
7.566848e-02 4.641589e+13 2.26436394e-02 5.292158e+03
7.566848e-02 5.857021e+13 2.22250909e-02 5.975403e+03
7.566848e-02 7.390722e+13 2.16190851e-02 6.746858e+03
7.566848e-02 9.326033e+13 2.08112793e-02 7.617912e+03
7.566848e-02 1.176812e+14 2.03333335e-02 8.718257e+03
7.566848e-02 1.484968e+14 1.90660564e-02 9.843829e+03
7.566848e-02 1.873817e+14 1.75853400e-02 1.111472e+04
7.566848e-02 2.364489e+14 1.63450854e-02 1.272015e+04
7.566848e-02 2.983647e+14 1.44577024e-02 1.436238e+04
7.566848e-02 3.764936e+14 1.24539936e-02 1.621664e+04
7.566848e-02 4.750810e+14 1.03990816e-02 1.831029e+04
7.566848e-02 5.994843e+14 8.59889232e-03 2.095507e+04
7.566848e-02 7.564633e+14 6.62687961e-03 2.366047e+04
7.566848e-02 9.545485e+14 4.85201345e-03 2.671516e+04
7.566848e-02 1.204504e+15 3.43505822e-03 3.057395e+04
7.566848e-02 1.519911e+15 2.20166671e-03 3.452120e+04
7.566848e-02 1.917910e+15 1.29302331e-03 3.897807e+04
7.566848e-02 2.420128e+15 7.02488886e-04 4.460813e+04
7.566848e-02 3.053856e+15 3.28091504e-04 5.036727e+04
7.566848e-02 3.853529e+15 1.32294511e-04 5.686995e+04
7.566848e-02 4.862602e+15 4.59270954e-05 6.508435e+04
7.566848e-02 6.135907e+15 1.24795858e-05 7.348707e+04
7.566848e-02 7.742637e+15 2.57974386e-06 8.297463e+04
7.566848e-02 9.770100e+15 3.88863613e-07 9.495964e+04
7.566848e-02 1.232847e+16 3.73335131e-08 1.072194e+05
7.566848e-02 1.555676e+16 2.13952724e-09 1.210620e+05
7.566848e-02 1.963041e+16 6.78218231e-11 1.385484e+05
7.566848e-02 2.477076e+16 1.00043113e-12 1.564357e+05
7.566848e-02 3.125716e+16 6.28207780e-15 1.790316e+05
7.566848e-02 3.944206e+16 1.32969686e-17 2.021455e+05
7.566848e-02 4.977024e+16 7.73069106e-21 2.282435e+05
7.566848e-02 6.280291e+16 9.36446641e-25 2.612114e+05
7.566848e-02 7.924829e+16 1.50343859e-29 2.949352e+05
7.566848e-02 1.000000e+17 2.00212256e-35 3.375362e+05
8.113765e-02 1.261857e+07 2.71388619e-03 1.774285e+00
8.113765e-02 1.592283e+07 2.79775701e-03 2.003355e+00
8.113765e-02 2.009233e+07 2.88479967e-03 2.261998e+00
8.113765e-02 2.535364e+07 3.05652589e-03 2.588725e+00
8.113765e-02 3.199267e+07 3.15290165e-03 2.922943e+00
8.113765e-02 4.037017e+07 3.25298535e-03 3.300310e+00
8.113765e-02 5.094138e+07 3.35694138e-03 3.726396e+00
8.113765e-02 6.428073e+07 3.46494185e-03 4.207493e+00
8.113765e-02 8.111308e+07 3.57716715e-03 4.750702e+00
8.113765e-02 1.023531e+08 3.69380617e-03 5.364042e+00
8.113765e-02 1.291550e+08 3.81505674e-03 6.056568e+00
8.113765e-02 1.629751e+08 3.94112618e-03 6.838501e+00
8.113765e-02 2.056512e+08 4.07223133e-03 7.721387e+00
8.113765e-02 2.595024e+08 4.20859932e-03 8.718257e+00
8.113765e-02 3.274549e+08 4.46945628e-03 9.977539e+00
8.113765e-02 4.132012e+08 4.62111061e-03 1.126569e+01
8.113765e-02 5.214008e+08 4.77893732e-03 1.272015e+01
8.113765e-02 6.579332e+08 4.94321437e-03 1.436238e+01
8.113765e-02 8.302176e+08 5.11423183e-03 1.621664e+01
8.113765e-02 1.047616e+09 5.29229171e-03 1.831029e+01
8.113765e-02 1.321941e+09 5.47770803e-03 2.067425e+01
8.113765e-02 1.668101e+09 5.67080728e-03 2.334340e+01
8.113765e-02 2.104904e+09 5.87192754e-03 2.635715e+01
8.113765e-02 2.656088e+09 6.08141903e-03 2.975999e+01
8.113765e-02 3.351603e+09 6.47194343e-03 3.405858e+01
8.113765e-02 4.229243e+09 6.70549028e-03 3.845572e+01
8.113765e-02 5.336699e+09 6.94878418e-03 4.342055e+01
8.113765e-02 6.734151e+09 7.20222682e-03 4.902636e+01
8.113765e-02 8.497534e+09 7.46622790e-03 5.535592e+01
8.113765e-02 1.072267e+10 7.74120295e-03 6.250265e+01
8.113765e-02 1.353048e+10 8.02757055e-03 7.057206e+01
8.113765e-02 1.707353e+10 8.32575043e-03 7.968328e+01
8.113765e-02 2.154435e+10 8.87236433e-03 9.119288e+01
8.113765e-02 2.718588e+10 9.20424569e-03 1.029663e+02
8.113765e-02 3.430469e+10 9.54951686e-03 1.162598e+02
8.113765e-02 4.328761e+10 9.90856587e-03 1.312696e+02
8.113765e-02 5.462277e+10 1.02817516e-02 1.482171e+02
8.113765e-02 6.892612e+10 1.06693976e-02 1.673527e+02
8.113765e-02 8.697490e+10 1.10717786e-02 1.889588e+02
8.113765e-02 1.097499e+11 1.18033430e-02 2.162524e+02
8.113765e-02 1.384886e+11 1.22475831e-02 2.441717e+02
8.113765e-02 1.747528e+11 1.27073614e-02 2.756955e+02
8.113765e-02 2.205131e+11 1.31825993e-02 3.112892e+02
8.113765e-02 2.782559e+11 1.36730713e-02 3.514782e+02
8.113765e-02 3.511192e+11 1.41783744e-02 3.968559e+02
8.113765e-02 4.430621e+11 1.46978931e-02 4.480920e+02
8.113765e-02 5.590810e+11 1.56473302e-02 5.128153e+02
8.113765e-02 7.054802e+11 1.62072754e-02 5.790223e+02
8.113765e-02 8.902151e+11 1.67781568e-02 6.537771e+02
8.113765e-02 1.123324e+12 1.73579725e-02 7.381830e+02
8.113765e-02 1.417474e+12 1.79442159e-02 8.334862e+02
8.113765e-02 1.788650e+12 1.90407053e-02 9.538766e+02
8.113765e-02 2.257020e+12 1.96459511e-02 1.077027e+03
8.113765e-02 2.848036e+12 2.02460562e-02 1.216077e+03
8.113765e-02 3.593814e+12 2.08354143e-02 1.373078e+03
8.113765e-02 4.534879e+12 2.14073742e-02 1.550350e+03
8.113765e-02 5.722368e+12 2.25545732e-02 1.774285e+03
8.113765e-02 7.220809e+12 2.30809746e-02 2.003355e+03
8.113765e-02 9.111628e+12 2.35612455e-02 2.261998e+03
8.113765e-02 1.149757e+13 2.39829737e-02 2.554033e+03
8.113765e-02 1.450829e+13 2.43321022e-02 2.883772e+03
8.113765e-02 1.830738e+13 2.52655458e-02 3.300310e+03
8.113765e-02 2.310130e+13 2.54249614e-02 3.726396e+03
8.113765e-02 2.915053e+13 2.54566114e-02 4.207493e+03
8.113765e-02 3.678380e+13 2.53401711e-02 4.750702e+03
8.113765e-02 4.641589e+13 2.57400887e-02 5.436903e+03
8.113765e-02 5.857021e+13 2.52524053e-02 6.138835e+03
8.113765e-02 7.390722e+13 2.45508504e-02 6.931390e+03
8.113765e-02 9.326033e+13 2.36194044e-02 7.826267e+03
8.113765e-02 1.176812e+14 2.30614311e-02 8.956708e+03
8.113765e-02 1.484968e+14 2.16076502e-02 1.011307e+04
8.113765e-02 1.873817e+14 1.99123235e-02 1.141871e+04
8.113765e-02 2.364489e+14 1.79975167e-02 1.289293e+04
8.113765e-02 2.983647e+14 1.63364065e-02 1.475521e+04
8.113765e-02 3.764936e+14 1.40543019e-02 1.666018e+04
8.113765e-02 4.750810e+14 1.17181099e-02 1.881109e+04
8.113765e-02 5.994843e+14 9.67323206e-03 2.152820e+04
8.113765e-02 7.564633e+14 7.44033746e-03 2.430761e+04
8.113765e-02 9.545485e+14 5.43535591e-03 2.744584e+04
8.113765e-02 1.204504e+15 3.73583316e-03 3.098924e+04
8.113765e-02 1.519911e+15 2.45247075e-03 3.546539e+04
8.113765e-02 1.917910e+15 1.43521597e-03 4.004415e+04
8.113765e-02 2.420128e+15 7.55835588e-04 4.521405e+04
8.113765e-02 3.053856e+15 3.60898944e-04 5.174486e+04
8.113765e-02 3.853529e+15 1.44691842e-04 5.842538e+04
8.113765e-02 4.862602e+15 4.85637141e-05 6.596840e+04
8.113765e-02 6.135907e+15 1.34481694e-05 7.549700e+04
8.113765e-02 7.742637e+15 2.75325479e-06 8.524405e+04
8.113765e-02 9.770100e+15 4.10215626e-07 9.755686e+04
8.113765e-02 1.232847e+16 3.88329982e-08 1.101519e+05
8.113765e-02 1.555676e+16 2.18788727e-09 1.243731e+05
8.113765e-02 1.963041e+16 6.79428367e-11 1.423378e+05
8.113765e-02 2.477076e+16 9.77669533e-13 1.607144e+05
8.113765e-02 3.125716e+16 5.79992772e-15 1.814634e+05
8.113765e-02 3.944206e+16 1.21667095e-17 2.076743e+05
8.113765e-02 4.977024e+16 6.77309470e-21 2.344861e+05
8.113765e-02 6.280291e+16 7.78403545e-25 2.683558e+05
8.113765e-02 7.924829e+16 1.17210828e-29 3.030019e+05
8.113765e-02 1.000000e+17 1.44289293e-35 3.467680e+05
8.700213e-02 1.261857e+07 3.10050007e-03 1.822813e+00
8.700213e-02 1.592283e+07 3.19631371e-03 2.058148e+00
8.700213e-02 2.009233e+07 3.29575011e-03 2.323865e+00
8.700213e-02 2.535364e+07 3.39896792e-03 2.623888e+00
8.700213e-02 3.199267e+07 3.60202890e-03 3.002888e+00
8.700213e-02 4.037017e+07 3.71636026e-03 3.390576e+00
8.700213e-02 5.094138e+07 3.83511406e-03 3.828316e+00
8.700213e-02 6.428073e+07 3.95848670e-03 4.322572e+00
8.700213e-02 8.111308e+07 4.08668408e-03 4.880638e+00
8.700213e-02 1.023531e+08 4.21992175e-03 5.510753e+00
8.700213e-02 1.291550e+08 4.35842544e-03 6.222219e+00
8.700213e-02 1.629751e+08 4.50243171e-03 7.025540e+00
8.700213e-02 2.056512e+08 4.65218794e-03 7.932573e+00
8.700213e-02 2.595024e+08 4.80795324e-03 8.956708e+00
8.700213e-02 3.274549e+08 4.96999853e-03 1.011307e+01
8.700213e-02 4.132012e+08 5.27915173e-03 1.157382e+01
8.700213e-02 5.214008e+08 5.45941828e-03 1.306805e+01
8.700213e-02 6.579332e+08 5.64704834e-03 1.475521e+01
8.700213e-02 8.302176e+08 5.84237263e-03 1.666018e+01
8.700213e-02 1.047616e+09 6.04573540e-03 1.881109e+01
8.700213e-02 1.321941e+09 6.25749451e-03 2.123970e+01
8.700213e-02 1.668101e+09 6.47802197e-03 2.398186e+01
8.700213e-02 2.104904e+09 6.70770292e-03 2.707804e+01
8.700213e-02 2.656088e+09 6.94693619e-03 3.057395e+01
8.700213e-02 3.351603e+09 7.19613349e-03 3.452120e+01
8.700213e-02 4.229243e+09 7.65963793e-03 3.950751e+01
8.700213e-02 5.336699e+09 7.93744148e-03 4.460813e+01
8.700213e-02 6.734151e+09 8.22682075e-03 5.036727e+01
8.700213e-02 8.497534e+09 8.52824146e-03 5.686995e+01
8.700213e-02 1.072267e+10 8.84217570e-03 6.421215e+01
8.700213e-02 1.353048e+10 9.16909870e-03 7.250226e+01
8.700213e-02 1.707353e+10 9.50948660e-03 8.186268e+01
8.700213e-02 2.154435e+10 9.86381107e-03 9.243157e+01
8.700213e-02 2.718588e+10 1.05124028e-02 1.057826e+02
8.700213e-02 3.430469e+10 1.09064648e-02 1.194396e+02
8.700213e-02 4.328761e+10 1.13162176e-02 1.348599e+02
8.700213e-02 5.462277e+10 1.17420648e-02 1.522710e+02
8.700213e-02 6.892612e+10 1.21843689e-02 1.719300e+02
8.700213e-02 8.697490e+10 1.26434360e-02 1.941270e+02
8.700213e-02 1.097499e+11 1.31194994e-02 2.191898e+02
8.700213e-02 1.384886e+11 1.39850239e-02 2.508500e+02
8.700213e-02 1.747528e+11 1.45093668e-02 2.832360e+02
8.700213e-02 2.205131e+11 1.50512536e-02 3.198032e+02
8.700213e-02 2.782559e+11 1.56104117e-02 3.610914e+02
8.700213e-02 3.511192e+11 1.61863641e-02 4.077102e+02
8.700213e-02 4.430621e+11 1.67783887e-02 4.603477e+02
8.700213e-02 5.590810e+11 1.73854710e-02 5.197809e+02
8.700213e-02 7.054802e+11 1.84987339e-02 5.948590e+02
8.700213e-02 8.902151e+11 1.91487407e-02 6.716584e+02
8.700213e-02 1.123324e+12 1.98086816e-02 7.583729e+02
8.700213e-02 1.417474e+12 2.04756608e-02 8.562827e+02
8.700213e-02 1.788650e+12 2.11461083e-02 9.668332e+02
8.700213e-02 2.257020e+12 2.24123482e-02 1.106484e+03
8.700213e-02 2.848036e+12 2.30939257e-02 1.249337e+03
8.700213e-02 3.593814e+12 2.37627556e-02 1.410633e+03
8.700213e-02 4.534879e+12 2.44111956e-02 1.592753e+03
8.700213e-02 5.722368e+12 2.50302629e-02 1.798386e+03
8.700213e-02 7.220809e+12 2.63099275e-02 2.058148e+03
8.700213e-02 9.111628e+12 2.68516400e-02 2.323865e+03
8.700213e-02 1.149757e+13 2.73257862e-02 2.623888e+03
8.700213e-02 1.450829e+13 2.77162884e-02 2.962645e+03
8.700213e-02 1.830738e+13 2.80051875e-02 3.345138e+03
8.700213e-02 2.310130e+13 2.89432709e-02 3.828316e+03
8.700213e-02 2.915053e+13 2.89687929e-02 4.322572e+03
8.700213e-02 3.678380e+13 2.88246065e-02 4.880638e+03
8.700213e-02 4.641589e+13 2.84870951e-02 5.510753e+03
8.700213e-02 5.857021e+13 2.86971455e-02 6.306737e+03
8.700213e-02 7.390722e+13 2.78839414e-02 7.120968e+03
8.700213e-02 9.326033e+13 2.68087664e-02 8.040322e+03
8.700213e-02 1.176812e+14 2.54600687e-02 9.078369e+03
8.700213e-02 1.484968e+14 2.44873735e-02 1.038967e+04
8.700213e-02 1.873817e+14 2.25450482e-02 1.173102e+04
8.700213e-02 2.364489e+14 2.03554513e-02 1.324556e+04
8.700213e-02 2.983647e+14 1.79630562e-02 1.495563e+04
8.700213e-02 3.764936e+14 1.58544341e-02 1.711585e+04
8.700213e-02 4.750810e+14 1.31980606e-02 1.932559e+04
8.700213e-02 5.994843e+14 1.05855510e-02 2.182063e+04
8.700213e-02 7.564633e+14 8.34719045e-03 2.497244e+04
8.700213e-02 9.545485e+14 6.08303368e-03 2.819651e+04
8.700213e-02 1.204504e+15 4.16922651e-03 3.183682e+04
8.700213e-02 1.519911e+15 2.72801551e-03 3.643539e+04
8.700213e-02 1.917910e+15 1.59036243e-03 4.113939e+04
8.700213e-02 2.420128e+15 8.33792860e-04 4.645069e+04
8.700213e-02 3.053856e+15 3.96033462e-04 5.316012e+04
8.700213e-02 3.853529e+15 1.57798796e-04 6.002336e+04
8.700213e-02 4.862602e+15 5.25771149e-05 6.777268e+04
8.700213e-02 6.135907e+15 1.44334679e-05 7.756190e+04
8.700213e-02 7.742637e+15 2.92433248e-06 8.757554e+04
8.700213e-02 9.770100e+15 4.18809235e-07 9.888199e+04
8.700213e-02 1.232847e+16 4.01165915e-08 1.131647e+05
8.700213e-02 1.555676e+16 2.21903488e-09 1.277748e+05
8.700213e-02 1.963041e+16 6.56024036e-11 1.442712e+05
8.700213e-02 2.477076e+16 9.44191035e-13 1.651100e+05
8.700213e-02 3.125716e+16 5.42363926e-15 1.864266e+05
8.700213e-02 3.944206e+16 1.09440992e-17 2.133544e+05
8.700213e-02 4.977024e+16 5.81354444e-21 2.408995e+05
8.700213e-02 6.280291e+16 6.14431241e-25 2.720009e+05
8.700213e-02 7.924829e+16 8.86947830e-30 3.112892e+05
8.700213e-02 1.000000e+17 9.76311288e-36 3.514782e+05
9.329047e-02 1.261857e+07 3.54432363e-03 1.872669e+00
9.329047e-02 1.592283e+07 3.65384607e-03 2.114440e+00
9.329047e-02 2.009233e+07 3.76750867e-03 2.387425e+00
9.329047e-02 2.535364e+07 3.88549267e-03 2.695653e+00
9.329047e-02 3.199267e+07 4.00798801e-03 3.043676e+00
9.329047e-02 4.037017e+07 4.13519377e-03 3.436630e+00
9.329047e-02 5.094138e+07 4.38403299e-03 3.933024e+00
9.329047e-02 6.428073e+07 4.52504933e-03 4.440797e+00
9.329047e-02 8.111308e+07 4.67157862e-03 5.014127e+00
9.329047e-02 1.023531e+08 4.82386696e-03 5.661476e+00
9.329047e-02 1.291550e+08 4.98217208e-03 6.392402e+00
9.329047e-02 1.629751e+08 5.14676399e-03 7.217694e+00
9.329047e-02 2.056512e+08 5.31792509e-03 8.149535e+00
9.329047e-02 2.595024e+08 5.49595110e-03 9.201681e+00
9.329047e-02 3.274549e+08 5.68115118e-03 1.038967e+01
9.329047e-02 4.132012e+08 5.87384835e-03 1.173102e+01
9.329047e-02 5.214008e+08 6.07438025e-03 1.324556e+01
9.329047e-02 6.579332e+08 6.45494633e-03 1.515877e+01
9.329047e-02 8.302176e+08 6.67816113e-03 1.711585e+01
9.329047e-02 1.047616e+09 6.91055619e-03 1.932559e+01
9.329047e-02 1.321941e+09 7.15253950e-03 2.182063e+01
9.329047e-02 1.668101e+09 7.40453510e-03 2.463778e+01
9.329047e-02 2.104904e+09 7.66698185e-03 2.781864e+01
9.329047e-02 2.656088e+09 7.94033416e-03 3.141017e+01
9.329047e-02 3.351603e+09 8.22506089e-03 3.546539e+01
9.329047e-02 4.229243e+09 8.52164419e-03 4.004415e+01
9.329047e-02 5.336699e+09 9.07210265e-03 4.582820e+01
9.329047e-02 6.734151e+09 9.40269712e-03 5.174486e+01
9.329047e-02 8.497534e+09 9.74703060e-03 5.842538e+01
9.329047e-02 1.072267e+10 1.01056395e-02 6.596840e+01
9.329047e-02 1.353048e+10 1.04790633e-02 7.448526e+01
9.329047e-02 1.707353e+10 1.08678423e-02 8.410168e+01
9.329047e-02 2.154435e+10 1.12725109e-02 9.495964e+01
9.329047e-02 2.718588e+10 1.16935932e-02 1.072194e+02
9.329047e-02 3.430469e+10 1.21315945e-02 1.210620e+02
9.329047e-02 4.328761e+10 1.29312592e-02 1.385484e+02
9.329047e-02 5.462277e+10 1.34174446e-02 1.564357e+02
9.329047e-02 6.892612e+10 1.39223643e-02 1.766324e+02
9.329047e-02 8.697490e+10 1.44463585e-02 1.994365e+02
9.329047e-02 1.097499e+11 1.49896828e-02 2.251848e+02
9.329047e-02 1.384886e+11 1.55524924e-02 2.542573e+02
9.329047e-02 1.747528e+11 1.61348119e-02 2.870832e+02
9.329047e-02 2.205131e+11 1.71942672e-02 3.285501e+02
9.329047e-02 2.782559e+11 1.78320026e-02 3.709676e+02
9.329047e-02 3.511192e+11 1.84887516e-02 4.188614e+02
9.329047e-02 4.430621e+11 1.91636662e-02 4.729385e+02
9.329047e-02 5.590810e+11 1.98555608e-02 5.339973e+02
9.329047e-02 7.054802e+11 2.05628504e-02 6.029391e+02
9.329047e-02 8.902151e+11 2.18655974e-02 6.900288e+02
9.329047e-02 1.123324e+12 2.26169542e-02 7.791150e+02
9.329047e-02 1.417474e+12 2.33759819e-02 8.797027e+02
9.329047e-02 1.788650e+12 2.41385568e-02 9.932768e+02
9.329047e-02 2.257020e+12 2.48996596e-02 1.121514e+03
9.329047e-02 2.848036e+12 2.63548770e-02 1.283508e+03
9.329047e-02 3.593814e+12 2.71139203e-02 1.449215e+03
9.329047e-02 4.534879e+12 2.78490250e-02 1.636316e+03
9.329047e-02 5.722368e+12 2.85498695e-02 1.847573e+03
9.329047e-02 7.220809e+12 2.92044354e-02 2.086104e+03
9.329047e-02 9.111628e+12 3.06138755e-02 2.387425e+03
9.329047e-02 1.149757e+13 3.11464781e-02 2.695653e+03
9.329047e-02 1.450829e+13 3.15826071e-02 3.043676e+03
9.329047e-02 1.830738e+13 3.19017347e-02 3.436630e+03
9.329047e-02 2.310130e+13 3.20813090e-02 3.880317e+03
9.329047e-02 2.915053e+13 3.29748983e-02 4.440797e+03
9.329047e-02 3.678380e+13 3.27964138e-02 5.014127e+03
9.329047e-02 4.641589e+13 3.23965192e-02 5.661476e+03
9.329047e-02 5.857021e+13 3.17491036e-02 6.392402e+03
9.329047e-02 7.390722e+13 3.16735993e-02 7.315732e+03
9.329047e-02 9.326033e+13 3.04311179e-02 8.260231e+03
9.329047e-02 1.176812e+14 2.88774927e-02 9.326669e+03
9.329047e-02 1.484968e+14 2.70107902e-02 1.053079e+04
9.329047e-02 1.873817e+14 2.55227250e-02 1.205188e+04
9.329047e-02 2.364489e+14 2.30175211e-02 1.360784e+04
9.329047e-02 2.983647e+14 2.02857084e-02 1.536468e+04
9.329047e-02 3.764936e+14 1.78776950e-02 1.758398e+04
9.329047e-02 4.750810e+14 1.48568501e-02 1.985416e+04
9.329047e-02 5.994843e+14 1.18925412e-02 2.241744e+04
9.329047e-02 7.564633e+14 9.10744707e-03 2.531164e+04
9.329047e-02 9.545485e+14 6.80072545e-03 2.896770e+04
9.329047e-02 1.204504e+15 4.64695183e-03 3.270758e+04
9.329047e-02 1.519911e+15 2.94918172e-03 3.693030e+04
9.329047e-02 1.917910e+15 1.75902508e-03 4.226458e+04
9.329047e-02 2.420128e+15 9.17761784e-04 4.772115e+04
9.329047e-02 3.053856e+15 4.21907542e-04 5.388220e+04
9.329047e-02 3.853529e+15 1.71556004e-04 6.166505e+04
9.329047e-02 4.862602e+15 5.67113269e-05 6.962632e+04
9.329047e-02 6.135907e+15 1.50122224e-05 7.861543e+04
9.329047e-02 7.742637e+15 3.08979654e-06 8.997080e+04
9.329047e-02 9.770100e+15 4.36540524e-07 1.015865e+05
9.329047e-02 1.232847e+16 4.00391747e-08 1.147018e+05
9.329047e-02 1.555676e+16 2.23059323e-09 1.312696e+05
9.329047e-02 1.963041e+16 6.43811827e-11 1.482171e+05
9.329047e-02 2.477076e+16 9.00203099e-13 1.696259e+05
9.329047e-02 3.125716e+16 4.99401968e-15 1.915255e+05
9.329047e-02 3.944206e+16 9.40607708e-18 2.162524e+05
9.329047e-02 4.977024e+16 4.87982934e-21 2.474883e+05
9.329047e-02 6.280291e+16 4.85058535e-25 2.794403e+05
9.329047e-02 7.924829e+16 6.49761619e-30 3.198032e+05
9.329047e-02 1.000000e+17 6.52580526e-36 3.610914e+05
1.000333e-01 1.261857e+07 4.05425135e-03 1.923888e+00
1.000333e-01 1.592283e+07 4.17952278e-03 2.172271e+00
1.000333e-01 2.009233e+07 4.30952858e-03 2.452723e+00
1.000333e-01 2.535364e+07 4.44447587e-03 2.769382e+00
1.000333e-01 3.199267e+07 4.58458172e-03 3.126923e+00
1.000333e-01 4.037017e+07 4.73007361e-03 3.530625e+00
1.000333e-01 5.094138e+07 4.88118990e-03 3.986446e+00
1.000333e-01 6.428073e+07 5.03818003e-03 4.501117e+00
1.000333e-01 8.111308e+07 5.34356515e-03 5.151267e+00
1.000333e-01 1.023531e+08 5.51773639e-03 5.816322e+00
1.000333e-01 1.291550e+08 5.69878625e-03 6.567239e+00
1.000333e-01 1.629751e+08 5.88702314e-03 7.415103e+00
1.000333e-01 2.056512e+08 6.08276953e-03 8.372431e+00
1.000333e-01 2.595024e+08 6.28636312e-03 9.453354e+00
1.000333e-01 3.274549e+08 6.49815689e-03 1.067383e+01
1.000333e-01 4.132012e+08 6.71851960e-03 1.205188e+01
1.000333e-01 5.214008e+08 6.94783664e-03 1.360784e+01
1.000333e-01 6.579332e+08 7.18650958e-03 1.536468e+01
1.000333e-01 8.302176e+08 7.43495733e-03 1.734834e+01
1.000333e-01 1.047616e+09 7.90404213e-03 1.985416e+01
1.000333e-01 1.321941e+09 8.18073047e-03 2.241744e+01
1.000333e-01 1.668101e+09 8.46885769e-03 2.531164e+01
1.000333e-01 2.104904e+09 8.76892408e-03 2.857950e+01
1.000333e-01 2.656088e+09 9.08144749e-03 3.226926e+01
1.000333e-01 3.351603e+09 9.40696209e-03 3.643539e+01
1.000333e-01 4.229243e+09 9.74601695e-03 4.113939e+01
1.000333e-01 5.336699e+09 1.00991761e-02 4.645069e+01
1.000333e-01 6.734151e+09 1.04670149e-02 5.244771e+01
1.000333e-01 8.497534e+09 1.08501196e-02 5.921898e+01
1.000333e-01 1.072267e+10 1.15567545e-02 6.777268e+01
1.000333e-01 1.353048e+10 1.19835358e-02 7.652248e+01
1.000333e-01 1.707353e+10 1.24278354e-02 8.640193e+01
1.000333e-01 2.154435e+10 1.28902588e-02 9.755686e+01
1.000333e-01 2.718588e+10 1.33713989e-02 1.101519e+02
1.000333e-01 3.430469e+10 1.38718265e-02 1.243731e+02
1.000333e-01 4.328761e+10 1.43920829e-02 1.404303e+02
1.000333e-01 5.462277e+10 1.49326636e-02 1.585606e+02
1.000333e-01 6.892612e+10 1.59177827e-02 1.814634e+02
1.000333e-01 8.697490e+10 1.65161918e-02 2.048913e+02
1.000333e-01 1.097499e+11 1.71365896e-02 2.313438e+02
1.000333e-01 1.384886e+11 1.77791378e-02 2.612114e+02
1.000333e-01 1.747528e+11 1.84438474e-02 2.949352e+02
1.000333e-01 2.205131e+11 1.91305493e-02 3.330128e+02
1.000333e-01 2.782559e+11 1.98388544e-02 3.760065e+02
1.000333e-01 3.511192e+11 2.11306615e-02 4.303176e+02
1.000333e-01 4.430621e+11 2.19003837e-02 4.858738e+02
1.000333e-01 5.590810e+11 2.26892414e-02 5.486025e+02
1.000333e-01 7.054802e+11 2.34953867e-02 6.194299e+02
1.000333e-01 8.902151e+11 2.43164278e-02 6.994015e+02
1.000333e-01 1.123324e+12 2.51493350e-02 7.896978e+02
1.000333e-01 1.417474e+12 2.67011887e-02 9.037633e+02
1.000333e-01 1.788650e+12 2.75687324e-02 1.020444e+03
1.000333e-01 2.257020e+12 2.84340228e-02 1.152188e+03
1.000333e-01 2.848036e+12 2.92900813e-02 1.300942e+03
1.000333e-01 3.593814e+12 3.01285819e-02 1.468900e+03
1.000333e-01 4.534879e+12 3.17858994e-02 1.681071e+03
1.000333e-01 5.722368e+12 3.25791495e-02 1.898105e+03
1.000333e-01 7.220809e+12 3.33185637e-02 2.143160e+03
1.000333e-01 9.111628e+12 3.39882240e-02 2.419853e+03
1.000333e-01 1.149757e+13 3.45699607e-02 2.732269e+03
1.000333e-01 1.450829e+13 3.60017247e-02 3.126923e+03
1.000333e-01 1.830738e+13 3.63530996e-02 3.530625e+03
1.000333e-01 2.310130e+13 3.65438495e-02 3.986446e+03
1.000333e-01 2.915053e+13 3.65462662e-02 4.501117e+03
1.000333e-01 3.678380e+13 3.73249466e-02 5.151267e+03
1.000333e-01 4.641589e+13 3.68503151e-02 5.816322e+03
1.000333e-01 5.857021e+13 3.60924507e-02 6.567239e+03
1.000333e-01 7.390722e+13 3.50246369e-02 7.415103e+03
1.000333e-01 9.326033e+13 3.45450870e-02 8.486155e+03
1.000333e-01 1.176812e+14 3.27536084e-02 9.581761e+03
1.000333e-01 1.484968e+14 3.06069258e-02 1.081881e+04
1.000333e-01 1.873817e+14 2.81201346e-02 1.221558e+04
1.000333e-01 2.364489e+14 2.60213242e-02 1.398002e+04
1.000333e-01 2.983647e+14 2.29006246e-02 1.578491e+04
1.000333e-01 3.764936e+14 1.96131960e-02 1.782283e+04
1.000333e-01 4.750810e+14 1.62689448e-02 2.012384e+04
1.000333e-01 5.994843e+14 1.33506255e-02 2.303057e+04
1.000333e-01 7.564633e+14 1.01990083e-02 2.600393e+04
1.000333e-01 9.545485e+14 7.39206470e-03 2.936118e+04
1.000333e-01 1.204504e+15 5.17211817e-03 3.360216e+04
1.000333e-01 1.519911e+15 3.26992978e-03 3.794037e+04
1.000333e-01 1.917910e+15 1.88993856e-03 4.283867e+04
1.000333e-01 2.420128e+15 1.00774480e-03 4.902636e+04
1.000333e-01 3.053856e+15 4.60438101e-04 5.535592e+04
1.000333e-01 3.853529e+15 1.80927767e-04 6.250265e+04
1.000333e-01 4.862602e+15 6.09231257e-05 7.153065e+04
1.000333e-01 6.135907e+15 1.59642448e-05 8.076563e+04
1.000333e-01 7.742637e+15 3.15958724e-06 9.119288e+04
1.000333e-01 9.770100e+15 4.51932626e-07 1.043650e+05
1.000333e-01 1.232847e+16 4.07221832e-08 1.178390e+05
1.000333e-01 1.555676e+16 2.16136808e-09 1.330526e+05
1.000333e-01 1.963041e+16 6.24495304e-11 1.522710e+05
1.000333e-01 2.477076e+16 8.23798425e-13 1.719300e+05
1.000333e-01 3.125716e+16 4.52177804e-15 1.967639e+05
1.000333e-01 3.944206e+16 8.13930117e-18 2.221671e+05
1.000333e-01 4.977024e+16 3.89142447e-21 2.508500e+05
1.000333e-01 6.280291e+16 3.71900077e-25 2.870832e+05
1.000333e-01 7.924829e+16 4.47286071e-30 3.241471e+05
1.000333e-01 1.000000e+17 4.17988857e-36 3.709676e+05
1.072635e-01 1.261857e+07 4.64064359e-03 1.976507e+00
1.072635e-01 1.592283e+07 4.78402356e-03 2.231685e+00
1.072635e-01 2.009233e+07 4.93282086e-03 2.519806e+00
1.072635e-01 2.535364e+07 5.08727234e-03 2.845126e+00
1.072635e-01 3.199267e+07 5.24762619e-03 3.212447e+00
1.072635e-01 4.037017e+07 5.41414253e-03 3.627190e+00
1.072635e-01 5.094138e+07 5.58709387e-03 4.095479e+00
1.072635e-01 6.428073e+07 5.76676537e-03 4.624226e+00
1.072635e-01 8.111308e+07 5.95345589e-03 5.221237e+00
1.072635e-01 1.023531e+08 6.14747820e-03 5.895326e+00
1.072635e-01 1.291550e+08 6.34915982e-03 6.656443e+00
1.072635e-01 1.629751e+08 6.55884378e-03 7.515823e+00
1.072635e-01 2.056512e+08 6.96224188e-03 8.601423e+00
1.072635e-01 2.595024e+08 7.19522608e-03 9.711911e+00
1.072635e-01 3.274549e+08 7.43758901e-03 1.096577e+01
1.072635e-01 4.132012e+08 7.68975185e-03 1.238151e+01
1.072635e-01 5.214008e+08 7.95215471e-03 1.398002e+01
1.072635e-01 6.579332e+08 8.22525610e-03 1.578491e+01
1.072635e-01 8.302176e+08 8.50953422e-03 1.782283e+01
1.072635e-01 1.047616e+09 8.80548661e-03 2.012384e+01
1.072635e-01 1.321941e+09 9.11363010e-03 2.272193e+01
1.072635e-01 1.668101e+09 9.43450156e-03 2.565545e+01
1.072635e-01 2.104904e+09 9.76865638e-03 2.896770e+01
1.072635e-01 2.656088e+09 1.03933679e-02 3.315185e+01
1.072635e-01 3.351603e+09 1.07657449e-02 3.743193e+01
1.072635e-01 4.229243e+09 1.11535931e-02 4.226458e+01
1.072635e-01 5.336699e+09 1.15575547e-02 4.772115e+01
1.072635e-01 6.734151e+09 1.19782847e-02 5.388220e+01
1.072635e-01 8.497534e+09 1.24164495e-02 6.083867e+01
1.072635e-01 1.072267e+10 1.28727234e-02 6.869325e+01
1.072635e-01 1.353048e+10 1.33477835e-02 7.756190e+01
1.072635e-01 1.707353e+10 1.38423063e-02 8.757554e+01
1.072635e-01 2.154435e+10 1.47496333e-02 1.002251e+02
1.072635e-01 2.718588e+10 1.52997143e-02 1.131647e+02
1.072635e-01 3.430469e+10 1.58717910e-02 1.277748e+02
1.072635e-01 4.328761e+10 1.64664727e-02 1.442712e+02
1.072635e-01 5.462277e+10 1.70843153e-02 1.628974e+02
1.072635e-01 6.892612e+10 1.77258102e-02 1.839282e+02
1.072635e-01 8.697490e+10 1.83913625e-02 2.076743e+02
1.072635e-01 1.097499e+11 1.96031533e-02 2.376712e+02
1.072635e-01 1.384886e+11 2.03371098e-02 2.683558e+02
1.072635e-01 1.747528e+11 2.10962405e-02 3.030019e+02
1.072635e-01 2.205131e+11 2.18803281e-02 3.421210e+02
1.072635e-01 2.782559e+11 2.26888998e-02 3.862905e+02
1.072635e-01 3.511192e+11 2.35211759e-02 4.361626e+02
1.072635e-01 4.430621e+11 2.43760102e-02 4.924734e+02
1.072635e-01 5.590810e+11 2.59424758e-02 5.636072e+02
1.072635e-01 7.054802e+11 2.68616288e-02 6.363718e+02
1.072635e-01 8.902151e+11 2.77973867e-02 7.185307e+02
1.072635e-01 1.123324e+12 2.87462294e-02 8.112967e+02
1.072635e-01 1.417474e+12 2.97037786e-02 9.160392e+02
1.072635e-01 1.788650e+12 3.06646597e-02 1.034305e+03
1.072635e-01 2.257020e+12 3.24872427e-02 1.183701e+03
1.072635e-01 2.848036e+12 3.34597828e-02 1.336523e+03
1.072635e-01 3.593814e+12 3.44113765e-02 1.509075e+03
1.072635e-01 4.534879e+12 3.53306731e-02 1.703905e+03
1.072635e-01 5.722368e+12 3.62043707e-02 1.923888e+03
1.072635e-01 7.220809e+12 3.80294564e-02 2.201778e+03
1.072635e-01 9.111628e+12 3.87833143e-02 2.486038e+03
1.072635e-01 1.149757e+13 3.94353150e-02 2.806999e+03
1.072635e-01 1.450829e+13 3.99619581e-02 3.169396e+03
1.072635e-01 1.830738e+13 4.03370979e-02 3.578582e+03
1.072635e-01 2.310130e+13 4.16406866e-02 4.095479e+03
1.072635e-01 2.915053e+13 4.16243742e-02 4.624226e+03
1.072635e-01 3.678380e+13 4.13583273e-02 5.221237e+03
1.072635e-01 4.641589e+13 4.08090310e-02 5.895326e+03
1.072635e-01 5.857021e+13 4.10365901e-02 6.746858e+03
1.072635e-01 7.390722e+13 3.97937645e-02 7.617912e+03
1.072635e-01 9.326033e+13 3.81729551e-02 8.601423e+03
1.072635e-01 1.176812e+14 3.61601278e-02 9.711911e+03
1.072635e-01 1.484968e+14 3.46783242e-02 1.111472e+04
1.072635e-01 1.873817e+14 3.18232117e-02 1.254968e+04
1.072635e-01 2.364489e+14 2.86256437e-02 1.416991e+04
1.072635e-01 2.983647e+14 2.51541500e-02 1.599932e+04
1.072635e-01 3.764936e+14 2.20938241e-02 1.831029e+04
1.072635e-01 4.750810e+14 1.82899448e-02 2.067425e+04
1.072635e-01 5.994843e+14 1.45759327e-02 2.334340e+04
1.072635e-01 7.564633e+14 1.14093063e-02 2.671516e+04
1.072635e-01 9.545485e+14 8.24394329e-03 3.016423e+04
1.072635e-01 1.204504e+15 5.59466267e-03 3.405858e+04
1.072635e-01 1.519911e+15 3.61879708e-03 3.897807e+04
1.072635e-01 1.917910e+15 2.08148513e-03 4.401034e+04
1.072635e-01 2.420128e+15 1.07423441e-03 4.969230e+04
1.072635e-01 3.053856e+15 5.00905064e-04 5.686995e+04
1.072635e-01 3.853529e+15 1.95298518e-04 6.421215e+04
1.072635e-01 4.862602e+15 6.34235739e-05 7.250226e+04
1.072635e-01 6.135907e+15 1.68876359e-05 8.297463e+04
1.072635e-01 7.742637e+15 3.29866195e-06 9.368708e+04
1.072635e-01 9.770100e+15 4.52038431e-07 1.057826e+05
1.072635e-01 1.232847e+16 4.10509434e-08 1.210620e+05
1.072635e-01 1.555676e+16 2.12885343e-09 1.366917e+05
1.072635e-01 1.963041e+16 5.82179750e-11 1.543393e+05
1.072635e-01 2.477076e+16 7.62773057e-13 1.766324e+05
1.072635e-01 3.125716e+16 3.91289965e-15 1.994365e+05
1.072635e-01 3.944206e+16 6.88997982e-18 2.282435e+05
1.072635e-01 4.977024e+16 3.10495923e-21 2.577109e+05
1.072635e-01 6.280291e+16 2.68861124e-25 2.909827e+05
1.072635e-01 7.924829e+16 3.04422761e-30 3.330128e+05
1.072635e-01 1.000000e+17 2.48786878e-36 3.760065e+05
1.150163e-01 1.261857e+07 5.17406871e-03 2.003355e+00
1.150163e-01 1.592283e+07 5.33391713e-03 2.261998e+00
1.150163e-01 2.009233e+07 5.49980337e-03 2.554033e+00
1.150163e-01 2.535364e+07 5.67199126e-03 2.883772e+00
1.150163e-01 3.199267e+07 5.85075720e-03 3.256082e+00
1.150163e-01 4.037017e+07 6.20149078e-03 3.726396e+00
1.150163e-01 5.094138e+07 6.39956897e-03 4.207493e+00
1.150163e-01 6.428073e+07 6.60534066e-03 4.750702e+00
1.150163e-01 8.111308e+07 6.81914767e-03 5.364042e+00
1.150163e-01 1.023531e+08 7.04134771e-03 6.056568e+00
1.150163e-01 1.291550e+08 7.27231530e-03 6.838501e+00
1.150163e-01 1.629751e+08 7.51244269e-03 7.721387e+00
1.150163e-01 2.056512e+08 7.76213992e-03 8.718257e+00
1.150163e-01 2.595024e+08 8.02183629e-03 9.843829e+00
1.150163e-01 3.274549e+08 8.29198036e-03 1.111472e+01
1.150163e-01 4.132012e+08 8.57304064e-03 1.254968e+01
1.150163e-01 5.214008e+08 8.86550659e-03 1.416991e+01
1.150163e-01 6.579332e+08 9.42069150e-03 1.621664e+01
1.150163e-01 8.302176e+08 9.74618553e-03 1.831029e+01
1.150163e-01 1.047616e+09 1.00850352e-02 2.067425e+01
1.150163e-01 1.321941e+09 1.04378305e-02 2.334340e+01
1.150163e-01 1.668101e+09 1.08051841e-02 2.635715e+01
1.150163e-01 2.104904e+09 1.11877296e-02 2.975999e+01
1.150163e-01 2.656088e+09 1.15861223e-02 3.360216e+01
1.150163e-01 3.351603e+09 1.20010378e-02 3.794037e+01
1.150163e-01 4.229243e+09 1.24331697e-02 4.283867e+01
1.150163e-01 5.336699e+09 1.28832299e-02 4.836936e+01
1.150163e-01 6.734151e+09 1.37171300e-02 5.535592e+01
1.150163e-01 8.497534e+09 1.42185861e-02 6.250265e+01
1.150163e-01 1.072267e+10 1.47407307e-02 7.057206e+01
1.150163e-01 1.353048e+10 1.52843326e-02 7.968328e+01
1.150163e-01 1.707353e+10 1.58501590e-02 8.997080e+01
1.150163e-01 2.154435e+10 1.64389662e-02 1.015865e+02
1.150163e-01 2.718588e+10 1.70514920e-02 1.147018e+02
1.150163e-01 3.430469e+10 1.76884439e-02 1.295104e+02
1.150163e-01 4.328761e+10 1.88523884e-02 1.482171e+02
1.150163e-01 5.462277e+10 1.95589418e-02 1.673527e+02
1.150163e-01 6.892612e+10 2.02924436e-02 1.889588e+02
1.150163e-01 8.697490e+10 2.10533394e-02 2.133544e+02
1.150163e-01 1.097499e+11 2.18419453e-02 2.408995e+02
1.150163e-01 1.384886e+11 2.26584238e-02 2.720009e+02
1.150163e-01 1.747528e+11 2.35027384e-02 3.071176e+02
1.150163e-01 2.205131e+11 2.50412824e-02 3.514782e+02
1.150163e-01 2.782559e+11 2.59647522e-02 3.968559e+02
1.150163e-01 3.511192e+11 2.69150352e-02 4.480920e+02
1.150163e-01 4.430621e+11 2.78907767e-02 5.059430e+02
1.150163e-01 5.590810e+11 2.88901165e-02 5.712628e+02
1.150163e-01 7.054802e+11 2.99105964e-02 6.450157e+02
1.150163e-01 8.902151e+11 3.09490545e-02 7.282906e+02
1.150163e-01 1.123324e+12 3.28767691e-02 8.334862e+02
1.150163e-01 1.417474e+12 3.39672917e-02 9.410936e+02
1.150163e-01 1.788650e+12 3.50608704e-02 1.062594e+03
1.150163e-01 2.257020e+12 3.61499494e-02 1.199780e+03
1.150163e-01 2.848036e+12 3.72254561e-02 1.354678e+03
1.150163e-01 3.593814e+12 3.93234854e-02 1.550350e+03
1.150163e-01 4.534879e+12 4.03652368e-02 1.750508e+03
1.150163e-01 5.722368e+12 4.13535261e-02 1.976507e+03
1.150163e-01 7.220809e+12 4.22705623e-02 2.231685e+03
1.150163e-01 9.111628e+12 4.30958834e-02 2.519806e+03
1.150163e-01 1.149757e+13 4.50043239e-02 2.883772e+03
1.150163e-01 1.450829e+13 4.55889539e-02 3.256082e+03
1.150163e-01 1.830738e+13 4.59985478e-02 3.676459e+03
1.150163e-01 2.310130e+13 4.62003868e-02 4.151108e+03
1.150163e-01 2.915053e+13 4.61594109e-02 4.687038e+03
1.150163e-01 3.678380e+13 4.70927299e-02 5.364042e+03
1.150163e-01 4.641589e+13 4.64384926e-02 6.056568e+03
1.150163e-01 5.857021e+13 4.54226603e-02 6.838501e+03
1.150163e-01 7.390722e+13 4.40126119e-02 7.721387e+03
1.150163e-01 9.326033e+13 4.33365757e-02 8.836679e+03
1.150163e-01 1.176812e+14 4.10107247e-02 9.977539e+03
1.150163e-01 1.484968e+14 3.82400766e-02 1.126569e+04
1.150163e-01 1.873817e+14 3.50470123e-02 1.272015e+04
1.150163e-01 2.364489e+14 3.23408472e-02 1.455747e+04
1.150163e-01 2.983647e+14 2.83718690e-02 1.643692e+04
1.150163e-01 3.764936e+14 2.42108400e-02 1.855900e+04
1.150163e-01 4.750810e+14 2.05461041e-02 2.123970e+04
1.150163e-01 5.994843e+14 1.63332341e-02 2.398186e+04
1.150163e-01 7.564633e+14 1.24088039e-02 2.707804e+04
1.150163e-01 9.545485e+14 8.93644348e-03 3.057395e+04
1.150163e-01 1.204504e+15 6.20656131e-03 3.499011e+04
1.150163e-01 1.519911e+15 3.89024725e-03 3.950751e+04
1.150163e-01 1.917910e+15 2.22594508e-03 4.460813e+04
1.150163e-01 2.420128e+15 1.17300437e-03 5.105142e+04
1.150163e-01 3.053856e+15 5.28589505e-04 5.764242e+04
1.150163e-01 3.853529e+15 2.04359362e-04 6.508435e+04
1.150163e-01 4.862602e+15 6.75042628e-05 7.448526e+04
1.150163e-01 6.135907e+15 1.72891745e-05 8.410168e+04
1.150163e-01 7.742637e+15 3.32937993e-06 9.495964e+04
1.150163e-01 9.770100e+15 4.60754782e-07 1.086758e+05
1.150163e-01 1.232847e+16 3.98923896e-08 1.227064e+05
1.150163e-01 1.555676e+16 2.07268424e-09 1.404303e+05
1.150163e-01 1.963041e+16 5.49894931e-11 1.585606e+05
1.150163e-01 2.477076e+16 6.76126765e-13 1.790316e+05
1.150163e-01 3.125716e+16 3.40989239e-15 2.048913e+05
1.150163e-01 3.944206e+16 5.54275062e-18 2.313438e+05
1.150163e-01 4.977024e+16 2.34304884e-21 2.612114e+05
1.150163e-01 6.280291e+16 1.92886696e-25 2.989413e+05
1.150163e-01 7.924829e+16 1.93421635e-30 3.375362e+05
1.150163e-01 1.000000e+17 1.44631864e-36 3.862905e+05
1.233295e-01 1.261857e+07 5.93096480e-03 2.058148e+00
1.233295e-01 1.592283e+07 6.11418103e-03 2.323865e+00
1.233295e-01 2.009233e+07 6.30431561e-03 2.623888e+00
1.233295e-01 2.535364e+07 6.50167059e-03 2.962645e+00
1.233295e-01 3.199267e+07 6.70656244e-03 3.345138e+00
1.233295e-01 4.037017e+07 6.91932276e-03 3.777013e+00
1.233295e-01 5.094138e+07 7.14029892e-03 4.264644e+00
1.233295e-01 6.428073e+07 7.36985432e-03 4.815232e+00
1.233295e-01 8.111308e+07 7.60836977e-03 5.436903e+00
1.233295e-01 1.023531e+08 7.85624372e-03 6.138835e+00
1.233295e-01 1.291550e+08 8.11389327e-03 6.931390e+00
1.233295e-01 1.629751e+08 8.61100269e-03 7.932573e+00
1.233295e-01 2.056512e+08 8.89715170e-03 8.956708e+00
1.233295e-01 2.595024e+08 9.19475250e-03 1.011307e+01
1.233295e-01 3.274549e+08 9.50431808e-03 1.141871e+01
1.233295e-01 4.132012e+08 9.82638409e-03 1.289293e+01
1.233295e-01 5.214008e+08 1.01615101e-02 1.455747e+01
1.233295e-01 6.579332e+08 1.05102787e-02 1.643692e+01
1.233295e-01 8.302176e+08 1.08732973e-02 1.855900e+01
1.233295e-01 1.047616e+09 1.12511978e-02 2.095507e+01
1.233295e-01 1.321941e+09 1.16446358e-02 2.366047e+01
1.233295e-01 1.668101e+09 1.20542923e-02 2.671516e+01
1.233295e-01 2.104904e+09 1.28222326e-02 3.057395e+01
1.233295e-01 2.656088e+09 1.32786115e-02 3.452120e+01
1.233295e-01 3.351603e+09 1.37538935e-02 3.897807e+01
1.233295e-01 4.229243e+09 1.42488693e-02 4.401034e+01
1.233295e-01 5.336699e+09 1.47643499e-02 4.969230e+01
1.233295e-01 6.734151e+09 1.53011611e-02 5.610783e+01
1.233295e-01 8.497534e+09 1.58601425e-02 6.335163e+01
1.233295e-01 1.072267e+10 1.64421417e-02 7.153065e+01
1.233295e-01 1.353048e+10 1.70480084e-02 8.076563e+01
1.233295e-01 1.707353e+10 1.81621123e-02 9.243157e+01
1.233295e-01 2.154435e+10 1.88361865e-02 1.043650e+02
1.233295e-01 2.718588e+10 1.95373408e-02 1.178390e+02
1.233295e-01 3.430469e+10 2.02663724e-02 1.330526e+02
1.233295e-01 4.328761e+10 2.10240303e-02 1.502304e+02
1.233295e-01 5.462277e+10 2.18109917e-02 1.696259e+02
1.233295e-01 6.892612e+10 2.26278473e-02 1.915255e+02
1.233295e-01 8.697490e+10 2.34750724e-02 2.162524e+02
1.233295e-01 1.097499e+11 2.50190682e-02 2.474883e+02
1.233295e-01 1.384886e+11 2.59526975e-02 2.794403e+02
1.233295e-01 1.747528e+11 2.69179480e-02 3.155175e+02
1.233295e-01 2.205131e+11 2.79144725e-02 3.562524e+02
1.233295e-01 2.782559e+11 2.89415894e-02 4.022464e+02
1.233295e-01 3.511192e+11 2.99982154e-02 4.541785e+02
1.233295e-01 4.430621e+11 3.10827887e-02 5.128153e+02
1.233295e-01 5.590810e+11 3.30736859e-02 5.868873e+02
1.233295e-01 7.054802e+11 3.42380859e-02 6.626574e+02
1.233295e-01 8.902151e+11 3.54224320e-02 7.482099e+02
1.233295e-01 1.123324e+12 3.66220765e-02 8.448076e+02
1.233295e-01 1.417474e+12 3.78312619e-02 9.538766e+02
1.233295e-01 1.788650e+12 3.90429436e-02 1.077027e+03
1.233295e-01 2.257020e+12 4.13494238e-02 1.232595e+03
1.233295e-01 2.848036e+12 4.25713479e-02 1.391729e+03
1.233295e-01 3.593814e+12 4.37640821e-02 1.571408e+03
1.233295e-01 4.534879e+12 4.49129043e-02 1.774285e+03
1.233295e-01 5.722368e+12 4.60006022e-02 2.003355e+03
1.233295e-01 7.220809e+12 4.82929071e-02 2.292723e+03
1.233295e-01 9.111628e+12 4.92202215e-02 2.588725e+03
1.233295e-01 1.149757e+13 5.00139253e-02 2.922943e+03
1.233295e-01 1.450829e+13 5.06439261e-02 3.300310e+03
1.233295e-01 1.830738e+13 5.10768534e-02 3.726396e+03
1.233295e-01 2.310130e+13 5.26787477e-02 4.264644e+03
1.233295e-01 2.915053e+13 5.26038013e-02 4.815232e+03
1.233295e-01 3.678380e+13 5.22073622e-02 5.436903e+03
1.233295e-01 4.641589e+13 5.14475528e-02 6.138835e+03
1.233295e-01 5.857021e+13 5.16596241e-02 7.025540e+03
1.233295e-01 7.390722e+13 5.00136619e-02 7.932573e+03
1.233295e-01 9.326033e+13 4.78887817e-02 8.956708e+03
1.233295e-01 1.176812e+14 4.52699227e-02 1.011307e+04
1.233295e-01 1.484968e+14 4.33133215e-02 1.157382e+04
1.233295e-01 1.873817e+14 3.96418983e-02 1.306805e+04
1.233295e-01 2.364489e+14 3.55512264e-02 1.475521e+04
1.233295e-01 2.983647e+14 3.11325118e-02 1.666018e+04
1.233295e-01 3.764936e+14 2.72374617e-02 1.906661e+04
1.233295e-01 4.750810e+14 2.24465396e-02 2.152820e+04
1.233295e-01 5.994843e+14 1.77959752e-02 2.430761e+04
1.233295e-01 7.564633e+14 1.38467937e-02 2.781864e+04
1.233295e-01 9.545485e+14 9.93629303e-03 3.141017e+04
1.233295e-01 1.204504e+15 6.68933641e-03 3.546539e+04
1.233295e-01 1.519911e+15 4.17256966e-03 4.004415e+04
1.233295e-01 1.917910e+15 2.43893772e-03 4.582820e+04
1.233295e-01 2.420128e+15 1.24276471e-03 5.174486e+04
1.233295e-01 3.053856e+15 5.55689756e-04 5.842538e+04
1.233295e-01 3.853529e+15 2.18704508e-04 6.686446e+04
1.233295e-01 4.862602e+15 6.95640852e-05 7.549700e+04
1.233295e-01 6.135907e+15 1.75892533e-05 8.524405e+04
1.233295e-01 7.742637e+15 3.42662657e-06 9.755686e+04
1.233295e-01 9.770100e+15 4.53097430e-07 1.101519e+05
1.233295e-01 1.232847e+16 3.94076291e-08 1.260625e+05
1.233295e-01 1.555676e+16 1.93958799e-09 1.423378e+05
1.233295e-01 1.963041e+16 4.97975423e-11 1.607144e+05
1.233295e-01 2.477076e+16 6.04641434e-13 1.839282e+05
1.233295e-01 3.125716e+16 2.83015073e-15 2.076743e+05
1.233295e-01 3.944206e+16 4.34394598e-18 2.344861e+05
1.233295e-01 4.977024e+16 1.76031764e-21 2.683558e+05
1.233295e-01 6.280291e+16 1.29703775e-25 3.030019e+05
1.233295e-01 7.924829e+16 1.20634200e-30 3.467680e+05
1.233295e-01 1.000000e+17 7.74569733e-37 3.915376e+05
1.322435e-01 1.261857e+07 6.62270899e-03 2.086104e+00
1.322435e-01 1.592283e+07 6.82727475e-03 2.355431e+00
1.322435e-01 2.009233e+07 7.03956243e-03 2.659529e+00
1.322435e-01 2.535364e+07 7.25990889e-03 3.002888e+00
1.322435e-01 3.199267e+07 7.48866705e-03 3.390576e+00
1.322435e-01 4.037017e+07 7.72620664e-03 3.828316e+00
1.322435e-01 5.094138e+07 8.19098033e-03 4.381286e+00
1.322435e-01 6.428073e+07 8.45427207e-03 4.946932e+00
1.322435e-01 8.111308e+07 8.72783565e-03 5.585606e+00
1.322435e-01 1.023531e+08 9.01212730e-03 6.306737e+00
1.322435e-01 1.291550e+08 9.30762458e-03 7.120968e+00
1.322435e-01 1.629751e+08 9.61482756e-03 8.040322e+00
1.322435e-01 2.056512e+08 9.93425882e-03 9.078369e+00
1.322435e-01 2.595024e+08 1.02664653e-02 1.025043e+01
1.322435e-01 3.274549e+08 1.06120183e-02 1.157382e+01
1.322435e-01 4.132012e+08 1.09715143e-02 1.306805e+01
1.322435e-01 5.214008e+08 1.13455763e-02 1.475521e+01
1.322435e-01 6.579332e+08 1.17348527e-02 1.666018e+01
1.322435e-01 8.302176e+08 1.24720585e-02 1.906661e+01
1.322435e-01 1.047616e+09 1.29053540e-02 2.152820e+01
1.322435e-01 1.321941e+09 1.33564457e-02 2.430761e+01
1.322435e-01 1.668101e+09 1.38261115e-02 2.744584e+01
1.322435e-01 2.104904e+09 1.43151549e-02 3.098924e+01
1.322435e-01 2.656088e+09 1.48244063e-02 3.499011e+01
1.322435e-01 3.351603e+09 1.53547211e-02 3.950751e+01
1.322435e-01 4.229243e+09 1.59069767e-02 4.460813e+01
1.322435e-01 5.336699e+09 1.64820725e-02 5.036727e+01
1.322435e-01 6.734151e+09 1.70809239e-02 5.686995e+01
1.322435e-01 8.497534e+09 1.81886909e-02 6.508435e+01
1.322435e-01 1.072267e+10 1.88556052e-02 7.348707e+01
1.322435e-01 1.353048e+10 1.95498077e-02 8.297463e+01
1.322435e-01 1.707353e+10 2.02722582e-02 9.368708e+01
1.322435e-01 2.154435e+10 2.10239000e-02 1.057826e+02
1.322435e-01 2.718588e+10 2.18056493e-02 1.194396e+02
1.322435e-01 3.430469e+10 2.26183800e-02 1.348599e+02
1.322435e-01 4.328761e+10 2.34629098e-02 1.522710e+02
1.322435e-01 5.462277e+10 2.43399741e-02 1.719300e+02
1.322435e-01 6.892612e+10 2.59408216e-02 1.967639e+02
1.322435e-01 8.697490e+10 2.69105479e-02 2.221671e+02
1.322435e-01 1.097499e+11 2.79152160e-02 2.508500e+02
1.322435e-01 1.384886e+11 2.89549673e-02 2.832360e+02
1.322435e-01 1.747528e+11 3.00296811e-02 3.198032e+02
1.322435e-01 2.205131e+11 3.11389266e-02 3.610914e+02
1.322435e-01 2.782559e+11 3.22818938e-02 4.077102e+02
1.322435e-01 3.511192e+11 3.43724027e-02 4.666006e+02
1.322435e-01 4.430621e+11 3.56114693e-02 5.268411e+02
1.322435e-01 5.590810e+11 3.68795141e-02 5.948590e+02
1.322435e-01 7.054802e+11 3.81732436e-02 6.716584e+02
1.322435e-01 8.902151e+11 3.94884480e-02 7.583729e+02
1.322435e-01 1.123324e+12 4.08198455e-02 8.562827e+02
1.322435e-01 1.417474e+12 4.33140394e-02 9.799658e+02
1.322435e-01 1.788650e+12 4.46935140e-02 1.106484e+03
1.322435e-01 2.257020e+12 4.60648215e-02 1.249337e+03
1.322435e-01 2.848036e+12 4.74161057e-02 1.410633e+03
1.322435e-01 3.593814e+12 4.87332918e-02 1.592753e+03
1.322435e-01 4.534879e+12 5.13673423e-02 1.822813e+03
1.322435e-01 5.722368e+12 5.25965679e-02 2.058148e+03
1.322435e-01 7.220809e+12 5.37308508e-02 2.323865e+03
1.322435e-01 9.111628e+12 5.47437967e-02 2.623888e+03
1.322435e-01 1.149757e+13 5.56054385e-02 2.962645e+03
1.322435e-01 1.450829e+13 5.78215071e-02 3.390576e+03
1.322435e-01 1.830738e+13 5.82884918e-02 3.828316e+03
1.322435e-01 2.310130e+13 5.84856133e-02 4.322572e+03
1.322435e-01 2.915053e+13 5.83684807e-02 4.880638e+03
1.322435e-01 3.678380e+13 5.78910097e-02 5.510753e+03
1.322435e-01 4.641589e+13 5.85662401e-02 6.306737e+03
1.322435e-01 5.857021e+13 5.71954222e-02 7.120968e+03
1.322435e-01 7.390722e+13 5.53223984e-02 8.040322e+03
1.322435e-01 9.326033e+13 5.29173638e-02 9.078369e+03
1.322435e-01 1.176812e+14 5.13318876e-02 1.038967e+04
1.322435e-01 1.484968e+14 4.77428138e-02 1.173102e+04
1.322435e-01 1.873817e+14 4.36306719e-02 1.324556e+04
1.322435e-01 2.364489e+14 3.90619534e-02 1.495563e+04
1.322435e-01 2.983647e+14 3.50744442e-02 1.711585e+04
1.322435e-01 3.764936e+14 2.98031795e-02 1.932559e+04
1.322435e-01 4.750810e+14 2.44986839e-02 2.182063e+04
1.322435e-01 5.994843e+14 1.98960317e-02 2.497244e+04
1.322435e-01 7.564633e+14 1.50180709e-02 2.819651e+04
1.322435e-01 9.545485e+14 1.07349566e-02 3.183682e+04
1.322435e-01 1.204504e+15 7.19448857e-03 3.594712e+04
1.322435e-01 1.519911e+15 4.58626318e-03 4.113939e+04
1.322435e-01 1.917910e+15 2.59342983e-03 4.645069e+04
1.322435e-01 2.420128e+15 1.31203598e-03 5.244771e+04
1.322435e-01 3.053856e+15 5.97657806e-04 6.002336e+04
1.322435e-01 3.853529e+15 2.26704733e-04 6.777268e+04
1.322435e-01 4.862602e+15 7.12702666e-05 7.652248e+04
1.322435e-01 6.135907e+15 1.82576948e-05 8.757554e+04
1.322435e-01 7.742637e+15 3.40489303e-06 9.888199e+04
1.322435e-01 9.770100e+15 4.41262274e-07 1.116482e+05
1.322435e-01 1.232847e+16 3.74564666e-08 1.277748e+05
1.322435e-01 1.555676e+16 1.79012283e-09 1.442712e+05
1.322435e-01 1.963041e+16 4.55691053e-11 1.651100e+05
1.322435e-01 2.477076e+16 5.15988947e-13 1.864266e+05
1.322435e-01 3.125716e+16 2.29379801e-15 2.104952e+05
1.322435e-01 3.944206e+16 3.39917641e-18 2.408995e+05
1.322435e-01 4.977024e+16 1.24394322e-21 2.720009e+05
1.322435e-01 6.280291e+16 8.59842844e-26 3.112892e+05
1.322435e-01 7.924829e+16 6.96840040e-31 3.514782e+05
1.322435e-01 1.000000e+17 3.90623891e-37 3.968559e+05
1.418018e-01 1.261857e+07 7.40112234e-03 2.114440e+00
1.418018e-01 1.592283e+07 7.62970818e-03 2.387425e+00
1.418018e-01 2.009233e+07 8.08208575e-03 2.732269e+00
1.418018e-01 2.535364e+07 8.33503255e-03 3.085019e+00
1.418018e-01 3.199267e+07 8.59763155e-03 3.483310e+00
1.418018e-01 4.037017e+07 8.87030659e-03 3.933024e+00
1.418018e-01 5.094138e+07 9.15350162e-03 4.440797e+00
1.418018e-01 6.428073e+07 9.44768097e-03 5.014127e+00
1.418018e-01 8.111308e+07 9.75333106e-03 5.661476e+00
1.418018e-01 1.023531e+08 1.00709608e-02 6.392402e+00
1.418018e-01 1.291550e+08 1.04011026e-02 7.217694e+00
1.418018e-01 1.629751e+08 1.07443141e-02 8.149535e+00
1.418018e-01 2.056512e+08 1.11011780e-02 9.201681e+00
1.418018e-01 2.595024e+08 1.14723037e-02 1.038967e+01
1.418018e-01 3.274549e+08 1.18583280e-02 1.173102e+01
1.418018e-01 4.132012e+08 1.25952335e-02 1.342548e+01
1.418018e-01 5.214008e+08 1.30245063e-02 1.515877e+01
1.418018e-01 6.579332e+08 1.34712228e-02 1.711585e+01
1.418018e-01 8.302176e+08 1.39361560e-02 1.932559e+01
1.418018e-01 1.047616e+09 1.44201095e-02 2.182063e+01
1.418018e-01 1.321941e+09 1.49239171e-02 2.463778e+01
1.418018e-01 1.668101e+09 1.54484436e-02 2.781864e+01
1.418018e-01 2.104904e+09 1.59945824e-02 3.141017e+01
1.418018e-01 2.656088e+09 1.65632564e-02 3.546539e+01
1.418018e-01 3.351603e+09 1.71554157e-02 4.004415e+01
1.418018e-01 4.229243e+09 1.77720339e-02 4.521405e+01
1.418018e-01 5.336699e+09 1.89177490e-02 5.174486e+01
1.418018e-01 6.734151e+09 1.96045805e-02 5.842538e+01
1.418018e-01 8.497534e+09 2.03196649e-02 6.596840e+01
1.418018e-01 1.072267e+10 2.10640677e-02 7.448526e+01
1.418018e-01 1.353048e+10 2.18388546e-02 8.410168e+01
1.418018e-01 1.707353e+10 2.26450844e-02 9.495964e+01
1.418018e-01 2.154435e+10 2.34837954e-02 1.072194e+02
1.418018e-01 2.718588e+10 2.43559941e-02 1.210620e+02
1.418018e-01 3.430469e+10 2.52626371e-02 1.366917e+02
1.418018e-01 4.328761e+10 2.69213322e-02 1.564357e+02
1.418018e-01 5.462277e+10 2.79261955e-02 1.766324e+02
1.418018e-01 6.892612e+10 2.89688804e-02 1.994365e+02
1.418018e-01 8.697490e+10 3.00499332e-02 2.251848e+02
1.418018e-01 1.097499e+11 3.11697034e-02 2.542573e+02
1.418018e-01 1.384886e+11 3.23283078e-02 2.870832e+02
1.418018e-01 1.747528e+11 3.35255647e-02 3.241471e+02
1.418018e-01 2.205131e+11 3.57116790e-02 3.709676e+02
1.418018e-01 2.782559e+11 3.70190151e-02 4.188614e+02
1.418018e-01 3.511192e+11 3.83630051e-02 4.729385e+02
1.418018e-01 4.430621e+11 3.97415029e-02 5.339973e+02
1.418018e-01 5.590810e+11 4.11516159e-02 6.029391e+02
1.418018e-01 7.054802e+11 4.25895718e-02 6.807816e+02
1.418018e-01 8.902151e+11 4.52553817e-02 7.791150e+02
1.418018e-01 1.123324e+12 4.67738236e-02 8.797027e+02
1.418018e-01 1.417474e+12 4.83021344e-02 9.932768e+02
1.418018e-01 1.788650e+12 4.98310249e-02 1.121514e+03
1.418018e-01 2.257020e+12 5.13492871e-02 1.266307e+03
1.418018e-01 2.848036e+12 5.28435215e-02 1.429794e+03
1.418018e-01 3.593814e+12 5.57829322e-02 1.636316e+03
1.418018e-01 4.534879e+12 5.72168440e-02 1.847573e+03
1.418018e-01 5.722368e+12 5.85681991e-02 2.086104e+03
1.418018e-01 7.220809e+12 5.98111394e-02 2.355431e+03
1.418018e-01 9.111628e+12 6.09160492e-02 2.659529e+03
1.418018e-01 1.149757e+13 6.35409857e-02 3.043676e+03
1.418018e-01 1.450829e+13 6.42848931e-02 3.436630e+03
1.418018e-01 1.830738e+13 6.47711947e-02 3.880317e+03
1.418018e-01 2.310130e+13 6.49535389e-02 4.381286e+03
1.418018e-01 2.915053e+13 6.47826401e-02 4.946932e+03
1.418018e-01 3.678380e+13 6.59636385e-02 5.661476e+03
1.418018e-01 4.641589e+13 6.49052939e-02 6.392402e+03
1.418018e-01 5.857021e+13 6.33301547e-02 7.217694e+03
1.418018e-01 7.390722e+13 6.11954699e-02 8.149535e+03
1.418018e-01 9.326033e+13 6.00689126e-02 9.326669e+03
1.418018e-01 1.176812e+14 5.66463624e-02 1.053079e+04
1.418018e-01 1.484968e+14 5.26105309e-02 1.189037e+04
1.418018e-01 1.873817e+14 4.80013196e-02 1.342548e+04
1.418018e-01 2.364489e+14 4.40690941e-02 1.536468e+04
1.418018e-01 2.983647e+14 3.84361883e-02 1.734834e+04
1.418018e-01 3.764936e+14 3.25813979e-02 1.958809e+04
1.418018e-01 4.750810e+14 2.67088396e-02 2.211702e+04
1.418018e-01 5.994843e+14 2.16224691e-02 2.531164e+04
1.418018e-01 7.564633e+14 1.62618440e-02 2.857950e+04
1.418018e-01 9.545485e+14 1.15751244e-02 3.226926e+04
1.418018e-01 1.204504e+15 7.93087739e-03 3.693030e+04
1.418018e-01 1.519911e+15 4.89317358e-03 4.169819e+04
1.418018e-01 1.917910e+15 2.74865798e-03 4.708164e+04
1.418018e-01 2.420128e+15 1.41753300e-03 5.388220e+04
1.418018e-01 3.053856e+15 6.22816850e-04 6.083867e+04
1.418018e-01 3.853529e+15 2.33727842e-04 6.869325e+04
1.418018e-01 4.862602e+15 7.45371703e-05 7.861543e+04
1.418018e-01 6.135907e+15 1.83080927e-05 8.876509e+04
1.418018e-01 7.742637e+15 3.35314409e-06 1.002251e+05
1.418018e-01 9.770100e+15 4.36820601e-07 1.147018e+05
1.418018e-01 1.232847e+16 3.51538838e-08 1.295104e+05
1.418018e-01 1.555676e+16 1.62737934e-09 1.462309e+05
1.418018e-01 1.963041e+16 3.98618667e-11 1.673527e+05
1.418018e-01 2.477076e+16 4.30895371e-13 1.889588e+05
1.418018e-01 3.125716e+16 1.81141612e-15 2.133544e+05
1.418018e-01 3.944206e+16 2.50961841e-18 2.441717e+05
1.418018e-01 4.977024e+16 8.46745297e-22 2.756955e+05
1.418018e-01 6.280291e+16 5.30410605e-26 3.155175e+05
1.418018e-01 7.924829e+16 3.81261831e-31 3.562524e+05
1.418018e-01 1.000000e+17 1.89529400e-37 4.077102e+05
1.520510e-01 1.261857e+07 8.27802678e-03 2.143160e+00
1.520510e-01 1.592283e+07 8.76706880e-03 2.452723e+00
1.520510e-01 2.009233e+07 9.03960659e-03 2.769382e+00
1.520510e-01 2.535364e+07 9.32248191e-03 3.126923e+00
1.520510e-01 3.199267e+07 9.61614658e-03 3.530625e+00
1.520510e-01 4.037017e+07 9.92107388e-03 3.986446e+00
1.520510e-01 5.094138e+07 1.02377595e-02 4.501117e+00
1.520510e-01 6.428073e+07 1.05667216e-02 5.082234e+00
1.520510e-01 8.111308e+07 1.09085034e-02 5.738377e+00
1.520510e-01 1.023531e+08 1.12636727e-02 6.479231e+00
1.520510e-01 1.291550e+08 1.16328237e-02 7.315732e+00
1.520510e-01 1.629751e+08 1.20165784e-02 8.260231e+00
1.520510e-01 2.056512e+08 1.24155869e-02 9.326669e+00
1.520510e-01 2.595024e+08 1.28305289e-02 1.053079e+01
1.520510e-01 3.274549e+08 1.36248433e-02 1.205188e+01
1.520510e-01 4.132012e+08 1.40860928e-02 1.360784e+01
1.520510e-01 5.214008e+08 1.45659965e-02 1.536468e+01
1.520510e-01 6.579332e+08 1.50653813e-02 1.734834e+01
1.520510e-01 8.302176e+08 1.55851083e-02 1.958809e+01
1.520510e-01 1.047616e+09 1.61260723e-02 2.211702e+01
1.520510e-01 1.321941e+09 1.66892012e-02 2.497244e+01
1.520510e-01 1.668101e+09 1.72754575e-02 2.819651e+01
1.520510e-01 2.104904e+09 1.78858347e-02 3.183682e+01
1.520510e-01 2.656088e+09 1.85213588e-02 3.594712e+01
1.520510e-01 3.351603e+09 1.91830850e-02 4.058807e+01
1.520510e-01 4.229243e+09 2.04156117e-02 4.645069e+01
1.520510e-01 5.336699e+09 2.11526330e-02 5.244771e+01
1.520510e-01 6.734151e+09 2.19199765e-02 5.921898e+01
1.520510e-01 8.497534e+09 2.27188130e-02 6.686446e+01
1.520510e-01 1.072267e+10 2.35503213e-02 7.549700e+01
1.520510e-01 1.353048e+10 2.44156783e-02 8.524405e+01
1.520510e-01 1.707353e+10 2.53160514e-02 9.624949e+01
1.520510e-01 2.154435e+10 2.62525831e-02 1.086758e+02
1.520510e-01 2.718588e+10 2.72263777e-02 1.227064e+02
1.520510e-01 3.430469e+10 2.90108252e-02 1.404303e+02
1.520510e-01 4.328761e+10 3.00909635e-02 1.585606e+02
1.520510e-01 5.462277e+10 3.12123389e-02 1.790316e+02
1.520510e-01 6.892612e+10 3.23757002e-02 2.021455e+02
1.520510e-01 8.697490e+10 3.35816187e-02 2.282435e+02
1.520510e-01 1.097499e+11 3.48304406e-02 2.577109e+02
1.520510e-01 1.384886e+11 3.61222464e-02 2.909827e+02
1.520510e-01 1.747528e+11 3.84812485e-02 3.330128e+02
1.520510e-01 2.205131e+11 3.98954945e-02 3.760065e+02
1.520510e-01 2.782559e+11 4.13517762e-02 4.245508e+02
1.520510e-01 3.511192e+11 4.28483153e-02 4.793625e+02
1.520510e-01 4.430621e+11 4.43826212e-02 5.412507e+02
1.520510e-01 5.590810e+11 4.59513589e-02 6.111289e+02
1.520510e-01 7.054802e+11 4.75501987e-02 6.900288e+02
1.520510e-01 8.902151e+11 5.05185811e-02 7.896978e+02
1.520510e-01 1.123324e+12 5.22046612e-02 8.916518e+02
1.520510e-01 1.417474e+12 5.39003018e-02 1.006769e+03
1.520510e-01 1.788650e+12 5.55949533e-02 1.136748e+03
1.520510e-01 2.257020e+12 5.72759098e-02 1.283508e+03
1.520510e-01 2.848036e+12 5.89280056e-02 1.449215e+03
1.520510e-01 3.593814e+12 6.21889234e-02 1.658542e+03
1.520510e-01 4.534879e+12 6.37683778e-02 1.872669e+03
1.520510e-01 5.722368e+12 6.52528931e-02 2.114440e+03
1.520510e-01 7.220809e+12 6.66133812e-02 2.387425e+03
1.520510e-01 9.111628e+12 6.78165814e-02 2.695653e+03
1.520510e-01 1.149757e+13 7.07072698e-02 3.085019e+03
1.520510e-01 1.450829e+13 7.14996365e-02 3.483310e+03
1.520510e-01 1.830738e+13 7.20008668e-02 3.933024e+03
1.520510e-01 2.310130e+13 7.21593405e-02 4.440797e+03
1.520510e-01 2.915053e+13 7.38874160e-02 5.082234e+03
1.520510e-01 3.678380e+13 7.31756059e-02 5.738377e+03
1.520510e-01 4.641589e+13 7.19400918e-02 6.479231e+03
1.520510e-01 5.857021e+13 7.01270400e-02 7.315732e+03
1.520510e-01 7.390722e+13 6.76903590e-02 8.260231e+03
1.520510e-01 9.326033e+13 6.63637404e-02 9.453354e+03
1.520510e-01 1.176812e+14 6.24969481e-02 1.067383e+04
1.520510e-01 1.484968e+14 5.79544780e-02 1.205188e+04
1.520510e-01 1.873817e+14 5.27842950e-02 1.360784e+04
1.520510e-01 2.364489e+14 4.83635660e-02 1.557338e+04
1.520510e-01 2.983647e+14 4.20858079e-02 1.758398e+04
1.520510e-01 3.764936e+14 3.55823591e-02 1.985416e+04
1.520510e-01 4.750810e+14 2.98774253e-02 2.272193e+04
1.520510e-01 5.994843e+14 2.34631014e-02 2.565545e+04
1.520510e-01 7.564633e+14 1.75765344e-02 2.896770e+04
1.520510e-01 9.545485e+14 1.24538764e-02 3.270758e+04
1.520510e-01 1.204504e+15 8.48786280e-03 3.743193e+04
1.520510e-01 1.519911e+15 5.20461428e-03 4.226458e+04
1.520510e-01 1.917910e+15 2.90261865e-03 4.772115e+04
1.520510e-01 2.420128e+15 1.48436356e-03 5.461409e+04
1.520510e-01 3.053856e+15 6.45762377e-04 6.166505e+04
1.520510e-01 3.853529e+15 2.39536903e-04 6.962632e+04
1.520510e-01 4.862602e+15 7.53471789e-05 7.968328e+04
1.520510e-01 6.135907e+15 1.82069338e-05 8.997080e+04
1.520510e-01 7.742637e+15 3.26991329e-06 1.015865e+05
1.520510e-01 9.770100e+15 4.16034000e-07 1.162598e+05
1.520510e-01 1.232847e+16 3.25382403e-08 1.312696e+05
1.520510e-01 1.555676e+16 1.45513397e-09 1.482171e+05
1.520510e-01 1.963041e+16 3.41857015e-11 1.696259e+05
1.520510e-01 2.477076e+16 3.51402626e-13 1.915255e+05
1.520510e-01 3.125716e+16 1.42842472e-15 2.191898e+05
1.520510e-01 3.944206e+16 1.79075723e-18 2.474883e+05
1.520510e-01 4.977024e+16 5.53258286e-22 2.794403e+05
1.520510e-01 6.280291e+16 3.11477169e-26 3.198032e+05
1.520510e-01 7.924829e+16 1.96582742e-31 3.610914e+05
1.520510e-01 1.000000e+17 8.33154192e-38 4.132482e+05
1.630409e-01 1.261857e+07 9.26699931e-03 2.172271e+00
1.630409e-01 1.592283e+07 9.81442936e-03 2.486038e+00
1.630409e-01 2.009233e+07 1.01194832e-02 2.806999e+00
1.630409e-01 2.535364e+07 1.04361026e-02 3.169396e+00
1.630409e-01 3.199267e+07 1.07647924e-02 3.578582e+00
1.630409e-01 4.037017e+07 1.11060815e-02 4.040595e+00
1.630409e-01 5.094138e+07 1.14605237e-02 4.562256e+00
1.630409e-01 6.428073e+07 1.18286979e-02 5.151267e+00
1.630409e-01 8.111308e+07 1.22112108e-02 5.816322e+00
1.630409e-01 1.023531e+08 1.26086965e-02 6.567239e+00
1.630409e-01 1.291550e+08 1.30218186e-02 7.415103e+00
1.630409e-01 1.629751e+08 1.34512715e-02 8.372431e+00
1.630409e-01 2.056512e+08 1.38977807e-02 9.453354e+00
1.630409e-01 2.595024e+08 1.43621049e-02 1.067383e+01
1.630409e-01 3.274549e+08 1.52510593e-02 1.221558e+01
1.630409e-01 4.132012e+08 1.57671640e-02 1.379267e+01
1.630409e-01 5.214008e+08 1.63041197e-02 1.557338e+01
1.630409e-01 6.579332e+08 1.68628480e-02 1.758398e+01
1.630409e-01 8.302176e+08 1.74443086e-02 1.985416e+01
1.630409e-01 1.047616e+09 1.80494984e-02 2.241744e+01
1.630409e-01 1.321941e+09 1.86794507e-02 2.531164e+01
1.630409e-01 1.668101e+09 1.93352368e-02 2.857950e+01
1.630409e-01 2.104904e+09 2.00179621e-02 3.226926e+01
1.630409e-01 2.656088e+09 2.07287674e-02 3.643539e+01
1.630409e-01 3.351603e+09 2.14688253e-02 4.113939e+01
1.630409e-01 4.229243e+09 2.28475995e-02 4.708164e+01
1.630409e-01 5.336699e+09 2.36717328e-02 5.316012e+01
1.630409e-01 6.734151e+09 2.45296947e-02 6.002336e+01
1.630409e-01 8.497534e+09 2.54227818e-02 6.777268e+01
1.630409e-01 1.072267e+10 2.63522975e-02 7.652248e+01
1.630409e-01 1.353048e+10 2.73195412e-02 8.640193e+01
1.630409e-01 1.707353e+10 2.83257994e-02 9.755686e+01
1.630409e-01 2.154435e+10 2.93723279e-02 1.101519e+02
1.630409e-01 2.718588e+10 3.04603372e-02 1.243731e+02
1.630409e-01 3.430469e+10 3.24550062e-02 1.423378e+02
1.630409e-01 4.328761e+10 3.36614317e-02 1.607144e+02
1.630409e-01 5.462277e+10 3.49136787e-02 1.814634e+02
1.630409e-01 6.892612e+10 3.62125430e-02 2.048913e+02
1.630409e-01 8.697490e+10 3.75586159e-02 2.313438e+02
1.630409e-01 1.097499e+11 3.89522310e-02 2.612114e+02
1.630409e-01 1.384886e+11 4.03934179e-02 2.949352e+02
1.630409e-01 1.747528e+11 4.18818181e-02 3.330128e+02
1.630409e-01 2.205131e+11 4.46040945e-02 3.811138e+02
1.630409e-01 2.782559e+11 4.62271308e-02 4.303176e+02
1.630409e-01 3.511192e+11 4.78943383e-02 4.858738e+02
1.630409e-01 4.430621e+11 4.96028206e-02 5.486025e+02
1.630409e-01 5.590810e+11 5.13487238e-02 6.194299e+02
1.630409e-01 7.054802e+11 5.31270681e-02 6.994015e+02
1.630409e-01 8.902151e+11 5.64339744e-02 8.004244e+02
1.630409e-01 1.123324e+12 5.83066193e-02 9.037633e+02
1.630409e-01 1.417474e+12 6.01881831e-02 1.020444e+03
1.630409e-01 1.788650e+12 6.20666647e-02 1.152188e+03
1.630409e-01 2.257020e+12 6.39276371e-02 1.300942e+03
1.630409e-01 2.848036e+12 6.57539102e-02 1.468900e+03
1.630409e-01 3.593814e+12 6.93720373e-02 1.681071e+03
1.630409e-01 4.534879e+12 7.11107719e-02 1.898105e+03
1.630409e-01 5.722368e+12 7.27401068e-02 2.143160e+03
1.630409e-01 7.220809e+12 7.42272859e-02 2.419853e+03
1.630409e-01 9.111628e+12 7.55349197e-02 2.732269e+03
1.630409e-01 1.149757e+13 7.87164168e-02 3.126923e+03
1.630409e-01 1.450829e+13 7.95557331e-02 3.530625e+03
1.630409e-01 1.830738e+13 8.00655819e-02 3.986446e+03
1.630409e-01 2.310130e+13 8.01884654e-02 4.501117e+03
1.630409e-01 2.915053e+13 7.98636419e-02 5.082234e+03
1.630409e-01 3.678380e+13 8.11902883e-02 5.816322e+03
1.630409e-01 4.641589e+13 7.97455145e-02 6.567239e+03
1.630409e-01 5.857021e+13 7.76550004e-02 7.415103e+03
1.630409e-01 7.390722e+13 7.48692511e-02 8.372431e+03
1.630409e-01 9.326033e+13 7.33054429e-02 9.581761e+03
1.630409e-01 1.176812e+14 6.89317428e-02 1.081881e+04
1.630409e-01 1.484968e+14 6.38142575e-02 1.221558e+04
1.630409e-01 1.873817e+14 5.80106523e-02 1.379267e+04
1.630409e-01 2.364489e+14 5.30371481e-02 1.578491e+04
1.630409e-01 2.983647e+14 4.60388574e-02 1.782283e+04
1.630409e-01 3.764936e+14 3.88147784e-02 2.012384e+04
1.630409e-01 4.750810e+14 3.16213900e-02 2.272193e+04
1.630409e-01 5.994843e+14 2.54171015e-02 2.600393e+04
1.630409e-01 7.564633e+14 1.89588153e-02 2.936118e+04
1.630409e-01 9.545485e+14 1.33668532e-02 3.315185e+04
1.630409e-01 1.204504e+15 9.05785811e-03 3.794037e+04
1.630409e-01 1.519911e+15 5.51707342e-03 4.283867e+04
1.630409e-01 1.917910e+15 3.05292125e-03 4.836936e+04
1.630409e-01 2.420128e+15 1.54700766e-03 5.535592e+04
1.630409e-01 3.053856e+15 6.65832803e-04 6.250265e+04
1.630409e-01 3.853529e+15 2.43885100e-04 7.057206e+04
1.630409e-01 4.862602e+15 7.55796365e-05 8.076563e+04
1.630409e-01 6.135907e+15 1.79420008e-05 9.119288e+04
1.630409e-01 7.742637e+15 3.15455078e-06 1.029663e+05
1.630409e-01 9.770100e+15 3.91201194e-07 1.178390e+05
1.630409e-01 1.232847e+16 2.96624113e-08 1.330526e+05
1.630409e-01 1.555676e+16 1.27771442e-09 1.502304e+05
1.630409e-01 1.963041e+16 2.86885026e-11 1.719300e+05
1.630409e-01 2.477076e+16 2.79227396e-13 1.941270e+05
1.630409e-01 3.125716e+16 1.03453065e-15 2.191898e+05
1.630409e-01 3.944206e+16 1.23099908e-18 2.508500e+05
1.630409e-01 4.977024e+16 3.45656857e-22 2.832360e+05
1.630409e-01 6.280291e+16 1.73318039e-26 3.241471e+05
1.630409e-01 7.924829e+16 9.49886621e-32 3.659962e+05
1.630409e-01 1.000000e+17 3.29590558e-38 4.132482e+05
1.748252e-01 1.261857e+07 1.03836511e-02 2.201778e+00
1.748252e-01 1.592283e+07 1.07042296e-02 2.486038e+00
1.748252e-01 2.009233e+07 1.10368889e-02 2.806999e+00
1.748252e-01 2.535364e+07 1.16934645e-02 3.212447e+00
1.748252e-01 3.199267e+07 1.20616879e-02 3.627190e+00
1.748252e-01 4.037017e+07 1.24440179e-02 4.095479e+00
1.748252e-01 5.094138e+07 1.28410737e-02 4.624226e+00
1.748252e-01 6.428073e+07 1.32535025e-02 5.221237e+00
1.748252e-01 8.111308e+07 1.36819824e-02 5.895326e+00
1.748252e-01 1.023531e+08 1.41272221e-02 6.656443e+00
1.748252e-01 1.291550e+08 1.45899631e-02 7.515823e+00
1.748252e-01 1.629751e+08 1.50709811e-02 8.486155e+00
1.748252e-01 2.056512e+08 1.55710865e-02 9.581761e+00
1.748252e-01 2.595024e+08 1.60911264e-02 1.081881e+01
1.748252e-01 3.274549e+08 1.66319852e-02 1.221558e+01
1.748252e-01 4.132012e+08 1.71945851e-02 1.379267e+01
1.748252e-01 5.214008e+08 1.82661821e-02 1.578491e+01
1.748252e-01 6.579332e+08 1.88918463e-02 1.782283e+01
1.748252e-01 8.302176e+08 1.95429330e-02 2.012384e+01
1.748252e-01 1.047616e+09 2.02205532e-02 2.272193e+01
1.748252e-01 1.321941e+09 2.09258581e-02 2.565545e+01
1.748252e-01 1.668101e+09 2.16600407e-02 2.896770e+01
1.748252e-01 2.104904e+09 2.24243313e-02 3.270758e+01
1.748252e-01 2.656088e+09 2.32199985e-02 3.693030e+01
1.748252e-01 3.351603e+09 2.40483459e-02 4.169819e+01
1.748252e-01 4.229243e+09 2.49107069e-02 4.708164e+01
1.748252e-01 5.336699e+09 2.58084442e-02 5.316012e+01
1.748252e-01 6.734151e+09 2.74743795e-02 6.083867e+01
1.748252e-01 8.497534e+09 2.84736329e-02 6.869325e+01
1.748252e-01 1.072267e+10 2.95135260e-02 7.756190e+01
1.748252e-01 1.353048e+10 3.05954927e-02 8.757554e+01
1.748252e-01 1.707353e+10 3.17209498e-02 9.888199e+01
1.748252e-01 2.154435e+10 3.28912765e-02 1.116482e+02
1.748252e-01 2.718588e+10 3.41077975e-02 1.260625e+02
1.748252e-01 3.430469e+10 3.53717568e-02 1.423378e+02
1.748252e-01 4.328761e+10 3.66842944e-02 1.607144e+02
1.748252e-01 5.462277e+10 3.90870016e-02 1.839282e+02
1.748252e-01 6.892612e+10 4.05381319e-02 2.076743e+02
1.748252e-01 8.697490e+10 4.20416331e-02 2.344861e+02
1.748252e-01 1.097499e+11 4.35978140e-02 2.647595e+02
1.748252e-01 1.384886e+11 4.52066337e-02 2.989413e+02
1.748252e-01 1.747528e+11 4.68676086e-02 3.375362e+02
1.748252e-01 2.205131e+11 4.85797335e-02 3.811138e+02
1.748252e-01 2.782559e+11 5.17182449e-02 4.361626e+02
1.748252e-01 3.511192e+11 5.35764712e-02 4.924734e+02
1.748252e-01 4.430621e+11 5.54797286e-02 5.560543e+02
1.748252e-01 5.590810e+11 5.74235540e-02 6.278437e+02
1.748252e-01 7.054802e+11 5.94022073e-02 7.089016e+02
1.748252e-01 8.902151e+11 6.14084542e-02 8.004244e+02
1.748252e-01 1.123324e+12 6.34333208e-02 9.037633e+02
1.748252e-01 1.417474e+12 6.72563577e-02 1.034305e+03
1.748252e-01 1.788650e+12 6.93386067e-02 1.167839e+03
1.748252e-01 2.257020e+12 7.13986097e-02 1.318612e+03
1.748252e-01 2.848036e+12 7.34168519e-02 1.488852e+03
1.748252e-01 3.593814e+12 7.53703150e-02 1.681071e+03
1.748252e-01 4.534879e+12 7.93444244e-02 1.923888e+03
1.748252e-01 5.722368e+12 8.11307756e-02 2.172271e+03
1.748252e-01 7.220809e+12 8.27538783e-02 2.452723e+03
1.748252e-01 9.111628e+12 8.41716626e-02 2.769382e+03
1.748252e-01 1.149757e+13 8.53367112e-02 3.126923e+03
1.748252e-01 1.450829e+13 8.85537744e-02 3.578582e+03
1.748252e-01 1.830738e+13 8.90634652e-02 4.040595e+03
1.748252e-01 2.310130e+13 8.91357572e-02 4.562256e+03
1.748252e-01 2.915053e+13 8.87032393e-02 5.151267e+03
1.748252e-01 3.678380e+13 8.76970785e-02 5.816322e+03
1.748252e-01 4.641589e+13 8.84033962e-02 6.656443e+03
1.748252e-01 5.857021e+13 8.59888088e-02 7.515823e+03
1.748252e-01 7.390722e+13 8.27990086e-02 8.486155e+03
1.748252e-01 9.326033e+13 7.87986378e-02 9.581761e+03
1.748252e-01 1.176812e+14 7.60011497e-02 1.096577e+04
1.748252e-01 1.484968e+14 7.02305723e-02 1.238151e+04
1.748252e-01 1.873817e+14 6.37114444e-02 1.398002e+04
1.748252e-01 2.364489e+14 5.65651734e-02 1.578491e+04
1.748252e-01 2.983647e+14 5.03091699e-02 1.806492e+04
1.748252e-01 3.764936e+14 4.22851576e-02 2.039719e+04
1.748252e-01 4.750810e+14 3.43277482e-02 2.303057e+04
1.748252e-01 5.994843e+14 2.74812066e-02 2.635715e+04
1.748252e-01 7.564633e+14 2.04032103e-02 2.975999e+04
1.748252e-01 9.545485e+14 1.43079842e-02 3.360216e+04
1.748252e-01 1.204504e+15 9.37873698e-03 3.794037e+04
1.748252e-01 1.519911e+15 5.82626320e-03 4.342055e+04
1.748252e-01 1.917910e+15 3.19676890e-03 4.902636e+04
1.748252e-01 2.420128e+15 1.56118797e-03 5.535592e+04
1.748252e-01 3.053856e+15 6.82318911e-04 6.335163e+04
1.748252e-01 3.853529e+15 2.46523361e-04 7.153065e+04
1.748252e-01 4.862602e+15 7.31692696e-05 8.076563e+04
1.748252e-01 6.135907e+15 1.75044870e-05 9.243157e+04
1.748252e-01 7.742637e+15 3.00740431e-06 1.043650e+05
1.748252e-01 9.770100e+15 3.53062618e-07 1.178390e+05
1.748252e-01 1.232847e+16 2.65928064e-08 1.348599e+05
1.748252e-01 1.555676e+16 1.09980175e-09 1.522710e+05
1.748252e-01 1.963041e+16 2.28831919e-11 1.719300e+05
1.748252e-01 2.477076e+16 2.15646769e-13 1.967639e+05
1.748252e-01 3.125716e+16 7.43931998e-16 2.221671e+05
1.748252e-01 3.944206e+16 8.12300983e-19 2.542573e+05
1.748252e-01 4.977024e+16 2.05609702e-22 2.870832e+05
1.748252e-01 6.280291e+16 8.84938062e-27 3.241471e+05
1.748252e-01 7.924829e+16 4.27479832e-32 3.709676e+05
1.748252e-01 1.000000e+17 1.22919033e-38 4.188614e+05
1.874612e-01 1.261857e+07 1.16459526e-02 2.231685e+00
1.874612e-01 1.592283e+07 1.20054461e-02 2.519806e+00
1.874612e-01 2.009233e+07 1.23784798e-02 2.845126e+00
1.874612e-01 2.535364e+07 1.27656413e-02 3.212447e+00
1.874612e-01 3.199267e+07 1.31675458e-02 3.627190e+00
1.874612e-01 4.037017e+07 1.35848375e-02 4.095479e+00
1.874612e-01 5.094138e+07 1.40181908e-02 4.624226e+00
1.874612e-01 6.428073e+07 1.44683106e-02 5.221237e+00
1.874612e-01 8.111308e+07 1.53444444e-02 5.975403e+00
1.874612e-01 1.023531e+08 1.58436349e-02 6.746858e+00
1.874612e-01 1.291550e+08 1.63624307e-02 7.617912e+00
1.874612e-01 1.629751e+08 1.69016989e-02 8.601423e+00
1.874612e-01 2.056512e+08 1.74623452e-02 9.711911e+00
1.874612e-01 2.595024e+08 1.80453162e-02 1.096577e+01
1.874612e-01 3.274549e+08 1.86515998e-02 1.238151e+01
1.874612e-01 4.132012e+08 1.92822260e-02 1.398002e+01
1.874612e-01 5.214008e+08 1.99382689e-02 1.578491e+01
1.874612e-01 6.579332e+08 2.06208454e-02 1.782283e+01
1.874612e-01 8.302176e+08 2.13311173e-02 2.012384e+01
1.874612e-01 1.047616e+09 2.20702906e-02 2.272193e+01
1.874612e-01 1.321941e+09 2.28396142e-02 2.565545e+01
1.874612e-01 1.668101e+09 2.42869642e-02 2.936118e+01
1.874612e-01 2.104904e+09 2.51433066e-02 3.315185e+01
1.874612e-01 2.656088e+09 2.60347339e-02 3.743193e+01
1.874612e-01 3.351603e+09 2.69626952e-02 4.226458e+01
1.874612e-01 4.229243e+09 2.79286715e-02 4.772115e+01
1.874612e-01 5.336699e+09 2.89341749e-02 5.388220e+01
1.874612e-01 6.734151e+09 2.99807367e-02 6.083867e+01
1.874612e-01 8.497534e+09 3.10699034e-02 6.869325e+01
1.874612e-01 1.072267e+10 3.22032249e-02 7.756190e+01
1.874612e-01 1.353048e+10 3.33822403e-02 8.757554e+01
1.874612e-01 1.707353e+10 3.55550351e-02 1.002251e+02
1.874612e-01 2.154435e+10 3.68648154e-02 1.131647e+02
1.874612e-01 2.718588e+10 3.82260586e-02 1.277748e+02
1.874612e-01 3.430469e+10 3.96401169e-02 1.442712e+02
1.874612e-01 4.328761e+10 4.11082203e-02 1.628974e+02
1.874612e-01 5.462277e+10 4.26314280e-02 1.839282e+02
1.874612e-01 6.892612e+10 4.42105953e-02 2.076743e+02
1.874612e-01 8.697490e+10 4.58463132e-02 2.344861e+02
1.874612e-01 1.097499e+11 4.88390648e-02 2.683558e+02
1.874612e-01 1.384886e+11 5.06361138e-02 3.030019e+02
1.874612e-01 1.747528e+11 5.24907496e-02 3.421210e+02
1.874612e-01 2.205131e+11 5.44017331e-02 3.862905e+02
1.874612e-01 2.782559e+11 5.63671021e-02 4.361626e+02
1.874612e-01 3.511192e+11 5.83840347e-02 4.924734e+02
1.874612e-01 4.430621e+11 6.04486905e-02 5.560543e+02
1.874612e-01 5.590810e+11 6.42669816e-02 6.363718e+02
1.874612e-01 7.054802e+11 6.64691710e-02 7.185307e+02
1.874612e-01 8.902151e+11 6.87002515e-02 8.112967e+02
1.874612e-01 1.123324e+12 7.09499273e-02 9.160392e+02
1.874612e-01 1.417474e+12 7.32056232e-02 1.034305e+03
1.874612e-01 1.788650e+12 7.54521417e-02 1.167839e+03
1.874612e-01 2.257020e+12 7.97956568e-02 1.336523e+03
1.874612e-01 2.848036e+12 8.20251878e-02 1.509075e+03
1.874612e-01 3.593814e+12 8.41782852e-02 1.703905e+03
1.874612e-01 4.534879e+12 8.62244412e-02 1.923888e+03
1.874612e-01 5.722368e+12 8.81283227e-02 2.172271e+03
1.874612e-01 7.220809e+12 9.23068159e-02 2.486038e+03
1.874612e-01 9.111628e+12 9.38397139e-02 2.806999e+03
1.874612e-01 1.149757e+13 9.50841107e-02 3.169396e+03
1.874612e-01 1.450829e+13 9.59808412e-02 3.578582e+03
1.874612e-01 1.830738e+13 9.64652009e-02 4.040595e+03
1.874612e-01 2.310130e+13 9.91062064e-02 4.624226e+03
1.874612e-01 2.915053e+13 9.85390333e-02 5.221237e+03
1.874612e-01 3.678380e+13 9.73261258e-02 5.895326e+03
1.874612e-01 4.641589e+13 9.53936455e-02 6.656443e+03
1.874612e-01 5.857021e+13 9.26743821e-02 7.515823e+03
1.874612e-01 7.390722e+13 9.15509789e-02 8.601423e+03
1.874612e-01 9.326033e+13 8.69926044e-02 9.711911e+03
1.874612e-01 1.176812e+14 8.15274697e-02 1.096577e+04
1.874612e-01 1.484968e+14 7.51880617e-02 1.238151e+04
1.874612e-01 1.873817e+14 6.99169042e-02 1.416991e+04
1.874612e-01 2.364489e+14 6.19160586e-02 1.599932e+04
1.874612e-01 2.983647e+14 5.34461641e-02 1.806492e+04
1.874612e-01 3.764936e+14 4.59969416e-02 2.067425e+04
1.874612e-01 4.750810e+14 3.71986883e-02 2.334340e+04
1.874612e-01 5.994843e+14 2.88597677e-02 2.635715e+04
1.874612e-01 7.564633e+14 2.13185649e-02 2.975999e+04
1.874612e-01 9.545485e+14 1.52691977e-02 3.405858e+04
1.874612e-01 1.204504e+15 9.94112932e-03 3.845572e+04
1.874612e-01 1.519911e+15 5.96394025e-03 4.342055e+04
1.874612e-01 1.917910e+15 3.33095305e-03 4.969230e+04
1.874612e-01 2.420128e+15 1.60925546e-03 5.610783e+04
1.874612e-01 3.053856e+15 6.75991799e-04 6.335163e+04
1.874612e-01 3.853529e+15 2.47210375e-04 7.250226e+04
1.874612e-01 4.862602e+15 7.20939758e-05 8.186268e+04
1.874612e-01 6.135907e+15 1.64404293e-05 9.243157e+04
1.874612e-01 7.742637e+15 2.82997729e-06 1.057826e+05
1.874612e-01 9.770100e+15 3.22339549e-07 1.194396e+05
1.874612e-01 1.232847e+16 2.27840382e-08 1.348599e+05
1.874612e-01 1.555676e+16 9.26176091e-10 1.543393e+05
1.874612e-01 1.963041e+16 1.82681975e-11 1.742653e+05
1.874612e-01 2.477076e+16 1.57120996e-13 1.967639e+05
1.874612e-01 3.125716e+16 5.15308638e-16 2.251848e+05
1.874612e-01 3.944206e+16 4.98853578e-19 2.542573e+05
1.874612e-01 4.977024e+16 1.12808459e-22 2.870832e+05
1.874612e-01 6.280291e+16 4.35106939e-27 3.285501e+05
1.874612e-01 7.924829e+16 1.73213154e-32 3.709676e+05
1.874612e-01 1.000000e+17 4.17202069e-39 4.245508e+05
2.010105e-01 1.261857e+07 1.27265324e-02 2.231685e+00
2.010105e-01 1.592283e+07 1.31193133e-02 2.519806e+00
2.010105e-01 2.009233e+07 1.35268797e-02 2.845126e+00
2.010105e-01 2.535364e+07 1.43314119e-02 3.256082e+00
2.010105e-01 3.199267e+07 1.47825109e-02 3.676459e+00
2.010105e-01 4.037017e+07 1.52508686e-02 4.151108e+00
2.010105e-01 5.094138e+07 1.57372404e-02 4.687038e+00
2.010105e-01 6.428073e+07 1.62424153e-02 5.292158e+00
2.010105e-01 8.111308e+07 1.67672197e-02 5.975403e+00
2.010105e-01 1.023531e+08 1.73125172e-02 6.746858e+00
2.010105e-01 1.291550e+08 1.78792106e-02 7.617912e+00
2.010105e-01 1.629751e+08 1.84682445e-02 8.601423e+00
2.010105e-01 2.056512e+08 1.90806045e-02 9.711911e+00
2.010105e-01 2.595024e+08 1.97173211e-02 1.096577e+01
2.010105e-01 3.274549e+08 2.03794689e-02 1.238151e+01
2.010105e-01 4.132012e+08 2.10681682e-02 1.398002e+01
2.010105e-01 5.214008e+08 2.23804123e-02 1.599932e+01
2.010105e-01 6.579332e+08 2.31461502e-02 1.806492e+01
2.010105e-01 8.302176e+08 2.39429095e-02 2.039719e+01
2.010105e-01 1.047616e+09 2.47720354e-02 2.303057e+01
2.010105e-01 1.321941e+09 2.56349204e-02 2.600393e+01
2.010105e-01 1.668101e+09 2.65330059e-02 2.936118e+01
2.010105e-01 2.104904e+09 2.74677763e-02 3.315185e+01
2.010105e-01 2.656088e+09 2.84407606e-02 3.743193e+01
2.010105e-01 3.351603e+09 2.94535269e-02 4.226458e+01
2.010105e-01 4.229243e+09 3.05076764e-02 4.772115e+01
2.010105e-01 5.336699e+09 3.16048421e-02 5.388220e+01
2.010105e-01 6.734151e+09 3.36423225e-02 6.166505e+01
2.010105e-01 8.497534e+09 3.48629868e-02 6.962632e+01
2.010105e-01 1.072267e+10 3.61329633e-02 7.861543e+01
2.010105e-01 1.353048e+10 3.74539482e-02 8.876509e+01
2.010105e-01 1.707353e+10 3.88276092e-02 1.002251e+02
2.010105e-01 2.154435e+10 4.02555591e-02 1.131647e+02
2.010105e-01 2.718588e+10 4.17393344e-02 1.277748e+02
2.010105e-01 3.430469e+10 4.32803616e-02 1.442712e+02
2.010105e-01 4.328761e+10 4.48799274e-02 1.628974e+02
2.010105e-01 5.462277e+10 4.78120057e-02 1.864266e+02
2.010105e-01 6.892612e+10 4.95787317e-02 2.104952e+02
2.010105e-01 8.697490e+10 5.14081856e-02 2.376712e+02
2.010105e-01 1.097499e+11 5.33005648e-02 2.683558e+02
2.010105e-01 1.384886e+11 5.52556169e-02 3.030019e+02
2.010105e-01 1.747528e+11 5.72725219e-02 3.421210e+02
2.010105e-01 2.205131e+11 5.93497942e-02 3.862905e+02
2.010105e-01 2.782559e+11 6.31668083e-02 4.420871e+02
2.010105e-01 3.511192e+11 6.54168883e-02 4.991628e+02
2.010105e-01 4.430621e+11 6.77187985e-02 5.636072e+02
2.010105e-01 5.590810e+11 7.00666713e-02 6.363718e+02
2.010105e-01 7.054802e+11 7.24530335e-02 7.185307e+02
2.010105e-01 8.902151e+11 7.48685389e-02 8.112967e+02
2.010105e-01 1.123324e+12 7.73016664e-02 9.160392e+02
2.010105e-01 1.417474e+12 8.19192884e-02 1.048354e+03
2.010105e-01 1.788650e+12 8.44089554e-02 1.183701e+03
2.010105e-01 2.257020e+12 8.68641628e-02 1.336523e+03
2.010105e-01 2.848036e+12 8.92603136e-02 1.509075e+03
2.010105e-01 3.593814e+12 9.15685069e-02 1.703905e+03
2.010105e-01 4.534879e+12 9.63193304e-02 1.950020e+03
2.010105e-01 5.722368e+12 9.84007152e-02 2.201778e+03
2.010105e-01 7.220809e+12 1.00271305e-01 2.486038e+03
2.010105e-01 9.111628e+12 1.01879115e-01 2.806999e+03
2.010105e-01 1.149757e+13 1.03165823e-01 3.169396e+03
2.010105e-01 1.450829e+13 1.06913153e-01 3.627190e+03
2.010105e-01 1.830738e+13 1.07370248e-01 4.095479e+03
2.010105e-01 2.310130e+13 1.07281421e-01 4.624226e+03
2.010105e-01 2.915053e+13 1.06565967e-01 5.221237e+03
2.010105e-01 3.678380e+13 1.05142410e-01 5.895326e+03
2.010105e-01 4.641589e+13 1.05747466e-01 6.746858e+03
2.010105e-01 5.857021e+13 1.02596089e-01 7.617912e+03
2.010105e-01 7.390722e+13 9.85063518e-02 8.601423e+03
2.010105e-01 9.326033e+13 9.34437571e-02 9.711911e+03
2.010105e-01 1.176812e+14 8.97972347e-02 1.111472e+04
2.010105e-01 1.484968e+14 8.26364005e-02 1.254968e+04
2.010105e-01 1.873817e+14 7.46145939e-02 1.416991e+04
2.010105e-01 2.364489e+14 6.58926799e-02 1.599932e+04
2.010105e-01 2.983647e+14 5.82495237e-02 1.831029e+04
2.010105e-01 3.764936e+14 4.86197087e-02 2.067425e+04
2.010105e-01 4.750810e+14 3.91568099e-02 2.334340e+04
2.010105e-01 5.994843e+14 3.02342579e-02 2.635715e+04
2.010105e-01 7.564633e+14 2.28188390e-02 3.016423e+04
2.010105e-01 9.545485e+14 1.58077691e-02 3.405858e+04
2.010105e-01 1.204504e+15 1.02161256e-02 3.845572e+04
2.010105e-01 1.519911e+15 6.24271436e-03 4.401034e+04
2.010105e-01 1.917910e+15 3.35997015e-03 4.969230e+04
2.010105e-01 2.420128e+15 1.60433460e-03 5.610783e+04
2.010105e-01 3.053856e+15 6.82893468e-04 6.421215e+04
2.010105e-01 3.853529e+15 2.39183234e-04 7.250226e+04
2.010105e-01 4.862602e+15 6.84317365e-05 8.186268e+04
2.010105e-01 6.135907e+15 1.56714475e-05 9.368708e+04
2.010105e-01 7.742637e+15 2.55515752e-06 1.057826e+05
2.010105e-01 9.770100e+15 2.81625888e-07 1.194396e+05
2.010105e-01 1.232847e+16 1.96537549e-08 1.366917e+05
2.010105e-01 1.555676e+16 7.41150728e-10 1.543393e+05
2.010105e-01 1.963041e+16 1.37937688e-11 1.742653e+05
2.010105e-01 2.477076e+16 1.13639454e-13 1.994365e+05
2.010105e-01 3.125716e+16 3.33447562e-16 2.251848e+05
2.010105e-01 3.944206e+16 2.91630377e-19 2.542573e+05
2.010105e-01 4.977024e+16 5.99359908e-23 2.909827e+05
2.010105e-01 6.280291e+16 1.93958784e-27 3.285501e+05
2.010105e-01 7.924829e+16 6.61914479e-33 3.760065e+05
2.010105e-01 1.000000e+17 1.24294519e-39 4.245508e+05
2.155392e-01 1.261857e+07 1.39215754e-02 2.231685e+00
2.155392e-01 1.592283e+07 1.47436709e-02 2.554033e+00
2.155392e-01 2.009233e+07 1.52016030e-02 2.883772e+00
2.155392e-01 2.535364e+07 1.56768561e-02 3.256082e+00
2.155392e-01 3.199267e+07 1.61701821e-02 3.676459e+00
2.155392e-01 4.037017e+07 1.66823682e-02 4.151108e+00
2.155392e-01 5.094138e+07 1.72142383e-02 4.687038e+00
2.155392e-01 6.428073e+07 1.77666530e-02 5.292158e+00
2.155392e-01 8.111308e+07 1.83405134e-02 5.975403e+00
2.155392e-01 1.023531e+08 1.89367608e-02 6.746858e+00
2.155392e-01 1.291550e+08 1.95563794e-02 7.617912e+00
2.155392e-01 1.629751e+08 2.02003983e-02 8.601423e+00
2.155392e-01 2.056512e+08 2.08698913e-02 9.711911e+00
2.155392e-01 2.595024e+08 2.15659804e-02 1.096577e+01
2.155392e-01 3.274549e+08 2.28994798e-02 1.254968e+01
2.155392e-01 4.132012e+08 2.36729111e-02 1.416991e+01
2.155392e-01 5.214008e+08 2.44774258e-02 1.599932e+01
2.155392e-01 6.579332e+08 2.53143796e-02 1.806492e+01
2.155392e-01 8.302176e+08 2.61851822e-02 2.039719e+01
2.155392e-01 1.047616e+09 2.70912946e-02 2.303057e+01
2.155392e-01 1.321941e+09 2.80342288e-02 2.600393e+01
2.155392e-01 1.668101e+09 2.90155485e-02 2.936118e+01
2.155392e-01 2.104904e+09 3.00368632e-02 3.315185e+01
2.155392e-01 2.656088e+09 3.10998290e-02 3.743193e+01
2.155392e-01 3.351603e+09 3.22061431e-02 4.226458e+01
2.155392e-01 4.229243e+09 3.42698909e-02 4.836936e+01
2.155392e-01 5.336699e+09 3.55008997e-02 5.461409e+01
2.155392e-01 6.734151e+09 3.67818620e-02 6.166505e+01
2.155392e-01 8.497534e+09 3.81146193e-02 6.962632e+01
2.155392e-01 1.072267e+10 3.95010104e-02 7.861543e+01
2.155392e-01 1.353048e+10 4.09428529e-02 8.876509e+01
2.155392e-01 1.707353e+10 4.24419284e-02 1.002251e+02
2.155392e-01 2.154435e+10 4.39999532e-02 1.131647e+02
2.155392e-01 2.718588e+10 4.56185543e-02 1.277748e+02
2.155392e-01 3.430469e+10 4.72992315e-02 1.442712e+02
2.155392e-01 4.328761e+10 5.03846968e-02 1.651100e+02
2.155392e-01 5.462277e+10 5.22427912e-02 1.864266e+02
2.155392e-01 6.892612e+10 5.41680657e-02 2.104952e+02
2.155392e-01 8.697490e+10 5.61610551e-02 2.376712e+02
2.155392e-01 1.097499e+11 5.82218641e-02 2.683558e+02
2.155392e-01 1.384886e+11 6.03500918e-02 3.030019e+02
2.155392e-01 1.747528e+11 6.25447021e-02 3.421210e+02
2.155392e-01 2.205131e+11 6.65763507e-02 3.915376e+02
2.155392e-01 2.782559e+11 6.89609689e-02 4.420871e+02
2.155392e-01 3.511192e+11 7.14053549e-02 4.991628e+02
2.155392e-01 4.430621e+11 7.39043685e-02 5.636072e+02
2.155392e-01 5.590810e+11 7.64513484e-02 6.363718e+02
2.155392e-01 7.054802e+11 7.90378533e-02 7.185307e+02
2.155392e-01 8.902151e+11 8.16533678e-02 8.112967e+02
2.155392e-01 1.123324e+12 8.65902310e-02 9.284819e+02
2.155392e-01 1.417474e+12 8.92942208e-02 1.048354e+03
2.155392e-01 1.788650e+12 9.19792328e-02 1.183701e+03
2.155392e-01 2.257020e+12 9.46221607e-02 1.336523e+03
2.155392e-01 2.848036e+12 9.71956937e-02 1.509075e+03
2.155392e-01 3.593814e+12 9.96678100e-02 1.703905e+03
2.155392e-01 4.534879e+12 1.04791079e-01 1.950020e+03
2.155392e-01 5.722368e+12 1.07001772e-01 2.201778e+03
2.155392e-01 7.220809e+12 1.08975437e-01 2.486038e+03
2.155392e-01 9.111628e+12 1.10654985e-01 2.806999e+03
2.155392e-01 1.149757e+13 1.11976540e-01 3.169396e+03
2.155392e-01 1.450829e+13 1.15956644e-01 3.627190e+03
2.155392e-01 1.830738e+13 1.16355143e-01 4.095479e+03
2.155392e-01 2.310130e+13 1.16150848e-01 4.624226e+03
2.155392e-01 2.915053e+13 1.15256740e-01 5.221237e+03
2.155392e-01 3.678380e+13 1.16692201e-01 5.975403e+03
2.155392e-01 4.641589e+13 1.14091332e-01 6.746858e+03
2.155392e-01 5.857021e+13 1.10530663e-01 7.617912e+03
2.155392e-01 7.390722e+13 1.05951590e-01 8.601423e+03
2.155392e-01 9.326033e+13 1.00321817e-01 9.711911e+03
2.155392e-01 1.176812e+14 9.62071080e-02 1.111472e+04
2.155392e-01 1.484968e+14 8.83275747e-02 1.254968e+04
2.155392e-01 1.873817e+14 7.95412957e-02 1.416991e+04
2.155392e-01 2.364489e+14 7.00312093e-02 1.599932e+04
2.155392e-01 2.983647e+14 6.16947827e-02 1.831029e+04
2.155392e-01 3.764936e+14 5.12927216e-02 2.067425e+04
2.155392e-01 4.750810e+14 4.11232769e-02 2.334340e+04
2.155392e-01 5.994843e+14 3.24520591e-02 2.671516e+04
2.155392e-01 7.564633e+14 2.36982983e-02 3.016423e+04
2.155392e-01 9.545485e+14 1.63037665e-02 3.405858e+04
2.155392e-01 1.204504e+15 1.04524238e-02 3.845572e+04
2.155392e-01 1.519911e+15 6.32770420e-03 4.401034e+04
2.155392e-01 1.917910e+15 3.36875515e-03 4.969230e+04
2.155392e-01 2.420128e+15 1.58811673e-03 5.610783e+04
2.155392e-01 3.053856e+15 6.65941452e-04 6.421215e+04
2.155392e-01 3.853529e+15 2.29173910e-04 7.250226e+04
2.155392e-01 4.862602e+15 6.42176024e-05 8.186268e+04
2.155392e-01 6.135907e+15 1.43467283e-05 9.368708e+04
2.155392e-01 7.742637e+15 2.27077808e-06 1.057826e+05
2.155392e-01 9.770100e+15 2.41487726e-07 1.194396e+05
2.155392e-01 1.232847e+16 1.61392377e-08 1.366917e+05
2.155392e-01 1.555676e+16 5.77589995e-10 1.543393e+05
2.155392e-01 1.963041e+16 1.00912802e-11 1.742653e+05
2.155392e-01 2.477076e+16 7.70371512e-14 1.994365e+05
2.155392e-01 3.125716e+16 2.06231224e-16 2.251848e+05
2.155392e-01 3.944206e+16 1.61499521e-19 2.542573e+05
2.155392e-01 4.977024e+16 2.90469691e-23 2.909827e+05
2.155392e-01 6.280291e+16 7.99689356e-28 3.285501e+05
2.155392e-01 7.924829e+16 2.24115752e-33 3.760065e+05
2.155392e-01 1.000000e+17 3.30542802e-40 4.245508e+05
2.311179e-01 1.261857e+07 1.52448623e-02 2.231685e+00
2.311179e-01 1.592283e+07 1.57151737e-02 2.519806e+00
2.311179e-01 2.009233e+07 1.62031657e-02 2.845126e+00
2.311179e-01 2.535364e+07 1.71666225e-02 3.256082e+00
2.311179e-01 3.199267e+07 1.77066804e-02 3.676459e+00
2.311179e-01 4.037017e+07 1.82673678e-02 4.151108e+00
2.311179e-01 5.094138e+07 1.88495842e-02 4.687038e+00
2.311179e-01 6.428073e+07 1.94542690e-02 5.292158e+00
2.311179e-01 8.111308e+07 2.00824053e-02 5.975403e+00
2.311179e-01 1.023531e+08 2.07350202e-02 6.746858e+00
2.311179e-01 1.291550e+08 2.14131871e-02 7.617912e+00
2.311179e-01 1.629751e+08 2.21180280e-02 8.601423e+00
2.311179e-01 2.056512e+08 2.28507133e-02 9.711911e+00
2.311179e-01 2.595024e+08 2.36124658e-02 1.096577e+01
2.311179e-01 3.274549e+08 2.44045600e-02 1.238151e+01
2.311179e-01 4.132012e+08 2.52283233e-02 1.398002e+01
2.311179e-01 5.214008e+08 2.67985870e-02 1.599932e+01
2.311179e-01 6.579332e+08 2.77142676e-02 1.806492e+01
2.311179e-01 8.302176e+08 2.86669116e-02 2.039719e+01
2.311179e-01 1.047616e+09 2.96581069e-02 2.303057e+01
2.311179e-01 1.321941e+09 3.06894954e-02 2.600393e+01
2.311179e-01 1.668101e+09 3.17627740e-02 2.936118e+01
2.311179e-01 2.104904e+09 3.28796878e-02 3.315185e+01
2.311179e-01 2.656088e+09 3.40420312e-02 3.743193e+01
2.311179e-01 3.351603e+09 3.52516407e-02 4.226458e+01
2.311179e-01 4.229243e+09 3.65103876e-02 4.772115e+01
2.311179e-01 5.336699e+09 3.78201751e-02 5.388220e+01
2.311179e-01 6.734151e+09 4.02546055e-02 6.166505e+01
2.311179e-01 8.497534e+09 4.17110146e-02 6.962632e+01
2.311179e-01 1.072267e+10 4.32257865e-02 7.861543e+01
2.311179e-01 1.353048e+10 4.48008665e-02 8.876509e+01
2.311179e-01 1.707353e+10 4.64381548e-02 1.002251e+02
2.311179e-01 2.154435e+10 4.81394739e-02 1.131647e+02
2.311179e-01 2.718588e+10 4.99065412e-02 1.277748e+02
2.311179e-01 3.430469e+10 5.17409269e-02 1.442712e+02
2.311179e-01 4.328761e+10 5.36440169e-02 1.628974e+02
2.311179e-01 5.462277e+10 5.71381117e-02 1.864266e+02
2.311179e-01 6.892612e+10 5.92376093e-02 2.104952e+02
2.311179e-01 8.697490e+10 6.14101829e-02 2.376712e+02
2.311179e-01 1.097499e+11 6.36558152e-02 2.683558e+02
2.311179e-01 1.384886e+11 6.59739196e-02 3.030019e+02
2.311179e-01 1.747528e+11 6.83631962e-02 3.421210e+02
2.311179e-01 2.205131e+11 7.08215106e-02 3.862905e+02
2.311179e-01 2.782559e+11 7.53517850e-02 4.420871e+02
2.311179e-01 3.511192e+11 7.80082898e-02 4.991628e+02
2.311179e-01 4.430621e+11 8.07221600e-02 5.636072e+02
2.311179e-01 5.590810e+11 8.34858155e-02 6.363718e+02
2.311179e-01 7.054802e+11 8.62896988e-02 7.185307e+02
2.311179e-01 8.902151e+11 8.91219530e-02 8.112967e+02
2.311179e-01 1.123324e+12 9.19680596e-02 9.160392e+02
2.311179e-01 1.417474e+12 9.74035749e-02 1.048354e+03
2.311179e-01 1.788650e+12 1.00298198e-01 1.183701e+03
2.311179e-01 2.257020e+12 1.03141567e-01 1.336523e+03
2.311179e-01 2.848036e+12 1.05903310e-01 1.509075e+03
2.311179e-01 3.593814e+12 1.08547893e-01 1.703905e+03
2.311179e-01 4.534879e+12 1.14070949e-01 1.950020e+03
2.311179e-01 5.722368e+12 1.16413663e-01 2.201778e+03
2.311179e-01 7.220809e+12 1.18489319e-01 2.486038e+03
2.311179e-01 9.111628e+12 1.20235175e-01 2.806999e+03
2.311179e-01 1.149757e+13 1.21581230e-01 3.169396e+03
2.311179e-01 1.450829e+13 1.25799562e-01 3.627190e+03
2.311179e-01 1.830738e+13 1.26117014e-01 4.095479e+03
2.311179e-01 2.310130e+13 1.25768114e-01 4.624226e+03
2.311179e-01 2.915053e+13 1.24659139e-01 5.221237e+03
2.311179e-01 3.678380e+13 1.22696800e-01 5.895326e+03
2.311179e-01 4.641589e+13 1.23069380e-01 6.746858e+03
2.311179e-01 5.857021e+13 1.19040030e-01 7.617912e+03
2.311179e-01 7.390722e+13 1.13905751e-01 8.601423e+03
2.311179e-01 9.326033e+13 1.07637622e-01 9.711911e+03
2.311179e-01 1.176812e+14 1.02989865e-01 1.111472e+04
2.311179e-01 1.484968e+14 9.43133841e-02 1.254968e+04
2.311179e-01 1.873817e+14 8.46857711e-02 1.416991e+04
2.311179e-01 2.364489e+14 7.43152031e-02 1.599932e+04
2.311179e-01 2.983647e+14 6.52232424e-02 1.831029e+04
2.311179e-01 3.764936e+14 5.39938422e-02 2.067425e+04
2.311179e-01 4.750810e+14 4.30762751e-02 2.334340e+04
2.311179e-01 5.994843e+14 3.29015625e-02 2.635715e+04
2.311179e-01 7.564633e+14 2.45232334e-02 3.016423e+04
2.311179e-01 9.545485e+14 1.67445804e-02 3.405858e+04
2.311179e-01 1.204504e+15 1.06415770e-02 3.845572e+04
2.311179e-01 1.519911e+15 6.37698510e-03 4.401034e+04
2.311179e-01 1.917910e+15 3.35488574e-03 4.969230e+04
2.311179e-01 2.420128e+15 1.55973186e-03 5.610783e+04
2.311179e-01 3.053856e+15 6.26326717e-04 6.335163e+04
2.311179e-01 3.853529e+15 2.17229485e-04 7.250226e+04
2.311179e-01 4.862602e+15 5.95065362e-05 8.186268e+04
2.311179e-01 6.135907e+15 1.25960434e-05 9.243157e+04
2.311179e-01 7.742637e+15 1.98307961e-06 1.057826e+05
2.311179e-01 9.770100e+15 2.02834772e-07 1.194396e+05
2.311179e-01 1.232847e+16 1.25879089e-08 1.348599e+05
2.311179e-01 1.555676e+16 4.37180552e-10 1.543393e+05
2.311179e-01 1.963041e+16 7.13005850e-12 1.742653e+05
2.311179e-01 2.477076e+16 5.00965509e-14 1.994365e+05
2.311179e-01 3.125716e+16 1.21358350e-16 2.251848e+05
2.311179e-01 3.944206e+16 8.42606402e-20 2.542573e+05
2.311179e-01 4.977024e+16 1.31060210e-23 2.909827e+05
2.311179e-01 6.280291e+16 3.02579068e-28 3.285501e+05
2.311179e-01 7.924829e+16 6.66059043e-34 3.709676e+05
2.311179e-01 1.000000e+17 7.75803361e-41 4.245508e+05
2.478227e-01 1.261857e+07 1.67119878e-02 2.231685e+00
2.478227e-01 1.592283e+07 1.72274364e-02 2.519806e+00
2.478227e-01 2.009233e+07 1.77622476e-02 2.845126e+00
2.478227e-01 2.535364e+07 1.83172565e-02 3.212447e+00
2.478227e-01 3.199267e+07 1.88933367e-02 3.627190e+00
2.478227e-01 4.037017e+07 1.94914024e-02 4.095479e+00
2.478227e-01 5.094138e+07 2.01124101e-02 4.624226e+00
2.478227e-01 6.428073e+07 2.07573587e-02 5.221237e+00
2.478227e-01 8.111308e+07 2.14272931e-02 5.895326e+00
2.478227e-01 1.023531e+08 2.21233046e-02 6.656443e+00
2.478227e-01 1.291550e+08 2.34714040e-02 7.617912e+00
2.478227e-01 1.629751e+08 2.42436001e-02 8.601423e+00
2.478227e-01 2.056512e+08 2.50462590e-02 9.711911e+00
2.478227e-01 2.595024e+08 2.58807139e-02 1.096577e+01
2.478227e-01 3.274549e+08 2.67483537e-02 1.238151e+01
2.478227e-01 4.132012e+08 2.76506245e-02 1.398002e+01
2.478227e-01 5.214008e+08 2.85890322e-02 1.578491e+01
2.478227e-01 6.579332e+08 2.95651392e-02 1.782283e+01
2.478227e-01 8.302176e+08 3.05805681e-02 2.012384e+01
2.478227e-01 1.047616e+09 3.16369990e-02 2.272193e+01
2.478227e-01 1.321941e+09 3.27361679e-02 2.565545e+01
2.478227e-01 1.668101e+09 3.48065079e-02 2.936118e+01
2.478227e-01 2.104904e+09 3.60291297e-02 3.315185e+01
2.478227e-01 2.656088e+09 3.73013363e-02 3.743193e+01
2.478227e-01 3.351603e+09 3.86251150e-02 4.226458e+01
2.478227e-01 4.229243e+09 4.00024879e-02 4.772115e+01
2.478227e-01 5.336699e+09 4.14355087e-02 5.388220e+01
2.478227e-01 6.734151e+09 4.29262443e-02 6.083867e+01
2.478227e-01 8.497534e+09 4.44767672e-02 6.869325e+01
2.478227e-01 1.072267e+10 4.60891365e-02 7.756190e+01
2.478227e-01 1.353048e+10 4.77653754e-02 8.757554e+01
2.478227e-01 1.707353e+10 5.08615196e-02 1.002251e+02
2.478227e-01 2.154435e+10 5.27208131e-02 1.131647e+02
2.478227e-01 2.718588e+10 5.46514819e-02 1.277748e+02
2.478227e-01 3.430469e+10 5.66551616e-02 1.442712e+02
2.478227e-01 4.328761e+10 5.87332749e-02 1.628974e+02
2.478227e-01 5.462277e+10 6.08869570e-02 1.839282e+02
2.478227e-01 6.892612e+10 6.31170034e-02 2.076743e+02
2.478227e-01 8.697490e+10 6.54237772e-02 2.344861e+02
2.478227e-01 1.097499e+11 6.96616842e-02 2.683558e+02
2.478227e-01 1.384886e+11 7.21880327e-02 3.030019e+02
2.478227e-01 1.747528e+11 7.47905929e-02 3.421210e+02
2.478227e-01 2.205131e+11 7.74668065e-02 3.862905e+02
2.478227e-01 2.782559e+11 8.02129891e-02 4.361626e+02
2.478227e-01 3.511192e+11 8.30241259e-02 4.924734e+02
2.478227e-01 4.430621e+11 8.58936367e-02 5.560543e+02
2.478227e-01 5.590810e+11 9.12422120e-02 6.363718e+02
2.478227e-01 7.054802e+11 9.42820085e-02 7.185307e+02
2.478227e-01 8.902151e+11 9.73488830e-02 8.112967e+02
2.478227e-01 1.123324e+12 1.00426485e-01 9.160392e+02
2.478227e-01 1.417474e+12 1.03495076e-01 1.034305e+03
2.478227e-01 1.788650e+12 1.06531046e-01 1.167839e+03
2.478227e-01 2.257020e+12 1.12501480e-01 1.336523e+03
2.478227e-01 2.848036e+12 1.15462096e-01 1.509075e+03
2.478227e-01 3.593814e+12 1.18287111e-01 1.703905e+03
2.478227e-01 4.534879e+12 1.20930811e-01 1.923888e+03
2.478227e-01 5.722368e+12 1.23340725e-01 2.172271e+03
2.478227e-01 7.220809e+12 1.25457177e-01 2.452723e+03
2.478227e-01 9.111628e+12 1.30692374e-01 2.806999e+03
2.478227e-01 1.149757e+13 1.32048981e-01 3.169396e+03
2.478227e-01 1.450829e+13 1.32874190e-01 3.578582e+03
2.478227e-01 1.830738e+13 1.33077294e-01 4.040595e+03
2.478227e-01 2.310130e+13 1.32562617e-01 4.562256e+03
2.478227e-01 2.915053e+13 1.34821342e-01 5.221237e+03
2.478227e-01 3.678380e+13 1.32516693e-01 5.895326e+03
2.478227e-01 4.641589e+13 1.29181529e-01 6.656443e+03
2.478227e-01 5.857021e+13 1.24736694e-01 7.515823e+03
2.478227e-01 7.390722e+13 1.22383757e-01 8.601423e+03
2.478227e-01 9.326033e+13 1.15396927e-01 9.711911e+03
2.478227e-01 1.176812e+14 1.07210155e-01 1.096577e+04
2.478227e-01 1.484968e+14 9.79048632e-02 1.238151e+04
2.478227e-01 1.873817e+14 9.00300097e-02 1.416991e+04
2.478227e-01 2.364489e+14 7.87215532e-02 1.599932e+04
2.478227e-01 2.983647e+14 6.69761790e-02 1.806492e+04
2.478227e-01 3.764936e+14 5.51859602e-02 2.039719e+04
2.478227e-01 4.750810e+14 4.49894322e-02 2.334340e+04
2.478227e-01 5.994843e+14 3.41515213e-02 2.635715e+04
2.478227e-01 7.564633e+14 2.46016875e-02 2.975999e+04
2.478227e-01 9.545485e+14 1.66606622e-02 3.360216e+04
2.478227e-01 1.204504e+15 1.07746556e-02 3.845572e+04
2.478227e-01 1.519911e+15 6.21550359e-03 4.342055e+04
2.478227e-01 1.917910e+15 3.22784763e-03 4.902636e+04
2.478227e-01 2.420128e+15 1.51851603e-03 5.610783e+04
2.478227e-01 3.053856e+15 5.99030320e-04 6.335163e+04
2.478227e-01 3.853529e+15 1.98046898e-04 7.153065e+04
2.478227e-01 4.862602e+15 5.43755618e-05 8.186268e+04
2.478227e-01 6.135907e+15 1.11765749e-05 9.243157e+04
2.478227e-01 7.742637e+15 1.65347788e-06 1.043650e+05
2.478227e-01 9.770100e+15 1.66524768e-07 1.194396e+05
2.478227e-01 1.232847e+16 9.81727757e-09 1.348599e+05
2.478227e-01 1.555676e+16 3.11892211e-10 1.522710e+05
2.478227e-01 1.963041e+16 4.84809728e-12 1.742653e+05
2.478227e-01 2.477076e+16 3.02890332e-14 1.967639e+05
2.478227e-01 3.125716e+16 6.58037549e-17 2.221671e+05
2.478227e-01 3.944206e+16 4.11680845e-20 2.542573e+05
2.478227e-01 4.977024e+16 5.32021075e-24 2.870832e+05
2.478227e-01 6.280291e+16 1.01383189e-28 3.241471e+05
2.478227e-01 7.924829e+16 1.81475790e-34 3.709676e+05
2.478227e-01 1.000000e+17 1.54463614e-41 4.188614e+05
2.657348e-01 1.261857e+07 1.78523332e-02 2.201778e+00
2.657348e-01 1.592283e+07 1.84028050e-02 2.486038e+00
2.657348e-01 2.009233e+07 1.89739377e-02 2.806999e+00
2.657348e-01 2.535364e+07 1.95666206e-02 3.169396e+00
2.657348e-01 3.199267e+07 2.01817839e-02 3.578582e+00
2.657348e-01 4.037017e+07 2.08204008e-02 4.040595e+00
2.657348e-01 5.094138e+07 2.14834892e-02 4.562256e+00
2.657348e-01 6.428073e+07 2.21721118e-02 5.151267e+00
2.657348e-01 8.111308e+07 2.28873803e-02 5.816322e+00
2.657348e-01 1.023531e+08 2.42767662e-02 6.656443e+00
2.657348e-01 1.291550e+08 2.50699768e-02 7.515823e+00
2.657348e-01 1.629751e+08 2.58943008e-02 8.486155e+00
2.657348e-01 2.056512e+08 2.67510941e-02 9.581761e+00
2.657348e-01 2.595024e+08 2.76417724e-02 1.081881e+01
2.657348e-01 3.274549e+08 2.85678101e-02 1.221558e+01
2.657348e-01 4.132012e+08 2.95307413e-02 1.379267e+01
2.657348e-01 5.214008e+08 3.05321627e-02 1.557338e+01
2.657348e-01 6.579332e+08 3.15737301e-02 1.758398e+01
2.657348e-01 8.302176e+08 3.26571620e-02 1.985416e+01
2.657348e-01 1.047616e+09 3.37842363e-02 2.241744e+01
2.657348e-01 1.321941e+09 3.59128839e-02 2.565545e+01
2.657348e-01 1.668101e+09 3.71661749e-02 2.896770e+01
2.657348e-01 2.104904e+09 3.84701313e-02 3.270758e+01
2.657348e-01 2.656088e+09 3.98268026e-02 3.693030e+01
2.657348e-01 3.351603e+09 4.12382811e-02 4.169819e+01
2.657348e-01 4.229243e+09 4.27066931e-02 4.708164e+01
2.657348e-01 5.336699e+09 4.42341937e-02 5.316012e+01
2.657348e-01 6.734151e+09 4.58229482e-02 6.002336e+01
2.657348e-01 8.497534e+09 4.74751222e-02 6.777268e+01
2.657348e-01 1.072267e+10 4.91928610e-02 7.652248e+01
2.657348e-01 1.353048e+10 5.23725596e-02 8.757554e+01
2.657348e-01 1.707353e+10 5.42784017e-02 9.888199e+01
2.657348e-01 2.154435e+10 5.62578326e-02 1.116482e+02
2.657348e-01 2.718588e+10 5.83126929e-02 1.260625e+02
2.657348e-01 3.430469e+10 6.04446301e-02 1.423378e+02
2.657348e-01 4.328761e+10 6.26550523e-02 1.607144e+02
2.657348e-01 5.462277e+10 6.49450465e-02 1.814634e+02
2.657348e-01 6.892612e+10 6.73153217e-02 2.048913e+02
2.657348e-01 8.697490e+10 6.97661082e-02 2.313438e+02
2.657348e-01 1.097499e+11 7.42744268e-02 2.647595e+02
2.657348e-01 1.384886e+11 7.69558566e-02 2.989413e+02
2.657348e-01 1.747528e+11 7.97165970e-02 3.375362e+02
2.657348e-01 2.205131e+11 8.25536633e-02 3.811138e+02
2.657348e-01 2.782559e+11 8.54628400e-02 4.303176e+02
2.657348e-01 3.511192e+11 8.84384601e-02 4.858738e+02
2.657348e-01 4.430621e+11 9.14731523e-02 5.486025e+02
2.657348e-01 5.590810e+11 9.71437713e-02 6.278437e+02
2.657348e-01 7.054802e+11 1.00351585e-01 7.089016e+02
2.657348e-01 8.902151e+11 1.03583680e-01 8.004244e+02
2.657348e-01 1.123324e+12 1.06822096e-01 9.037633e+02
2.657348e-01 1.417474e+12 1.10045217e-01 1.020444e+03
2.657348e-01 1.788650e+12 1.13227263e-01 1.152188e+03
2.657348e-01 2.257020e+12 1.19519675e-01 1.318612e+03
2.657348e-01 2.848036e+12 1.22604967e-01 1.488852e+03
2.657348e-01 3.593814e+12 1.25537213e-01 1.681071e+03
2.657348e-01 4.534879e+12 1.28267022e-01 1.898105e+03
2.657348e-01 5.722368e+12 1.30737849e-01 2.143160e+03
2.657348e-01 7.220809e+12 1.36520095e-01 2.452723e+03
2.657348e-01 9.111628e+12 1.38320701e-01 2.769382e+03
2.657348e-01 1.149757e+13 1.39633521e-01 3.126923e+03
2.657348e-01 1.450829e+13 1.40369069e-01 3.530625e+03
2.657348e-01 1.830738e+13 1.40431340e-01 3.986446e+03
2.657348e-01 2.310130e+13 1.43541084e-01 4.562256e+03
2.657348e-01 2.915053e+13 1.41909471e-01 5.151267e+03
2.657348e-01 3.678380e+13 1.39274483e-01 5.816322e+03
2.657348e-01 4.641589e+13 1.35541448e-01 6.567239e+03
2.657348e-01 5.857021e+13 1.30631612e-01 7.415103e+03
2.657348e-01 7.390722e+13 1.27896644e-01 8.486155e+03
2.657348e-01 9.326033e+13 1.20308166e-01 9.581761e+03
2.657348e-01 1.176812e+14 1.11472873e-01 1.081881e+04
2.657348e-01 1.484968e+14 1.01488452e-01 1.221558e+04
2.657348e-01 1.873817e+14 9.30040038e-02 1.398002e+04
2.657348e-01 2.364489e+14 8.10036997e-02 1.578491e+04
2.657348e-01 2.983647e+14 6.86104345e-02 1.782283e+04
2.657348e-01 3.764936e+14 5.62444290e-02 2.012384e+04
2.657348e-01 4.750810e+14 4.55846229e-02 2.303057e+04
2.657348e-01 5.994843e+14 3.43712327e-02 2.600393e+04
2.657348e-01 7.564633e+14 2.45686447e-02 2.936118e+04
2.657348e-01 9.545485e+14 1.69407724e-02 3.360216e+04
2.657348e-01 1.204504e+15 1.05538152e-02 3.794037e+04
2.657348e-01 1.519911e+15 6.01486946e-03 4.283867e+04
2.657348e-01 1.917910e+15 3.07982013e-03 4.836936e+04
2.657348e-01 2.420128e+15 1.42510865e-03 5.535592e+04
2.657348e-01 3.053856e+15 5.51382935e-04 6.250265e+04
2.657348e-01 3.853529e+15 1.78183179e-04 7.057206e+04
2.657348e-01 4.862602e+15 4.76208918e-05 8.076563e+04
2.657348e-01 6.135907e+15 9.47931503e-06 9.119288e+04
2.657348e-01 7.742637e+15 1.34951481e-06 1.029663e+05
2.657348e-01 9.770100e+15 1.29759870e-07 1.178390e+05
2.657348e-01 1.232847e+16 7.23312102e-09 1.330526e+05
2.657348e-01 1.555676e+16 2.14739052e-10 1.502304e+05
2.657348e-01 1.963041e+16 3.07560456e-12 1.719300e+05
2.657348e-01 2.477076e+16 1.74096722e-14 1.941270e+05
2.657348e-01 3.125716e+16 3.35860158e-17 2.191898e+05
2.657348e-01 3.944206e+16 1.82106250e-20 2.508500e+05
2.657348e-01 4.977024e+16 1.98007495e-24 2.832360e+05
2.657348e-01 6.280291e+16 3.14433982e-29 3.241471e+05
2.657348e-01 7.924829e+16 4.24512923e-35 3.659962e+05
2.657348e-01 1.000000e+17 2.64279988e-42 4.132482e+05
2.849416e-01 1.261857e+07 1.85837916e-02 2.143160e+00
2.849416e-01 1.592283e+07 1.91566447e-02 2.419853e+00
2.849416e-01 2.009233e+07 2.02911833e-02 2.769382e+00
2.849416e-01 2.535364e+07 2.09247893e-02 3.126923e+00
2.849416e-01 3.199267e+07 2.15824030e-02 3.530625e+00
2.849416e-01 4.037017e+07 2.22650610e-02 3.986446e+00
2.849416e-01 5.094138e+07 2.29738475e-02 4.501117e+00
2.849416e-01 6.428073e+07 2.37098940e-02 5.082234e+00
2.849416e-01 8.111308e+07 2.44743837e-02 5.738377e+00
2.849416e-01 1.023531e+08 2.52685516e-02 6.479231e+00
2.849416e-01 1.291550e+08 2.60936870e-02 7.315732e+00
2.849416e-01 1.629751e+08 2.69511366e-02 8.260231e+00
2.849416e-01 2.056512e+08 2.78423035e-02 9.326669e+00
2.849416e-01 2.595024e+08 2.87686516e-02 1.053079e+01
2.849416e-01 3.274549e+08 3.05448897e-02 1.205188e+01
2.849416e-01 4.132012e+08 3.15736204e-02 1.360784e+01
2.849416e-01 5.214008e+08 3.26433822e-02 1.536468e+01
2.849416e-01 6.579332e+08 3.37559301e-02 1.734834e+01
2.849416e-01 8.302176e+08 3.49130846e-02 1.958809e+01
2.849416e-01 1.047616e+09 3.61167278e-02 2.211702e+01
2.849416e-01 1.321941e+09 3.73688010e-02 2.497244e+01
2.849416e-01 1.668101e+09 3.86713055e-02 2.819651e+01
2.849416e-01 2.104904e+09 4.00262930e-02 3.183682e+01
2.849416e-01 2.656088e+09 4.14358660e-02 3.594712e+01
2.849416e-01 3.351603e+09 4.40755756e-02 4.113939e+01
2.849416e-01 4.229243e+09 4.56424971e-02 4.645069e+01
2.849416e-01 5.336699e+09 4.72721936e-02 5.244771e+01
2.849416e-01 6.734151e+09 4.89669306e-02 5.921898e+01
2.849416e-01 8.497534e+09 5.07289676e-02 6.686446e+01
2.849416e-01 1.072267e+10 5.25605357e-02 7.549700e+01
2.849416e-01 1.353048e+10 5.44638101e-02 8.524405e+01
2.849416e-01 1.707353e+10 5.64408870e-02 9.624949e+01
2.849416e-01 2.154435e+10 5.84937408e-02 1.086758e+02
2.849416e-01 2.718588e+10 6.06241869e-02 1.227064e+02
2.849416e-01 3.430469e+10 6.45523811e-02 1.404303e+02
2.849416e-01 4.328761e+10 6.69051935e-02 1.585606e+02
2.849416e-01 5.462277e+10 6.93417592e-02 1.790316e+02
2.849416e-01 6.892612e+10 7.18626728e-02 2.021455e+02
2.849416e-01 8.697490e+10 7.44679979e-02 2.282435e+02
2.849416e-01 1.097499e+11 7.71571460e-02 2.577109e+02
2.849416e-01 1.384886e+11 7.99287681e-02 2.909827e+02
2.849416e-01 1.747528e+11 8.50446842e-02 3.330128e+02
2.849416e-01 2.205131e+11 8.80533793e-02 3.760065e+02
2.849416e-01 2.782559e+11 9.11361353e-02 4.245508e+02
2.849416e-01 3.511192e+11 9.42865346e-02 4.793625e+02
2.849416e-01 4.430621e+11 9.74963002e-02 5.412507e+02
2.849416e-01 5.590810e+11 1.00754983e-01 6.111289e+02
2.849416e-01 7.054802e+11 1.04049609e-01 6.900288e+02
2.849416e-01 8.902151e+11 1.10300785e-01 7.896978e+02
2.849416e-01 1.123324e+12 1.13706952e-01 8.916518e+02
2.849416e-01 1.417474e+12 1.17090229e-01 1.006769e+03
2.849416e-01 1.788650e+12 1.20422416e-01 1.136748e+03
2.849416e-01 2.257020e+12 1.23670256e-01 1.283508e+03
2.849416e-01 2.848036e+12 1.26794837e-01 1.449215e+03
2.849416e-01 3.593814e+12 1.33299778e-01 1.658542e+03
2.849416e-01 4.534879e+12 1.36110312e-01 1.872669e+03
2.849416e-01 5.722368e+12 1.38633383e-01 2.114440e+03
2.849416e-01 7.220809e+12 1.40800039e-01 2.387425e+03
2.849416e-01 9.111628e+12 1.42533169e-01 2.695653e+03
2.849416e-01 1.149757e+13 1.47679240e-01 3.085019e+03
2.849416e-01 1.450829e+13 1.48298941e-01 3.483310e+03
2.849416e-01 1.830738e+13 1.48189136e-01 3.933024e+03
2.849416e-01 2.310130e+13 1.47244016e-01 4.440797e+03
2.849416e-01 2.915053e+13 1.45356734e-01 5.014127e+03
2.849416e-01 3.678380e+13 1.46319447e-01 5.738377e+03
2.849416e-01 4.641589e+13 1.42136615e-01 6.479231e+03
2.849416e-01 5.857021e+13 1.36706440e-01 7.315732e+03
2.849416e-01 7.390722e+13 1.29980313e-01 8.260231e+03
2.849416e-01 9.326033e+13 1.25285932e-01 9.453354e+03
2.849416e-01 1.176812e+14 1.15744696e-01 1.067383e+04
2.849416e-01 1.484968e+14 1.05028173e-01 1.205188e+04
2.849416e-01 1.873817e+14 9.33331595e-02 1.360784e+04
2.849416e-01 2.364489e+14 8.09429575e-02 1.536468e+04
2.849416e-01 2.983647e+14 7.00910985e-02 1.758398e+04
2.849416e-01 3.764936e+14 5.71385128e-02 1.985416e+04
2.849416e-01 4.750810e+14 4.47890442e-02 2.241744e+04
2.849416e-01 5.994843e+14 3.44409709e-02 2.565545e+04
2.849416e-01 7.564633e+14 2.44108346e-02 2.896770e+04
2.849416e-01 9.545485e+14 1.62242037e-02 3.270758e+04
2.849416e-01 1.204504e+15 9.99327835e-03 3.693030e+04
2.849416e-01 1.519911e+15 5.77435717e-03 4.226458e+04
2.849416e-01 1.917910e+15 2.91139151e-03 4.772115e+04
2.849416e-01 2.420128e+15 1.28783422e-03 5.388220e+04
2.849416e-01 3.053856e+15 5.01170126e-04 6.166505e+04
2.849416e-01 3.853529e+15 1.57972575e-04 6.962632e+04
2.849416e-01 4.862602e+15 3.99036395e-05 7.861543e+04
2.849416e-01 6.135907e+15 7.87960894e-06 8.997080e+04
2.849416e-01 7.742637e+15 1.07567709e-06 1.015865e+05
2.849416e-01 9.770100e+15 9.57102762e-08 1.147018e+05
2.849416e-01 1.232847e+16 5.15583730e-09 1.312696e+05
2.849416e-01 1.555676e+16 1.42151330e-10 1.482171e+05
2.849416e-01 1.963041e+16 1.81232654e-12 1.673527e+05
2.849416e-01 2.477076e+16 9.46284816e-15 1.915255e+05
2.849416e-01 3.125716e+16 1.60342748e-17 2.162524e+05
2.849416e-01 3.944206e+16 7.23837199e-21 2.441717e+05
2.849416e-01 4.977024e+16 6.69591436e-25 2.794403e+05
2.849416e-01 6.280291e+16 8.23521070e-30 3.155175e+05
2.849416e-01 7.924829e+16 8.41553086e-36 3.562524e+05
2.849416e-01 1.000000e+17 3.82519790e-43 4.077102e+05
3.055367e-01 1.261857e+07 1.93674992e-02 2.086104e+00
3.055367e-01 1.592283e+07 1.99643083e-02 2.355431e+00
3.055367e-01 2.009233e+07 2.05834739e-02 2.659529e+00
3.055367e-01 2.535364e+07 2.18064999e-02 3.043676e+00
3.055367e-01 3.199267e+07 2.24915331e-02 3.436630e+00
3.055367e-01 4.037017e+07 2.32026231e-02 3.880317e+00
3.055367e-01 5.094138e+07 2.39408946e-02 4.381286e+00
3.055367e-01 6.428073e+07 2.47075211e-02 4.946932e+00
3.055367e-01 8.111308e+07 2.55037294e-02 5.585606e+00
3.055367e-01 1.023531e+08 2.63307994e-02 6.306737e+00
3.055367e-01 1.291550e+08 2.71900669e-02 7.120968e+00
3.055367e-01 1.629751e+08 2.80829264e-02 8.040322e+00
3.055367e-01 2.056512e+08 2.90108304e-02 9.078369e+00
3.055367e-01 2.595024e+08 2.99752934e-02 1.025043e+01
3.055367e-01 3.274549e+08 3.18251603e-02 1.173102e+01
3.055367e-01 4.132012e+08 3.28960406e-02 1.324556e+01
3.055367e-01 5.214008e+08 3.40095307e-02 1.495563e+01
3.055367e-01 6.579332e+08 3.51674422e-02 1.688648e+01
3.055367e-01 8.302176e+08 3.63716523e-02 1.906661e+01
3.055367e-01 1.047616e+09 3.76241002e-02 2.152820e+01
3.055367e-01 1.321941e+09 3.89267842e-02 2.430761e+01
3.055367e-01 1.668101e+09 4.02817620e-02 2.744584e+01
3.055367e-01 2.104904e+09 4.16911407e-02 3.098924e+01
3.055367e-01 2.656088e+09 4.31570762e-02 3.499011e+01
3.055367e-01 3.351603e+09 4.46817635e-02 3.950751e+01
3.055367e-01 4.229243e+09 4.75328739e-02 4.521405e+01
3.055367e-01 5.336699e+09 4.92268499e-02 5.105142e+01
3.055367e-01 6.734151e+09 5.09880759e-02 5.764242e+01
3.055367e-01 8.497534e+09 5.28188427e-02 6.508435e+01
3.055367e-01 1.072267e+10 5.47214036e-02 7.348707e+01
3.055367e-01 1.353048e+10 5.66979448e-02 8.297463e+01
3.055367e-01 1.707353e+10 5.87505602e-02 9.368708e+01
3.055367e-01 2.154435e+10 6.08812060e-02 1.057826e+02
3.055367e-01 2.718588e+10 6.30916601e-02 1.194396e+02
3.055367e-01 3.430469e+10 6.71717525e-02 1.366917e+02
3.055367e-01 4.328761e+10 6.96111010e-02 1.543393e+02
3.055367e-01 5.462277e+10 7.21362059e-02 1.742653e+02
3.055367e-01 6.892612e+10 7.47475022e-02 1.967639e+02
3.055367e-01 8.697490e+10 7.74448494e-02 2.221671e+02
3.055367e-01 1.097499e+11 8.02274032e-02 2.508500e+02
3.055367e-01 1.384886e+11 8.30935000e-02 2.832360e+02
3.055367e-01 1.747528e+11 8.83937371e-02 3.241471e+02
3.055367e-01 2.205131e+11 9.15004254e-02 3.659962e+02
3.055367e-01 2.782559e+11 9.46808380e-02 4.132482e+02
3.055367e-01 3.511192e+11 9.79278858e-02 4.666006e+02
3.055367e-01 4.430621e+11 1.01232502e-01 5.268411e+02
3.055367e-01 5.590810e+11 1.04583312e-01 5.948590e+02
3.055367e-01 7.054802e+11 1.07966271e-01 6.716584e+02
3.055367e-01 8.902151e+11 1.14410146e-01 7.686740e+02
3.055367e-01 1.123324e+12 1.17895256e-01 8.679137e+02
3.055367e-01 1.417474e+12 1.21349178e-01 9.799658e+02
3.055367e-01 1.788650e+12 1.24741829e-01 1.106484e+03
3.055367e-01 2.257020e+12 1.28037836e-01 1.249337e+03
3.055367e-01 2.848036e+12 1.31195935e-01 1.410633e+03
3.055367e-01 3.593814e+12 1.37837971e-01 1.614388e+03
3.055367e-01 4.534879e+12 1.40644617e-01 1.822813e+03
3.055367e-01 5.722368e+12 1.43140087e-01 2.058148e+03
3.055367e-01 7.220809e+12 1.45252160e-01 2.323865e+03
3.055367e-01 9.111628e+12 1.46900374e-01 2.623888e+03
3.055367e-01 1.149757e+13 1.52044065e-01 3.002888e+03
3.055367e-01 1.450829e+13 1.52504106e-01 3.390576e+03
3.055367e-01 1.830738e+13 1.52193945e-01 3.828316e+03
3.055367e-01 2.310130e+13 1.51005567e-01 4.322572e+03
3.055367e-01 2.915053e+13 1.48830914e-01 4.880638e+03
3.055367e-01 3.678380e+13 1.49548285e-01 5.585606e+03
3.055367e-01 4.641589e+13 1.44982056e-01 6.306737e+03
3.055367e-01 5.857021e+13 1.39129961e-01 7.120968e+03
3.055367e-01 7.390722e+13 1.31950813e-01 8.040322e+03
3.055367e-01 9.326033e+13 1.26823976e-01 9.201681e+03
3.055367e-01 1.176812e+14 1.16790060e-01 1.038967e+04
3.055367e-01 1.484968e+14 1.05592563e-01 1.173102e+04
3.055367e-01 1.873817e+14 9.34490411e-02 1.324556e+04
3.055367e-01 2.364489e+14 8.06648789e-02 1.495563e+04
3.055367e-01 2.983647e+14 6.94785061e-02 1.711585e+04
3.055367e-01 3.764936e+14 5.62947047e-02 1.932559e+04
3.055367e-01 4.750810e+14 4.38202189e-02 2.182063e+04
3.055367e-01 5.994843e+14 3.34263581e-02 2.497244e+04
3.055367e-01 7.564633e+14 2.34733469e-02 2.819651e+04
3.055367e-01 9.545485e+14 1.54350316e-02 3.183682e+04
3.055367e-01 1.204504e+15 9.38991231e-03 3.594712e+04
3.055367e-01 1.519911e+15 5.34790119e-03 4.113939e+04
3.055367e-01 1.917910e+15 2.65127453e-03 4.645069e+04
3.055367e-01 2.420128e+15 1.14984656e-03 5.244771e+04
3.055367e-01 3.053856e+15 4.37230757e-04 6.002336e+04
3.055367e-01 3.853529e+15 1.34117196e-04 6.777268e+04
3.055367e-01 4.862602e+15 3.28054157e-05 7.652248e+04
3.055367e-01 6.135907e+15 6.23473266e-06 8.757554e+04
3.055367e-01 7.742637e+15 8.12975316e-07 9.888199e+04
3.055367e-01 9.770100e+15 6.84454240e-08 1.116482e+05
3.055367e-01 1.232847e+16 3.44867443e-09 1.277748e+05
3.055367e-01 1.555676e+16 8.76966983e-11 1.442712e+05
3.055367e-01 1.963041e+16 1.01401760e-12 1.628974e+05
3.055367e-01 2.477076e+16 4.70639010e-15 1.864266e+05
3.055367e-01 3.125716e+16 6.92050968e-18 2.104952e+05
3.055367e-01 3.944206e+16 2.63370136e-21 2.376712e+05
3.055367e-01 4.977024e+16 1.98251309e-25 2.720009e+05
3.055367e-01 6.280291e+16 1.89928655e-30 3.071176e+05
3.055367e-01 7.924829e+16 1.43153067e-36 3.467680e+05
3.055367e-01 1.000000e+17 4.47989722e-44 3.968559e+05
3.276203e-01 1.261857e+07 1.96698388e-02 2.003355e+00
3.276203e-01 1.592283e+07 2.02757341e-02 2.261998e+00
3.276203e-01 2.009233e+07 2.14760491e-02 2.588725e+00
3.276203e-01 2.535364e+07 2.21460938e-02 2.922943e+00
3.276203e-01 3.199267e+07 2.28414653e-02 3.300310e+00
3.276203e-01 4.037017e+07 2.35632513e-02 3.726396e+00
3.276203e-01 5.094138e+07 2.43125882e-02 4.207493e+00
3.276203e-01 6.428073e+07 2.50906615e-02 4.750702e+00
3.276203e-01 8.111308e+07 2.58987100e-02 5.364042e+00
3.276203e-01 1.023531e+08 2.67380255e-02 6.056568e+00
3.276203e-01 1.291550e+08 2.76099560e-02 6.838501e+00
3.276203e-01 1.629751e+08 2.85159078e-02 7.721387e+00
3.276203e-01 2.056512e+08 2.94573449e-02 8.718257e+00
3.276203e-01 2.595024e+08 3.12682356e-02 9.977539e+00
3.276203e-01 3.274549e+08 3.23130987e-02 1.126569e+01
3.276203e-01 4.132012e+08 3.33993087e-02 1.272015e+01
3.276203e-01 5.214008e+08 3.45286243e-02 1.436238e+01
3.276203e-01 6.579332e+08 3.57028654e-02 1.621664e+01
3.276203e-01 8.302176e+08 3.69239166e-02 1.831029e+01
3.276203e-01 1.047616e+09 3.81937225e-02 2.067425e+01
3.276203e-01 1.321941e+09 3.95142849e-02 2.334340e+01
3.276203e-01 1.668101e+09 4.08876624e-02 2.635715e+01
3.276203e-01 2.104904e+09 4.23159604e-02 2.975999e+01
3.276203e-01 2.656088e+09 4.49993294e-02 3.405858e+01
3.276203e-01 3.351603e+09 4.65862015e-02 3.845572e+01
3.276203e-01 4.229243e+09 4.82362188e-02 4.342055e+01
3.276203e-01 5.336699e+09 4.99516654e-02 4.902636e+01
3.276203e-01 6.734151e+09 5.17348180e-02 5.535592e+01
3.276203e-01 8.497534e+09 5.35879321e-02 6.250265e+01
3.276203e-01 1.072267e+10 5.55132163e-02 7.057206e+01
3.276203e-01 1.353048e+10 5.75128018e-02 7.968328e+01
3.276203e-01 1.707353e+10 5.95887148e-02 8.997080e+01
3.276203e-01 2.154435e+10 6.34315432e-02 1.029663e+02
3.276203e-01 2.718588e+10 6.57266407e-02 1.162598e+02
3.276203e-01 3.430469e+10 6.81052678e-02 1.312696e+02
3.276203e-01 4.328761e+10 7.05685683e-02 1.482171e+02
3.276203e-01 5.462277e+10 7.31172688e-02 1.673527e+02
3.276203e-01 6.892612e+10 7.57516073e-02 1.889588e+02
3.276203e-01 8.697490e+10 7.84712134e-02 2.133544e+02
3.276203e-01 1.097499e+11 8.12749756e-02 2.408995e+02
3.276203e-01 1.384886e+11 8.64627869e-02 2.756955e+02
3.276203e-01 1.747528e+11 8.95089811e-02 3.112892e+02
3.276203e-01 2.205131e+11 9.26321133e-02 3.514782e+02
3.276203e-01 2.782559e+11 9.58263040e-02 3.968559e+02
3.276203e-01 3.511192e+11 9.90839152e-02 4.480920e+02
3.276203e-01 4.430621e+11 1.02395257e-01 5.059430e+02
3.276203e-01 5.590810e+11 1.05748252e-01 5.712628e+02
3.276203e-01 7.054802e+11 1.12112801e-01 6.537771e+02
3.276203e-01 8.902151e+11 1.15594098e-01 7.381830e+02
3.276203e-01 1.123324e+12 1.19062197e-01 8.334862e+02
3.276203e-01 1.417474e+12 1.22490606e-01 9.410936e+02
3.276203e-01 1.788650e+12 1.25848030e-01 1.062594e+03
3.276203e-01 2.257020e+12 1.29097790e-01 1.199780e+03
3.276203e-01 2.848036e+12 1.35812922e-01 1.373078e+03
3.276203e-01 3.593814e+12 1.38792131e-01 1.550350e+03
3.276203e-01 4.534879e+12 1.41508478e-01 1.750508e+03
3.276203e-01 5.722368e+12 1.43896348e-01 1.976507e+03
3.276203e-01 7.220809e+12 1.45882082e-01 2.231685e+03
3.276203e-01 9.111628e+12 1.51415010e-01 2.554033e+03
3.276203e-01 1.149757e+13 1.52368943e-01 2.883772e+03
3.276203e-01 1.450829e+13 1.52634936e-01 3.256082e+03
3.276203e-01 1.830738e+13 1.52108683e-01 3.676459e+03
3.276203e-01 2.310130e+13 1.50683130e-01 4.151108e+03
3.276203e-01 2.915053e+13 1.52307140e-01 4.750702e+03
3.276203e-01 3.678380e+13 1.48674864e-01 5.364042e+03
3.276203e-01 4.641589e+13 1.43819215e-01 6.056568e+03
3.276203e-01 5.857021e+13 1.37674800e-01 6.838501e+03
3.276203e-01 7.390722e+13 1.30210208e-01 7.721387e+03
3.276203e-01 9.326033e+13 1.24761982e-01 8.836679e+03
3.276203e-01 1.176812e+14 1.14488256e-01 9.977539e+03
3.276203e-01 1.484968e+14 1.03100873e-01 1.126569e+04
3.276203e-01 1.873817e+14 9.08336070e-02 1.272015e+04
3.276203e-01 2.364489e+14 8.01400847e-02 1.455747e+04
3.276203e-01 2.983647e+14 6.67975904e-02 1.643692e+04
3.276203e-01 3.764936e+14 5.37624821e-02 1.855900e+04
3.276203e-01 4.750810e+14 4.15302458e-02 2.095507e+04
3.276203e-01 5.994843e+14 3.14022955e-02 2.398186e+04
3.276203e-01 7.564633e+14 2.18296852e-02 2.707804e+04
3.276203e-01 9.545485e+14 1.41871181e-02 3.057395e+04
3.276203e-01 1.204504e+15 8.74719989e-03 3.499011e+04
3.276203e-01 1.519911e+15 4.77318168e-03 3.950751e+04
3.276203e-01 1.917910e+15 2.32308135e-03 4.460813e+04
3.276203e-01 2.420128e+15 9.85981693e-04 5.036727e+04
3.276203e-01 3.053856e+15 3.65543887e-04 5.764242e+04
3.276203e-01 3.853529e+15 1.08837501e-04 6.508435e+04
3.276203e-01 4.862602e+15 2.57013611e-05 7.348707e+04
3.276203e-01 6.135907e+15 4.68431030e-06 8.410168e+04
3.276203e-01 7.742637e+15 5.80917634e-07 9.495964e+04
3.276203e-01 9.770100e+15 4.60377940e-08 1.072194e+05
3.276203e-01 1.232847e+16 2.15605449e-09 1.227064e+05
3.276203e-01 1.555676e+16 5.01843347e-11 1.385484e+05
3.276203e-01 1.963041e+16 5.21457362e-13 1.564357e+05
3.276203e-01 2.477076e+16 2.12769943e-15 1.790316e+05
3.276203e-01 3.125716e+16 2.67913382e-18 2.021455e+05
3.276203e-01 3.944206e+16 8.45839540e-22 2.282435e+05
3.276203e-01 4.977024e+16 5.08162828e-26 2.612114e+05
3.276203e-01 6.280291e+16 3.70415008e-31 2.949352e+05
3.276203e-01 7.924829e+16 2.05586320e-37 3.375362e+05
3.276203e-01 1.000000e+17 4.16293813e-45 3.811138e+05
3.513000e-01 1.261857e+07 1.94679869e-02 1.898105e+00
3.513000e-01 1.592283e+07 2.00674078e-02 2.143160e+00
3.513000e-01 2.009233e+07 2.06892296e-02 2.419853e+00
3.513000e-01 2.535364e+07 2.13344066e-02 2.732269e+00
3.513000e-01 3.199267e+07 2.26057608e-02 3.126923e+00
3.513000e-01 4.037017e+07 2.33196920e-02 3.530625e+00
3.513000e-01 5.094138e+07 2.40608312e-02 3.986446e+00
3.513000e-01 6.428073e+07 2.48303447e-02 4.501117e+00
3.513000e-01 8.111308e+07 2.56294508e-02 5.082234e+00
3.513000e-01 1.023531e+08 2.64594196e-02 5.738377e+00
3.513000e-01 1.291550e+08 2.73215754e-02 6.479231e+00
3.513000e-01 1.629751e+08 2.82172992e-02 7.315732e+00
3.513000e-01 2.056512e+08 2.91480282e-02 8.260231e+00
3.513000e-01 2.595024e+08 3.01152591e-02 9.326669e+00
3.513000e-01 3.274549e+08 3.19717182e-02 1.067383e+01
3.513000e-01 4.132012e+08 3.30452586e-02 1.205188e+01
3.513000e-01 5.214008e+08 3.41612774e-02 1.360784e+01
3.513000e-01 6.579332e+08 3.53215543e-02 1.536468e+01
3.513000e-01 8.302176e+08 3.65279305e-02 1.734834e+01
3.513000e-01 1.047616e+09 3.77823038e-02 1.958809e+01
3.513000e-01 1.321941e+09 3.90866252e-02 2.211702e+01
3.513000e-01 1.668101e+09 4.04428986e-02 2.497244e+01
3.513000e-01 2.104904e+09 4.18531700e-02 2.819651e+01
3.513000e-01 2.656088e+09 4.45043479e-02 3.226926e+01
3.513000e-01 3.351603e+09 4.60706010e-02 3.643539e+01
3.513000e-01 4.229243e+09 4.76988359e-02 4.113939e+01
3.513000e-01 5.336699e+09 4.93912522e-02 4.645069e+01
3.513000e-01 6.734151e+09 5.11500347e-02 5.244771e+01
3.513000e-01 8.497534e+09 5.29773388e-02 5.921898e+01
3.513000e-01 1.072267e+10 5.48752645e-02 6.686446e+01
3.513000e-01 1.353048e+10 5.68458244e-02 7.549700e+01
3.513000e-01 1.707353e+10 5.88909156e-02 8.524405e+01
3.513000e-01 2.154435e+10 6.26810041e-02 9.755686e+01
3.513000e-01 2.718588e+10 6.49402999e-02 1.101519e+02
3.513000e-01 3.430469e+10 6.72808068e-02 1.243731e+02
3.513000e-01 4.328761e+10 6.97034814e-02 1.404303e+02
3.513000e-01 5.462277e+10 7.22088472e-02 1.585606e+02
3.513000e-01 6.892612e+10 7.47969206e-02 1.790316e+02
3.513000e-01 8.697490e+10 7.74670906e-02 2.021455e+02
3.513000e-01 1.097499e+11 8.02179845e-02 2.282435e+02
3.513000e-01 1.384886e+11 8.53187553e-02 2.612114e+02
3.513000e-01 1.747528e+11 8.83026874e-02 2.949352e+02
3.513000e-01 2.205131e+11 9.13590880e-02 3.330128e+02
3.513000e-01 2.782559e+11 9.44817142e-02 3.760065e+02
3.513000e-01 3.511192e+11 9.76625401e-02 4.245508e+02
3.513000e-01 4.430621e+11 1.00891464e-01 4.793625e+02
3.513000e-01 5.590810e+11 1.07004722e-01 5.486025e+02
3.513000e-01 7.054802e+11 1.10379376e-01 6.194299e+02
3.513000e-01 8.902151e+11 1.13755902e-01 6.994015e+02
3.513000e-01 1.123324e+12 1.17111578e-01 7.896978e+02
3.513000e-01 1.417474e+12 1.20419439e-01 8.916518e+02
3.513000e-01 1.788650e+12 1.23647742e-01 1.006769e+03
3.513000e-01 2.257020e+12 1.30226374e-01 1.152188e+03
3.513000e-01 2.848036e+12 1.33259161e-01 1.300942e+03
3.513000e-01 3.593814e+12 1.36077186e-01 1.468900e+03
3.513000e-01 4.534879e+12 1.38622545e-01 1.658542e+03
3.513000e-01 5.722368e+12 1.40829822e-01 1.872669e+03
3.513000e-01 7.220809e+12 1.42625872e-01 2.114440e+03
3.513000e-01 9.111628e+12 1.47866492e-01 2.419853e+03
3.513000e-01 1.149757e+13 1.48610315e-01 2.732269e+03
3.513000e-01 1.450829e+13 1.48661552e-01 3.085019e+03
3.513000e-01 1.830738e+13 1.47918978e-01 3.483310e+03
3.513000e-01 2.310130e+13 1.46279657e-01 3.933024e+03
3.513000e-01 2.915053e+13 1.47571728e-01 4.501117e+03
3.513000e-01 3.678380e+13 1.43742977e-01 5.082234e+03
3.513000e-01 4.641589e+13 1.38714337e-01 5.738377e+03
3.513000e-01 5.857021e+13 1.32430444e-01 6.479231e+03
3.513000e-01 7.390722e+13 1.28286689e-01 7.415103e+03
3.513000e-01 9.326033e+13 1.19239152e-01 8.372431e+03
3.513000e-01 1.176812e+14 1.08999885e-01 9.453354e+03
3.513000e-01 1.484968e+14 9.77319755e-02 1.067383e+04
3.513000e-01 1.873817e+14 8.80228897e-02 1.221558e+04
3.513000e-01 2.364489e+14 7.51696894e-02 1.379267e+04
3.513000e-01 2.983647e+14 6.22552131e-02 1.557338e+04
3.513000e-01 3.764936e+14 4.97415622e-02 1.758398e+04
3.513000e-01 4.750810e+14 3.91457878e-02 2.012384e+04
3.513000e-01 5.994843e+14 2.85352633e-02 2.272193e+04
3.513000e-01 7.564633e+14 1.96177426e-02 2.565545e+04
3.513000e-01 9.545485e+14 1.25870997e-02 2.896770e+04
3.513000e-01 1.204504e+15 7.64612032e-03 3.315185e+04
3.513000e-01 1.519911e+15 4.10074218e-03 3.743193e+04
3.513000e-01 1.917910e+15 1.95587557e-03 4.226458e+04
3.513000e-01 2.420128e+15 8.32896308e-04 4.836936e+04
3.513000e-01 3.053856e+15 2.92345237e-04 5.461409e+04
3.513000e-01 3.853529e+15 8.42499551e-05 6.166505e+04
3.513000e-01 4.862602e+15 1.91429882e-05 6.962632e+04
3.513000e-01 6.135907e+15 3.33262793e-06 7.968328e+04
3.513000e-01 7.742637e+15 3.91194172e-07 8.997080e+04
3.513000e-01 9.770100e+15 2.90152834e-08 1.015865e+05
3.513000e-01 1.232847e+16 1.25426287e-09 1.162598e+05
3.513000e-01 1.555676e+16 2.64984334e-11 1.312696e+05
3.513000e-01 1.963041e+16 2.44931922e-13 1.482171e+05
3.513000e-01 2.477076e+16 8.67890747e-16 1.696259e+05
3.513000e-01 3.125716e+16 9.22097670e-19 1.915255e+05
3.513000e-01 3.944206e+16 2.37257645e-22 2.162524e+05
3.513000e-01 4.977024e+16 1.11349356e-26 2.474883e+05
3.513000e-01 6.280291e+16 6.01725594e-32 2.794403e+05
3.513000e-01 7.924829e+16 2.31914949e-38 3.198032e+05
3.513000e-01 1.000000e+17 3.00281367e-46 3.610914e+05
3.766913e-01 1.261857e+07 1.82775645e-02 1.750508e+00
3.766913e-01 1.592283e+07 1.88400610e-02 1.976507e+00
3.766913e-01 2.009233e+07 1.99547982e-02 2.261998e+00
3.766913e-01 2.535364e+07 2.05767269e-02 2.554033e+00
3.766913e-01 3.199267e+07 2.12220941e-02 2.883772e+00
3.766913e-01 4.037017e+07 2.18918992e-02 3.256082e+00
3.766913e-01 5.094138e+07 2.25871858e-02 3.676459e+00
3.766913e-01 6.428073e+07 2.33090419e-02 4.151108e+00
3.766913e-01 8.111308e+07 2.40586030e-02 4.687038e+00
3.766913e-01 1.023531e+08 2.48370527e-02 5.292158e+00
3.766913e-01 1.291550e+08 2.56456243e-02 5.975403e+00
3.766913e-01 1.629751e+08 2.72100048e-02 6.838501e+00
3.766913e-01 2.056512e+08 2.81065976e-02 7.721387e+00
3.766913e-01 2.595024e+08 2.90382595e-02 8.718257e+00
3.766913e-01 3.274549e+08 3.00064748e-02 9.843829e+00
3.766913e-01 4.132012e+08 3.10127830e-02 1.111472e+01
3.766913e-01 5.214008e+08 3.20587805e-02 1.254968e+01
3.766913e-01 6.579332e+08 3.31461161e-02 1.416991e+01
3.766913e-01 8.302176e+08 3.42764935e-02 1.599932e+01
3.766913e-01 1.047616e+09 3.54516666e-02 1.806492e+01
3.766913e-01 1.321941e+09 3.76764830e-02 2.067425e+01
3.766913e-01 1.668101e+09 3.89814373e-02 2.334340e+01
3.766913e-01 2.104904e+09 4.03380930e-02 2.635715e+01
3.766913e-01 2.656088e+09 4.17484179e-02 2.975999e+01
3.766913e-01 3.351603e+09 4.32144024e-02 3.360216e+01
3.766913e-01 4.229243e+09 4.47380466e-02 3.794037e+01
3.766913e-01 5.336699e+09 4.63213529e-02 4.283867e+01
3.766913e-01 6.734151e+09 4.79663021e-02 4.836936e+01
3.766913e-01 8.497534e+09 5.10334839e-02 5.535592e+01
3.766913e-01 1.072267e+10 5.28560120e-02 6.250265e+01
3.766913e-01 1.353048e+10 5.47476410e-02 7.057206e+01
3.766913e-01 1.707353e+10 5.67100869e-02 7.968328e+01
3.766913e-01 2.154435e+10 5.87448939e-02 8.997080e+01
3.766913e-01 2.718588e+10 6.08533916e-02 1.015865e+02
3.766913e-01 3.430469e+10 6.30366330e-02 1.147018e+02
3.766913e-01 4.328761e+10 6.52953374e-02 1.295104e+02
3.766913e-01 5.462277e+10 6.94795231e-02 1.482171e+02
3.766913e-01 6.892612e+10 7.19554442e-02 1.673527e+02
3.766913e-01 8.697490e+10 7.45081330e-02 1.889588e+02
3.766913e-01 1.097499e+11 7.71359811e-02 2.133544e+02
3.766913e-01 1.384886e+11 7.98364958e-02 2.408995e+02
3.766913e-01 1.747528e+11 8.26061067e-02 2.720009e+02
3.766913e-01 2.205131e+11 8.54399975e-02 3.071176e+02
3.766913e-01 2.782559e+11 9.07478236e-02 3.514782e+02
3.766913e-01 3.511192e+11 9.37701523e-02 3.968559e+02
3.766913e-01 4.430621e+11 9.68335615e-02 4.480920e+02
3.766913e-01 5.590810e+11 9.99254106e-02 5.059430e+02
3.766913e-01 7.054802e+11 1.03030334e-01 5.712628e+02
3.766913e-01 8.902151e+11 1.06129845e-01 6.450157e+02
3.766913e-01 1.123324e+12 1.12188664e-01 7.381830e+02
3.766913e-01 1.417474e+12 1.15289790e-01 8.334862e+02
3.766913e-01 1.788650e+12 1.18304564e-01 9.410936e+02
3.766913e-01 2.257020e+12 1.21196448e-01 1.062594e+03
3.766913e-01 2.848036e+12 1.23923239e-01 1.199780e+03
3.766913e-01 3.593814e+12 1.26436578e-01 1.354678e+03
3.766913e-01 4.534879e+12 1.32201070e-01 1.550350e+03
3.766913e-01 5.722368e+12 1.34168191e-01 1.750508e+03
3.766913e-01 7.220809e+12 1.35725387e-01 1.976507e+03
3.766913e-01 9.111628e+12 1.36794954e-01 2.231685e+03
3.766913e-01 1.149757e+13 1.37292759e-01 2.519806e+03
3.766913e-01 1.450829e+13 1.40879982e-01 2.883772e+03
3.766913e-01 1.830738e+13 1.39937533e-01 3.256082e+03
3.766913e-01 2.310130e+13 1.38124550e-01 3.676459e+03
3.766913e-01 2.915053e+13 1.35348641e-01 4.151108e+03
3.766913e-01 3.678380e+13 1.31526457e-01 4.687038e+03
3.766913e-01 4.641589e+13 1.30053135e-01 5.364042e+03
3.766913e-01 5.857021e+13 1.23794962e-01 6.056568e+03
3.766913e-01 7.390722e+13 1.16341648e-01 6.838501e+03
3.766913e-01 9.326033e+13 1.07732849e-01 7.721387e+03
3.766913e-01 1.176812e+14 1.00749075e-01 8.836679e+03
3.766913e-01 1.484968e+14 8.99038646e-02 9.977539e+03
3.766913e-01 1.873817e+14 7.83912474e-02 1.126569e+04
3.766913e-01 2.364489e+14 6.65337750e-02 1.272015e+04
3.766913e-01 2.983647e+14 5.62144379e-02 1.455747e+04
3.766913e-01 3.764936e+14 4.45564505e-02 1.643692e+04
3.766913e-01 4.750810e+14 3.38195917e-02 1.855900e+04
3.766913e-01 5.994843e+14 2.43938804e-02 2.095507e+04
3.766913e-01 7.564633e+14 1.70209379e-02 2.398186e+04
3.766913e-01 9.545485e+14 1.07684552e-02 2.707804e+04
3.766913e-01 1.204504e+15 6.26424136e-03 3.057395e+04
3.766913e-01 1.519911e+15 3.29646309e-03 3.452120e+04
3.766913e-01 1.917910e+15 1.57987511e-03 3.950751e+04
3.766913e-01 2.420128e+15 6.38103437e-04 4.460813e+04
3.766913e-01 3.053856e+15 2.17264890e-04 5.036727e+04
3.766913e-01 3.853529e+15 6.20658888e-05 5.764242e+04
3.766913e-01 4.862602e+15 1.35189971e-05 6.508435e+04
3.766913e-01 6.135907e+15 2.17858195e-06 7.348707e+04
3.766913e-01 7.742637e+15 2.47365003e-07 8.410168e+04
3.766913e-01 9.770100e+15 1.70623563e-08 9.495964e+04
3.766913e-01 1.232847e+16 6.57584238e-10 1.072194e+05
3.766913e-01 1.555676e+16 1.28344191e-11 1.227064e+05
3.766913e-01 1.963041e+16 1.04348350e-13 1.385484e+05
3.766913e-01 2.477076e+16 3.08332549e-16 1.564357e+05
3.766913e-01 3.125716e+16 2.79370062e-19 1.790316e+05
3.766913e-01 3.944206e+16 5.74413320e-23 2.021455e+05
3.766913e-01 4.977024e+16 2.00174000e-27 2.282435e+05
3.766913e-01 6.280291e+16 8.00493354e-33 2.612114e+05
3.766913e-01 7.924829e+16 2.01352568e-39 2.949352e+05
3.766913e-01 1.000000e+17 1.59686093e-47 3.330128e+05
4.039178e-01 1.261857e+07 1.62777030e-02 1.571408e+00
4.039178e-01 1.592283e+07 1.67783808e-02 1.774285e+00
4.039178e-01 2.009233e+07 1.72977144e-02 2.003355e+00
4.039178e-01 2.535364e+07 1.78364932e-02 2.261998e+00
4.039178e-01 3.199267e+07 1.83955416e-02 2.554033e+00
4.039178e-01 4.037017e+07 1.94947210e-02 2.922943e+00
4.039178e-01 5.094138e+07 2.01133996e-02 3.300310e+00
4.039178e-01 6.428073e+07 2.07556713e-02 3.726396e+00
4.039178e-01 8.111308e+07 2.14225397e-02 4.207493e+00
4.039178e-01 1.023531e+08 2.21150499e-02 4.750702e+00
4.039178e-01 1.291550e+08 2.28342904e-02 5.364042e+00
4.039178e-01 1.629751e+08 2.35813953e-02 6.056568e+00
4.039178e-01 2.056512e+08 2.43575426e-02 6.838501e+00
4.039178e-01 2.595024e+08 2.58522116e-02 7.826267e+00
4.039178e-01 3.274549e+08 2.67130853e-02 8.836679e+00
4.039178e-01 4.132012e+08 2.76077147e-02 9.977539e+00
4.039178e-01 5.214008e+08 2.85375022e-02 1.126569e+01
4.039178e-01 6.579332e+08 2.95038944e-02 1.272015e+01
4.039178e-01 8.302176e+08 3.05083842e-02 1.436238e+01
4.039178e-01 1.047616e+09 3.15525067e-02 1.621664e+01
4.039178e-01 1.321941e+09 3.26378351e-02 1.831029e+01
4.039178e-01 1.668101e+09 3.46895057e-02 2.095507e+01
4.039178e-01 2.104904e+09 3.58941769e-02 2.366047e+01
4.039178e-01 2.656088e+09 3.71462272e-02 2.671516e+01
4.039178e-01 3.351603e+09 3.84473804e-02 3.016423e+01
4.039178e-01 4.229243e+09 3.97993631e-02 3.405858e+01
4.039178e-01 5.336699e+09 4.12038973e-02 3.845572e+01
4.039178e-01 6.734151e+09 4.26626783e-02 4.342055e+01
4.039178e-01 8.497534e+09 4.41773613e-02 4.902636e+01
4.039178e-01 1.072267e+10 4.70008223e-02 5.610783e+01
4.039178e-01 1.353048e+10 4.86766032e-02 6.335163e+01
4.039178e-01 1.707353e+10 5.04144063e-02 7.153065e+01
4.039178e-01 2.154435e+10 5.22154827e-02 8.076563e+01
4.039178e-01 2.718588e+10 5.40808778e-02 9.119288e+01
4.039178e-01 3.430469e+10 5.60113743e-02 1.029663e+02
4.039178e-01 4.328761e+10 5.80074394e-02 1.162598e+02
4.039178e-01 5.462277e+10 6.17120760e-02 1.330526e+02
4.039178e-01 6.892612e+10 6.38971827e-02 1.502304e+02
4.039178e-01 8.697490e+10 6.61483077e-02 1.696259e+02
4.039178e-01 1.097499e+11 6.84637438e-02 1.915255e+02
4.039178e-01 1.384886e+11 7.08409665e-02 2.162524e+02
4.039178e-01 1.747528e+11 7.32764584e-02 2.441717e+02
4.039178e-01 2.205131e+11 7.57655576e-02 2.756955e+02
4.039178e-01 2.782559e+11 8.04438799e-02 3.155175e+02
4.039178e-01 3.511192e+11 8.30910677e-02 3.562524e+02
4.039178e-01 4.430621e+11 8.57697163e-02 4.022464e+02
4.039178e-01 5.590810e+11 8.84680225e-02 4.541785e+02
4.039178e-01 7.054802e+11 9.11717147e-02 5.128153e+02
4.039178e-01 8.902151e+11 9.38637045e-02 5.790223e+02
4.039178e-01 1.123324e+12 9.91637059e-02 6.626574e+02
4.039178e-01 1.417474e+12 1.01839065e-01 7.482099e+02
4.039178e-01 1.788650e+12 1.04428358e-01 8.448076e+02
4.039178e-01 2.257020e+12 1.06898337e-01 9.538766e+02
4.039178e-01 2.848036e+12 1.09210746e-01 1.077027e+03
4.039178e-01 3.593814e+12 1.14366659e-01 1.232595e+03
4.039178e-01 4.534879e+12 1.16278083e-01 1.391729e+03
4.039178e-01 5.722368e+12 1.17875156e-01 1.571408e+03
4.039178e-01 7.220809e+12 1.19094896e-01 1.774285e+03
4.039178e-01 9.111628e+12 1.19868450e-01 2.003355e+03
4.039178e-01 1.149757e+13 1.23407168e-01 2.292723e+03
4.039178e-01 1.450829e+13 1.23052642e-01 2.588725e+03
4.039178e-01 1.830738e+13 1.22000849e-01 2.922943e+03
4.039178e-01 2.310130e+13 1.20169799e-01 3.300310e+03
4.039178e-01 2.915053e+13 1.17481889e-01 3.726396e+03
4.039178e-01 3.678380e+13 1.16983402e-01 4.264644e+03
4.039178e-01 4.641589e+13 1.12267798e-01 4.815232e+03
4.039178e-01 5.857021e+13 1.06519046e-01 5.436903e+03
4.039178e-01 7.390722e+13 9.97414222e-02 6.138835e+03
4.039178e-01 9.326033e+13 9.44983050e-02 7.025540e+03
4.039178e-01 1.176812e+14 8.56221256e-02 7.932573e+03
4.039178e-01 1.484968e+14 7.60059061e-02 8.956708e+03
4.039178e-01 1.873817e+14 6.58803534e-02 1.011307e+04
4.039178e-01 2.364489e+14 5.55388640e-02 1.141871e+04
4.039178e-01 2.983647e+14 4.65649717e-02 1.306805e+04
4.039178e-01 3.764936e+14 3.65848576e-02 1.475521e+04
4.039178e-01 4.750810e+14 2.74903878e-02 1.666018e+04
4.039178e-01 5.994843e+14 2.01363470e-02 1.906661e+04
4.039178e-01 7.564633e+14 1.34947870e-02 2.152820e+04
4.039178e-01 9.545485e+14 8.40686084e-03 2.430761e+04
4.039178e-01 1.204504e+15 4.80371262e-03 2.744584e+04
4.039178e-01 1.519911e+15 2.54349376e-03 3.141017e+04
4.039178e-01 1.917910e+15 1.15804596e-03 3.546539e+04
4.039178e-01 2.420128e+15 4.54604940e-04 4.004415e+04
4.039178e-01 3.053856e+15 1.53800649e-04 4.582820e+04
4.039178e-01 3.853529e+15 4.11207672e-05 5.174486e+04
4.039178e-01 4.862602e+15 8.55100198e-06 5.842538e+04
4.039178e-01 6.135907e+15 1.30404195e-06 6.596840e+04
4.039178e-01 7.742637e+15 1.38595271e-07 7.549700e+04
4.039178e-01 9.770100e+15 8.82764350e-09 8.524405e+04
4.039178e-01 1.232847e+16 3.08968138e-10 9.624949e+04
4.039178e-01 1.555676e+16 5.36687913e-12 1.101519e+05
4.039178e-01 1.963041e+16 3.79044904e-14 1.243731e+05
4.039178e-01 2.477076e+16 9.45187370e-17 1.404303e+05
4.039178e-01 3.125716e+16 6.98127857e-20 1.607144e+05
4.039178e-01 3.944206e+16 1.12227348e-23 1.814634e+05
4.039178e-01 4.977024e+16 2.98531152e-28 2.076743e+05
4.039178e-01 6.280291e+16 8.10720060e-34 2.344861e+05
4.039178e-01 7.924829e+16 1.31509502e-40 2.647595e+05
4.039178e-01 1.000000e+17 6.25707657e-49 3.030019e+05
4.331122e-01 1.261857e+07 1.26819832e-02 1.318612e+00
4.331122e-01 1.592283e+07 1.30718223e-02 1.488852e+00
4.331122e-01 2.009233e+07 1.34761621e-02 1.681071e+00
4.331122e-01 2.535364e+07 1.38956140e-02 1.898105e+00
4.331122e-01 3.199267e+07 1.43308157e-02 2.143160e+00
4.331122e-01 4.037017e+07 1.47824332e-02 2.419853e+00
4.331122e-01 5.094138e+07 1.56682921e-02 2.769382e+00
4.331122e-01 6.428073e+07 1.61681617e-02 3.126923e+00
4.331122e-01 8.111308e+07 1.66871278e-02 3.530625e+00
4.331122e-01 1.023531e+08 1.72259972e-02 3.986446e+00
4.331122e-01 1.291550e+08 1.77856094e-02 4.501117e+00
4.331122e-01 1.629751e+08 1.83668387e-02 5.082234e+00
4.331122e-01 2.056512e+08 1.89705923e-02 5.738377e+00
4.331122e-01 2.595024e+08 2.01338287e-02 6.567239e+00
4.331122e-01 3.274549e+08 2.08033185e-02 7.415103e+00
4.331122e-01 4.132012e+08 2.14989615e-02 8.372431e+00
4.331122e-01 5.214008e+08 2.22218337e-02 9.453354e+00
4.331122e-01 6.579332e+08 2.29730434e-02 1.067383e+01
4.331122e-01 8.302176e+08 2.37537330e-02 1.205188e+01
4.331122e-01 1.047616e+09 2.52369487e-02 1.379267e+01
4.331122e-01 1.321941e+09 2.61032050e-02 1.557338e+01
4.331122e-01 1.668101e+09 2.70034442e-02 1.758398e+01
4.331122e-01 2.104904e+09 2.79389437e-02 1.985416e+01
4.331122e-01 2.656088e+09 2.89109976e-02 2.241744e+01
4.331122e-01 3.351603e+09 2.99209069e-02 2.531164e+01
4.331122e-01 4.229243e+09 3.09699700e-02 2.857950e+01
4.331122e-01 5.336699e+09 3.29363277e-02 3.270758e+01
4.331122e-01 6.734151e+09 3.40984791e-02 3.693030e+01
4.331122e-01 8.497534e+09 3.53047340e-02 4.169819e+01
4.331122e-01 1.072267e+10 3.65562908e-02 4.708164e+01
4.331122e-01 1.353048e+10 3.78542642e-02 5.316012e+01
4.331122e-01 1.707353e+10 3.91996642e-02 6.002336e+01
4.331122e-01 2.154435e+10 4.05933604e-02 6.777268e+01
4.331122e-01 2.718588e+10 4.31857675e-02 7.756190e+01
4.331122e-01 3.430469e+10 4.47187388e-02 8.757554e+01
4.331122e-01 4.328761e+10 4.63027570e-02 9.888199e+01
4.331122e-01 5.462277e+10 4.79377066e-02 1.116482e+02
4.331122e-01 6.892612e+10 4.96230792e-02 1.260625e+02
4.331122e-01 8.697490e+10 5.13578876e-02 1.423378e+02
4.331122e-01 1.097499e+11 5.45940053e-02 1.628974e+02
4.331122e-01 1.384886e+11 5.64723446e-02 1.839282e+02
4.331122e-01 1.747528e+11 5.83944765e-02 2.076743e+02
4.331122e-01 2.205131e+11 6.03563486e-02 2.344861e+02
4.331122e-01 2.782559e+11 6.23527970e-02 2.647595e+02
4.331122e-01 3.511192e+11 6.43773706e-02 2.989413e+02
4.331122e-01 4.430621e+11 6.82388276e-02 3.421210e+02
4.331122e-01 5.590810e+11 7.03503415e-02 3.862905e+02
4.331122e-01 7.054802e+11 7.24607620e-02 4.361626e+02
4.331122e-01 8.902151e+11 7.45558835e-02 4.924734e+02
4.331122e-01 1.123324e+12 7.66189185e-02 5.560543e+02
4.331122e-01 1.417474e+12 7.86301817e-02 6.278437e+02
4.331122e-01 1.788650e+12 8.27703271e-02 7.185307e+02
4.331122e-01 2.257020e+12 8.46559691e-02 8.112967e+02
4.331122e-01 2.848036e+12 8.64065489e-02 9.160392e+02
4.331122e-01 3.593814e+12 8.79866558e-02 1.034305e+03
4.331122e-01 4.534879e+12 8.93564058e-02 1.167839e+03
4.331122e-01 5.722368e+12 9.29457935e-02 1.336523e+03
4.331122e-01 7.220809e+12 9.37790905e-02 1.509075e+03
4.331122e-01 9.111628e+12 9.42455786e-02 1.703905e+03
4.331122e-01 1.149757e+13 9.42868480e-02 1.923888e+03
4.331122e-01 1.450829e+13 9.38418296e-02 2.172271e+03
4.331122e-01 1.830738e+13 9.53878992e-02 2.486038e+03
4.331122e-01 2.310130e+13 9.37414698e-02 2.806999e+03
4.331122e-01 2.915053e+13 9.14113015e-02 3.169396e+03
4.331122e-01 3.678380e+13 8.83483103e-02 3.578582e+03
4.331122e-01 4.641589e+13 8.68290853e-02 4.095479e+03
4.331122e-01 5.857021e+13 8.20894746e-02 4.624226e+03
4.331122e-01 7.390722e+13 7.65587682e-02 5.221237e+03
4.331122e-01 9.326033e+13 7.02853647e-02 5.895326e+03
4.331122e-01 1.176812e+14 6.50930098e-02 6.746858e+03
4.331122e-01 1.484968e+14 5.74506077e-02 7.617912e+03
4.331122e-01 1.873817e+14 4.94729075e-02 8.601423e+03
4.331122e-01 2.364489e+14 4.13985442e-02 9.711911e+03
4.331122e-01 2.983647e+14 3.44170585e-02 1.111472e+04
4.331122e-01 3.764936e+14 2.67804415e-02 1.254968e+04
4.331122e-01 4.750810e+14 1.99015385e-02 1.416991e+04
4.331122e-01 5.994843e+14 1.40100470e-02 1.599932e+04
4.331122e-01 7.564633e+14 9.50545559e-03 1.831029e+04
4.331122e-01 9.545485e+14 5.82206945e-03 2.067425e+04
4.331122e-01 1.204504e+15 3.26198476e-03 2.334340e+04
4.331122e-01 1.519911e+15 1.64316017e-03 2.635715e+04
4.331122e-01 1.917910e+15 7.48327390e-04 3.016423e+04
4.331122e-01 2.420128e+15 2.84722176e-04 3.405858e+04
4.331122e-01 3.053856e+15 9.03866868e-05 3.845572e+04
4.331122e-01 3.853529e+15 2.37796066e-05 4.401034e+04
4.331122e-01 4.862602e+15 4.69937377e-06 4.969230e+04
4.331122e-01 6.135907e+15 6.74525920e-07 5.610783e+04
4.331122e-01 7.742637e+15 6.66682026e-08 6.421215e+04
4.331122e-01 9.770100e+15 3.89045654e-09 7.250226e+04
4.331122e-01 1.232847e+16 1.22490572e-10 8.186268e+04
4.331122e-01 1.555676e+16 1.87200265e-12 9.368708e+04
4.331122e-01 1.963041e+16 1.13268836e-14 1.057826e+05
4.331122e-01 2.477076e+16 2.34406089e-17 1.194396e+05
4.331122e-01 3.125716e+16 1.38324447e-20 1.366917e+05
4.331122e-01 3.944206e+16 1.69688120e-24 1.543393e+05
4.331122e-01 4.977024e+16 3.17031402e-29 1.742653e+05
4.331122e-01 6.280291e+16 5.95591646e-35 1.994365e+05
4.331122e-01 7.924829e+16 5.96695051e-42 2.251848e+05
4.331122e-01 1.000000e+17 1.53044786e-50 2.542573e+05
4.644167e-01 1.261857e+07 6.96539712e-03 9.284819e-01
4.644167e-01 1.592283e+07 7.17936165e-03 1.048354e+00
4.644167e-01 2.009233e+07 7.60370015e-03 1.199780e+00
4.644167e-01 2.535364e+07 7.84018079e-03 1.354678e+00
4.644167e-01 3.199267e+07 8.08552189e-03 1.529573e+00
4.644167e-01 4.037017e+07 8.34009617e-03 1.727049e+00
4.644167e-01 5.094138e+07 8.83962624e-03 1.976507e+00
4.644167e-01 6.428073e+07 9.12134873e-03 2.231685e+00
4.644167e-01 8.111308e+07 9.41380473e-03 2.519806e+00
4.644167e-01 1.023531e+08 9.71744465e-03 2.845126e+00
4.644167e-01 1.291550e+08 1.03071401e-02 3.256082e+00
4.644167e-01 1.629751e+08 1.06435278e-02 3.676459e+00
4.644167e-01 2.056512e+08 1.09929065e-02 4.151108e+00
4.644167e-01 2.595024e+08 1.13558156e-02 4.687038e+00
4.644167e-01 3.274549e+08 1.17328133e-02 5.292158e+00
4.644167e-01 4.132012e+08 1.24560908e-02 6.056568e+00
4.644167e-01 5.214008e+08 1.28741468e-02 6.838501e+00
4.644167e-01 6.579332e+08 1.33085135e-02 7.721387e+00
4.644167e-01 8.302176e+08 1.37598398e-02 8.718257e+00
4.644167e-01 1.047616e+09 1.46179589e-02 9.977539e+00
4.644167e-01 1.321941e+09 1.51185399e-02 1.126569e+01
4.644167e-01 1.668101e+09 1.56386357e-02 1.272015e+01
4.644167e-01 2.104904e+09 1.61789659e-02 1.436238e+01
4.644167e-01 2.656088e+09 1.67402567e-02 1.621664e+01
4.644167e-01 3.351603e+09 1.77970395e-02 1.855900e+01
4.644167e-01 4.229243e+09 1.84189875e-02 2.095507e+01
4.644167e-01 5.336699e+09 1.90646934e-02 2.366047e+01
4.644167e-01 6.734151e+09 1.97348706e-02 2.671516e+01
4.644167e-01 8.497534e+09 2.04302053e-02 3.016423e+01
4.644167e-01 1.072267e+10 2.11513444e-02 3.405858e+01
4.644167e-01 1.353048e+10 2.24978318e-02 3.897807e+01
4.644167e-01 1.707353e+10 2.32934731e-02 4.401034e+01
4.644167e-01 2.154435e+10 2.41172229e-02 4.969230e+01
4.644167e-01 2.718588e+10 2.49694197e-02 5.610783e+01
4.644167e-01 3.430469e+10 2.58502628e-02 6.335163e+01
4.644167e-01 4.328761e+10 2.74916870e-02 7.250226e+01
4.644167e-01 5.462277e+10 2.84553737e-02 8.186268e+01
4.644167e-01 6.892612e+10 2.94479237e-02 9.243157e+01
4.644167e-01 8.697490e+10 3.04686144e-02 1.043650e+02
4.644167e-01 1.097499e+11 3.15163666e-02 1.178390e+02
4.644167e-01 1.384886e+11 3.34810443e-02 1.348599e+02
4.644167e-01 1.747528e+11 3.46079601e-02 1.522710e+02
4.644167e-01 2.205131e+11 3.57564919e-02 1.719300e+02
4.644167e-01 2.782559e+11 3.69233395e-02 1.941270e+02
4.644167e-01 3.511192e+11 3.81044157e-02 2.191898e+02
4.644167e-01 4.430621e+11 4.03694685e-02 2.508500e+02
4.644167e-01 5.590810e+11 4.15956279e-02 2.832360e+02
4.644167e-01 7.054802e+11 4.28176668e-02 3.198032e+02
4.644167e-01 8.902151e+11 4.40267952e-02 3.610914e+02
4.644167e-01 1.123324e+12 4.52126724e-02 4.077102e+02
4.644167e-01 1.417474e+12 4.76312950e-02 4.666006e+02
4.644167e-01 1.788650e+12 4.87626522e-02 5.268411e+02
4.644167e-01 2.257020e+12 4.98268133e-02 5.948590e+02
4.644167e-01 2.848036e+12 5.08049139e-02 6.716584e+02
4.644167e-01 3.593814e+12 5.16756098e-02 7.583729e+02
4.644167e-01 4.534879e+12 5.38485671e-02 8.679137e+02
4.644167e-01 5.722368e+12 5.44459809e-02 9.799658e+02
4.644167e-01 7.220809e+12 5.48513680e-02 1.106484e+03
4.644167e-01 9.111628e+12 5.50325191e-02 1.249337e+03
4.644167e-01 1.149757e+13 5.64583807e-02 1.429794e+03
4.644167e-01 1.450829e+13 5.60773467e-02 1.614388e+03
4.644167e-01 1.830738e+13 5.53581701e-02 1.822813e+03
4.644167e-01 2.310130e+13 5.42658028e-02 2.058148e+03
4.644167e-01 2.915053e+13 5.27686064e-02 2.323865e+03
4.644167e-01 3.678380e+13 5.22314834e-02 2.659529e+03
4.644167e-01 4.641589e+13 4.97919441e-02 3.002888e+03
4.644167e-01 5.857021e+13 4.68895501e-02 3.390576e+03
4.644167e-01 7.390722e+13 4.35379704e-02 3.828316e+03
4.644167e-01 9.326033e+13 4.08602276e-02 4.381286e+03
4.644167e-01 1.176812e+14 3.66284658e-02 4.946932e+03
4.644167e-01 1.484968e+14 3.21238480e-02 5.585606e+03
4.644167e-01 1.873817e+14 2.74650772e-02 6.306737e+03
4.644167e-01 2.364489e+14 2.34191606e-02 7.217694e+03
4.644167e-01 2.983647e+14 1.87758770e-02 8.149535e+03
4.644167e-01 3.764936e+14 1.44552801e-02 9.201681e+03
4.644167e-01 4.750810e+14 1.09024184e-02 1.053079e+04
4.644167e-01 5.994843e+14 7.56824778e-03 1.189037e+04
4.644167e-01 7.564633e+14 4.91816204e-03 1.342548e+04
4.644167e-01 9.545485e+14 2.95670884e-03 1.515877e+04
4.644167e-01 1.204504e+15 1.66548493e-03 1.734834e+04
4.644167e-01 1.519911e+15 8.18106364e-04 1.958809e+04
4.644167e-01 1.917910e+15 3.52162102e-04 2.211702e+04
4.644167e-01 2.420128e+15 1.33001707e-04 2.531164e+04
4.644167e-01 3.053856e+15 4.05536108e-05 2.857950e+04
4.644167e-01 3.853529e+15 9.90424750e-06 3.226926e+04
4.644167e-01 4.862602e+15 1.90128968e-06 3.693030e+04
4.644167e-01 6.135907e+15 2.55308891e-07 4.169819e+04
4.644167e-01 7.742637e+15 2.26769625e-08 4.708164e+04
4.644167e-01 9.770100e+15 1.23475092e-09 5.388220e+04
4.644167e-01 1.232847e+16 3.46043116e-11 6.083867e+04
4.644167e-01 1.555676e+16 4.47162745e-13 6.869325e+04
4.644167e-01 1.963041e+16 2.34490644e-15 7.861543e+04
4.644167e-01 2.477076e+16 3.95312851e-18 8.876509e+04
4.644167e-01 3.125716e+16 1.77396107e-21 1.002251e+05
4.644167e-01 3.944206e+16 1.66072015e-25 1.147018e+05
4.644167e-01 4.977024e+16 2.16717762e-30 1.295104e+05
4.644167e-01 6.280291e+16 2.56532647e-36 1.462309e+05
4.644167e-01 7.924829e+16 1.55423038e-43 1.673527e+05
4.644167e-01 1.000000e+17 2.08143997e-52 1.889588e+05
4.979838e-01 1.261857e+07 1.08725322e-04 1.101519e-01
4.979838e-01 1.592283e+07 1.18276358e-04 1.277748e-01
4.979838e-01 2.009233e+07 1.28690025e-04 1.482171e-01
4.979838e-01 2.535364e+07 1.40046325e-04 1.719300e-01
4.979838e-01 3.199267e+07 1.52432852e-04 1.994365e-01
4.979838e-01 4.037017e+07 1.61527621e-04 2.282435e-01
4.979838e-01 5.094138e+07 1.75878959e-04 2.647595e-01
4.979838e-01 6.428073e+07 1.91540672e-04 3.071176e-01
4.979838e-01 8.111308e+07 2.03080975e-04 3.514782e-01
4.979838e-01 1.023531e+08 2.21246195e-04 4.077102e-01
4.979838e-01 1.291550e+08 2.34662036e-04 4.666006e-01
4.979838e-01 1.629751e+08 2.48936500e-04 5.339973e-01
4.979838e-01 2.056512e+08 2.71350832e-04 6.194299e-01
4.979838e-01 2.595024e+08 2.87960095e-04 7.089016e-01
4.979838e-01 3.274549e+08 3.05639759e-04 8.112967e-01
4.979838e-01 4.132012e+08 3.24461112e-04 9.284819e-01
4.979838e-01 5.214008e+08 3.53922490e-04 1.077027e+00
4.979838e-01 6.579332e+08 3.75843719e-04 1.232595e+00
4.979838e-01 8.302176e+08 3.99187562e-04 1.410633e+00
4.979838e-01 1.047616e+09 4.24048137e-04 1.614388e+00
4.979838e-01 1.321941e+09 4.50525443e-04 1.847573e+00
4.979838e-01 1.668101e+09 4.78725656e-04 2.114440e+00
4.979838e-01 2.104904e+09 5.08761311e-04 2.419853e+00
4.979838e-01 2.656088e+09 5.40751585e-04 2.769382e+00
4.979838e-01 3.351603e+09 5.74822455e-04 3.169396e+00
4.979838e-01 4.229243e+09 6.11106822e-04 3.627190e+00
4.979838e-01 5.336699e+09 6.49744675e-04 4.151108e+00
4.979838e-01 6.734151e+09 6.90883009e-04 4.750702e+00
4.979838e-01 8.497534e+09 7.15116831e-04 5.364042e+00
4.979838e-01 1.072267e+10 7.60484085e-04 6.138835e+00
4.979838e-01 1.353048e+10 8.08754383e-04 7.025540e+00
4.979838e-01 1.707353e+10 8.60096258e-04 8.040322e+00
4.979838e-01 2.154435e+10 9.14683217e-04 9.201681e+00
4.979838e-01 2.718588e+10 9.46797177e-04 1.038967e+01
4.979838e-01 3.430469e+10 1.00676932e-03 1.189037e+01
4.979838e-01 4.328761e+10 1.07042483e-03 1.360784e+01
4.979838e-01 5.462277e+10 1.13793886e-03 1.557338e+01
4.979838e-01 6.892612e+10 1.17728325e-03 1.758398e+01
4.979838e-01 8.697490e+10 1.25100513e-03 2.012384e+01
4.979838e-01 1.097499e+11 1.32895840e-03 2.303057e+01
4.979838e-01 1.384886e+11 1.37370449e-03 2.600393e+01
4.979838e-01 1.747528e+11 1.45818785e-03 2.975999e+01
4.979838e-01 2.205131e+11 1.54710869e-03 3.405858e+01
4.979838e-01 2.782559e+11 1.59683660e-03 3.845572e+01
4.979838e-01 3.511192e+11 1.69211339e-03 4.401034e+01
4.979838e-01 4.430621e+11 1.74399369e-03 4.969230e+01
4.979838e-01 5.590810e+11 1.84498742e-03 5.686995e+01
4.979838e-01 7.054802e+11 1.94984021e-03 6.508435e+01
4.979838e-01 8.902151e+11 2.00345078e-03 7.348707e+01
4.979838e-01 1.123324e+12 2.11201708e-03 8.410168e+01
4.979838e-01 1.417474e+12 2.16389434e-03 9.495964e+01
4.979838e-01 1.788650e+12 2.27373445e-03 1.086758e+02
4.979838e-01 2.257020e+12 2.32095409e-03 1.227064e+02
4.979838e-01 2.848036e+12 2.42848591e-03 1.404303e+02
4.979838e-01 3.593814e+12 2.46703282e-03 1.585606e+02
4.979838e-01 4.534879e+12 2.56725581e-03 1.814634e+02
4.979838e-01 5.722368e+12 2.59182957e-03 2.048913e+02
4.979838e-01 7.220809e+12 2.67809054e-03 2.344861e+02
4.979838e-01 9.111628e+12 2.68200938e-03 2.647595e+02
4.979838e-01 1.149757e+13 2.74591969e-03 3.030019e+02
4.979838e-01 1.450829e+13 2.72126096e-03 3.421210e+02
4.979838e-01 1.830738e+13 2.75295545e-03 3.915376e+02
4.979838e-01 2.310130e+13 2.69115277e-03 4.420871e+02
4.979838e-01 2.915053e+13 2.68017884e-03 5.059430e+02
4.979838e-01 3.678380e+13 2.57337511e-03 5.712628e+02
4.979838e-01 4.641589e+13 2.51057089e-03 6.537771e+02
4.979838e-01 5.857021e+13 2.35402494e-03 7.381830e+02
4.979838e-01 7.390722e+13 2.23466389e-03 8.448076e+02
4.979838e-01 9.326033e+13 2.03025815e-03 9.538766e+02
4.979838e-01 1.176812e+14 1.85826900e-03 1.091656e+03
4.979838e-01 1.484968e+14 1.61840483e-03 1.232595e+03
4.979838e-01 1.873817e+14 1.37279252e-03 1.391729e+03
4.979838e-01 2.364489e+14 1.16008683e-03 1.592753e+03
4.979838e-01 2.983647e+14 9.20596581e-04 1.798386e+03
4.979838e-01 3.764936e+14 7.19663455e-04 2.058148e+03
4.979838e-01 4.750810e+14 5.21291283e-04 2.323865e+03
4.979838e-01 5.994843e+14 3.66080311e-04 2.659529e+03
4.979838e-01 7.564633e+14 2.33705176e-04 3.002888e+03
4.979838e-01 9.545485e+14 1.41408488e-04 3.436630e+03
4.979838e-01 1.204504e+15 7.57092033e-05 3.880317e+03
4.979838e-01 1.519911e+15 3.71623630e-05 4.440797e+03
4.979838e-01 1.917910e+15 1.54877006e-05 5.014127e+03
4.979838e-01 2.420128e+15 5.48201902e-06 5.661476e+03
4.979838e-01 3.053856e+15 1.64267718e-06 6.479231e+03
4.979838e-01 3.853529e+15 3.80781180e-07 7.315732e+03
4.979838e-01 4.862602e+15 6.87256092e-08 8.372431e+03
4.979838e-01 6.135907e+15 8.57577177e-09 9.453354e+03
4.979838e-01 7.742637e+15 7.16682946e-10 1.081881e+04
4.979838e-01 9.770100e+15 3.41646032e-11 1.221558e+04
4.979838e-01 1.232847e+16 8.65350214e-13 1.398002e+04
4.979838e-01 1.555676e+16 9.57646641e-15 1.578491e+04
4.979838e-01 1.963041e+16 4.05348279e-17 1.782283e+04
4.979838e-01 2.477076e+16 5.60186058e-20 2.039719e+04
4.979838e-01 3.125716e+16 1.91560982e-23 2.303057e+04
4.979838e-01 3.944206e+16 1.29273422e-27 2.635715e+04
4.979838e-01 4.977024e+16 1.13638483e-32 2.975999e+04
4.979838e-01 6.280291e+16 8.56152240e-39 3.405858e+04
4.979838e-01 7.924829e+16 2.81727066e-46 3.845572e+04
4.979838e-01 1.000000e+17 1.89538445e-55 4.401034e+04
