# zs=1.0000 kappathrH=1.27774830e-04
1.072278e-02 1.261857e+07 8.56347825e-06 2.909827e-01
1.072278e-02 1.592283e+07 9.06973884e-06 3.330128e-01
1.072278e-02 2.009233e+07 9.60788031e-06 3.811138e-01
1.072278e-02 2.535364e+07 9.90901796e-06 4.303176e-01
1.072278e-02 3.199267e+07 1.05012772e-05 4.924734e-01
1.072278e-02 4.037017e+07 1.08349106e-05 5.560543e-01
1.072278e-02 5.094138e+07 1.14873132e-05 6.363718e-01
1.072278e-02 6.428073e+07 1.21815742e-05 7.282906e-01
1.072278e-02 8.111308e+07 1.25765661e-05 8.223166e-01
1.072278e-02 1.023531e+08 1.33423568e-05 9.410936e-01
1.072278e-02 1.291550e+08 1.37809094e-05 1.062594e+00
1.072278e-02 1.629751e+08 1.46263541e-05 1.216077e+00
1.072278e-02 2.056512e+08 1.51136761e-05 1.373078e+00
1.072278e-02 2.595024e+08 1.60478875e-05 1.571408e+00
1.072278e-02 3.274549e+08 1.65898397e-05 1.774285e+00
1.072278e-02 4.132012e+08 1.76230391e-05 2.030566e+00
1.072278e-02 5.214008e+08 1.82262103e-05 2.292723e+00
1.072278e-02 6.579332e+08 1.93698574e-05 2.623888e+00
1.072278e-02 8.302176e+08 2.00416446e-05 2.962645e+00
1.072278e-02 1.047616e+09 2.13085761e-05 3.390576e+00
1.072278e-02 1.321941e+09 2.20572678e-05 3.828316e+00
1.072278e-02 1.668101e+09 2.28372274e-05 4.322572e+00
1.072278e-02 2.104904e+09 2.42967015e-05 4.946932e+00
1.072278e-02 2.656088e+09 2.51666255e-05 5.585606e+00
1.072278e-02 3.351603e+09 2.67862892e-05 6.392402e+00
1.072278e-02 4.229243e+09 2.77568938e-05 7.217694e+00
1.072278e-02 5.336699e+09 2.95553067e-05 8.260231e+00
1.072278e-02 6.734151e+09 3.06384301e-05 9.326669e+00
1.072278e-02 8.497534e+09 3.17672758e-05 1.053079e+01
1.072278e-02 1.072267e+10 3.38447568e-05 1.205188e+01
1.072278e-02 1.353048e+10 3.51042358e-05 1.360784e+01
1.072278e-02 1.707353e+10 3.74125712e-05 1.557338e+01
1.072278e-02 2.154435e+10 3.88170956e-05 1.758398e+01
1.072278e-02 2.718588e+10 4.02799630e-05 1.985416e+01
1.072278e-02 3.430469e+10 4.29465143e-05 2.272193e+01
1.072278e-02 4.328761e+10 4.45753553e-05 2.565545e+01
1.072278e-02 5.462277e+10 4.62700682e-05 2.896770e+01
1.072278e-02 6.892612e+10 4.93461490e-05 3.315185e+01
1.072278e-02 8.697490e+10 5.12278426e-05 3.743193e+01
1.072278e-02 1.097499e+11 5.46366413e-05 4.283867e+01
1.072278e-02 1.384886e+11 5.67199769e-05 4.836936e+01
1.072278e-02 1.747528e+11 5.88797099e-05 5.461409e+01
1.072278e-02 2.205131e+11 6.27876721e-05 6.250265e+01
1.072278e-02 2.782559e+11 6.51636327e-05 7.057206e+01
1.072278e-02 3.511192e+11 6.76168962e-05 7.968328e+01
1.072278e-02 4.430621e+11 7.20639850e-05 9.119288e+01
1.072278e-02 5.590810e+11 7.47358608e-05 1.029663e+02
1.072278e-02 7.054802e+11 7.95964231e-05 1.178390e+02
1.072278e-02 8.902151e+11 8.24781132e-05 1.330526e+02
1.072278e-02 1.123324e+12 8.54167429e-05 1.502304e+02
1.072278e-02 1.417474e+12 9.08195877e-05 1.719300e+02
1.072278e-02 1.788650e+12 9.39201940e-05 1.941270e+02
1.072278e-02 2.257020e+12 9.70378717e-05 2.191898e+02
1.072278e-02 2.848036e+12 1.02891175e-04 2.508500e+02
1.072278e-02 3.593814e+12 1.06060993e-04 2.832360e+02
1.072278e-02 4.534879e+12 1.09170539e-04 3.198032e+02
1.072278e-02 5.722368e+12 1.15251436e-04 3.659962e+02
1.072278e-02 7.220809e+12 1.18202433e-04 4.132482e+02
1.072278e-02 9.111628e+12 1.20957543e-04 4.666006e+02
1.072278e-02 1.149757e+13 1.26833337e-04 5.339973e+02
1.072278e-02 1.450829e+13 1.29067182e-04 6.029391e+02
1.072278e-02 1.830738e+13 1.34467112e-04 6.900288e+02
1.072278e-02 2.310130e+13 1.35819848e-04 7.791150e+02
1.072278e-02 2.915053e+13 1.36554264e-04 8.797027e+02
1.072278e-02 3.678380e+13 1.40296260e-04 1.006769e+03
1.072278e-02 4.641589e+13 1.39438126e-04 1.136748e+03
1.072278e-02 5.857021e+13 1.37594907e-04 1.283508e+03
1.072278e-02 7.390722e+13 1.38333314e-04 1.468900e+03
1.072278e-02 9.326033e+13 1.34069732e-04 1.658542e+03
1.072278e-02 1.176812e+14 1.31996664e-04 1.898105e+03
1.072278e-02 1.484968e+14 1.24846214e-04 2.143160e+03
1.072278e-02 1.873817e+14 1.16286976e-04 2.419853e+03
1.072278e-02 2.364489e+14 1.09299722e-04 2.769382e+03
1.072278e-02 2.983647e+14 9.79181180e-05 3.126923e+03
1.072278e-02 3.764936e+14 8.79256433e-05 3.578582e+03
1.072278e-02 4.750810e+14 7.46538299e-05 4.040595e+03
1.072278e-02 5.994843e+14 6.12513488e-05 4.562256e+03
1.072278e-02 7.564633e+14 4.95803420e-05 5.221237e+03
1.072278e-02 9.545485e+14 3.72418775e-05 5.895326e+03
1.072278e-02 1.204504e+15 2.71599865e-05 6.746858e+03
1.072278e-02 1.519911e+15 1.80196769e-05 7.617912e+03
1.072278e-02 1.917910e+15 1.10184229e-05 8.601423e+03
1.072278e-02 2.420128e+15 6.27565118e-06 9.843829e+03
1.072278e-02 3.053856e+15 3.09787543e-06 1.111472e+04
1.072278e-02 3.853529e+15 1.36965856e-06 1.272015e+04
1.072278e-02 4.862602e+15 4.99853817e-07 1.436238e+04
1.072278e-02 6.135907e+15 1.52918232e-07 1.643692e+04
1.072278e-02 7.742637e+15 3.52774042e-08 1.855900e+04
1.072278e-02 9.770100e+15 5.90819691e-09 2.095507e+04
1.072278e-02 1.232847e+16 6.83843719e-10 2.398186e+04
1.072278e-02 1.555676e+16 4.75588436e-11 2.707804e+04
1.072278e-02 1.963041e+16 1.90467343e-12 3.098924e+04
1.072278e-02 2.477076e+16 3.72435170e-14 3.499011e+04
1.072278e-02 3.125716e+16 3.28366461e-16 4.004415e+04
1.072278e-02 3.944206e+16 1.04599699e-18 4.521405e+04
1.072278e-02 4.977024e+16 1.02329292e-21 5.174486e+04
1.072278e-02 6.280291e+16 2.19405271e-25 5.842538e+04
1.072278e-02 7.924829e+16 7.49931682e-30 6.686446e+04
1.072278e-02 1.000000e+17 2.37553190e-35 7.549700e+04
1.149780e-02 1.261857e+07 1.02430311e-05 3.071176e-01
1.149780e-02 1.592283e+07 1.08485827e-05 3.514782e-01
1.149780e-02 2.009233e+07 1.11863132e-05 3.968559e-01
1.149780e-02 2.535364e+07 1.18524645e-05 4.541785e-01
1.149780e-02 3.199267e+07 1.22264765e-05 5.128153e-01
1.149780e-02 4.037017e+07 1.29599452e-05 5.868873e-01
1.149780e-02 5.094138e+07 1.33744957e-05 6.626574e-01
1.149780e-02 6.428073e+07 1.41828081e-05 7.583729e-01
1.149780e-02 8.111308e+07 1.50431744e-05 8.679137e-01
1.149780e-02 1.023531e+08 1.55342769e-05 9.799658e-01
1.149780e-02 1.291550e+08 1.64837088e-05 1.121514e+00
1.149780e-02 1.629751e+08 1.70291976e-05 1.266307e+00
1.149780e-02 2.056512e+08 1.80778484e-05 1.449215e+00
1.149780e-02 2.595024e+08 1.86842430e-05 1.636316e+00
1.149780e-02 3.274549e+08 1.93152157e-05 1.847573e+00
1.149780e-02 4.132012e+08 2.05181353e-05 2.114440e+00
1.149780e-02 5.214008e+08 2.12203795e-05 2.387425e+00
1.149780e-02 6.579332e+08 2.25518853e-05 2.732269e+00
1.149780e-02 8.302176e+08 2.33340120e-05 3.085019e+00
1.149780e-02 1.047616e+09 2.48090474e-05 3.530625e+00
1.149780e-02 1.321941e+09 2.56807049e-05 3.986446e+00
1.149780e-02 1.668101e+09 2.73159859e-05 4.562256e+00
1.149780e-02 2.104904e+09 2.82879556e-05 5.151267e+00
1.149780e-02 2.656088e+09 2.93007461e-05 5.816322e+00
1.149780e-02 3.351603e+09 3.11864289e-05 6.656443e+00
1.149780e-02 4.229243e+09 3.23164251e-05 7.515823e+00
1.149780e-02 5.336699e+09 3.44102016e-05 8.601423e+00
1.149780e-02 6.734151e+09 3.56711818e-05 9.711911e+00
1.149780e-02 8.497534e+09 3.69853849e-05 1.096577e+01
1.149780e-02 1.072267e+10 3.94040334e-05 1.254968e+01
1.149780e-02 1.353048e+10 4.08703016e-05 1.416991e+01
1.149780e-02 1.707353e+10 4.35576895e-05 1.621664e+01
1.149780e-02 2.154435e+10 4.51927937e-05 1.831029e+01
1.149780e-02 2.718588e+10 4.68958049e-05 2.067425e+01
1.149780e-02 3.430469e+10 5.00001757e-05 2.366047e+01
1.149780e-02 4.328761e+10 5.18963709e-05 2.671516e+01
1.149780e-02 5.462277e+10 5.38692291e-05 3.016423e+01
1.149780e-02 6.892612e+10 5.74502866e-05 3.452120e+01
1.149780e-02 8.697490e+10 5.96407601e-05 3.897807e+01
1.149780e-02 1.097499e+11 6.36090793e-05 4.460813e+01
1.149780e-02 1.384886e+11 6.60342122e-05 5.036727e+01
1.149780e-02 1.747528e+11 6.85482337e-05 5.686995e+01
1.149780e-02 2.205131e+11 7.30974847e-05 6.508435e+01
1.149780e-02 2.782559e+11 7.58630950e-05 7.348707e+01
1.149780e-02 3.511192e+11 7.87186198e-05 8.297463e+01
1.149780e-02 4.430621e+11 8.38952182e-05 9.495964e+01
1.149780e-02 5.590810e+11 8.70050315e-05 1.072194e+02
1.149780e-02 7.054802e+11 9.01957742e-05 1.210620e+02
1.149780e-02 8.902151e+11 9.60164843e-05 1.385484e+02
1.149780e-02 1.123324e+12 9.94363965e-05 1.564357e+02
1.149780e-02 1.417474e+12 1.02910097e-04 1.766324e+02
1.149780e-02 1.788650e+12 1.09332815e-04 2.021455e+02
1.149780e-02 2.257020e+12 1.12960499e-04 2.282435e+02
1.149780e-02 2.848036e+12 1.16583714e-04 2.577109e+02
1.149780e-02 3.593814e+12 1.23460118e-04 2.949352e+02
1.149780e-02 4.534879e+12 1.27077359e-04 3.330128e+02
1.149780e-02 5.722368e+12 1.34152862e-04 3.811138e+02
1.149780e-02 7.220809e+12 1.37584633e-04 4.303176e+02
1.149780e-02 9.111628e+12 1.40787894e-04 4.858738e+02
1.149780e-02 1.149757e+13 1.47622792e-04 5.560543e+02
1.149780e-02 1.450829e+13 1.50218046e-04 6.278437e+02
1.149780e-02 1.830738e+13 1.52331025e-04 7.089016e+02
1.149780e-02 2.310130e+13 1.58065579e-04 8.112967e+02
1.149780e-02 2.915053e+13 1.58913356e-04 9.160392e+02
1.149780e-02 3.678380e+13 1.58913694e-04 1.034305e+03
1.149780e-02 4.641589e+13 1.62252662e-04 1.183701e+03
1.149780e-02 5.857021e+13 1.60098064e-04 1.336523e+03
1.149780e-02 7.390722e+13 1.60946164e-04 1.529573e+03
1.149780e-02 9.326033e+13 1.55973543e-04 1.727049e+03
1.149780e-02 1.176812e+14 1.49460488e-04 1.950020e+03
1.149780e-02 1.484968e+14 1.45216029e-04 2.231685e+03
1.149780e-02 1.873817e+14 1.35245075e-04 2.519806e+03
1.149780e-02 2.364489e+14 1.23718653e-04 2.845126e+03
1.149780e-02 2.983647e+14 1.13850422e-04 3.256082e+03
1.149780e-02 3.764936e+14 9.94938023e-05 3.676459e+03
1.149780e-02 4.750810e+14 8.67697527e-05 4.207493e+03
1.149780e-02 5.994843e+14 7.11764875e-05 4.750702e+03
1.149780e-02 7.564633e+14 5.60662763e-05 5.364042e+03
1.149780e-02 9.545485e+14 4.32529155e-05 6.138835e+03
1.149780e-02 1.204504e+15 3.06935524e-05 6.931390e+03
1.149780e-02 1.519911e+15 2.09127766e-05 7.932573e+03
1.149780e-02 1.917910e+15 1.27815539e-05 8.956708e+03
1.149780e-02 2.420128e+15 7.08222275e-06 1.011307e+04
1.149780e-02 3.053856e+15 3.58937013e-06 1.157382e+04
1.149780e-02 3.853529e+15 1.54356230e-06 1.306805e+04
1.149780e-02 4.862602e+15 5.78217311e-07 1.495563e+04
1.149780e-02 6.135907e+15 1.72001984e-07 1.688648e+04
1.149780e-02 7.742637e+15 4.07140271e-08 1.932559e+04
1.149780e-02 9.770100e+15 6.80839559e-09 2.182063e+04
1.149780e-02 1.232847e+16 7.86595435e-10 2.497244e+04
1.149780e-02 1.555676e+16 5.45838002e-11 2.819651e+04
1.149780e-02 1.963041e+16 2.12213045e-12 3.183682e+04
1.149780e-02 2.477076e+16 4.24932424e-14 3.643539e+04
1.149780e-02 3.125716e+16 3.63263856e-16 4.113939e+04
1.149780e-02 3.944206e+16 1.18326132e-18 4.708164e+04
1.149780e-02 4.977024e+16 1.12041455e-21 5.316012e+04
1.149780e-02 6.280291e+16 2.45116207e-25 6.083867e+04
1.149780e-02 7.924829e+16 8.08734136e-30 6.869325e+04
1.149780e-02 1.000000e+17 2.60508561e-35 7.861543e+04
1.232884e-02 1.261857e+07 1.22531900e-05 3.241471e-01
1.232884e-02 1.592283e+07 1.26320795e-05 3.659962e-01
1.232884e-02 2.009233e+07 1.33815828e-05 4.188614e-01
1.232884e-02 2.535364e+07 1.38009927e-05 4.729385e-01
1.232884e-02 3.199267e+07 1.46258670e-05 5.412507e-01
1.232884e-02 4.037017e+07 1.50905335e-05 6.111289e-01
1.232884e-02 5.094138e+07 1.59991703e-05 6.994015e-01
1.232884e-02 6.428073e+07 1.65144217e-05 7.896978e-01
1.232884e-02 8.111308e+07 1.75162230e-05 9.037633e-01
1.232884e-02 1.023531e+08 1.80880536e-05 1.020444e+00
1.232884e-02 1.291550e+08 1.91935597e-05 1.167839e+00
1.232884e-02 1.629751e+08 1.98287145e-05 1.318612e+00
1.232884e-02 2.056512e+08 2.10497468e-05 1.509075e+00
1.232884e-02 2.595024e+08 2.17558163e-05 1.703905e+00
1.232884e-02 3.274549e+08 2.31056347e-05 1.950020e+00
1.232884e-02 4.132012e+08 2.38911563e-05 2.201778e+00
1.232884e-02 5.214008e+08 2.53846303e-05 2.519806e+00
1.232884e-02 6.579332e+08 2.62591965e-05 2.845126e+00
1.232884e-02 8.302176e+08 2.71698724e-05 3.212447e+00
1.232884e-02 1.047616e+09 2.88873592e-05 3.676459e+00
1.232884e-02 1.321941e+09 2.99022747e-05 4.151108e+00
1.232884e-02 1.668101e+09 3.18063373e-05 4.750702e+00
1.232884e-02 2.104904e+09 3.29380432e-05 5.364042e+00
1.232884e-02 2.656088e+09 3.50504073e-05 6.138835e+00
1.232884e-02 3.351603e+09 3.63128759e-05 6.931390e+00
1.232884e-02 4.229243e+09 3.76285614e-05 7.826267e+00
1.232884e-02 5.336699e+09 4.00664411e-05 8.956708e+00
1.232884e-02 6.734151e+09 4.15346194e-05 1.011307e+01
1.232884e-02 8.497534e+09 4.30647569e-05 1.141871e+01
1.232884e-02 1.072267e+10 4.58808634e-05 1.306805e+01
1.232884e-02 1.353048e+10 4.75880286e-05 1.475521e+01
1.232884e-02 1.707353e+10 5.07170039e-05 1.688648e+01
1.232884e-02 2.154435e+10 5.26207136e-05 1.906661e+01
1.232884e-02 2.718588e+10 5.46034682e-05 2.152820e+01
1.232884e-02 3.430469e+10 5.82178743e-05 2.463778e+01
1.232884e-02 4.328761e+10 6.04255015e-05 2.781864e+01
1.232884e-02 5.462277e+10 6.27223564e-05 3.141017e+01
1.232884e-02 6.892612e+10 6.68916632e-05 3.594712e+01
1.232884e-02 8.697490e+10 6.94418047e-05 4.058807e+01
1.232884e-02 1.097499e+11 7.20901708e-05 4.582820e+01
1.232884e-02 1.384886e+11 7.68851342e-05 5.244771e+01
1.232884e-02 1.747528e+11 7.98118032e-05 5.921898e+01
1.232884e-02 2.205131e+11 8.28422326e-05 6.686446e+01
1.232884e-02 2.782559e+11 8.83274477e-05 7.652248e+01
1.232884e-02 3.511192e+11 9.16514503e-05 8.640193e+01
1.232884e-02 4.430621e+11 9.76777239e-05 9.888199e+01
1.232884e-02 5.590810e+11 1.01297522e-04 1.116482e+02
1.232884e-02 7.054802e+11 1.05011392e-04 1.260625e+02
1.232884e-02 8.902151e+11 1.11787025e-04 1.442712e+02
1.232884e-02 1.123324e+12 1.15767304e-04 1.628974e+02
1.232884e-02 1.417474e+12 1.19809978e-04 1.839282e+02
1.232884e-02 1.788650e+12 1.27285654e-04 2.104952e+02
1.232884e-02 2.257020e+12 1.31506997e-04 2.376712e+02
1.232884e-02 2.848036e+12 1.35722802e-04 2.683558e+02
1.232884e-02 3.593814e+12 1.43725409e-04 3.071176e+02
1.232884e-02 4.534879e+12 1.47933374e-04 3.467680e+02
1.232884e-02 5.722368e+12 1.52009026e-04 3.915376e+02
1.232884e-02 7.220809e+12 1.60157502e-04 4.480920e+02
1.232884e-02 9.111628e+12 1.63881789e-04 5.059430e+02
1.232884e-02 1.149757e+13 1.67257954e-04 5.712628e+02
1.232884e-02 1.450829e+13 1.74847529e-04 6.537771e+02
1.232884e-02 1.830738e+13 1.77300267e-04 7.381830e+02
1.232884e-02 2.310130e+13 1.79069394e-04 8.334862e+02
1.232884e-02 2.915053e+13 1.84945124e-04 9.538766e+02
1.232884e-02 3.678380e+13 1.84935847e-04 1.077027e+03
1.232884e-02 4.641589e+13 1.88810518e-04 1.232595e+03
1.232884e-02 5.857021e+13 1.86291016e-04 1.391729e+03
1.232884e-02 7.390722e+13 1.82278584e-04 1.571408e+03
1.232884e-02 9.326033e+13 1.81463205e-04 1.798386e+03
1.232884e-02 1.176812e+14 1.73869434e-04 2.030566e+03
1.232884e-02 1.484968e+14 1.64416909e-04 2.292723e+03
1.232884e-02 1.873817e+14 1.57296749e-04 2.623888e+03
1.232884e-02 2.364489e+14 1.43871209e-04 2.962645e+03
1.232884e-02 2.983647e+14 1.32374829e-04 3.390576e+03
1.232884e-02 3.764936e+14 1.15661581e-04 3.828316e+03
1.232884e-02 4.750810e+14 9.81643184e-05 4.322572e+03
1.232884e-02 5.994843e+14 8.27062297e-05 4.946932e+03
1.232884e-02 7.564633e+14 6.51306421e-05 5.585606e+03
1.232884e-02 9.545485e+14 4.88926777e-05 6.306737e+03
1.232884e-02 1.204504e+15 3.56316597e-05 7.217694e+03
1.232884e-02 1.519911e+15 2.36209619e-05 8.149535e+03
1.232884e-02 1.917910e+15 1.48242623e-05 9.326669e+03
1.232884e-02 2.420128e+15 8.20931838e-06 1.053079e+04
1.232884e-02 3.053856e+15 4.15776854e-06 1.205188e+04
1.232884e-02 3.853529e+15 1.78656477e-06 1.360784e+04
1.232884e-02 4.862602e+15 6.50813168e-07 1.536468e+04
1.232884e-02 6.135907e+15 1.98668445e-07 1.758398e+04
1.232884e-02 7.742637e+15 4.57125233e-08 1.985416e+04
1.232884e-02 9.770100e+15 7.84059030e-09 2.272193e+04
1.232884e-02 1.232847e+16 8.80000657e-10 2.565545e+04
1.232884e-02 1.555676e+16 6.25866025e-11 2.936118e+04
1.232884e-02 1.963041e+16 2.42628701e-12 3.315185e+04
1.232884e-02 2.477076e+16 4.84156730e-14 3.794037e+04
1.232884e-02 3.125716e+16 4.12170954e-16 4.283867e+04
1.232884e-02 3.944206e+16 1.33584095e-18 4.902636e+04
1.232884e-02 4.977024e+16 1.25724532e-21 5.535592e+04
1.232884e-02 6.280291e+16 2.65768654e-25 6.250265e+04
1.232884e-02 7.924829e+16 8.92828730e-30 7.153065e+04
1.232884e-02 1.000000e+17 2.76883972e-35 8.076563e+04
1.321995e-02 1.261857e+07 1.42690953e-05 3.375362e-01
1.321995e-02 1.592283e+07 1.51126557e-05 3.862905e-01
1.321995e-02 2.009233e+07 1.55831258e-05 4.361626e-01
1.321995e-02 2.535364e+07 1.65111021e-05 4.991628e-01
1.321995e-02 3.199267e+07 1.70321113e-05 5.636072e-01
1.321995e-02 4.037017e+07 1.80538604e-05 6.450157e-01
1.321995e-02 5.094138e+07 1.86313382e-05 7.282906e-01
1.321995e-02 6.428073e+07 1.97573434e-05 8.334862e-01
1.321995e-02 8.111308e+07 2.03979590e-05 9.410936e-01
1.321995e-02 1.023531e+08 2.16399692e-05 1.077027e+00
1.321995e-02 1.291550e+08 2.23512268e-05 1.216077e+00
1.321995e-02 1.629751e+08 2.37224157e-05 1.391729e+00
1.321995e-02 2.056512e+08 2.45127605e-05 1.571408e+00
1.321995e-02 2.595024e+08 2.60279041e-05 1.798386e+00
1.321995e-02 3.274549e+08 2.69068379e-05 2.030566e+00
1.321995e-02 4.132012e+08 2.78215677e-05 2.292723e+00
1.321995e-02 5.214008e+08 2.95607132e-05 2.623888e+00
1.321995e-02 6.579332e+08 3.05791287e-05 2.962645e+00
1.321995e-02 8.302176e+08 3.25049571e-05 3.390576e+00
1.321995e-02 1.047616e+09 3.36395848e-05 3.828316e+00
1.321995e-02 1.321941e+09 3.48214227e-05 4.322572e+00
1.321995e-02 1.668101e+09 3.70386715e-05 4.946932e+00
1.321995e-02 2.104904e+09 3.83564979e-05 5.585606e+00
1.321995e-02 2.656088e+09 4.08162954e-05 6.392402e+00
1.321995e-02 3.351603e+09 4.22863765e-05 7.217694e+00
1.321995e-02 4.229243e+09 4.38184182e-05 8.149535e+00
1.321995e-02 5.336699e+09 4.66572397e-05 9.326669e+00
1.321995e-02 6.734151e+09 4.83668312e-05 1.053079e+01
1.321995e-02 8.497534e+09 5.01485584e-05 1.189037e+01
1.321995e-02 1.072267e+10 5.34277656e-05 1.360784e+01
1.321995e-02 1.353048e+10 5.54155995e-05 1.536468e+01
1.321995e-02 1.707353e+10 5.90590846e-05 1.758398e+01
1.321995e-02 2.154435e+10 6.12757388e-05 1.985416e+01
1.321995e-02 2.718588e+10 6.35844097e-05 2.241744e+01
1.321995e-02 3.430469e+10 6.77930596e-05 2.565545e+01
1.321995e-02 4.328761e+10 7.03635110e-05 2.896770e+01
1.321995e-02 5.462277e+10 7.30378216e-05 3.270758e+01
1.321995e-02 6.892612e+10 7.78924737e-05 3.743193e+01
1.321995e-02 8.697490e+10 8.08616112e-05 4.226458e+01
1.321995e-02 1.097499e+11 8.39450620e-05 4.772115e+01
1.321995e-02 1.384886e+11 8.95280215e-05 5.461409e+01
1.321995e-02 1.747528e+11 9.29353686e-05 6.166505e+01
1.321995e-02 2.205131e+11 9.64634415e-05 6.962632e+01
1.321995e-02 2.782559e+11 1.02849795e-04 7.968328e+01
1.321995e-02 3.511192e+11 1.06719455e-04 8.997080e+01
1.321995e-02 4.430621e+11 1.10707547e-04 1.015865e+02
1.321995e-02 5.590810e+11 1.17949230e-04 1.162598e+02
1.321995e-02 7.054802e+11 1.22272324e-04 1.312696e+02
1.321995e-02 8.902151e+11 1.26694989e-04 1.482171e+02
1.321995e-02 1.123324e+12 1.34792981e-04 1.696259e+02
1.321995e-02 1.417474e+12 1.39498134e-04 1.915255e+02
1.321995e-02 1.788650e+12 1.44254575e-04 2.162524e+02
1.321995e-02 2.257020e+12 1.53112479e-04 2.474883e+02
1.321995e-02 2.848036e+12 1.58018043e-04 2.794403e+02
1.321995e-02 3.593814e+12 1.62877092e-04 3.155175e+02
1.321995e-02 4.534879e+12 1.72227235e-04 3.610914e+02
1.321995e-02 5.722368e+12 1.76967910e-04 4.077102e+02
1.321995e-02 7.220809e+12 1.81485554e-04 4.603477e+02
1.321995e-02 9.111628e+12 1.90779350e-04 5.268411e+02
1.321995e-02 1.149757e+13 1.94703252e-04 5.948590e+02
1.321995e-02 1.450829e+13 1.98112268e-04 6.716584e+02
1.321995e-02 1.830738e+13 2.06377545e-04 7.686740e+02
1.321995e-02 2.310130e+13 2.08427421e-04 8.679137e+02
1.321995e-02 2.915053e+13 2.15255651e-04 9.932768e+02
1.321995e-02 3.678380e+13 2.15232772e-04 1.121514e+03
1.321995e-02 4.641589e+13 2.13878652e-04 1.266307e+03
1.321995e-02 5.857021e+13 2.16781040e-04 1.449215e+03
1.321995e-02 7.390722e+13 2.12095086e-04 1.636316e+03
1.321995e-02 9.326033e+13 2.05506709e-04 1.847573e+03
1.321995e-02 1.176812e+14 2.02271933e-04 2.114440e+03
1.321995e-02 1.484968e+14 1.91253459e-04 2.387425e+03
1.321995e-02 1.873817e+14 1.78076897e-04 2.695653e+03
1.321995e-02 2.364489e+14 1.67307926e-04 3.085019e+03
1.321995e-02 2.983647e+14 1.49815363e-04 3.483310e+03
1.321995e-02 3.764936e+14 1.34454526e-04 3.986446e+03
1.321995e-02 4.750810e+14 1.14089155e-04 4.501117e+03
1.321995e-02 5.994843e+14 9.35406278e-05 5.082234e+03
1.321995e-02 7.564633e+14 7.56553190e-05 5.816322e+03
1.321995e-02 9.545485e+14 5.67742542e-05 6.567239e+03
1.321995e-02 1.204504e+15 4.13593534e-05 7.515823e+03
1.321995e-02 1.519911e+15 2.74054828e-05 8.486155e+03
1.321995e-02 1.917910e+15 1.67325912e-05 9.581761e+03
1.321995e-02 2.420128e+15 9.51361398e-06 1.096577e+04
1.321995e-02 3.053856e+15 4.68665316e-06 1.238151e+04
1.321995e-02 3.853529e+15 2.06712632e-06 1.416991e+04
1.321995e-02 4.862602e+15 7.52252762e-07 1.599932e+04
1.321995e-02 6.135907e+15 2.23250857e-07 1.806492e+04
1.321995e-02 7.742637e+15 5.26974488e-08 2.067425e+04
1.321995e-02 9.770100e+15 8.78267097e-09 2.334340e+04
1.321995e-02 1.232847e+16 1.01056254e-09 2.671516e+04
1.321995e-02 1.555676e+16 6.97805196e-11 3.016423e+04
1.321995e-02 1.963041e+16 2.77060448e-12 3.452120e+04
1.321995e-02 2.477076e+16 5.36148427e-14 3.897807e+04
1.321995e-02 3.125716e+16 4.66821851e-16 4.460813e+04
1.321995e-02 3.944206e+16 1.46476639e-18 5.036727e+04
1.321995e-02 4.977024e+16 1.40710357e-21 5.764242e+04
1.321995e-02 6.280291e+16 2.95110354e-25 6.508435e+04
1.321995e-02 7.924829e+16 9.81917391e-30 7.448526e+04
1.321995e-02 1.000000e+17 3.00944448e-35 8.410168e+04
1.417546e-02 1.261857e+07 1.70730441e-05 3.562524e-01
1.417546e-02 1.592283e+07 1.76009648e-05 4.022464e-01
1.417546e-02 2.009233e+07 1.86452801e-05 4.603477e-01
1.417546e-02 2.535364e+07 1.92296567e-05 5.197809e-01
1.417546e-02 3.199267e+07 2.03789864e-05 5.948590e-01
1.417546e-02 4.037017e+07 2.10264173e-05 6.716584e-01
1.417546e-02 5.094138e+07 2.22924521e-05 7.686740e-01
1.417546e-02 6.428073e+07 2.30103602e-05 8.679137e-01
1.417546e-02 8.111308e+07 2.44061987e-05 9.932768e-01
1.417546e-02 1.023531e+08 2.52029342e-05 1.121514e+00
1.417546e-02 1.291550e+08 2.60312846e-05 1.266307e+00
1.417546e-02 1.629751e+08 2.76282193e-05 1.449215e+00
1.417546e-02 2.056512e+08 2.85486732e-05 1.636316e+00
1.417546e-02 2.595024e+08 3.03132571e-05 1.872669e+00
1.417546e-02 3.274549e+08 3.13368789e-05 2.114440e+00
1.417546e-02 4.132012e+08 3.32884112e-05 2.419853e+00
1.417546e-02 5.214008e+08 3.44276389e-05 2.732269e+00
1.417546e-02 6.579332e+08 3.56136934e-05 3.085019e+00
1.417546e-02 8.302176e+08 3.78565514e-05 3.530625e+00
1.417546e-02 1.047616e+09 3.91779387e-05 3.986446e+00
1.417546e-02 1.321941e+09 4.16634930e-05 4.562256e+00
1.417546e-02 1.668101e+09 4.31365328e-05 5.151267e+00
1.417546e-02 2.104904e+09 4.46712546e-05 5.816322e+00
1.417546e-02 2.656088e+09 4.75359418e-05 6.656443e+00
1.417546e-02 3.351603e+09 4.92479605e-05 7.515823e+00
1.417546e-02 4.229243e+09 5.10321273e-05 8.486155e+00
1.417546e-02 5.336699e+09 5.43381878e-05 9.711911e+00
1.417546e-02 6.734151e+09 5.63290991e-05 1.096577e+01
1.417546e-02 8.497534e+09 5.84040021e-05 1.238151e+01
1.417546e-02 1.072267e+10 6.22228740e-05 1.416991e+01
1.417546e-02 1.353048e+10 6.45377620e-05 1.599932e+01
1.417546e-02 1.707353e+10 6.87808103e-05 1.831029e+01
1.417546e-02 2.154435e+10 7.13621191e-05 2.067425e+01
1.417546e-02 2.718588e+10 7.40505544e-05 2.334340e+01
1.417546e-02 3.430469e+10 7.89516604e-05 2.671516e+01
1.417546e-02 4.328761e+10 8.19448679e-05 3.016423e+01
1.417546e-02 5.462277e+10 8.50589751e-05 3.405858e+01
1.417546e-02 6.892612e+10 9.07122088e-05 3.897807e+01
1.417546e-02 8.697490e+10 9.41695230e-05 4.401034e+01
1.417546e-02 1.097499e+11 9.77598830e-05 4.969230e+01
1.417546e-02 1.384886e+11 1.04260987e-04 5.686995e+01
1.417546e-02 1.747528e+11 1.08228332e-04 6.421215e+01
1.417546e-02 2.205131e+11 1.12336148e-04 7.250226e+01
1.417546e-02 2.782559e+11 1.19772404e-04 8.297463e+01
1.417546e-02 3.511192e+11 1.24277693e-04 9.368708e+01
1.417546e-02 4.430621e+11 1.28920720e-04 1.057826e+02
1.417546e-02 5.590810e+11 1.37352365e-04 1.210620e+02
1.417546e-02 7.054802e+11 1.42385026e-04 1.366917e+02
1.417546e-02 8.902151e+11 1.47533371e-04 1.543393e+02
1.417546e-02 1.123324e+12 1.56961187e-04 1.766324e+02
1.417546e-02 1.417474e+12 1.62437765e-04 1.994365e+02
1.417546e-02 1.788650e+12 1.67973666e-04 2.251848e+02
1.417546e-02 2.257020e+12 1.78284877e-04 2.577109e+02
1.417546e-02 2.848036e+12 1.83993360e-04 2.909827e+02
1.417546e-02 3.593814e+12 1.89647091e-04 3.285501e+02
1.417546e-02 4.534879e+12 2.00529267e-04 3.760065e+02
1.417546e-02 5.722368e+12 2.06043616e-04 4.245508e+02
1.417546e-02 7.220809e+12 2.11297435e-04 4.793625e+02
1.417546e-02 9.111628e+12 2.22110825e-04 5.486025e+02
1.417546e-02 1.149757e+13 2.26671163e-04 6.194299e+02
1.417546e-02 1.450829e+13 2.30630886e-04 6.994015e+02
1.417546e-02 1.830738e+13 2.40242412e-04 8.004244e+02
1.417546e-02 2.310130e+13 2.42616925e-04 9.037633e+02
1.417546e-02 2.915053e+13 2.43881371e-04 1.020444e+03
1.417546e-02 3.678380e+13 2.50509985e-04 1.167839e+03
1.417546e-02 4.641589e+13 2.48917125e-04 1.318612e+03
1.417546e-02 5.857021e+13 2.45559653e-04 1.488852e+03
1.417546e-02 7.390722e+13 2.46801682e-04 1.703905e+03
1.417546e-02 9.326033e+13 2.39112276e-04 1.923888e+03
1.417546e-02 1.176812e+14 2.29058139e-04 2.172271e+03
1.417546e-02 1.484968e+14 2.22476906e-04 2.486038e+03
1.417546e-02 1.873817e+14 2.07120384e-04 2.806999e+03
1.417546e-02 2.364489e+14 1.89384469e-04 3.169396e+03
1.417546e-02 2.983647e+14 1.74190572e-04 3.627190e+03
1.417546e-02 3.764936e+14 1.52137210e-04 4.095479e+03
1.417546e-02 4.750810e+14 1.32592971e-04 4.687038e+03
1.417546e-02 5.994843e+14 1.08682202e-04 5.292158e+03
1.417546e-02 7.564633e+14 8.55347991e-05 5.975403e+03
1.417546e-02 9.545485e+14 6.59198616e-05 6.838501e+03
1.417546e-02 1.204504e+15 4.67237194e-05 7.721387e+03
1.417546e-02 1.519911e+15 3.17912428e-05 8.836679e+03
1.417546e-02 1.917910e+15 1.93992630e-05 9.977539e+03
1.417546e-02 2.420128e+15 1.07289808e-05 1.126569e+04
1.417546e-02 3.053856e+15 5.42567770e-06 1.289293e+04
1.417546e-02 3.853529e+15 2.32722830e-06 1.455747e+04
1.417546e-02 4.862602e+15 8.69123074e-07 1.666018e+04
1.417546e-02 6.135907e+15 2.57601008e-07 1.881109e+04
1.417546e-02 7.742637e+15 6.07112477e-08 2.152820e+04
1.417546e-02 9.770100e+15 1.00993313e-08 2.430761e+04
1.417546e-02 1.232847e+16 1.12856508e-09 2.744584e+04
1.417546e-02 1.555676e+16 7.98410325e-11 3.141017e+04
1.417546e-02 1.963041e+16 3.07545912e-12 3.546539e+04
1.417546e-02 2.477076e+16 6.08983952e-14 4.058807e+04
1.417546e-02 3.125716e+16 5.13648652e-16 4.582820e+04
1.417546e-02 3.944206e+16 1.64622180e-18 5.244771e+04
1.417546e-02 4.977024e+16 1.52859691e-21 5.921898e+04
1.417546e-02 6.280291e+16 3.26582329e-25 6.777268e+04
1.417546e-02 7.924829e+16 1.04684739e-29 7.652248e+04
1.417546e-02 1.000000e+17 3.25475698e-35 8.757554e+04
1.520003e-02 1.261857e+07 1.98865119e-05 3.709676e-01
1.520003e-02 1.592283e+07 2.10621537e-05 4.245508e-01
1.520003e-02 2.009233e+07 2.17178264e-05 4.793625e-01
1.520003e-02 2.535364e+07 2.30111119e-05 5.486025e-01
1.520003e-02 3.199267e+07 2.37372151e-05 6.194299e-01
1.520003e-02 4.037017e+07 2.44913268e-05 6.994015e-01
1.520003e-02 5.094138e+07 2.59659792e-05 8.004244e-01
1.520003e-02 6.428073e+07 2.68021784e-05 9.037633e-01
1.520003e-02 8.111308e+07 2.84280201e-05 1.034305e+00
1.520003e-02 1.023531e+08 2.93560318e-05 1.167839e+00
1.520003e-02 1.291550e+08 3.11501646e-05 1.336523e+00
1.520003e-02 1.629751e+08 3.21809321e-05 1.509075e+00
1.520003e-02 2.056512e+08 3.41625363e-05 1.727049e+00
1.520003e-02 2.595024e+08 3.53083731e-05 1.950020e+00
1.520003e-02 3.274549e+08 3.65006409e-05 2.201778e+00
1.520003e-02 4.132012e+08 3.87737168e-05 2.519806e+00
1.520003e-02 5.214008e+08 4.01006294e-05 2.845126e+00
1.520003e-02 6.579332e+08 4.14820788e-05 3.212447e+00
1.520003e-02 8.302176e+08 4.40944625e-05 3.676459e+00
1.520003e-02 1.047616e+09 4.56335287e-05 4.151108e+00
1.520003e-02 1.321941e+09 4.85285786e-05 4.750702e+00
1.520003e-02 1.668101e+09 5.02442654e-05 5.364042e+00
1.520003e-02 2.104904e+09 5.20317865e-05 6.056568e+00
1.520003e-02 2.656088e+09 5.53683977e-05 6.931390e+00
1.520003e-02 3.351603e+09 5.73623992e-05 7.826267e+00
1.520003e-02 4.229243e+09 5.94404199e-05 8.836679e+00
1.520003e-02 5.336699e+09 6.32910668e-05 1.011307e+01
1.520003e-02 6.734151e+09 6.56098526e-05 1.141871e+01
1.520003e-02 8.497534e+09 6.80264447e-05 1.289293e+01
1.520003e-02 1.072267e+10 7.24743038e-05 1.475521e+01
1.520003e-02 1.353048e+10 7.51703562e-05 1.666018e+01
1.520003e-02 1.707353e+10 7.79793950e-05 1.881109e+01
1.520003e-02 2.154435e+10 8.31184742e-05 2.152820e+01
1.520003e-02 2.718588e+10 8.62494860e-05 2.430761e+01
1.520003e-02 3.430469e+10 8.95094649e-05 2.744584e+01
1.520003e-02 4.328761e+10 9.54434867e-05 3.141017e+01
1.520003e-02 5.462277e+10 9.90701032e-05 3.546539e+01
1.520003e-02 6.892612e+10 1.02841220e-04 4.004415e+01
1.520003e-02 8.697490e+10 1.09680183e-04 4.582820e+01
1.520003e-02 1.097499e+11 1.13861218e-04 5.174486e+01
1.520003e-02 1.384886e+11 1.18199425e-04 5.842538e+01
1.520003e-02 1.747528e+11 1.26052111e-04 6.686446e+01
1.520003e-02 2.205131e+11 1.30835407e-04 7.549700e+01
1.520003e-02 2.782559e+11 1.35781337e-04 8.524405e+01
1.520003e-02 3.511192e+11 1.44740883e-04 9.755686e+01
1.520003e-02 4.430621e+11 1.50146899e-04 1.101519e+02
1.520003e-02 5.590810e+11 1.55706321e-04 1.243731e+02
1.520003e-02 7.054802e+11 1.65824211e-04 1.423378e+02
1.520003e-02 8.902151e+11 1.71817803e-04 1.607144e+02
1.520003e-02 1.123324e+12 1.77928353e-04 1.814634e+02
1.520003e-02 1.417474e+12 1.89169791e-04 2.076743e+02
1.520003e-02 1.788650e+12 1.95613336e-04 2.344861e+02
1.520003e-02 2.257020e+12 2.02089971e-04 2.647595e+02
1.520003e-02 2.848036e+12 2.14260485e-04 3.030019e+02
1.520003e-02 3.593814e+12 2.20839187e-04 3.421210e+02
1.520003e-02 4.534879e+12 2.27288768e-04 3.862905e+02
1.520003e-02 5.722368e+12 2.39919747e-04 4.420871e+02
1.520003e-02 7.220809e+12 2.46029769e-04 4.991628e+02
1.520003e-02 9.111628e+12 2.51726876e-04 5.636072e+02
1.520003e-02 1.149757e+13 2.63911591e-04 6.450157e+02
1.520003e-02 1.450829e+13 2.68510602e-04 7.282906e+02
1.520003e-02 1.830738e+13 2.72241700e-04 8.223166e+02
1.520003e-02 2.310130e+13 2.82437439e-04 9.410936e+02
1.520003e-02 2.915053e+13 2.83892977e-04 1.062594e+03
1.520003e-02 3.678380e+13 2.83827329e-04 1.199780e+03
1.520003e-02 4.641589e+13 2.89715167e-04 1.373078e+03
1.520003e-02 5.857021e+13 2.85784170e-04 1.550350e+03
1.520003e-02 7.390722e+13 2.79557302e-04 1.750508e+03
1.520003e-02 9.326033e+13 2.78226596e-04 2.003355e+03
1.520003e-02 1.176812e+14 2.66496810e-04 2.261998e+03
1.520003e-02 1.484968e+14 2.51915758e-04 2.554033e+03
1.520003e-02 1.873817e+14 2.40905751e-04 2.922943e+03
1.520003e-02 2.364489e+14 2.20239370e-04 3.300310e+03
1.520003e-02 2.983647e+14 2.02530842e-04 3.777013e+03
1.520003e-02 3.764936e+14 1.76850320e-04 4.264644e+03
1.520003e-02 4.750810e+14 1.49989880e-04 4.815232e+03
1.520003e-02 5.994843e+14 1.26267607e-04 5.510753e+03
1.520003e-02 7.564633e+14 9.93414081e-05 6.222219e+03
1.520003e-02 9.545485e+14 7.44931167e-05 7.025540e+03
1.520003e-02 1.204504e+15 5.42200781e-05 8.040322e+03
1.520003e-02 1.519911e+15 3.58908273e-05 9.078369e+03
1.520003e-02 1.917910e+15 2.24860747e-05 1.038967e+04
1.520003e-02 2.420128e+15 1.24272533e-05 1.173102e+04
1.520003e-02 3.053856e+15 6.11204189e-06 1.324556e+04
1.520003e-02 3.853529e+15 2.69066794e-06 1.515877e+04
1.520003e-02 4.862602e+15 9.76957206e-07 1.711585e+04
1.520003e-02 6.135907e+15 2.97068095e-07 1.958809e+04
1.520003e-02 7.742637e+15 6.80352958e-08 2.211702e+04
1.520003e-02 9.770100e+15 1.16038732e-08 2.531164e+04
1.520003e-02 1.232847e+16 1.29354227e-09 2.857950e+04
1.520003e-02 1.555676e+16 8.88144221e-11 3.226926e+04
1.520003e-02 1.963041e+16 3.50221131e-12 3.693030e+04
1.520003e-02 2.477076e+16 6.72137917e-14 4.169819e+04
1.520003e-02 3.125716e+16 5.79424128e-16 4.772115e+04
1.520003e-02 3.944206e+16 1.79639174e-18 5.388220e+04
1.520003e-02 4.977024e+16 1.70085200e-21 6.166505e+04
1.520003e-02 6.280291e+16 3.50508923e-25 6.962632e+04
1.520003e-02 7.924829e+16 1.14155613e-29 7.968328e+04
1.520003e-02 1.000000e+17 3.40811214e-35 8.997080e+04
1.629866e-02 1.261857e+07 2.31665700e-05 3.862905e-01
1.629866e-02 1.592283e+07 2.45361150e-05 4.420871e-01
1.629866e-02 2.009233e+07 2.52999265e-05 4.991628e-01
1.629866e-02 2.535364e+07 2.68065161e-05 5.712628e-01
1.629866e-02 3.199267e+07 2.76523718e-05 6.450157e-01
1.629866e-02 4.037017e+07 2.93111948e-05 7.381830e-01
1.629866e-02 5.094138e+07 3.02487186e-05 8.334862e-01
1.629866e-02 6.428073e+07 3.20767913e-05 9.538766e-01
1.629866e-02 8.111308e+07 3.31168078e-05 1.077027e+00
1.629866e-02 1.023531e+08 3.41978623e-05 1.216077e+00
1.629866e-02 1.291550e+08 3.62878878e-05 1.391729e+00
1.629866e-02 1.629751e+08 3.74886387e-05 1.571408e+00
1.629866e-02 2.056512e+08 3.97970461e-05 1.798386e+00
1.629866e-02 2.595024e+08 4.11318356e-05 2.030566e+00
1.629866e-02 3.274549e+08 4.25207088e-05 2.292723e+00
1.629866e-02 4.132012e+08 4.51686413e-05 2.623888e+00
1.629866e-02 5.214008e+08 4.67143525e-05 2.962645e+00
1.629866e-02 6.579332e+08 4.96452748e-05 3.390576e+00
1.629866e-02 8.302176e+08 5.13667610e-05 3.828316e+00
1.629866e-02 1.047616e+09 5.31595882e-05 4.322572e+00
1.629866e-02 1.321941e+09 5.65320201e-05 4.946932e+00
1.629866e-02 1.668101e+09 5.85305711e-05 5.585606e+00
1.629866e-02 2.104904e+09 6.06127892e-05 6.306737e+00
1.629866e-02 2.656088e+09 6.44995520e-05 7.217694e+00
1.629866e-02 3.351603e+09 6.68222655e-05 8.149535e+00
1.629866e-02 4.229243e+09 6.92428336e-05 9.201681e+00
1.629866e-02 5.336699e+09 7.37283268e-05 1.053079e+01
1.629866e-02 6.734151e+09 7.64293104e-05 1.189037e+01
1.629866e-02 8.497534e+09 7.92441991e-05 1.342548e+01
1.629866e-02 1.072267e+10 8.44252763e-05 1.536468e+01
1.629866e-02 1.353048e+10 8.75656294e-05 1.734834e+01
1.629866e-02 1.707353e+10 9.08375559e-05 1.958809e+01
1.629866e-02 2.154435e+10 9.68236682e-05 2.241744e+01
1.629866e-02 2.718588e+10 1.00470541e-04 2.531164e+01
1.629866e-02 3.430469e+10 1.04267581e-04 2.857950e+01
1.629866e-02 4.328761e+10 1.11179467e-04 3.270758e+01
1.629866e-02 5.462277e+10 1.15403422e-04 3.693030e+01
1.629866e-02 6.892612e+10 1.19795604e-04 4.169819e+01
1.629866e-02 8.697490e+10 1.27761268e-04 4.772115e+01
1.629866e-02 1.097499e+11 1.32630692e-04 5.388220e+01
1.629866e-02 1.384886e+11 1.37683054e-04 6.083867e+01
1.629866e-02 1.747528e+11 1.46829019e-04 6.962632e+01
1.629866e-02 2.205131e+11 1.52399457e-04 7.861543e+01
1.629866e-02 2.782559e+11 1.58159119e-04 8.876509e+01
1.629866e-02 3.511192e+11 1.64105184e-04 1.002251e+02
1.629866e-02 4.430621e+11 1.74888592e-04 1.147018e+02
1.629866e-02 5.590810e+11 1.81361964e-04 1.295104e+02
1.629866e-02 7.054802e+11 1.88002461e-04 1.462309e+02
1.629866e-02 8.902151e+11 2.00122704e-04 1.673527e+02
1.629866e-02 1.123324e+12 2.07236685e-04 1.889588e+02
1.629866e-02 1.417474e+12 2.14460417e-04 2.133544e+02
1.629866e-02 1.788650e+12 2.27826636e-04 2.441717e+02
1.629866e-02 2.257020e+12 2.35365029e-04 2.756955e+02
1.629866e-02 2.848036e+12 2.42890633e-04 3.112892e+02
1.629866e-02 3.593814e+12 2.57189275e-04 3.562524e+02
1.629866e-02 4.534879e+12 2.64693260e-04 4.022464e+02
1.629866e-02 5.722368e+12 2.71956303e-04 4.541785e+02
1.629866e-02 7.220809e+12 2.86500349e-04 5.197809e+02
1.629866e-02 9.111628e+12 2.93123858e-04 5.868873e+02
1.629866e-02 1.149757e+13 2.99118767e-04 6.626574e+02
1.629866e-02 1.450829e+13 3.12640920e-04 7.583729e+02
1.629866e-02 1.830738e+13 3.16969360e-04 8.562827e+02
1.629866e-02 2.310130e+13 3.20067764e-04 9.668332e+02
1.629866e-02 2.915053e+13 3.30495892e-04 1.106484e+03
1.629866e-02 3.678380e+13 3.30396509e-04 1.249337e+03
1.629866e-02 4.641589e+13 3.28246372e-04 1.410633e+03
1.629866e-02 5.857021e+13 3.32619509e-04 1.614388e+03
1.629866e-02 7.390722e+13 3.25340238e-04 1.822813e+03
1.629866e-02 9.326033e+13 3.15136585e-04 2.058148e+03
1.629866e-02 1.176812e+14 3.10067850e-04 2.355431e+03
1.629866e-02 1.484968e+14 2.93061457e-04 2.659529e+03
1.629866e-02 1.873817e+14 2.72748379e-04 3.002888e+03
1.629866e-02 2.364489e+14 2.56123569e-04 3.436630e+03
1.629866e-02 2.983647e+14 2.29211672e-04 3.880317e+03
1.629866e-02 3.764936e+14 2.05573413e-04 4.440797e+03
1.629866e-02 4.750810e+14 1.74302946e-04 5.014127e+03
1.629866e-02 5.994843e+14 1.42784129e-04 5.661476e+03
1.629866e-02 7.564633e+14 1.15366634e-04 6.479231e+03
1.629866e-02 9.545485e+14 8.64738368e-05 7.315732e+03
1.629866e-02 1.204504e+15 6.12349888e-05 8.260231e+03
1.629866e-02 1.519911e+15 4.16195019e-05 9.453354e+03
1.629866e-02 1.917910e+15 2.53642697e-05 1.067383e+04
1.629866e-02 2.420128e+15 1.43902348e-05 1.221558e+04
1.629866e-02 3.053856e+15 7.07109166e-06 1.379267e+04
1.629866e-02 3.853529e+15 3.02677270e-06 1.557338e+04
1.629866e-02 4.862602e+15 1.12763461e-06 1.782283e+04
1.629866e-02 6.135907e+15 3.33258284e-07 2.012384e+04
1.629866e-02 7.742637e+15 7.82708266e-08 2.303057e+04
1.629866e-02 9.770100e+15 1.29661757e-08 2.600393e+04
1.629866e-02 1.232847e+16 1.48106466e-09 2.975999e+04
1.629866e-02 1.555676e+16 1.01368887e-10 3.360216e+04
1.629866e-02 1.963041e+16 3.87603030e-12 3.794037e+04
1.629866e-02 2.477076e+16 7.60717755e-14 4.342055e+04
1.629866e-02 3.125716e+16 6.34799775e-16 4.902636e+04
1.629866e-02 3.944206e+16 2.00845393e-18 5.610783e+04
1.629866e-02 4.977024e+16 1.83615910e-21 6.335163e+04
1.629866e-02 6.280291e+16 3.84965560e-25 7.250226e+04
1.629866e-02 7.924829e+16 1.20596603e-29 8.186268e+04
1.629866e-02 1.000000e+17 3.64531677e-35 9.368708e+04
1.747670e-02 1.261857e+07 2.77295562e-05 4.077102e-01
1.747670e-02 1.592283e+07 2.85869694e-05 4.603477e-01
1.747670e-02 2.009233e+07 3.02830909e-05 5.268411e-01
1.747670e-02 2.535364e+07 3.12321891e-05 5.948590e-01
1.747670e-02 3.199267e+07 3.30988594e-05 6.807816e-01
1.747670e-02 4.037017e+07 3.41503560e-05 7.686740e-01
1.747670e-02 5.094138e+07 3.52426454e-05 8.679137e-01
1.747670e-02 6.428073e+07 3.73725060e-05 9.932768e-01
1.747670e-02 8.111308e+07 3.85842027e-05 1.121514e+00
1.747670e-02 1.023531e+08 4.09334652e-05 1.283508e+00
1.747670e-02 1.291550e+08 4.22787564e-05 1.449215e+00
1.747670e-02 1.629751e+08 4.36777111e-05 1.636316e+00
1.747670e-02 2.056512e+08 4.63671813e-05 1.872669e+00
1.747670e-02 2.595024e+08 4.79222913e-05 2.114440e+00
1.747670e-02 3.274549e+08 5.08953753e-05 2.419853e+00
1.747670e-02 4.132012e+08 5.26254301e-05 2.732269e+00
1.747670e-02 5.214008e+08 5.44262589e-05 3.085019e+00
1.747670e-02 6.579332e+08 5.78409671e-05 3.530625e+00
1.747670e-02 8.302176e+08 5.98465666e-05 3.986446e+00
1.747670e-02 1.047616e+09 6.19352722e-05 4.501117e+00
1.747670e-02 1.321941e+09 6.58643302e-05 5.151267e+00
1.747670e-02 1.668101e+09 6.81926886e-05 5.816322e+00
1.747670e-02 2.104904e+09 7.06185079e-05 6.567239e+00
1.747670e-02 2.656088e+09 7.51467353e-05 7.515823e+00
1.747670e-02 3.351603e+09 7.78527033e-05 8.486155e+00
1.747670e-02 4.229243e+09 8.06726531e-05 9.581761e+00
1.747670e-02 5.336699e+09 8.58983478e-05 1.096577e+01
1.747670e-02 6.734151e+09 8.90449327e-05 1.238151e+01
1.747670e-02 8.497534e+09 9.23241867e-05 1.398002e+01
1.747670e-02 1.072267e+10 9.83601399e-05 1.599932e+01
1.747670e-02 1.353048e+10 1.02018479e-04 1.806492e+01
1.747670e-02 1.707353e+10 1.05830053e-04 2.039719e+01
1.747670e-02 2.154435e+10 1.12803709e-04 2.334340e+01
1.747670e-02 2.718588e+10 1.17051967e-04 2.635715e+01
1.747670e-02 3.430469e+10 1.21475094e-04 2.975999e+01
1.747670e-02 4.328761e+10 1.29527008e-04 3.405858e+01
1.747670e-02 5.462277e+10 1.34447288e-04 3.845572e+01
1.747670e-02 6.892612e+10 1.39563437e-04 4.342055e+01
1.747670e-02 8.697490e+10 1.44879998e-04 4.902636e+01
1.747670e-02 1.097499e+11 1.54514398e-04 5.610783e+01
1.747670e-02 1.384886e+11 1.60399162e-04 6.335163e+01
1.747670e-02 1.747528e+11 1.66498817e-04 7.153065e+01
1.747670e-02 2.205131e+11 1.77540527e-04 8.186268e+01
1.747670e-02 2.782559e+11 1.84248542e-04 9.243157e+01
1.747670e-02 3.511192e+11 1.91173405e-04 1.043650e+02
1.747670e-02 4.430621e+11 2.03733099e-04 1.194396e+02
1.747670e-02 5.590810e+11 2.11271440e-04 1.348599e+02
1.747670e-02 7.054802e+11 2.19004016e-04 1.522710e+02
1.747670e-02 8.902151e+11 2.26913094e-04 1.719300e+02
1.747670e-02 1.123324e+12 2.41402275e-04 1.967639e+02
1.747670e-02 1.417474e+12 2.49812381e-04 2.221671e+02
1.747670e-02 1.788650e+12 2.58311587e-04 2.508500e+02
1.747670e-02 2.257020e+12 2.74151455e-04 2.870832e+02
1.747670e-02 2.848036e+12 2.82910409e-04 3.241471e+02
1.747670e-02 3.593814e+12 2.91582029e-04 3.659962e+02
1.747670e-02 4.534879e+12 3.08288165e-04 4.188614e+02
1.747670e-02 5.722368e+12 3.16737226e-04 4.729385e+02
1.747670e-02 7.220809e+12 3.24781239e-04 5.339973e+02
1.747670e-02 9.111628e+12 3.41364696e-04 6.111289e+02
1.747670e-02 1.149757e+13 3.48331029e-04 6.900288e+02
1.747670e-02 1.450829e+13 3.54368049e-04 7.791150e+02
1.747670e-02 1.830738e+13 3.69080768e-04 8.916518e+02
1.747670e-02 2.310130e+13 3.72666252e-04 1.006769e+03
1.747670e-02 2.915053e+13 3.74538478e-04 1.136748e+03
1.747670e-02 3.678380e+13 3.84637983e-04 1.300942e+03
1.747670e-02 4.641589e+13 3.82102931e-04 1.468900e+03
1.747670e-02 5.857021e+13 3.76850154e-04 1.658542e+03
1.747670e-02 7.390722e+13 3.78644583e-04 1.898105e+03
1.747670e-02 9.326033e+13 3.66725608e-04 2.143160e+03
1.747670e-02 1.176812e+14 3.51173862e-04 2.419853e+03
1.747670e-02 1.484968e+14 3.40939258e-04 2.769382e+03
1.747670e-02 1.873817e+14 3.17252996e-04 3.126923e+03
1.747670e-02 2.364489e+14 2.89927444e-04 3.530625e+03
1.747670e-02 2.983647e+14 2.66500674e-04 4.040595e+03
1.747670e-02 3.764936e+14 2.32594230e-04 4.562256e+03
1.747670e-02 4.750810e+14 2.02548204e-04 5.221237e+03
1.747670e-02 5.994843e+14 1.65866056e-04 5.895326e+03
1.747670e-02 7.564633e+14 1.30397911e-04 6.656443e+03
1.747670e-02 9.545485e+14 1.00368901e-04 7.617912e+03
1.747670e-02 1.204504e+15 7.10375879e-05 8.601423e+03
1.747670e-02 1.519911e+15 4.69681826e-05 9.711911e+03
1.747670e-02 1.917910e+15 2.93860297e-05 1.111472e+04
1.747670e-02 2.420128e+15 1.62146735e-05 1.254968e+04
1.747670e-02 3.053856e+15 8.17756402e-06 1.436238e+04
1.747670e-02 3.853529e+15 3.49640302e-06 1.621664e+04
1.747670e-02 4.862602e+15 1.26620905e-06 1.831029e+04
1.747670e-02 6.135907e+15 3.83830591e-07 2.095507e+04
1.747670e-02 7.742637e+15 8.75798625e-08 2.366047e+04
1.747670e-02 9.770100e+15 1.48705735e-08 2.707804e+04
1.747670e-02 1.232847e+16 1.64874308e-09 3.057395e+04
1.747670e-02 1.555676e+16 1.15539049e-10 3.499011e+04
1.747670e-02 1.963041e+16 4.39978214e-12 3.950751e+04
1.747670e-02 2.477076e+16 8.36378256e-14 4.460813e+04
1.747670e-02 3.125716e+16 7.12772077e-16 5.105142e+04
1.747670e-02 3.944206e+16 2.17943930e-18 5.764242e+04
1.747670e-02 4.977024e+16 2.02934170e-21 6.596840e+04
1.747670e-02 6.280291e+16 4.09821731e-25 7.448526e+04
1.747670e-02 7.924829e+16 1.30220375e-29 8.524405e+04
1.747670e-02 1.000000e+17 3.77187352e-35 9.624949e+04
1.873988e-02 1.261857e+07 3.23123645e-05 4.245508e-01
1.873988e-02 1.592283e+07 3.33114715e-05 4.793625e-01
1.873988e-02 2.009233e+07 3.52878960e-05 5.486025e-01
1.873988e-02 2.535364e+07 3.63938362e-05 6.194299e-01
1.873988e-02 3.199267e+07 3.85689902e-05 7.089016e-01
1.873988e-02 4.037017e+07 3.97942465e-05 8.004244e-01
1.873988e-02 5.094138e+07 4.21902491e-05 9.160392e-01
1.873988e-02 6.428073e+07 4.35488636e-05 1.034305e+00
1.873988e-02 8.111308e+07 4.49607845e-05 1.167839e+00
1.873988e-02 1.023531e+08 4.76982647e-05 1.336523e+00
1.873988e-02 1.291550e+08 4.92658482e-05 1.509075e+00
1.873988e-02 1.629751e+08 5.08959580e-05 1.703905e+00
1.873988e-02 2.056512e+08 5.40298484e-05 1.950020e+00
1.873988e-02 2.595024e+08 5.58419049e-05 2.201778e+00
1.873988e-02 3.274549e+08 5.93062595e-05 2.519806e+00
1.873988e-02 4.132012e+08 6.13221530e-05 2.845126e+00
1.873988e-02 5.214008e+08 6.34205057e-05 3.212447e+00
1.873988e-02 6.579332e+08 6.73994264e-05 3.676459e+00
1.873988e-02 8.302176e+08 6.97363615e-05 4.151108e+00
1.873988e-02 1.047616e+09 7.21701209e-05 4.687038e+00
1.873988e-02 1.321941e+09 7.67483317e-05 5.364042e+00
1.873988e-02 1.668101e+09 7.94613063e-05 6.056568e+00
1.873988e-02 2.104904e+09 8.22878247e-05 6.838501e+00
1.873988e-02 2.656088e+09 8.75641328e-05 7.826267e+00
1.873988e-02 3.351603e+09 9.07170343e-05 8.836679e+00
1.873988e-02 4.229243e+09 9.40027197e-05 9.977539e+00
1.873988e-02 5.336699e+09 1.00091624e-04 1.141871e+01
1.873988e-02 6.734151e+09 1.03757831e-04 1.289293e+01
1.873988e-02 8.497534e+09 1.07578581e-04 1.455747e+01
1.873988e-02 1.072267e+10 1.14611446e-04 1.666018e+01
1.873988e-02 1.353048e+10 1.18873792e-04 1.881109e+01
1.873988e-02 1.707353e+10 1.23314621e-04 2.123970e+01
1.873988e-02 2.154435e+10 1.27940583e-04 2.398186e+01
1.873988e-02 2.718588e+10 1.36389332e-04 2.744584e+01
1.873988e-02 3.430469e+10 1.41542463e-04 3.098924e+01
1.873988e-02 4.328761e+10 1.46905726e-04 3.499011e+01
1.873988e-02 5.462277e+10 1.56655854e-04 4.004415e+01
1.873988e-02 6.892612e+10 1.62616069e-04 4.521405e+01
1.873988e-02 8.697490e+10 1.68809630e-04 5.105142e+01
1.873988e-02 1.097499e+11 1.80033973e-04 5.842538e+01
1.873988e-02 1.384886e+11 1.86889133e-04 6.596840e+01
1.873988e-02 1.747528e+11 1.93994420e-04 7.448526e+01
1.873988e-02 2.205131e+11 2.01350463e-04 8.410168e+01
1.873988e-02 2.782559e+11 2.14670988e-04 9.624949e+01
1.873988e-02 3.511192e+11 2.22736699e-04 1.086758e+02
1.873988e-02 4.430621e+11 2.31047729e-04 1.227064e+02
1.873988e-02 5.590810e+11 2.46146530e-04 1.404303e+02
1.873988e-02 7.054802e+11 2.55151731e-04 1.585606e+02
1.873988e-02 8.902151e+11 2.64361926e-04 1.790316e+02
1.873988e-02 1.123324e+12 2.81237321e-04 2.048913e+02
1.873988e-02 1.417474e+12 2.91029529e-04 2.313438e+02
1.873988e-02 1.788650e+12 3.00924584e-04 2.612114e+02
1.873988e-02 2.257020e+12 3.10867529e-04 2.949352e+02
1.873988e-02 2.848036e+12 3.29565123e-04 3.375362e+02
1.873988e-02 3.593814e+12 3.39657109e-04 3.811138e+02
1.873988e-02 4.534879e+12 3.49546082e-04 4.303176e+02
1.873988e-02 5.722368e+12 3.68935478e-04 4.924734e+02
1.873988e-02 7.220809e+12 3.78290688e-04 5.560543e+02
1.873988e-02 9.111628e+12 3.87004675e-04 6.278437e+02
1.873988e-02 1.149757e+13 4.05684280e-04 7.185307e+02
1.873988e-02 1.450829e+13 4.12693858e-04 8.112967e+02
1.873988e-02 1.830738e+13 4.18360841e-04 9.160392e+02
1.873988e-02 2.310130e+13 4.33950806e-04 1.048354e+03
1.873988e-02 2.915053e+13 4.36099637e-04 1.183701e+03
1.873988e-02 3.678380e+13 4.35901029e-04 1.336523e+03
1.873988e-02 4.641589e+13 4.44831849e-04 1.529573e+03
1.873988e-02 5.857021e+13 4.38672574e-04 1.727049e+03
1.873988e-02 7.390722e+13 4.28978608e-04 1.950020e+03
1.873988e-02 9.326033e+13 4.26784366e-04 2.231685e+03
1.873988e-02 1.176812e+14 4.08626872e-04 2.519806e+03
1.873988e-02 1.484968e+14 3.86093272e-04 2.845126e+03
1.873988e-02 1.873817e+14 3.69028083e-04 3.256082e+03
1.873988e-02 2.364489e+14 3.37172150e-04 3.676459e+03
1.873988e-02 2.983647e+14 3.01604491e-04 4.151108e+03
1.873988e-02 3.764936e+14 2.70357320e-04 4.750702e+03
1.873988e-02 4.750810e+14 2.29093287e-04 5.364042e+03
1.873988e-02 5.994843e+14 1.87535973e-04 6.056568e+03
1.873988e-02 7.564633e+14 1.51403379e-04 6.931390e+03
1.873988e-02 9.545485e+14 1.13379938e-04 7.826267e+03
1.873988e-02 1.204504e+15 8.23951051e-05 8.956708e+03
1.873988e-02 1.519911e+15 5.44420617e-05 1.011307e+04
1.873988e-02 1.917910e+15 3.31301321e-05 1.141871e+04
1.873988e-02 2.420128e+15 1.87639011e-05 1.306805e+04
1.873988e-02 3.053856e+15 9.20168444e-06 1.475521e+04
1.873988e-02 3.853529e+15 4.03692906e-06 1.688648e+04
1.873988e-02 4.862602e+15 1.45984172e-06 1.906661e+04
1.873988e-02 6.135907e+15 4.30003967e-07 2.152820e+04
1.873988e-02 7.742637e+15 1.00590857e-07 2.463778e+04
1.873988e-02 9.770100e+15 1.65836987e-08 2.781864e+04
1.873988e-02 1.232847e+16 1.88328987e-09 3.183682e+04
1.873988e-02 1.555676e+16 1.27994574e-10 3.594712e+04
1.873988e-02 1.963041e+16 4.98540970e-12 4.113939e+04
1.873988e-02 2.477076e+16 9.42686997e-14 4.645069e+04
1.873988e-02 3.125716e+16 7.98252361e-16 5.316012e+04
1.873988e-02 3.944206e+16 2.42209809e-18 6.002336e+04
1.873988e-02 4.977024e+16 2.17494648e-21 6.777268e+04
1.873988e-02 6.280291e+16 4.46187263e-25 7.756190e+04
1.873988e-02 7.924829e+16 1.36120586e-29 8.757554e+04
1.873988e-02 1.000000e+17 3.98303384e-35 1.002251e+05
2.009436e-02 1.261857e+07 3.76584381e-05 4.420871e-01
2.009436e-02 1.592283e+07 3.98846697e-05 5.059430e-01
2.009436e-02 2.009233e+07 4.11262443e-05 5.712628e-01
2.009436e-02 2.535364e+07 4.35752320e-05 6.537771e-01
2.009436e-02 3.199267e+07 4.49501563e-05 7.381830e-01
2.009436e-02 4.037017e+07 4.63781070e-05 8.334862e-01
2.009436e-02 5.094138e+07 4.91704967e-05 9.538766e-01
2.009436e-02 6.428073e+07 5.07538606e-05 1.077027e+00
2.009436e-02 8.111308e+07 5.23993452e-05 1.216077e+00
2.009436e-02 1.023531e+08 5.55896904e-05 1.391729e+00
2.009436e-02 1.291550e+08 5.74165784e-05 1.571408e+00
2.009436e-02 1.629751e+08 6.09386773e-05 1.798386e+00
2.009436e-02 2.056512e+08 6.29686427e-05 2.030566e+00
2.009436e-02 2.595024e+08 6.50804244e-05 2.292723e+00
2.009436e-02 3.274549e+08 6.91178489e-05 2.623888e+00
2.009436e-02 4.132012e+08 7.14671661e-05 2.962645e+00
2.009436e-02 5.214008e+08 7.39125713e-05 3.345138e+00
2.009436e-02 6.579332e+08 7.85496412e-05 3.828316e+00
2.009436e-02 8.302176e+08 8.12730639e-05 4.322572e+00
2.009436e-02 1.047616e+09 8.41093098e-05 4.880638e+00
2.009436e-02 1.321941e+09 8.94447406e-05 5.585606e+00
2.009436e-02 1.668101e+09 9.26063420e-05 6.306737e+00
2.009436e-02 2.104904e+09 9.59002427e-05 7.120968e+00
2.009436e-02 2.656088e+09 1.02049151e-04 8.149535e+00
2.009436e-02 3.351603e+09 1.05723353e-04 9.201681e+00
2.009436e-02 4.229243e+09 1.09552264e-04 1.038967e+01
2.009436e-02 5.336699e+09 1.13542559e-04 1.173102e+01
2.009436e-02 6.734151e+09 1.20920305e-04 1.342548e+01
2.009436e-02 8.497534e+09 1.25372622e-04 1.515877e+01
2.009436e-02 1.072267e+10 1.30012338e-04 1.711585e+01
2.009436e-02 1.353048e+10 1.38535073e-04 1.958809e+01
2.009436e-02 1.707353e+10 1.43709788e-04 2.211702e+01
2.009436e-02 2.154435e+10 1.49100159e-04 2.497244e+01
2.009436e-02 2.718588e+10 1.58945421e-04 2.857950e+01
2.009436e-02 3.430469e+10 1.64949888e-04 3.226926e+01
2.009436e-02 4.328761e+10 1.71199094e-04 3.643539e+01
2.009436e-02 5.462277e+10 1.77700178e-04 4.113939e+01
2.009436e-02 6.892612e+10 1.89504906e-04 4.708164e+01
2.009436e-02 8.697490e+10 1.96721114e-04 5.316012e+01
2.009436e-02 1.097499e+11 2.04214208e-04 6.002336e+01
2.009436e-02 1.384886e+11 2.17786255e-04 6.869325e+01
2.009436e-02 1.747528e+11 2.26064047e-04 7.756190e+01
2.009436e-02 2.205131e+11 2.34633691e-04 8.757554e+01
2.009436e-02 2.782559e+11 2.43493528e-04 9.888199e+01
2.009436e-02 3.511192e+11 2.59548925e-04 1.131647e+02
2.009436e-02 4.430621e+11 2.69229914e-04 1.277748e+02
2.009436e-02 5.590810e+11 2.79183789e-04 1.442712e+02
2.009436e-02 7.054802e+11 2.97308127e-04 1.651100e+02
2.009436e-02 8.902151e+11 3.08034638e-04 1.864266e+02
2.009436e-02 1.123324e+12 3.18967560e-04 2.104952e+02
2.009436e-02 1.417474e+12 3.39094107e-04 2.408995e+02
2.009436e-02 1.788650e+12 3.50615288e-04 2.720009e+02
2.009436e-02 2.257020e+12 3.62190918e-04 3.071176e+02
2.009436e-02 2.848036e+12 3.73742614e-04 3.467680e+02
2.009436e-02 3.593814e+12 3.95710480e-04 3.968559e+02
2.009436e-02 4.534879e+12 4.07217704e-04 4.480920e+02
2.009436e-02 5.722368e+12 4.18348045e-04 5.059430e+02
2.009436e-02 7.220809e+12 4.40670416e-04 5.790223e+02
2.009436e-02 9.111628e+12 4.50800860e-04 6.537771e+02
2.009436e-02 1.149757e+13 4.59955806e-04 7.381830e+02
2.009436e-02 1.450829e+13 4.80673785e-04 8.448076e+02
2.009436e-02 1.830738e+13 4.87244015e-04 9.538766e+02
2.009436e-02 2.310130e+13 4.91911793e-04 1.077027e+03
2.009436e-02 2.915053e+13 5.07829295e-04 1.232595e+03
2.009436e-02 3.678380e+13 5.07554320e-04 1.391729e+03
2.009436e-02 4.641589e+13 5.04115323e-04 1.571408e+03
2.009436e-02 5.857021e+13 5.10676996e-04 1.798386e+03
2.009436e-02 7.390722e+13 4.99331143e-04 2.030566e+03
2.009436e-02 9.326033e+13 4.83485319e-04 2.292723e+03
2.009436e-02 1.176812e+14 4.75503042e-04 2.623888e+03
2.009436e-02 1.484968e+14 4.49202947e-04 2.962645e+03
2.009436e-02 1.873817e+14 4.17834973e-04 3.345138e+03
2.009436e-02 2.364489e+14 3.92118859e-04 3.828316e+03
2.009436e-02 2.983647e+14 3.50664654e-04 4.322572e+03
2.009436e-02 3.764936e+14 3.05876208e-04 4.880638e+03
2.009436e-02 4.750810e+14 2.66190211e-04 5.585606e+03
2.009436e-02 5.994843e+14 2.17819005e-04 6.306737e+03
2.009436e-02 7.564633e+14 1.71093579e-04 7.120968e+03
2.009436e-02 9.545485e+14 1.31561393e-04 8.149535e+03
2.009436e-02 1.204504e+15 9.30067215e-05 9.201681e+03
2.009436e-02 1.519911e+15 6.30903451e-05 1.053079e+04
2.009436e-02 1.917910e+15 3.83616478e-05 1.189037e+04
2.009436e-02 2.420128e+15 2.11282621e-05 1.342548e+04
2.009436e-02 3.053856e+15 1.06326218e-05 1.536468e+04
2.009436e-02 3.853529e+15 4.53454191e-06 1.734834e+04
2.009436e-02 4.862602e+15 1.68201901e-06 1.985416e+04
2.009436e-02 6.135907e+15 4.94530817e-07 2.241744e+04
2.009436e-02 7.742637e+15 1.12356126e-07 2.531164e+04
2.009436e-02 9.770100e+15 1.89791336e-08 2.896770e+04
2.009436e-02 1.232847e+16 2.09116442e-09 3.270758e+04
2.009436e-02 1.555676e+16 1.45439154e-10 3.743193e+04
2.009436e-02 1.963041e+16 5.48805336e-12 4.226458e+04
2.009436e-02 2.477076e+16 1.06005398e-13 4.836936e+04
2.009436e-02 3.125716e+16 8.67762659e-16 5.461409e+04
2.009436e-02 3.944206e+16 2.61133214e-18 6.166505e+04
2.009436e-02 4.977024e+16 2.38508477e-21 7.057206e+04
2.009436e-02 6.280291e+16 4.70545070e-25 7.968328e+04
2.009436e-02 7.924829e+16 1.45320327e-29 9.119288e+04
2.009436e-02 1.000000e+17 4.06489596e-35 1.029663e+05
2.154674e-02 1.261857e+07 4.38963327e-05 4.603477e-01
2.154674e-02 1.592283e+07 4.64913114e-05 5.268411e-01
2.154674e-02 2.009233e+07 4.79385274e-05 5.948590e-01
2.154674e-02 2.535364e+07 5.07931524e-05 6.807816e-01
2.154674e-02 3.199267e+07 5.23957991e-05 7.686740e-01
2.154674e-02 4.037017e+07 5.40602513e-05 8.679137e-01
2.154674e-02 5.094138e+07 5.73151446e-05 9.932768e-01
2.154674e-02 6.428073e+07 5.91607416e-05 1.121514e+00
2.154674e-02 8.111308e+07 6.27492934e-05 1.283508e+00
2.154674e-02 1.023531e+08 6.47974865e-05 1.449215e+00
2.154674e-02 1.291550e+08 6.69269225e-05 1.636316e+00
2.154674e-02 1.629751e+08 7.10323495e-05 1.872669e+00
2.154674e-02 2.056512e+08 7.33984792e-05 2.114440e+00
2.154674e-02 2.595024e+08 7.58599653e-05 2.387425e+00
2.154674e-02 3.274549e+08 8.05660312e-05 2.732269e+00
2.154674e-02 4.132012e+08 8.33043666e-05 3.085019e+00
2.154674e-02 5.214008e+08 8.61546886e-05 3.483310e+00
2.154674e-02 6.579332e+08 9.15596579e-05 3.986446e+00
2.154674e-02 8.302176e+08 9.47340016e-05 4.501117e+00
2.154674e-02 1.047616e+09 9.80398309e-05 5.082234e+00
2.154674e-02 1.321941e+09 1.04258738e-04 5.816322e+00
2.154674e-02 1.668101e+09 1.07943746e-04 6.567239e+00
2.154674e-02 2.104904e+09 1.11782930e-04 7.415103e+00
2.154674e-02 2.656088e+09 1.15783154e-04 8.372431e+00
2.154674e-02 3.351603e+09 1.23232290e-04 9.581761e+00
2.154674e-02 4.229243e+09 1.27694947e-04 1.081881e+01
2.154674e-02 5.336699e+09 1.32345659e-04 1.221558e+01
2.154674e-02 6.734151e+09 1.40944720e-04 1.398002e+01
2.154674e-02 8.497534e+09 1.46133815e-04 1.578491e+01
2.154674e-02 1.072267e+10 1.51541259e-04 1.782283e+01
2.154674e-02 1.353048e+10 1.57175728e-04 2.012384e+01
2.154674e-02 1.707353e+10 1.67505418e-04 2.303057e+01
2.154674e-02 2.154435e+10 1.73787475e-04 2.600393e+01
2.154674e-02 2.718588e+10 1.80329722e-04 2.936118e+01
2.154674e-02 3.430469e+10 1.92259385e-04 3.360216e+01
2.154674e-02 4.328761e+10 1.99541972e-04 3.794037e+01
2.154674e-02 5.462277e+10 2.07117932e-04 4.283867e+01
2.154674e-02 6.892612e+10 2.14994989e-04 4.836936e+01
2.154674e-02 8.697490e+10 2.29284198e-04 5.535592e+01
2.154674e-02 1.097499e+11 2.38015545e-04 6.250265e+01
2.154674e-02 1.384886e+11 2.47073960e-04 7.057206e+01
2.154674e-02 1.747528e+11 2.63476747e-04 8.076563e+01
2.154674e-02 2.205131e+11 2.73461573e-04 9.119288e+01
2.154674e-02 2.782559e+11 2.83784107e-04 1.029663e+02
2.154674e-02 3.511192e+11 2.94439025e-04 1.162598e+02
2.154674e-02 4.430621e+11 3.13770361e-04 1.330526e+02
2.154674e-02 5.590810e+11 3.25365834e-04 1.502304e+02
2.154674e-02 7.054802e+11 3.37258027e-04 1.696259e+02
2.154674e-02 8.902151e+11 3.58976183e-04 1.941270e+02
2.154674e-02 1.123324e+12 3.71709485e-04 2.191898e+02
2.154674e-02 1.417474e+12 3.84635012e-04 2.474883e+02
2.154674e-02 1.788650e+12 4.08570888e-04 2.832360e+02
2.154674e-02 2.257020e+12 4.22048465e-04 3.198032e+02
2.154674e-02 2.848036e+12 4.35496249e-04 3.610914e+02
2.154674e-02 3.593814e+12 4.48803601e-04 4.077102e+02
2.154674e-02 4.534879e+12 4.74469677e-04 4.666006e+02
2.154674e-02 5.722368e+12 4.87418733e-04 5.268411e+02
2.154674e-02 7.220809e+12 4.99735804e-04 5.948590e+02
2.154674e-02 9.111628e+12 5.25180834e-04 6.807816e+02
2.154674e-02 1.149757e+13 5.35817341e-04 7.686740e+02
2.154674e-02 1.450829e+13 5.45012296e-04 8.679137e+02
2.154674e-02 1.830738e+13 5.67534384e-04 9.932768e+02
2.154674e-02 2.310130e+13 5.72928820e-04 1.121514e+03
2.154674e-02 2.915053e+13 5.75673831e-04 1.266307e+03
2.154674e-02 3.678380e+13 5.91044048e-04 1.449215e+03
2.154674e-02 4.641589e+13 5.86978570e-04 1.636316e+03
2.154674e-02 5.857021e+13 5.78721267e-04 1.847573e+03
2.154674e-02 7.390722e+13 5.81264547e-04 2.114440e+03
2.154674e-02 9.326033e+13 5.62735838e-04 2.387425e+03
2.154674e-02 1.176812e+14 5.38621496e-04 2.695653e+03
2.154674e-02 1.484968e+14 5.22648932e-04 3.085019e+03
2.154674e-02 1.873817e+14 4.86048506e-04 3.483310e+03
2.154674e-02 2.364489e+14 4.43882917e-04 3.933024e+03
2.154674e-02 2.983647e+14 4.07700543e-04 4.501117e+03
2.154674e-02 3.764936e+14 3.55514750e-04 5.082234e+03
2.154674e-02 4.750810e+14 3.01042472e-04 5.738377e+03
2.154674e-02 5.994843e+14 2.52970082e-04 6.567239e+03
2.154674e-02 7.564633e+14 1.98608750e-04 7.415103e+03
2.154674e-02 9.545485e+14 1.48570661e-04 8.372431e+03
2.154674e-02 1.204504e+15 1.07834505e-04 9.581761e+03
2.154674e-02 1.519911e+15 7.11478379e-05 1.081881e+04
2.154674e-02 1.917910e+15 4.44052426e-05 1.238151e+04
2.154674e-02 2.420128e+15 2.44317894e-05 1.398002e+04
2.154674e-02 3.053856e+15 1.19533775e-05 1.578491e+04
2.154674e-02 3.853529e+15 5.22983501e-06 1.806492e+04
2.154674e-02 4.862602e+15 1.88512694e-06 2.039719e+04
2.154674e-02 6.135907e+15 5.68274093e-07 2.334340e+04
2.154674e-02 7.742637e+15 1.28802940e-07 2.635715e+04
2.154674e-02 9.770100e+15 2.11172981e-08 2.975999e+04
2.154674e-02 1.232847e+16 2.38209636e-09 3.405858e+04
2.154674e-02 1.555676e+16 1.60585940e-10 3.845572e+04
2.154674e-02 1.963041e+16 6.19380033e-12 4.401034e+04
2.154674e-02 2.477076e+16 1.15741341e-13 4.969230e+04
2.154674e-02 3.125716e+16 9.66224196e-16 5.686995e+04
2.154674e-02 3.944206e+16 2.88192117e-18 6.421215e+04
2.154674e-02 4.977024e+16 2.53483294e-21 7.250226e+04
2.154674e-02 6.280291e+16 5.07134361e-25 8.297463e+04
2.154674e-02 7.924829e+16 1.50056189e-29 9.368708e+04
2.154674e-02 1.000000e+17 4.22926186e-35 1.072194e+05
2.310410e-02 1.261857e+07 5.25763250e-05 4.858738e-01
2.310410e-02 1.592283e+07 5.42019464e-05 5.486025e-01
2.310410e-02 2.009233e+07 5.58891628e-05 6.194299e-01
2.310410e-02 2.535364e+07 5.92172031e-05 7.089016e-01
2.310410e-02 3.199267e+07 6.10856189e-05 8.004244e-01
2.310410e-02 4.037017e+07 6.47498971e-05 9.160392e-01
2.310410e-02 5.094138e+07 6.68207585e-05 1.034305e+00
2.310410e-02 6.428073e+07 6.89723984e-05 1.167839e+00
2.310410e-02 8.111308e+07 7.31560485e-05 1.336523e+00
2.310410e-02 1.023531e+08 7.55438663e-05 1.509075e+00
2.310410e-02 1.291550e+08 7.80263908e-05 1.703905e+00
2.310410e-02 1.629751e+08 8.28126005e-05 1.950020e+00
2.310410e-02 2.056512e+08 8.55710468e-05 2.201778e+00
2.310410e-02 2.595024e+08 8.84406493e-05 2.486038e+00
2.310410e-02 3.274549e+08 9.39270554e-05 2.845126e+00
2.310410e-02 4.132012e+08 9.71193822e-05 3.212447e+00
2.310410e-02 5.214008e+08 1.00442246e-04 3.627190e+00
2.310410e-02 6.579332e+08 1.03901594e-04 4.095479e+00
2.310410e-02 8.302176e+08 1.10443948e-04 4.687038e+00
2.310410e-02 1.047616e+09 1.14297774e-04 5.292158e+00
2.310410e-02 1.321941e+09 1.18311794e-04 5.975403e+00
2.310410e-02 1.668101e+09 1.25843516e-04 6.838501e+00
2.310410e-02 2.104904e+09 1.30319019e-04 7.721387e+00
2.310410e-02 2.656088e+09 1.34982217e-04 8.718257e+00
2.310410e-02 3.351603e+09 1.43666156e-04 9.977539e+00
2.310410e-02 4.229243e+09 1.48868338e-04 1.126569e+01
2.310410e-02 5.336699e+09 1.54289685e-04 1.272015e+01
2.310410e-02 6.734151e+09 1.59939488e-04 1.436238e+01
2.310410e-02 8.497534e+09 1.70362766e-04 1.643692e+01
2.310410e-02 1.072267e+10 1.76666023e-04 1.855900e+01
2.310410e-02 1.353048e+10 1.83233828e-04 2.095507e+01
2.310410e-02 1.707353e+10 1.95275116e-04 2.398186e+01
2.310410e-02 2.154435e+10 2.02597560e-04 2.707804e+01
2.310410e-02 2.718588e+10 2.10223157e-04 3.057395e+01
2.310410e-02 3.430469e+10 2.18162115e-04 3.452120e+01
2.310410e-02 4.328761e+10 2.32617221e-04 3.950751e+01
2.310410e-02 5.462277e+10 2.41447174e-04 4.460813e+01
2.310410e-02 6.892612e+10 2.50627842e-04 5.036727e+01
2.310410e-02 8.697490e+10 2.67283013e-04 5.764242e+01
2.310410e-02 1.097499e+11 2.77458793e-04 6.508435e+01
2.310410e-02 1.384886e+11 2.88015414e-04 7.348707e+01
2.310410e-02 1.747528e+11 2.98956155e-04 8.297463e+01
2.310410e-02 2.205131e+11 3.18768239e-04 9.495964e+01
2.310410e-02 2.782559e+11 3.30796665e-04 1.072194e+02
2.310410e-02 3.511192e+11 3.43211816e-04 1.210620e+02
2.310410e-02 4.430621e+11 3.56002688e-04 1.366917e+02
2.310410e-02 5.590810e+11 3.79249216e-04 1.564357e+02
2.310410e-02 7.054802e+11 3.93103577e-04 1.766324e+02
2.310410e-02 8.902151e+11 4.07270350e-04 1.994365e+02
2.310410e-02 1.123324e+12 4.33241380e-04 2.282435e+02
2.310410e-02 1.417474e+12 4.48295691e-04 2.577109e+02
2.310410e-02 1.788650e+12 4.63503337e-04 2.909827e+02
2.310410e-02 2.257020e+12 4.78778996e-04 3.285501e+02
2.310410e-02 2.848036e+12 5.07530327e-04 3.760065e+02
2.310410e-02 3.593814e+12 5.23020343e-04 4.245508e+02
2.310410e-02 4.534879e+12 5.38189314e-04 4.793625e+02
2.310410e-02 5.722368e+12 5.67974638e-04 5.486025e+02
2.310410e-02 7.220809e+12 5.82299762e-04 6.194299e+02
2.310410e-02 9.111628e+12 5.95625798e-04 6.994015e+02
2.310410e-02 1.149757e+13 6.24273537e-04 8.004244e+02
2.310410e-02 1.450829e+13 6.34945538e-04 9.037633e+02
2.310410e-02 1.830738e+13 6.43535485e-04 1.020444e+03
2.310410e-02 2.310130e+13 6.49600515e-04 1.152188e+03
2.310410e-02 2.915053e+13 6.70505438e-04 1.318612e+03
2.310410e-02 3.678380e+13 6.70013814e-04 1.488852e+03
2.310410e-02 4.641589e+13 6.65331117e-04 1.681071e+03
2.310410e-02 5.857021e+13 6.73828809e-04 1.923888e+03
2.310410e-02 7.390722e+13 6.58679702e-04 2.172271e+03
2.310410e-02 9.326033e+13 6.37582467e-04 2.452723e+03
2.310410e-02 1.176812e+14 6.26840000e-04 2.806999e+03
2.310410e-02 1.484968e+14 5.91938515e-04 3.169396e+03
2.310410e-02 1.873817e+14 5.50359669e-04 3.578582e+03
2.310410e-02 2.364489e+14 5.16227286e-04 4.095479e+03
2.310410e-02 2.983647e+14 4.61387654e-04 4.624226e+03
2.310410e-02 3.764936e+14 4.13193479e-04 5.292158e+03
2.310410e-02 4.750810e+14 3.49747326e-04 5.975403e+03
2.310410e-02 5.994843e+14 2.85945010e-04 6.746858e+03
2.310410e-02 7.564633e+14 2.30518738e-04 7.721387e+03
2.310410e-02 9.545485e+14 1.72338230e-04 8.718257e+03
2.310410e-02 1.204504e+15 1.21670927e-04 9.843829e+03
2.310410e-02 1.519911e+15 8.24061109e-05 1.126569e+04
2.310410e-02 1.917910e+15 5.00154675e-05 1.272015e+04
2.310410e-02 2.420128e+15 2.74882266e-05 1.436238e+04
2.310410e-02 3.053856e+15 1.37987415e-05 1.643692e+04
2.310410e-02 3.853529e+15 5.86756509e-06 1.855900e+04
2.310410e-02 4.862602e+15 2.16894798e-06 2.123970e+04
2.310410e-02 6.135907e+15 6.35066809e-07 2.398186e+04
2.310410e-02 7.742637e+15 1.47500526e-07 2.744584e+04
2.310410e-02 9.770100e+15 2.41082103e-08 3.098924e+04
2.310410e-02 1.232847e+16 2.63721366e-09 3.499011e+04
2.310410e-02 1.555676e+16 1.81823568e-10 4.004415e+04
2.310410e-02 1.963041e+16 6.78908017e-12 4.521405e+04
2.310410e-02 2.477076e+16 1.29480252e-13 5.174486e+04
2.310410e-02 3.125716e+16 1.04383924e-15 5.842538e+04
2.310410e-02 3.944206e+16 3.16820044e-18 6.686446e+04
2.310410e-02 4.977024e+16 2.75472227e-21 7.549700e+04
2.310410e-02 6.280291e+16 5.29018101e-25 8.524405e+04
2.310410e-02 7.924829e+16 1.58100463e-29 9.755686e+04
2.310410e-02 1.000000e+17 4.24782548e-35 1.101519e+05
2.477401e-02 1.261857e+07 6.13078383e-05 5.059430e-01
2.477401e-02 1.592283e+07 6.32034080e-05 5.712628e-01
2.477401e-02 2.009233e+07 6.69532687e-05 6.537771e-01
2.477401e-02 2.535364e+07 6.90514997e-05 7.381830e-01
2.477401e-02 3.199267e+07 7.12301685e-05 8.334862e-01
2.477401e-02 4.037017e+07 7.55029325e-05 9.538766e-01
2.477401e-02 5.094138e+07 7.79176517e-05 1.077027e+00
2.477401e-02 6.428073e+07 8.04265556e-05 1.216077e+00
2.477401e-02 8.111308e+07 8.53049114e-05 1.391729e+00
2.477401e-02 1.023531e+08 8.80891921e-05 1.571408e+00
2.477401e-02 1.291550e+08 9.09838947e-05 1.774285e+00
2.477401e-02 1.629751e+08 9.65648287e-05 2.030566e+00
2.477401e-02 2.056512e+08 9.97812414e-05 2.292723e+00
2.477401e-02 2.595024e+08 1.03127251e-04 2.588725e+00
2.477401e-02 3.274549e+08 1.06608759e-04 2.922943e+00
2.477401e-02 4.132012e+08 1.13246869e-04 3.345138e+00
2.477401e-02 5.214008e+08 1.17121336e-04 3.777013e+00
2.477401e-02 6.579332e+08 1.21154921e-04 4.264644e+00
2.477401e-02 8.302176e+08 1.28783420e-04 4.880638e+00
2.477401e-02 1.047616e+09 1.33276910e-04 5.510753e+00
2.477401e-02 1.321941e+09 1.37957153e-04 6.222219e+00
2.477401e-02 1.668101e+09 1.46739147e-04 7.120968e+00
2.477401e-02 2.104904e+09 1.51957389e-04 8.040322e+00
2.477401e-02 2.656088e+09 1.57394430e-04 9.078369e+00
2.477401e-02 3.351603e+09 1.63059914e-04 1.025043e+01
2.477401e-02 4.229243e+09 1.73585082e-04 1.173102e+01
2.477401e-02 5.336699e+09 1.79905901e-04 1.324556e+01
2.477401e-02 6.734151e+09 1.86493005e-04 1.495563e+01
2.477401e-02 8.497534e+09 1.98645953e-04 1.711585e+01
2.477401e-02 1.072267e+10 2.05994734e-04 1.932559e+01
2.477401e-02 1.353048e+10 2.13651834e-04 2.182063e+01
2.477401e-02 1.707353e+10 2.21629126e-04 2.463778e+01
2.477401e-02 2.154435e+10 2.36227477e-04 2.819651e+01
2.477401e-02 2.718588e+10 2.45117360e-04 3.183682e+01
2.477401e-02 3.430469e+10 2.54372374e-04 3.594712e+01
2.477401e-02 4.328761e+10 2.64004038e-04 4.058807e+01
2.477401e-02 5.462277e+10 2.81517997e-04 4.645069e+01
2.477401e-02 6.892612e+10 2.92219804e-04 5.244771e+01
2.477401e-02 8.697490e+10 3.03339465e-04 5.921898e+01
2.477401e-02 1.097499e+11 3.23497132e-04 6.777268e+01
2.477401e-02 1.384886e+11 3.35801728e-04 7.652248e+01
2.477401e-02 1.747528e+11 3.48553570e-04 8.640193e+01
2.477401e-02 2.205131e+11 3.61753481e-04 9.755686e+01
2.477401e-02 2.782559e+11 3.85666076e-04 1.116482e+02
2.477401e-02 3.511192e+11 4.00134404e-04 1.260625e+02
2.477401e-02 4.430621e+11 4.15039742e-04 1.423378e+02
2.477401e-02 5.590810e+11 4.30362511e-04 1.607144e+02
2.477401e-02 7.054802e+11 4.58275712e-04 1.839282e+02
2.477401e-02 8.902151e+11 4.74780844e-04 2.076743e+02
2.477401e-02 1.123324e+12 4.91599277e-04 2.344861e+02
2.477401e-02 1.417474e+12 5.22580614e-04 2.683558e+02
2.477401e-02 1.788650e+12 5.40292799e-04 3.030019e+02
2.477401e-02 2.257020e+12 5.58081693e-04 3.421210e+02
2.477401e-02 2.848036e+12 5.75825586e-04 3.862905e+02
2.477401e-02 3.593814e+12 6.09606816e-04 4.420871e+02
2.477401e-02 4.534879e+12 6.27260807e-04 4.991628e+02
2.477401e-02 5.722368e+12 6.44322435e-04 5.636072e+02
2.477401e-02 7.220809e+12 6.78605784e-04 6.450157e+02
2.477401e-02 9.111628e+12 6.94096700e-04 7.282906e+02
2.477401e-02 1.149757e+13 7.08068952e-04 8.223166e+02
2.477401e-02 1.450829e+13 7.20123573e-04 9.284819e+02
2.477401e-02 1.830738e+13 7.49770547e-04 1.062594e+03
2.477401e-02 2.310130e+13 7.56771945e-04 1.199780e+03
2.477401e-02 2.915053e+13 7.60257499e-04 1.354678e+03
2.477401e-02 3.678380e+13 7.80395105e-04 1.550350e+03
2.477401e-02 4.641589e+13 7.74848312e-04 1.750508e+03
2.477401e-02 5.857021e+13 7.63750366e-04 1.976507e+03
2.477401e-02 7.390722e+13 7.66883518e-04 2.261998e+03
2.477401e-02 9.326033e+13 7.42194471e-04 2.554033e+03
2.477401e-02 1.176812e+14 7.10126955e-04 2.883772e+03
2.477401e-02 1.484968e+14 6.88779738e-04 3.300310e+03
2.477401e-02 1.873817e+14 6.40240879e-04 3.726396e+03
2.477401e-02 2.364489e+14 5.84382697e-04 4.207493e+03
2.477401e-02 2.983647e+14 5.36416823e-04 4.815232e+03
2.477401e-02 3.764936e+14 4.67425639e-04 5.436903e+03
2.477401e-02 4.750810e+14 3.95486492e-04 6.138835e+03
2.477401e-02 5.994843e+14 3.32024016e-04 7.025540e+03
2.477401e-02 7.564633e+14 2.60395507e-04 7.932573e+03
2.477401e-02 9.545485e+14 1.94549567e-04 8.956708e+03
2.477401e-02 1.204504e+15 1.41003868e-04 1.025043e+04
2.477401e-02 1.519911e+15 9.28771055e-05 1.157382e+04
2.477401e-02 1.917910e+15 5.78539451e-05 1.324556e+04
2.477401e-02 2.420128e+15 3.17585779e-05 1.495563e+04
2.477401e-02 3.053856e+15 1.54964369e-05 1.688648e+04
2.477401e-02 3.853529e+15 6.75864536e-06 1.932559e+04
2.477401e-02 4.862602e+15 2.42713444e-06 2.182063e+04
2.477401e-02 6.135907e+15 7.28425994e-07 2.497244e+04
2.477401e-02 7.742637e+15 1.64227314e-07 2.819651e+04
2.477401e-02 9.770100e+15 2.67531942e-08 3.183682e+04
2.477401e-02 1.232847e+16 2.99455265e-09 3.643539e+04
2.477401e-02 1.555676e+16 1.99990663e-10 4.113939e+04
2.477401e-02 1.963041e+16 7.62680032e-12 4.708164e+04
2.477401e-02 2.477076e+16 1.40587193e-13 5.316012e+04
2.477401e-02 3.125716e+16 1.15450961e-15 6.083867e+04
2.477401e-02 3.944206e+16 3.37602011e-18 6.869325e+04
2.477401e-02 4.977024e+16 2.89931400e-21 7.756190e+04
2.477401e-02 6.280291e+16 5.63498265e-25 8.876509e+04
2.477401e-02 7.924829e+16 1.60952889e-29 1.002251e+05
2.477401e-02 1.000000e+17 4.34427614e-35 1.147018e+05
2.656463e-02 1.261857e+07 7.15039262e-05 5.268411e-01
2.656463e-02 1.592283e+07 7.37147176e-05 5.948590e-01
2.656463e-02 2.009233e+07 7.80881791e-05 6.807816e-01
2.656463e-02 2.535364e+07 8.05353229e-05 7.686740e-01
2.656463e-02 3.199267e+07 8.30762743e-05 8.679137e-01
2.656463e-02 4.037017e+07 8.80595748e-05 9.932768e-01
2.656463e-02 5.094138e+07 9.08758141e-05 1.121514e+00
2.656463e-02 6.428073e+07 9.38018905e-05 1.266307e+00
2.656463e-02 8.111308e+07 9.94914561e-05 1.449215e+00
2.656463e-02 1.023531e+08 1.02738677e-04 1.636316e+00
2.656463e-02 1.291550e+08 1.06114668e-04 1.847573e+00
2.656463e-02 1.629751e+08 1.09625260e-04 2.086104e+00
2.656463e-02 2.056512e+08 1.16374755e-04 2.387425e+00
2.656463e-02 2.595024e+08 1.20277042e-04 2.695653e+00
2.656463e-02 3.274549e+08 1.24337335e-04 3.043676e+00
2.656463e-02 4.132012e+08 1.32079125e-04 3.483310e+00
2.656463e-02 5.214008e+08 1.36597657e-04 3.933024e+00
2.656463e-02 6.579332e+08 1.41301731e-04 4.440797e+00
2.656463e-02 8.302176e+08 1.50198466e-04 5.082234e+00
2.656463e-02 1.047616e+09 1.55438826e-04 5.738377e+00
2.656463e-02 1.321941e+09 1.60896940e-04 6.479231e+00
2.656463e-02 1.668101e+09 1.66582618e-04 7.315732e+00
2.656463e-02 2.104904e+09 1.77224212e-04 8.372431e+00
2.656463e-02 2.656088e+09 1.83564747e-04 9.453354e+00
2.656463e-02 3.351603e+09 1.90171622e-04 1.067383e+01
2.656463e-02 4.229243e+09 1.97056433e-04 1.205188e+01
2.656463e-02 5.336699e+09 2.09817022e-04 1.379267e+01
2.656463e-02 6.734151e+09 2.17498398e-04 1.557338e+01
2.656463e-02 8.497534e+09 2.25503114e-04 1.758398e+01
2.656463e-02 1.072267e+10 2.40240148e-04 2.012384e+01
2.656463e-02 1.353048e+10 2.49168891e-04 2.272193e+01
2.656463e-02 1.707353e+10 2.58470847e-04 2.565545e+01
2.656463e-02 2.154435e+10 2.68159835e-04 2.896770e+01
2.656463e-02 2.718588e+10 2.85859908e-04 3.315185e+01
2.656463e-02 3.430469e+10 2.96651122e-04 3.743193e+01
2.656463e-02 4.328761e+10 3.07881244e-04 4.226458e+01
2.656463e-02 5.462277e+10 3.19562937e-04 4.772115e+01
2.656463e-02 6.892612e+10 3.40780432e-04 5.461409e+01
2.656463e-02 8.697490e+10 3.53744418e-04 6.166505e+01
2.656463e-02 1.097499e+11 3.67204223e-04 6.962632e+01
2.656463e-02 1.384886e+11 3.81166794e-04 7.861543e+01
2.656463e-02 1.747528e+11 4.06457248e-04 8.997080e+01
2.656463e-02 2.205131e+11 4.21844142e-04 1.015865e+02
2.656463e-02 2.782559e+11 4.37749266e-04 1.147018e+02
2.656463e-02 3.511192e+11 4.66585757e-04 1.312696e+02
2.656463e-02 4.430621e+11 4.83957773e-04 1.482171e+02
2.656463e-02 5.590810e+11 5.01815079e-04 1.673527e+02
2.656463e-02 7.054802e+11 5.20125413e-04 1.889588e+02
2.656463e-02 8.902151e+11 5.53583341e-04 2.162524e+02
2.656463e-02 1.123324e+12 5.73178571e-04 2.441717e+02
2.656463e-02 1.417474e+12 5.93063344e-04 2.756955e+02
2.656463e-02 1.788650e+12 6.13145606e-04 3.112892e+02
2.656463e-02 2.257020e+12 6.50633347e-04 3.562524e+02
2.656463e-02 2.848036e+12 6.71294987e-04 4.022464e+02
2.656463e-02 3.593814e+12 6.91728707e-04 4.541785e+02
2.656463e-02 4.534879e+12 7.31195279e-04 5.197809e+02
2.656463e-02 5.722368e+12 7.51046731e-04 5.868873e+02
2.656463e-02 7.220809e+12 7.69907841e-04 6.626574e+02
2.656463e-02 9.111628e+12 7.87435283e-04 7.482099e+02
2.656463e-02 1.149757e+13 8.25201602e-04 8.562827e+02
2.656463e-02 1.450829e+13 8.39187904e-04 9.668332e+02
2.656463e-02 1.830738e+13 8.50405164e-04 1.091656e+03
2.656463e-02 2.310130e+13 8.81741517e-04 1.249337e+03
2.656463e-02 2.915053e+13 8.85711677e-04 1.410633e+03
2.656463e-02 3.678380e+13 8.84866184e-04 1.592753e+03
2.656463e-02 4.641589e+13 9.02490622e-04 1.822813e+03
2.656463e-02 5.857021e+13 8.89436268e-04 2.058148e+03
2.656463e-02 7.390722e+13 8.69167901e-04 2.323865e+03
2.656463e-02 9.326033e+13 8.64035232e-04 2.659529e+03
2.656463e-02 1.176812e+14 8.26533015e-04 3.002888e+03
2.656463e-02 1.484968e+14 7.80161460e-04 3.390576e+03
2.656463e-02 1.873817e+14 7.44819985e-04 3.880317e+03
2.656463e-02 2.364489e+14 6.79633099e-04 4.381286e+03
2.656463e-02 2.983647e+14 6.07032194e-04 4.946932e+03
2.656463e-02 3.764936e+14 5.43213014e-04 5.661476e+03
2.656463e-02 4.750810e+14 4.59403060e-04 6.392402e+03
2.656463e-02 5.994843e+14 3.75222035e-04 7.217694e+03
2.656463e-02 7.564633e+14 3.02142692e-04 8.260231e+03
2.656463e-02 9.545485e+14 2.25584599e-04 9.326669e+03
2.656463e-02 1.204504e+15 1.59017211e-04 1.053079e+04
2.656463e-02 1.519911e+15 1.07506869e-04 1.205188e+04
2.656463e-02 1.917910e+15 6.51132820e-05 1.360784e+04
2.656463e-02 2.420128e+15 3.66744541e-05 1.557338e+04
2.656463e-02 3.053856e+15 1.78684220e-05 1.758398e+04
2.656463e-02 3.853529e+15 7.57238836e-06 1.985416e+04
2.656463e-02 4.862602e+15 2.78794936e-06 2.272193e+04
2.656463e-02 6.135907e+15 8.12429706e-07 2.565545e+04
2.656463e-02 7.742637e+15 1.87620265e-07 2.936118e+04
2.656463e-02 9.770100e+15 3.04551812e-08 3.315185e+04
2.656463e-02 1.232847e+16 3.30389149e-09 3.743193e+04
2.656463e-02 1.555676e+16 2.25505142e-10 4.283867e+04
2.656463e-02 1.963041e+16 8.31827443e-12 4.836936e+04
2.656463e-02 2.477076e+16 1.56334757e-13 5.535592e+04
2.656463e-02 3.125716e+16 1.23827006e-15 6.250265e+04
2.656463e-02 3.944206e+16 3.67922338e-18 7.153065e+04
2.656463e-02 4.977024e+16 3.11795558e-21 8.076563e+04
2.656463e-02 6.280291e+16 5.80427208e-25 9.119288e+04
2.656463e-02 7.924829e+16 1.67009852e-29 1.043650e+05
2.656463e-02 1.000000e+17 4.28332718e-35 1.178390e+05
2.848467e-02 1.261857e+07 8.34137788e-05 5.486025e-01
2.848467e-02 1.592283e+07 8.59927669e-05 6.194299e-01
2.848467e-02 2.009233e+07 9.10946347e-05 7.089016e-01
2.848467e-02 2.535364e+07 9.39493255e-05 8.004244e-01
2.848467e-02 3.199267e+07 9.69134393e-05 9.037633e-01
2.848467e-02 4.037017e+07 1.02726687e-04 1.034305e+00
2.848467e-02 5.094138e+07 1.06011916e-04 1.167839e+00
2.848467e-02 6.428073e+07 1.09425262e-04 1.318612e+00
2.848467e-02 8.111308e+07 1.12972475e-04 1.488852e+00
2.848467e-02 1.023531e+08 1.19850303e-04 1.703905e+00
2.848467e-02 1.291550e+08 1.23788445e-04 1.923888e+00
2.848467e-02 1.629751e+08 1.27883583e-04 2.172271e+00
2.848467e-02 2.056512e+08 1.35757043e-04 2.486038e+00
2.848467e-02 2.595024e+08 1.40309056e-04 2.806999e+00
2.848467e-02 3.274549e+08 1.45045359e-04 3.169396e+00
2.848467e-02 4.132012e+08 1.54076260e-04 3.627190e+00
2.848467e-02 5.214008e+08 1.59347036e-04 4.095479e+00
2.848467e-02 6.579332e+08 1.64834209e-04 4.624226e+00
2.848467e-02 8.302176e+08 1.70547623e-04 5.221237e+00
2.848467e-02 1.047616e+09 1.81324883e-04 5.975403e+00
2.848467e-02 1.321941e+09 1.87691485e-04 6.746858e+00
2.848467e-02 1.668101e+09 1.94323474e-04 7.617912e+00
2.848467e-02 2.104904e+09 2.01232715e-04 8.601423e+00
2.848467e-02 2.656088e+09 2.14132285e-04 9.843829e+00
2.848467e-02 3.351603e+09 2.21838570e-04 1.111472e+01
2.848467e-02 4.229243e+09 2.29868951e-04 1.254968e+01
2.848467e-02 5.336699e+09 2.44753342e-04 1.436238e+01
2.848467e-02 6.734151e+09 2.53712603e-04 1.621664e+01
2.848467e-02 8.497534e+09 2.63048866e-04 1.831029e+01
2.848467e-02 1.072267e+10 2.72777450e-04 2.067425e+01
2.848467e-02 1.353048e+10 2.90651790e-04 2.366047e+01
2.848467e-02 1.707353e+10 3.01500544e-04 2.671516e+01
2.848467e-02 2.154435e+10 3.12800470e-04 3.016423e+01
2.848467e-02 2.718588e+10 3.24567524e-04 3.405858e+01
2.848467e-02 3.430469e+10 3.46029556e-04 3.897807e+01
2.848467e-02 4.328761e+10 3.59125950e-04 4.401034e+01
2.848467e-02 5.462277e+10 3.72748589e-04 4.969230e+01
2.848467e-02 6.892612e+10 3.86911126e-04 5.610783e+01
2.848467e-02 8.697490e+10 4.12610489e-04 6.421215e+01
2.848467e-02 1.097499e+11 4.28305141e-04 7.250226e+01
2.848467e-02 1.384886e+11 4.44585396e-04 8.186268e+01
2.848467e-02 1.747528e+11 4.61455996e-04 9.243157e+01
2.848467e-02 2.205131e+11 4.92016546e-04 1.057826e+02
2.848467e-02 2.782559e+11 5.10559135e-04 1.194396e+02
2.848467e-02 3.511192e+11 5.29694741e-04 1.348599e+02
2.848467e-02 4.430621e+11 5.49405836e-04 1.522710e+02
2.848467e-02 5.590810e+11 5.85246880e-04 1.742653e+02
2.848467e-02 7.054802e+11 6.06587536e-04 1.967639e+02
2.848467e-02 8.902151e+11 6.28403724e-04 2.221671e+02
2.848467e-02 1.123324e+12 6.68424692e-04 2.542573e+02
2.848467e-02 1.417474e+12 6.91592913e-04 2.870832e+02
2.848467e-02 1.788650e+12 7.14987954e-04 3.241471e+02
2.848467e-02 2.257020e+12 7.38476918e-04 3.659962e+02
2.848467e-02 2.848036e+12 7.82736266e-04 4.188614e+02
2.848467e-02 3.593814e+12 8.06526819e-04 4.729385e+02
2.848467e-02 4.534879e+12 8.29806189e-04 5.339973e+02
2.848467e-02 5.722368e+12 8.52289460e-04 6.029391e+02
2.848467e-02 7.220809e+12 8.97536454e-04 6.900288e+02
2.848467e-02 9.111628e+12 9.17909699e-04 7.791150e+02
2.848467e-02 1.149757e+13 9.36257017e-04 8.797027e+02
2.848467e-02 1.450829e+13 9.78088702e-04 1.006769e+03
2.848467e-02 1.830738e+13 9.91074492e-04 1.136748e+03
2.848467e-02 2.310130e+13 1.00013806e-03 1.283508e+03
2.848467e-02 2.915053e+13 1.03200508e-03 1.468900e+03
2.848467e-02 3.678380e+13 1.03089274e-03 1.658542e+03
2.848467e-02 4.641589e+13 1.02329262e-03 1.872669e+03
2.848467e-02 5.857021e+13 1.00833464e-03 2.114440e+03
2.848467e-02 7.390722e+13 1.01213078e-03 2.419853e+03
2.848467e-02 9.326033e+13 9.79175244e-04 2.732269e+03
2.848467e-02 1.176812e+14 9.36468003e-04 3.085019e+03
2.848467e-02 1.484968e+14 9.07877099e-04 3.530625e+03
2.848467e-02 1.873817e+14 8.43434906e-04 3.986446e+03
2.848467e-02 2.364489e+14 7.69368196e-04 4.501117e+03
2.848467e-02 2.983647e+14 7.05715943e-04 5.151267e+03
2.848467e-02 3.764936e+14 6.14449796e-04 5.816322e+03
2.848467e-02 4.750810e+14 5.19397772e-04 6.567239e+03
2.848467e-02 5.994843e+14 4.35583898e-04 7.515823e+03
2.848467e-02 7.564633e+14 3.41191697e-04 8.486155e+03
2.848467e-02 9.545485e+14 2.61512652e-04 9.711911e+03
2.848467e-02 1.204504e+15 1.84184914e-04 1.096577e+04
2.848467e-02 1.519911e+15 1.21085684e-04 1.238151e+04
2.848467e-02 1.917910e+15 7.52553506e-05 1.416991e+04
2.848467e-02 2.420128e+15 4.12020260e-05 1.599932e+04
2.848467e-02 3.053856e+15 2.00421501e-05 1.806492e+04
2.848467e-02 3.853529e+15 8.70944094e-06 2.067425e+04
2.848467e-02 4.862602e+15 3.11426203e-06 2.334340e+04
2.848467e-02 6.135907e+15 9.29870813e-07 2.671516e+04
2.848467e-02 7.742637e+15 2.08361209e-07 3.016423e+04
2.848467e-02 9.770100e+15 3.36925235e-08 3.405858e+04
2.848467e-02 1.232847e+16 3.73769337e-09 3.897807e+04
2.848467e-02 1.555676e+16 2.46933552e-10 4.401034e+04
2.848467e-02 1.963041e+16 9.29466215e-12 5.036727e+04
2.848467e-02 2.477076e+16 1.68651520e-13 5.686995e+04
2.848467e-02 3.125716e+16 1.35893334e-15 6.508435e+04
2.848467e-02 3.944206e+16 3.88397531e-18 7.348707e+04
2.848467e-02 4.977024e+16 3.24475035e-21 8.297463e+04
2.848467e-02 6.280291e+16 6.09892073e-25 9.495964e+04
2.848467e-02 7.924829e+16 1.67247359e-29 1.072194e+05
2.848467e-02 1.000000e+17 4.29411084e-35 1.227064e+05
3.054349e-02 1.261857e+07 9.73298378e-05 5.712628e-01
3.054349e-02 1.592283e+07 1.00339035e-04 6.450157e-01
3.054349e-02 2.009233e+07 1.06291997e-04 7.381830e-01
3.054349e-02 2.535364e+07 1.09622871e-04 8.334862e-01
3.054349e-02 3.199267e+07 1.13081412e-04 9.410936e-01
3.054349e-02 4.037017e+07 1.16673286e-04 1.062594e+00
3.054349e-02 5.094138e+07 1.23697586e-04 1.216077e+00
3.054349e-02 6.428073e+07 1.27680257e-04 1.373078e+00
3.054349e-02 8.111308e+07 1.31819106e-04 1.550350e+00
3.054349e-02 1.023531e+08 1.39844176e-04 1.774285e+00
3.054349e-02 1.291550e+08 1.44439121e-04 2.003355e+00
3.054349e-02 1.629751e+08 1.49217225e-04 2.261998e+00
3.054349e-02 2.056512e+08 1.58403916e-04 2.588725e+00
3.054349e-02 2.595024e+08 1.63715039e-04 2.922943e+00
3.054349e-02 3.274549e+08 1.69241155e-04 3.300310e+00
3.054349e-02 4.132012e+08 1.74992051e-04 3.726396e+00
3.054349e-02 5.214008e+08 1.85927860e-04 4.264644e+00
3.054349e-02 6.579332e+08 1.92329938e-04 4.815232e+00
3.054349e-02 8.302176e+08 1.98995930e-04 5.436903e+00
3.054349e-02 1.047616e+09 2.05937803e-04 6.138835e+00
3.054349e-02 1.321941e+09 2.18998326e-04 7.025540e+00
3.054349e-02 1.668101e+09 2.26735851e-04 7.932573e+00
3.054349e-02 2.104904e+09 2.34796768e-04 8.956708e+00
3.054349e-02 2.656088e+09 2.43195432e-04 1.011307e+01
3.054349e-02 3.351603e+09 2.58837637e-04 1.157382e+01
3.054349e-02 4.229243e+09 2.68206259e-04 1.306805e+01
3.054349e-02 5.336699e+09 2.77969120e-04 1.475521e+01
3.054349e-02 6.734151e+09 2.96023805e-04 1.688648e+01
3.054349e-02 8.497534e+09 3.06915470e-04 1.906661e+01
3.054349e-02 1.072267e+10 3.18264633e-04 2.152820e+01
3.054349e-02 1.353048e+10 3.30089366e-04 2.430761e+01
3.054349e-02 1.707353e+10 3.51773026e-04 2.781864e+01
3.054349e-02 2.154435e+10 3.64954520e-04 3.141017e+01
3.054349e-02 2.718588e+10 3.78680614e-04 3.546539e+01
3.054349e-02 3.430469e+10 3.92969495e-04 4.004415e+01
3.054349e-02 4.328761e+10 4.18993476e-04 4.582820e+01
3.054349e-02 5.462277e+10 4.34882800e-04 5.174486e+01
3.054349e-02 6.892612e+10 4.51401328e-04 5.842538e+01
3.054349e-02 8.697490e+10 4.68563146e-04 6.596840e+01
3.054349e-02 1.097499e+11 4.99682880e-04 7.549700e+01
3.054349e-02 1.384886e+11 5.18669221e-04 8.524405e+01
3.054349e-02 1.747528e+11 5.38343116e-04 9.624949e+01
3.054349e-02 2.205131e+11 5.58705380e-04 1.086758e+02
3.054349e-02 2.782559e+11 5.95607769e-04 1.243731e+02
3.054349e-02 3.511192e+11 6.17919205e-04 1.404303e+02
3.054349e-02 4.430621e+11 6.40900018e-04 1.585606e+02
3.054349e-02 5.590810e+11 6.64519202e-04 1.790316e+02
3.054349e-02 7.054802e+11 7.07570823e-04 2.048913e+02
3.054349e-02 8.902151e+11 7.32999099e-04 2.313438e+02
3.054349e-02 1.123324e+12 7.58901790e-04 2.612114e+02
3.054349e-02 1.417474e+12 7.85180591e-04 2.949352e+02
3.054349e-02 1.788650e+12 8.33913624e-04 3.375362e+02
3.054349e-02 2.257020e+12 8.61275983e-04 3.811138e+02
3.054349e-02 2.848036e+12 8.88553356e-04 4.303176e+02
3.054349e-02 3.593814e+12 9.15516968e-04 4.858738e+02
3.054349e-02 4.534879e+12 9.67654799e-04 5.560543e+02
3.054349e-02 5.722368e+12 9.93816103e-04 6.278437e+02
3.054349e-02 7.220809e+12 1.01864952e-03 7.089016e+02
3.054349e-02 9.111628e+12 1.07019029e-03 8.112967e+02
3.054349e-02 1.149757e+13 1.09149679e-03 9.160392e+02
3.054349e-02 1.450829e+13 1.10981225e-03 1.034305e+03
3.054349e-02 1.830738e+13 1.12443939e-03 1.167839e+03
3.054349e-02 2.310130e+13 1.16563407e-03 1.336523e+03
3.054349e-02 2.915053e+13 1.17061425e-03 1.509075e+03
3.054349e-02 3.678380e+13 1.16919742e-03 1.703905e+03
3.054349e-02 4.641589e+13 1.19214332e-03 1.950020e+03
3.054349e-02 5.857021e+13 1.17452148e-03 2.201778e+03
3.054349e-02 7.390722e+13 1.14734182e-03 2.486038e+03
3.054349e-02 9.326033e+13 1.14010209e-03 2.845126e+03
3.054349e-02 1.176812e+14 1.09011621e-03 3.212447e+03
3.054349e-02 1.484968e+14 1.02842131e-03 3.627190e+03
3.054349e-02 1.873817e+14 9.81254087e-04 4.151108e+03
3.054349e-02 2.364489e+14 8.94773358e-04 4.687038e+03
3.054349e-02 2.983647e+14 7.98578674e-04 5.292158e+03
3.054349e-02 3.764936e+14 7.13996304e-04 6.056568e+03
3.054349e-02 4.750810e+14 6.03231251e-04 6.838501e+03
3.054349e-02 5.994843e+14 4.92127037e-04 7.721387e+03
3.054349e-02 7.564633e+14 3.95752205e-04 8.836679e+03
3.054349e-02 9.545485e+14 2.95020933e-04 9.977539e+03
3.054349e-02 1.204504e+15 2.07593058e-04 1.126569e+04
3.054349e-02 1.519911e+15 1.40056448e-04 1.289293e+04
3.054349e-02 1.917910e+15 8.46220045e-05 1.455747e+04
3.054349e-02 2.420128e+15 4.75274505e-05 1.666018e+04
3.054349e-02 3.053856e+15 2.30792214e-05 1.881109e+04
3.054349e-02 3.853529e+15 9.74243252e-06 2.123970e+04
3.054349e-02 4.862602e+15 3.57034322e-06 2.430761e+04
3.054349e-02 6.135907e+15 1.03471324e-06 2.744584e+04
3.054349e-02 7.742637e+15 2.31062607e-07 3.098924e+04
3.054349e-02 9.770100e+15 3.82274537e-08 3.546539e+04
3.054349e-02 1.232847e+16 4.10735697e-09 4.004415e+04
3.054349e-02 1.555676e+16 2.77101806e-10 4.582820e+04
3.054349e-02 1.963041e+16 1.00788567e-11 5.174486e+04
3.054349e-02 2.477076e+16 1.86240264e-13 5.921898e+04
3.054349e-02 3.125716e+16 1.44534497e-15 6.686446e+04
3.054349e-02 3.944206e+16 4.07868402e-18 7.549700e+04
3.054349e-02 4.977024e+16 3.44721776e-21 8.640193e+04
3.054349e-02 6.280291e+16 6.19059004e-25 9.755686e+04
3.054349e-02 7.924829e+16 1.70490280e-29 1.116482e+05
3.054349e-02 1.000000e+17 4.14387915e-35 1.260625e+05
3.275111e-02 1.261857e+07 1.13595506e-04 5.948590e-01
3.275111e-02 1.592283e+07 1.17107538e-04 6.716584e-01
3.275111e-02 2.009233e+07 1.20752601e-04 7.583729e-01
3.275111e-02 2.535364e+07 1.27942719e-04 8.679137e-01
3.275111e-02 3.199267e+07 1.31979146e-04 9.799658e-01
3.275111e-02 4.037017e+07 1.36171170e-04 1.106484e+00
3.275111e-02 5.094138e+07 1.44369211e-04 1.266307e+00
3.275111e-02 6.428073e+07 1.49017298e-04 1.429794e+00
3.275111e-02 8.111308e+07 1.53847638e-04 1.614388e+00
3.275111e-02 1.023531e+08 1.63213601e-04 1.847573e+00
3.275111e-02 1.291550e+08 1.68576193e-04 2.086104e+00
3.275111e-02 1.629751e+08 1.74152516e-04 2.355431e+00
3.275111e-02 2.056512e+08 1.79952255e-04 2.659529e+00
3.275111e-02 2.595024e+08 1.91072409e-04 3.043676e+00
3.275111e-02 3.274549e+08 1.97521600e-04 3.436630e+00
3.275111e-02 4.132012e+08 2.04233077e-04 3.880317e+00
3.275111e-02 5.214008e+08 2.11218788e-04 4.381286e+00
3.275111e-02 6.579332e+08 2.24467105e-04 5.014127e+00
3.275111e-02 8.302176e+08 2.32246358e-04 5.661476e+00
3.275111e-02 1.047616e+09 2.40347498e-04 6.392402e+00
3.275111e-02 1.321941e+09 2.48785055e-04 7.217694e+00
3.275111e-02 1.668101e+09 2.64619013e-04 8.260231e+00
3.275111e-02 2.104904e+09 2.74025800e-04 9.326669e+00
3.275111e-02 2.656088e+09 2.83826617e-04 1.053079e+01
3.275111e-02 3.351603e+09 2.94038785e-04 1.189037e+01
3.275111e-02 4.229243e+09 3.13013407e-04 1.360784e+01
3.275111e-02 5.336699e+09 3.24405730e-04 1.536468e+01
3.275111e-02 6.734151e+09 3.36277348e-04 1.734834e+01
3.275111e-02 8.497534e+09 3.48648128e-04 1.958809e+01
3.275111e-02 1.072267e+10 3.71426658e-04 2.241744e+01
3.275111e-02 1.353048e+10 3.85224050e-04 2.531164e+01
3.275111e-02 1.707353e+10 3.99597330e-04 2.857950e+01
3.275111e-02 2.154435e+10 4.14567710e-04 3.226926e+01
3.275111e-02 2.718588e+10 4.41921322e-04 3.693030e+01
3.275111e-02 3.430469e+10 4.58592375e-04 4.169819e+01
3.275111e-02 4.328761e+10 4.75940086e-04 4.708164e+01
3.275111e-02 5.462277e+10 4.93983774e-04 5.316012e+01
3.275111e-02 6.892612e+10 5.26765201e-04 6.083867e+01
3.275111e-02 8.697490e+10 5.46785502e-04 6.869325e+01
3.275111e-02 1.097499e+11 5.67569098e-04 7.756190e+01
3.275111e-02 1.384886e+11 5.89126289e-04 8.757554e+01
3.275111e-02 1.747528e+11 6.28186998e-04 1.002251e+02
3.275111e-02 2.205131e+11 6.51936249e-04 1.131647e+02
3.275111e-02 2.782559e+11 6.76481173e-04 1.277748e+02
3.275111e-02 3.511192e+11 7.01807746e-04 1.442712e+02
3.275111e-02 4.430621e+11 7.47800583e-04 1.651100e+02
3.275111e-02 5.590810e+11 7.75340500e-04 1.864266e+02
3.275111e-02 7.054802e+11 8.03571538e-04 2.104952e+02
3.275111e-02 8.902151e+11 8.32425626e-04 2.376712e+02
3.275111e-02 1.123324e+12 8.85385712e-04 2.720009e+02
3.275111e-02 1.417474e+12 9.16012404e-04 3.071176e+02
3.275111e-02 1.788650e+12 9.46929239e-04 3.467680e+02
3.275111e-02 2.257020e+12 9.77958858e-04 3.915376e+02
3.275111e-02 2.848036e+12 1.03647898e-03 4.480920e+02
3.275111e-02 3.593814e+12 1.06787734e-03 5.059430e+02
3.275111e-02 4.534879e+12 1.09858187e-03 5.712628e+02
3.275111e-02 5.722368e+12 1.15907091e-03 6.537771e+02
3.275111e-02 7.220809e+12 1.18795288e-03 7.381830e+02
3.275111e-02 9.111628e+12 1.21474188e-03 8.334862e+02
3.275111e-02 1.149757e+13 1.23882300e-03 9.410936e+02
3.275111e-02 1.450829e+13 1.29394223e-03 1.077027e+03
3.275111e-02 1.830738e+13 1.31086140e-03 1.216077e+03
3.275111e-02 2.310130e+13 1.32255731e-03 1.373078e+03
3.275111e-02 2.915053e+13 1.36436129e-03 1.571408e+03
3.275111e-02 3.678380e+13 1.36251561e-03 1.774285e+03
3.275111e-02 4.641589e+13 1.35205390e-03 2.003355e+03
3.275111e-02 5.857021e+13 1.36825628e-03 2.292723e+03
3.275111e-02 7.390722e+13 1.33632427e-03 2.588725e+03
3.275111e-02 9.326033e+13 1.29224689e-03 2.922943e+03
3.275111e-02 1.176812e+14 1.23527399e-03 3.300310e+03
3.275111e-02 1.484968e+14 1.19689047e-03 3.777013e+03
3.275111e-02 1.873817e+14 1.11122811e-03 4.264644e+03
3.275111e-02 2.364489e+14 1.01291341e-03 4.815232e+03
3.275111e-02 2.983647e+14 9.28347302e-04 5.510753e+03
3.275111e-02 3.764936e+14 8.07529113e-04 6.222219e+03
3.275111e-02 4.750810e+14 6.81872623e-04 7.025540e+03
3.275111e-02 5.994843e+14 5.71131700e-04 8.040322e+03
3.275111e-02 7.564633e+14 4.46726629e-04 9.078369e+03
3.275111e-02 9.545485e+14 3.41836181e-04 1.038967e+04
3.275111e-02 1.204504e+15 2.40295956e-04 1.173102e+04
3.275111e-02 1.519911e+15 1.57621561e-04 1.324556e+04
3.275111e-02 1.917910e+15 9.77074952e-05 1.515877e+04
3.275111e-02 2.420128e+15 5.33314690e-05 1.711585e+04
3.275111e-02 3.053856e+15 2.58496524e-05 1.932559e+04
3.275111e-02 3.853529e+15 1.11859392e-05 2.211702e+04
3.275111e-02 4.862602e+15 3.97994315e-06 2.497244e+04
3.275111e-02 6.135907e+15 1.18133692e-06 2.857950e+04
3.275111e-02 7.742637e+15 2.62837385e-07 3.226926e+04
3.275111e-02 9.770100e+15 4.21395319e-08 3.643539e+04
3.275111e-02 1.232847e+16 4.62666849e-09 4.169819e+04
3.275111e-02 1.555676e+16 3.01863954e-10 4.708164e+04
3.275111e-02 1.963041e+16 1.11918297e-11 5.388220e+04
3.275111e-02 2.477076e+16 1.99408953e-13 6.083867e+04
3.275111e-02 3.125716e+16 1.53005110e-15 6.869325e+04
3.275111e-02 3.944206e+16 4.37549710e-18 7.861543e+04
3.275111e-02 4.977024e+16 3.54062683e-21 8.876509e+04
3.275111e-02 6.280291e+16 6.40271147e-25 1.015865e+05
3.275111e-02 7.924829e+16 1.67499542e-29 1.147018e+05
3.275111e-02 1.000000e+17 4.05921972e-35 1.312696e+05
3.511830e-02 1.261857e+07 1.32614283e-04 6.194299e-01
3.511830e-02 1.592283e+07 1.36714243e-04 6.994015e-01
3.511830e-02 2.009233e+07 1.40969492e-04 7.896978e-01
3.511830e-02 2.535364e+07 1.49363304e-04 9.037633e-01
3.511830e-02 3.199267e+07 1.54075404e-04 1.020444e+00
3.511830e-02 4.037017e+07 1.58969130e-04 1.152188e+00
3.511830e-02 5.094138e+07 1.68539537e-04 1.318612e+00
3.511830e-02 6.428073e+07 1.73965625e-04 1.488852e+00
3.511830e-02 8.111308e+07 1.79604449e-04 1.681071e+00
3.511830e-02 1.023531e+08 1.85465572e-04 1.898105e+00
3.511830e-02 1.291550e+08 1.96798302e-04 2.172271e+00
3.511830e-02 1.629751e+08 2.03307876e-04 2.452723e+00
3.511830e-02 2.056512e+08 2.10078218e-04 2.769382e+00
3.511830e-02 2.595024e+08 2.17121175e-04 3.126923e+00
3.511830e-02 3.274549e+08 2.30587996e-04 3.578582e+00
3.511830e-02 4.132012e+08 2.38422510e-04 4.040595e+00
3.511830e-02 5.214008e+08 2.46577088e-04 4.562256e+00
3.511830e-02 6.579332e+08 2.55066275e-04 5.151267e+00
3.511830e-02 8.302176e+08 2.71123283e-04 5.895326e+00
3.511830e-02 1.047616e+09 2.80579688e-04 6.656443e+00
3.511830e-02 1.321941e+09 2.90428696e-04 7.515823e+00
3.511830e-02 1.668101e+09 3.00687955e-04 8.486155e+00
3.511830e-02 2.104904e+09 3.19892137e-04 9.711911e+00
3.511830e-02 2.656088e+09 3.31332070e-04 1.096577e+01
3.511830e-02 3.351603e+09 3.43251995e-04 1.238151e+01
3.511830e-02 4.229243e+09 3.55672742e-04 1.398002e+01
3.511830e-02 5.336699e+09 3.78697715e-04 1.599932e+01
3.511830e-02 6.734151e+09 3.92553971e-04 1.806492e+01
3.511830e-02 8.497534e+09 4.06992583e-04 2.039719e+01
3.511830e-02 1.072267e+10 4.22037130e-04 2.303057e+01
3.511830e-02 1.353048e+10 4.49683222e-04 2.635715e+01
3.511830e-02 1.707353e+10 4.66458027e-04 2.975999e+01
3.511830e-02 2.154435e+10 4.83929274e-04 3.360216e+01
3.511830e-02 2.718588e+10 5.02121435e-04 3.794037e+01
3.511830e-02 3.430469e+10 5.35309804e-04 4.342055e+01
3.511830e-02 4.328761e+10 5.55553789e-04 4.902636e+01
3.511830e-02 5.462277e+10 5.76609235e-04 5.535592e+01
3.511830e-02 6.892612e+10 5.98496895e-04 6.250265e+01
3.511830e-02 8.697490e+10 6.38226418e-04 7.153065e+01
3.511830e-02 1.097499e+11 6.62476143e-04 8.076563e+01
3.511830e-02 1.384886e+11 6.87627248e-04 9.119288e+01
3.511830e-02 1.747528e+11 7.13686442e-04 1.029663e+02
3.511830e-02 2.205131e+11 7.40654322e-04 1.162598e+02
3.511830e-02 2.782559e+11 7.89543586e-04 1.330526e+02
3.511830e-02 3.511192e+11 8.19085019e-04 1.502304e+02
3.511830e-02 4.430621e+11 8.49507939e-04 1.696259e+02
3.511830e-02 5.590810e+11 8.80770437e-04 1.915255e+02
3.511830e-02 7.054802e+11 9.37780344e-04 2.191898e+02
3.511830e-02 8.902151e+11 9.71423118e-04 2.474883e+02
3.511830e-02 1.123324e+12 1.00568481e-03 2.794403e+02
3.511830e-02 1.417474e+12 1.06889047e-03 3.198032e+02
3.511830e-02 1.788650e+12 1.10492177e-03 3.610914e+02
3.511830e-02 2.257020e+12 1.14107713e-03 4.077102e+02
3.511830e-02 2.848036e+12 1.17710348e-03 4.603477e+02
3.511830e-02 3.593814e+12 1.24586385e-03 5.268411e+02
3.511830e-02 4.534879e+12 1.28160903e-03 5.948590e+02
3.511830e-02 5.722368e+12 1.31609008e-03 6.716584e+02
3.511830e-02 7.220809e+12 1.34878599e-03 7.583729e+02
3.511830e-02 9.111628e+12 1.41680942e-03 8.679137e+02
3.511830e-02 1.149757e+13 1.44476678e-03 9.799658e+02
3.511830e-02 1.450829e+13 1.46872814e-03 1.106484e+03
3.511830e-02 1.830738e+13 1.52845985e-03 1.266307e+03
3.511830e-02 2.310130e+13 1.54190743e-03 1.429794e+03
3.511830e-02 2.915053e+13 1.54808504e-03 1.614388e+03
3.511830e-02 3.678380e+13 1.54575367e-03 1.822813e+03
3.511830e-02 4.641589e+13 1.57556734e-03 2.086104e+03
3.511830e-02 5.857021e+13 1.55170083e-03 2.355431e+03
3.511830e-02 7.390722e+13 1.51515945e-03 2.659529e+03
3.511830e-02 9.326033e+13 1.50489001e-03 3.043676e+03
3.511830e-02 1.176812e+14 1.43814579e-03 3.436630e+03
3.511830e-02 1.484968e+14 1.35593807e-03 3.880317e+03
3.511830e-02 1.873817e+14 1.29286681e-03 4.440797e+03
3.511830e-02 2.364489e+14 1.17800777e-03 5.014127e+03
3.511830e-02 2.983647e+14 1.05043293e-03 5.661476e+03
3.511830e-02 3.764936e+14 9.38225008e-04 6.479231e+03
3.511830e-02 4.750810e+14 7.91755231e-04 7.315732e+03
3.511830e-02 5.994843e+14 6.45067271e-04 8.260231e+03
3.511830e-02 7.564633e+14 5.17944536e-04 9.453354e+03
3.511830e-02 9.545485e+14 3.85425606e-04 1.067383e+04
3.511830e-02 1.204504e+15 2.70648030e-04 1.205188e+04
3.511830e-02 1.519911e+15 1.82159785e-04 1.379267e+04
3.511830e-02 1.917910e+15 1.09752658e-04 1.557338e+04
3.511830e-02 2.420128e+15 5.98042566e-05 1.758398e+04
3.511830e-02 3.053856e+15 2.97204758e-05 2.012384e+04
3.511830e-02 3.853529e+15 1.24892404e-05 2.272193e+04
3.511830e-02 4.862602e+15 4.55255636e-06 2.600393e+04
3.511830e-02 6.135907e+15 1.31099525e-06 2.936118e+04
3.511830e-02 7.742637e+15 2.90534518e-07 3.315185e+04
3.511830e-02 9.770100e+15 4.76265889e-08 3.794037e+04
3.511830e-02 1.232847e+16 5.06065430e-09 4.283867e+04
3.511830e-02 1.555676e+16 3.36853142e-10 4.902636e+04
3.511830e-02 1.963041e+16 1.20546410e-11 5.535592e+04
3.511830e-02 2.477076e+16 2.12612362e-13 6.250265e+04
3.511830e-02 3.125716e+16 1.65561531e-15 7.153065e+04
3.511830e-02 3.944206e+16 4.54116964e-18 8.076563e+04
3.511830e-02 4.977024e+16 3.70869050e-21 9.243157e+04
3.511830e-02 6.280291e+16 6.38897321e-25 1.043650e+05
3.511830e-02 7.924829e+16 1.67263321e-29 1.194396e+05
3.511830e-02 1.000000e+17 3.82061295e-35 1.348599e+05
3.765658e-02 1.261857e+07 1.54860591e-04 6.450157e-01
3.765658e-02 1.592283e+07 1.59648232e-04 7.282906e-01
3.765658e-02 2.009233e+07 1.64617194e-04 8.223166e-01
3.765658e-02 2.535364e+07 1.74418940e-04 9.410936e-01
3.765658e-02 3.199267e+07 1.79921342e-04 1.062594e+00
3.765658e-02 4.037017e+07 1.85635811e-04 1.199780e+00
3.765658e-02 5.094138e+07 1.91571793e-04 1.354678e+00
3.765658e-02 6.428073e+07 2.03147492e-04 1.550350e+00
3.765658e-02 8.111308e+07 2.09731940e-04 1.750508e+00
3.765658e-02 1.023531e+08 2.16575934e-04 1.976507e+00
3.765658e-02 1.291550e+08 2.23691169e-04 2.231685e+00
3.765658e-02 1.629751e+08 2.37410398e-04 2.554033e+00
3.765658e-02 2.056512e+08 2.45315949e-04 2.883772e+00
3.765658e-02 2.595024e+08 2.53539773e-04 3.256082e+00
3.765658e-02 3.274549e+08 2.62096334e-04 3.676459e+00
3.765658e-02 4.132012e+08 2.78412840e-04 4.207493e+00
3.765658e-02 5.214008e+08 2.87934458e-04 4.750702e+00
3.765658e-02 6.579332e+08 2.97846698e-04 5.364042e+00
3.765658e-02 8.302176e+08 3.08167292e-04 6.056568e+00
3.765658e-02 1.047616e+09 3.27637291e-04 6.931390e+00
3.765658e-02 1.321941e+09 3.39136966e-04 7.826267e+00
3.765658e-02 1.668101e+09 3.51115514e-04 8.836679e+00
3.765658e-02 2.104904e+09 3.63594290e-04 9.977539e+00
3.765658e-02 2.656088e+09 3.86895626e-04 1.141871e+01
3.765658e-02 3.351603e+09 4.00812602e-04 1.289293e+01
3.765658e-02 4.229243e+09 4.15314089e-04 1.455747e+01
3.765658e-02 5.336699e+09 4.30425131e-04 1.643692e+01
3.765658e-02 6.734151e+09 4.58374520e-04 1.881109e+01
3.765658e-02 8.497534e+09 4.75231025e-04 2.123970e+01
3.765658e-02 1.072267e+10 4.92794575e-04 2.398186e+01
3.765658e-02 1.353048e+10 5.11092973e-04 2.707804e+01
3.765658e-02 1.707353e+10 5.30154248e-04 3.057395e+01
3.765658e-02 2.154435e+10 5.65049474e-04 3.499011e+01
3.765658e-02 2.718588e+10 5.86285537e-04 3.950751e+01
3.765658e-02 3.430469e+10 6.08390408e-04 4.460813e+01
3.765658e-02 4.328761e+10 6.31391006e-04 5.036727e+01
3.765658e-02 5.462277e+10 6.73235993e-04 5.764242e+01
3.765658e-02 6.892612e+10 6.98782294e-04 6.508435e+01
3.765658e-02 8.697490e+10 7.25320224e-04 7.348707e+01
3.765658e-02 1.097499e+11 7.52867396e-04 8.297463e+01
3.765658e-02 1.384886e+11 8.02809914e-04 9.495964e+01
3.765658e-02 1.747528e+11 8.33218896e-04 1.072194e+02
3.765658e-02 2.205131e+11 8.64686221e-04 1.210620e+02
3.765658e-02 2.782559e+11 8.97203343e-04 1.366917e+02
3.765658e-02 3.511192e+11 9.56207637e-04 1.564357e+02
3.765658e-02 4.430621e+11 9.91698009e-04 1.766324e+02
3.765658e-02 5.590810e+11 1.02816421e-03 1.994365e+02
3.765658e-02 7.054802e+11 1.06553753e-03 2.251848e+02
3.765658e-02 8.902151e+11 1.13391420e-03 2.577109e+02
3.765658e-02 1.123324e+12 1.17386365e-03 2.909827e+02
3.765658e-02 1.417474e+12 1.21437469e-03 3.285501e+02
3.765658e-02 1.788650e+12 1.25525463e-03 3.709676e+02
3.765658e-02 2.257020e+12 1.33172017e-03 4.245508e+02
3.765658e-02 2.848036e+12 1.37369229e-03 4.793625e+02
3.765658e-02 3.593814e+12 1.41514578e-03 5.412507e+02
3.765658e-02 4.534879e+12 1.45565378e-03 6.111289e+02
3.765658e-02 5.722368e+12 1.53559237e-03 6.994015e+02
3.765658e-02 7.220809e+12 1.57361754e-03 7.896978e+02
3.765658e-02 9.111628e+12 1.60883317e-03 8.916518e+02
3.765658e-02 1.149757e+13 1.64042142e-03 1.006769e+03
3.765658e-02 1.450829e+13 1.71305524e-03 1.152188e+03
3.765658e-02 1.830738e+13 1.73505632e-03 1.300942e+03
3.765658e-02 2.310130e+13 1.75008979e-03 1.468900e+03
3.765658e-02 2.915053e+13 1.80489296e-03 1.681071e+03
3.765658e-02 3.678380e+13 1.80187746e-03 1.898105e+03
3.765658e-02 4.641589e+13 1.78740492e-03 2.143160e+03
3.765658e-02 5.857021e+13 1.75996473e-03 2.419853e+03
3.765658e-02 7.390722e+13 1.76511042e-03 2.769382e+03
3.765658e-02 9.326033e+13 1.70602566e-03 3.126923e+03
3.765658e-02 1.176812e+14 1.62987763e-03 3.530625e+03
3.765658e-02 1.484968e+14 1.57821083e-03 4.040595e+03
3.765658e-02 1.873817e+14 1.46418158e-03 4.562256e+03
3.765658e-02 2.364489e+14 1.33352558e-03 5.151267e+03
3.765658e-02 2.983647e+14 1.22102893e-03 5.895326e+03
3.765658e-02 3.764936e+14 1.06096451e-03 6.656443e+03
3.765658e-02 4.750810e+14 8.94754520e-04 7.515823e+03
3.765658e-02 5.994843e+14 7.48365571e-04 8.601423e+03
3.765658e-02 7.564633e+14 5.84387648e-04 9.711911e+03
3.765658e-02 9.545485e+14 4.34438120e-04 1.096577e+04
3.765658e-02 1.204504e+15 3.13048574e-04 1.254968e+04
3.765658e-02 1.519911e+15 2.04813910e-04 1.416991e+04
3.765658e-02 1.917910e+15 1.23209239e-04 1.599932e+04
3.765658e-02 2.420128e+15 6.88469277e-05 1.831029e+04
3.765658e-02 3.053856e+15 3.32320915e-05 2.067425e+04
3.765658e-02 3.853529e+15 1.43106998e-05 2.366047e+04
3.765658e-02 4.862602e+15 5.06251677e-06 2.671516e+04
3.765658e-02 6.135907e+15 1.45268517e-06 3.016423e+04
3.765658e-02 7.742637e+15 3.29336775e-07 3.452120e+04
3.765658e-02 9.770100e+15 5.22813800e-08 3.897807e+04
3.765658e-02 1.232847e+16 5.67193023e-09 4.460813e+04
3.765658e-02 1.555676e+16 3.64744941e-10 5.036727e+04
3.765658e-02 1.963041e+16 1.29350708e-11 5.686995e+04
3.765658e-02 2.477076e+16 2.31834906e-13 6.508435e+04
3.765658e-02 3.125716e+16 1.73428383e-15 7.348707e+04
3.765658e-02 3.944206e+16 4.81026461e-18 8.410168e+04
3.765658e-02 4.977024e+16 3.75146087e-21 9.495964e+04
3.765658e-02 6.280291e+16 6.48734948e-25 1.086758e+05
3.765658e-02 7.924829e+16 1.60715189e-29 1.227064e+05
3.765658e-02 1.000000e+17 3.64311207e-35 1.404303e+05
4.037832e-02 1.261857e+07 1.80892629e-04 6.716584e-01
4.037832e-02 1.592283e+07 1.86484951e-04 7.583729e-01
4.037832e-02 2.009233e+07 1.92289051e-04 8.562827e-01
4.037832e-02 2.535364e+07 1.98314240e-04 9.668332e-01
4.037832e-02 3.199267e+07 2.10165437e-04 1.106484e+00
4.037832e-02 4.037017e+07 2.16840269e-04 1.249337e+00
4.037832e-02 5.094138e+07 2.23773811e-04 1.410633e+00
4.037832e-02 6.428073e+07 2.30977608e-04 1.592753e+00
4.037832e-02 8.111308e+07 2.44985937e-04 1.822813e+00
4.037832e-02 1.023531e+08 2.52979969e-04 2.058148e+00
4.037832e-02 1.291550e+08 2.61290776e-04 2.323865e+00
4.037832e-02 1.629751e+08 2.69932676e-04 2.623888e+00
4.037832e-02 2.056512e+08 2.86549349e-04 3.002888e+00
4.037832e-02 2.595024e+08 2.96154836e-04 3.390576e+00
4.037832e-02 3.274549e+08 3.06148890e-04 3.828316e+00
4.037832e-02 4.132012e+08 3.16549171e-04 4.322572e+00
4.037832e-02 5.214008e+08 3.36328094e-04 4.946932e+00
4.037832e-02 6.579332e+08 3.47905287e-04 5.585606e+00
4.037832e-02 8.302176e+08 3.59959309e-04 6.306737e+00
4.037832e-02 1.047616e+09 3.72511735e-04 7.120968e+00
4.037832e-02 1.321941e+09 3.96131066e-04 8.149535e+00
4.037832e-02 1.668101e+09 4.10121040e-04 9.201681e+00
4.037832e-02 2.104904e+09 4.24695051e-04 1.038967e+01
4.037832e-02 2.656088e+09 4.39878946e-04 1.173102e+01
4.037832e-02 3.351603e+09 4.55699463e-04 1.324556e+01
4.037832e-02 4.229243e+09 4.85098774e-04 1.515877e+01
4.037832e-02 5.336699e+09 5.02745916e-04 1.711585e+01
4.037832e-02 6.734151e+09 5.21134540e-04 1.932559e+01
4.037832e-02 8.497534e+09 5.40295258e-04 2.182063e+01
4.037832e-02 1.072267e+10 5.75582753e-04 2.497244e+01
4.037832e-02 1.353048e+10 5.96950377e-04 2.819651e+01
4.037832e-02 1.707353e+10 6.19208263e-04 3.183682e+01
4.037832e-02 2.154435e+10 6.42388982e-04 3.594712e+01
4.037832e-02 2.718588e+10 6.84754757e-04 4.113939e+01
4.037832e-02 3.430469e+10 7.10564298e-04 4.645069e+01
4.037832e-02 4.328761e+10 7.37418717e-04 5.244771e+01
4.037832e-02 5.462277e+10 7.65347454e-04 5.921898e+01
4.037832e-02 6.892612e+10 7.94377668e-04 6.686446e+01
4.037832e-02 8.697490e+10 8.47084948e-04 7.652248e+01
4.037832e-02 1.097499e+11 8.79241922e-04 8.640193e+01
4.037832e-02 1.384886e+11 9.12590546e-04 9.755686e+01
4.037832e-02 1.747528e+11 9.47139071e-04 1.101519e+02
4.037832e-02 2.205131e+11 1.00977027e-03 1.260625e+02
4.037832e-02 2.782559e+11 1.04771883e-03 1.423378e+02
4.037832e-02 3.511192e+11 1.08686660e-03 1.607144e+02
4.037832e-02 4.430621e+11 1.12717511e-03 1.814634e+02
4.037832e-02 5.590810e+11 1.20054930e-03 2.076743e+02
4.037832e-02 7.054802e+11 1.24414752e-03 2.344861e+02
4.037832e-02 8.902151e+11 1.28869112e-03 2.647595e+02
4.037832e-02 1.123324e+12 1.33404072e-03 2.989413e+02
4.037832e-02 1.417474e+12 1.41776431e-03 3.421210e+02
4.037832e-02 1.788650e+12 1.46542130e-03 3.862905e+02
4.037832e-02 2.257020e+12 1.51322050e-03 4.361626e+02
4.037832e-02 2.848036e+12 1.56082345e-03 4.924734e+02
4.037832e-02 3.593814e+12 1.65179762e-03 5.636072e+02
4.037832e-02 4.534879e+12 1.69896155e-03 6.363718e+02
4.037832e-02 5.722368e+12 1.74441313e-03 7.185307e+02
4.037832e-02 7.220809e+12 1.78745782e-03 8.112967e+02
4.037832e-02 9.111628e+12 1.87726543e-03 9.284819e+02
4.037832e-02 1.149757e+13 1.91392548e-03 1.048354e+03
4.037832e-02 1.450829e+13 1.94523554e-03 1.183701e+03
4.037832e-02 1.830738e+13 1.96996640e-03 1.336523e+03
4.037832e-02 2.310130e+13 2.04109133e-03 1.529573e+03
4.037832e-02 2.915053e+13 2.04864068e-03 1.727049e+03
4.037832e-02 3.678380e+13 2.04485482e-03 1.950020e+03
4.037832e-02 4.641589e+13 2.08349562e-03 2.231685e+03
4.037832e-02 5.857021e+13 2.05105242e-03 2.519806e+03
4.037832e-02 7.390722e+13 2.00178327e-03 2.845126e+03
4.037832e-02 9.326033e+13 1.98713254e-03 3.256082e+03
4.037832e-02 1.176812e+14 1.89783210e-03 3.676459e+03
4.037832e-02 1.484968e+14 1.78810215e-03 4.151108e+03
4.037832e-02 1.873817e+14 1.65822871e-03 4.687038e+03
4.037832e-02 2.364489e+14 1.55084131e-03 5.364042e+03
4.037832e-02 2.983647e+14 1.38147370e-03 6.056568e+03
4.037832e-02 3.764936e+14 1.19964818e-03 6.838501e+03
4.037832e-02 4.750810e+14 1.03866015e-03 7.826267e+03
4.037832e-02 5.994843e+14 8.44923101e-04 8.836679e+03
4.037832e-02 7.564633e+14 6.59179786e-04 9.977539e+03
4.037832e-02 9.545485e+14 5.02905565e-04 1.141871e+04
4.037832e-02 1.204504e+15 3.52301379e-04 1.289293e+04
4.037832e-02 1.519911e+15 2.36458827e-04 1.475521e+04
4.037832e-02 1.917910e+15 1.42006793e-04 1.666018e+04
4.037832e-02 2.420128e+15 7.70862362e-05 1.881109e+04
4.037832e-02 3.053856e+15 3.81387251e-05 2.152820e+04
4.037832e-02 3.853529e+15 1.59430579e-05 2.430761e+04
4.037832e-02 4.862602e+15 5.62191119e-06 2.744584e+04
4.037832e-02 6.135907e+15 1.65101133e-06 3.141017e+04
4.037832e-02 7.742637e+15 3.62671330e-07 3.546539e+04
4.037832e-02 9.770100e+15 5.88225226e-08 4.058807e+04
4.037832e-02 1.232847e+16 6.17038551e-09 4.582820e+04
4.037832e-02 1.555676e+16 3.93610547e-10 5.174486e+04
4.037832e-02 1.963041e+16 1.42014363e-11 5.921898e+04
4.037832e-02 2.477076e+16 2.44861551e-13 6.686446e+04
4.037832e-02 3.125716e+16 1.85539525e-15 7.652248e+04
4.037832e-02 3.944206e+16 4.92454599e-18 8.640193e+04
4.037832e-02 4.977024e+16 3.86530349e-21 9.888199e+04
4.037832e-02 6.280291e+16 6.34608202e-25 1.116482e+05
4.037832e-02 7.924829e+16 1.52511806e-29 1.260625e+05
4.037832e-02 1.000000e+17 3.33075338e-35 1.442712e+05
4.329679e-02 1.261857e+07 2.05740486e-04 6.900288e-01
4.329679e-02 1.592283e+07 2.17901954e-04 7.896978e-01
4.329679e-02 2.009233e+07 2.24683690e-04 8.916518e-01
4.329679e-02 2.535364e+07 2.31723730e-04 1.006769e+00
4.329679e-02 3.199267e+07 2.39033477e-04 1.136748e+00
4.329679e-02 4.037017e+07 2.53370268e-04 1.300942e+00
4.329679e-02 5.094138e+07 2.61471555e-04 1.468900e+00
4.329679e-02 6.428073e+07 2.69888573e-04 1.658542e+00
4.329679e-02 8.111308e+07 2.78635464e-04 1.872669e+00
4.329679e-02 1.023531e+08 2.95596598e-04 2.143160e+00
4.329679e-02 1.291550e+08 3.05306899e-04 2.419853e+00
4.329679e-02 1.629751e+08 3.15403984e-04 2.732269e+00
4.329679e-02 2.056512e+08 3.25905350e-04 3.085019e+00
4.329679e-02 2.595024e+08 3.46041880e-04 3.530625e+00
4.329679e-02 3.274549e+08 3.57718546e-04 3.986446e+00
4.329679e-02 4.132012e+08 3.69869730e-04 4.501117e+00
4.329679e-02 5.214008e+08 3.82517006e-04 5.082234e+00
4.329679e-02 6.579332e+08 4.06505116e-04 5.816322e+00
4.329679e-02 8.302176e+08 4.20588040e-04 6.567239e+00
4.329679e-02 1.047616e+09 4.35253093e-04 7.415103e+00
4.329679e-02 1.321941e+09 4.50526483e-04 8.372431e+00
4.329679e-02 1.668101e+09 4.66435498e-04 9.453354e+00
4.329679e-02 2.104904e+09 4.96219085e-04 1.081881e+01
4.329679e-02 2.656088e+09 5.13957539e-04 1.221558e+01
4.329679e-02 3.351603e+09 5.32439423e-04 1.379267e+01
4.329679e-02 4.229243e+09 5.51696900e-04 1.557338e+01
4.329679e-02 5.336699e+09 5.87401278e-04 1.782283e+01
4.329679e-02 6.734151e+09 6.08882071e-04 2.012384e+01
4.329679e-02 8.497534e+09 6.31264303e-04 2.272193e+01
4.329679e-02 1.072267e+10 6.54584292e-04 2.565545e+01
4.329679e-02 1.353048e+10 6.78878776e-04 2.896770e+01
4.329679e-02 1.707353e+10 7.23444759e-04 3.315185e+01
4.329679e-02 2.154435e+10 7.50519980e-04 3.743193e+01
4.329679e-02 2.718588e+10 7.78709829e-04 4.226458e+01
4.329679e-02 3.430469e+10 8.08050967e-04 4.772115e+01
4.329679e-02 4.328761e+10 8.61514547e-04 5.461409e+01
4.329679e-02 5.462277e+10 8.94130609e-04 6.166505e+01
4.329679e-02 6.892612e+10 9.28031443e-04 6.962632e+01
4.329679e-02 8.697490e+10 9.63244765e-04 7.861543e+01
4.329679e-02 1.097499e+11 9.99793341e-04 8.876509e+01
4.329679e-02 1.384886e+11 1.06607572e-03 1.015865e+02
4.329679e-02 1.747528e+11 1.10641126e-03 1.147018e+02
4.329679e-02 2.205131e+11 1.14814463e-03 1.295104e+02
4.329679e-02 2.782559e+11 1.19126344e-03 1.462309e+02
4.329679e-02 3.511192e+11 1.26953921e-03 1.673527e+02
4.329679e-02 4.430621e+11 1.31658306e-03 1.889588e+02
4.329679e-02 5.590810e+11 1.36490973e-03 2.133544e+02
4.329679e-02 7.054802e+11 1.41442627e-03 2.408995e+02
4.329679e-02 8.902151e+11 1.50507827e-03 2.756955e+02
4.329679e-02 1.123324e+12 1.55797616e-03 3.112892e+02
4.329679e-02 1.417474e+12 1.61159801e-03 3.514782e+02
4.329679e-02 1.788650e+12 1.66568525e-03 3.968559e+02
4.329679e-02 2.257020e+12 1.76696113e-03 4.541785e+02
4.329679e-02 2.848036e+12 1.82243371e-03 5.128153e+02
4.329679e-02 3.593814e+12 1.87718267e-03 5.790223e+02
4.329679e-02 4.534879e+12 1.93063754e-03 6.537771e+02
4.329679e-02 5.722368e+12 2.03633602e-03 7.482099e+02
4.329679e-02 7.220809e+12 2.08639390e-03 8.448076e+02
4.329679e-02 9.111628e+12 2.13266989e-03 9.538766e+02
4.329679e-02 1.149757e+13 2.17407470e-03 1.077027e+03
4.329679e-02 1.450829e+13 2.26979456e-03 1.232595e+03
4.329679e-02 1.830738e+13 2.29833508e-03 1.391729e+03
4.329679e-02 2.310130e+13 2.31756335e-03 1.571408e+03
4.329679e-02 2.915053e+13 2.32573746e-03 1.774285e+03
4.329679e-02 3.678380e+13 2.38447696e-03 2.030566e+03
4.329679e-02 4.641589e+13 2.36434897e-03 2.292723e+03
4.329679e-02 5.857021e+13 2.32697393e-03 2.588725e+03
4.329679e-02 7.390722e+13 2.33256307e-03 2.962645e+03
4.329679e-02 9.326033e+13 2.25316204e-03 3.345138e+03
4.329679e-02 1.176812e+14 2.15116806e-03 3.777013e+03
4.329679e-02 1.484968e+14 2.08141630e-03 4.322572e+03
4.329679e-02 1.873817e+14 1.92938853e-03 4.880638e+03
4.329679e-02 2.364489e+14 1.75552183e-03 5.510753e+03
4.329679e-02 2.983647e+14 1.60565445e-03 6.306737e+03
4.329679e-02 3.764936e+14 1.39341234e-03 7.120968e+03
4.329679e-02 4.750810e+14 1.17342471e-03 8.040322e+03
4.329679e-02 5.994843e+14 9.79814352e-04 9.201681e+03
4.329679e-02 7.564633e+14 7.63658963e-04 1.038967e+04
4.329679e-02 9.545485e+14 5.66454337e-04 1.173102e+04
4.329679e-02 1.204504e+15 4.07130366e-04 1.342548e+04
4.329679e-02 1.519911e+15 2.65572456e-04 1.515877e+04
4.329679e-02 1.917910e+15 1.59202826e-04 1.711585e+04
4.329679e-02 2.420128e+15 8.85966547e-05 1.958809e+04
4.329679e-02 3.053856e+15 4.25607259e-05 2.211702e+04
4.329679e-02 3.853529e+15 1.77396767e-05 2.497244e+04
4.329679e-02 4.862602e+15 6.40438553e-06 2.857950e+04
4.329679e-02 6.135907e+15 1.82322746e-06 3.226926e+04
4.329679e-02 7.742637e+15 4.09434729e-07 3.693030e+04
4.329679e-02 9.770100e+15 6.42567598e-08 4.169819e+04
4.329679e-02 1.232847e+16 6.69222430e-09 4.708164e+04
4.329679e-02 1.555676e+16 4.34783333e-10 5.388220e+04
4.329679e-02 1.963041e+16 1.51100060e-11 6.083867e+04
4.329679e-02 2.477076e+16 2.64289685e-13 6.962632e+04
4.329679e-02 3.125716e+16 1.91984076e-15 7.861543e+04
4.329679e-02 3.944206e+16 5.00300796e-18 8.876509e+04
4.329679e-02 4.977024e+16 3.84092318e-21 1.015865e+05
4.329679e-02 6.280291e+16 6.13913713e-25 1.147018e+05
4.329679e-02 7.924829e+16 1.46699137e-29 1.312696e+05
4.329679e-02 1.000000e+17 2.99598405e-35 1.482171e+05
4.642620e-02 1.261857e+07 2.40482721e-04 7.185307e-01
4.642620e-02 1.592283e+07 2.47916915e-04 8.112967e-01
4.642620e-02 2.009233e+07 2.62624332e-04 9.284819e-01
4.642620e-02 2.535364e+07 2.70852913e-04 1.048354e+00
4.642620e-02 3.199267e+07 2.79396697e-04 1.183701e+00
4.642620e-02 4.037017e+07 2.88269655e-04 1.336523e+00
4.642620e-02 5.094138e+07 3.05622915e-04 1.529573e+00
4.642620e-02 6.428073e+07 3.15460756e-04 1.727049e+00
4.642620e-02 8.111308e+07 3.25684098e-04 1.950020e+00
4.642620e-02 1.023531e+08 3.36310244e-04 2.201778e+00
4.642620e-02 1.291550e+08 3.56857819e-04 2.519806e+00
4.642620e-02 1.629751e+08 3.68659035e-04 2.845126e+00
4.642620e-02 2.056512e+08 3.80932674e-04 3.212447e+00
4.642620e-02 2.595024e+08 3.93700159e-04 3.627190e+00
4.642620e-02 3.274549e+08 4.06983904e-04 4.095479e+00
4.642620e-02 4.132012e+08 4.32316754e-04 4.687038e+00
4.642620e-02 5.214008e+08 4.47097939e-04 5.292158e+00
4.642620e-02 6.579332e+08 4.62485067e-04 5.975403e+00
4.642620e-02 8.302176e+08 4.78505598e-04 6.746858e+00
4.642620e-02 1.047616e+09 5.08731925e-04 7.721387e+00
4.642620e-02 1.321941e+09 5.26581480e-04 8.718257e+00
4.642620e-02 1.668101e+09 5.45173612e-04 9.843829e+00
4.642620e-02 2.104904e+09 5.64541345e-04 1.111472e+01
4.642620e-02 2.656088e+09 5.84718940e-04 1.254968e+01
4.642620e-02 3.351603e+09 6.22309330e-04 1.436238e+01
4.642620e-02 4.229243e+09 6.44813142e-04 1.621664e+01
4.642620e-02 5.336699e+09 6.68261554e-04 1.831029e+01
4.642620e-02 6.734151e+09 6.92694174e-04 2.067425e+01
4.642620e-02 8.497534e+09 7.37793499e-04 2.366047e+01
4.642620e-02 1.072267e+10 7.65042182e-04 2.671516e+01
4.642620e-02 1.353048e+10 7.93428748e-04 3.016423e+01
4.642620e-02 1.707353e+10 8.22996310e-04 3.405858e+01
4.642620e-02 2.154435e+10 8.53787847e-04 3.845572e+01
4.642620e-02 2.718588e+10 9.10074441e-04 4.401034e+01
4.642620e-02 3.430469e+10 9.44353045e-04 4.969230e+01
4.642620e-02 4.328761e+10 9.80016519e-04 5.610783e+01
4.642620e-02 5.462277e+10 1.01710346e-03 6.335163e+01
4.642620e-02 6.892612e+10 1.05564936e-03 7.153065e+01
4.642620e-02 8.697490e+10 1.12565325e-03 8.186268e+01
4.642620e-02 1.097499e+11 1.16834140e-03 9.243157e+01
4.642620e-02 1.384886e+11 1.21260585e-03 1.043650e+02
4.642620e-02 1.747528e+11 1.25845655e-03 1.178390e+02
4.642620e-02 2.205131e+11 1.34160957e-03 1.348599e+02
4.642620e-02 2.782559e+11 1.39195618e-03 1.522710e+02
4.642620e-02 3.511192e+11 1.44388389e-03 1.719300e+02
4.642620e-02 4.430621e+11 1.49733993e-03 1.941270e+02
4.642620e-02 5.590810e+11 1.59470202e-03 2.221671e+02
4.642620e-02 7.054802e+11 1.65249152e-03 2.508500e+02
4.642620e-02 8.902151e+11 1.71151625e-03 2.832360e+02
4.642620e-02 1.123324e+12 1.77158829e-03 3.198032e+02
4.642620e-02 1.417474e+12 1.83246998e-03 3.610914e+02
4.642620e-02 1.788650e+12 1.94566420e-03 4.132482e+02
4.642620e-02 2.257020e+12 2.00889348e-03 4.666006e+02
4.642620e-02 2.848036e+12 2.07182360e-03 5.268411e+02
4.642620e-02 3.593814e+12 2.13390854e-03 5.948590e+02
4.642620e-02 4.534879e+12 2.25451833e-03 6.807816e+02
4.642620e-02 5.722368e+12 2.31443571e-03 7.686740e+02
4.642620e-02 7.220809e+12 2.37109717e-03 8.679137e+02
4.642620e-02 9.111628e+12 2.48970725e-03 9.932768e+02
4.642620e-02 1.149757e+13 2.53773854e-03 1.121514e+03
4.642620e-02 1.450829e+13 2.57858981e-03 1.266307e+03
4.642620e-02 1.830738e+13 2.61062596e-03 1.429794e+03
4.642620e-02 2.310130e+13 2.70402045e-03 1.636316e+03
4.642620e-02 2.915053e+13 2.71305802e-03 1.847573e+03
4.642620e-02 3.678380e+13 2.70696990e-03 2.086104e+03
4.642620e-02 4.641589e+13 2.68350156e-03 2.355431e+03
4.642620e-02 5.857021e+13 2.71261612e-03 2.695653e+03
4.642620e-02 7.390722e+13 2.64597257e-03 3.043676e+03
4.642620e-02 9.326033e+13 2.55506691e-03 3.436630e+03
4.642620e-02 1.176812e+14 2.50520058e-03 3.933024e+03
4.642620e-02 1.484968e+14 2.35845062e-03 4.440797e+03
4.642620e-02 1.873817e+14 2.18515142e-03 5.014127e+03
4.642620e-02 2.364489e+14 2.04151489e-03 5.738377e+03
4.642620e-02 2.983647e+14 1.81640430e-03 6.479231e+03
4.642620e-02 3.764936e+14 1.57519632e-03 7.315732e+03
4.642620e-02 4.750810e+14 1.36169208e-03 8.372431e+03
4.642620e-02 5.994843e+14 1.10572276e-03 9.453354e+03
4.642620e-02 7.564633e+14 8.60870690e-04 1.067383e+04
4.642620e-02 9.545485e+14 6.55217786e-04 1.221558e+04
4.642620e-02 1.204504e+15 4.57734107e-04 1.379267e+04
4.642620e-02 1.519911e+15 2.98083873e-04 1.557338e+04
4.642620e-02 1.917910e+15 1.83222612e-04 1.782283e+04
4.642620e-02 2.420128e+15 9.90231307e-05 2.012384e+04
4.642620e-02 3.053856e+15 4.74424419e-05 2.272193e+04
4.642620e-02 3.853529e+15 2.02514781e-05 2.600393e+04
4.642620e-02 4.862602e+15 7.09015666e-06 2.936118e+04
4.642620e-02 6.135907e+15 2.06451343e-06 3.360216e+04
4.642620e-02 7.742637e+15 4.48891433e-07 3.794037e+04
4.642620e-02 9.770100e+15 7.00004748e-08 4.283867e+04
4.642620e-02 1.232847e+16 7.43218051e-09 4.902636e+04
4.642620e-02 1.555676e+16 4.65630047e-10 5.535592e+04
4.642620e-02 1.963041e+16 1.64379788e-11 6.335163e+04
4.642620e-02 2.477076e+16 2.76079493e-13 7.153065e+04
4.642620e-02 3.125716e+16 1.97288527e-15 8.076563e+04
4.642620e-02 3.944206e+16 5.17862321e-18 9.243157e+04
4.642620e-02 4.977024e+16 3.77878798e-21 1.043650e+05
4.642620e-02 6.280291e+16 6.02840555e-25 1.194396e+05
4.642620e-02 7.924829e+16 1.35370162e-29 1.348599e+05
4.642620e-02 1.000000e+17 2.72029010e-35 1.543393e+05
4.978179e-02 1.261857e+07 2.81192498e-04 7.482099e-01
4.978179e-02 1.592283e+07 2.89884941e-04 8.448076e-01
4.978179e-02 2.009233e+07 2.98906462e-04 9.538766e-01
4.978179e-02 2.535364e+07 3.16702983e-04 1.091656e+00
4.978179e-02 3.199267e+07 3.26692686e-04 1.232595e+00
4.978179e-02 4.037017e+07 3.37067221e-04 1.391729e+00
4.978179e-02 5.094138e+07 3.47843703e-04 1.571408e+00
4.978179e-02 6.428073e+07 3.68860076e-04 1.798386e+00
4.978179e-02 8.111308e+07 3.80813318e-04 2.030566e+00
4.978179e-02 1.023531e+08 3.93237443e-04 2.292723e+00
4.978179e-02 1.291550e+08 4.06153642e-04 2.588725e+00
4.978179e-02 1.629751e+08 4.19584130e-04 2.922943e+00
4.978179e-02 2.056512e+08 4.45410137e-04 3.345138e+00
4.978179e-02 2.595024e+08 4.60337463e-04 3.777013e+00
4.978179e-02 3.274549e+08 4.75868241e-04 4.264644e+00
4.978179e-02 4.132012e+08 4.92029854e-04 4.815232e+00
4.978179e-02 5.214008e+08 5.22768416e-04 5.510753e+00
4.978179e-02 6.579332e+08 5.40757810e-04 6.222219e+00
4.978179e-02 8.302176e+08 5.59487500e-04 7.025540e+00
4.978179e-02 1.047616e+09 5.78990907e-04 7.932573e+00
4.978179e-02 1.321941e+09 5.99302810e-04 8.956708e+00
4.978179e-02 1.668101e+09 6.37429452e-04 1.025043e+01
4.978179e-02 2.104904e+09 6.60071058e-04 1.157382e+01
4.978179e-02 2.656088e+09 6.83659012e-04 1.306805e+01
4.978179e-02 3.351603e+09 7.08234666e-04 1.475521e+01
4.978179e-02 4.229243e+09 7.33840641e-04 1.666018e+01
4.978179e-02 5.336699e+09 7.81321679e-04 1.906661e+01
4.978179e-02 6.734151e+09 8.09881425e-04 2.152820e+01
4.978179e-02 8.497534e+09 8.39638220e-04 2.430761e+01
4.978179e-02 1.072267e+10 8.70640108e-04 2.744584e+01
4.978179e-02 1.353048e+10 9.02935650e-04 3.098924e+01
4.978179e-02 1.707353e+10 9.62189745e-04 3.546539e+01
4.978179e-02 2.154435e+10 9.98177161e-04 4.004415e+01
4.978179e-02 2.718588e+10 1.03564336e-03 4.521405e+01
4.978179e-02 3.430469e+10 1.07463659e-03 5.105142e+01
4.978179e-02 4.328761e+10 1.14570501e-03 5.842538e+01
4.978179e-02 5.462277e+10 1.18904262e-03 6.596840e+01
4.978179e-02 6.892612e+10 1.23408268e-03 7.448526e+01
4.978179e-02 8.697490e+10 1.28086118e-03 8.410168e+01
4.978179e-02 1.097499e+11 1.32940745e-03 9.495964e+01
4.978179e-02 1.384886e+11 1.41747977e-03 1.086758e+02
4.978179e-02 1.747528e+11 1.47104073e-03 1.227064e+02
4.978179e-02 2.205131e+11 1.52644862e-03 1.385484e+02
4.978179e-02 2.782559e+11 1.58368534e-03 1.564357e+02
4.978179e-02 3.511192e+11 1.68764273e-03 1.790316e+02
4.978179e-02 4.430621e+11 1.75006251e-03 2.021455e+02
4.978179e-02 5.590810e+11 1.81416794e-03 2.282435e+02
4.978179e-02 7.054802e+11 1.87983276e-03 2.577109e+02
4.978179e-02 8.902151e+11 1.94688976e-03 2.909827e+02
4.978179e-02 1.123324e+12 2.07023858e-03 3.330128e+02
4.978179e-02 1.417474e+12 2.14126755e-03 3.760065e+02
4.978179e-02 1.788650e+12 2.21287770e-03 4.245508e+02
4.978179e-02 2.257020e+12 2.28464185e-03 4.793625e+02
4.978179e-02 2.848036e+12 2.42048080e-03 5.486025e+02
4.978179e-02 3.593814e+12 2.49281733e-03 6.194299e+02
4.978179e-02 4.534879e+12 2.56337408e-03 6.994015e+02
4.978179e-02 5.722368e+12 2.63124795e-03 7.896978e+02
4.978179e-02 7.220809e+12 2.76910134e-03 9.037633e+02
4.978179e-02 9.111628e+12 2.82988153e-03 1.020444e+03
4.978179e-02 1.149757e+13 2.88410190e-03 1.152188e+03
4.978179e-02 1.450829e+13 2.93010768e-03 1.300942e+03
4.978179e-02 1.830738e+13 3.04716076e-03 1.488852e+03
4.978179e-02 2.310130e+13 3.07160048e-03 1.681071e+03
4.978179e-02 2.915053e+13 3.08125564e-03 1.898105e+03
4.978179e-02 3.678380e+13 3.15772729e-03 2.172271e+03
4.978179e-02 4.641589e+13 3.12957483e-03 2.452723e+03
4.978179e-02 5.857021e+13 3.07845111e-03 2.769382e+03
4.978179e-02 7.390722e+13 3.00188083e-03 3.126923e+03
4.978179e-02 9.326033e+13 2.97698150e-03 3.578582e+03
4.978179e-02 1.176812e+14 2.84004264e-03 4.040595e+03
4.978179e-02 1.484968e+14 2.67247490e-03 4.562256e+03
4.978179e-02 1.873817e+14 2.54252559e-03 5.221237e+03
4.978179e-02 2.364489e+14 2.31081586e-03 5.895326e+03
4.978179e-02 2.983647e+14 2.05464919e-03 6.656443e+03
4.978179e-02 3.764936e+14 1.82915187e-03 7.617912e+03
4.978179e-02 4.750810e+14 1.53779440e-03 8.601423e+03
4.978179e-02 5.994843e+14 1.24747617e-03 9.711911e+03
4.978179e-02 7.564633e+14 9.96650983e-04 1.111472e+04
4.978179e-02 9.545485e+14 7.37385356e-04 1.254968e+04
4.978179e-02 1.204504e+15 5.14342169e-04 1.416991e+04
4.978179e-02 1.519911e+15 3.43491662e-04 1.621664e+04
4.978179e-02 1.917910e+15 2.05081862e-04 1.831029e+04
4.978179e-02 2.420128e+15 1.10565254e-04 2.067425e+04
4.978179e-02 3.053856e+15 5.42647003e-05 2.366047e+04
4.978179e-02 3.853529e+15 2.24707657e-05 2.671516e+04
4.978179e-02 4.862602e+15 8.05004000e-06 3.057395e+04
4.978179e-02 6.135907e+15 2.27077261e-06 3.452120e+04
4.978179e-02 7.742637e+15 4.90929666e-07 3.897807e+04
4.978179e-02 9.770100e+15 7.81106846e-08 4.460813e+04
4.978179e-02 1.232847e+16 8.00561129e-09 5.036727e+04
4.978179e-02 1.555676e+16 4.96534096e-10 5.686995e+04
4.978179e-02 1.963041e+16 1.73171893e-11 6.508435e+04
4.978179e-02 2.477076e+16 2.86614885e-13 7.348707e+04
4.978179e-02 3.125716e+16 2.06738831e-15 8.410168e+04
4.978179e-02 3.944206e+16 5.17113840e-18 9.495964e+04
4.978179e-02 4.977024e+16 3.77834971e-21 1.086758e+05
4.978179e-02 6.280291e+16 5.68762734e-25 1.227064e+05
4.978179e-02 7.924829e+16 1.22969895e-29 1.385484e+05
4.978179e-02 1.000000e+17 2.35893351e-35 1.585606e+05
5.337992e-02 1.261857e+07 3.28919083e-04 7.791150e-01
5.337992e-02 1.592283e+07 3.39086584e-04 8.797027e-01
5.337992e-02 2.009233e+07 3.49638960e-04 9.932768e-01
5.337992e-02 2.535364e+07 3.60593117e-04 1.121514e+00
5.337992e-02 3.199267e+07 3.71966776e-04 1.266307e+00
5.337992e-02 4.037017e+07 3.94275154e-04 1.449215e+00
5.337992e-02 5.094138e+07 4.06880031e-04 1.636316e+00
5.337992e-02 6.428073e+07 4.19975934e-04 1.847573e+00
5.337992e-02 8.111308e+07 4.33584835e-04 2.086104e+00
5.337992e-02 1.023531e+08 4.59975497e-04 2.387425e+00
5.337992e-02 1.291550e+08 4.75082717e-04 2.695653e+00
5.337992e-02 1.629751e+08 4.90791341e-04 3.043676e+00
5.337992e-02 2.056512e+08 5.07128539e-04 3.436630e+00
5.337992e-02 2.595024e+08 5.24122784e-04 3.880317e+00
5.337992e-02 3.274549e+08 5.56622617e-04 4.440797e+00
5.337992e-02 4.132012e+08 5.75524909e-04 5.014127e+00
5.337992e-02 5.214008e+08 5.95198298e-04 5.661476e+00
5.337992e-02 6.579332e+08 6.15677702e-04 6.392402e+00
5.337992e-02 8.302176e+08 6.54422022e-04 7.315732e+00
5.337992e-02 1.047616e+09 6.77231654e-04 8.260231e+00
5.337992e-02 1.321941e+09 7.00986481e-04 9.326669e+00
5.337992e-02 1.668101e+09 7.25728782e-04 1.053079e+01
5.337992e-02 2.104904e+09 7.51502385e-04 1.189037e+01
5.337992e-02 2.656088e+09 7.99641286e-04 1.360784e+01
5.337992e-02 3.351603e+09 8.28380495e-04 1.536468e+01
5.337992e-02 4.229243e+09 8.58323930e-04 1.734834e+01
5.337992e-02 5.336699e+09 8.89522833e-04 1.958809e+01
5.337992e-02 6.734151e+09 9.22029669e-04 2.211702e+01
5.337992e-02 8.497534e+09 9.82042611e-04 2.531164e+01
5.337992e-02 1.072267e+10 1.01829215e-03 2.857950e+01
5.337992e-02 1.353048e+10 1.05605311e-03 3.226926e+01
5.337992e-02 1.707353e+10 1.09538245e-03 3.643539e+01
5.337992e-02 2.154435e+10 1.13633688e-03 4.113939e+01
5.337992e-02 2.718588e+10 1.21121826e-03 4.708164e+01
5.337992e-02 3.430469e+10 1.25680317e-03 5.316012e+01
5.337992e-02 4.328761e+10 1.30422530e-03 6.002336e+01
5.337992e-02 5.462277e+10 1.35353519e-03 6.777268e+01
5.337992e-02 6.892612e+10 1.40477917e-03 7.652248e+01
5.337992e-02 8.697490e+10 1.49787504e-03 8.757554e+01
5.337992e-02 1.097499e+11 1.55461131e-03 9.888199e+01
5.337992e-02 1.384886e+11 1.61343394e-03 1.116482e+02
5.337992e-02 1.747528e+11 1.67435462e-03 1.260625e+02
5.337992e-02 2.205131e+11 1.78488856e-03 1.442712e+02
5.337992e-02 2.782559e+11 1.85175752e-03 1.628974e+02
5.337992e-02 3.511192e+11 1.92071119e-03 1.839282e+02
5.337992e-02 4.430621e+11 1.99167678e-03 2.076743e+02
5.337992e-02 5.590810e+11 2.06454832e-03 2.344861e+02
5.337992e-02 7.054802e+11 2.19768864e-03 2.683558e+02
5.337992e-02 8.902151e+11 2.27597323e-03 3.030019e+02
5.337992e-02 1.123324e+12 2.35561487e-03 3.421210e+02
5.337992e-02 1.417474e+12 2.43629277e-03 3.862905e+02
5.337992e-02 1.788650e+12 2.58646684e-03 4.420871e+02
5.337992e-02 2.257020e+12 2.67015908e-03 4.991628e+02
5.337992e-02 2.848036e+12 2.75339422e-03 5.636072e+02
5.337992e-02 3.593814e+12 2.83543929e-03 6.363718e+02
5.337992e-02 4.534879e+12 2.99516009e-03 7.282906e+02
5.337992e-02 5.722368e+12 3.07414998e-03 8.223166e+02
5.337992e-02 7.220809e+12 3.14871916e-03 9.284819e+02
5.337992e-02 9.111628e+12 3.21742652e-03 1.048354e+03
5.337992e-02 1.149757e+13 3.36828743e-03 1.199780e+03
5.337992e-02 1.450829e+13 3.42148707e-03 1.354678e+03
5.337992e-02 1.830738e+13 3.46284646e-03 1.529573e+03
5.337992e-02 2.310130e+13 3.48995183e-03 1.727049e+03
5.337992e-02 2.915053e+13 3.59590692e-03 1.976507e+03
5.337992e-02 3.678380e+13 3.58618719e-03 2.231685e+03
5.337992e-02 4.641589e+13 3.55326557e-03 2.519806e+03
5.337992e-02 5.857021e+13 3.58974176e-03 2.883772e+03
5.337992e-02 7.390722e+13 3.49927532e-03 3.256082e+03
5.337992e-02 9.326033e+13 3.37658170e-03 3.676459e+03
5.337992e-02 1.176812e+14 3.21988174e-03 4.151108e+03
5.337992e-02 1.484968e+14 3.11126405e-03 4.750702e+03
5.337992e-02 1.873817e+14 2.87959179e-03 5.364042e+03
5.337992e-02 2.364489e+14 2.61552723e-03 6.056568e+03
5.337992e-02 2.983647e+14 2.38748445e-03 6.931390e+03
5.337992e-02 3.764936e+14 2.06718681e-03 7.826267e+03
5.337992e-02 4.750810e+14 1.73628989e-03 8.836679e+03
5.337992e-02 5.994843e+14 1.44546718e-03 1.011307e+04
5.337992e-02 7.564633e+14 1.12269626e-03 1.141871e+04
5.337992e-02 9.545485e+14 8.29452661e-04 1.289293e+04
5.337992e-02 1.204504e+15 5.93398458e-04 1.475521e+04
5.337992e-02 1.519911e+15 3.84992074e-04 1.666018e+04
5.337992e-02 1.917910e+15 2.29341118e-04 1.881109e+04
5.337992e-02 2.420128e+15 1.26690436e-04 2.152820e+04
5.337992e-02 3.053856e+15 6.03360889e-05 2.430761e+04
5.337992e-02 3.853529e+15 2.48939562e-05 2.744584e+04
5.337992e-02 4.862602e+15 8.87978827e-06 3.141017e+04
5.337992e-02 6.135907e+15 2.49201996e-06 3.546539e+04
5.337992e-02 7.742637e+15 5.50106966e-07 4.058807e+04
5.337992e-02 9.770100e+15 8.45672734e-08 4.582820e+04
5.337992e-02 1.232847e+16 8.59005240e-09 5.174486e+04
5.337992e-02 1.555676e+16 5.41455196e-10 5.921898e+04
5.337992e-02 1.963041e+16 1.81420601e-11 6.686446e+04
5.337992e-02 2.477076e+16 3.03649331e-13 7.652248e+04
5.337992e-02 3.125716e+16 2.09181773e-15 8.640193e+04
5.337992e-02 3.944206e+16 5.11384766e-18 9.755686e+04
5.337992e-02 4.977024e+16 3.63467126e-21 1.116482e+05
5.337992e-02 6.280291e+16 5.29117921e-25 1.260625e+05
5.337992e-02 7.924829e+16 1.12828675e-29 1.442712e+05
5.337992e-02 1.000000e+17 2.00396027e-35 1.628974e+05
5.723812e-02 1.261857e+07 3.74654881e-04 8.004244e-01
5.723812e-02 1.592283e+07 3.86235784e-04 9.037633e-01
5.723812e-02 2.009233e+07 4.09147590e-04 1.034305e+00
5.723812e-02 2.535364e+07 4.21965633e-04 1.167839e+00
5.723812e-02 3.199267e+07 4.35274487e-04 1.318612e+00
5.723812e-02 4.037017e+07 4.49095883e-04 1.488852e+00
5.723812e-02 5.094138e+07 4.76128386e-04 1.703905e+00
5.723812e-02 6.428073e+07 4.91452237e-04 1.923888e+00
5.723812e-02 8.111308e+07 5.07376249e-04 2.172271e+00
5.723812e-02 1.023531e+08 5.23927328e-04 2.452723e+00
5.723812e-02 1.291550e+08 5.41133666e-04 2.769382e+00
5.723812e-02 1.629751e+08 5.74314576e-04 3.169396e+00
5.723812e-02 2.056512e+08 5.93430374e-04 3.578582e+00
5.723812e-02 2.595024e+08 6.13314773e-04 4.040595e+00
5.723812e-02 3.274549e+08 6.34002594e-04 4.562256e+00
5.723812e-02 4.132012e+08 6.55530248e-04 5.151267e+00
5.723812e-02 5.214008e+08 6.96477889e-04 5.895326e+00
5.723812e-02 6.579332e+08 7.20439020e-04 6.656443e+00
5.723812e-02 8.302176e+08 7.45385517e-04 7.515823e+00
5.723812e-02 1.047616e+09 7.71361789e-04 8.486155e+00
5.723812e-02 1.321941e+09 7.98414037e-04 9.581761e+00
5.723812e-02 1.668101e+09 8.49198221e-04 1.096577e+01
5.723812e-02 2.104904e+09 8.79351158e-04 1.238151e+01
5.723812e-02 2.656088e+09 9.10763169e-04 1.398002e+01
5.723812e-02 3.351603e+09 9.43489124e-04 1.578491e+01
5.723812e-02 4.229243e+09 9.77585556e-04 1.782283e+01
5.723812e-02 5.336699e+09 1.04082004e-03 2.039719e+01
5.723812e-02 6.734151e+09 1.07884580e-03 2.303057e+01
5.723812e-02 8.497534e+09 1.11846311e-03 2.600393e+01
5.723812e-02 1.072267e+10 1.15973557e-03 2.936118e+01
5.723812e-02 1.353048e+10 1.20272739e-03 3.315185e+01
5.723812e-02 1.707353e+10 1.28162333e-03 3.794037e+01
5.723812e-02 2.154435e+10 1.32952256e-03 4.283867e+01
5.723812e-02 2.718588e+10 1.37938581e-03 4.836936e+01
5.723812e-02 3.430469e+10 1.43127656e-03 5.461409e+01
5.723812e-02 4.328761e+10 1.48525585e-03 6.166505e+01
5.723812e-02 5.462277e+10 1.58353868e-03 7.057206e+01
5.723812e-02 6.892612e+10 1.64345647e-03 7.968328e+01
5.723812e-02 8.697490e+10 1.70567877e-03 8.997080e+01
5.723812e-02 1.097499e+11 1.77024311e-03 1.015865e+02
5.723812e-02 1.384886e+11 1.83717615e-03 1.147018e+02
5.723812e-02 1.747528e+11 1.95863419e-03 1.312696e+02
5.723812e-02 2.205131e+11 2.03228531e-03 1.482171e+02
5.723812e-02 2.782559e+11 2.10835106e-03 1.673527e+02
5.723812e-02 3.511192e+11 2.18677853e-03 1.889588e+02
5.723812e-02 4.430621e+11 2.32950057e-03 2.162524e+02
5.723812e-02 5.590810e+11 2.41462615e-03 2.441717e+02
5.723812e-02 7.054802e+11 2.50179311e-03 2.756955e+02
5.723812e-02 8.902151e+11 2.59077424e-03 3.112892e+02
5.723812e-02 1.123324e+12 2.68127748e-03 3.514782e+02
5.723812e-02 1.417474e+12 2.84877653e-03 4.022464e+02
5.723812e-02 1.788650e+12 2.94365647e-03 4.541785e+02
5.723812e-02 2.257020e+12 3.03867663e-03 5.128153e+02
5.723812e-02 2.848036e+12 3.13313883e-03 5.790223e+02
5.723812e-02 3.593814e+12 3.31444358e-03 6.626574e+02
5.723812e-02 4.534879e+12 3.40759382e-03 7.482099e+02
5.723812e-02 5.722368e+12 3.49707212e-03 8.448076e+02
5.723812e-02 7.220809e+12 3.58146060e-03 9.538766e+02
5.723812e-02 9.111628e+12 3.75919370e-03 1.091656e+03
5.723812e-02 1.149757e+13 3.83010939e-03 1.232595e+03
5.723812e-02 1.450829e+13 3.88995437e-03 1.391729e+03
5.723812e-02 1.830738e+13 3.93624705e-03 1.571408e+03
5.723812e-02 2.310130e+13 4.07471925e-03 1.798386e+03
5.723812e-02 2.915053e+13 4.08571456e-03 2.030566e+03
5.723812e-02 3.678380e+13 4.07362348e-03 2.292723e+03
5.723812e-02 4.641589e+13 4.14542785e-03 2.623888e+03
5.723812e-02 5.857021e+13 4.07517202e-03 2.962645e+03
5.723812e-02 7.390722e+13 3.97103076e-03 3.345138e+03
5.723812e-02 9.326033e+13 3.83023001e-03 3.777013e+03
5.723812e-02 1.176812e+14 3.75064363e-03 4.322572e+03
5.723812e-02 1.484968e+14 3.52579561e-03 4.880638e+03
5.723812e-02 1.873817e+14 3.26132303e-03 5.510753e+03
5.723812e-02 2.364489e+14 3.04122239e-03 6.306737e+03
5.723812e-02 2.983647e+14 2.70008220e-03 7.120968e+03
5.723812e-02 3.764936e+14 2.33579437e-03 8.040322e+03
5.723812e-02 4.750810e+14 2.01353168e-03 9.201681e+03
5.723812e-02 5.994843e+14 1.62975714e-03 1.038967e+04
5.723812e-02 7.564633e+14 1.26414610e-03 1.173102e+04
5.723812e-02 9.545485e+14 9.58021302e-04 1.342548e+04
5.723812e-02 1.204504e+15 6.65938103e-04 1.515877e+04
5.723812e-02 1.519911e+15 4.31155920e-04 1.711585e+04
5.723812e-02 1.917910e+15 2.63224603e-04 1.958809e+04
5.723812e-02 2.420128e+15 1.41134308e-04 2.211702e+04
5.723812e-02 3.053856e+15 6.69907965e-05 2.497244e+04
5.723812e-02 3.853529e+15 2.82842408e-05 2.857950e+04
5.723812e-02 4.862602e+15 9.77503465e-06 3.226926e+04
5.723812e-02 6.135907e+15 2.80276780e-06 3.693030e+04
5.723812e-02 7.742637e+15 5.98258581e-07 4.169819e+04
5.723812e-02 9.770100e+15 9.12385091e-08 4.708164e+04
5.723812e-02 1.232847e+16 9.42972636e-09 5.388220e+04
5.723812e-02 1.555676e+16 5.71842733e-10 6.083867e+04
5.723812e-02 1.963041e+16 1.88919020e-11 6.869325e+04
5.723812e-02 2.477076e+16 3.10868848e-13 7.861543e+04
5.723812e-02 3.125716e+16 2.09815563e-15 8.876509e+04
5.723812e-02 3.944206e+16 5.14128718e-18 1.015865e+05
5.723812e-02 4.977024e+16 3.45258466e-21 1.147018e+05
5.723812e-02 6.280291e+16 4.98063504e-25 1.312696e+05
5.723812e-02 7.924829e+16 9.89336194e-30 1.482171e+05
5.723812e-02 1.000000e+17 1.71050425e-35 1.696259e+05
6.137518e-02 1.261857e+07 4.38610422e-04 8.334862e-01
6.137518e-02 1.592283e+07 4.52167766e-04 9.410936e-01
6.137518e-02 2.009233e+07 4.66238168e-04 1.062594e+00
6.137518e-02 2.535364e+07 4.80844148e-04 1.199780e+00
6.137518e-02 3.199267e+07 5.09575547e-04 1.373078e+00
6.137518e-02 4.037017e+07 5.25755394e-04 1.550350e+00
6.137518e-02 5.094138e+07 5.42561799e-04 1.750508e+00
6.137518e-02 6.428073e+07 5.60022664e-04 1.976507e+00
6.137518e-02 8.111308e+07 5.93980565e-04 2.261998e+00
6.137518e-02 1.023531e+08 6.13355312e-04 2.554033e+00
6.137518e-02 1.291550e+08 6.33496932e-04 2.883772e+00
6.137518e-02 1.629751e+08 6.54439995e-04 3.256082e+00
6.137518e-02 2.056512e+08 6.76220665e-04 3.676459e+00
6.137518e-02 2.595024e+08 7.17991660e-04 4.207493e+00
6.137518e-02 3.274549e+08 7.42207674e-04 4.750702e+00
6.137518e-02 4.132012e+08 7.67406441e-04 5.364042e+00
6.137518e-02 5.214008e+08 7.93632494e-04 6.056568e+00
6.137518e-02 6.579332e+08 8.20932280e-04 6.838501e+00
6.137518e-02 8.302176e+08 8.72584791e-04 7.826267e+00
6.137518e-02 1.047616e+09 9.02989008e-04 8.836679e+00
6.137518e-02 1.321941e+09 9.34652058e-04 9.977539e+00
6.137518e-02 1.668101e+09 9.67630125e-04 1.126569e+01
6.137518e-02 2.104904e+09 1.00198143e-03 1.272015e+01
6.137518e-02 2.656088e+09 1.03776634e-03 1.436238e+01
6.137518e-02 3.351603e+09 1.10445060e-03 1.643692e+01
6.137518e-02 4.229243e+09 1.14435407e-03 1.855900e+01
6.137518e-02 5.336699e+09 1.18592843e-03 2.095507e+01
6.137518e-02 6.734151e+09 1.22924322e-03 2.366047e+01
6.137518e-02 8.497534e+09 1.27436950e-03 2.671516e+01
6.137518e-02 1.072267e+10 1.35752019e-03 3.057395e+01
6.137518e-02 1.353048e+10 1.40782598e-03 3.452120e+01
6.137518e-02 1.707353e+10 1.46021710e-03 3.897807e+01
6.137518e-02 2.154435e+10 1.51476843e-03 4.401034e+01
6.137518e-02 2.718588e+10 1.57155382e-03 4.969230e+01
6.137518e-02 3.430469e+10 1.67524452e-03 5.686995e+01
6.137518e-02 4.328761e+10 1.73839185e-03 6.421215e+01
6.137518e-02 5.462277e+10 1.80404513e-03 7.250226e+01
6.137518e-02 6.892612e+10 1.87226469e-03 8.186268e+01
6.137518e-02 8.697490e+10 1.94310282e-03 9.243157e+01
6.137518e-02 1.097499e+11 2.07175695e-03 1.057826e+02
6.137518e-02 1.384886e+11 2.15002897e-03 1.194396e+02
6.137518e-02 1.747528e+11 2.23107742e-03 1.348599e+02
6.137518e-02 2.205131e+11 2.31489534e-03 1.522710e+02
6.137518e-02 2.782559e+11 2.46713231e-03 1.742653e+02
6.137518e-02 3.511192e+11 2.55880377e-03 1.967639e+02
6.137518e-02 4.430621e+11 2.65312284e-03 2.221671e+02
6.137518e-02 5.590810e+11 2.74994386e-03 2.508500e+02
6.137518e-02 7.054802e+11 2.84906804e-03 2.832360e+02
6.137518e-02 8.902151e+11 3.03092481e-03 3.241471e+02
6.137518e-02 1.123324e+12 3.13660953e-03 3.659962e+02
6.137518e-02 1.417474e+12 3.24361186e-03 4.132482e+02
6.137518e-02 1.788650e+12 3.35139286e-03 4.666006e+02
6.137518e-02 2.257020e+12 3.55390672e-03 5.339973e+02
6.137518e-02 2.848036e+12 3.66405731e-03 6.029391e+02
6.137518e-02 3.593814e+12 3.77252118e-03 6.807816e+02
6.137518e-02 4.534879e+12 3.87812430e-03 7.686740e+02
6.137518e-02 5.722368e+12 4.08832334e-03 8.797027e+02
6.137518e-02 7.220809e+12 4.18642573e-03 9.932768e+02
6.137518e-02 9.111628e+12 4.27657057e-03 1.121514e+03
6.137518e-02 1.149757e+13 4.35654046e-03 1.266307e+03
6.137518e-02 1.450829e+13 4.54481034e-03 1.449215e+03
6.137518e-02 1.830738e+13 4.59797759e-03 1.636316e+03
6.137518e-02 2.310130e+13 4.63198205e-03 1.847573e+03
6.137518e-02 2.915053e+13 4.64332944e-03 2.086104e+03
6.137518e-02 3.678380e+13 4.75489332e-03 2.387425e+03
6.137518e-02 4.641589e+13 4.70842650e-03 2.695653e+03
6.137518e-02 5.857021e+13 4.62701893e-03 3.043676e+03
6.137518e-02 7.390722e+13 4.50701214e-03 3.436630e+03
6.137518e-02 9.326033e+13 4.46413928e-03 3.933024e+03
6.137518e-02 1.176812e+14 4.25288746e-03 4.440797e+03
6.137518e-02 1.484968e+14 3.99568022e-03 5.014127e+03
6.137518e-02 1.873817e+14 3.79462433e-03 5.738377e+03
6.137518e-02 2.364489e+14 3.44182630e-03 6.479231e+03
6.137518e-02 2.983647e+14 3.05321986e-03 7.315732e+03
6.137518e-02 3.764936e+14 2.71096092e-03 8.372431e+03
6.137518e-02 4.750810e+14 2.27225459e-03 9.453354e+03
6.137518e-02 5.994843e+14 1.83687469e-03 1.067383e+04
6.137518e-02 7.564633e+14 1.46166542e-03 1.221558e+04
6.137518e-02 9.545485e+14 1.07642776e-03 1.379267e+04
6.137518e-02 1.204504e+15 7.46802661e-04 1.557338e+04
6.137518e-02 1.519911e+15 4.95621271e-04 1.782283e+04
6.137518e-02 1.917910e+15 2.93754476e-04 2.012384e+04
6.137518e-02 2.420128e+15 1.57020919e-04 2.272193e+04
6.137518e-02 3.053856e+15 7.62948767e-05 2.600393e+04
6.137518e-02 3.853529e+15 3.12224803e-05 2.936118e+04
6.137518e-02 4.862602e+15 1.07366421e-05 3.315185e+04
6.137518e-02 6.135907e+15 3.06021681e-06 3.794037e+04
6.137518e-02 7.742637e+15 6.48568314e-07 4.283867e+04
6.137518e-02 9.770100e+15 1.00746202e-07 4.902636e+04
6.137518e-02 1.232847e+16 1.00303043e-08 5.535592e+04
6.137518e-02 1.555676e+16 6.00658353e-10 6.250265e+04
6.137518e-02 1.963041e+16 2.00791267e-11 7.153065e+04
6.137518e-02 2.477076e+16 3.15769443e-13 8.076563e+04
6.137518e-02 3.125716e+16 2.14174650e-15 9.243157e+04
6.137518e-02 3.944206e+16 4.97443305e-18 1.043650e+05
6.137518e-02 4.977024e+16 3.23509038e-21 1.178390e+05
6.137518e-02 6.280291e+16 4.48895138e-25 1.348599e+05
6.137518e-02 7.924829e+16 8.50419136e-30 1.522710e+05
6.137518e-02 1.000000e+17 1.38735597e-35 1.742653e+05
6.581126e-02 1.261857e+07 5.00040846e-04 8.562827e-01
6.581126e-02 1.592283e+07 5.29595618e-04 9.799658e-01
6.581126e-02 2.009233e+07 5.46074690e-04 1.106484e+00
6.581126e-02 2.535364e+07 5.63180923e-04 1.249337e+00
6.581126e-02 3.199267e+07 5.80941951e-04 1.410633e+00
6.581126e-02 4.037017e+07 5.99386743e-04 1.592753e+00
6.581126e-02 5.094138e+07 6.35463364e-04 1.822813e+00
6.581126e-02 6.428073e+07 6.55912615e-04 2.058148e+00
6.581126e-02 8.111308e+07 6.77162427e-04 2.323865e+00
6.581126e-02 1.023531e+08 6.99248657e-04 2.623888e+00
6.581126e-02 1.291550e+08 7.22208867e-04 2.962645e+00
6.581126e-02 1.629751e+08 7.66488360e-04 3.390576e+00
6.581126e-02 2.056512e+08 7.91995536e-04 3.828316e+00
6.581126e-02 2.595024e+08 8.18527704e-04 4.322572e+00
6.581126e-02 3.274549e+08 8.46131235e-04 4.880638e+00
6.581126e-02 4.132012e+08 8.74854613e-04 5.510753e+00
6.581126e-02 5.214008e+08 9.29494106e-04 6.306737e+00
6.581126e-02 6.579332e+08 9.61462541e-04 7.120968e+00
6.581126e-02 8.302176e+08 9.94744580e-04 8.040322e+00
6.581126e-02 1.047616e+09 1.02939930e-03 9.078369e+00
6.581126e-02 1.321941e+09 1.06548816e-03 1.025043e+01
6.581126e-02 1.668101e+09 1.13324503e-03 1.173102e+01
6.581126e-02 2.104904e+09 1.17346707e-03 1.324556e+01
6.581126e-02 2.656088e+09 1.21536673e-03 1.495563e+01
6.581126e-02 3.351603e+09 1.25901689e-03 1.688648e+01
6.581126e-02 4.229243e+09 1.30449261e-03 1.906661e+01
6.581126e-02 5.336699e+09 1.35187115e-03 2.152820e+01
6.581126e-02 6.734151e+09 1.43955630e-03 2.463778e+01
6.581126e-02 8.497534e+09 1.49238570e-03 2.781864e+01
6.581126e-02 1.072267e+10 1.54741828e-03 3.141017e+01
6.581126e-02 1.353048e+10 1.60473901e-03 3.546539e+01
6.581126e-02 1.707353e+10 1.66443327e-03 4.004415e+01
6.581126e-02 2.154435e+10 1.77380937e-03 4.582820e+01
6.581126e-02 2.718588e+10 1.84027351e-03 5.174486e+01
6.581126e-02 3.430469e+10 1.90943272e-03 5.842538e+01
6.581126e-02 4.328761e+10 1.98136706e-03 6.596840e+01
6.581126e-02 5.462277e+10 2.05615109e-03 7.448526e+01
6.581126e-02 6.892612e+10 2.19221515e-03 8.524405e+01
6.581126e-02 8.697490e+10 2.27509942e-03 9.624949e+01
6.581126e-02 1.097499e+11 2.36108897e-03 1.086758e+02
6.581126e-02 1.384886e+11 2.45021675e-03 1.227064e+02
6.581126e-02 1.747528e+11 2.54249626e-03 1.385484e+02
6.581126e-02 2.205131e+11 2.71006691e-03 1.585606e+02
6.581126e-02 2.782559e+11 2.81128694e-03 1.790316e+02
6.581126e-02 3.511192e+11 2.91562065e-03 2.021455e+02
6.581126e-02 4.430621e+11 3.02295037e-03 2.282435e+02
6.581126e-02 5.590810e+11 3.13310723e-03 2.577109e+02
6.581126e-02 7.054802e+11 3.33463831e-03 2.949352e+02
6.581126e-02 8.902151e+11 3.45283486e-03 3.330128e+02
6.581126e-02 1.123324e+12 3.57299244e-03 3.760065e+02
6.581126e-02 1.417474e+12 3.69461134e-03 4.245508e+02
6.581126e-02 1.788650e+12 3.92147235e-03 4.858738e+02
6.581126e-02 2.257020e+12 4.04736982e-03 5.486025e+02
6.581126e-02 2.848036e+12 4.17241169e-03 6.194299e+02
6.581126e-02 3.593814e+12 4.29546729e-03 6.994015e+02
6.581126e-02 4.534879e+12 4.53595104e-03 8.004244e+02
6.581126e-02 5.722368e+12 4.65389997e-03 9.037633e+02
6.581126e-02 7.220809e+12 4.76489429e-03 1.020444e+03
6.581126e-02 9.111628e+12 4.86672748e-03 1.152188e+03
6.581126e-02 1.149757e+13 5.09244114e-03 1.318612e+03
6.581126e-02 1.450829e+13 5.17007815e-03 1.488852e+03
6.581126e-02 1.830738e+13 5.22943365e-03 1.681071e+03
6.581126e-02 2.310130e+13 5.26684514e-03 1.898105e+03
6.581126e-02 2.915053e+13 5.42270290e-03 2.172271e+03
6.581126e-02 3.678380e+13 5.40354292e-03 2.452723e+03
6.581126e-02 4.641589e+13 5.34894818e-03 2.769382e+03
6.581126e-02 5.857021e+13 5.25449476e-03 3.126923e+03
6.581126e-02 7.390722e+13 5.25598413e-03 3.578582e+03
6.581126e-02 9.326033e+13 5.06498328e-03 4.040595e+03
6.581126e-02 1.176812e+14 4.82271123e-03 4.562256e+03
6.581126e-02 1.484968e+14 4.65214512e-03 5.221237e+03
6.581126e-02 1.873817e+14 4.29747682e-03 5.895326e+03
6.581126e-02 2.364489e+14 3.89487597e-03 6.656443e+03
6.581126e-02 2.983647e+14 3.54644935e-03 7.617912e+03
6.581126e-02 3.764936e+14 3.06194160e-03 8.601423e+03
6.581126e-02 4.750810e+14 2.56343596e-03 9.711911e+03
6.581126e-02 5.994843e+14 2.06947816e-03 1.096577e+04
6.581126e-02 7.564633e+14 1.64420461e-03 1.254968e+04
6.581126e-02 9.545485e+14 1.20868796e-03 1.416991e+04
6.581126e-02 1.204504e+15 8.36820045e-04 1.599932e+04
6.581126e-02 1.519911e+15 5.54019332e-04 1.831029e+04
6.581126e-02 1.917910e+15 3.27440061e-04 2.067425e+04
6.581126e-02 2.420128e+15 1.79220010e-04 2.366047e+04
6.581126e-02 3.053856e+15 8.44345543e-05 2.671516e+04
6.581126e-02 3.853529e+15 3.43961801e-05 3.016423e+04
6.581126e-02 4.862602e+15 1.20861468e-05 3.452120e+04
6.581126e-02 6.135907e+15 3.33170162e-06 3.897807e+04
6.581126e-02 7.742637e+15 7.00696074e-07 4.401034e+04
6.581126e-02 9.770100e+15 1.07839107e-07 5.036727e+04
6.581126e-02 1.232847e+16 1.06167769e-08 5.686995e+04
6.581126e-02 1.555676e+16 6.44368907e-10 6.508435e+04
6.581126e-02 1.963041e+16 2.06261323e-11 7.348707e+04
6.581126e-02 2.477076e+16 3.18027713e-13 8.297463e+04
6.581126e-02 3.125716e+16 2.10636868e-15 9.495964e+04
6.581126e-02 3.944206e+16 4.75411859e-18 1.072194e+05
6.581126e-02 4.977024e+16 3.06842532e-21 1.227064e+05
6.581126e-02 6.280291e+16 3.97426444e-25 1.385484e+05
6.581126e-02 7.924829e+16 7.35001520e-30 1.585606e+05
6.581126e-02 1.000000e+17 1.09630569e-35 1.790316e+05
7.056797e-02 1.261857e+07 5.85949597e-04 8.916518e-01
7.056797e-02 1.592283e+07 6.04059706e-04 1.006769e+00
7.056797e-02 2.009233e+07 6.22854952e-04 1.136748e+00
7.056797e-02 2.535364e+07 6.59934574e-04 1.300942e+00
7.056797e-02 3.199267e+07 6.80745743e-04 1.468900e+00
7.056797e-02 4.037017e+07 7.02357945e-04 1.658542e+00
7.056797e-02 5.094138e+07 7.24806736e-04 1.872669e+00
7.056797e-02 6.428073e+07 7.48129335e-04 2.114440e+00
7.056797e-02 8.111308e+07 7.93489538e-04 2.419853e+00
7.056797e-02 1.023531e+08 8.19367609e-04 2.732269e+00
7.056797e-02 1.291550e+08 8.46269437e-04 3.085019e+00
7.056797e-02 1.629751e+08 8.74241110e-04 3.483310e+00
7.056797e-02 2.056512e+08 9.03330844e-04 3.933024e+00
7.056797e-02 2.595024e+08 9.33589154e-04 4.440797e+00
7.056797e-02 3.274549e+08 9.91464242e-04 5.082234e+00
7.056797e-02 4.132012e+08 1.02511649e-03 5.738377e+00
7.056797e-02 5.214008e+08 1.06013962e-03 6.479231e+00
7.056797e-02 6.579332e+08 1.09659548e-03 7.315732e+00
7.056797e-02 8.302176e+08 1.13454867e-03 8.260231e+00
7.056797e-02 1.047616e+09 1.20617807e-03 9.453354e+00
7.056797e-02 1.321941e+09 1.24845593e-03 1.067383e+01
7.056797e-02 1.668101e+09 1.29248780e-03 1.205188e+01
7.056797e-02 2.104904e+09 1.33835112e-03 1.360784e+01
7.056797e-02 2.656088e+09 1.38612614e-03 1.536468e+01
7.056797e-02 3.351603e+09 1.43589576e-03 1.734834e+01
7.056797e-02 4.229243e+09 1.52843631e-03 1.985416e+01
7.056797e-02 5.336699e+09 1.58393111e-03 2.241744e+01
7.056797e-02 6.734151e+09 1.64174527e-03 2.531164e+01
7.056797e-02 8.497534e+09 1.70197300e-03 2.857950e+01
7.056797e-02 1.072267e+10 1.76470992e-03 3.226926e+01
7.056797e-02 1.353048e+10 1.88010584e-03 3.693030e+01
7.056797e-02 1.707353e+10 1.95001199e-03 4.169819e+01
7.056797e-02 2.154435e+10 2.02279337e-03 4.708164e+01
7.056797e-02 2.718588e+10 2.09854730e-03 5.316012e+01
7.056797e-02 3.430469e+10 2.17736823e-03 6.002336e+01
7.056797e-02 4.328761e+10 2.32114146e-03 6.869325e+01
7.056797e-02 5.462277e+10 2.40869212e-03 7.756190e+01
7.056797e-02 6.892612e+10 2.49965123e-03 8.757554e+01
7.056797e-02 8.697490e+10 2.59408611e-03 9.888199e+01
7.056797e-02 1.097499e+11 2.69204979e-03 1.116482e+02
7.056797e-02 1.384886e+11 2.86998468e-03 1.277748e+02
7.056797e-02 1.747528e+11 2.97796601e-03 1.442712e+02
7.056797e-02 2.205131e+11 3.08960990e-03 1.628974e+02
7.056797e-02 2.782559e+11 3.20486899e-03 1.839282e+02
7.056797e-02 3.511192e+11 3.32365508e-03 2.076743e+02
7.056797e-02 4.430621e+11 3.54007700e-03 2.376712e+02
7.056797e-02 5.590810e+11 3.66887544e-03 2.683558e+02
7.056797e-02 7.054802e+11 3.80068179e-03 3.030019e+02
7.056797e-02 8.902151e+11 3.93513806e-03 3.421210e+02
7.056797e-02 1.123324e+12 4.07178622e-03 3.862905e+02
7.056797e-02 1.417474e+12 4.32519922e-03 4.420871e+02
7.056797e-02 1.788650e+12 4.46817534e-03 4.991628e+02
7.056797e-02 2.257020e+12 4.61118694e-03 5.636072e+02
7.056797e-02 2.848036e+12 4.75315216e-03 6.363718e+02
7.056797e-02 3.593814e+12 5.02659541e-03 7.282906e+02
7.056797e-02 4.534879e+12 5.16604608e-03 8.223166e+02
7.056797e-02 5.722368e+12 5.29964128e-03 9.284819e+02
7.056797e-02 7.220809e+12 5.42520183e-03 1.048354e+03
7.056797e-02 9.111628e+12 5.69173312e-03 1.199780e+03
7.056797e-02 1.149757e+13 5.79606082e-03 1.354678e+03
7.056797e-02 1.450829e+13 5.88319492e-03 1.529573e+03
7.056797e-02 1.830738e+13 5.94935519e-03 1.727049e+03
7.056797e-02 2.310130e+13 6.15420893e-03 1.976507e+03
7.056797e-02 2.915053e+13 6.16585786e-03 2.231685e+03
7.056797e-02 3.678380e+13 6.14209288e-03 2.519806e+03
7.056797e-02 4.641589e+13 6.07784374e-03 2.845126e+03
7.056797e-02 5.857021e+13 6.13133656e-03 3.256082e+03
7.056797e-02 7.390722e+13 5.96708187e-03 3.676459e+03
7.056797e-02 9.326033e+13 5.74729501e-03 4.151108e+03
7.056797e-02 1.176812e+14 5.61880933e-03 4.750702e+03
7.056797e-02 1.484968e+14 5.27233833e-03 5.364042e+03
7.056797e-02 1.873817e+14 4.86677287e-03 6.056568e+03
7.056797e-02 2.364489e+14 4.40711537e-03 6.838501e+03
7.056797e-02 2.983647e+14 4.00900304e-03 7.826267e+03
7.056797e-02 3.764936e+14 3.45749433e-03 8.836679e+03
7.056797e-02 4.750810e+14 2.89093971e-03 9.977539e+03
7.056797e-02 5.994843e+14 2.39423174e-03 1.141871e+04
7.056797e-02 7.564633e+14 1.84848623e-03 1.289293e+04
7.056797e-02 9.545485e+14 1.35623493e-03 1.455747e+04
7.056797e-02 1.204504e+15 9.62493194e-04 1.666018e+04
7.056797e-02 1.519911e+15 6.18640168e-04 1.881109e+04
7.056797e-02 1.917910e+15 3.64519787e-04 2.123970e+04
7.056797e-02 2.420128e+15 1.98804428e-04 2.430761e+04
7.056797e-02 3.053856e+15 9.32700634e-05 2.744584e+04
7.056797e-02 3.853529e+15 3.78089736e-05 3.098924e+04
7.056797e-02 4.862602e+15 1.32082956e-05 3.546539e+04
7.056797e-02 6.135907e+15 3.61592875e-06 4.004415e+04
7.056797e-02 7.742637e+15 7.74819392e-07 4.582820e+04
7.056797e-02 9.770100e+15 1.14917564e-07 5.174486e+04
7.056797e-02 1.232847e+16 1.11776934e-08 5.842538e+04
7.056797e-02 1.555676e+16 6.68562744e-10 6.686446e+04
7.056797e-02 1.963041e+16 2.10257954e-11 7.549700e+04
7.056797e-02 2.477076e+16 3.26037808e-13 8.640193e+04
7.056797e-02 3.125716e+16 2.04871078e-15 9.755686e+04
7.056797e-02 3.944206e+16 4.48333785e-18 1.101519e+05
7.056797e-02 4.977024e+16 2.78775239e-21 1.260625e+05
7.056797e-02 6.280291e+16 3.45120444e-25 1.423378e+05
7.056797e-02 7.924829e+16 6.04072308e-30 1.628974e+05
7.056797e-02 1.000000e+17 8.42187192e-36 1.839282e+05
7.566848e-02 1.261857e+07 6.68679569e-04 9.160392e-01
7.566848e-02 1.592283e+07 7.08199826e-04 1.048354e+00
7.566848e-02 2.009233e+07 7.30234264e-04 1.183701e+00
7.566848e-02 2.535364e+07 7.53106990e-04 1.336523e+00
7.566848e-02 3.199267e+07 7.76854909e-04 1.509075e+00
7.566848e-02 4.037017e+07 8.01516704e-04 1.703905e+00
7.566848e-02 5.094138e+07 8.49755643e-04 1.950020e+00
7.566848e-02 6.428073e+07 8.77096610e-04 2.201778e+00
7.566848e-02 8.111308e+07 9.05507415e-04 2.486038e+00
7.566848e-02 1.023531e+08 9.35035919e-04 2.806999e+00
7.566848e-02 1.291550e+08 9.65732256e-04 3.169396e+00
7.566848e-02 1.629751e+08 9.97648965e-04 3.578582e+00
7.566848e-02 2.056512e+08 1.05903530e-03 4.095479e+00
7.566848e-02 2.595024e+08 1.09450452e-03 4.624226e+00
7.566848e-02 3.274549e+08 1.13140497e-03 5.221237e+00
7.566848e-02 4.132012e+08 1.16980127e-03 5.895326e+00
7.566848e-02 5.214008e+08 1.20976104e-03 6.656443e+00
7.566848e-02 6.579332e+08 1.28558027e-03 7.617912e+00
7.566848e-02 8.302176e+08 1.33006582e-03 8.601423e+00
7.566848e-02 1.047616e+09 1.37638430e-03 9.711911e+00
7.566848e-02 1.321941e+09 1.42461755e-03 1.096577e+01
7.566848e-02 1.668101e+09 1.47485069e-03 1.238151e+01
7.566848e-02 2.104904e+09 1.52717187e-03 1.398002e+01
7.566848e-02 2.656088e+09 1.62493239e-03 1.599932e+01
7.566848e-02 3.351603e+09 1.68325949e-03 1.806492e+01
7.566848e-02 4.229243e+09 1.74402225e-03 2.039719e+01
7.566848e-02 5.336699e+09 1.80732328e-03 2.303057e+01
7.566848e-02 6.734151e+09 1.87326749e-03 2.600393e+01
7.566848e-02 8.497534e+09 1.99507607e-03 2.975999e+01
7.566848e-02 1.072267e+10 2.06858636e-03 3.360216e+01
7.566848e-02 1.353048e+10 2.14514617e-03 3.794037e+01
7.566848e-02 1.707353e+10 2.22486834e-03 4.283867e+01
7.566848e-02 2.154435e+10 2.30786489e-03 4.836936e+01
7.566848e-02 2.718588e+10 2.39424603e-03 5.461409e+01
7.566848e-02 3.430469e+10 2.55206112e-03 6.250265e+01
7.566848e-02 4.328761e+10 2.64808351e-03 7.057206e+01
7.566848e-02 5.462277e+10 2.74789494e-03 7.968328e+01
7.566848e-02 6.892612e+10 2.85158336e-03 8.997080e+01
7.566848e-02 8.697490e+10 2.95922397e-03 1.015865e+02
7.566848e-02 1.097499e+11 3.15486626e-03 1.162598e+02
7.566848e-02 1.384886e+11 3.27373205e-03 1.312696e+02
7.566848e-02 1.747528e+11 3.39677187e-03 1.482171e+02
7.566848e-02 2.205131e+11 3.52396761e-03 1.673527e+02
7.566848e-02 2.782559e+11 3.65526223e-03 1.889588e+02
7.566848e-02 3.511192e+11 3.89422620e-03 2.162524e+02
7.566848e-02 4.430621e+11 4.03715524e-03 2.441717e+02
7.566848e-02 5.590810e+11 4.18378944e-03 2.756955e+02
7.566848e-02 7.054802e+11 4.33381234e-03 3.112892e+02
7.566848e-02 8.902151e+11 4.48681005e-03 3.514782e+02
7.566848e-02 1.123324e+12 4.76922326e-03 4.022464e+02
7.566848e-02 1.417474e+12 4.93075099e-03 4.541785e+02
7.566848e-02 1.788650e+12 5.09326918e-03 5.128153e+02
7.566848e-02 2.257020e+12 5.25574971e-03 5.790223e+02
7.566848e-02 2.848036e+12 5.56510746e-03 6.626574e+02
7.566848e-02 3.593814e+12 5.72787163e-03 7.482099e+02
7.566848e-02 4.534879e+12 5.88597528e-03 8.448076e+02
7.566848e-02 5.722368e+12 6.03728059e-03 9.538766e+02
7.566848e-02 7.220809e+12 6.34830017e-03 1.091656e+03
7.566848e-02 9.111628e+12 6.48168039e-03 1.232595e+03
7.566848e-02 1.149757e+13 6.59914571e-03 1.391729e+03
7.566848e-02 1.450829e+13 6.69684212e-03 1.571408e+03
7.566848e-02 1.830738e+13 6.95563229e-03 1.798386e+03
7.566848e-02 2.310130e+13 7.00162794e-03 2.030566e+03
7.566848e-02 2.915053e+13 7.01269863e-03 2.292723e+03
7.566848e-02 3.678380e+13 6.98324175e-03 2.588725e+03
7.566848e-02 4.641589e+13 7.09643094e-03 2.962645e+03
7.566848e-02 5.857021e+13 6.96525941e-03 3.345138e+03
7.566848e-02 7.390722e+13 6.77533949e-03 3.777013e+03
7.566848e-02 9.326033e+13 6.52217622e-03 4.264644e+03
7.566848e-02 1.176812e+14 6.37238979e-03 4.880638e+03
7.566848e-02 1.484968e+14 5.97522995e-03 5.510753e+03
7.566848e-02 1.873817e+14 5.51117902e-03 6.222219e+03
7.566848e-02 2.364489e+14 5.12248794e-03 7.120968e+03
7.566848e-02 2.983647e+14 4.53098924e-03 8.040322e+03
7.566848e-02 3.764936e+14 3.90303448e-03 9.078369e+03
7.566848e-02 4.750810e+14 3.34816989e-03 1.038967e+04
7.566848e-02 5.994843e+14 2.69486032e-03 1.173102e+04
7.566848e-02 7.564633e+14 2.07683900e-03 1.324556e+04
7.566848e-02 9.545485e+14 1.56219231e-03 1.515877e+04
7.566848e-02 1.204504e+15 1.07653425e-03 1.711585e+04
7.566848e-02 1.519911e+15 6.89994019e-04 1.932559e+04
7.566848e-02 1.917910e+15 4.16311928e-04 2.211702e+04
7.566848e-02 2.420128e+15 2.20157359e-04 2.497244e+04
7.566848e-02 3.053856e+15 1.02822636e-04 2.819651e+04
7.566848e-02 3.853529e+15 4.25945787e-05 3.226926e+04
7.566848e-02 4.862602e+15 1.43933780e-05 3.643539e+04
7.566848e-02 6.135907e+15 3.91105498e-06 4.113939e+04
7.566848e-02 7.742637e+15 8.30594568e-07 4.708164e+04
7.566848e-02 9.770100e+15 1.21868385e-07 5.316012e+04
7.566848e-02 1.232847e+16 1.20201908e-08 6.083867e+04
7.566848e-02 1.555676e+16 6.88858975e-10 6.869325e+04
7.566848e-02 1.963041e+16 2.12551028e-11 7.756190e+04
7.566848e-02 2.477076e+16 3.22106654e-13 8.876509e+04
7.566848e-02 3.125716e+16 1.96877942e-15 1.002251e+05
7.566848e-02 3.944206e+16 4.28119632e-18 1.147018e+05
7.566848e-02 4.977024e+16 2.48903394e-21 1.295104e+05
7.566848e-02 6.280291e+16 2.93478835e-25 1.462309e+05
7.566848e-02 7.924829e+16 4.84058883e-30 1.673527e+05
7.566848e-02 1.000000e+17 6.27457636e-36 1.889588e+05
8.113765e-02 1.261857e+07 7.84384730e-04 9.538766e-01
8.113765e-02 1.592283e+07 8.08625612e-04 1.077027e+00
8.113765e-02 2.009233e+07 8.33783238e-04 1.216077e+00
8.113765e-02 2.535364e+07 8.59897781e-04 1.373078e+00
8.113765e-02 3.199267e+07 9.11271786e-04 1.571408e+00
8.113765e-02 4.037017e+07 9.40198615e-04 1.774285e+00
8.113765e-02 5.094138e+07 9.70244653e-04 2.003355e+00
8.113765e-02 6.428073e+07 1.00145964e-03 2.261998e+00
8.113765e-02 8.111308e+07 1.03389571e-03 2.554033e+00
8.113765e-02 1.023531e+08 1.06760747e-03 2.883772e+00
8.113765e-02 1.291550e+08 1.13281046e-03 3.300310e+00
8.113765e-02 1.629751e+08 1.17024445e-03 3.726396e+00
8.113765e-02 2.056512e+08 1.20917369e-03 4.207493e+00
8.113765e-02 2.595024e+08 1.24966564e-03 4.750702e+00
8.113765e-02 3.274549e+08 1.29179082e-03 5.364042e+00
8.113765e-02 4.132012e+08 1.37215323e-03 6.138835e+00
8.113765e-02 5.214008e+08 1.41901696e-03 6.931390e+00
8.113765e-02 6.579332e+08 1.46779598e-03 7.826267e+00
8.113765e-02 8.302176e+08 1.51857645e-03 8.836679e+00
8.113765e-02 1.047616e+09 1.57144804e-03 9.977539e+00
8.113765e-02 1.321941e+09 1.62650398e-03 1.126569e+01
8.113765e-02 1.668101e+09 1.72989558e-03 1.289293e+01
8.113765e-02 2.104904e+09 1.79124787e-03 1.455747e+01
8.113765e-02 2.656088e+09 1.85515384e-03 1.643692e+01
8.113765e-02 3.351603e+09 1.92172377e-03 1.855900e+01
8.113765e-02 4.229243e+09 1.99107119e-03 2.095507e+01
8.113765e-02 5.336699e+09 2.06331280e-03 2.366047e+01
8.113765e-02 6.734151e+09 2.19705938e-03 2.707804e+01
8.113765e-02 8.497534e+09 2.27759364e-03 3.057395e+01
8.113765e-02 1.072267e+10 2.36147555e-03 3.452120e+01
8.113765e-02 1.353048e+10 2.44883279e-03 3.897807e+01
8.113765e-02 1.707353e+10 2.53979339e-03 4.401034e+01
8.113765e-02 2.154435e+10 2.70653949e-03 5.036727e+01
8.113765e-02 2.718588e+10 2.80778082e-03 5.686995e+01
8.113765e-02 3.430469e+10 2.91310675e-03 6.421215e+01
8.113765e-02 4.328761e+10 3.02263565e-03 7.250226e+01
8.113765e-02 5.462277e+10 3.13647701e-03 8.186268e+01
8.113765e-02 6.892612e+10 3.25472948e-03 9.243157e+01
8.113765e-02 8.697490e+10 3.46985354e-03 1.057826e+02
8.113765e-02 1.097499e+11 3.60064270e-03 1.194396e+02
8.113765e-02 1.384886e+11 3.73615938e-03 1.348599e+02
8.113765e-02 1.747528e+11 3.87641603e-03 1.522710e+02
8.113765e-02 2.205131e+11 4.02138868e-03 1.719300e+02
8.113765e-02 2.782559e+11 4.28508882e-03 1.967639e+02
8.113765e-02 3.511192e+11 4.44344891e-03 2.221671e+02
8.113765e-02 4.430621e+11 4.60626409e-03 2.508500e+02
8.113765e-02 5.590810e+11 4.77326171e-03 2.832360e+02
8.113765e-02 7.054802e+11 4.94407456e-03 3.198032e+02
8.113765e-02 8.902151e+11 5.25821087e-03 3.659962e+02
8.113765e-02 1.123324e+12 5.43992293e-03 4.132482e+02
8.113765e-02 1.417474e+12 5.62364938e-03 4.666006e+02
8.113765e-02 1.788650e+12 5.80842027e-03 5.268411e+02
8.113765e-02 2.257020e+12 6.15696676e-03 6.029391e+02
8.113765e-02 2.848036e+12 6.34503743e-03 6.807816e+02
8.113765e-02 3.593814e+12 6.52974002e-03 7.686740e+02
8.113765e-02 4.534879e+12 6.70899010e-03 8.679137e+02
8.113765e-02 5.722368e+12 7.06851793e-03 9.932768e+02
8.113765e-02 7.220809e+12 7.23349012e-03 1.121514e+03
8.113765e-02 9.111628e+12 7.38400521e-03 1.266307e+03
8.113765e-02 1.149757e+13 7.51617325e-03 1.429794e+03
8.113765e-02 1.450829e+13 7.62558878e-03 1.614388e+03
8.113765e-02 1.830738e+13 7.91812646e-03 1.847573e+03
8.113765e-02 2.310130e+13 7.96808672e-03 2.086104e+03
8.113765e-02 2.915053e+13 7.97800572e-03 2.355431e+03
8.113765e-02 3.678380e+13 8.15872027e-03 2.695653e+03
8.113765e-02 4.641589e+13 8.06684642e-03 3.043676e+03
8.113765e-02 5.857021e+13 7.91400831e-03 3.436630e+03
8.113765e-02 7.390722e+13 7.69414365e-03 3.880317e+03
8.113765e-02 9.326033e+13 7.60468872e-03 4.440797e+03
8.113765e-02 1.176812e+14 7.22736527e-03 5.014127e+03
8.113765e-02 1.484968e+14 6.77175583e-03 5.661476e+03
8.113765e-02 1.873817e+14 6.41112788e-03 6.479231e+03
8.113765e-02 2.364489e+14 5.79462166e-03 7.315732e+03
8.113765e-02 2.983647e+14 5.11976801e-03 8.260231e+03
8.113765e-02 3.764936e+14 4.40456505e-03 9.326669e+03
8.113765e-02 4.750810e+14 3.77285458e-03 1.067383e+04
8.113765e-02 5.994843e+14 3.03155434e-03 1.205188e+04
8.113765e-02 7.564633e+14 2.33177361e-03 1.360784e+04
8.113765e-02 9.545485e+14 1.75000983e-03 1.557338e+04
8.113765e-02 1.204504e+15 1.20281815e-03 1.758398e+04
8.113765e-02 1.519911e+15 7.68595054e-04 1.985416e+04
8.113765e-02 1.917910e+15 4.62093393e-04 2.272193e+04
8.113765e-02 2.420128e+15 2.43354755e-04 2.565545e+04
8.113765e-02 3.053856e+15 1.13104364e-04 2.896770e+04
8.113765e-02 3.853529e+15 4.65861204e-05 3.315185e+04
8.113765e-02 4.862602e+15 1.56359544e-05 3.743193e+04
8.113765e-02 6.135907e+15 4.32987813e-06 4.283867e+04
8.113765e-02 7.742637e+15 8.86459511e-07 4.836936e+04
8.113765e-02 9.770100e+15 1.28560025e-07 5.461409e+04
8.113765e-02 1.232847e+16 1.25029767e-08 6.250265e+04
8.113765e-02 1.555676e+16 7.04429348e-10 7.057206e+04
8.113765e-02 1.963041e+16 2.12930280e-11 7.968328e+04
8.113765e-02 2.477076e+16 3.14778152e-13 9.119288e+04
8.113765e-02 3.125716e+16 1.86739022e-15 1.029663e+05
8.113765e-02 3.944206e+16 3.91728923e-18 1.178390e+05
8.113765e-02 4.977024e+16 2.18071870e-21 1.330526e+05
8.113765e-02 6.280291e+16 2.50620912e-25 1.522710e+05
8.113765e-02 7.924829e+16 3.77381176e-30 1.719300e+05
8.113765e-02 1.000000e+17 4.52197186e-36 1.941270e+05
8.700213e-02 1.261857e+07 8.96126344e-04 9.799658e-01
8.700213e-02 1.592283e+07 9.23819017e-04 1.106484e+00
8.700213e-02 2.009233e+07 9.78611973e-04 1.266307e+00
8.700213e-02 2.535364e+07 1.00926059e-03 1.429794e+00
8.700213e-02 3.199267e+07 1.04108141e-03 1.614388e+00
8.700213e-02 4.037017e+07 1.07412619e-03 1.822813e+00
8.700213e-02 5.094138e+07 1.10844918e-03 2.058148e+00
8.700213e-02 6.428073e+07 1.14410713e-03 2.323865e+00
8.700213e-02 8.111308e+07 1.21346517e-03 2.659529e+00
8.700213e-02 1.023531e+08 1.25302763e-03 3.002888e+00
8.700213e-02 1.291550e+08 1.29415374e-03 3.390576e+00
8.700213e-02 1.629751e+08 1.33691373e-03 3.828316e+00
8.700213e-02 2.056512e+08 1.38138107e-03 4.322572e+00
8.700213e-02 2.595024e+08 1.46667955e-03 4.946932e+00
8.700213e-02 3.274549e+08 1.51611191e-03 5.585606e+00
8.700213e-02 4.132012e+08 1.56754636e-03 6.306737e+00
8.700213e-02 5.214008e+08 1.62107318e-03 7.120968e+00
8.700213e-02 6.579332e+08 1.67678645e-03 8.040322e+00
8.700213e-02 8.302176e+08 1.73478438e-03 9.078369e+00
8.700213e-02 1.047616e+09 1.84426844e-03 1.038967e+01
8.700213e-02 1.321941e+09 1.90886615e-03 1.173102e+01
8.700213e-02 1.668101e+09 1.97613867e-03 1.324556e+01
8.700213e-02 2.104904e+09 2.04620348e-03 1.495563e+01
8.700213e-02 2.656088e+09 2.11918226e-03 1.688648e+01
8.700213e-02 3.351603e+09 2.19520059e-03 1.906661e+01
8.700213e-02 4.229243e+09 2.33659391e-03 2.182063e+01
8.700213e-02 5.336699e+09 2.42133866e-03 2.463778e+01
8.700213e-02 6.734151e+09 2.50961461e-03 2.781864e+01
8.700213e-02 8.497534e+09 2.60156384e-03 3.141017e+01
8.700213e-02 1.072267e+10 2.69733036e-03 3.546539e+01
8.700213e-02 1.353048e+10 2.79705913e-03 4.004415e+01
8.700213e-02 1.707353e+10 2.98023713e-03 4.582820e+01
8.700213e-02 2.154435e+10 3.09128107e-03 5.174486e+01
8.700213e-02 2.718588e+10 3.20683779e-03 5.842538e+01
8.700213e-02 3.430469e+10 3.32704751e-03 6.596840e+01
8.700213e-02 4.328761e+10 3.45204373e-03 7.448526e+01
8.700213e-02 5.462277e+10 3.67991870e-03 8.524405e+01
8.700213e-02 6.892612e+10 3.81853513e-03 9.624949e+01
8.700213e-02 8.697490e+10 3.96240500e-03 1.086758e+02
8.700213e-02 1.097499e+11 4.11160148e-03 1.227064e+02
8.700213e-02 1.384886e+11 4.26617054e-03 1.385484e+02
8.700213e-02 1.747528e+11 4.42612282e-03 1.564357e+02
8.700213e-02 2.205131e+11 4.71700596e-03 1.790316e+02
8.700213e-02 2.782559e+11 4.89224398e-03 2.021455e+02
8.700213e-02 3.511192e+11 5.07274526e-03 2.282435e+02
8.700213e-02 4.430621e+11 5.25828354e-03 2.577109e+02
8.700213e-02 5.590810e+11 5.44854084e-03 2.909827e+02
8.700213e-02 7.054802e+11 5.79743322e-03 3.330128e+02
8.700213e-02 8.902151e+11 6.00114291e-03 3.760065e+02
8.700213e-02 1.123324e+12 6.20796587e-03 4.245508e+02
8.700213e-02 1.417474e+12 6.41699465e-03 4.793625e+02
8.700213e-02 1.788650e+12 6.80836690e-03 5.486025e+02
8.700213e-02 2.257020e+12 7.02394516e-03 6.194299e+02
8.700213e-02 2.848036e+12 7.23754897e-03 6.994015e+02
8.700213e-02 3.593814e+12 7.44715771e-03 7.896978e+02
8.700213e-02 4.534879e+12 7.65037636e-03 8.916518e+02
8.700213e-02 5.722368e+12 8.05893981e-03 1.020444e+03
8.700213e-02 7.220809e+12 8.24543177e-03 1.152188e+03
8.700213e-02 9.111628e+12 8.41520239e-03 1.300942e+03
8.700213e-02 1.149757e+13 8.56379802e-03 1.468900e+03
8.700213e-02 1.450829e+13 8.92375365e-03 1.681071e+03
8.700213e-02 1.830738e+13 9.01676984e-03 1.898105e+03
8.700213e-02 2.310130e+13 9.07071161e-03 2.143160e+03
8.700213e-02 2.915053e+13 9.07871011e-03 2.419853e+03
8.700213e-02 3.678380e+13 9.28059643e-03 2.769382e+03
8.700213e-02 4.641589e+13 9.17192859e-03 3.126923e+03
8.700213e-02 5.857021e+13 8.99357683e-03 3.530625e+03
8.700213e-02 7.390722e+13 8.73872174e-03 3.986446e+03
8.700213e-02 9.326033e+13 8.63156074e-03 4.562256e+03
8.700213e-02 1.176812e+14 8.19732345e-03 5.151267e+03
8.700213e-02 1.484968e+14 7.67425022e-03 5.816322e+03
8.700213e-02 1.873817e+14 7.25878056e-03 6.656443e+03
8.700213e-02 2.364489e+14 6.55380078e-03 7.515823e+03
8.700213e-02 2.983647e+14 5.78352649e-03 8.486155e+03
8.700213e-02 3.764936e+14 5.10461798e-03 9.711911e+03
8.700213e-02 4.750810e+14 4.24935111e-03 1.096577e+04
8.700213e-02 5.994843e+14 3.40820705e-03 1.238151e+04
8.700213e-02 7.564633e+14 2.61597791e-03 1.398002e+04
8.700213e-02 9.545485e+14 1.95854124e-03 1.599932e+04
8.700213e-02 1.204504e+15 1.34235687e-03 1.806492e+04
8.700213e-02 1.519911e+15 8.54949741e-04 2.039719e+04
8.700213e-02 1.917910e+15 5.12045563e-04 2.334340e+04
8.700213e-02 2.420128e+15 2.68454490e-04 2.635715e+04
8.700213e-02 3.053856e+15 1.27510040e-04 3.016423e+04
8.700213e-02 3.853529e+15 5.08061382e-05 3.405858e+04
8.700213e-02 4.862602e+15 1.69281403e-05 3.845572e+04
8.700213e-02 6.135907e+15 4.64711253e-06 4.401034e+04
8.700213e-02 7.742637e+15 9.41541025e-07 4.969230e+04
8.700213e-02 9.770100e+15 1.34843107e-07 5.610783e+04
8.700213e-02 1.232847e+16 1.29162525e-08 6.421215e+04
8.700213e-02 1.555676e+16 7.14457877e-10 7.250226e+04
8.700213e-02 1.963041e+16 2.16995637e-11 8.297463e+04
8.700213e-02 2.477076e+16 3.03999152e-13 9.368708e+04
8.700213e-02 3.125716e+16 1.74623744e-15 1.057826e+05
8.700213e-02 3.944206e+16 3.52364804e-18 1.210620e+05
8.700213e-02 4.977024e+16 1.87177437e-21 1.366917e+05
8.700213e-02 6.280291e+16 2.03237826e-25 1.564357e+05
8.700213e-02 7.924829e+16 2.85568681e-30 1.766324e+05
8.700213e-02 1.000000e+17 3.14340841e-36 1.994365e+05
9.329047e-02 1.261857e+07 1.05242128e-03 1.020444e+00
9.329047e-02 1.592283e+07 1.08494194e-03 1.152188e+00
9.329047e-02 2.009233e+07 1.11869194e-03 1.300942e+00
9.329047e-02 2.535364e+07 1.15372511e-03 1.468900e+00
9.329047e-02 3.199267e+07 1.19009783e-03 1.658542e+00
9.329047e-02 4.037017e+07 1.22786923e-03 1.872669e+00
9.329047e-02 5.094138e+07 1.30175742e-03 2.143160e+00
9.329047e-02 6.428073e+07 1.34362962e-03 2.419853e+00
9.329047e-02 8.111308e+07 1.38713878e-03 2.732269e+00
9.329047e-02 1.023531e+08 1.43235798e-03 3.085019e+00
9.329047e-02 1.291550e+08 1.47936375e-03 3.483310e+00
9.329047e-02 1.629751e+08 1.52823627e-03 3.933024e+00
9.329047e-02 2.056512e+08 1.62224788e-03 4.501117e+00
9.329047e-02 2.595024e+08 1.67655521e-03 5.082234e+00
9.329047e-02 3.274549e+08 1.73305101e-03 5.738377e+00
9.329047e-02 4.132012e+08 1.79183382e-03 6.479231e+00
9.329047e-02 5.214008e+08 1.85300664e-03 7.315732e+00
9.329047e-02 6.579332e+08 1.91667680e-03 8.260231e+00
9.329047e-02 8.302176e+08 2.03719168e-03 9.453354e+00
9.329047e-02 1.047616e+09 2.10808444e-03 1.067383e+01
9.329047e-02 1.321941e+09 2.18190212e-03 1.205188e+01
9.329047e-02 1.668101e+09 2.25877408e-03 1.360784e+01
9.329047e-02 2.104904e+09 2.33883420e-03 1.536468e+01
9.329047e-02 2.656088e+09 2.42222108e-03 1.734834e+01
9.329047e-02 3.351603e+09 2.57770297e-03 1.985416e+01
9.329047e-02 4.229243e+09 2.67065105e-03 2.241744e+01
9.329047e-02 5.336699e+09 2.76747022e-03 2.531164e+01
9.329047e-02 6.734151e+09 2.86831898e-03 2.857950e+01
9.329047e-02 8.497534e+09 2.97335887e-03 3.226926e+01
9.329047e-02 1.072267e+10 3.08275351e-03 3.643539e+01
9.329047e-02 1.353048e+10 3.28409881e-03 4.169819e+01
9.329047e-02 1.707353e+10 3.40594068e-03 4.708164e+01
9.329047e-02 2.154435e+10 3.53276229e-03 5.316012e+01
9.329047e-02 2.718588e+10 3.66472786e-03 6.002336e+01
9.329047e-02 3.430469e+10 3.80199583e-03 6.777268e+01
9.329047e-02 4.328761e+10 4.05260773e-03 7.756190e+01
9.329047e-02 5.462277e+10 4.20497637e-03 8.757554e+01
9.329047e-02 6.892612e+10 4.36321632e-03 9.888199e+01
9.329047e-02 8.697490e+10 4.52743411e-03 1.116482e+02
9.329047e-02 1.097499e+11 4.69770989e-03 1.260625e+02
9.329047e-02 1.384886e+11 4.87409229e-03 1.423378e+02
9.329047e-02 1.747528e+11 5.19489060e-03 1.628974e+02
9.329047e-02 2.205131e+11 5.38861830e-03 1.839282e+02
9.329047e-02 2.782559e+11 5.58848214e-03 2.076743e+02
9.329047e-02 3.511192e+11 5.79430482e-03 2.344861e+02
9.329047e-02 4.430621e+11 6.00582049e-03 2.647595e+02
9.329047e-02 5.590810e+11 6.39285212e-03 3.030019e+02
9.329047e-02 7.054802e+11 6.62057663e-03 3.421210e+02
9.329047e-02 8.902151e+11 6.85259550e-03 3.862905e+02
9.329047e-02 1.123324e+12 7.08806790e-03 4.361626e+02
9.329047e-02 1.417474e+12 7.32594428e-03 4.924734e+02
9.329047e-02 1.788650e+12 7.77183909e-03 5.636072e+02
9.329047e-02 2.257020e+12 8.01688974e-03 6.363718e+02
9.329047e-02 2.848036e+12 8.25951877e-03 7.185307e+02
9.329047e-02 3.593814e+12 8.49740006e-03 8.112967e+02
9.329047e-02 4.534879e+12 8.96649055e-03 9.284819e+02
9.329047e-02 5.722368e+12 9.19213993e-03 1.048354e+03
9.329047e-02 7.220809e+12 9.40288912e-03 1.183701e+03
9.329047e-02 9.111628e+12 9.59427279e-03 1.336523e+03
9.329047e-02 1.149757e+13 1.00281644e-02 1.529573e+03
9.329047e-02 1.450829e+13 1.01685839e-02 1.727049e+03
9.329047e-02 1.830738e+13 1.02713327e-02 1.950020e+03
9.329047e-02 2.310130e+13 1.03291499e-02 2.201778e+03
9.329047e-02 2.915053e+13 1.06168569e-02 2.519806e+03
9.329047e-02 3.678380e+13 1.05593907e-02 2.845126e+03
9.329047e-02 4.641589e+13 1.04306374e-02 3.212447e+03
9.329047e-02 5.857021e+13 1.02221904e-02 3.627190e+03
9.329047e-02 7.390722e+13 1.01978805e-02 4.151108e+03
9.329047e-02 9.326033e+13 9.79784143e-03 4.687038e+03
9.329047e-02 1.176812e+14 9.29762409e-03 5.292158e+03
9.329047e-02 1.484968e+14 8.69660589e-03 5.975403e+03
9.329047e-02 1.873817e+14 8.21749674e-03 6.838501e+03
9.329047e-02 2.364489e+14 7.41090165e-03 7.721387e+03
9.329047e-02 2.983647e+14 6.53134580e-03 8.718257e+03
9.329047e-02 3.764936e+14 5.75604293e-03 9.977539e+03
9.329047e-02 4.750810e+14 4.78342799e-03 1.126569e+04
9.329047e-02 5.994843e+14 3.82901584e-03 1.272015e+04
9.329047e-02 7.564633e+14 3.01250590e-03 1.455747e+04
9.329047e-02 9.545485e+14 2.18961491e-03 1.643692e+04
9.329047e-02 1.204504e+15 1.49616906e-03 1.855900e+04
9.329047e-02 1.519911e+15 9.75512376e-04 2.123970e+04
9.329047e-02 1.917910e+15 5.66349513e-04 2.398186e+04
9.329047e-02 2.420128e+15 2.95489783e-04 2.707804e+04
9.329047e-02 3.053856e+15 1.39556008e-04 3.098924e+04
9.329047e-02 3.853529e+15 5.52355169e-05 3.499011e+04
9.329047e-02 4.862602e+15 1.82592237e-05 3.950751e+04
9.329047e-02 6.135907e+15 4.96565152e-06 4.521405e+04
9.329047e-02 7.742637e+15 9.94815133e-07 5.105142e+04
9.329047e-02 9.770100e+15 1.40552012e-07 5.764242e+04
9.329047e-02 1.232847e+16 1.32439145e-08 6.596840e+04
9.329047e-02 1.555676e+16 7.18179296e-10 7.448526e+04
9.329047e-02 1.963041e+16 2.12956157e-11 8.524405e+04
9.329047e-02 2.477076e+16 2.89836451e-13 9.624949e+04
9.329047e-02 3.125716e+16 1.60791375e-15 1.086758e+05
9.329047e-02 3.944206e+16 3.11128492e-18 1.243731e+05
9.329047e-02 4.977024e+16 1.57114813e-21 1.404303e+05
9.329047e-02 6.280291e+16 1.60444709e-25 1.607144e+05
9.329047e-02 7.924829e+16 2.09202348e-30 1.814634e+05
9.329047e-02 1.000000e+17 2.15856614e-36 2.076743e+05
1.000333e-01 1.261857e+07 1.20383487e-03 1.048354e+00
1.000333e-01 1.592283e+07 1.24103190e-03 1.183701e+00
1.000333e-01 2.009233e+07 1.27963472e-03 1.336523e+00
1.000333e-01 2.535364e+07 1.31970482e-03 1.509075e+00
1.000333e-01 3.199267e+07 1.36130666e-03 1.703905e+00
1.000333e-01 4.037017e+07 1.44292215e-03 1.950020e+00
1.000333e-01 5.094138e+07 1.48902059e-03 2.201778e+00
1.000333e-01 6.428073e+07 1.53691087e-03 2.486038e+00
1.000333e-01 8.111308e+07 1.58667273e-03 2.806999e+00
1.000333e-01 1.023531e+08 1.63838966e-03 3.169396e+00
1.000333e-01 1.291550e+08 1.69214906e-03 3.578582e+00
1.000333e-01 1.629751e+08 1.79585283e-03 4.095479e+00
1.000333e-01 2.056512e+08 1.85556581e-03 4.624226e+00
1.000333e-01 2.595024e+08 1.91767260e-03 5.221237e+00
1.000333e-01 3.274549e+08 1.98228088e-03 5.895326e+00
1.000333e-01 4.132012e+08 2.04950314e-03 6.656443e+00
1.000333e-01 5.214008e+08 2.11945695e-03 7.515823e+00
1.000333e-01 6.579332e+08 2.25222492e-03 8.601423e+00
1.000333e-01 8.302176e+08 2.33008750e-03 9.711911e+00
1.000333e-01 1.047616e+09 2.41115010e-03 1.096577e+01
1.000333e-01 1.321941e+09 2.49555465e-03 1.238151e+01
1.000333e-01 1.668101e+09 2.58344866e-03 1.398002e+01
1.000333e-01 2.104904e+09 2.67498475e-03 1.578491e+01
1.000333e-01 2.656088e+09 2.84609129e-03 1.806492e+01
1.000333e-01 3.351603e+09 2.94810633e-03 2.039719e+01
1.000333e-01 4.229243e+09 3.05436484e-03 2.303057e+01
1.000333e-01 5.336699e+09 3.16504357e-03 2.600393e+01
1.000333e-01 6.734151e+09 3.28032289e-03 2.936118e+01
1.000333e-01 8.497534e+09 3.40038645e-03 3.315185e+01
1.000333e-01 1.072267e+10 3.62184315e-03 3.794037e+01
1.000333e-01 1.353048e+10 3.75559480e-03 4.283867e+01
1.000333e-01 1.707353e+10 3.89483659e-03 4.836936e+01
1.000333e-01 2.154435e+10 4.03975834e-03 5.461409e+01
1.000333e-01 2.718588e+10 4.19054583e-03 6.166505e+01
1.000333e-01 3.430469e+10 4.34737796e-03 6.962632e+01
1.000333e-01 4.328761e+10 4.63378789e-03 7.968328e+01
1.000333e-01 5.462277e+10 4.80783751e-03 8.997080e+01
1.000333e-01 6.892612e+10 4.98857288e-03 1.015865e+02
1.000333e-01 8.697490e+10 5.17611204e-03 1.147018e+02
1.000333e-01 1.097499e+11 5.37054234e-03 1.295104e+02
1.000333e-01 1.384886e+11 5.72431068e-03 1.482171e+02
1.000333e-01 1.747528e+11 5.93832578e-03 1.673527e+02
1.000333e-01 2.205131e+11 6.15942173e-03 1.889588e+02
1.000333e-01 2.782559e+11 6.38747318e-03 2.133544e+02
1.000333e-01 3.511192e+11 6.62226938e-03 2.408995e+02
1.000333e-01 4.430621e+11 7.05121932e-03 2.756955e+02
1.000333e-01 5.590810e+11 7.30520615e-03 3.112892e+02
1.000333e-01 7.054802e+11 7.56475900e-03 3.514782e+02
1.000333e-01 8.902151e+11 7.82910783e-03 3.968559e+02
1.000333e-01 1.123324e+12 8.09727716e-03 4.480920e+02
1.000333e-01 1.417474e+12 8.59692415e-03 5.128153e+02
1.000333e-01 1.788650e+12 8.87624536e-03 5.790223e+02
1.000333e-01 2.257020e+12 9.15484104e-03 6.537771e+02
1.000333e-01 2.848036e+12 9.43046432e-03 7.381830e+02
1.000333e-01 3.593814e+12 9.70043457e-03 8.334862e+02
1.000333e-01 4.534879e+12 1.02340375e-02 9.538766e+02
1.000333e-01 5.722368e+12 1.04894385e-02 1.077027e+03
1.000333e-01 7.220809e+12 1.07275061e-02 1.216077e+03
1.000333e-01 9.111628e+12 1.09431152e-02 1.373078e+03
1.000333e-01 1.149757e+13 1.14348411e-02 1.571408e+03
1.000333e-01 1.450829e+13 1.15913977e-02 1.774285e+03
1.000333e-01 1.830738e+13 1.17045291e-02 2.003355e+03
1.000333e-01 2.310130e+13 1.17659445e-02 2.261998e+03
1.000333e-01 2.915053e+13 1.20885515e-02 2.588725e+03
1.000333e-01 3.678380e+13 1.20174326e-02 2.922943e+03
1.000333e-01 4.641589e+13 1.18646165e-02 3.300310e+03
1.000333e-01 5.857021e+13 1.16206086e-02 3.726396e+03
1.000333e-01 7.390722e+13 1.15852362e-02 4.264644e+03
1.000333e-01 9.326033e+13 1.11224072e-02 4.815232e+03
1.000333e-01 1.176812e+14 1.05456087e-02 5.436903e+03
1.000333e-01 1.484968e+14 9.85444591e-03 6.138835e+03
1.000333e-01 1.873817e+14 9.30140693e-03 7.025540e+03
1.000333e-01 2.364489e+14 8.37802965e-03 7.932573e+03
1.000333e-01 2.983647e+14 7.37326474e-03 8.956708e+03
1.000333e-01 3.764936e+14 6.48753357e-03 1.025043e+04
1.000333e-01 4.750810e+14 5.38134252e-03 1.157382e+04
1.000333e-01 5.994843e+14 4.29847211e-03 1.306805e+04
1.000333e-01 7.564633e+14 3.37356588e-03 1.495563e+04
1.000333e-01 9.545485e+14 2.44510216e-03 1.688648e+04
1.000333e-01 1.204504e+15 1.66525574e-03 1.906661e+04
1.000333e-01 1.519911e+15 1.08160747e-03 2.182063e+04
1.000333e-01 1.917910e+15 6.25142371e-04 2.463778e+04
1.000333e-01 2.420128e+15 3.24461420e-04 2.781864e+04
1.000333e-01 3.053856e+15 1.52300912e-04 3.183682e+04
1.000333e-01 3.853529e+15 5.98461853e-05 3.594712e+04
1.000333e-01 4.862602e+15 1.96152875e-05 4.058807e+04
1.000333e-01 6.135907e+15 5.28055571e-06 4.645069e+04
1.000333e-01 7.742637e+15 1.04510903e-06 5.244771e+04
1.000333e-01 9.770100e+15 1.45507774e-07 5.921898e+04
1.000333e-01 1.232847e+16 1.34698359e-08 6.777268e+04
1.000333e-01 1.555676e+16 7.14924177e-10 7.652248e+04
1.000333e-01 1.963041e+16 2.06566755e-11 8.757554e+04
1.000333e-01 2.477076e+16 2.72491028e-13 9.888199e+04
1.000333e-01 3.125716e+16 1.45586713e-15 1.116482e+05
1.000333e-01 3.944206e+16 2.69226849e-18 1.277748e+05
1.000333e-01 4.977024e+16 1.28718170e-21 1.442712e+05
1.000333e-01 6.280291e+16 1.23014843e-25 1.651100e+05
1.000333e-01 7.924829e+16 1.47950564e-30 1.864266e+05
1.000333e-01 1.000000e+17 1.38259809e-36 2.133544e+05
1.072635e-01 1.261857e+07 1.37795319e-03 1.077027e+00
1.072635e-01 1.592283e+07 1.42052722e-03 1.216077e+00
1.072635e-01 2.009233e+07 1.46470982e-03 1.373078e+00
1.072635e-01 2.535364e+07 1.55188661e-03 1.571408e+00
1.072635e-01 3.199267e+07 1.60080301e-03 1.774285e+00
1.072635e-01 4.037017e+07 1.65159928e-03 2.003355e+00
1.072635e-01 5.094138e+07 1.70435857e-03 2.261998e+00
1.072635e-01 6.428073e+07 1.75916786e-03 2.554033e+00
1.072635e-01 8.111308e+07 1.81611832e-03 2.883772e+00
1.072635e-01 1.023531e+08 1.87530537e-03 3.256082e+00
1.072635e-01 1.291550e+08 1.98980267e-03 3.726396e+00
1.072635e-01 1.629751e+08 2.05551683e-03 4.207493e+00
1.072635e-01 2.056512e+08 2.12385130e-03 4.750702e+00
1.072635e-01 2.595024e+08 2.19492378e-03 5.364042e+00
1.072635e-01 3.274549e+08 2.26885727e-03 6.056568e+00
1.072635e-01 4.132012e+08 2.34578025e-03 6.838501e+00
1.072635e-01 5.214008e+08 2.49217521e-03 7.826267e+00
1.072635e-01 6.579332e+08 2.57776415e-03 8.836679e+00
1.072635e-01 8.302176e+08 2.66685584e-03 9.977539e+00
1.072635e-01 1.047616e+09 2.75960620e-03 1.126569e+01
1.072635e-01 1.321941e+09 2.85617720e-03 1.272015e+01
1.072635e-01 1.668101e+09 2.95673710e-03 1.436238e+01
1.072635e-01 2.104904e+09 3.14519324e-03 1.643692e+01
1.072635e-01 2.656088e+09 3.25724217e-03 1.855900e+01
1.072635e-01 3.351603e+09 3.37394372e-03 2.095507e+01
1.072635e-01 4.229243e+09 3.49549389e-03 2.366047e+01
1.072635e-01 5.336699e+09 3.62209394e-03 2.671516e+01
1.072635e-01 6.734151e+09 3.75394912e-03 3.016423e+01
1.072635e-01 8.497534e+09 3.99769749e-03 3.452120e+01
1.072635e-01 1.072267e+10 4.14460301e-03 3.897807e+01
1.072635e-01 1.353048e+10 4.29755708e-03 4.401034e+01
1.072635e-01 1.707353e+10 4.45677751e-03 4.969230e+01
1.072635e-01 2.154435e+10 4.62247929e-03 5.610783e+01
1.072635e-01 2.718588e+10 4.79487257e-03 6.335163e+01
1.072635e-01 3.430469e+10 5.11020635e-03 7.250226e+01
1.072635e-01 4.328761e+10 5.30167473e-03 8.186268e+01
1.072635e-01 5.462277e+10 5.50060017e-03 9.243157e+01
1.072635e-01 6.892612e+10 5.70714091e-03 1.043650e+02
1.072635e-01 8.697490e+10 5.92142734e-03 1.178390e+02
1.072635e-01 1.097499e+11 6.14355410e-03 1.330526e+02
1.072635e-01 1.384886e+11 6.54789541e-03 1.522710e+02
1.072635e-01 1.747528e+11 6.79231109e-03 1.719300e+02
1.072635e-01 2.205131e+11 7.04476208e-03 1.941270e+02
1.072635e-01 2.782559e+11 7.30509615e-03 2.191898e+02
1.072635e-01 3.511192e+11 7.57306230e-03 2.474883e+02
1.072635e-01 4.430621e+11 8.06294826e-03 2.832360e+02
1.072635e-01 5.590810e+11 8.35264301e-03 3.198032e+02
1.072635e-01 7.054802e+11 8.64858072e-03 3.610914e+02
1.072635e-01 8.902151e+11 8.94986468e-03 4.077102e+02
1.072635e-01 1.123324e+12 9.25536151e-03 4.603477e+02
1.072635e-01 1.417474e+12 9.82523506e-03 5.268411e+02
1.072635e-01 1.788650e+12 1.01430694e-02 5.948590e+02
1.072635e-01 2.257020e+12 1.04598475e-02 6.716584e+02
1.072635e-01 2.848036e+12 1.07729741e-02 7.583729e+02
1.072635e-01 3.593814e+12 1.10793567e-02 8.562827e+02
1.072635e-01 4.534879e+12 1.16864650e-02 9.799658e+02
1.072635e-01 5.722368e+12 1.19754613e-02 1.106484e+03
1.072635e-01 7.220809e+12 1.22442621e-02 1.249337e+03
1.072635e-01 9.111628e+12 1.24869801e-02 1.410633e+03
1.072635e-01 1.149757e+13 1.30441734e-02 1.614388e+03
1.072635e-01 1.450829e+13 1.32183732e-02 1.822813e+03
1.072635e-01 1.830738e+13 1.33424597e-02 2.058148e+03
1.072635e-01 2.310130e+13 1.34069621e-02 2.323865e+03
1.072635e-01 2.915053e+13 1.37682571e-02 2.659529e+03
1.072635e-01 3.678380e+13 1.36802557e-02 3.002888e+03
1.072635e-01 4.641589e+13 1.34985629e-02 3.390576e+03
1.072635e-01 5.857021e+13 1.32124624e-02 3.828316e+03
1.072635e-01 7.390722e+13 1.31627392e-02 4.381286e+03
1.072635e-01 9.326033e+13 1.26266177e-02 4.946932e+03
1.072635e-01 1.176812e+14 1.19608270e-02 5.585606e+03
1.072635e-01 1.484968e+14 1.11653053e-02 6.306737e+03
1.072635e-01 1.873817e+14 1.05262882e-02 7.217694e+03
1.072635e-01 2.364489e+14 9.46861615e-03 8.149535e+03
1.072635e-01 2.983647e+14 8.32033659e-03 9.201681e+03
1.072635e-01 3.764936e+14 7.30806065e-03 1.053079e+04
1.072635e-01 4.750810e+14 6.04983661e-03 1.189037e+04
1.072635e-01 5.994843e+14 4.82133827e-03 1.342548e+04
1.072635e-01 7.564633e+14 3.77390089e-03 1.536468e+04
1.072635e-01 9.545485e+14 2.72688137e-03 1.734834e+04
1.072635e-01 1.204504e+15 1.85056846e-03 1.958809e+04
1.072635e-01 1.519911e+15 1.19700367e-03 2.241744e+04
1.072635e-01 1.917910e+15 6.88500980e-04 2.531164e+04
1.072635e-01 2.420128e+15 3.55328718e-04 2.857950e+04
1.072635e-01 3.053856e+15 1.65686328e-04 3.270758e+04
1.072635e-01 3.853529e+15 6.45996550e-05 3.693030e+04
1.072635e-01 4.862602e+15 2.09788637e-05 4.169819e+04
1.072635e-01 6.135907e+15 5.58598939e-06 4.772115e+04
1.072635e-01 7.742637e+15 1.09111132e-06 5.388220e+04
1.072635e-01 9.770100e+15 1.49522520e-07 6.083867e+04
1.072635e-01 1.232847e+16 1.35785812e-08 6.962632e+04
1.072635e-01 1.555676e+16 7.04169179e-10 7.861543e+04
1.072635e-01 1.963041e+16 1.97836808e-11 8.997080e+04
1.072635e-01 2.477076e+16 2.52305428e-13 1.015865e+05
1.072635e-01 3.125716e+16 1.29428513e-15 1.147018e+05
1.072635e-01 3.944206e+16 2.27902558e-18 1.312696e+05
1.072635e-01 4.977024e+16 1.02703951e-21 1.482171e+05
1.072635e-01 6.280291e+16 9.13646113e-26 1.696259e+05
1.072635e-01 7.924829e+16 1.00695108e-30 1.915255e+05
1.072635e-01 1.000000e+17 8.22922090e-37 2.162524e+05
1.150163e-01 1.261857e+07 1.57836409e-03 1.106484e+00
1.150163e-01 1.592283e+07 1.62712630e-03 1.249337e+00
1.150163e-01 2.009233e+07 1.67773036e-03 1.410633e+00
1.150163e-01 2.535364e+07 1.77758060e-03 1.614388e+00
1.150163e-01 3.199267e+07 1.83360517e-03 1.822813e+00
1.150163e-01 4.037017e+07 1.89178206e-03 2.058148e+00
1.150163e-01 5.094138e+07 1.95220636e-03 2.323865e+00
1.150163e-01 6.428073e+07 2.01497759e-03 2.623888e+00
1.150163e-01 8.111308e+07 2.08020001e-03 2.962645e+00
1.150163e-01 1.023531e+08 2.20673174e-03 3.390576e+00
1.150163e-01 1.291550e+08 2.27911611e-03 3.828316e+00
1.150163e-01 1.629751e+08 2.35437112e-03 4.322572e+00
1.150163e-01 2.056512e+08 2.43262529e-03 4.880638e+00
1.150163e-01 2.595024e+08 2.51401315e-03 5.510753e+00
1.150163e-01 3.274549e+08 2.59867528e-03 6.222219e+00
1.150163e-01 4.132012e+08 2.76024342e-03 7.120968e+00
1.150163e-01 5.214008e+08 2.85440805e-03 8.040322e+00
1.150163e-01 6.579332e+08 2.95240908e-03 9.078369e+00
1.150163e-01 8.302176e+08 3.05441768e-03 1.025043e+01
1.150163e-01 1.047616e+09 3.16061188e-03 1.157382e+01
1.150163e-01 1.321941e+09 3.27117659e-03 1.306805e+01
1.150163e-01 1.668101e+09 3.38630382e-03 1.475521e+01
1.150163e-01 2.104904e+09 3.60208917e-03 1.688648e+01
1.150163e-01 2.656088e+09 3.73035882e-03 1.906661e+01
1.150163e-01 3.351603e+09 3.86394826e-03 2.152820e+01
1.150163e-01 4.229243e+09 4.00308084e-03 2.430761e+01
1.150163e-01 5.336699e+09 4.14798577e-03 2.744584e+01
1.150163e-01 6.734151e+09 4.29889666e-03 3.098924e+01
1.150163e-01 8.497534e+09 4.57792752e-03 3.546539e+01
1.150163e-01 1.072267e+10 4.74604129e-03 4.004415e+01
1.150163e-01 1.353048e+10 4.92106362e-03 4.521405e+01
1.150163e-01 1.707353e+10 5.10324153e-03 5.105142e+01
1.150163e-01 2.154435e+10 5.29281851e-03 5.764242e+01
1.150163e-01 2.718588e+10 5.49003213e-03 6.508435e+01
1.150163e-01 3.430469e+10 5.85087578e-03 7.448526e+01
1.150163e-01 4.328761e+10 6.06986285e-03 8.410168e+01
1.150163e-01 5.462277e+10 6.29735034e-03 9.495964e+01
1.150163e-01 6.892612e+10 6.53351433e-03 1.072194e+02
1.150163e-01 8.697490e+10 6.77849830e-03 1.210620e+02
1.150163e-01 1.097499e+11 7.03240406e-03 1.366917e+02
1.150163e-01 1.384886e+11 7.49481548e-03 1.564357e+02
1.150163e-01 1.747528e+11 7.77409275e-03 1.766324e+02
1.150163e-01 2.205131e+11 8.06248773e-03 1.994365e+02
1.150163e-01 2.782559e+11 8.35981528e-03 2.251848e+02
1.150163e-01 3.511192e+11 8.66577587e-03 2.542573e+02
1.150163e-01 4.430621e+11 9.22554133e-03 2.909827e+02
1.150163e-01 5.590810e+11 9.55609685e-03 3.285501e+02
1.150163e-01 7.054802e+11 9.89364499e-03 3.709676e+02
1.150163e-01 8.902151e+11 1.02371398e-02 4.188614e+02
1.150163e-01 1.123324e+12 1.05852625e-02 4.729385e+02
1.150163e-01 1.417474e+12 1.12354940e-02 5.412507e+02
1.150163e-01 1.788650e+12 1.15972213e-02 6.111289e+02
1.150163e-01 2.257020e+12 1.19574602e-02 6.900288e+02
1.150163e-01 2.848036e+12 1.23132097e-02 7.791150e+02
1.150163e-01 3.593814e+12 1.26608978e-02 8.797027e+02
1.150163e-01 4.534879e+12 1.33517673e-02 1.006769e+03
1.150163e-01 5.722368e+12 1.36786676e-02 1.136748e+03
1.150163e-01 7.220809e+12 1.39819993e-02 1.283508e+03
1.150163e-01 9.111628e+12 1.42549940e-02 1.449215e+03
1.150163e-01 1.149757e+13 1.48862563e-02 1.658542e+03
1.150163e-01 1.450829e+13 1.50796367e-02 1.872669e+03
1.150163e-01 1.830738e+13 1.52151196e-02 2.114440e+03
1.150163e-01 2.310130e+13 1.52818827e-02 2.387425e+03
1.150163e-01 2.915053e+13 1.56859295e-02 2.732269e+03
1.150163e-01 3.678380e+13 1.55770465e-02 3.085019e+03
1.150163e-01 4.641589e+13 1.53606419e-02 3.483310e+03
1.150163e-01 5.857021e+13 1.50246310e-02 3.933024e+03
1.150163e-01 7.390722e+13 1.49564024e-02 4.501117e+03
1.150163e-01 9.326033e+13 1.43346087e-02 5.082234e+03
1.150163e-01 1.176812e+14 1.35652779e-02 5.738377e+03
1.150163e-01 1.484968e+14 1.26488198e-02 6.479231e+03
1.150163e-01 1.873817e+14 1.19097049e-02 7.415103e+03
1.150163e-01 2.364489e+14 1.06975086e-02 8.372431e+03
1.150163e-01 2.983647e+14 9.38467412e-03 9.453354e+03
1.150163e-01 3.764936e+14 8.22734781e-03 1.081881e+04
1.150163e-01 4.750810e+14 6.79611523e-03 1.221558e+04
1.150163e-01 5.994843e+14 5.40260776e-03 1.379267e+04
1.150163e-01 7.564633e+14 4.21677007e-03 1.578491e+04
1.150163e-01 9.545485e+14 3.03678966e-03 1.782283e+04
1.150163e-01 1.204504e+15 2.05296857e-03 2.012384e+04
1.150163e-01 1.519911e+15 1.28679230e-03 2.272193e+04
1.150163e-01 1.917910e+15 7.56422510e-04 2.600393e+04
1.150163e-01 2.420128e+15 3.87999243e-04 2.936118e+04
1.150163e-01 3.053856e+15 1.79625726e-04 3.360216e+04
1.150163e-01 3.853529e+15 6.94455686e-05 3.794037e+04
1.150163e-01 4.862602e+15 2.23286491e-05 4.283867e+04
1.150163e-01 6.135907e+15 5.87522168e-06 4.902636e+04
1.150163e-01 7.742637e+15 1.13139266e-06 5.535592e+04
1.150163e-01 9.770100e+15 1.52405662e-07 6.250265e+04
1.150163e-01 1.232847e+16 1.35562651e-08 7.153065e+04
1.150163e-01 1.555676e+16 6.85589874e-10 8.076563e+04
1.150163e-01 1.963041e+16 1.81890898e-11 9.119288e+04
1.150163e-01 2.477076e+16 2.29761960e-13 1.043650e+05
1.150163e-01 3.125716e+16 1.12790345e-15 1.178390e+05
1.150163e-01 3.944206e+16 1.88354213e-18 1.348599e+05
1.150163e-01 4.977024e+16 7.96216808e-22 1.522710e+05
1.150163e-01 6.280291e+16 6.38018869e-26 1.719300e+05
1.150163e-01 7.924829e+16 6.57287011e-31 1.967639e+05
1.150163e-01 1.000000e+17 4.78404474e-37 2.221671e+05
1.233295e-01 1.261857e+07 1.80925735e-03 1.136748e+00
1.233295e-01 1.592283e+07 1.86514798e-03 1.283508e+00
1.233295e-01 2.009233e+07 1.97574866e-03 1.468900e+00
1.233295e-01 2.535364e+07 2.03759897e-03 1.658542e+00
1.233295e-01 3.199267e+07 2.10181130e-03 1.872669e+00
1.233295e-01 4.037017e+07 2.16848958e-03 2.114440e+00
1.233295e-01 5.094138e+07 2.23774267e-03 2.387425e+00
1.233295e-01 6.428073e+07 2.30968446e-03 2.695653e+00
1.233295e-01 8.111308e+07 2.44965041e-03 3.085019e+00
1.233295e-01 1.023531e+08 2.52945785e-03 3.483310e+00
1.233295e-01 1.291550e+08 2.61241273e-03 3.933024e+00
1.233295e-01 1.629751e+08 2.69865567e-03 4.440797e+00
1.233295e-01 2.056512e+08 2.78833369e-03 5.014127e+00
1.233295e-01 2.595024e+08 2.88160065e-03 5.661476e+00
1.233295e-01 3.274549e+08 2.97861733e-03 6.392402e+00
1.233295e-01 4.132012e+08 3.16377971e-03 7.315732e+00
1.233295e-01 5.214008e+08 3.27167949e-03 8.260231e+00
1.233295e-01 6.579332e+08 3.38397176e-03 9.326669e+00
1.233295e-01 8.302176e+08 3.50085210e-03 1.053079e+01
1.233295e-01 1.047616e+09 3.62252389e-03 1.189037e+01
1.233295e-01 1.321941e+09 3.74919829e-03 1.342548e+01
1.233295e-01 1.668101e+09 3.88109452e-03 1.515877e+01
1.233295e-01 2.104904e+09 4.12834659e-03 1.734834e+01
1.233295e-01 2.656088e+09 4.27528593e-03 1.958809e+01
1.233295e-01 3.351603e+09 4.42831146e-03 2.211702e+01
1.233295e-01 4.229243e+09 4.58767775e-03 2.497244e+01
1.233295e-01 5.336699e+09 4.75364591e-03 2.819651e+01
1.233295e-01 6.734151e+09 4.92648187e-03 3.183682e+01
1.233295e-01 8.497534e+09 5.24612139e-03 3.643539e+01
1.233295e-01 1.072267e+10 5.43863155e-03 4.113939e+01
1.233295e-01 1.353048e+10 5.63903644e-03 4.645069e+01
1.233295e-01 1.707353e+10 5.84761616e-03 5.244771e+01
1.233295e-01 2.154435e+10 6.06464636e-03 5.921898e+01
1.233295e-01 2.718588e+10 6.29039549e-03 6.686446e+01
1.233295e-01 3.430469e+10 6.70358729e-03 7.652248e+01
1.233295e-01 4.328761e+10 6.95420076e-03 8.640193e+01
1.233295e-01 5.462277e+10 7.21450707e-03 9.755686e+01
1.233295e-01 6.892612e+10 7.48470158e-03 1.101519e+02
1.233295e-01 8.697490e+10 7.76494152e-03 1.243731e+02
1.233295e-01 1.097499e+11 8.05533544e-03 1.404303e+02
1.233295e-01 1.384886e+11 8.58447528e-03 1.607144e+02
1.233295e-01 1.747528e+11 8.90375496e-03 1.814634e+02
1.233295e-01 2.205131e+11 9.23337929e-03 2.048913e+02
1.233295e-01 2.782559e+11 9.57312274e-03 2.313438e+02
1.233295e-01 3.511192e+11 9.92262706e-03 2.612114e+02
1.233295e-01 4.430621e+11 1.05625791e-02 2.989413e+02
1.233295e-01 5.590810e+11 1.09399125e-02 3.375362e+02
1.233295e-01 7.054802e+11 1.13250656e-02 3.811138e+02
1.233295e-01 8.902151e+11 1.17168164e-02 4.303176e+02
1.233295e-01 1.123324e+12 1.21136275e-02 4.858738e+02
1.233295e-01 1.417474e+12 1.28558509e-02 5.560543e+02
1.233295e-01 1.788650e+12 1.32676056e-02 6.278437e+02
1.233295e-01 2.257020e+12 1.36773107e-02 7.089016e+02
1.233295e-01 2.848036e+12 1.40814913e-02 8.004244e+02
1.233295e-01 3.593814e+12 1.44760166e-02 9.037633e+02
1.233295e-01 4.534879e+12 1.52623405e-02 1.034305e+03
1.233295e-01 5.722368e+12 1.56319629e-02 1.167839e+03
1.233295e-01 7.220809e+12 1.59740338e-02 1.318612e+03
1.233295e-01 9.111628e+12 1.62807652e-02 1.488852e+03
1.233295e-01 1.149757e+13 1.69957738e-02 1.703905e+03
1.233295e-01 1.450829e+13 1.72098611e-02 1.923888e+03
1.233295e-01 1.830738e+13 1.73569789e-02 2.172271e+03
1.233295e-01 2.310130e+13 1.74247555e-02 2.452723e+03
1.233295e-01 2.915053e+13 1.73999652e-02 2.769382e+03
1.233295e-01 3.678380e+13 1.77411493e-02 3.169396e+03
1.233295e-01 4.641589e+13 1.74829502e-02 3.578582e+03
1.233295e-01 5.857021e+13 1.70876560e-02 4.040595e+03
1.233295e-01 7.390722e+13 1.69956843e-02 4.624226e+03
1.233295e-01 9.326033e+13 1.62736057e-02 5.221237e+03
1.233295e-01 1.176812e+14 1.53836628e-02 5.895326e+03
1.233295e-01 1.484968e+14 1.43269168e-02 6.656443e+03
1.233295e-01 1.873817e+14 1.34711429e-02 7.617912e+03
1.233295e-01 2.364489e+14 1.20810474e-02 8.601423e+03
1.233295e-01 2.983647e+14 1.05794761e-02 9.711911e+03
1.233295e-01 3.764936e+14 9.00944176e-03 1.096577e+04
1.233295e-01 4.750810e+14 7.62780179e-03 1.254968e+04
1.233295e-01 5.994843e+14 6.04744311e-03 1.416991e+04
1.233295e-01 7.564633e+14 4.58015812e-03 1.599932e+04
1.233295e-01 9.545485e+14 3.37655937e-03 1.831029e+04
1.233295e-01 1.204504e+15 2.27317587e-03 2.067425e+04
1.233295e-01 1.519911e+15 1.41792610e-03 2.334340e+04
1.233295e-01 1.917910e+15 8.28801847e-04 2.671516e+04
1.233295e-01 2.420128e+15 4.22317339e-04 3.016423e+04
1.233295e-01 3.053856e+15 1.88834956e-04 3.405858e+04
1.233295e-01 3.853529e+15 7.43203479e-05 3.897807e+04
1.233295e-01 4.862602e+15 2.36393254e-05 4.401034e+04
1.233295e-01 6.135907e+15 5.97719471e-06 4.969230e+04
1.233295e-01 7.742637e+15 1.16443910e-06 5.686995e+04
1.233295e-01 9.770100e+15 1.53971946e-07 6.421215e+04
1.233295e-01 1.232847e+16 1.33915333e-08 7.348707e+04
1.233295e-01 1.555676e+16 6.59112405e-10 8.297463e+04
1.233295e-01 1.963041e+16 1.69222423e-11 9.368708e+04
1.233295e-01 2.477076e+16 2.05469756e-13 1.072194e+05
1.233295e-01 3.125716e+16 9.61744179e-16 1.210620e+05
1.233295e-01 3.944206e+16 1.51653754e-18 1.385484e+05
1.233295e-01 4.977024e+16 5.98192605e-22 1.564357e+05
1.233295e-01 6.280291e+16 4.40760449e-26 1.766324e+05
1.233295e-01 7.924829e+16 4.09940143e-31 2.021455e+05
1.233295e-01 1.000000e+17 2.63214932e-37 2.282435e+05
1.322435e-01 1.261857e+07 2.07553194e-03 1.167839e+00
1.322435e-01 1.592283e+07 2.13964208e-03 1.318612e+00
1.322435e-01 2.009233e+07 2.26651274e-03 1.509075e+00
1.322435e-01 2.535364e+07 2.33745722e-03 1.703905e+00
1.322435e-01 3.199267e+07 2.41110999e-03 1.923888e+00
1.322435e-01 4.037017e+07 2.48759010e-03 2.172271e+00
1.322435e-01 5.094138e+07 2.56702225e-03 2.452723e+00
1.322435e-01 6.428073e+07 2.64953689e-03 2.769382e+00
1.322435e-01 8.111308e+07 2.81008243e-03 3.169396e+00
1.322435e-01 1.023531e+08 2.90161520e-03 3.578582e+00
1.322435e-01 1.291550e+08 2.99675582e-03 4.040595e+00
1.322435e-01 1.629751e+08 3.09566530e-03 4.562256e+00
1.322435e-01 2.056512e+08 3.19851190e-03 5.151267e+00
1.322435e-01 2.595024e+08 3.30547170e-03 5.816322e+00
1.322435e-01 3.274549e+08 3.41672866e-03 6.567239e+00
1.322435e-01 4.132012e+08 3.62909072e-03 7.515823e+00
1.322435e-01 5.214008e+08 3.75282066e-03 8.486155e+00
1.322435e-01 6.579332e+08 3.88158315e-03 9.581761e+00
1.322435e-01 8.302176e+08 4.01560178e-03 1.081881e+01
1.322435e-01 1.047616e+09 4.15510899e-03 1.221558e+01
1.322435e-01 1.321941e+09 4.30034604e-03 1.379267e+01
1.322435e-01 1.668101e+09 4.45156332e-03 1.557338e+01
1.322435e-01 2.104904e+09 4.73507978e-03 1.782283e+01
1.322435e-01 2.656088e+09 4.90352687e-03 2.012384e+01
1.322435e-01 3.351603e+09 5.07894118e-03 2.272193e+01
1.322435e-01 4.229243e+09 5.26161293e-03 2.565545e+01
1.322435e-01 5.336699e+09 5.45183962e-03 2.896770e+01
1.322435e-01 6.734151e+09 5.64992402e-03 3.270758e+01
1.322435e-01 8.497534e+09 6.01634446e-03 3.743193e+01
1.322435e-01 1.072267e+10 6.23694232e-03 4.226458e+01
1.322435e-01 1.353048e+10 6.46656638e-03 4.772115e+01
1.322435e-01 1.707353e+10 6.70553417e-03 5.388220e+01
1.322435e-01 2.154435e+10 6.95415765e-03 6.083867e+01
1.322435e-01 2.718588e+10 7.21273992e-03 6.869325e+01
1.322435e-01 3.430469e+10 7.48157004e-03 7.756190e+01
1.322435e-01 4.328761e+10 7.97318556e-03 8.876509e+01
1.322435e-01 5.462277e+10 8.27123028e-03 1.002251e+02
1.322435e-01 6.892612e+10 8.58054704e-03 1.131647e+02
1.322435e-01 8.697490e+10 8.90130721e-03 1.277748e+02
1.322435e-01 1.097499e+11 9.23362519e-03 1.442712e+02
1.322435e-01 1.384886e+11 9.57754781e-03 1.628974e+02
1.322435e-01 1.747528e+11 1.02047112e-02 1.864266e+02
1.322435e-01 2.205131e+11 1.05816560e-02 2.104952e+02
1.322435e-01 2.782559e+11 1.09700600e-02 2.376712e+02
1.322435e-01 3.511192e+11 1.13694941e-02 2.683558e+02
1.322435e-01 4.430621e+11 1.17793450e-02 3.030019e+02
1.322435e-01 5.590810e+11 1.25324272e-02 3.467680e+02
1.322435e-01 7.054802e+11 1.29720634e-02 3.915376e+02
1.322435e-01 8.902151e+11 1.34189973e-02 4.420871e+02
1.322435e-01 1.123324e+12 1.38714339e-02 4.991628e+02
1.322435e-01 1.417474e+12 1.43271543e-02 5.636072e+02
1.322435e-01 1.788650e+12 1.51877871e-02 6.450157e+02
1.322435e-01 2.257020e+12 1.56537860e-02 7.282906e+02
1.322435e-01 2.848036e+12 1.61129805e-02 8.223166e+02
1.322435e-01 3.593814e+12 1.65605878e-02 9.284819e+02
1.322435e-01 4.534879e+12 1.69909768e-02 1.048354e+03
1.322435e-01 5.722368e+12 1.78734095e-02 1.199780e+03
1.322435e-01 7.220809e+12 1.82588625e-02 1.354678e+03
1.322435e-01 9.111628e+12 1.86030826e-02 1.529573e+03
1.322435e-01 1.149757e+13 1.88958864e-02 1.727049e+03
1.322435e-01 1.450829e+13 1.96489527e-02 1.976507e+03
1.322435e-01 1.830738e+13 1.98076438e-02 2.231685e+03
1.322435e-01 2.310130e+13 1.98746298e-02 2.519806e+03
1.322435e-01 2.915053e+13 1.98348257e-02 2.845126e+03
1.322435e-01 3.678380e+13 2.02106311e-02 3.256082e+03
1.322435e-01 4.641589e+13 1.99020285e-02 3.676459e+03
1.322435e-01 5.857021e+13 1.94361960e-02 4.151108e+03
1.322435e-01 7.390722e+13 1.87997035e-02 4.687038e+03
1.322435e-01 9.326033e+13 1.84742557e-02 5.364042e+03
1.322435e-01 1.176812e+14 1.74436448e-02 6.056568e+03
1.322435e-01 1.484968e+14 1.62240028e-02 6.838501e+03
1.322435e-01 1.873817e+14 1.48266113e-02 7.721387e+03
1.322435e-01 2.364489e+14 1.36371214e-02 8.836679e+03
1.322435e-01 2.983647e+14 1.19190268e-02 9.977539e+03
1.322435e-01 3.764936e+14 1.01277413e-02 1.126569e+04
1.322435e-01 4.750810e+14 8.55286277e-03 1.289293e+04
1.322435e-01 5.994843e+14 6.76108605e-03 1.455747e+04
1.322435e-01 7.564633e+14 5.10345335e-03 1.643692e+04
1.322435e-01 9.545485e+14 3.74773646e-03 1.881109e+04
1.322435e-01 1.204504e+15 2.51170527e-03 2.123970e+04
1.322435e-01 1.519911e+15 1.55850777e-03 2.398186e+04
1.322435e-01 1.917910e+15 9.05405757e-04 2.744584e+04
1.322435e-01 2.420128e+15 4.58051695e-04 3.098924e+04
1.322435e-01 3.053856e+15 2.03096573e-04 3.499011e+04
1.322435e-01 3.853529e+15 7.91460668e-05 4.004415e+04
1.322435e-01 4.862602e+15 2.48815329e-05 4.521405e+04
1.322435e-01 6.135907e+15 6.20434504e-06 5.105142e+04
1.322435e-01 7.742637e+15 1.18869989e-06 5.842538e+04
1.322435e-01 9.770100e+15 1.54051364e-07 6.596840e+04
1.322435e-01 1.232847e+16 1.27284877e-08 7.448526e+04
1.322435e-01 1.555676e+16 6.24959078e-10 8.524405e+04
1.322435e-01 1.963041e+16 1.54853313e-11 9.624949e+04
1.322435e-01 2.477076e+16 1.80139581e-13 1.101519e+05
1.322435e-01 3.125716e+16 8.00799736e-16 1.243731e+05
1.322435e-01 3.944206e+16 1.15511096e-18 1.404303e+05
1.322435e-01 4.977024e+16 4.34279479e-22 1.607144e+05
1.322435e-01 6.280291e+16 2.92192511e-26 1.814634e+05
1.322435e-01 7.924829e+16 2.43277446e-31 2.076743e+05
1.322435e-01 1.000000e+17 1.36372735e-37 2.344861e+05
1.418018e-01 1.261857e+07 2.38292341e-03 1.199780e+00
1.418018e-01 1.592283e+07 2.45652070e-03 1.354678e+00
1.418018e-01 2.009233e+07 2.60217173e-03 1.550350e+00
1.418018e-01 2.535364e+07 2.68361246e-03 1.750508e+00
1.418018e-01 3.199267e+07 2.76816090e-03 1.976507e+00
1.418018e-01 4.037017e+07 2.85595349e-03 2.231685e+00
1.418018e-01 5.094138e+07 2.94713319e-03 2.519806e+00
1.418018e-01 6.428073e+07 3.04184948e-03 2.845126e+00
1.418018e-01 8.111308e+07 3.14025898e-03 3.212447e+00
1.418018e-01 1.023531e+08 3.33121109e-03 3.676459e+00
1.418018e-01 1.291550e+08 3.44041340e-03 4.151108e+00
1.418018e-01 1.629751e+08 3.55393882e-03 4.687038e+00
1.418018e-01 2.056512e+08 3.67198007e-03 5.292158e+00
1.418018e-01 2.595024e+08 3.79473877e-03 5.975403e+00
1.418018e-01 3.274549e+08 3.92242553e-03 6.746858e+00
1.418018e-01 4.132012e+08 4.05526018e-03 7.617912e+00
1.418018e-01 5.214008e+08 4.30816691e-03 8.718257e+00
1.418018e-01 6.579332e+08 4.45592906e-03 9.843829e+00
1.418018e-01 8.302176e+08 4.60971685e-03 1.111472e+01
1.418018e-01 1.047616e+09 4.76979605e-03 1.254968e+01
1.418018e-01 1.321941e+09 4.93644244e-03 1.416991e+01
1.418018e-01 1.668101e+09 5.10994212e-03 1.599932e+01
1.418018e-01 2.104904e+09 5.29059059e-03 1.806492e+01
1.418018e-01 2.656088e+09 5.62853960e-03 2.067425e+01
1.418018e-01 3.351603e+09 5.82976764e-03 2.334340e+01
1.418018e-01 4.229243e+09 6.03930738e-03 2.635715e+01
1.418018e-01 5.336699e+09 6.25749784e-03 2.975999e+01
1.418018e-01 6.734151e+09 6.48468381e-03 3.360216e+01
1.418018e-01 8.497534e+09 6.72121505e-03 3.794037e+01
1.418018e-01 1.072267e+10 7.15800904e-03 4.342055e+01
1.418018e-01 1.353048e+10 7.42129776e-03 4.902636e+01
1.418018e-01 1.707353e+10 7.69527144e-03 5.535592e+01
1.418018e-01 2.154435e+10 7.98028291e-03 6.250265e+01
1.418018e-01 2.718588e+10 8.27667419e-03 7.057206e+01
1.418018e-01 3.430469e+10 8.58477037e-03 7.968328e+01
1.418018e-01 4.328761e+10 8.90487439e-03 8.997080e+01
1.418018e-01 5.462277e+10 9.48990301e-03 1.029663e+02
1.418018e-01 6.892612e+10 9.84422906e-03 1.162598e+02
1.418018e-01 8.697490e+10 1.02115933e-02 1.312696e+02
1.418018e-01 1.097499e+11 1.05921146e-02 1.482171e+02
1.418018e-01 1.384886e+11 1.09858325e-02 1.673527e+02
1.418018e-01 1.747528e+11 1.17042840e-02 1.915255e+02
1.418018e-01 2.205131e+11 1.21355725e-02 2.162524e+02
1.418018e-01 2.782559e+11 1.25798325e-02 2.441717e+02
1.418018e-01 3.511192e+11 1.30365484e-02 2.756955e+02
1.418018e-01 4.430621e+11 1.35049906e-02 3.112892e+02
1.418018e-01 5.590810e+11 1.39841764e-02 3.514782e+02
1.418018e-01 7.054802e+11 1.48686666e-02 4.022464e+02
1.418018e-01 8.902151e+11 1.53787215e-02 4.541785e+02
1.418018e-01 1.123324e+12 1.58947197e-02 5.128153e+02
1.418018e-01 1.417474e+12 1.64140715e-02 5.790223e+02
1.418018e-01 1.788650e+12 1.69336204e-02 6.537771e+02
1.418018e-01 2.257020e+12 1.79268163e-02 7.482099e+02
1.418018e-01 2.848036e+12 1.84484763e-02 8.448076e+02
1.418018e-01 3.593814e+12 1.89562025e-02 9.538766e+02
1.418018e-01 4.534879e+12 1.94434756e-02 1.077027e+03
1.418018e-01 5.722368e+12 1.99026942e-02 1.216077e+03
1.418018e-01 7.220809e+12 2.08809775e-02 1.391729e+03
1.418018e-01 9.111628e+12 2.12667183e-02 1.571408e+03
1.418018e-01 1.149757e+13 2.15925507e-02 1.774285e+03
1.418018e-01 1.450829e+13 2.18453459e-02 2.003355e+03
1.418018e-01 1.830738e+13 2.26126082e-02 2.292723e+03
1.418018e-01 2.310130e+13 2.26762673e-02 2.588725e+03
1.418018e-01 2.915053e+13 2.26166040e-02 2.922943e+03
1.418018e-01 3.678380e+13 2.24158186e-02 3.300310e+03
1.418018e-01 4.641589e+13 2.26594243e-02 3.777013e+03
1.418018e-01 5.857021e+13 2.21095192e-02 4.264644e+03
1.418018e-01 7.390722e+13 2.13642683e-02 4.815232e+03
1.418018e-01 9.326033e+13 2.04126679e-02 5.436903e+03
1.418018e-01 1.176812e+14 1.97761058e-02 6.222219e+03
1.418018e-01 1.484968e+14 1.83671357e-02 7.025540e+03
1.418018e-01 1.873817e+14 1.67579900e-02 7.932573e+03
1.418018e-01 2.364489e+14 1.53851903e-02 9.078369e+03
1.418018e-01 2.983647e+14 1.34186573e-02 1.025043e+04
1.418018e-01 3.764936e+14 1.13746610e-02 1.157382e+04
1.418018e-01 4.750810e+14 9.32446171e-03 1.306805e+04
1.418018e-01 5.994843e+14 7.54873249e-03 1.495563e+04
1.418018e-01 7.564633e+14 5.67725680e-03 1.688648e+04
1.418018e-01 9.545485e+14 4.04105181e-03 1.906661e+04
1.418018e-01 1.204504e+15 2.76878980e-03 2.182063e+04
1.418018e-01 1.519911e+15 1.70828124e-03 2.463778e+04
1.418018e-01 1.917910e+15 9.59598263e-04 2.781864e+04
1.418018e-01 2.420128e+15 4.94882306e-04 3.183682e+04
1.418018e-01 3.053856e+15 2.17434825e-04 3.594712e+04
1.418018e-01 3.853529e+15 8.15979410e-05 4.058807e+04
1.418018e-01 4.862602e+15 2.60220587e-05 4.645069e+04
1.418018e-01 6.135907e+15 6.39163335e-06 5.244771e+04
1.418018e-01 7.742637e+15 1.17063355e-06 5.921898e+04
1.418018e-01 9.770100e+15 1.52500709e-07 6.777268e+04
1.418018e-01 1.232847e+16 1.22727549e-08 7.652248e+04
1.418018e-01 1.555676e+16 5.68142852e-10 8.640193e+04
1.418018e-01 1.963041e+16 1.39163833e-11 9.888199e+04
1.418018e-01 2.477076e+16 1.50432121e-13 1.116482e+05
1.418018e-01 3.125716e+16 6.49689321e-16 1.277748e+05
1.418018e-01 3.944206e+16 8.76145917e-19 1.442712e+05
1.418018e-01 4.977024e+16 2.95611648e-22 1.628974e+05
1.418018e-01 6.280291e+16 1.85174401e-26 1.864266e+05
1.418018e-01 7.924829e+16 1.33104298e-31 2.104952e+05
1.418018e-01 1.000000e+17 6.61675931e-38 2.408995e+05
1.520510e-01 1.261857e+07 2.73815530e-03 1.232595e+00
1.520510e-01 1.592283e+07 2.82271424e-03 1.391729e+00
1.520510e-01 2.009233e+07 2.91046265e-03 1.571408e+00
1.520510e-01 2.535364e+07 3.08363381e-03 1.798386e+00
1.520510e-01 3.199267e+07 3.18077043e-03 2.030566e+00
1.520510e-01 4.037017e+07 3.28163242e-03 2.292723e+00
1.520510e-01 5.094138e+07 3.38638375e-03 2.588725e+00
1.520510e-01 6.428073e+07 3.49519586e-03 2.922943e+00
1.520510e-01 8.111308e+07 3.60824835e-03 3.300310e+00
1.520510e-01 1.023531e+08 3.72572908e-03 3.726396e+00
1.520510e-01 1.291550e+08 3.95307583e-03 4.264644e+00
1.520510e-01 1.629751e+08 4.08348369e-03 4.815232e+00
1.520510e-01 2.056512e+08 4.21907507e-03 5.436903e+00
1.520510e-01 2.595024e+08 4.36008100e-03 6.138835e+00
1.520510e-01 3.274549e+08 4.50674273e-03 6.931390e+00
1.520510e-01 4.132012e+08 4.65931202e-03 7.826267e+00
1.520510e-01 5.214008e+08 4.81805166e-03 8.836679e+00
1.520510e-01 6.579332e+08 5.11953043e-03 1.011307e+01
1.520510e-01 8.302176e+08 5.29614450e-03 1.141871e+01
1.520510e-01 1.047616e+09 5.47997533e-03 1.289293e+01
1.520510e-01 1.321941e+09 5.67133827e-03 1.455747e+01
1.520510e-01 1.668101e+09 5.87056036e-03 1.643692e+01
1.520510e-01 2.104904e+09 6.07797925e-03 1.855900e+01
1.520510e-01 2.656088e+09 6.29394357e-03 2.095507e+01
1.520510e-01 3.351603e+09 6.69710644e-03 2.398186e+01
1.520510e-01 4.229243e+09 6.93765018e-03 2.707804e+01
1.520510e-01 5.336699e+09 7.18810538e-03 3.057395e+01
1.520510e-01 6.734151e+09 7.44886466e-03 3.452120e+01
1.520510e-01 8.497534e+09 7.72032595e-03 3.897807e+01
1.520510e-01 1.072267e+10 8.00288981e-03 4.401034e+01
1.520510e-01 1.353048e+10 8.29695614e-03 4.969230e+01
1.520510e-01 1.707353e+10 8.83821821e-03 5.686995e+01
1.520510e-01 2.154435e+10 9.16517564e-03 6.421215e+01
1.520510e-01 2.718588e+10 9.50514212e-03 7.250226e+01
1.520510e-01 3.430469e+10 9.85848279e-03 8.186268e+01
1.520510e-01 4.328761e+10 1.02255363e-02 9.243157e+01
1.520510e-01 5.462277e+10 1.06066030e-02 1.043650e+02
1.520510e-01 6.892612e+10 1.13028489e-02 1.194396e+02
1.520510e-01 8.697490e+10 1.17238533e-02 1.348599e+02
1.520510e-01 1.097499e+11 1.21598360e-02 1.522710e+02
1.520510e-01 1.384886e+11 1.26108251e-02 1.719300e+02
1.520510e-01 1.747528e+11 1.30767299e-02 1.941270e+02
1.520510e-01 2.205131e+11 1.35573202e-02 2.191898e+02
1.520510e-01 2.782559e+11 1.44365334e-02 2.508500e+02
1.520510e-01 3.511192e+11 1.49589979e-02 2.832360e+02
1.520510e-01 4.430621e+11 1.54946474e-02 3.198032e+02
1.520510e-01 5.590810e+11 1.60423176e-02 3.610914e+02
1.520510e-01 7.054802e+11 1.66004968e-02 4.077102e+02
1.520510e-01 8.902151e+11 1.76368042e-02 4.666006e+02
1.520510e-01 1.123324e+12 1.82254404e-02 5.268411e+02
1.520510e-01 1.417474e+12 1.88174143e-02 5.948590e+02
1.520510e-01 1.788650e+12 1.94090429e-02 6.716584e+02
1.520510e-01 2.257020e+12 1.99958903e-02 7.583729e+02
1.520510e-01 2.848036e+12 2.11353402e-02 8.679137e+02
1.520510e-01 3.593814e+12 2.17110981e-02 9.799658e+02
1.520510e-01 4.534879e+12 2.22625096e-02 1.106484e+03
1.520510e-01 5.722368e+12 2.27807764e-02 1.249337e+03
1.520510e-01 7.220809e+12 2.32557435e-02 1.410633e+03
1.520510e-01 9.111628e+12 2.43233502e-02 1.614388e+03
1.520510e-01 1.149757e+13 2.46849822e-02 1.822813e+03
1.520510e-01 1.450829e+13 2.49616095e-02 2.058148e+03
1.520510e-01 1.830738e+13 2.51365966e-02 2.323865e+03
1.520510e-01 2.310130e+13 2.58809406e-02 2.659529e+03
1.520510e-01 2.915053e+13 2.57952196e-02 3.002888e+03
1.520510e-01 3.678380e+13 2.55467158e-02 3.390576e+03
1.520510e-01 4.641589e+13 2.51153791e-02 3.828316e+03
1.520510e-01 5.857021e+13 2.51520280e-02 4.381286e+03
1.520510e-01 7.390722e+13 2.42780788e-02 4.946932e+03
1.520510e-01 9.326033e+13 2.31685901e-02 5.585606e+03
1.520510e-01 1.176812e+14 2.18186341e-02 6.306737e+03
1.520510e-01 1.484968e+14 2.07861711e-02 7.217694e+03
1.520510e-01 1.873817e+14 1.89318138e-02 8.149535e+03
1.520510e-01 2.364489e+14 1.68844557e-02 9.201681e+03
1.520510e-01 2.983647e+14 1.50946542e-02 1.053079e+04
1.520510e-01 3.764936e+14 1.27621028e-02 1.189037e+04
1.520510e-01 4.750810e+14 1.04306631e-02 1.342548e+04
1.520510e-01 5.994843e+14 8.19132520e-03 1.515877e+04
1.520510e-01 7.564633e+14 6.30406596e-03 1.734834e+04
1.520510e-01 9.545485e+14 4.46675418e-03 1.958809e+04
1.520510e-01 1.204504e+15 2.96324187e-03 2.211702e+04
1.520510e-01 1.519911e+15 1.86670654e-03 2.531164e+04
1.520510e-01 1.917910e+15 1.04106413e-03 2.857950e+04
1.520510e-01 2.420128e+15 5.18213872e-04 3.226926e+04
1.520510e-01 3.053856e+15 2.31611564e-04 3.693030e+04
1.520510e-01 3.853529e+15 8.59132069e-05 4.169819e+04
1.520510e-01 4.862602e+15 2.63048450e-05 4.708164e+04
1.520510e-01 6.135907e+15 6.53016738e-06 5.388220e+04
1.520510e-01 7.742637e+15 1.17279940e-06 6.083867e+04
1.520510e-01 9.770100e+15 1.45243791e-07 6.869325e+04
1.520510e-01 1.232847e+16 1.16702877e-08 7.861543e+04
1.520510e-01 1.555676e+16 5.21903825e-10 8.876509e+04
1.520510e-01 1.963041e+16 1.22611723e-11 1.015865e+05
1.520510e-01 2.477076e+16 1.26035388e-13 1.147018e+05
1.520510e-01 3.125716e+16 4.98684774e-16 1.295104e+05
1.520510e-01 3.944206e+16 6.42279727e-19 1.482171e+05
1.520510e-01 4.977024e+16 1.98433699e-22 1.673527e+05
1.520510e-01 6.280291e+16 1.11715573e-26 1.915255e+05
1.520510e-01 7.924829e+16 7.05071060e-32 2.162524e+05
1.520510e-01 1.000000e+17 2.90866787e-38 2.441717e+05
1.630409e-01 1.261857e+07 3.14911942e-03 1.266307e+00
1.630409e-01 1.592283e+07 3.24635720e-03 1.429794e+00
1.630409e-01 2.009233e+07 3.34726106e-03 1.614388e+00
1.630409e-01 2.535364e+07 3.45199049e-03 1.822813e+00
1.630409e-01 3.199267e+07 3.56071250e-03 2.058148e+00
1.630409e-01 4.037017e+07 3.77407787e-03 2.355431e+00
1.630409e-01 5.094138e+07 3.89452469e-03 2.659529e+00
1.630409e-01 6.428073e+07 4.01963798e-03 3.002888e+00
1.630409e-01 8.111308e+07 4.14962382e-03 3.390576e+00
1.630409e-01 1.023531e+08 4.28469775e-03 3.828316e+00
1.630409e-01 1.291550e+08 4.42508524e-03 4.322572e+00
1.630409e-01 1.629751e+08 4.57102230e-03 4.880638e+00
1.630409e-01 2.056512e+08 4.85192641e-03 5.585606e+00
1.630409e-01 2.595024e+08 5.01402904e-03 6.306737e+00
1.630409e-01 3.274549e+08 5.18262767e-03 7.120968e+00
1.630409e-01 4.132012e+08 5.35801082e-03 8.040322e+00
1.630409e-01 5.214008e+08 5.54047955e-03 9.078369e+00
1.630409e-01 6.579332e+08 5.73034706e-03 1.025043e+01
1.630409e-01 8.302176e+08 5.92793949e-03 1.157382e+01
1.630409e-01 1.047616e+09 6.30135413e-03 1.324556e+01
1.630409e-01 1.321941e+09 6.52128004e-03 1.495563e+01
1.630409e-01 1.668101e+09 6.75022493e-03 1.688648e+01
1.630409e-01 2.104904e+09 6.98857471e-03 1.906661e+01
1.630409e-01 2.656088e+09 7.23672763e-03 2.152820e+01
1.630409e-01 3.351603e+09 7.49509310e-03 2.430761e+01
1.630409e-01 4.229243e+09 7.76409031e-03 2.744584e+01
1.630409e-01 5.336699e+09 8.26416159e-03 3.141017e+01
1.630409e-01 6.734151e+09 8.56368913e-03 3.546539e+01
1.630409e-01 8.497534e+09 8.87547940e-03 4.004415e+01
1.630409e-01 1.072267e+10 9.19998746e-03 4.521405e+01
1.630409e-01 1.353048e+10 9.53766692e-03 5.105142e+01
1.630409e-01 1.707353e+10 9.88896694e-03 5.764242e+01
1.630409e-01 2.154435e+10 1.05347896e-02 6.596840e+01
1.630409e-01 2.718588e+10 1.09250191e-02 7.448526e+01
1.630409e-01 3.430469e+10 1.13305358e-02 8.410168e+01
1.630409e-01 4.328761e+10 1.17517172e-02 9.495964e+01
1.630409e-01 5.462277e+10 1.21888957e-02 1.072194e+02
1.630409e-01 6.892612e+10 1.26423490e-02 1.210620e+02
1.630409e-01 8.697490e+10 1.31122835e-02 1.366917e+02
1.630409e-01 1.097499e+11 1.39707537e-02 1.564357e+02
1.630409e-01 1.384886e+11 1.44876552e-02 1.766324e+02
1.630409e-01 1.747528e+11 1.50214904e-02 1.994365e+02
1.630409e-01 2.205131e+11 1.55719671e-02 2.251848e+02
1.630409e-01 2.782559e+11 1.61385937e-02 2.542573e+02
1.630409e-01 3.511192e+11 1.71779636e-02 2.909827e+02
1.630409e-01 4.430621e+11 1.77907343e-02 3.285501e+02
1.630409e-01 5.590810e+11 1.84169265e-02 3.709676e+02
1.630409e-01 7.054802e+11 1.90547541e-02 4.188614e+02
1.630409e-01 8.902151e+11 1.97019579e-02 4.729385e+02
1.630409e-01 1.123324e+12 2.03557267e-02 5.339973e+02
1.630409e-01 1.417474e+12 2.15873202e-02 6.111289e+02
1.630409e-01 1.788650e+12 2.22610635e-02 6.900288e+02
1.630409e-01 2.257020e+12 2.29285269e-02 7.791150e+02
1.630409e-01 2.848036e+12 2.35835448e-02 8.797027e+02
1.630409e-01 3.593814e+12 2.42188322e-02 9.932768e+02
1.630409e-01 4.534879e+12 2.55048570e-02 1.136748e+03
1.630409e-01 5.722368e+12 2.60892404e-02 1.283508e+03
1.630409e-01 7.220809e+12 2.66226376e-02 1.449215e+03
1.630409e-01 9.111628e+12 2.70916385e-02 1.636316e+03
1.630409e-01 1.149757e+13 2.82327262e-02 1.872669e+03
1.630409e-01 1.450829e+13 2.85337585e-02 2.114440e+03
1.630409e-01 1.830738e+13 2.87166229e-02 2.387425e+03
1.630409e-01 2.310130e+13 2.87606967e-02 2.695653e+03
1.630409e-01 2.915053e+13 2.94276350e-02 3.085019e+03
1.630409e-01 3.678380e+13 2.91200143e-02 3.483310e+03
1.630409e-01 4.641589e+13 2.86018263e-02 3.933024e+03
1.630409e-01 5.857021e+13 2.78520346e-02 4.440797e+03
1.630409e-01 7.390722e+13 2.75873344e-02 5.082234e+03
1.630409e-01 9.326033e+13 2.62920060e-02 5.738377e+03
1.630409e-01 1.176812e+14 2.47233182e-02 6.479231e+03
1.630409e-01 1.484968e+14 2.28878617e-02 7.315732e+03
1.630409e-01 1.873817e+14 2.13753876e-02 8.372431e+03
1.630409e-01 2.364489e+14 1.90225031e-02 9.453354e+03
1.630409e-01 2.983647e+14 1.65124698e-02 1.067383e+04
1.630409e-01 3.764936e+14 1.39214545e-02 1.205188e+04
1.630409e-01 4.750810e+14 1.16516440e-02 1.379267e+04
1.630409e-01 5.994843e+14 9.11619327e-03 1.557338e+04
1.630409e-01 7.564633e+14 6.79984003e-03 1.758398e+04
1.630409e-01 9.545485e+14 4.92533109e-03 2.012384e+04
1.630409e-01 1.204504e+15 3.24872547e-03 2.272193e+04
1.630409e-01 1.519911e+15 1.97877431e-03 2.565545e+04
1.630409e-01 1.917910e+15 1.12492055e-03 2.936118e+04
1.630409e-01 2.420128e+15 5.54855587e-04 3.315185e+04
1.630409e-01 3.053856e+15 2.38810098e-04 3.743193e+04
1.630409e-01 3.853529e+15 8.98651943e-05 4.283867e+04
1.630409e-01 4.862602e+15 2.71076768e-05 4.836936e+04
1.630409e-01 6.135907e+15 6.43514551e-06 5.461409e+04
1.630409e-01 7.742637e+15 1.16236834e-06 6.250265e+04
1.630409e-01 9.770100e+15 1.40309692e-07 7.057206e+04
1.630409e-01 1.232847e+16 1.06388320e-08 7.968328e+04
1.630409e-01 1.555676e+16 4.70803896e-10 9.119288e+04
1.630409e-01 1.963041e+16 1.02895263e-11 1.029663e+05
1.630409e-01 2.477076e+16 1.02887894e-13 1.178390e+05
1.630409e-01 3.125716e+16 3.81197122e-16 1.330526e+05
1.630409e-01 3.944206e+16 4.41514760e-19 1.502304e+05
1.630409e-01 4.977024e+16 1.27365389e-22 1.719300e+05
1.630409e-01 6.280291e+16 6.21629001e-27 1.941270e+05
1.630409e-01 7.924829e+16 3.50008040e-32 2.221671e+05
1.630409e-01 1.000000e+17 1.21445384e-38 2.508500e+05
1.748252e-01 1.261857e+07 3.62509036e-03 1.300942e+00
1.748252e-01 1.592283e+07 3.73700919e-03 1.468900e+00
1.748252e-01 2.009233e+07 3.85314560e-03 1.658542e+00
1.748252e-01 2.535364e+07 3.97368285e-03 1.872669e+00
1.748252e-01 3.199267e+07 4.09881284e-03 2.114440e+00
1.748252e-01 4.037017e+07 4.22873654e-03 2.387425e+00
1.748252e-01 5.094138e+07 4.36366435e-03 2.695653e+00
1.748252e-01 6.428073e+07 4.62699911e-03 3.085019e+00
1.748252e-01 8.111308e+07 4.77658794e-03 3.483310e+00
1.748252e-01 1.023531e+08 4.93202788e-03 3.933024e+00
1.748252e-01 1.291550e+08 5.09357778e-03 4.440797e+00
1.748252e-01 1.629751e+08 5.26150849e-03 5.014127e+00
1.748252e-01 2.056512e+08 5.43610287e-03 5.661476e+00
1.748252e-01 2.595024e+08 5.61765671e-03 6.392402e+00
1.748252e-01 3.274549e+08 5.96529038e-03 7.315732e+00
1.748252e-01 4.132012e+08 6.16707460e-03 8.260231e+00
1.748252e-01 5.214008e+08 6.37700170e-03 9.326669e+00
1.748252e-01 6.579332e+08 6.59543058e-03 1.053079e+01
1.748252e-01 8.302176e+08 6.82273484e-03 1.189037e+01
1.748252e-01 1.047616e+09 7.05930234e-03 1.342548e+01
1.748252e-01 1.321941e+09 7.30553501e-03 1.515877e+01
1.748252e-01 1.668101e+09 7.76867170e-03 1.734834e+01
1.748252e-01 2.104904e+09 8.04279502e-03 1.958809e+01
1.748252e-01 2.656088e+09 8.32817203e-03 2.211702e+01
1.748252e-01 3.351603e+09 8.62527022e-03 2.497244e+01
1.748252e-01 4.229243e+09 8.93456787e-03 2.819651e+01
1.748252e-01 5.336699e+09 9.25655371e-03 3.183682e+01
1.748252e-01 6.734151e+09 9.59172333e-03 3.594712e+01
1.748252e-01 8.497534e+09 1.02124603e-02 4.113939e+01
1.748252e-01 1.072267e+10 1.05854323e-02 4.645069e+01
1.748252e-01 1.353048e+10 1.09734945e-02 5.244771e+01
1.748252e-01 1.707353e+10 1.13771552e-02 5.921898e+01
1.748252e-01 2.154435e+10 1.17969090e-02 6.686446e+01
1.748252e-01 2.718588e+10 1.22332310e-02 7.549700e+01
1.748252e-01 3.430469e+10 1.26865674e-02 8.524405e+01
1.748252e-01 4.328761e+10 1.35171901e-02 9.755686e+01
1.748252e-01 5.462277e+10 1.40190911e-02 1.101519e+02
1.748252e-01 6.892612e+10 1.45395589e-02 1.243731e+02
1.748252e-01 8.697490e+10 1.50788103e-02 1.404303e+02
1.748252e-01 1.097499e+11 1.56369560e-02 1.585606e+02
1.748252e-01 1.384886e+11 1.62139813e-02 1.790316e+02
1.748252e-01 1.747528e+11 1.72694714e-02 2.048913e+02
1.748252e-01 2.205131e+11 1.79003440e-02 2.313438e+02
1.748252e-01 2.782559e+11 1.85494603e-02 2.612114e+02
1.748252e-01 3.511192e+11 1.92159387e-02 2.949352e+02
1.748252e-01 4.430621e+11 1.98985682e-02 3.330128e+02
1.748252e-01 5.590810e+11 2.05957479e-02 3.760065e+02
1.748252e-01 7.054802e+11 2.18881387e-02 4.303176e+02
1.748252e-01 8.902151e+11 2.26273876e-02 4.858738e+02
1.748252e-01 1.123324e+12 2.33734972e-02 5.486025e+02
1.748252e-01 1.417474e+12 2.41224183e-02 6.194299e+02
1.748252e-01 1.788650e+12 2.48692456e-02 6.994015e+02
1.748252e-01 2.257020e+12 2.63084950e-02 8.004244e+02
1.748252e-01 2.848036e+12 2.70521638e-02 9.037633e+02
1.748252e-01 3.593814e+12 2.77719632e-02 1.020444e+03
1.748252e-01 4.534879e+12 2.84579698e-02 1.152188e+03
1.748252e-01 5.722368e+12 2.90986692e-02 1.300942e+03
1.748252e-01 7.220809e+12 3.04926105e-02 1.488852e+03
1.748252e-01 9.111628e+12 3.10150265e-02 1.681071e+03
1.748252e-01 1.149757e+13 3.14443160e-02 1.898105e+03
1.748252e-01 1.450829e+13 3.17610299e-02 2.143160e+03
1.748252e-01 1.830738e+13 3.28175260e-02 2.452723e+03
1.748252e-01 2.310130e+13 3.28441637e-02 2.769382e+03
1.748252e-01 2.915053e+13 3.26847923e-02 3.126923e+03
1.748252e-01 3.678380e+13 3.23140487e-02 3.530625e+03
1.748252e-01 4.641589e+13 3.25743081e-02 4.040595e+03
1.748252e-01 5.857021e+13 3.16845966e-02 4.562256e+03
1.748252e-01 7.390722e+13 3.05092398e-02 5.151267e+03
1.748252e-01 9.326033e+13 2.90352092e-02 5.816322e+03
1.748252e-01 1.176812e+14 2.80044090e-02 6.656443e+03
1.748252e-01 1.484968e+14 2.58781042e-02 7.515823e+03
1.748252e-01 1.873817e+14 2.34759784e-02 8.486155e+03
1.748252e-01 2.364489e+14 2.08427670e-02 9.581761e+03
1.748252e-01 2.983647e+14 1.85375955e-02 1.096577e+04
1.748252e-01 3.764936e+14 1.55809597e-02 1.238151e+04
1.748252e-01 4.750810e+14 1.26488653e-02 1.398002e+04
1.748252e-01 5.994843e+14 1.01260962e-02 1.599932e+04
1.748252e-01 7.564633e+14 7.51804214e-03 1.806492e+04
1.748252e-01 9.545485e+14 5.27211290e-03 2.039719e+04
1.748252e-01 1.204504e+15 3.55033519e-03 2.334340e+04
1.748252e-01 1.519911e+15 2.14682354e-03 2.635715e+04
1.748252e-01 1.917910e+15 1.17792460e-03 2.975999e+04
1.748252e-01 2.420128e+15 5.75256384e-04 3.360216e+04
1.748252e-01 3.053856e+15 2.51416432e-04 3.845572e+04
1.748252e-01 3.853529e+15 9.08373238e-05 4.342055e+04
1.748252e-01 4.862602e+15 2.69609363e-05 4.902636e+04
1.748252e-01 6.135907e+15 6.44993946e-06 5.610783e+04
1.748252e-01 7.742637e+15 1.10814877e-06 6.335163e+04
1.748252e-01 9.770100e+15 1.33652392e-07 7.250226e+04
1.748252e-01 1.232847e+16 9.79874422e-09 8.186268e+04
1.748252e-01 1.555676e+16 4.05247793e-10 9.243157e+04
1.748252e-01 1.963041e+16 8.66246719e-12 1.057826e+05
1.748252e-01 2.477076e+16 7.94601179e-14 1.194396e+05
1.748252e-01 3.125716e+16 2.74119221e-16 1.348599e+05
1.748252e-01 3.944206e+16 2.99311380e-19 1.543393e+05
1.748252e-01 4.977024e+16 7.57617250e-23 1.742653e+05
1.748252e-01 6.280291e+16 3.34994653e-27 1.994365e+05
1.748252e-01 7.924829e+16 1.57514987e-32 2.251848e+05
1.748252e-01 1.000000e+17 4.52924054e-39 2.542573e+05
1.874612e-01 1.261857e+07 4.06577899e-03 1.318612e+00
1.874612e-01 1.592283e+07 4.19128365e-03 1.488852e+00
1.874612e-01 2.009233e+07 4.43971216e-03 1.703905e+00
1.874612e-01 2.535364e+07 4.57857295e-03 1.923888e+00
1.874612e-01 3.199267e+07 4.72272152e-03 2.172271e+00
1.874612e-01 4.037017e+07 4.87238892e-03 2.452723e+00
1.874612e-01 5.094138e+07 5.02781704e-03 2.769382e+00
1.874612e-01 6.428073e+07 5.18925872e-03 3.126923e+00
1.874612e-01 8.111308e+07 5.35697868e-03 3.530625e+00
1.874612e-01 1.023531e+08 5.53125368e-03 3.986446e+00
1.874612e-01 1.291550e+08 5.86861095e-03 4.562256e+00
1.874612e-01 1.629751e+08 6.06202692e-03 5.151267e+00
1.874612e-01 2.056512e+08 6.26311042e-03 5.816322e+00
1.874612e-01 2.595024e+08 6.47220100e-03 6.567239e+00
1.874612e-01 3.274549e+08 6.68965296e-03 7.415103e+00
1.874612e-01 4.132012e+08 6.91583572e-03 8.372431e+00
1.874612e-01 5.214008e+08 7.15113456e-03 9.453354e+00
1.874612e-01 6.579332e+08 7.59823491e-03 1.081881e+01
1.874612e-01 8.302176e+08 7.85995129e-03 1.221558e+01
1.874612e-01 1.047616e+09 8.13231705e-03 1.379267e+01
1.874612e-01 1.321941e+09 8.41579241e-03 1.557338e+01
1.874612e-01 1.668101e+09 8.71085397e-03 1.758398e+01
1.874612e-01 2.104904e+09 9.01799295e-03 1.985416e+01
1.874612e-01 2.656088e+09 9.33771563e-03 2.241744e+01
1.874612e-01 3.351603e+09 9.93503845e-03 2.565545e+01
1.874612e-01 4.229243e+09 1.02909751e-02 2.896770e+01
1.874612e-01 5.336699e+09 1.06614764e-02 3.270758e+01
1.874612e-01 6.734151e+09 1.10471067e-02 3.693030e+01
1.874612e-01 8.497534e+09 1.14484358e-02 4.169819e+01
1.874612e-01 1.072267e+10 1.18660347e-02 4.708164e+01
1.874612e-01 1.353048e+10 1.23004706e-02 5.316012e+01
1.874612e-01 1.707353e+10 1.31010879e-02 6.083867e+01
1.874612e-01 2.154435e+10 1.35837073e-02 6.869325e+01
1.874612e-01 2.718588e+10 1.40852893e-02 7.756190e+01
1.874612e-01 3.430469e+10 1.46063323e-02 8.757554e+01
1.874612e-01 4.328761e+10 1.51472895e-02 9.888199e+01
1.874612e-01 5.462277e+10 1.57085511e-02 1.116482e+02
1.874612e-01 6.892612e+10 1.62904324e-02 1.260625e+02
1.874612e-01 8.697490e+10 1.73551918e-02 1.442712e+02
1.874612e-01 1.097499e+11 1.79959008e-02 1.628974e+02
1.874612e-01 1.384886e+11 1.86580657e-02 1.839282e+02
1.874612e-01 1.747528e+11 1.93414498e-02 2.076743e+02
1.874612e-01 2.205131e+11 2.00455965e-02 2.344861e+02
1.874612e-01 2.782559e+11 2.07697829e-02 2.647595e+02
1.874612e-01 3.511192e+11 2.21013654e-02 3.030019e+02
1.874612e-01 4.430621e+11 2.28829440e-02 3.421210e+02
1.874612e-01 5.590810e+11 2.36806791e-02 3.862905e+02
1.874612e-01 7.054802e+11 2.44921275e-02 4.361626e+02
1.874612e-01 8.902151e+11 2.53142216e-02 4.924734e+02
1.874612e-01 1.123324e+12 2.68582032e-02 5.636072e+02
1.874612e-01 1.417474e+12 2.77121003e-02 6.363718e+02
1.874612e-01 1.788650e+12 2.85625233e-02 7.185307e+02
1.874612e-01 2.257020e+12 2.94025843e-02 8.112967e+02
1.874612e-01 2.848036e+12 3.02241074e-02 9.160392e+02
1.874612e-01 3.593814e+12 3.18658182e-02 1.048354e+03
1.874612e-01 4.534879e+12 3.26403937e-02 1.183701e+03
1.874612e-01 5.722368e+12 3.33611109e-02 1.336523e+03
1.874612e-01 7.220809e+12 3.40126148e-02 1.509075e+03
1.874612e-01 9.111628e+12 3.45774471e-02 1.703905e+03
1.874612e-01 1.149757e+13 3.59942351e-02 1.950020e+03
1.874612e-01 1.450829e+13 3.63336938e-02 2.201778e+03
1.874612e-01 1.830738e+13 3.65170489e-02 2.486038e+03
1.874612e-01 2.310130e+13 3.65180099e-02 2.806999e+03
1.874612e-01 2.915053e+13 3.73021013e-02 3.212447e+03
1.874612e-01 3.678380e+13 3.68429533e-02 3.627190e+03
1.874612e-01 4.641589e+13 3.61114100e-02 4.095479e+03
1.874612e-01 5.857021e+13 3.50820287e-02 4.624226e+03
1.874612e-01 7.390722e+13 3.46567627e-02 5.292158e+03
1.874612e-01 9.326033e+13 3.29311830e-02 5.975403e+03
1.874612e-01 1.176812e+14 3.08623480e-02 6.746858e+03
1.874612e-01 1.484968e+14 2.84625554e-02 7.617912e+03
1.874612e-01 1.873817e+14 2.64671507e-02 8.718257e+03
1.874612e-01 2.364489e+14 2.34384184e-02 9.843829e+03
1.874612e-01 2.983647e+14 2.02321269e-02 1.111472e+04
1.874612e-01 3.764936e+14 1.69486537e-02 1.254968e+04
1.874612e-01 4.750810e+14 1.40816202e-02 1.436238e+04
1.874612e-01 5.994843e+14 1.09249091e-02 1.621664e+04
1.874612e-01 7.564633e+14 8.07017527e-03 1.831029e+04
1.874612e-01 9.545485e+14 5.78017809e-03 2.095507e+04
1.874612e-01 1.204504e+15 3.76322966e-03 2.366047e+04
1.874612e-01 1.519911e+15 2.25765868e-03 2.671516e+04
1.874612e-01 1.917910e+15 1.26093736e-03 3.057395e+04
1.874612e-01 2.420128e+15 6.09186109e-04 3.452120e+04
1.874612e-01 3.053856e+15 2.55897726e-04 3.897807e+04
1.874612e-01 3.853529e+15 9.35818646e-05 4.460813e+04
1.874612e-01 4.862602e+15 2.72912845e-05 5.036727e+04
1.874612e-01 6.135907e+15 6.22354957e-06 5.686995e+04
1.874612e-01 7.742637e+15 1.07129222e-06 6.508435e+04
1.874612e-01 9.770100e+15 1.22022128e-07 7.348707e+04
1.874612e-01 1.232847e+16 8.62493240e-09 8.297463e+04
1.874612e-01 1.555676e+16 3.50605372e-10 9.495964e+04
1.874612e-01 1.963041e+16 6.91545401e-12 1.072194e+05
1.874612e-01 2.477076e+16 5.94783927e-14 1.210620e+05
1.874612e-01 3.125716e+16 1.95070871e-16 1.385484e+05
1.874612e-01 3.944206e+16 1.88841783e-19 1.564357e+05
1.874612e-01 4.977024e+16 4.38717965e-23 1.790316e+05
1.874612e-01 6.280291e+16 1.64710395e-27 2.021455e+05
1.874612e-01 7.924829e+16 6.55701037e-33 2.282435e+05
1.874612e-01 1.000000e+17 1.57932479e-39 2.612114e+05
2.010105e-01 1.261857e+07 4.68938983e-03 1.354678e+00
2.010105e-01 1.592283e+07 4.83411918e-03 1.529573e+00
2.010105e-01 2.009233e+07 4.98429658e-03 1.727049e+00
2.010105e-01 2.535364e+07 5.14015812e-03 1.950020e+00
2.010105e-01 3.199267e+07 5.30195097e-03 2.201778e+00
2.010105e-01 4.037017e+07 5.46993393e-03 2.486038e+00
2.010105e-01 5.094138e+07 5.79875591e-03 2.845126e+00
2.010105e-01 6.428073e+07 5.98489948e-03 3.212447e+00
2.010105e-01 8.111308e+07 6.17827600e-03 3.627190e+00
2.010105e-01 1.023531e+08 6.37920366e-03 4.095479e+00
2.010105e-01 1.291550e+08 6.58801517e-03 4.624226e+00
2.010105e-01 1.629751e+08 6.80505853e-03 5.221237e+00
2.010105e-01 2.056512e+08 7.03069696e-03 5.895326e+00
2.010105e-01 2.595024e+08 7.46402195e-03 6.746858e+00
2.010105e-01 3.274549e+08 7.71467902e-03 7.617912e+00
2.010105e-01 4.132012e+08 7.97538721e-03 8.601423e+00
2.010105e-01 5.214008e+08 8.24658866e-03 9.711911e+00
2.010105e-01 6.579332e+08 8.52874279e-03 1.096577e+01
2.010105e-01 8.302176e+08 8.82232748e-03 1.238151e+01
2.010105e-01 1.047616e+09 9.12783839e-03 1.398002e+01
2.010105e-01 1.321941e+09 9.44578865e-03 1.578491e+01
2.010105e-01 1.668101e+09 1.00441098e-02 1.806492e+01
2.010105e-01 2.104904e+09 1.03979686e-02 2.039719e+01
2.010105e-01 2.656088e+09 1.07662933e-02 2.303057e+01
2.010105e-01 3.351603e+09 1.11496775e-02 2.600393e+01
2.010105e-01 4.229243e+09 1.15487274e-02 2.936118e+01
2.010105e-01 5.336699e+09 1.19640612e-02 3.315185e+01
2.010105e-01 6.734151e+09 1.23963041e-02 3.743193e+01
2.010105e-01 8.497534e+09 1.31974368e-02 4.283867e+01
2.010105e-01 1.072267e+10 1.36781884e-02 4.836936e+01
2.010105e-01 1.353048e+10 1.41782492e-02 5.461409e+01
2.010105e-01 1.707353e+10 1.46982507e-02 6.166505e+01
2.010105e-01 2.154435e+10 1.52388033e-02 6.962632e+01
2.010105e-01 2.718588e+10 1.58004887e-02 7.861543e+01
2.010105e-01 3.430469e+10 1.63838469e-02 8.876509e+01
2.010105e-01 4.328761e+10 1.74540372e-02 1.015865e+02
2.010105e-01 5.462277e+10 1.80993077e-02 1.147018e+02
2.010105e-01 6.892612e+10 1.87681045e-02 1.295104e+02
2.010105e-01 8.697490e+10 1.94606471e-02 1.462309e+02
2.010105e-01 1.097499e+11 2.01770101e-02 1.651100e+02
2.010105e-01 1.384886e+11 2.09170980e-02 1.864266e+02
2.010105e-01 1.747528e+11 2.22735816e-02 2.133544e+02
2.010105e-01 2.205131e+11 2.30814436e-02 2.408995e+02
2.010105e-01 2.782559e+11 2.39118916e-02 2.720009e+02
2.010105e-01 3.511192e+11 2.47636628e-02 3.071176e+02
2.010105e-01 4.430621e+11 2.56350544e-02 3.467680e+02
2.010105e-01 5.590810e+11 2.65238452e-02 3.915376e+02
2.010105e-01 7.054802e+11 2.81773615e-02 4.480920e+02
2.010105e-01 8.902151e+11 2.91167641e-02 5.059430e+02
2.010105e-01 1.123324e+12 3.00630200e-02 5.712628e+02
2.010105e-01 1.417474e+12 3.10106715e-02 6.450157e+02
2.010105e-01 1.788650e+12 3.19531388e-02 7.282906e+02
2.010105e-01 2.257020e+12 3.37819246e-02 8.334862e+02
2.010105e-01 2.848036e+12 3.47138001e-02 9.410936e+02
2.010105e-01 3.593814e+12 3.56114685e-02 1.062594e+03
2.010105e-01 4.534879e+12 3.64618294e-02 1.199780e+03
2.010105e-01 5.722368e+12 3.72497408e-02 1.354678e+03
2.010105e-01 7.220809e+12 3.89960321e-02 1.550350e+03
2.010105e-01 9.111628e+12 3.96213177e-02 1.750508e+03
2.010105e-01 1.149757e+13 4.01217251e-02 1.976507e+03
2.010105e-01 1.450829e+13 4.04721372e-02 2.231685e+03
2.010105e-01 1.830738e+13 4.17568479e-02 2.554033e+03
2.010105e-01 2.310130e+13 4.17223023e-02 2.883772e+03
2.010105e-01 2.915053e+13 4.14440589e-02 3.256082e+03
2.010105e-01 3.678380e+13 4.08904301e-02 3.676459e+03
2.010105e-01 4.641589e+13 4.00308647e-02 4.151108e+03
2.010105e-01 5.857021e+13 3.99001524e-02 4.750702e+03
2.010105e-01 7.390722e+13 3.83096325e-02 5.364042e+03
2.010105e-01 9.326033e+13 3.63407630e-02 6.056568e+03
2.010105e-01 1.176812e+14 3.49226115e-02 6.931390e+03
2.010105e-01 1.484968e+14 3.21377258e-02 7.826267e+03
2.010105e-01 1.873817e+14 2.90180035e-02 8.836679e+03
2.010105e-01 2.364489e+14 2.56260058e-02 9.977539e+03
2.010105e-01 2.983647e+14 2.26535426e-02 1.141871e+04
2.010105e-01 3.764936e+14 1.89084575e-02 1.289293e+04
2.010105e-01 4.750810e+14 1.52282870e-02 1.455747e+04
2.010105e-01 5.994843e+14 1.17582601e-02 1.643692e+04
2.010105e-01 7.564633e+14 8.87436515e-03 1.881109e+04
2.010105e-01 9.545485e+14 6.14772362e-03 2.123970e+04
2.010105e-01 1.204504e+15 3.97310437e-03 2.398186e+04
2.010105e-01 1.519911e+15 2.42782408e-03 2.744584e+04
2.010105e-01 1.917910e+15 1.30670986e-03 3.098924e+04
2.010105e-01 2.420128e+15 6.23934067e-04 3.499011e+04
2.010105e-01 3.053856e+15 2.65580821e-04 4.004415e+04
2.010105e-01 3.853529e+15 9.30196035e-05 4.521405e+04
2.010105e-01 4.862602e+15 2.66134582e-05 5.105142e+04
2.010105e-01 6.135907e+15 6.09470741e-06 5.842538e+04
2.010105e-01 7.742637e+15 9.93714047e-07 6.596840e+04
2.010105e-01 9.770100e+15 1.09525772e-07 7.448526e+04
2.010105e-01 1.232847e+16 7.64344748e-09 8.524405e+04
2.010105e-01 1.555676e+16 2.88237372e-10 9.624949e+04
2.010105e-01 1.963041e+16 5.36446840e-12 1.086758e+05
2.010105e-01 2.477076e+16 4.41949747e-14 1.243731e+05
2.010105e-01 3.125716e+16 1.29679491e-16 1.404303e+05
2.010105e-01 3.944206e+16 1.16518600e-19 1.607144e+05
2.010105e-01 4.977024e+16 2.33094185e-23 1.814634e+05
2.010105e-01 6.280291e+16 7.54315797e-28 2.048913e+05
2.010105e-01 7.924829e+16 2.57421983e-33 2.344861e+05
2.010105e-01 1.000000e+17 4.83387848e-40 2.647595e+05
2.155392e-01 1.261857e+07 5.27003361e-03 1.373078e+00
2.155392e-01 1.592283e+07 5.43265189e-03 1.550350e+00
2.155392e-01 2.009233e+07 5.60138776e-03 1.750508e+00
2.155392e-01 2.535364e+07 5.93449779e-03 2.003355e+00
2.155392e-01 3.199267e+07 6.12124710e-03 2.261998e+00
2.155392e-01 4.037017e+07 6.31513594e-03 2.554033e+00
2.155392e-01 5.094138e+07 6.51647615e-03 2.883772e+00
2.155392e-01 6.428073e+07 6.72559359e-03 3.256082e+00
2.155392e-01 8.111308e+07 6.94282931e-03 3.676459e+00
2.155392e-01 1.023531e+08 7.16853968e-03 4.151108e+00
2.155392e-01 1.291550e+08 7.60557764e-03 4.750702e+00
2.155392e-01 1.629751e+08 7.85603994e-03 5.364042e+00
2.155392e-01 2.056512e+08 8.11640924e-03 6.056568e+00
2.155392e-01 2.595024e+08 8.38712192e-03 6.838501e+00
2.155392e-01 3.274549e+08 8.66863300e-03 7.721387e+00
2.155392e-01 4.132012e+08 8.96141661e-03 8.718257e+00
2.155392e-01 5.214008e+08 9.26596687e-03 9.843829e+00
2.155392e-01 6.579332e+08 9.58279702e-03 1.111472e+01
2.155392e-01 8.302176e+08 1.01835535e-02 1.272015e+01
2.155392e-01 1.047616e+09 1.05359453e-02 1.436238e+01
2.155392e-01 1.321941e+09 1.09026574e-02 1.621664e+01
2.155392e-01 1.668101e+09 1.12842977e-02 1.831029e+01
2.155392e-01 2.104904e+09 1.16814923e-02 2.067425e+01
2.155392e-01 2.656088e+09 1.20948852e-02 2.334340e+01
2.155392e-01 3.351603e+09 1.25251365e-02 2.635715e+01
2.155392e-01 4.229243e+09 1.33277388e-02 3.016423e+01
2.155392e-01 5.336699e+09 1.38064845e-02 3.405858e+01
2.155392e-01 6.734151e+09 1.43046574e-02 3.845572e+01
2.155392e-01 8.497534e+09 1.48229736e-02 4.342055e+01
2.155392e-01 1.072267e+10 1.53621483e-02 4.902636e+01
2.155392e-01 1.353048e+10 1.59228884e-02 5.535592e+01
2.155392e-01 1.707353e+10 1.65058866e-02 6.250265e+01
2.155392e-01 2.154435e+10 1.75798318e-02 7.153065e+01
2.155392e-01 2.718588e+10 1.82265310e-02 8.076563e+01
2.155392e-01 3.430469e+10 1.88980322e-02 9.119288e+01
2.155392e-01 4.328761e+10 1.95948706e-02 1.029663e+02
2.155392e-01 5.462277e+10 2.03174932e-02 1.162598e+02
2.155392e-01 6.892612e+10 2.10662424e-02 1.312696e+02
2.155392e-01 8.697490e+10 2.18413264e-02 1.482171e+02
2.155392e-01 1.097499e+11 2.32620833e-02 1.696259e+02
2.155392e-01 1.384886e+11 2.41123997e-02 1.915255e+02
2.155392e-01 1.747528e+11 2.49892388e-02 2.162524e+02
2.155392e-01 2.205131e+11 2.58918890e-02 2.441717e+02
2.155392e-01 2.782559e+11 2.68192794e-02 2.756955e+02
2.155392e-01 3.511192e+11 2.77699138e-02 3.112892e+02
2.155392e-01 4.430621e+11 2.95279033e-02 3.562524e+02
2.155392e-01 5.590810e+11 3.05455289e-02 4.022464e+02
2.155392e-01 7.054802e+11 3.15789464e-02 4.541785e+02
2.155392e-01 8.902151e+11 3.26239544e-02 5.128153e+02
2.155392e-01 1.123324e+12 3.36753911e-02 5.790223e+02
2.155392e-01 1.417474e+12 3.56767966e-02 6.626574e+02
2.155392e-01 1.788650e+12 3.67495718e-02 7.482099e+02
2.155392e-01 2.257020e+12 3.78055326e-02 8.448076e+02
2.155392e-01 2.848036e+12 3.88337673e-02 9.538766e+02
2.155392e-01 3.593814e+12 3.98214817e-02 1.077027e+03
2.155392e-01 4.534879e+12 4.18684430e-02 1.232595e+03
2.155392e-01 5.722368e+12 4.27517080e-02 1.391729e+03
2.155392e-01 7.220809e+12 4.35402701e-02 1.571408e+03
2.155392e-01 9.111628e+12 4.42113203e-02 1.774285e+03
2.155392e-01 1.149757e+13 4.47393369e-02 2.003355e+03
2.155392e-01 1.450829e+13 4.63295559e-02 2.292723e+03
2.155392e-01 1.830738e+13 4.64887731e-02 2.588725e+03
2.155392e-01 2.310130e+13 4.64071486e-02 2.922943e+03
2.155392e-01 2.915053e+13 4.60499148e-02 3.300310e+03
2.155392e-01 3.678380e+13 4.66234418e-02 3.777013e+03
2.155392e-01 4.641589e+13 4.55842852e-02 4.264644e+03
2.155392e-01 5.857021e+13 4.41616482e-02 4.815232e+03
2.155392e-01 7.390722e+13 4.23321162e-02 5.436903e+03
2.155392e-01 9.326033e+13 4.11790800e-02 6.222219e+03
2.155392e-01 1.176812e+14 3.84387857e-02 7.025540e+03
2.155392e-01 1.484968e+14 3.52905808e-02 7.932573e+03
2.155392e-01 1.873817e+14 3.17800928e-02 8.956708e+03
2.155392e-01 2.364489e+14 2.87456992e-02 1.025043e+04
2.155392e-01 2.983647e+14 2.46496603e-02 1.157382e+04
2.155392e-01 3.764936e+14 2.04935994e-02 1.306805e+04
2.155392e-01 4.750810e+14 1.64304786e-02 1.475521e+04
2.155392e-01 5.994843e+14 1.29659624e-02 1.688648e+04
2.155392e-01 7.564633e+14 9.46846682e-03 1.906661e+04
2.155392e-01 9.545485e+14 6.51404039e-03 2.152820e+04
2.155392e-01 1.204504e+15 4.29040472e-03 2.463778e+04
2.155392e-01 1.519911e+15 2.52818395e-03 2.781864e+04
2.155392e-01 1.917910e+15 1.34595936e-03 3.141017e+04
2.155392e-01 2.420128e+15 6.51874017e-04 3.594712e+04
2.155392e-01 3.053856e+15 2.66071617e-04 4.058807e+04
2.155392e-01 3.853529e+15 9.15646152e-05 4.582820e+04
2.155392e-01 4.862602e+15 2.63593889e-05 5.244771e+04
2.155392e-01 6.135907e+15 5.73212133e-06 5.921898e+04
2.155392e-01 7.742637e+15 9.07271341e-07 6.686446e+04
2.155392e-01 9.770100e+15 9.91234279e-08 7.652248e+04
2.155392e-01 1.232847e+16 6.44830421e-09 8.640193e+04
2.155392e-01 1.555676e+16 2.30771494e-10 9.755686e+04
2.155392e-01 1.963041e+16 4.14216617e-12 1.116482e+05
2.155392e-01 2.477076e+16 3.07795818e-14 1.260625e+05
2.155392e-01 3.125716e+16 8.23980471e-17 1.423378e+05
2.155392e-01 3.944206e+16 6.62906822e-20 1.628974e+05
2.155392e-01 4.977024e+16 1.16054858e-23 1.839282e+05
2.155392e-01 6.280291e+16 3.28248360e-28 2.104952e+05
2.155392e-01 7.924829e+16 8.95436684e-34 2.376712e+05
2.155392e-01 1.000000e+17 1.32065751e-40 2.683558e+05
2.311179e-01 1.261857e+07 5.92880621e-03 1.391729e+00
2.311179e-01 1.592283e+07 6.27887283e-03 1.592753e+00
2.311179e-01 2.009233e+07 6.47384615e-03 1.798386e+00
2.311179e-01 2.535364e+07 6.67618877e-03 2.030566e+00
2.311179e-01 3.199267e+07 6.88622007e-03 2.292723e+00
2.311179e-01 4.037017e+07 7.10427433e-03 2.588725e+00
2.311179e-01 5.094138e+07 7.33070130e-03 2.922943e+00
2.311179e-01 6.428073e+07 7.56586637e-03 3.300310e+00
2.311179e-01 8.111308e+07 8.02376550e-03 3.777013e+00
2.311179e-01 1.023531e+08 8.28451261e-03 4.264644e+00
2.311179e-01 1.291550e+08 8.55546879e-03 4.815232e+00
2.311179e-01 1.629751e+08 8.83708236e-03 5.436903e+00
2.311179e-01 2.056512e+08 9.12982098e-03 6.138835e+00
2.311179e-01 2.595024e+08 9.43417315e-03 6.931390e+00
2.311179e-01 3.274549e+08 9.75064808e-03 7.826267e+00
2.311179e-01 4.132012e+08 1.00797761e-02 8.836679e+00
2.311179e-01 5.214008e+08 1.07071625e-02 1.011307e+01
2.311179e-01 6.579332e+08 1.10730154e-02 1.141871e+01
2.311179e-01 8.302176e+08 1.14536368e-02 1.289293e+01
2.311179e-01 1.047616e+09 1.18496610e-02 1.455747e+01
2.311179e-01 1.321941e+09 1.22617441e-02 1.643692e+01
2.311179e-01 1.668101e+09 1.26905640e-02 1.855900e+01
2.311179e-01 2.104904e+09 1.31368181e-02 2.095507e+01
2.311179e-01 2.656088e+09 1.39732270e-02 2.398186e+01
2.311179e-01 3.351603e+09 1.44697352e-02 2.707804e+01
2.311179e-01 4.229243e+09 1.49864129e-02 3.057395e+01
2.311179e-01 5.336699e+09 1.55240411e-02 3.452120e+01
2.311179e-01 6.734151e+09 1.60834078e-02 3.897807e+01
2.311179e-01 8.497534e+09 1.66653045e-02 4.401034e+01
2.311179e-01 1.072267e+10 1.72705196e-02 4.969230e+01
2.311179e-01 1.353048e+10 1.78998303e-02 5.610783e+01
2.311179e-01 1.707353e+10 1.90614619e-02 6.421215e+01
2.311179e-01 2.154435e+10 1.97598020e-02 7.250226e+01
2.311179e-01 2.718588e+10 2.04851299e-02 8.186268e+01
2.311179e-01 3.430469e+10 2.12380899e-02 9.243157e+01
2.311179e-01 4.328761e+10 2.20192509e-02 1.043650e+02
2.311179e-01 5.462277e+10 2.28290786e-02 1.178390e+02
2.311179e-01 6.892612e+10 2.43152519e-02 1.348599e+02
2.311179e-01 8.697490e+10 2.52070278e-02 1.522710e+02
2.311179e-01 1.097499e+11 2.61287921e-02 1.719300e+02
2.311179e-01 1.384886e+11 2.70803041e-02 1.941270e+02
2.311179e-01 1.747528e+11 2.80610301e-02 2.191898e+02
2.311179e-01 2.205131e+11 2.90700940e-02 2.474883e+02
2.311179e-01 2.782559e+11 3.09296350e-02 2.832360e+02
2.311179e-01 3.511192e+11 3.20200501e-02 3.198032e+02
2.311179e-01 4.430621e+11 3.31340120e-02 3.610914e+02
2.311179e-01 5.590810e+11 3.42684092e-02 4.077102e+02
2.311179e-01 7.054802e+11 3.54193187e-02 4.603477e+02
2.311179e-01 8.902151e+11 3.65818736e-02 5.197809e+02
2.311179e-01 1.123324e+12 3.87826092e-02 5.948590e+02
2.311179e-01 1.417474e+12 3.99812296e-02 6.716584e+02
2.311179e-01 1.788650e+12 4.11693849e-02 7.583729e+02
2.311179e-01 2.257020e+12 4.23365024e-02 8.562827e+02
2.311179e-01 2.848036e+12 4.34701145e-02 9.668332e+02
2.311179e-01 3.593814e+12 4.57742668e-02 1.106484e+03
2.311179e-01 4.534879e+12 4.68226838e-02 1.249337e+03
2.311179e-01 5.722368e+12 4.77842973e-02 1.410633e+03
2.311179e-01 7.220809e+12 4.86362915e-02 1.592753e+03
2.311179e-01 9.111628e+12 4.93529128e-02 1.798386e+03
2.311179e-01 1.149757e+13 5.12703797e-02 2.058148e+03
2.311179e-01 1.450829e+13 5.16369259e-02 2.323865e+03
2.311179e-01 1.830738e+13 5.17672303e-02 2.623888e+03
2.311179e-01 2.310130e+13 5.16240175e-02 2.962645e+03
2.311179e-01 2.915053e+13 5.25683231e-02 3.390576e+03
2.311179e-01 3.678380e+13 5.17408117e-02 3.828316e+03
2.311179e-01 4.641589e+13 5.05162685e-02 4.322572e+03
2.311179e-01 5.857021e+13 4.88623417e-02 4.880638e+03
2.311179e-01 7.390722e+13 4.67548753e-02 5.510753e+03
2.311179e-01 9.326033e+13 4.53904089e-02 6.306737e+03
2.311179e-01 1.176812e+14 4.22742332e-02 7.120968e+03
2.311179e-01 1.484968e+14 3.87127995e-02 8.040322e+03
2.311179e-01 1.873817e+14 3.57116935e-02 9.201681e+03
2.311179e-01 2.364489e+14 3.13384613e-02 1.038967e+04
2.311179e-01 2.983647e+14 2.67721737e-02 1.173102e+04
2.311179e-01 3.764936e+14 2.21628437e-02 1.324556e+04
2.311179e-01 4.750810e+14 1.81651146e-02 1.515877e+04
2.311179e-01 5.994843e+14 1.38744738e-02 1.711585e+04
2.311179e-01 7.564633e+14 1.00660477e-02 1.932559e+04
2.311179e-01 9.545485e+14 7.06113100e-03 2.211702e+04
2.311179e-01 1.204504e+15 4.48751580e-03 2.497244e+04
2.311179e-01 1.519911e+15 2.61756004e-03 2.819651e+04
2.311179e-01 1.917910e+15 1.37707941e-03 3.183682e+04
2.311179e-01 2.420128e+15 6.57733470e-04 3.643539e+04
2.311179e-01 3.053856e+15 2.64119787e-04 4.113939e+04
2.311179e-01 3.853529e+15 8.91661514e-05 4.645069e+04
2.311179e-01 4.862602e+15 2.50936982e-05 5.316012e+04
2.311179e-01 6.135907e+15 5.31170746e-06 6.002336e+04
2.311179e-01 7.742637e+15 8.13994367e-07 6.777268e+04
2.311179e-01 9.770100e+15 8.55347142e-08 7.756190e+04
2.311179e-01 1.232847e+16 5.30827715e-09 8.757554e+04
2.311179e-01 1.555676e+16 1.79449431e-10 9.888199e+04
2.311179e-01 1.963041e+16 3.00672074e-12 1.131647e+05
2.311179e-01 2.477076e+16 2.05631231e-14 1.277748e+05
2.311179e-01 3.125716e+16 5.11763918e-17 1.462309e+05
2.311179e-01 3.944206e+16 3.55324173e-20 1.651100e+05
2.311179e-01 4.977024e+16 5.37962632e-24 1.864266e+05
2.311179e-01 6.280291e+16 1.27596535e-28 2.133544e+05
2.311179e-01 7.924829e+16 2.80874769e-34 2.408995e+05
2.311179e-01 1.000000e+17 3.27153565e-41 2.756955e+05
2.478227e-01 1.261857e+07 6.85976692e-03 1.429794e+00
2.478227e-01 1.592283e+07 7.07134303e-03 1.614388e+00
2.478227e-01 2.009233e+07 7.29086691e-03 1.822813e+00
2.478227e-01 2.535364e+07 7.51868130e-03 2.058148e+00
2.478227e-01 3.199267e+07 7.75514484e-03 2.323865e+00
2.478227e-01 4.037017e+07 8.00063279e-03 2.623888e+00
2.478227e-01 5.094138e+07 8.25553773e-03 2.962645e+00
2.478227e-01 6.428073e+07 8.75330558e-03 3.390576e+00
2.478227e-01 8.111308e+07 9.03581456e-03 3.828316e+00
2.478227e-01 1.023531e+08 9.32932021e-03 4.322572e+00
2.478227e-01 1.291550e+08 9.63430339e-03 4.880638e+00
2.478227e-01 1.629751e+08 9.95126660e-03 5.510753e+00
2.478227e-01 2.056512e+08 1.02807339e-02 6.222219e+00
2.478227e-01 2.595024e+08 1.06232524e-02 7.025540e+00
2.478227e-01 3.274549e+08 1.09793924e-02 7.932573e+00
2.478227e-01 4.132012e+08 1.16601717e-02 9.078369e+00
2.478227e-01 5.214008e+08 1.20558949e-02 1.025043e+01
2.478227e-01 6.579332e+08 1.24675158e-02 1.157382e+01
2.478227e-01 8.302176e+08 1.28957187e-02 1.306805e+01
2.478227e-01 1.047616e+09 1.33412119e-02 1.475521e+01
2.478227e-01 1.321941e+09 1.38047275e-02 1.666018e+01
2.478227e-01 1.668101e+09 1.42870217e-02 1.881109e+01
2.478227e-01 2.104904e+09 1.51933580e-02 2.152820e+01
2.478227e-01 2.656088e+09 1.57298431e-02 2.430761e+01
2.478227e-01 3.351603e+09 1.62880759e-02 2.744584e+01
2.478227e-01 4.229243e+09 1.68689093e-02 3.098924e+01
2.478227e-01 5.336699e+09 1.74732091e-02 3.499011e+01
2.478227e-01 6.734151e+09 1.81018471e-02 3.950751e+01
2.478227e-01 8.497534e+09 1.87556972e-02 4.460813e+01
2.478227e-01 1.072267e+10 1.94356277e-02 5.036727e+01
2.478227e-01 1.353048e+10 2.06934044e-02 5.764242e+01
2.478227e-01 1.707353e+10 2.14481250e-02 6.508435e+01
2.478227e-01 2.154435e+10 2.22321825e-02 7.348707e+01
2.478227e-01 2.718588e+10 2.30463388e-02 8.297463e+01
2.478227e-01 3.430469e+10 2.38912836e-02 9.368708e+01
2.478227e-01 4.328761e+10 2.47676167e-02 1.057826e+02
2.478227e-01 5.462277e+10 2.63780702e-02 1.210620e+02
2.478227e-01 6.892612e+10 2.73441937e-02 1.366917e+02
2.478227e-01 8.697490e+10 2.83435579e-02 1.543393e+02
2.478227e-01 1.097499e+11 2.93760886e-02 1.742653e+02
2.478227e-01 1.384886e+11 3.04414410e-02 1.967639e+02
2.478227e-01 1.747528e+11 3.15389315e-02 2.221671e+02
2.478227e-01 2.205131e+11 3.26674814e-02 2.508500e+02
2.478227e-01 2.782559e+11 3.47506915e-02 2.870832e+02
2.478227e-01 3.511192e+11 3.59685609e-02 3.241471e+02
2.478227e-01 4.430621e+11 3.72117197e-02 3.659962e+02
2.478227e-01 5.590810e+11 3.84765218e-02 4.132482e+02
2.478227e-01 7.054802e+11 3.97583933e-02 4.666006e+02
2.478227e-01 8.902151e+11 4.21744786e-02 5.339973e+02
2.478227e-01 1.123324e+12 4.35077890e-02 6.029391e+02
2.478227e-01 1.417474e+12 4.48371952e-02 6.807816e+02
2.478227e-01 1.788650e+12 4.61524691e-02 7.686740e+02
2.478227e-01 2.257020e+12 4.74414809e-02 8.679137e+02
2.478227e-01 2.848036e+12 4.86899622e-02 9.799658e+02
2.478227e-01 3.593814e+12 5.12455518e-02 1.121514e+03
2.478227e-01 4.534879e+12 5.23908825e-02 1.266307e+03
2.478227e-01 5.722368e+12 5.34349301e-02 1.429794e+03
2.478227e-01 7.220809e+12 5.43518413e-02 1.614388e+03
2.478227e-01 9.111628e+12 5.66198867e-02 1.847573e+03
2.478227e-01 1.149757e+13 5.72076098e-02 2.086104e+03
2.478227e-01 1.450829e+13 5.75651156e-02 2.355431e+03
2.478227e-01 1.830738e+13 5.76531064e-02 2.659529e+03
2.478227e-01 2.310130e+13 5.74301327e-02 3.002888e+03
2.478227e-01 2.915053e+13 5.84086806e-02 3.436630e+03
2.478227e-01 3.678380e+13 5.74102370e-02 3.880317e+03
2.478227e-01 4.641589e+13 5.59653430e-02 4.381286e+03
2.478227e-01 5.857021e+13 5.40397062e-02 4.946932e+03
2.478227e-01 7.390722e+13 5.30203429e-02 5.661476e+03
2.478227e-01 9.326033e+13 4.99934369e-02 6.392402e+03
2.478227e-01 1.176812e+14 4.64466797e-02 7.217694e+03
2.478227e-01 1.484968e+14 4.24153461e-02 8.149535e+03
2.478227e-01 1.873817e+14 3.90037215e-02 9.326669e+03
2.478227e-01 2.364489e+14 3.41045563e-02 1.053079e+04
2.478227e-01 2.983647e+14 2.90161052e-02 1.189037e+04
2.478227e-01 3.764936e+14 2.39082260e-02 1.342548e+04
2.478227e-01 4.750810e+14 1.94907819e-02 1.536468e+04
2.478227e-01 5.994843e+14 1.47954713e-02 1.734834e+04
2.478227e-01 7.564633e+14 1.06581947e-02 1.958809e+04
2.478227e-01 9.545485e+14 7.41531766e-03 2.241744e+04
2.478227e-01 1.204504e+15 4.66790650e-03 2.531164e+04
2.478227e-01 1.519911e+15 2.69274403e-03 2.857950e+04
2.478227e-01 1.917910e+15 1.43664850e-03 3.270758e+04
2.478227e-01 2.420128e+15 6.57867042e-04 3.693030e+04
2.478227e-01 3.053856e+15 2.59518041e-04 4.169819e+04
2.478227e-01 3.853529e+15 8.57999023e-05 4.708164e+04
2.478227e-01 4.862602e+15 2.35571370e-05 5.388220e+04
2.478227e-01 6.135907e+15 4.84203008e-06 6.083867e+04
2.478227e-01 7.742637e+15 7.16336597e-07 6.869325e+04
2.478227e-01 9.770100e+15 7.21435629e-08 7.861543e+04
2.478227e-01 1.232847e+16 4.25314139e-09 8.876509e+04
2.478227e-01 1.555676e+16 1.38816800e-10 1.015865e+05
2.478227e-01 1.963041e+16 2.10034229e-12 1.147018e+05
2.478227e-01 2.477076e+16 1.31221247e-14 1.295104e+05
2.478227e-01 3.125716e+16 2.92878961e-17 1.482171e+05
2.478227e-01 3.944206e+16 1.78352586e-20 1.673527e+05
2.478227e-01 4.977024e+16 2.30487611e-24 1.889588e+05
2.478227e-01 6.280291e+16 4.51235697e-29 2.162524e+05
2.478227e-01 7.924829e+16 7.86207977e-35 2.441717e+05
2.478227e-01 1.000000e+17 6.87485734e-42 2.794403e+05
2.657348e-01 1.261857e+07 7.73417034e-03 1.449215e+00
2.657348e-01 1.592283e+07 7.97265138e-03 1.636316e+00
2.657348e-01 2.009233e+07 8.22008335e-03 1.847573e+00
2.657348e-01 2.535364e+07 8.47685148e-03 2.086104e+00
2.657348e-01 3.199267e+07 8.74335882e-03 2.355431e+00
2.657348e-01 4.037017e+07 9.02002697e-03 2.659529e+00
2.657348e-01 5.094138e+07 9.30729690e-03 3.002888e+00
2.657348e-01 6.428073e+07 9.86835038e-03 3.436630e+00
2.657348e-01 8.111308e+07 1.01867016e-02 3.880317e+00
2.657348e-01 1.023531e+08 1.05174289e-02 4.381286e+00
2.657348e-01 1.291550e+08 1.08610717e-02 4.946932e+00
2.657348e-01 1.629751e+08 1.12181938e-02 5.585606e+00
2.657348e-01 2.056512e+08 1.15893826e-02 6.306737e+00
2.657348e-01 2.595024e+08 1.19752513e-02 7.120968e+00
2.657348e-01 3.274549e+08 1.27149440e-02 8.149535e+00
2.657348e-01 4.132012e+08 1.31435248e-02 9.201681e+00
2.657348e-01 5.214008e+08 1.35892369e-02 1.038967e+01
2.657348e-01 6.579332e+08 1.40528170e-02 1.173102e+01
2.657348e-01 8.302176e+08 1.45350303e-02 1.324556e+01
2.657348e-01 1.047616e+09 1.50366678e-02 1.495563e+01
2.657348e-01 1.321941e+09 1.55585469e-02 1.688648e+01
2.657348e-01 1.668101e+09 1.61015104e-02 1.906661e+01
2.657348e-01 2.104904e+09 1.71222632e-02 2.182063e+01
2.657348e-01 2.656088e+09 1.77260896e-02 2.463778e+01
2.657348e-01 3.351603e+09 1.83543097e-02 2.781864e+01
2.657348e-01 4.229243e+09 1.90078696e-02 3.141017e+01
2.657348e-01 5.336699e+09 1.96877287e-02 3.546539e+01
2.657348e-01 6.734151e+09 2.03948506e-02 4.004415e+01
2.657348e-01 8.497534e+09 2.11301992e-02 4.521405e+01
2.657348e-01 1.072267e+10 2.24935670e-02 5.174486e+01
2.657348e-01 1.353048e+10 2.33099477e-02 5.842538e+01
2.657348e-01 1.707353e+10 2.41581988e-02 6.596840e+01
2.657348e-01 2.154435e+10 2.50392027e-02 7.448526e+01
2.657348e-01 2.718588e+10 2.59537787e-02 8.410168e+01
2.657348e-01 3.430469e+10 2.69026601e-02 9.495964e+01
2.657348e-01 4.328761e+10 2.78864735e-02 1.072194e+02
2.657348e-01 5.462277e+10 2.96962959e-02 1.227064e+02
2.657348e-01 6.892612e+10 3.07801106e-02 1.385484e+02
2.657348e-01 8.697490e+10 3.19007393e-02 1.564357e+02
2.657348e-01 1.097499e+11 3.30580178e-02 1.766324e+02
2.657348e-01 1.384886e+11 3.42514670e-02 1.994365e+02
2.657348e-01 1.747528e+11 3.54802156e-02 2.251848e+02
2.657348e-01 2.205131e+11 3.67429355e-02 2.542573e+02
2.657348e-01 2.782559e+11 3.90781118e-02 2.909827e+02
2.657348e-01 3.511192e+11 4.04387220e-02 3.285501e+02
2.657348e-01 4.430621e+11 4.18263431e-02 3.709676e+02
2.657348e-01 5.590810e+11 4.32366920e-02 4.188614e+02
2.657348e-01 7.054802e+11 4.46644239e-02 4.729385e+02
2.657348e-01 8.902151e+11 4.73639145e-02 5.412507e+02
2.657348e-01 1.123324e+12 4.88446887e-02 6.111289e+02
2.657348e-01 1.417474e+12 5.03184691e-02 6.900288e+02
2.657348e-01 1.788650e+12 5.17734684e-02 7.791150e+02
2.657348e-01 2.257020e+12 5.31957460e-02 8.797027e+02
2.657348e-01 2.848036e+12 5.45689458e-02 9.932768e+02
2.657348e-01 3.593814e+12 5.74022259e-02 1.136748e+03
2.657348e-01 4.534879e+12 5.86504381e-02 1.283508e+03
2.657348e-01 5.722368e+12 5.97802304e-02 1.449215e+03
2.657348e-01 7.220809e+12 6.07622827e-02 1.636316e+03
2.657348e-01 9.111628e+12 6.15636957e-02 1.847573e+03
2.657348e-01 1.149757e+13 6.38478005e-02 2.114440e+03
2.657348e-01 1.450829e+13 6.41841316e-02 2.387425e+03
2.657348e-01 1.830738e+13 6.42126051e-02 2.695653e+03
2.657348e-01 2.310130e+13 6.38871804e-02 3.043676e+03
2.657348e-01 2.915053e+13 6.48884844e-02 3.483310e+03
2.657348e-01 3.678380e+13 6.36836290e-02 3.933024e+03
2.657348e-01 4.641589e+13 6.19766891e-02 4.440797e+03
2.657348e-01 5.857021e+13 5.97316536e-02 5.014127e+03
2.657348e-01 7.390722e+13 5.84810821e-02 5.738377e+03
2.657348e-01 9.326033e+13 5.50112299e-02 6.479231e+03
2.657348e-01 1.176812e+14 5.09712689e-02 7.315732e+03
2.657348e-01 1.484968e+14 4.64058655e-02 8.260231e+03
2.657348e-01 1.873817e+14 4.25263290e-02 9.453354e+03
2.657348e-01 2.364489e+14 3.70391580e-02 1.067383e+04
2.657348e-01 2.983647e+14 3.13723043e-02 1.205188e+04
2.657348e-01 3.764936e+14 2.57179153e-02 1.360784e+04
2.657348e-01 4.750810e+14 2.08436905e-02 1.557338e+04
2.657348e-01 5.994843e+14 1.57163379e-02 1.758398e+04
2.657348e-01 7.564633e+14 1.12340784e-02 1.985416e+04
2.657348e-01 9.545485e+14 7.74621343e-03 2.272193e+04
2.657348e-01 1.204504e+15 4.82576019e-03 2.565545e+04
2.657348e-01 1.519911e+15 2.75031512e-03 2.896770e+04
2.657348e-01 1.917910e+15 1.40825598e-03 3.270758e+04
2.657348e-01 2.420128e+15 6.51634734e-04 3.743193e+04
2.657348e-01 3.053856e+15 2.52121319e-04 4.226458e+04
2.657348e-01 3.853529e+15 8.14747343e-05 4.772115e+04
2.657348e-01 4.862602e+15 2.17747799e-05 5.461409e+04
2.657348e-01 6.135907e+15 4.33444210e-06 6.166505e+04
2.657348e-01 7.742637e+15 6.17069251e-07 6.962632e+04
2.657348e-01 9.770100e+15 5.93330472e-08 7.968328e+04
2.657348e-01 1.232847e+16 3.30736390e-09 8.997080e+04
2.657348e-01 1.555676e+16 9.81900048e-11 1.015865e+05
2.657348e-01 1.963041e+16 1.40632839e-12 1.162598e+05
2.657348e-01 2.477076e+16 7.96061909e-15 1.312696e+05
2.657348e-01 3.125716e+16 1.57773292e-17 1.502304e+05
2.657348e-01 3.944206e+16 8.32685690e-21 1.696259e+05
2.657348e-01 4.977024e+16 9.05394557e-25 1.915255e+05
2.657348e-01 6.280291e+16 1.43775778e-29 2.191898e+05
2.657348e-01 7.924829e+16 1.94109667e-35 2.474883e+05
2.657348e-01 1.000000e+17 1.20842730e-42 2.794403e+05
2.849416e-01 1.261857e+07 8.72990114e-03 1.468900e+00
2.849416e-01 1.592283e+07 8.99900399e-03 1.658542e+00
2.849416e-01 2.009233e+07 9.27819775e-03 1.872669e+00
2.849416e-01 2.535364e+07 9.56791579e-03 2.114440e+00
2.849416e-01 3.199267e+07 9.86861138e-03 2.387425e+00
2.849416e-01 4.037017e+07 1.01807586e-02 2.695653e+00
2.849416e-01 5.094138e+07 1.05048531e-02 3.043676e+00
2.849416e-01 6.428073e+07 1.11379333e-02 3.483310e+00
2.849416e-01 8.111308e+07 1.14970591e-02 3.933024e+00
2.849416e-01 1.023531e+08 1.18701265e-02 4.440797e+00
2.849416e-01 1.291550e+08 1.22577412e-02 5.014127e+00
2.849416e-01 1.629751e+08 1.26605358e-02 5.661476e+00
2.849416e-01 2.056512e+08 1.30791694e-02 6.392402e+00
2.849416e-01 2.595024e+08 1.35143296e-02 7.217694e+00
2.849416e-01 3.274549e+08 1.39667324e-02 8.149535e+00
2.849416e-01 4.132012e+08 1.48319886e-02 9.326669e+00
2.849416e-01 5.214008e+08 1.53345187e-02 1.053079e+01
2.849416e-01 6.579332e+08 1.58571480e-02 1.189037e+01
2.849416e-01 8.302176e+08 1.64007316e-02 1.342548e+01
2.849416e-01 1.047616e+09 1.69661537e-02 1.515877e+01
2.849416e-01 1.321941e+09 1.75543262e-02 1.711585e+01
2.849416e-01 1.668101e+09 1.81661892e-02 1.932559e+01
2.849416e-01 2.104904e+09 1.88027066e-02 2.182063e+01
2.849416e-01 2.656088e+09 1.99972451e-02 2.497244e+01
2.849416e-01 3.351603e+09 2.07048931e-02 2.819651e+01
2.849416e-01 4.229243e+09 2.14409684e-02 3.183682e+01
2.849416e-01 5.336699e+09 2.22065328e-02 3.594712e+01
2.849416e-01 6.734151e+09 2.30026505e-02 4.058807e+01
2.849416e-01 8.497534e+09 2.38303831e-02 4.582820e+01
2.849416e-01 1.072267e+10 2.46907785e-02 5.174486e+01
2.849416e-01 1.353048e+10 2.62846241e-02 5.921898e+01
2.849416e-01 1.707353e+10 2.72387755e-02 6.686446e+01
2.849416e-01 2.154435e+10 2.82294974e-02 7.549700e+01
2.849416e-01 2.718588e+10 2.92576659e-02 8.524405e+01
2.849416e-01 3.430469e+10 3.03240544e-02 9.624949e+01
2.849416e-01 4.328761e+10 3.14293089e-02 1.086758e+02
2.849416e-01 5.462277e+10 3.25739072e-02 1.227064e+02
2.849416e-01 6.892612e+10 3.46814395e-02 1.404303e+02
2.849416e-01 8.697490e+10 3.59387881e-02 1.585606e+02
2.849416e-01 1.097499e+11 3.72365902e-02 1.790316e+02
2.849416e-01 1.384886e+11 3.85741948e-02 2.021455e+02
2.849416e-01 1.747528e+11 3.99504957e-02 2.282435e+02
2.849416e-01 2.205131e+11 4.13638570e-02 2.577109e+02
2.849416e-01 2.782559e+11 4.39829503e-02 2.949352e+02
2.849416e-01 3.511192e+11 4.55033556e-02 3.330128e+02
2.849416e-01 4.430621e+11 4.70524114e-02 3.760065e+02
2.849416e-01 5.590810e+11 4.86250748e-02 4.245508e+02
2.849416e-01 7.054802e+11 5.02150852e-02 4.793625e+02
2.849416e-01 8.902151e+11 5.18147734e-02 5.412507e+02
2.849416e-01 1.123324e+12 5.48757877e-02 6.194299e+02
2.849416e-01 1.417474e+12 5.65085814e-02 6.994015e+02
2.849416e-01 1.788650e+12 5.81167185e-02 7.896978e+02
2.849416e-01 2.257020e+12 5.96841493e-02 8.916518e+02
2.849416e-01 2.848036e+12 6.11920946e-02 1.006769e+03
2.849416e-01 3.593814e+12 6.43314255e-02 1.152188e+03
2.849416e-01 4.534879e+12 6.56878093e-02 1.300942e+03
2.849416e-01 5.722368e+12 6.69054617e-02 1.468900e+03
2.849416e-01 7.220809e+12 6.79511052e-02 1.658542e+03
2.849416e-01 9.111628e+12 6.87875263e-02 1.872669e+03
2.849416e-01 1.149757e+13 7.12710569e-02 2.143160e+03
2.849416e-01 1.450829e+13 7.15701291e-02 2.419853e+03
2.849416e-01 1.830738e+13 7.15171364e-02 2.732269e+03
2.849416e-01 2.310130e+13 7.10610147e-02 3.085019e+03
2.849416e-01 2.915053e+13 7.01501988e-02 3.483310e+03
2.849416e-01 3.678380e+13 7.06148110e-02 3.986446e+03
2.849416e-01 4.641589e+13 6.85961465e-02 4.501117e+03
2.849416e-01 5.857021e+13 6.59755049e-02 5.082234e+03
2.849416e-01 7.390722e+13 6.27294282e-02 5.738377e+03
2.849416e-01 9.326033e+13 6.04638862e-02 6.567239e+03
2.849416e-01 1.176812e+14 5.58592176e-02 7.415103e+03
2.849416e-01 1.484968e+14 5.06873471e-02 8.372431e+03
2.849416e-01 1.873817e+14 4.50432499e-02 9.453354e+03
2.849416e-01 2.364489e+14 4.01320707e-02 1.081881e+04
2.849416e-01 2.983647e+14 3.38264651e-02 1.221558e+04
2.849416e-01 3.764936e+14 2.75754547e-02 1.379267e+04
2.849416e-01 4.750810e+14 2.16155129e-02 1.557338e+04
2.849416e-01 5.994843e+14 1.66214587e-02 1.782283e+04
2.849416e-01 7.564633e+14 1.17808433e-02 2.012384e+04
2.849416e-01 9.545485e+14 7.82991668e-03 2.272193e+04
2.849416e-01 1.204504e+15 4.95473560e-03 2.600393e+04
2.849416e-01 1.519911e+15 2.78674605e-03 2.936118e+04
2.849416e-01 1.917910e+15 1.40505835e-03 3.315185e+04
2.849416e-01 2.420128e+15 6.38516995e-04 3.794037e+04
2.849416e-01 3.053856e+15 2.41868285e-04 4.283867e+04
2.849416e-01 3.853529e+15 7.62386937e-05 4.836936e+04
2.849416e-01 4.862602e+15 1.92577817e-05 5.461409e+04
2.849416e-01 6.135907e+15 3.80275560e-06 6.250265e+04
2.849416e-01 7.742637e+15 5.19129451e-07 7.057206e+04
2.849416e-01 9.770100e+15 4.74538081e-08 8.076563e+04
2.849416e-01 1.232847e+16 2.48824393e-09 9.119288e+04
2.849416e-01 1.555676e+16 6.86032478e-11 1.029663e+05
2.849416e-01 1.963041e+16 8.98563865e-13 1.178390e+05
2.849416e-01 2.477076e+16 4.56683816e-15 1.330526e+05
2.849416e-01 3.125716e+16 7.73825564e-18 1.502304e+05
2.849416e-01 3.944206e+16 3.58883423e-21 1.719300e+05
2.849416e-01 4.977024e+16 3.23149613e-25 1.941270e+05
2.849416e-01 6.280291e+16 3.97437155e-30 2.191898e+05
2.849416e-01 7.924829e+16 4.17247763e-36 2.508500e+05
2.849416e-01 1.000000e+17 1.84606785e-43 2.832360e+05
3.055367e-01 1.261857e+07 9.60253826e-03 1.468900e+00
3.055367e-01 1.592283e+07 9.89844029e-03 1.658542e+00
3.055367e-01 2.009233e+07 1.04845531e-02 1.898105e+00
3.055367e-01 2.535364e+07 1.08118115e-02 2.143160e+00
3.055367e-01 3.199267e+07 1.11514556e-02 2.419853e+00
3.055367e-01 4.037017e+07 1.15040189e-02 2.732269e+00
3.055367e-01 5.094138e+07 1.18700589e-02 3.085019e+00
3.055367e-01 6.428073e+07 1.22501576e-02 3.483310e+00
3.055367e-01 8.111308e+07 1.26449231e-02 3.933024e+00
3.055367e-01 1.023531e+08 1.30549900e-02 4.440797e+00
3.055367e-01 1.291550e+08 1.38497370e-02 5.082234e+00
3.055367e-01 1.629751e+08 1.43045306e-02 5.738377e+00
3.055367e-01 2.056512e+08 1.47771748e-02 6.479231e+00
3.055367e-01 2.595024e+08 1.52684409e-02 7.315732e+00
3.055367e-01 3.274549e+08 1.57791317e-02 8.260231e+00
3.055367e-01 4.132012e+08 1.63100814e-02 9.326669e+00
3.055367e-01 5.214008e+08 1.68621574e-02 1.053079e+01
3.055367e-01 6.579332e+08 1.79131529e-02 1.205188e+01
3.055367e-01 8.302176e+08 1.85265384e-02 1.360784e+01
3.055367e-01 1.047616e+09 1.91644947e-02 1.536468e+01
3.055367e-01 1.321941e+09 1.98280396e-02 1.734834e+01
3.055367e-01 1.668101e+09 2.05182213e-02 1.958809e+01
3.055367e-01 2.104904e+09 2.12361130e-02 2.211702e+01
3.055367e-01 2.656088e+09 2.19828130e-02 2.497244e+01
3.055367e-01 3.351603e+09 2.27594391e-02 2.819651e+01
3.055367e-01 4.229243e+09 2.42117022e-02 3.226926e+01
3.055367e-01 5.336699e+09 2.50745585e-02 3.643539e+01
3.055367e-01 6.734151e+09 2.59716699e-02 4.113939e+01
3.055367e-01 8.497534e+09 2.69042030e-02 4.645069e+01
3.055367e-01 1.072267e+10 2.78733057e-02 5.244771e+01
3.055367e-01 1.353048e+10 2.88800916e-02 5.921898e+01
3.055367e-01 1.707353e+10 2.99256273e-02 6.686446e+01
3.055367e-01 2.154435e+10 3.18590812e-02 7.652248e+01
3.055367e-01 2.718588e+10 3.30158099e-02 8.640193e+01
3.055367e-01 3.430469e+10 3.42151091e-02 9.755686e+01
3.055367e-01 4.328761e+10 3.54576340e-02 1.101519e+02
3.055367e-01 5.462277e+10 3.67438404e-02 1.243731e+02
3.055367e-01 6.892612e+10 3.80739500e-02 1.404303e+02
3.055367e-01 8.697490e+10 3.94478910e-02 1.585606e+02
3.055367e-01 1.097499e+11 4.19829291e-02 1.814634e+02
3.055367e-01 1.384886e+11 4.34827550e-02 2.048913e+02
3.055367e-01 1.747528e+11 4.50248988e-02 2.313438e+02
3.055367e-01 2.205131e+11 4.66073449e-02 2.612114e+02
3.055367e-01 2.782559e+11 4.82273438e-02 2.949352e+02
3.055367e-01 3.511192e+11 4.98812845e-02 3.330128e+02
3.055367e-01 4.430621e+11 5.29748785e-02 3.811138e+02
3.055367e-01 5.590810e+11 5.47283546e-02 4.303176e+02
3.055367e-01 7.054802e+11 5.64986541e-02 4.858738e+02
3.055367e-01 8.902151e+11 5.82768127e-02 5.486025e+02
3.055367e-01 1.123324e+12 6.00520145e-02 6.194299e+02
3.055367e-01 1.417474e+12 6.18113302e-02 6.994015e+02
3.055367e-01 1.788650e+12 6.52772886e-02 8.004244e+02
3.055367e-01 2.257020e+12 6.70020863e-02 9.037633e+02
3.055367e-01 2.848036e+12 6.86547168e-02 1.020444e+03
3.055367e-01 3.593814e+12 7.02101857e-02 1.152188e+03
3.055367e-01 4.534879e+12 7.16398001e-02 1.300942e+03
3.055367e-01 5.722368e+12 7.49050806e-02 1.488852e+03
3.055367e-01 7.220809e+12 7.60103266e-02 1.681071e+03
3.055367e-01 9.111628e+12 7.68728357e-02 1.898105e+03
3.055367e-01 1.149757e+13 7.74463088e-02 2.143160e+03
3.055367e-01 1.450829e+13 7.76806386e-02 2.419853e+03
3.055367e-01 1.830738e+13 7.96429567e-02 2.769382e+03
3.055367e-01 2.310130e+13 7.90210797e-02 3.126923e+03
3.055367e-01 2.915053e+13 7.78830853e-02 3.530625e+03
3.055367e-01 3.678380e+13 7.61750394e-02 3.986446e+03
3.055367e-01 4.641589e+13 7.58689816e-02 4.562256e+03
3.055367e-01 5.857021e+13 7.28065856e-02 5.151267e+03
3.055367e-01 7.390722e+13 6.90497435e-02 5.816322e+03
3.055367e-01 9.326033e+13 6.46000143e-02 6.567239e+03
3.055367e-01 1.176812e+14 6.11161351e-02 7.515823e+03
3.055367e-01 1.484968e+14 5.52564947e-02 8.486155e+03
3.055367e-01 1.873817e+14 4.89018005e-02 9.581761e+03
3.055367e-01 2.364489e+14 4.22118597e-02 1.081881e+04
3.055367e-01 2.983647e+14 3.63580407e-02 1.238151e+04
3.055367e-01 3.764936e+14 2.94589691e-02 1.398002e+04
3.055367e-01 4.750810e+14 2.29310817e-02 1.578491e+04
3.055367e-01 5.994843e+14 1.70263012e-02 1.782283e+04
3.055367e-01 7.564633e+14 1.22835816e-02 2.039719e+04
3.055367e-01 9.545485e+14 8.07713835e-03 2.303057e+04
3.055367e-01 1.204504e+15 4.91373280e-03 2.600393e+04
3.055367e-01 1.519911e+15 2.79855196e-03 2.975999e+04
3.055367e-01 1.917910e+15 1.38740962e-03 3.360216e+04
3.055367e-01 2.420128e+15 6.01713686e-04 3.794037e+04
3.055367e-01 3.053856e+15 2.22711147e-04 4.283867e+04
3.055367e-01 3.853529e+15 7.01834102e-05 4.902636e+04
3.055367e-01 4.862602e+15 1.71670450e-05 5.535592e+04
3.055367e-01 6.135907e+15 3.17577032e-06 6.250265e+04
3.055367e-01 7.742637e+15 4.25429263e-07 7.153065e+04
3.055367e-01 9.770100e+15 3.58174298e-08 8.076563e+04
3.055367e-01 1.232847e+16 1.75664275e-09 9.119288e+04
3.055367e-01 1.555676e+16 4.58916046e-11 1.043650e+05
3.055367e-01 1.963041e+16 5.30634513e-13 1.178390e+05
3.055367e-01 2.477076e+16 2.46284977e-15 1.348599e+05
3.055367e-01 3.125716e+16 3.62149659e-18 1.522710e+05
3.055367e-01 3.944206e+16 1.37821359e-21 1.719300e+05
3.055367e-01 4.977024e+16 1.03744735e-25 1.967639e+05
3.055367e-01 6.280291e+16 9.93894972e-31 2.221671e+05
3.055367e-01 7.924829e+16 7.49118734e-37 2.508500e+05
3.055367e-01 1.000000e+17 2.34432625e-44 2.870832e+05
3.276203e-01 1.261857e+07 1.08639636e-02 1.488852e+00
3.276203e-01 1.592283e+07 1.11986091e-02 1.681071e+00
3.276203e-01 2.009233e+07 1.15457763e-02 1.898105e+00
3.276203e-01 2.535364e+07 1.19060002e-02 2.143160e+00
3.276203e-01 3.199267e+07 1.22798401e-02 2.419853e+00
3.276203e-01 4.037017e+07 1.30143570e-02 2.769382e+00
3.276203e-01 5.094138e+07 1.34282276e-02 3.126923e+00
3.276203e-01 6.428073e+07 1.38579698e-02 3.530625e+00
3.276203e-01 8.111308e+07 1.43042678e-02 3.986446e+00
3.276203e-01 1.023531e+08 1.47678351e-02 4.501117e+00
3.276203e-01 1.291550e+08 1.52494161e-02 5.082234e+00
3.276203e-01 1.629751e+08 1.57497876e-02 5.738377e+00
3.276203e-01 2.056512e+08 1.62697582e-02 6.479231e+00
3.276203e-01 2.595024e+08 1.72699418e-02 7.415103e+00
3.276203e-01 3.274549e+08 1.78470363e-02 8.372431e+00
3.276203e-01 4.132012e+08 1.84469673e-02 9.453354e+00
3.276203e-01 5.214008e+08 1.90707062e-02 1.067383e+01
3.276203e-01 6.579332e+08 1.97192582e-02 1.205188e+01
3.276203e-01 8.302176e+08 2.03936641e-02 1.360784e+01
3.276203e-01 1.047616e+09 2.10949980e-02 1.536468e+01
3.276203e-01 1.321941e+09 2.18243655e-02 1.734834e+01
3.276203e-01 1.668101e+09 2.32005635e-02 1.985416e+01
3.276203e-01 2.104904e+09 2.40110113e-02 2.241744e+01
3.276203e-01 2.656088e+09 2.48538425e-02 2.531164e+01
3.276203e-01 3.351603e+09 2.57302971e-02 2.857950e+01
3.276203e-01 4.229243e+09 2.66416278e-02 3.226926e+01
3.276203e-01 5.336699e+09 2.75890961e-02 3.643539e+01
3.276203e-01 6.734151e+09 2.85739596e-02 4.113939e+01
3.276203e-01 8.497534e+09 3.04069772e-02 4.708164e+01
3.276203e-01 1.072267e+10 3.14994260e-02 5.316012e+01
3.276203e-01 1.353048e+10 3.26340350e-02 6.002336e+01
3.276203e-01 1.707353e+10 3.38119540e-02 6.777268e+01
3.276203e-01 2.154435e+10 3.50342462e-02 7.652248e+01
3.276203e-01 2.718588e+10 3.63018649e-02 8.640193e+01
3.276203e-01 3.430469e+10 3.76156183e-02 9.755686e+01
3.276203e-01 4.328761e+10 4.00421655e-02 1.116482e+02
3.276203e-01 5.462277e+10 4.14883545e-02 1.260625e+02
3.276203e-01 6.892612e+10 4.29831364e-02 1.423378e+02
3.276203e-01 8.697490e+10 4.45263010e-02 1.607144e+02
3.276203e-01 1.097499e+11 4.61172177e-02 1.814634e+02
3.276203e-01 1.384886e+11 4.77547669e-02 2.048913e+02
3.276203e-01 1.747528e+11 4.94372282e-02 2.313438e+02
3.276203e-01 2.205131e+11 5.25615086e-02 2.647595e+02
3.276203e-01 2.782559e+11 5.43739630e-02 2.989413e+02
3.276203e-01 3.511192e+11 5.62224036e-02 3.375362e+02
3.276203e-01 4.430621e+11 5.81013321e-02 3.811138e+02
3.276203e-01 5.590810e+11 6.00038958e-02 4.303176e+02
3.276203e-01 7.054802e+11 6.19216760e-02 4.858738e+02
3.276203e-01 8.902151e+11 6.55906463e-02 5.560543e+02
3.276203e-01 1.123324e+12 6.75585225e-02 6.278437e+02
3.276203e-01 1.417474e+12 6.95038777e-02 7.089016e+02
3.276203e-01 1.788650e+12 7.14089542e-02 8.004244e+02
3.276203e-01 2.257020e+12 7.32529394e-02 9.037633e+02
3.276203e-01 2.848036e+12 7.70632541e-02 1.034305e+03
3.276203e-01 3.593814e+12 7.87537232e-02 1.167839e+03
3.276203e-01 4.534879e+12 8.02950385e-02 1.318612e+03
3.276203e-01 5.722368e+12 8.16499687e-02 1.488852e+03
3.276203e-01 7.220809e+12 8.27767179e-02 1.681071e+03
3.276203e-01 9.111628e+12 8.59162238e-02 1.923888e+03
3.276203e-01 1.149757e+13 8.64575064e-02 2.172271e+03
3.276203e-01 1.450829e+13 8.66084363e-02 2.452723e+03
3.276203e-01 1.830738e+13 8.63098287e-02 2.769382e+03
3.276203e-01 2.310130e+13 8.55009387e-02 3.126923e+03
3.276203e-01 2.915053e+13 8.64224377e-02 3.578582e+03
3.276203e-01 3.678380e+13 8.43614041e-02 4.040595e+03
3.276203e-01 4.641589e+13 8.16062018e-02 4.562256e+03
3.276203e-01 5.857021e+13 7.81197248e-02 5.151267e+03
3.276203e-01 7.390722e+13 7.59049387e-02 5.895326e+03
3.276203e-01 9.326033e+13 7.07927062e-02 6.656443e+03
3.276203e-01 1.176812e+14 6.49631671e-02 7.515823e+03
3.276203e-01 1.484968e+14 5.85017144e-02 8.486155e+03
3.276203e-01 1.873817e+14 5.29506822e-02 9.711911e+03
3.276203e-01 2.364489e+14 4.54732555e-02 1.096577e+04
3.276203e-01 2.983647e+14 3.79024293e-02 1.238151e+04
3.276203e-01 3.764936e+14 3.05060207e-02 1.398002e+04
3.276203e-01 4.750810e+14 2.42097052e-02 1.599932e+04
3.276203e-01 5.994843e+14 1.78183566e-02 1.806492e+04
3.276203e-01 7.564633e+14 1.23866459e-02 2.039719e+04
3.276203e-01 9.545485e+14 8.05008443e-03 2.303057e+04
3.276203e-01 1.204504e+15 4.96335457e-03 2.635715e+04
3.276203e-01 1.519911e+15 2.70840879e-03 2.975999e+04
3.276203e-01 1.917910e+15 1.31816771e-03 3.360216e+04
3.276203e-01 2.420128e+15 5.74769681e-04 3.845572e+04
3.276203e-01 3.053856e+15 2.07417682e-04 4.342055e+04
3.276203e-01 3.853529e+15 6.17568038e-05 4.902636e+04
3.276203e-01 4.862602e+15 1.49823909e-05 5.610783e+04
3.276203e-01 6.135907e+15 2.65798121e-06 6.335163e+04
3.276203e-01 7.742637e+15 3.29625506e-07 7.153065e+04
3.276203e-01 9.770100e+15 2.68373423e-08 8.186268e+04
3.276203e-01 1.232847e+16 1.22339298e-09 9.243157e+04
3.276203e-01 1.555676e+16 2.84757008e-11 1.043650e+05
3.276203e-01 1.963041e+16 3.03979155e-13 1.194396e+05
3.276203e-01 2.477076e+16 1.20730369e-15 1.348599e+05
3.276203e-01 3.125716e+16 1.52019975e-18 1.522710e+05
3.276203e-01 3.944206e+16 4.93074999e-22 1.742653e+05
3.276203e-01 4.977024e+16 2.88342821e-26 1.967639e+05
3.276203e-01 6.280291e+16 2.10181663e-31 2.221671e+05
3.276203e-01 7.924829e+16 1.16654222e-37 2.542573e+05
3.276203e-01 1.000000e+17 2.36214312e-45 2.870832e+05
3.513000e-01 1.261857e+07 1.19779789e-02 1.488852e+00
3.513000e-01 1.592283e+07 1.23467819e-02 1.681071e+00
3.513000e-01 2.009233e+07 1.27293673e-02 1.898105e+00
3.513000e-01 2.535364e+07 1.34853374e-02 2.172271e+00
3.513000e-01 3.199267e+07 1.39085427e-02 2.452723e+00
3.513000e-01 4.037017e+07 1.43477999e-02 2.769382e+00
3.513000e-01 5.094138e+07 1.48037972e-02 3.126923e+00
3.513000e-01 6.428073e+07 1.52772522e-02 3.530625e+00
3.513000e-01 8.111308e+07 1.57689146e-02 3.986446e+00
3.513000e-01 1.023531e+08 1.62795657e-02 4.501117e+00
3.513000e-01 1.291550e+08 1.72697872e-02 5.151267e+00
3.513000e-01 1.629751e+08 1.78359684e-02 5.816322e+00
3.513000e-01 2.056512e+08 1.84242760e-02 6.567239e+00
3.513000e-01 2.595024e+08 1.90356563e-02 7.415103e+00
3.513000e-01 3.274549e+08 1.96710923e-02 8.372431e+00
3.513000e-01 4.132012e+08 2.03316046e-02 9.453354e+00
3.513000e-01 5.214008e+08 2.10182523e-02 1.067383e+01
3.513000e-01 6.579332e+08 2.17321306e-02 1.205188e+01
3.513000e-01 8.302176e+08 2.30890635e-02 1.379267e+01
3.513000e-01 1.047616e+09 2.38819446e-02 1.557338e+01
3.513000e-01 1.321941e+09 2.47063975e-02 1.758398e+01
3.513000e-01 1.668101e+09 2.55636890e-02 1.985416e+01
3.513000e-01 2.104904e+09 2.64551122e-02 2.241744e+01
3.513000e-01 2.656088e+09 2.73819859e-02 2.531164e+01
3.513000e-01 3.351603e+09 2.83456472e-02 2.857950e+01
3.513000e-01 4.229243e+09 2.93474438e-02 3.226926e+01
3.513000e-01 5.336699e+09 3.12198841e-02 3.693030e+01
3.513000e-01 6.734151e+09 3.23315989e-02 4.169819e+01
3.513000e-01 8.497534e+09 3.34866258e-02 4.708164e+01
3.513000e-01 1.072267e+10 3.46862921e-02 5.316012e+01
3.513000e-01 1.353048e+10 3.59318699e-02 6.002336e+01
3.513000e-01 1.707353e+10 3.72245586e-02 6.777268e+01
3.513000e-01 2.154435e+10 3.85654537e-02 7.652248e+01
3.513000e-01 2.718588e+10 4.10483345e-02 8.757554e+01
3.513000e-01 3.430469e+10 4.25277533e-02 9.888199e+01
3.513000e-01 4.328761e+10 4.40591100e-02 1.116482e+02
3.513000e-01 5.462277e+10 4.56427351e-02 1.260625e+02
3.513000e-01 6.892612e+10 4.72786392e-02 1.423378e+02
3.513000e-01 8.697490e+10 4.89664360e-02 1.607144e+02
3.513000e-01 1.097499e+11 5.07052579e-02 1.814634e+02
3.513000e-01 1.384886e+11 5.39294214e-02 2.076743e+02
3.513000e-01 1.747528e+11 5.58155452e-02 2.344861e+02
3.513000e-01 2.205131e+11 5.77474758e-02 2.647595e+02
3.513000e-01 2.782559e+11 5.97212672e-02 2.989413e+02
3.513000e-01 3.511192e+11 6.17318462e-02 3.375362e+02
3.513000e-01 4.430621e+11 6.37728277e-02 3.811138e+02
3.513000e-01 5.590810e+11 6.76369775e-02 4.361626e+02
3.513000e-01 7.054802e+11 6.97700739e-02 4.924734e+02
3.513000e-01 8.902151e+11 7.19043538e-02 5.560543e+02
3.513000e-01 1.123324e+12 7.40254545e-02 6.278437e+02
3.513000e-01 1.417474e+12 7.61163317e-02 7.089016e+02
3.513000e-01 1.788650e+12 7.81569207e-02 8.004244e+02
3.513000e-01 2.257020e+12 8.23152306e-02 9.160392e+02
3.513000e-01 2.848036e+12 8.42322353e-02 1.034305e+03
3.513000e-01 3.593814e+12 8.60134900e-02 1.167839e+03
3.513000e-01 4.534879e+12 8.76223949e-02 1.318612e+03
3.513000e-01 5.722368e+12 8.90175997e-02 1.488852e+03
3.513000e-01 7.220809e+12 9.26186215e-02 1.703905e+03
3.513000e-01 9.111628e+12 9.34654325e-02 1.923888e+03
3.513000e-01 1.149757e+13 9.39355982e-02 2.172271e+03
3.513000e-01 1.450829e+13 9.39679848e-02 2.452723e+03
3.513000e-01 1.830738e+13 9.34986083e-02 2.769382e+03
3.513000e-01 2.310130e+13 9.49913226e-02 3.169396e+03
3.513000e-01 2.915053e+13 9.32791138e-02 3.578582e+03
3.513000e-01 3.678380e+13 9.08589856e-02 4.040595e+03
3.513000e-01 4.641589e+13 8.76804157e-02 4.562256e+03
3.513000e-01 5.857021e+13 8.59978979e-02 5.221237e+03
3.513000e-01 7.390722e+13 8.10891685e-02 5.895326e+03
3.513000e-01 9.326033e+13 7.53702801e-02 6.656443e+03
3.513000e-01 1.176812e+14 6.88981070e-02 7.515823e+03
3.513000e-01 1.484968e+14 6.34653497e-02 8.601423e+03
3.513000e-01 1.873817e+14 5.56386869e-02 9.711911e+03
3.513000e-01 2.364489e+14 4.75142639e-02 1.096577e+04
3.513000e-01 2.983647e+14 3.93511088e-02 1.238151e+04
3.513000e-01 3.764936e+14 3.23012568e-02 1.416991e+04
3.513000e-01 4.750810e+14 2.47437938e-02 1.599932e+04
3.513000e-01 5.994843e+14 1.80369513e-02 1.806492e+04
3.513000e-01 7.564633e+14 1.24002455e-02 2.039719e+04
3.513000e-01 9.545485e+14 8.17383134e-03 2.334340e+04
3.513000e-01 1.204504e+15 4.83306213e-03 2.635715e+04
3.513000e-01 1.519911e+15 2.59205204e-03 2.975999e+04
3.513000e-01 1.917910e+15 1.27010967e-03 3.405858e+04
3.513000e-01 2.420128e+15 5.26468252e-04 3.845572e+04
3.513000e-01 3.053856e+15 1.84789493e-04 4.342055e+04
3.513000e-01 3.853529e+15 5.47103733e-05 4.969230e+04
3.513000e-01 4.862602e+15 1.24311049e-05 5.610783e+04
3.513000e-01 6.135907e+15 2.10653209e-06 6.335163e+04
3.513000e-01 7.742637e+15 2.47271251e-07 7.153065e+04
3.513000e-01 9.770100e+15 1.88419921e-08 8.186268e+04
3.513000e-01 1.232847e+16 7.92811270e-10 9.243157e+04
3.513000e-01 1.555676e+16 1.72075959e-11 1.057826e+05
3.513000e-01 1.963041e+16 1.59054291e-13 1.194396e+05
3.513000e-01 2.477076e+16 5.48588006e-16 1.348599e+05
3.513000e-01 3.125716e+16 5.98793290e-19 1.543393e+05
3.513000e-01 3.944206e+16 1.54070756e-22 1.742653e+05
3.513000e-01 4.977024e+16 7.03831923e-27 1.967639e+05
3.513000e-01 6.280291e+16 3.90749548e-32 2.251848e+05
3.513000e-01 7.924829e+16 1.46591907e-38 2.542573e+05
3.513000e-01 1.000000e+17 1.89805868e-46 2.870832e+05
3.766913e-01 1.261857e+07 1.32218835e-02 1.488852e+00
3.766913e-01 1.592283e+07 1.36287902e-02 1.681071e+00
3.766913e-01 2.009233e+07 1.44351845e-02 1.923888e+00
3.766913e-01 2.535364e+07 1.48850841e-02 2.172271e+00
3.766913e-01 3.199267e+07 1.53519390e-02 2.452723e+00
3.766913e-01 4.037017e+07 1.58364721e-02 2.769382e+00
3.766913e-01 5.094138e+07 1.63394384e-02 3.126923e+00
3.766913e-01 6.428073e+07 1.68616248e-02 3.530625e+00
3.766913e-01 8.111308e+07 1.74038530e-02 3.986446e+00
3.766913e-01 1.023531e+08 1.84583896e-02 4.562256e+00
3.766913e-01 1.291550e+08 1.90593035e-02 5.151267e+00
3.766913e-01 1.629751e+08 1.96835587e-02 5.816322e+00
3.766913e-01 2.056512e+08 2.03321486e-02 6.567239e+00
3.766913e-01 2.595024e+08 2.10061074e-02 7.415103e+00
3.766913e-01 3.274549e+08 2.17065087e-02 8.372431e+00
3.766913e-01 4.132012e+08 2.24344662e-02 9.453354e+00
3.766913e-01 5.214008e+08 2.31911347e-02 1.067383e+01
3.766913e-01 6.579332e+08 2.46335156e-02 1.221558e+01
3.766913e-01 8.302176e+08 2.54735890e-02 1.379267e+01
3.766913e-01 1.047616e+09 2.63469536e-02 1.557338e+01
3.766913e-01 1.321941e+09 2.72549479e-02 1.758398e+01
3.766913e-01 1.668101e+09 2.81989442e-02 1.985416e+01
3.766913e-01 2.104904e+09 2.91803410e-02 2.241744e+01
3.766913e-01 2.656088e+09 3.02005618e-02 2.531164e+01
3.766913e-01 3.351603e+09 3.12610464e-02 2.857950e+01
3.766913e-01 4.229243e+09 3.32484013e-02 3.270758e+01
3.766913e-01 5.336699e+09 3.44250822e-02 3.693030e+01
3.766913e-01 6.734151e+09 3.56475748e-02 4.169819e+01
3.766913e-01 8.497534e+09 3.69173244e-02 4.708164e+01
3.766913e-01 1.072267e+10 3.82357306e-02 5.316012e+01
3.766913e-01 1.353048e+10 3.96041239e-02 6.002336e+01
3.766913e-01 1.707353e+10 4.10237458e-02 6.777268e+01
3.766913e-01 2.154435e+10 4.36580038e-02 7.756190e+01
3.766913e-01 2.718588e+10 4.52249961e-02 8.757554e+01
3.766913e-01 3.430469e+10 4.68475365e-02 9.888199e+01
3.766913e-01 4.328761e+10 4.85261594e-02 1.116482e+02
3.766913e-01 5.462277e+10 5.02610815e-02 1.260625e+02
3.766913e-01 6.892612e+10 5.20521483e-02 1.423378e+02
3.766913e-01 8.697490e+10 5.38987485e-02 1.607144e+02
3.766913e-01 1.097499e+11 5.73258836e-02 1.839282e+02
3.766913e-01 1.384886e+11 5.93328510e-02 2.076743e+02
3.766913e-01 1.747528e+11 6.13911691e-02 2.344861e+02
3.766913e-01 2.205131e+11 6.34972588e-02 2.647595e+02
3.766913e-01 2.782559e+11 6.56464458e-02 2.989413e+02
3.766913e-01 3.511192e+11 6.78327808e-02 3.375362e+02
3.766913e-01 4.430621e+11 7.19647226e-02 3.862905e+02
3.766913e-01 5.590810e+11 7.42625215e-02 4.361626e+02
3.766913e-01 7.054802e+11 7.65700368e-02 4.924734e+02
3.766913e-01 8.902151e+11 7.88735301e-02 5.560543e+02
3.766913e-01 1.123324e+12 8.11566249e-02 6.278437e+02
3.766913e-01 1.417474e+12 8.33999612e-02 7.089016e+02
3.766913e-01 1.788650e+12 8.79215326e-02 8.112967e+02
3.766913e-01 2.257020e+12 9.00707218e-02 9.160392e+02
3.766913e-01 2.848036e+12 9.20972169e-02 1.034305e+03
3.766913e-01 3.593814e+12 9.39650792e-02 1.167839e+03
3.766913e-01 4.534879e+12 9.56334822e-02 1.318612e+03
3.766913e-01 5.722368e+12 9.97110555e-02 1.509075e+03
3.766913e-01 7.220809e+12 1.00868332e-01 1.703905e+03
3.766913e-01 9.111628e+12 1.01663212e-01 1.923888e+03
3.766913e-01 1.149757e+13 1.02033171e-01 2.172271e+03
3.766913e-01 1.450829e+13 1.01911756e-01 2.452723e+03
3.766913e-01 1.830738e+13 1.03998712e-01 2.806999e+03
3.766913e-01 2.310130e+13 1.02651341e-01 3.169396e+03
3.766913e-01 2.915053e+13 1.00588342e-01 3.578582e+03
3.766913e-01 3.678380e+13 9.77477728e-02 4.040595e+03
3.766913e-01 4.641589e+13 9.40796788e-02 4.562256e+03
3.766913e-01 5.857021e+13 9.20018841e-02 5.221237e+03
3.766913e-01 7.390722e+13 8.64627336e-02 5.895326e+03
3.766913e-01 9.326033e+13 8.00648502e-02 6.656443e+03
3.766913e-01 1.176812e+14 7.28812929e-02 7.515823e+03
3.766913e-01 1.484968e+14 6.68147135e-02 8.601423e+03
3.766913e-01 1.873817e+14 5.82587719e-02 9.711911e+03
3.766913e-01 2.364489e+14 4.94465409e-02 1.096577e+04
3.766913e-01 2.983647e+14 4.06651963e-02 1.238151e+04
3.766913e-01 3.764936e+14 3.31134428e-02 1.416991e+04
3.766913e-01 4.750810e+14 2.51340289e-02 1.599932e+04
3.766913e-01 5.994843e+14 1.81290330e-02 1.806492e+04
3.766913e-01 7.564633e+14 1.26496130e-02 2.067425e+04
3.766913e-01 9.545485e+14 8.00289567e-03 2.334340e+04
3.766913e-01 1.204504e+15 4.65545606e-03 2.635715e+04
3.766913e-01 1.519911e+15 2.44986395e-03 2.975999e+04
3.766913e-01 1.917910e+15 1.17413087e-03 3.405858e+04
3.766913e-01 2.420128e+15 4.74225425e-04 3.845572e+04
3.766913e-01 3.053856e+15 1.61466823e-04 4.342055e+04
3.766913e-01 3.853529e+15 4.61260992e-05 4.969230e+04
3.766913e-01 4.862602e+15 1.00470422e-05 5.610783e+04
3.766913e-01 6.135907e+15 1.61907755e-06 6.335163e+04
3.766913e-01 7.742637e+15 1.83836611e-07 7.250226e+04
3.766913e-01 9.770100e+15 1.26803942e-08 8.186268e+04
3.766913e-01 1.232847e+16 4.88703157e-10 9.243157e+04
3.766913e-01 1.555676e+16 9.53827777e-12 1.057826e+05
3.766913e-01 1.963041e+16 7.75495594e-14 1.194396e+05
3.766913e-01 2.477076e+16 2.29146444e-16 1.348599e+05
3.766913e-01 3.125716e+16 2.07622117e-19 1.543393e+05
3.766913e-01 3.944206e+16 4.26892232e-23 1.742653e+05
3.766913e-01 4.977024e+16 1.48765223e-27 1.967639e+05
3.766913e-01 6.280291e+16 5.94910289e-33 2.251848e+05
3.766913e-01 7.924829e+16 1.49641111e-39 2.542573e+05
3.766913e-01 1.000000e+17 1.18675439e-47 2.870832e+05
4.039178e-01 1.261857e+07 1.46122845e-02 1.488852e+00
4.039178e-01 1.592283e+07 1.50617366e-02 1.681071e+00
4.039178e-01 2.009233e+07 1.55279356e-02 1.898105e+00
4.039178e-01 2.535364e+07 1.64495197e-02 2.172271e+00
4.039178e-01 3.199267e+07 1.69650963e-02 2.452723e+00
4.039178e-01 4.037017e+07 1.75001602e-02 2.769382e+00
4.039178e-01 5.094138e+07 1.80555400e-02 3.126923e+00
4.039178e-01 6.428073e+07 1.86320991e-02 3.530625e+00
4.039178e-01 8.111308e+07 1.92307383e-02 3.986446e+00
4.039178e-01 1.023531e+08 1.98523957e-02 4.501117e+00
4.039178e-01 1.291550e+08 2.10586861e-02 5.151267e+00
4.039178e-01 1.629751e+08 2.17476957e-02 5.816322e+00
4.039178e-01 2.056512e+08 2.24634895e-02 6.567239e+00
4.039178e-01 2.595024e+08 2.32071977e-02 7.415103e+00
4.039178e-01 3.274549e+08 2.39799929e-02 8.372431e+00
4.039178e-01 4.132012e+08 2.47830903e-02 9.453354e+00
4.039178e-01 5.214008e+08 2.56177485e-02 1.067383e+01
4.039178e-01 6.579332e+08 2.64852664e-02 1.205188e+01
4.039178e-01 8.302176e+08 2.81360390e-02 1.379267e+01
4.039178e-01 1.047616e+09 2.90989701e-02 1.557338e+01
4.039178e-01 1.321941e+09 3.00999029e-02 1.758398e+01
4.039178e-01 1.668101e+09 3.11403229e-02 1.985416e+01
4.039178e-01 2.104904e+09 3.22217408e-02 2.241744e+01
4.039178e-01 2.656088e+09 3.33456902e-02 2.531164e+01
4.039178e-01 3.351603e+09 3.45137187e-02 2.857950e+01
4.039178e-01 4.229243e+09 3.57273762e-02 3.226926e+01
4.039178e-01 5.336699e+09 3.79998643e-02 3.693030e+01
4.039178e-01 6.734151e+09 3.93452099e-02 4.169819e+01
4.039178e-01 8.497534e+09 4.07421104e-02 4.708164e+01
4.039178e-01 1.072267e+10 4.21920334e-02 5.316012e+01
4.039178e-01 1.353048e+10 4.36963604e-02 6.002336e+01
4.039178e-01 1.707353e+10 4.52563638e-02 6.777268e+01
4.039178e-01 2.154435e+10 4.68731670e-02 7.652248e+01
4.039178e-01 2.718588e+10 4.98755253e-02 8.757554e+01
4.039178e-01 3.430469e+10 5.16559054e-02 9.888199e+01
4.039178e-01 4.328761e+10 5.34967556e-02 1.116482e+02
4.039178e-01 5.462277e+10 5.53981366e-02 1.260625e+02
4.039178e-01 6.892612e+10 5.73596787e-02 1.423378e+02
4.039178e-01 8.697490e+10 5.93804847e-02 1.607144e+02
4.039178e-01 1.097499e+11 6.14590219e-02 1.814634e+02
4.039178e-01 1.384886e+11 6.53323421e-02 2.076743e+02
4.039178e-01 1.747528e+11 6.75784491e-02 2.344861e+02
4.039178e-01 2.205131e+11 6.98739949e-02 2.647595e+02
4.039178e-01 2.782559e+11 7.22134358e-02 2.989413e+02
4.039178e-01 3.511192e+11 7.45897823e-02 3.375362e+02
4.039178e-01 4.430621e+11 7.69943707e-02 3.811138e+02
4.039178e-01 5.590810e+11 8.15887106e-02 4.361626e+02
4.039178e-01 7.054802e+11 8.40821625e-02 4.924734e+02
4.039178e-01 8.902151e+11 8.65648220e-02 5.560543e+02
4.039178e-01 1.123324e+12 8.90179828e-02 6.278437e+02
4.039178e-01 1.417474e+12 9.14196187e-02 7.089016e+02
4.039178e-01 1.788650e+12 9.37439932e-02 8.004244e+02
4.039178e-01 2.257020e+12 9.85858758e-02 9.160392e+02
4.039178e-01 2.848036e+12 1.00718471e-01 1.034305e+03
4.039178e-01 3.593814e+12 1.02665478e-01 1.167839e+03
4.039178e-01 4.534879e+12 1.04381339e-01 1.318612e+03
4.039178e-01 5.722368e+12 1.05815011e-01 1.488852e+03
4.039178e-01 7.220809e+12 1.09834025e-01 1.703905e+03
4.039178e-01 9.111628e+12 1.10547427e-01 1.923888e+03
4.039178e-01 1.149757e+13 1.10781026e-01 2.172271e+03
4.039178e-01 1.450829e+13 1.10462773e-01 2.452723e+03
4.039178e-01 1.830738e+13 1.09518592e-01 2.769382e+03
4.039178e-01 2.310130e+13 1.10825343e-01 3.169396e+03
4.039178e-01 2.915053e+13 1.08346446e-01 3.578582e+03
4.039178e-01 3.678380e+13 1.05014495e-01 4.040595e+03
4.039178e-01 4.641589e+13 1.00781357e-01 4.562256e+03
4.039178e-01 5.857021e+13 9.82360784e-02 5.221237e+03
4.039178e-01 7.390722e+13 9.19854858e-02 5.895326e+03
4.039178e-01 9.326033e+13 8.48299124e-02 6.656443e+03
4.039178e-01 1.176812e+14 7.68618804e-02 7.515823e+03
4.039178e-01 1.484968e+14 7.00956538e-02 8.601423e+03
4.039178e-01 1.873817e+14 6.07574684e-02 9.711911e+03
4.039178e-01 2.364489e+14 5.12201378e-02 1.096577e+04
4.039178e-01 2.983647e+14 4.18007759e-02 1.238151e+04
4.039178e-01 3.764936e+14 3.37400032e-02 1.416991e+04
4.039178e-01 4.750810e+14 2.53527233e-02 1.599932e+04
4.039178e-01 5.994843e+14 1.80761396e-02 1.806492e+04
4.039178e-01 7.564633e+14 1.21140967e-02 2.039719e+04
4.039178e-01 9.545485e+14 7.75313968e-03 2.334340e+04
4.039178e-01 1.204504e+15 4.43017383e-03 2.635715e+04
4.039178e-01 1.519911e+15 2.28326162e-03 2.975999e+04
4.039178e-01 1.917910e+15 1.03956296e-03 3.360216e+04
4.039178e-01 2.420128e+15 4.19254662e-04 3.845572e+04
4.039178e-01 3.053856e+15 1.38064863e-04 4.342055e+04
4.039178e-01 3.853529e+15 3.69135836e-05 4.902636e+04
4.039178e-01 4.862602e+15 7.88607235e-06 5.610783e+04
4.039178e-01 6.135907e+15 1.20263908e-06 6.335163e+04
4.039178e-01 7.742637e+15 1.24415191e-07 7.153065e+04
4.039178e-01 9.770100e+15 8.14120210e-09 8.186268e+04
4.039178e-01 1.232847e+16 2.84942642e-10 9.243157e+04
4.039178e-01 1.555676e+16 4.81777833e-12 1.043650e+05
4.039178e-01 1.963041e+16 3.49570208e-14 1.194396e+05
4.039178e-01 2.477076e+16 8.71689189e-17 1.348599e+05
4.039178e-01 3.125716e+16 6.26700394e-20 1.522710e+05
4.039178e-01 3.944206e+16 1.03500500e-23 1.742653e+05
4.039178e-01 4.977024e+16 2.67987574e-28 1.967639e+05
4.039178e-01 6.280291e+16 7.27772965e-34 2.221671e+05
4.039178e-01 7.924829e+16 1.21283266e-40 2.542573e+05
4.039178e-01 1.000000e+17 5.61689713e-49 2.870832e+05
4.331122e-01 1.261857e+07 1.61679860e-02 1.488852e+00
4.331122e-01 1.592283e+07 1.66649834e-02 1.681071e+00
4.331122e-01 2.009233e+07 1.71804675e-02 1.898105e+00
4.331122e-01 2.535364e+07 1.77152176e-02 2.143160e+00
4.331122e-01 3.199267e+07 1.82700468e-02 2.419853e+00
4.331122e-01 4.037017e+07 1.88458042e-02 2.732269e+00
4.331122e-01 5.094138e+07 1.99751666e-02 3.126923e+00
4.331122e-01 6.428073e+07 2.06124394e-02 3.530625e+00
4.331122e-01 8.111308e+07 2.12740581e-02 3.986446e+00
4.331122e-01 1.023531e+08 2.19610510e-02 4.501117e+00
4.331122e-01 1.291550e+08 2.26744886e-02 5.082234e+00
4.331122e-01 1.629751e+08 2.34154852e-02 5.738377e+00
4.331122e-01 2.056512e+08 2.41851976e-02 6.479231e+00
4.331122e-01 2.595024e+08 2.56681825e-02 7.415103e+00
4.331122e-01 3.274549e+08 2.65217005e-02 8.372431e+00
4.331122e-01 4.132012e+08 2.74085608e-02 9.453354e+00
4.331122e-01 5.214008e+08 2.83301349e-02 1.067383e+01
4.331122e-01 6.579332e+08 2.92878359e-02 1.205188e+01
4.331122e-01 8.302176e+08 3.02831202e-02 1.360784e+01
4.331122e-01 1.047616e+09 3.13174826e-02 1.536468e+01
4.331122e-01 1.321941e+09 3.23924528e-02 1.734834e+01
4.331122e-01 1.668101e+09 3.44261067e-02 1.985416e+01
4.331122e-01 2.104904e+09 3.56187548e-02 2.241744e+01
4.331122e-01 2.656088e+09 3.68580052e-02 2.531164e+01
4.331122e-01 3.351603e+09 3.81455167e-02 2.857950e+01
4.331122e-01 4.229243e+09 3.94829447e-02 3.226926e+01
4.331122e-01 5.336699e+09 4.08719328e-02 3.643539e+01
4.331122e-01 6.734151e+09 4.23140902e-02 4.113939e+01
4.331122e-01 8.497534e+09 4.50092415e-02 4.708164e+01
4.331122e-01 1.072267e+10 4.66048241e-02 5.316012e+01
4.331122e-01 1.353048e+10 4.82595823e-02 6.002336e+01
4.331122e-01 1.707353e+10 4.99748037e-02 6.777268e+01
4.331122e-01 2.154435e+10 5.17515969e-02 7.652248e+01
4.331122e-01 2.718588e+10 5.35908496e-02 8.640193e+01
4.331122e-01 3.430469e+10 5.54931716e-02 9.755686e+01
4.331122e-01 4.328761e+10 5.90303830e-02 1.116482e+02
4.331122e-01 5.462277e+10 6.11147449e-02 1.260625e+02
4.331122e-01 6.892612e+10 6.32633899e-02 1.423378e+02
4.331122e-01 8.697490e+10 6.54750596e-02 1.607144e+02
4.331122e-01 1.097499e+11 6.77477627e-02 1.814634e+02
4.331122e-01 1.384886e+11 7.00786649e-02 2.048913e+02
4.331122e-01 1.747528e+11 7.24639109e-02 2.313438e+02
4.331122e-01 2.205131e+11 7.69470028e-02 2.647595e+02
4.331122e-01 2.782559e+11 7.94922317e-02 2.989413e+02
4.331122e-01 3.511192e+11 8.20733168e-02 3.375362e+02
4.331122e-01 4.430621e+11 8.46801380e-02 3.811138e+02
4.331122e-01 5.590810e+11 8.73003952e-02 4.303176e+02
4.331122e-01 7.054802e+11 8.99192957e-02 4.858738e+02
4.331122e-01 8.902151e+11 9.50496826e-02 5.560543e+02
4.331122e-01 1.123324e+12 9.76798013e-02 6.278437e+02
4.331122e-01 1.417474e+12 1.00243917e-01 7.089016e+02
4.331122e-01 1.788650e+12 1.02712824e-01 8.004244e+02
4.331122e-01 2.257020e+12 1.05052789e-01 9.037633e+02
4.331122e-01 2.848036e+12 1.07225149e-01 1.020444e+03
4.331122e-01 3.593814e+12 1.12172284e-01 1.167839e+03
4.331122e-01 4.534879e+12 1.13918548e-01 1.318612e+03
4.331122e-01 5.722368e+12 1.15339945e-01 1.488852e+03
4.331122e-01 7.220809e+12 1.16374015e-01 1.681071e+03
4.331122e-01 9.111628e+12 1.16952897e-01 1.898105e+03
4.331122e-01 1.149757e+13 1.20204262e-01 2.172271e+03
4.331122e-01 1.450829e+13 1.19636918e-01 2.452723e+03
4.331122e-01 1.830738e+13 1.18370446e-01 2.769382e+03
4.331122e-01 2.310130e+13 1.16327330e-01 3.126923e+03
4.331122e-01 2.915053e+13 1.13435736e-01 3.530625e+03
4.331122e-01 3.678380e+13 1.12633349e-01 4.040595e+03
4.331122e-01 4.641589e+13 1.07749491e-01 4.562256e+03
4.331122e-01 5.857021e+13 1.01867929e-01 5.151267e+03
4.331122e-01 7.390722e+13 9.50046664e-02 5.816322e+03
4.331122e-01 9.326033e+13 8.96052906e-02 6.656443e+03
4.331122e-01 1.176812e+14 8.07763738e-02 7.515823e+03
4.331122e-01 1.484968e+14 7.12926285e-02 8.486155e+03
4.331122e-01 1.873817e+14 6.13927990e-02 9.581761e+03
4.331122e-01 2.364489e+14 5.27781082e-02 1.096577e+04
4.331122e-01 2.983647e+14 4.27094275e-02 1.238151e+04
4.331122e-01 3.764936e+14 3.32328612e-02 1.398002e+04
4.331122e-01 4.750810e+14 2.46965706e-02 1.578491e+04
4.331122e-01 5.994843e+14 1.78611058e-02 1.806492e+04
4.331122e-01 7.564633e+14 1.17956788e-02 2.039719e+04
4.331122e-01 9.545485e+14 7.22482582e-03 2.303057e+04
4.331122e-01 1.204504e+15 4.04792007e-03 2.600393e+04
4.331122e-01 1.519911e+15 2.09482935e-03 2.975999e+04
4.331122e-01 1.917910e+15 9.28627716e-04 3.360216e+04
4.331122e-01 2.420128e+15 3.53322500e-04 3.794037e+04
4.331122e-01 3.053856e+15 1.15232031e-04 4.342055e+04
4.331122e-01 3.853529e+15 2.95090117e-05 4.902636e+04
4.331122e-01 4.862602e+15 5.83163036e-06 5.535592e+04
4.331122e-01 6.135907e+15 8.59938500e-07 6.335163e+04
4.331122e-01 7.742637e+15 8.27310901e-08 7.153065e+04
4.331122e-01 9.770100e+15 4.82781443e-09 8.076563e+04
4.331122e-01 1.232847e+16 1.56160580e-10 9.243157e+04
4.331122e-01 1.555676e+16 2.32303878e-12 1.043650e+05
4.331122e-01 1.963041e+16 1.40559576e-14 1.178390e+05
4.331122e-01 2.477076e+16 2.98839251e-17 1.348599e+05
4.331122e-01 3.125716e+16 1.71652029e-20 1.522710e+05
4.331122e-01 3.944206e+16 2.10572396e-24 1.719300e+05
4.331122e-01 4.977024e+16 4.04176474e-29 1.967639e+05
4.331122e-01 6.280291e+16 7.39092164e-35 2.221671e+05
4.331122e-01 7.924829e+16 7.40461420e-42 2.508500e+05
4.331122e-01 1.000000e+17 1.95113485e-50 2.870832e+05
4.644167e-01 1.261857e+07 1.74334517e-02 1.468900e+00
4.644167e-01 1.592283e+07 1.79689761e-02 1.658542e+00
4.644167e-01 2.009233e+07 1.85243822e-02 1.872669e+00
4.644167e-01 2.535364e+07 1.91005040e-02 2.114440e+00
4.644167e-01 3.199267e+07 2.02369732e-02 2.419853e+00
4.644167e-01 4.037017e+07 2.08741384e-02 2.732269e+00
4.644167e-01 5.094138e+07 2.15353856e-02 3.085019e+00
4.644167e-01 6.428073e+07 2.22217271e-02 3.483310e+00
4.644167e-01 8.111308e+07 2.29342179e-02 3.933024e+00
4.644167e-01 1.023531e+08 2.36739554e-02 4.440797e+00
4.644167e-01 1.291550e+08 2.44420810e-02 5.014127e+00
4.644167e-01 1.629751e+08 2.52397818e-02 5.661476e+00
4.644167e-01 2.056512e+08 2.67812772e-02 6.479231e+00
4.644167e-01 2.595024e+08 2.76654081e-02 7.315732e+00
4.644167e-01 3.274549e+08 2.85838623e-02 8.260231e+00
4.644167e-01 4.132012e+08 2.95380462e-02 9.326669e+00
4.644167e-01 5.214008e+08 3.05294133e-02 1.053079e+01
4.644167e-01 6.579332e+08 3.15594591e-02 1.189037e+01
4.644167e-01 8.302176e+08 3.26297224e-02 1.342548e+01
4.644167e-01 1.047616e+09 3.46646435e-02 1.536468e+01
4.644167e-01 1.321941e+09 3.58517079e-02 1.734834e+01
4.644167e-01 1.668101e+09 3.70850496e-02 1.958809e+01
4.644167e-01 2.104904e+09 3.83663744e-02 2.211702e+01
4.644167e-01 2.656088e+09 3.96974046e-02 2.497244e+01
4.644167e-01 3.351603e+09 4.10798656e-02 2.819651e+01
4.644167e-01 4.229243e+09 4.25154719e-02 3.183682e+01
4.644167e-01 5.336699e+09 4.52095126e-02 3.643539e+01
4.644167e-01 6.734151e+09 4.67987532e-02 4.113939e+01
4.644167e-01 8.497534e+09 4.84476517e-02 4.645069e+01
4.644167e-01 1.072267e+10 5.01577418e-02 5.244771e+01
4.644167e-01 1.353048e+10 5.19304296e-02 5.921898e+01
4.644167e-01 1.707353e+10 5.37669618e-02 6.686446e+01
4.644167e-01 2.154435e+10 5.56683755e-02 7.549700e+01
4.644167e-01 2.718588e+10 5.92118254e-02 8.640193e+01
4.644167e-01 3.430469e+10 6.13006334e-02 9.755686e+01
4.644167e-01 4.328761e+10 6.34574535e-02 1.101519e+02
4.644167e-01 5.462277e+10 6.56818752e-02 1.243731e+02
4.644167e-01 6.892612e+10 6.79729203e-02 1.404303e+02
4.644167e-01 8.697490e+10 7.03289209e-02 1.585606e+02
4.644167e-01 1.097499e+11 7.27473861e-02 1.790316e+02
4.644167e-01 1.384886e+11 7.72823368e-02 2.048913e+02
4.644167e-01 1.747528e+11 7.98835306e-02 2.313438e+02
4.644167e-01 2.205131e+11 8.25346194e-02 2.612114e+02
4.644167e-01 2.782559e+11 8.52279855e-02 2.949352e+02
4.644167e-01 3.511192e+11 8.79541946e-02 3.330128e+02
4.644167e-01 4.430621e+11 9.07017217e-02 3.760065e+02
4.644167e-01 5.590810e+11 9.60127556e-02 4.303176e+02
4.644167e-01 7.054802e+11 9.88335166e-02 4.858738e+02
4.644167e-01 8.902151e+11 1.01624477e-01 5.486025e+02
4.644167e-01 1.123324e+12 1.04361768e-01 6.194299e+02
4.644167e-01 1.417474e+12 1.07017522e-01 6.994015e+02
4.644167e-01 1.788650e+12 1.09559444e-01 7.896978e+02
4.644167e-01 2.257020e+12 1.15012320e-01 9.037633e+02
4.644167e-01 2.848036e+12 1.17270012e-01 1.020444e+03
4.644167e-01 3.593814e+12 1.19279788e-01 1.152188e+03
4.644167e-01 4.534879e+12 1.20986427e-01 1.300942e+03
4.644167e-01 5.722368e+12 1.22328690e-01 1.468900e+03
4.644167e-01 7.220809e+12 1.26610205e-01 1.681071e+03
4.644167e-01 9.111628e+12 1.27028346e-01 1.898105e+03
4.644167e-01 1.149757e+13 1.26850130e-01 2.143160e+03
4.644167e-01 1.450829e+13 1.25994027e-01 2.419853e+03
4.644167e-01 1.830738e+13 1.24378188e-01 2.732269e+03
4.644167e-01 2.310130e+13 1.25258579e-01 3.126923e+03
4.644167e-01 2.915053e+13 1.21802689e-01 3.530625e+03
4.644167e-01 3.678380e+13 1.17353179e-01 3.986446e+03
4.644167e-01 4.641589e+13 1.11872047e-01 4.501117e+03
4.644167e-01 5.857021e+13 1.05350977e-01 5.082234e+03
4.644167e-01 7.390722e+13 1.00496151e-01 5.816322e+03
4.644167e-01 9.326033e+13 9.18043545e-02 6.567239e+03
4.644167e-01 1.176812e+14 8.22964740e-02 7.415103e+03
4.644167e-01 1.484968e+14 7.21755433e-02 8.372431e+03
4.644167e-01 1.873817e+14 6.33960317e-02 9.581761e+03
4.644167e-01 2.364489e+14 5.26179381e-02 1.081881e+04
4.644167e-01 2.983647e+14 4.21854543e-02 1.221558e+04
4.644167e-01 3.764936e+14 3.24779801e-02 1.379267e+04
4.644167e-01 4.750810e+14 2.44954456e-02 1.578491e+04
4.644167e-01 5.994843e+14 1.70042641e-02 1.782283e+04
4.644167e-01 7.564633e+14 1.10500777e-02 2.012384e+04
4.644167e-01 9.545485e+14 6.64310412e-03 2.272193e+04
4.644167e-01 1.204504e+15 3.74199505e-03 2.600393e+04
4.644167e-01 1.519911e+15 1.83811327e-03 2.936118e+04
4.644167e-01 1.917910e+15 7.91234322e-04 3.315185e+04
4.644167e-01 2.420128e+15 2.98826917e-04 3.794037e+04
4.644167e-01 3.053856e+15 9.11154509e-05 4.283867e+04
4.644167e-01 3.853529e+15 2.22527651e-05 4.836936e+04
4.644167e-01 4.862602e+15 4.15807235e-06 5.461409e+04
4.644167e-01 6.135907e+15 5.73625486e-07 6.250265e+04
4.644167e-01 7.742637e+15 5.09503747e-08 7.057206e+04
4.644167e-01 9.770100e+15 2.70036897e-09 7.968328e+04
4.644167e-01 1.232847e+16 7.77486245e-11 9.119288e+04
4.644167e-01 1.555676e+16 1.00468082e-12 1.029663e+05
4.644167e-01 1.963041e+16 5.12825096e-15 1.162598e+05
4.644167e-01 2.477076e+16 8.88184997e-18 1.330526e+05
4.644167e-01 3.125716e+16 3.98571816e-21 1.502304e+05
4.644167e-01 3.944206e+16 3.63195287e-25 1.696259e+05
4.644167e-01 4.977024e+16 4.86919320e-30 1.941270e+05
4.644167e-01 6.280291e+16 5.76375009e-36 2.191898e+05
4.644167e-01 7.924829e+16 3.39906245e-43 2.474883e+05
4.644167e-01 1.000000e+17 4.67655871e-52 2.832360e+05
4.979838e-01 1.261857e+07 1.88196677e-02 1.449215e+00
4.979838e-01 1.592283e+07 1.93973184e-02 1.636316e+00
4.979838e-01 2.009233e+07 1.99963686e-02 1.847573e+00
4.979838e-01 2.535364e+07 2.06177118e-02 2.086104e+00
4.979838e-01 3.199267e+07 2.12622797e-02 2.355431e+00
4.979838e-01 4.037017e+07 2.19310435e-02 2.659529e+00
4.979838e-01 5.094138e+07 2.32438272e-02 3.043676e+00
4.979838e-01 6.428073e+07 2.39837593e-02 3.436630e+00
4.979838e-01 8.111308e+07 2.47517974e-02 3.880317e+00
4.979838e-01 1.023531e+08 2.55491120e-02 4.381286e+00
4.979838e-01 1.291550e+08 2.63769202e-02 4.946932e+00
4.979838e-01 1.629751e+08 2.72364863e-02 5.585606e+00
4.979838e-01 2.056512e+08 2.81291208e-02 6.306737e+00
4.979838e-01 2.595024e+08 2.98508917e-02 7.217694e+00
4.979838e-01 3.274549e+08 3.08401228e-02 8.149535e+00
4.979838e-01 4.132012e+08 3.18676584e-02 9.201681e+00
4.979838e-01 5.214008e+08 3.29350374e-02 1.038967e+01
4.979838e-01 6.579332e+08 3.40438405e-02 1.173102e+01
4.979838e-01 8.302176e+08 3.51956914e-02 1.324556e+01
4.979838e-01 1.047616e+09 3.63922502e-02 1.495563e+01
4.979838e-01 1.321941e+09 3.86645600e-02 1.711585e+01
4.979838e-01 1.668101e+09 3.99909483e-02 1.932559e+01
4.979838e-01 2.104904e+09 4.13685528e-02 2.182063e+01
4.979838e-01 2.656088e+09 4.27991655e-02 2.463778e+01
4.979838e-01 3.351603e+09 4.42845744e-02 2.781864e+01
4.979838e-01 4.229243e+09 4.58265467e-02 3.141017e+01
4.979838e-01 5.336699e+09 4.74268170e-02 3.546539e+01
4.979838e-01 6.734151e+09 5.04296277e-02 4.058807e+01
4.979838e-01 8.497534e+09 5.21985273e-02 4.582820e+01
4.979838e-01 1.072267e+10 5.40321974e-02 5.174486e+01
4.979838e-01 1.353048e+10 5.59320062e-02 5.842538e+01
4.979838e-01 1.707353e+10 5.78991327e-02 6.596840e+01
4.979838e-01 2.154435e+10 5.99345102e-02 7.448526e+01
4.979838e-01 2.718588e+10 6.20387737e-02 8.410168e+01
4.979838e-01 3.430469e+10 6.59684410e-02 9.624949e+01
4.979838e-01 4.328761e+10 6.82721651e-02 1.086758e+02
4.979838e-01 5.462277e+10 7.06460166e-02 1.227064e+02
4.979838e-01 6.892612e+10 7.30886121e-02 1.385484e+02
4.979838e-01 8.697490e+10 7.55977882e-02 1.564357e+02
4.979838e-01 1.097499e+11 7.81704545e-02 1.766324e+02
4.979838e-01 1.384886e+11 8.08024574e-02 1.994365e+02
4.979838e-01 1.747528e+11 8.57718396e-02 2.282435e+02
4.979838e-01 2.205131e+11 8.85795205e-02 2.577109e+02
4.979838e-01 2.782559e+11 9.14266863e-02 2.909827e+02
4.979838e-01 3.511192e+11 9.43025015e-02 3.285501e+02
4.979838e-01 4.430621e+11 9.71938217e-02 3.709676e+02
4.979838e-01 5.590810e+11 1.00084865e-01 4.188614e+02
4.979838e-01 7.054802e+11 1.05772805e-01 4.793625e+02
4.979838e-01 8.902151e+11 1.08681013e-01 5.412507e+02
4.979838e-01 1.123324e+12 1.11520235e-01 6.111289e+02
4.979838e-01 1.417474e+12 1.14259495e-01 6.900288e+02
4.979838e-01 1.788650e+12 1.16863057e-01 7.791150e+02
4.979838e-01 2.257020e+12 1.22552676e-01 8.916518e+02
4.979838e-01 2.848036e+12 1.24816813e-01 1.006769e+03
4.979838e-01 3.593814e+12 1.26798007e-01 1.136748e+03
4.979838e-01 4.534879e+12 1.28436332e-01 1.283508e+03
4.979838e-01 5.722368e+12 1.29665724e-01 1.449215e+03
4.979838e-01 7.220809e+12 1.30414312e-01 1.636316e+03
4.979838e-01 9.111628e+12 1.34177298e-01 1.872669e+03
4.979838e-01 1.149757e+13 1.33717372e-01 2.114440e+03
4.979838e-01 1.450829e+13 1.32516572e-01 2.387425e+03
4.979838e-01 1.830738e+13 1.30490962e-01 2.695653e+03
4.979838e-01 2.310130e+13 1.27561496e-01 3.043676e+03
4.979838e-01 2.915053e+13 1.27041328e-01 3.483310e+03
4.979838e-01 3.678380e+13 1.21978797e-01 3.933024e+03
4.979838e-01 4.641589e+13 1.15833716e-01 4.440797e+03
4.979838e-01 5.857021e+13 1.08610937e-01 5.014127e+03
4.979838e-01 7.390722e+13 1.03103809e-01 5.738377e+03
4.979838e-01 9.326033e+13 9.36728563e-02 6.479231e+03
4.979838e-01 1.176812e+14 8.34549943e-02 7.315732e+03
4.979838e-01 1.484968e+14 7.26826772e-02 8.260231e+03
4.979838e-01 1.873817e+14 6.33384460e-02 9.453354e+03
4.979838e-01 2.364489e+14 5.20995828e-02 1.067383e+04
4.979838e-01 2.983647e+14 4.13440586e-02 1.205188e+04
4.979838e-01 3.764936e+14 3.14596908e-02 1.360784e+04
4.979838e-01 4.750810e+14 2.34112290e-02 1.557338e+04
4.979838e-01 5.994843e+14 1.60029988e-02 1.758398e+04
4.979838e-01 7.564633e+14 1.02162928e-02 1.985416e+04
4.979838e-01 9.545485e+14 6.01702380e-03 2.241744e+04
4.979838e-01 1.204504e+15 3.30958604e-03 2.565545e+04
4.979838e-01 1.519911e+15 1.58128289e-03 2.896770e+04
4.979838e-01 1.917910e+15 6.59011807e-04 3.270758e+04
4.979838e-01 2.420128e+15 2.33263500e-04 3.693030e+04
4.979838e-01 3.053856e+15 6.98969899e-05 4.226458e+04
4.979838e-01 3.853529e+15 1.62024886e-05 4.772115e+04
4.979838e-01 4.862602e+15 2.84646664e-06 5.388220e+04
4.979838e-01 6.135907e+15 3.64904706e-07 6.166505e+04
4.979838e-01 7.742637e+15 2.96834633e-08 6.962632e+04
4.979838e-01 9.770100e+15 1.41502424e-09 7.861543e+04
4.979838e-01 1.232847e+16 3.58409412e-11 8.997080e+04
4.979838e-01 1.555676e+16 3.96636603e-13 1.015865e+05
4.979838e-01 1.963041e+16 1.67886523e-15 1.147018e+05
4.979838e-01 2.477076e+16 2.32016994e-18 1.312696e+05
4.979838e-01 3.125716e+16 7.93404308e-22 1.482171e+05
4.979838e-01 3.944206e+16 5.21168304e-26 1.673527e+05
4.979838e-01 4.977024e+16 4.70666107e-31 1.915255e+05
4.979838e-01 6.280291e+16 3.45159433e-37 2.162524e+05
4.979838e-01 7.924829e+16 1.13578812e-44 2.441717e+05
4.979838e-01 1.000000e+17 7.64127911e-54 2.794403e+05
5.339771e-01 1.261857e+07 1.97976145e-02 1.410633e+00
5.339771e-01 1.592283e+07 2.04047385e-02 1.592753e+00
5.339771e-01 2.009233e+07 2.10342999e-02 1.798386e+00
5.339771e-01 2.535364e+07 2.22803926e-02 2.058148e+00
5.339771e-01 3.199267e+07 2.29761866e-02 2.323865e+00
5.339771e-01 4.037017e+07 2.36980252e-02 2.623888e+00
5.339771e-01 5.094138e+07 2.44469909e-02 2.962645e+00
5.339771e-01 6.428073e+07 2.52242084e-02 3.345138e+00
5.339771e-01 8.111308e+07 2.60308482e-02 3.777013e+00
5.339771e-01 1.023531e+08 2.68681259e-02 4.264644e+00
5.339771e-01 1.291550e+08 2.84959403e-02 4.880638e+00
5.339771e-01 1.629751e+08 2.94230094e-02 5.510753e+00
5.339771e-01 2.056512e+08 3.03855906e-02 6.222219e+00
5.339771e-01 2.595024e+08 3.13851274e-02 7.025540e+00
5.339771e-01 3.274549e+08 3.24231107e-02 7.932573e+00
5.339771e-01 4.132012e+08 3.35010778e-02 8.956708e+00
5.339771e-01 5.214008e+08 3.46206126e-02 1.011307e+01
5.339771e-01 6.579332e+08 3.67620406e-02 1.157382e+01
5.339771e-01 8.302176e+08 3.80026509e-02 1.306805e+01
5.339771e-01 1.047616e+09 3.92910882e-02 1.475521e+01
5.339771e-01 1.321941e+09 4.06291244e-02 1.666018e+01
5.339771e-01 1.668101e+09 4.20185556e-02 1.881109e+01
5.339771e-01 2.104904e+09 4.34611864e-02 2.123970e+01
5.339771e-01 2.656088e+09 4.49588247e-02 2.398186e+01
5.339771e-01 3.351603e+09 4.77854384e-02 2.744584e+01
5.339771e-01 4.229243e+09 4.94425597e-02 3.098924e+01
5.339771e-01 5.336699e+09 5.11616109e-02 3.499011e+01
5.339771e-01 6.734151e+09 5.29442770e-02 3.950751e+01
5.339771e-01 8.497534e+09 5.47921419e-02 4.460813e+01
5.339771e-01 1.072267e+10 5.67066523e-02 5.036727e+01
5.339771e-01 1.353048e+10 5.86890754e-02 5.686995e+01
5.339771e-01 1.707353e+10 6.24017579e-02 6.508435e+01
5.339771e-01 2.154435e+10 6.45808852e-02 7.348707e+01
5.339771e-01 2.718588e+10 6.68320903e-02 8.297463e+01
5.339771e-01 3.430469e+10 6.91553872e-02 9.368708e+01
5.339771e-01 4.328761e+10 7.15502863e-02 1.057826e+02
5.339771e-01 5.462277e+10 7.40156752e-02 1.194396e+02
5.339771e-01 6.892612e+10 7.86434196e-02 1.366917e+02
5.339771e-01 8.697490e+10 8.13145560e-02 1.543393e+02
5.339771e-01 1.097499e+11 8.40496619e-02 1.742653e+02
5.339771e-01 1.384886e+11 8.68437329e-02 1.967639e+02
5.339771e-01 1.747528e+11 8.96903367e-02 2.221671e+02
5.339771e-01 2.205131e+11 9.25814123e-02 2.508500e+02
5.339771e-01 2.782559e+11 9.55070053e-02 2.832360e+02
5.339771e-01 3.511192e+11 1.01147808e-01 3.241471e+02
5.339771e-01 4.430621e+11 1.04184415e-01 3.659962e+02
5.339771e-01 5.590810e+11 1.07211104e-01 4.132482e+02
5.339771e-01 7.054802e+11 1.10206682e-01 4.666006e+02
5.339771e-01 8.902151e+11 1.13146268e-01 5.268411e+02
5.339771e-01 1.123324e+12 1.16000871e-01 5.948590e+02
5.339771e-01 1.417474e+12 1.21984501e-01 6.807816e+02
5.339771e-01 1.788650e+12 1.24634095e-01 7.686740e+02
5.339771e-01 2.257020e+12 1.27077289e-01 8.679137e+02
5.339771e-01 2.848036e+12 1.29263145e-01 9.799658e+02
5.339771e-01 3.593814e+12 1.31134622e-01 1.106484e+03
5.339771e-01 4.534879e+12 1.36255993e-01 1.266307e+03
5.339771e-01 5.722368e+12 1.37331677e-01 1.429794e+03
5.339771e-01 7.220809e+12 1.37871508e-01 1.614388e+03
5.339771e-01 9.111628e+12 1.37793987e-01 1.822813e+03
5.339771e-01 1.149757e+13 1.37014492e-01 2.058148e+03
5.339771e-01 1.450829e+13 1.39152215e-01 2.355431e+03
5.339771e-01 1.830738e+13 1.36648396e-01 2.659529e+03
5.339771e-01 2.310130e+13 1.33172379e-01 3.002888e+03
5.339771e-01 2.915053e+13 1.28658902e-01 3.390576e+03
5.339771e-01 3.678380e+13 1.23062654e-01 3.828316e+03
5.339771e-01 4.641589e+13 1.19549350e-01 4.381286e+03
5.339771e-01 5.857021e+13 1.11561494e-01 4.946932e+03
5.339771e-01 7.390722e+13 1.02534566e-01 5.585606e+03
5.339771e-01 9.326033e+13 9.25956831e-02 6.306737e+03
5.339771e-01 1.176812e+14 8.19360423e-02 7.120968e+03
5.339771e-01 1.484968e+14 7.27497082e-02 8.149535e+03
5.339771e-01 1.873817e+14 6.11732054e-02 9.201681e+03
5.339771e-01 2.364489e+14 4.98222078e-02 1.038967e+04
5.339771e-01 2.983647e+14 3.90927191e-02 1.173102e+04
5.339771e-01 3.764936e+14 3.01682591e-02 1.342548e+04
5.339771e-01 4.750810e+14 2.15316907e-02 1.515877e+04
5.339771e-01 5.994843e+14 1.44702033e-02 1.711585e+04
5.339771e-01 7.564633e+14 9.05860898e-03 1.932559e+04
5.339771e-01 9.545485e+14 5.35844786e-03 2.211702e+04
5.339771e-01 1.204504e+15 2.79456569e-03 2.497244e+04
5.339771e-01 1.519911e+15 1.29504968e-03 2.819651e+04
5.339771e-01 1.917910e+15 5.35060654e-04 3.226926e+04
5.339771e-01 2.420128e+15 1.81649140e-04 3.643539e+04
5.339771e-01 3.053856e+15 5.04517338e-05 4.113939e+04
5.339771e-01 3.853529e+15 1.10411329e-05 4.645069e+04
5.339771e-01 4.862602e+15 1.86181171e-06 5.316012e+04
5.339771e-01 6.135907e+15 2.14274852e-07 6.002336e+04
5.339771e-01 7.742637e+15 1.58205183e-08 6.777268e+04
5.339771e-01 9.770100e+15 6.89381352e-10 7.756190e+04
5.339771e-01 1.232847e+16 1.47576101e-11 8.757554e+04
5.339771e-01 1.555676e+16 1.37666873e-13 9.888199e+04
5.339771e-01 1.963041e+16 4.87018696e-16 1.131647e+05
5.339771e-01 2.477076e+16 5.10841546e-19 1.277748e+05
5.339771e-01 3.125716e+16 1.29471915e-22 1.442712e+05
5.339771e-01 3.944206e+16 6.09125576e-27 1.651100e+05
5.339771e-01 4.977024e+16 3.46429051e-32 1.864266e+05
5.339771e-01 6.280291e+16 1.49878482e-38 2.104952e+05
5.339771e-01 7.924829e+16 2.66365510e-46 2.408995e+05
5.339771e-01 1.000000e+17 7.92854493e-56 2.720009e+05
5.725719e-01 1.261857e+07 2.08493312e-02 1.373078e+00
5.725719e-01 1.592283e+07 2.14880575e-02 1.550350e+00
5.725719e-01 2.009233e+07 2.21503256e-02 1.750508e+00
5.725719e-01 2.535364e+07 2.28371067e-02 1.976507e+00
5.725719e-01 3.199267e+07 2.35494125e-02 2.231685e+00
5.725719e-01 4.037017e+07 2.49525997e-02 2.554033e+00
5.725719e-01 5.094138e+07 2.57401233e-02 2.883772e+00
5.725719e-01 6.428073e+07 2.65572471e-02 3.256082e+00
5.725719e-01 8.111308e+07 2.74051869e-02 3.676459e+00
5.725719e-01 1.023531e+08 2.82852040e-02 4.151108e+00
5.725719e-01 1.291550e+08 2.91986067e-02 4.687038e+00
5.725719e-01 1.629751e+08 3.09712885e-02 5.364042e+00
5.725719e-01 2.056512e+08 3.19824993e-02 6.056568e+00
5.725719e-01 2.595024e+08 3.30323341e-02 6.838501e+00
5.725719e-01 3.274549e+08 3.41223301e-02 7.721387e+00
5.725719e-01 4.132012e+08 3.52540696e-02 8.718257e+00
5.725719e-01 5.214008e+08 3.64291797e-02 9.843829e+00
5.725719e-01 6.579332e+08 3.76493251e-02 1.111472e+01
5.725719e-01 8.302176e+08 3.99805960e-02 1.272015e+01
5.725719e-01 1.047616e+09 4.13319236e-02 1.436238e+01
5.725719e-01 1.321941e+09 4.27348472e-02 1.621664e+01
5.725719e-01 1.668101e+09 4.41911860e-02 1.831029e+01
5.725719e-01 2.104904e+09 4.57027603e-02 2.067425e+01
5.725719e-01 2.656088e+09 4.72713839e-02 2.334340e+01
5.725719e-01 3.351603e+09 5.02362676e-02 2.671516e+01
5.725719e-01 4.229243e+09 5.19704828e-02 3.016423e+01
5.725719e-01 5.336699e+09 5.37686678e-02 3.405858e+01
5.725719e-01 6.734151e+09 5.56324542e-02 3.845572e+01
5.725719e-01 8.497534e+09 5.75633506e-02 4.342055e+01
5.725719e-01 1.072267e+10 5.95627030e-02 4.902636e+01
5.725719e-01 1.353048e+10 6.16316478e-02 5.535592e+01
5.725719e-01 1.707353e+10 6.55152563e-02 6.335163e+01
5.725719e-01 2.154435e+10 6.77861737e-02 7.153065e+01
5.725719e-01 2.718588e+10 7.01302572e-02 8.076563e+01
5.725719e-01 3.430469e+10 7.25472097e-02 9.119288e+01
5.725719e-01 4.328761e+10 7.50361691e-02 1.029663e+02
5.725719e-01 5.462277e+10 7.75955798e-02 1.162598e+02
5.725719e-01 6.892612e+10 8.02230917e-02 1.312696e+02
5.725719e-01 8.697490e+10 8.51832041e-02 1.502304e+02
5.725719e-01 1.097499e+11 8.80111849e-02 1.696259e+02
5.725719e-01 1.384886e+11 9.08953436e-02 1.915255e+02
5.725719e-01 1.747528e+11 9.38282680e-02 2.162524e+02
5.725719e-01 2.205131e+11 9.68007735e-02 2.441717e+02
5.725719e-01 2.782559e+11 9.98016228e-02 2.756955e+02
5.725719e-01 3.511192e+11 1.05629363e-01 3.155175e+02
5.725719e-01 4.430621e+11 1.08725920e-01 3.562524e+02
5.725719e-01 5.590810e+11 1.11801136e-01 4.022464e+02
5.725719e-01 7.054802e+11 1.14831706e-01 4.541785e+02
5.725719e-01 8.902151e+11 1.17790414e-01 5.128153e+02
5.725719e-01 1.123324e+12 1.20645704e-01 5.790223e+02
5.725719e-01 1.417474e+12 1.26735282e-01 6.626574e+02
5.725719e-01 1.788650e+12 1.29338920e-01 7.482099e+02
5.725719e-01 2.257020e+12 1.31708052e-01 8.448076e+02
5.725719e-01 2.848036e+12 1.33788375e-01 9.538766e+02
5.725719e-01 3.593814e+12 1.35519444e-01 1.077027e+03
5.725719e-01 4.534879e+12 1.36834700e-01 1.216077e+03
5.725719e-01 5.722368e+12 1.41426948e-01 1.391729e+03
5.725719e-01 7.220809e+12 1.41695571e-01 1.571408e+03
5.725719e-01 9.111628e+12 1.41299517e-01 1.774285e+03
5.725719e-01 1.149757e+13 1.40153083e-01 2.003355e+03
5.725719e-01 1.450829e+13 1.38171174e-01 2.261998e+03
5.725719e-01 1.830738e+13 1.38972844e-01 2.588725e+03
5.725719e-01 2.310130e+13 1.34980590e-01 2.922943e+03
5.725719e-01 2.915053e+13 1.29915701e-01 3.300310e+03
5.725719e-01 3.678380e+13 1.23743677e-01 3.726396e+03
5.725719e-01 4.641589e+13 1.19647353e-01 4.264644e+03
5.725719e-01 5.857021e+13 1.11066536e-01 4.815232e+03
5.725719e-01 7.390722e+13 1.01477766e-01 5.436903e+03
5.725719e-01 9.326033e+13 9.10333674e-02 6.138835e+03
5.725719e-01 1.176812e+14 7.99509577e-02 6.931390e+03
5.725719e-01 1.484968e+14 7.03869292e-02 7.932573e+03
5.725719e-01 1.873817e+14 5.86193734e-02 8.956708e+03
5.725719e-01 2.364489e+14 4.72227426e-02 1.011307e+04
5.725719e-01 2.983647e+14 3.65939623e-02 1.141871e+04
5.725719e-01 3.764936e+14 2.78404973e-02 1.306805e+04
5.725719e-01 4.750810e+14 1.95486203e-02 1.475521e+04
5.725719e-01 5.994843e+14 1.28933956e-02 1.666018e+04
5.725719e-01 7.564633e+14 7.89892866e-03 1.881109e+04
5.725719e-01 9.545485e+14 4.55720075e-03 2.152820e+04
5.725719e-01 1.204504e+15 2.30884921e-03 2.430761e+04
5.725719e-01 1.519911e+15 1.03450107e-03 2.744584e+04
5.725719e-01 1.917910e+15 3.99981885e-04 3.098924e+04
5.725719e-01 2.420128e+15 1.33226553e-04 3.546539e+04
5.725719e-01 3.053856e+15 3.50578057e-05 4.004415e+04
5.725719e-01 3.853529e+15 7.20031932e-06 4.521405e+04
5.725719e-01 4.862602e+15 1.12641700e-06 5.174486e+04
5.725719e-01 6.135907e+15 1.18572248e-07 5.842538e+04
5.725719e-01 7.742637e+15 7.86673180e-09 6.596840e+04
5.725719e-01 9.770100e+15 2.93318186e-10 7.448526e+04
5.725719e-01 1.232847e+16 5.51989495e-12 8.524405e+04
5.725719e-01 1.555676e+16 4.26453520e-14 9.624949e+04
5.725719e-01 1.963041e+16 1.16943563e-16 1.086758e+05
5.725719e-01 2.477076e+16 9.57678447e-20 1.243731e+05
5.725719e-01 3.125716e+16 1.74411008e-23 1.404303e+05
5.725719e-01 3.944206e+16 5.36435356e-28 1.585606e+05
5.725719e-01 4.977024e+16 1.93857909e-33 1.814634e+05
5.725719e-01 6.280291e+16 4.68524898e-40 2.048913e+05
5.725719e-01 7.924829e+16 3.98679914e-48 2.313438e+05
5.725719e-01 1.000000e+17 5.10766546e-58 2.647595e+05
6.139563e-01 1.261857e+07 2.13951623e-02 1.318612e+00
6.139563e-01 1.592283e+07 2.20498519e-02 1.488852e+00
6.139563e-01 2.009233e+07 2.27285989e-02 1.681071e+00
6.139563e-01 2.535364e+07 2.34323885e-02 1.898105e+00
6.139563e-01 3.199267e+07 2.41622466e-02 2.143160e+00
6.139563e-01 4.037017e+07 2.56008006e-02 2.452723e+00
6.139563e-01 5.094138e+07 2.64075162e-02 2.769382e+00
6.139563e-01 6.428073e+07 2.72444319e-02 3.126923e+00
6.139563e-01 8.111308e+07 2.81127760e-02 3.530625e+00
6.139563e-01 1.023531e+08 2.90138215e-02 3.986446e+00
6.139563e-01 1.291550e+08 3.07680120e-02 4.562256e+00
6.139563e-01 1.629751e+08 3.17650059e-02 5.151267e+00
6.139563e-01 2.056512e+08 3.27998016e-02 5.816322e+00
6.139563e-01 2.595024e+08 3.38738954e-02 6.567239e+00
6.139563e-01 3.274549e+08 3.49888271e-02 7.415103e+00
6.139563e-01 4.132012e+08 3.61461790e-02 8.372431e+00
6.139563e-01 5.214008e+08 3.73475743e-02 9.453354e+00
6.139563e-01 6.579332e+08 3.96502637e-02 1.081881e+01
6.139563e-01 8.302176e+08 4.09801536e-02 1.221558e+01
6.139563e-01 1.047616e+09 4.23604888e-02 1.379267e+01
6.139563e-01 1.321941e+09 4.37930446e-02 1.557338e+01
6.139563e-01 1.668101e+09 4.52796061e-02 1.758398e+01
6.139563e-01 2.104904e+09 4.68219502e-02 1.985416e+01
6.139563e-01 2.656088e+09 4.97462114e-02 2.272193e+01
6.139563e-01 3.351603e+09 5.14507434e-02 2.565545e+01
6.139563e-01 4.229243e+09 5.32178718e-02 2.896770e+01
6.139563e-01 5.336699e+09 5.50492272e-02 3.270758e+01
6.139563e-01 6.734151e+09 5.69463231e-02 3.693030e+01
6.139563e-01 8.497534e+09 5.89105285e-02 4.169819e+01
6.139563e-01 1.072267e+10 6.09430250e-02 4.708164e+01
6.139563e-01 1.353048e+10 6.47690794e-02 5.388220e+01
6.139563e-01 1.707353e+10 6.70001015e-02 6.083867e+01
6.139563e-01 2.154435e+10 6.93032412e-02 6.869325e+01
6.139563e-01 2.718588e+10 7.16783739e-02 7.756190e+01
6.139563e-01 3.430469e+10 7.41248467e-02 8.757554e+01
6.139563e-01 4.328761e+10 7.66413893e-02 9.888199e+01
6.139563e-01 5.462277e+10 8.13928702e-02 1.131647e+02
6.139563e-01 6.892612e+10 8.41150966e-02 1.277748e+02
6.139563e-01 8.697490e+10 8.69002564e-02 1.442712e+02
6.139563e-01 1.097499e+11 8.97431037e-02 1.628974e+02
6.139563e-01 1.384886e+11 9.26369900e-02 1.839282e+02
6.139563e-01 1.747528e+11 9.55736096e-02 2.076743e+02
6.139563e-01 2.205131e+11 9.85427777e-02 2.344861e+02
6.139563e-01 2.782559e+11 1.04309126e-01 2.683558e+02
6.139563e-01 3.511192e+11 1.07385781e-01 3.030019e+02
6.139563e-01 4.430621e+11 1.10449871e-01 3.421210e+02
6.139563e-01 5.590810e+11 1.13480063e-01 3.862905e+02
6.139563e-01 7.054802e+11 1.16451399e-01 4.361626e+02
6.139563e-01 8.902151e+11 1.19334887e-01 4.924734e+02
6.139563e-01 1.123324e+12 1.25436543e-01 5.636072e+02
6.139563e-01 1.417474e+12 1.28110372e-01 6.363718e+02
6.139563e-01 1.788650e+12 1.30575589e-01 7.185307e+02
6.139563e-01 2.257020e+12 1.32781827e-01 8.112967e+02
6.139563e-01 2.848036e+12 1.34672821e-01 9.160392e+02
6.139563e-01 3.593814e+12 1.39911154e-01 1.048354e+03
6.139563e-01 4.534879e+12 1.41008427e-01 1.183701e+03
6.139563e-01 5.722368e+12 1.41572722e-01 1.336523e+03
6.139563e-01 7.220809e+12 1.41524194e-01 1.509075e+03
6.139563e-01 9.111628e+12 1.40779958e-01 1.703905e+03
6.139563e-01 1.149757e+13 1.43065062e-01 1.950020e+03
6.139563e-01 1.450829e+13 1.40615257e-01 2.201778e+03
6.139563e-01 1.830738e+13 1.37203747e-01 2.486038e+03
6.139563e-01 2.310130e+13 1.32765149e-01 2.806999e+03
6.139563e-01 2.915053e+13 1.27252552e-01 3.169396e+03
6.139563e-01 3.678380e+13 1.23945042e-01 3.627190e+03
6.139563e-01 4.641589e+13 1.16047181e-01 4.095479e+03
6.139563e-01 5.857021e+13 1.07099379e-01 4.624226e+03
6.139563e-01 7.390722e+13 9.72156182e-02 5.221237e+03
6.139563e-01 9.326033e+13 8.65707113e-02 5.895326e+03
6.139563e-01 1.176812e+14 7.74655822e-02 6.746858e+03
6.139563e-01 1.484968e+14 6.57632023e-02 7.617912e+03
6.139563e-01 1.873817e+14 5.41891282e-02 8.601423e+03
6.139563e-01 2.364489e+14 4.31292224e-02 9.711911e+03
6.139563e-01 2.983647e+14 3.38661368e-02 1.111472e+04
6.139563e-01 3.764936e+14 2.46875817e-02 1.254968e+04
6.139563e-01 4.750810e+14 1.70249335e-02 1.416991e+04
6.139563e-01 5.994843e+14 1.09985961e-02 1.599932e+04
6.139563e-01 7.564633e+14 6.75907075e-03 1.831029e+04
6.139563e-01 9.545485e+14 3.69244335e-03 2.067425e+04
6.139563e-01 1.204504e+15 1.81182159e-03 2.334340e+04
6.139563e-01 1.519911e+15 7.82133200e-04 2.635715e+04
6.139563e-01 1.917910e+15 2.97461320e-04 3.016423e+04
6.139563e-01 2.420128e+15 9.16577554e-05 3.405858e+04
6.139563e-01 3.053856e+15 2.27226490e-05 3.845572e+04
6.139563e-01 3.853529e+15 4.35079711e-06 4.342055e+04
6.139563e-01 4.862602e+15 6.26514863e-07 4.969230e+04
6.139563e-01 6.135907e+15 5.97595270e-08 5.610783e+04
6.139563e-01 7.742637e+15 3.52305557e-09 6.335163e+04
6.139563e-01 9.770100e+15 1.17043924e-10 7.250226e+04
6.139563e-01 1.232847e+16 1.80490758e-12 8.186268e+04
6.139563e-01 1.555676e+16 1.13228368e-14 9.243157e+04
6.139563e-01 1.963041e+16 2.48048714e-17 1.057826e+05
6.139563e-01 2.477076e+16 1.46005965e-20 1.194396e+05
6.139563e-01 3.125716e+16 1.84573840e-24 1.348599e+05
6.139563e-01 3.944206e+16 3.75729194e-29 1.543393e+05
6.139563e-01 4.977024e+16 7.77372552e-35 1.742653e+05
6.139563e-01 6.280291e+16 9.87514507e-42 1.967639e+05
6.139563e-01 7.924829e+16 3.94262872e-50 2.251848e+05
6.139563e-01 1.000000e+17 1.88059890e-60 2.542573e+05
6.583319e-01 1.261857e+07 2.13926831e-02 1.249337e+00
6.583319e-01 1.592283e+07 2.20464342e-02 1.410633e+00
6.583319e-01 2.009233e+07 2.27241264e-02 1.592753e+00
6.583319e-01 2.535364e+07 2.34267327e-02 1.798386e+00
6.583319e-01 3.199267e+07 2.48159297e-02 2.058148e+00
6.583319e-01 4.037017e+07 2.55921029e-02 2.323865e+00
6.583319e-01 5.094138e+07 2.63971137e-02 2.623888e+00
6.583319e-01 6.428073e+07 2.72321251e-02 2.962645e+00
6.583319e-01 8.111308e+07 2.80983439e-02 3.345138e+00
6.583319e-01 1.023531e+08 2.97901096e-02 3.828316e+00
6.583319e-01 1.291550e+08 3.07480354e-02 4.322572e+00
6.583319e-01 1.629751e+08 3.17420053e-02 4.880638e+00
6.583319e-01 2.056512e+08 3.27734338e-02 5.510753e+00
6.583319e-01 2.595024e+08 3.38437797e-02 6.222219e+00
6.583319e-01 3.274549e+08 3.49545412e-02 7.025540e+00
6.583319e-01 4.132012e+08 3.70948153e-02 8.040322e+00
6.583319e-01 5.214008e+08 3.83237698e-02 9.078369e+00
6.583319e-01 6.579332e+08 3.95990811e-02 1.025043e+01
6.583319e-01 8.302176e+08 4.09224194e-02 1.157382e+01
6.583319e-01 1.047616e+09 4.22954715e-02 1.306805e+01
6.583319e-01 1.321941e+09 4.37199317e-02 1.475521e+01
6.583319e-01 1.668101e+09 4.64336813e-02 1.688648e+01
6.583319e-01 2.104904e+09 4.80079349e-02 1.906661e+01
6.583319e-01 2.656088e+09 4.96401595e-02 2.152820e+01
6.583319e-01 3.351603e+09 5.13319979e-02 2.430761e+01
6.583319e-01 4.229243e+09 5.30850168e-02 2.744584e+01
6.583319e-01 5.336699e+09 5.49006884e-02 3.098924e+01
6.583319e-01 6.734151e+09 5.67803497e-02 3.499011e+01
6.583319e-01 8.497534e+09 6.03313519e-02 4.004415e+01
6.583319e-01 1.072267e+10 6.23973021e-02 4.521405e+01
6.583319e-01 1.353048e+10 6.45319070e-02 5.105142e+01
6.583319e-01 1.707353e+10 6.67355671e-02 5.764242e+01
6.583319e-01 2.154435e+10 6.90082859e-02 6.508435e+01
6.583319e-01 2.718588e+10 7.13495981e-02 7.348707e+01
6.583319e-01 3.430469e+10 7.57758239e-02 8.410168e+01
6.583319e-01 4.328761e+10 7.83182601e-02 9.495964e+01
6.583319e-01 5.462277e+10 8.09258213e-02 1.072194e+02
6.583319e-01 6.892612e+10 8.35950243e-02 1.210620e+02
6.583319e-01 8.697490e+10 8.63212833e-02 1.366917e+02
6.583319e-01 1.097499e+11 8.90987249e-02 1.543393e+02
6.583319e-01 1.384886e+11 9.44340990e-02 1.766324e+02
6.583319e-01 1.747528e+11 9.73683063e-02 1.994365e+02
6.583319e-01 2.205131e+11 1.00326977e-01 2.251848e+02
6.583319e-01 2.782559e+11 1.03296535e-01 2.542573e+02
6.583319e-01 3.511192e+11 1.06260816e-01 2.870832e+02
6.583319e-01 4.430621e+11 1.09200730e-01 3.241471e+02
6.583319e-01 5.590810e+11 1.15159764e-01 3.709676e+02
6.583319e-01 7.054802e+11 1.18057329e-01 4.188614e+02
6.583319e-01 8.902151e+11 1.20849272e-01 4.729385e+02
6.583319e-01 1.123324e+12 1.23500181e-01 5.339973e+02
6.583319e-01 1.417474e+12 1.25969738e-01 6.029391e+02
6.583319e-01 1.788650e+12 1.28212398e-01 6.807816e+02
6.583319e-01 2.257020e+12 1.33737585e-01 7.791150e+02
6.583319e-01 2.848036e+12 1.35412381e-01 8.797027e+02
6.583319e-01 3.593814e+12 1.36679638e-01 9.932768e+02
6.583319e-01 4.534879e+12 1.37470139e-01 1.121514e+03
6.583319e-01 5.722368e+12 1.37709969e-01 1.266307e+03
6.583319e-01 7.220809e+12 1.41077512e-01 1.449215e+03
6.583319e-01 9.111628e+12 1.39951798e-01 1.636316e+03
6.583319e-01 1.149757e+13 1.38018482e-01 1.847573e+03
6.583319e-01 1.450829e+13 1.35200820e-01 2.086104e+03
6.583319e-01 1.830738e+13 1.31430595e-01 2.355431e+03
6.583319e-01 2.310130e+13 1.30117774e-01 2.695653e+03
6.583319e-01 2.915053e+13 1.24141819e-01 3.043676e+03
6.583319e-01 3.678380e+13 1.17092554e-01 3.436630e+03
6.583319e-01 4.641589e+13 1.09002960e-01 3.880317e+03
6.583319e-01 5.857021e+13 9.99524670e-02 4.381286e+03
6.583319e-01 7.390722e+13 9.25380782e-02 5.014127e+03
6.583319e-01 9.326033e+13 8.17373594e-02 5.661476e+03
6.583319e-01 1.176812e+14 7.05427250e-02 6.392402e+03
6.583319e-01 1.484968e+14 5.92676348e-02 7.217694e+03
6.583319e-01 1.873817e+14 4.95854846e-02 8.260231e+03
6.583319e-01 2.364489e+14 3.89408652e-02 9.326669e+03
6.583319e-01 2.983647e+14 2.93131496e-02 1.053079e+04
6.583319e-01 3.764936e+14 2.09997285e-02 1.189037e+04
6.583319e-01 4.750810e+14 1.41957059e-02 1.342548e+04
6.583319e-01 5.994843e+14 9.20816905e-03 1.536468e+04
6.583319e-01 7.564633e+14 5.36456254e-03 1.734834e+04
6.583319e-01 9.545485e+14 2.84253456e-03 1.958809e+04
6.583319e-01 1.204504e+15 1.34628831e-03 2.211702e+04
6.583319e-01 1.519911e+15 5.72977749e-04 2.531164e+04
6.583319e-01 1.917910e+15 2.02157280e-04 2.857950e+04
6.583319e-01 2.420128e+15 5.88835058e-05 3.226926e+04
6.583319e-01 3.053856e+15 1.40395430e-05 3.693030e+04
6.583319e-01 3.853529e+15 2.48758901e-06 4.169819e+04
6.583319e-01 4.862602e+15 3.18145065e-07 4.708164e+04
6.583319e-01 6.135907e+15 2.72118514e-08 5.316012e+04
6.583319e-01 7.742637e+15 1.44629347e-09 6.083867e+04
6.583319e-01 9.770100e+15 3.99561633e-11 6.869325e+04
6.583319e-01 1.232847e+16 5.09335922e-13 7.756190e+04
6.583319e-01 1.555676e+16 2.60738190e-15 8.876509e+04
6.583319e-01 1.963041e+16 4.20975982e-18 1.002251e+05
6.583319e-01 2.477076e+16 1.77196192e-21 1.131647e+05
6.583319e-01 3.125716e+16 1.49592415e-25 1.277748e+05
6.583319e-01 3.944206e+16 1.87256326e-30 1.462309e+05
6.583319e-01 4.977024e+16 2.15422643e-36 1.651100e+05
6.583319e-01 6.280291e+16 1.34367206e-43 1.864266e+05
6.583319e-01 7.924829e+16 2.25490471e-52 2.133544e+05
6.583319e-01 1.000000e+17 3.71601428e-63 2.408995e+05
7.059148e-01 1.261857e+07 2.02862603e-02 1.152188e+00
7.059148e-01 1.592283e+07 2.14770432e-02 1.318612e+00
7.059148e-01 2.009233e+07 2.21361809e-02 1.488852e+00
7.059148e-01 2.535364e+07 2.28194523e-02 1.681071e+00
7.059148e-01 3.199267e+07 2.35278282e-02 1.898105e+00
7.059148e-01 4.037017e+07 2.49259095e-02 2.172271e+00
7.059148e-01 5.094138e+07 2.57083876e-02 2.452723e+00
7.059148e-01 6.428073e+07 2.65198787e-02 2.769382e+00
7.059148e-01 8.111308e+07 2.73615351e-02 3.126923e+00
7.059148e-01 1.023531e+08 2.82345477e-02 3.530625e+00
7.059148e-01 1.291550e+08 2.99371520e-02 4.040595e+00
7.059148e-01 1.629751e+08 3.09023020e-02 4.562256e+00
7.059148e-01 2.056512e+08 3.19035759e-02 5.151267e+00
7.059148e-01 2.595024e+08 3.29423545e-02 5.816322e+00
7.059148e-01 3.274549e+08 3.40200527e-02 6.567239e+00
7.059148e-01 4.132012e+08 3.60991716e-02 7.515823e+00
7.059148e-01 5.214008e+08 3.72908025e-02 8.486155e+00
7.059148e-01 6.579332e+08 3.85269574e-02 9.581761e+00
7.059148e-01 8.302176e+08 3.98091932e-02 1.081881e+01
7.059148e-01 1.047616e+09 4.11390750e-02 1.221558e+01
7.059148e-01 1.321941e+09 4.25181665e-02 1.379267e+01
7.059148e-01 1.668101e+09 4.51500344e-02 1.578491e+01
7.059148e-01 2.104904e+09 4.66727177e-02 1.782283e+01
7.059148e-01 2.656088e+09 4.82506476e-02 2.012384e+01
7.059148e-01 3.351603e+09 4.98852875e-02 2.272193e+01
7.059148e-01 4.229243e+09 5.15780116e-02 2.565545e+01
7.059148e-01 5.336699e+09 5.33300848e-02 2.896770e+01
7.059148e-01 6.734151e+09 5.66508144e-02 3.315185e+01
7.059148e-01 8.497534e+09 5.85760010e-02 3.743193e+01
7.059148e-01 1.072267e+10 6.05649886e-02 4.226458e+01
7.059148e-01 1.353048e+10 6.26182141e-02 4.772115e+01
7.059148e-01 1.707353e+10 6.47357735e-02 5.388220e+01
7.059148e-01 2.154435e+10 6.69173446e-02 6.083867e+01
7.059148e-01 2.718588e+10 7.10537500e-02 6.962632e+01
7.059148e-01 3.430469e+10 7.34233994e-02 7.861543e+01
7.059148e-01 4.328761e+10 7.58543922e-02 8.876509e+01
7.059148e-01 5.462277e+10 7.83437448e-02 1.002251e+02
7.059148e-01 6.892612e+10 8.08875169e-02 1.131647e+02
7.059148e-01 8.697490e+10 8.34806418e-02 1.277748e+02
7.059148e-01 1.097499e+11 8.84721027e-02 1.462309e+02
7.059148e-01 1.384886e+11 9.12163866e-02 1.651100e+02
7.059148e-01 1.747528e+11 9.39869058e-02 1.864266e+02
7.059148e-01 2.205131e+11 9.67718131e-02 2.104952e+02
7.059148e-01 2.782559e+11 9.95569769e-02 2.376712e+02
7.059148e-01 3.511192e+11 1.02325689e-01 2.683558e+02
7.059148e-01 4.430621e+11 1.07931778e-01 3.071176e+02
7.059148e-01 5.590810e+11 1.10678694e-01 3.467680e+02
7.059148e-01 7.054802e+11 1.13338010e-01 3.915376e+02
7.059148e-01 8.902151e+11 1.15878586e-01 4.420871e+02
7.059148e-01 1.123324e+12 1.18264920e-01 4.991628e+02
7.059148e-01 1.417474e+12 1.23751422e-01 5.712628e+02
7.059148e-01 1.788650e+12 1.25757215e-01 6.450157e+02
7.059148e-01 2.257020e+12 1.27465381e-01 7.282906e+02
7.059148e-01 2.848036e+12 1.28819128e-01 8.223166e+02
7.059148e-01 3.593814e+12 1.29756623e-01 9.284819e+02
7.059148e-01 4.534879e+12 1.30211463e-01 1.048354e+03
7.059148e-01 5.722368e+12 1.33672225e-01 1.199780e+03
7.059148e-01 7.220809e+12 1.32929192e-01 1.354678e+03
7.059148e-01 9.111628e+12 1.31468751e-01 1.529573e+03
7.059148e-01 1.149757e+13 1.29218140e-01 1.727049e+03
7.059148e-01 1.450829e+13 1.26110431e-01 1.950020e+03
7.059148e-01 1.830738e+13 1.25428325e-01 2.231685e+03
7.059148e-01 2.310130e+13 1.20316737e-01 2.519806e+03
7.059148e-01 2.915053e+13 1.14206390e-01 2.845126e+03
7.059148e-01 3.678380e+13 1.07109453e-01 3.212447e+03
7.059148e-01 4.641589e+13 9.90765885e-02 3.627190e+03
7.059148e-01 5.857021e+13 9.26715213e-02 4.151108e+03
7.059148e-01 7.390722e+13 8.28466893e-02 4.687038e+03
7.059148e-01 9.326033e+13 7.25203284e-02 5.292158e+03
7.059148e-01 1.176812e+14 6.19547676e-02 5.975403e+03
7.059148e-01 1.484968e+14 5.28645955e-02 6.838501e+03
7.059148e-01 1.873817e+14 4.24934943e-02 7.721387e+03
7.059148e-01 2.364489e+14 3.28806658e-02 8.718257e+03
7.059148e-01 2.983647e+14 2.43370446e-02 9.843829e+03
7.059148e-01 3.764936e+14 1.71019242e-02 1.111472e+04
7.059148e-01 4.750810e+14 1.16175094e-02 1.272015e+04
7.059148e-01 5.994843e+14 7.15134155e-03 1.436238e+04
7.059148e-01 7.564633e+14 4.04620058e-03 1.621664e+04
7.059148e-01 9.545485e+14 2.07272146e-03 1.831029e+04
7.059148e-01 1.204504e+15 9.69781175e-04 2.095507e+04
7.059148e-01 1.519911e+15 3.83841422e-04 2.366047e+04
7.059148e-01 1.917910e+15 1.28405813e-04 2.671516e+04
7.059148e-01 2.420128e+15 3.51426286e-05 3.016423e+04
7.059148e-01 3.053856e+15 7.78883571e-06 3.452120e+04
7.059148e-01 3.853529e+15 1.26649280e-06 3.897807e+04
7.059148e-01 4.862602e+15 1.46347687e-07 4.401034e+04
7.059148e-01 6.135907e+15 1.13977740e-08 5.036727e+04
7.059148e-01 7.742637e+15 5.10253847e-10 5.686995e+04
7.059148e-01 9.770100e+15 1.18413605e-11 6.421215e+04
7.059148e-01 1.232847e+16 1.22257511e-13 7.250226e+04
7.059148e-01 1.555676e+16 4.84997218e-16 8.297463e+04
7.059148e-01 1.963041e+16 5.75487941e-19 9.368708e+04
7.059148e-01 2.477076e+16 1.67105871e-22 1.057826e+05
7.059148e-01 3.125716e+16 9.26901614e-27 1.210620e+05
7.059148e-01 3.944206e+16 6.59230726e-32 1.366917e+05
7.059148e-01 4.977024e+16 3.95988400e-38 1.543393e+05
7.059148e-01 6.280291e+16 1.15449999e-45 1.766324e+05
7.059148e-01 7.924829e+16 7.22395266e-55 1.994365e+05
7.059148e-01 1.000000e+17 3.67039354e-66 2.251848e+05
7.569370e-01 1.261857e+07 1.87422571e-02 1.048354e+00
7.569370e-01 1.592283e+07 1.98414010e-02 1.199780e+00
7.569370e-01 2.009233e+07 2.04492342e-02 1.354678e+00
7.569370e-01 2.535364e+07 2.10792210e-02 1.529573e+00
7.569370e-01 3.199267e+07 2.17322427e-02 1.727049e+00
7.569370e-01 4.037017e+07 2.30221226e-02 1.976507e+00
7.569370e-01 5.094138e+07 2.37431860e-02 2.231685e+00
7.569370e-01 6.428073e+07 2.44908323e-02 2.519806e+00
7.569370e-01 8.111308e+07 2.52661020e-02 2.845126e+00
7.569370e-01 1.023531e+08 2.60700689e-02 3.212447e+00
7.569370e-01 1.291550e+08 2.76396806e-02 3.676459e+00
7.569370e-01 1.629751e+08 2.85280470e-02 4.151108e+00
7.569370e-01 2.056512e+08 2.94494068e-02 4.687038e+00
7.569370e-01 2.595024e+08 3.04049943e-02 5.292158e+00
7.569370e-01 3.274549e+08 3.22547776e-02 6.056568e+00
7.569370e-01 4.132012e+08 3.33107411e-02 6.838501e+00
7.569370e-01 5.214008e+08 3.44058278e-02 7.721387e+00
7.569370e-01 6.579332e+08 3.55413934e-02 8.718257e+00
7.569370e-01 8.302176e+08 3.67188044e-02 9.843829e+00
7.569370e-01 1.047616e+09 3.89770995e-02 1.126569e+01
7.569370e-01 1.321941e+09 4.02768936e-02 1.272015e+01
7.569370e-01 1.668101e+09 4.16238485e-02 1.436238e+01
7.569370e-01 2.104904e+09 4.30192996e-02 1.621664e+01
7.569370e-01 2.656088e+09 4.44645323e-02 1.831029e+01
7.569370e-01 3.351603e+09 4.59607594e-02 2.067425e+01
7.569370e-01 4.229243e+09 4.88085067e-02 2.366047e+01
7.569370e-01 5.336699e+09 5.04537510e-02 2.671516e+01
7.569370e-01 6.734151e+09 5.21544164e-02 3.016423e+01
7.569370e-01 8.497534e+09 5.39111713e-02 3.405858e+01
7.569370e-01 1.072267e+10 5.57244449e-02 3.845572e+01
7.569370e-01 1.353048e+10 5.91696242e-02 4.401034e+01
7.569370e-01 1.707353e+10 6.11486891e-02 4.969230e+01
7.569370e-01 2.154435e+10 6.31851042e-02 5.610783e+01
7.569370e-01 2.718588e+10 6.52777254e-02 6.335163e+01
7.569370e-01 3.430469e+10 6.74248118e-02 7.153065e+01
7.569370e-01 4.328761e+10 6.96239345e-02 8.076563e+01
7.569370e-01 5.462277e+10 7.38375923e-02 9.243157e+01
7.569370e-01 6.892612e+10 7.61928045e-02 1.043650e+02
7.569370e-01 8.697490e+10 7.85884225e-02 1.178390e+02
7.569370e-01 1.097499e+11 8.10177337e-02 1.330526e+02
7.569370e-01 1.384886e+11 8.34725673e-02 1.502304e+02
7.569370e-01 1.747528e+11 8.59430559e-02 1.696259e+02
7.569370e-01 2.205131e+11 9.08357161e-02 1.941270e+02
7.569370e-01 2.782559e+11 9.33674521e-02 2.191898e+02
7.569370e-01 3.511192e+11 9.58720747e-02 2.474883e+02
7.569370e-01 4.430621e+11 9.83300095e-02 2.794403e+02
7.569370e-01 5.590810e+11 1.00718603e-01 3.155175e+02
7.569370e-01 7.054802e+11 1.05829274e-01 3.610914e+02
7.569370e-01 8.902151e+11 1.08056704e-01 4.077102e+02
7.569370e-01 1.123324e+12 1.10121036e-01 4.603477e+02
7.569370e-01 1.417474e+12 1.11983382e-01 5.197809e+02
7.569370e-01 1.788650e+12 1.13600387e-01 5.868873e+02
7.569370e-01 2.257020e+12 1.14924170e-01 6.626574e+02
7.569370e-01 2.848036e+12 1.19072443e-01 7.583729e+02
7.569370e-01 3.593814e+12 1.19664504e-01 8.562827e+02
7.569370e-01 4.534879e+12 1.19782039e-01 9.668332e+02
7.569370e-01 5.722368e+12 1.19360845e-01 1.091656e+03
7.569370e-01 7.220809e+12 1.18335580e-01 1.232595e+03
7.569370e-01 9.111628e+12 1.19832054e-01 1.410633e+03
7.569370e-01 1.149757e+13 1.17342750e-01 1.592753e+03
7.569370e-01 1.450829e+13 1.14049221e-01 1.798386e+03
7.569370e-01 1.830738e+13 1.09908378e-01 2.030566e+03
7.569370e-01 2.310130e+13 1.04894437e-01 2.292723e+03
7.569370e-01 2.915053e+13 1.01712917e-01 2.623888e+03
7.569370e-01 3.678380e+13 9.47915287e-02 2.962645e+03
7.569370e-01 4.641589e+13 8.70653033e-02 3.345138e+03
7.569370e-01 5.857021e+13 7.86438686e-02 3.777013e+03
7.569370e-01 7.390722e+13 6.96843215e-02 4.264644e+03
7.569370e-01 9.326033e+13 6.20434974e-02 4.880638e+03
7.569370e-01 1.176812e+14 5.24099306e-02 5.510753e+03
7.569370e-01 1.484968e+14 4.29781258e-02 6.222219e+03
7.569370e-01 1.873817e+14 3.40508847e-02 7.025540e+03
7.569370e-01 2.364489e+14 2.66276457e-02 8.040322e+03
7.569370e-01 2.983647e+14 1.93434283e-02 9.078369e+03
7.569370e-01 3.764936e+14 1.33053525e-02 1.025043e+04
7.569370e-01 4.750810e+14 8.58497957e-03 1.157382e+04
7.569370e-01 5.994843e+14 5.27851918e-03 1.324556e+04
7.569370e-01 7.564633e+14 2.89128950e-03 1.495563e+04
7.569370e-01 9.545485e+14 1.42663754e-03 1.688648e+04
7.569370e-01 1.204504e+15 6.22102819e-04 1.906661e+04
7.569370e-01 1.519911e+15 2.40495557e-04 2.182063e+04
7.569370e-01 1.917910e+15 7.58424873e-05 2.463778e+04
7.569370e-01 2.420128e+15 1.93719007e-05 2.781864e+04
7.569370e-01 3.053856e+15 3.85416063e-06 3.141017e+04
7.569370e-01 3.853529e+15 5.85380280e-07 3.594712e+04
7.569370e-01 4.862602e+15 6.04475998e-08 4.058807e+04
7.569370e-01 6.135907e+15 4.00860072e-09 4.582820e+04
7.569370e-01 7.742637e+15 1.52874373e-10 5.174486e+04
7.569370e-01 9.770100e+15 3.00433008e-12 5.921898e+04
7.569370e-01 1.232847e+16 2.45555514e-14 6.686446e+04
7.569370e-01 1.555676e+16 7.14747685e-17 7.549700e+04
7.569370e-01 1.963041e+16 6.19316506e-20 8.640193e+04
7.569370e-01 2.477076e+16 1.19164635e-23 9.755686e+04
7.569370e-01 3.125716e+16 3.92007730e-28 1.101519e+05
7.569370e-01 3.944206e+16 1.53514820e-33 1.243731e+05
7.569370e-01 4.977024e+16 4.61014030e-40 1.423378e+05
7.569370e-01 6.280291e+16 5.46545406e-48 1.607144e+05
7.569370e-01 7.924829e+16 1.18059656e-57 1.814634e+05
7.569370e-01 1.000000e+17 1.67246873e-69 2.076743e+05
8.116469e-01 1.261857e+07 1.59831637e-02 9.160392e-01
8.116469e-01 1.592283e+07 1.64690779e-02 1.034305e+00
8.116469e-01 2.009233e+07 1.74367681e-02 1.183701e+00
8.116469e-01 2.535364e+07 1.79727709e-02 1.336523e+00
8.116469e-01 3.199267e+07 1.85282652e-02 1.509075e+00
8.116469e-01 4.037017e+07 1.91040140e-02 1.703905e+00
8.116469e-01 5.094138e+07 2.02396392e-02 1.950020e+00
8.116469e-01 6.428073e+07 2.08752120e-02 2.201778e+00
8.116469e-01 8.111308e+07 2.15341062e-02 2.486038e+00
8.116469e-01 1.023531e+08 2.28248702e-02 2.845126e+00
8.116469e-01 1.291550e+08 2.35524751e-02 3.212447e+00
8.116469e-01 1.629751e+08 2.43068627e-02 3.627190e+00
8.116469e-01 2.056512e+08 2.50890229e-02 4.095479e+00
8.116469e-01 2.595024e+08 2.66083533e-02 4.687038e+00
8.116469e-01 3.274549e+08 2.74721135e-02 5.292158e+00
8.116469e-01 4.132012e+08 2.83675840e-02 5.975403e+00
8.116469e-01 5.214008e+08 2.92958552e-02 6.746858e+00
8.116469e-01 6.579332e+08 3.02580223e-02 7.617912e+00
8.116469e-01 8.302176e+08 3.21100359e-02 8.718257e+00
8.116469e-01 1.047616e+09 3.31715395e-02 9.843829e+00
8.116469e-01 1.321941e+09 3.42712155e-02 1.111472e+01
8.116469e-01 1.668101e+09 3.54101406e-02 1.254968e+01
8.116469e-01 2.104904e+09 3.75900945e-02 1.436238e+01
8.116469e-01 2.656088e+09 3.88439433e-02 1.621664e+01
8.116469e-01 3.351603e+09 4.01411102e-02 1.831029e+01
8.116469e-01 4.229243e+09 4.14824239e-02 2.067425e+01
8.116469e-01 5.336699e+09 4.28685928e-02 2.334340e+01
8.116469e-01 6.734151e+09 4.55118132e-02 2.671516e+01
8.116469e-01 8.497534e+09 4.70295719e-02 3.016423e+01
8.116469e-01 1.072267e+10 4.85945034e-02 3.405858e+01
8.116469e-01 1.353048e+10 5.02064729e-02 3.845572e+01
8.116469e-01 1.707353e+10 5.18650171e-02 4.342055e+01
8.116469e-01 2.154435e+10 5.50344389e-02 4.969230e+01
8.116469e-01 2.718588e+10 5.68309255e-02 5.610783e+01
8.116469e-01 3.430469e+10 5.86711129e-02 6.335163e+01
8.116469e-01 4.328761e+10 6.05524482e-02 7.153065e+01
8.116469e-01 5.462277e+10 6.24716181e-02 8.076563e+01
8.116469e-01 6.892612e+10 6.61865091e-02 9.243157e+01
8.116469e-01 8.697490e+10 6.82220246e-02 1.043650e+02
8.116469e-01 1.097499e+11 7.02803171e-02 1.178390e+02
8.116469e-01 1.384886e+11 7.23535674e-02 1.330526e+02
8.116469e-01 1.747528e+11 7.44324244e-02 1.502304e+02
8.116469e-01 2.205131e+11 7.85983211e-02 1.719300e+02
8.116469e-01 2.782559e+11 8.07094858e-02 1.941270e+02
8.116469e-01 3.511192e+11 8.27861456e-02 2.191898e+02
8.116469e-01 4.430621e+11 8.48102926e-02 2.474883e+02
8.116469e-01 5.590810e+11 8.67612216e-02 2.794403e+02
8.116469e-01 7.054802e+11 8.86152890e-02 3.155175e+02
8.116469e-01 8.902151e+11 9.28167090e-02 3.610914e+02
8.116469e-01 1.123324e+12 9.44363799e-02 4.077102e+02
8.116469e-01 1.417474e+12 9.58633905e-02 4.603477e+02
8.116469e-01 1.788650e+12 9.70594501e-02 5.197809e+02
8.116469e-01 2.257020e+12 9.79826230e-02 5.868873e+02
8.116469e-01 2.848036e+12 1.01283967e-01 6.716584e+02
8.116469e-01 3.593814e+12 1.01528673e-01 7.583729e+02
8.116469e-01 4.534879e+12 1.01344443e-01 8.562827e+02
8.116469e-01 5.722368e+12 1.00677692e-01 9.668332e+02
8.116469e-01 7.220809e+12 9.94749258e-02 1.091656e+03
8.116469e-01 9.111628e+12 1.00356512e-01 1.249337e+03
8.116469e-01 1.149757e+13 9.78659632e-02 1.410633e+03
8.116469e-01 1.450829e+13 9.46842490e-02 1.592753e+03
8.116469e-01 1.830738e+13 9.07838859e-02 1.798386e+03
8.116469e-01 2.310130e+13 8.61543644e-02 2.030566e+03
8.116469e-01 2.915053e+13 8.30174851e-02 2.323865e+03
8.116469e-01 3.678380e+13 7.68273514e-02 2.623888e+03
8.116469e-01 4.641589e+13 7.00140364e-02 2.962645e+03
8.116469e-01 5.857021e+13 6.26886514e-02 3.345138e+03
8.116469e-01 7.390722e+13 5.50015561e-02 3.777013e+03
8.116469e-01 9.326033e+13 4.84301104e-02 4.322572e+03
8.116469e-01 1.176812e+14 4.04013252e-02 4.880638e+03
8.116469e-01 1.484968e+14 3.26649690e-02 5.510753e+03
8.116469e-01 1.873817e+14 2.54680556e-02 6.222219e+03
8.116469e-01 2.364489e+14 1.95561315e-02 7.120968e+03
8.116469e-01 2.983647e+14 1.39143644e-02 8.040322e+03
8.116469e-01 3.764936e+14 9.34655229e-03 9.078369e+03
8.116469e-01 4.750810e+14 5.86893006e-03 1.025043e+04
8.116469e-01 5.994843e+14 3.49758843e-03 1.173102e+04
8.116469e-01 7.564633e+14 1.84808156e-03 1.324556e+04
8.116469e-01 9.545485e+14 8.74751796e-04 1.495563e+04
8.116469e-01 1.204504e+15 3.63493377e-04 1.688648e+04
8.116469e-01 1.519911e+15 1.32855546e-04 1.932559e+04
8.116469e-01 1.917910e+15 3.92414578e-05 2.182063e+04
8.116469e-01 2.420128e+15 9.28375896e-06 2.463778e+04
8.116469e-01 3.053856e+15 1.68834560e-06 2.781864e+04
8.116469e-01 3.853529e+15 2.30724363e-07 3.183682e+04
8.116469e-01 4.862602e+15 2.10297594e-08 3.594712e+04
8.116469e-01 6.135907e+15 1.20219028e-09 4.058807e+04
8.116469e-01 7.742637e+15 3.83755230e-11 4.582820e+04
8.116469e-01 9.770100e+15 6.08614487e-13 5.244771e+04
8.116469e-01 1.232847e+16 3.83834838e-15 5.921898e+04
8.116469e-01 1.555676e+16 8.16480179e-18 6.686446e+04
8.116469e-01 1.963041e+16 4.84387173e-21 7.652248e+04
8.116469e-01 2.477076e+16 5.90350087e-25 8.640193e+04
8.116469e-01 3.125716e+16 1.12069471e-29 9.755686e+04
8.116469e-01 3.944206e+16 2.26350017e-35 1.101519e+05
8.116469e-01 4.977024e+16 3.05666724e-42 1.260625e+05
8.116469e-01 6.280291e+16 1.37567843e-50 1.423378e+05
8.116469e-01 7.924829e+16 9.12942645e-61 1.607144e+05
8.116469e-01 1.000000e+17 3.04229313e-73 1.839282e+05
8.703112e-01 1.261857e+07 1.16022373e-02 7.381830e-01
8.703112e-01 1.592283e+07 1.19541740e-02 8.334862e-01
8.703112e-01 2.009233e+07 1.26556885e-02 9.538766e-01
8.703112e-01 2.535364e+07 1.30437486e-02 1.077027e+00
8.703112e-01 3.199267e+07 1.34458329e-02 1.216077e+00
8.703112e-01 4.037017e+07 1.42416316e-02 1.391729e+00
8.703112e-01 5.094138e+07 1.46852136e-02 1.571408e+00
8.703112e-01 6.428073e+07 1.51449236e-02 1.774285e+00
8.703112e-01 8.111308e+07 1.60486275e-02 2.030566e+00
8.703112e-01 1.023531e+08 1.65559441e-02 2.292723e+00
8.703112e-01 1.291550e+08 1.70817587e-02 2.588725e+00
8.703112e-01 1.629751e+08 1.81088529e-02 2.962645e+00
8.703112e-01 2.056512e+08 1.86891558e-02 3.345138e+00
8.703112e-01 2.595024e+08 1.92905899e-02 3.777013e+00
8.703112e-01 3.274549e+08 2.04585492e-02 4.322572e+00
8.703112e-01 4.132012e+08 2.11221210e-02 4.880638e+00
8.703112e-01 5.214008e+08 2.18096854e-02 5.510753e+00
8.703112e-01 6.579332e+08 2.31380029e-02 6.306737e+00
8.703112e-01 8.302176e+08 2.38960282e-02 7.120968e+00
8.703112e-01 1.047616e+09 2.46810445e-02 8.040322e+00
8.703112e-01 1.321941e+09 2.54938031e-02 9.078369e+00
8.703112e-01 1.668101e+09 2.70553119e-02 1.038967e+01
8.703112e-01 2.104904e+09 2.79494933e-02 1.173102e+01
8.703112e-01 2.656088e+09 2.88742735e-02 1.324556e+01
8.703112e-01 3.351603e+09 2.98302354e-02 1.495563e+01
8.703112e-01 4.229243e+09 3.16607680e-02 1.711585e+01
8.703112e-01 5.336699e+09 3.27083701e-02 1.932559e+01
8.703112e-01 6.734151e+09 3.37891917e-02 2.182063e+01
8.703112e-01 8.497534e+09 3.49033450e-02 2.463778e+01
8.703112e-01 1.072267e+10 3.70367675e-02 2.819651e+01
8.703112e-01 1.353048e+10 3.82494041e-02 3.183682e+01
8.703112e-01 1.707353e+10 3.94952991e-02 3.594712e+01
8.703112e-01 2.154435e+10 4.07735377e-02 4.058807e+01
8.703112e-01 2.718588e+10 4.32338245e-02 4.645069e+01
8.703112e-01 3.430469e+10 4.46090397e-02 5.244771e+01
8.703112e-01 4.328761e+10 4.60120661e-02 5.921898e+01
8.703112e-01 5.462277e+10 4.74399847e-02 6.686446e+01
8.703112e-01 6.892612e+10 4.88891858e-02 7.549700e+01
8.703112e-01 8.697490e+10 5.17325151e-02 8.640193e+01
8.703112e-01 1.097499e+11 5.32505517e-02 9.755686e+01
8.703112e-01 1.384886e+11 5.47739321e-02 1.101519e+02
8.703112e-01 1.747528e+11 5.62949292e-02 1.243731e+02
8.703112e-01 2.205131e+11 5.93854743e-02 1.423378e+02
8.703112e-01 2.782559e+11 6.09136905e-02 1.607144e+02
8.703112e-01 3.511192e+11 6.24067201e-02 1.814634e+02
8.703112e-01 4.430621e+11 6.38501148e-02 2.048913e+02
8.703112e-01 5.590810e+11 6.52273732e-02 2.313438e+02
8.703112e-01 7.054802e+11 6.83391464e-02 2.647595e+02
8.703112e-01 8.902151e+11 6.95580761e-02 2.989413e+02
8.703112e-01 1.123324e+12 7.06439892e-02 3.375362e+02
8.703112e-01 1.417474e+12 7.15700871e-02 3.811138e+02
8.703112e-01 1.788650e+12 7.23069694e-02 4.303176e+02
8.703112e-01 2.257020e+12 7.48144971e-02 4.924734e+02
8.703112e-01 2.848036e+12 7.50821261e-02 5.560543e+02
8.703112e-01 3.593814e+12 7.50505292e-02 6.278437e+02
8.703112e-01 4.534879e+12 7.46814949e-02 7.089016e+02
8.703112e-01 5.722368e+12 7.39365221e-02 8.004244e+02
8.703112e-01 7.220809e+12 7.47686436e-02 9.160392e+02
8.703112e-01 9.111628e+12 7.31180207e-02 1.034305e+03
8.703112e-01 1.149757e+13 7.09760500e-02 1.167839e+03
8.703112e-01 1.450829e+13 6.83195312e-02 1.318612e+03
8.703112e-01 1.830738e+13 6.69175509e-02 1.509075e+03
8.703112e-01 2.310130e+13 6.31074958e-02 1.703905e+03
8.703112e-01 2.915053e+13 5.87784006e-02 1.923888e+03
8.703112e-01 3.678380e+13 5.39729933e-02 2.172271e+03
8.703112e-01 4.641589e+13 4.87594865e-02 2.452723e+03
8.703112e-01 5.857021e+13 4.44160546e-02 2.806999e+03
8.703112e-01 7.390722e+13 3.85446529e-02 3.169396e+03
8.703112e-01 9.326033e+13 3.26308120e-02 3.578582e+03
8.703112e-01 1.176812e+14 2.68451104e-02 4.040595e+03
8.703112e-01 1.484968e+14 2.19502197e-02 4.624226e+03
8.703112e-01 1.873817e+14 1.68116204e-02 5.221237e+03
8.703112e-01 2.364489e+14 1.23134559e-02 5.895326e+03
8.703112e-01 2.983647e+14 8.56124576e-03 6.656443e+03
8.703112e-01 3.764936e+14 5.60111534e-03 7.515823e+03
8.703112e-01 4.750810e+14 3.50576906e-03 8.601423e+03
8.703112e-01 5.994843e+14 1.96428390e-03 9.711911e+03
8.703112e-01 7.564633e+14 9.97226361e-04 1.096577e+04
8.703112e-01 9.545485e+14 4.50706261e-04 1.238151e+04
8.703112e-01 1.204504e+15 1.82373794e-04 1.416991e+04
8.703112e-01 1.519911e+15 6.09622092e-05 1.599932e+04
8.703112e-01 1.917910e+15 1.67428496e-05 1.806492e+04
8.703112e-01 2.420128e+15 3.63775709e-06 2.039719e+04
8.703112e-01 3.053856e+15 6.15091963e-07 2.334340e+04
8.703112e-01 3.853529e+15 7.27590884e-08 2.635715e+04
8.703112e-01 4.862602e+15 5.77317952e-09 2.975999e+04
8.703112e-01 6.135907e+15 2.87505235e-10 3.405858e+04
8.703112e-01 7.742637e+15 7.53175652e-12 3.845572e+04
8.703112e-01 9.770100e+15 9.16245374e-14 4.342055e+04
8.703112e-01 1.232847e+16 4.33237423e-16 4.902636e+04
8.703112e-01 1.555676e+16 6.68250598e-19 5.610783e+04
8.703112e-01 1.963041e+16 2.53344207e-22 6.335163e+04
8.703112e-01 2.477076e+16 1.85916763e-26 7.153065e+04
8.703112e-01 3.125716e+16 1.91624071e-31 8.076563e+04
8.703112e-01 3.944206e+16 1.90551868e-37 9.243157e+04
8.703112e-01 4.977024e+16 1.03081081e-44 1.043650e+05
8.703112e-01 6.280291e+16 1.58184227e-53 1.178390e+05
8.703112e-01 7.924829e+16 2.90689186e-64 1.348599e+05
8.703112e-01 1.000000e+17 1.88921856e-77 1.522710e+05
9.332156e-01 1.261857e+07 5.47322277e-03 4.793625e-01
9.332156e-01 1.592283e+07 5.79304530e-03 5.486025e-01
9.332156e-01 2.009233e+07 5.96924760e-03 6.194299e-01
9.332156e-01 2.535364e+07 6.32001437e-03 7.089016e-01
9.332156e-01 3.199267e+07 6.69241584e-03 8.112967e-01
9.332156e-01 4.037017e+07 6.89913452e-03 9.160392e-01
9.332156e-01 5.094138e+07 7.30785174e-03 1.048354e+00
9.332156e-01 6.428073e+07 7.53580531e-03 1.183701e+00
9.332156e-01 8.111308e+07 7.98455467e-03 1.354678e+00
9.332156e-01 1.023531e+08 8.23595350e-03 1.529573e+00
9.332156e-01 1.291550e+08 8.72881135e-03 1.750508e+00
9.332156e-01 1.629751e+08 9.00606434e-03 1.976507e+00
9.332156e-01 2.056512e+08 9.54748809e-03 2.261998e+00
9.332156e-01 2.595024e+08 9.85320546e-03 2.554033e+00
9.332156e-01 3.274549e+08 1.04480486e-02 2.922943e+00
9.332156e-01 4.132012e+08 1.07850368e-02 3.300310e+00
9.332156e-01 5.214008e+08 1.14385540e-02 3.777013e+00
9.332156e-01 6.579332e+08 1.18097987e-02 4.264644e+00
9.332156e-01 8.302176e+08 1.25276366e-02 4.880638e+00
9.332156e-01 1.047616e+09 1.29362683e-02 5.510753e+00
9.332156e-01 1.321941e+09 1.33590548e-02 6.222219e+00
9.332156e-01 1.668101e+09 1.41736717e-02 7.120968e+00
9.332156e-01 2.104904e+09 1.46381121e-02 8.040322e+00
9.332156e-01 2.656088e+09 1.51180414e-02 9.078369e+00
9.332156e-01 3.351603e+09 1.60407496e-02 1.038967e+01
9.332156e-01 4.229243e+09 1.65663264e-02 1.173102e+01
9.332156e-01 5.336699e+09 1.75763227e-02 1.342548e+01
9.332156e-01 6.734151e+09 1.81502158e-02 1.515877e+01
9.332156e-01 8.497534e+09 1.87410686e-02 1.711585e+01
9.332156e-01 1.072267e+10 1.98779316e-02 1.958809e+01
9.332156e-01 1.353048e+10 2.05191847e-02 2.211702e+01
9.332156e-01 1.707353e+10 2.11769561e-02 2.497244e+01
9.332156e-01 2.154435e+10 2.24482326e-02 2.857950e+01
9.332156e-01 2.718588e+10 2.31557256e-02 3.226926e+01
9.332156e-01 3.430469e+10 2.38774935e-02 3.643539e+01
9.332156e-01 4.328761e+10 2.46120910e-02 4.113939e+01
9.332156e-01 5.462277e+10 2.60512771e-02 4.708164e+01
9.332156e-01 6.892612e+10 2.68263959e-02 5.316012e+01
9.332156e-01 8.697490e+10 2.76079004e-02 6.002336e+01
9.332156e-01 1.097499e+11 2.91691158e-02 6.869325e+01
9.332156e-01 1.384886e+11 2.99745515e-02 7.756190e+01
9.332156e-01 1.747528e+11 3.07746980e-02 8.757554e+01
9.332156e-01 2.205131e+11 3.15641925e-02 9.888199e+01
9.332156e-01 2.782559e+11 3.32212673e-02 1.131647e+02
9.332156e-01 3.511192e+11 3.39903933e-02 1.277748e+02
9.332156e-01 4.430621e+11 3.47265117e-02 1.442712e+02
9.332156e-01 5.590810e+11 3.54201374e-02 1.628974e+02
9.332156e-01 7.054802e+11 3.70468743e-02 1.864266e+02
9.332156e-01 8.902151e+11 3.76379515e-02 2.104952e+02
9.332156e-01 1.123324e+12 3.81485434e-02 2.376712e+02
9.332156e-01 1.417474e+12 3.96184684e-02 2.720009e+02
9.332156e-01 1.788650e+12 3.99303117e-02 3.071176e+02
9.332156e-01 2.257020e+12 4.01095783e-02 3.467680e+02
9.332156e-01 2.848036e+12 4.01373534e-02 3.915376e+02
9.332156e-01 3.593814e+12 4.10878637e-02 4.480920e+02
9.332156e-01 4.534879e+12 4.07443015e-02 5.059430e+02
9.332156e-01 5.722368e+12 4.01843033e-02 5.712628e+02
9.332156e-01 7.220809e+12 3.93888554e-02 6.450157e+02
9.332156e-01 9.111628e+12 3.93897783e-02 7.381830e+02
9.332156e-01 1.149757e+13 3.80404437e-02 8.334862e+02
9.332156e-01 1.450829e+13 3.64095152e-02 9.410936e+02
9.332156e-01 1.830738e+13 3.44952129e-02 1.062594e+03
9.332156e-01 2.310130e+13 3.23045443e-02 1.199780e+03
9.332156e-01 2.915053e+13 3.06717984e-02 1.373078e+03
9.332156e-01 3.678380e+13 2.79207979e-02 1.550350e+03
9.332156e-01 4.641589e+13 2.49802285e-02 1.750508e+03
9.332156e-01 5.857021e+13 2.19097958e-02 1.976507e+03
9.332156e-01 7.390722e+13 1.92966760e-02 2.261998e+03
9.332156e-01 9.326033e+13 1.61133013e-02 2.554033e+03
9.332156e-01 1.176812e+14 1.30526424e-02 2.883772e+03
9.332156e-01 1.484968e+14 1.02082806e-02 3.256082e+03
9.332156e-01 1.873817e+14 7.87459018e-03 3.726396e+03
9.332156e-01 2.364489e+14 5.63911201e-03 4.207493e+03
9.332156e-01 2.983647e+14 3.82135400e-03 4.750702e+03
9.332156e-01 3.764936e+14 2.42782420e-03 5.364042e+03
9.332156e-01 4.750810e+14 1.46938151e-03 6.138835e+03
9.332156e-01 5.994843e+14 7.92122792e-04 6.931390e+03
9.332156e-01 7.564633e+14 3.84652917e-04 7.826267e+03
9.332156e-01 9.545485e+14 1.69656649e-04 8.956708e+03
9.332156e-01 1.204504e+15 6.29575791e-05 1.011307e+04
9.332156e-01 1.519911e+15 1.96355089e-05 1.141871e+04
9.332156e-01 1.917910e+15 4.97356952e-06 1.289293e+04
9.332156e-01 2.420128e+15 1.00987610e-06 1.475521e+04
9.332156e-01 3.053856e+15 1.48744976e-07 1.666018e+04
9.332156e-01 3.853529e+15 1.54420878e-08 1.881109e+04
9.332156e-01 4.862602e+15 1.05018750e-09 2.123970e+04
9.332156e-01 6.135907e+15 4.35348515e-11 2.430761e+04
9.332156e-01 7.742637e+15 9.15442780e-13 2.744584e+04
9.332156e-01 9.770100e+15 8.54459722e-15 3.098924e+04
9.332156e-01 1.232847e+16 3.01307466e-17 3.546539e+04
9.332156e-01 1.555676e+16 3.07066243e-20 4.004415e+04
9.332156e-01 1.963041e+16 7.29047226e-24 4.521405e+04
9.332156e-01 2.477076e+16 3.04335567e-28 5.105142e+04
9.332156e-01 3.125716e+16 1.63387297e-33 5.842538e+04
9.332156e-01 3.944206e+16 6.97909719e-40 6.596840e+04
9.332156e-01 4.977024e+16 1.40654480e-47 7.448526e+04
9.332156e-01 6.280291e+16 6.70169878e-57 8.524405e+04
9.332156e-01 7.924829e+16 2.78946051e-68 9.624949e+04
9.332156e-01 1.000000e+17 3.03330987e-82 1.086758e+05
